file	case	cond	rep	c1	c1_recall	c1_prec	c1_f1	n_claims	skipped_no_gen	skipped_no_rejected	reason
PILOT-2009010505__H__sonnet4__rep0.json	PILOT-2009010505	H	0	0.0	0.0	0.0	0.0	22	0	0	
PILOT-2009010505__H__sonnet4__rep1.json	PILOT-2009010505	H	1	0.0	0.0	0.0	0.0	22	0	0	
PILOT-2009010505__H__sonnet4__rep2.json	PILOT-2009010505	H	2	0.0	0.0	0.0	0.0	22	0	0	
PILOT-2010007757__H__sonnet4__rep0.json	PILOT-2010007757	H	0	0.0513	0.0952	0.0833	0.0889	3	0	0	
PILOT-2010007757__H__sonnet4__rep1.json	PILOT-2010007757	H	1	0.0513	0.0952	0.0833	0.0889	3	0	0	
PILOT-2010007757__H__sonnet4__rep2.json	PILOT-2010007757	H	2	0.0513	0.0952	0.0833	0.0889	3	0	0	
PILOT-2010008015__H__sonnet4__rep0.json	PILOT-2010008015	H	0	0.0164	0.0303	0.0345	0.0323	1	0	0	
PILOT-2010008015__H__sonnet4__rep1.json	PILOT-2010008015	H	1	0.0185	0.0303	0.0455	0.0364	1	0	0	
PILOT-2010008015__H__sonnet4__rep2.json	PILOT-2010008015	H	2	0.0164	0.0303	0.0345	0.0323	1	0	0	
PILOT-2010010196__H__sonnet4__rep0.json	PILOT-2010010196	H	0	0.0	0.0	0.0	0.0	18	0	0	
PILOT-2010010196__H__sonnet4__rep1.json	PILOT-2010010196	H	1	0.0	0.0	0.0	0.0	17	1	0	
PILOT-2010010196__H__sonnet4__rep2.json	PILOT-2010010196	H	2	0.0	0.0	0.0	0.0	16	2	0	
PILOT-2010011970__H__sonnet4__rep0.json	PILOT-2010011970	H	0	0.2384	0.9388	0.2422	0.3847	4	0	0	
PILOT-2010011970__H__sonnet4__rep1.json	PILOT-2010011970	H	1	0.0	0.0	0.0	0.0	4	0	0	
PILOT-2010011970__H__sonnet4__rep2.json	PILOT-2010011970	H	2	0.0	0.0	0.0	0.0	4	0	0	
PILOT-2011003851__H__sonnet4__rep0.json	PILOT-2011003851	H	0	0.0039	0.0056	0.0142	0.0076	20	0	0	
PILOT-2011003851__H__sonnet4__rep1.json	PILOT-2011003851	H	1	0.0041	0.0065	0.011	0.0079	20	0	0	
PILOT-2011003851__H__sonnet4__rep2.json	PILOT-2011003851	H	2	0.0041	0.0065	0.011	0.0079	20	0	0	
PILOT-2011004581__H__sonnet4__rep0.json	PILOT-2011004581	H	0	0.0	0.0	0.0	0.0	11	0	0	
PILOT-2011004581__H__sonnet4__rep1.json	PILOT-2011004581	H	1	0.0	0.0	0.0	0.0	11	0	0	
PILOT-2011004581__H__sonnet4__rep2.json	PILOT-2011004581	H	2	0.0	0.0	0.0	0.0	11	0	0	
PILOT-2011007474__H__sonnet4__rep0.json	PILOT-2011007474	H	0	0.0203	0.0294	0.0504	0.0354	14	0	0	
PILOT-2011007474__H__sonnet4__rep1.json	PILOT-2011007474	H	1	0.0385	0.0489	0.1201	0.0667	14	0	0	
PILOT-2011007474__H__sonnet4__rep2.json	PILOT-2011007474	H	2	0.0169	0.0241	0.0454	0.0303	14	0	0	
PILOT-2011008843__H__sonnet4__rep0.json	PILOT-2011008843	H	0	0.0	0.0	0.0	0.0	1	0	0	
PILOT-2011008843__H__sonnet4__rep1.json	PILOT-2011008843	H	1	0.0	0.0	0.0	0.0	1	0	0	
PILOT-2011008843__H__sonnet4__rep2.json	PILOT-2011008843	H	2	0.0	0.0	0.0	0.0	1	0	0	
PILOT-2011009182__H__sonnet4__rep0.json	PILOT-2011009182	H	0	0.0003	0.0003	0.0021	0.0005	17	0	0	
PILOT-2011009182__H__sonnet4__rep1.json	PILOT-2011009182	H	1	0.0003	0.0003	0.0021	0.0005	17	0	0	
PILOT-2011009182__H__sonnet4__rep2.json	PILOT-2011009182	H	2	0.0003	0.0003	0.0021	0.0005	17	0	0	
PILOT-2011011469__H__sonnet4__rep0.json	PILOT-2011011469	H	0	0.0075	0.0099	0.026	0.0143	7	0	0	
PILOT-2011011469__H__sonnet4__rep1.json	PILOT-2011011469	H	1	0.0075	0.0099	0.026	0.0143	7	0	0	
PILOT-2011011469__H__sonnet4__rep2.json	PILOT-2011011469	H	2	0.0075	0.0099	0.026	0.0143	7	0	0	
PILOT-2011012180__H__sonnet4__rep0.json	PILOT-2011012180	H	0	0.0865	0.1192	0.1949	0.146	9	0	0	
PILOT-2011012180__H__sonnet4__rep1.json	PILOT-2011012180	H	1	0.0093	0.0127	0.0309	0.0178	9	0	0	
PILOT-2011012180__H__sonnet4__rep2.json	PILOT-2011012180	H	2	0.0865	0.1192	0.1949	0.146	9	0	0	
PILOT-2011013110__H__sonnet4__rep0.json	PILOT-2011013110	H	0	0.0233	0.0294	0.0931	0.0444	11	0	0	
PILOT-2011013110__H__sonnet4__rep1.json	PILOT-2011013110	H	1	0.0304	0.0416	0.0968	0.0572	11	0	0	
PILOT-2011013110__H__sonnet4__rep2.json	PILOT-2011013110	H	2	0.008	0.0132	0.0194	0.0154	11	0	0	
PILOT-2012000327__H__sonnet4__rep0.json	PILOT-2012000327	H	0	0.1469	0.6121	0.1475	0.2352	8	2	0	
PILOT-2012000327__H__sonnet4__rep1.json	PILOT-2012000327	H	1	0.184	0.6572	0.1862	0.2887	10	0	0	
PILOT-2012000327__H__sonnet4__rep2.json	PILOT-2012000327	H	2	0.1913	0.6572	0.1934	0.2968	10	0	0	
PILOT-2012003288__H__sonnet4__rep0.json	PILOT-2012003288	H	0	0.0394	0.0478	0.1389	0.0704	4	0	0	
PILOT-2012003288__H__sonnet4__rep1.json	PILOT-2012003288	H	1	0.0391	0.0478	0.1369	0.0698	4	0	0	
PILOT-2012003288__H__sonnet4__rep2.json	PILOT-2012003288	H	2	0.0391	0.0478	0.1369	0.0698	4	0	0	
PILOT-2012005674__H__sonnet4__rep0.json	PILOT-2012005674	H	0	0.0079	0.0119	0.0232	0.0154	7	0	0	
PILOT-2012005674__H__sonnet4__rep1.json	PILOT-2012005674	H	1	0.008	0.0119	0.0236	0.0155	7	0	0	
PILOT-2012005674__H__sonnet4__rep2.json	PILOT-2012005674	H	2	0.008	0.0119	0.0236	0.0155	7	0	0	
PILOT-2012006145__H__sonnet4__rep0.json	PILOT-2012006145	H	0	0.0095	0.0121	0.029	0.0171	23	0	0	
PILOT-2012006145__H__sonnet4__rep1.json	PILOT-2012006145	H	1	0.0095	0.0121	0.029	0.0171	23	0	0	
PILOT-2012006145__H__sonnet4__rep2.json	PILOT-2012006145	H	2	0.0095	0.0121	0.029	0.0171	23	0	0	
PILOT-2012007524__H__sonnet4__rep0.json	PILOT-2012007524	H	0	0.0042	0.0055	0.015	0.0081	7	0	0	
PILOT-2012007524__H__sonnet4__rep1.json	PILOT-2012007524	H	1	0.0094	0.0113	0.0502	0.0182	7	0	0	
PILOT-2012007524__H__sonnet4__rep2.json	PILOT-2012007524	H	2	0.0022	0.0028	0.0092	0.0043	7	0	0	
PILOT-2012008496__H__sonnet4__rep0.json	PILOT-2012008496	H	0	0.0	0.0	0.0	0.0	15	3	0	
PILOT-2012008496__H__sonnet4__rep1.json	PILOT-2012008496	H	1	0.0031	0.0278	0.0033	0.0059	18	0	0	
PILOT-2012008496__H__sonnet4__rep2.json	PILOT-2012008496	H	2	0.0	0.0	0.0	0.0	15	3	0	
PILOT-2012010015__H__sonnet4__rep0.json	PILOT-2012010015	H	0	0.0095	0.0238	0.013	0.0168	14	0	0	
PILOT-2012010015__H__sonnet4__rep1.json	PILOT-2012010015	H	1	0.0095	0.0238	0.013	0.0168	14	0	0	
PILOT-2012010015__H__sonnet4__rep2.json	PILOT-2012010015	H	2	0.011	0.0238	0.0159	0.0191	14	0	0	
PILOT-2013000789__H__sonnet4__rep0.json	PILOT-2013000789	H	0	0.0732	0.3091	0.0735	0.1143	11	0	0	
PILOT-2013000789__H__sonnet4__rep1.json	PILOT-2013000789	H	1	0.0804	0.4	0.0809	0.1278	11	0	0	
PILOT-2013000789__H__sonnet4__rep2.json	PILOT-2013000789	H	2	0.0823	0.3818	0.0826	0.1305	11	0	0	
PILOT-2013001277__H__sonnet4__rep0.json	PILOT-2013001277	H	0	0.0	0.0	0.0	0.0	7	0	0	
PILOT-2013001277__H__sonnet4__rep1.json	PILOT-2013001277	H	1	0.0	0.0	0.0	0.0	7	0	0	
PILOT-2013001277__H__sonnet4__rep2.json	PILOT-2013001277	H	2	0.0	0.0	0.0	0.0	7	0	0	
PILOT-2013007708__H__sonnet4__rep0.json	PILOT-2013007708	H	0	0.0143	0.0179	0.0458	0.0257	16	0	0	
PILOT-2013007708__H__sonnet4__rep1.json	PILOT-2013007708	H	1	0.0143	0.0179	0.0458	0.0257	16	0	0	
PILOT-2013007708__H__sonnet4__rep2.json	PILOT-2013007708	H	2	0.0143	0.0179	0.0458	0.0257	16	0	0	
PILOT-2014002407__H__sonnet4__rep0.json	PILOT-2014002407	H	0	0.0083	0.0106	0.0323	0.016	4	0	0	
PILOT-2014002407__H__sonnet4__rep1.json	PILOT-2014002407	H	1	None	None	None	None	0	4	0	no_aligned_claims
PILOT-2014002407__H__sonnet4__rep2.json	PILOT-2014002407	H	2	0.0086	0.0106	0.0384	0.0167	4	0	0	
PILOT-2014002745__H__sonnet4__rep0.json	PILOT-2014002745	H	0	0.0806	0.3121	0.1026	0.1416	14	0	0	
PILOT-2014002745__H__sonnet4__rep1.json	PILOT-2014002745	H	1	0.0853	0.3418	0.0999	0.1438	14	0	0	
PILOT-2014002745__H__sonnet4__rep2.json	PILOT-2014002745	H	2	0.0807	0.3418	0.0955	0.1361	14	0	0	
PILOT-2014003236__H__sonnet4__rep0.json	PILOT-2014003236	H	0	0.0	0.0	0.0	0.0	2	0	0	
PILOT-2014003236__H__sonnet4__rep1.json	PILOT-2014003236	H	1	0.0	0.0	0.0	0.0	2	0	0	
PILOT-2014003236__H__sonnet4__rep2.json	PILOT-2014003236	H	2	0.0	0.0	0.0	0.0	2	0	0	
PILOT-2014003587__H__sonnet4__rep0.json	PILOT-2014003587	H	0	0.0019	0.0027	0.0055	0.0036	19	0	0	
PILOT-2014003587__H__sonnet4__rep1.json	PILOT-2014003587	H	1	0.0054	0.0071	0.0197	0.0103	19	0	0	
PILOT-2014003587__H__sonnet4__rep2.json	PILOT-2014003587	H	2	0.0019	0.0027	0.0055	0.0036	19	0	0	
PILOT-2014006550__H__sonnet4__rep0.json	PILOT-2014006550	H	0	0.0015	0.0018	0.0071	0.0029	20	0	0	
PILOT-2014006550__H__sonnet4__rep1.json	PILOT-2014006550	H	1	0.0	0.0	0.0	0.0	20	0	0	
PILOT-2014006550__H__sonnet4__rep2.json	PILOT-2014006550	H	2	0.0015	0.0018	0.0071	0.0029	20	0	0	
PILOT-2014007043__H__sonnet4__rep0.json	PILOT-2014007043	H	0	0.0252	0.31	0.0829	0.0482	5	0	0	
PILOT-2014007043__H__sonnet4__rep1.json	PILOT-2014007043	H	1	0.0082	0.01	0.0375	0.0158	5	0	0	
PILOT-2014007043__H__sonnet4__rep2.json	PILOT-2014007043	H	2	0.0161	0.3	0.0162	0.0308	5	0	0	
PILOT-2014008375__H__sonnet4__rep0.json	PILOT-2014008375	H	0	0.0598	0.0765	0.1889	0.1056	3	0	0	
PILOT-2014008375__H__sonnet4__rep1.json	PILOT-2014008375	H	1	0.0598	0.0765	0.1889	0.1056	3	0	0	
PILOT-2014008375__H__sonnet4__rep2.json	PILOT-2014008375	H	2	0.0598	0.0765	0.1889	0.1056	3	0	0	
PILOT-2014009096__H__sonnet4__rep0.json	PILOT-2014009096	H	0	0.0075	0.0119	0.0184	0.0144	4	0	0	
PILOT-2014009096__H__sonnet4__rep1.json	PILOT-2014009096	H	1	0.0075	0.0119	0.0184	0.0144	4	0	0	
PILOT-2014009096__H__sonnet4__rep2.json	PILOT-2014009096	H	2	0.0075	0.0119	0.0184	0.0144	4	0	0	
PILOT-2014009182__H__sonnet4__rep0.json	PILOT-2014009182	H	0	0.0133	0.0238	0.0256	0.0247	12	0	0	
PILOT-2014009182__H__sonnet4__rep1.json	PILOT-2014009182	H	1	0.0133	0.0238	0.0256	0.0247	12	0	0	
PILOT-2014009182__H__sonnet4__rep2.json	PILOT-2014009182	H	2	0.0133	0.0238	0.0256	0.0247	12	0	0	
PILOT-2014009970__H__sonnet4__rep0.json	PILOT-2014009970	H	0	0.0202	0.0278	0.0444	0.0342	9	0	0	
PILOT-2014009970__H__sonnet4__rep1.json	PILOT-2014009970	H	1	0.0027	0.0058	0.0049	0.0053	6	3	0	
PILOT-2014009970__H__sonnet4__rep2.json	PILOT-2014009970	H	2	0.0	0.0	0.0	0.0	7	2	0	
PILOT-2015000199__H__sonnet4__rep0.json	PILOT-2015000199	H	0	0.0461	0.0848	0.1043	0.0766	10	0	0	
PILOT-2015000199__H__sonnet4__rep1.json	PILOT-2015000199	H	1	0.0461	0.0848	0.1043	0.0766	10	0	0	
PILOT-2015000199__H__sonnet4__rep2.json	PILOT-2015000199	H	2	0.0249	0.0348	0.0893	0.0455	10	0	0	
PILOT-2015004151__H__sonnet4__rep0.json	PILOT-2015004151	H	0	0.0208	0.1111	0.0222	0.037	6	0	0	
PILOT-2015004151__H__sonnet4__rep1.json	PILOT-2015004151	H	1	0.0286	0.1333	0.0308	0.05	5	1	0	
PILOT-2015004151__H__sonnet4__rep2.json	PILOT-2015004151	H	2	0.0238	0.1111	0.0256	0.0417	6	0	0	
PILOT-2015004158__H__sonnet4__rep0.json	PILOT-2015004158	H	0	0.0397	0.0617	0.0794	0.0694	7	0	0	
PILOT-2015004158__H__sonnet4__rep1.json	PILOT-2015004158	H	1	0.0397	0.0617	0.0794	0.0694	7	0	0	
PILOT-2015004158__H__sonnet4__rep2.json	PILOT-2015004158	H	2	0.0397	0.0617	0.0794	0.0694	7	0	0	
PILOT-2015004926__H__sonnet4__rep0.json	PILOT-2015004926	H	0	0.0339	0.0609	0.0626	0.0589	15	0	0	
PILOT-2015004926__H__sonnet4__rep1.json	PILOT-2015004926	H	1	0.0537	0.1135	0.0879	0.0912	15	0	0	
PILOT-2015004926__H__sonnet4__rep2.json	PILOT-2015004926	H	2	0.0451	0.0847	0.0808	0.0786	15	0	0	
PILOT-2015005752__H__sonnet4__rep0.json	PILOT-2015005752	H	0	0.0476	0.0714	0.0714	0.0714	7	0	0	
PILOT-2015005752__H__sonnet4__rep1.json	PILOT-2015005752	H	1	0.0476	0.0714	0.0714	0.0714	7	0	0	
PILOT-2015005752__H__sonnet4__rep2.json	PILOT-2015005752	H	2	0.0476	0.0714	0.0714	0.0714	7	0	0	
PILOT-2015006206__H__sonnet4__rep0.json	PILOT-2015006206	H	0	0.0168	0.0204	0.0571	0.0301	7	0	0	
PILOT-2015006206__H__sonnet4__rep1.json	PILOT-2015006206	H	1	0.0168	0.0204	0.0571	0.0301	7	0	0	
PILOT-2015006206__H__sonnet4__rep2.json	PILOT-2015006206	H	2	0.0168	0.0204	0.0571	0.0301	7	0	0	
PILOT-2015006603__H__sonnet4__rep0.json	PILOT-2015006603	H	0	0.0008	0.0014	0.0018	0.0016	20	0	0	
PILOT-2015006603__H__sonnet4__rep1.json	PILOT-2015006603	H	1	0.0	0.0	0.0	0.0	20	0	0	
PILOT-2015006603__H__sonnet4__rep2.json	PILOT-2015006603	H	2	0.0	0.0	0.0	0.0	20	0	0	
PILOT-2016000830__H__sonnet4__rep0.json	PILOT-2016000830	H	0	0.0423	1.0	0.0423	0.0807	2	0	0	
PILOT-2016000830__H__sonnet4__rep1.json	PILOT-2016000830	H	1	0.0438	1.0	0.0438	0.0815	2	0	0	
PILOT-2016000830__H__sonnet4__rep2.json	PILOT-2016000830	H	2	0.0407	1.0	0.0407	0.0763	2	0	0	
PILOT-2016000849__H__sonnet4__rep0.json	PILOT-2016000849	H	0	0.0038	0.0062	0.0094	0.0071	39	0	0	
PILOT-2016000849__H__sonnet4__rep1.json	PILOT-2016000849	H	1	0.0	0.0	0.0	0.0	39	0	0	
PILOT-2016000849__H__sonnet4__rep2.json	PILOT-2016000849	H	2	0.0101	0.0163	0.0253	0.0189	39	0	0	
PILOT-2016003042__H__sonnet4__rep0.json	PILOT-2016003042	H	0	0.0293	0.0561	0.0825	0.0555	7	0	0	
PILOT-2016003042__H__sonnet4__rep1.json	PILOT-2016003042	H	1	0.0293	0.0561	0.0825	0.0555	7	0	0	
PILOT-2016003042__H__sonnet4__rep2.json	PILOT-2016003042	H	2	0.0293	0.0561	0.0825	0.0555	7	0	0	
PILOT-2016004446__H__sonnet4__rep0.json	PILOT-2016004446	H	0	0.0435	0.2	0.0476	0.0769	3	0	0	
PILOT-2016004446__H__sonnet4__rep1.json	PILOT-2016004446	H	1	0.0404	0.2667	0.0417	0.0721	3	0	0	
PILOT-2016004446__H__sonnet4__rep2.json	PILOT-2016004446	H	2	0.0435	0.2	0.0476	0.0769	3	0	0	
PILOT-2016005844__H__sonnet4__rep0.json	PILOT-2016005844	H	0	0.0	0.0	0.0	0.0	4	0	0	
PILOT-2016005844__H__sonnet4__rep1.json	PILOT-2016005844	H	1	0.0	0.0	0.0	0.0	4	0	0	
PILOT-2016005844__H__sonnet4__rep2.json	PILOT-2016005844	H	2	0.0	0.0	0.0	0.0	4	0	0	
PILOT-2016006702__H__sonnet4__rep0.json	PILOT-2016006702	H	0	0.0072	0.0091	0.0321	0.0135	30	0	0	
PILOT-2016006702__H__sonnet4__rep1.json	PILOT-2016006702	H	1	0.0048	0.0058	0.023	0.0092	30	0	0	
PILOT-2016006702__H__sonnet4__rep2.json	PILOT-2016006702	H	2	0.0018	0.002	0.0116	0.0034	30	0	0	
PILOT-2016007603__H__sonnet4__rep0.json	PILOT-2016007603	H	0	0.008	0.0182	0.0133	0.0154	5	0	0	
PILOT-2016007603__H__sonnet4__rep1.json	PILOT-2016007603	H	1	0.008	0.0182	0.0133	0.0154	5	0	0	
PILOT-2016007603__H__sonnet4__rep2.json	PILOT-2016007603	H	2	0.008	0.0182	0.0133	0.0154	5	0	0	
PILOT-2016007888__H__sonnet4__rep0.json	PILOT-2016007888	H	0	0.0018	0.0024	0.007	0.0036	6	0	0	
PILOT-2016007888__H__sonnet4__rep1.json	PILOT-2016007888	H	1	0.0018	0.0024	0.007	0.0036	6	0	0	
PILOT-2016007888__H__sonnet4__rep2.json	PILOT-2016007888	H	2	0.0018	0.0024	0.007	0.0036	6	0	0	
PILOT-2017000071__H__sonnet4__rep0.json	PILOT-2017000071	H	0	None							no_baseline
PILOT-2017000071__H__sonnet4__rep1.json	PILOT-2017000071	H	1	None							no_baseline
PILOT-2017000071__H__sonnet4__rep2.json	PILOT-2017000071	H	2	None							no_baseline
PILOT-2017000093__H__sonnet4__rep0.json	PILOT-2017000093	H	0	0.0054	0.007	0.0216	0.0105	17	0	0	
PILOT-2017000093__H__sonnet4__rep1.json	PILOT-2017000093	H	1	0.0056	0.007	0.0248	0.0109	17	0	0	
PILOT-2017000093__H__sonnet4__rep2.json	PILOT-2017000093	H	2	0.004	0.0048	0.0196	0.0076	17	0	0	
PILOT-2017001422__H__sonnet4__rep0.json	PILOT-2017001422	H	0	0.0	0.0	0.0	0.0	2	0	0	
PILOT-2017001422__H__sonnet4__rep1.json	PILOT-2017001422	H	1	0.0	0.0	0.0	0.0	2	0	0	
PILOT-2017001422__H__sonnet4__rep2.json	PILOT-2017001422	H	2	0.0	0.0	0.0	0.0	2	0	0	
PILOT-2017002001__H__sonnet4__rep0.json	PILOT-2017002001	H	0	0.0163	0.0307	0.0263	0.0282	19	0	0	
PILOT-2017002001__H__sonnet4__rep1.json	PILOT-2017002001	H	1	0.0163	0.0307	0.0263	0.0282	19	0	0	
PILOT-2017002001__H__sonnet4__rep2.json	PILOT-2017002001	H	2	0.0163	0.0307	0.0263	0.0282	19	0	0	
PILOT-2017002029__H__sonnet4__rep0.json	PILOT-2017002029	H	0	0.0	0.0	0.0	0.0	23	0	0	
PILOT-2017002029__H__sonnet4__rep1.json	PILOT-2017002029	H	1	0.0	0.0	0.0	0.0	23	0	0	
PILOT-2017002029__H__sonnet4__rep2.json	PILOT-2017002029	H	2	0.0	0.0	0.0	0.0	23	0	0	
PILOT-2017003676__H__sonnet4__rep0.json	PILOT-2017003676	H	0	0.0108	0.0149	0.0292	0.0193	19	0	0	
PILOT-2017003676__H__sonnet4__rep1.json	PILOT-2017003676	H	1	0.0108	0.0149	0.0292	0.0193	19	0	0	
PILOT-2017003676__H__sonnet4__rep2.json	PILOT-2017003676	H	2	0.0106	0.0149	0.0263	0.0189	19	0	0	
PILOT-2017004144__H__sonnet4__rep0.json	PILOT-2017004144	H	0	0.0029	0.0033	0.0238	0.0058	7	0	0	
PILOT-2017004144__H__sonnet4__rep1.json	PILOT-2017004144	H	1	0.0	0.0	0.0	0.0	7	0	0	
PILOT-2017004144__H__sonnet4__rep2.json	PILOT-2017004144	H	2	0.0	0.0	0.0	0.0	7	0	0	
PILOT-2017004286__H__sonnet4__rep0.json	PILOT-2017004286	H	0	0.0052	0.0067	0.026	0.0099	25	0	0	
PILOT-2017004286__H__sonnet4__rep1.json	PILOT-2017004286	H	1	0.0052	0.0067	0.026	0.0099	25	0	0	
PILOT-2017004286__H__sonnet4__rep2.json	PILOT-2017004286	H	2	0.0052	0.0067	0.026	0.0099	25	0	0	
PILOT-2017005259__H__sonnet4__rep0.json	PILOT-2017005259	H	0	0.002	0.0159	0.0022	0.0039	9	3	0	
PILOT-2017005259__H__sonnet4__rep1.json	PILOT-2017005259	H	1	0.0	0.0	0.0	0.0	12	0	0	
PILOT-2017005259__H__sonnet4__rep2.json	PILOT-2017005259	H	2	0.0	0.0	0.0	0.0	12	0	0	
PILOT-2017005493__H__sonnet4__rep0.json	PILOT-2017005493	H	0	0.0235	0.0526	0.0372	0.039	20	0	0	
PILOT-2017005493__H__sonnet4__rep1.json	PILOT-2017005493	H	1	0.0201	0.0401	0.0324	0.0331	20	0	0	
PILOT-2017005493__H__sonnet4__rep2.json	PILOT-2017005493	H	2	0.0116	0.0264	0.0262	0.0215	17	3	0	
PILOT-2017006188__H__sonnet4__rep0.json	PILOT-2017006188	H	0	None	None	None	None	0	5	0	no_aligned_claims
PILOT-2017006188__H__sonnet4__rep1.json	PILOT-2017006188	H	1	None	None	None	None	0	5	0	no_aligned_claims
PILOT-2017006188__H__sonnet4__rep2.json	PILOT-2017006188	H	2	0.0	0.0	0.0	0.0	5	0	0	
PILOT-2017007272__H__sonnet4__rep0.json	PILOT-2017007272	H	0	0.091	0.1633	0.1622	0.1512	9	0	0	
PILOT-2017007272__H__sonnet4__rep1.json	PILOT-2017007272	H	1	0.1094	0.2133	0.1767	0.1737	9	0	0	
PILOT-2017007272__H__sonnet4__rep2.json	PILOT-2017007272	H	2	0.0987	0.1926	0.1646	0.1622	8	1	0	
PILOT-2017007595__H__sonnet4__rep0.json	PILOT-2017007595	H	0	0.01	0.0199	0.0193	0.0187	35	0	0	
PILOT-2017007595__H__sonnet4__rep1.json	PILOT-2017007595	H	1	0.0108	0.0234	0.0201	0.0201	35	0	0	
PILOT-2017007595__H__sonnet4__rep2.json	PILOT-2017007595	H	2	0.0106	0.0234	0.0197	0.0199	35	0	0	
PILOT-2017009415__H__sonnet4__rep0.json	PILOT-2017009415	H	0	0.0036	0.0042	0.0239	0.0071	13	0	0	
PILOT-2017009415__H__sonnet4__rep1.json	PILOT-2017009415	H	1	0.002	0.0022	0.0154	0.0039	13	0	0	
PILOT-2017009415__H__sonnet4__rep2.json	PILOT-2017009415	H	2	0.0037	0.0042	0.0264	0.0072	13	0	0	
PILOT-2017010497__H__sonnet4__rep0.json	PILOT-2017010497	H	0	0.0056	0.011	0.01	0.0105	13	0	0	
PILOT-2017010497__H__sonnet4__rep1.json	PILOT-2017010497	H	1	0.0127	0.0186	0.0385	0.0236	12	1	0	
PILOT-2017010497__H__sonnet4__rep2.json	PILOT-2017010497	H	2	0.0061	0.0119	0.0109	0.0114	12	1	0	
PILOT-2017010632__H__sonnet4__rep0.json	PILOT-2017010632	H	0	0.067	0.275	0.0754	0.1183	2	0	0	
PILOT-2017010632__H__sonnet4__rep1.json	PILOT-2017010632	H	1	0.0647	0.275	0.0723	0.1146	2	0	0	
PILOT-2017010632__H__sonnet4__rep2.json	PILOT-2017010632	H	2	0.0846	0.3069	0.1344	0.1534	2	0	0	
PILOT-2018000427__H__sonnet4__rep0.json	PILOT-2018000427	H	0	0.0209	0.0294	0.0625	0.04	2	0	0	
PILOT-2018000427__H__sonnet4__rep1.json	PILOT-2018000427	H	1	0.0209	0.0294	0.0625	0.04	2	0	0	
PILOT-2018000427__H__sonnet4__rep2.json	PILOT-2018000427	H	2	0.0209	0.0294	0.0625	0.04	2	0	0	
PILOT-2018001232__H__sonnet4__rep0.json	PILOT-2018001232	H	0	0.0	0.0	0.0	0.0	16	0	0	
PILOT-2018001232__H__sonnet4__rep1.json	PILOT-2018001232	H	1	0.0	0.0	0.0	0.0	16	0	0	
PILOT-2018001232__H__sonnet4__rep2.json	PILOT-2018001232	H	2	0.0	0.0	0.0	0.0	16	0	0	
PILOT-2018003513__H__sonnet4__rep0.json	PILOT-2018003513	H	0	0.0631	0.3271	0.1292	0.1082	11	0	0	
PILOT-2018003513__H__sonnet4__rep1.json	PILOT-2018003513	H	1	0.0486	0.336	0.0997	0.0843	10	1	0	
PILOT-2018003513__H__sonnet4__rep2.json	PILOT-2018003513	H	2	0.0653	0.3314	0.1344	0.1112	11	0	0	
PILOT-2018005420__H__sonnet4__rep0.json	PILOT-2018005420	H	0	0.0266	0.0423	0.0755	0.0497	25	0	0	
PILOT-2018005420__H__sonnet4__rep1.json	PILOT-2018005420	H	1	0.0321	0.0505	0.0893	0.0595	25	0	0	
PILOT-2018005420__H__sonnet4__rep2.json	PILOT-2018005420	H	2	0.0241	0.0407	0.0756	0.0454	25	0	0	
PILOT-2018005863__H__sonnet4__rep0.json	PILOT-2018005863	H	0	0.0085	0.0103	0.058	0.0158	25	0	0	
PILOT-2018005863__H__sonnet4__rep1.json	PILOT-2018005863	H	1	0.0066	0.0081	0.0542	0.0125	25	0	0	
PILOT-2018005863__H__sonnet4__rep2.json	PILOT-2018005863	H	2	0.0116	0.0145	0.0612	0.0206	25	0	0	
PILOT-2018007886__H__sonnet4__rep0.json	PILOT-2018007886	H	0	0.0	0.0	0.0	0.0	6	0	0	
PILOT-2018007886__H__sonnet4__rep1.json	PILOT-2018007886	H	1	0.019	0.0247	0.0691	0.0359	6	0	0	
PILOT-2018007886__H__sonnet4__rep2.json	PILOT-2018007886	H	2	0.0	0.0	0.0	0.0	6	0	0	
PILOT-2018007979__H__sonnet4__rep0.json	PILOT-2018007979	H	0	0.0	0.0	0.0	0.0	3	0	0	
PILOT-2018007979__H__sonnet4__rep1.json	PILOT-2018007979	H	1	0.0	0.0	0.0	0.0	3	0	0	
PILOT-2018007979__H__sonnet4__rep2.json	PILOT-2018007979	H	2	0.0	0.0	0.0	0.0	3	0	0	
PILOT-2019001867__H__sonnet4__rep0.json	PILOT-2019001867	H	0	0.0009	0.0011	0.01	0.0018	23	0	0	
PILOT-2019001867__H__sonnet4__rep1.json	PILOT-2019001867	H	1	0.0009	0.0011	0.01	0.0018	23	0	0	
PILOT-2019001867__H__sonnet4__rep2.json	PILOT-2019001867	H	2	0.0009	0.0011	0.01	0.0018	23	0	0	
PILOT-2019002001__H__sonnet4__rep0.json	PILOT-2019002001	H	0	0.0151	0.033	0.0223	0.0266	18	0	0	
PILOT-2019002001__H__sonnet4__rep1.json	PILOT-2019002001	H	1	0.0148	0.033	0.0218	0.0262	18	0	0	
PILOT-2019002001__H__sonnet4__rep2.json	PILOT-2019002001	H	2	0.0148	0.033	0.0218	0.0262	18	0	0	
PILOT-2019002439__H__sonnet4__rep0.json	PILOT-2019002439	H	0	0.0126	0.0164	0.048	0.024	23	2	0	
PILOT-2019002439__H__sonnet4__rep1.json	PILOT-2019002439	H	1	0.0	0.0	0.0	0.0	23	2	0	
PILOT-2019002439__H__sonnet4__rep2.json	PILOT-2019002439	H	2	0.0006	0.0008	0.0024	0.0012	23	2	0	
PILOT-2019003829__H__sonnet4__rep0.json	PILOT-2019003829	H	0	0.0	0.0	0.0	0.0	7	0	0	
PILOT-2019003829__H__sonnet4__rep1.json	PILOT-2019003829	H	1	0.0	0.0	0.0	0.0	7	0	0	
PILOT-2019003829__H__sonnet4__rep2.json	PILOT-2019003829	H	2	0.0	0.0	0.0	0.0	7	0	0	
PILOT-2019005007__H__sonnet4__rep0.json	PILOT-2019005007	H	0	0.0	0.0	0.0	0.0	24	0	0	
PILOT-2019005007__H__sonnet4__rep1.json	PILOT-2019005007	H	1	0.0	0.0	0.0	0.0	24	0	0	
PILOT-2019005007__H__sonnet4__rep2.json	PILOT-2019005007	H	2	0.0	0.0	0.0	0.0	24	0	0	
PILOT-2019005292__H__sonnet4__rep0.json	PILOT-2019005292	H	0	0.0077	0.0084	0.0724	0.0148	20	0	0	
PILOT-2019005292__H__sonnet4__rep1.json	PILOT-2019005292	H	1	0.001	0.0011	0.0084	0.002	20	0	0	
PILOT-2019005292__H__sonnet4__rep2.json	PILOT-2019005292	H	2	0.0009	0.0011	0.0037	0.0017	20	0	0	
PILOT-2019005776__H__sonnet4__rep0.json	PILOT-2019005776	H	0	0.0685	0.0758	0.4167	0.1282	1	0	0	
PILOT-2019005776__H__sonnet4__rep1.json	PILOT-2019005776	H	1	0.0704	0.0758	0.5	0.1316	1	0	0	
PILOT-2019005776__H__sonnet4__rep2.json	PILOT-2019005776	H	2	0.0704	0.0758	0.5	0.1316	1	0	0	
PILOT-2019006119__H__sonnet4__rep0.json	PILOT-2019006119	H	0	0.0	0.0	0.0	0.0	1	0	0	
PILOT-2019006119__H__sonnet4__rep1.json	PILOT-2019006119	H	1	0.0	0.0	0.0	0.0	1	0	0	
PILOT-2019006119__H__sonnet4__rep2.json	PILOT-2019006119	H	2	0.0	0.0	0.0	0.0	1	0	0	
PILOT-2019006614__H__sonnet4__rep0.json	PILOT-2019006614	H	0	None							no_baseline
PILOT-2019006614__H__sonnet4__rep1.json	PILOT-2019006614	H	1	None							no_baseline
PILOT-2019006614__H__sonnet4__rep2.json	PILOT-2019006614	H	2	None							no_baseline
PILOT-2020000122__H__sonnet4__rep0.json	PILOT-2020000122	H	0	0.0008	0.0009	0.0034	0.0015	19	0	0	
PILOT-2020000122__H__sonnet4__rep1.json	PILOT-2020000122	H	1	0.0008	0.0009	0.0046	0.0016	19	0	0	
PILOT-2020000122__H__sonnet4__rep2.json	PILOT-2020000122	H	2	0.0008	0.0009	0.0042	0.0015	19	0	0	
PILOT-2020000158__H__sonnet4__rep0.json	PILOT-2020000158	H	0	0.0	0.0	0.0	0.0	20	0	0	
PILOT-2020000158__H__sonnet4__rep1.json	PILOT-2020000158	H	1	0.0204	0.025	0.0808	0.0381	20	0	0	
PILOT-2020000158__H__sonnet4__rep2.json	PILOT-2020000158	H	2	0.0	0.0	0.0	0.0	20	0	0	
PILOT-2020000362__H__sonnet4__rep0.json	PILOT-2020000362	H	0	0.0067	0.0082	0.04	0.0129	15	0	0	
PILOT-2020000362__H__sonnet4__rep1.json	PILOT-2020000362	H	1	0.0073	0.0097	0.0263	0.0141	15	0	0	
PILOT-2020000362__H__sonnet4__rep2.json	PILOT-2020000362	H	2	0.0065	0.0081	0.0467	0.0127	15	0	0	
PILOT-2020000402__H__sonnet4__rep0.json	PILOT-2020000402	H	0	0.0159	0.0209	0.0556	0.0304	6	0	0	
PILOT-2020000402__H__sonnet4__rep1.json	PILOT-2020000402	H	1	0.171	0.238	0.2153	0.226	6	0	0	
PILOT-2020000402__H__sonnet4__rep2.json	PILOT-2020000402	H	2	0.0159	0.0209	0.0556	0.0304	6	0	0	
PILOT-2020000676__H__sonnet4__rep0.json	PILOT-2020000676	H	0	0.0	0.0	0.0	0.0	6	0	0	
PILOT-2020000676__H__sonnet4__rep1.json	PILOT-2020000676	H	1	0.0	0.0	0.0	0.0	6	0	0	
PILOT-2020000676__H__sonnet4__rep2.json	PILOT-2020000676	H	2	0.0	0.0	0.0	0.0	6	0	0	
PILOT-2020001769__H__sonnet4__rep0.json	PILOT-2020001769	H	0	0.0	0.0	0.0	0.0	10	0	0	
PILOT-2020001769__H__sonnet4__rep1.json	PILOT-2020001769	H	1	0.0	0.0	0.0	0.0	10	0	0	
PILOT-2020001769__H__sonnet4__rep2.json	PILOT-2020001769	H	2	0.0	0.0	0.0	0.0	10	0	0	
PILOT-2020002332__H__sonnet4__rep0.json	PILOT-2020002332	H	0	0.0363	0.0524	0.1015	0.0638	25	0	0	
PILOT-2020002332__H__sonnet4__rep1.json	PILOT-2020002332	H	1	0.0363	0.0524	0.1015	0.0638	25	0	0	
PILOT-2020002332__H__sonnet4__rep2.json	PILOT-2020002332	H	2	0.0363	0.0524	0.1015	0.0638	25	0	0	
PILOT-2020002369__H__sonnet4__rep0.json	PILOT-2020002369	H	0	0.012	0.016	0.0389	0.0222	20	0	0	
PILOT-2020002369__H__sonnet4__rep1.json	PILOT-2020002369	H	1	0.0051	0.0056	0.0375	0.0097	20	0	0	
PILOT-2020002369__H__sonnet4__rep2.json	PILOT-2020002369	H	2	0.0051	0.0056	0.0375	0.0097	20	0	0	
PILOT-2020002555__H__sonnet4__rep0.json	PILOT-2020002555	H	0	0.0089	0.0133	0.023	0.0166	18	2	0	
PILOT-2020002555__H__sonnet4__rep1.json	PILOT-2020002555	H	1	0.008	0.012	0.0207	0.015	20	0	0	
PILOT-2020002555__H__sonnet4__rep2.json	PILOT-2020002555	H	2	0.0081	0.012	0.0229	0.0152	20	0	0	
PILOT-2020002688__H__sonnet4__rep0.json	PILOT-2020002688	H	0	0.0106	0.0186	0.0288	0.0203	8	0	0	
PILOT-2020002688__H__sonnet4__rep1.json	PILOT-2020002688	H	1	0.003	0.0036	0.0171	0.006	8	0	0	
PILOT-2020002688__H__sonnet4__rep2.json	PILOT-2020002688	H	2	0.0085	0.0186	0.0242	0.0165	8	0	0	
PILOT-2020002729__H__sonnet4__rep0.json	PILOT-2020002729	H	0	0.0	0.0	0.0	0.0	11	0	0	
PILOT-2020002729__H__sonnet4__rep1.json	PILOT-2020002729	H	1	0.0	0.0	0.0	0.0	11	0	0	
PILOT-2020002729__H__sonnet4__rep2.json	PILOT-2020002729	H	2	0.0	0.0	0.0	0.0	11	0	0	
PILOT-2020003998__H__sonnet4__rep0.json	PILOT-2020003998	H	0	None							no_baseline
PILOT-2020003998__H__sonnet4__rep1.json	PILOT-2020003998	H	1	None							no_baseline
PILOT-2020003998__H__sonnet4__rep2.json	PILOT-2020003998	H	2	None							no_baseline
PILOT-2020004768__H__sonnet4__rep0.json	PILOT-2020004768	H	0	0.0222	0.1219	0.0256	0.0397	12	0	0	
PILOT-2020004768__H__sonnet4__rep1.json	PILOT-2020004768	H	1	0.0191	0.0981	0.0232	0.035	12	0	0	
PILOT-2020004768__H__sonnet4__rep2.json	PILOT-2020004768	H	2	0.0213	0.1219	0.0245	0.0381	12	0	0	
PILOT-2020006264__H__sonnet4__rep0.json	PILOT-2020006264	H	0	0.0021	0.0023	0.0146	0.004	20	0	0	
PILOT-2020006264__H__sonnet4__rep1.json	PILOT-2020006264	H	1	0.0087	0.0111	0.0296	0.016	20	0	0	
PILOT-2020006264__H__sonnet4__rep2.json	PILOT-2020006264	H	2	0.0087	0.0111	0.0296	0.016	20	0	0	
PILOT-2020006435__H__sonnet4__rep0.json	PILOT-2020006435	H	0	0.003	0.0151	0.0035	0.0057	22	0	0	
PILOT-2020006435__H__sonnet4__rep1.json	PILOT-2020006435	H	1	0.003	0.0151	0.0035	0.0057	22	0	0	
PILOT-2020006435__H__sonnet4__rep2.json	PILOT-2020006435	H	2	0.003	0.0151	0.0035	0.0057	22	0	0	
PILOT-2021000834__H__sonnet4__rep0.json	PILOT-2021000834	H	0	0.113	0.1666	0.2591	0.1938	7	0	0	
PILOT-2021000834__H__sonnet4__rep1.json	PILOT-2021000834	H	1	0.113	0.1666	0.2591	0.1938	7	0	0	
PILOT-2021000834__H__sonnet4__rep2.json	PILOT-2021000834	H	2	0.113	0.1666	0.2591	0.1938	7	0	0	
PILOT-2021001124__H__sonnet4__rep0.json	PILOT-2021001124	H	0	0.0017	0.0019	0.0182	0.0034	11	0	0	
PILOT-2021001124__H__sonnet4__rep1.json	PILOT-2021001124	H	1	0.0075	0.0091	0.0355	0.0145	11	0	0	
PILOT-2021001124__H__sonnet4__rep2.json	PILOT-2021001124	H	2	0.0017	0.0019	0.0152	0.0033	11	0	0	
PILOT-2021002328__H__sonnet4__rep0.json	PILOT-2021002328	H	0	0.0034	0.0045	0.0119	0.0065	14	0	0	
PILOT-2021002328__H__sonnet4__rep1.json	PILOT-2021002328	H	1	0.0055	0.0124	0.0147	0.0106	14	0	0	
PILOT-2021002328__H__sonnet4__rep2.json	PILOT-2021002328	H	2	0.0034	0.0045	0.0119	0.0065	14	0	0	
PILOT-2021003980__H__sonnet4__rep0.json	PILOT-2021003980	H	0	0.0007	0.0014	0.0015	0.0014	16	0	0	
PILOT-2021003980__H__sonnet4__rep1.json	PILOT-2021003980	H	1	0.0007	0.0014	0.0015	0.0015	16	0	0	
PILOT-2021003980__H__sonnet4__rep2.json	PILOT-2021003980	H	2	0.0007	0.0014	0.0015	0.0014	16	0	0	
PILOT-2022001087__H__sonnet4__rep0.json	PILOT-2022001087	H	0	0.0149	0.018	0.0535	0.0267	20	0	0	
PILOT-2022001087__H__sonnet4__rep1.json	PILOT-2022001087	H	1	0.0631	0.0764	0.2425	0.1132	20	0	0	
PILOT-2022001087__H__sonnet4__rep2.json	PILOT-2022001087	H	2	0.0297	0.0415	0.0851	0.0541	20	0	0	
PILOT-2009010505__H__haiku4.5__rep0.json	PILOT-2009010505	H	0	0.0024	0.0048	0.005	0.0048	22	0	0	
PILOT-2009010505__H__haiku4.5__rep1.json	PILOT-2009010505	H	1	0.0038	0.0062	0.0094	0.0073	22	0	0	
PILOT-2009010505__H__haiku4.5__rep2.json	PILOT-2009010505	H	2	0.0026	0.0048	0.0064	0.0052	22	0	0	
PILOT-2010007757__H__haiku4.5__rep0.json	PILOT-2010007757	H	0	0.0	0.0	0.0	0.0	3	0	0	
PILOT-2010007757__H__haiku4.5__rep1.json	PILOT-2010007757	H	1	0.0	0.0	0.0	0.0	3	0	0	
PILOT-2010007757__H__haiku4.5__rep2.json	PILOT-2010007757	H	2	0.0	0.0	0.0	0.0	3	0	0	
PILOT-2010008015__H__haiku4.5__rep0.json	PILOT-2010008015	H	0	0.0175	0.0303	0.04	0.0345	1	0	0	
PILOT-2010008015__H__haiku4.5__rep1.json	PILOT-2010008015	H	1	0.0192	0.0303	0.05	0.0377	1	0	0	
PILOT-2010008015__H__haiku4.5__rep2.json	PILOT-2010008015	H	2	0.0175	0.0303	0.04	0.0345	1	0	0	
PILOT-2010010196__H__haiku4.5__rep0.json	PILOT-2010010196	H	0	0.0	0.0	0.0	0.0	17	1	0	
PILOT-2010010196__H__haiku4.5__rep1.json	PILOT-2010010196	H	1	0.0	0.0	0.0	0.0	15	3	0	
PILOT-2010010196__H__haiku4.5__rep2.json	PILOT-2010010196	H	2	0.0	0.0	0.0	0.0	15	3	0	
PILOT-2010011970__H__haiku4.5__rep0.json	PILOT-2010011970	H	0	0.1749	0.8376	0.1811	0.2977	3	1	0	
PILOT-2010011970__H__haiku4.5__rep1.json	PILOT-2010011970	H	1	0.1737	0.8974	0.1773	0.296	3	1	0	
PILOT-2010011970__H__haiku4.5__rep2.json	PILOT-2010011970	H	2	0.2057	0.9231	0.2093	0.341	3	1	0	
PILOT-2011003851__H__haiku4.5__rep0.json	PILOT-2011003851	H	0	0.0248	0.0355	0.0915	0.0477	20	0	0	
PILOT-2011003851__H__haiku4.5__rep1.json	PILOT-2011003851	H	1	0.0037	0.0047	0.0243	0.0074	20	0	0	
PILOT-2011003851__H__haiku4.5__rep2.json	PILOT-2011003851	H	2	0.0235	0.0318	0.1171	0.0452	20	0	0	
PILOT-2011004581__H__haiku4.5__rep0.json	PILOT-2011004581	H	0	0.0032	0.0065	0.0059	0.0062	11	0	0	
PILOT-2011004581__H__haiku4.5__rep1.json	PILOT-2011004581	H	1	0.0	0.0	0.0	0.0	11	0	0	
PILOT-2011004581__H__haiku4.5__rep2.json	PILOT-2011004581	H	2	0.0	0.0	0.0	0.0	11	0	0	
PILOT-2011007474__H__haiku4.5__rep0.json	PILOT-2011007474	H	0	0.0	0.0	0.0	0.0	14	0	0	
PILOT-2011007474__H__haiku4.5__rep1.json	PILOT-2011007474	H	1	0.0	0.0	0.0	0.0	14	0	0	
PILOT-2011007474__H__haiku4.5__rep2.json	PILOT-2011007474	H	2	0.0	0.0	0.0	0.0	14	0	0	
PILOT-2011008843__H__haiku4.5__rep0.json	PILOT-2011008843	H	0	0.0	0.0	0.0	0.0	1	0	0	
PILOT-2011008843__H__haiku4.5__rep1.json	PILOT-2011008843	H	1	0.0	0.0	0.0	0.0	1	0	0	
PILOT-2011008843__H__haiku4.5__rep2.json	PILOT-2011008843	H	2	0.0	0.0	0.0	0.0	1	0	0	
PILOT-2011009182__H__haiku4.5__rep0.json	PILOT-2011009182	H	0	0.008	0.0108	0.0355	0.0158	17	0	0	
PILOT-2011009182__H__haiku4.5__rep1.json	PILOT-2011009182	H	1	0.0087	0.0108	0.0465	0.017	17	0	0	
PILOT-2011009182__H__haiku4.5__rep2.json	PILOT-2011009182	H	2	0.0	0.0	0.0	0.0	12	5	0	
PILOT-2011011469__H__haiku4.5__rep0.json	PILOT-2011011469	H	0	0.0111	0.0137	0.0476	0.0213	7	0	0	
PILOT-2011011469__H__haiku4.5__rep1.json	PILOT-2011011469	H	1	0.0082	0.0099	0.0357	0.0154	7	0	0	
PILOT-2011011469__H__haiku4.5__rep2.json	PILOT-2011011469	H	2	0.0114	0.0176	0.0295	0.022	7	0	0	
PILOT-2011012180__H__haiku4.5__rep0.json	PILOT-2011012180	H	0	0.0699	0.0916	0.2086	0.1233	9	0	0	
PILOT-2011012180__H__haiku4.5__rep1.json	PILOT-2011012180	H	1	0.0971	0.1331	0.2247	0.1663	9	0	0	
PILOT-2011012180__H__haiku4.5__rep2.json	PILOT-2011012180	H	2	0.076	0.1023	0.1778	0.1297	9	0	0	
PILOT-2011013110__H__haiku4.5__rep0.json	PILOT-2011013110	H	0	0.0	0.0	0.0	0.0	11	0	0	
PILOT-2011013110__H__haiku4.5__rep1.json	PILOT-2011013110	H	1	0.0	0.0	0.0	0.0	6	5	0	
PILOT-2011013110__H__haiku4.5__rep2.json	PILOT-2011013110	H	2	0.0	0.0	0.0	0.0	7	4	0	
PILOT-2012000327__H__haiku4.5__rep0.json	PILOT-2012000327	H	0	0.028	0.0888	0.0373	0.0523	10	0	0	
PILOT-2012000327__H__haiku4.5__rep1.json	PILOT-2012000327	H	1	0.0734	0.2254	0.0892	0.126	10	0	0	
PILOT-2012000327__H__haiku4.5__rep2.json	PILOT-2012000327	H	2	0.0442	0.131	0.059	0.0801	10	0	0	
PILOT-2012003288__H__haiku4.5__rep0.json	PILOT-2012003288	H	0	0.0549	0.0996	0.1169	0.1037	4	0	0	
PILOT-2012003288__H__haiku4.5__rep1.json	PILOT-2012003288	H	1	0.0755	0.103	0.2018	0.1321	4	0	0	
PILOT-2012003288__H__haiku4.5__rep2.json	PILOT-2012003288	H	2	0.0551	0.0913	0.1537	0.1031	4	0	0	
PILOT-2012005674__H__haiku4.5__rep0.json	PILOT-2012005674	H	0	0.0075	0.0119	0.0195	0.0146	7	0	0	
PILOT-2012005674__H__haiku4.5__rep1.json	PILOT-2012005674	H	1	0.0	0.0	0.0	0.0	7	0	0	
PILOT-2012005674__H__haiku4.5__rep2.json	PILOT-2012005674	H	2	0.0078	0.0119	0.0218	0.0151	7	0	0	
PILOT-2012006145__H__haiku4.5__rep0.json	PILOT-2012006145	H	0	0.0	0.0	0.0	0.0	5	18	0	
PILOT-2012006145__H__haiku4.5__rep1.json	PILOT-2012006145	H	1	0.0	0.0	0.0	0.0	23	0	0	
PILOT-2012006145__H__haiku4.5__rep2.json	PILOT-2012006145	H	2	0.0	0.0	0.0	0.0	23	0	0	
PILOT-2012007524__H__haiku4.5__rep0.json	PILOT-2012007524	H	0	0.0874	0.1206	0.2771	0.1574	7	0	0	
PILOT-2012007524__H__haiku4.5__rep1.json	PILOT-2012007524	H	1	0.0901	0.1233	0.2844	0.1621	7	0	0	
PILOT-2012007524__H__haiku4.5__rep2.json	PILOT-2012007524	H	2	0.106	0.1519	0.2654	0.1878	7	0	0	
PILOT-2012008496__H__haiku4.5__rep0.json	PILOT-2012008496	H	0	0.0	0.0	0.0	0.0	15	3	0	
PILOT-2012008496__H__haiku4.5__rep1.json	PILOT-2012008496	H	1	0.0	0.0	0.0	0.0	15	3	0	
PILOT-2012008496__H__haiku4.5__rep2.json	PILOT-2012008496	H	2	0.0	0.0	0.0	0.0	15	3	0	
PILOT-2012010015__H__haiku4.5__rep0.json	PILOT-2012010015	H	0	0.0095	0.0238	0.013	0.0168	14	0	0	
PILOT-2012010015__H__haiku4.5__rep1.json	PILOT-2012010015	H	1	0.0	0.0	0.0	0.0	11	3	0	
PILOT-2012010015__H__haiku4.5__rep2.json	PILOT-2012010015	H	2	0.0	0.0	0.0	0.0	11	3	0	
PILOT-2013000789__H__haiku4.5__rep0.json	PILOT-2013000789	H	0	0.0817	0.5818	0.0821	0.1376	11	0	0	
PILOT-2013000789__H__haiku4.5__rep1.json	PILOT-2013000789	H	1	0.0942	0.3778	0.0946	0.1474	9	2	0	
PILOT-2013000789__H__haiku4.5__rep2.json	PILOT-2013000789	H	2	0.1096	0.4889	0.11	0.1751	9	2	0	
PILOT-2013001277__H__haiku4.5__rep0.json	PILOT-2013001277	H	0	0.0	0.0	0.0	0.0	5	2	0	
PILOT-2013001277__H__haiku4.5__rep1.json	PILOT-2013001277	H	1	0.0	0.0	0.0	0.0	7	0	0	
PILOT-2013001277__H__haiku4.5__rep2.json	PILOT-2013001277	H	2	0.0	0.0	0.0	0.0	7	0	0	
PILOT-2013007708__H__haiku4.5__rep0.json	PILOT-2013007708	H	0	0.0	0.0	0.0	0.0	16	0	0	
PILOT-2013007708__H__haiku4.5__rep1.json	PILOT-2013007708	H	1	0.0	0.0	0.0	0.0	16	0	0	
PILOT-2013007708__H__haiku4.5__rep2.json	PILOT-2013007708	H	2	0.0	0.0	0.0	0.0	16	0	0	
PILOT-2014002407__H__haiku4.5__rep0.json	PILOT-2014002407	H	0	None	None	None	None	0	4	0	no_aligned_claims
PILOT-2014002407__H__haiku4.5__rep1.json	PILOT-2014002407	H	1	None	None	None	None	0	4	0	no_aligned_claims
PILOT-2014002407__H__haiku4.5__rep2.json	PILOT-2014002407	H	2	None	None	None	None	0	4	0	no_aligned_claims
PILOT-2014002745__H__haiku4.5__rep0.json	PILOT-2014002745	H	0	0.0279	0.2354	0.0313	0.051	9	5	0	
PILOT-2014002745__H__haiku4.5__rep1.json	PILOT-2014002745	H	1	0.0279	0.2354	0.0313	0.051	9	5	0	
PILOT-2014002745__H__haiku4.5__rep2.json	PILOT-2014002745	H	2	0.0771	0.4014	0.0876	0.1349	14	0	0	
PILOT-2014003236__H__haiku4.5__rep0.json	PILOT-2014003236	H	0	0.0	0.0	0.0	0.0	2	0	0	
PILOT-2014003236__H__haiku4.5__rep1.json	PILOT-2014003236	H	1	0.0	0.0	0.0	0.0	2	0	0	
PILOT-2014003236__H__haiku4.5__rep2.json	PILOT-2014003236	H	2	0.0	0.0	0.0	0.0	2	0	0	
PILOT-2014003587__H__haiku4.5__rep0.json	PILOT-2014003587	H	0	0.0168	0.0206	0.0758	0.0313	19	0	0	
PILOT-2014003587__H__haiku4.5__rep1.json	PILOT-2014003587	H	1	0.0171	0.0206	0.0781	0.0318	19	0	0	
PILOT-2014003587__H__haiku4.5__rep2.json	PILOT-2014003587	H	2	0.0137	0.0193	0.0442	0.0257	19	0	0	
PILOT-2014006550__H__haiku4.5__rep0.json	PILOT-2014006550	H	0	0.0628	0.0841	0.2048	0.114	20	0	0	
PILOT-2014006550__H__haiku4.5__rep1.json	PILOT-2014006550	H	1	0.0511	0.0669	0.1611	0.0916	20	0	0	
PILOT-2014006550__H__haiku4.5__rep2.json	PILOT-2014006550	H	2	0.0309	0.0412	0.0994	0.0562	20	0	0	
PILOT-2014007043__H__haiku4.5__rep0.json	PILOT-2014007043	H	0	0.0105	0.0118	0.0667	0.02	5	0	0	
PILOT-2014007043__H__haiku4.5__rep1.json	PILOT-2014007043	H	1	0.0372	0.3118	0.0938	0.0698	5	0	0	
PILOT-2014007043__H__haiku4.5__rep2.json	PILOT-2014007043	H	2	0.0105	0.0118	0.0667	0.02	5	0	0	
PILOT-2014008375__H__haiku4.5__rep0.json	PILOT-2014008375	H	0	0.0	0.0	0.0	0.0	3	0	0	
PILOT-2014008375__H__haiku4.5__rep1.json	PILOT-2014008375	H	1	0.0	0.0	0.0	0.0	2	1	0	
PILOT-2014008375__H__haiku4.5__rep2.json	PILOT-2014008375	H	2	0.0	0.0	0.0	0.0	2	1	0	
PILOT-2014009096__H__haiku4.5__rep0.json	PILOT-2014009096	H	0	0.0029	0.0047	0.0073	0.0058	4	0	0	
PILOT-2014009096__H__haiku4.5__rep1.json	PILOT-2014009096	H	1	0.0029	0.0047	0.0073	0.0058	4	0	0	
PILOT-2014009096__H__haiku4.5__rep2.json	PILOT-2014009096	H	2	0.0029	0.0047	0.0073	0.0058	4	0	0	
PILOT-2014009182__H__haiku4.5__rep0.json	PILOT-2014009182	H	0	0.0179	0.0253	0.0504	0.0321	12	0	0	
PILOT-2014009182__H__haiku4.5__rep1.json	PILOT-2014009182	H	1	0.0	0.0	0.0	0.0	12	0	0	
PILOT-2014009182__H__haiku4.5__rep2.json	PILOT-2014009182	H	2	0.0	0.0	0.0	0.0	12	0	0	
PILOT-2014009970__H__haiku4.5__rep0.json	PILOT-2014009970	H	0	0.0057	0.0164	0.0114	0.0111	9	0	0	
PILOT-2014009970__H__haiku4.5__rep1.json	PILOT-2014009970	H	1	0.054	0.2657	0.0607	0.0961	9	0	0	
PILOT-2014009970__H__haiku4.5__rep2.json	PILOT-2014009970	H	2	0.0	0.0	0.0	0.0	9	0	0	
PILOT-2015000199__H__haiku4.5__rep0.json	PILOT-2015000199	H	0	0.0191	0.0277	0.0484	0.0338	10	0	0	
PILOT-2015000199__H__haiku4.5__rep1.json	PILOT-2015000199	H	1	0.017	0.0241	0.0464	0.0307	10	0	0	
PILOT-2015000199__H__haiku4.5__rep2.json	PILOT-2015000199	H	2	0.0205	0.0348	0.0441	0.0358	10	0	0	
PILOT-2015004151__H__haiku4.5__rep0.json	PILOT-2015004151	H	0	0.0238	0.2778	0.0244	0.0442	6	0	0	
PILOT-2015004151__H__haiku4.5__rep1.json	PILOT-2015004151	H	1	0.0238	0.2778	0.0244	0.0442	6	0	0	
PILOT-2015004151__H__haiku4.5__rep2.json	PILOT-2015004151	H	2	0.0238	0.2778	0.0244	0.0442	6	0	0	
PILOT-2015004158__H__haiku4.5__rep0.json	PILOT-2015004158	H	0	0.005	0.0167	0.007	0.0098	6	1	0	
PILOT-2015004158__H__haiku4.5__rep1.json	PILOT-2015004158	H	1	0.0076	0.025	0.0104	0.0147	4	3	0	
PILOT-2015004158__H__haiku4.5__rep2.json	PILOT-2015004158	H	2	0.005	0.0167	0.007	0.0098	6	1	0	
PILOT-2015004926__H__haiku4.5__rep0.json	PILOT-2015004926	H	0	0.0151	0.0387	0.0237	0.028	15	0	0	
PILOT-2015004926__H__haiku4.5__rep1.json	PILOT-2015004926	H	1	0.0	0.0	0.0	0.0	11	4	0	
PILOT-2015004926__H__haiku4.5__rep2.json	PILOT-2015004926	H	2	0.0	0.0	0.0	0.0	14	1	0	
PILOT-2015005752__H__haiku4.5__rep0.json	PILOT-2015005752	H	0	0.0525	0.078	0.0886	0.081	7	0	0	
PILOT-2015005752__H__haiku4.5__rep1.json	PILOT-2015005752	H	1	0.0562	0.0824	0.1025	0.0877	7	0	0	
PILOT-2015005752__H__haiku4.5__rep2.json	PILOT-2015005752	H	2	0.0902	0.1366	0.1409	0.1384	4	3	0	
PILOT-2015006206__H__haiku4.5__rep0.json	PILOT-2015006206	H	0	0.0095	0.0204	0.0159	0.0179	7	0	0	
PILOT-2015006206__H__haiku4.5__rep1.json	PILOT-2015006206	H	1	0.0099	0.0204	0.0168	0.0184	7	0	0	
PILOT-2015006206__H__haiku4.5__rep2.json	PILOT-2015006206	H	2	0.0089	0.0204	0.0143	0.0168	7	0	0	
PILOT-2015006603__H__haiku4.5__rep0.json	PILOT-2015006603	H	0	0.0144	0.0287	0.0255	0.0269	20	0	0	
PILOT-2015006603__H__haiku4.5__rep1.json	PILOT-2015006603	H	1	0.0039	0.0054	0.0118	0.0074	20	0	0	
PILOT-2015006603__H__haiku4.5__rep2.json	PILOT-2015006603	H	2	0.0039	0.0054	0.0118	0.0074	20	0	0	
PILOT-2016000830__H__haiku4.5__rep0.json	PILOT-2016000830	H	0	0.0355	1.0	0.0355	0.0672	2	0	0	
PILOT-2016000830__H__haiku4.5__rep1.json	PILOT-2016000830	H	1	0.0375	1.0	0.0375	0.0705	2	0	0	
PILOT-2016000830__H__haiku4.5__rep2.json	PILOT-2016000830	H	2	0.0423	1.0	0.0423	0.079	2	0	0	
PILOT-2016000849__H__haiku4.5__rep0.json	PILOT-2016000849	H	0	0.0	0.0	0.0	0.0	7	32	0	
PILOT-2016000849__H__haiku4.5__rep1.json	PILOT-2016000849	H	1	0.0038	0.0062	0.0094	0.0071	39	0	0	
PILOT-2016000849__H__haiku4.5__rep2.json	PILOT-2016000849	H	2	0.0	0.0	0.0	0.0	39	0	0	
PILOT-2016003042__H__haiku4.5__rep0.json	PILOT-2016003042	H	0	0.019	0.0857	0.0209	0.0336	7	0	0	
PILOT-2016003042__H__haiku4.5__rep1.json	PILOT-2016003042	H	1	0.0238	0.1143	0.0248	0.0408	7	0	0	
PILOT-2016003042__H__haiku4.5__rep2.json	PILOT-2016003042	H	2	0.0212	0.1143	0.022	0.0369	7	0	0	
PILOT-2016004446__H__haiku4.5__rep0.json	PILOT-2016004446	H	0	0.0714	0.7111	0.0733	0.1293	3	0	0	
PILOT-2016004446__H__haiku4.5__rep1.json	PILOT-2016004446	H	1	0.0708	0.7111	0.0727	0.1283	3	0	0	
PILOT-2016004446__H__haiku4.5__rep2.json	PILOT-2016004446	H	2	0.0731	0.7111	0.075	0.1319	3	0	0	
PILOT-2016005844__H__haiku4.5__rep0.json	PILOT-2016005844	H	0	0.0545	0.1458	0.0849	0.1028	4	0	0	
PILOT-2016005844__H__haiku4.5__rep1.json	PILOT-2016005844	H	1	0.0861	0.1935	0.1808	0.1574	4	0	0	
PILOT-2016005844__H__haiku4.5__rep2.json	PILOT-2016005844	H	2	0.0551	0.1548	0.0792	0.1044	4	0	0	
PILOT-2016006702__H__haiku4.5__rep0.json	PILOT-2016006702	H	0	0.0105	0.0128	0.0486	0.02	10	20	0	
PILOT-2016006702__H__haiku4.5__rep1.json	PILOT-2016006702	H	1	0.0272	0.0407	0.0544	0.0456	30	0	0	
PILOT-2016006702__H__haiku4.5__rep2.json	PILOT-2016006702	H	2	0.0017	0.002	0.0095	0.0033	30	0	0	
PILOT-2016007603__H__haiku4.5__rep0.json	PILOT-2016007603	H	0	0.0074	0.0182	0.0118	0.0143	5	0	0	
PILOT-2016007603__H__haiku4.5__rep1.json	PILOT-2016007603	H	1	0.0065	0.0182	0.0095	0.0125	5	0	0	
PILOT-2016007603__H__haiku4.5__rep2.json	PILOT-2016007603	H	2	0.0074	0.0182	0.0118	0.0143	5	0	0	
PILOT-2016007888__H__haiku4.5__rep0.json	PILOT-2016007888	H	0	0.0142	0.0221	0.0319	0.0261	6	0	0	
PILOT-2016007888__H__haiku4.5__rep1.json	PILOT-2016007888	H	1	0.0	0.0	0.0	0.0	6	0	0	
PILOT-2016007888__H__haiku4.5__rep2.json	PILOT-2016007888	H	2	0.0138	0.0221	0.03	0.0254	6	0	0	
PILOT-2017000071__H__haiku4.5__rep0.json	PILOT-2017000071	H	0	None							no_baseline
PILOT-2017000071__H__haiku4.5__rep1.json	PILOT-2017000071	H	1	None							no_baseline
PILOT-2017000071__H__haiku4.5__rep2.json	PILOT-2017000071	H	2	None							no_baseline
PILOT-2017000093__H__haiku4.5__rep0.json	PILOT-2017000093	H	0	0.0395	0.0633	0.1126	0.0734	17	0	0	
PILOT-2017000093__H__haiku4.5__rep1.json	PILOT-2017000093	H	1	0.0244	0.0432	0.0587	0.0453	17	0	0	
PILOT-2017000093__H__haiku4.5__rep2.json	PILOT-2017000093	H	2	0.0067	0.0093	0.0273	0.013	17	0	0	
PILOT-2017001422__H__haiku4.5__rep0.json	PILOT-2017001422	H	0	0.0	0.0	0.0	0.0	2	0	0	
PILOT-2017001422__H__haiku4.5__rep1.json	PILOT-2017001422	H	1	0.0	0.0	0.0	0.0	2	0	0	
PILOT-2017001422__H__haiku4.5__rep2.json	PILOT-2017001422	H	2	0.0227	0.5	0.0227	0.0435	2	0	0	
PILOT-2017002001__H__haiku4.5__rep0.json	PILOT-2017002001	H	0	0.0221	0.0417	0.0357	0.0383	14	5	0	
PILOT-2017002001__H__haiku4.5__rep1.json	PILOT-2017002001	H	1	0.0241	0.0833	0.0311	0.0416	13	6	0	
PILOT-2017002001__H__haiku4.5__rep2.json	PILOT-2017002001	H	2	0.0151	0.0439	0.0205	0.0276	19	0	0	
PILOT-2017002029__H__haiku4.5__rep0.json	PILOT-2017002029	H	0	0.002	0.0145	0.0022	0.0038	23	0	0	
PILOT-2017002029__H__haiku4.5__rep1.json	PILOT-2017002029	H	1	0.0	0.0	0.0	0.0	23	0	0	
PILOT-2017002029__H__haiku4.5__rep2.json	PILOT-2017002029	H	2	0.0	0.0	0.0	0.0	23	0	0	
PILOT-2017003676__H__haiku4.5__rep0.json	PILOT-2017003676	H	0	0.0077	0.0185	0.0117	0.0141	19	0	0	
PILOT-2017003676__H__haiku4.5__rep1.json	PILOT-2017003676	H	1	0.0286	0.0797	0.0348	0.0481	14	5	0	
PILOT-2017003676__H__haiku4.5__rep2.json	PILOT-2017003676	H	2	0.0085	0.0185	0.0137	0.0155	19	0	0	
PILOT-2017004144__H__haiku4.5__rep0.json	PILOT-2017004144	H	0	0.0	0.0	0.0	0.0	7	0	0	
PILOT-2017004144__H__haiku4.5__rep1.json	PILOT-2017004144	H	1	0.0	0.0	0.0	0.0	7	0	0	
PILOT-2017004144__H__haiku4.5__rep2.json	PILOT-2017004144	H	2	0.0	0.0	0.0	0.0	3	4	0	
PILOT-2017004286__H__haiku4.5__rep0.json	PILOT-2017004286	H	0	0.0163	0.0328	0.0351	0.0275	24	1	0	
PILOT-2017004286__H__haiku4.5__rep1.json	PILOT-2017004286	H	1	0.0203	0.0286	0.0639	0.0367	25	0	0	
PILOT-2017004286__H__haiku4.5__rep2.json	PILOT-2017004286	H	2	0.0491	0.0778	0.1199	0.0839	25	0	0	
PILOT-2017005259__H__haiku4.5__rep0.json	PILOT-2017005259	H	0	0.0	0.0	0.0	0.0	12	0	0	
PILOT-2017005259__H__haiku4.5__rep1.json	PILOT-2017005259	H	1	0.0	0.0	0.0	0.0	12	0	0	
PILOT-2017005259__H__haiku4.5__rep2.json	PILOT-2017005259	H	2	0.0	0.0	0.0	0.0	12	0	0	
PILOT-2017005493__H__haiku4.5__rep0.json	PILOT-2017005493	H	0	0.0134	0.0213	0.0252	0.0229	20	0	0	
PILOT-2017005493__H__haiku4.5__rep1.json	PILOT-2017005493	H	1	0.0437	0.1157	0.0664	0.0722	9	11	0	
PILOT-2017005493__H__haiku4.5__rep2.json	PILOT-2017005493	H	2	0.0318	0.1046	0.0549	0.0571	10	10	0	
PILOT-2017006188__H__haiku4.5__rep0.json	PILOT-2017006188	H	0	None	None	None	None	0	5	0	no_aligned_claims
PILOT-2017006188__H__haiku4.5__rep1.json	PILOT-2017006188	H	1	None	None	None	None	0	5	0	no_aligned_claims
PILOT-2017006188__H__haiku4.5__rep2.json	PILOT-2017006188	H	2	None	None	None	None	0	5	0	no_aligned_claims
PILOT-2017007272__H__haiku4.5__rep0.json	PILOT-2017007272	H	0	0.0763	0.1687	0.1227	0.1312	7	2	0	
PILOT-2017007272__H__haiku4.5__rep1.json	PILOT-2017007272	H	1	0.0083	0.0208	0.0128	0.0159	6	3	0	
PILOT-2017007272__H__haiku4.5__rep2.json	PILOT-2017007272	H	2	0.0083	0.0208	0.0128	0.0159	6	3	0	
PILOT-2017007595__H__haiku4.5__rep0.json	PILOT-2017007595	H	0	0.0183	0.0544	0.026	0.0352	6	29	0	
PILOT-2017007595__H__haiku4.5__rep1.json	PILOT-2017007595	H	1	0.0154	0.0467	0.0217	0.0296	7	28	0	
PILOT-2017007595__H__haiku4.5__rep2.json	PILOT-2017007595	H	2	0.0146	0.0467	0.0202	0.0281	7	28	0	
PILOT-2017009415__H__haiku4.5__rep0.json	PILOT-2017009415	H	0	0.0241	0.0391	0.0646	0.0445	13	0	0	
PILOT-2017009415__H__haiku4.5__rep1.json	PILOT-2017009415	H	1	0.0245	0.0411	0.0717	0.0456	13	0	0	
PILOT-2017009415__H__haiku4.5__rep2.json	PILOT-2017009415	H	2	0.0278	0.0342	0.0845	0.0485	13	0	0	
PILOT-2017010497__H__haiku4.5__rep0.json	PILOT-2017010497	H	0	0.0086	0.0148	0.0173	0.016	11	2	0	
PILOT-2017010497__H__haiku4.5__rep1.json	PILOT-2017010497	H	1	0.0066	0.0119	0.0125	0.0122	12	1	0	
PILOT-2017010497__H__haiku4.5__rep2.json	PILOT-2017010497	H	2	0.0215	0.036	0.0434	0.0393	13	0	0	
PILOT-2017010632__H__haiku4.5__rep0.json	PILOT-2017010632	H	0	0.0146	0.0625	0.0182	0.0283	2	0	0	
PILOT-2017010632__H__haiku4.5__rep1.json	PILOT-2017010632	H	1	0.0462	0.0925	0.148	0.0872	2	0	0	
PILOT-2017010632__H__haiku4.5__rep2.json	PILOT-2017010632	H	2	0.1753	0.254	0.3516	0.2715	2	0	0	
PILOT-2018000427__H__haiku4.5__rep0.json	PILOT-2018000427	H	0	0.1118	0.1664	0.2192	0.1851	2	0	0	
PILOT-2018000427__H__haiku4.5__rep1.json	PILOT-2018000427	H	1	0.1116	0.1664	0.2165	0.1849	2	0	0	
PILOT-2018000427__H__haiku4.5__rep2.json	PILOT-2018000427	H	2	0.1486	0.1664	0.3904	0.2323	2	0	0	
PILOT-2018001232__H__haiku4.5__rep0.json	PILOT-2018001232	H	0	0.0019	0.0042	0.0035	0.0038	16	0	0	
PILOT-2018001232__H__haiku4.5__rep1.json	PILOT-2018001232	H	1	0.004	0.0066	0.0094	0.0078	16	0	0	
PILOT-2018001232__H__haiku4.5__rep2.json	PILOT-2018001232	H	2	0.0075	0.0154	0.0139	0.0144	16	0	0	
PILOT-2018003513__H__haiku4.5__rep0.json	PILOT-2018003513	H	0	0.0898	0.3747	0.1672	0.1377	11	0	0	
PILOT-2018003513__H__haiku4.5__rep1.json	PILOT-2018003513	H	1	0.0975	0.4656	0.1752	0.1508	11	0	0	
PILOT-2018003513__H__haiku4.5__rep2.json	PILOT-2018003513	H	2	0.078	0.4408	0.1297	0.1187	11	0	0	
PILOT-2018005420__H__haiku4.5__rep0.json	PILOT-2018005420	H	0	0.0064	0.0142	0.0164	0.012	21	4	0	
PILOT-2018005420__H__haiku4.5__rep1.json	PILOT-2018005420	H	1	0.0072	0.0142	0.0215	0.0134	21	4	0	
PILOT-2018005420__H__haiku4.5__rep2.json	PILOT-2018005420	H	2	0.0016	0.0019	0.0092	0.0031	25	0	0	
PILOT-2018005863__H__haiku4.5__rep0.json	PILOT-2018005863	H	0	0.0136	0.0176	0.0878	0.0255	25	0	0	
PILOT-2018005863__H__haiku4.5__rep1.json	PILOT-2018005863	H	1	0.0119	0.0199	0.0572	0.0221	25	0	0	
PILOT-2018005863__H__haiku4.5__rep2.json	PILOT-2018005863	H	2	0.0136	0.0176	0.0878	0.0255	25	0	0	
PILOT-2018007886__H__haiku4.5__rep0.json	PILOT-2018007886	H	0	0.0098	0.0135	0.0294	0.0185	6	0	0	
PILOT-2018007886__H__haiku4.5__rep1.json	PILOT-2018007886	H	1	0.0	0.0	0.0	0.0	6	0	0	
PILOT-2018007886__H__haiku4.5__rep2.json	PILOT-2018007886	H	2	0.0074	0.009	0.0333	0.0142	6	0	0	
PILOT-2018007979__H__haiku4.5__rep0.json	PILOT-2018007979	H	0	0.0845	0.1178	0.2171	0.1514	3	0	0	
PILOT-2018007979__H__haiku4.5__rep1.json	PILOT-2018007979	H	1	0.0449	0.0654	0.122	0.085	3	0	0	
PILOT-2018007979__H__haiku4.5__rep2.json	PILOT-2018007979	H	2	0.0617	0.0864	0.1524	0.1099	3	0	0	
PILOT-2019001867__H__haiku4.5__rep0.json	PILOT-2019001867	H	0	0.0257	0.0277	0.0519	0.0336	23	0	0	
PILOT-2019001867__H__haiku4.5__rep1.json	PILOT-2019001867	H	1	0.0257	0.0277	0.0519	0.0336	23	0	0	
PILOT-2019001867__H__haiku4.5__rep2.json	PILOT-2019001867	H	2	0.0105	0.0123	0.0387	0.0176	23	0	0	
PILOT-2019002001__H__haiku4.5__rep0.json	PILOT-2019002001	H	0	0.035	0.0862	0.0529	0.0635	18	0	0	
PILOT-2019002001__H__haiku4.5__rep1.json	PILOT-2019002001	H	1	0.0383	0.0921	0.0594	0.0694	18	0	0	
PILOT-2019002001__H__haiku4.5__rep2.json	PILOT-2019002001	H	2	0.0272	0.0532	0.0432	0.0474	18	0	0	
PILOT-2019002439__H__haiku4.5__rep0.json	PILOT-2019002439	H	0	0.0168	0.0243	0.053	0.0318	23	2	0	
PILOT-2019002439__H__haiku4.5__rep1.json	PILOT-2019002439	H	1	0.0112	0.0144	0.045	0.0213	25	0	0	
PILOT-2019002439__H__haiku4.5__rep2.json	PILOT-2019002439	H	2	0.0207	0.0287	0.0682	0.0396	25	0	0	
PILOT-2019003829__H__haiku4.5__rep0.json	PILOT-2019003829	H	0	0.0	0.0	0.0	0.0	4	3	0	
PILOT-2019003829__H__haiku4.5__rep1.json	PILOT-2019003829	H	1	0.0	0.0	0.0	0.0	5	2	0	
PILOT-2019003829__H__haiku4.5__rep2.json	PILOT-2019003829	H	2	0.0	0.0	0.0	0.0	6	1	0	
PILOT-2019005007__H__haiku4.5__rep0.json	PILOT-2019005007	H	0	0.0	0.0	0.0	0.0	20	4	0	
PILOT-2019005007__H__haiku4.5__rep1.json	PILOT-2019005007	H	1	0.0	0.0	0.0	0.0	20	4	0	
PILOT-2019005007__H__haiku4.5__rep2.json	PILOT-2019005007	H	2	0.0	0.0	0.0	0.0	20	4	0	
PILOT-2019005292__H__haiku4.5__rep0.json	PILOT-2019005292	H	0	0.012	0.0171	0.0448	0.0231	20	0	0	
PILOT-2019005292__H__haiku4.5__rep1.json	PILOT-2019005292	H	1	0.0131	0.0171	0.089	0.0251	20	0	0	
PILOT-2019005292__H__haiku4.5__rep2.json	PILOT-2019005292	H	2	0.0131	0.0171	0.089	0.0251	20	0	0	
PILOT-2019005776__H__haiku4.5__rep0.json	PILOT-2019005776	H	0	0.0411	0.0455	0.3	0.0789	1	0	0	
PILOT-2019005776__H__haiku4.5__rep1.json	PILOT-2019005776	H	1	0.0411	0.0455	0.3	0.0789	1	0	0	
PILOT-2019005776__H__haiku4.5__rep2.json	PILOT-2019005776	H	2	0.0411	0.0455	0.3	0.0789	1	0	0	
PILOT-2019006119__H__haiku4.5__rep0.json	PILOT-2019006119	H	0	0.0	0.0	0.0	0.0	1	0	0	
PILOT-2019006119__H__haiku4.5__rep1.json	PILOT-2019006119	H	1	0.0	0.0	0.0	0.0	1	0	0	
PILOT-2019006119__H__haiku4.5__rep2.json	PILOT-2019006119	H	2	0.0	0.0	0.0	0.0	1	0	0	
PILOT-2019006614__H__haiku4.5__rep0.json	PILOT-2019006614	H	0	None							no_baseline
PILOT-2019006614__H__haiku4.5__rep1.json	PILOT-2019006614	H	1	None							no_baseline
PILOT-2019006614__H__haiku4.5__rep2.json	PILOT-2019006614	H	2	None							no_baseline
PILOT-2020000122__H__haiku4.5__rep0.json	PILOT-2020000122	H	0	0.0745	0.1319	0.1319	0.1278	19	0	0	
PILOT-2020000122__H__haiku4.5__rep1.json	PILOT-2020000122	H	1	0.0109	0.0297	0.0213	0.0204	12	7	0	
PILOT-2020000122__H__haiku4.5__rep2.json	PILOT-2020000122	H	2	0.0207	0.037	0.0563	0.0388	16	3	0	
PILOT-2020000158__H__haiku4.5__rep0.json	PILOT-2020000158	H	0	0.0063	0.008	0.0434	0.0121	20	0	0	
PILOT-2020000158__H__haiku4.5__rep1.json	PILOT-2020000158	H	1	0.0062	0.008	0.0433	0.012	20	0	0	
PILOT-2020000158__H__haiku4.5__rep2.json	PILOT-2020000158	H	2	0.0113	0.0147	0.0613	0.0217	20	0	0	
PILOT-2020000362__H__haiku4.5__rep0.json	PILOT-2020000362	H	0	0.0077	0.0133	0.0191	0.0148	15	0	0	
PILOT-2020000362__H__haiku4.5__rep1.json	PILOT-2020000362	H	1	0.0086	0.0156	0.0202	0.0166	15	0	0	
PILOT-2020000362__H__haiku4.5__rep2.json	PILOT-2020000362	H	2	0.0169	0.0267	0.0427	0.0318	15	0	0	
PILOT-2020000402__H__haiku4.5__rep0.json	PILOT-2020000402	H	0	0.029	0.0418	0.0741	0.0534	6	0	0	
PILOT-2020000402__H__haiku4.5__rep1.json	PILOT-2020000402	H	1	0.0	0.0	0.0	0.0	2	4	0	
PILOT-2020000402__H__haiku4.5__rep2.json	PILOT-2020000402	H	2	0.0	0.0	0.0	0.0	6	0	0	
PILOT-2020000676__H__haiku4.5__rep0.json	PILOT-2020000676	H	0	0.0147	0.25	0.0152	0.0286	6	0	0	
PILOT-2020000676__H__haiku4.5__rep1.json	PILOT-2020000676	H	1	0.0	0.0	0.0	0.0	6	0	0	
PILOT-2020000676__H__haiku4.5__rep2.json	PILOT-2020000676	H	2	0.0	0.0	0.0	0.0	6	0	0	
PILOT-2020001769__H__haiku4.5__rep0.json	PILOT-2020001769	H	0	0.0	0.0	0.0	0.0	9	1	0	
PILOT-2020001769__H__haiku4.5__rep1.json	PILOT-2020001769	H	1	0.0	0.0	0.0	0.0	10	0	0	
PILOT-2020001769__H__haiku4.5__rep2.json	PILOT-2020001769	H	2	0.0	0.0	0.0	0.0	10	0	0	
PILOT-2020002332__H__haiku4.5__rep0.json	PILOT-2020002332	H	0	0.041	0.0582	0.118	0.0724	25	0	0	
PILOT-2020002332__H__haiku4.5__rep1.json	PILOT-2020002332	H	1	0.0262	0.0389	0.0689	0.0459	25	0	0	
PILOT-2020002332__H__haiku4.5__rep2.json	PILOT-2020002332	H	2	0.0311	0.0463	0.0755	0.0541	25	0	0	
PILOT-2020002369__H__haiku4.5__rep0.json	PILOT-2020002369	H	0	0.0033	0.0037	0.025	0.0065	20	0	0	
PILOT-2020002369__H__haiku4.5__rep1.json	PILOT-2020002369	H	1	0.0033	0.0037	0.0222	0.0064	20	0	0	
PILOT-2020002369__H__haiku4.5__rep2.json	PILOT-2020002369	H	2	0.0033	0.0037	0.0222	0.0064	20	0	0	
PILOT-2020002555__H__haiku4.5__rep0.json	PILOT-2020002555	H	0	0.0099	0.017	0.0224	0.0186	20	0	0	
PILOT-2020002555__H__haiku4.5__rep1.json	PILOT-2020002555	H	1	0.0072	0.012	0.0168	0.0136	20	0	0	
PILOT-2020002555__H__haiku4.5__rep2.json	PILOT-2020002555	H	2	0.0198	0.0428	0.0338	0.0358	20	0	0	
PILOT-2020002688__H__haiku4.5__rep0.json	PILOT-2020002688	H	0	0.0115	0.0139	0.0557	0.0222	8	0	0	
PILOT-2020002688__H__haiku4.5__rep1.json	PILOT-2020002688	H	1	0.0242	0.0414	0.0531	0.0458	8	0	0	
PILOT-2020002688__H__haiku4.5__rep2.json	PILOT-2020002688	H	2	0.019	0.0299	0.046	0.0356	8	0	0	
PILOT-2020002729__H__haiku4.5__rep0.json	PILOT-2020002729	H	0	0.0051	0.0066	0.02	0.0099	11	0	0	
PILOT-2020002729__H__haiku4.5__rep1.json	PILOT-2020002729	H	1	0.0137	0.0166	0.0707	0.0264	11	0	0	
PILOT-2020002729__H__haiku4.5__rep2.json	PILOT-2020002729	H	2	0.0051	0.0066	0.02	0.0099	11	0	0	
PILOT-2020003998__H__haiku4.5__rep0.json	PILOT-2020003998	H	0	None							no_baseline
PILOT-2020003998__H__haiku4.5__rep1.json	PILOT-2020003998	H	1	None							no_baseline
PILOT-2020003998__H__haiku4.5__rep2.json	PILOT-2020003998	H	2	None							no_baseline
PILOT-2020004768__H__haiku4.5__rep0.json	PILOT-2020004768	H	0	0.0265	0.1144	0.0304	0.0458	12	0	0	
PILOT-2020004768__H__haiku4.5__rep1.json	PILOT-2020004768	H	1	0.0232	0.0727	0.0274	0.0394	12	0	0	
PILOT-2020004768__H__haiku4.5__rep2.json	PILOT-2020004768	H	2	0.0296	0.1144	0.0344	0.0513	12	0	0	
PILOT-2020006264__H__haiku4.5__rep0.json	PILOT-2020006264	H	0	0.0069	0.0111	0.0162	0.013	20	0	0	
PILOT-2020006264__H__haiku4.5__rep1.json	PILOT-2020006264	H	1	0.0071	0.0109	0.0172	0.0133	20	0	0	
PILOT-2020006264__H__haiku4.5__rep2.json	PILOT-2020006264	H	2	0.0117	0.0211	0.0237	0.0216	20	0	0	
PILOT-2020006435__H__haiku4.5__rep0.json	PILOT-2020006435	H	0	0.003	0.0151	0.0035	0.0057	22	0	0	
PILOT-2020006435__H__haiku4.5__rep1.json	PILOT-2020006435	H	1	0.003	0.0151	0.0035	0.0057	22	0	0	
PILOT-2020006435__H__haiku4.5__rep2.json	PILOT-2020006435	H	2	0.003	0.0151	0.0035	0.0057	22	0	0	
PILOT-2021000834__H__haiku4.5__rep0.json	PILOT-2021000834	H	0	0.0799	0.1102	0.2071	0.1391	6	1	0	
PILOT-2021000834__H__haiku4.5__rep1.json	PILOT-2021000834	H	1	0.1009	0.1516	0.2273	0.1726	7	0	0	
PILOT-2021000834__H__haiku4.5__rep2.json	PILOT-2021000834	H	2	0.1031	0.1516	0.244	0.1767	7	0	0	
PILOT-2021001124__H__haiku4.5__rep0.json	PILOT-2021001124	H	0	0.0	0.0	0.0	0.0	11	0	0	
PILOT-2021001124__H__haiku4.5__rep1.json	PILOT-2021001124	H	1	0.0	0.0	0.0	0.0	10	1	0	
PILOT-2021001124__H__haiku4.5__rep2.json	PILOT-2021001124	H	2	0.0031	0.0044	0.0103	0.0062	11	0	0	
PILOT-2021002328__H__haiku4.5__rep0.json	PILOT-2021002328	H	0	0.0134	0.026	0.0272	0.025	14	0	0	
PILOT-2021002328__H__haiku4.5__rep1.json	PILOT-2021002328	H	1	0.1183	0.6501	0.1227	0.1874	4	10	0	
PILOT-2021002328__H__haiku4.5__rep2.json	PILOT-2021002328	H	2	0.0078	0.0154	0.0222	0.0151	14	0	0	
PILOT-2021003980__H__haiku4.5__rep0.json	PILOT-2021003980	H	0	0.0056	0.0084	0.0162	0.0107	16	0	0	
PILOT-2021003980__H__haiku4.5__rep1.json	PILOT-2021003980	H	1	0.0182	0.0252	0.0598	0.0345	16	0	0	
PILOT-2021003980__H__haiku4.5__rep2.json	PILOT-2021003980	H	2	0.008	0.0315	0.0148	0.0147	16	0	0	
PILOT-2022001087__H__haiku4.5__rep0.json	PILOT-2022001087	H	0	0.4683	0.583	0.5863	0.5719	20	0	0	
PILOT-2022001087__H__haiku4.5__rep1.json	PILOT-2022001087	H	1	0.3173	0.3594	0.4543	0.3929	20	0	0	
PILOT-2022001087__H__haiku4.5__rep2.json	PILOT-2022001087	H	2	0.1385	0.1729	0.3351	0.2248	20	0	0	
PILOT-2009010505__H__gpt5.4__rep0.json	PILOT-2009010505	H	0	0.0	0.0	0.0	0.0	22	0	0	
PILOT-2009010505__H__gpt5.4__rep1.json	PILOT-2009010505	H	1	0.0039	0.0053	0.0134	0.0074	22	0	0	
PILOT-2009010505__H__gpt5.4__rep2.json	PILOT-2009010505	H	2	0.0	0.0	0.0	0.0	22	0	0	
PILOT-2010007757__H__gpt5.4__rep0.json	PILOT-2010007757	H	0	0.0513	0.0952	0.0833	0.0889	3	0	0	
PILOT-2010007757__H__gpt5.4__rep1.json	PILOT-2010007757	H	1	0.0741	0.1905	0.0889	0.1212	3	0	0	
PILOT-2010007757__H__gpt5.4__rep2.json	PILOT-2010007757	H	2	0.0556	0.0952	0.0952	0.0952	3	0	0	
PILOT-2010008015__H__gpt5.4__rep0.json	PILOT-2010008015	H	0	0.0816	0.1212	0.2	0.1509	1	0	0	
PILOT-2010008015__H__gpt5.4__rep1.json	PILOT-2010008015	H	1	0.0816	0.1212	0.2	0.1509	1	0	0	
PILOT-2010008015__H__gpt5.4__rep2.json	PILOT-2010008015	H	2	0.0909	0.1212	0.2667	0.1667	1	0	0	
PILOT-2010010196__H__gpt5.4__rep0.json	PILOT-2010010196	H	0	0.0185	0.037	0.0222	0.0278	18	0	0	
PILOT-2010010196__H__gpt5.4__rep1.json	PILOT-2010010196	H	1	0.0074	0.0185	0.0101	0.0131	18	0	0	
PILOT-2010010196__H__gpt5.4__rep2.json	PILOT-2010010196	H	2	0.0159	0.037	0.0185	0.0247	18	0	0	
PILOT-2010011970__H__gpt5.4__rep0.json	PILOT-2010011970	H	0	0.0476	0.0909	0.0909	0.0909	1	3	0	
PILOT-2010011970__H__gpt5.4__rep1.json	PILOT-2010011970	H	1	0.3438	1.0	0.3438	0.5116	1	3	0	
PILOT-2010011970__H__gpt5.4__rep2.json	PILOT-2010011970	H	2	0.0	0.0	0.0	0.0	1	3	0	
PILOT-2011003851__H__gpt5.4__rep0.json	PILOT-2011003851	H	0	0.0091	0.0111	0.0515	0.0174	20	0	0	
PILOT-2011003851__H__gpt5.4__rep1.json	PILOT-2011003851	H	1	0.0099	0.0128	0.0535	0.019	20	0	0	
PILOT-2011003851__H__gpt5.4__rep2.json	PILOT-2011003851	H	2	0.0091	0.0111	0.0515	0.0174	20	0	0	
PILOT-2011004581__H__gpt5.4__rep0.json	PILOT-2011004581	H	0	0.0	0.0	0.0	0.0	11	0	0	
PILOT-2011004581__H__gpt5.4__rep1.json	PILOT-2011004581	H	1	0.0	0.0	0.0	0.0	11	0	0	
PILOT-2011004581__H__gpt5.4__rep2.json	PILOT-2011004581	H	2	0.0	0.0	0.0	0.0	11	0	0	
PILOT-2011007474__H__gpt5.4__rep0.json	PILOT-2011007474	H	0	0.0086	0.0097	0.0357	0.0153	14	0	0	
PILOT-2011007474__H__gpt5.4__rep1.json	PILOT-2011007474	H	1	0.0238	0.0292	0.0459	0.0357	14	0	0	
PILOT-2011007474__H__gpt5.4__rep2.json	PILOT-2011007474	H	2	0.0086	0.0097	0.0357	0.0153	14	0	0	
PILOT-2011008843__H__gpt5.4__rep0.json	PILOT-2011008843	H	0	0.0	0.0	0.0	0.0	1	0	0	
PILOT-2011008843__H__gpt5.4__rep1.json	PILOT-2011008843	H	1	0.018	0.027	0.0513	0.0354	1	0	0	
PILOT-2011008843__H__gpt5.4__rep2.json	PILOT-2011008843	H	2	0.0	0.0	0.0	0.0	1	0	0	
PILOT-2011009182__H__gpt5.4__rep0.json	PILOT-2011009182	H	0	0.0	0.0	0.0	0.0	17	0	0	
PILOT-2011009182__H__gpt5.4__rep1.json	PILOT-2011009182	H	1	0.0	0.0	0.0	0.0	17	0	0	
PILOT-2011009182__H__gpt5.4__rep2.json	PILOT-2011009182	H	2	0.0	0.0	0.0	0.0	17	0	0	
PILOT-2011011469__H__gpt5.4__rep0.json	PILOT-2011011469	H	0	0.0	0.0	0.0	0.0	5	2	0	
PILOT-2011011469__H__gpt5.4__rep1.json	PILOT-2011011469	H	1	0.0	0.0	0.0	0.0	7	0	0	
PILOT-2011011469__H__gpt5.4__rep2.json	PILOT-2011011469	H	2	0.0	0.0	0.0	0.0	5	2	0	
PILOT-2011012180__H__gpt5.4__rep0.json	PILOT-2011012180	H	0	0.0027	0.0029	0.0278	0.0053	9	0	0	
PILOT-2011012180__H__gpt5.4__rep1.json	PILOT-2011012180	H	1	0.0119	0.0156	0.0658	0.0229	9	0	0	
PILOT-2011012180__H__gpt5.4__rep2.json	PILOT-2011012180	H	2	0.0374	0.0509	0.1049	0.0614	9	0	0	
PILOT-2011013110__H__gpt5.4__rep0.json	PILOT-2011013110	H	0	0.0	0.0	0.0	0.0	11	0	0	
PILOT-2011013110__H__gpt5.4__rep1.json	PILOT-2011013110	H	1	0.0067	0.0084	0.0335	0.013	11	0	0	
PILOT-2011013110__H__gpt5.4__rep2.json	PILOT-2011013110	H	2	0.0	0.0	0.0	0.0	11	0	0	
PILOT-2012000327__H__gpt5.4__rep0.json	PILOT-2012000327	H	0	0.0954	0.2273	0.1289	0.1594	10	0	0	
PILOT-2012000327__H__gpt5.4__rep1.json	PILOT-2012000327	H	1	0.1484	0.4122	0.1591	0.2271	10	0	0	
PILOT-2012000327__H__gpt5.4__rep2.json	PILOT-2012000327	H	2	0.0947	0.2622	0.1148	0.159	6	4	0	
PILOT-2012003288__H__gpt5.4__rep0.json	PILOT-2012003288	H	0	0.0583	0.0683	0.2188	0.1041	4	0	0	
PILOT-2012003288__H__gpt5.4__rep1.json	PILOT-2012003288	H	1	0.0179	0.0263	0.0454	0.0333	4	0	0	
PILOT-2012003288__H__gpt5.4__rep2.json	PILOT-2012003288	H	2	0.0179	0.0263	0.0454	0.0333	4	0	0	
PILOT-2012005674__H__gpt5.4__rep0.json	PILOT-2012005674	H	0	0.0037	0.0059	0.0096	0.0072	7	0	0	
PILOT-2012005674__H__gpt5.4__rep1.json	PILOT-2012005674	H	1	0.0	0.0	0.0	0.0	7	0	0	
PILOT-2012005674__H__gpt5.4__rep2.json	PILOT-2012005674	H	2	0.0037	0.0059	0.0096	0.0072	7	0	0	
PILOT-2012006145__H__gpt5.4__rep0.json	PILOT-2012006145	H	0	0.0	0.0	0.0	0.0	23	0	0	
PILOT-2012006145__H__gpt5.4__rep1.json	PILOT-2012006145	H	1	0.0	0.0	0.0	0.0	23	0	0	
PILOT-2012006145__H__gpt5.4__rep2.json	PILOT-2012006145	H	2	0.0	0.0	0.0	0.0	23	0	0	
PILOT-2012007524__H__gpt5.4__rep0.json	PILOT-2012007524	H	0	0.004	0.0055	0.0133	0.0078	7	0	0	
PILOT-2012007524__H__gpt5.4__rep1.json	PILOT-2012007524	H	1	0.0047	0.0055	0.026	0.0091	7	0	0	
PILOT-2012007524__H__gpt5.4__rep2.json	PILOT-2012007524	H	2	0.0021	0.0028	0.0077	0.0041	7	0	0	
PILOT-2012008496__H__gpt5.4__rep0.json	PILOT-2012008496	H	0	0.0	0.0	0.0	0.0	18	0	0	
PILOT-2012008496__H__gpt5.4__rep1.json	PILOT-2012008496	H	1	0.0	0.0	0.0	0.0	14	4	0	
PILOT-2012008496__H__gpt5.4__rep2.json	PILOT-2012008496	H	2	0.0417	0.1389	0.0514	0.0714	18	0	0	
PILOT-2012010015__H__gpt5.4__rep0.json	PILOT-2012010015	H	0	0.014	0.0381	0.0191	0.0254	14	0	0	
PILOT-2012010015__H__gpt5.4__rep1.json	PILOT-2012010015	H	1	0.0095	0.0238	0.013	0.0168	14	0	0	
PILOT-2012010015__H__gpt5.4__rep2.json	PILOT-2012010015	H	2	0.0084	0.0238	0.011	0.015	14	0	0	
PILOT-2013000789__H__gpt5.4__rep0.json	PILOT-2013000789	H	0	0.0632	0.3091	0.0635	0.1047	11	0	0	
PILOT-2013000789__H__gpt5.4__rep1.json	PILOT-2013000789	H	1	0.0934	0.4	0.0937	0.1439	11	0	0	
PILOT-2013000789__H__gpt5.4__rep2.json	PILOT-2013000789	H	2	0.0798	0.4	0.0801	0.1283	11	0	0	
PILOT-2013001277__H__gpt5.4__rep0.json	PILOT-2013001277	H	0	0.0	0.0	0.0	0.0	7	0	0	
PILOT-2013001277__H__gpt5.4__rep1.json	PILOT-2013001277	H	1	0.0	0.0	0.0	0.0	7	0	0	
PILOT-2013001277__H__gpt5.4__rep2.json	PILOT-2013001277	H	2	0.0	0.0	0.0	0.0	7	0	0	
PILOT-2013007708__H__gpt5.4__rep0.json	PILOT-2013007708	H	0	0.0	0.0	0.0	0.0	16	0	0	
PILOT-2013007708__H__gpt5.4__rep1.json	PILOT-2013007708	H	1	0.0	0.0	0.0	0.0	16	0	0	
PILOT-2013007708__H__gpt5.4__rep2.json	PILOT-2013007708	H	2	0.0	0.0	0.0	0.0	16	0	0	
PILOT-2014002407__H__gpt5.4__rep0.json	PILOT-2014002407	H	0	0.0342	0.0402	0.1704	0.0649	4	0	0	
PILOT-2014002407__H__gpt5.4__rep1.json	PILOT-2014002407	H	1	0.0039	0.0053	0.0143	0.0077	4	0	0	
PILOT-2014002407__H__gpt5.4__rep2.json	PILOT-2014002407	H	2	0.004	0.0053	0.0152	0.0079	4	0	0	
PILOT-2014002745__H__gpt5.4__rep0.json	PILOT-2014002745	H	0	0.0332	0.2764	0.0363	0.0619	14	0	0	
PILOT-2014002745__H__gpt5.4__rep1.json	PILOT-2014002745	H	1	0.0268	0.1799	0.0288	0.0483	9	5	0	
PILOT-2014002745__H__gpt5.4__rep2.json	PILOT-2014002745	H	2	0.0248	0.1799	0.0268	0.0452	9	5	0	
PILOT-2014003236__H__gpt5.4__rep0.json	PILOT-2014003236	H	0	0.0	0.0	0.0	0.0	2	0	0	
PILOT-2014003236__H__gpt5.4__rep1.json	PILOT-2014003236	H	1	0.0	0.0	0.0	0.0	2	0	0	
PILOT-2014003236__H__gpt5.4__rep2.json	PILOT-2014003236	H	2	0.0	0.0	0.0	0.0	2	0	0	
PILOT-2014003587__H__gpt5.4__rep0.json	PILOT-2014003587	H	0	0.0	0.0	0.0	0.0	16	3	0	
PILOT-2014003587__H__gpt5.4__rep1.json	PILOT-2014003587	H	1	0.0	0.0	0.0	0.0	13	6	0	
PILOT-2014003587__H__gpt5.4__rep2.json	PILOT-2014003587	H	2	0.0	0.0	0.0	0.0	19	0	0	
PILOT-2014006550__H__gpt5.4__rep0.json	PILOT-2014006550	H	0	0.0	0.0	0.0	0.0	20	0	0	
PILOT-2014006550__H__gpt5.4__rep1.json	PILOT-2014006550	H	1	0.0	0.0	0.0	0.0	20	0	0	
PILOT-2014006550__H__gpt5.4__rep2.json	PILOT-2014006550	H	2	0.0	0.0	0.0	0.0	20	0	0	
PILOT-2014007043__H__gpt5.4__rep0.json	PILOT-2014007043	H	0	0.0	0.0	0.0	0.0	5	0	0	
PILOT-2014007043__H__gpt5.4__rep1.json	PILOT-2014007043	H	1	0.0071	0.1	0.0074	0.0138	5	0	0	
PILOT-2014007043__H__gpt5.4__rep2.json	PILOT-2014007043	H	2	0.0224	0.3067	0.0665	0.043	5	0	0	
PILOT-2014008375__H__gpt5.4__rep0.json	PILOT-2014008375	H	0	0.0	0.0	0.0	0.0	3	0	0	
PILOT-2014008375__H__gpt5.4__rep1.json	PILOT-2014008375	H	1	0.0513	0.0667	0.1333	0.0889	3	0	0	
PILOT-2014008375__H__gpt5.4__rep2.json	PILOT-2014008375	H	2	0.0	0.0	0.0	0.0	3	0	0	
PILOT-2014009096__H__gpt5.4__rep0.json	PILOT-2014009096	H	0	0.0242	0.0495	0.0456	0.0468	4	0	0	
PILOT-2014009096__H__gpt5.4__rep1.json	PILOT-2014009096	H	1	0.0242	0.0495	0.0456	0.0468	4	0	0	
PILOT-2014009096__H__gpt5.4__rep2.json	PILOT-2014009096	H	2	0.0242	0.0495	0.0456	0.0468	4	0	0	
PILOT-2014009182__H__gpt5.4__rep0.json	PILOT-2014009182	H	0	0.0015	0.0018	0.0084	0.003	12	0	0	
PILOT-2014009182__H__gpt5.4__rep1.json	PILOT-2014009182	H	1	0.0	0.0	0.0	0.0	11	1	0	
PILOT-2014009182__H__gpt5.4__rep2.json	PILOT-2014009182	H	2	0.0	0.0	0.0	0.0	11	1	0	
PILOT-2014009970__H__gpt5.4__rep0.json	PILOT-2014009970	H	0	0.0	0.0	0.0	0.0	9	0	0	
PILOT-2014009970__H__gpt5.4__rep1.json	PILOT-2014009970	H	1	0.0	0.0	0.0	0.0	6	3	0	
PILOT-2014009970__H__gpt5.4__rep2.json	PILOT-2014009970	H	2	0.0	0.0	0.0	0.0	6	3	0	
PILOT-2015000199__H__gpt5.4__rep0.json	PILOT-2015000199	H	0	0.0284	0.0411	0.0682	0.0508	10	0	0	
PILOT-2015000199__H__gpt5.4__rep1.json	PILOT-2015000199	H	1	0.0369	0.058	0.0863	0.0649	10	0	0	
PILOT-2015000199__H__gpt5.4__rep2.json	PILOT-2015000199	H	2	0.0259	0.0375	0.0757	0.0471	10	0	0	
PILOT-2015004151__H__gpt5.4__rep0.json	PILOT-2015004151	H	0	0.0227	0.1667	0.0238	0.0417	4	2	0	
PILOT-2015004151__H__gpt5.4__rep1.json	PILOT-2015004151	H	1	0.0312	0.1667	0.0333	0.0556	4	2	0	
PILOT-2015004151__H__gpt5.4__rep2.json	PILOT-2015004151	H	2	0.0312	0.1667	0.0333	0.0556	4	2	0	
PILOT-2015004158__H__gpt5.4__rep0.json	PILOT-2015004158	H	0	0.0442	0.076	0.0881	0.0796	7	0	0	
PILOT-2015004158__H__gpt5.4__rep1.json	PILOT-2015004158	H	1	0.0499	0.076	0.1079	0.0884	7	0	0	
PILOT-2015004158__H__gpt5.4__rep2.json	PILOT-2015004158	H	2	0.0499	0.076	0.1079	0.0884	7	0	0	
PILOT-2015004926__H__gpt5.4__rep0.json	PILOT-2015004926	H	0	0.0072	0.0146	0.0124	0.0133	15	0	0	
PILOT-2015004926__H__gpt5.4__rep1.json	PILOT-2015004926	H	1	0.0163	0.0313	0.028	0.0295	15	0	0	
PILOT-2015004926__H__gpt5.4__rep2.json	PILOT-2015004926	H	2	0.015	0.0313	0.0244	0.0274	15	0	0	
PILOT-2015005752__H__gpt5.4__rep0.json	PILOT-2015005752	H	0	0.0511	0.0758	0.0865	0.0782	7	0	0	
PILOT-2015005752__H__gpt5.4__rep1.json	PILOT-2015005752	H	1	0.0505	0.0758	0.0794	0.0771	7	0	0	
PILOT-2015005752__H__gpt5.4__rep2.json	PILOT-2015005752	H	2	0.0505	0.0758	0.0794	0.0771	7	0	0	
PILOT-2015006206__H__gpt5.4__rep0.json	PILOT-2015006206	H	0	0.0278	0.034	0.098	0.0505	7	0	0	
PILOT-2015006206__H__gpt5.4__rep1.json	PILOT-2015006206	H	1	0.0168	0.0204	0.0571	0.0301	7	0	0	
PILOT-2015006206__H__gpt5.4__rep2.json	PILOT-2015006206	H	2	0.0298	0.034	0.1524	0.0539	7	0	0	
PILOT-2015006603__H__gpt5.4__rep0.json	PILOT-2015006603	H	0	0.0	0.0	0.0	0.0	19	1	0	
PILOT-2015006603__H__gpt5.4__rep1.json	PILOT-2015006603	H	1	0.0	0.0	0.0	0.0	14	6	0	
PILOT-2015006603__H__gpt5.4__rep2.json	PILOT-2015006603	H	2	0.0	0.0	0.0	0.0	19	1	0	
PILOT-2016000830__H__gpt5.4__rep0.json	PILOT-2016000830	H	0	0.0559	1.0	0.0559	0.1019	2	0	0	
PILOT-2016000830__H__gpt5.4__rep1.json	PILOT-2016000830	H	1	0.0072	1.0	0.0072	0.0143	1	1	0	
PILOT-2016000830__H__gpt5.4__rep2.json	PILOT-2016000830	H	2	0.0072	1.0	0.0072	0.0144	1	1	0	
PILOT-2016000849__H__gpt5.4__rep0.json	PILOT-2016000849	H	0	0.0	0.0	0.0	0.0	39	0	0	
PILOT-2016000849__H__gpt5.4__rep1.json	PILOT-2016000849	H	1	0.0003	0.0003	0.0015	0.0005	39	0	0	
PILOT-2016000849__H__gpt5.4__rep2.json	PILOT-2016000849	H	2	0.0039	0.0057	0.0113	0.0074	39	0	0	
PILOT-2016003042__H__gpt5.4__rep0.json	PILOT-2016003042	H	0	0.0392	0.1321	0.0428	0.0647	7	0	0	
PILOT-2016003042__H__gpt5.4__rep1.json	PILOT-2016003042	H	1	0.0581	0.2075	0.0652	0.0987	7	0	0	
PILOT-2016003042__H__gpt5.4__rep2.json	PILOT-2016003042	H	2	0.0411	0.1321	0.0464	0.0682	7	0	0	
PILOT-2016004446__H__gpt5.4__rep0.json	PILOT-2016004446	H	0	0.0637	0.7111	0.0656	0.1176	3	0	0	
PILOT-2016004446__H__gpt5.4__rep1.json	PILOT-2016004446	H	1	0.0689	0.7111	0.0708	0.1268	3	0	0	
PILOT-2016004446__H__gpt5.4__rep2.json	PILOT-2016004446	H	2	0.0556	0.2667	0.058	0.0952	3	0	0	
PILOT-2016005844__H__gpt5.4__rep0.json	PILOT-2016005844	H	0	0.0	0.0	0.0	0.0	4	0	0	
PILOT-2016005844__H__gpt5.4__rep1.json	PILOT-2016005844	H	1	0.0324	0.0982	0.0443	0.0609	4	0	0	
PILOT-2016005844__H__gpt5.4__rep2.json	PILOT-2016005844	H	2	0.0	0.0	0.0	0.0	4	0	0	
PILOT-2016006702__H__gpt5.4__rep0.json	PILOT-2016006702	H	0	0.0011	0.0012	0.007	0.0021	30	0	0	
PILOT-2016006702__H__gpt5.4__rep1.json	PILOT-2016006702	H	1	0.0011	0.0012	0.0121	0.0022	30	0	0	
PILOT-2016006702__H__gpt5.4__rep2.json	PILOT-2016006702	H	2	0.0008	0.0009	0.0048	0.0015	30	0	0	
PILOT-2016007603__H__gpt5.4__rep0.json	PILOT-2016007603	H	0	0.0	0.0	0.0	0.0	5	0	0	
PILOT-2016007603__H__gpt5.4__rep1.json	PILOT-2016007603	H	1	0.0	0.0	0.0	0.0	5	0	0	
PILOT-2016007603__H__gpt5.4__rep2.json	PILOT-2016007603	H	2	0.0	0.0	0.0	0.0	5	0	0	
PILOT-2016007888__H__gpt5.4__rep0.json	PILOT-2016007888	H	0	0.0041	0.0049	0.0208	0.0079	6	0	0	
PILOT-2016007888__H__gpt5.4__rep1.json	PILOT-2016007888	H	1	0.0041	0.0049	0.0208	0.0079	6	0	0	
PILOT-2016007888__H__gpt5.4__rep2.json	PILOT-2016007888	H	2	0.0021	0.0024	0.0119	0.0041	6	0	0	
PILOT-2017000071__H__gpt5.4__rep0.json	PILOT-2017000071	H	0	None							no_baseline
PILOT-2017000071__H__gpt5.4__rep1.json	PILOT-2017000071	H	1	None							no_baseline
PILOT-2017000071__H__gpt5.4__rep2.json	PILOT-2017000071	H	2	None							no_baseline
PILOT-2017000093__H__gpt5.4__rep0.json	PILOT-2017000093	H	0	0.0023	0.0034	0.007	0.0046	17	0	0	
PILOT-2017000093__H__gpt5.4__rep1.json	PILOT-2017000093	H	1	0.0046	0.0052	0.0353	0.0088	17	0	0	
PILOT-2017000093__H__gpt5.4__rep2.json	PILOT-2017000093	H	2	0.0024	0.0034	0.0073	0.0046	17	0	0	
PILOT-2017001422__H__gpt5.4__rep0.json	PILOT-2017001422	H	0	0.0	0.0	0.0	0.0	2	0	0	
PILOT-2017001422__H__gpt5.4__rep1.json	PILOT-2017001422	H	1	0.0	0.0	0.0	0.0	2	0	0	
PILOT-2017001422__H__gpt5.4__rep2.json	PILOT-2017001422	H	2	0.0	0.0	0.0	0.0	2	0	0	
PILOT-2017002001__H__gpt5.4__rep0.json	PILOT-2017002001	H	0	0.0172	0.0324	0.0278	0.0298	18	1	0	
PILOT-2017002001__H__gpt5.4__rep1.json	PILOT-2017002001	H	1	0.0172	0.0324	0.0278	0.0298	18	1	0	
PILOT-2017002001__H__gpt5.4__rep2.json	PILOT-2017002001	H	2	0.0198	0.0375	0.0328	0.0348	18	1	0	
PILOT-2017002029__H__gpt5.4__rep0.json	PILOT-2017002029	H	0	0.0	0.0	0.0	0.0	23	0	0	
PILOT-2017002029__H__gpt5.4__rep1.json	PILOT-2017002029	H	1	0.0	0.0	0.0	0.0	23	0	0	
PILOT-2017002029__H__gpt5.4__rep2.json	PILOT-2017002029	H	2	0.0068	0.0476	0.0068	0.0119	21	2	0	
PILOT-2017003676__H__gpt5.4__rep0.json	PILOT-2017003676	H	0	0.0184	0.0317	0.0367	0.0329	19	0	0	
PILOT-2017003676__H__gpt5.4__rep1.json	PILOT-2017003676	H	1	0.0202	0.0317	0.0432	0.0358	19	0	0	
PILOT-2017003676__H__gpt5.4__rep2.json	PILOT-2017003676	H	2	0.0312	0.0552	0.0587	0.0551	19	0	0	
PILOT-2017004144__H__gpt5.4__rep0.json	PILOT-2017004144	H	0	0.0	0.0	0.0	0.0	2	5	0	
PILOT-2017004144__H__gpt5.4__rep1.json	PILOT-2017004144	H	1	None	None	None	None	0	7	0	no_aligned_claims
PILOT-2017004144__H__gpt5.4__rep2.json	PILOT-2017004144	H	2	0.0	0.0	0.0	0.0	2	5	0	
PILOT-2017004286__H__gpt5.4__rep0.json	PILOT-2017004286	H	0	0.0025	0.0026	0.0229	0.0046	25	0	0	
PILOT-2017004286__H__gpt5.4__rep1.json	PILOT-2017004286	H	1	0.0142	0.0222	0.0333	0.0248	25	0	0	
PILOT-2017004286__H__gpt5.4__rep2.json	PILOT-2017004286	H	2	0.0055	0.0064	0.0343	0.0104	25	0	0	
PILOT-2017005259__H__gpt5.4__rep0.json	PILOT-2017005259	H	0	0.0	0.0	0.0	0.0	12	0	0	
PILOT-2017005259__H__gpt5.4__rep1.json	PILOT-2017005259	H	1	0.0216	0.0281	0.0545	0.037	12	0	0	
PILOT-2017005259__H__gpt5.4__rep2.json	PILOT-2017005259	H	2	0.0049	0.0072	0.0128	0.0093	12	0	0	
PILOT-2017005493__H__gpt5.4__rep0.json	PILOT-2017005493	H	0	0.0068	0.0125	0.0115	0.012	20	0	0	
PILOT-2017005493__H__gpt5.4__rep1.json	PILOT-2017005493	H	1	0.0067	0.0083	0.02	0.0118	20	0	0	
PILOT-2017005493__H__gpt5.4__rep2.json	PILOT-2017005493	H	2	0.0167	0.025	0.025	0.025	20	0	0	
PILOT-2017006188__H__gpt5.4__rep0.json	PILOT-2017006188	H	0	0.0	0.0	0.0	0.0	5	0	0	
PILOT-2017006188__H__gpt5.4__rep1.json	PILOT-2017006188	H	1	0.0	0.0	0.0	0.0	5	0	0	
PILOT-2017006188__H__gpt5.4__rep2.json	PILOT-2017006188	H	2	None	None	None	None	0	5	0	no_aligned_claims
PILOT-2017007272__H__gpt5.4__rep0.json	PILOT-2017007272	H	0	0.082	0.1621	0.1303	0.1279	9	0	0	
PILOT-2017007272__H__gpt5.4__rep1.json	PILOT-2017007272	H	1	0.0704	0.1462	0.1192	0.1142	9	0	0	
PILOT-2017007272__H__gpt5.4__rep2.json	PILOT-2017007272	H	2	0.0713	0.1462	0.121	0.1146	9	0	0	
PILOT-2017007595__H__gpt5.4__rep0.json	PILOT-2017007595	H	0	0.0035	0.0075	0.0061	0.0065	35	0	0	
PILOT-2017007595__H__gpt5.4__rep1.json	PILOT-2017007595	H	1	0.0036	0.0075	0.0063	0.0067	35	0	0	
PILOT-2017007595__H__gpt5.4__rep2.json	PILOT-2017007595	H	2	0.0037	0.0075	0.0067	0.0069	35	0	0	
PILOT-2017009415__H__gpt5.4__rep0.json	PILOT-2017009415	H	0	0.001	0.0012	0.0069	0.0021	12	1	0	
PILOT-2017009415__H__gpt5.4__rep1.json	PILOT-2017009415	H	1	0.0015	0.0016	0.0159	0.0029	9	4	0	
PILOT-2017009415__H__gpt5.4__rep2.json	PILOT-2017009415	H	2	0.0028	0.0031	0.0302	0.0056	13	0	0	
PILOT-2017010497__H__gpt5.4__rep0.json	PILOT-2017010497	H	0	0.0123	0.0152	0.0427	0.0224	12	1	0	
PILOT-2017010497__H__gpt5.4__rep1.json	PILOT-2017010497	H	1	0.0504	0.0541	0.0696	0.0609	13	0	0	
PILOT-2017010497__H__gpt5.4__rep2.json	PILOT-2017010497	H	2	0.01	0.0119	0.0357	0.0179	12	1	0	
PILOT-2017010632__H__gpt5.4__rep0.json	PILOT-2017010632	H	0	0.0621	0.275	0.0692	0.1105	2	0	0	
PILOT-2017010632__H__gpt5.4__rep1.json	PILOT-2017010632	H	1	0.0601	0.275	0.0667	0.1073	2	0	0	
PILOT-2017010632__H__gpt5.4__rep2.json	PILOT-2017010632	H	2	0.0621	0.275	0.0692	0.1105	2	0	0	
PILOT-2018000427__H__gpt5.4__rep0.json	PILOT-2018000427	H	0	0.0143	0.0294	0.0263	0.0278	2	0	0	
PILOT-2018000427__H__gpt5.4__rep1.json	PILOT-2018000427	H	1	0.0445	0.0588	0.1333	0.0817	2	0	0	
PILOT-2018000427__H__gpt5.4__rep2.json	PILOT-2018000427	H	2	0.0445	0.0588	0.1333	0.0817	2	0	0	
PILOT-2018001232__H__gpt5.4__rep0.json	PILOT-2018001232	H	0	0.0	0.0	0.0	0.0	16	0	0	
PILOT-2018001232__H__gpt5.4__rep1.json	PILOT-2018001232	H	1	0.0015	0.0027	0.0032	0.0029	11	5	0	
PILOT-2018001232__H__gpt5.4__rep2.json	PILOT-2018001232	H	2	0.0	0.0	0.0	0.0	16	0	0	
PILOT-2018003513__H__gpt5.4__rep0.json	PILOT-2018003513	H	0	0.0649	0.2049	0.1245	0.106	11	0	0	
PILOT-2018003513__H__gpt5.4__rep1.json	PILOT-2018003513	H	1	0.0755	0.2179	0.141	0.1234	11	0	0	
PILOT-2018003513__H__gpt5.4__rep2.json	PILOT-2018003513	H	2	0.0796	0.2532	0.1272	0.129	11	0	0	
PILOT-2018005420__H__gpt5.4__rep0.json	PILOT-2018005420	H	0	0.0517	0.0806	0.1347	0.0927	25	0	0	
PILOT-2018005420__H__gpt5.4__rep1.json	PILOT-2018005420	H	1	0.0421	0.0668	0.1229	0.0758	25	0	0	
PILOT-2018005420__H__gpt5.4__rep2.json	PILOT-2018005420	H	2	0.0329	0.0525	0.0963	0.0612	25	0	0	
PILOT-2018005863__H__gpt5.4__rep0.json	PILOT-2018005863	H	0	0.0169	0.0237	0.0539	0.0316	25	0	0	
PILOT-2018005863__H__gpt5.4__rep1.json	PILOT-2018005863	H	1	0.0109	0.014	0.0774	0.0203	25	0	0	
PILOT-2018005863__H__gpt5.4__rep2.json	PILOT-2018005863	H	2	0.0081	0.0094	0.0729	0.0152	25	0	0	
PILOT-2018007886__H__gpt5.4__rep0.json	PILOT-2018007886	H	0	0.0	0.0	0.0	0.0	6	0	0	
PILOT-2018007886__H__gpt5.4__rep1.json	PILOT-2018007886	H	1	0.0	0.0	0.0	0.0	6	0	0	
PILOT-2018007886__H__gpt5.4__rep2.json	PILOT-2018007886	H	2	0.0	0.0	0.0	0.0	6	0	0	
PILOT-2018007979__H__gpt5.4__rep0.json	PILOT-2018007979	H	0	0.0	0.0	0.0	0.0	3	0	0	
PILOT-2018007979__H__gpt5.4__rep1.json	PILOT-2018007979	H	1	0.0308	0.0352	0.1806	0.0587	3	0	0	
PILOT-2018007979__H__gpt5.4__rep2.json	PILOT-2018007979	H	2	0.0	0.0	0.0	0.0	3	0	0	
PILOT-2019001867__H__gpt5.4__rep0.json	PILOT-2019001867	H	0	0.0244	0.0264	0.0477	0.0323	23	0	0	
PILOT-2019001867__H__gpt5.4__rep1.json	PILOT-2019001867	H	1	0.0272	0.0293	0.0796	0.0375	23	0	0	
PILOT-2019001867__H__gpt5.4__rep2.json	PILOT-2019001867	H	2	0.0272	0.0293	0.0796	0.0375	23	0	0	
PILOT-2019002001__H__gpt5.4__rep0.json	PILOT-2019002001	H	0	0.017	0.033	0.0268	0.0294	18	0	0	
PILOT-2019002001__H__gpt5.4__rep1.json	PILOT-2019002001	H	1	0.0334	0.0678	0.0567	0.0595	10	8	0	
PILOT-2019002001__H__gpt5.4__rep2.json	PILOT-2019002001	H	2	0.0135	0.0356	0.0185	0.0244	18	0	0	
PILOT-2019002439__H__gpt5.4__rep0.json	PILOT-2019002439	H	0	0.0026	0.0039	0.0076	0.0051	24	1	0	
PILOT-2019002439__H__gpt5.4__rep1.json	PILOT-2019002439	H	1	0.0025	0.0037	0.0076	0.0049	25	0	0	
PILOT-2019002439__H__gpt5.4__rep2.json	PILOT-2019002439	H	2	0.0025	0.0037	0.0075	0.0049	25	0	0	
PILOT-2019003829__H__gpt5.4__rep0.json	PILOT-2019003829	H	0	0.0	0.0	0.0	0.0	2	5	0	
PILOT-2019003829__H__gpt5.4__rep1.json	PILOT-2019003829	H	1	0.0317	0.0952	0.0417	0.058	3	4	0	
PILOT-2019003829__H__gpt5.4__rep2.json	PILOT-2019003829	H	2	0.0136	0.0408	0.0179	0.0248	7	0	0	
PILOT-2019005007__H__gpt5.4__rep0.json	PILOT-2019005007	H	0	0.0174	0.0248	0.0348	0.029	23	1	0	
PILOT-2019005007__H__gpt5.4__rep1.json	PILOT-2019005007	H	1	0.0024	0.0038	0.006	0.0046	24	0	0	
PILOT-2019005007__H__gpt5.4__rep2.json	PILOT-2019005007	H	2	0.0174	0.0248	0.0348	0.029	23	1	0	
PILOT-2019005292__H__gpt5.4__rep0.json	PILOT-2019005292	H	0	0.0094	0.0113	0.0753	0.0181	20	0	0	
PILOT-2019005292__H__gpt5.4__rep1.json	PILOT-2019005292	H	1	0.0092	0.011	0.0744	0.0176	20	0	0	
PILOT-2019005292__H__gpt5.4__rep2.json	PILOT-2019005292	H	2	0.0021	0.0034	0.0052	0.0041	20	0	0	
PILOT-2019005776__H__gpt5.4__rep0.json	PILOT-2019005776	H	0	0.0617	0.0758	0.25	0.1163	1	0	0	
PILOT-2019005776__H__gpt5.4__rep1.json	PILOT-2019005776	H	1	0.0694	0.0758	0.4545	0.1299	1	0	0	
PILOT-2019005776__H__gpt5.4__rep2.json	PILOT-2019005776	H	2	0.0694	0.0758	0.4545	0.1299	1	0	0	
PILOT-2019006119__H__gpt5.4__rep0.json	PILOT-2019006119	H	0	0.0	0.0	0.0	0.0	1	0	0	
PILOT-2019006119__H__gpt5.4__rep1.json	PILOT-2019006119	H	1	0.0	0.0	0.0	0.0	1	0	0	
PILOT-2019006119__H__gpt5.4__rep2.json	PILOT-2019006119	H	2	0.0	0.0	0.0	0.0	1	0	0	
PILOT-2019006614__H__gpt5.4__rep0.json	PILOT-2019006614	H	0	None							no_baseline
PILOT-2019006614__H__gpt5.4__rep1.json	PILOT-2019006614	H	1	None							no_baseline
PILOT-2019006614__H__gpt5.4__rep2.json	PILOT-2019006614	H	2	None							no_baseline
PILOT-2020000122__H__gpt5.4__rep0.json	PILOT-2020000122	H	0	0.0117	0.0147	0.0451	0.0219	19	0	0	
PILOT-2020000122__H__gpt5.4__rep1.json	PILOT-2020000122	H	1	0.0104	0.0137	0.035	0.0197	18	1	0	
PILOT-2020000122__H__gpt5.4__rep2.json	PILOT-2020000122	H	2	0.0177	0.0228	0.0664	0.0337	19	0	0	
PILOT-2020000158__H__gpt5.4__rep0.json	PILOT-2020000158	H	0	0.0069	0.0108	0.0435	0.0132	20	0	0	
PILOT-2020000158__H__gpt5.4__rep1.json	PILOT-2020000158	H	1	0.0819	0.1696	0.0937	0.1203	18	2	0	
PILOT-2020000158__H__gpt5.4__rep2.json	PILOT-2020000158	H	2	0.0203	0.0274	0.0838	0.037	20	0	0	
PILOT-2020000362__H__gpt5.4__rep0.json	PILOT-2020000362	H	0	0.0038	0.0051	0.0133	0.0073	15	0	0	
PILOT-2020000362__H__gpt5.4__rep1.json	PILOT-2020000362	H	1	0.0038	0.0051	0.0133	0.0073	15	0	0	
PILOT-2020000362__H__gpt5.4__rep2.json	PILOT-2020000362	H	2	0.0044	0.0059	0.0154	0.0085	13	2	0	
PILOT-2020000402__H__gpt5.4__rep0.json	PILOT-2020000402	H	0	0.0304	0.0418	0.0833	0.0556	6	0	0	
PILOT-2020000402__H__gpt5.4__rep1.json	PILOT-2020000402	H	1	0.0304	0.0418	0.0833	0.0556	6	0	0	
PILOT-2020000402__H__gpt5.4__rep2.json	PILOT-2020000402	H	2	0.0309	0.0454	0.0842	0.0573	6	0	0	
PILOT-2020000676__H__gpt5.4__rep0.json	PILOT-2020000676	H	0	0.0	0.0	0.0	0.0	6	0	0	
PILOT-2020000676__H__gpt5.4__rep1.json	PILOT-2020000676	H	1	0.0	0.0	0.0	0.0	6	0	0	
PILOT-2020000676__H__gpt5.4__rep2.json	PILOT-2020000676	H	2	0.0	0.0	0.0	0.0	6	0	0	
PILOT-2020001769__H__gpt5.4__rep0.json	PILOT-2020001769	H	0	0.0	0.0	0.0	0.0	10	0	0	
PILOT-2020001769__H__gpt5.4__rep1.json	PILOT-2020001769	H	1	0.0	0.0	0.0	0.0	10	0	0	
PILOT-2020001769__H__gpt5.4__rep2.json	PILOT-2020001769	H	2	0.0	0.0	0.0	0.0	8	2	0	
PILOT-2020002332__H__gpt5.4__rep0.json	PILOT-2020002332	H	0	0.0295	0.0437	0.0736	0.0518	25	0	0	
PILOT-2020002332__H__gpt5.4__rep1.json	PILOT-2020002332	H	1	0.0311	0.0463	0.0755	0.0541	25	0	0	
PILOT-2020002332__H__gpt5.4__rep2.json	PILOT-2020002332	H	2	0.028	0.0412	0.0717	0.0496	25	0	0	
PILOT-2020002369__H__gpt5.4__rep0.json	PILOT-2020002369	H	0	0.02	0.0328	0.0471	0.0368	20	0	0	
PILOT-2020002369__H__gpt5.4__rep1.json	PILOT-2020002369	H	1	0.0204	0.0339	0.0474	0.0375	20	0	0	
PILOT-2020002369__H__gpt5.4__rep2.json	PILOT-2020002369	H	2	0.0142	0.0245	0.0307	0.0259	20	0	0	
PILOT-2020002555__H__gpt5.4__rep0.json	PILOT-2020002555	H	0	0.0081	0.012	0.0217	0.0151	20	0	0	
PILOT-2020002555__H__gpt5.4__rep1.json	PILOT-2020002555	H	1	0.008	0.012	0.0205	0.0149	20	0	0	
PILOT-2020002555__H__gpt5.4__rep2.json	PILOT-2020002555	H	2	0.0095	0.0141	0.0254	0.0179	20	0	0	
PILOT-2020002688__H__gpt5.4__rep0.json	PILOT-2020002688	H	0	0.0	0.0	0.0	0.0	8	0	0	
PILOT-2020002688__H__gpt5.4__rep1.json	PILOT-2020002688	H	1	0.0011	0.0014	0.0039	0.0021	8	0	0	
PILOT-2020002688__H__gpt5.4__rep2.json	PILOT-2020002688	H	2	0.0012	0.0014	0.0069	0.0024	8	0	0	
PILOT-2020002729__H__gpt5.4__rep0.json	PILOT-2020002729	H	0	0.0	0.0	0.0	0.0	11	0	0	
PILOT-2020002729__H__gpt5.4__rep1.json	PILOT-2020002729	H	1	0.0	0.0	0.0	0.0	11	0	0	
PILOT-2020002729__H__gpt5.4__rep2.json	PILOT-2020002729	H	2	0.0	0.0	0.0	0.0	11	0	0	
PILOT-2020003998__H__gpt5.4__rep0.json	PILOT-2020003998	H	0	None							no_baseline
PILOT-2020003998__H__gpt5.4__rep1.json	PILOT-2020003998	H	1	None							no_baseline
PILOT-2020003998__H__gpt5.4__rep2.json	PILOT-2020003998	H	2	None							no_baseline
PILOT-2020004768__H__gpt5.4__rep0.json	PILOT-2020004768	H	0	0.0199	0.1219	0.0211	0.0353	12	0	0	
PILOT-2020004768__H__gpt5.4__rep1.json	PILOT-2020004768	H	1	0.02	0.1219	0.0213	0.0356	12	0	0	
PILOT-2020004768__H__gpt5.4__rep2.json	PILOT-2020004768	H	2	0.0197	0.1219	0.0208	0.0351	12	0	0	
PILOT-2020006264__H__gpt5.4__rep0.json	PILOT-2020006264	H	0	0.0036	0.0046	0.0158	0.0071	20	0	0	
PILOT-2020006264__H__gpt5.4__rep1.json	PILOT-2020006264	H	1	0.0068	0.009	0.0232	0.0126	20	0	0	
PILOT-2020006264__H__gpt5.4__rep2.json	PILOT-2020006264	H	2	0.0082	0.0132	0.0192	0.0153	20	0	0	
PILOT-2020006435__H__gpt5.4__rep0.json	PILOT-2020006435	H	0	0.003	0.0151	0.0035	0.0057	22	0	0	
PILOT-2020006435__H__gpt5.4__rep1.json	PILOT-2020006435	H	1	0.003	0.0151	0.0035	0.0057	22	0	0	
PILOT-2020006435__H__gpt5.4__rep2.json	PILOT-2020006435	H	2	0.0018	0.0151	0.0019	0.0034	22	0	0	
PILOT-2021000834__H__gpt5.4__rep0.json	PILOT-2021000834	H	0	0.089	0.1666	0.1708	0.1536	7	0	0	
PILOT-2021000834__H__gpt5.4__rep1.json	PILOT-2021000834	H	1	0.0983	0.1666	0.1975	0.1696	7	0	0	
PILOT-2021000834__H__gpt5.4__rep2.json	PILOT-2021000834	H	2	0.0994	0.1516	0.2233	0.1696	7	0	0	
PILOT-2021001124__H__gpt5.4__rep0.json	PILOT-2021001124	H	0	0.0147	0.0166	0.0905	0.028	11	0	0	
PILOT-2021001124__H__gpt5.4__rep1.json	PILOT-2021001124	H	1	0.0014	0.0019	0.0052	0.0027	11	0	0	
PILOT-2021001124__H__gpt5.4__rep2.json	PILOT-2021001124	H	2	0.0014	0.0019	0.0048	0.0027	11	0	0	
PILOT-2021002328__H__gpt5.4__rep0.json	PILOT-2021002328	H	0	0.0265	0.0446	0.0581	0.0442	14	0	0	
PILOT-2021002328__H__gpt5.4__rep1.json	PILOT-2021002328	H	1	0.0221	0.0366	0.0387	0.0365	14	0	0	
PILOT-2021002328__H__gpt5.4__rep2.json	PILOT-2021002328	H	2	0.0275	0.0426	0.0514	0.0459	14	0	0	
PILOT-2021003980__H__gpt5.4__rep0.json	PILOT-2021003980	H	0	0.0013	0.0019	0.0044	0.0026	16	0	0	
PILOT-2021003980__H__gpt5.4__rep1.json	PILOT-2021003980	H	1	0.0	0.0	0.0	0.0	16	0	0	
PILOT-2021003980__H__gpt5.4__rep2.json	PILOT-2021003980	H	2	0.0	0.0	0.0	0.0	15	1	0	
PILOT-2022001087__H__gpt5.4__rep0.json	PILOT-2022001087	H	0	0.1229	0.1573	0.2967	0.1999	20	0	0	
PILOT-2022001087__H__gpt5.4__rep1.json	PILOT-2022001087	H	1	0.0228	0.027	0.0864	0.0402	20	0	0	
PILOT-2022001087__H__gpt5.4__rep2.json	PILOT-2022001087	H	2	0.0173	0.022	0.0622	0.0308	20	0	0	
PILOT-2009010505__H__gpt4o-mini__rep0.json	PILOT-2009010505	H	0	None	None	None	None	0	22	0	no_aligned_claims
PILOT-2009010505__H__gpt4o-mini__rep1.json	PILOT-2009010505	H	1	None	None	None	None	0	22	0	no_aligned_claims
PILOT-2009010505__H__gpt4o-mini__rep2.json	PILOT-2009010505	H	2	None	None	None	None	0	22	0	no_aligned_claims
PILOT-2010007757__H__gpt4o-mini__rep0.json	PILOT-2010007757	H	0	0.0606	0.1619	0.0868	0.1111	3	0	0	
PILOT-2010007757__H__gpt4o-mini__rep1.json	PILOT-2010007757	H	1	0.0606	0.1619	0.0868	0.1111	3	0	0	
PILOT-2010007757__H__gpt4o-mini__rep2.json	PILOT-2010007757	H	2	0.0606	0.1619	0.0868	0.1111	3	0	0	
PILOT-2010008015__H__gpt4o-mini__rep0.json	PILOT-2010008015	H	0	0.0	0.0	0.0	0.0	1	0	0	
PILOT-2010008015__H__gpt4o-mini__rep1.json	PILOT-2010008015	H	1	0.0	0.0	0.0	0.0	1	0	0	
PILOT-2010008015__H__gpt4o-mini__rep2.json	PILOT-2010008015	H	2	None	None	None	None	0	1	0	no_aligned_claims
PILOT-2010010196__H__gpt4o-mini__rep0.json	PILOT-2010010196	H	0	0.15	0.25	0.2143	0.2308	2	16	0	
PILOT-2010010196__H__gpt4o-mini__rep1.json	PILOT-2010010196	H	1	0.15	0.25	0.2143	0.2308	2	16	0	
PILOT-2010010196__H__gpt4o-mini__rep2.json	PILOT-2010010196	H	2	0.15	0.25	0.2143	0.2308	2	16	0	
PILOT-2010011970__H__gpt4o-mini__rep0.json	PILOT-2010011970	H	0	0.0	0.0	0.0	0.0	3	1	0	
PILOT-2010011970__H__gpt4o-mini__rep1.json	PILOT-2010011970	H	1	0.1004	0.3419	0.1138	0.1618	3	1	0	
PILOT-2010011970__H__gpt4o-mini__rep2.json	PILOT-2010011970	H	2	0.0999	0.3419	0.1114	0.1609	3	1	0	
PILOT-2011003851__H__gpt4o-mini__rep0.json	PILOT-2011003851	H	0	0.0	0.0	0.0	0.0	20	0	0	
PILOT-2011003851__H__gpt4o-mini__rep1.json	PILOT-2011003851	H	1	0.0	0.0	0.0	0.0	20	0	0	
PILOT-2011003851__H__gpt4o-mini__rep2.json	PILOT-2011003851	H	2	0.0	0.0	0.0	0.0	20	0	0	
PILOT-2011004581__H__gpt4o-mini__rep0.json	PILOT-2011004581	H	0	0.0	0.0	0.0	0.0	9	2	0	
PILOT-2011004581__H__gpt4o-mini__rep1.json	PILOT-2011004581	H	1	0.0423	0.0602	0.1148	0.0754	9	2	0	
PILOT-2011004581__H__gpt4o-mini__rep2.json	PILOT-2011004581	H	2	0.1207	0.1659	0.2783	0.2041	9	2	0	
PILOT-2011007474__H__gpt4o-mini__rep0.json	PILOT-2011007474	H	0	0.0	0.0	0.0	0.0	4	10	0	
PILOT-2011007474__H__gpt4o-mini__rep1.json	PILOT-2011007474	H	1	0.0	0.0	0.0	0.0	7	7	0	
PILOT-2011007474__H__gpt4o-mini__rep2.json	PILOT-2011007474	H	2	0.0	0.0	0.0	0.0	14	0	0	
PILOT-2011008843__H__gpt4o-mini__rep0.json	PILOT-2011008843	H	0	0.0	0.0	0.0	0.0	1	0	0	
PILOT-2011008843__H__gpt4o-mini__rep1.json	PILOT-2011008843	H	1	0.0	0.0	0.0	0.0	1	0	0	
PILOT-2011008843__H__gpt4o-mini__rep2.json	PILOT-2011008843	H	2	0.0	0.0	0.0	0.0	1	0	0	
PILOT-2011009182__H__gpt4o-mini__rep0.json	PILOT-2011009182	H	0	0.0	0.0	0.0	0.0	8	9	0	
PILOT-2011009182__H__gpt4o-mini__rep1.json	PILOT-2011009182	H	1	None	None	None	None	0	17	0	no_aligned_claims
PILOT-2011009182__H__gpt4o-mini__rep2.json	PILOT-2011009182	H	2	None	None	None	None	0	17	0	no_aligned_claims
PILOT-2011011469__H__gpt4o-mini__rep0.json	PILOT-2011011469	H	0	0.0188	0.0246	0.0667	0.0359	5	2	0	
PILOT-2011011469__H__gpt4o-mini__rep1.json	PILOT-2011011469	H	1	0.0188	0.0246	0.0667	0.0359	5	2	0	
PILOT-2011011469__H__gpt4o-mini__rep2.json	PILOT-2011011469	H	2	0.0188	0.0246	0.0667	0.0359	5	2	0	
PILOT-2011012180__H__gpt4o-mini__rep0.json	PILOT-2011012180	H	0	0.0	0.0	0.0	0.0	7	2	0	
PILOT-2011012180__H__gpt4o-mini__rep1.json	PILOT-2011012180	H	1	0.0056	0.0082	0.0159	0.0108	7	2	0	
PILOT-2011012180__H__gpt4o-mini__rep2.json	PILOT-2011012180	H	2	0.0056	0.0082	0.0159	0.0108	7	2	0	
PILOT-2011013110__H__gpt4o-mini__rep0.json	PILOT-2011013110	H	0	0.0	0.0	0.0	0.0	6	5	0	
PILOT-2011013110__H__gpt4o-mini__rep1.json	PILOT-2011013110	H	1	0.0087	0.0133	0.0222	0.0167	5	6	0	
PILOT-2011013110__H__gpt4o-mini__rep2.json	PILOT-2011013110	H	2	0.0	0.0	0.0	0.0	5	6	0	
PILOT-2012000327__H__gpt4o-mini__rep0.json	PILOT-2012000327	H	0	0.0335	0.0766	0.0575	0.0631	6	4	0	
PILOT-2012000327__H__gpt4o-mini__rep1.json	PILOT-2012000327	H	1	0.0335	0.0766	0.0575	0.0631	6	4	0	
PILOT-2012000327__H__gpt4o-mini__rep2.json	PILOT-2012000327	H	2	0.1447	0.2617	0.2147	0.2306	6	4	0	
PILOT-2012003288__H__gpt4o-mini__rep0.json	PILOT-2012003288	H	0	0.0479	0.0839	0.156	0.0867	4	0	0	
PILOT-2012003288__H__gpt4o-mini__rep1.json	PILOT-2012003288	H	1	0.0452	0.0562	0.1544	0.0813	4	0	0	
PILOT-2012003288__H__gpt4o-mini__rep2.json	PILOT-2012003288	H	2	0.0593	0.1006	0.1809	0.1067	4	0	0	
PILOT-2012005674__H__gpt4o-mini__rep0.json	PILOT-2012005674	H	0	0.1714	0.2211	0.4782	0.2842	4	3	0	
PILOT-2012005674__H__gpt4o-mini__rep1.json	PILOT-2012005674	H	1	0.2034	0.2662	0.4875	0.3316	7	0	0	
PILOT-2012005674__H__gpt4o-mini__rep2.json	PILOT-2012005674	H	2	0.2034	0.2662	0.4875	0.3316	7	0	0	
PILOT-2012006145__H__gpt4o-mini__rep0.json	PILOT-2012006145	H	0	0.0	0.0	0.0	0.0	23	0	0	
PILOT-2012006145__H__gpt4o-mini__rep1.json	PILOT-2012006145	H	1	0.0	0.0	0.0	0.0	23	0	0	
PILOT-2012006145__H__gpt4o-mini__rep2.json	PILOT-2012006145	H	2	0.0	0.0	0.0	0.0	23	0	0	
PILOT-2012007524__H__gpt4o-mini__rep0.json	PILOT-2012007524	H	0	0.0	0.0	0.0	0.0	7	0	0	
PILOT-2012007524__H__gpt4o-mini__rep1.json	PILOT-2012007524	H	1	0.0	0.0	0.0	0.0	7	0	0	
PILOT-2012007524__H__gpt4o-mini__rep2.json	PILOT-2012007524	H	2	0.0	0.0	0.0	0.0	7	0	0	
PILOT-2012008496__H__gpt4o-mini__rep0.json	PILOT-2012008496	H	0	0.0	0.0	0.0	0.0	18	0	0	
PILOT-2012008496__H__gpt4o-mini__rep1.json	PILOT-2012008496	H	1	0.0	0.0	0.0	0.0	12	6	0	
PILOT-2012008496__H__gpt4o-mini__rep2.json	PILOT-2012008496	H	2	0.0	0.0	0.0	0.0	18	0	0	
PILOT-2012010015__H__gpt4o-mini__rep0.json	PILOT-2012010015	H	0	0.0227	0.0417	0.0417	0.0417	4	10	0	
PILOT-2012010015__H__gpt4o-mini__rep1.json	PILOT-2012010015	H	1	0.0227	0.0417	0.0417	0.0417	4	10	0	
PILOT-2012010015__H__gpt4o-mini__rep2.json	PILOT-2012010015	H	2	0.0227	0.0417	0.0417	0.0417	4	10	0	
PILOT-2013000789__H__gpt4o-mini__rep0.json	PILOT-2013000789	H	0	0.0694	0.3625	0.0703	0.1158	8	3	0	
PILOT-2013000789__H__gpt4o-mini__rep1.json	PILOT-2013000789	H	1	0.0709	0.3625	0.0717	0.1178	8	3	0	
PILOT-2013000789__H__gpt4o-mini__rep2.json	PILOT-2013000789	H	2	0.0713	0.3625	0.0722	0.1185	8	3	0	
PILOT-2013001277__H__gpt4o-mini__rep0.json	PILOT-2013001277	H	0	0.0	0.0	0.0	0.0	7	0	0	
PILOT-2013001277__H__gpt4o-mini__rep1.json	PILOT-2013001277	H	1	0.0	0.0	0.0	0.0	7	0	0	
PILOT-2013001277__H__gpt4o-mini__rep2.json	PILOT-2013001277	H	2	0.0	0.0	0.0	0.0	7	0	0	
PILOT-2013007708__H__gpt4o-mini__rep0.json	PILOT-2013007708	H	0	0.0	0.0	0.0	0.0	16	0	0	
PILOT-2013007708__H__gpt4o-mini__rep1.json	PILOT-2013007708	H	1	0.0143	0.0179	0.0458	0.0257	16	0	0	
PILOT-2013007708__H__gpt4o-mini__rep2.json	PILOT-2013007708	H	2	0.0	0.0	0.0	0.0	9	7	0	
PILOT-2014002407__H__gpt4o-mini__rep0.json	PILOT-2014002407	H	0	0.036	0.0402	0.2604	0.0683	4	0	0	
PILOT-2014002407__H__gpt4o-mini__rep1.json	PILOT-2014002407	H	1	0.0051	0.0053	0.0833	0.01	4	0	0	
PILOT-2014002407__H__gpt4o-mini__rep2.json	PILOT-2014002407	H	2	0.0051	0.0053	0.0833	0.01	4	0	0	
PILOT-2014002745__H__gpt4o-mini__rep0.json	PILOT-2014002745	H	0	0.0	0.0	0.0	0.0	3	11	0	
PILOT-2014002745__H__gpt4o-mini__rep1.json	PILOT-2014002745	H	1	0.0373	0.4444	0.0379	0.0698	3	11	0	
PILOT-2014002745__H__gpt4o-mini__rep2.json	PILOT-2014002745	H	2	0.0	0.0	0.0	0.0	3	11	0	
PILOT-2014003236__H__gpt4o-mini__rep0.json	PILOT-2014003236	H	0	0.0	0.0	0.0	0.0	2	0	0	
PILOT-2014003236__H__gpt4o-mini__rep1.json	PILOT-2014003236	H	1	0.0	0.0	0.0	0.0	2	0	0	
PILOT-2014003236__H__gpt4o-mini__rep2.json	PILOT-2014003236	H	2	0.0	0.0	0.0	0.0	2	0	0	
PILOT-2014003587__H__gpt4o-mini__rep0.json	PILOT-2014003587	H	0	None	None	None	None	0	19	0	no_aligned_claims
PILOT-2014003587__H__gpt4o-mini__rep1.json	PILOT-2014003587	H	1	None	None	None	None	0	19	0	no_aligned_claims
PILOT-2014003587__H__gpt4o-mini__rep2.json	PILOT-2014003587	H	2	None	None	None	None	0	19	0	no_aligned_claims
PILOT-2014006550__H__gpt4o-mini__rep0.json	PILOT-2014006550	H	0	0.0268	0.0357	0.1079	0.049	10	10	0	
PILOT-2014006550__H__gpt4o-mini__rep1.json	PILOT-2014006550	H	1	0.0062	0.007	0.0371	0.0118	12	8	0	
PILOT-2014006550__H__gpt4o-mini__rep2.json	PILOT-2014006550	H	2	0.0131	0.0148	0.0762	0.0247	9	11	0	
PILOT-2014007043__H__gpt4o-mini__rep0.json	PILOT-2014007043	H	0	None	None	None	None	0	5	0	no_aligned_claims
PILOT-2014007043__H__gpt4o-mini__rep1.json	PILOT-2014007043	H	1	None	None	None	None	0	5	0	no_aligned_claims
PILOT-2014007043__H__gpt4o-mini__rep2.json	PILOT-2014007043	H	2	None	None	None	None	0	5	0	no_aligned_claims
PILOT-2014008375__H__gpt4o-mini__rep0.json	PILOT-2014008375	H	0	0.0	0.0	0.0	0.0	3	0	0	
PILOT-2014008375__H__gpt4o-mini__rep1.json	PILOT-2014008375	H	1	0.0	0.0	0.0	0.0	3	0	0	
PILOT-2014008375__H__gpt4o-mini__rep2.json	PILOT-2014008375	H	2	0.0	0.0	0.0	0.0	3	0	0	
PILOT-2014009096__H__gpt4o-mini__rep0.json	PILOT-2014009096	H	0	0.0075	0.0123	0.0187	0.0148	4	0	0	
PILOT-2014009096__H__gpt4o-mini__rep1.json	PILOT-2014009096	H	1	0.0075	0.0123	0.0187	0.0148	4	0	0	
PILOT-2014009096__H__gpt4o-mini__rep2.json	PILOT-2014009096	H	2	0.0075	0.0123	0.0187	0.0148	4	0	0	
PILOT-2014009182__H__gpt4o-mini__rep0.json	PILOT-2014009182	H	0	0.0032	0.0036	0.0252	0.0063	7	5	0	
PILOT-2014009182__H__gpt4o-mini__rep1.json	PILOT-2014009182	H	1	0.0028	0.0032	0.0221	0.0055	8	4	0	
PILOT-2014009182__H__gpt4o-mini__rep2.json	PILOT-2014009182	H	2	0.0028	0.0032	0.0221	0.0055	8	4	0	
PILOT-2014009970__H__gpt4o-mini__rep0.json	PILOT-2014009970	H	0	0.0	0.0	0.0	0.0	5	4	0	
PILOT-2014009970__H__gpt4o-mini__rep1.json	PILOT-2014009970	H	1	0.0	0.0	0.0	0.0	9	0	0	
PILOT-2014009970__H__gpt4o-mini__rep2.json	PILOT-2014009970	H	2	0.0	0.0	0.0	0.0	4	5	0	
PILOT-2015000199__H__gpt4o-mini__rep0.json	PILOT-2015000199	H	0	0.0486	0.0566	0.161	0.0832	10	0	0	
PILOT-2015000199__H__gpt4o-mini__rep1.json	PILOT-2015000199	H	1	None	None	None	None	0	10	0	no_aligned_claims
PILOT-2015000199__H__gpt4o-mini__rep2.json	PILOT-2015000199	H	2	None	None	None	None	0	10	0	no_aligned_claims
PILOT-2015004151__H__gpt4o-mini__rep0.json	PILOT-2015004151	H	0	None	None	None	None	0	6	0	no_aligned_claims
PILOT-2015004151__H__gpt4o-mini__rep1.json	PILOT-2015004151	H	1	0.0312	0.1667	0.0333	0.0556	4	2	0	
PILOT-2015004151__H__gpt4o-mini__rep2.json	PILOT-2015004151	H	2	None	None	None	None	0	6	0	no_aligned_claims
PILOT-2015004158__H__gpt4o-mini__rep0.json	PILOT-2015004158	H	0	0.0	0.0	0.0	0.0	2	5	0	
PILOT-2015004158__H__gpt4o-mini__rep1.json	PILOT-2015004158	H	1	0.0	0.0	0.0	0.0	2	5	0	
PILOT-2015004158__H__gpt4o-mini__rep2.json	PILOT-2015004158	H	2	0.1087	0.2159	0.1786	0.1954	2	5	0	
PILOT-2015004926__H__gpt4o-mini__rep0.json	PILOT-2015004926	H	0	0.0231	0.0436	0.0446	0.0418	9	6	0	
PILOT-2015004926__H__gpt4o-mini__rep1.json	PILOT-2015004926	H	1	0.0134	0.0234	0.025	0.0242	8	7	0	
PILOT-2015004926__H__gpt4o-mini__rep2.json	PILOT-2015004926	H	2	0.0278	0.0439	0.0612	0.0505	7	8	0	
PILOT-2015005752__H__gpt4o-mini__rep0.json	PILOT-2015005752	H	0	0.1267	0.3092	0.179	0.1974	5	2	0	
PILOT-2015005752__H__gpt4o-mini__rep1.json	PILOT-2015005752	H	1	0.2302	0.3407	0.2753	0.2822	3	4	0	
PILOT-2015005752__H__gpt4o-mini__rep2.json	PILOT-2015005752	H	2	0.214	0.3892	0.3259	0.3211	5	2	0	
PILOT-2015006206__H__gpt4o-mini__rep0.json	PILOT-2015006206	H	0	0.0417	0.0476	0.2133	0.0754	5	2	0	
PILOT-2015006206__H__gpt4o-mini__rep1.json	PILOT-2015006206	H	1	0.0417	0.0476	0.2133	0.0754	5	2	0	
PILOT-2015006206__H__gpt4o-mini__rep2.json	PILOT-2015006206	H	2	0.0417	0.0476	0.2133	0.0754	5	2	0	
PILOT-2015006603__H__gpt4o-mini__rep0.json	PILOT-2015006603	H	0	0.0035	0.0054	0.0095	0.0069	5	15	0	
PILOT-2015006603__H__gpt4o-mini__rep1.json	PILOT-2015006603	H	1	0.0031	0.0054	0.0071	0.0062	5	15	0	
PILOT-2015006603__H__gpt4o-mini__rep2.json	PILOT-2015006603	H	2	0.0	0.0	0.0	0.0	4	16	0	
PILOT-2016000830__H__gpt4o-mini__rep0.json	PILOT-2016000830	H	0	0.0464	1.0	0.0464	0.0858	2	0	0	
PILOT-2016000830__H__gpt4o-mini__rep1.json	PILOT-2016000830	H	1	0.048	1.0	0.048	0.0886	2	0	0	
PILOT-2016000830__H__gpt4o-mini__rep2.json	PILOT-2016000830	H	2	0.0	0.0	0.0	0.0	2	0	0	
PILOT-2016000849__H__gpt4o-mini__rep0.json	PILOT-2016000849	H	0	None	None	None	None	0	39	0	no_aligned_claims
PILOT-2016000849__H__gpt4o-mini__rep1.json	PILOT-2016000849	H	1	None	None	None	None	0	39	0	no_aligned_claims
PILOT-2016000849__H__gpt4o-mini__rep2.json	PILOT-2016000849	H	2	None	None	None	None	0	39	0	no_aligned_claims
PILOT-2016003042__H__gpt4o-mini__rep0.json	PILOT-2016003042	H	0	0.0346	0.1143	0.0369	0.0557	7	0	0	
PILOT-2016003042__H__gpt4o-mini__rep1.json	PILOT-2016003042	H	1	0.0	0.0	0.0	0.0	6	1	0	
PILOT-2016003042__H__gpt4o-mini__rep2.json	PILOT-2016003042	H	2	0.0294	0.0937	0.0369	0.0525	7	0	0	
PILOT-2016004446__H__gpt4o-mini__rep0.json	PILOT-2016004446	H	0	0.0175	0.3333	0.0175	0.0333	3	0	0	
PILOT-2016004446__H__gpt4o-mini__rep1.json	PILOT-2016004446	H	1	0.0339	0.5111	0.0359	0.0652	3	0	0	
PILOT-2016004446__H__gpt4o-mini__rep2.json	PILOT-2016004446	H	2	0.0175	0.3333	0.0175	0.0333	3	0	0	
PILOT-2016005844__H__gpt4o-mini__rep0.json	PILOT-2016005844	H	0	0.0192	0.0312	0.0417	0.0357	4	0	0	
PILOT-2016005844__H__gpt4o-mini__rep1.json	PILOT-2016005844	H	1	0.0183	0.0312	0.0375	0.0341	4	0	0	
PILOT-2016005844__H__gpt4o-mini__rep2.json	PILOT-2016005844	H	2	0.0183	0.0312	0.0375	0.0341	4	0	0	
PILOT-2016006702__H__gpt4o-mini__rep0.json	PILOT-2016006702	H	0	0.0021	0.0023	0.025	0.0042	12	18	0	
PILOT-2016006702__H__gpt4o-mini__rep1.json	PILOT-2016006702	H	1	0.0055	0.0055	0.2	0.0106	5	25	0	
PILOT-2016006702__H__gpt4o-mini__rep2.json	PILOT-2016006702	H	2	0.0089	0.0131	0.0222	0.0165	9	21	0	
PILOT-2016007603__H__gpt4o-mini__rep0.json	PILOT-2016007603	H	0	0.0139	0.0227	0.0312	0.0263	4	1	0	
PILOT-2016007603__H__gpt4o-mini__rep1.json	PILOT-2016007603	H	1	0.0139	0.0227	0.0312	0.0263	4	1	0	
PILOT-2016007603__H__gpt4o-mini__rep2.json	PILOT-2016007603	H	2	0.0	0.0	0.0	0.0	5	0	0	
PILOT-2016007888__H__gpt4o-mini__rep0.json	PILOT-2016007888	H	0	0.0	0.0	0.0	0.0	6	0	0	
PILOT-2016007888__H__gpt4o-mini__rep1.json	PILOT-2016007888	H	1	0.0496	0.0519	0.1458	0.0765	6	0	0	
PILOT-2016007888__H__gpt4o-mini__rep2.json	PILOT-2016007888	H	2	0.0	0.0	0.0	0.0	5	1	0	
PILOT-2017000071__H__gpt4o-mini__rep0.json	PILOT-2017000071	H	0	None							no_baseline
PILOT-2017000071__H__gpt4o-mini__rep1.json	PILOT-2017000071	H	1	None							no_baseline
PILOT-2017000071__H__gpt4o-mini__rep2.json	PILOT-2017000071	H	2	None							no_baseline
PILOT-2017000093__H__gpt4o-mini__rep0.json	PILOT-2017000093	H	0	0.0048	0.005	0.0833	0.0093	6	11	0	
PILOT-2017000093__H__gpt4o-mini__rep1.json	PILOT-2017000093	H	1	0.0048	0.005	0.0833	0.0093	6	11	0	
PILOT-2017000093__H__gpt4o-mini__rep2.json	PILOT-2017000093	H	2	0.0048	0.005	0.0833	0.0093	6	11	0	
PILOT-2017001422__H__gpt4o-mini__rep0.json	PILOT-2017001422	H	0	0.0	0.0	0.0	0.0	2	0	0	
PILOT-2017001422__H__gpt4o-mini__rep1.json	PILOT-2017001422	H	1	0.0	0.0	0.0	0.0	2	0	0	
PILOT-2017001422__H__gpt4o-mini__rep2.json	PILOT-2017001422	H	2	0.0	0.0	0.0	0.0	2	0	0	
PILOT-2017002001__H__gpt4o-mini__rep0.json	PILOT-2017002001	H	0	0.1421	0.2916	0.2159	0.2481	2	17	0	
PILOT-2017002001__H__gpt4o-mini__rep1.json	PILOT-2017002001	H	1	0.1421	0.2916	0.2159	0.2481	2	17	0	
PILOT-2017002001__H__gpt4o-mini__rep2.json	PILOT-2017002001	H	2	0.1421	0.2916	0.2159	0.2481	2	17	0	
PILOT-2017002029__H__gpt4o-mini__rep0.json	PILOT-2017002029	H	0	0.0	0.0	0.0	0.0	8	15	0	
PILOT-2017002029__H__gpt4o-mini__rep1.json	PILOT-2017002029	H	1	0.0	0.0	0.0	0.0	5	18	0	
PILOT-2017002029__H__gpt4o-mini__rep2.json	PILOT-2017002029	H	2	0.0	0.0	0.0	0.0	4	19	0	
PILOT-2017003676__H__gpt4o-mini__rep0.json	PILOT-2017003676	H	0	0.0543	0.092	0.1329	0.0984	7	12	0	
PILOT-2017003676__H__gpt4o-mini__rep1.json	PILOT-2017003676	H	1	0.0267	0.0364	0.0667	0.0471	5	14	0	
PILOT-2017003676__H__gpt4o-mini__rep2.json	PILOT-2017003676	H	2	0.0229	0.0314	0.0609	0.0413	8	11	0	
PILOT-2017004144__H__gpt4o-mini__rep0.json	PILOT-2017004144	H	0	0.0	0.0	0.0	0.0	7	0	0	
PILOT-2017004144__H__gpt4o-mini__rep1.json	PILOT-2017004144	H	1	0.0	0.0	0.0	0.0	2	5	0	
PILOT-2017004144__H__gpt4o-mini__rep2.json	PILOT-2017004144	H	2	0.0	0.0	0.0	0.0	7	0	0	
PILOT-2017004286__H__gpt4o-mini__rep0.json	PILOT-2017004286	H	0	0.1175	0.3351	0.1574	0.1908	3	22	0	
PILOT-2017004286__H__gpt4o-mini__rep1.json	PILOT-2017004286	H	1	0.0556	0.079	0.1071	0.0909	4	21	0	
PILOT-2017004286__H__gpt4o-mini__rep2.json	PILOT-2017004286	H	2	0.0481	0.0658	0.1042	0.0806	4	21	0	
PILOT-2017005259__H__gpt4o-mini__rep0.json	PILOT-2017005259	H	0	0.0	0.0	0.0	0.0	5	7	0	
PILOT-2017005259__H__gpt4o-mini__rep1.json	PILOT-2017005259	H	1	0.0524	0.0932	0.1111	0.0938	4	8	0	
PILOT-2017005259__H__gpt4o-mini__rep2.json	PILOT-2017005259	H	2	0.0524	0.0932	0.1111	0.0938	4	8	0	
PILOT-2017005493__H__gpt4o-mini__rep0.json	PILOT-2017005493	H	0	0.1	0.1667	0.125	0.1429	4	16	0	
PILOT-2017005493__H__gpt4o-mini__rep1.json	PILOT-2017005493	H	1	0.0474	0.0822	0.079	0.0805	7	13	0	
PILOT-2017005493__H__gpt4o-mini__rep2.json	PILOT-2017005493	H	2	0.0444	0.0741	0.0556	0.0635	9	11	0	
PILOT-2017006188__H__gpt4o-mini__rep0.json	PILOT-2017006188	H	0	None	None	None	None	0	5	0	no_aligned_claims
PILOT-2017006188__H__gpt4o-mini__rep1.json	PILOT-2017006188	H	1	None	None	None	None	0	5	0	no_aligned_claims
PILOT-2017006188__H__gpt4o-mini__rep2.json	PILOT-2017006188	H	2	None	None	None	None	0	5	0	no_aligned_claims
PILOT-2017007272__H__gpt4o-mini__rep0.json	PILOT-2017007272	H	0	0.0	0.0	0.0	0.0	5	4	0	
PILOT-2017007272__H__gpt4o-mini__rep1.json	PILOT-2017007272	H	1	0.1107	0.2193	0.1672	0.181	6	3	0	
PILOT-2017007272__H__gpt4o-mini__rep2.json	PILOT-2017007272	H	2	0.0702	0.1259	0.1122	0.1153	9	0	0	
PILOT-2017007595__H__gpt4o-mini__rep0.json	PILOT-2017007595	H	0	0.0	0.0	0.0	0.0	5	30	0	
PILOT-2017007595__H__gpt4o-mini__rep1.json	PILOT-2017007595	H	1	0.0	0.0	0.0	0.0	5	30	0	
PILOT-2017007595__H__gpt4o-mini__rep2.json	PILOT-2017007595	H	2	0.0	0.0	0.0	0.0	5	30	0	
PILOT-2017009415__H__gpt4o-mini__rep0.json	PILOT-2017009415	H	0	0.0549	0.0881	0.142	0.1	5	8	0	
PILOT-2017009415__H__gpt4o-mini__rep1.json	PILOT-2017009415	H	1	0.1174	0.1378	0.4119	0.2033	6	7	0	
PILOT-2017009415__H__gpt4o-mini__rep2.json	PILOT-2017009415	H	2	0.1196	0.1402	0.4183	0.2071	6	7	0	
PILOT-2017010497__H__gpt4o-mini__rep0.json	PILOT-2017010497	H	0	None	None	None	None	0	13	0	no_aligned_claims
PILOT-2017010497__H__gpt4o-mini__rep1.json	PILOT-2017010497	H	1	None	None	None	None	0	13	0	no_aligned_claims
PILOT-2017010497__H__gpt4o-mini__rep2.json	PILOT-2017010497	H	2	None	None	None	None	0	13	0	no_aligned_claims
PILOT-2017010632__H__gpt4o-mini__rep0.json	PILOT-2017010632	H	0	None	None	None	None	0	2	0	no_aligned_claims
PILOT-2017010632__H__gpt4o-mini__rep1.json	PILOT-2017010632	H	1	None	None	None	None	0	2	0	no_aligned_claims
PILOT-2017010632__H__gpt4o-mini__rep2.json	PILOT-2017010632	H	2	0.0618	0.275	0.0688	0.11	2	0	0	
PILOT-2018000427__H__gpt4o-mini__rep0.json	PILOT-2018000427	H	0	0.0	0.0	0.0	0.0	2	0	0	
PILOT-2018000427__H__gpt4o-mini__rep1.json	PILOT-2018000427	H	1	0.0	0.0	0.0	0.0	2	0	0	
PILOT-2018000427__H__gpt4o-mini__rep2.json	PILOT-2018000427	H	2	0.0	0.0	0.0	0.0	2	0	0	
PILOT-2018001232__H__gpt4o-mini__rep0.json	PILOT-2018001232	H	0	0.0	0.0	0.0	0.0	2	14	0	
PILOT-2018001232__H__gpt4o-mini__rep1.json	PILOT-2018001232	H	1	0.0256	0.0384	0.0667	0.0488	2	14	0	
PILOT-2018001232__H__gpt4o-mini__rep2.json	PILOT-2018001232	H	2	0.0	0.0	0.0	0.0	2	14	0	
PILOT-2018003513__H__gpt4o-mini__rep0.json	PILOT-2018003513	H	0	0.0157	0.2592	0.1318	0.0304	4	7	0	
PILOT-2018003513__H__gpt4o-mini__rep1.json	PILOT-2018003513	H	1	0.0115	0.2074	0.1043	0.0223	5	6	0	
PILOT-2018003513__H__gpt4o-mini__rep2.json	PILOT-2018003513	H	2	0.0115	0.2074	0.1043	0.0223	5	6	0	
PILOT-2018005420__H__gpt4o-mini__rep0.json	PILOT-2018005420	H	0	0.0148	0.0178	0.0849	0.0276	25	0	0	
PILOT-2018005420__H__gpt4o-mini__rep1.json	PILOT-2018005420	H	1	0.0013	0.0016	0.0086	0.0026	25	0	0	
PILOT-2018005420__H__gpt4o-mini__rep2.json	PILOT-2018005420	H	2	0.0026	0.003	0.0196	0.0052	6	19	0	
PILOT-2018005863__H__gpt4o-mini__rep0.json	PILOT-2018005863	H	0	0.0118	0.0135	0.1146	0.0224	20	5	0	
PILOT-2018005863__H__gpt4o-mini__rep1.json	PILOT-2018005863	H	1	0.0226	0.0248	0.197	0.0422	6	19	0	
PILOT-2018005863__H__gpt4o-mini__rep2.json	PILOT-2018005863	H	2	0.0118	0.0123	0.12	0.0221	10	15	0	
PILOT-2018007886__H__gpt4o-mini__rep0.json	PILOT-2018007886	H	0	0.0	0.0	0.0	0.0	6	0	0	
PILOT-2018007886__H__gpt4o-mini__rep1.json	PILOT-2018007886	H	1	0.0	0.0	0.0	0.0	6	0	0	
PILOT-2018007886__H__gpt4o-mini__rep2.json	PILOT-2018007886	H	2	0.0	0.0	0.0	0.0	6	0	0	
PILOT-2018007979__H__gpt4o-mini__rep0.json	PILOT-2018007979	H	0	0.0	0.0	0.0	0.0	3	0	0	
PILOT-2018007979__H__gpt4o-mini__rep1.json	PILOT-2018007979	H	1	0.0	0.0	0.0	0.0	3	0	0	
PILOT-2018007979__H__gpt4o-mini__rep2.json	PILOT-2018007979	H	2	0.0	0.0	0.0	0.0	3	0	0	
PILOT-2019001867__H__gpt4o-mini__rep0.json	PILOT-2019001867	H	0	0.0966	0.4373	0.1941	0.1648	2	21	0	
PILOT-2019001867__H__gpt4o-mini__rep1.json	PILOT-2019001867	H	1	0.2637	0.5069	0.344	0.385	22	1	0	
PILOT-2019001867__H__gpt4o-mini__rep2.json	PILOT-2019001867	H	2	0.2637	0.5069	0.344	0.385	22	1	0	
PILOT-2019002001__H__gpt4o-mini__rep0.json	PILOT-2019002001	H	0	None	None	None	None	0	18	0	no_aligned_claims
PILOT-2019002001__H__gpt4o-mini__rep1.json	PILOT-2019002001	H	1	None	None	None	None	0	18	0	no_aligned_claims
PILOT-2019002001__H__gpt4o-mini__rep2.json	PILOT-2019002001	H	2	None	None	None	None	0	18	0	no_aligned_claims
PILOT-2019002439__H__gpt4o-mini__rep0.json	PILOT-2019002439	H	0	None	None	None	None	0	25	0	no_aligned_claims
PILOT-2019002439__H__gpt4o-mini__rep1.json	PILOT-2019002439	H	1	None	None	None	None	0	25	0	no_aligned_claims
PILOT-2019002439__H__gpt4o-mini__rep2.json	PILOT-2019002439	H	2	None	None	None	None	0	25	0	no_aligned_claims
PILOT-2019003829__H__gpt4o-mini__rep0.json	PILOT-2019003829	H	0	0.0167	0.0556	0.0222	0.0317	6	1	0	
PILOT-2019003829__H__gpt4o-mini__rep1.json	PILOT-2019003829	H	1	0.225	0.5655	0.2596	0.3428	4	3	0	
PILOT-2019003829__H__gpt4o-mini__rep2.json	PILOT-2019003829	H	2	0.044	0.127	0.0548	0.0765	7	0	0	
PILOT-2019005007__H__gpt4o-mini__rep0.json	PILOT-2019005007	H	0	0.0	0.0	0.0	0.0	4	20	0	
PILOT-2019005007__H__gpt4o-mini__rep1.json	PILOT-2019005007	H	1	0.0	0.0	0.0	0.0	4	20	0	
PILOT-2019005007__H__gpt4o-mini__rep2.json	PILOT-2019005007	H	2	0.0	0.0	0.0	0.0	5	19	0	
PILOT-2019005292__H__gpt4o-mini__rep0.json	PILOT-2019005292	H	0	0.0077	0.0084	0.0724	0.0148	20	0	0	
PILOT-2019005292__H__gpt4o-mini__rep1.json	PILOT-2019005292	H	1	0.0084	0.0091	0.0891	0.0162	20	0	0	
PILOT-2019005292__H__gpt4o-mini__rep2.json	PILOT-2019005292	H	2	0.0077	0.0084	0.0724	0.0148	20	0	0	
PILOT-2019005776__H__gpt4o-mini__rep0.json	PILOT-2019005776	H	0	0.0122	0.0152	0.0588	0.0241	1	0	0	
PILOT-2019005776__H__gpt4o-mini__rep1.json	PILOT-2019005776	H	1	0.0137	0.0152	0.125	0.027	1	0	0	
PILOT-2019005776__H__gpt4o-mini__rep2.json	PILOT-2019005776	H	2	0.04	0.0455	0.25	0.0769	1	0	0	
PILOT-2019006119__H__gpt4o-mini__rep0.json	PILOT-2019006119	H	0	None	None	None	None	0	1	0	no_aligned_claims
PILOT-2019006119__H__gpt4o-mini__rep1.json	PILOT-2019006119	H	1	None	None	None	None	0	1	0	no_aligned_claims
PILOT-2019006119__H__gpt4o-mini__rep2.json	PILOT-2019006119	H	2	None	None	None	None	0	1	0	no_aligned_claims
PILOT-2019006614__H__gpt4o-mini__rep0.json	PILOT-2019006614	H	0	None							no_baseline
PILOT-2019006614__H__gpt4o-mini__rep1.json	PILOT-2019006614	H	1	None							no_baseline
PILOT-2019006614__H__gpt4o-mini__rep2.json	PILOT-2019006614	H	2	None							no_baseline
PILOT-2020000122__H__gpt4o-mini__rep0.json	PILOT-2020000122	H	0	0.0027	0.0105	0.0034	0.0051	19	0	0	
PILOT-2020000122__H__gpt4o-mini__rep1.json	PILOT-2020000122	H	1	0.0042	0.0125	0.013	0.008	18	1	0	
PILOT-2020000122__H__gpt4o-mini__rep2.json	PILOT-2020000122	H	2	0.0027	0.0105	0.0034	0.0051	19	0	0	
PILOT-2020000158__H__gpt4o-mini__rep0.json	PILOT-2020000158	H	0	0.0	0.0	0.0	0.0	7	13	0	
PILOT-2020000158__H__gpt4o-mini__rep1.json	PILOT-2020000158	H	1	0.0	0.0	0.0	0.0	20	0	0	
PILOT-2020000158__H__gpt4o-mini__rep2.json	PILOT-2020000158	H	2	0.0	0.0	0.0	0.0	2	18	0	
PILOT-2020000362__H__gpt4o-mini__rep0.json	PILOT-2020000362	H	0	0.0	0.0	0.0	0.0	2	13	0	
PILOT-2020000362__H__gpt4o-mini__rep1.json	PILOT-2020000362	H	1	0.0	0.0	0.0	0.0	2	13	0	
PILOT-2020000362__H__gpt4o-mini__rep2.json	PILOT-2020000362	H	2	0.0	0.0	0.0	0.0	2	13	0	
PILOT-2020000402__H__gpt4o-mini__rep0.json	PILOT-2020000402	H	0	0.0	0.0	0.0	0.0	6	0	0	
PILOT-2020000402__H__gpt4o-mini__rep1.json	PILOT-2020000402	H	1	0.0	0.0	0.0	0.0	4	2	0	
PILOT-2020000402__H__gpt4o-mini__rep2.json	PILOT-2020000402	H	2	0.0	0.0	0.0	0.0	6	0	0	
PILOT-2020000676__H__gpt4o-mini__rep0.json	PILOT-2020000676	H	0	0.0	0.0	0.0	0.0	6	0	0	
PILOT-2020000676__H__gpt4o-mini__rep1.json	PILOT-2020000676	H	1	0.0	0.0	0.0	0.0	6	0	0	
PILOT-2020000676__H__gpt4o-mini__rep2.json	PILOT-2020000676	H	2	0.0	0.0	0.0	0.0	6	0	0	
PILOT-2020001769__H__gpt4o-mini__rep0.json	PILOT-2020001769	H	0	0.0	0.0	0.0	0.0	4	6	0	
PILOT-2020001769__H__gpt4o-mini__rep1.json	PILOT-2020001769	H	1	0.0	0.0	0.0	0.0	4	6	0	
PILOT-2020001769__H__gpt4o-mini__rep2.json	PILOT-2020001769	H	2	0.0	0.0	0.0	0.0	4	6	0	
PILOT-2020002332__H__gpt4o-mini__rep0.json	PILOT-2020002332	H	0	None	None	None	None	0	25	0	no_aligned_claims
PILOT-2020002332__H__gpt4o-mini__rep1.json	PILOT-2020002332	H	1	None	None	None	None	0	25	0	no_aligned_claims
PILOT-2020002332__H__gpt4o-mini__rep2.json	PILOT-2020002332	H	2	None	None	None	None	0	25	0	no_aligned_claims
PILOT-2020002369__H__gpt4o-mini__rep0.json	PILOT-2020002369	H	0	0.0046	0.0056	0.0214	0.0088	20	0	0	
PILOT-2020002369__H__gpt4o-mini__rep1.json	PILOT-2020002369	H	1	0.017	0.0186	0.1429	0.0329	4	16	0	
PILOT-2020002369__H__gpt4o-mini__rep2.json	PILOT-2020002369	H	2	0.0034	0.0037	0.0286	0.0066	20	0	0	
PILOT-2020002555__H__gpt4o-mini__rep0.json	PILOT-2020002555	H	0	0.0102	0.0141	0.0604	0.0193	20	0	0	
PILOT-2020002555__H__gpt4o-mini__rep1.json	PILOT-2020002555	H	1	0.0102	0.0141	0.0604	0.0193	20	0	0	
PILOT-2020002555__H__gpt4o-mini__rep2.json	PILOT-2020002555	H	2	0.0102	0.0141	0.0604	0.0193	20	0	0	
PILOT-2020002688__H__gpt4o-mini__rep0.json	PILOT-2020002688	H	0	0.0509	0.0767	0.1053	0.0883	8	0	0	
PILOT-2020002688__H__gpt4o-mini__rep1.json	PILOT-2020002688	H	1	0.0081	0.015	0.0156	0.0153	8	0	0	
PILOT-2020002688__H__gpt4o-mini__rep2.json	PILOT-2020002688	H	2	0.0212	0.0337	0.0454	0.0369	8	0	0	
PILOT-2020002729__H__gpt4o-mini__rep0.json	PILOT-2020002729	H	0	0.0359	0.0434	0.1332	0.0647	10	1	0	
PILOT-2020002729__H__gpt4o-mini__rep1.json	PILOT-2020002729	H	1	0.0179	0.0224	0.0582	0.0319	10	1	0	
PILOT-2020002729__H__gpt4o-mini__rep2.json	PILOT-2020002729	H	2	0.0179	0.0224	0.0582	0.0319	10	1	0	
PILOT-2020003998__H__gpt4o-mini__rep0.json	PILOT-2020003998	H	0	None							no_baseline
PILOT-2020003998__H__gpt4o-mini__rep1.json	PILOT-2020003998	H	1	None							no_baseline
PILOT-2020003998__H__gpt4o-mini__rep2.json	PILOT-2020003998	H	2	None							no_baseline
PILOT-2020004768__H__gpt4o-mini__rep0.json	PILOT-2020004768	H	0	0.0606	0.1053	0.125	0.1143	1	11	0	
PILOT-2020004768__H__gpt4o-mini__rep1.json	PILOT-2020004768	H	1	0.0606	0.1053	0.125	0.1143	1	11	0	
PILOT-2020004768__H__gpt4o-mini__rep2.json	PILOT-2020004768	H	2	0.0606	0.1053	0.125	0.1143	1	11	0	
PILOT-2020006264__H__gpt4o-mini__rep0.json	PILOT-2020006264	H	0	0.0011	0.0012	0.0156	0.0022	20	0	0	
PILOT-2020006264__H__gpt4o-mini__rep1.json	PILOT-2020006264	H	1	0.0851	0.1093	0.2782	0.1563	2	18	0	
PILOT-2020006264__H__gpt4o-mini__rep2.json	PILOT-2020006264	H	2	0.011	0.0117	0.1556	0.0217	2	18	0	
PILOT-2020006435__H__gpt4o-mini__rep0.json	PILOT-2020006435	H	0	0.003	0.0151	0.0035	0.0057	22	0	0	
PILOT-2020006435__H__gpt4o-mini__rep1.json	PILOT-2020006435	H	1	0.003	0.0151	0.0035	0.0057	22	0	0	
PILOT-2020006435__H__gpt4o-mini__rep2.json	PILOT-2020006435	H	2	0.003	0.0151	0.0035	0.0057	22	0	0	
PILOT-2021000834__H__gpt4o-mini__rep0.json	PILOT-2021000834	H	0	0.0	0.0	0.0	0.0	6	1	0	
PILOT-2021000834__H__gpt4o-mini__rep1.json	PILOT-2021000834	H	1	0.0	0.0	0.0	0.0	6	1	0	
PILOT-2021000834__H__gpt4o-mini__rep2.json	PILOT-2021000834	H	2	0.0	0.0	0.0	0.0	6	1	0	
PILOT-2021001124__H__gpt4o-mini__rep0.json	PILOT-2021001124	H	0	0.0214	0.0254	0.1064	0.0406	6	5	0	
PILOT-2021001124__H__gpt4o-mini__rep1.json	PILOT-2021001124	H	1	0.0208	0.0254	0.0917	0.0394	6	5	0	
PILOT-2021001124__H__gpt4o-mini__rep2.json	PILOT-2021001124	H	2	0.0185	0.0218	0.0955	0.0351	7	4	0	
PILOT-2021002328__H__gpt4o-mini__rep0.json	PILOT-2021002328	H	0	None	None	None	None	0	14	0	no_aligned_claims
PILOT-2021002328__H__gpt4o-mini__rep1.json	PILOT-2021002328	H	1	None	None	None	None	0	14	0	no_aligned_claims
PILOT-2021002328__H__gpt4o-mini__rep2.json	PILOT-2021002328	H	2	None	None	None	None	0	14	0	no_aligned_claims
PILOT-2021003980__H__gpt4o-mini__rep0.json	PILOT-2021003980	H	0	0.053	0.0685	0.1941	0.0951	12	4	0	
PILOT-2021003980__H__gpt4o-mini__rep1.json	PILOT-2021003980	H	1	0.0315	0.0963	0.0743	0.053	16	0	0	
PILOT-2021003980__H__gpt4o-mini__rep2.json	PILOT-2021003980	H	2	0.0017	0.0019	0.0117	0.0032	16	0	0	
PILOT-2022001087__H__gpt4o-mini__rep0.json	PILOT-2022001087	H	0	0.0911	0.1002	0.3227	0.1523	20	0	0	
PILOT-2022001087__H__gpt4o-mini__rep1.json	PILOT-2022001087	H	1	0.0911	0.1002	0.3227	0.1523	20	0	0	
PILOT-2022001087__H__gpt4o-mini__rep2.json	PILOT-2022001087	H	2	0.0911	0.1002	0.3227	0.1523	20	0	0	
