file	case	cond	rep	n_claims_parsed	pre_chars	gen_chars	editdist_pre_gen	denom	c2	reason
PILOT-2009010505__H__sonnet4__rep0.json	PILOT-2009010505	H	0	28	7717	8041	1008	4264	0.2364	
PILOT-2009010505__H__sonnet4__rep1.json	PILOT-2009010505	H	1	28	7717	8187	1151	4264	0.2699	
PILOT-2009010505__H__sonnet4__rep2.json	PILOT-2009010505	H	2	28	7717	7661	641	4264	0.1503	
PILOT-2010007757__H__sonnet4__rep0.json	PILOT-2010007757	H	0	17	4313	2154	2196	2367	0.9278	
PILOT-2010007757__H__sonnet4__rep1.json	PILOT-2010007757	H	1	17	4313	2154	2196	2367	0.9278	
PILOT-2010007757__H__sonnet4__rep2.json	PILOT-2010007757	H	2	17	4313	2218	2197	2367	0.9282	
PILOT-2010008015__H__sonnet4__rep0.json	PILOT-2010008015	H	0	28	6611	6626	420	1458	0.2881	
PILOT-2010008015__H__sonnet4__rep1.json	PILOT-2010008015	H	1	28	6611	7021	821	1458	0.5631	
PILOT-2010008015__H__sonnet4__rep2.json	PILOT-2010008015	H	2	28	6611	6622	424	1458	0.2908	
PILOT-2010010196__H__sonnet4__rep0.json	PILOT-2010010196	H	0	20	3592	3726	185	2523	0.0733	
PILOT-2010010196__H__sonnet4__rep1.json	PILOT-2010010196	H	1	20	3592	3683	326	2523	0.1292	
PILOT-2010010196__H__sonnet4__rep2.json	PILOT-2010010196	H	2	20	3592	3496	415	2523	0.1645	
PILOT-2010011970__H__sonnet4__rep0.json	PILOT-2010011970	H	0	8	1664	4151	2530	1178	2.1477	
PILOT-2010011970__H__sonnet4__rep1.json	PILOT-2010011970	H	1	8	1664	4073	2448	1178	2.0781	
PILOT-2010011970__H__sonnet4__rep2.json	PILOT-2010011970	H	2	8	1664	4285	2661	1178	2.2589	
PILOT-2011003851__H__sonnet4__rep0.json	PILOT-2011003851	H	0	20	11846	11585	1285	4592	0.2798	
PILOT-2011003851__H__sonnet4__rep1.json	PILOT-2011003851	H	1	20	11846	11971	1682	4592	0.3663	
PILOT-2011003851__H__sonnet4__rep2.json	PILOT-2011003851	H	2	20	11846	11971	1682	4592	0.3663	
PILOT-2011004581__H__sonnet4__rep0.json	PILOT-2011004581	H	0	11	3341	3839	700	3160	0.2215	
PILOT-2011004581__H__sonnet4__rep1.json	PILOT-2011004581	H	1	11	3341	3900	761	3160	0.2408	
PILOT-2011004581__H__sonnet4__rep2.json	PILOT-2011004581	H	2	11	3341	3813	663	3160	0.2098	
PILOT-2011007474__H__sonnet4__rep0.json	PILOT-2011007474	H	0	14	4898	2542	2402	2042	1.1763	
PILOT-2011007474__H__sonnet4__rep1.json	PILOT-2011007474	H	1	14	4898	2818	2599	2042	1.2728	
PILOT-2011007474__H__sonnet4__rep2.json	PILOT-2011007474	H	2	14	4898	2661	2472	2042	1.2106	
PILOT-2011008843__H__sonnet4__rep0.json	PILOT-2011008843	H	0	18	10128	6445	4212	4255	0.9899	
PILOT-2011008843__H__sonnet4__rep1.json	PILOT-2011008843	H	1	18	10128	6401	4226	4255	0.9932	
PILOT-2011008843__H__sonnet4__rep2.json	PILOT-2011008843	H	2	15	10128	5307	5017	4255	1.1791	
PILOT-2011009182__H__sonnet4__rep0.json	PILOT-2011009182	H	0	23	11499	12017	595	3718	0.16	
PILOT-2011009182__H__sonnet4__rep1.json	PILOT-2011009182	H	1	23	11499	12017	595	3718	0.16	
PILOT-2011009182__H__sonnet4__rep2.json	PILOT-2011009182	H	2	23	11499	9568	2896	3718	0.7789	
PILOT-2011011469__H__sonnet4__rep0.json	PILOT-2011011469	H	0	17	2785	2888	168	1905	0.0882	
PILOT-2011011469__H__sonnet4__rep1.json	PILOT-2011011469	H	1	17	2785	2888	168	1905	0.0882	
PILOT-2011011469__H__sonnet4__rep2.json	PILOT-2011011469	H	2	17	2785	2957	264	1905	0.1386	
PILOT-2011012180__H__sonnet4__rep0.json	PILOT-2011012180	H	0	20	5334	5108	674	5571	0.121	
PILOT-2011012180__H__sonnet4__rep1.json	PILOT-2011012180	H	1	20	5334	5276	759	5571	0.1362	
PILOT-2011012180__H__sonnet4__rep2.json	PILOT-2011012180	H	2	20	5334	5108	674	5571	0.121	
PILOT-2011013110__H__sonnet4__rep0.json	PILOT-2011013110	H	0	17	8131	8727	909	4100	0.2217	
PILOT-2011013110__H__sonnet4__rep1.json	PILOT-2011013110	H	1	17	8131	8896	1078	4100	0.2629	
PILOT-2011013110__H__sonnet4__rep2.json	PILOT-2011013110	H	2	17	8131	8986	1167	4100	0.2846	
PILOT-2012000327__H__sonnet4__rep0.json	PILOT-2012000327	H	0	17	8317	6044	5768	5828	0.9897	
PILOT-2012000327__H__sonnet4__rep1.json	PILOT-2012000327	H	1	17	8317	5298	3676	5828	0.6307	
PILOT-2012000327__H__sonnet4__rep2.json	PILOT-2012000327	H	2	17	8317	5307	3660	5828	0.628	
PILOT-2012003288__H__sonnet4__rep0.json	PILOT-2012003288	H	0	13	3274	3175	457	714	0.6401	
PILOT-2012003288__H__sonnet4__rep1.json	PILOT-2012003288	H	1	13	3274	3129	428	714	0.5994	
PILOT-2012003288__H__sonnet4__rep2.json	PILOT-2012003288	H	2	13	3274	3149	439	714	0.6148	
PILOT-2012005674__H__sonnet4__rep0.json	PILOT-2012005674	H	0	37	9954	9703	987	5845	0.1689	
PILOT-2012005674__H__sonnet4__rep1.json	PILOT-2012005674	H	1	37	9954	9697	981	5845	0.1678	
PILOT-2012005674__H__sonnet4__rep2.json	PILOT-2012005674	H	2	37	9954	9697	981	5845	0.1678	
PILOT-2012006145__H__sonnet4__rep0.json	PILOT-2012006145	H	0	23	6066	3156	2974	2446	1.2159	
PILOT-2012006145__H__sonnet4__rep1.json	PILOT-2012006145	H	1	23	6066	3156	2974	2446	1.2159	
PILOT-2012006145__H__sonnet4__rep2.json	PILOT-2012006145	H	2	23	6066	3156	2974	2446	1.2159	
PILOT-2012007524__H__sonnet4__rep0.json	PILOT-2012007524	H	0	20	7153	8062	1257	1361	0.9236	
PILOT-2012007524__H__sonnet4__rep1.json	PILOT-2012007524	H	1	20	7153	7423	653	1361	0.4798	
PILOT-2012007524__H__sonnet4__rep2.json	PILOT-2012007524	H	2	20	7153	7649	878	1361	0.6451	
PILOT-2012008496__H__sonnet4__rep0.json	PILOT-2012008496	H	0	35	10184	10906	1655	5108	0.324	
PILOT-2012008496__H__sonnet4__rep1.json	PILOT-2012008496	H	1	35	10184	11840	2008	5108	0.3931	
PILOT-2012008496__H__sonnet4__rep2.json	PILOT-2012008496	H	2	35	10184	12378	2892	5108	0.5662	
PILOT-2012010015__H__sonnet4__rep0.json	PILOT-2012010015	H	0	16	5606	3198	2698	672	4.0149	
PILOT-2012010015__H__sonnet4__rep1.json	PILOT-2012010015	H	1	16	5606	3339	3083	672	4.5878	
PILOT-2012010015__H__sonnet4__rep2.json	PILOT-2012010015	H	2	16	5606	3317	2987	672	4.4449	
PILOT-2013000789__H__sonnet4__rep0.json	PILOT-2013000789	H	0	27	4195	3478	1321	2549	0.5182	
PILOT-2013000789__H__sonnet4__rep1.json	PILOT-2013000789	H	1	27	4195	3629	1329	2549	0.5214	
PILOT-2013000789__H__sonnet4__rep2.json	PILOT-2013000789	H	2	27	4195	3546	1250	2549	0.4904	
PILOT-2013001277__H__sonnet4__rep0.json	PILOT-2013001277	H	0	14	3226	3002	1333	945	1.4106	
PILOT-2013001277__H__sonnet4__rep1.json	PILOT-2013001277	H	1	18	3226	3413	319	945	0.3376	
PILOT-2013001277__H__sonnet4__rep2.json	PILOT-2013001277	H	2	18	3226	3413	319	945	0.3376	
PILOT-2013007708__H__sonnet4__rep0.json	PILOT-2013007708	H	0	28	3817	4036	335	3149	0.1064	
PILOT-2013007708__H__sonnet4__rep1.json	PILOT-2013007708	H	1	28	3817	4050	349	3149	0.1108	
PILOT-2013007708__H__sonnet4__rep2.json	PILOT-2013007708	H	2	28	3817	4026	325	3149	0.1032	
PILOT-2014002407__H__sonnet4__rep0.json	PILOT-2014002407	H	0	8	3806	4013	419	702	0.5969	
PILOT-2014002407__H__sonnet4__rep1.json	PILOT-2014002407	H	1	0			None		None	no_gen
PILOT-2014002407__H__sonnet4__rep2.json	PILOT-2014002407	H	2	8	3806	4007	441	702	0.6282	
PILOT-2014002745__H__sonnet4__rep0.json	PILOT-2014002745	H	0	27	5510	4678	1055	4481	0.2354	
PILOT-2014002745__H__sonnet4__rep1.json	PILOT-2014002745	H	1	27	5510	4991	1176	4481	0.2624	
PILOT-2014002745__H__sonnet4__rep2.json	PILOT-2014002745	H	2	27	5510	4930	1152	4481	0.2571	
PILOT-2014003236__H__sonnet4__rep0.json	PILOT-2014003236	H	0	5	564	563	92	413	0.2228	
PILOT-2014003236__H__sonnet4__rep1.json	PILOT-2014003236	H	1	5	564	563	92	413	0.2228	
PILOT-2014003236__H__sonnet4__rep2.json	PILOT-2014003236	H	2	5	564	490	130	413	0.3148	
PILOT-2014003587__H__sonnet4__rep0.json	PILOT-2014003587	H	0	20	4305	4701	461	1705	0.2704	
PILOT-2014003587__H__sonnet4__rep1.json	PILOT-2014003587	H	1	20	4305	4678	449	1705	0.2633	
PILOT-2014003587__H__sonnet4__rep2.json	PILOT-2014003587	H	2	20	4305	4693	454	1705	0.2663	
PILOT-2014006550__H__sonnet4__rep0.json	PILOT-2014006550	H	0	20	6560	6843	478	1375	0.3476	
PILOT-2014006550__H__sonnet4__rep1.json	PILOT-2014006550	H	1	20	6560	6845	476	1375	0.3462	
PILOT-2014006550__H__sonnet4__rep2.json	PILOT-2014006550	H	2	20	6560	6843	478	1375	0.3476	
PILOT-2014007043__H__sonnet4__rep0.json	PILOT-2014007043	H	0	20	4137	3606	635	1469	0.4323	
PILOT-2014007043__H__sonnet4__rep1.json	PILOT-2014007043	H	1	6	4137	2177	2092	1469	1.4241	
PILOT-2014007043__H__sonnet4__rep2.json	PILOT-2014007043	H	2	20	4137	3604	627	1469	0.4268	
PILOT-2014008375__H__sonnet4__rep0.json	PILOT-2014008375	H	0	10	3234	3379	153	1633	0.0937	
PILOT-2014008375__H__sonnet4__rep1.json	PILOT-2014008375	H	1	10	3234	3439	213	1633	0.1304	
PILOT-2014008375__H__sonnet4__rep2.json	PILOT-2014008375	H	2	10	3234	3379	153	1633	0.0937	
PILOT-2014009096__H__sonnet4__rep0.json	PILOT-2014009096	H	0	4	5103	2912	2418	3397	0.7118	
PILOT-2014009096__H__sonnet4__rep1.json	PILOT-2014009096	H	1	4	5103	2912	2418	3397	0.7118	
PILOT-2014009096__H__sonnet4__rep2.json	PILOT-2014009096	H	2	4	5103	2912	2418	3397	0.7118	
PILOT-2014009182__H__sonnet4__rep0.json	PILOT-2014009182	H	0	20	5648	5934	546	778	0.7018	
PILOT-2014009182__H__sonnet4__rep1.json	PILOT-2014009182	H	1	20	5648	5909	521	778	0.6697	
PILOT-2014009182__H__sonnet4__rep2.json	PILOT-2014009182	H	2	20	5648	5909	521	778	0.6697	
PILOT-2014009970__H__sonnet4__rep0.json	PILOT-2014009970	H	0	9	2186	2319	248	1005	0.2468	
PILOT-2014009970__H__sonnet4__rep1.json	PILOT-2014009970	H	1	9	2186	1984	978	1005	0.9731	
PILOT-2014009970__H__sonnet4__rep2.json	PILOT-2014009970	H	2	9	2186	2026	775	1005	0.7711	
PILOT-2015000199__H__sonnet4__rep0.json	PILOT-2015000199	H	0	10	9694	2479	7478	3495	2.1396	
PILOT-2015000199__H__sonnet4__rep1.json	PILOT-2015000199	H	1	10	9694	2479	7478	3495	2.1396	
PILOT-2015000199__H__sonnet4__rep2.json	PILOT-2015000199	H	2	10	9694	2458	7494	3495	2.1442	
PILOT-2015004151__H__sonnet4__rep0.json	PILOT-2015004151	H	0	8	939	1060	172	675	0.2548	
PILOT-2015004151__H__sonnet4__rep1.json	PILOT-2015004151	H	1	8	939	907	219	675	0.3244	
PILOT-2015004151__H__sonnet4__rep2.json	PILOT-2015004151	H	2	8	939	1081	201	675	0.2978	
PILOT-2015004158__H__sonnet4__rep0.json	PILOT-2015004158	H	0	9	2431	1961	470	1096	0.4288	
PILOT-2015004158__H__sonnet4__rep1.json	PILOT-2015004158	H	1	9	2431	1961	472	1096	0.4307	
PILOT-2015004158__H__sonnet4__rep2.json	PILOT-2015004158	H	2	9	2431	1961	470	1096	0.4288	
PILOT-2015004926__H__sonnet4__rep0.json	PILOT-2015004926	H	0	15	5858	4921	1278	2480	0.5153	
PILOT-2015004926__H__sonnet4__rep1.json	PILOT-2015004926	H	1	20	5858	8325	3199	2480	1.2899	
PILOT-2015004926__H__sonnet4__rep2.json	PILOT-2015004926	H	2	20	5858	6240	1801	2480	0.7262	
PILOT-2015005752__H__sonnet4__rep0.json	PILOT-2015005752	H	0	20	4135	4793	950	457	2.0788	
PILOT-2015005752__H__sonnet4__rep1.json	PILOT-2015005752	H	1	20	4135	4810	967	457	2.116	
PILOT-2015005752__H__sonnet4__rep2.json	PILOT-2015005752	H	2	20	4135	4727	886	457	1.9387	
PILOT-2015006206__H__sonnet4__rep0.json	PILOT-2015006206	H	0	26	6927	7062	249	961	0.2591	
PILOT-2015006206__H__sonnet4__rep1.json	PILOT-2015006206	H	1	26	6927	7062	249	961	0.2591	
PILOT-2015006206__H__sonnet4__rep2.json	PILOT-2015006206	H	2	26	6927	7063	250	961	0.2601	
PILOT-2015006603__H__sonnet4__rep0.json	PILOT-2015006603	H	0	33	8199	9780	2052	5611	0.3657	
PILOT-2015006603__H__sonnet4__rep1.json	PILOT-2015006603	H	1	33	8199	9513	1784	5611	0.3179	
PILOT-2015006603__H__sonnet4__rep2.json	PILOT-2015006603	H	2	33	8199	9325	1596	5611	0.2844	
PILOT-2016000830__H__sonnet4__rep0.json	PILOT-2016000830	H	0	12	3034	2230	1977	4750	0.4162	
PILOT-2016000830__H__sonnet4__rep1.json	PILOT-2016000830	H	1	14	3034	2878	1287	4750	0.2709	
PILOT-2016000830__H__sonnet4__rep2.json	PILOT-2016000830	H	2	12	3034	3136	1589	4750	0.3345	
PILOT-2016000849__H__sonnet4__rep0.json	PILOT-2016000849	H	0	40	11865	12575	1495	8122	0.1841	
PILOT-2016000849__H__sonnet4__rep1.json	PILOT-2016000849	H	1	40	11865	12623	1505	8122	0.1853	
PILOT-2016000849__H__sonnet4__rep2.json	PILOT-2016000849	H	2	40	11865	12725	1665	8122	0.205	
PILOT-2016003042__H__sonnet4__rep0.json	PILOT-2016003042	H	0	11	8708	3491	5627	5799	0.9703	
PILOT-2016003042__H__sonnet4__rep1.json	PILOT-2016003042	H	1	11	8708	3498	5614	5799	0.9681	
PILOT-2016003042__H__sonnet4__rep2.json	PILOT-2016003042	H	2	11	8708	3512	5603	5799	0.9662	
PILOT-2016004446__H__sonnet4__rep0.json	PILOT-2016004446	H	0	4	1328	1453	571	1051	0.5433	
PILOT-2016004446__H__sonnet4__rep1.json	PILOT-2016004446	H	1	4	1328	1480	575	1051	0.5471	
PILOT-2016004446__H__sonnet4__rep2.json	PILOT-2016004446	H	2	4	1328	1438	557	1051	0.53	
PILOT-2016005844__H__sonnet4__rep0.json	PILOT-2016005844	H	0	18	5051	5525	566	520	1.0885	
PILOT-2016005844__H__sonnet4__rep1.json	PILOT-2016005844	H	1	18	5051	5577	618	520	1.1885	
PILOT-2016005844__H__sonnet4__rep2.json	PILOT-2016005844	H	2	18	5051	5531	572	520	1.1	
PILOT-2016006702__H__sonnet4__rep0.json	PILOT-2016006702	H	0	30	8865	8824	865	966	0.8954	
PILOT-2016006702__H__sonnet4__rep1.json	PILOT-2016006702	H	1	30	8865	8925	966	966	1.0	
PILOT-2016006702__H__sonnet4__rep2.json	PILOT-2016006702	H	2	30	8865	8549	568	966	0.588	
PILOT-2016007603__H__sonnet4__rep0.json	PILOT-2016007603	H	0	12	3389	2302	1518	1148	1.3223	
PILOT-2016007603__H__sonnet4__rep1.json	PILOT-2016007603	H	1	12	3389	2307	1515	1148	1.3197	
PILOT-2016007603__H__sonnet4__rep2.json	PILOT-2016007603	H	2	12	3389	2158	1411	1148	1.2291	
PILOT-2016007888__H__sonnet4__rep0.json	PILOT-2016007888	H	0	6	5843	2097	3959	861	4.5981	
PILOT-2016007888__H__sonnet4__rep1.json	PILOT-2016007888	H	1	6	5843	2101	3963	861	4.6028	
PILOT-2016007888__H__sonnet4__rep2.json	PILOT-2016007888	H	2	6	5843	2187	3909	861	4.5401	
PILOT-2017000071__H__sonnet4__rep0.json	PILOT-2017000071	H	0	7	4283	4265	492	577	0.8527	
PILOT-2017000071__H__sonnet4__rep1.json	PILOT-2017000071	H	1	7	4283	3807	558	577	0.9671	
PILOT-2017000071__H__sonnet4__rep2.json	PILOT-2017000071	H	2	7	4283	4156	394	577	0.6828	
PILOT-2017000093__H__sonnet4__rep0.json	PILOT-2017000093	H	0	21	8811	9392	1111	2769	0.4012	
PILOT-2017000093__H__sonnet4__rep1.json	PILOT-2017000093	H	1	21	8811	9474	1162	2769	0.4196	
PILOT-2017000093__H__sonnet4__rep2.json	PILOT-2017000093	H	2	21	8811	9198	914	2769	0.3301	
PILOT-2017001422__H__sonnet4__rep0.json	PILOT-2017001422	H	0	8	4600	2018	2949	357	8.2605	
PILOT-2017001422__H__sonnet4__rep1.json	PILOT-2017001422	H	1	8	4600	2061	2917	357	8.1709	
PILOT-2017001422__H__sonnet4__rep2.json	PILOT-2017001422	H	2	8	4600	2017	2950	357	8.2633	
PILOT-2017002001__H__sonnet4__rep0.json	PILOT-2017002001	H	0	19	5707	4286	2570	2192	1.1724	
PILOT-2017002001__H__sonnet4__rep1.json	PILOT-2017002001	H	1	19	5707	4099	2605	2192	1.1884	
PILOT-2017002001__H__sonnet4__rep2.json	PILOT-2017002001	H	2	26	5707	5826	1187	2192	0.5415	
PILOT-2017002029__H__sonnet4__rep0.json	PILOT-2017002029	H	0	28	4351	3805	1177	1540	0.7643	
PILOT-2017002029__H__sonnet4__rep1.json	PILOT-2017002029	H	1	28	4351	3739	1074	1540	0.6974	
PILOT-2017002029__H__sonnet4__rep2.json	PILOT-2017002029	H	2	28	4351	4393	1425	1540	0.9253	
PILOT-2017003676__H__sonnet4__rep0.json	PILOT-2017003676	H	0	19	2504	2709	419	389	1.0771	
PILOT-2017003676__H__sonnet4__rep1.json	PILOT-2017003676	H	1	19	2504	2710	420	389	1.0797	
PILOT-2017003676__H__sonnet4__rep2.json	PILOT-2017003676	H	2	19	2504	2762	472	389	1.2134	
PILOT-2017004144__H__sonnet4__rep0.json	PILOT-2017004144	H	0	30	6345	6650	634	1330	0.4767	
PILOT-2017004144__H__sonnet4__rep1.json	PILOT-2017004144	H	1	30	6345	6538	571	1330	0.4293	
PILOT-2017004144__H__sonnet4__rep2.json	PILOT-2017004144	H	2	30	6345	6594	577	1330	0.4338	
PILOT-2017004286__H__sonnet4__rep0.json	PILOT-2017004286	H	0	26	6980	7262	340	1533	0.2218	
PILOT-2017004286__H__sonnet4__rep1.json	PILOT-2017004286	H	1	26	6980	7281	359	1533	0.2342	
PILOT-2017004286__H__sonnet4__rep2.json	PILOT-2017004286	H	2	26	6980	7262	340	1533	0.2218	
PILOT-2017005259__H__sonnet4__rep0.json	PILOT-2017005259	H	0	14	2205	2106	1068	728	1.467	
PILOT-2017005259__H__sonnet4__rep1.json	PILOT-2017005259	H	1	14	2205	2878	675	728	0.9272	
PILOT-2017005259__H__sonnet4__rep2.json	PILOT-2017005259	H	2	14	2205	3028	823	728	1.1305	
PILOT-2017005493__H__sonnet4__rep0.json	PILOT-2017005493	H	0	20	3063	3644	662	384	1.724	
PILOT-2017005493__H__sonnet4__rep1.json	PILOT-2017005493	H	1	20	3063	3561	577	384	1.5026	
PILOT-2017005493__H__sonnet4__rep2.json	PILOT-2017005493	H	2	20	3063	3234	727	384	1.8932	
PILOT-2017006188__H__sonnet4__rep0.json	PILOT-2017006188	H	0	0			None		None	no_gen
PILOT-2017006188__H__sonnet4__rep1.json	PILOT-2017006188	H	1	0			None		None	no_gen
PILOT-2017006188__H__sonnet4__rep2.json	PILOT-2017006188	H	2	16	6996	3729	4446	552	8.0543	
PILOT-2017007272__H__sonnet4__rep0.json	PILOT-2017007272	H	0	20	2559	3137	703	435	1.6161	
PILOT-2017007272__H__sonnet4__rep1.json	PILOT-2017007272	H	1	20	2559	2850	554	435	1.2736	
PILOT-2017007272__H__sonnet4__rep2.json	PILOT-2017007272	H	2	20	2559	2786	691	435	1.5885	
PILOT-2017007595__H__sonnet4__rep0.json	PILOT-2017007595	H	0	42	11101	12370	1494	3372	0.4431	
PILOT-2017007595__H__sonnet4__rep1.json	PILOT-2017007595	H	1	42	11101	12157	1259	3372	0.3734	
PILOT-2017007595__H__sonnet4__rep2.json	PILOT-2017007595	H	2	42	11101	12072	1196	3372	0.3547	
PILOT-2017009415__H__sonnet4__rep0.json	PILOT-2017009415	H	0	13	3715	3980	349	973	0.3587	
PILOT-2017009415__H__sonnet4__rep1.json	PILOT-2017009415	H	1	13	3715	3977	346	973	0.3556	
PILOT-2017009415__H__sonnet4__rep2.json	PILOT-2017009415	H	2	13	3715	3941	310	973	0.3186	
PILOT-2017010497__H__sonnet4__rep0.json	PILOT-2017010497	H	0	13	5060	4544	2186	1110	1.9694	
PILOT-2017010497__H__sonnet4__rep1.json	PILOT-2017010497	H	1	13	5060	4187	2327	1110	2.0964	
PILOT-2017010497__H__sonnet4__rep2.json	PILOT-2017010497	H	2	16	5060	4877	1928	1110	1.7369	
PILOT-2017010632__H__sonnet4__rep0.json	PILOT-2017010632	H	0	20	9700	9822	1194	1340	0.891	
PILOT-2017010632__H__sonnet4__rep1.json	PILOT-2017010632	H	1	20	9700	9903	1134	1340	0.8463	
PILOT-2017010632__H__sonnet4__rep2.json	PILOT-2017010632	H	2	20	9700	9777	1695	1340	1.2649	
PILOT-2018000427__H__sonnet4__rep0.json	PILOT-2018000427	H	0	2	4938	1438	3672	580	6.331	
PILOT-2018000427__H__sonnet4__rep1.json	PILOT-2018000427	H	1	2	4938	1438	3672	580	6.331	
PILOT-2018000427__H__sonnet4__rep2.json	PILOT-2018000427	H	2	2	4938	1438	3672	580	6.331	
PILOT-2018001232__H__sonnet4__rep0.json	PILOT-2018001232	H	0	20	3733	3935	298	793	0.3758	
PILOT-2018001232__H__sonnet4__rep1.json	PILOT-2018001232	H	1	20	3733	3935	298	793	0.3758	
PILOT-2018001232__H__sonnet4__rep2.json	PILOT-2018001232	H	2	20	3733	3935	298	793	0.3758	
PILOT-2018003513__H__sonnet4__rep0.json	PILOT-2018003513	H	0	25	11037	3377	7767	3486	2.2281	
PILOT-2018003513__H__sonnet4__rep1.json	PILOT-2018003513	H	1	34	11037	3433	7688	3486	2.2054	
PILOT-2018003513__H__sonnet4__rep2.json	PILOT-2018003513	H	2	25	11037	3462	7684	3486	2.2042	
PILOT-2018005420__H__sonnet4__rep0.json	PILOT-2018005420	H	0	25	8113	8430	633	2586	0.2448	
PILOT-2018005420__H__sonnet4__rep1.json	PILOT-2018005420	H	1	25	8113	8580	783	2586	0.3028	
PILOT-2018005420__H__sonnet4__rep2.json	PILOT-2018005420	H	2	25	8113	8389	591	2586	0.2285	
PILOT-2018005863__H__sonnet4__rep0.json	PILOT-2018005863	H	0	25	8120	8305	904	1563	0.5784	
PILOT-2018005863__H__sonnet4__rep1.json	PILOT-2018005863	H	1	25	8120	8135	684	1563	0.4376	
PILOT-2018005863__H__sonnet4__rep2.json	PILOT-2018005863	H	2	25	8120	8047	650	1563	0.4159	
PILOT-2018007886__H__sonnet4__rep0.json	PILOT-2018007886	H	0	16	4635	5387	752	863	0.8714	
PILOT-2018007886__H__sonnet4__rep1.json	PILOT-2018007886	H	1	16	4635	5292	666	863	0.7717	
PILOT-2018007886__H__sonnet4__rep2.json	PILOT-2018007886	H	2	16	4635	5398	763	863	0.8841	
PILOT-2018007979__H__sonnet4__rep0.json	PILOT-2018007979	H	0	3	4163	4454	411	2669	0.154	
PILOT-2018007979__H__sonnet4__rep1.json	PILOT-2018007979	H	1	3	4163	4454	411	2669	0.154	
PILOT-2018007979__H__sonnet4__rep2.json	PILOT-2018007979	H	2	3	4163	4460	417	2669	0.1562	
PILOT-2019001867__H__sonnet4__rep0.json	PILOT-2019001867	H	0	23	10769	10913	428	6264	0.0683	
PILOT-2019001867__H__sonnet4__rep1.json	PILOT-2019001867	H	1	23	10769	10913	428	6264	0.0683	
PILOT-2019001867__H__sonnet4__rep2.json	PILOT-2019001867	H	2	23	10769	10913	428	6264	0.0683	
PILOT-2019002001__H__sonnet4__rep0.json	PILOT-2019002001	H	0	20	6327	7538	1793	2187	0.8198	
PILOT-2019002001__H__sonnet4__rep1.json	PILOT-2019002001	H	1	20	6327	7246	1515	2187	0.6927	
PILOT-2019002001__H__sonnet4__rep2.json	PILOT-2019002001	H	2	20	6327	7833	2086	2187	0.9538	
PILOT-2019002439__H__sonnet4__rep0.json	PILOT-2019002439	H	0	28	10822	11064	3645	4526	0.8053	
PILOT-2019002439__H__sonnet4__rep1.json	PILOT-2019002439	H	1	28	10822	9988	2523	4526	0.5574	
PILOT-2019002439__H__sonnet4__rep2.json	PILOT-2019002439	H	2	28	10822	9809	2249	4526	0.4969	
PILOT-2019003829__H__sonnet4__rep0.json	PILOT-2019003829	H	0	17	2276	2263	571	1505	0.3794	
PILOT-2019003829__H__sonnet4__rep1.json	PILOT-2019003829	H	1	17	2276	2322	629	1505	0.4179	
PILOT-2019003829__H__sonnet4__rep2.json	PILOT-2019003829	H	2	13	2276	1702	1209	1505	0.8033	
PILOT-2019005007__H__sonnet4__rep0.json	PILOT-2019005007	H	0	30	6403	5703	1605	3873	0.4144	
PILOT-2019005007__H__sonnet4__rep1.json	PILOT-2019005007	H	1	27	6403	5872	1695	3873	0.4376	
PILOT-2019005007__H__sonnet4__rep2.json	PILOT-2019005007	H	2	27	6403	6470	2276	3873	0.5877	
PILOT-2019005292__H__sonnet4__rep0.json	PILOT-2019005292	H	0	20	11391	10153	2898	2300	1.26	
PILOT-2019005292__H__sonnet4__rep1.json	PILOT-2019005292	H	1	20	11391	9275	2526	2300	1.0983	
PILOT-2019005292__H__sonnet4__rep2.json	PILOT-2019005292	H	2	20	11391	9959	2761	2300	1.2004	
PILOT-2019005776__H__sonnet4__rep0.json	PILOT-2019005776	H	0	20	6941	6729	381	5443	0.07	
PILOT-2019005776__H__sonnet4__rep1.json	PILOT-2019005776	H	1	20	6941	6821	328	5443	0.0603	
PILOT-2019005776__H__sonnet4__rep2.json	PILOT-2019005776	H	2	20	6941	6821	328	5443	0.0603	
PILOT-2019006119__H__sonnet4__rep0.json	PILOT-2019006119	H	0	8	2141	2326	483	695	0.695	
PILOT-2019006119__H__sonnet4__rep1.json	PILOT-2019006119	H	1	8	2141	2420	501	695	0.7209	
PILOT-2019006119__H__sonnet4__rep2.json	PILOT-2019006119	H	2	8	2141	2401	425	695	0.6115	
PILOT-2019006614__H__sonnet4__rep0.json	PILOT-2019006614	H	0						None	no_baseline
PILOT-2019006614__H__sonnet4__rep1.json	PILOT-2019006614	H	1						None	no_baseline
PILOT-2019006614__H__sonnet4__rep2.json	PILOT-2019006614	H	2						None	no_baseline
PILOT-2020000122__H__sonnet4__rep0.json	PILOT-2020000122	H	0	20	6441	6964	675	11530	0.0585	
PILOT-2020000122__H__sonnet4__rep1.json	PILOT-2020000122	H	1	20	6441	6664	375	11530	0.0325	
PILOT-2020000122__H__sonnet4__rep2.json	PILOT-2020000122	H	2	20	6441	6664	375	11530	0.0325	
PILOT-2020000158__H__sonnet4__rep0.json	PILOT-2020000158	H	0	20	4171	4380	449	461	0.974	
PILOT-2020000158__H__sonnet4__rep1.json	PILOT-2020000158	H	1	20	4171	4680	738	461	1.6009	
PILOT-2020000158__H__sonnet4__rep2.json	PILOT-2020000158	H	2	20	4171	4380	449	461	0.974	
PILOT-2020000362__H__sonnet4__rep0.json	PILOT-2020000362	H	0	15	5042	5022	208	4451	0.0467	
PILOT-2020000362__H__sonnet4__rep1.json	PILOT-2020000362	H	1	15	5042	5450	638	4451	0.1433	
PILOT-2020000362__H__sonnet4__rep2.json	PILOT-2020000362	H	2	15	5042	5067	254	4451	0.0571	
PILOT-2020000402__H__sonnet4__rep0.json	PILOT-2020000402	H	0	9	3214	3557	380	454	0.837	
PILOT-2020000402__H__sonnet4__rep1.json	PILOT-2020000402	H	1	9	3214	3409	492	454	1.0837	
PILOT-2020000402__H__sonnet4__rep2.json	PILOT-2020000402	H	2	9	3214	3557	380	454	0.837	
PILOT-2020000676__H__sonnet4__rep0.json	PILOT-2020000676	H	0	20	11143	11437	434	1431	0.3033	
PILOT-2020000676__H__sonnet4__rep1.json	PILOT-2020000676	H	1	20	11143	12249	1188	1431	0.8302	
PILOT-2020000676__H__sonnet4__rep2.json	PILOT-2020000676	H	2	20	11143	11526	465	1431	0.3249	
PILOT-2020001769__H__sonnet4__rep0.json	PILOT-2020001769	H	0	21	4930	4450	900	1929	0.4666	
PILOT-2020001769__H__sonnet4__rep1.json	PILOT-2020001769	H	1	21	4930	4299	678	1929	0.3515	
PILOT-2020001769__H__sonnet4__rep2.json	PILOT-2020001769	H	2	21	4930	4402	875	1929	0.4536	
PILOT-2020002332__H__sonnet4__rep0.json	PILOT-2020002332	H	0	25	6503	6893	736	2358	0.3121	
PILOT-2020002332__H__sonnet4__rep1.json	PILOT-2020002332	H	1	25	6503	6893	736	2358	0.3121	
PILOT-2020002332__H__sonnet4__rep2.json	PILOT-2020002332	H	2	25	6503	6893	736	2358	0.3121	
PILOT-2020002369__H__sonnet4__rep0.json	PILOT-2020002369	H	0	20	3915	3934	185	1148	0.1611	
PILOT-2020002369__H__sonnet4__rep1.json	PILOT-2020002369	H	1	20	3915	3846	97	1148	0.0845	
PILOT-2020002369__H__sonnet4__rep2.json	PILOT-2020002369	H	2	20	3915	3846	97	1148	0.0845	
PILOT-2020002555__H__sonnet4__rep0.json	PILOT-2020002555	H	0	20	5601	5502	924	591	1.5635	
PILOT-2020002555__H__sonnet4__rep1.json	PILOT-2020002555	H	1	20	5601	5948	522	591	0.8832	
PILOT-2020002555__H__sonnet4__rep2.json	PILOT-2020002555	H	2	20	5601	5662	236	591	0.3993	
PILOT-2020002688__H__sonnet4__rep0.json	PILOT-2020002688	H	0	9	10326	5020	5857	4258	1.3755	
PILOT-2020002688__H__sonnet4__rep1.json	PILOT-2020002688	H	1	9	10326	5184	5715	4258	1.3422	
PILOT-2020002688__H__sonnet4__rep2.json	PILOT-2020002688	H	2	9	10326	5232	5799	4258	1.3619	
PILOT-2020002729__H__sonnet4__rep0.json	PILOT-2020002729	H	0	27	9752	11017	1771	1304	1.3581	
PILOT-2020002729__H__sonnet4__rep1.json	PILOT-2020002729	H	1	27	9752	10666	1430	1304	1.0966	
PILOT-2020002729__H__sonnet4__rep2.json	PILOT-2020002729	H	2	27	9752	10612	1376	1304	1.0552	
PILOT-2020003998__H__sonnet4__rep0.json	PILOT-2020003998	H	0	15	49574	2265	47332	46409	1.0199	
PILOT-2020003998__H__sonnet4__rep1.json	PILOT-2020003998	H	1	15	49574	2276	47321	46409	1.0197	
PILOT-2020003998__H__sonnet4__rep2.json	PILOT-2020003998	H	2	15	49574	2254	47344	46409	1.0201	
PILOT-2020004768__H__sonnet4__rep0.json	PILOT-2020004768	H	0	20	3302	3091	820	1332	0.6156	
PILOT-2020004768__H__sonnet4__rep1.json	PILOT-2020004768	H	1	20	3302	3179	778	1332	0.5841	
PILOT-2020004768__H__sonnet4__rep2.json	PILOT-2020004768	H	2	20	3302	3022	944	1332	0.7087	
PILOT-2020006264__H__sonnet4__rep0.json	PILOT-2020006264	H	0	20	4312	4306	330	753	0.4382	
PILOT-2020006264__H__sonnet4__rep1.json	PILOT-2020006264	H	1	20	4312	4370	389	753	0.5166	
PILOT-2020006264__H__sonnet4__rep2.json	PILOT-2020006264	H	2	20	4312	4370	389	753	0.5166	
PILOT-2020006435__H__sonnet4__rep0.json	PILOT-2020006435	H	0	33	5730	5572	635	1021	0.6219	
PILOT-2020006435__H__sonnet4__rep1.json	PILOT-2020006435	H	1	33	5730	5572	635	1021	0.6219	
PILOT-2020006435__H__sonnet4__rep2.json	PILOT-2020006435	H	2	33	5730	5578	639	1021	0.6259	
PILOT-2021000834__H__sonnet4__rep0.json	PILOT-2021000834	H	0	20	4172	4219	141	617	0.2285	
PILOT-2021000834__H__sonnet4__rep1.json	PILOT-2021000834	H	1	20	4172	4223	147	617	0.2382	
PILOT-2021000834__H__sonnet4__rep2.json	PILOT-2021000834	H	2	20	4172	4223	147	617	0.2382	
PILOT-2021001124__H__sonnet4__rep0.json	PILOT-2021001124	H	0	15	6936	7749	966	6855	0.1409	
PILOT-2021001124__H__sonnet4__rep1.json	PILOT-2021001124	H	1	11	6936	6897	1872	6855	0.2731	
PILOT-2021001124__H__sonnet4__rep2.json	PILOT-2021001124	H	2	15	6936	7631	848	6855	0.1237	
PILOT-2021002328__H__sonnet4__rep0.json	PILOT-2021002328	H	0	14	15772	4932	10888	10393	1.0476	
PILOT-2021002328__H__sonnet4__rep1.json	PILOT-2021002328	H	1	14	15772	5565	10929	10393	1.0516	
PILOT-2021002328__H__sonnet4__rep2.json	PILOT-2021002328	H	2	14	15772	4932	10888	10393	1.0476	
PILOT-2021003980__H__sonnet4__rep0.json	PILOT-2021003980	H	0	20	6336	7279	944	844	1.1185	
PILOT-2021003980__H__sonnet4__rep1.json	PILOT-2021003980	H	1	20	6336	7267	932	844	1.1043	
PILOT-2021003980__H__sonnet4__rep2.json	PILOT-2021003980	H	2	20	6336	7271	936	844	1.109	
PILOT-2022001087__H__sonnet4__rep0.json	PILOT-2022001087	H	0	24	9892	8484	1836	2682	0.6846	
PILOT-2022001087__H__sonnet4__rep1.json	PILOT-2022001087	H	1	24	9892	8598	1924	2682	0.7174	
PILOT-2022001087__H__sonnet4__rep2.json	PILOT-2022001087	H	2	24	9892	9255	2595	2682	0.9676	
PILOT-2009010505__H__haiku4.5__rep0.json	PILOT-2009010505	H	0	28	7717	11552	4922	4264	1.1543	
PILOT-2009010505__H__haiku4.5__rep1.json	PILOT-2009010505	H	1	26	7717	8895	3033	4264	0.7113	
PILOT-2009010505__H__haiku4.5__rep2.json	PILOT-2009010505	H	2	26	7717	9004	3319	4264	0.7784	
PILOT-2010007757__H__haiku4.5__rep0.json	PILOT-2010007757	H	0	17	4313	3019	2293	2367	0.9687	
PILOT-2010007757__H__haiku4.5__rep1.json	PILOT-2010007757	H	1	3	4313	601	3737	2367	1.5788	
PILOT-2010007757__H__haiku4.5__rep2.json	PILOT-2010007757	H	2	3	4313	622	3720	2367	1.5716	
PILOT-2010008015__H__haiku4.5__rep0.json	PILOT-2010008015	H	0	28	6611	8021	1738	1458	1.192	
PILOT-2010008015__H__haiku4.5__rep1.json	PILOT-2010008015	H	1	28	6611	6960	741	1458	0.5082	
PILOT-2010008015__H__haiku4.5__rep2.json	PILOT-2010008015	H	2	28	6611	8189	1877	1458	1.2874	
PILOT-2010010196__H__haiku4.5__rep0.json	PILOT-2010010196	H	0	20	3592	3806	384	2523	0.1522	
PILOT-2010010196__H__haiku4.5__rep1.json	PILOT-2010010196	H	1	20	3592	3482	456	2523	0.1807	
PILOT-2010010196__H__haiku4.5__rep2.json	PILOT-2010010196	H	2	20	3592	3417	508	2523	0.2013	
PILOT-2010011970__H__haiku4.5__rep0.json	PILOT-2010011970	H	0	8	1664	4791	3176	1178	2.6961	
PILOT-2010011970__H__haiku4.5__rep1.json	PILOT-2010011970	H	1	8	1664	5315	3697	1178	3.1384	
PILOT-2010011970__H__haiku4.5__rep2.json	PILOT-2010011970	H	2	8	1664	4666	3052	1178	2.5908	
PILOT-2011003851__H__haiku4.5__rep0.json	PILOT-2011003851	H	0	20	11846	12780	2272	4592	0.4948	
PILOT-2011003851__H__haiku4.5__rep1.json	PILOT-2011003851	H	1	20	11846	12258	1888	4592	0.4111	
PILOT-2011003851__H__haiku4.5__rep2.json	PILOT-2011003851	H	2	20	11846	12200	1952	4592	0.4251	
PILOT-2011004581__H__haiku4.5__rep0.json	PILOT-2011004581	H	0	11	3341	4063	892	3160	0.2823	
PILOT-2011004581__H__haiku4.5__rep1.json	PILOT-2011004581	H	1	11	3341	4081	915	3160	0.2896	
PILOT-2011004581__H__haiku4.5__rep2.json	PILOT-2011004581	H	2	11	3341	4079	909	3160	0.2877	
PILOT-2011007474__H__haiku4.5__rep0.json	PILOT-2011007474	H	0	14	4898	3447	2800	2042	1.3712	
PILOT-2011007474__H__haiku4.5__rep1.json	PILOT-2011007474	H	1	14	4898	3715	2825	2042	1.3834	
PILOT-2011007474__H__haiku4.5__rep2.json	PILOT-2011007474	H	2	14	4898	3741	2852	2042	1.3967	
PILOT-2011008843__H__haiku4.5__rep0.json	PILOT-2011008843	H	0	19	10128	6683	4123	4255	0.969	
PILOT-2011008843__H__haiku4.5__rep1.json	PILOT-2011008843	H	1	19	10128	6803	4119	4255	0.968	
PILOT-2011008843__H__haiku4.5__rep2.json	PILOT-2011008843	H	2	19	10128	6720	4121	4255	0.9685	
PILOT-2011009182__H__haiku4.5__rep0.json	PILOT-2011009182	H	0	17	11499	10820	3376	3718	0.908	
PILOT-2011009182__H__haiku4.5__rep1.json	PILOT-2011009182	H	1	17	11499	10615	3277	3718	0.8814	
PILOT-2011009182__H__haiku4.5__rep2.json	PILOT-2011009182	H	2	18	11499	8753	4221	3718	1.1353	
PILOT-2011011469__H__haiku4.5__rep0.json	PILOT-2011011469	H	0	17	2785	3514	800	1905	0.4199	
PILOT-2011011469__H__haiku4.5__rep1.json	PILOT-2011011469	H	1	17	2785	3702	986	1905	0.5176	
PILOT-2011011469__H__haiku4.5__rep2.json	PILOT-2011011469	H	2	17	2785	3871	1155	1905	0.6063	
PILOT-2011012180__H__haiku4.5__rep0.json	PILOT-2011012180	H	0	20	5334	5284	505	5571	0.0906	
PILOT-2011012180__H__haiku4.5__rep1.json	PILOT-2011012180	H	1	20	5334	5263	571	5571	0.1025	
PILOT-2011012180__H__haiku4.5__rep2.json	PILOT-2011012180	H	2	20	5334	5341	566	5571	0.1016	
PILOT-2011013110__H__haiku4.5__rep0.json	PILOT-2011013110	H	0	11	8131	6656	3363	4100	0.8202	
PILOT-2011013110__H__haiku4.5__rep1.json	PILOT-2011013110	H	1	11	8131	4765	4359	4100	1.0632	
PILOT-2011013110__H__haiku4.5__rep2.json	PILOT-2011013110	H	2	11	8131	5417	4003	4100	0.9763	
PILOT-2012000327__H__haiku4.5__rep0.json	PILOT-2012000327	H	0	17	8317	6262	3802	5828	0.6524	
PILOT-2012000327__H__haiku4.5__rep1.json	PILOT-2012000327	H	1	24	8317	6995	2473	5828	0.4243	
PILOT-2012000327__H__haiku4.5__rep2.json	PILOT-2012000327	H	2	24	8317	8009	1868	5828	0.3205	
PILOT-2012003288__H__haiku4.5__rep0.json	PILOT-2012003288	H	0	13	3274	3362	633	714	0.8866	
PILOT-2012003288__H__haiku4.5__rep1.json	PILOT-2012003288	H	1	13	3274	2141	1422	714	1.9916	
PILOT-2012003288__H__haiku4.5__rep2.json	PILOT-2012003288	H	2	13	3274	3288	583	714	0.8165	
PILOT-2012005674__H__haiku4.5__rep0.json	PILOT-2012005674	H	0	37	9954	10011	1227	5845	0.2099	
PILOT-2012005674__H__haiku4.5__rep1.json	PILOT-2012005674	H	1	37	9954	9951	1182	5845	0.2022	
PILOT-2012005674__H__haiku4.5__rep2.json	PILOT-2012005674	H	2	37	9954	9953	1183	5845	0.2024	
PILOT-2012006145__H__haiku4.5__rep0.json	PILOT-2012006145	H	0	23	6066	1050	5061	2446	2.0691	
PILOT-2012006145__H__haiku4.5__rep1.json	PILOT-2012006145	H	1	23	6066	3209	3029	2446	1.2383	
PILOT-2012006145__H__haiku4.5__rep2.json	PILOT-2012006145	H	2	23	6066	3165	2985	2446	1.2204	
PILOT-2012007524__H__haiku4.5__rep0.json	PILOT-2012007524	H	0	7	7153	3038	4478	1361	3.2902	
PILOT-2012007524__H__haiku4.5__rep1.json	PILOT-2012007524	H	1	20	7153	2987	4458	1361	3.2755	
PILOT-2012007524__H__haiku4.5__rep2.json	PILOT-2012007524	H	2	20	7153	7630	990	1361	0.7274	
PILOT-2012008496__H__haiku4.5__rep0.json	PILOT-2012008496	H	0	35	10184	12176	2803	5108	0.5487	
PILOT-2012008496__H__haiku4.5__rep1.json	PILOT-2012008496	H	1	35	10184	6276	5054	5108	0.9894	
PILOT-2012008496__H__haiku4.5__rep2.json	PILOT-2012008496	H	2	35	10184	12035	2504	5108	0.4902	
PILOT-2012010015__H__haiku4.5__rep0.json	PILOT-2012010015	H	0	16	5606	3013	2821	672	4.1979	
PILOT-2012010015__H__haiku4.5__rep1.json	PILOT-2012010015	H	1	16	5606	2506	3346	672	4.9792	
PILOT-2012010015__H__haiku4.5__rep2.json	PILOT-2012010015	H	2	16	5606	2186	3528	672	5.25	
PILOT-2013000789__H__haiku4.5__rep0.json	PILOT-2013000789	H	0	27	4195	3769	1449	2549	0.5685	
PILOT-2013000789__H__haiku4.5__rep1.json	PILOT-2013000789	H	1	27	4195	2178	2411	2549	0.9459	
PILOT-2013000789__H__haiku4.5__rep2.json	PILOT-2013000789	H	2	11	4195	1750	2731	2549	1.0714	
PILOT-2013001277__H__haiku4.5__rep0.json	PILOT-2013001277	H	0	15	3226	3933	1216	945	1.2868	
PILOT-2013001277__H__haiku4.5__rep1.json	PILOT-2013001277	H	1	18	3226	3998	905	945	0.9577	
PILOT-2013001277__H__haiku4.5__rep2.json	PILOT-2013001277	H	2	18	3226	4604	1467	945	1.5524	
PILOT-2013007708__H__haiku4.5__rep0.json	PILOT-2013007708	H	0	28	3817	5776	2114	3149	0.6713	
PILOT-2013007708__H__haiku4.5__rep1.json	PILOT-2013007708	H	1	28	3817	5909	2169	3149	0.6888	
PILOT-2013007708__H__haiku4.5__rep2.json	PILOT-2013007708	H	2	28	3817	5835	2124	3149	0.6745	
PILOT-2014002407__H__haiku4.5__rep0.json	PILOT-2014002407	H	0	0			None		None	no_gen
PILOT-2014002407__H__haiku4.5__rep1.json	PILOT-2014002407	H	1	0			None		None	no_gen
PILOT-2014002407__H__haiku4.5__rep2.json	PILOT-2014002407	H	2	0			None		None	no_gen
PILOT-2014002745__H__haiku4.5__rep0.json	PILOT-2014002745	H	0	27	5510	4973	1795	4481	0.4006	
PILOT-2014002745__H__haiku4.5__rep1.json	PILOT-2014002745	H	1	27	5510	4973	1795	4481	0.4006	
PILOT-2014002745__H__haiku4.5__rep2.json	PILOT-2014002745	H	2	27	5510	5124	1298	4481	0.2897	
PILOT-2014003236__H__haiku4.5__rep0.json	PILOT-2014003236	H	0	5	564	651	131	413	0.3172	
PILOT-2014003236__H__haiku4.5__rep1.json	PILOT-2014003236	H	1	5	564	563	91	413	0.2203	
PILOT-2014003236__H__haiku4.5__rep2.json	PILOT-2014003236	H	2	5	564	563	91	413	0.2203	
PILOT-2014003587__H__haiku4.5__rep0.json	PILOT-2014003587	H	0	20	4305	5026	957	1705	0.5613	
PILOT-2014003587__H__haiku4.5__rep1.json	PILOT-2014003587	H	1	20	4305	5245	1024	1705	0.6006	
PILOT-2014003587__H__haiku4.5__rep2.json	PILOT-2014003587	H	2	20	4305	5423	1174	1705	0.6886	
PILOT-2014006550__H__haiku4.5__rep0.json	PILOT-2014006550	H	0	20	6560	7346	1184	1375	0.8611	
PILOT-2014006550__H__haiku4.5__rep1.json	PILOT-2014006550	H	1	20	6560	7221	1147	1375	0.8342	
PILOT-2014006550__H__haiku4.5__rep2.json	PILOT-2014006550	H	2	20	6560	7684	1441	1375	1.048	
PILOT-2014007043__H__haiku4.5__rep0.json	PILOT-2014007043	H	0	20	4137	4049	451	1469	0.307	
PILOT-2014007043__H__haiku4.5__rep1.json	PILOT-2014007043	H	1	20	4137	3866	345	1469	0.2349	
PILOT-2014007043__H__haiku4.5__rep2.json	PILOT-2014007043	H	2	18	4137	3756	566	1469	0.3853	
PILOT-2014008375__H__haiku4.5__rep0.json	PILOT-2014008375	H	0	10	3234	3342	198	1633	0.1212	
PILOT-2014008375__H__haiku4.5__rep1.json	PILOT-2014008375	H	1	10	3234	1809	1592	1633	0.9749	
PILOT-2014008375__H__haiku4.5__rep2.json	PILOT-2014008375	H	2	10	3234	1907	1640	1633	1.0043	
PILOT-2014009096__H__haiku4.5__rep0.json	PILOT-2014009096	H	0	5	5103	3346	2560	3397	0.7536	
PILOT-2014009096__H__haiku4.5__rep1.json	PILOT-2014009096	H	1	5	5103	3346	2560	3397	0.7536	
PILOT-2014009096__H__haiku4.5__rep2.json	PILOT-2014009096	H	2	5	5103	3346	2560	3397	0.7536	
PILOT-2014009182__H__haiku4.5__rep0.json	PILOT-2014009182	H	0	12	5648	4135	2481	778	3.1889	
PILOT-2014009182__H__haiku4.5__rep1.json	PILOT-2014009182	H	1	12	5648	4842	2480	778	3.1877	
PILOT-2014009182__H__haiku4.5__rep2.json	PILOT-2014009182	H	2	20	5648	6358	970	778	1.2468	
PILOT-2014009970__H__haiku4.5__rep0.json	PILOT-2014009970	H	0	9	2186	3134	1024	1005	1.0189	
PILOT-2014009970__H__haiku4.5__rep1.json	PILOT-2014009970	H	1	9	2186	3044	998	1005	0.993	
PILOT-2014009970__H__haiku4.5__rep2.json	PILOT-2014009970	H	2	9	2186	3458	1340	1005	1.3333	
PILOT-2015000199__H__haiku4.5__rep0.json	PILOT-2015000199	H	0	10	9694	2435	7556	3495	2.1619	
PILOT-2015000199__H__haiku4.5__rep1.json	PILOT-2015000199	H	1	10	9694	2435	7568	3495	2.1654	
PILOT-2015000199__H__haiku4.5__rep2.json	PILOT-2015000199	H	2	10	9694	2564	7457	3495	2.1336	
PILOT-2015004151__H__haiku4.5__rep0.json	PILOT-2015004151	H	0	8	939	1178	348	675	0.5156	
PILOT-2015004151__H__haiku4.5__rep1.json	PILOT-2015004151	H	1	8	939	1203	342	675	0.5067	
PILOT-2015004151__H__haiku4.5__rep2.json	PILOT-2015004151	H	2	8	939	1210	348	675	0.5156	
PILOT-2015004158__H__haiku4.5__rep0.json	PILOT-2015004158	H	0	12	2431	1848	987	1096	0.9005	
PILOT-2015004158__H__haiku4.5__rep1.json	PILOT-2015004158	H	1	12	2431	1737	928	1096	0.8467	
PILOT-2015004158__H__haiku4.5__rep2.json	PILOT-2015004158	H	2	12	2431	1848	987	1096	0.9005	
PILOT-2015004926__H__haiku4.5__rep0.json	PILOT-2015004926	H	0	20	5858	7962	2397	2480	0.9665	
PILOT-2015004926__H__haiku4.5__rep1.json	PILOT-2015004926	H	1	20	5858	5611	1757	2480	0.7085	
PILOT-2015004926__H__haiku4.5__rep2.json	PILOT-2015004926	H	2	20	5858	6779	1510	2480	0.6089	
PILOT-2015005752__H__haiku4.5__rep0.json	PILOT-2015005752	H	0	20	4135	4847	1012	457	2.2144	
PILOT-2015005752__H__haiku4.5__rep1.json	PILOT-2015005752	H	1	20	4135	4808	913	457	1.9978	
PILOT-2015005752__H__haiku4.5__rep2.json	PILOT-2015005752	H	2	20	4135	3835	1595	457	3.4902	
PILOT-2015006206__H__haiku4.5__rep0.json	PILOT-2015006206	H	0	26	6927	8160	1326	961	1.3798	
PILOT-2015006206__H__haiku4.5__rep1.json	PILOT-2015006206	H	1	26	6927	7556	743	961	0.7732	
PILOT-2015006206__H__haiku4.5__rep2.json	PILOT-2015006206	H	2	26	6927	7782	969	961	1.0083	
PILOT-2015006603__H__haiku4.5__rep0.json	PILOT-2015006603	H	0	33	8199	9442	1713	5611	0.3053	
PILOT-2015006603__H__haiku4.5__rep1.json	PILOT-2015006603	H	1	33	8199	9210	1484	5611	0.2645	
PILOT-2015006603__H__haiku4.5__rep2.json	PILOT-2015006603	H	2	33	8199	8457	774	5611	0.1379	
PILOT-2016000830__H__haiku4.5__rep0.json	PILOT-2016000830	H	0	11	3034	2347	1405	4750	0.2958	
PILOT-2016000830__H__haiku4.5__rep1.json	PILOT-2016000830	H	1	12	3034	2305	1394	4750	0.2935	
PILOT-2016000830__H__haiku4.5__rep2.json	PILOT-2016000830	H	2	11	3034	2297	1293	4750	0.2722	
PILOT-2016000849__H__haiku4.5__rep0.json	PILOT-2016000849	H	0	40	11865	5041	7013	8122	0.8635	
PILOT-2016000849__H__haiku4.5__rep1.json	PILOT-2016000849	H	1	40	11865	11930	829	8122	0.1021	
PILOT-2016000849__H__haiku4.5__rep2.json	PILOT-2016000849	H	2	40	11865	12542	1425	8122	0.1754	
PILOT-2016003042__H__haiku4.5__rep0.json	PILOT-2016003042	H	0	12	8708	3642	5930	5799	1.0226	
PILOT-2016003042__H__haiku4.5__rep1.json	PILOT-2016003042	H	1	25	8708	9078	4045	5799	0.6975	
PILOT-2016003042__H__haiku4.5__rep2.json	PILOT-2016003042	H	2	12	8708	4613	5858	5799	1.0102	
PILOT-2016004446__H__haiku4.5__rep0.json	PILOT-2016004446	H	0	4	1328	1256	430	1051	0.4091	
PILOT-2016004446__H__haiku4.5__rep1.json	PILOT-2016004446	H	1	4	1328	1243	437	1051	0.4158	
PILOT-2016004446__H__haiku4.5__rep2.json	PILOT-2016004446	H	2	4	1328	1247	429	1051	0.4082	
PILOT-2016005844__H__haiku4.5__rep0.json	PILOT-2016005844	H	0	18	5051	7152	2414	520	4.6423	
PILOT-2016005844__H__haiku4.5__rep1.json	PILOT-2016005844	H	1	18	5051	6182	1713	520	3.2942	
PILOT-2016005844__H__haiku4.5__rep2.json	PILOT-2016005844	H	2	18	5051	2096	3431	520	6.5981	
PILOT-2016006702__H__haiku4.5__rep0.json	PILOT-2016006702	H	0	30	8865	5550	4101	966	4.2453	
PILOT-2016006702__H__haiku4.5__rep1.json	PILOT-2016006702	H	1	30	8865	9166	1267	966	1.3116	
PILOT-2016006702__H__haiku4.5__rep2.json	PILOT-2016006702	H	2	30	8865	9241	1229	966	1.2723	
PILOT-2016007603__H__haiku4.5__rep0.json	PILOT-2016007603	H	0	12	3389	2161	1477	1148	1.2866	
PILOT-2016007603__H__haiku4.5__rep1.json	PILOT-2016007603	H	1	12	3389	2129	1471	1148	1.2814	
PILOT-2016007603__H__haiku4.5__rep2.json	PILOT-2016007603	H	2	12	3389	2574	1513	1148	1.3179	
PILOT-2016007888__H__haiku4.5__rep0.json	PILOT-2016007888	H	0	20	5843	6739	1165	861	1.3531	
PILOT-2016007888__H__haiku4.5__rep1.json	PILOT-2016007888	H	1	13	5843	5264	1691	861	1.964	
PILOT-2016007888__H__haiku4.5__rep2.json	PILOT-2016007888	H	2	13	5843	5361	2020	861	2.3461	
PILOT-2017000071__H__haiku4.5__rep0.json	PILOT-2017000071	H	0	7	4283	4025	311	577	0.539	
PILOT-2017000071__H__haiku4.5__rep1.json	PILOT-2017000071	H	1	7	4283	4025	312	577	0.5407	
PILOT-2017000071__H__haiku4.5__rep2.json	PILOT-2017000071	H	2	7	4283	4040	318	577	0.5511	
PILOT-2017000093__H__haiku4.5__rep0.json	PILOT-2017000093	H	0	19	8811	8905	2012	2769	0.7266	
PILOT-2017000093__H__haiku4.5__rep1.json	PILOT-2017000093	H	1	21	8811	9973	1658	2769	0.5988	
PILOT-2017000093__H__haiku4.5__rep2.json	PILOT-2017000093	H	2	21	8811	10719	2352	2769	0.8494	
PILOT-2017001422__H__haiku4.5__rep0.json	PILOT-2017001422	H	0	8	4600	2206	3075	357	8.6134	
PILOT-2017001422__H__haiku4.5__rep1.json	PILOT-2017001422	H	1	8	4600	2395	3020	357	8.4594	
PILOT-2017001422__H__haiku4.5__rep2.json	PILOT-2017001422	H	2	8	4600	1943	3036	357	8.5042	
PILOT-2017002001__H__haiku4.5__rep0.json	PILOT-2017002001	H	0	15	5707	3803	2775	2192	1.266	
PILOT-2017002001__H__haiku4.5__rep1.json	PILOT-2017002001	H	1	19	5707	2968	2922	2192	1.333	
PILOT-2017002001__H__haiku4.5__rep2.json	PILOT-2017002001	H	2	19	5707	4554	2465	2192	1.1245	
PILOT-2017002029__H__haiku4.5__rep0.json	PILOT-2017002029	H	0	28	4351	4518	1507	1540	0.9786	
PILOT-2017002029__H__haiku4.5__rep1.json	PILOT-2017002029	H	1	28	4351	4378	1427	1540	0.9266	
PILOT-2017002029__H__haiku4.5__rep2.json	PILOT-2017002029	H	2	28	4351	4671	1695	1540	1.1006	
PILOT-2017003676__H__haiku4.5__rep0.json	PILOT-2017003676	H	0	19	2504	3607	1287	389	3.3085	
PILOT-2017003676__H__haiku4.5__rep1.json	PILOT-2017003676	H	1	19	2504	3180	1419	389	3.6478	
PILOT-2017003676__H__haiku4.5__rep2.json	PILOT-2017003676	H	2	19	2504	3596	1275	389	3.2776	
PILOT-2017004144__H__haiku4.5__rep0.json	PILOT-2017004144	H	0	30	6345	7697	1671	1330	1.2564	
PILOT-2017004144__H__haiku4.5__rep1.json	PILOT-2017004144	H	1	30	6345	7697	1671	1330	1.2564	
PILOT-2017004144__H__haiku4.5__rep2.json	PILOT-2017004144	H	2	30	6345	6392	1787	1330	1.3436	
PILOT-2017004286__H__haiku4.5__rep0.json	PILOT-2017004286	H	0	26	6980	7874	1317	1533	0.8591	
PILOT-2017004286__H__haiku4.5__rep1.json	PILOT-2017004286	H	1	26	6980	7435	678	1533	0.4423	
PILOT-2017004286__H__haiku4.5__rep2.json	PILOT-2017004286	H	2	26	6980	6883	465	1533	0.3033	
PILOT-2017005259__H__haiku4.5__rep0.json	PILOT-2017005259	H	0	14	2205	2944	740	728	1.0165	
PILOT-2017005259__H__haiku4.5__rep1.json	PILOT-2017005259	H	1	14	2205	2842	637	728	0.875	
PILOT-2017005259__H__haiku4.5__rep2.json	PILOT-2017005259	H	2	14	2205	3013	808	728	1.1099	
PILOT-2017005493__H__haiku4.5__rep0.json	PILOT-2017005493	H	0	20	3063	4209	1175	384	3.0599	
PILOT-2017005493__H__haiku4.5__rep1.json	PILOT-2017005493	H	1	20	3063	2255	1350	384	3.5156	
PILOT-2017005493__H__haiku4.5__rep2.json	PILOT-2017005493	H	2	20	3063	3022	1156	384	3.0104	
PILOT-2017006188__H__haiku4.5__rep0.json	PILOT-2017006188	H	0	0			None		None	no_gen
PILOT-2017006188__H__haiku4.5__rep1.json	PILOT-2017006188	H	1	0			None		None	no_gen
PILOT-2017006188__H__haiku4.5__rep2.json	PILOT-2017006188	H	2	0			None		None	no_gen
PILOT-2017007272__H__haiku4.5__rep0.json	PILOT-2017007272	H	0	20	2559	2409	758	435	1.7425	
PILOT-2017007272__H__haiku4.5__rep1.json	PILOT-2017007272	H	1	20	2559	1403	1446	435	3.3241	
PILOT-2017007272__H__haiku4.5__rep2.json	PILOT-2017007272	H	2	20	2559	2028	1012	435	2.3264	
PILOT-2017007595__H__haiku4.5__rep0.json	PILOT-2017007595	H	0	42	11101	3007	8342	3372	2.4739	
PILOT-2017007595__H__haiku4.5__rep1.json	PILOT-2017007595	H	1	42	11101	3743	7750	3372	2.2983	
PILOT-2017007595__H__haiku4.5__rep2.json	PILOT-2017007595	H	2	42	11101	3701	7984	3372	2.3677	
PILOT-2017009415__H__haiku4.5__rep0.json	PILOT-2017009415	H	0	13	3715	5010	1342	973	1.3792	
PILOT-2017009415__H__haiku4.5__rep1.json	PILOT-2017009415	H	1	13	3715	4901	1232	973	1.2662	
PILOT-2017009415__H__haiku4.5__rep2.json	PILOT-2017009415	H	2	13	3715	5034	1454	973	1.4943	
PILOT-2017010497__H__haiku4.5__rep0.json	PILOT-2017010497	H	0	47	5060	4190	2628	1110	2.3676	
PILOT-2017010497__H__haiku4.5__rep1.json	PILOT-2017010497	H	1	18	5060	3997	2297	1110	2.0694	
PILOT-2017010497__H__haiku4.5__rep2.json	PILOT-2017010497	H	2	18	5060	4456	2404	1110	2.1658	
PILOT-2017010632__H__haiku4.5__rep0.json	PILOT-2017010632	H	0	20	9700	5995	5143	1340	3.8381	
PILOT-2017010632__H__haiku4.5__rep1.json	PILOT-2017010632	H	1	20	9700	4633	5488	1340	4.0955	
PILOT-2017010632__H__haiku4.5__rep2.json	PILOT-2017010632	H	2	20	9700	4986	5043	1340	3.7634	
PILOT-2018000427__H__haiku4.5__rep0.json	PILOT-2018000427	H	0	12	4938	3554	1712	580	2.9517	
PILOT-2018000427__H__haiku4.5__rep1.json	PILOT-2018000427	H	1	12	4938	3558	1720	580	2.9655	
PILOT-2018000427__H__haiku4.5__rep2.json	PILOT-2018000427	H	2	12	4938	3493	1655	580	2.8534	
PILOT-2018001232__H__haiku4.5__rep0.json	PILOT-2018001232	H	0	20	3733	5259	1570	793	1.9798	
PILOT-2018001232__H__haiku4.5__rep1.json	PILOT-2018001232	H	1	20	3733	5050	1352	793	1.7049	
PILOT-2018001232__H__haiku4.5__rep2.json	PILOT-2018001232	H	2	16	3733	3997	1031	793	1.3001	
PILOT-2018003513__H__haiku4.5__rep0.json	PILOT-2018003513	H	0	26	11037	5217	6001	3486	1.7215	
PILOT-2018003513__H__haiku4.5__rep1.json	PILOT-2018003513	H	1	26	11037	5126	6026	3486	1.7286	
PILOT-2018003513__H__haiku4.5__rep2.json	PILOT-2018003513	H	2	26	11037	5161	5996	3486	1.72	
PILOT-2018005420__H__haiku4.5__rep0.json	PILOT-2018005420	H	0	25	8113	8462	1511	2586	0.5843	
PILOT-2018005420__H__haiku4.5__rep1.json	PILOT-2018005420	H	1	21	8113	7840	1030	2586	0.3983	
PILOT-2018005420__H__haiku4.5__rep2.json	PILOT-2018005420	H	2	25	8113	9215	1411	2586	0.5456	
PILOT-2018005863__H__haiku4.5__rep0.json	PILOT-2018005863	H	0	25	8120	7929	633	1563	0.405	
PILOT-2018005863__H__haiku4.5__rep1.json	PILOT-2018005863	H	1	25	8120	8288	974	1563	0.6232	
PILOT-2018005863__H__haiku4.5__rep2.json	PILOT-2018005863	H	2	25	8120	7926	630	1563	0.4031	
PILOT-2018007886__H__haiku4.5__rep0.json	PILOT-2018007886	H	0	6	4635	2798	2594	863	3.0058	
PILOT-2018007886__H__haiku4.5__rep1.json	PILOT-2018007886	H	1	6	4635	2887	2554	863	2.9594	
PILOT-2018007886__H__haiku4.5__rep2.json	PILOT-2018007886	H	2	6	4635	2855	2555	863	2.9606	
PILOT-2018007979__H__haiku4.5__rep0.json	PILOT-2018007979	H	0	3	4163	4220	613	2669	0.2297	
PILOT-2018007979__H__haiku4.5__rep1.json	PILOT-2018007979	H	1	3	4163	4540	1171	2669	0.4387	
PILOT-2018007979__H__haiku4.5__rep2.json	PILOT-2018007979	H	2	3	4163	4168	1002	2669	0.3754	
PILOT-2019001867__H__haiku4.5__rep0.json	PILOT-2019001867	H	0	23	10769	10535	1506	6264	0.2404	
PILOT-2019001867__H__haiku4.5__rep1.json	PILOT-2019001867	H	1	23	10769	10535	1506	6264	0.2404	
PILOT-2019001867__H__haiku4.5__rep2.json	PILOT-2019001867	H	2	23	10769	11179	1685	6264	0.269	
PILOT-2019002001__H__haiku4.5__rep0.json	PILOT-2019002001	H	0	20	6327	7624	1975	2187	0.9031	
PILOT-2019002001__H__haiku4.5__rep1.json	PILOT-2019002001	H	1	20	6327	7934	2271	2187	1.0384	
PILOT-2019002001__H__haiku4.5__rep2.json	PILOT-2019002001	H	2	20	6327	6125	560	2187	0.2561	
PILOT-2019002439__H__haiku4.5__rep0.json	PILOT-2019002439	H	0	29	10822	11683	3976	4526	0.8785	
PILOT-2019002439__H__haiku4.5__rep1.json	PILOT-2019002439	H	1	29	10822	12860	2251	4526	0.4973	
PILOT-2019002439__H__haiku4.5__rep2.json	PILOT-2019002439	H	2	29	10822	13722	3107	4526	0.6865	
PILOT-2019003829__H__haiku4.5__rep0.json	PILOT-2019003829	H	0	13	2276	2260	1458	1505	0.9688	
PILOT-2019003829__H__haiku4.5__rep1.json	PILOT-2019003829	H	1	17	2276	2785	1160	1505	0.7708	
PILOT-2019003829__H__haiku4.5__rep2.json	PILOT-2019003829	H	2	17	2276	2483	1095	1505	0.7276	
PILOT-2019005007__H__haiku4.5__rep0.json	PILOT-2019005007	H	0	30	6403	5178	2239	3873	0.5781	
PILOT-2019005007__H__haiku4.5__rep1.json	PILOT-2019005007	H	1	30	6403	6134	1284	3873	0.3315	
PILOT-2019005007__H__haiku4.5__rep2.json	PILOT-2019005007	H	2	30	6403	5301	2367	3873	0.6112	
PILOT-2019005292__H__haiku4.5__rep0.json	PILOT-2019005292	H	0	20	11391	10524	3265	2300	1.4196	
PILOT-2019005292__H__haiku4.5__rep1.json	PILOT-2019005292	H	1	20	11391	10312	3123	2300	1.3578	
PILOT-2019005292__H__haiku4.5__rep2.json	PILOT-2019005292	H	2	20	11391	10312	3123	2300	1.3578	
PILOT-2019005776__H__haiku4.5__rep0.json	PILOT-2019005776	H	0	20	6941	6995	370	5443	0.068	
PILOT-2019005776__H__haiku4.5__rep1.json	PILOT-2019005776	H	1	20	6941	6992	365	5443	0.0671	
PILOT-2019005776__H__haiku4.5__rep2.json	PILOT-2019005776	H	2	20	6941	6992	365	5443	0.0671	
PILOT-2019006119__H__haiku4.5__rep0.json	PILOT-2019006119	H	0	8	2141	2563	614	695	0.8835	
PILOT-2019006119__H__haiku4.5__rep1.json	PILOT-2019006119	H	1	8	2141	2437	494	695	0.7108	
PILOT-2019006119__H__haiku4.5__rep2.json	PILOT-2019006119	H	2	8	2141	2466	541	695	0.7784	
PILOT-2019006614__H__haiku4.5__rep0.json	PILOT-2019006614	H	0						None	no_baseline
PILOT-2019006614__H__haiku4.5__rep1.json	PILOT-2019006614	H	1						None	no_baseline
PILOT-2019006614__H__haiku4.5__rep2.json	PILOT-2019006614	H	2						None	no_baseline
PILOT-2020000122__H__haiku4.5__rep0.json	PILOT-2020000122	H	0	20	6441	7172	1269	11530	0.1101	
PILOT-2020000122__H__haiku4.5__rep1.json	PILOT-2020000122	H	1	20	6441	5742	3249	11530	0.2818	
PILOT-2020000122__H__haiku4.5__rep2.json	PILOT-2020000122	H	2	20	6441	7667	2284	11530	0.1981	
PILOT-2020000158__H__haiku4.5__rep0.json	PILOT-2020000158	H	0	20	4171	4794	865	461	1.8764	
PILOT-2020000158__H__haiku4.5__rep1.json	PILOT-2020000158	H	1	20	4171	4886	957	461	2.0759	
PILOT-2020000158__H__haiku4.5__rep2.json	PILOT-2020000158	H	2	20	4171	4746	816	461	1.7701	
PILOT-2020000362__H__haiku4.5__rep0.json	PILOT-2020000362	H	0	15	5042	7355	2503	4451	0.5623	
PILOT-2020000362__H__haiku4.5__rep1.json	PILOT-2020000362	H	1	15	5042	6869	2022	4451	0.4543	
PILOT-2020000362__H__haiku4.5__rep2.json	PILOT-2020000362	H	2	15	5042	5796	990	4451	0.2224	
PILOT-2020000402__H__haiku4.5__rep0.json	PILOT-2020000402	H	0	9	3214	3314	807	454	1.7775	
PILOT-2020000402__H__haiku4.5__rep1.json	PILOT-2020000402	H	1	9	3214	2384	833	454	1.8348	
PILOT-2020000402__H__haiku4.5__rep2.json	PILOT-2020000402	H	2	9	3214	3573	408	454	0.8987	
PILOT-2020000676__H__haiku4.5__rep0.json	PILOT-2020000676	H	0	20	11143	11193	1248	1431	0.8721	
PILOT-2020000676__H__haiku4.5__rep1.json	PILOT-2020000676	H	1	20	11143	12435	1348	1431	0.942	
PILOT-2020000676__H__haiku4.5__rep2.json	PILOT-2020000676	H	2	20	11143	12069	982	1431	0.6862	
PILOT-2020001769__H__haiku4.5__rep0.json	PILOT-2020001769	H	0	21	4930	4533	904	1929	0.4686	
PILOT-2020001769__H__haiku4.5__rep1.json	PILOT-2020001769	H	1	21	4930	4606	922	1929	0.478	
PILOT-2020001769__H__haiku4.5__rep2.json	PILOT-2020001769	H	2	21	4930	4426	933	1929	0.4837	
PILOT-2020002332__H__haiku4.5__rep0.json	PILOT-2020002332	H	0	25	6503	7125	1040	2358	0.4411	
PILOT-2020002332__H__haiku4.5__rep1.json	PILOT-2020002332	H	1	25	6503	6802	643	2358	0.2727	
PILOT-2020002332__H__haiku4.5__rep2.json	PILOT-2020002332	H	2	25	6503	6823	665	2358	0.282	
PILOT-2020002369__H__haiku4.5__rep0.json	PILOT-2020002369	H	0	20	3915	3854	95	1148	0.0828	
PILOT-2020002369__H__haiku4.5__rep1.json	PILOT-2020002369	H	1	20	3915	3872	111	1148	0.0967	
PILOT-2020002369__H__haiku4.5__rep2.json	PILOT-2020002369	H	2	20	3915	3872	111	1148	0.0967	
PILOT-2020002555__H__haiku4.5__rep0.json	PILOT-2020002555	H	0	20	5601	7233	1768	591	2.9915	
PILOT-2020002555__H__haiku4.5__rep1.json	PILOT-2020002555	H	1	20	5601	7309	1844	591	3.1201	
PILOT-2020002555__H__haiku4.5__rep2.json	PILOT-2020002555	H	2	20	5601	7698	2243	591	3.7953	
PILOT-2020002688__H__haiku4.5__rep0.json	PILOT-2020002688	H	0	9	10326	5099	5832	4258	1.3697	
PILOT-2020002688__H__haiku4.5__rep1.json	PILOT-2020002688	H	1	8	10326	5633	5896	4258	1.3847	
PILOT-2020002688__H__haiku4.5__rep2.json	PILOT-2020002688	H	2	8	10326	5672	5737	4258	1.3473	
PILOT-2020002729__H__haiku4.5__rep0.json	PILOT-2020002729	H	0	27	9752	5420	5162	1304	3.9586	
PILOT-2020002729__H__haiku4.5__rep1.json	PILOT-2020002729	H	1	27	9752	10461	1279	1304	0.9808	
PILOT-2020002729__H__haiku4.5__rep2.json	PILOT-2020002729	H	2	27	9752	5556	5152	1304	3.9509	
PILOT-2020003998__H__haiku4.5__rep0.json	PILOT-2020003998	H	0	13	49574	2385	47222	46409	1.0175	
PILOT-2020003998__H__haiku4.5__rep1.json	PILOT-2020003998	H	1	14	49574	2702	46925	46409	1.0111	
PILOT-2020003998__H__haiku4.5__rep2.json	PILOT-2020003998	H	2	14	49574	2553	47068	46409	1.0142	
PILOT-2020004768__H__haiku4.5__rep0.json	PILOT-2020004768	H	0	20	3302	2953	974	1332	0.7312	
PILOT-2020004768__H__haiku4.5__rep1.json	PILOT-2020004768	H	1	20	3302	2941	876	1332	0.6577	
PILOT-2020004768__H__haiku4.5__rep2.json	PILOT-2020004768	H	2	20	3302	2900	927	1332	0.6959	
PILOT-2020006264__H__haiku4.5__rep0.json	PILOT-2020006264	H	0	20	4312	7443	3288	753	4.3665	
PILOT-2020006264__H__haiku4.5__rep1.json	PILOT-2020006264	H	1	20	4312	4692	665	753	0.8831	
PILOT-2020006264__H__haiku4.5__rep2.json	PILOT-2020006264	H	2	20	4312	5197	1098	753	1.4582	
PILOT-2020006435__H__haiku4.5__rep0.json	PILOT-2020006435	H	0	33	5730	6779	1811	1021	1.7738	
PILOT-2020006435__H__haiku4.5__rep1.json	PILOT-2020006435	H	1	33	5730	6399	1461	1021	1.431	
PILOT-2020006435__H__haiku4.5__rep2.json	PILOT-2020006435	H	2	33	5730	6823	1883	1021	1.8443	
PILOT-2021000834__H__haiku4.5__rep0.json	PILOT-2021000834	H	0	20	4172	4349	706	617	1.1442	
PILOT-2021000834__H__haiku4.5__rep1.json	PILOT-2021000834	H	1	20	4172	4414	345	617	0.5592	
PILOT-2021000834__H__haiku4.5__rep2.json	PILOT-2021000834	H	2	20	4172	4272	203	617	0.329	
PILOT-2021001124__H__haiku4.5__rep0.json	PILOT-2021001124	H	0	15	6936	8752	1956	6855	0.2853	
PILOT-2021001124__H__haiku4.5__rep1.json	PILOT-2021001124	H	1	11	6936	7085	2210	6855	0.3224	
PILOT-2021001124__H__haiku4.5__rep2.json	PILOT-2021001124	H	2	11	6936	7400	2012	6855	0.2935	
PILOT-2021002328__H__haiku4.5__rep0.json	PILOT-2021002328	H	0	40	15772	15247	1469	10393	0.1413	
PILOT-2021002328__H__haiku4.5__rep1.json	PILOT-2021002328	H	1	14	15772	5429	11018	10393	1.0601	
PILOT-2021002328__H__haiku4.5__rep2.json	PILOT-2021002328	H	2	40	15772	15650	1518	10393	0.1461	
PILOT-2021003980__H__haiku4.5__rep0.json	PILOT-2021003980	H	0	20	6336	7976	2172	844	2.5735	
PILOT-2021003980__H__haiku4.5__rep1.json	PILOT-2021003980	H	1	20	6336	7102	1309	844	1.5509	
PILOT-2021003980__H__haiku4.5__rep2.json	PILOT-2021003980	H	2	20	6336	6237	1708	844	2.0237	
PILOT-2022001087__H__haiku4.5__rep0.json	PILOT-2022001087	H	0	24	9892	5096	5037	2682	1.8781	
PILOT-2022001087__H__haiku4.5__rep1.json	PILOT-2022001087	H	1	24	9892	6228	4001	2682	1.4918	
PILOT-2022001087__H__haiku4.5__rep2.json	PILOT-2022001087	H	2	24	9892	7187	3011	2682	1.1227	
PILOT-2009010505__H__gpt5.4__rep0.json	PILOT-2009010505	H	0	24	7717	7262	1961	4264	0.4599	
PILOT-2009010505__H__gpt5.4__rep1.json	PILOT-2009010505	H	1	28	7717	7711	696	4264	0.1632	
PILOT-2009010505__H__gpt5.4__rep2.json	PILOT-2009010505	H	2	24	7717	7262	1961	4264	0.4599	
PILOT-2010007757__H__gpt5.4__rep0.json	PILOT-2010007757	H	0	17	4313	2316	2082	2367	0.8796	
PILOT-2010007757__H__gpt5.4__rep1.json	PILOT-2010007757	H	1	3	4313	376	3948	2367	1.6679	
PILOT-2010007757__H__gpt5.4__rep2.json	PILOT-2010007757	H	2	17	4313	2163	2206	2367	0.932	
PILOT-2010008015__H__gpt5.4__rep0.json	PILOT-2010008015	H	0	28	6611	6852	628	1458	0.4307	
PILOT-2010008015__H__gpt5.4__rep1.json	PILOT-2010008015	H	1	28	6611	6609	385	1458	0.2641	
PILOT-2010008015__H__gpt5.4__rep2.json	PILOT-2010008015	H	2	28	6611	6635	409	1458	0.2805	
PILOT-2010010196__H__gpt5.4__rep0.json	PILOT-2010010196	H	0	20	3592	4203	635	2523	0.2517	
PILOT-2010010196__H__gpt5.4__rep1.json	PILOT-2010010196	H	1	20	3592	3834	249	2523	0.0987	
PILOT-2010010196__H__gpt5.4__rep2.json	PILOT-2010010196	H	2	20	3592	3944	388	2523	0.1538	
PILOT-2010011970__H__gpt5.4__rep0.json	PILOT-2010011970	H	0	6	1664	2253	668	1178	0.5671	
PILOT-2010011970__H__gpt5.4__rep1.json	PILOT-2010011970	H	1	6	1664	2319	733	1178	0.6222	
PILOT-2010011970__H__gpt5.4__rep2.json	PILOT-2010011970	H	2	6	1664	2121	540	1178	0.4584	
PILOT-2011003851__H__gpt5.4__rep0.json	PILOT-2011003851	H	0	20	11846	11143	894	4592	0.1947	
PILOT-2011003851__H__gpt5.4__rep1.json	PILOT-2011003851	H	1	20	11846	11467	1218	4592	0.2652	
PILOT-2011003851__H__gpt5.4__rep2.json	PILOT-2011003851	H	2	20	11846	11143	894	4592	0.1947	
PILOT-2011004581__H__gpt5.4__rep0.json	PILOT-2011004581	H	0	11	3341	3659	513	3160	0.1623	
PILOT-2011004581__H__gpt5.4__rep1.json	PILOT-2011004581	H	1	11	3341	3556	454	3160	0.1437	
PILOT-2011004581__H__gpt5.4__rep2.json	PILOT-2011004581	H	2	11	3341	3603	474	3160	0.15	
PILOT-2011007474__H__gpt5.4__rep0.json	PILOT-2011007474	H	0	14	4898	2650	2464	2042	1.2067	
PILOT-2011007474__H__gpt5.4__rep1.json	PILOT-2011007474	H	1	14	4898	2613	2501	2042	1.2248	
PILOT-2011007474__H__gpt5.4__rep2.json	PILOT-2011007474	H	2	14	4898	2650	2464	2042	1.2067	
PILOT-2011008843__H__gpt5.4__rep0.json	PILOT-2011008843	H	0	19	10128	6503	4075	4255	0.9577	
PILOT-2011008843__H__gpt5.4__rep1.json	PILOT-2011008843	H	1	18	10128	6273	4293	4255	1.0089	
PILOT-2011008843__H__gpt5.4__rep2.json	PILOT-2011008843	H	2	19	10128	6503	4075	4255	0.9577	
PILOT-2011009182__H__gpt5.4__rep0.json	PILOT-2011009182	H	0	17	11499	9366	2522	3718	0.6783	
PILOT-2011009182__H__gpt5.4__rep1.json	PILOT-2011009182	H	1	23	11499	12065	638	3718	0.1716	
PILOT-2011009182__H__gpt5.4__rep2.json	PILOT-2011009182	H	2	23	11499	12495	1068	3718	0.2873	
PILOT-2011011469__H__gpt5.4__rep0.json	PILOT-2011011469	H	0	17	2785	1889	1341	1905	0.7039	
PILOT-2011011469__H__gpt5.4__rep1.json	PILOT-2011011469	H	1	17	2785	3311	618	1905	0.3244	
PILOT-2011011469__H__gpt5.4__rep2.json	PILOT-2011011469	H	2	17	2785	3151	746	1905	0.3916	
PILOT-2011012180__H__gpt5.4__rep0.json	PILOT-2011012180	H	0	20	5334	5282	560	5571	0.1005	
PILOT-2011012180__H__gpt5.4__rep1.json	PILOT-2011012180	H	1	11	5334	2909	2553	5571	0.4583	
PILOT-2011012180__H__gpt5.4__rep2.json	PILOT-2011012180	H	2	11	5334	2878	2516	5571	0.4516	
PILOT-2011013110__H__gpt5.4__rep0.json	PILOT-2011013110	H	0	17	8131	8562	591	4100	0.1441	
PILOT-2011013110__H__gpt5.4__rep1.json	PILOT-2011013110	H	1	17	8131	8918	1099	4100	0.268	
PILOT-2011013110__H__gpt5.4__rep2.json	PILOT-2011013110	H	2	11	8131	5585	3438	4100	0.8385	
PILOT-2012000327__H__gpt5.4__rep0.json	PILOT-2012000327	H	0	17	8317	5261	3536	5828	0.6067	
PILOT-2012000327__H__gpt5.4__rep1.json	PILOT-2012000327	H	1	17	8317	4945	3654	5828	0.627	
PILOT-2012000327__H__gpt5.4__rep2.json	PILOT-2012000327	H	2	17	8317	2423	6319	5828	1.0842	
PILOT-2012003288__H__gpt5.4__rep0.json	PILOT-2012003288	H	0	4	3274	898	2419	714	3.388	
PILOT-2012003288__H__gpt5.4__rep1.json	PILOT-2012003288	H	1	13	3274	3226	545	714	0.7633	
PILOT-2012003288__H__gpt5.4__rep2.json	PILOT-2012003288	H	2	13	3274	3352	657	714	0.9202	
PILOT-2012005674__H__gpt5.4__rep0.json	PILOT-2012005674	H	0	7	9954	2253	7829	5845	1.3394	
PILOT-2012005674__H__gpt5.4__rep1.json	PILOT-2012005674	H	1	7	9954	2261	7731	5845	1.3227	
PILOT-2012005674__H__gpt5.4__rep2.json	PILOT-2012005674	H	2	7	9954	2253	7829	5845	1.3394	
PILOT-2012006145__H__gpt5.4__rep0.json	PILOT-2012006145	H	0	23	6066	3285	3075	2446	1.2572	
PILOT-2012006145__H__gpt5.4__rep1.json	PILOT-2012006145	H	1	42	6066	3215	3035	2446	1.2408	
PILOT-2012006145__H__gpt5.4__rep2.json	PILOT-2012006145	H	2	23	6066	3215	3035	2446	1.2408	
PILOT-2012007524__H__gpt5.4__rep0.json	PILOT-2012007524	H	0	20	7153	7806	1036	1361	0.7612	
PILOT-2012007524__H__gpt5.4__rep1.json	PILOT-2012007524	H	1	20	7153	7298	472	1361	0.3468	
PILOT-2012007524__H__gpt5.4__rep2.json	PILOT-2012007524	H	2	8	7153	3795	4125	1361	3.0309	
PILOT-2012008496__H__gpt5.4__rep0.json	PILOT-2012008496	H	0	35	10184	10012	569	5108	0.1114	
PILOT-2012008496__H__gpt5.4__rep1.json	PILOT-2012008496	H	1	35	10184	9524	719	5108	0.1408	
PILOT-2012008496__H__gpt5.4__rep2.json	PILOT-2012008496	H	2	35	10184	10505	746	5108	0.146	
PILOT-2012010015__H__gpt5.4__rep0.json	PILOT-2012010015	H	0	16	5606	3118	2850	672	4.2411	
PILOT-2012010015__H__gpt5.4__rep1.json	PILOT-2012010015	H	1	16	5606	3057	2806	672	4.1756	
PILOT-2012010015__H__gpt5.4__rep2.json	PILOT-2012010015	H	2	16	5606	3056	2807	672	4.1771	
PILOT-2013000789__H__gpt5.4__rep0.json	PILOT-2013000789	H	0	27	4195	3803	1512	2549	0.5932	
PILOT-2013000789__H__gpt5.4__rep1.json	PILOT-2013000789	H	1	27	4195	3572	1506	2549	0.5908	
PILOT-2013000789__H__gpt5.4__rep2.json	PILOT-2013000789	H	2	27	4195	3782	1620	2549	0.6355	
PILOT-2013001277__H__gpt5.4__rep0.json	PILOT-2013001277	H	0	14	3226	2944	1099	945	1.163	
PILOT-2013001277__H__gpt5.4__rep1.json	PILOT-2013001277	H	1	14	3226	2764	1171	945	1.2392	
PILOT-2013001277__H__gpt5.4__rep2.json	PILOT-2013001277	H	2	14	3226	2606	956	945	1.0116	
PILOT-2013007708__H__gpt5.4__rep0.json	PILOT-2013007708	H	0	28	3817	4004	325	3149	0.1032	
PILOT-2013007708__H__gpt5.4__rep1.json	PILOT-2013007708	H	1	28	3817	3914	235	3149	0.0746	
PILOT-2013007708__H__gpt5.4__rep2.json	PILOT-2013007708	H	2	28	3817	4004	325	3149	0.1032	
PILOT-2014002407__H__gpt5.4__rep0.json	PILOT-2014002407	H	0	8	3806	4179	585	702	0.8333	
PILOT-2014002407__H__gpt5.4__rep1.json	PILOT-2014002407	H	1	8	3806	4450	856	702	1.2194	
PILOT-2014002407__H__gpt5.4__rep2.json	PILOT-2014002407	H	2	8	3806	4264	670	702	0.9544	
PILOT-2014002745__H__gpt5.4__rep0.json	PILOT-2014002745	H	0	27	5510	5431	1521	4481	0.3394	
PILOT-2014002745__H__gpt5.4__rep1.json	PILOT-2014002745	H	1	27	5510	4426	1649	4481	0.368	
PILOT-2014002745__H__gpt5.4__rep2.json	PILOT-2014002745	H	2	27	5510	4418	1646	4481	0.3673	
PILOT-2014003236__H__gpt5.4__rep0.json	PILOT-2014003236	H	0	5	564	546	186	413	0.4504	
PILOT-2014003236__H__gpt5.4__rep1.json	PILOT-2014003236	H	1	5	564	644	129	413	0.3123	
PILOT-2014003236__H__gpt5.4__rep2.json	PILOT-2014003236	H	2	5	564	698	152	413	0.368	
PILOT-2014003587__H__gpt5.4__rep0.json	PILOT-2014003587	H	0	20	4305	4306	977	1705	0.573	
PILOT-2014003587__H__gpt5.4__rep1.json	PILOT-2014003587	H	1	20	4305	4003	1072	1705	0.6287	
PILOT-2014003587__H__gpt5.4__rep2.json	PILOT-2014003587	H	2	20	4305	5131	902	1705	0.529	
PILOT-2014006550__H__gpt5.4__rep0.json	PILOT-2014006550	H	0	20	6560	7787	1419	1375	1.032	
PILOT-2014006550__H__gpt5.4__rep1.json	PILOT-2014006550	H	1	20	6560	7190	822	1375	0.5978	
PILOT-2014006550__H__gpt5.4__rep2.json	PILOT-2014006550	H	2	20	6560	7119	751	1375	0.5462	
PILOT-2014007043__H__gpt5.4__rep0.json	PILOT-2014007043	H	0	20	4137	4368	231	1469	0.1572	
PILOT-2014007043__H__gpt5.4__rep1.json	PILOT-2014007043	H	1	6	4137	1993	2244	1469	1.5276	
PILOT-2014007043__H__gpt5.4__rep2.json	PILOT-2014007043	H	2	6	4137	1645	2557	1469	1.7406	
PILOT-2014008375__H__gpt5.4__rep0.json	PILOT-2014008375	H	0	10	3234	3318	100	1633	0.0612	
PILOT-2014008375__H__gpt5.4__rep1.json	PILOT-2014008375	H	1	10	3234	3612	391	1633	0.2394	
PILOT-2014008375__H__gpt5.4__rep2.json	PILOT-2014008375	H	2	10	3234	3320	98	1633	0.06	
PILOT-2014009096__H__gpt5.4__rep0.json	PILOT-2014009096	H	0	9	5103	2958	2471	3397	0.7274	
PILOT-2014009096__H__gpt5.4__rep1.json	PILOT-2014009096	H	1	4	5103	2958	2471	3397	0.7274	
PILOT-2014009096__H__gpt5.4__rep2.json	PILOT-2014009096	H	2	9	5103	5140	310	3397	0.0913	
PILOT-2014009182__H__gpt5.4__rep0.json	PILOT-2014009182	H	0	12	5648	3922	2137	778	2.7468	
PILOT-2014009182__H__gpt5.4__rep1.json	PILOT-2014009182	H	1	12	5648	3752	2276	778	2.9254	
PILOT-2014009182__H__gpt5.4__rep2.json	PILOT-2014009182	H	2	12	5648	4079	2244	778	2.8843	
PILOT-2014009970__H__gpt5.4__rep0.json	PILOT-2014009970	H	0	9	2186	2965	912	1005	0.9075	
PILOT-2014009970__H__gpt5.4__rep1.json	PILOT-2014009970	H	1	9	2186	2037	182	1005	0.1811	
PILOT-2014009970__H__gpt5.4__rep2.json	PILOT-2014009970	H	2	9	2186	2052	163	1005	0.1622	
PILOT-2015000199__H__gpt5.4__rep0.json	PILOT-2015000199	H	0	10	9694	2469	7530	3495	2.1545	
PILOT-2015000199__H__gpt5.4__rep1.json	PILOT-2015000199	H	1	10	9694	2494	7536	3495	2.1562	
PILOT-2015000199__H__gpt5.4__rep2.json	PILOT-2015000199	H	2	10	9694	2455	7556	3495	2.1619	
PILOT-2015004151__H__gpt5.4__rep0.json	PILOT-2015004151	H	0	8	939	860	365	675	0.5407	
PILOT-2015004151__H__gpt5.4__rep1.json	PILOT-2015004151	H	1	8	939	824	345	675	0.5111	
PILOT-2015004151__H__gpt5.4__rep2.json	PILOT-2015004151	H	2	8	939	824	345	675	0.5111	
PILOT-2015004158__H__gpt5.4__rep0.json	PILOT-2015004158	H	0	9	2431	1999	515	1096	0.4699	
PILOT-2015004158__H__gpt5.4__rep1.json	PILOT-2015004158	H	1	9	2431	2386	820	1096	0.7482	
PILOT-2015004158__H__gpt5.4__rep2.json	PILOT-2015004158	H	2	8	2431	1772	823	1096	0.7509	
PILOT-2015004926__H__gpt5.4__rep0.json	PILOT-2015004926	H	0	20	5858	6053	541	2480	0.2181	
PILOT-2015004926__H__gpt5.4__rep1.json	PILOT-2015004926	H	1	20	5858	6140	631	2480	0.2544	
PILOT-2015004926__H__gpt5.4__rep2.json	PILOT-2015004926	H	2	20	5858	6184	683	2480	0.2754	
PILOT-2015005752__H__gpt5.4__rep0.json	PILOT-2015005752	H	0	20	4135	3937	686	457	1.5011	
PILOT-2015005752__H__gpt5.4__rep1.json	PILOT-2015005752	H	1	20	4135	4515	672	457	1.4705	
PILOT-2015005752__H__gpt5.4__rep2.json	PILOT-2015005752	H	2	20	4135	4518	677	457	1.4814	
PILOT-2015006206__H__gpt5.4__rep0.json	PILOT-2015006206	H	0	26	6927	7272	357	961	0.3715	
PILOT-2015006206__H__gpt5.4__rep1.json	PILOT-2015006206	H	1	26	6927	7404	477	961	0.4964	
PILOT-2015006206__H__gpt5.4__rep2.json	PILOT-2015006206	H	2	26	6927	7663	794	961	0.8262	
PILOT-2015006603__H__gpt5.4__rep0.json	PILOT-2015006603	H	0	24	8199	6731	2215	5611	0.3948	
PILOT-2015006603__H__gpt5.4__rep1.json	PILOT-2015006603	H	1	14	8199	4774	3678	5611	0.6555	
PILOT-2015006603__H__gpt5.4__rep2.json	PILOT-2015006603	H	2	19	8199	5781	2936	5611	0.5233	
PILOT-2016000830__H__gpt5.4__rep0.json	PILOT-2016000830	H	0	12	3034	2658	1030	4750	0.2168	
PILOT-2016000830__H__gpt5.4__rep1.json	PILOT-2016000830	H	1	11	3034	2588	1185	4750	0.2495	
PILOT-2016000830__H__gpt5.4__rep2.json	PILOT-2016000830	H	2	12	3034	2609	1122	4750	0.2362	
PILOT-2016000849__H__gpt5.4__rep0.json	PILOT-2016000849	H	0	40	11865	13004	1865	8122	0.2296	
PILOT-2016000849__H__gpt5.4__rep1.json	PILOT-2016000849	H	1	40	11865	12981	1843	8122	0.2269	
PILOT-2016000849__H__gpt5.4__rep2.json	PILOT-2016000849	H	2	40	11865	12282	1198	8122	0.1475	
PILOT-2016003042__H__gpt5.4__rep0.json	PILOT-2016003042	H	0	11	8708	3591	5837	5799	1.0066	
PILOT-2016003042__H__gpt5.4__rep1.json	PILOT-2016003042	H	1	11	8708	3299	5917	5799	1.0203	
PILOT-2016003042__H__gpt5.4__rep2.json	PILOT-2016003042	H	2	11	8708	3709	5614	5799	0.9681	
PILOT-2016004446__H__gpt5.4__rep0.json	PILOT-2016004446	H	0	3	1328	1259	407	1051	0.3873	
PILOT-2016004446__H__gpt5.4__rep1.json	PILOT-2016004446	H	1	3	1328	1124	322	1051	0.3064	
PILOT-2016004446__H__gpt5.4__rep2.json	PILOT-2016004446	H	2	4	1328	1092	503	1051	0.4786	
PILOT-2016005844__H__gpt5.4__rep0.json	PILOT-2016005844	H	0	18	5051	5315	264	520	0.5077	
PILOT-2016005844__H__gpt5.4__rep1.json	PILOT-2016005844	H	1	18	5051	5889	846	520	1.6269	
PILOT-2016005844__H__gpt5.4__rep2.json	PILOT-2016005844	H	2	4	5051	1540	3600	520	6.9231	
PILOT-2016006702__H__gpt5.4__rep0.json	PILOT-2016006702	H	0	30	8865	9164	1155	966	1.1957	
PILOT-2016006702__H__gpt5.4__rep1.json	PILOT-2016006702	H	1	30	8865	9100	1091	966	1.1294	
PILOT-2016006702__H__gpt5.4__rep2.json	PILOT-2016006702	H	2	30	8865	8860	761	966	0.7878	
PILOT-2016007603__H__gpt5.4__rep0.json	PILOT-2016007603	H	0	12	3389	2229	1431	1148	1.2465	
PILOT-2016007603__H__gpt5.4__rep1.json	PILOT-2016007603	H	1	12	3389	2119	1465	1148	1.2761	
PILOT-2016007603__H__gpt5.4__rep2.json	PILOT-2016007603	H	2	12	3389	2127	1473	1148	1.2831	
PILOT-2016007888__H__gpt5.4__rep0.json	PILOT-2016007888	H	0	6	5843	1658	4300	861	4.9942	
PILOT-2016007888__H__gpt5.4__rep1.json	PILOT-2016007888	H	1	8	5843	1966	4030	861	4.6806	
PILOT-2016007888__H__gpt5.4__rep2.json	PILOT-2016007888	H	2	6	5843	1701	4295	861	4.9884	
PILOT-2017000071__H__gpt5.4__rep0.json	PILOT-2017000071	H	0	7	4283	4322	449	577	0.7782	
PILOT-2017000071__H__gpt5.4__rep1.json	PILOT-2017000071	H	1	7	4283	4234	372	577	0.6447	
PILOT-2017000071__H__gpt5.4__rep2.json	PILOT-2017000071	H	2	7	4283	4292	429	577	0.7435	
PILOT-2017000093__H__gpt5.4__rep0.json	PILOT-2017000093	H	0	21	8811	9897	1617	2769	0.584	
PILOT-2017000093__H__gpt5.4__rep1.json	PILOT-2017000093	H	1	17	8811	9208	1513	2769	0.5464	
PILOT-2017000093__H__gpt5.4__rep2.json	PILOT-2017000093	H	2	21	8811	10893	2589	2769	0.935	
PILOT-2017001422__H__gpt5.4__rep0.json	PILOT-2017001422	H	0	8	4600	2007	2975	357	8.3333	
PILOT-2017001422__H__gpt5.4__rep1.json	PILOT-2017001422	H	1	8	4600	1979	2880	357	8.0672	
PILOT-2017001422__H__gpt5.4__rep2.json	PILOT-2017001422	H	2	8	4600	1044	3732	357	10.4538	
PILOT-2017002001__H__gpt5.4__rep0.json	PILOT-2017002001	H	0	19	5707	3693	2214	2192	1.01	
PILOT-2017002001__H__gpt5.4__rep1.json	PILOT-2017002001	H	1	19	5707	3748	2318	2192	1.0575	
PILOT-2017002001__H__gpt5.4__rep2.json	PILOT-2017002001	H	2	19	5707	4062	2327	2192	1.0616	
PILOT-2017002029__H__gpt5.4__rep0.json	PILOT-2017002029	H	0	28	4351	3769	1106	1540	0.7182	
PILOT-2017002029__H__gpt5.4__rep1.json	PILOT-2017002029	H	1	28	4351	3744	1094	1540	0.7104	
PILOT-2017002029__H__gpt5.4__rep2.json	PILOT-2017002029	H	2	28	4351	3658	1129	1540	0.7331	
PILOT-2017003676__H__gpt5.4__rep0.json	PILOT-2017003676	H	0	19	2504	2957	692	389	1.7789	
PILOT-2017003676__H__gpt5.4__rep1.json	PILOT-2017003676	H	1	19	2504	2735	485	389	1.2468	
PILOT-2017003676__H__gpt5.4__rep2.json	PILOT-2017003676	H	2	19	2504	2642	402	389	1.0334	
PILOT-2017004144__H__gpt5.4__rep0.json	PILOT-2017004144	H	0	7	6345	904	5497	1330	4.1331	
PILOT-2017004144__H__gpt5.4__rep1.json	PILOT-2017004144	H	1	0			None		None	no_gen
PILOT-2017004144__H__gpt5.4__rep2.json	PILOT-2017004144	H	2	7	6345	881	5514	1330	4.1459	
PILOT-2017004286__H__gpt5.4__rep0.json	PILOT-2017004286	H	0	26	6980	8381	1474	1533	0.9615	
PILOT-2017004286__H__gpt5.4__rep1.json	PILOT-2017004286	H	1	26	6980	7447	527	1533	0.3438	
PILOT-2017004286__H__gpt5.4__rep2.json	PILOT-2017004286	H	2	26	6980	7386	481	1533	0.3138	
PILOT-2017005259__H__gpt5.4__rep0.json	PILOT-2017005259	H	0	14	2205	2342	163	728	0.2239	
PILOT-2017005259__H__gpt5.4__rep1.json	PILOT-2017005259	H	1	14	2205	2415	238	728	0.3269	
PILOT-2017005259__H__gpt5.4__rep2.json	PILOT-2017005259	H	2	14	2205	2386	208	728	0.2857	
PILOT-2017005493__H__gpt5.4__rep0.json	PILOT-2017005493	H	0	20	3063	4119	1080	384	2.8125	
PILOT-2017005493__H__gpt5.4__rep1.json	PILOT-2017005493	H	1	20	3063	4238	1192	384	3.1042	
PILOT-2017005493__H__gpt5.4__rep2.json	PILOT-2017005493	H	2	20	3063	4127	1090	384	2.8385	
PILOT-2017006188__H__gpt5.4__rep0.json	PILOT-2017006188	H	0	16	6996	2918	4378	552	7.9312	
PILOT-2017006188__H__gpt5.4__rep1.json	PILOT-2017006188	H	1	17	6996	3265	4205	552	7.6178	
PILOT-2017006188__H__gpt5.4__rep2.json	PILOT-2017006188	H	2	0			None		None	no_gen
PILOT-2017007272__H__gpt5.4__rep0.json	PILOT-2017007272	H	0	20	2559	2653	533	435	1.2253	
PILOT-2017007272__H__gpt5.4__rep1.json	PILOT-2017007272	H	1	20	2559	2651	416	435	0.9563	
PILOT-2017007272__H__gpt5.4__rep2.json	PILOT-2017007272	H	2	20	2559	2747	495	435	1.1379	
PILOT-2017007595__H__gpt5.4__rep0.json	PILOT-2017007595	H	0	42	11101	11779	852	3372	0.2527	
PILOT-2017007595__H__gpt5.4__rep1.json	PILOT-2017007595	H	1	42	11101	11846	919	3372	0.2725	
PILOT-2017007595__H__gpt5.4__rep2.json	PILOT-2017007595	H	2	42	11101	11501	574	3372	0.1702	
PILOT-2017009415__H__gpt5.4__rep0.json	PILOT-2017009415	H	0	13	3715	4161	696	973	0.7153	
PILOT-2017009415__H__gpt5.4__rep1.json	PILOT-2017009415	H	1	13	3715	3392	481	973	0.4943	
PILOT-2017009415__H__gpt5.4__rep2.json	PILOT-2017009415	H	2	13	3715	4018	383	973	0.3936	
PILOT-2017010497__H__gpt5.4__rep0.json	PILOT-2017010497	H	0	16	5060	3389	2060	1110	1.8559	
PILOT-2017010497__H__gpt5.4__rep1.json	PILOT-2017010497	H	1	13	5060	3458	2033	1110	1.8315	
PILOT-2017010497__H__gpt5.4__rep2.json	PILOT-2017010497	H	2	13	5060	3617	2192	1110	1.9748	
PILOT-2017010632__H__gpt5.4__rep0.json	PILOT-2017010632	H	0	20	9700	10237	1259	1340	0.9396	
PILOT-2017010632__H__gpt5.4__rep1.json	PILOT-2017010632	H	1	20	9700	10271	1232	1340	0.9194	
PILOT-2017010632__H__gpt5.4__rep2.json	PILOT-2017010632	H	2	20	9700	10079	1107	1340	0.8261	
PILOT-2018000427__H__gpt5.4__rep0.json	PILOT-2018000427	H	0	2	4938	1473	3735	580	6.4397	
PILOT-2018000427__H__gpt5.4__rep1.json	PILOT-2018000427	H	1	2	4938	1277	3741	580	6.45	
PILOT-2018000427__H__gpt5.4__rep2.json	PILOT-2018000427	H	2	2	4938	1278	3742	580	6.4517	
PILOT-2018001232__H__gpt5.4__rep0.json	PILOT-2018001232	H	0	20	3733	3895	258	793	0.3253	
PILOT-2018001232__H__gpt5.4__rep1.json	PILOT-2018001232	H	1	20	3733	3592	579	793	0.7301	
PILOT-2018001232__H__gpt5.4__rep2.json	PILOT-2018001232	H	2	20	3733	3895	258	793	0.3253	
PILOT-2018003513__H__gpt5.4__rep0.json	PILOT-2018003513	H	0	26	11037	3851	7475	3486	2.1443	
PILOT-2018003513__H__gpt5.4__rep1.json	PILOT-2018003513	H	1	25	11037	4047	7238	3486	2.0763	
PILOT-2018003513__H__gpt5.4__rep2.json	PILOT-2018003513	H	2	25	11037	4130	7424	3486	2.1297	
PILOT-2018005420__H__gpt5.4__rep0.json	PILOT-2018005420	H	0	25	8113	8407	726	2586	0.2807	
PILOT-2018005420__H__gpt5.4__rep1.json	PILOT-2018005420	H	1	25	8113	8321	590	2586	0.2282	
PILOT-2018005420__H__gpt5.4__rep2.json	PILOT-2018005420	H	2	25	8113	8773	970	2586	0.3751	
PILOT-2018005863__H__gpt5.4__rep0.json	PILOT-2018005863	H	0	25	8120	9204	1649	1563	1.055	
PILOT-2018005863__H__gpt5.4__rep1.json	PILOT-2018005863	H	1	25	8120	8147	870	1563	0.5566	
PILOT-2018005863__H__gpt5.4__rep2.json	PILOT-2018005863	H	2	25	8120	8125	734	1563	0.4696	
PILOT-2018007886__H__gpt5.4__rep0.json	PILOT-2018007886	H	0	8	4635	2960	2425	863	2.81	
PILOT-2018007886__H__gpt5.4__rep1.json	PILOT-2018007886	H	1	7	4635	3216	2481	863	2.8749	
PILOT-2018007886__H__gpt5.4__rep2.json	PILOT-2018007886	H	2	16	4635	5334	699	863	0.81	
PILOT-2018007979__H__gpt5.4__rep0.json	PILOT-2018007979	H	0	3	4163	4652	609	2669	0.2282	
PILOT-2018007979__H__gpt5.4__rep1.json	PILOT-2018007979	H	1	3	4163	4772	633	2669	0.2372	
PILOT-2018007979__H__gpt5.4__rep2.json	PILOT-2018007979	H	2	3	4163	4652	609	2669	0.2282	
PILOT-2019001867__H__gpt5.4__rep0.json	PILOT-2019001867	H	0	23	10769	10685	871	6264	0.139	
PILOT-2019001867__H__gpt5.4__rep1.json	PILOT-2019001867	H	1	23	10769	10688	823	6264	0.1314	
PILOT-2019001867__H__gpt5.4__rep2.json	PILOT-2019001867	H	2	23	10769	10692	827	6264	0.132	
PILOT-2019002001__H__gpt5.4__rep0.json	PILOT-2019002001	H	0	20	6327	6443	802	2187	0.3667	
PILOT-2019002001__H__gpt5.4__rep1.json	PILOT-2019002001	H	1	11	6327	4635	3047	2187	1.3932	
PILOT-2019002001__H__gpt5.4__rep2.json	PILOT-2019002001	H	2	20	6327	7131	1471	2187	0.6726	
PILOT-2019002439__H__gpt5.4__rep0.json	PILOT-2019002439	H	0	25	10822	11326	2307	4526	0.5097	
PILOT-2019002439__H__gpt5.4__rep1.json	PILOT-2019002439	H	1	25	10822	11772	2369	4526	0.5234	
PILOT-2019002439__H__gpt5.4__rep2.json	PILOT-2019002439	H	2	25	10822	11963	2574	4526	0.5687	
PILOT-2019003829__H__gpt5.4__rep0.json	PILOT-2019003829	H	0	17	2276	1777	538	1505	0.3575	
PILOT-2019003829__H__gpt5.4__rep1.json	PILOT-2019003829	H	1	17	2276	1774	550	1505	0.3654	
PILOT-2019003829__H__gpt5.4__rep2.json	PILOT-2019003829	H	2	17	2276	2278	331	1505	0.2199	
PILOT-2019005007__H__gpt5.4__rep0.json	PILOT-2019005007	H	0	30	6403	6800	1155	3873	0.2982	
PILOT-2019005007__H__gpt5.4__rep1.json	PILOT-2019005007	H	1	27	6403	5748	1348	3873	0.3481	
PILOT-2019005007__H__gpt5.4__rep2.json	PILOT-2019005007	H	2	30	6403	6504	359	3873	0.0927	
PILOT-2019005292__H__gpt5.4__rep0.json	PILOT-2019005292	H	0	20	11391	11313	3854	2300	1.6757	
PILOT-2019005292__H__gpt5.4__rep1.json	PILOT-2019005292	H	1	20	11391	11368	3914	2300	1.7017	
PILOT-2019005292__H__gpt5.4__rep2.json	PILOT-2019005292	H	2	20	11391	12504	4817	2300	2.0943	
PILOT-2019005776__H__gpt5.4__rep0.json	PILOT-2019005776	H	0	20	6941	7031	558	5443	0.1025	
PILOT-2019005776__H__gpt5.4__rep1.json	PILOT-2019005776	H	1	20	6941	6806	186	5443	0.0342	
PILOT-2019005776__H__gpt5.4__rep2.json	PILOT-2019005776	H	2	20	6941	6806	186	5443	0.0342	
PILOT-2019006119__H__gpt5.4__rep0.json	PILOT-2019006119	H	0	8	2141	2315	338	695	0.4863	
PILOT-2019006119__H__gpt5.4__rep1.json	PILOT-2019006119	H	1	1	2141	311	1856	695	2.6705	
PILOT-2019006119__H__gpt5.4__rep2.json	PILOT-2019006119	H	2	1	2141	241	1915	695	2.7554	
PILOT-2019006614__H__gpt5.4__rep0.json	PILOT-2019006614	H	0						None	no_baseline
PILOT-2019006614__H__gpt5.4__rep1.json	PILOT-2019006614	H	1						None	no_baseline
PILOT-2019006614__H__gpt5.4__rep2.json	PILOT-2019006614	H	2						None	no_baseline
PILOT-2020000122__H__gpt5.4__rep0.json	PILOT-2020000122	H	0	20	6441	6695	420	11530	0.0364	
PILOT-2020000122__H__gpt5.4__rep1.json	PILOT-2020000122	H	1	20	6441	6663	654	11530	0.0567	
PILOT-2020000122__H__gpt5.4__rep2.json	PILOT-2020000122	H	2	20	6441	6962	682	11530	0.0592	
PILOT-2020000158__H__gpt5.4__rep0.json	PILOT-2020000158	H	0	20	4171	4769	813	461	1.7636	
PILOT-2020000158__H__gpt5.4__rep1.json	PILOT-2020000158	H	1	20	4171	4149	425	461	0.9219	
PILOT-2020000158__H__gpt5.4__rep2.json	PILOT-2020000158	H	2	20	4171	4916	973	461	2.1106	
PILOT-2020000362__H__gpt5.4__rep0.json	PILOT-2020000362	H	0	15	5042	5678	862	4451	0.1937	
PILOT-2020000362__H__gpt5.4__rep1.json	PILOT-2020000362	H	1	15	5042	5492	677	4451	0.1521	
PILOT-2020000362__H__gpt5.4__rep2.json	PILOT-2020000362	H	2	15	5042	5202	1383	4451	0.3107	
PILOT-2020000402__H__gpt5.4__rep0.json	PILOT-2020000402	H	0	9	3214	3452	266	454	0.5859	
PILOT-2020000402__H__gpt5.4__rep1.json	PILOT-2020000402	H	1	9	3214	3501	332	454	0.7313	
PILOT-2020000402__H__gpt5.4__rep2.json	PILOT-2020000402	H	2	9	3214	3333	196	454	0.4317	
PILOT-2020000676__H__gpt5.4__rep0.json	PILOT-2020000676	H	0	20	11143	10874	1475	1431	1.0307	
PILOT-2020000676__H__gpt5.4__rep1.json	PILOT-2020000676	H	1	20	11143	11790	729	1431	0.5094	
PILOT-2020000676__H__gpt5.4__rep2.json	PILOT-2020000676	H	2	20	11143	11952	891	1431	0.6226	
PILOT-2020001769__H__gpt5.4__rep0.json	PILOT-2020001769	H	0	21	4930	4375	743	1929	0.3852	
PILOT-2020001769__H__gpt5.4__rep1.json	PILOT-2020001769	H	1	21	4930	4311	827	1929	0.4287	
PILOT-2020001769__H__gpt5.4__rep2.json	PILOT-2020001769	H	2	21	4930	3943	1203	1929	0.6236	
PILOT-2020002332__H__gpt5.4__rep0.json	PILOT-2020002332	H	0	25	6503	8085	1901	2358	0.8062	
PILOT-2020002332__H__gpt5.4__rep1.json	PILOT-2020002332	H	1	25	6503	7546	1387	2358	0.5882	
PILOT-2020002332__H__gpt5.4__rep2.json	PILOT-2020002332	H	2	25	6503	7520	1357	2358	0.5755	
PILOT-2020002369__H__gpt5.4__rep0.json	PILOT-2020002369	H	0	20	3915	4271	521	1148	0.4538	
PILOT-2020002369__H__gpt5.4__rep1.json	PILOT-2020002369	H	1	20	3915	4288	539	1148	0.4695	
PILOT-2020002369__H__gpt5.4__rep2.json	PILOT-2020002369	H	2	20	3915	4072	323	1148	0.2814	
PILOT-2020002555__H__gpt5.4__rep0.json	PILOT-2020002555	H	0	20	5601	5918	492	591	0.8325	
PILOT-2020002555__H__gpt5.4__rep1.json	PILOT-2020002555	H	1	20	5601	5986	560	591	0.9475	
PILOT-2020002555__H__gpt5.4__rep2.json	PILOT-2020002555	H	2	20	5601	6056	630	591	1.066	
PILOT-2020002688__H__gpt5.4__rep0.json	PILOT-2020002688	H	0	24	10326	8707	3138	4258	0.737	
PILOT-2020002688__H__gpt5.4__rep1.json	PILOT-2020002688	H	1	9	10326	5288	5765	4258	1.3539	
PILOT-2020002688__H__gpt5.4__rep2.json	PILOT-2020002688	H	2	9	10326	5120	5806	4258	1.3636	
PILOT-2020002729__H__gpt5.4__rep0.json	PILOT-2020002729	H	0	11	9752	4710	5494	1304	4.2132	
PILOT-2020002729__H__gpt5.4__rep1.json	PILOT-2020002729	H	1	11	9752	4589	5626	1304	4.3144	
PILOT-2020002729__H__gpt5.4__rep2.json	PILOT-2020002729	H	2	11	9752	4523	5468	1304	4.1933	
PILOT-2020003998__H__gpt5.4__rep0.json	PILOT-2020003998	H	0	14	49574	2577	47040	46409	1.0136	
PILOT-2020003998__H__gpt5.4__rep1.json	PILOT-2020003998	H	1	14	49574	2636	46984	46409	1.0124	
PILOT-2020003998__H__gpt5.4__rep2.json	PILOT-2020003998	H	2	14	49574	2168	47431	46409	1.022	
PILOT-2020004768__H__gpt5.4__rep0.json	PILOT-2020004768	H	0	20	3302	3236	1133	1332	0.8506	
PILOT-2020004768__H__gpt5.4__rep1.json	PILOT-2020004768	H	1	20	3302	3038	1039	1332	0.78	
PILOT-2020004768__H__gpt5.4__rep2.json	PILOT-2020004768	H	2	20	3302	3245	1146	1332	0.8604	
PILOT-2020006264__H__gpt5.4__rep0.json	PILOT-2020006264	H	0	20	4312	4656	676	753	0.8977	
PILOT-2020006264__H__gpt5.4__rep1.json	PILOT-2020006264	H	1	20	4312	4638	685	753	0.9097	
PILOT-2020006264__H__gpt5.4__rep2.json	PILOT-2020006264	H	2	20	4312	5144	1164	753	1.5458	
PILOT-2020006435__H__gpt5.4__rep0.json	PILOT-2020006435	H	0	33	5730	6776	1862	1021	1.8237	
PILOT-2020006435__H__gpt5.4__rep1.json	PILOT-2020006435	H	1	33	5730	5959	1047	1021	1.0255	
PILOT-2020006435__H__gpt5.4__rep2.json	PILOT-2020006435	H	2	33	5730	6700	1755	1021	1.7189	
PILOT-2021000834__H__gpt5.4__rep0.json	PILOT-2021000834	H	0	20	4172	4715	633	617	1.0259	
PILOT-2021000834__H__gpt5.4__rep1.json	PILOT-2021000834	H	1	20	4172	4505	437	617	0.7083	
PILOT-2021000834__H__gpt5.4__rep2.json	PILOT-2021000834	H	2	20	4172	4517	425	617	0.6888	
PILOT-2021001124__H__gpt5.4__rep0.json	PILOT-2021001124	H	0	15	6936	8208	1421	6855	0.2073	
PILOT-2021001124__H__gpt5.4__rep1.json	PILOT-2021001124	H	1	15	6936	9331	2526	6855	0.3685	
PILOT-2021001124__H__gpt5.4__rep2.json	PILOT-2021001124	H	2	15	6936	8972	2176	6855	0.3174	
PILOT-2021002328__H__gpt5.4__rep0.json	PILOT-2021002328	H	0	14	15772	5266	10854	10393	1.0444	
PILOT-2021002328__H__gpt5.4__rep1.json	PILOT-2021002328	H	1	14	15772	5467	10850	10393	1.044	
PILOT-2021002328__H__gpt5.4__rep2.json	PILOT-2021002328	H	2	14	15772	5045	10958	10393	1.0544	
PILOT-2021003980__H__gpt5.4__rep0.json	PILOT-2021003980	H	0	20	6336	7662	1327	844	1.5723	
PILOT-2021003980__H__gpt5.4__rep1.json	PILOT-2021003980	H	1	20	6336	7384	1049	844	1.2429	
PILOT-2021003980__H__gpt5.4__rep2.json	PILOT-2021003980	H	2	20	6336	6436	545	844	0.6457	
PILOT-2022001087__H__gpt5.4__rep0.json	PILOT-2022001087	H	0	24	9892	8102	2305	2682	0.8594	
PILOT-2022001087__H__gpt5.4__rep1.json	PILOT-2022001087	H	1	24	9892	8701	1729	2682	0.6447	
PILOT-2022001087__H__gpt5.4__rep2.json	PILOT-2022001087	H	2	24	9892	8821	1587	2682	0.5917	
PILOT-2009010505__H__gpt4o-mini__rep0.json	PILOT-2009010505	H	0	0			None		None	no_gen
PILOT-2009010505__H__gpt4o-mini__rep1.json	PILOT-2009010505	H	1	0			None		None	no_gen
PILOT-2009010505__H__gpt4o-mini__rep2.json	PILOT-2009010505	H	2	0			None		None	no_gen
PILOT-2010007757__H__gpt4o-mini__rep0.json	PILOT-2010007757	H	0	3	4313	422	3895	2367	1.6455	
PILOT-2010007757__H__gpt4o-mini__rep1.json	PILOT-2010007757	H	1	3	4313	422	3895	2367	1.6455	
PILOT-2010007757__H__gpt4o-mini__rep2.json	PILOT-2010007757	H	2	3	4313	422	3895	2367	1.6455	
PILOT-2010008015__H__gpt4o-mini__rep0.json	PILOT-2010008015	H	0	4	6611	929	5692	1458	3.904	
PILOT-2010008015__H__gpt4o-mini__rep1.json	PILOT-2010008015	H	1	4	6611	913	5708	1458	3.915	
PILOT-2010008015__H__gpt4o-mini__rep2.json	PILOT-2010008015	H	2	0			None		None	no_gen
PILOT-2010010196__H__gpt4o-mini__rep0.json	PILOT-2010010196	H	0	2	3592	627	2967	2523	1.176	
PILOT-2010010196__H__gpt4o-mini__rep1.json	PILOT-2010010196	H	1	2	3592	645	2950	2523	1.1692	
PILOT-2010010196__H__gpt4o-mini__rep2.json	PILOT-2010010196	H	2	2	3592	654	2944	2523	1.1669	
PILOT-2010011970__H__gpt4o-mini__rep0.json	PILOT-2010011970	H	0	3	1664	1558	288	1178	0.2445	
PILOT-2010011970__H__gpt4o-mini__rep1.json	PILOT-2010011970	H	1	3	1664	1667	668	1178	0.5671	
PILOT-2010011970__H__gpt4o-mini__rep2.json	PILOT-2010011970	H	2	3	1664	1665	674	1178	0.5722	
PILOT-2011003851__H__gpt4o-mini__rep0.json	PILOT-2011003851	H	0	20	11846	11937	1289	4592	0.2807	
PILOT-2011003851__H__gpt4o-mini__rep1.json	PILOT-2011003851	H	1	20	11846	11363	871	4592	0.1897	
PILOT-2011003851__H__gpt4o-mini__rep2.json	PILOT-2011003851	H	2	20	11846	11487	1177	4592	0.2563	
PILOT-2011004581__H__gpt4o-mini__rep0.json	PILOT-2011004581	H	0	9	3341	3061	1134	3160	0.3589	
PILOT-2011004581__H__gpt4o-mini__rep1.json	PILOT-2011004581	H	1	9	3341	2784	995	3160	0.3149	
PILOT-2011004581__H__gpt4o-mini__rep2.json	PILOT-2011004581	H	2	9	3341	2579	946	3160	0.2994	
PILOT-2011007474__H__gpt4o-mini__rep0.json	PILOT-2011007474	H	0	4	4898	1657	3337	2042	1.6342	
PILOT-2011007474__H__gpt4o-mini__rep1.json	PILOT-2011007474	H	1	7	4898	2659	2867	2042	1.404	
PILOT-2011007474__H__gpt4o-mini__rep2.json	PILOT-2011007474	H	2	14	4898	3637	2585	2042	1.2659	
PILOT-2011008843__H__gpt4o-mini__rep0.json	PILOT-2011008843	H	0	1	10128	873	9255	4255	2.1751	
PILOT-2011008843__H__gpt4o-mini__rep1.json	PILOT-2011008843	H	1	1	10128	889	9239	4255	2.1713	
PILOT-2011008843__H__gpt4o-mini__rep2.json	PILOT-2011008843	H	2	2	10128	1479	8649	4255	2.0327	
PILOT-2011009182__H__gpt4o-mini__rep0.json	PILOT-2011009182	H	0	8	11499	4156	7489	3718	2.0143	
PILOT-2011009182__H__gpt4o-mini__rep1.json	PILOT-2011009182	H	1	0			None		None	no_gen
PILOT-2011009182__H__gpt4o-mini__rep2.json	PILOT-2011009182	H	2	0			None		None	no_gen
PILOT-2011011469__H__gpt4o-mini__rep0.json	PILOT-2011011469	H	0	5	2785	1323	1626	1905	0.8535	
PILOT-2011011469__H__gpt4o-mini__rep1.json	PILOT-2011011469	H	1	5	2785	1303	1629	1905	0.8551	
PILOT-2011011469__H__gpt4o-mini__rep2.json	PILOT-2011011469	H	2	6	2785	1473	1556	1905	0.8168	
PILOT-2011012180__H__gpt4o-mini__rep0.json	PILOT-2011012180	H	0	7	5334	2462	3019	5571	0.5419	
PILOT-2011012180__H__gpt4o-mini__rep1.json	PILOT-2011012180	H	1	7	5334	2539	3017	5571	0.5416	
PILOT-2011012180__H__gpt4o-mini__rep2.json	PILOT-2011012180	H	2	7	5334	2522	3005	5571	0.5394	
PILOT-2011013110__H__gpt4o-mini__rep0.json	PILOT-2011013110	H	0	6	8131	4071	4408	4100	1.0751	
PILOT-2011013110__H__gpt4o-mini__rep1.json	PILOT-2011013110	H	1	5	8131	3203	5111	4100	1.2466	
PILOT-2011013110__H__gpt4o-mini__rep2.json	PILOT-2011013110	H	2	5	8131	3825	4657	4100	1.1359	
PILOT-2012000327__H__gpt4o-mini__rep0.json	PILOT-2012000327	H	0	6	8317	3354	5154	5828	0.8844	
PILOT-2012000327__H__gpt4o-mini__rep1.json	PILOT-2012000327	H	1	6	8317	3350	5150	5828	0.8837	
PILOT-2012000327__H__gpt4o-mini__rep2.json	PILOT-2012000327	H	2	6	8317	2529	5832	5828	1.0007	
PILOT-2012003288__H__gpt4o-mini__rep0.json	PILOT-2012003288	H	0	4	3274	1525	1813	714	2.5392	
PILOT-2012003288__H__gpt4o-mini__rep1.json	PILOT-2012003288	H	1	5	3274	1374	1987	714	2.7829	
PILOT-2012003288__H__gpt4o-mini__rep2.json	PILOT-2012003288	H	2	4	3274	1483	1839	714	2.5756	
PILOT-2012005674__H__gpt4o-mini__rep0.json	PILOT-2012005674	H	0	4	9954	1299	8664	5845	1.4823	
PILOT-2012005674__H__gpt4o-mini__rep1.json	PILOT-2012005674	H	1	7	9954	1711	8269	5845	1.4147	
PILOT-2012005674__H__gpt4o-mini__rep2.json	PILOT-2012005674	H	2	7	9954	1711	8269	5845	1.4147	
PILOT-2012006145__H__gpt4o-mini__rep0.json	PILOT-2012006145	H	0	23	6066	3215	3035	2446	1.2408	
PILOT-2012006145__H__gpt4o-mini__rep1.json	PILOT-2012006145	H	1	23	6066	3215	3035	2446	1.2408	
PILOT-2012006145__H__gpt4o-mini__rep2.json	PILOT-2012006145	H	2	23	6066	3215	3037	2446	1.2416	
PILOT-2012007524__H__gpt4o-mini__rep0.json	PILOT-2012007524	H	0	7	7153	3164	4269	1361	3.1367	
PILOT-2012007524__H__gpt4o-mini__rep1.json	PILOT-2012007524	H	1	7	7153	3265	4344	1361	3.1918	
PILOT-2012007524__H__gpt4o-mini__rep2.json	PILOT-2012007524	H	2	7	7153	3049	4296	1361	3.1565	
PILOT-2012008496__H__gpt4o-mini__rep0.json	PILOT-2012008496	H	0	35	10184	10621	821	5108	0.1607	
PILOT-2012008496__H__gpt4o-mini__rep1.json	PILOT-2012008496	H	1	12	10184	4436	6413	5108	1.2555	
PILOT-2012008496__H__gpt4o-mini__rep2.json	PILOT-2012008496	H	2	35	10184	10757	957	5108	0.1874	
PILOT-2012010015__H__gpt4o-mini__rep0.json	PILOT-2012010015	H	0	4	5606	1093	4522	672	6.7292	
PILOT-2012010015__H__gpt4o-mini__rep1.json	PILOT-2012010015	H	1	4	5606	1119	4496	672	6.6905	
PILOT-2012010015__H__gpt4o-mini__rep2.json	PILOT-2012010015	H	2	4	5606	1137	4478	672	6.6637	
PILOT-2013000789__H__gpt4o-mini__rep0.json	PILOT-2013000789	H	0	8	4195	1371	3007	2549	1.1797	
PILOT-2013000789__H__gpt4o-mini__rep1.json	PILOT-2013000789	H	1	8	4195	1318	3040	2549	1.1926	
PILOT-2013000789__H__gpt4o-mini__rep2.json	PILOT-2013000789	H	2	8	4195	1328	3028	2549	1.1879	
PILOT-2013001277__H__gpt4o-mini__rep0.json	PILOT-2013001277	H	0	14	3226	2555	952	945	1.0074	
PILOT-2013001277__H__gpt4o-mini__rep1.json	PILOT-2013001277	H	1	14	3226	2527	946	945	1.0011	
PILOT-2013001277__H__gpt4o-mini__rep2.json	PILOT-2013001277	H	2	14	3226	2555	952	945	1.0074	
PILOT-2013007708__H__gpt4o-mini__rep0.json	PILOT-2013007708	H	0	28	3817	4020	291	3149	0.0924	
PILOT-2013007708__H__gpt4o-mini__rep1.json	PILOT-2013007708	H	1	28	3817	4192	491	3149	0.1559	
PILOT-2013007708__H__gpt4o-mini__rep2.json	PILOT-2013007708	H	2	9	3817	2327	1836	3149	0.583	
PILOT-2014002407__H__gpt4o-mini__rep0.json	PILOT-2014002407	H	0	8	3806	3769	157	702	0.2236	
PILOT-2014002407__H__gpt4o-mini__rep1.json	PILOT-2014002407	H	1	8	3806	3708	132	702	0.188	
PILOT-2014002407__H__gpt4o-mini__rep2.json	PILOT-2014002407	H	2	8	3806	3724	112	702	0.1595	
PILOT-2014002745__H__gpt4o-mini__rep0.json	PILOT-2014002745	H	0	4	5510	1122	4444	4481	0.9917	
PILOT-2014002745__H__gpt4o-mini__rep1.json	PILOT-2014002745	H	1	4	5510	1208	4387	4481	0.979	
PILOT-2014002745__H__gpt4o-mini__rep2.json	PILOT-2014002745	H	2	4	5510	1031	4479	4481	0.9996	
PILOT-2014003236__H__gpt4o-mini__rep0.json	PILOT-2014003236	H	0	5	564	582	69	413	0.1671	
PILOT-2014003236__H__gpt4o-mini__rep1.json	PILOT-2014003236	H	1	5	564	599	35	413	0.0847	
PILOT-2014003236__H__gpt4o-mini__rep2.json	PILOT-2014003236	H	2	5	564	605	85	413	0.2058	
PILOT-2014003587__H__gpt4o-mini__rep0.json	PILOT-2014003587	H	0	0			None		None	no_gen
PILOT-2014003587__H__gpt4o-mini__rep1.json	PILOT-2014003587	H	1	0			None		None	no_gen
PILOT-2014003587__H__gpt4o-mini__rep2.json	PILOT-2014003587	H	2	0			None		None	no_gen
PILOT-2014006550__H__gpt4o-mini__rep0.json	PILOT-2014006550	H	0	10	6560	4137	2980	1375	2.1673	
PILOT-2014006550__H__gpt4o-mini__rep1.json	PILOT-2014006550	H	1	12	6560	5338	2097	1375	1.5251	
PILOT-2014006550__H__gpt4o-mini__rep2.json	PILOT-2014006550	H	2	9	6560	3710	3234	1375	2.352	
PILOT-2014007043__H__gpt4o-mini__rep0.json	PILOT-2014007043	H	0	0			None		None	no_gen
PILOT-2014007043__H__gpt4o-mini__rep1.json	PILOT-2014007043	H	1	0			None		None	no_gen
PILOT-2014007043__H__gpt4o-mini__rep2.json	PILOT-2014007043	H	2	0			None		None	no_gen
PILOT-2014008375__H__gpt4o-mini__rep0.json	PILOT-2014008375	H	0	4	3234	1507	1735	1633	1.0625	
PILOT-2014008375__H__gpt4o-mini__rep1.json	PILOT-2014008375	H	1	10	3234	3105	340	1633	0.2082	
PILOT-2014008375__H__gpt4o-mini__rep2.json	PILOT-2014008375	H	2	4	3234	1832	1580	1633	0.9675	
PILOT-2014009096__H__gpt4o-mini__rep0.json	PILOT-2014009096	H	0	4	5103	3013	2521	3397	0.7421	
PILOT-2014009096__H__gpt4o-mini__rep1.json	PILOT-2014009096	H	1	4	5103	3014	2520	3397	0.7418	
PILOT-2014009096__H__gpt4o-mini__rep2.json	PILOT-2014009096	H	2	4	5103	3014	2520	3397	0.7418	
PILOT-2014009182__H__gpt4o-mini__rep0.json	PILOT-2014009182	H	0	7	5648	2992	2689	778	3.4563	
PILOT-2014009182__H__gpt4o-mini__rep1.json	PILOT-2014009182	H	1	8	5648	3027	2654	778	3.4113	
PILOT-2014009182__H__gpt4o-mini__rep2.json	PILOT-2014009182	H	2	8	5648	3027	2654	778	3.4113	
PILOT-2014009970__H__gpt4o-mini__rep0.json	PILOT-2014009970	H	0	5	2186	1971	701	1005	0.6975	
PILOT-2014009970__H__gpt4o-mini__rep1.json	PILOT-2014009970	H	1	9	2186	2777	706	1005	0.7025	
PILOT-2014009970__H__gpt4o-mini__rep2.json	PILOT-2014009970	H	2	4	2186	1699	838	1005	0.8338	
PILOT-2015000199__H__gpt4o-mini__rep0.json	PILOT-2015000199	H	0	10	9694	2247	7510	3495	2.1488	
PILOT-2015000199__H__gpt4o-mini__rep1.json	PILOT-2015000199	H	1	0			None		None	no_gen
PILOT-2015000199__H__gpt4o-mini__rep2.json	PILOT-2015000199	H	2	0			None		None	no_gen
PILOT-2015004151__H__gpt4o-mini__rep0.json	PILOT-2015004151	H	0	0			None		None	no_gen
PILOT-2015004151__H__gpt4o-mini__rep1.json	PILOT-2015004151	H	1	4	939	654	458	675	0.6785	
PILOT-2015004151__H__gpt4o-mini__rep2.json	PILOT-2015004151	H	2	0			None		None	no_gen
PILOT-2015004158__H__gpt4o-mini__rep0.json	PILOT-2015004158	H	0	2	2431	679	1818	1096	1.6588	
PILOT-2015004158__H__gpt4o-mini__rep1.json	PILOT-2015004158	H	1	2	2431	458	1981	1096	1.8075	
PILOT-2015004158__H__gpt4o-mini__rep2.json	PILOT-2015004158	H	2	2	2431	430	2007	1096	1.8312	
PILOT-2015004926__H__gpt4o-mini__rep0.json	PILOT-2015004926	H	0	9	5858	3277	2709	2480	1.0923	
PILOT-2015004926__H__gpt4o-mini__rep1.json	PILOT-2015004926	H	1	8	5858	2829	3210	2480	1.2944	
PILOT-2015004926__H__gpt4o-mini__rep2.json	PILOT-2015004926	H	2	7	5858	2820	3182	2480	1.2831	
PILOT-2015005752__H__gpt4o-mini__rep0.json	PILOT-2015005752	H	0	5	4135	1604	2607	457	5.7046	
PILOT-2015005752__H__gpt4o-mini__rep1.json	PILOT-2015005752	H	1	4	4135	1861	2320	457	5.0766	
PILOT-2015005752__H__gpt4o-mini__rep2.json	PILOT-2015005752	H	2	5	4135	1338	2807	457	6.1422	
PILOT-2015006206__H__gpt4o-mini__rep0.json	PILOT-2015006206	H	0	5	6927	1652	5327	961	5.5432	
PILOT-2015006206__H__gpt4o-mini__rep1.json	PILOT-2015006206	H	1	5	6927	1398	5559	961	5.7846	
PILOT-2015006206__H__gpt4o-mini__rep2.json	PILOT-2015006206	H	2	5	6927	1422	5534	961	5.7586	
PILOT-2015006603__H__gpt4o-mini__rep0.json	PILOT-2015006603	H	0	5	8199	2086	6241	5611	1.1123	
PILOT-2015006603__H__gpt4o-mini__rep1.json	PILOT-2015006603	H	1	5	8199	2325	6025	5611	1.0738	
PILOT-2015006603__H__gpt4o-mini__rep2.json	PILOT-2015006603	H	2	4	8199	1755	6447	5611	1.149	
PILOT-2016000830__H__gpt4o-mini__rep0.json	PILOT-2016000830	H	0	8	3034	2977	1084	4750	0.2282	
PILOT-2016000830__H__gpt4o-mini__rep1.json	PILOT-2016000830	H	1	8	3034	3058	1009	4750	0.2124	
PILOT-2016000830__H__gpt4o-mini__rep2.json	PILOT-2016000830	H	2	12	3034	3689	707	4750	0.1488	
PILOT-2016000849__H__gpt4o-mini__rep0.json	PILOT-2016000849	H	0	0			None		None	no_gen
PILOT-2016000849__H__gpt4o-mini__rep1.json	PILOT-2016000849	H	1	0			None		None	no_gen
PILOT-2016000849__H__gpt4o-mini__rep2.json	PILOT-2016000849	H	2	0			None		None	no_gen
PILOT-2016003042__H__gpt4o-mini__rep0.json	PILOT-2016003042	H	0	10	8708	2834	5977	5799	1.0307	
PILOT-2016003042__H__gpt4o-mini__rep1.json	PILOT-2016003042	H	1	8	8708	2564	6232	5799	1.0747	
PILOT-2016003042__H__gpt4o-mini__rep2.json	PILOT-2016003042	H	2	10	8708	2662	6116	5799	1.0547	
PILOT-2016004446__H__gpt4o-mini__rep0.json	PILOT-2016004446	H	0	3	1328	1147	293	1051	0.2788	
PILOT-2016004446__H__gpt4o-mini__rep1.json	PILOT-2016004446	H	1	3	1328	1198	514	1051	0.4891	
PILOT-2016004446__H__gpt4o-mini__rep2.json	PILOT-2016004446	H	2	3	1328	1146	297	1051	0.2826	
PILOT-2016005844__H__gpt4o-mini__rep0.json	PILOT-2016005844	H	0	4	5051	1527	3551	520	6.8288	
PILOT-2016005844__H__gpt4o-mini__rep1.json	PILOT-2016005844	H	1	4	5051	1535	3557	520	6.8404	
PILOT-2016005844__H__gpt4o-mini__rep2.json	PILOT-2016005844	H	2	4	5051	1493	3595	520	6.9135	
PILOT-2016006702__H__gpt4o-mini__rep0.json	PILOT-2016006702	H	0	12	8865	5084	3925	966	4.0631	
PILOT-2016006702__H__gpt4o-mini__rep1.json	PILOT-2016006702	H	1	5	8865	2720	6175	966	6.3923	
PILOT-2016006702__H__gpt4o-mini__rep2.json	PILOT-2016006702	H	2	9	8865	3762	5198	966	5.381	
PILOT-2016007603__H__gpt4o-mini__rep0.json	PILOT-2016007603	H	0	8	3389	1565	1895	1148	1.6507	
PILOT-2016007603__H__gpt4o-mini__rep1.json	PILOT-2016007603	H	1	8	3389	1565	1895	1148	1.6507	
PILOT-2016007603__H__gpt4o-mini__rep2.json	PILOT-2016007603	H	2	12	3389	2156	1452	1148	1.2648	
PILOT-2016007888__H__gpt4o-mini__rep0.json	PILOT-2016007888	H	0	6	5843	1967	4032	861	4.6829	
PILOT-2016007888__H__gpt4o-mini__rep1.json	PILOT-2016007888	H	1	6	5843	1898	4077	861	4.7352	
PILOT-2016007888__H__gpt4o-mini__rep2.json	PILOT-2016007888	H	2	5	5843	1466	4409	861	5.1208	
PILOT-2017000071__H__gpt4o-mini__rep0.json	PILOT-2017000071	H	0	7	4283	4051	238	577	0.4125	
PILOT-2017000071__H__gpt4o-mini__rep1.json	PILOT-2017000071	H	1	7	4283	4055	233	577	0.4038	
PILOT-2017000071__H__gpt4o-mini__rep2.json	PILOT-2017000071	H	2	7	4283	4055	233	577	0.4038	
PILOT-2017000093__H__gpt4o-mini__rep0.json	PILOT-2017000093	H	0	6	8811	3545	5522	2769	1.9942	
PILOT-2017000093__H__gpt4o-mini__rep1.json	PILOT-2017000093	H	1	6	8811	3430	5606	2769	2.0246	
PILOT-2017000093__H__gpt4o-mini__rep2.json	PILOT-2017000093	H	2	6	8811	3545	5522	2769	1.9942	
PILOT-2017001422__H__gpt4o-mini__rep0.json	PILOT-2017001422	H	0	5	4600	1359	3395	357	9.5098	
PILOT-2017001422__H__gpt4o-mini__rep1.json	PILOT-2017001422	H	1	5	4600	1345	3395	357	9.5098	
PILOT-2017001422__H__gpt4o-mini__rep2.json	PILOT-2017001422	H	2	5	4600	1345	3404	357	9.535	
PILOT-2017002001__H__gpt4o-mini__rep0.json	PILOT-2017002001	H	0	2	5707	235	5472	2192	2.4964	
PILOT-2017002001__H__gpt4o-mini__rep1.json	PILOT-2017002001	H	1	2	5707	235	5472	2192	2.4964	
PILOT-2017002001__H__gpt4o-mini__rep2.json	PILOT-2017002001	H	2	2	5707	235	5472	2192	2.4964	
PILOT-2017002029__H__gpt4o-mini__rep0.json	PILOT-2017002029	H	0	8	4351	1870	2788	1540	1.8104	
PILOT-2017002029__H__gpt4o-mini__rep1.json	PILOT-2017002029	H	1	5	4351	1741	2813	1540	1.8266	
PILOT-2017002029__H__gpt4o-mini__rep2.json	PILOT-2017002029	H	2	4	4351	1541	2878	1540	1.8688	
PILOT-2017003676__H__gpt4o-mini__rep0.json	PILOT-2017003676	H	0	7	2504	1131	1551	389	3.9871	
PILOT-2017003676__H__gpt4o-mini__rep1.json	PILOT-2017003676	H	1	5	2504	1085	1517	389	3.8997	
PILOT-2017003676__H__gpt4o-mini__rep2.json	PILOT-2017003676	H	2	8	2504	1069	1533	389	3.9409	
PILOT-2017004144__H__gpt4o-mini__rep0.json	PILOT-2017004144	H	0	8	6345	3829	3415	1330	2.5677	
PILOT-2017004144__H__gpt4o-mini__rep1.json	PILOT-2017004144	H	1	2	6345	397	5951	1330	4.4744	
PILOT-2017004144__H__gpt4o-mini__rep2.json	PILOT-2017004144	H	2	7	6345	2215	4148	1330	3.1188	
PILOT-2017004286__H__gpt4o-mini__rep0.json	PILOT-2017004286	H	0	3	6980	967	6016	1533	3.9243	
PILOT-2017004286__H__gpt4o-mini__rep1.json	PILOT-2017004286	H	1	4	6980	1840	5152	1533	3.3607	
PILOT-2017004286__H__gpt4o-mini__rep2.json	PILOT-2017004286	H	2	4	6980	1882	5116	1533	3.3372	
PILOT-2017005259__H__gpt4o-mini__rep0.json	PILOT-2017005259	H	0	5	2205	1474	932	728	1.2802	
PILOT-2017005259__H__gpt4o-mini__rep1.json	PILOT-2017005259	H	1	4	2205	1116	1187	728	1.6305	
PILOT-2017005259__H__gpt4o-mini__rep2.json	PILOT-2017005259	H	2	4	2205	1109	1190	728	1.6346	
PILOT-2017005493__H__gpt4o-mini__rep0.json	PILOT-2017005493	H	0	4	3063	1428	1684	384	4.3854	
PILOT-2017005493__H__gpt4o-mini__rep1.json	PILOT-2017005493	H	1	7	3063	1943	1384	384	3.6042	
PILOT-2017005493__H__gpt4o-mini__rep2.json	PILOT-2017005493	H	2	9	3063	2033	1241	384	3.2318	
PILOT-2017006188__H__gpt4o-mini__rep0.json	PILOT-2017006188	H	0	0			None		None	no_gen
PILOT-2017006188__H__gpt4o-mini__rep1.json	PILOT-2017006188	H	1	0			None		None	no_gen
PILOT-2017006188__H__gpt4o-mini__rep2.json	PILOT-2017006188	H	2	0			None		None	no_gen
PILOT-2017007272__H__gpt4o-mini__rep0.json	PILOT-2017007272	H	0	6	2559	1119	1515	435	3.4828	
PILOT-2017007272__H__gpt4o-mini__rep1.json	PILOT-2017007272	H	1	7	2559	1236	1450	435	3.3333	
PILOT-2017007272__H__gpt4o-mini__rep2.json	PILOT-2017007272	H	2	20	2559	2606	185	435	0.4253	
PILOT-2017007595__H__gpt4o-mini__rep0.json	PILOT-2017007595	H	0	5	11101	2166	9051	3372	2.6842	
PILOT-2017007595__H__gpt4o-mini__rep1.json	PILOT-2017007595	H	1	5	11101	2143	9063	3372	2.6877	
PILOT-2017007595__H__gpt4o-mini__rep2.json	PILOT-2017007595	H	2	5	11101	2143	9063	3372	2.6877	
PILOT-2017009415__H__gpt4o-mini__rep0.json	PILOT-2017009415	H	0	5	3715	1897	2018	973	2.074	
PILOT-2017009415__H__gpt4o-mini__rep1.json	PILOT-2017009415	H	1	6	3715	1807	1958	973	2.0123	
PILOT-2017009415__H__gpt4o-mini__rep2.json	PILOT-2017009415	H	2	6	3715	1830	1975	973	2.0298	
PILOT-2017010497__H__gpt4o-mini__rep0.json	PILOT-2017010497	H	0	0			None		None	no_gen
PILOT-2017010497__H__gpt4o-mini__rep1.json	PILOT-2017010497	H	1	0			None		None	no_gen
PILOT-2017010497__H__gpt4o-mini__rep2.json	PILOT-2017010497	H	2	0			None		None	no_gen
PILOT-2017010632__H__gpt4o-mini__rep0.json	PILOT-2017010632	H	0	0			None		None	no_gen
PILOT-2017010632__H__gpt4o-mini__rep1.json	PILOT-2017010632	H	1	0			None		None	no_gen
PILOT-2017010632__H__gpt4o-mini__rep2.json	PILOT-2017010632	H	2	2	9700	2486	7215	1340	5.3843	
PILOT-2018000427__H__gpt4o-mini__rep0.json	PILOT-2018000427	H	0	2	4938	1457	3763	580	6.4879	
PILOT-2018000427__H__gpt4o-mini__rep1.json	PILOT-2018000427	H	1	2	4938	1458	3762	580	6.4862	
PILOT-2018000427__H__gpt4o-mini__rep2.json	PILOT-2018000427	H	2	2	4938	1346	3808	580	6.5655	
PILOT-2018001232__H__gpt4o-mini__rep0.json	PILOT-2018001232	H	0	2	3733	772	2961	793	3.7339	
PILOT-2018001232__H__gpt4o-mini__rep1.json	PILOT-2018001232	H	1	2	3733	772	2965	793	3.739	
PILOT-2018001232__H__gpt4o-mini__rep2.json	PILOT-2018001232	H	2	2	3733	772	2961	793	3.7339	
PILOT-2018003513__H__gpt4o-mini__rep0.json	PILOT-2018003513	H	0	5	11037	1212	9826	3486	2.8187	
PILOT-2018003513__H__gpt4o-mini__rep1.json	PILOT-2018003513	H	1	6	11037	1767	9272	3486	2.6598	
PILOT-2018003513__H__gpt4o-mini__rep2.json	PILOT-2018003513	H	2	6	11037	1642	9396	3486	2.6954	
PILOT-2018005420__H__gpt4o-mini__rep0.json	PILOT-2018005420	H	0	25	8113	7931	278	2586	0.1075	
PILOT-2018005420__H__gpt4o-mini__rep1.json	PILOT-2018005420	H	1	25	8113	8175	378	2586	0.1462	
PILOT-2018005420__H__gpt4o-mini__rep2.json	PILOT-2018005420	H	2	6	8113	2517	5755	2586	2.2254	
PILOT-2018005863__H__gpt4o-mini__rep0.json	PILOT-2018005863	H	0	20	8120	6479	2075	1563	1.3276	
PILOT-2018005863__H__gpt4o-mini__rep1.json	PILOT-2018005863	H	1	6	8120	2297	5949	1563	3.8061	
PILOT-2018005863__H__gpt4o-mini__rep2.json	PILOT-2018005863	H	2	10	8120	4229	4497	1563	2.8772	
PILOT-2018007886__H__gpt4o-mini__rep0.json	PILOT-2018007886	H	0	16	4635	4787	152	863	0.1761	
PILOT-2018007886__H__gpt4o-mini__rep1.json	PILOT-2018007886	H	1	6	4635	2376	2711	863	3.1414	
PILOT-2018007886__H__gpt4o-mini__rep2.json	PILOT-2018007886	H	2	16	4635	4884	249	863	0.2885	
PILOT-2018007979__H__gpt4o-mini__rep0.json	PILOT-2018007979	H	0	3	4163	4115	72	2669	0.027	
PILOT-2018007979__H__gpt4o-mini__rep1.json	PILOT-2018007979	H	1	3	4163	4115	72	2669	0.027	
PILOT-2018007979__H__gpt4o-mini__rep2.json	PILOT-2018007979	H	2	3	4163	4115	72	2669	0.027	
PILOT-2019001867__H__gpt4o-mini__rep0.json	PILOT-2019001867	H	0	2	10769	2978	7817	6264	1.2479	
PILOT-2019001867__H__gpt4o-mini__rep1.json	PILOT-2019001867	H	1	22	10769	7386	3420	6264	0.546	
PILOT-2019001867__H__gpt4o-mini__rep2.json	PILOT-2019001867	H	2	22	10769	7386	3420	6264	0.546	
PILOT-2019002001__H__gpt4o-mini__rep0.json	PILOT-2019002001	H	0	0			None		None	no_gen
PILOT-2019002001__H__gpt4o-mini__rep1.json	PILOT-2019002001	H	1	0			None		None	no_gen
PILOT-2019002001__H__gpt4o-mini__rep2.json	PILOT-2019002001	H	2	0			None		None	no_gen
PILOT-2019002439__H__gpt4o-mini__rep0.json	PILOT-2019002439	H	0	0			None		None	no_gen
PILOT-2019002439__H__gpt4o-mini__rep1.json	PILOT-2019002439	H	1	0			None		None	no_gen
PILOT-2019002439__H__gpt4o-mini__rep2.json	PILOT-2019002439	H	2	0			None		None	no_gen
PILOT-2019003829__H__gpt4o-mini__rep0.json	PILOT-2019003829	H	0	6	2276	827	1595	1505	1.0598	
PILOT-2019003829__H__gpt4o-mini__rep1.json	PILOT-2019003829	H	1	5	2276	509	1782	1505	1.1841	
PILOT-2019003829__H__gpt4o-mini__rep2.json	PILOT-2019003829	H	2	7	2276	886	1548	1505	1.0286	
PILOT-2019005007__H__gpt4o-mini__rep0.json	PILOT-2019005007	H	0	4	6403	1582	4865	3873	1.2561	
PILOT-2019005007__H__gpt4o-mini__rep1.json	PILOT-2019005007	H	1	4	6403	1607	4841	3873	1.2499	
PILOT-2019005007__H__gpt4o-mini__rep2.json	PILOT-2019005007	H	2	5	6403	1621	4782	3873	1.2347	
PILOT-2019005292__H__gpt4o-mini__rep0.json	PILOT-2019005292	H	0	20	11391	9965	2764	2300	1.2017	
PILOT-2019005292__H__gpt4o-mini__rep1.json	PILOT-2019005292	H	1	20	11391	9646	2501	2300	1.0874	
PILOT-2019005292__H__gpt4o-mini__rep2.json	PILOT-2019005292	H	2	20	11391	9645	2498	2300	1.0861	
PILOT-2019005776__H__gpt4o-mini__rep0.json	PILOT-2019005776	H	0	10	6941	3054	4319	5443	0.7935	
PILOT-2019005776__H__gpt4o-mini__rep1.json	PILOT-2019005776	H	1	10	6941	2887	4236	5443	0.7782	
PILOT-2019005776__H__gpt4o-mini__rep2.json	PILOT-2019005776	H	2	10	6941	2958	4275	5443	0.7854	
PILOT-2019006119__H__gpt4o-mini__rep0.json	PILOT-2019006119	H	0	0			None		None	no_gen
PILOT-2019006119__H__gpt4o-mini__rep1.json	PILOT-2019006119	H	1	0			None		None	no_gen
PILOT-2019006119__H__gpt4o-mini__rep2.json	PILOT-2019006119	H	2	0			None		None	no_gen
PILOT-2019006614__H__gpt4o-mini__rep0.json	PILOT-2019006614	H	0						None	no_baseline
PILOT-2019006614__H__gpt4o-mini__rep1.json	PILOT-2019006614	H	1						None	no_baseline
PILOT-2019006614__H__gpt4o-mini__rep2.json	PILOT-2019006614	H	2						None	no_baseline
PILOT-2020000122__H__gpt4o-mini__rep0.json	PILOT-2020000122	H	0	20	6441	7022	694	11530	0.0602	
PILOT-2020000122__H__gpt4o-mini__rep1.json	PILOT-2020000122	H	1	19	6441	7429	1340	11530	0.1162	
PILOT-2020000122__H__gpt4o-mini__rep2.json	PILOT-2020000122	H	2	20	6441	7365	1029	11530	0.0892	
PILOT-2020000158__H__gpt4o-mini__rep0.json	PILOT-2020000158	H	0	7	4171	2083	2306	461	5.0022	
PILOT-2020000158__H__gpt4o-mini__rep1.json	PILOT-2020000158	H	1	20	4171	4229	298	461	0.6464	
PILOT-2020000158__H__gpt4o-mini__rep2.json	PILOT-2020000158	H	2	2	4171	947	3227	461	7.0	
PILOT-2020000362__H__gpt4o-mini__rep0.json	PILOT-2020000362	H	0	2	5042	1083	3961	4451	0.8899	
PILOT-2020000362__H__gpt4o-mini__rep1.json	PILOT-2020000362	H	1	2	5042	1083	3961	4451	0.8899	
PILOT-2020000362__H__gpt4o-mini__rep2.json	PILOT-2020000362	H	2	2	5042	1083	3961	4451	0.8899	
PILOT-2020000402__H__gpt4o-mini__rep0.json	PILOT-2020000402	H	0	9	3214	3377	209	454	0.4604	
PILOT-2020000402__H__gpt4o-mini__rep1.json	PILOT-2020000402	H	1	9	3214	2402	1019	454	2.2445	
PILOT-2020000402__H__gpt4o-mini__rep2.json	PILOT-2020000402	H	2	9	3214	3347	178	454	0.3921	
PILOT-2020000676__H__gpt4o-mini__rep0.json	PILOT-2020000676	H	0	20	11143	11499	438	1431	0.3061	
PILOT-2020000676__H__gpt4o-mini__rep1.json	PILOT-2020000676	H	1	20	11143	11503	442	1431	0.3089	
PILOT-2020000676__H__gpt4o-mini__rep2.json	PILOT-2020000676	H	2	20	11143	11711	650	1431	0.4542	
PILOT-2020001769__H__gpt4o-mini__rep0.json	PILOT-2020001769	H	0	4	4930	1515	3544	1929	1.8372	
PILOT-2020001769__H__gpt4o-mini__rep1.json	PILOT-2020001769	H	1	4	4930	1515	3544	1929	1.8372	
PILOT-2020001769__H__gpt4o-mini__rep2.json	PILOT-2020001769	H	2	4	4930	1437	3587	1929	1.8595	
PILOT-2020002332__H__gpt4o-mini__rep0.json	PILOT-2020002332	H	0	0			None		None	no_gen
PILOT-2020002332__H__gpt4o-mini__rep1.json	PILOT-2020002332	H	1	0			None		None	no_gen
PILOT-2020002332__H__gpt4o-mini__rep2.json	PILOT-2020002332	H	2	0			None		None	no_gen
PILOT-2020002369__H__gpt4o-mini__rep0.json	PILOT-2020002369	H	0	20	3915	3888	143	1148	0.1246	
PILOT-2020002369__H__gpt4o-mini__rep1.json	PILOT-2020002369	H	1	4	3915	1596	2429	1148	2.1159	
PILOT-2020002369__H__gpt4o-mini__rep2.json	PILOT-2020002369	H	2	20	3915	3858	97	1148	0.0845	
PILOT-2020002555__H__gpt4o-mini__rep0.json	PILOT-2020002555	H	0	20	5601	5578	152	591	0.2572	
PILOT-2020002555__H__gpt4o-mini__rep1.json	PILOT-2020002555	H	1	20	5601	5579	153	591	0.2589	
PILOT-2020002555__H__gpt4o-mini__rep2.json	PILOT-2020002555	H	2	20	5601	5578	152	591	0.2572	
PILOT-2020002688__H__gpt4o-mini__rep0.json	PILOT-2020002688	H	0	8	10326	4370	6270	4258	1.4725	
PILOT-2020002688__H__gpt4o-mini__rep1.json	PILOT-2020002688	H	1	8	10326	4414	6089	4258	1.43	
PILOT-2020002688__H__gpt4o-mini__rep2.json	PILOT-2020002688	H	2	8	10326	4710	5963	4258	1.4004	
PILOT-2020002729__H__gpt4o-mini__rep0.json	PILOT-2020002729	H	0	10	9752	3735	6185	1304	4.7431	
PILOT-2020002729__H__gpt4o-mini__rep1.json	PILOT-2020002729	H	1	10	9752	4416	5986	1304	4.5905	
PILOT-2020002729__H__gpt4o-mini__rep2.json	PILOT-2020002729	H	2	10	9752	4032	6137	1304	4.7063	
PILOT-2020003998__H__gpt4o-mini__rep0.json	PILOT-2020003998	H	0	12	49574	1600	47987	46409	1.034	
PILOT-2020003998__H__gpt4o-mini__rep1.json	PILOT-2020003998	H	1	2	49574	494	49080	46409	1.0576	
PILOT-2020003998__H__gpt4o-mini__rep2.json	PILOT-2020003998	H	2	2	49574	438	49136	46409	1.0588	
PILOT-2020004768__H__gpt4o-mini__rep0.json	PILOT-2020004768	H	0	5	3302	957	2393	1332	1.7965	
PILOT-2020004768__H__gpt4o-mini__rep1.json	PILOT-2020004768	H	1	5	3302	984	2388	1332	1.7928	
PILOT-2020004768__H__gpt4o-mini__rep2.json	PILOT-2020004768	H	2	5	3302	973	2398	1332	1.8003	
PILOT-2020006264__H__gpt4o-mini__rep0.json	PILOT-2020006264	H	0	20	4312	4228	252	753	0.3347	
PILOT-2020006264__H__gpt4o-mini__rep1.json	PILOT-2020006264	H	1	2	4312	1781	2842	753	3.7742	
PILOT-2020006264__H__gpt4o-mini__rep2.json	PILOT-2020006264	H	2	2	4312	1627	2736	753	3.6335	
PILOT-2020006435__H__gpt4o-mini__rep0.json	PILOT-2020006435	H	0	33	5730	5593	659	1021	0.6454	
PILOT-2020006435__H__gpt4o-mini__rep1.json	PILOT-2020006435	H	1	33	5730	5575	639	1021	0.6259	
PILOT-2020006435__H__gpt4o-mini__rep2.json	PILOT-2020006435	H	2	33	5730	5544	608	1021	0.5955	
PILOT-2021000834__H__gpt4o-mini__rep0.json	PILOT-2021000834	H	0	6	4172	1739	2676	617	4.3371	
PILOT-2021000834__H__gpt4o-mini__rep1.json	PILOT-2021000834	H	1	6	4172	1634	2760	617	4.4733	
PILOT-2021000834__H__gpt4o-mini__rep2.json	PILOT-2021000834	H	2	6	4172	1607	2758	617	4.47	
PILOT-2021001124__H__gpt4o-mini__rep0.json	PILOT-2021001124	H	0	6	6936	4935	2251	6855	0.3284	
PILOT-2021001124__H__gpt4o-mini__rep1.json	PILOT-2021001124	H	1	6	6936	5054	2207	6855	0.322	
PILOT-2021001124__H__gpt4o-mini__rep2.json	PILOT-2021001124	H	2	7	6936	5167	2097	6855	0.3059	
PILOT-2021002328__H__gpt4o-mini__rep0.json	PILOT-2021002328	H	0	0			None		None	no_gen
PILOT-2021002328__H__gpt4o-mini__rep1.json	PILOT-2021002328	H	1	0			None		None	no_gen
PILOT-2021002328__H__gpt4o-mini__rep2.json	PILOT-2021002328	H	2	0			None		None	no_gen
PILOT-2021003980__H__gpt4o-mini__rep0.json	PILOT-2021003980	H	0	12	6336	4381	2539	844	3.0083	
PILOT-2021003980__H__gpt4o-mini__rep1.json	PILOT-2021003980	H	1	16	6336	7222	2104	844	2.4929	
PILOT-2021003980__H__gpt4o-mini__rep2.json	PILOT-2021003980	H	2	16	6336	5471	1871	844	2.2168	
PILOT-2022001087__H__gpt4o-mini__rep0.json	PILOT-2022001087	H	0	22	9892	6441	3490	2682	1.3013	
PILOT-2022001087__H__gpt4o-mini__rep1.json	PILOT-2022001087	H	1	22	9892	6441	3490	2682	1.3013	
PILOT-2022001087__H__gpt4o-mini__rep2.json	PILOT-2022001087	H	2	22	9892	6441	3490	2682	1.3013	
