file	case	cond	rep	c5	total_hits	char_len	token_len	n_claims	reason
PILOT-2009010505__A__gpt5.4__rep0.json	PILOT-2009010505	A	0	4.9852	42	8425	1244	28	
PILOT-2009010505__A__gpt5.4__rep1.json	PILOT-2009010505	A	1	5.235	48	9169	1342	28	
PILOT-2009010505__A__gpt5.4__rep2.json	PILOT-2009010505	A	2	5.8043	42	7236	1066	24	
PILOT-2009010505__B__gpt5.4__rep0.json	PILOT-2009010505	B	0	5.6366	46	8161	1210	28	
PILOT-2009010505__B__gpt5.4__rep1.json	PILOT-2009010505	B	1	5.3144	36	6774	994	24	
PILOT-2009010505__B__gpt5.4__rep2.json	PILOT-2009010505	B	2	4.7053	38	8076	1198	28	
PILOT-2009010505__C__gpt5.4__rep0.json	PILOT-2009010505	C	0	6.6489	50	7520	1114	24	
PILOT-2009010505__C__gpt5.4__rep1.json	PILOT-2009010505	C	1	5.0173	42	8371	1240	28	
PILOT-2009010505__C__gpt5.4__rep2.json	PILOT-2009010505	C	2	4.8022	42	8746	1308	28	
PILOT-2009010505__D__gpt5.4__rep0.json	PILOT-2009010505	D	0	5.7986	46	7933	1170	28	
PILOT-2009010505__D__gpt5.4__rep1.json	PILOT-2009010505	D	1	5.3272	46	8635	1280	28	
PILOT-2009010505__D__gpt5.4__rep2.json	PILOT-2009010505	D	2	5.8665	50	8523	1264	28	
PILOT-2009010505__E__gpt5.4__rep0.json	PILOT-2009010505	E	0	4.5998	30	6522	950	23	
PILOT-2009010505__E__gpt5.4__rep1.json	PILOT-2009010505	E	1	5.1201	42	8203	1210	28	
PILOT-2009010505__E__gpt5.4__rep2.json	PILOT-2009010505	E	2	5.6063	46	8205	1210	28	
PILOT-2009010505__F__gpt5.4__rep0.json	PILOT-2009010505	F	0	5.5832	46	8239	1220	28	
PILOT-2009010505__F__gpt5.4__rep1.json	PILOT-2009010505	F	1	4.9928	38	7611	1118	28	
PILOT-2009010505__F__gpt5.4__rep2.json	PILOT-2009010505	F	2	4.9706	38	7645	1122	28	
PILOT-2009010505__G__gpt5.4__rep0.json	PILOT-2009010505	G	0	4.0509	28	6912	996	24	
PILOT-2009010505__G__gpt5.4__rep1.json	PILOT-2009010505	G	1	4.9589	38	7663	1122	28	
PILOT-2009010505__G__gpt5.4__rep2.json	PILOT-2009010505	G	2	5.845	46	7870	1166	27	
PILOT-2009010505__baseline__gpt5.4__rep0.json	PILOT-2009010505	baseline	0	4.9954	38	7607	1122	28	
PILOT-2009010505__baseline__gpt5.4__rep1.json	PILOT-2009010505	baseline	1	4.9928	38	7611	1118	28	
PILOT-2009010505__baseline__gpt5.4__rep2.json	PILOT-2009010505	baseline	2	5.9541	42	7054	1034	24	
PILOT-2010007757__A__gpt5.4__rep0.json	PILOT-2010007757	A	0	7.6956	18	2339	317	17	
PILOT-2010007757__A__gpt5.4__rep1.json	PILOT-2010007757	A	1	5.618	2	356	49	3	
PILOT-2010007757__A__gpt5.4__rep2.json	PILOT-2010007757	A	2	8.1485	18	2209	300	17	
PILOT-2010007757__B__gpt5.4__rep0.json	PILOT-2010007757	B	0	4.8309	2	414	52	3	
PILOT-2010007757__B__gpt5.4__rep1.json	PILOT-2010007757	B	1	7.6368	18	2357	320	17	
PILOT-2010007757__B__gpt5.4__rep2.json	PILOT-2010007757	B	2	4.8309	2	414	52	3	
PILOT-2010007757__C__gpt5.4__rep0.json	PILOT-2010007757	C	0	7.0493	14	1986	265	17	
PILOT-2010007757__C__gpt5.4__rep1.json	PILOT-2010007757	C	1	7.7553	18	2321	312	17	
PILOT-2010007757__C__gpt5.4__rep2.json	PILOT-2010007757	C	2	7.4013	18	2432	328	17	
PILOT-2010007757__D__gpt5.4__rep0.json	PILOT-2010007757	D	0	7.8397	18	2296	310	17	
PILOT-2010007757__D__gpt5.4__rep1.json	PILOT-2010007757	D	1	7.7653	18	2318	311	17	
PILOT-2010007757__D__gpt5.4__rep2.json	PILOT-2010007757	D	2	7.8397	18	2296	310	17	
PILOT-2010007757__E__gpt5.4__rep0.json	PILOT-2010007757	E	0	10.0695	42	4171	582	32	
PILOT-2010007757__E__gpt5.4__rep1.json	PILOT-2010007757	E	1	9.3458	42	4494	619	32	
PILOT-2010007757__E__gpt5.4__rep2.json	PILOT-2010007757	E	2	7.8397	18	2296	310	17	
PILOT-2010007757__F__gpt5.4__rep0.json	PILOT-2010007757	F	0	8.3026	18	2168	294	17	
PILOT-2010007757__F__gpt5.4__rep1.json	PILOT-2010007757	F	1	6.4516	3	465	58	3	
PILOT-2010007757__F__gpt5.4__rep2.json	PILOT-2010007757	F	2	5.3191	2	376	46	3	
PILOT-2010007757__G__gpt5.4__rep0.json	PILOT-2010007757	G	0	6.8807	3	436	56	3	
PILOT-2010007757__G__gpt5.4__rep1.json	PILOT-2010007757	G	1	5.7471	2	348	43	3	
PILOT-2010007757__G__gpt5.4__rep2.json	PILOT-2010007757	G	2	10.0986	43	4258	592	32	
PILOT-2010007757__baseline__gpt5.4__rep0.json	PILOT-2010007757	baseline	0	10.0024	42	4199	585	32	
PILOT-2010007757__baseline__gpt5.4__rep1.json	PILOT-2010007757	baseline	1	7.7453	18	2324	313	17	
PILOT-2010007757__baseline__gpt5.4__rep2.json	PILOT-2010007757	baseline	2	7.4801	16	2139	289	17	
PILOT-2010008015__A__gpt5.4__rep0.json	PILOT-2010008015	A	0	6.9085	8	1158	157	5	
PILOT-2010008015__A__gpt5.4__rep1.json	PILOT-2010008015	A	1	9.636	63	6538	963	28	
PILOT-2010008015__A__gpt5.4__rep2.json	PILOT-2010008015	A	2	6.5681	8	1218	166	5	
PILOT-2010008015__B__gpt5.4__rep0.json	PILOT-2010008015	B	0	9.9455	62	6234	926	28	
PILOT-2010008015__B__gpt5.4__rep1.json	PILOT-2010008015	B	1	10.299	62	6020	893	28	
PILOT-2010008015__B__gpt5.4__rep2.json	PILOT-2010008015	B	2	10.2298	61	5963	885	28	
PILOT-2010008015__C__gpt5.4__rep0.json	PILOT-2010008015	C	0	9.4096	62	6589	970	28	
PILOT-2010008015__C__gpt5.4__rep1.json	PILOT-2010008015	C	1	9.7072	63	6490	955	28	
PILOT-2010008015__C__gpt5.4__rep2.json	PILOT-2010008015	C	2	9.4182	62	6583	970	28	
PILOT-2010008015__D__gpt5.4__rep0.json	PILOT-2010008015	D	0	9.5963	63	6565	967	28	
PILOT-2010008015__D__gpt5.4__rep1.json	PILOT-2010008015	D	1	9.5181	63	6619	975	28	
PILOT-2010008015__D__gpt5.4__rep2.json	PILOT-2010008015	D	2	9.4297	62	6575	970	28	
PILOT-2010008015__E__gpt5.4__rep0.json	PILOT-2010008015	E	0	9.7131	65	6692	996	28	
PILOT-2010008015__E__gpt5.4__rep1.json	PILOT-2010008015	E	1	9.7282	63	6476	958	28	
PILOT-2010008015__E__gpt5.4__rep2.json	PILOT-2010008015	E	2	9.5753	62	6475	958	28	
PILOT-2010008015__F__gpt5.4__rep0.json	PILOT-2010008015	F	0	9.611	63	6555	967	28	
PILOT-2010008015__F__gpt5.4__rep1.json	PILOT-2010008015	F	1	9.6007	63	6562	971	28	
PILOT-2010008015__F__gpt5.4__rep2.json	PILOT-2010008015	F	2	6.5628	8	1219	167	5	
PILOT-2010008015__G__gpt5.4__rep0.json	PILOT-2010008015	G	0	6.2943	8	1271	175	5	
PILOT-2010008015__G__gpt5.4__rep1.json	PILOT-2010008015	G	1	9.537	62	6501	957	28	
PILOT-2010008015__G__gpt5.4__rep2.json	PILOT-2010008015	G	2	9.5385	62	6500	957	28	
PILOT-2010008015__baseline__gpt5.4__rep0.json	PILOT-2010008015	baseline	0	9.6938	63	6499	958	28	
PILOT-2010008015__baseline__gpt5.4__rep1.json	PILOT-2010008015	baseline	1	9.6611	63	6521	962	28	
PILOT-2010008015__baseline__gpt5.4__rep2.json	PILOT-2010008015	baseline	2	9.4196	62	6582	971	28	
PILOT-2010010196__A__gpt5.4__rep0.json	PILOT-2010010196	A	0	3.0096	11	3655	531	20	
PILOT-2010010196__A__gpt5.4__rep1.json	PILOT-2010010196	A	1	2.9738	11	3699	540	20	
PILOT-2010010196__A__gpt5.4__rep2.json	PILOT-2010010196	A	2	2.1868	7	3201	467	20	
PILOT-2010010196__B__gpt5.4__rep0.json	PILOT-2010010196	B	0	2.8564	11	3851	555	20	
PILOT-2010010196__B__gpt5.4__rep1.json	PILOT-2010010196	B	1	2.8321	11	3884	560	20	
PILOT-2010010196__B__gpt5.4__rep2.json	PILOT-2010010196	B	2	2.8438	11	3868	559	20	
PILOT-2010010196__C__gpt5.4__rep0.json	PILOT-2010010196	C	0	2.809	11	3916	569	20	
PILOT-2010010196__C__gpt5.4__rep1.json	PILOT-2010010196	C	1	2.8083	11	3917	565	20	
PILOT-2010010196__C__gpt5.4__rep2.json	PILOT-2010010196	C	2	2.7983	11	3931	568	20	
PILOT-2010010196__D__gpt5.4__rep0.json	PILOT-2010010196	D	0	2.9232	11	3763	547	20	
PILOT-2010010196__D__gpt5.4__rep1.json	PILOT-2010010196	D	1	2.809	11	3916	565	20	
PILOT-2010010196__D__gpt5.4__rep2.json	PILOT-2010010196	D	2	2.8505	11	3859	559	20	
PILOT-2010010196__E__gpt5.4__rep0.json	PILOT-2010010196	E	0	2.9483	11	3731	537	20	
PILOT-2010010196__E__gpt5.4__rep1.json	PILOT-2010010196	E	1	2.8249	11	3894	561	20	
PILOT-2010010196__E__gpt5.4__rep2.json	PILOT-2010010196	E	2	2.814	11	3909	565	20	
PILOT-2010010196__F__gpt5.4__rep0.json	PILOT-2010010196	F	0	2.9698	11	3704	535	20	
PILOT-2010010196__F__gpt5.4__rep1.json	PILOT-2010010196	F	1	2.8329	11	3883	565	20	
PILOT-2010010196__F__gpt5.4__rep2.json	PILOT-2010010196	F	2	2.7507	11	3999	577	20	
PILOT-2010010196__G__gpt5.4__rep0.json	PILOT-2010010196	G	0	2.8849	11	3813	549	20	
PILOT-2010010196__G__gpt5.4__rep1.json	PILOT-2010010196	G	1	2.8549	11	3853	554	20	
PILOT-2010010196__G__gpt5.4__rep2.json	PILOT-2010010196	G	2	2.8358	11	3879	559	20	
PILOT-2010010196__baseline__gpt5.4__rep0.json	PILOT-2010010196	baseline	0	2.8609	11	3845	559	20	
PILOT-2010010196__baseline__gpt5.4__rep1.json	PILOT-2010010196	baseline	1	2.827	11	3891	559	20	
PILOT-2010010196__baseline__gpt5.4__rep2.json	PILOT-2010010196	baseline	2	2.9396	11	3742	539	20	
PILOT-2010011970__A__gpt5.4__rep0.json	PILOT-2010011970	A	0	1.4963	3	2005	296	6	
PILOT-2010011970__A__gpt5.4__rep1.json	PILOT-2010011970	A	1	3.0835	13	4216	617	8	
PILOT-2010011970__A__gpt5.4__rep2.json	PILOT-2010011970	A	2	2.1311	4	1877	273	6	
PILOT-2010011970__B__gpt5.4__rep0.json	PILOT-2010011970	B	0	3.5545	9	2532	376	6	
PILOT-2010011970__B__gpt5.4__rep1.json	PILOT-2010011970	B	1	1.9436	4	2058	298	6	
PILOT-2010011970__B__gpt5.4__rep2.json	PILOT-2010011970	B	2	2.9889	7	2342	345	6	
PILOT-2010011970__C__gpt5.4__rep0.json	PILOT-2010011970	C	0	4.912	12	2443	364	6	
PILOT-2010011970__C__gpt5.4__rep1.json	PILOT-2010011970	C	1	2.988	6	2008	297	7	
PILOT-2010011970__C__gpt5.4__rep2.json	PILOT-2010011970	C	2	2.2117	7	3165	463	6	
PILOT-2010011970__D__gpt5.4__rep0.json	PILOT-2010011970	D	0	2.6281	6	2283	339	6	
PILOT-2010011970__D__gpt5.4__rep1.json	PILOT-2010011970	D	1	1.7723	4	2257	333	6	
PILOT-2010011970__D__gpt5.4__rep2.json	PILOT-2010011970	D	2	3.8402	10	2604	388	6	
PILOT-2010011970__E__gpt5.4__rep0.json	PILOT-2010011970	E	0	2.2535	4	1775	262	5	
PILOT-2010011970__E__gpt5.4__rep1.json	PILOT-2010011970	E	1	1.9695	4	2031	300	6	
PILOT-2010011970__E__gpt5.4__rep2.json	PILOT-2010011970	E	2	2.6991	6	2223	330	6	
PILOT-2010011970__F__gpt5.4__rep0.json	PILOT-2010011970	F	0	4.2159	10	2372	354	6	
PILOT-2010011970__F__gpt5.4__rep1.json	PILOT-2010011970	F	1	2.649	6	2265	335	6	
PILOT-2010011970__F__gpt5.4__rep2.json	PILOT-2010011970	F	2	2.9821	6	2012	298	6	
PILOT-2010011970__G__gpt5.4__rep0.json	PILOT-2010011970	G	0	2.8156	6	2131	314	5	
PILOT-2010011970__G__gpt5.4__rep1.json	PILOT-2010011970	G	1	2.6894	6	2231	324	6	
PILOT-2010011970__G__gpt5.4__rep2.json	PILOT-2010011970	G	2	2.8463	6	2108	306	6	
PILOT-2010011970__baseline__gpt5.4__rep0.json	PILOT-2010011970	baseline	0	4.2162	11	2609	385	6	
PILOT-2010011970__baseline__gpt5.4__rep1.json	PILOT-2010011970	baseline	1	2.6327	6	2279	339	6	
PILOT-2010011970__baseline__gpt5.4__rep2.json	PILOT-2010011970	baseline	2	3.0204	12	3973	582	7	
PILOT-2011003851__A__gpt5.4__rep0.json	PILOT-2011003851	A	0	1.8495	23	12436	1869	20	
PILOT-2011003851__A__gpt5.4__rep1.json	PILOT-2011003851	A	1	2.1031	23	10936	1649	20	
PILOT-2011003851__A__gpt5.4__rep2.json	PILOT-2011003851	A	2	2.1455	24	11186	1702	20	
PILOT-2011003851__B__gpt5.4__rep0.json	PILOT-2011003851	B	0	1.8166	23	12661	1936	20	
PILOT-2011003851__B__gpt5.4__rep1.json	PILOT-2011003851	B	1	1.9941	23	11534	1748	20	
PILOT-2011003851__B__gpt5.4__rep2.json	PILOT-2011003851	B	2	2.0641	23	11143	1678	20	
PILOT-2011003851__C__gpt5.4__rep0.json	PILOT-2011003851	C	0	2.0448	23	11248	1694	20	
PILOT-2011003851__C__gpt5.4__rep1.json	PILOT-2011003851	C	1	2.0641	23	11143	1678	20	
PILOT-2011003851__C__gpt5.4__rep2.json	PILOT-2011003851	C	2	1.7498	20	11430	1735	20	
PILOT-2011003851__D__gpt5.4__rep0.json	PILOT-2011003851	D	0	2.0448	23	11248	1694	20	
PILOT-2011003851__D__gpt5.4__rep1.json	PILOT-2011003851	D	1	2.0641	23	11143	1678	20	
PILOT-2011003851__D__gpt5.4__rep2.json	PILOT-2011003851	D	2	2.0437	23	11254	1697	20	
PILOT-2011003851__E__gpt5.4__rep0.json	PILOT-2011003851	E	0	2.0641	23	11143	1678	20	
PILOT-2011003851__E__gpt5.4__rep1.json	PILOT-2011003851	E	1	2.0641	23	11143	1678	20	
PILOT-2011003851__E__gpt5.4__rep2.json	PILOT-2011003851	E	2	2.0073	23	11458	1726	20	
PILOT-2011003851__F__gpt5.4__rep0.json	PILOT-2011003851	F	0	2.0448	23	11248	1694	20	
PILOT-2011003851__F__gpt5.4__rep1.json	PILOT-2011003851	F	1	2.0641	23	11143	1678	20	
PILOT-2011003851__F__gpt5.4__rep2.json	PILOT-2011003851	F	2	2.004	23	11477	1742	20	
PILOT-2011003851__G__gpt5.4__rep0.json	PILOT-2011003851	G	0	2.0448	23	11248	1694	20	
PILOT-2011003851__G__gpt5.4__rep1.json	PILOT-2011003851	G	1	2.0448	23	11248	1694	20	
PILOT-2011003851__G__gpt5.4__rep2.json	PILOT-2011003851	G	2	2.0434	23	11256	1698	20	
PILOT-2011003851__baseline__gpt5.4__rep0.json	PILOT-2011003851	baseline	0	1.8717	21	11220	1705	20	
PILOT-2011003851__baseline__gpt5.4__rep1.json	PILOT-2011003851	baseline	1	2.2837	28	12261	1875	20	
PILOT-2011003851__baseline__gpt5.4__rep2.json	PILOT-2011003851	baseline	2	2.0626	23	11151	1682	20	
PILOT-2011004581__A__gpt5.4__rep0.json	PILOT-2011004581	A	0	4.1107	15	3649	511	11	
PILOT-2011004581__A__gpt5.4__rep1.json	PILOT-2011004581	A	1	3.9308	15	3816	528	11	
PILOT-2011004581__A__gpt5.4__rep2.json	PILOT-2011004581	A	2	4.0128	15	3738	518	11	
PILOT-2011004581__B__gpt5.4__rep0.json	PILOT-2011004581	B	0	4.1993	15	3572	490	11	
PILOT-2011004581__B__gpt5.4__rep1.json	PILOT-2011004581	B	1	4.104	15	3655	507	11	
PILOT-2011004581__B__gpt5.4__rep2.json	PILOT-2011004581	B	2	4.1899	15	3580	492	11	
PILOT-2011004581__C__gpt5.4__rep0.json	PILOT-2011004581	C	0	3.8081	15	3939	547	11	
PILOT-2011004581__C__gpt5.4__rep1.json	PILOT-2011004581	C	1	4.0794	15	3677	513	11	
PILOT-2011004581__C__gpt5.4__rep2.json	PILOT-2011004581	C	2	4.1448	15	3619	501	11	
PILOT-2011004581__D__gpt5.4__rep0.json	PILOT-2011004581	D	0	4.2017	15	3570	494	11	
PILOT-2011004581__D__gpt5.4__rep1.json	PILOT-2011004581	D	1	3.8402	15	3906	543	11	
PILOT-2011004581__D__gpt5.4__rep2.json	PILOT-2011004581	D	2	4.1586	15	3607	497	11	
PILOT-2011004581__E__gpt5.4__rep0.json	PILOT-2011004581	E	0	3.9401	15	3807	528	11	
PILOT-2011004581__E__gpt5.4__rep1.json	PILOT-2011004581	E	1	4.1459	15	3618	502	11	
PILOT-2011004581__E__gpt5.4__rep2.json	PILOT-2011004581	E	2	4.2349	15	3542	490	11	
PILOT-2011004581__F__gpt5.4__rep0.json	PILOT-2011004581	F	0	4.2445	15	3534	490	11	
PILOT-2011004581__F__gpt5.4__rep1.json	PILOT-2011004581	F	1	4.0541	15	3700	514	11	
PILOT-2011004581__F__gpt5.4__rep2.json	PILOT-2011004581	F	2	4.0075	15	3743	517	11	
PILOT-2011004581__G__gpt5.4__rep0.json	PILOT-2011004581	G	0	4.0672	15	3688	516	11	
PILOT-2011004581__G__gpt5.4__rep1.json	PILOT-2011004581	G	1	4.3706	15	3432	472	11	
PILOT-2011004581__G__gpt5.4__rep2.json	PILOT-2011004581	G	2	3.8941	15	3852	532	11	
PILOT-2011004581__baseline__gpt5.4__rep0.json	PILOT-2011004581	baseline	0	4.0128	15	3738	518	11	
PILOT-2011004581__baseline__gpt5.4__rep1.json	PILOT-2011004581	baseline	1	3.9411	15	3806	527	11	
PILOT-2011004581__baseline__gpt5.4__rep2.json	PILOT-2011004581	baseline	2	4.1864	15	3583	496	11	
PILOT-2011007474__A__gpt5.4__rep0.json	PILOT-2011007474	A	0	7.8989	20	2532	353	14	
PILOT-2011007474__A__gpt5.4__rep1.json	PILOT-2011007474	A	1	7.2464	21	2898	410	14	
PILOT-2011007474__A__gpt5.4__rep2.json	PILOT-2011007474	A	2	8.0987	21	2593	359	14	
PILOT-2011007474__B__gpt5.4__rep0.json	PILOT-2011007474	B	0	7.4468	21	2820	396	14	
PILOT-2011007474__B__gpt5.4__rep1.json	PILOT-2011007474	B	1	7.5269	21	2790	392	14	
PILOT-2011007474__B__gpt5.4__rep2.json	PILOT-2011007474	B	2	7.1623	21	2932	406	14	
PILOT-2011007474__C__gpt5.4__rep0.json	PILOT-2011007474	C	0	7.3427	21	2860	393	14	
PILOT-2011007474__C__gpt5.4__rep1.json	PILOT-2011007474	C	1	7.2389	21	2901	398	14	
PILOT-2011007474__C__gpt5.4__rep2.json	PILOT-2011007474	C	2	8.2482	21	2546	352	14	
PILOT-2011007474__D__gpt5.4__rep0.json	PILOT-2011007474	D	0	7.0148	18	2566	354	14	
PILOT-2011007474__D__gpt5.4__rep1.json	PILOT-2011007474	D	1	7.431	21	2826	400	14	
PILOT-2011007474__D__gpt5.4__rep2.json	PILOT-2011007474	D	2	6.2794	16	2548	349	14	
PILOT-2011007474__E__gpt5.4__rep0.json	PILOT-2011007474	E	0	7.3043	21	2875	404	14	
PILOT-2011007474__E__gpt5.4__rep1.json	PILOT-2011007474	E	1	8.2288	21	2552	350	14	
PILOT-2011007474__E__gpt5.4__rep2.json	PILOT-2011007474	E	2	8.3201	21	2524	348	14	
PILOT-2011007474__F__gpt5.4__rep0.json	PILOT-2011007474	F	0	7.5	21	2800	386	14	
PILOT-2011007474__F__gpt5.4__rep1.json	PILOT-2011007474	F	1	8.2482	21	2546	352	14	
PILOT-2011007474__F__gpt5.4__rep2.json	PILOT-2011007474	F	2	7.371	21	2849	401	14	
PILOT-2011007474__G__gpt5.4__rep0.json	PILOT-2011007474	G	0	7.7922	21	2695	375	14	
PILOT-2011007474__G__gpt5.4__rep1.json	PILOT-2011007474	G	1	8.1458	21	2578	356	14	
PILOT-2011007474__G__gpt5.4__rep2.json	PILOT-2011007474	G	2	8.2418	21	2548	356	14	
PILOT-2011007474__baseline__gpt5.4__rep0.json	PILOT-2011007474	baseline	0	4.9271	24	4871	667	25	
PILOT-2011007474__baseline__gpt5.4__rep1.json	PILOT-2011007474	baseline	1	7.4653	21	2813	388	14	
PILOT-2011007474__baseline__gpt5.4__rep2.json	PILOT-2011007474	baseline	2	7.6864	20	2602	361	14	
PILOT-2011008843__A__gpt5.4__rep0.json	PILOT-2011008843	A	0	6.7308	42	6240	916	18	
PILOT-2011008843__A__gpt5.4__rep1.json	PILOT-2011008843	A	1	6.784	42	6191	912	18	
PILOT-2011008843__A__gpt5.4__rep2.json	PILOT-2011008843	A	2	4.5775	13	2840	419	7	
PILOT-2011008843__B__gpt5.4__rep0.json	PILOT-2011008843	B	0	7.4178	74	9976	1475	30	
PILOT-2011008843__B__gpt5.4__rep1.json	PILOT-2011008843	B	1	6.6217	53	8004	1188	25	
PILOT-2011008843__B__gpt5.4__rep2.json	PILOT-2011008843	B	2	3.5829	10	2791	412	6	
PILOT-2011008843__C__gpt5.4__rep0.json	PILOT-2011008843	C	0	6.7032	44	6564	963	19	
PILOT-2011008843__C__gpt5.4__rep1.json	PILOT-2011008843	C	1	6.7464	44	6522	963	19	
PILOT-2011008843__C__gpt5.4__rep2.json	PILOT-2011008843	C	2	6.9951	46	6576	977	19	
PILOT-2011008843__D__gpt5.4__rep0.json	PILOT-2011008843	D	0	6.7297	42	6241	916	19	
PILOT-2011008843__D__gpt5.4__rep1.json	PILOT-2011008843	D	1	6.8304	42	6149	908	19	
PILOT-2011008843__D__gpt5.4__rep2.json	PILOT-2011008843	D	2	6.7308	42	6240	916	19	
PILOT-2011008843__E__gpt5.4__rep0.json	PILOT-2011008843	E	0	4.8255	13	2694	399	7	
PILOT-2011008843__E__gpt5.4__rep1.json	PILOT-2011008843	E	1	6.7297	42	6241	916	19	
PILOT-2011008843__E__gpt5.4__rep2.json	PILOT-2011008843	E	2	6.9316	45	6492	962	19	
PILOT-2011008843__F__gpt5.4__rep0.json	PILOT-2011008843	F	0	7.2168	46	6374	939	18	
PILOT-2011008843__F__gpt5.4__rep1.json	PILOT-2011008843	F	1	6.1895	39	6301	927	18	
PILOT-2011008843__F__gpt5.4__rep2.json	PILOT-2011008843	F	2	6.2725	40	6377	944	18	
PILOT-2011008843__G__gpt5.4__rep0.json	PILOT-2011008843	G	0	6.1895	39	6301	927	18	
PILOT-2011008843__G__gpt5.4__rep1.json	PILOT-2011008843	G	1	6.1895	39	6301	927	18	
PILOT-2011008843__G__gpt5.4__rep2.json	PILOT-2011008843	G	2	6.7308	42	6240	916	18	
PILOT-2011008843__baseline__gpt5.4__rep0.json	PILOT-2011008843	baseline	0	5.7575	16	2779	408	7	
PILOT-2011008843__baseline__gpt5.4__rep1.json	PILOT-2011008843	baseline	1	5.7575	16	2779	408	7	
PILOT-2011008843__baseline__gpt5.4__rep2.json	PILOT-2011008843	baseline	2	6.1895	39	6301	927	18	
PILOT-2011009182__A__gpt5.4__rep0.json	PILOT-2011009182	A	0	3.6838	46	12487	2030	23	
PILOT-2011009182__A__gpt5.4__rep1.json	PILOT-2011009182	A	1	3.9172	46	11743	1905	23	
PILOT-2011009182__A__gpt5.4__rep2.json	PILOT-2011009182	A	2	3.8089	35	9189	1503	17	
PILOT-2011009182__B__gpt5.4__rep0.json	PILOT-2011009182	B	0	3.685	46	12483	2030	23	
PILOT-2011009182__B__gpt5.4__rep1.json	PILOT-2011009182	B	1	3.892	46	11819	1932	23	
PILOT-2011009182__B__gpt5.4__rep2.json	PILOT-2011009182	B	2	3.698	46	12439	2022	23	
PILOT-2011009182__C__gpt5.4__rep0.json	PILOT-2011009182	C	0	3.7345	35	9372	1533	17	
PILOT-2011009182__C__gpt5.4__rep1.json	PILOT-2011009182	C	1	3.7688	45	11940	1943	23	
PILOT-2011009182__C__gpt5.4__rep2.json	PILOT-2011009182	C	2	3.7756	35	9270	1513	17	
PILOT-2011009182__D__gpt5.4__rep0.json	PILOT-2011009182	D	0	3.7046	46	12417	2018	23	
PILOT-2011009182__D__gpt5.4__rep1.json	PILOT-2011009182	D	1	3.8468	46	11958	1942	23	
PILOT-2011009182__D__gpt5.4__rep2.json	PILOT-2011009182	D	2	3.4962	36	10297	1678	18	
PILOT-2011009182__E__gpt5.4__rep0.json	PILOT-2011009182	E	0	3.685	46	12483	2030	23	
PILOT-2011009182__E__gpt5.4__rep1.json	PILOT-2011009182	E	1	3.86	46	11917	1938	23	
PILOT-2011009182__E__gpt5.4__rep2.json	PILOT-2011009182	E	2	3.8986	46	11799	1918	23	
PILOT-2011009182__F__gpt5.4__rep0.json	PILOT-2011009182	F	0	3.7781	35	9264	1517	17	
PILOT-2011009182__F__gpt5.4__rep1.json	PILOT-2011009182	F	1	3.3863	36	10631	1733	18	
PILOT-2011009182__F__gpt5.4__rep2.json	PILOT-2011009182	F	2	3.698	46	12439	2022	23	
PILOT-2011009182__G__gpt5.4__rep0.json	PILOT-2011009182	G	0	3.7481	35	9338	1523	17	
PILOT-2011009182__G__gpt5.4__rep1.json	PILOT-2011009182	G	1	3.8216	46	12037	1958	23	
PILOT-2011009182__G__gpt5.4__rep2.json	PILOT-2011009182	G	2	3.936	46	11687	1898	23	
PILOT-2011009182__baseline__gpt5.4__rep0.json	PILOT-2011009182	baseline	0	3.6815	46	12495	2032	23	
PILOT-2011009182__baseline__gpt5.4__rep1.json	PILOT-2011009182	baseline	1	3.698	46	12439	2022	23	
PILOT-2011009182__baseline__gpt5.4__rep2.json	PILOT-2011009182	baseline	2	3.6815	46	12495	2032	23	
PILOT-2011011469__A__gpt5.4__rep0.json	PILOT-2011011469	A	0	8.898	26	2922	422	17	
PILOT-2011011469__A__gpt5.4__rep1.json	PILOT-2011011469	A	1	9.075	26	2865	414	17	
PILOT-2011011469__A__gpt5.4__rep2.json	PILOT-2011011469	A	2	8.1735	26	3181	455	17	
PILOT-2011011469__B__gpt5.4__rep0.json	PILOT-2011011469	B	0	8.8463	24	2713	397	17	
PILOT-2011011469__B__gpt5.4__rep1.json	PILOT-2011011469	B	1	8.0821	26	3217	463	17	
PILOT-2011011469__B__gpt5.4__rep2.json	PILOT-2011011469	B	2	8.5121	25	2937	428	17	
PILOT-2011011469__C__gpt5.4__rep0.json	PILOT-2011011469	C	0	8.8255	26	2946	429	17	
PILOT-2011011469__C__gpt5.4__rep1.json	PILOT-2011011469	C	1	8.8798	26	2928	425	17	
PILOT-2011011469__C__gpt5.4__rep2.json	PILOT-2011011469	C	2	8.052	26	3229	471	17	
PILOT-2011011469__D__gpt5.4__rep0.json	PILOT-2011011469	D	0	7.973	26	3261	478	17	
PILOT-2011011469__D__gpt5.4__rep1.json	PILOT-2011011469	D	1	6.9149	26	3760	534	17	
PILOT-2011011469__D__gpt5.4__rep2.json	PILOT-2011011469	D	2	8.3131	24	2887	416	17	
PILOT-2011011469__E__gpt5.4__rep0.json	PILOT-2011011469	E	0	8.4197	26	3088	448	17	
PILOT-2011011469__E__gpt5.4__rep1.json	PILOT-2011011469	E	1	8.3478	24	2875	420	17	
PILOT-2011011469__E__gpt5.4__rep2.json	PILOT-2011011469	E	2	9.0403	26	2876	416	17	
PILOT-2011011469__F__gpt5.4__rep0.json	PILOT-2011011469	F	0	7.7496	26	3355	491	17	
PILOT-2011011469__F__gpt5.4__rep1.json	PILOT-2011011469	F	1	8.5498	26	3041	441	17	
PILOT-2011011469__F__gpt5.4__rep2.json	PILOT-2011011469	F	2	8.7114	24	2755	400	17	
PILOT-2011011469__G__gpt5.4__rep0.json	PILOT-2011011469	G	0	9.0561	26	2871	411	17	
PILOT-2011011469__G__gpt5.4__rep1.json	PILOT-2011011469	G	1	9.0466	26	2874	414	17	
PILOT-2011011469__G__gpt5.4__rep2.json	PILOT-2011011469	G	2	8.1428	26	3193	462	17	
PILOT-2011011469__baseline__gpt5.4__rep0.json	PILOT-2011011469	baseline	0	9.0782	26	2864	416	17	
PILOT-2011011469__baseline__gpt5.4__rep1.json	PILOT-2011011469	baseline	1	8.342	24	2877	420	17	
PILOT-2011011469__baseline__gpt5.4__rep2.json	PILOT-2011011469	baseline	2	7.5581	26	3440	503	17	
PILOT-2011012180__A__gpt5.4__rep0.json	PILOT-2011012180	A	0	0.6732	2	2971	432	11	
PILOT-2011012180__A__gpt5.4__rep1.json	PILOT-2011012180	A	1	0.6856	2	2917	430	11	
PILOT-2011012180__A__gpt5.4__rep2.json	PILOT-2011012180	A	2	0.6684	2	2992	435	11	
PILOT-2011012180__B__gpt5.4__rep0.json	PILOT-2011012180	B	0	0.7194	2	2780	405	9	
PILOT-2011012180__B__gpt5.4__rep1.json	PILOT-2011012180	B	1	0.6852	2	2919	429	11	
PILOT-2011012180__B__gpt5.4__rep2.json	PILOT-2011012180	B	2	0.7911	4	5056	783	20	
PILOT-2011012180__C__gpt5.4__rep0.json	PILOT-2011012180	C	0	0.6918	2	2891	424	11	
PILOT-2011012180__C__gpt5.4__rep1.json	PILOT-2011012180	C	1	0.692	2	2890	421	11	
PILOT-2011012180__C__gpt5.4__rep2.json	PILOT-2011012180	C	2	0.6732	2	2971	432	11	
PILOT-2011012180__D__gpt5.4__rep0.json	PILOT-2011012180	D	0	0.6732	2	2971	432	11	
PILOT-2011012180__D__gpt5.4__rep1.json	PILOT-2011012180	D	1	0.6601	2	3030	438	11	
PILOT-2011012180__D__gpt5.4__rep2.json	PILOT-2011012180	D	2	0.6075	2	3292	474	11	
PILOT-2011012180__E__gpt5.4__rep0.json	PILOT-2011012180	E	0	0.6671	2	2998	439	11	
PILOT-2011012180__E__gpt5.4__rep1.json	PILOT-2011012180	E	1	0.664	2	3012	438	11	
PILOT-2011012180__E__gpt5.4__rep2.json	PILOT-2011012180	E	2	0.6603	2	3029	441	11	
PILOT-2011012180__F__gpt5.4__rep0.json	PILOT-2011012180	F	0	0.6732	2	2971	432	11	
PILOT-2011012180__F__gpt5.4__rep1.json	PILOT-2011012180	F	1	0.6408	2	3121	453	11	
PILOT-2011012180__F__gpt5.4__rep2.json	PILOT-2011012180	F	2	0.5804	2	3446	506	11	
PILOT-2011012180__G__gpt5.4__rep0.json	PILOT-2011012180	G	0	0.6325	2	3162	459	11	
PILOT-2011012180__G__gpt5.4__rep1.json	PILOT-2011012180	G	1	0.6775	2	2952	430	11	
PILOT-2011012180__G__gpt5.4__rep2.json	PILOT-2011012180	G	2	0.6894	2	2901	425	11	
PILOT-2011012180__baseline__gpt5.4__rep0.json	PILOT-2011012180	baseline	0	0.7539	4	5306	817	20	
PILOT-2011012180__baseline__gpt5.4__rep1.json	PILOT-2011012180	baseline	1	0.7613	4	5254	811	20	
PILOT-2011012180__baseline__gpt5.4__rep2.json	PILOT-2011012180	baseline	2	0.7831	4	5108	789	20	
PILOT-2011013110__A__gpt5.4__rep0.json	PILOT-2011013110	A	0	2.9834	27	9050	1277	17	
PILOT-2011013110__A__gpt5.4__rep1.json	PILOT-2011013110	A	1	2.4851	23	9255	1296	17	
PILOT-2011013110__A__gpt5.4__rep2.json	PILOT-2011013110	A	2	2.6763	23	8594	1206	17	
PILOT-2011013110__B__gpt5.4__rep0.json	PILOT-2011013110	B	0	2.5229	24	9513	1322	17	
PILOT-2011013110__B__gpt5.4__rep1.json	PILOT-2011013110	B	1	3.5404	31	8756	1245	17	
PILOT-2011013110__B__gpt5.4__rep2.json	PILOT-2011013110	B	2	2.095	21	10024	1395	17	
PILOT-2011013110__C__gpt5.4__rep0.json	PILOT-2011013110	C	0	2.8523	17	5960	833	11	
PILOT-2011013110__C__gpt5.4__rep1.json	PILOT-2011013110	C	1	2.4035	15	6241	862	11	
PILOT-2011013110__C__gpt5.4__rep2.json	PILOT-2011013110	C	2	3.3659	30	8913	1260	17	
PILOT-2011013110__D__gpt5.4__rep0.json	PILOT-2011013110	D	0	1.7782	11	6186	856	11	
PILOT-2011013110__D__gpt5.4__rep1.json	PILOT-2011013110	D	1	2.861	15	5243	735	11	
PILOT-2011013110__D__gpt5.4__rep2.json	PILOT-2011013110	D	2	1.5192	9	5924	821	11	
PILOT-2011013110__E__gpt5.4__rep0.json	PILOT-2011013110	E	0	2.2095	12	5431	756	11	
PILOT-2011013110__E__gpt5.4__rep1.json	PILOT-2011013110	E	1	1.5448	9	5826	805	11	
PILOT-2011013110__E__gpt5.4__rep2.json	PILOT-2011013110	E	2	2.7558	16	5806	809	11	
PILOT-2011013110__F__gpt5.4__rep0.json	PILOT-2011013110	F	0	1.5628	9	5759	790	11	
PILOT-2011013110__F__gpt5.4__rep1.json	PILOT-2011013110	F	1	2.7665	17	6145	855	11	
PILOT-2011013110__F__gpt5.4__rep2.json	PILOT-2011013110	F	2	2.9383	27	9189	1294	17	
PILOT-2011013110__G__gpt5.4__rep0.json	PILOT-2011013110	G	0	3.0431	18	5915	825	11	
PILOT-2011013110__G__gpt5.4__rep1.json	PILOT-2011013110	G	1	2.776	17	6124	856	11	
PILOT-2011013110__G__gpt5.4__rep2.json	PILOT-2011013110	G	2	2.8229	16	5668	793	11	
PILOT-2011013110__baseline__gpt5.4__rep0.json	PILOT-2011013110	baseline	0	1.5432	9	5832	806	11	
PILOT-2011013110__baseline__gpt5.4__rep1.json	PILOT-2011013110	baseline	1	2.692	15	5572	775	11	
PILOT-2011013110__baseline__gpt5.4__rep2.json	PILOT-2011013110	baseline	2	2.1179	12	5666	784	11	
PILOT-2012000327__A__gpt5.4__rep0.json	PILOT-2012000327	A	0	1.233	6	4866	651	17	
PILOT-2012000327__A__gpt5.4__rep1.json	PILOT-2012000327	A	1	1.7757	6	3379	448	17	
PILOT-2012000327__A__gpt5.4__rep2.json	PILOT-2012000327	A	2	2.0027	6	2996	395	17	
PILOT-2012000327__B__gpt5.4__rep0.json	PILOT-2012000327	B	0	1.9443	6	3086	403	17	
PILOT-2012000327__B__gpt5.4__rep1.json	PILOT-2012000327	B	1	1.8013	6	3331	439	17	
PILOT-2012000327__B__gpt5.4__rep2.json	PILOT-2012000327	B	2	1.1804	6	5083	669	17	
PILOT-2012000327__C__gpt5.4__rep0.json	PILOT-2012000327	C	0	1.2087	6	4964	662	17	
PILOT-2012000327__C__gpt5.4__rep1.json	PILOT-2012000327	C	1	1.8727	6	3204	414	17	
PILOT-2012000327__C__gpt5.4__rep2.json	PILOT-2012000327	C	2	1.2072	6	4970	663	17	
PILOT-2012000327__D__gpt5.4__rep0.json	PILOT-2012000327	D	0	1.9646	6	3054	398	17	
PILOT-2012000327__D__gpt5.4__rep1.json	PILOT-2012000327	D	1	1.7632	6	3403	451	17	
PILOT-2012000327__D__gpt5.4__rep2.json	PILOT-2012000327	D	2	1.8072	6	3320	437	17	
PILOT-2012000327__E__gpt5.4__rep0.json	PILOT-2012000327	E	0	1.8663	6	3215	418	17	
PILOT-2012000327__E__gpt5.4__rep1.json	PILOT-2012000327	E	1	1.9355	6	3100	406	17	
PILOT-2012000327__E__gpt5.4__rep2.json	PILOT-2012000327	E	2	1.8094	6	3316	437	17	
PILOT-2012000327__F__gpt5.4__rep0.json	PILOT-2012000327	F	0	1.9299	6	3109	407	17	
PILOT-2012000327__F__gpt5.4__rep1.json	PILOT-2012000327	F	1	1.1995	6	5002	666	17	
PILOT-2012000327__F__gpt5.4__rep2.json	PILOT-2012000327	F	2	1.8524	6	3239	421	17	
PILOT-2012000327__G__gpt5.4__rep0.json	PILOT-2012000327	G	0	1.1453	6	5239	700	17	
PILOT-2012000327__G__gpt5.4__rep1.json	PILOT-2012000327	G	1	1.8105	6	3314	434	17	
PILOT-2012000327__G__gpt5.4__rep2.json	PILOT-2012000327	G	2	1.804	6	3326	436	17	
PILOT-2012000327__baseline__gpt5.4__rep0.json	PILOT-2012000327	baseline	0	1.8524	6	3239	421	17	
PILOT-2012000327__baseline__gpt5.4__rep1.json	PILOT-2012000327	baseline	1	1.8524	6	3239	421	17	
PILOT-2012000327__baseline__gpt5.4__rep2.json	PILOT-2012000327	baseline	2	1.8703	6	3208	418	17	
PILOT-2012003288__A__gpt5.4__rep0.json	PILOT-2012003288	A	0	8.2389	8	971	156	4	
PILOT-2012003288__A__gpt5.4__rep1.json	PILOT-2012003288	A	1	4.7605	16	3361	519	13	
PILOT-2012003288__A__gpt5.4__rep2.json	PILOT-2012003288	A	2	6.5217	6	920	145	4	
PILOT-2012003288__B__gpt5.4__rep0.json	PILOT-2012003288	B	0	5.2411	5	954	148	4	
PILOT-2012003288__B__gpt5.4__rep1.json	PILOT-2012003288	B	1	6.5288	6	919	145	4	
PILOT-2012003288__B__gpt5.4__rep2.json	PILOT-2012003288	B	2	7.6555	8	1045	168	4	
PILOT-2012003288__C__gpt5.4__rep0.json	PILOT-2012003288	C	0	6.5217	6	920	145	4	
PILOT-2012003288__C__gpt5.4__rep1.json	PILOT-2012003288	C	1	6.4103	6	936	148	4	
PILOT-2012003288__C__gpt5.4__rep2.json	PILOT-2012003288	C	2	6.5217	6	920	145	4	
PILOT-2012003288__D__gpt5.4__rep0.json	PILOT-2012003288	D	0	4.9304	17	3448	537	13	
PILOT-2012003288__D__gpt5.4__rep1.json	PILOT-2012003288	D	1	4.8397	16	3306	513	13	
PILOT-2012003288__D__gpt5.4__rep2.json	PILOT-2012003288	D	2	5.3079	5	942	146	4	
PILOT-2012003288__E__gpt5.4__rep0.json	PILOT-2012003288	E	0	5.3419	5	936	146	4	
PILOT-2012003288__E__gpt5.4__rep1.json	PILOT-2012003288	E	1	5.1484	17	3302	510	13	
PILOT-2012003288__E__gpt5.4__rep2.json	PILOT-2012003288	E	2	4.8426	16	3304	512	13	
PILOT-2012003288__F__gpt5.4__rep0.json	PILOT-2012003288	F	0	5.1975	5	962	152	4	
PILOT-2012003288__F__gpt5.4__rep1.json	PILOT-2012003288	F	1	5.0201	5	996	155	4	
PILOT-2012003288__F__gpt5.4__rep2.json	PILOT-2012003288	F	2	5.2247	5	957	147	4	
PILOT-2012003288__G__gpt5.4__rep0.json	PILOT-2012003288	G	0	5.123	5	976	153	4	
PILOT-2012003288__G__gpt5.4__rep1.json	PILOT-2012003288	G	1	4.417	5	1132	176	4	
PILOT-2012003288__G__gpt5.4__rep2.json	PILOT-2012003288	G	2	5.4171	5	923	143	4	
PILOT-2012003288__baseline__gpt5.4__rep0.json	PILOT-2012003288	baseline	0	6.5217	6	920	145	4	
PILOT-2012003288__baseline__gpt5.4__rep1.json	PILOT-2012003288	baseline	1	5.2743	5	948	148	4	
PILOT-2012003288__baseline__gpt5.4__rep2.json	PILOT-2012003288	baseline	2	6.5217	6	920	145	4	
PILOT-2012005674__A__gpt5.4__rep0.json	PILOT-2012005674	A	0	0.0	0	2284	316	10	
PILOT-2012005674__A__gpt5.4__rep1.json	PILOT-2012005674	A	1	0.0	0	3008	418	10	
PILOT-2012005674__A__gpt5.4__rep2.json	PILOT-2012005674	A	2	0.0	0	3258	456	10	
PILOT-2012005674__B__gpt5.4__rep0.json	PILOT-2012005674	B	0	0.0	0	2273	315	7	
PILOT-2012005674__B__gpt5.4__rep1.json	PILOT-2012005674	B	1	0.0	0	2273	315	7	
PILOT-2012005674__B__gpt5.4__rep2.json	PILOT-2012005674	B	2	0.0	0	2273	315	7	
PILOT-2012005674__C__gpt5.4__rep0.json	PILOT-2012005674	C	0	0.0	0	2420	336	10	
PILOT-2012005674__C__gpt5.4__rep1.json	PILOT-2012005674	C	1	0.0	0	2440	340	10	
PILOT-2012005674__C__gpt5.4__rep2.json	PILOT-2012005674	C	2	0.0	0	2339	323	7	
PILOT-2012005674__D__gpt5.4__rep0.json	PILOT-2012005674	D	0	0.0	0	1683	232	10	
PILOT-2012005674__D__gpt5.4__rep1.json	PILOT-2012005674	D	1	0.0	0	2403	331	7	
PILOT-2012005674__D__gpt5.4__rep2.json	PILOT-2012005674	D	2	0.0	0	3001	416	10	
PILOT-2012005674__E__gpt5.4__rep0.json	PILOT-2012005674	E	0	0.0	0	1536	211	7	
PILOT-2012005674__E__gpt5.4__rep1.json	PILOT-2012005674	E	1	0.0	0	2247	310	7	
PILOT-2012005674__E__gpt5.4__rep2.json	PILOT-2012005674	E	2	0.0	0	2253	311	7	
PILOT-2012005674__F__gpt5.4__rep0.json	PILOT-2012005674	F	0	0.0	0	2440	340	10	
PILOT-2012005674__F__gpt5.4__rep1.json	PILOT-2012005674	F	1	0.0	0	2253	311	7	
PILOT-2012005674__F__gpt5.4__rep2.json	PILOT-2012005674	F	2	0.0	0	2503	344	7	
PILOT-2012005674__G__gpt5.4__rep0.json	PILOT-2012005674	G	0	0.0	0	2253	311	7	
PILOT-2012005674__G__gpt5.4__rep1.json	PILOT-2012005674	G	1	0.0	0	2261	313	7	
PILOT-2012005674__G__gpt5.4__rep2.json	PILOT-2012005674	G	2	0.0	0	2253	311	7	
PILOT-2012005674__baseline__gpt5.4__rep0.json	PILOT-2012005674	baseline	0	0.0	0	2271	315	7	
PILOT-2012005674__baseline__gpt5.4__rep1.json	PILOT-2012005674	baseline	1	0.0	0	2273	315	7	
PILOT-2012005674__baseline__gpt5.4__rep2.json	PILOT-2012005674	baseline	2	0.0	0	2253	311	7	
PILOT-2012006145__A__gpt5.4__rep0.json	PILOT-2012006145	A	0	17.7071	59	3332	475	23	
PILOT-2012006145__A__gpt5.4__rep1.json	PILOT-2012006145	A	1	12.4529	76	6103	847	42	
PILOT-2012006145__A__gpt5.4__rep2.json	PILOT-2012006145	A	2	12.4815	76	6089	845	42	
PILOT-2012006145__B__gpt5.4__rep0.json	PILOT-2012006145	B	0	12.5765	76	6043	839	42	
PILOT-2012006145__B__gpt5.4__rep1.json	PILOT-2012006145	B	1	16.5544	59	3564	500	23	
PILOT-2012006145__B__gpt5.4__rep2.json	PILOT-2012006145	B	2	17.9604	59	3285	467	23	
PILOT-2012006145__C__gpt5.4__rep0.json	PILOT-2012006145	C	0	12.4202	35	2818	396	23	
PILOT-2012006145__C__gpt5.4__rep1.json	PILOT-2012006145	C	1	18.3458	59	3216	456	23	
PILOT-2012006145__C__gpt5.4__rep2.json	PILOT-2012006145	C	2	6.8807	9	1308	175	23	
PILOT-2012006145__D__gpt5.4__rep0.json	PILOT-2012006145	D	0	17.9604	59	3285	467	23	
PILOT-2012006145__D__gpt5.4__rep1.json	PILOT-2012006145	D	1	16.7192	53	3170	451	23	
PILOT-2012006145__D__gpt5.4__rep2.json	PILOT-2012006145	D	2	16.2517	47	2892	408	23	
PILOT-2012006145__E__gpt5.4__rep0.json	PILOT-2012006145	E	0	15.8262	59	3728	526	23	
PILOT-2012006145__E__gpt5.4__rep1.json	PILOT-2012006145	E	1	17.7604	59	3322	466	23	
PILOT-2012006145__E__gpt5.4__rep2.json	PILOT-2012006145	E	2	17.955	59	3286	468	23	
PILOT-2012006145__F__gpt5.4__rep0.json	PILOT-2012006145	F	0	18.3515	59	3215	455	23	
PILOT-2012006145__F__gpt5.4__rep1.json	PILOT-2012006145	F	1	18.3515	59	3215	455	23	
PILOT-2012006145__F__gpt5.4__rep2.json	PILOT-2012006145	F	2	18.3515	59	3215	455	23	
PILOT-2012006145__G__gpt5.4__rep0.json	PILOT-2012006145	G	0	18.3515	59	3215	455	23	
PILOT-2012006145__G__gpt5.4__rep1.json	PILOT-2012006145	G	1	18.3515	59	3215	455	23	
PILOT-2012006145__G__gpt5.4__rep2.json	PILOT-2012006145	G	2	18.3515	59	3215	455	23	
PILOT-2012006145__baseline__gpt5.4__rep0.json	PILOT-2012006145	baseline	0	17.955	59	3286	468	23	
PILOT-2012006145__baseline__gpt5.4__rep1.json	PILOT-2012006145	baseline	1	16.4345	59	3590	504	23	
PILOT-2012006145__baseline__gpt5.4__rep2.json	PILOT-2012006145	baseline	2	16.4345	59	3590	504	23	
PILOT-2012007524__A__gpt5.4__rep0.json	PILOT-2012007524	A	0	2.1902	7	3196	464	7	
PILOT-2012007524__A__gpt5.4__rep1.json	PILOT-2012007524	A	1	1.5024	5	3328	489	8	
PILOT-2012007524__A__gpt5.4__rep2.json	PILOT-2012007524	A	2	1.4347	5	3485	519	8	
PILOT-2012007524__B__gpt5.4__rep0.json	PILOT-2012007524	B	0	1.213	5	4122	592	8	
PILOT-2012007524__B__gpt5.4__rep1.json	PILOT-2012007524	B	1	1.3727	6	4371	639	8	
PILOT-2012007524__B__gpt5.4__rep2.json	PILOT-2012007524	B	2	3.2435	26	8016	1183	20	
PILOT-2012007524__C__gpt5.4__rep0.json	PILOT-2012007524	C	0	1.1696	4	3420	501	7	
PILOT-2012007524__C__gpt5.4__rep1.json	PILOT-2012007524	C	1	2.0263	8	3948	567	8	
PILOT-2012007524__C__gpt5.4__rep2.json	PILOT-2012007524	C	2	1.4298	5	3497	517	8	
PILOT-2012007524__D__gpt5.4__rep0.json	PILOT-2012007524	D	0	2.1769	8	3675	541	8	
PILOT-2012007524__D__gpt5.4__rep1.json	PILOT-2012007524	D	1	1.8738	6	3202	475	7	
PILOT-2012007524__D__gpt5.4__rep2.json	PILOT-2012007524	D	2	2.0858	7	3356	490	7	
PILOT-2012007524__E__gpt5.4__rep0.json	PILOT-2012007524	E	0	1.284	5	3894	570	8	
PILOT-2012007524__E__gpt5.4__rep1.json	PILOT-2012007524	E	1	3.5139	29	8253	1233	20	
PILOT-2012007524__E__gpt5.4__rep2.json	PILOT-2012007524	E	2	1.1818	5	4231	611	8	
PILOT-2012007524__F__gpt5.4__rep0.json	PILOT-2012007524	F	0	1.9405	6	3092	453	7	
PILOT-2012007524__F__gpt5.4__rep1.json	PILOT-2012007524	F	1	1.8895	8	4234	620	8	
PILOT-2012007524__F__gpt5.4__rep2.json	PILOT-2012007524	F	2	1.4124	4	2832	419	7	
PILOT-2012007524__G__gpt5.4__rep0.json	PILOT-2012007524	G	0	2.0473	9	4396	642	8	
PILOT-2012007524__G__gpt5.4__rep1.json	PILOT-2012007524	G	1	1.3695	5	3651	536	8	
PILOT-2012007524__G__gpt5.4__rep2.json	PILOT-2012007524	G	2	2.005	8	3990	580	8	
PILOT-2012007524__baseline__gpt5.4__rep0.json	PILOT-2012007524	baseline	0	1.8998	8	4211	618	8	
PILOT-2012007524__baseline__gpt5.4__rep1.json	PILOT-2012007524	baseline	1	1.9858	7	3525	510	7	
PILOT-2012007524__baseline__gpt5.4__rep2.json	PILOT-2012007524	baseline	2	1.1658	4	3431	499	7	
PILOT-2012008496__A__gpt5.4__rep0.json	PILOT-2012008496	A	0	2.7808	28	10069	1612	35	
PILOT-2012008496__A__gpt5.4__rep1.json	PILOT-2012008496	A	1	4.0414	25	6186	975	30	
PILOT-2012008496__A__gpt5.4__rep2.json	PILOT-2012008496	A	2	2.1374	14	6550	1035	30	
PILOT-2012008496__B__gpt5.4__rep0.json	PILOT-2012008496	B	0	4.166	27	6481	1029	30	
PILOT-2012008496__B__gpt5.4__rep1.json	PILOT-2012008496	B	1	4.178	20	4787	770	18	
PILOT-2012008496__B__gpt5.4__rep2.json	PILOT-2012008496	B	2	3.9847	25	6274	991	30	
PILOT-2012008496__C__gpt5.4__rep0.json	PILOT-2012008496	C	0	1.9461	20	10277	1642	35	
PILOT-2012008496__C__gpt5.4__rep1.json	PILOT-2012008496	C	1	1.6775	16	9538	1517	35	
PILOT-2012008496__C__gpt5.4__rep2.json	PILOT-2012008496	C	2	3.663	24	6552	1032	30	
PILOT-2012008496__D__gpt5.4__rep0.json	PILOT-2012008496	D	0	2.5883	25	9659	1534	35	
PILOT-2012008496__D__gpt5.4__rep1.json	PILOT-2012008496	D	1	3.0581	32	10464	1673	35	
PILOT-2012008496__D__gpt5.4__rep2.json	PILOT-2012008496	D	2	2.8941	28	9675	1539	35	
PILOT-2012008496__E__gpt5.4__rep0.json	PILOT-2012008496	E	0	3.0572	32	10467	1675	35	
PILOT-2012008496__E__gpt5.4__rep1.json	PILOT-2012008496	E	1	1.9286	20	10370	1655	35	
PILOT-2012008496__E__gpt5.4__rep2.json	PILOT-2012008496	E	2	1.6771	16	9540	1519	35	
PILOT-2012008496__F__gpt5.4__rep0.json	PILOT-2012008496	F	0	2.6789	28	10452	1670	35	
PILOT-2012008496__F__gpt5.4__rep1.json	PILOT-2012008496	F	1	1.6775	16	9538	1517	35	
PILOT-2012008496__F__gpt5.4__rep2.json	PILOT-2012008496	F	2	1.9461	20	10277	1640	35	
PILOT-2012008496__G__gpt5.4__rep0.json	PILOT-2012008496	G	0	1.9819	19	9587	1524	35	
PILOT-2012008496__G__gpt5.4__rep1.json	PILOT-2012008496	G	1	2.7182	27	9933	1567	35	
PILOT-2012008496__G__gpt5.4__rep2.json	PILOT-2012008496	G	2	1.637	16	9774	1552	35	
PILOT-2012008496__baseline__gpt5.4__rep0.json	PILOT-2012008496	baseline	0	2.225	23	10337	1651	35	
PILOT-2012008496__baseline__gpt5.4__rep1.json	PILOT-2012008496	baseline	1	2.007	19	9467	1507	35	
PILOT-2012008496__baseline__gpt5.4__rep2.json	PILOT-2012008496	baseline	2	1.6773	16	9539	1517	35	
PILOT-2012010015__A__gpt5.4__rep0.json	PILOT-2012010015	A	0	3.919	12	3062	418	16	
PILOT-2012010015__A__gpt5.4__rep1.json	PILOT-2012010015	A	1	3.8536	12	3114	424	16	
PILOT-2012010015__A__gpt5.4__rep2.json	PILOT-2012010015	A	2	3.9177	12	3063	418	16	
PILOT-2012010015__B__gpt5.4__rep0.json	PILOT-2012010015	B	0	3.8339	12	3130	426	16	
PILOT-2012010015__B__gpt5.4__rep1.json	PILOT-2012010015	B	1	4.1009	13	3170	434	16	
PILOT-2012010015__B__gpt5.4__rep2.json	PILOT-2012010015	B	2	3.8425	12	3123	423	16	
PILOT-2012010015__C__gpt5.4__rep0.json	PILOT-2012010015	C	0	3.8536	12	3114	424	16	
PILOT-2012010015__C__gpt5.4__rep1.json	PILOT-2012010015	C	1	3.919	12	3062	418	16	
PILOT-2012010015__C__gpt5.4__rep2.json	PILOT-2012010015	C	2	3.9241	12	3058	417	16	
PILOT-2012010015__D__gpt5.4__rep0.json	PILOT-2012010015	D	0	3.919	12	3062	417	16	
PILOT-2012010015__D__gpt5.4__rep1.json	PILOT-2012010015	D	1	3.9241	12	3058	417	16	
PILOT-2012010015__D__gpt5.4__rep2.json	PILOT-2012010015	D	2	3.881	12	3092	422	16	
PILOT-2012010015__E__gpt5.4__rep0.json	PILOT-2012010015	E	0	3.919	12	3062	418	16	
PILOT-2012010015__E__gpt5.4__rep1.json	PILOT-2012010015	E	1	3.8326	12	3131	426	16	
PILOT-2012010015__E__gpt5.4__rep2.json	PILOT-2012010015	E	2	3.8548	12	3113	424	16	
PILOT-2012010015__F__gpt5.4__rep0.json	PILOT-2012010015	F	0	4.156	13	3128	429	16	
PILOT-2012010015__F__gpt5.4__rep1.json	PILOT-2012010015	F	1	3.9617	12	3029	414	16	
PILOT-2012010015__F__gpt5.4__rep2.json	PILOT-2012010015	F	2	3.8747	12	3097	421	16	
PILOT-2012010015__G__gpt5.4__rep0.json	PILOT-2012010015	G	0	3.9306	12	3053	416	16	
PILOT-2012010015__G__gpt5.4__rep1.json	PILOT-2012010015	G	1	3.8486	12	3118	424	16	
PILOT-2012010015__G__gpt5.4__rep2.json	PILOT-2012010015	G	2	3.8536	12	3114	424	16	
PILOT-2012010015__baseline__gpt5.4__rep0.json	PILOT-2012010015	baseline	0	3.919	12	3062	418	16	
PILOT-2012010015__baseline__gpt5.4__rep1.json	PILOT-2012010015	baseline	1	3.9306	12	3053	417	16	
PILOT-2012010015__baseline__gpt5.4__rep2.json	PILOT-2012010015	baseline	2	3.9435	12	3043	416	16	
PILOT-2013000789__A__gpt5.4__rep0.json	PILOT-2013000789	A	0	2.5274	6	2374	342	18	
PILOT-2013000789__A__gpt5.4__rep1.json	PILOT-2013000789	A	1	2.6167	6	2293	331	18	
PILOT-2013000789__A__gpt5.4__rep2.json	PILOT-2013000789	A	2	1.227	3	2445	352	18	
PILOT-2013000789__B__gpt5.4__rep0.json	PILOT-2013000789	B	0	0.0	0	1710	246	14	
PILOT-2013000789__B__gpt5.4__rep1.json	PILOT-2013000789	B	1	1.7762	3	1689	237	12	
PILOT-2013000789__B__gpt5.4__rep2.json	PILOT-2013000789	B	2	2.3659	6	2536	366	18	
PILOT-2013000789__C__gpt5.4__rep0.json	PILOT-2013000789	C	0	2.1653	6	2771	404	18	
PILOT-2013000789__C__gpt5.4__rep1.json	PILOT-2013000789	C	1	1.2275	3	2444	354	18	
PILOT-2013000789__C__gpt5.4__rep2.json	PILOT-2013000789	C	2	2.2877	9	3934	583	27	
PILOT-2013000789__D__gpt5.4__rep0.json	PILOT-2013000789	D	0	2.2936	6	2616	378	18	
PILOT-2013000789__D__gpt5.4__rep1.json	PILOT-2013000789	D	1	2.2556	6	2660	386	18	
PILOT-2013000789__D__gpt5.4__rep2.json	PILOT-2013000789	D	2	2.2157	6	2708	394	18	
PILOT-2013000789__E__gpt5.4__rep0.json	PILOT-2013000789	E	0	0.0	0	1718	247	14	
PILOT-2013000789__E__gpt5.4__rep1.json	PILOT-2013000789	E	1	2.5773	6	2328	337	18	
PILOT-2013000789__E__gpt5.4__rep2.json	PILOT-2013000789	E	2	1.6783	6	3575	523	27	
PILOT-2013000789__F__gpt5.4__rep0.json	PILOT-2013000789	F	0	2.4223	6	2477	355	18	
PILOT-2013000789__F__gpt5.4__rep1.json	PILOT-2013000789	F	1	1.171	3	2562	374	18	
PILOT-2013000789__F__gpt5.4__rep2.json	PILOT-2013000789	F	2	1.1637	3	2578	374	18	
PILOT-2013000789__G__gpt5.4__rep0.json	PILOT-2013000789	G	0	1.5075	3	1990	287	14	
PILOT-2013000789__G__gpt5.4__rep1.json	PILOT-2013000789	G	1	2.3047	9	3905	568	27	
PILOT-2013000789__G__gpt5.4__rep2.json	PILOT-2013000789	G	2	2.4129	9	3730	550	27	
PILOT-2013000789__baseline__gpt5.4__rep0.json	PILOT-2013000789	baseline	0	2.2971	6	2612	382	18	
PILOT-2013000789__baseline__gpt5.4__rep1.json	PILOT-2013000789	baseline	1	1.3198	3	2273	329	18	
PILOT-2013000789__baseline__gpt5.4__rep2.json	PILOT-2013000789	baseline	2	1.4948	3	2007	292	14	
PILOT-2013001277__A__gpt5.4__rep0.json	PILOT-2013001277	A	0	0.0	0	2823	402	14	
PILOT-2013001277__A__gpt5.4__rep1.json	PILOT-2013001277	A	1	0.0	0	3039	435	14	
PILOT-2013001277__A__gpt5.4__rep2.json	PILOT-2013001277	A	2	0.0	0	2636	373	14	
PILOT-2013001277__B__gpt5.4__rep0.json	PILOT-2013001277	B	0	0.0	0	2568	368	14	
PILOT-2013001277__B__gpt5.4__rep1.json	PILOT-2013001277	B	1	0.0	0	2894	412	14	
PILOT-2013001277__B__gpt5.4__rep2.json	PILOT-2013001277	B	2	0.0	0	2652	379	14	
PILOT-2013001277__C__gpt5.4__rep0.json	PILOT-2013001277	C	0	0.0	0	2892	416	14	
PILOT-2013001277__C__gpt5.4__rep1.json	PILOT-2013001277	C	1	0.0	0	2703	385	14	
PILOT-2013001277__C__gpt5.4__rep2.json	PILOT-2013001277	C	2	0.0	0	3320	474	14	
PILOT-2013001277__D__gpt5.4__rep0.json	PILOT-2013001277	D	0	0.0	0	2666	380	14	
PILOT-2013001277__D__gpt5.4__rep1.json	PILOT-2013001277	D	1	0.0	0	2571	366	14	
PILOT-2013001277__D__gpt5.4__rep2.json	PILOT-2013001277	D	2	0.0	0	2782	397	14	
PILOT-2013001277__E__gpt5.4__rep0.json	PILOT-2013001277	E	0	0.0	0	2727	389	14	
PILOT-2013001277__E__gpt5.4__rep1.json	PILOT-2013001277	E	1	0.0	0	2716	390	14	
PILOT-2013001277__E__gpt5.4__rep2.json	PILOT-2013001277	E	2	0.0	0	2588	369	14	
PILOT-2013001277__F__gpt5.4__rep0.json	PILOT-2013001277	F	0	0.0	0	2344	332	14	
PILOT-2013001277__F__gpt5.4__rep1.json	PILOT-2013001277	F	1	0.0	0	2746	391	14	
PILOT-2013001277__F__gpt5.4__rep2.json	PILOT-2013001277	F	2	0.0	0	2723	389	14	
PILOT-2013001277__G__gpt5.4__rep0.json	PILOT-2013001277	G	0	0.0	0	2204	313	14	
PILOT-2013001277__G__gpt5.4__rep1.json	PILOT-2013001277	G	1	0.0	0	2450	347	14	
PILOT-2013001277__G__gpt5.4__rep2.json	PILOT-2013001277	G	2	0.0	0	2878	410	14	
PILOT-2013001277__baseline__gpt5.4__rep0.json	PILOT-2013001277	baseline	0	0.0	0	2654	382	14	
PILOT-2013001277__baseline__gpt5.4__rep1.json	PILOT-2013001277	baseline	1	0.0	0	2350	333	14	
PILOT-2013001277__baseline__gpt5.4__rep2.json	PILOT-2013001277	baseline	2	0.0	0	2932	420	14	
PILOT-2013007708__A__gpt5.4__rep0.json	PILOT-2013007708	A	0	11.2444	45	4002	636	28	
PILOT-2013007708__A__gpt5.4__rep1.json	PILOT-2013007708	A	1	11.8859	45	3786	598	28	
PILOT-2013007708__A__gpt5.4__rep2.json	PILOT-2013007708	A	2	9.7297	45	4625	706	28	
PILOT-2013007708__B__gpt5.4__rep0.json	PILOT-2013007708	B	0	11.586	45	3884	613	28	
PILOT-2013007708__B__gpt5.4__rep1.json	PILOT-2013007708	B	1	11.3636	45	3960	627	28	
PILOT-2013007708__B__gpt5.4__rep2.json	PILOT-2013007708	B	2	9.9206	45	4536	730	28	
PILOT-2013007708__C__gpt5.4__rep0.json	PILOT-2013007708	C	0	11.5325	45	3902	619	28	
PILOT-2013007708__C__gpt5.4__rep1.json	PILOT-2013007708	C	1	11.5325	45	3902	619	28	
PILOT-2013007708__C__gpt5.4__rep2.json	PILOT-2013007708	C	2	11.3208	45	3975	625	28	
PILOT-2013007708__D__gpt5.4__rep0.json	PILOT-2013007708	D	0	10.9303	45	4117	644	28	
PILOT-2013007708__D__gpt5.4__rep1.json	PILOT-2013007708	D	1	10.2319	45	4398	684	28	
PILOT-2013007708__D__gpt5.4__rep2.json	PILOT-2013007708	D	2	11.3065	45	3980	629	28	
PILOT-2013007708__E__gpt5.4__rep0.json	PILOT-2013007708	E	0	10.9276	45	4118	644	28	
PILOT-2013007708__E__gpt5.4__rep1.json	PILOT-2013007708	E	1	11.864	45	3793	600	28	
PILOT-2013007708__E__gpt5.4__rep2.json	PILOT-2013007708	E	2	11.3122	45	3978	629	28	
PILOT-2013007708__F__gpt5.4__rep0.json	PILOT-2013007708	F	0	11.3579	45	3962	620	28	
PILOT-2013007708__F__gpt5.4__rep1.json	PILOT-2013007708	F	1	10.9276	45	4118	644	28	
PILOT-2013007708__F__gpt5.4__rep2.json	PILOT-2013007708	F	2	11.2303	45	4007	629	28	
PILOT-2013007708__G__gpt5.4__rep0.json	PILOT-2013007708	G	0	11.2275	45	4008	629	28	
PILOT-2013007708__G__gpt5.4__rep1.json	PILOT-2013007708	G	1	11.2388	45	4004	628	28	
PILOT-2013007708__G__gpt5.4__rep2.json	PILOT-2013007708	G	2	11.3579	45	3962	620	28	
PILOT-2013007708__baseline__gpt5.4__rep0.json	PILOT-2013007708	baseline	0	9.8945	45	4548	698	28	
PILOT-2013007708__baseline__gpt5.4__rep1.json	PILOT-2013007708	baseline	1	11.3694	45	3958	628	28	
PILOT-2013007708__baseline__gpt5.4__rep2.json	PILOT-2013007708	baseline	2	11.7188	45	3840	610	28	
PILOT-2014002407__A__gpt5.4__rep0.json	PILOT-2014002407	A	0	1.1541	4	3466	520	8	
PILOT-2014002407__A__gpt5.4__rep1.json	PILOT-2014002407	A	1	1.188	4	3367	503	8	
PILOT-2014002407__A__gpt5.4__rep2.json	PILOT-2014002407	A	2	1.016	4	3937	586	8	
PILOT-2014002407__B__gpt5.4__rep0.json	PILOT-2014002407	B	0	1.0753	4	3720	551	8	
PILOT-2014002407__B__gpt5.4__rep1.json	PILOT-2014002407	B	1	1.0753	4	3720	551	8	
PILOT-2014002407__B__gpt5.4__rep2.json	PILOT-2014002407	B	2	1.0417	4	3840	567	8	
PILOT-2014002407__C__gpt5.4__rep0.json	PILOT-2014002407	C	0	1.039	4	3850	573	8	
PILOT-2014002407__C__gpt5.4__rep1.json	PILOT-2014002407	C	1	1.0411	4	3842	569	8	
PILOT-2014002407__C__gpt5.4__rep2.json	PILOT-2014002407	C	2	1.0411	4	3842	569	8	
PILOT-2014002407__D__gpt5.4__rep0.json	PILOT-2014002407	D	0	1.0441	4	3831	563	8	
PILOT-2014002407__D__gpt5.4__rep1.json	PILOT-2014002407	D	1	1.0616	4	3768	563	8	
PILOT-2014002407__D__gpt5.4__rep2.json	PILOT-2014002407	D	2	1.0633	4	3762	563	8	
PILOT-2014002407__E__gpt5.4__rep0.json	PILOT-2014002407	E	0	0.9124	4	4384	653	8	
PILOT-2014002407__E__gpt5.4__rep1.json	PILOT-2014002407	E	1	1.0417	4	3840	567	8	
PILOT-2014002407__E__gpt5.4__rep2.json	PILOT-2014002407	E	2	1.0411	4	3842	569	8	
PILOT-2014002407__F__gpt5.4__rep0.json	PILOT-2014002407	F	0	0.9685	4	4130	615	8	
PILOT-2014002407__F__gpt5.4__rep1.json	PILOT-2014002407	F	1	1.0417	4	3840	567	8	
PILOT-2014002407__F__gpt5.4__rep2.json	PILOT-2014002407	F	2	2.064	8	3876	579	8	
PILOT-2014002407__G__gpt5.4__rep0.json	PILOT-2014002407	G	0	0.9385	4	4262	633	8	
PILOT-2014002407__G__gpt5.4__rep1.json	PILOT-2014002407	G	1	1.0616	4	3768	561	8	
PILOT-2014002407__G__gpt5.4__rep2.json	PILOT-2014002407	G	2	0.8711	4	4592	688	8	
PILOT-2014002407__baseline__gpt5.4__rep0.json	PILOT-2014002407	baseline	0	1.0411	4	3842	569	8	
PILOT-2014002407__baseline__gpt5.4__rep1.json	PILOT-2014002407	baseline	1	0.9657	4	4142	609	8	
PILOT-2014002407__baseline__gpt5.4__rep2.json	PILOT-2014002407	baseline	2	1.039	4	3850	573	8	
PILOT-2014002745__A__gpt5.4__rep0.json	PILOT-2014002745	A	0	0.0	0	4794	593	27	
PILOT-2014002745__A__gpt5.4__rep1.json	PILOT-2014002745	A	1	0.0	0	4008	487	27	
PILOT-2014002745__A__gpt5.4__rep2.json	PILOT-2014002745	A	2	0.0	0	4811	596	27	
PILOT-2014002745__B__gpt5.4__rep0.json	PILOT-2014002745	B	0	0.0	0	5047	633	27	
PILOT-2014002745__B__gpt5.4__rep1.json	PILOT-2014002745	B	1	0.0	0	4801	594	27	
PILOT-2014002745__B__gpt5.4__rep2.json	PILOT-2014002745	B	2	4.0761	21	5152	641	27	
PILOT-2014002745__C__gpt5.4__rep0.json	PILOT-2014002745	C	0	0.0	0	4429	541	27	
PILOT-2014002745__C__gpt5.4__rep1.json	PILOT-2014002745	C	1	0.0	0	4135	515	27	
PILOT-2014002745__C__gpt5.4__rep2.json	PILOT-2014002745	C	2	0.7965	4	5022	628	27	
PILOT-2014002745__D__gpt5.4__rep0.json	PILOT-2014002745	D	0	0.0	0	4395	536	27	
PILOT-2014002745__D__gpt5.4__rep1.json	PILOT-2014002745	D	1	1.4219	7	4923	607	27	
PILOT-2014002745__D__gpt5.4__rep2.json	PILOT-2014002745	D	2	0.0	0	4795	573	27	
PILOT-2014002745__E__gpt5.4__rep0.json	PILOT-2014002745	E	0	0.8043	4	4973	614	27	
PILOT-2014002745__E__gpt5.4__rep1.json	PILOT-2014002745	E	1	0.8078	4	4952	624	27	
PILOT-2014002745__E__gpt5.4__rep2.json	PILOT-2014002745	E	2	0.8079	4	4951	624	27	
PILOT-2014002745__F__gpt5.4__rep0.json	PILOT-2014002745	F	0	0.7492	4	5339	649	27	
PILOT-2014002745__F__gpt5.4__rep1.json	PILOT-2014002745	F	1	0.7177	4	5573	688	27	
PILOT-2014002745__F__gpt5.4__rep2.json	PILOT-2014002745	F	2	0.0	0	4535	554	27	
PILOT-2014002745__G__gpt5.4__rep0.json	PILOT-2014002745	G	0	1.4179	7	4937	604	27	
PILOT-2014002745__G__gpt5.4__rep1.json	PILOT-2014002745	G	1	0.0	0	4402	537	27	
PILOT-2014002745__G__gpt5.4__rep2.json	PILOT-2014002745	G	2	0.0	0	4405	540	27	
PILOT-2014002745__baseline__gpt5.4__rep0.json	PILOT-2014002745	baseline	0	0.8109	4	4933	597	27	
PILOT-2014002745__baseline__gpt5.4__rep1.json	PILOT-2014002745	baseline	1	0.0	0	4422	539	27	
PILOT-2014002745__baseline__gpt5.4__rep2.json	PILOT-2014002745	baseline	2	0.0	0	5182	639	27	
PILOT-2014003236__A__gpt5.4__rep0.json	PILOT-2014003236	A	0	13.5747	3	221	33	5	
PILOT-2014003236__A__gpt5.4__rep1.json	PILOT-2014003236	A	1	7.9787	3	376	56	5	
PILOT-2014003236__A__gpt5.4__rep2.json	PILOT-2014003236	A	2	13.2159	6	454	68	5	
PILOT-2014003236__B__gpt5.4__rep0.json	PILOT-2014003236	B	0	8.427	6	712	107	5	
PILOT-2014003236__B__gpt5.4__rep1.json	PILOT-2014003236	B	1	12.959	6	463	70	5	
PILOT-2014003236__B__gpt5.4__rep2.json	PILOT-2014003236	B	2	13.5747	6	442	66	5	
PILOT-2014003236__C__gpt5.4__rep0.json	PILOT-2014003236	C	0	8.596	6	698	106	5	
PILOT-2014003236__C__gpt5.4__rep1.json	PILOT-2014003236	C	1	13.6674	6	439	66	5	
PILOT-2014003236__C__gpt5.4__rep2.json	PILOT-2014003236	C	2	13.8568	6	433	65	5	
PILOT-2014003236__D__gpt5.4__rep0.json	PILOT-2014003236	D	0	9.2166	6	651	98	5	
PILOT-2014003236__D__gpt5.4__rep1.json	PILOT-2014003236	D	1	11.9284	6	503	76	5	
PILOT-2014003236__D__gpt5.4__rep2.json	PILOT-2014003236	D	2	9.2166	6	651	98	5	
PILOT-2014003236__E__gpt5.4__rep0.json	PILOT-2014003236	E	0	14.5278	6	413	62	5	
PILOT-2014003236__E__gpt5.4__rep1.json	PILOT-2014003236	E	1	14.5278	6	413	62	5	
PILOT-2014003236__E__gpt5.4__rep2.json	PILOT-2014003236	E	2	9.8684	3	304	45	5	
PILOT-2014003236__F__gpt5.4__rep0.json	PILOT-2014003236	F	0	9.2166	6	651	98	5	
PILOT-2014003236__F__gpt5.4__rep1.json	PILOT-2014003236	F	1	9.1463	6	656	98	5	
PILOT-2014003236__F__gpt5.4__rep2.json	PILOT-2014003236	F	2	14.6341	6	410	62	5	
PILOT-2014003236__G__gpt5.4__rep0.json	PILOT-2014003236	G	0	9.2166	6	651	98	5	
PILOT-2014003236__G__gpt5.4__rep1.json	PILOT-2014003236	G	1	12.2699	6	489	73	5	
PILOT-2014003236__G__gpt5.4__rep2.json	PILOT-2014003236	G	2	6.8182	3	440	66	5	
PILOT-2014003236__baseline__gpt5.4__rep0.json	PILOT-2014003236	baseline	0	13.5135	3	222	33	5	
PILOT-2014003236__baseline__gpt5.4__rep1.json	PILOT-2014003236	baseline	1	13.2159	6	454	68	5	
PILOT-2014003236__baseline__gpt5.4__rep2.json	PILOT-2014003236	baseline	2	13.5747	3	221	33	5	
PILOT-2014003587__A__gpt5.4__rep0.json	PILOT-2014003587	A	0	3.0251	14	4628	736	20	
PILOT-2014003587__A__gpt5.4__rep1.json	PILOT-2014003587	A	1	2.8239	16	5666	919	20	
PILOT-2014003587__A__gpt5.4__rep2.json	PILOT-2014003587	A	2	2.7022	16	5921	960	20	
PILOT-2014003587__B__gpt5.4__rep0.json	PILOT-2014003587	B	0	3.1759	16	5038	812	20	
PILOT-2014003587__B__gpt5.4__rep1.json	PILOT-2014003587	B	1	2.0429	6	2937	464	20	
PILOT-2014003587__B__gpt5.4__rep2.json	PILOT-2014003587	B	2	2.6271	14	5329	849	20	
PILOT-2014003587__C__gpt5.4__rep0.json	PILOT-2014003587	C	0	1.9557	6	3068	478	20	
PILOT-2014003587__C__gpt5.4__rep1.json	PILOT-2014003587	C	1	2.8679	13	4533	723	20	
PILOT-2014003587__C__gpt5.4__rep2.json	PILOT-2014003587	C	2	2.8139	13	4620	732	20	
PILOT-2014003587__D__gpt5.4__rep0.json	PILOT-2014003587	D	0	2.8975	16	5522	876	20	
PILOT-2014003587__D__gpt5.4__rep1.json	PILOT-2014003587	D	1	2.9017	16	5514	877	20	
PILOT-2014003587__D__gpt5.4__rep2.json	PILOT-2014003587	D	2	3.133	16	5107	811	20	
PILOT-2014003587__E__gpt5.4__rep0.json	PILOT-2014003587	E	0	3.1287	16	5114	823	20	
PILOT-2014003587__E__gpt5.4__rep1.json	PILOT-2014003587	E	1	1.6556	5	3020	476	20	
PILOT-2014003587__E__gpt5.4__rep2.json	PILOT-2014003587	E	2	3.3257	16	4811	767	20	
PILOT-2014003587__F__gpt5.4__rep0.json	PILOT-2014003587	F	0	1.7943	6	3344	528	20	
PILOT-2014003587__F__gpt5.4__rep1.json	PILOT-2014003587	F	1	2.7333	14	5122	809	20	
PILOT-2014003587__F__gpt5.4__rep2.json	PILOT-2014003587	F	2	1.7964	6	3340	527	20	
PILOT-2014003587__G__gpt5.4__rep0.json	PILOT-2014003587	G	0	2.9901	16	5351	865	20	
PILOT-2014003587__G__gpt5.4__rep1.json	PILOT-2014003587	G	1	3.258	16	4911	783	20	
PILOT-2014003587__G__gpt5.4__rep2.json	PILOT-2014003587	G	2	2.5	10	4000	636	20	
PILOT-2014003587__baseline__gpt5.4__rep0.json	PILOT-2014003587	baseline	0	1.8838	6	3185	501	20	
PILOT-2014003587__baseline__gpt5.4__rep1.json	PILOT-2014003587	baseline	1	2.0481	8	3906	624	20	
PILOT-2014003587__baseline__gpt5.4__rep2.json	PILOT-2014003587	baseline	2	3.122	16	5125	828	20	
PILOT-2014006550__A__gpt5.4__rep0.json	PILOT-2014006550	A	0	10.9671	77	7021	1066	20	
PILOT-2014006550__A__gpt5.4__rep1.json	PILOT-2014006550	A	1	11.3604	81	7130	1086	20	
PILOT-2014006550__A__gpt5.4__rep2.json	PILOT-2014006550	A	2	10.8988	77	7065	1067	20	
PILOT-2014006550__B__gpt5.4__rep0.json	PILOT-2014006550	B	0	10.5639	77	7289	1100	20	
PILOT-2014006550__B__gpt5.4__rep1.json	PILOT-2014006550	B	1	10.6722	77	7215	1086	20	
PILOT-2014006550__B__gpt5.4__rep2.json	PILOT-2014006550	B	2	10.7377	77	7171	1080	20	
PILOT-2014006550__C__gpt5.4__rep0.json	PILOT-2014006550	C	0	10.7322	79	7361	1109	20	
PILOT-2014006550__C__gpt5.4__rep1.json	PILOT-2014006550	C	1	10.9969	77	7002	1068	20	
PILOT-2014006550__C__gpt5.4__rep2.json	PILOT-2014006550	C	2	11.2719	81	7186	1091	20	
PILOT-2014006550__D__gpt5.4__rep0.json	PILOT-2014006550	D	0	10.8435	77	7101	1076	20	
PILOT-2014006550__D__gpt5.4__rep1.json	PILOT-2014006550	D	1	11.5026	79	6868	1044	20	
PILOT-2014006550__D__gpt5.4__rep2.json	PILOT-2014006550	D	2	10.3066	78	7568	1147	20	
PILOT-2014006550__E__gpt5.4__rep0.json	PILOT-2014006550	E	0	10.8237	77	7114	1081	20	
PILOT-2014006550__E__gpt5.4__rep1.json	PILOT-2014006550	E	1	10.4876	77	7342	1106	20	
PILOT-2014006550__E__gpt5.4__rep2.json	PILOT-2014006550	E	2	10.7332	77	7174	1079	20	
PILOT-2014006550__F__gpt5.4__rep0.json	PILOT-2014006550	F	0	10.7078	77	7191	1091	20	
PILOT-2014006550__F__gpt5.4__rep1.json	PILOT-2014006550	F	1	10.6187	75	7063	1070	20	
PILOT-2014006550__F__gpt5.4__rep2.json	PILOT-2014006550	F	2	10.6398	77	7237	1096	20	
PILOT-2014006550__G__gpt5.4__rep0.json	PILOT-2014006550	G	0	10.7452	77	7166	1086	20	
PILOT-2014006550__G__gpt5.4__rep1.json	PILOT-2014006550	G	1	10.5962	75	7078	1069	20	
PILOT-2014006550__G__gpt5.4__rep2.json	PILOT-2014006550	G	2	9.8227	77	7839	1176	20	
PILOT-2014006550__baseline__gpt5.4__rep0.json	PILOT-2014006550	baseline	0	12.4303	87	6999	1061	20	
PILOT-2014006550__baseline__gpt5.4__rep1.json	PILOT-2014006550	baseline	1	11.1065	81	7293	1101	20	
PILOT-2014006550__baseline__gpt5.4__rep2.json	PILOT-2014006550	baseline	2	10.8881	83	7623	1162	20	
PILOT-2014007043__A__gpt5.4__rep0.json	PILOT-2014007043	A	0	5.4289	10	1842	237	6	
PILOT-2014007043__A__gpt5.4__rep1.json	PILOT-2014007043	A	1	3.736	15	4015	548	20	
PILOT-2014007043__A__gpt5.4__rep2.json	PILOT-2014007043	A	2	4.9774	11	2210	288	6	
PILOT-2014007043__B__gpt5.4__rep0.json	PILOT-2014007043	B	0	3.2649	14	4288	595	20	
PILOT-2014007043__B__gpt5.4__rep1.json	PILOT-2014007043	B	1	0.6075	1	1646	227	6	
PILOT-2014007043__B__gpt5.4__rep2.json	PILOT-2014007043	B	2	3.8986	8	2052	274	6	
PILOT-2014007043__C__gpt5.4__rep0.json	PILOT-2014007043	C	0	3.0603	13	4248	589	20	
PILOT-2014007043__C__gpt5.4__rep1.json	PILOT-2014007043	C	1	4.0341	18	4462	611	20	
PILOT-2014007043__C__gpt5.4__rep2.json	PILOT-2014007043	C	2	2.7894	6	2151	285	8	
PILOT-2014007043__D__gpt5.4__rep0.json	PILOT-2014007043	D	0	3.1048	13	4187	578	20	
PILOT-2014007043__D__gpt5.4__rep1.json	PILOT-2014007043	D	1	3.0784	13	4223	583	20	
PILOT-2014007043__D__gpt5.4__rep2.json	PILOT-2014007043	D	2	4.3403	10	2304	302	6	
PILOT-2014007043__E__gpt5.4__rep0.json	PILOT-2014007043	E	0	2.5381	5	1970	261	6	
PILOT-2014007043__E__gpt5.4__rep1.json	PILOT-2014007043	E	1	4.2827	10	2335	306	6	
PILOT-2014007043__E__gpt5.4__rep2.json	PILOT-2014007043	E	2	3.6101	8	2216	292	6	
PILOT-2014007043__F__gpt5.4__rep0.json	PILOT-2014007043	F	0	2.9955	6	2003	264	6	
PILOT-2014007043__F__gpt5.4__rep1.json	PILOT-2014007043	F	1	4.5851	10	2181	287	6	
PILOT-2014007043__F__gpt5.4__rep2.json	PILOT-2014007043	F	2	3.1026	13	4190	580	20	
PILOT-2014007043__G__gpt5.4__rep0.json	PILOT-2014007043	G	0	3.0114	13	4317	595	20	
PILOT-2014007043__G__gpt5.4__rep1.json	PILOT-2014007043	G	1	4.7889	11	2297	300	6	
PILOT-2014007043__G__gpt5.4__rep2.json	PILOT-2014007043	G	2	3.6563	8	2188	289	6	
PILOT-2014007043__baseline__gpt5.4__rep0.json	PILOT-2014007043	baseline	0	3.4941	15	4293	592	20	
PILOT-2014007043__baseline__gpt5.4__rep1.json	PILOT-2014007043	baseline	1	3.1288	13	4155	573	20	
PILOT-2014007043__baseline__gpt5.4__rep2.json	PILOT-2014007043	baseline	2	4.4924	10	2226	294	6	
PILOT-2014008375__A__gpt5.4__rep0.json	PILOT-2014008375	A	0	4.3516	15	3447	551	10	
PILOT-2014008375__A__gpt5.4__rep1.json	PILOT-2014008375	A	1	4.2457	15	3533	563	10	
PILOT-2014008375__A__gpt5.4__rep2.json	PILOT-2014008375	A	2	2.6695	5	1873	306	5	
PILOT-2014008375__B__gpt5.4__rep0.json	PILOT-2014008375	B	0	2.6539	5	1884	300	5	
PILOT-2014008375__B__gpt5.4__rep1.json	PILOT-2014008375	B	1	2.6525	5	1885	302	5	
PILOT-2014008375__B__gpt5.4__rep2.json	PILOT-2014008375	B	2	2.6483	5	1888	302	5	
PILOT-2014008375__C__gpt5.4__rep0.json	PILOT-2014008375	C	0	4.223	15	3552	565	10	
PILOT-2014008375__C__gpt5.4__rep1.json	PILOT-2014008375	C	1	4.2517	15	3528	561	10	
PILOT-2014008375__C__gpt5.4__rep2.json	PILOT-2014008375	C	2	2.2282	5	2244	359	5	
PILOT-2014008375__D__gpt5.4__rep0.json	PILOT-2014008375	D	0	3.949	13	3292	520	10	
PILOT-2014008375__D__gpt5.4__rep1.json	PILOT-2014008375	D	1	2.5707	5	1945	313	5	
PILOT-2014008375__D__gpt5.4__rep2.json	PILOT-2014008375	D	2	2.6838	5	1863	301	5	
PILOT-2014008375__E__gpt5.4__rep0.json	PILOT-2014008375	E	0	3.8945	13	3338	528	10	
PILOT-2014008375__E__gpt5.4__rep1.json	PILOT-2014008375	E	1	1.6234	2	1232	197	4	
PILOT-2014008375__E__gpt5.4__rep2.json	PILOT-2014008375	E	2	3.8945	13	3338	528	10	
PILOT-2014008375__F__gpt5.4__rep0.json	PILOT-2014008375	F	0	3.7616	13	3456	548	10	
PILOT-2014008375__F__gpt5.4__rep1.json	PILOT-2014008375	F	1	2.7174	5	1840	294	5	
PILOT-2014008375__F__gpt5.4__rep2.json	PILOT-2014008375	F	2	3.7978	13	3423	541	10	
PILOT-2014008375__G__gpt5.4__rep0.json	PILOT-2014008375	G	0	4.0161	13	3237	511	10	
PILOT-2014008375__G__gpt5.4__rep1.json	PILOT-2014008375	G	1	3.9145	13	3321	524	10	
PILOT-2014008375__G__gpt5.4__rep2.json	PILOT-2014008375	G	2	4.0136	13	3239	511	10	
PILOT-2014008375__baseline__gpt5.4__rep0.json	PILOT-2014008375	baseline	0	3.9157	13	3320	525	10	
PILOT-2014008375__baseline__gpt5.4__rep1.json	PILOT-2014008375	baseline	1	3.9622	13	3281	519	10	
PILOT-2014008375__baseline__gpt5.4__rep2.json	PILOT-2014008375	baseline	2	3.2926	7	2126	344	5	
PILOT-2014009096__A__gpt5.4__rep0.json	PILOT-2014009096	A	0	2.7045	8	2958	447	9	
PILOT-2014009096__A__gpt5.4__rep1.json	PILOT-2014009096	A	1	2.7045	8	2958	447	4	
PILOT-2014009096__A__gpt5.4__rep2.json	PILOT-2014009096	A	2	1.9376	10	5161	783	9	
PILOT-2014009096__B__gpt5.4__rep0.json	PILOT-2014009096	B	0	1.183	6	5072	766	9	
PILOT-2014009096__B__gpt5.4__rep1.json	PILOT-2014009096	B	1	1.3647	4	2931	442	4	
PILOT-2014009096__B__gpt5.4__rep2.json	PILOT-2014009096	B	2	1.3647	4	2931	442	4	
PILOT-2014009096__C__gpt5.4__rep0.json	PILOT-2014009096	C	0	1.9459	10	5139	779	9	
PILOT-2014009096__C__gpt5.4__rep1.json	PILOT-2014009096	C	1	1.9455	10	5140	783	9	
PILOT-2014009096__C__gpt5.4__rep2.json	PILOT-2014009096	C	2	1.1721	6	5119	772	9	
PILOT-2014009096__D__gpt5.4__rep0.json	PILOT-2014009096	D	0	1.9455	10	5140	783	9	
PILOT-2014009096__D__gpt5.4__rep1.json	PILOT-2014009096	D	1	1.9455	10	5140	783	9	
PILOT-2014009096__D__gpt5.4__rep2.json	PILOT-2014009096	D	2	1.9369	10	5163	785	9	
PILOT-2014009096__E__gpt5.4__rep0.json	PILOT-2014009096	E	0	1.9286	10	5185	789	9	
PILOT-2014009096__E__gpt5.4__rep1.json	PILOT-2014009096	E	1	1.2	6	5000	759	9	
PILOT-2014009096__E__gpt5.4__rep2.json	PILOT-2014009096	E	2	1.2058	6	4976	753	9	
PILOT-2014009096__F__gpt5.4__rep0.json	PILOT-2014009096	F	0	2.7045	8	2958	447	4	
PILOT-2014009096__F__gpt5.4__rep1.json	PILOT-2014009096	F	1	1.9455	10	5140	783	9	
PILOT-2014009096__F__gpt5.4__rep2.json	PILOT-2014009096	F	2	1.9463	10	5138	783	9	
PILOT-2014009096__G__gpt5.4__rep0.json	PILOT-2014009096	G	0	2.6578	8	3010	458	4	
PILOT-2014009096__G__gpt5.4__rep1.json	PILOT-2014009096	G	1	2.7045	8	2958	447	4	
PILOT-2014009096__G__gpt5.4__rep2.json	PILOT-2014009096	G	2	2.5445	8	3144	480	4	
PILOT-2014009096__baseline__gpt5.4__rep0.json	PILOT-2014009096	baseline	0	1.9286	10	5185	789	9	
PILOT-2014009096__baseline__gpt5.4__rep1.json	PILOT-2014009096	baseline	1	1.9455	10	5140	783	9	
PILOT-2014009096__baseline__gpt5.4__rep2.json	PILOT-2014009096	baseline	2	1.9455	10	5140	783	9	
PILOT-2014009182__A__gpt5.4__rep0.json	PILOT-2014009182	A	0	4.2276	26	6150	878	20	
PILOT-2014009182__A__gpt5.4__rep1.json	PILOT-2014009182	A	1	4.2345	26	6140	880	20	
PILOT-2014009182__A__gpt5.4__rep2.json	PILOT-2014009182	A	2	1.5391	4	2599	365	12	
PILOT-2014009182__B__gpt5.4__rep0.json	PILOT-2014009182	B	0	4.5625	28	6137	879	20	
PILOT-2014009182__B__gpt5.4__rep1.json	PILOT-2014009182	B	1	4.5939	28	6095	871	20	
PILOT-2014009182__B__gpt5.4__rep2.json	PILOT-2014009182	B	2	4.0997	26	6342	903	20	
PILOT-2014009182__C__gpt5.4__rep0.json	PILOT-2014009182	C	0	4.1362	26	6286	890	20	
PILOT-2014009182__C__gpt5.4__rep1.json	PILOT-2014009182	C	1	4.0592	17	4188	593	12	
PILOT-2014009182__C__gpt5.4__rep2.json	PILOT-2014009182	C	2	4.2456	26	6124	872	20	
PILOT-2014009182__D__gpt5.4__rep0.json	PILOT-2014009182	D	0	4.2491	26	6119	878	20	
PILOT-2014009182__D__gpt5.4__rep1.json	PILOT-2014009182	D	1	4.4329	17	3835	539	12	
PILOT-2014009182__D__gpt5.4__rep2.json	PILOT-2014009182	D	2	4.8016	19	3957	559	12	
PILOT-2014009182__E__gpt5.4__rep0.json	PILOT-2014009182	E	0	4.1913	17	4056	576	12	
PILOT-2014009182__E__gpt5.4__rep1.json	PILOT-2014009182	E	1	3.6603	20	5464	772	20	
PILOT-2014009182__E__gpt5.4__rep2.json	PILOT-2014009182	E	2	4.0473	26	6424	919	20	
PILOT-2014009182__F__gpt5.4__rep0.json	PILOT-2014009182	F	0	4.1728	17	4074	573	12	
PILOT-2014009182__F__gpt5.4__rep1.json	PILOT-2014009182	F	1	4.6831	30	6406	916	20	
PILOT-2014009182__F__gpt5.4__rep2.json	PILOT-2014009182	F	2	4.6512	28	6020	857	20	
PILOT-2014009182__G__gpt5.4__rep0.json	PILOT-2014009182	G	0	4.558	28	6143	879	20	
PILOT-2014009182__G__gpt5.4__rep1.json	PILOT-2014009182	G	1	4.229	26	6148	881	20	
PILOT-2014009182__G__gpt5.4__rep2.json	PILOT-2014009182	G	2	3.9267	12	3056	426	12	
PILOT-2014009182__baseline__gpt5.4__rep0.json	PILOT-2014009182	baseline	0	4.2864	17	3966	559	12	
PILOT-2014009182__baseline__gpt5.4__rep1.json	PILOT-2014009182	baseline	1	3.7879	17	4488	640	12	
PILOT-2014009182__baseline__gpt5.4__rep2.json	PILOT-2014009182	baseline	2	3.8848	17	4376	624	12	
PILOT-2014009970__A__gpt5.4__rep0.json	PILOT-2014009970	A	0	3.95	12	3038	507	9	
PILOT-2014009970__A__gpt5.4__rep1.json	PILOT-2014009970	A	1	4.379	11	2512	418	9	
PILOT-2014009970__A__gpt5.4__rep2.json	PILOT-2014009970	A	2	2.9412	6	2040	339	9	
PILOT-2014009970__B__gpt5.4__rep0.json	PILOT-2014009970	B	0	2.9412	6	2040	339	9	
PILOT-2014009970__B__gpt5.4__rep1.json	PILOT-2014009970	B	1	2.3256	5	2150	355	9	
PILOT-2014009970__B__gpt5.4__rep2.json	PILOT-2014009970	B	2	3.447	9	2611	434	9	
PILOT-2014009970__C__gpt5.4__rep0.json	PILOT-2014009970	C	0	3.4602	9	2601	434	9	
PILOT-2014009970__C__gpt5.4__rep1.json	PILOT-2014009970	C	1	3.4568	7	2025	336	9	
PILOT-2014009970__C__gpt5.4__rep2.json	PILOT-2014009970	C	2	4.6948	7	1491	250	9	
PILOT-2014009970__D__gpt5.4__rep0.json	PILOT-2014009970	D	0	4.9804	14	2811	468	9	
PILOT-2014009970__D__gpt5.4__rep1.json	PILOT-2014009970	D	1	4.1401	13	3140	525	9	
PILOT-2014009970__D__gpt5.4__rep2.json	PILOT-2014009970	D	2	3.9478	13	3293	548	9	
PILOT-2014009970__E__gpt5.4__rep0.json	PILOT-2014009970	E	0	3.9698	10	2519	421	9	
PILOT-2014009970__E__gpt5.4__rep1.json	PILOT-2014009970	E	1	4.1615	10	2403	401	9	
PILOT-2014009970__E__gpt5.4__rep2.json	PILOT-2014009970	E	2	3.9301	9	2290	384	9	
PILOT-2014009970__F__gpt5.4__rep0.json	PILOT-2014009970	F	0	3.9754	11	2767	462	9	
PILOT-2014009970__F__gpt5.4__rep1.json	PILOT-2014009970	F	1	3.9888	10	2507	418	9	
PILOT-2014009970__F__gpt5.4__rep2.json	PILOT-2014009970	F	2	4.6296	8	1728	291	9	
PILOT-2014009970__G__gpt5.4__rep0.json	PILOT-2014009970	G	0	2.4845	6	2415	399	9	
PILOT-2014009970__G__gpt5.4__rep1.json	PILOT-2014009970	G	1	2.5818	6	2324	385	9	
PILOT-2014009970__G__gpt5.4__rep2.json	PILOT-2014009970	G	2	2.4793	6	2420	402	9	
PILOT-2014009970__baseline__gpt5.4__rep0.json	PILOT-2014009970	baseline	0	3.4517	7	2028	337	9	
PILOT-2014009970__baseline__gpt5.4__rep1.json	PILOT-2014009970	baseline	1	3.9698	10	2519	420	9	
PILOT-2014009970__baseline__gpt5.4__rep2.json	PILOT-2014009970	baseline	2	4.4843	9	2007	336	9	
PILOT-2015000199__A__gpt5.4__rep0.json	PILOT-2015000199	A	0	11.6749	26	2227	309	10	
PILOT-2015000199__A__gpt5.4__rep1.json	PILOT-2015000199	A	1	12.5969	26	2064	289	10	
PILOT-2015000199__A__gpt5.4__rep2.json	PILOT-2015000199	A	2	12.5847	26	2066	289	10	
PILOT-2015000199__B__gpt5.4__rep0.json	PILOT-2015000199	B	0	11.0544	26	2352	324	10	
PILOT-2015000199__B__gpt5.4__rep1.json	PILOT-2015000199	B	1	10.8559	26	2395	330	10	
PILOT-2015000199__B__gpt5.4__rep2.json	PILOT-2015000199	B	2	10.9244	26	2380	330	10	
PILOT-2015000199__C__gpt5.4__rep0.json	PILOT-2015000199	C	0	11.6227	26	2237	312	10	
PILOT-2015000199__C__gpt5.4__rep1.json	PILOT-2015000199	C	1	11.178	26	2326	316	10	
PILOT-2015000199__C__gpt5.4__rep2.json	PILOT-2015000199	C	2	10.0154	26	2596	361	10	
PILOT-2015000199__D__gpt5.4__rep0.json	PILOT-2015000199	D	0	10.5519	26	2464	337	10	
PILOT-2015000199__D__gpt5.4__rep1.json	PILOT-2015000199	D	1	11.474	26	2266	318	10	
PILOT-2015000199__D__gpt5.4__rep2.json	PILOT-2015000199	D	2	11.0685	26	2349	330	10	
PILOT-2015000199__E__gpt5.4__rep0.json	PILOT-2015000199	E	0	9.7928	26	2655	353	10	
PILOT-2015000199__E__gpt5.4__rep1.json	PILOT-2015000199	E	1	10.6557	26	2440	336	10	
PILOT-2015000199__E__gpt5.4__rep2.json	PILOT-2015000199	E	2	9.6762	26	2687	387	10	
PILOT-2015000199__F__gpt5.4__rep0.json	PILOT-2015000199	F	0	10.8696	26	2392	334	10	
PILOT-2015000199__F__gpt5.4__rep1.json	PILOT-2015000199	F	1	10.3169	28	2714	383	10	
PILOT-2015000199__F__gpt5.4__rep2.json	PILOT-2015000199	F	2	10.9844	26	2367	327	10	
PILOT-2015000199__G__gpt5.4__rep0.json	PILOT-2015000199	G	0	7.1301	64	8976	1260	24	
PILOT-2015000199__G__gpt5.4__rep1.json	PILOT-2015000199	G	1	11.1016	26	2342	327	10	
PILOT-2015000199__G__gpt5.4__rep2.json	PILOT-2015000199	G	2	11.5813	26	2245	313	10	
PILOT-2015000199__baseline__gpt5.4__rep0.json	PILOT-2015000199	baseline	0	10.3462	26	2513	352	10	
PILOT-2015000199__baseline__gpt5.4__rep1.json	PILOT-2015000199	baseline	1	10.1881	26	2552	354	10	
PILOT-2015000199__baseline__gpt5.4__rep2.json	PILOT-2015000199	baseline	2	10.5777	26	2458	346	10	
PILOT-2015004151__A__gpt5.4__rep0.json	PILOT-2015004151	A	0	4.8544	4	824	100	8	
PILOT-2015004151__A__gpt5.4__rep1.json	PILOT-2015004151	A	1	4.6243	4	865	105	8	
PILOT-2015004151__A__gpt5.4__rep2.json	PILOT-2015004151	A	2	4.8544	4	824	100	8	
PILOT-2015004151__B__gpt5.4__rep0.json	PILOT-2015004151	B	0	4.6243	4	865	105	8	
PILOT-2015004151__B__gpt5.4__rep1.json	PILOT-2015004151	B	1	4.5819	4	873	109	8	
PILOT-2015004151__B__gpt5.4__rep2.json	PILOT-2015004151	B	2	4.6296	4	864	105	8	
PILOT-2015004151__C__gpt5.4__rep0.json	PILOT-2015004151	C	0	4.8721	4	821	99	8	
PILOT-2015004151__C__gpt5.4__rep1.json	PILOT-2015004151	C	1	4.8544	4	824	100	8	
PILOT-2015004151__C__gpt5.4__rep2.json	PILOT-2015004151	C	2	4.6512	4	860	104	8	
PILOT-2015004151__D__gpt5.4__rep0.json	PILOT-2015004151	D	0	4.6512	4	860	101	8	
PILOT-2015004151__D__gpt5.4__rep1.json	PILOT-2015004151	D	1	4.8544	4	824	100	8	
PILOT-2015004151__D__gpt5.4__rep2.json	PILOT-2015004151	D	2	4.8544	4	824	100	8	
PILOT-2015004151__E__gpt5.4__rep0.json	PILOT-2015004151	E	0	5.8939	6	1018	132	8	
PILOT-2015004151__E__gpt5.4__rep1.json	PILOT-2015004151	E	1	5.7971	6	1035	131	8	
PILOT-2015004151__E__gpt5.4__rep2.json	PILOT-2015004151	E	2	6.0	6	1000	129	8	
PILOT-2015004151__F__gpt5.4__rep0.json	PILOT-2015004151	F	0	4.6243	4	865	105	8	
PILOT-2015004151__F__gpt5.4__rep1.json	PILOT-2015004151	F	1	4.6243	4	865	105	8	
PILOT-2015004151__F__gpt5.4__rep2.json	PILOT-2015004151	F	2	4.2328	4	945	113	8	
PILOT-2015004151__G__gpt5.4__rep0.json	PILOT-2015004151	G	0	4.8544	4	824	100	8	
PILOT-2015004151__G__gpt5.4__rep1.json	PILOT-2015004151	G	1	4.8544	4	824	100	8	
PILOT-2015004151__G__gpt5.4__rep2.json	PILOT-2015004151	G	2	4.6243	4	865	105	8	
PILOT-2015004151__baseline__gpt5.4__rep0.json	PILOT-2015004151	baseline	0	4.8544	4	824	100	8	
PILOT-2015004151__baseline__gpt5.4__rep1.json	PILOT-2015004151	baseline	1	4.8544	4	824	100	8	
PILOT-2015004151__baseline__gpt5.4__rep2.json	PILOT-2015004151	baseline	2	4.878	4	820	99	8	
PILOT-2015004158__A__gpt5.4__rep0.json	PILOT-2015004158	A	0	0.0	0	1928	216	8	
PILOT-2015004158__A__gpt5.4__rep1.json	PILOT-2015004158	A	1	0.0	0	1640	183	9	
PILOT-2015004158__A__gpt5.4__rep2.json	PILOT-2015004158	A	2	0.0	0	1960	219	9	
PILOT-2015004158__B__gpt5.4__rep0.json	PILOT-2015004158	B	0	0.0	0	2001	222	9	
PILOT-2015004158__B__gpt5.4__rep1.json	PILOT-2015004158	B	1	0.0	0	2311	257	9	
PILOT-2015004158__B__gpt5.4__rep2.json	PILOT-2015004158	B	2	0.0	0	2488	277	9	
PILOT-2015004158__C__gpt5.4__rep0.json	PILOT-2015004158	C	0	0.0	0	3809	428	9	
PILOT-2015004158__C__gpt5.4__rep1.json	PILOT-2015004158	C	1	0.0	0	1745	194	8	
PILOT-2015004158__C__gpt5.4__rep2.json	PILOT-2015004158	C	2	0.0	0	1964	219	9	
PILOT-2015004158__D__gpt5.4__rep0.json	PILOT-2015004158	D	0	0.0	0	1635	164	9	
PILOT-2015004158__D__gpt5.4__rep1.json	PILOT-2015004158	D	1	0.0	0	3200	358	9	
PILOT-2015004158__D__gpt5.4__rep2.json	PILOT-2015004158	D	2	0.0	0	1966	218	9	
PILOT-2015004158__E__gpt5.4__rep0.json	PILOT-2015004158	E	0	0.0	0	4005	449	9	
PILOT-2015004158__E__gpt5.4__rep1.json	PILOT-2015004158	E	1	0.0	0	2281	251	9	
PILOT-2015004158__E__gpt5.4__rep2.json	PILOT-2015004158	E	2	0.0	0	1663	178	8	
PILOT-2015004158__F__gpt5.4__rep0.json	PILOT-2015004158	F	0	0.0	0	2152	243	9	
PILOT-2015004158__F__gpt5.4__rep1.json	PILOT-2015004158	F	1	0.0	0	2703	307	9	
PILOT-2015004158__F__gpt5.4__rep2.json	PILOT-2015004158	F	2	0.0	0	2028	227	9	
PILOT-2015004158__G__gpt5.4__rep0.json	PILOT-2015004158	G	0	0.0	0	3907	431	9	
PILOT-2015004158__G__gpt5.4__rep1.json	PILOT-2015004158	G	1	0.0	0	2326	260	9	
PILOT-2015004158__G__gpt5.4__rep2.json	PILOT-2015004158	G	2	0.0	0	3977	445	9	
PILOT-2015004158__baseline__gpt5.4__rep0.json	PILOT-2015004158	baseline	0	0.0	0	1640	183	9	
PILOT-2015004158__baseline__gpt5.4__rep1.json	PILOT-2015004158	baseline	1	0.0	0	1667	184	8	
PILOT-2015004158__baseline__gpt5.4__rep2.json	PILOT-2015004158	baseline	2	0.0	0	1674	185	8	
PILOT-2015004926__A__gpt5.4__rep0.json	PILOT-2015004926	A	0	4.8309	30	6210	793	20	
PILOT-2015004926__A__gpt5.4__rep1.json	PILOT-2015004926	A	1	4.8414	29	5990	771	20	
PILOT-2015004926__A__gpt5.4__rep2.json	PILOT-2015004926	A	2	4.7216	29	6142	783	20	
PILOT-2015004926__B__gpt5.4__rep0.json	PILOT-2015004926	B	0	5.0365	29	5758	749	20	
PILOT-2015004926__B__gpt5.4__rep1.json	PILOT-2015004926	B	1	4.4554	29	6509	853	20	
PILOT-2015004926__B__gpt5.4__rep2.json	PILOT-2015004926	B	2	4.1835	29	6932	901	20	
PILOT-2015004926__C__gpt5.4__rep0.json	PILOT-2015004926	C	0	4.6986	29	6172	786	20	
PILOT-2015004926__C__gpt5.4__rep1.json	PILOT-2015004926	C	1	4.8069	29	6033	773	20	
PILOT-2015004926__C__gpt5.4__rep2.json	PILOT-2015004926	C	2	4.8157	29	6022	772	20	
PILOT-2015004926__D__gpt5.4__rep0.json	PILOT-2015004926	D	0	4.9328	29	5879	765	20	
PILOT-2015004926__D__gpt5.4__rep1.json	PILOT-2015004926	D	1	4.8414	29	5990	771	20	
PILOT-2015004926__D__gpt5.4__rep2.json	PILOT-2015004926	D	2	4.7262	29	6136	781	20	
PILOT-2015004926__E__gpt5.4__rep0.json	PILOT-2015004926	E	0	4.8221	29	6014	768	20	
PILOT-2015004926__E__gpt5.4__rep1.json	PILOT-2015004926	E	1	4.8221	29	6014	768	20	
PILOT-2015004926__E__gpt5.4__rep2.json	PILOT-2015004926	E	2	4.8253	29	6010	768	20	
PILOT-2015004926__F__gpt5.4__rep0.json	PILOT-2015004926	F	0	4.9253	29	5888	760	20	
PILOT-2015004926__F__gpt5.4__rep1.json	PILOT-2015004926	F	1	4.7201	29	6144	786	20	
PILOT-2015004926__F__gpt5.4__rep2.json	PILOT-2015004926	F	2	4.7247	29	6138	783	20	
PILOT-2015004926__G__gpt5.4__rep0.json	PILOT-2015004926	G	0	4.8641	29	5962	771	20	
PILOT-2015004926__G__gpt5.4__rep1.json	PILOT-2015004926	G	1	4.8707	29	5954	767	20	
PILOT-2015004926__G__gpt5.4__rep2.json	PILOT-2015004926	G	2	4.609	29	6292	803	20	
PILOT-2015004926__baseline__gpt5.4__rep0.json	PILOT-2015004926	baseline	0	4.7262	29	6136	782	20	
PILOT-2015004926__baseline__gpt5.4__rep1.json	PILOT-2015004926	baseline	1	4.6986	29	6172	786	20	
PILOT-2015004926__baseline__gpt5.4__rep2.json	PILOT-2015004926	baseline	2	4.2447	29	6832	865	20	
PILOT-2015005752__A__gpt5.4__rep0.json	PILOT-2015005752	A	0	4.1929	16	3816	519	20	
PILOT-2015005752__A__gpt5.4__rep1.json	PILOT-2015005752	A	1	4.1929	16	3816	517	20	
PILOT-2015005752__A__gpt5.4__rep2.json	PILOT-2015005752	A	2	2.8139	8	2843	384	12	
PILOT-2015005752__B__gpt5.4__rep0.json	PILOT-2015005752	B	0	3.8901	16	4113	566	20	
PILOT-2015005752__B__gpt5.4__rep1.json	PILOT-2015005752	B	1	4.1918	16	3817	530	18	
PILOT-2015005752__B__gpt5.4__rep2.json	PILOT-2015005752	B	2	3.8901	16	4113	566	20	
PILOT-2015005752__C__gpt5.4__rep0.json	PILOT-2015005752	C	0	3.7727	16	4241	587	20	
PILOT-2015005752__C__gpt5.4__rep1.json	PILOT-2015005752	C	1	3.7807	16	4232	586	20	
PILOT-2015005752__C__gpt5.4__rep2.json	PILOT-2015005752	C	2	3.5714	14	3920	536	20	
PILOT-2015005752__D__gpt5.4__rep0.json	PILOT-2015005752	D	0	3.714	16	4308	594	20	
PILOT-2015005752__D__gpt5.4__rep1.json	PILOT-2015005752	D	1	3.5461	16	4512	626	20	
PILOT-2015005752__D__gpt5.4__rep2.json	PILOT-2015005752	D	2	3.304	12	3632	493	20	
PILOT-2015005752__E__gpt5.4__rep0.json	PILOT-2015005752	E	0	2.2272	4	1796	249	7	
PILOT-2015005752__E__gpt5.4__rep1.json	PILOT-2015005752	E	1	2.2346	4	1790	249	7	
PILOT-2015005752__E__gpt5.4__rep2.json	PILOT-2015005752	E	2	2.2422	4	1784	247	7	
PILOT-2015005752__F__gpt5.4__rep0.json	PILOT-2015005752	F	0	3.294	12	3643	494	20	
PILOT-2015005752__F__gpt5.4__rep1.json	PILOT-2015005752	F	1	3.5733	14	3918	536	20	
PILOT-2015005752__F__gpt5.4__rep2.json	PILOT-2015005752	F	2	3.5687	14	3923	537	20	
PILOT-2015005752__G__gpt5.4__rep0.json	PILOT-2015005752	G	0	3.9781	16	4022	560	18	
PILOT-2015005752__G__gpt5.4__rep1.json	PILOT-2015005752	G	1	3.7054	16	4318	596	20	
PILOT-2015005752__G__gpt5.4__rep2.json	PILOT-2015005752	G	2	3.5678	14	3924	537	20	
PILOT-2015005752__baseline__gpt5.4__rep0.json	PILOT-2015005752	baseline	0	3.7834	16	4229	585	20	
PILOT-2015005752__baseline__gpt5.4__rep1.json	PILOT-2015005752	baseline	1	3.5461	16	4512	626	20	
PILOT-2015005752__baseline__gpt5.4__rep2.json	PILOT-2015005752	baseline	2	3.134	12	3829	524	20	
PILOT-2015006206__A__gpt5.4__rep0.json	PILOT-2015006206	A	0	0.7401	5	6756	963	26	
PILOT-2015006206__A__gpt5.4__rep1.json	PILOT-2015006206	A	1	1.5523	5	3221	447	10	
PILOT-2015006206__A__gpt5.4__rep2.json	PILOT-2015006206	A	2	2.0178	5	2478	356	8	
PILOT-2015006206__B__gpt5.4__rep0.json	PILOT-2015006206	B	0	0.9794	7	7147	1015	26	
PILOT-2015006206__B__gpt5.4__rep1.json	PILOT-2015006206	B	1	0.9794	7	7147	1015	26	
PILOT-2015006206__B__gpt5.4__rep2.json	PILOT-2015006206	B	2	2.1561	5	2319	321	8	
PILOT-2015006206__C__gpt5.4__rep0.json	PILOT-2015006206	C	0	0.9442	7	7414	1053	26	
PILOT-2015006206__C__gpt5.4__rep1.json	PILOT-2015006206	C	1	1.6073	6	3733	517	11	
PILOT-2015006206__C__gpt5.4__rep2.json	PILOT-2015006206	C	2	0.6094	5	8205	1187	26	
PILOT-2015006206__D__gpt5.4__rep0.json	PILOT-2015006206	D	0	0.8057	7	8688	1253	26	
PILOT-2015006206__D__gpt5.4__rep1.json	PILOT-2015006206	D	1	0.9528	7	7347	1044	26	
PILOT-2015006206__D__gpt5.4__rep2.json	PILOT-2015006206	D	2	0.944	7	7415	1052	26	
PILOT-2015006206__E__gpt5.4__rep0.json	PILOT-2015006206	E	0	0.7978	7	8774	1263	26	
PILOT-2015006206__E__gpt5.4__rep1.json	PILOT-2015006206	E	1	0.9822	7	7127	1013	26	
PILOT-2015006206__E__gpt5.4__rep2.json	PILOT-2015006206	E	2	0.6131	5	8155	1181	26	
PILOT-2015006206__F__gpt5.4__rep0.json	PILOT-2015006206	F	0	0.9442	7	7414	1053	26	
PILOT-2015006206__F__gpt5.4__rep1.json	PILOT-2015006206	F	1	0.9529	7	7346	1043	26	
PILOT-2015006206__F__gpt5.4__rep2.json	PILOT-2015006206	F	2	0.9703	7	7214	1024	26	
PILOT-2015006206__G__gpt5.4__rep0.json	PILOT-2015006206	G	0	0.9529	7	7346	1041	26	
PILOT-2015006206__G__gpt5.4__rep1.json	PILOT-2015006206	G	1	0.8081	7	8662	1249	26	
PILOT-2015006206__G__gpt5.4__rep2.json	PILOT-2015006206	G	2	1.5588	6	3849	541	11	
PILOT-2015006206__baseline__gpt5.4__rep0.json	PILOT-2015006206	baseline	0	0.7913	7	8846	1273	26	
PILOT-2015006206__baseline__gpt5.4__rep1.json	PILOT-2015006206	baseline	1	0.8987	7	7789	1113	26	
PILOT-2015006206__baseline__gpt5.4__rep2.json	PILOT-2015006206	baseline	2	0.8978	7	7797	1102	26	
PILOT-2015006603__A__gpt5.4__rep0.json	PILOT-2015006603	A	0	11.4366	73	6383	970	19	
PILOT-2015006603__A__gpt5.4__rep1.json	PILOT-2015006603	A	1	11.0762	74	6681	1016	19	
PILOT-2015006603__A__gpt5.4__rep2.json	PILOT-2015006603	A	2	11.3922	77	6759	1023	19	
PILOT-2015006603__B__gpt5.4__rep0.json	PILOT-2015006603	B	0	12.0566	69	5723	866	19	
PILOT-2015006603__B__gpt5.4__rep1.json	PILOT-2015006603	B	1	12.7076	75	5902	888	19	
PILOT-2015006603__B__gpt5.4__rep2.json	PILOT-2015006603	B	2	13.369	95	7106	1073	23	
PILOT-2015006603__C__gpt5.4__rep0.json	PILOT-2015006603	C	0	12.4688	75	6015	914	19	
PILOT-2015006603__C__gpt5.4__rep1.json	PILOT-2015006603	C	1	9.915	49	4942	754	13	
PILOT-2015006603__C__gpt5.4__rep2.json	PILOT-2015006603	C	2	10.6912	71	6641	995	20	
PILOT-2015006603__D__gpt5.4__rep0.json	PILOT-2015006603	D	0	10.9017	70	6421	980	19	
PILOT-2015006603__D__gpt5.4__rep1.json	PILOT-2015006603	D	1	12.1716	82	6737	1018	25	
PILOT-2015006603__D__gpt5.4__rep2.json	PILOT-2015006603	D	2	11.8011	61	5169	788	19	
PILOT-2015006603__E__gpt5.4__rep0.json	PILOT-2015006603	E	0	10.43	49	4698	716	13	
PILOT-2015006603__E__gpt5.4__rep1.json	PILOT-2015006603	E	1	11.6168	73	6284	952	19	
PILOT-2015006603__E__gpt5.4__rep2.json	PILOT-2015006603	E	2	10.961	73	6660	1009	20	
PILOT-2015006603__F__gpt5.4__rep0.json	PILOT-2015006603	F	0	11.3095	76	6720	1024	19	
PILOT-2015006603__F__gpt5.4__rep1.json	PILOT-2015006603	F	1	11.0685	75	6776	1024	19	
PILOT-2015006603__F__gpt5.4__rep2.json	PILOT-2015006603	F	2	11.8191	69	5838	887	19	
PILOT-2015006603__G__gpt5.4__rep0.json	PILOT-2015006603	G	0	12.0	69	5750	870	19	
PILOT-2015006603__G__gpt5.4__rep1.json	PILOT-2015006603	G	1	12.9833	90	6932	1044	25	
PILOT-2015006603__G__gpt5.4__rep2.json	PILOT-2015006603	G	2	10.8192	49	4529	692	13	
PILOT-2015006603__baseline__gpt5.4__rep0.json	PILOT-2015006603	baseline	0	11.0525	65	5881	893	20	
PILOT-2015006603__baseline__gpt5.4__rep1.json	PILOT-2015006603	baseline	1	10.3383	55	5320	796	19	
PILOT-2015006603__baseline__gpt5.4__rep2.json	PILOT-2015006603	baseline	2	11.2239	63	5613	848	19	
PILOT-2016000830__A__gpt5.4__rep0.json	PILOT-2016000830	A	0	0.0	0	1969	284	11	
PILOT-2016000830__A__gpt5.4__rep1.json	PILOT-2016000830	A	1	0.0	0	2236	327	11	
PILOT-2016000830__A__gpt5.4__rep2.json	PILOT-2016000830	A	2	0.3131	1	3194	434	14	
PILOT-2016000830__B__gpt5.4__rep0.json	PILOT-2016000830	B	0	0.0	0	2552	379	13	
PILOT-2016000830__B__gpt5.4__rep1.json	PILOT-2016000830	B	1	0.3923	1	2549	369	11	
PILOT-2016000830__B__gpt5.4__rep2.json	PILOT-2016000830	B	2	0.0	0	2743	398	12	
PILOT-2016000830__C__gpt5.4__rep0.json	PILOT-2016000830	C	0	0.0	0	3547	500	14	
PILOT-2016000830__C__gpt5.4__rep1.json	PILOT-2016000830	C	1	0.0	0	2217	327	11	
PILOT-2016000830__C__gpt5.4__rep2.json	PILOT-2016000830	C	2	0.0	0	2214	327	11	
PILOT-2016000830__D__gpt5.4__rep0.json	PILOT-2016000830	D	0	0.3827	1	2613	387	11	
PILOT-2016000830__D__gpt5.4__rep1.json	PILOT-2016000830	D	1	0.6863	2	2914	432	13	
PILOT-2016000830__D__gpt5.4__rep2.json	PILOT-2016000830	D	2	0.0	0	2499	374	12	
PILOT-2016000830__E__gpt5.4__rep0.json	PILOT-2016000830	E	0	0.3655	1	2736	406	14	
PILOT-2016000830__E__gpt5.4__rep1.json	PILOT-2016000830	E	1	0.6861	2	2915	431	14	
PILOT-2016000830__E__gpt5.4__rep2.json	PILOT-2016000830	E	2	0.3342	1	2992	437	14	
PILOT-2016000830__F__gpt5.4__rep0.json	PILOT-2016000830	F	0	0.746	2	2681	402	13	
PILOT-2016000830__F__gpt5.4__rep1.json	PILOT-2016000830	F	1	0.0	0	2289	336	11	
PILOT-2016000830__F__gpt5.4__rep2.json	PILOT-2016000830	F	2	0.0	0	2348	347	11	
PILOT-2016000830__G__gpt5.4__rep0.json	PILOT-2016000830	G	0	0.0	0	2659	390	14	
PILOT-2016000830__G__gpt5.4__rep1.json	PILOT-2016000830	G	1	0.7429	2	2692	397	13	
PILOT-2016000830__G__gpt5.4__rep2.json	PILOT-2016000830	G	2	1.1839	3	2534	375	14	
PILOT-2016000830__baseline__gpt5.4__rep0.json	PILOT-2016000830	baseline	0	0.7855	2	2546	377	11	
PILOT-2016000830__baseline__gpt5.4__rep1.json	PILOT-2016000830	baseline	1	0.7797	2	2565	383	11	
PILOT-2016000830__baseline__gpt5.4__rep2.json	PILOT-2016000830	baseline	2	0.0	0	2332	334	14	
PILOT-2016000849__A__gpt5.4__rep0.json	PILOT-2016000849	A	0	1.9428	26	13383	2061	40	
PILOT-2016000849__A__gpt5.4__rep1.json	PILOT-2016000849	A	1	1.241	16	12893	1966	40	
PILOT-2016000849__A__gpt5.4__rep2.json	PILOT-2016000849	A	2	1.8261	24	13143	2027	40	
PILOT-2016000849__B__gpt5.4__rep0.json	PILOT-2016000849	B	0	1.2419	16	12883	1973	40	
PILOT-2016000849__B__gpt5.4__rep1.json	PILOT-2016000849	B	1	2.0652	28	13558	2090	40	
PILOT-2016000849__B__gpt5.4__rep2.json	PILOT-2016000849	B	2	1.3203	16	12118	1868	40	
PILOT-2016000849__C__gpt5.4__rep0.json	PILOT-2016000849	C	0	1.9923	28	14054	2165	40	
PILOT-2016000849__C__gpt5.4__rep1.json	PILOT-2016000849	C	1	1.1674	16	13706	2104	40	
PILOT-2016000849__C__gpt5.4__rep2.json	PILOT-2016000849	C	2	1.3334	16	11999	1830	40	
PILOT-2016000849__D__gpt5.4__rep0.json	PILOT-2016000849	D	0	1.2942	16	12363	1889	40	
PILOT-2016000849__D__gpt5.4__rep1.json	PILOT-2016000849	D	1	1.2492	16	12808	1975	40	
PILOT-2016000849__D__gpt5.4__rep2.json	PILOT-2016000849	D	2	1.2636	16	12662	1932	40	
PILOT-2016000849__E__gpt5.4__rep0.json	PILOT-2016000849	E	0	1.0438	16	15329	2381	40	
PILOT-2016000849__E__gpt5.4__rep1.json	PILOT-2016000849	E	1	1.2838	16	12463	1921	40	
PILOT-2016000849__E__gpt5.4__rep2.json	PILOT-2016000849	E	2	1.3069	16	12243	1878	40	
PILOT-2016000849__F__gpt5.4__rep0.json	PILOT-2016000849	F	0	1.2288	16	13021	2005	40	
PILOT-2016000849__F__gpt5.4__rep1.json	PILOT-2016000849	F	1	1.3118	16	12197	1882	40	
PILOT-2016000849__F__gpt5.4__rep2.json	PILOT-2016000849	F	2	1.3494	16	11857	1810	40	
PILOT-2016000849__G__gpt5.4__rep0.json	PILOT-2016000849	G	0	1.2729	16	12570	1926	40	
PILOT-2016000849__G__gpt5.4__rep1.json	PILOT-2016000849	G	1	2.2242	28	12589	1932	40	
PILOT-2016000849__G__gpt5.4__rep2.json	PILOT-2016000849	G	2	1.2491	16	12809	1972	40	
PILOT-2016000849__baseline__gpt5.4__rep0.json	PILOT-2016000849	baseline	0	1.2836	16	12465	1900	40	
PILOT-2016000849__baseline__gpt5.4__rep1.json	PILOT-2016000849	baseline	1	1.252	16	12780	1949	40	
PILOT-2016000849__baseline__gpt5.4__rep2.json	PILOT-2016000849	baseline	2	1.2876	16	12426	1905	40	
PILOT-2016003042__A__gpt5.4__rep0.json	PILOT-2016003042	A	0	4.7105	31	6581	1012	20	
PILOT-2016003042__A__gpt5.4__rep1.json	PILOT-2016003042	A	1	4.8242	31	6426	997	20	
PILOT-2016003042__A__gpt5.4__rep2.json	PILOT-2016003042	A	2	4.7271	31	6558	1012	20	
PILOT-2016003042__B__gpt5.4__rep0.json	PILOT-2016003042	B	0	3.7685	14	3715	588	11	
PILOT-2016003042__B__gpt5.4__rep1.json	PILOT-2016003042	B	1	5.1988	37	7117	1096	25	
PILOT-2016003042__B__gpt5.4__rep2.json	PILOT-2016003042	B	2	5.0351	38	7547	1164	25	
PILOT-2016003042__C__gpt5.4__rep0.json	PILOT-2016003042	C	0	3.778	13	3441	542	11	
PILOT-2016003042__C__gpt5.4__rep1.json	PILOT-2016003042	C	1	3.8303	13	3394	533	11	
PILOT-2016003042__C__gpt5.4__rep2.json	PILOT-2016003042	C	2	3.7791	13	3440	544	11	
PILOT-2016003042__D__gpt5.4__rep0.json	PILOT-2016003042	D	0	3.8314	13	3393	534	11	
PILOT-2016003042__D__gpt5.4__rep1.json	PILOT-2016003042	D	1	3.1492	13	4128	627	11	
PILOT-2016003042__D__gpt5.4__rep2.json	PILOT-2016003042	D	2	3.5461	13	3666	576	11	
PILOT-2016003042__E__gpt5.4__rep0.json	PILOT-2016003042	E	0	3.8473	13	3379	533	11	
PILOT-2016003042__E__gpt5.4__rep1.json	PILOT-2016003042	E	1	3.8806	13	3350	530	11	
PILOT-2016003042__E__gpt5.4__rep2.json	PILOT-2016003042	E	2	3.7551	13	3462	545	11	
PILOT-2016003042__F__gpt5.4__rep0.json	PILOT-2016003042	F	0	4.4723	15	3354	525	11	
PILOT-2016003042__F__gpt5.4__rep1.json	PILOT-2016003042	F	1	4.0674	14	3442	542	11	
PILOT-2016003042__F__gpt5.4__rep2.json	PILOT-2016003042	F	2	3.4612	12	3467	547	11	
PILOT-2016003042__G__gpt5.4__rep0.json	PILOT-2016003042	G	0	4.0924	14	3421	544	11	
PILOT-2016003042__G__gpt5.4__rep1.json	PILOT-2016003042	G	1	3.778	13	3441	543	11	
PILOT-2016003042__G__gpt5.4__rep2.json	PILOT-2016003042	G	2	3.8371	13	3388	532	11	
PILOT-2016003042__baseline__gpt5.4__rep0.json	PILOT-2016003042	baseline	0	4.3972	36	8187	1177	25	
PILOT-2016003042__baseline__gpt5.4__rep1.json	PILOT-2016003042	baseline	1	3.8247	13	3399	537	11	
PILOT-2016003042__baseline__gpt5.4__rep2.json	PILOT-2016003042	baseline	2	3.7572	13	3460	547	11	
PILOT-2016004446__A__gpt5.4__rep0.json	PILOT-2016004446	A	0	0.8403	1	1190	153	3	
PILOT-2016004446__A__gpt5.4__rep1.json	PILOT-2016004446	A	1	6.0449	7	1158	151	4	
PILOT-2016004446__A__gpt5.4__rep2.json	PILOT-2016004446	A	2	6.2612	7	1118	145	4	
PILOT-2016004446__B__gpt5.4__rep0.json	PILOT-2016004446	B	0	1.0288	1	972	128	3	
PILOT-2016004446__B__gpt5.4__rep1.json	PILOT-2016004446	B	1	0.8333	1	1200	154	3	
PILOT-2016004446__B__gpt5.4__rep2.json	PILOT-2016004446	B	2	0.9497	1	1053	137	3	
PILOT-2016004446__C__gpt5.4__rep0.json	PILOT-2016004446	C	0	0.8803	1	1136	149	3	
PILOT-2016004446__C__gpt5.4__rep1.json	PILOT-2016004446	C	1	6.2556	7	1119	147	4	
PILOT-2016004446__C__gpt5.4__rep2.json	PILOT-2016004446	C	2	0.7943	1	1259	163	3	
PILOT-2016004446__D__gpt5.4__rep0.json	PILOT-2016004446	D	0	0.8258	1	1211	159	3	
PILOT-2016004446__D__gpt5.4__rep1.json	PILOT-2016004446	D	1	0.8237	1	1214	160	3	
PILOT-2016004446__D__gpt5.4__rep2.json	PILOT-2016004446	D	2	0.8019	1	1247	163	3	
PILOT-2016004446__E__gpt5.4__rep0.json	PILOT-2016004446	E	0	2.7076	3	1108	147	3	
PILOT-2016004446__E__gpt5.4__rep1.json	PILOT-2016004446	E	1	0.8453	1	1183	155	3	
PILOT-2016004446__E__gpt5.4__rep2.json	PILOT-2016004446	E	2	0.8525	1	1173	151	3	
PILOT-2016004446__F__gpt5.4__rep0.json	PILOT-2016004446	F	0	0.9009	1	1110	144	3	
PILOT-2016004446__F__gpt5.4__rep1.json	PILOT-2016004446	F	1	0.9074	1	1102	146	3	
PILOT-2016004446__F__gpt5.4__rep2.json	PILOT-2016004446	F	2	2.461	3	1219	160	3	
PILOT-2016004446__G__gpt5.4__rep0.json	PILOT-2016004446	G	0	6.4635	7	1083	143	4	
PILOT-2016004446__G__gpt5.4__rep1.json	PILOT-2016004446	G	1	6.2556	7	1119	147	4	
PILOT-2016004446__G__gpt5.4__rep2.json	PILOT-2016004446	G	2	6.2724	7	1116	148	4	
PILOT-2016004446__baseline__gpt5.4__rep0.json	PILOT-2016004446	baseline	0	6.4103	7	1092	145	4	
PILOT-2016004446__baseline__gpt5.4__rep1.json	PILOT-2016004446	baseline	1	6.4161	7	1091	145	4	
PILOT-2016004446__baseline__gpt5.4__rep2.json	PILOT-2016004446	baseline	2	6.4279	7	1089	145	4	
PILOT-2016005844__A__gpt5.4__rep0.json	PILOT-2016005844	A	0	5.8514	10	1709	229	4	
PILOT-2016005844__A__gpt5.4__rep1.json	PILOT-2016005844	A	1	7.0607	35	4957	737	18	
PILOT-2016005844__A__gpt5.4__rep2.json	PILOT-2016005844	A	2	4.7361	7	1478	208	4	
PILOT-2016005844__B__gpt5.4__rep0.json	PILOT-2016005844	B	0	6.3787	35	5487	815	18	
PILOT-2016005844__B__gpt5.4__rep1.json	PILOT-2016005844	B	1	6.402	35	5467	813	18	
PILOT-2016005844__B__gpt5.4__rep2.json	PILOT-2016005844	B	2	6.2648	37	5906	881	18	
PILOT-2016005844__C__gpt5.4__rep0.json	PILOT-2016005844	C	0	6.4875	35	5395	803	18	
PILOT-2016005844__C__gpt5.4__rep1.json	PILOT-2016005844	C	1	6.4707	35	5409	801	18	
PILOT-2016005844__C__gpt5.4__rep2.json	PILOT-2016005844	C	2	6.4114	35	5459	811	18	
PILOT-2016005844__D__gpt5.4__rep0.json	PILOT-2016005844	D	0	5.9332	35	5899	883	18	
PILOT-2016005844__D__gpt5.4__rep1.json	PILOT-2016005844	D	1	11.4449	24	2097	313	4	
PILOT-2016005844__D__gpt5.4__rep2.json	PILOT-2016005844	D	2	6.4292	37	5755	853	18	
PILOT-2016005844__E__gpt5.4__rep0.json	PILOT-2016005844	E	0	6.3108	37	5863	871	18	
PILOT-2016005844__E__gpt5.4__rep1.json	PILOT-2016005844	E	1	9.149	53	5793	875	18	
PILOT-2016005844__E__gpt5.4__rep2.json	PILOT-2016005844	E	2	7.7909	45	5776	867	18	
PILOT-2016005844__F__gpt5.4__rep0.json	PILOT-2016005844	F	0	6.4044	35	5465	817	18	
PILOT-2016005844__F__gpt5.4__rep1.json	PILOT-2016005844	F	1	6.6225	35	5285	787	18	
PILOT-2016005844__F__gpt5.4__rep2.json	PILOT-2016005844	F	2	6.2957	37	5877	868	18	
PILOT-2016005844__G__gpt5.4__rep0.json	PILOT-2016005844	G	0	6.6743	35	5244	787	18	
PILOT-2016005844__G__gpt5.4__rep1.json	PILOT-2016005844	G	1	7.1685	16	2232	322	4	
PILOT-2016005844__G__gpt5.4__rep2.json	PILOT-2016005844	G	2	6.5678	35	5329	793	18	
PILOT-2016005844__baseline__gpt5.4__rep0.json	PILOT-2016005844	baseline	0	5.6662	37	6530	973	18	
PILOT-2016005844__baseline__gpt5.4__rep1.json	PILOT-2016005844	baseline	1	6.2861	37	5886	875	18	
PILOT-2016005844__baseline__gpt5.4__rep2.json	PILOT-2016005844	baseline	2	6.4326	35	5441	807	18	
PILOT-2016006702__A__gpt5.4__rep0.json	PILOT-2016006702	A	0	4.9793	48	9640	1338	30	
PILOT-2016006702__A__gpt5.4__rep1.json	PILOT-2016006702	A	1	5.3993	48	8890	1237	30	
PILOT-2016006702__A__gpt5.4__rep2.json	PILOT-2016006702	A	2	5.5172	48	8700	1216	30	
PILOT-2016006702__B__gpt5.4__rep0.json	PILOT-2016006702	B	0	5.5691	48	8619	1212	30	
PILOT-2016006702__B__gpt5.4__rep1.json	PILOT-2016006702	B	1	5.5678	48	8621	1212	30	
PILOT-2016006702__B__gpt5.4__rep2.json	PILOT-2016006702	B	2	5.2016	48	9228	1299	30	
PILOT-2016006702__C__gpt5.4__rep0.json	PILOT-2016006702	C	0	5.5001	49	8909	1250	30	
PILOT-2016006702__C__gpt5.4__rep1.json	PILOT-2016006702	C	1	5.0997	44	8628	1200	30	
PILOT-2016006702__C__gpt5.4__rep2.json	PILOT-2016006702	C	2	5.1752	48	9275	1303	30	
PILOT-2016006702__D__gpt5.4__rep0.json	PILOT-2016006702	D	0	5.1657	48	9292	1297	30	
PILOT-2016006702__D__gpt5.4__rep1.json	PILOT-2016006702	D	1	5.5179	48	8699	1216	30	
PILOT-2016006702__D__gpt5.4__rep2.json	PILOT-2016006702	D	2	5.5684	48	8620	1212	30	
PILOT-2016006702__E__gpt5.4__rep0.json	PILOT-2016006702	E	0	5.0997	44	8628	1200	30	
PILOT-2016006702__E__gpt5.4__rep1.json	PILOT-2016006702	E	1	5.5498	48	8649	1216	30	
PILOT-2016006702__E__gpt5.4__rep2.json	PILOT-2016006702	E	2	5.1092	44	8612	1200	30	
PILOT-2016006702__F__gpt5.4__rep0.json	PILOT-2016006702	F	0	5.5351	48	8672	1212	30	
PILOT-2016006702__F__gpt5.4__rep1.json	PILOT-2016006702	F	1	5.2643	48	9118	1276	30	
PILOT-2016006702__F__gpt5.4__rep2.json	PILOT-2016006702	F	2	5.3709	48	8937	1249	30	
PILOT-2016006702__G__gpt5.4__rep0.json	PILOT-2016006702	G	0	5.0177	44	8769	1218	30	
PILOT-2016006702__G__gpt5.4__rep1.json	PILOT-2016006702	G	1	5.3286	48	9008	1261	30	
PILOT-2016006702__G__gpt5.4__rep2.json	PILOT-2016006702	G	2	5.4963	50	9097	1272	30	
PILOT-2016006702__baseline__gpt5.4__rep0.json	PILOT-2016006702	baseline	0	5.0908	44	8643	1207	30	
PILOT-2016006702__baseline__gpt5.4__rep1.json	PILOT-2016006702	baseline	1	5.1222	44	8590	1204	30	
PILOT-2016006702__baseline__gpt5.4__rep2.json	PILOT-2016006702	baseline	2	5.487	48	8748	1213	30	
PILOT-2016007603__A__gpt5.4__rep0.json	PILOT-2016007603	A	0	5.3685	11	2049	312	12	
PILOT-2016007603__A__gpt5.4__rep1.json	PILOT-2016007603	A	1	5.3922	11	2040	310	12	
PILOT-2016007603__A__gpt5.4__rep2.json	PILOT-2016007603	A	2	5.3502	11	2056	313	12	
PILOT-2016007603__B__gpt5.4__rep0.json	PILOT-2016007603	B	0	4.9955	11	2202	335	12	
PILOT-2016007603__B__gpt5.4__rep1.json	PILOT-2016007603	B	1	4.9661	11	2215	337	12	
PILOT-2016007603__B__gpt5.4__rep2.json	PILOT-2016007603	B	2	5.1571	11	2133	326	12	
PILOT-2016007603__C__gpt5.4__rep0.json	PILOT-2016007603	C	0	4.9527	11	2221	339	12	
PILOT-2016007603__C__gpt5.4__rep1.json	PILOT-2016007603	C	1	4.9349	11	2229	340	12	
PILOT-2016007603__C__gpt5.4__rep2.json	PILOT-2016007603	C	2	4.9349	11	2229	340	12	
PILOT-2016007603__D__gpt5.4__rep0.json	PILOT-2016007603	D	0	4.9349	11	2229	340	12	
PILOT-2016007603__D__gpt5.4__rep1.json	PILOT-2016007603	D	1	4.8889	11	2250	343	12	
PILOT-2016007603__D__gpt5.4__rep2.json	PILOT-2016007603	D	2	4.9349	11	2229	340	12	
PILOT-2016007603__E__gpt5.4__rep0.json	PILOT-2016007603	E	0	4.9349	11	2229	340	12	
PILOT-2016007603__E__gpt5.4__rep1.json	PILOT-2016007603	E	1	4.9349	11	2229	340	12	
PILOT-2016007603__E__gpt5.4__rep2.json	PILOT-2016007603	E	2	4.9349	11	2229	340	12	
PILOT-2016007603__F__gpt5.4__rep0.json	PILOT-2016007603	F	0	4.9349	11	2229	340	12	
PILOT-2016007603__F__gpt5.4__rep1.json	PILOT-2016007603	F	1	5.0855	11	2163	330	12	
PILOT-2016007603__F__gpt5.4__rep2.json	PILOT-2016007603	F	2	5.3398	11	2060	315	12	
PILOT-2016007603__G__gpt5.4__rep0.json	PILOT-2016007603	G	0	5.1595	11	2132	325	12	
PILOT-2016007603__G__gpt5.4__rep1.json	PILOT-2016007603	G	1	0.8562	1	1168	175	12	
PILOT-2016007603__G__gpt5.4__rep2.json	PILOT-2016007603	G	2	4.2599	8	1878	286	12	
PILOT-2016007603__baseline__gpt5.4__rep0.json	PILOT-2016007603	baseline	0	4.7598	11	2311	351	12	
PILOT-2016007603__baseline__gpt5.4__rep1.json	PILOT-2016007603	baseline	1	4.9349	11	2229	340	12	
PILOT-2016007603__baseline__gpt5.4__rep2.json	PILOT-2016007603	baseline	2	4.9349	11	2229	340	12	
PILOT-2016007888__A__gpt5.4__rep0.json	PILOT-2016007888	A	0	8.9229	14	1569	234	6	
PILOT-2016007888__A__gpt5.4__rep1.json	PILOT-2016007888	A	1	8.4388	14	1659	247	6	
PILOT-2016007888__A__gpt5.4__rep2.json	PILOT-2016007888	A	2	8.9229	14	1569	234	6	
PILOT-2016007888__B__gpt5.4__rep0.json	PILOT-2016007888	B	0	7.3918	14	1894	288	6	
PILOT-2016007888__B__gpt5.4__rep1.json	PILOT-2016007888	B	1	8.2305	14	1701	255	6	
PILOT-2016007888__B__gpt5.4__rep2.json	PILOT-2016007888	B	2	7.6128	14	1839	281	6	
PILOT-2016007888__C__gpt5.4__rep0.json	PILOT-2016007888	C	0	8.2305	14	1701	255	6	
PILOT-2016007888__C__gpt5.4__rep1.json	PILOT-2016007888	C	1	5.6657	26	4589	674	13	
PILOT-2016007888__C__gpt5.4__rep2.json	PILOT-2016007888	C	2	8.2305	14	1701	255	6	
PILOT-2016007888__D__gpt5.4__rep0.json	PILOT-2016007888	D	0	7.6232	45	5903	870	20	
PILOT-2016007888__D__gpt5.4__rep1.json	PILOT-2016007888	D	1	7.5847	45	5933	872	20	
PILOT-2016007888__D__gpt5.4__rep2.json	PILOT-2016007888	D	2	8.2305	14	1701	255	6	
PILOT-2016007888__E__gpt5.4__rep0.json	PILOT-2016007888	E	0	3.8168	5	1310	200	6	
PILOT-2016007888__E__gpt5.4__rep1.json	PILOT-2016007888	E	1	7.617	14	1838	281	6	
PILOT-2016007888__E__gpt5.4__rep2.json	PILOT-2016007888	E	2	0.0	0	906	137	6	
PILOT-2016007888__F__gpt5.4__rep0.json	PILOT-2016007888	F	0	8.3135	14	1684	253	6	
PILOT-2016007888__F__gpt5.4__rep1.json	PILOT-2016007888	F	1	8.2305	14	1701	255	6	
PILOT-2016007888__F__gpt5.4__rep2.json	PILOT-2016007888	F	2	5.9051	26	4403	654	13	
PILOT-2016007888__G__gpt5.4__rep0.json	PILOT-2016007888	G	0	7.6232	45	5903	871	20	
PILOT-2016007888__G__gpt5.4__rep1.json	PILOT-2016007888	G	1	8.6207	14	1624	246	6	
PILOT-2016007888__G__gpt5.4__rep2.json	PILOT-2016007888	G	2	7.4786	14	1872	285	6	
PILOT-2016007888__baseline__gpt5.4__rep0.json	PILOT-2016007888	baseline	0	4.887	8	1637	252	6	
PILOT-2016007888__baseline__gpt5.4__rep1.json	PILOT-2016007888	baseline	1	8.2305	14	1701	255	6	
PILOT-2016007888__baseline__gpt5.4__rep2.json	PILOT-2016007888	baseline	2	7.5799	14	1847	280	6	
PILOT-2017000071__A__gpt5.4__rep0.json	PILOT-2017000071	A	0	0.24	1	4166	631	7	
PILOT-2017000071__A__gpt5.4__rep1.json	PILOT-2017000071	A	1	0.2358	1	4241	639	7	
PILOT-2017000071__A__gpt5.4__rep2.json	PILOT-2017000071	A	2	0.2369	1	4222	639	7	
PILOT-2017000071__B__gpt5.4__rep0.json	PILOT-2017000071	B	0	0.2383	1	4197	638	7	
PILOT-2017000071__B__gpt5.4__rep1.json	PILOT-2017000071	B	1	0.2462	1	4062	614	7	
PILOT-2017000071__B__gpt5.4__rep2.json	PILOT-2017000071	B	2	0.2323	1	4305	653	7	
PILOT-2017000071__C__gpt5.4__rep0.json	PILOT-2017000071	C	0	0.2283	1	4380	661	7	
PILOT-2017000071__C__gpt5.4__rep1.json	PILOT-2017000071	C	1	0.2364	1	4231	639	7	
PILOT-2017000071__C__gpt5.4__rep2.json	PILOT-2017000071	C	2	0.2387	1	4190	633	7	
PILOT-2017000071__D__gpt5.4__rep0.json	PILOT-2017000071	D	0	0.2398	1	4170	629	7	
PILOT-2017000071__D__gpt5.4__rep1.json	PILOT-2017000071	D	1	0.2366	1	4227	640	7	
PILOT-2017000071__D__gpt5.4__rep2.json	PILOT-2017000071	D	2	0.2438	1	4101	617	7	
PILOT-2017000071__E__gpt5.4__rep0.json	PILOT-2017000071	E	0	0.2353	1	4250	641	7	
PILOT-2017000071__E__gpt5.4__rep1.json	PILOT-2017000071	E	1	0.2388	1	4187	634	7	
PILOT-2017000071__E__gpt5.4__rep2.json	PILOT-2017000071	E	2	0.2301	1	4345	653	7	
PILOT-2017000071__F__gpt5.4__rep0.json	PILOT-2017000071	F	0	0.2303	1	4343	653	7	
PILOT-2017000071__F__gpt5.4__rep1.json	PILOT-2017000071	F	1	0.2139	1	4676	710	7	
PILOT-2017000071__F__gpt5.4__rep2.json	PILOT-2017000071	F	2	0.2345	1	4265	646	7	
PILOT-2017000071__G__gpt5.4__rep0.json	PILOT-2017000071	G	0	0.2355	1	4247	640	7	
PILOT-2017000071__G__gpt5.4__rep1.json	PILOT-2017000071	G	1	0.2306	1	4337	649	7	
PILOT-2017000071__G__gpt5.4__rep2.json	PILOT-2017000071	G	2	0.2282	1	4382	659	7	
PILOT-2017000071__baseline__gpt5.4__rep0.json	PILOT-2017000071	baseline	0	0.2204	1	4538	683	7	
PILOT-2017000071__baseline__gpt5.4__rep1.json	PILOT-2017000071	baseline	1	0.2307	1	4335	654	7	
PILOT-2017000071__baseline__gpt5.4__rep2.json	PILOT-2017000071	baseline	2	0.2383	1	4196	630	7	
PILOT-2017000093__A__gpt5.4__rep0.json	PILOT-2017000093	A	0	3.7369	35	9366	1364	21	
PILOT-2017000093__A__gpt5.4__rep1.json	PILOT-2017000093	A	1	2.9364	27	9195	1330	19	
PILOT-2017000093__A__gpt5.4__rep2.json	PILOT-2017000093	A	2	3.7116	35	9430	1370	21	
PILOT-2017000093__B__gpt5.4__rep0.json	PILOT-2017000093	B	0	2.7319	24	8785	1264	17	
PILOT-2017000093__B__gpt5.4__rep1.json	PILOT-2017000093	B	1	3.203	29	9054	1291	17	
PILOT-2017000093__B__gpt5.4__rep2.json	PILOT-2017000093	B	2	3.3288	27	8111	1152	17	
PILOT-2017000093__C__gpt5.4__rep0.json	PILOT-2017000093	C	0	3.2282	35	10842	1593	21	
PILOT-2017000093__C__gpt5.4__rep1.json	PILOT-2017000093	C	1	3.4267	35	10214	1482	21	
PILOT-2017000093__C__gpt5.4__rep2.json	PILOT-2017000093	C	2	3.4857	35	10041	1469	21	
PILOT-2017000093__D__gpt5.4__rep0.json	PILOT-2017000093	D	0	3.0276	27	8918	1282	17	
PILOT-2017000093__D__gpt5.4__rep1.json	PILOT-2017000093	D	1	2.5079	27	10766	1576	17	
PILOT-2017000093__D__gpt5.4__rep2.json	PILOT-2017000093	D	2	2.8435	28	9847	1415	17	
PILOT-2017000093__E__gpt5.4__rep0.json	PILOT-2017000093	E	0	3.3233	32	9629	1399	21	
PILOT-2017000093__E__gpt5.4__rep1.json	PILOT-2017000093	E	1	3.4361	35	10186	1480	21	
PILOT-2017000093__E__gpt5.4__rep2.json	PILOT-2017000093	E	2	3.4401	35	10174	1482	21	
PILOT-2017000093__F__gpt5.4__rep0.json	PILOT-2017000093	F	0	3.3693	34	10091	1470	21	
PILOT-2017000093__F__gpt5.4__rep1.json	PILOT-2017000093	F	1	3.428	35	10210	1480	21	
PILOT-2017000093__F__gpt5.4__rep2.json	PILOT-2017000093	F	2	2.8184	27	9580	1380	17	
PILOT-2017000093__G__gpt5.4__rep0.json	PILOT-2017000093	G	0	2.5971	20	7701	1101	17	
PILOT-2017000093__G__gpt5.4__rep1.json	PILOT-2017000093	G	1	3.1458	25	7947	1152	21	
PILOT-2017000093__G__gpt5.4__rep2.json	PILOT-2017000093	G	2	2.9271	27	9224	1332	17	
PILOT-2017000093__baseline__gpt5.4__rep0.json	PILOT-2017000093	baseline	0	3.1963	35	10950	1597	21	
PILOT-2017000093__baseline__gpt5.4__rep1.json	PILOT-2017000093	baseline	1	2.8556	27	9455	1355	17	
PILOT-2017000093__baseline__gpt5.4__rep2.json	PILOT-2017000093	baseline	2	3.1039	35	11276	1632	21	
PILOT-2017001422__A__gpt5.4__rep0.json	PILOT-2017001422	A	0	6.3364	11	1736	232	8	
PILOT-2017001422__A__gpt5.4__rep1.json	PILOT-2017001422	A	1	5.3505	10	1869	232	8	
PILOT-2017001422__A__gpt5.4__rep2.json	PILOT-2017001422	A	2	6.2741	13	2072	261	8	
PILOT-2017001422__B__gpt5.4__rep0.json	PILOT-2017001422	B	0	5.7176	10	1749	217	8	
PILOT-2017001422__B__gpt5.4__rep1.json	PILOT-2017001422	B	1	6.0175	11	1828	227	8	
PILOT-2017001422__B__gpt5.4__rep2.json	PILOT-2017001422	B	2	5.7176	10	1749	217	8	
PILOT-2017001422__C__gpt5.4__rep0.json	PILOT-2017001422	C	0	6.7392	13	1929	240	8	
PILOT-2017001422__C__gpt5.4__rep1.json	PILOT-2017001422	C	1	6.2642	11	1756	216	8	
PILOT-2017001422__C__gpt5.4__rep2.json	PILOT-2017001422	C	2	7.732	12	1552	206	8	
PILOT-2017001422__D__gpt5.4__rep0.json	PILOT-2017001422	D	0	5.5006	10	1818	227	8	
PILOT-2017001422__D__gpt5.4__rep1.json	PILOT-2017001422	D	1	6.2714	11	1754	218	8	
PILOT-2017001422__D__gpt5.4__rep2.json	PILOT-2017001422	D	2	5.4282	9	1658	202	8	
PILOT-2017001422__E__gpt5.4__rep0.json	PILOT-2017001422	E	0	6.2358	11	1764	222	8	
PILOT-2017001422__E__gpt5.4__rep1.json	PILOT-2017001422	E	1	5.6689	10	1764	221	8	
PILOT-2017001422__E__gpt5.4__rep2.json	PILOT-2017001422	E	2	4.5746	10	2186	277	8	
PILOT-2017001422__F__gpt5.4__rep0.json	PILOT-2017001422	F	0	6.0976	11	1804	225	8	
PILOT-2017001422__F__gpt5.4__rep1.json	PILOT-2017001422	F	1	5.7013	10	1754	218	8	
PILOT-2017001422__F__gpt5.4__rep2.json	PILOT-2017001422	F	2	5.3821	10	1858	231	8	
PILOT-2017001422__G__gpt5.4__rep0.json	PILOT-2017001422	G	0	5.4348	11	2024	254	8	
PILOT-2017001422__G__gpt5.4__rep1.json	PILOT-2017001422	G	1	7.0729	13	1838	230	8	
PILOT-2017001422__G__gpt5.4__rep2.json	PILOT-2017001422	G	2	7.8585	12	1527	205	8	
PILOT-2017001422__baseline__gpt5.4__rep0.json	PILOT-2017001422	baseline	0	6.2714	11	1754	219	8	
PILOT-2017001422__baseline__gpt5.4__rep1.json	PILOT-2017001422	baseline	1	5.2549	10	1903	235	8	
PILOT-2017001422__baseline__gpt5.4__rep2.json	PILOT-2017001422	baseline	2	7.5472	14	1855	234	8	
PILOT-2017002001__A__gpt5.4__rep0.json	PILOT-2017002001	A	0	0.0	0	4261	633	19	
PILOT-2017002001__A__gpt5.4__rep1.json	PILOT-2017002001	A	1	0.0	0	3588	527	19	
PILOT-2017002001__A__gpt5.4__rep2.json	PILOT-2017002001	A	2	0.0	0	3911	572	19	
PILOT-2017002001__B__gpt5.4__rep0.json	PILOT-2017002001	B	0	0.0	0	3427	502	19	
PILOT-2017002001__B__gpt5.4__rep1.json	PILOT-2017002001	B	1	0.0	0	3534	514	19	
PILOT-2017002001__B__gpt5.4__rep2.json	PILOT-2017002001	B	2	0.0	0	4228	624	19	
PILOT-2017002001__C__gpt5.4__rep0.json	PILOT-2017002001	C	0	0.0	0	3911	573	19	
PILOT-2017002001__C__gpt5.4__rep1.json	PILOT-2017002001	C	1	0.0	0	4160	616	19	
PILOT-2017002001__C__gpt5.4__rep2.json	PILOT-2017002001	C	2	0.0	0	3993	587	19	
PILOT-2017002001__D__gpt5.4__rep0.json	PILOT-2017002001	D	0	0.0	0	3895	570	19	
PILOT-2017002001__D__gpt5.4__rep1.json	PILOT-2017002001	D	1	0.0	0	3707	544	19	
PILOT-2017002001__D__gpt5.4__rep2.json	PILOT-2017002001	D	2	0.2539	1	3938	585	19	
PILOT-2017002001__E__gpt5.4__rep0.json	PILOT-2017002001	E	0	0.0	0	3799	556	19	
PILOT-2017002001__E__gpt5.4__rep1.json	PILOT-2017002001	E	1	0.0	0	4019	588	19	
PILOT-2017002001__E__gpt5.4__rep2.json	PILOT-2017002001	E	2	0.0	0	3512	513	19	
PILOT-2017002001__F__gpt5.4__rep0.json	PILOT-2017002001	F	0	0.0	0	4059	593	19	
PILOT-2017002001__F__gpt5.4__rep1.json	PILOT-2017002001	F	1	0.0	0	3799	556	19	
PILOT-2017002001__F__gpt5.4__rep2.json	PILOT-2017002001	F	2	0.0	0	3878	567	19	
PILOT-2017002001__G__gpt5.4__rep0.json	PILOT-2017002001	G	0	0.0	0	4295	634	19	
PILOT-2017002001__G__gpt5.4__rep1.json	PILOT-2017002001	G	1	0.4781	2	4183	613	19	
PILOT-2017002001__G__gpt5.4__rep2.json	PILOT-2017002001	G	2	0.2366	1	4227	618	19	
PILOT-2017002001__baseline__gpt5.4__rep0.json	PILOT-2017002001	baseline	0	0.0	0	4080	604	19	
PILOT-2017002001__baseline__gpt5.4__rep1.json	PILOT-2017002001	baseline	1	0.0	0	3911	573	19	
PILOT-2017002001__baseline__gpt5.4__rep2.json	PILOT-2017002001	baseline	2	0.0	0	4117	606	19	
PILOT-2017002029__A__gpt5.4__rep0.json	PILOT-2017002029	A	0	15.532	60	3863	531	28	
PILOT-2017002029__A__gpt5.4__rep1.json	PILOT-2017002029	A	1	15.6781	60	3827	526	28	
PILOT-2017002029__A__gpt5.4__rep2.json	PILOT-2017002029	A	2	15.5491	64	4116	566	28	
PILOT-2017002029__B__gpt5.4__rep0.json	PILOT-2017002029	B	0	16.8324	66	3921	540	28	
PILOT-2017002029__B__gpt5.4__rep1.json	PILOT-2017002029	B	1	16.4694	64	3886	533	28	
PILOT-2017002029__B__gpt5.4__rep2.json	PILOT-2017002029	B	2	16.1377	60	3718	510	28	
PILOT-2017002029__C__gpt5.4__rep0.json	PILOT-2017002029	C	0	16.6927	64	3834	522	28	
PILOT-2017002029__C__gpt5.4__rep1.json	PILOT-2017002029	C	1	14.8889	61	4097	567	28	
PILOT-2017002029__C__gpt5.4__rep2.json	PILOT-2017002029	C	2	16.3373	62	3795	521	28	
PILOT-2017002029__D__gpt5.4__rep0.json	PILOT-2017002029	D	0	15.674	60	3828	524	28	
PILOT-2017002029__D__gpt5.4__rep1.json	PILOT-2017002029	D	1	14.9857	63	4204	581	28	
PILOT-2017002029__D__gpt5.4__rep2.json	PILOT-2017002029	D	2	14.4897	69	4762	660	28	
PILOT-2017002029__E__gpt5.4__rep0.json	PILOT-2017002029	E	0	14.0581	60	4268	576	28	
PILOT-2017002029__E__gpt5.4__rep1.json	PILOT-2017002029	E	1	16.6936	62	3714	509	28	
PILOT-2017002029__E__gpt5.4__rep2.json	PILOT-2017002029	E	2	14.9338	53	3549	484	28	
PILOT-2017002029__F__gpt5.4__rep0.json	PILOT-2017002029	F	0	15.4083	60	3894	536	28	
PILOT-2017002029__F__gpt5.4__rep1.json	PILOT-2017002029	F	1	16.0	60	3750	514	28	
PILOT-2017002029__F__gpt5.4__rep2.json	PILOT-2017002029	F	2	16.2464	67	4124	572	28	
PILOT-2017002029__G__gpt5.4__rep0.json	PILOT-2017002029	G	0	15.3579	62	4037	549	28	
PILOT-2017002029__G__gpt5.4__rep1.json	PILOT-2017002029	G	1	15.4719	60	3878	531	28	
PILOT-2017002029__G__gpt5.4__rep2.json	PILOT-2017002029	G	2	15.6134	63	4035	560	28	
PILOT-2017002029__baseline__gpt5.4__rep0.json	PILOT-2017002029	baseline	0	14.4231	60	4160	574	28	
PILOT-2017002029__baseline__gpt5.4__rep1.json	PILOT-2017002029	baseline	1	16.4108	62	3778	518	28	
PILOT-2017002029__baseline__gpt5.4__rep2.json	PILOT-2017002029	baseline	2	14.4488	62	4291	584	28	
PILOT-2017003676__A__gpt5.4__rep0.json	PILOT-2017003676	A	0	16.4414	45	2737	410	19	
PILOT-2017003676__A__gpt5.4__rep1.json	PILOT-2017003676	A	1	16.2631	45	2767	428	19	
PILOT-2017003676__A__gpt5.4__rep2.json	PILOT-2017003676	A	2	12.018	24	1997	294	19	
PILOT-2017003676__B__gpt5.4__rep0.json	PILOT-2017003676	B	0	14.8276	43	2900	432	19	
PILOT-2017003676__B__gpt5.4__rep1.json	PILOT-2017003676	B	1	14.9961	38	2534	382	19	
PILOT-2017003676__B__gpt5.4__rep2.json	PILOT-2017003676	B	2	15.356	33	2149	322	19	
PILOT-2017003676__C__gpt5.4__rep0.json	PILOT-2017003676	C	0	12.5378	29	2313	345	19	
PILOT-2017003676__C__gpt5.4__rep1.json	PILOT-2017003676	C	1	14.0166	32	2283	342	19	
PILOT-2017003676__C__gpt5.4__rep2.json	PILOT-2017003676	C	2	11.9231	31	2600	392	19	
PILOT-2017003676__D__gpt5.4__rep0.json	PILOT-2017003676	D	0	17.2098	47	2731	409	19	
PILOT-2017003676__D__gpt5.4__rep1.json	PILOT-2017003676	D	1	14.2637	37	2594	392	19	
PILOT-2017003676__D__gpt5.4__rep2.json	PILOT-2017003676	D	2	15.077	46	3051	458	19	
PILOT-2017003676__E__gpt5.4__rep0.json	PILOT-2017003676	E	0	14.8475	37	2492	378	19	
PILOT-2017003676__E__gpt5.4__rep1.json	PILOT-2017003676	E	1	12.5392	28	2233	331	19	
PILOT-2017003676__E__gpt5.4__rep2.json	PILOT-2017003676	E	2	16.712	43	2573	387	19	
PILOT-2017003676__F__gpt5.4__rep0.json	PILOT-2017003676	F	0	15.3574	26	1693	265	19	
PILOT-2017003676__F__gpt5.4__rep1.json	PILOT-2017003676	F	1	13.9752	36	2576	387	19	
PILOT-2017003676__F__gpt5.4__rep2.json	PILOT-2017003676	F	2	12.4434	33	2652	392	19	
PILOT-2017003676__G__gpt5.4__rep0.json	PILOT-2017003676	G	0	14.6401	36	2459	365	19	
PILOT-2017003676__G__gpt5.4__rep1.json	PILOT-2017003676	G	1	13.2086	24	1817	266	19	
PILOT-2017003676__G__gpt5.4__rep2.json	PILOT-2017003676	G	2	11.5404	23	1993	297	19	
PILOT-2017003676__baseline__gpt5.4__rep0.json	PILOT-2017003676	baseline	0	16.5703	43	2595	389	19	
PILOT-2017003676__baseline__gpt5.4__rep1.json	PILOT-2017003676	baseline	1	12.2164	21	1719	254	19	
PILOT-2017003676__baseline__gpt5.4__rep2.json	PILOT-2017003676	baseline	2	12.8205	44	3432	503	19	
PILOT-2017004144__A__gpt5.4__rep0.json	PILOT-2017004144	A	0	0.0	0	2777	422	7	
PILOT-2017004144__A__gpt5.4__rep1.json	PILOT-2017004144	A	1	0.0	0	3333	501	7	
PILOT-2017004144__A__gpt5.4__rep2.json	PILOT-2017004144	A	2	0.0	0	3206	473	7	
PILOT-2017004144__B__gpt5.4__rep0.json	PILOT-2017004144	B	0	0.0	0	3311	498	7	
PILOT-2017004144__B__gpt5.4__rep1.json	PILOT-2017004144	B	1	0.0	0	3308	495	7	
PILOT-2017004144__B__gpt5.4__rep2.json	PILOT-2017004144	B	2	0.0	0	2749	419	7	
PILOT-2017004144__C__gpt5.4__rep0.json	PILOT-2017004144	C	0	0.0	0	2565	391	7	
PILOT-2017004144__C__gpt5.4__rep1.json	PILOT-2017004144	C	1	0.0	0	2794	417	7	
PILOT-2017004144__C__gpt5.4__rep2.json	PILOT-2017004144	C	2	0.0	0	2432	375	7	
PILOT-2017004144__D__gpt5.4__rep0.json	PILOT-2017004144	D	0	0.0	0	2347	355	7	
PILOT-2017004144__D__gpt5.4__rep1.json	PILOT-2017004144	D	1	0.0	0	2787	422	7	
PILOT-2017004144__D__gpt5.4__rep2.json	PILOT-2017004144	D	2	0.0	0	2350	359	7	
PILOT-2017004144__E__gpt5.4__rep0.json	PILOT-2017004144	E	0	0.0	0	3010	459	7	
PILOT-2017004144__E__gpt5.4__rep1.json	PILOT-2017004144	E	1	0.0	0	3492	522	7	
PILOT-2017004144__E__gpt5.4__rep2.json	PILOT-2017004144	E	2	0.0	0	3492	522	7	
PILOT-2017004144__F__gpt5.4__rep0.json	PILOT-2017004144	F	0	0.0	0	3141	460	7	
PILOT-2017004144__F__gpt5.4__rep1.json	PILOT-2017004144	F	1	0.0	0	2707	403	7	
PILOT-2017004144__F__gpt5.4__rep2.json	PILOT-2017004144	F	2	0.0	0	3411	494	7	
PILOT-2017004144__G__gpt5.4__rep0.json	PILOT-2017004144	G	0	0.0	0	2566	384	7	
PILOT-2017004144__G__gpt5.4__rep1.json	PILOT-2017004144	G	1	0.0	0	2319	345	7	
PILOT-2017004144__G__gpt5.4__rep2.json	PILOT-2017004144	G	2	0.0	0	2114	322	7	
PILOT-2017004144__baseline__gpt5.4__rep0.json	PILOT-2017004144	baseline	0	0.0	0	2374	358	7	
PILOT-2017004144__baseline__gpt5.4__rep1.json	PILOT-2017004144	baseline	1	0.0	0	2556	388	7	
PILOT-2017004144__baseline__gpt5.4__rep2.json	PILOT-2017004144	baseline	2	0.0	0	2573	390	7	
PILOT-2017004286__A__gpt5.4__rep0.json	PILOT-2017004286	A	0	0.8418	6	7128	1015	26	
PILOT-2017004286__A__gpt5.4__rep1.json	PILOT-2017004286	A	1	0.8249	6	7274	1038	26	
PILOT-2017004286__A__gpt5.4__rep2.json	PILOT-2017004286	A	2	1.7896	14	7823	1122	26	
PILOT-2017004286__B__gpt5.4__rep0.json	PILOT-2017004286	B	0	1.0905	8	7336	1047	26	
PILOT-2017004286__B__gpt5.4__rep1.json	PILOT-2017004286	B	1	0.7913	6	7582	1080	26	
PILOT-2017004286__B__gpt5.4__rep2.json	PILOT-2017004286	B	2	0.8092	6	7415	1058	26	
PILOT-2017004286__C__gpt5.4__rep0.json	PILOT-2017004286	C	0	0.813	6	7380	1052	26	
PILOT-2017004286__C__gpt5.4__rep1.json	PILOT-2017004286	C	1	0.8368	6	7170	1020	26	
PILOT-2017004286__C__gpt5.4__rep2.json	PILOT-2017004286	C	2	0.7758	6	7734	1106	26	
PILOT-2017004286__D__gpt5.4__rep0.json	PILOT-2017004286	D	0	1.0992	8	7278	1040	26	
PILOT-2017004286__D__gpt5.4__rep1.json	PILOT-2017004286	D	1	2.0959	17	8111	1167	26	
PILOT-2017004286__D__gpt5.4__rep2.json	PILOT-2017004286	D	2	0.8188	6	7328	1047	26	
PILOT-2017004286__E__gpt5.4__rep0.json	PILOT-2017004286	E	0	0.8314	6	7217	1030	26	
PILOT-2017004286__E__gpt5.4__rep1.json	PILOT-2017004286	E	1	0.819	6	7326	1047	26	
PILOT-2017004286__E__gpt5.4__rep2.json	PILOT-2017004286	E	2	0.8294	6	7234	1033	26	
PILOT-2017004286__F__gpt5.4__rep0.json	PILOT-2017004286	F	0	1.1958	7	5854	844	21	
PILOT-2017004286__F__gpt5.4__rep1.json	PILOT-2017004286	F	1	3.3582	23	6849	996	21	
PILOT-2017004286__F__gpt5.4__rep2.json	PILOT-2017004286	F	2	0.4973	2	4022	569	10	
PILOT-2017004286__G__gpt5.4__rep0.json	PILOT-2017004286	G	0	1.1039	8	7247	1037	26	
PILOT-2017004286__G__gpt5.4__rep1.json	PILOT-2017004286	G	1	1.0255	8	7801	1118	26	
PILOT-2017004286__G__gpt5.4__rep2.json	PILOT-2017004286	G	2	0.7554	6	7943	1136	26	
PILOT-2017004286__baseline__gpt5.4__rep0.json	PILOT-2017004286	baseline	0	2.6765	21	7846	1130	26	
PILOT-2017004286__baseline__gpt5.4__rep1.json	PILOT-2017004286	baseline	1	0.825	6	7273	1038	26	
PILOT-2017004286__baseline__gpt5.4__rep2.json	PILOT-2017004286	baseline	2	1.9023	15	7885	1127	26	
PILOT-2017005259__A__gpt5.4__rep0.json	PILOT-2017005259	A	0	0.0	0	2326	317	14	
PILOT-2017005259__A__gpt5.4__rep1.json	PILOT-2017005259	A	1	0.0	0	2406	329	14	
PILOT-2017005259__A__gpt5.4__rep2.json	PILOT-2017005259	A	2	0.0	0	2357	321	14	
PILOT-2017005259__B__gpt5.4__rep0.json	PILOT-2017005259	B	0	0.0	0	2355	320	14	
PILOT-2017005259__B__gpt5.4__rep1.json	PILOT-2017005259	B	1	0.0	0	2103	284	14	
PILOT-2017005259__B__gpt5.4__rep2.json	PILOT-2017005259	B	2	0.0	0	2098	284	14	
PILOT-2017005259__C__gpt5.4__rep0.json	PILOT-2017005259	C	0	0.0	0	2459	336	14	
PILOT-2017005259__C__gpt5.4__rep1.json	PILOT-2017005259	C	1	0.0	0	2328	317	14	
PILOT-2017005259__C__gpt5.4__rep2.json	PILOT-2017005259	C	2	0.0	0	2352	320	14	
PILOT-2017005259__D__gpt5.4__rep0.json	PILOT-2017005259	D	0	0.0	0	2385	326	14	
PILOT-2017005259__D__gpt5.4__rep1.json	PILOT-2017005259	D	1	0.0	0	2427	329	14	
PILOT-2017005259__D__gpt5.4__rep2.json	PILOT-2017005259	D	2	0.0	0	2081	282	14	
PILOT-2017005259__E__gpt5.4__rep0.json	PILOT-2017005259	E	0	0.0	0	2346	320	14	
PILOT-2017005259__E__gpt5.4__rep1.json	PILOT-2017005259	E	1	0.0	0	2356	321	14	
PILOT-2017005259__E__gpt5.4__rep2.json	PILOT-2017005259	E	2	0.0	0	2321	316	14	
PILOT-2017005259__F__gpt5.4__rep0.json	PILOT-2017005259	F	0	0.0	0	2385	326	14	
PILOT-2017005259__F__gpt5.4__rep1.json	PILOT-2017005259	F	1	0.0	0	2280	313	14	
PILOT-2017005259__F__gpt5.4__rep2.json	PILOT-2017005259	F	2	0.0	0	2121	291	14	
PILOT-2017005259__G__gpt5.4__rep0.json	PILOT-2017005259	G	0	0.0	0	2387	324	14	
PILOT-2017005259__G__gpt5.4__rep1.json	PILOT-2017005259	G	1	0.0	0	2411	329	14	
PILOT-2017005259__G__gpt5.4__rep2.json	PILOT-2017005259	G	2	0.0	0	2351	317	14	
PILOT-2017005259__baseline__gpt5.4__rep0.json	PILOT-2017005259	baseline	0	0.0	0	2328	317	14	
PILOT-2017005259__baseline__gpt5.4__rep1.json	PILOT-2017005259	baseline	1	0.0	0	2403	326	14	
PILOT-2017005259__baseline__gpt5.4__rep2.json	PILOT-2017005259	baseline	2	0.0	0	2593	353	14	
PILOT-2017005493__A__gpt5.4__rep0.json	PILOT-2017005493	A	0	1.6868	6	3557	537	20	
PILOT-2017005493__A__gpt5.4__rep1.json	PILOT-2017005493	A	1	1.603	6	3743	557	20	
PILOT-2017005493__A__gpt5.4__rep2.json	PILOT-2017005493	A	2	1.6732	6	3586	533	20	
PILOT-2017005493__B__gpt5.4__rep0.json	PILOT-2017005493	B	0	1.5291	6	3924	585	20	
PILOT-2017005493__B__gpt5.4__rep1.json	PILOT-2017005493	B	1	1.5781	6	3802	566	20	
PILOT-2017005493__B__gpt5.4__rep2.json	PILOT-2017005493	B	2	1.8499	7	3784	563	20	
PILOT-2017005493__C__gpt5.4__rep0.json	PILOT-2017005493	C	0	1.5645	6	3835	574	20	
PILOT-2017005493__C__gpt5.4__rep1.json	PILOT-2017005493	C	1	2.1186	8	3776	560	20	
PILOT-2017005493__C__gpt5.4__rep2.json	PILOT-2017005493	C	2	1.5839	6	3788	558	20	
PILOT-2017005493__D__gpt5.4__rep0.json	PILOT-2017005493	D	0	1.5136	6	3964	592	20	
PILOT-2017005493__D__gpt5.4__rep1.json	PILOT-2017005493	D	1	1.4899	6	4027	604	20	
PILOT-2017005493__D__gpt5.4__rep2.json	PILOT-2017005493	D	2	1.476	6	4065	608	20	
PILOT-2017005493__E__gpt5.4__rep0.json	PILOT-2017005493	E	0	1.5727	6	3815	574	20	
PILOT-2017005493__E__gpt5.4__rep1.json	PILOT-2017005493	E	1	1.6575	6	3620	546	20	
PILOT-2017005493__E__gpt5.4__rep2.json	PILOT-2017005493	E	2	1.581	6	3795	571	20	
PILOT-2017005493__F__gpt5.4__rep0.json	PILOT-2017005493	F	0	1.5794	6	3799	568	20	
PILOT-2017005493__F__gpt5.4__rep1.json	PILOT-2017005493	F	1	1.4684	6	4086	605	20	
PILOT-2017005493__F__gpt5.4__rep2.json	PILOT-2017005493	F	2	1.6878	6	3555	530	20	
PILOT-2017005493__G__gpt5.4__rep0.json	PILOT-2017005493	G	0	1.6393	6	3660	545	20	
PILOT-2017005493__G__gpt5.4__rep1.json	PILOT-2017005493	G	1	1.734	7	4037	606	20	
PILOT-2017005493__G__gpt5.4__rep2.json	PILOT-2017005493	G	2	1.998	8	4004	587	20	
PILOT-2017005493__baseline__gpt5.4__rep0.json	PILOT-2017005493	baseline	0	1.9042	7	3676	551	20	
PILOT-2017005493__baseline__gpt5.4__rep1.json	PILOT-2017005493	baseline	1	1.638	6	3663	546	20	
PILOT-2017005493__baseline__gpt5.4__rep2.json	PILOT-2017005493	baseline	2	1.6897	6	3551	519	20	
PILOT-2017006188__A__gpt5.4__rep0.json	PILOT-2017006188	A	0	2.0513	6	2925	365	17	
PILOT-2017006188__A__gpt5.4__rep1.json	PILOT-2017006188	A	1	2.0202	6	2970	368	17	
PILOT-2017006188__A__gpt5.4__rep2.json	PILOT-2017006188	A	2	2.189	6	2741	341	17	
PILOT-2017006188__B__gpt5.4__rep0.json	PILOT-2017006188	B	0	2.1164	6	2835	352	16	
PILOT-2017006188__B__gpt5.4__rep1.json	PILOT-2017006188	B	1	2.1452	6	2797	340	16	
PILOT-2017006188__B__gpt5.4__rep2.json	PILOT-2017006188	B	2	1.816	6	3304	421	17	
PILOT-2017006188__C__gpt5.4__rep0.json	PILOT-2017006188	C	0	1.5647	9	5752	724	23	
PILOT-2017006188__C__gpt5.4__rep1.json	PILOT-2017006188	C	1	1.7673	6	3395	415	18	
PILOT-2017006188__C__gpt5.4__rep2.json	PILOT-2017006188	C	2	1.6607	6	3613	447	18	
PILOT-2017006188__D__gpt5.4__rep0.json	PILOT-2017006188	D	0	2.0394	6	2942	370	17	
PILOT-2017006188__D__gpt5.4__rep1.json	PILOT-2017006188	D	1	1.992	6	3012	376	17	
PILOT-2017006188__D__gpt5.4__rep2.json	PILOT-2017006188	D	2	2.1559	6	2783	344	17	
PILOT-2017006188__E__gpt5.4__rep0.json	PILOT-2017006188	E	0	None	0	0		0	no_parsed_body
PILOT-2017006188__E__gpt5.4__rep1.json	PILOT-2017006188	E	1	2.185	6	2746	337	17	
PILOT-2017006188__E__gpt5.4__rep2.json	PILOT-2017006188	E	2	1.9399	6	3093	392	17	
PILOT-2017006188__F__gpt5.4__rep0.json	PILOT-2017006188	F	0	None	0	0		0	no_parsed_body
PILOT-2017006188__F__gpt5.4__rep1.json	PILOT-2017006188	F	1	1.8809	6	3190	403	17	
PILOT-2017006188__F__gpt5.4__rep2.json	PILOT-2017006188	F	2	1.8254	6	3287	415	17	
PILOT-2017006188__G__gpt5.4__rep0.json	PILOT-2017006188	G	0	1.8605	6	3225	402	18	
PILOT-2017006188__G__gpt5.4__rep1.json	PILOT-2017006188	G	1	2.0768	6	2889	356	17	
PILOT-2017006188__G__gpt5.4__rep2.json	PILOT-2017006188	G	2	1.8422	6	3257	402	18	
PILOT-2017006188__baseline__gpt5.4__rep0.json	PILOT-2017006188	baseline	0	2.0134	6	2980	373	17	
PILOT-2017006188__baseline__gpt5.4__rep1.json	PILOT-2017006188	baseline	1	2.0718	6	2896	360	17	
PILOT-2017006188__baseline__gpt5.4__rep2.json	PILOT-2017006188	baseline	2	1.4742	9	6105	779	23	
PILOT-2017007272__A__gpt5.4__rep0.json	PILOT-2017007272	A	0	4.4626	12	2689	409	20	
PILOT-2017007272__A__gpt5.4__rep1.json	PILOT-2017007272	A	1	4.2903	12	2797	424	20	
PILOT-2017007272__A__gpt5.4__rep2.json	PILOT-2017007272	A	2	4.3103	12	2784	420	20	
PILOT-2017007272__B__gpt5.4__rep0.json	PILOT-2017007272	B	0	4.9448	13	2629	401	20	
PILOT-2017007272__B__gpt5.4__rep1.json	PILOT-2017007272	B	1	4.6864	13	2774	423	20	
PILOT-2017007272__B__gpt5.4__rep2.json	PILOT-2017007272	B	2	5.2	13	2500	382	20	
PILOT-2017007272__C__gpt5.4__rep0.json	PILOT-2017007272	C	0	5.0742	13	2562	388	20	
PILOT-2017007272__C__gpt5.4__rep1.json	PILOT-2017007272	C	1	5.2525	13	2475	377	20	
PILOT-2017007272__C__gpt5.4__rep2.json	PILOT-2017007272	C	2	4.3786	13	2969	459	20	
PILOT-2017007272__D__gpt5.4__rep0.json	PILOT-2017007272	D	0	4.8166	13	2699	414	20	
PILOT-2017007272__D__gpt5.4__rep1.json	PILOT-2017007272	D	1	4.6263	13	2810	432	20	
PILOT-2017007272__D__gpt5.4__rep2.json	PILOT-2017007272	D	2	5.2188	13	2491	380	20	
PILOT-2017007272__E__gpt5.4__rep0.json	PILOT-2017007272	E	0	4.5351	12	2646	399	20	
PILOT-2017007272__E__gpt5.4__rep1.json	PILOT-2017007272	E	1	4.7885	12	2506	378	20	
PILOT-2017007272__E__gpt5.4__rep2.json	PILOT-2017007272	E	2	5.0407	13	2579	390	20	
PILOT-2017007272__F__gpt5.4__rep0.json	PILOT-2017007272	F	0	4.2918	11	2563	392	20	
PILOT-2017007272__F__gpt5.4__rep1.json	PILOT-2017007272	F	1	4.9187	13	2643	404	20	
PILOT-2017007272__F__gpt5.4__rep2.json	PILOT-2017007272	F	2	4.7468	12	2528	383	20	
PILOT-2017007272__G__gpt5.4__rep0.json	PILOT-2017007272	G	0	4.7515	13	2736	416	20	
PILOT-2017007272__G__gpt5.4__rep1.json	PILOT-2017007272	G	1	4.2937	10	2329	357	14	
PILOT-2017007272__G__gpt5.4__rep2.json	PILOT-2017007272	G	2	5.0821	13	2558	389	20	
PILOT-2017007272__baseline__gpt5.4__rep0.json	PILOT-2017007272	baseline	0	4.9866	13	2607	400	20	
PILOT-2017007272__baseline__gpt5.4__rep1.json	PILOT-2017007272	baseline	1	4.7962	12	2502	378	20	
PILOT-2017007272__baseline__gpt5.4__rep2.json	PILOT-2017007272	baseline	2	5.0643	13	2567	389	20	
PILOT-2017007595__A__gpt5.4__rep0.json	PILOT-2017007595	A	0	3.3501	38	11343	1585	42	
PILOT-2017007595__A__gpt5.4__rep1.json	PILOT-2017007595	A	1	3.3104	38	11479	1590	42	
PILOT-2017007595__A__gpt5.4__rep2.json	PILOT-2017007595	A	2	3.3715	38	11271	1569	42	
PILOT-2017007595__B__gpt5.4__rep0.json	PILOT-2017007595	B	0	3.2713	39	11922	1687	42	
PILOT-2017007595__B__gpt5.4__rep1.json	PILOT-2017007595	B	1	3.399	39	11474	1586	42	
PILOT-2017007595__B__gpt5.4__rep2.json	PILOT-2017007595	B	2	2.7376	32	11689	1622	42	
PILOT-2017007595__C__gpt5.4__rep0.json	PILOT-2017007595	C	0	3.6321	43	11839	1643	42	
PILOT-2017007595__C__gpt5.4__rep1.json	PILOT-2017007595	C	1	3.6566	44	12033	1667	42	
PILOT-2017007595__C__gpt5.4__rep2.json	PILOT-2017007595	C	2	3.6268	44	12132	1684	42	
PILOT-2017007595__D__gpt5.4__rep0.json	PILOT-2017007595	D	0	3.0749	38	12358	1749	42	
PILOT-2017007595__D__gpt5.4__rep1.json	PILOT-2017007595	D	1	3.5085	44	12541	1760	42	
PILOT-2017007595__D__gpt5.4__rep2.json	PILOT-2017007595	D	2	3.3577	39	11615	1619	42	
PILOT-2017007595__E__gpt5.4__rep0.json	PILOT-2017007595	E	0	3.7544	45	11986	1664	42	
PILOT-2017007595__E__gpt5.4__rep1.json	PILOT-2017007595	E	1	3.7224	45	12089	1680	42	
PILOT-2017007595__E__gpt5.4__rep2.json	PILOT-2017007595	E	2	3.294	38	11536	1599	42	
PILOT-2017007595__F__gpt5.4__rep0.json	PILOT-2017007595	F	0	3.216	38	11816	1653	42	
PILOT-2017007595__F__gpt5.4__rep1.json	PILOT-2017007595	F	1	3.1653	40	12637	1786	42	
PILOT-2017007595__F__gpt5.4__rep2.json	PILOT-2017007595	F	2	3.5723	44	12317	1705	42	
PILOT-2017007595__G__gpt5.4__rep0.json	PILOT-2017007595	G	0	3.5116	39	11106	1537	42	
PILOT-2017007595__G__gpt5.4__rep1.json	PILOT-2017007595	G	1	3.0216	38	12576	1787	42	
PILOT-2017007595__G__gpt5.4__rep2.json	PILOT-2017007595	G	2	3.2095	38	11840	1653	42	
PILOT-2017007595__baseline__gpt5.4__rep0.json	PILOT-2017007595	baseline	0	3.4453	44	12771	1798	42	
PILOT-2017007595__baseline__gpt5.4__rep1.json	PILOT-2017007595	baseline	1	3.5631	43	12068	1680	42	
PILOT-2017007595__baseline__gpt5.4__rep2.json	PILOT-2017007595	baseline	2	3.6563	44	12034	1672	42	
PILOT-2017009415__A__gpt5.4__rep0.json	PILOT-2017009415	A	0	4.1899	15	3580	510	13	
PILOT-2017009415__A__gpt5.4__rep1.json	PILOT-2017009415	A	1	4.2724	16	3745	531	13	
PILOT-2017009415__A__gpt5.4__rep2.json	PILOT-2017009415	A	2	4.1743	16	3833	542	13	
PILOT-2017009415__B__gpt5.4__rep0.json	PILOT-2017009415	B	0	4.3248	18	4162	584	13	
PILOT-2017009415__B__gpt5.4__rep1.json	PILOT-2017009415	B	1	3.6339	16	4403	618	13	
PILOT-2017009415__B__gpt5.4__rep2.json	PILOT-2017009415	B	2	2.9403	10	3401	476	13	
PILOT-2017009415__C__gpt5.4__rep0.json	PILOT-2017009415	C	0	4.0355	15	3717	525	13	
PILOT-2017009415__C__gpt5.4__rep1.json	PILOT-2017009415	C	1	3.985	17	4266	612	13	
PILOT-2017009415__C__gpt5.4__rep2.json	PILOT-2017009415	C	2	3.032	11	3628	514	13	
PILOT-2017009415__D__gpt5.4__rep0.json	PILOT-2017009415	D	0	3.3879	12	3542	501	13	
PILOT-2017009415__D__gpt5.4__rep1.json	PILOT-2017009415	D	1	3.9771	16	4023	568	13	
PILOT-2017009415__D__gpt5.4__rep2.json	PILOT-2017009415	D	2	3.8369	16	4170	590	13	
PILOT-2017009415__E__gpt5.4__rep0.json	PILOT-2017009415	E	0	3.859	15	3887	554	13	
PILOT-2017009415__E__gpt5.4__rep1.json	PILOT-2017009415	E	1	4.4174	16	3622	515	13	
PILOT-2017009415__E__gpt5.4__rep2.json	PILOT-2017009415	E	2	3.6093	16	4433	619	13	
PILOT-2017009415__F__gpt5.4__rep0.json	PILOT-2017009415	F	0	3.4862	13	3729	528	13	
PILOT-2017009415__F__gpt5.4__rep1.json	PILOT-2017009415	F	1	3.1088	9	2895	411	13	
PILOT-2017009415__F__gpt5.4__rep2.json	PILOT-2017009415	F	2	4.1197	15	3641	511	13	
PILOT-2017009415__G__gpt5.4__rep0.json	PILOT-2017009415	G	0	4.4285	16	3613	514	13	
PILOT-2017009415__G__gpt5.4__rep1.json	PILOT-2017009415	G	1	4.2519	16	3763	530	13	
PILOT-2017009415__G__gpt5.4__rep2.json	PILOT-2017009415	G	2	3.501	11	3142	439	13	
PILOT-2017009415__baseline__gpt5.4__rep0.json	PILOT-2017009415	baseline	0	3.8695	14	3618	513	13	
PILOT-2017009415__baseline__gpt5.4__rep1.json	PILOT-2017009415	baseline	1	4.0915	17	4155	594	13	
PILOT-2017009415__baseline__gpt5.4__rep2.json	PILOT-2017009415	baseline	2	4.4421	17	3827	544	13	
PILOT-2017010497__A__gpt5.4__rep0.json	PILOT-2017010497	A	0	3.0769	11	3575	546	13	
PILOT-2017010497__A__gpt5.4__rep1.json	PILOT-2017010497	A	1	6.6209	27	4078	622	17	
PILOT-2017010497__A__gpt5.4__rep2.json	PILOT-2017010497	A	2	3.1021	11	3546	545	13	
PILOT-2017010497__B__gpt5.4__rep0.json	PILOT-2017010497	B	0	2.7855	10	3590	541	13	
PILOT-2017010497__B__gpt5.4__rep1.json	PILOT-2017010497	B	1	2.9028	10	3445	521	13	
PILOT-2017010497__B__gpt5.4__rep2.json	PILOT-2017010497	B	2	3.4904	12	3438	519	13	
PILOT-2017010497__C__gpt5.4__rep0.json	PILOT-2017010497	C	0	2.7988	10	3573	539	13	
PILOT-2017010497__C__gpt5.4__rep1.json	PILOT-2017010497	C	1	3.0726	11	3580	551	13	
PILOT-2017010497__C__gpt5.4__rep2.json	PILOT-2017010497	C	2	2.9044	10	3443	526	13	
PILOT-2017010497__D__gpt5.4__rep0.json	PILOT-2017010497	D	0	6.492	28	4313	668	16	
PILOT-2017010497__D__gpt5.4__rep1.json	PILOT-2017010497	D	1	2.8879	11	3809	575	13	
PILOT-2017010497__D__gpt5.4__rep2.json	PILOT-2017010497	D	2	6.9393	28	4035	617	16	
PILOT-2017010497__E__gpt5.4__rep0.json	PILOT-2017010497	E	0	2.8358	11	3879	588	13	
PILOT-2017010497__E__gpt5.4__rep1.json	PILOT-2017010497	E	1	3.142	11	3501	532	16	
PILOT-2017010497__E__gpt5.4__rep2.json	PILOT-2017010497	E	2	7.0525	29	4112	636	16	
PILOT-2017010497__F__gpt5.4__rep0.json	PILOT-2017010497	F	0	6.3148	28	4434	686	16	
PILOT-2017010497__F__gpt5.4__rep1.json	PILOT-2017010497	F	1	2.3878	10	4188	627	13	
PILOT-2017010497__F__gpt5.4__rep2.json	PILOT-2017010497	F	2	2.791	10	3583	545	13	
PILOT-2017010497__G__gpt5.4__rep0.json	PILOT-2017010497	G	0	3.0404	11	3618	549	13	
PILOT-2017010497__G__gpt5.4__rep1.json	PILOT-2017010497	G	1	6.2077	22	3544	543	17	
PILOT-2017010497__G__gpt5.4__rep2.json	PILOT-2017010497	G	2	6.6611	24	3603	554	16	
PILOT-2017010497__baseline__gpt5.4__rep0.json	PILOT-2017010497	baseline	0	6.3694	27	4239	648	16	
PILOT-2017010497__baseline__gpt5.4__rep1.json	PILOT-2017010497	baseline	1	6.8493	29	4234	648	16	
PILOT-2017010497__baseline__gpt5.4__rep2.json	PILOT-2017010497	baseline	2	6.271	28	4465	684	16	
PILOT-2017010632__A__gpt5.4__rep0.json	PILOT-2017010632	A	0	6.9438	70	10081	1504	20	
PILOT-2017010632__A__gpt5.4__rep1.json	PILOT-2017010632	A	1	7.4117	76	10254	1523	20	
PILOT-2017010632__A__gpt5.4__rep2.json	PILOT-2017010632	A	2	6.9293	70	10102	1500	20	
PILOT-2017010632__B__gpt5.4__rep0.json	PILOT-2017010632	B	0	5.2483	13	2477	378	2	
PILOT-2017010632__B__gpt5.4__rep1.json	PILOT-2017010632	B	1	2.5278	5	1978	295	2	
PILOT-2017010632__B__gpt5.4__rep2.json	PILOT-2017010632	B	2	7.1666	69	9628	1433	20	
PILOT-2017010632__C__gpt5.4__rep0.json	PILOT-2017010632	C	0	6.9916	70	10012	1497	20	
PILOT-2017010632__C__gpt5.4__rep1.json	PILOT-2017010632	C	1	6.9184	70	10118	1511	20	
PILOT-2017010632__C__gpt5.4__rep2.json	PILOT-2017010632	C	2	7.5143	76	10114	1496	20	
PILOT-2017010632__D__gpt5.4__rep0.json	PILOT-2017010632	D	0	7.0175	70	9975	1489	20	
PILOT-2017010632__D__gpt5.4__rep1.json	PILOT-2017010632	D	1	7.019	70	9973	1490	20	
PILOT-2017010632__D__gpt5.4__rep2.json	PILOT-2017010632	D	2	7.2785	69	9480	1414	20	
PILOT-2017010632__E__gpt5.4__rep0.json	PILOT-2017010632	E	0	7.0105	70	9985	1491	20	
PILOT-2017010632__E__gpt5.4__rep1.json	PILOT-2017010632	E	1	2.5853	5	1934	293	2	
PILOT-2017010632__E__gpt5.4__rep2.json	PILOT-2017010632	E	2	2.0559	5	2432	374	2	
PILOT-2017010632__F__gpt5.4__rep0.json	PILOT-2017010632	F	0	1.8149	4	2204	343	2	
PILOT-2017010632__F__gpt5.4__rep1.json	PILOT-2017010632	F	1	7.2501	70	9655	1438	20	
PILOT-2017010632__F__gpt5.4__rep2.json	PILOT-2017010632	F	2	7.0707	70	9900	1475	20	
PILOT-2017010632__G__gpt5.4__rep0.json	PILOT-2017010632	G	0	2.0559	5	2432	374	2	
PILOT-2017010632__G__gpt5.4__rep1.json	PILOT-2017010632	G	1	2.0619	5	2425	372	2	
PILOT-2017010632__G__gpt5.4__rep2.json	PILOT-2017010632	G	2	6.9184	70	10118	1511	20	
PILOT-2017010632__baseline__gpt5.4__rep0.json	PILOT-2017010632	baseline	0	7.06	70	9915	1472	20	
PILOT-2017010632__baseline__gpt5.4__rep1.json	PILOT-2017010632	baseline	1	6.9895	70	10015	1496	20	
PILOT-2017010632__baseline__gpt5.4__rep2.json	PILOT-2017010632	baseline	2	7.2818	73	10025	1496	20	
PILOT-2018000427__A__gpt5.4__rep0.json	PILOT-2018000427	A	0	3.6866	4	1085	178	2	
PILOT-2018000427__A__gpt5.4__rep1.json	PILOT-2018000427	A	1	2.6144	4	1530	244	2	
PILOT-2018000427__A__gpt5.4__rep2.json	PILOT-2018000427	A	2	3.6799	4	1087	174	2	
PILOT-2018000427__B__gpt5.4__rep0.json	PILOT-2018000427	B	0	3.2051	4	1248	189	2	
PILOT-2018000427__B__gpt5.4__rep1.json	PILOT-2018000427	B	1	3.2077	4	1247	189	2	
PILOT-2018000427__B__gpt5.4__rep2.json	PILOT-2018000427	B	2	3.2051	4	1248	189	2	
PILOT-2018000427__C__gpt5.4__rep0.json	PILOT-2018000427	C	0	3.2077	4	1247	189	2	
PILOT-2018000427__C__gpt5.4__rep1.json	PILOT-2018000427	C	1	3.1299	4	1278	195	2	
PILOT-2018000427__C__gpt5.4__rep2.json	PILOT-2018000427	C	2	2.8839	4	1387	212	2	
PILOT-2018000427__D__gpt5.4__rep0.json	PILOT-2018000427	D	0	2.886	4	1386	212	2	
PILOT-2018000427__D__gpt5.4__rep1.json	PILOT-2018000427	D	1	2.8798	4	1389	213	2	
PILOT-2018000427__D__gpt5.4__rep2.json	PILOT-2018000427	D	2	3.2077	4	1247	189	2	
PILOT-2018000427__E__gpt5.4__rep0.json	PILOT-2018000427	E	0	3.1274	4	1279	195	2	
PILOT-2018000427__E__gpt5.4__rep1.json	PILOT-2018000427	E	1	2.6596	4	1504	234	2	
PILOT-2018000427__E__gpt5.4__rep2.json	PILOT-2018000427	E	2	3.1274	4	1279	195	2	
PILOT-2018000427__F__gpt5.4__rep0.json	PILOT-2018000427	F	0	3.1299	4	1278	195	2	
PILOT-2018000427__F__gpt5.4__rep1.json	PILOT-2018000427	F	1	3.1299	4	1278	195	2	
PILOT-2018000427__F__gpt5.4__rep2.json	PILOT-2018000427	F	2	2.8839	4	1387	212	2	
PILOT-2018000427__G__gpt5.4__rep0.json	PILOT-2018000427	G	0	3.012	4	1328	202	2	
PILOT-2018000427__G__gpt5.4__rep1.json	PILOT-2018000427	G	1	2.8592	4	1399	215	2	
PILOT-2018000427__G__gpt5.4__rep2.json	PILOT-2018000427	G	2	2.7836	4	1437	222	2	
PILOT-2018000427__baseline__gpt5.4__rep0.json	PILOT-2018000427	baseline	0	3.1299	4	1278	195	2	
PILOT-2018000427__baseline__gpt5.4__rep1.json	PILOT-2018000427	baseline	1	2.5991	4	1539	236	2	
PILOT-2018000427__baseline__gpt5.4__rep2.json	PILOT-2018000427	baseline	2	2.7009	4	1481	231	2	
PILOT-2018001232__A__gpt5.4__rep0.json	PILOT-2018001232	A	0	0.0	0	3377	529	20	
PILOT-2018001232__A__gpt5.4__rep1.json	PILOT-2018001232	A	1	0.0	0	4391	694	20	
PILOT-2018001232__A__gpt5.4__rep2.json	PILOT-2018001232	A	2	0.0	0	4154	651	20	
PILOT-2018001232__B__gpt5.4__rep0.json	PILOT-2018001232	B	0	0.0	0	4256	674	20	
PILOT-2018001232__B__gpt5.4__rep1.json	PILOT-2018001232	B	1	0.0	0	2384	369	20	
PILOT-2018001232__B__gpt5.4__rep2.json	PILOT-2018001232	B	2	0.0	0	3841	607	20	
PILOT-2018001232__C__gpt5.4__rep0.json	PILOT-2018001232	C	0	0.0	0	3905	613	20	
PILOT-2018001232__C__gpt5.4__rep1.json	PILOT-2018001232	C	1	0.0	0	3927	623	20	
PILOT-2018001232__C__gpt5.4__rep2.json	PILOT-2018001232	C	2	0.0	0	3905	613	20	
PILOT-2018001232__D__gpt5.4__rep0.json	PILOT-2018001232	D	0	0.0	0	3905	613	20	
PILOT-2018001232__D__gpt5.4__rep1.json	PILOT-2018001232	D	1	0.0	0	3984	633	20	
PILOT-2018001232__D__gpt5.4__rep2.json	PILOT-2018001232	D	2	0.0	0	4105	652	20	
PILOT-2018001232__E__gpt5.4__rep0.json	PILOT-2018001232	E	0	0.0	0	4099	650	20	
PILOT-2018001232__E__gpt5.4__rep1.json	PILOT-2018001232	E	1	0.0	0	4015	639	20	
PILOT-2018001232__E__gpt5.4__rep2.json	PILOT-2018001232	E	2	0.0	0	5401	845	20	
PILOT-2018001232__F__gpt5.4__rep0.json	PILOT-2018001232	F	0	0.0	0	4192	667	20	
PILOT-2018001232__F__gpt5.4__rep1.json	PILOT-2018001232	F	1	0.0	0	3905	613	20	
PILOT-2018001232__F__gpt5.4__rep2.json	PILOT-2018001232	F	2	0.0	0	3905	613	20	
PILOT-2018001232__G__gpt5.4__rep0.json	PILOT-2018001232	G	0	0.0	0	4960	782	20	
PILOT-2018001232__G__gpt5.4__rep1.json	PILOT-2018001232	G	1	0.0	0	4112	651	20	
PILOT-2018001232__G__gpt5.4__rep2.json	PILOT-2018001232	G	2	0.0	0	3602	563	20	
PILOT-2018001232__baseline__gpt5.4__rep0.json	PILOT-2018001232	baseline	0	0.0	0	4105	652	20	
PILOT-2018001232__baseline__gpt5.4__rep1.json	PILOT-2018001232	baseline	1	0.0	0	4323	678	20	
PILOT-2018001232__baseline__gpt5.4__rep2.json	PILOT-2018001232	baseline	2	0.0	0	3541	555	20	
PILOT-2018003513__A__gpt5.4__rep0.json	PILOT-2018003513	A	0	14.5245	53	3649	507	25	
PILOT-2018003513__A__gpt5.4__rep1.json	PILOT-2018003513	A	1	10.377	60	5782	735	25	
PILOT-2018003513__A__gpt5.4__rep2.json	PILOT-2018003513	A	2	15.411	63	4088	566	25	
PILOT-2018003513__B__gpt5.4__rep0.json	PILOT-2018003513	B	0	14.8731	51	3429	485	24	
PILOT-2018003513__B__gpt5.4__rep1.json	PILOT-2018003513	B	1	14.2695	63	4415	606	25	
PILOT-2018003513__B__gpt5.4__rep2.json	PILOT-2018003513	B	2	16.5127	59	3573	506	26	
PILOT-2018003513__C__gpt5.4__rep0.json	PILOT-2018003513	C	0	14.9395	63	4217	585	25	
PILOT-2018003513__C__gpt5.4__rep1.json	PILOT-2018003513	C	1	14.7359	65	4411	611	26	
PILOT-2018003513__C__gpt5.4__rep2.json	PILOT-2018003513	C	2	15.3374	65	4238	595	25	
PILOT-2018003513__D__gpt5.4__rep0.json	PILOT-2018003513	D	0	7.3718	66	8953	1075	25	
PILOT-2018003513__D__gpt5.4__rep1.json	PILOT-2018003513	D	1	15.1122	64	4235	589	25	
PILOT-2018003513__D__gpt5.4__rep2.json	PILOT-2018003513	D	2	7.2731	65	8937	1073	25	
PILOT-2018003513__E__gpt5.4__rep0.json	PILOT-2018003513	E	0	11.2382	57	5072	662	25	
PILOT-2018003513__E__gpt5.4__rep1.json	PILOT-2018003513	E	1	7.2723	65	8938	1077	25	
PILOT-2018003513__E__gpt5.4__rep2.json	PILOT-2018003513	E	2	7.4116	65	8770	1055	25	
PILOT-2018003513__F__gpt5.4__rep0.json	PILOT-2018003513	F	0	9.9485	56	5629	732	25	
PILOT-2018003513__F__gpt5.4__rep1.json	PILOT-2018003513	F	1	7.3588	65	8833	1063	25	
PILOT-2018003513__F__gpt5.4__rep2.json	PILOT-2018003513	F	2	14.7444	62	4205	575	26	
PILOT-2018003513__G__gpt5.4__rep0.json	PILOT-2018003513	G	0	7.5292	65	8633	1053	25	
PILOT-2018003513__G__gpt5.4__rep1.json	PILOT-2018003513	G	1	7.3908	66	8930	1076	25	
PILOT-2018003513__G__gpt5.4__rep2.json	PILOT-2018003513	G	2	10.8057	57	5275	694	25	
PILOT-2018003513__baseline__gpt5.4__rep0.json	PILOT-2018003513	baseline	0	15.4541	65	4206	582	26	
PILOT-2018003513__baseline__gpt5.4__rep1.json	PILOT-2018003513	baseline	1	7.4383	66	8873	1066	25	
PILOT-2018003513__baseline__gpt5.4__rep2.json	PILOT-2018003513	baseline	2	9.8448	59	5993	767	25	
PILOT-2018005420__A__gpt5.4__rep0.json	PILOT-2018005420	A	0	14.0745	119	8455	1330	25	
PILOT-2018005420__A__gpt5.4__rep1.json	PILOT-2018005420	A	1	13.784	115	8343	1312	25	
PILOT-2018005420__A__gpt5.4__rep2.json	PILOT-2018005420	A	2	14.1902	121	8527	1346	25	
PILOT-2018005420__B__gpt5.4__rep0.json	PILOT-2018005420	B	0	13.395	113	8436	1316	25	
PILOT-2018005420__B__gpt5.4__rep1.json	PILOT-2018005420	B	1	13.6986	113	8249	1295	25	
PILOT-2018005420__B__gpt5.4__rep2.json	PILOT-2018005420	B	2	13.395	113	8436	1316	25	
PILOT-2018005420__C__gpt5.4__rep0.json	PILOT-2018005420	C	0	13.7598	114	8285	1304	25	
PILOT-2018005420__C__gpt5.4__rep1.json	PILOT-2018005420	C	1	13.9523	113	8099	1270	25	
PILOT-2018005420__C__gpt5.4__rep2.json	PILOT-2018005420	C	2	13.9145	113	8121	1285	25	
PILOT-2018005420__D__gpt5.4__rep0.json	PILOT-2018005420	D	0	13.6391	113	8285	1303	25	
PILOT-2018005420__D__gpt5.4__rep1.json	PILOT-2018005420	D	1	13.9523	113	8099	1272	25	
PILOT-2018005420__D__gpt5.4__rep2.json	PILOT-2018005420	D	2	13.5119	113	8363	1296	25	
PILOT-2018005420__E__gpt5.4__rep0.json	PILOT-2018005420	E	0	13.7486	113	8219	1283	25	
PILOT-2018005420__E__gpt5.4__rep1.json	PILOT-2018005420	E	1	14.1268	113	7999	1270	25	
PILOT-2018005420__E__gpt5.4__rep2.json	PILOT-2018005420	E	2	13.5573	113	8335	1294	25	
PILOT-2018005420__F__gpt5.4__rep0.json	PILOT-2018005420	F	0	13.8599	113	8153	1284	25	
PILOT-2018005420__F__gpt5.4__rep1.json	PILOT-2018005420	F	1	13.4834	115	8529	1319	25	
PILOT-2018005420__F__gpt5.4__rep2.json	PILOT-2018005420	F	2	13.3146	114	8562	1358	25	
PILOT-2018005420__G__gpt5.4__rep0.json	PILOT-2018005420	G	0	14.2929	113	7906	1258	25	
PILOT-2018005420__G__gpt5.4__rep1.json	PILOT-2018005420	G	1	13.7118	114	8314	1308	25	
PILOT-2018005420__G__gpt5.4__rep2.json	PILOT-2018005420	G	2	13.5801	113	8321	1293	25	
PILOT-2018005420__baseline__gpt5.4__rep0.json	PILOT-2018005420	baseline	0	13.9969	117	8359	1315	25	
PILOT-2018005420__baseline__gpt5.4__rep1.json	PILOT-2018005420	baseline	1	13.9592	113	8095	1270	25	
PILOT-2018005420__baseline__gpt5.4__rep2.json	PILOT-2018005420	baseline	2	13.9523	113	8099	1270	25	
PILOT-2018005863__A__gpt5.4__rep0.json	PILOT-2018005863	A	0	2.9626	24	8101	1278	25	
PILOT-2018005863__A__gpt5.4__rep1.json	PILOT-2018005863	A	1	2.8739	24	8351	1320	25	
PILOT-2018005863__A__gpt5.4__rep2.json	PILOT-2018005863	A	2	3.0702	24	7817	1224	25	
PILOT-2018005863__B__gpt5.4__rep0.json	PILOT-2018005863	B	0	2.8139	24	8529	1342	25	
PILOT-2018005863__B__gpt5.4__rep1.json	PILOT-2018005863	B	1	2.9718	24	8076	1260	25	
PILOT-2018005863__B__gpt5.4__rep2.json	PILOT-2018005863	B	2	2.988	21	7028	1091	25	
PILOT-2018005863__C__gpt5.4__rep0.json	PILOT-2018005863	C	0	2.6232	24	9149	1424	25	
PILOT-2018005863__C__gpt5.4__rep1.json	PILOT-2018005863	C	1	2.5715	24	9333	1452	25	
PILOT-2018005863__C__gpt5.4__rep2.json	PILOT-2018005863	C	2	2.9279	24	8197	1291	25	
PILOT-2018005863__D__gpt5.4__rep0.json	PILOT-2018005863	D	0	2.7382	24	8765	1370	25	
PILOT-2018005863__D__gpt5.4__rep1.json	PILOT-2018005863	D	1	2.934	24	8180	1285	25	
PILOT-2018005863__D__gpt5.4__rep2.json	PILOT-2018005863	D	2	2.533	24	9475	1483	25	
PILOT-2018005863__E__gpt5.4__rep0.json	PILOT-2018005863	E	0	3.0372	24	7902	1232	25	
PILOT-2018005863__E__gpt5.4__rep1.json	PILOT-2018005863	E	1	2.8691	24	8365	1311	25	
PILOT-2018005863__E__gpt5.4__rep2.json	PILOT-2018005863	E	2	2.6927	24	8913	1386	25	
PILOT-2018005863__F__gpt5.4__rep0.json	PILOT-2018005863	F	0	2.6834	24	8944	1412	25	
PILOT-2018005863__F__gpt5.4__rep1.json	PILOT-2018005863	F	1	2.3856	17	7126	1103	25	
PILOT-2018005863__F__gpt5.4__rep2.json	PILOT-2018005863	F	2	2.878	24	8339	1310	25	
PILOT-2018005863__G__gpt5.4__rep0.json	PILOT-2018005863	G	0	2.6124	24	9187	1436	25	
PILOT-2018005863__G__gpt5.4__rep1.json	PILOT-2018005863	G	1	3.0403	24	7894	1237	25	
PILOT-2018005863__G__gpt5.4__rep2.json	PILOT-2018005863	G	2	3.0038	24	7990	1244	25	
PILOT-2018005863__baseline__gpt5.4__rep0.json	PILOT-2018005863	baseline	0	2.7759	24	8646	1355	25	
PILOT-2018005863__baseline__gpt5.4__rep1.json	PILOT-2018005863	baseline	1	2.9542	24	8124	1272	25	
PILOT-2018005863__baseline__gpt5.4__rep2.json	PILOT-2018005863	baseline	2	2.7855	24	8616	1352	25	
PILOT-2018007886__A__gpt5.4__rep0.json	PILOT-2018007886	A	0	7.7907	39	5006	779	16	
PILOT-2018007886__A__gpt5.4__rep1.json	PILOT-2018007886	A	1	8.2117	45	5480	863	16	
PILOT-2018007886__A__gpt5.4__rep2.json	PILOT-2018007886	A	2	8.6424	48	5554	875	16	
PILOT-2018007886__B__gpt5.4__rep0.json	PILOT-2018007886	B	0	8.2849	47	5673	890	16	
PILOT-2018007886__B__gpt5.4__rep1.json	PILOT-2018007886	B	1	8.6924	47	5407	849	16	
PILOT-2018007886__B__gpt5.4__rep2.json	PILOT-2018007886	B	2	8.578	26	3031	479	6	
PILOT-2018007886__C__gpt5.4__rep0.json	PILOT-2018007886	C	0	7.8034	40	5126	800	16	
PILOT-2018007886__C__gpt5.4__rep1.json	PILOT-2018007886	C	1	8.3051	27	3251	515	7	
PILOT-2018007886__C__gpt5.4__rep2.json	PILOT-2018007886	C	2	8.4061	26	3093	488	7	
PILOT-2018007886__D__gpt5.4__rep0.json	PILOT-2018007886	D	0	8.2974	25	3013	476	7	
PILOT-2018007886__D__gpt5.4__rep1.json	PILOT-2018007886	D	1	8.7572	26	2969	473	7	
PILOT-2018007886__D__gpt5.4__rep2.json	PILOT-2018007886	D	2	8.6093	26	3020	480	7	
PILOT-2018007886__E__gpt5.4__rep0.json	PILOT-2018007886	E	0	7.6061	38	4996	776	16	
PILOT-2018007886__E__gpt5.4__rep1.json	PILOT-2018007886	E	1	9.6538	29	3004	479	7	
PILOT-2018007886__E__gpt5.4__rep2.json	PILOT-2018007886	E	2	7.6	38	5000	778	16	
PILOT-2018007886__F__gpt5.4__rep0.json	PILOT-2018007886	F	0	8.6929	27	3106	490	7	
PILOT-2018007886__F__gpt5.4__rep1.json	PILOT-2018007886	F	1	8.1998	44	5366	846	16	
PILOT-2018007886__F__gpt5.4__rep2.json	PILOT-2018007886	F	2	8.6272	23	2666	421	7	
PILOT-2018007886__G__gpt5.4__rep0.json	PILOT-2018007886	G	0	7.7415	23	2971	466	7	
PILOT-2018007886__G__gpt5.4__rep1.json	PILOT-2018007886	G	1	8.4746	24	2832	442	7	
PILOT-2018007886__G__gpt5.4__rep2.json	PILOT-2018007886	G	2	8.7108	25	2870	452	6	
PILOT-2018007886__baseline__gpt5.4__rep0.json	PILOT-2018007886	baseline	0	8.4976	25	2942	468	7	
PILOT-2018007886__baseline__gpt5.4__rep1.json	PILOT-2018007886	baseline	1	7.4113	42	5667	892	16	
PILOT-2018007886__baseline__gpt5.4__rep2.json	PILOT-2018007886	baseline	2	7.8003	40	5128	801	16	
PILOT-2018007979__A__gpt5.4__rep0.json	PILOT-2018007979	A	0	0.0	0	4045	544	3	
PILOT-2018007979__A__gpt5.4__rep1.json	PILOT-2018007979	A	1	0.0	0	3944	535	3	
PILOT-2018007979__A__gpt5.4__rep2.json	PILOT-2018007979	A	2	0.0	0	4409	596	3	
PILOT-2018007979__B__gpt5.4__rep0.json	PILOT-2018007979	B	0	0.0	0	4403	602	3	
PILOT-2018007979__B__gpt5.4__rep1.json	PILOT-2018007979	B	1	0.0	0	4393	594	3	
PILOT-2018007979__B__gpt5.4__rep2.json	PILOT-2018007979	B	2	0.0	0	4141	559	3	
PILOT-2018007979__C__gpt5.4__rep0.json	PILOT-2018007979	C	0	0.0	0	4523	613	3	
PILOT-2018007979__C__gpt5.4__rep1.json	PILOT-2018007979	C	1	0.0	0	4724	658	3	
PILOT-2018007979__C__gpt5.4__rep2.json	PILOT-2018007979	C	2	0.0	0	4724	658	3	
PILOT-2018007979__D__gpt5.4__rep0.json	PILOT-2018007979	D	0	0.0	0	4712	645	3	
PILOT-2018007979__D__gpt5.4__rep1.json	PILOT-2018007979	D	1	0.0	0	4700	642	3	
PILOT-2018007979__D__gpt5.4__rep2.json	PILOT-2018007979	D	2	0.6216	3	4826	670	3	
PILOT-2018007979__E__gpt5.4__rep0.json	PILOT-2018007979	E	0	0.0	0	4715	648	3	
PILOT-2018007979__E__gpt5.4__rep1.json	PILOT-2018007979	E	1	0.0	0	4814	658	3	
PILOT-2018007979__E__gpt5.4__rep2.json	PILOT-2018007979	E	2	0.0	0	4760	654	3	
PILOT-2018007979__F__gpt5.4__rep0.json	PILOT-2018007979	F	0	0.0	0	4931	676	3	
PILOT-2018007979__F__gpt5.4__rep1.json	PILOT-2018007979	F	1	0.0	0	4384	600	3	
PILOT-2018007979__F__gpt5.4__rep2.json	PILOT-2018007979	F	2	0.0	0	4803	659	3	
PILOT-2018007979__G__gpt5.4__rep0.json	PILOT-2018007979	G	0	0.0	0	4811	657	3	
PILOT-2018007979__G__gpt5.4__rep1.json	PILOT-2018007979	G	1	0.0	0	4814	667	3	
PILOT-2018007979__G__gpt5.4__rep2.json	PILOT-2018007979	G	2	0.0	0	4457	612	3	
PILOT-2018007979__baseline__gpt5.4__rep0.json	PILOT-2018007979	baseline	0	0.0	0	4772	666	3	
PILOT-2018007979__baseline__gpt5.4__rep1.json	PILOT-2018007979	baseline	1	0.0	0	4485	614	3	
PILOT-2018007979__baseline__gpt5.4__rep2.json	PILOT-2018007979	baseline	2	0.0	0	4647	650	3	
PILOT-2019001867__A__gpt5.4__rep0.json	PILOT-2019001867	A	0	1.2264	13	10600	1678	23	
PILOT-2019001867__A__gpt5.4__rep1.json	PILOT-2019001867	A	1	1.2263	13	10601	1678	23	
PILOT-2019001867__A__gpt5.4__rep2.json	PILOT-2019001867	A	2	1.1854	13	10967	1741	23	
PILOT-2019001867__B__gpt5.4__rep0.json	PILOT-2019001867	B	0	1.3116	14	10674	1692	23	
PILOT-2019001867__B__gpt5.4__rep1.json	PILOT-2019001867	B	1	1.2432	13	10457	1656	23	
PILOT-2019001867__B__gpt5.4__rep2.json	PILOT-2019001867	B	2	1.2147	13	10702	1695	23	
PILOT-2019001867__C__gpt5.4__rep0.json	PILOT-2019001867	C	0	1.2164	13	10687	1692	23	
PILOT-2019001867__C__gpt5.4__rep1.json	PILOT-2019001867	C	1	1.1725	13	11087	1759	23	
PILOT-2019001867__C__gpt5.4__rep2.json	PILOT-2019001867	C	2	1.2156	13	10694	1694	23	
PILOT-2019001867__D__gpt5.4__rep0.json	PILOT-2019001867	D	0	1.1962	13	10868	1726	23	
PILOT-2019001867__D__gpt5.4__rep1.json	PILOT-2019001867	D	1	1.1868	13	10954	1732	23	
PILOT-2019001867__D__gpt5.4__rep2.json	PILOT-2019001867	D	2	1.2126	13	10721	1699	23	
PILOT-2019001867__E__gpt5.4__rep0.json	PILOT-2019001867	E	0	1.2151	13	10699	1694	23	
PILOT-2019001867__E__gpt5.4__rep1.json	PILOT-2019001867	E	1	1.3111	14	10678	1694	23	
PILOT-2019001867__E__gpt5.4__rep2.json	PILOT-2019001867	E	2	1.2157	13	10693	1693	23	
PILOT-2019001867__F__gpt5.4__rep0.json	PILOT-2019001867	F	0	1.202	13	10815	1714	23	
PILOT-2019001867__F__gpt5.4__rep1.json	PILOT-2019001867	F	1	1.2979	14	10787	1710	23	
PILOT-2019001867__F__gpt5.4__rep2.json	PILOT-2019001867	F	2	1.3117	14	10673	1692	23	
PILOT-2019001867__G__gpt5.4__rep0.json	PILOT-2019001867	G	0	1.2432	13	10457	1656	23	
PILOT-2019001867__G__gpt5.4__rep1.json	PILOT-2019001867	G	1	1.2513	13	10389	1644	23	
PILOT-2019001867__G__gpt5.4__rep2.json	PILOT-2019001867	G	2	1.3116	14	10674	1692	23	
PILOT-2019001867__baseline__gpt5.4__rep0.json	PILOT-2019001867	baseline	0	1.2167	13	10685	1692	23	
PILOT-2019001867__baseline__gpt5.4__rep1.json	PILOT-2019001867	baseline	1	1.216	13	10691	1693	23	
PILOT-2019001867__baseline__gpt5.4__rep2.json	PILOT-2019001867	baseline	2	1.2185	13	10669	1691	23	
PILOT-2019002001__A__gpt5.4__rep0.json	PILOT-2019002001	A	0	3.794	14	3690	538	11	
PILOT-2019002001__A__gpt5.4__rep1.json	PILOT-2019002001	A	1	3.5258	8	2269	330	7	
PILOT-2019002001__A__gpt5.4__rep2.json	PILOT-2019002001	A	2	4.8457	30	6191	885	20	
PILOT-2019002001__B__gpt5.4__rep0.json	PILOT-2019002001	B	0	4.6312	28	6046	884	20	
PILOT-2019002001__B__gpt5.4__rep1.json	PILOT-2019002001	B	1	4.7566	30	6307	884	20	
PILOT-2019002001__B__gpt5.4__rep2.json	PILOT-2019002001	B	2	4.6463	31	6672	965	20	
PILOT-2019002001__C__gpt5.4__rep0.json	PILOT-2019002001	C	0	4.2958	28	6518	946	20	
PILOT-2019002001__C__gpt5.4__rep1.json	PILOT-2019002001	C	1	4.4769	30	6701	960	20	
PILOT-2019002001__C__gpt5.4__rep2.json	PILOT-2019002001	C	2	4.8528	30	6182	888	20	
PILOT-2019002001__D__gpt5.4__rep0.json	PILOT-2019002001	D	0	4.3771	28	6397	941	20	
PILOT-2019002001__D__gpt5.4__rep1.json	PILOT-2019002001	D	1	3.2613	8	2453	352	7	
PILOT-2019002001__D__gpt5.4__rep2.json	PILOT-2019002001	D	2	2.984	8	2681	378	7	
PILOT-2019002001__E__gpt5.4__rep0.json	PILOT-2019002001	E	0	3.3585	8	2382	340	7	
PILOT-2019002001__E__gpt5.4__rep1.json	PILOT-2019002001	E	1	1.2642	3	2373	336	7	
PILOT-2019002001__E__gpt5.4__rep2.json	PILOT-2019002001	E	2	4.2082	30	7129	1021	20	
PILOT-2019002001__F__gpt5.4__rep0.json	PILOT-2019002001	F	0	1.2839	9	7010	1012	20	
PILOT-2019002001__F__gpt5.4__rep1.json	PILOT-2019002001	F	1	4.3265	30	6934	993	20	
PILOT-2019002001__F__gpt5.4__rep2.json	PILOT-2019002001	F	2	4.7348	30	6336	904	20	
PILOT-2019002001__G__gpt5.4__rep0.json	PILOT-2019002001	G	0	3.5149	14	3983	588	11	
PILOT-2019002001__G__gpt5.4__rep1.json	PILOT-2019002001	G	1	4.3674	30	6869	989	20	
PILOT-2019002001__G__gpt5.4__rep2.json	PILOT-2019002001	G	2	4.5099	30	6652	928	20	
PILOT-2019002001__baseline__gpt5.4__rep0.json	PILOT-2019002001	baseline	0	4.3709	28	6406	940	20	
PILOT-2019002001__baseline__gpt5.4__rep1.json	PILOT-2019002001	baseline	1	1.3797	9	6523	943	20	
PILOT-2019002001__baseline__gpt5.4__rep2.json	PILOT-2019002001	baseline	2	1.3993	9	6432	935	20	
PILOT-2019002439__A__gpt5.4__rep0.json	PILOT-2019002439	A	0	1.077	11	10214	1451	25	
PILOT-2019002439__A__gpt5.4__rep1.json	PILOT-2019002439	A	1	0.9583	10	10435	1478	25	
PILOT-2019002439__A__gpt5.4__rep2.json	PILOT-2019002439	A	2	0.8729	11	12601	1803	25	
PILOT-2019002439__B__gpt5.4__rep0.json	PILOT-2019002439	B	0	0.9651	11	11398	1622	26	
PILOT-2019002439__B__gpt5.4__rep1.json	PILOT-2019002439	B	1	0.8776	11	12534	1789	26	
PILOT-2019002439__B__gpt5.4__rep2.json	PILOT-2019002439	B	2	0.9167	12	13091	1869	26	
PILOT-2019002439__C__gpt5.4__rep0.json	PILOT-2019002439	C	0	0.9187	12	13062	1872	26	
PILOT-2019002439__C__gpt5.4__rep1.json	PILOT-2019002439	C	1	0.7899	10	12660	1795	25	
PILOT-2019002439__C__gpt5.4__rep2.json	PILOT-2019002439	C	2	1.0967	14	12766	1800	26	
PILOT-2019002439__D__gpt5.4__rep0.json	PILOT-2019002439	D	0	0.844	10	11849	1672	25	
PILOT-2019002439__D__gpt5.4__rep1.json	PILOT-2019002439	D	1	0.8653	11	12712	1782	25	
PILOT-2019002439__D__gpt5.4__rep2.json	PILOT-2019002439	D	2	1.3003	16	12305	1745	25	
PILOT-2019002439__E__gpt5.4__rep0.json	PILOT-2019002439	E	0	0.8698	10	11497	1664	26	
PILOT-2019002439__E__gpt5.4__rep1.json	PILOT-2019002439	E	1	0.9033	11	12178	1718	26	
PILOT-2019002439__E__gpt5.4__rep2.json	PILOT-2019002439	E	2	0.826	10	12107	1711	25	
PILOT-2019002439__F__gpt5.4__rep0.json	PILOT-2019002439	F	0	0.9262	11	11877	1680	26	
PILOT-2019002439__F__gpt5.4__rep1.json	PILOT-2019002439	F	1	0.8526	10	11729	1649	25	
PILOT-2019002439__F__gpt5.4__rep2.json	PILOT-2019002439	F	2	1.192	14	11745	1660	25	
PILOT-2019002439__G__gpt5.4__rep0.json	PILOT-2019002439	G	0	1.3106	16	12208	1725	25	
PILOT-2019002439__G__gpt5.4__rep1.json	PILOT-2019002439	G	1	1.3105	16	12209	1724	25	
PILOT-2019002439__G__gpt5.4__rep2.json	PILOT-2019002439	G	2	1.2993	16	12314	1748	25	
PILOT-2019002439__baseline__gpt5.4__rep0.json	PILOT-2019002439	baseline	0	1.3431	17	12657	1794	26	
PILOT-2019002439__baseline__gpt5.4__rep1.json	PILOT-2019002439	baseline	1	1.1727	14	11938	1685	26	
PILOT-2019002439__baseline__gpt5.4__rep2.json	PILOT-2019002439	baseline	2	0.9324	11	11797	1661	26	
PILOT-2019003829__A__gpt5.4__rep0.json	PILOT-2019003829	A	0	5.6738	8	1410	212	17	
PILOT-2019003829__A__gpt5.4__rep1.json	PILOT-2019003829	A	1	7.1124	15	2109	336	17	
PILOT-2019003829__A__gpt5.4__rep2.json	PILOT-2019003829	A	2	7.0565	14	1984	304	17	
PILOT-2019003829__B__gpt5.4__rep0.json	PILOT-2019003829	B	0	6.6116	12	1815	291	17	
PILOT-2019003829__B__gpt5.4__rep1.json	PILOT-2019003829	B	1	7.0688	15	2122	341	17	
PILOT-2019003829__B__gpt5.4__rep2.json	PILOT-2019003829	B	2	7.3977	17	2298	356	17	
PILOT-2019003829__C__gpt5.4__rep0.json	PILOT-2019003829	C	0	7.0796	12	1695	257	17	
PILOT-2019003829__C__gpt5.4__rep1.json	PILOT-2019003829	C	1	7.2058	9	1249	206	13	
PILOT-2019003829__C__gpt5.4__rep2.json	PILOT-2019003829	C	2	6.3425	12	1892	295	17	
PILOT-2019003829__D__gpt5.4__rep0.json	PILOT-2019003829	D	0	6.8193	14	2053	319	17	
PILOT-2019003829__D__gpt5.4__rep1.json	PILOT-2019003829	D	1	6.7507	15	2222	356	17	
PILOT-2019003829__D__gpt5.4__rep2.json	PILOT-2019003829	D	2	6.865	15	2185	349	17	
PILOT-2019003829__E__gpt5.4__rep0.json	PILOT-2019003829	E	0	6.6862	16	2393	375	17	
PILOT-2019003829__E__gpt5.4__rep1.json	PILOT-2019003829	E	1	7.3157	13	1777	272	17	
PILOT-2019003829__E__gpt5.4__rep2.json	PILOT-2019003829	E	2	7.6097	17	2234	349	17	
PILOT-2019003829__F__gpt5.4__rep0.json	PILOT-2019003829	F	0	6.9686	12	1722	264	17	
PILOT-2019003829__F__gpt5.4__rep1.json	PILOT-2019003829	F	1	7.9156	18	2274	359	17	
PILOT-2019003829__F__gpt5.4__rep2.json	PILOT-2019003829	F	2	6.6284	15	2263	364	17	
PILOT-2019003829__G__gpt5.4__rep0.json	PILOT-2019003829	G	0	7.176	17	2369	369	17	
PILOT-2019003829__G__gpt5.4__rep1.json	PILOT-2019003829	G	1	7.9511	13	1635	264	13	
PILOT-2019003829__G__gpt5.4__rep2.json	PILOT-2019003829	G	2	6.5065	13	1998	306	17	
PILOT-2019003829__baseline__gpt5.4__rep0.json	PILOT-2019003829	baseline	0	6.4865	6	925	145	13	
PILOT-2019003829__baseline__gpt5.4__rep1.json	PILOT-2019003829	baseline	1	7.177	9	1254	200	13	
PILOT-2019003829__baseline__gpt5.4__rep2.json	PILOT-2019003829	baseline	2	7.0814	14	1977	307	17	
PILOT-2019005007__A__gpt5.4__rep0.json	PILOT-2019005007	A	0	6.3138	34	5385	830	25	
PILOT-2019005007__A__gpt5.4__rep1.json	PILOT-2019005007	A	1	6.2035	35	5642	871	25	
PILOT-2019005007__A__gpt5.4__rep2.json	PILOT-2019005007	A	2	6.3138	34	5385	830	25	
PILOT-2019005007__B__gpt5.4__rep0.json	PILOT-2019005007	B	0	7.4222	41	5524	850	30	
PILOT-2019005007__B__gpt5.4__rep1.json	PILOT-2019005007	B	1	6.9744	42	6022	934	25	
PILOT-2019005007__B__gpt5.4__rep2.json	PILOT-2019005007	B	2	6.305	38	6027	927	25	
PILOT-2019005007__C__gpt5.4__rep0.json	PILOT-2019005007	C	0	6.1472	40	6507	1001	30	
PILOT-2019005007__C__gpt5.4__rep1.json	PILOT-2019005007	C	1	6.4516	34	5270	811	25	
PILOT-2019005007__C__gpt5.4__rep2.json	PILOT-2019005007	C	2	6.5448	34	5195	801	25	
PILOT-2019005007__D__gpt5.4__rep0.json	PILOT-2019005007	D	0	6.2655	38	6065	932	27	
PILOT-2019005007__D__gpt5.4__rep1.json	PILOT-2019005007	D	1	6.6335	36	5427	833	30	
PILOT-2019005007__D__gpt5.4__rep2.json	PILOT-2019005007	D	2	5.9839	43	7186	1102	30	
PILOT-2019005007__E__gpt5.4__rep0.json	PILOT-2019005007	E	0	6.4614	34	5262	813	25	
PILOT-2019005007__E__gpt5.4__rep1.json	PILOT-2019005007	E	1	5.9589	38	6377	982	28	
PILOT-2019005007__E__gpt5.4__rep2.json	PILOT-2019005007	E	2	6.3223	35	5536	851	25	
PILOT-2019005007__F__gpt5.4__rep0.json	PILOT-2019005007	F	0	6.9865	45	6441	1002	25	
PILOT-2019005007__F__gpt5.4__rep1.json	PILOT-2019005007	F	1	6.8999	43	6232	960	25	
PILOT-2019005007__F__gpt5.4__rep2.json	PILOT-2019005007	F	2	7.2622	50	6885	1067	28	
PILOT-2019005007__G__gpt5.4__rep0.json	PILOT-2019005007	G	0	6.8638	39	5682	876	28	
PILOT-2019005007__G__gpt5.4__rep1.json	PILOT-2019005007	G	1	6.1836	39	6307	971	28	
PILOT-2019005007__G__gpt5.4__rep2.json	PILOT-2019005007	G	2	6.1908	34	5492	847	25	
PILOT-2019005007__baseline__gpt5.4__rep0.json	PILOT-2019005007	baseline	0	7.2853	38	5216	805	25	
PILOT-2019005007__baseline__gpt5.4__rep1.json	PILOT-2019005007	baseline	1	6.1135	35	5725	881	30	
PILOT-2019005007__baseline__gpt5.4__rep2.json	PILOT-2019005007	baseline	2	7.2853	38	5216	805	25	
PILOT-2019005292__A__gpt5.4__rep0.json	PILOT-2019005292	A	0	10.0628	101	10037	1543	20	
PILOT-2019005292__A__gpt5.4__rep1.json	PILOT-2019005292	A	1	9.6901	101	10423	1603	20	
PILOT-2019005292__A__gpt5.4__rep2.json	PILOT-2019005292	A	2	10.1487	101	9952	1532	20	
PILOT-2019005292__B__gpt5.4__rep0.json	PILOT-2019005292	B	0	10.7762	133	12342	1920	20	
PILOT-2019005292__B__gpt5.4__rep1.json	PILOT-2019005292	B	1	10.6596	133	12477	1942	20	
PILOT-2019005292__B__gpt5.4__rep2.json	PILOT-2019005292	B	2	9.9674	101	10133	1559	20	
PILOT-2019005292__C__gpt5.4__rep0.json	PILOT-2019005292	C	0	9.8011	101	10305	1589	20	
PILOT-2019005292__C__gpt5.4__rep1.json	PILOT-2019005292	C	1	10.9957	127	11550	1802	20	
PILOT-2019005292__C__gpt5.4__rep2.json	PILOT-2019005292	C	2	9.8249	101	10280	1584	20	
PILOT-2019005292__D__gpt5.4__rep0.json	PILOT-2019005292	D	0	9.6732	103	10648	1642	20	
PILOT-2019005292__D__gpt5.4__rep1.json	PILOT-2019005292	D	1	10.6916	126	11785	1832	20	
PILOT-2019005292__D__gpt5.4__rep2.json	PILOT-2019005292	D	2	10.463	113	10800	1672	20	
PILOT-2019005292__E__gpt5.4__rep0.json	PILOT-2019005292	E	0	9.5939	103	10736	1658	20	
PILOT-2019005292__E__gpt5.4__rep1.json	PILOT-2019005292	E	1	9.7878	101	10319	1591	20	
PILOT-2019005292__E__gpt5.4__rep2.json	PILOT-2019005292	E	2	9.7897	101	10317	1591	20	
PILOT-2019005292__F__gpt5.4__rep0.json	PILOT-2019005292	F	0	9.4294	98	10393	1607	20	
PILOT-2019005292__F__gpt5.4__rep1.json	PILOT-2019005292	F	1	10.1779	103	10120	1560	20	
PILOT-2019005292__F__gpt5.4__rep2.json	PILOT-2019005292	F	2	9.9038	104	10501	1624	20	
PILOT-2019005292__G__gpt5.4__rep0.json	PILOT-2019005292	G	0	10.0323	115	11463	1775	20	
PILOT-2019005292__G__gpt5.4__rep1.json	PILOT-2019005292	G	1	9.9068	101	10195	1570	20	
PILOT-2019005292__G__gpt5.4__rep2.json	PILOT-2019005292	G	2	10.0911	113	11198	1733	20	
PILOT-2019005292__baseline__gpt5.4__rep0.json	PILOT-2019005292	baseline	0	10.2077	115	11266	1744	20	
PILOT-2019005292__baseline__gpt5.4__rep1.json	PILOT-2019005292	baseline	1	9.901	101	10201	1573	20	
PILOT-2019005292__baseline__gpt5.4__rep2.json	PILOT-2019005292	baseline	2	9.9879	107	10713	1657	20	
PILOT-2019005776__A__gpt5.4__rep0.json	PILOT-2019005776	A	0	2.1043	14	6653	903	20	
PILOT-2019005776__A__gpt5.4__rep1.json	PILOT-2019005776	A	1	2.1132	14	6625	899	20	
PILOT-2019005776__A__gpt5.4__rep2.json	PILOT-2019005776	A	2	2.0977	14	6674	905	20	
PILOT-2019005776__B__gpt5.4__rep0.json	PILOT-2019005776	B	0	2.057	14	6806	923	20	
PILOT-2019005776__B__gpt5.4__rep1.json	PILOT-2019005776	B	1	2.057	14	6806	923	20	
PILOT-2019005776__B__gpt5.4__rep2.json	PILOT-2019005776	B	2	2.0778	14	6738	916	20	
PILOT-2019005776__C__gpt5.4__rep0.json	PILOT-2019005776	C	0	2.0546	14	6814	925	20	
PILOT-2019005776__C__gpt5.4__rep1.json	PILOT-2019005776	C	1	2.0756	14	6745	918	20	
PILOT-2019005776__C__gpt5.4__rep2.json	PILOT-2019005776	C	2	2.7766	19	6843	934	20	
PILOT-2019005776__D__gpt5.4__rep0.json	PILOT-2019005776	D	0	2.0902	14	6698	909	20	
PILOT-2019005776__D__gpt5.4__rep1.json	PILOT-2019005776	D	1	2.0983	14	6672	905	20	
PILOT-2019005776__D__gpt5.4__rep2.json	PILOT-2019005776	D	2	2.9915	21	7020	959	20	
PILOT-2019005776__E__gpt5.4__rep0.json	PILOT-2019005776	E	0	11.3475	32	2820	437	10	
PILOT-2019005776__E__gpt5.4__rep1.json	PILOT-2019005776	E	1	2.0462	14	6842	929	20	
PILOT-2019005776__E__gpt5.4__rep2.json	PILOT-2019005776	E	2	2.0886	14	6703	911	20	
PILOT-2019005776__F__gpt5.4__rep0.json	PILOT-2019005776	F	0	7.8254	57	7284	1033	20	
PILOT-2019005776__F__gpt5.4__rep1.json	PILOT-2019005776	F	1	4.1525	28	6743	923	20	
PILOT-2019005776__F__gpt5.4__rep2.json	PILOT-2019005776	F	2	2.0441	14	6849	931	20	
PILOT-2019005776__G__gpt5.4__rep0.json	PILOT-2019005776	G	0	2.6224	18	6864	936	20	
PILOT-2019005776__G__gpt5.4__rep1.json	PILOT-2019005776	G	1	2.6235	18	6861	935	20	
PILOT-2019005776__G__gpt5.4__rep2.json	PILOT-2019005776	G	2	2.8914	20	6917	943	20	
PILOT-2019005776__baseline__gpt5.4__rep0.json	PILOT-2019005776	baseline	0	7.8437	57	7267	1031	20	
PILOT-2019005776__baseline__gpt5.4__rep1.json	PILOT-2019005776	baseline	1	2.0942	14	6685	908	20	
PILOT-2019005776__baseline__gpt5.4__rep2.json	PILOT-2019005776	baseline	2	2.0927	14	6690	909	20	
PILOT-2019006119__A__gpt5.4__rep0.json	PILOT-2019006119	A	0	0.0	0	2163	287	8	
PILOT-2019006119__A__gpt5.4__rep1.json	PILOT-2019006119	A	1	0.0	0	2325	311	8	
PILOT-2019006119__A__gpt5.4__rep2.json	PILOT-2019006119	A	2	0.0	0	2413	326	8	
PILOT-2019006119__B__gpt5.4__rep0.json	PILOT-2019006119	B	0	0.0	0	2139	285	8	
PILOT-2019006119__B__gpt5.4__rep1.json	PILOT-2019006119	B	1	0.0	0	2319	315	8	
PILOT-2019006119__B__gpt5.4__rep2.json	PILOT-2019006119	B	2	0.0	0	2166	288	8	
PILOT-2019006119__C__gpt5.4__rep0.json	PILOT-2019006119	C	0	0.0	0	2287	310	8	
PILOT-2019006119__C__gpt5.4__rep1.json	PILOT-2019006119	C	1	0.0	0	2163	287	8	
PILOT-2019006119__C__gpt5.4__rep2.json	PILOT-2019006119	C	2	0.0	0	2155	286	8	
PILOT-2019006119__D__gpt5.4__rep0.json	PILOT-2019006119	D	0	0.0	0	264	37	1	
PILOT-2019006119__D__gpt5.4__rep1.json	PILOT-2019006119	D	1	0.0	0	2069	275	8	
PILOT-2019006119__D__gpt5.4__rep2.json	PILOT-2019006119	D	2	0.0	0	2348	314	8	
PILOT-2019006119__E__gpt5.4__rep0.json	PILOT-2019006119	E	0	0.0	0	241	34	1	
PILOT-2019006119__E__gpt5.4__rep1.json	PILOT-2019006119	E	1	0.0	0	2163	287	8	
PILOT-2019006119__E__gpt5.4__rep2.json	PILOT-2019006119	E	2	0.0	0	2163	287	8	
PILOT-2019006119__F__gpt5.4__rep0.json	PILOT-2019006119	F	0	0.0	0	241	34	1	
PILOT-2019006119__F__gpt5.4__rep1.json	PILOT-2019006119	F	1	0.0	0	251	35	1	
PILOT-2019006119__F__gpt5.4__rep2.json	PILOT-2019006119	F	2	0.0	0	413	56	1	
PILOT-2019006119__G__gpt5.4__rep0.json	PILOT-2019006119	G	0	0.0	0	2235	299	8	
PILOT-2019006119__G__gpt5.4__rep1.json	PILOT-2019006119	G	1	0.0	0	422	58	1	
PILOT-2019006119__G__gpt5.4__rep2.json	PILOT-2019006119	G	2	0.0	0	251	35	1	
PILOT-2019006119__baseline__gpt5.4__rep0.json	PILOT-2019006119	baseline	0	0.0	0	2319	316	8	
PILOT-2019006119__baseline__gpt5.4__rep1.json	PILOT-2019006119	baseline	1	0.0	0	241	34	1	
PILOT-2019006119__baseline__gpt5.4__rep2.json	PILOT-2019006119	baseline	2	0.0	0	2377	324	8	
PILOT-2019006614__A__gpt5.4__rep0.json	PILOT-2019006614	A	0	4.4854	18	4013	546	13	
PILOT-2019006614__A__gpt5.4__rep1.json	PILOT-2019006614	A	1	4.068	17	4179	551	13	
PILOT-2019006614__A__gpt5.4__rep2.json	PILOT-2019006614	A	2	3.4468	16	4642	618	13	
PILOT-2019006614__B__gpt5.4__rep0.json	PILOT-2019006614	B	0	6.237	27	4329	592	13	
PILOT-2019006614__B__gpt5.4__rep1.json	PILOT-2019006614	B	1	3.647	20	5484	722	13	
PILOT-2019006614__B__gpt5.4__rep2.json	PILOT-2019006614	B	2	6.7691	26	3841	506	13	
PILOT-2019006614__C__gpt5.4__rep0.json	PILOT-2019006614	C	0	5.5184	19	3443	461	13	
PILOT-2019006614__C__gpt5.4__rep1.json	PILOT-2019006614	C	1	4.3902	18	4100	551	13	
PILOT-2019006614__C__gpt5.4__rep2.json	PILOT-2019006614	C	2	0.0	0	2506	331	13	
PILOT-2019006614__D__gpt5.4__rep0.json	PILOT-2019006614	D	0	5.0847	18	3540	483	13	
PILOT-2019006614__D__gpt5.4__rep1.json	PILOT-2019006614	D	1	8.9036	35	3931	537	13	
PILOT-2019006614__D__gpt5.4__rep2.json	PILOT-2019006614	D	2	3.1363	13	4145	535	13	
PILOT-2019006614__E__gpt5.4__rep0.json	PILOT-2019006614	E	0	5.2539	18	3426	452	13	
PILOT-2019006614__E__gpt5.4__rep1.json	PILOT-2019006614	E	1	5.4598	19	3480	471	13	
PILOT-2019006614__E__gpt5.4__rep2.json	PILOT-2019006614	E	2	0.5128	1	1950	265	13	
PILOT-2019006614__F__gpt5.4__rep0.json	PILOT-2019006614	F	0	0.0	0	2079	274	13	
PILOT-2019006614__F__gpt5.4__rep1.json	PILOT-2019006614	F	1	0.0	0	1934	258	13	
PILOT-2019006614__F__gpt5.4__rep2.json	PILOT-2019006614	F	2	0.0	0	1878	246	13	
PILOT-2019006614__G__gpt5.4__rep0.json	PILOT-2019006614	G	0	10.8847	39	3583	499	13	
PILOT-2019006614__G__gpt5.4__rep1.json	PILOT-2019006614	G	1	0.0	0	2140	283	13	
PILOT-2019006614__G__gpt5.4__rep2.json	PILOT-2019006614	G	2	0.0	0	2157	286	13	
PILOT-2019006614__baseline__gpt5.4__rep0.json	PILOT-2019006614	baseline	0	4.6603	19	4077	547	13	
PILOT-2019006614__baseline__gpt5.4__rep1.json	PILOT-2019006614	baseline	1	None	0	0		13	no_parsed_body
PILOT-2019006614__baseline__gpt5.4__rep2.json	PILOT-2019006614	baseline	2	5.7408	21	3658	483	13	
PILOT-2020000122__A__gpt5.4__rep0.json	PILOT-2020000122	A	0	8.3713	57	6809	958	20	
PILOT-2020000122__A__gpt5.4__rep1.json	PILOT-2020000122	A	1	9.1633	61	6657	935	20	
PILOT-2020000122__A__gpt5.4__rep2.json	PILOT-2020000122	A	2	8.4935	61	7182	1014	20	
PILOT-2020000122__B__gpt5.4__rep0.json	PILOT-2020000122	B	0	8.2501	57	6909	955	20	
PILOT-2020000122__B__gpt5.4__rep1.json	PILOT-2020000122	B	1	8.4953	59	6945	979	20	
PILOT-2020000122__B__gpt5.4__rep2.json	PILOT-2020000122	B	2	8.8313	60	6794	954	20	
PILOT-2020000122__C__gpt5.4__rep0.json	PILOT-2020000122	C	0	7.9564	57	7164	1004	20	
PILOT-2020000122__C__gpt5.4__rep1.json	PILOT-2020000122	C	1	8.2133	57	6940	972	20	
PILOT-2020000122__C__gpt5.4__rep2.json	PILOT-2020000122	C	2	8.0966	57	7040	985	20	
PILOT-2020000122__D__gpt5.4__rep0.json	PILOT-2020000122	D	0	7.572	61	8056	1133	20	
PILOT-2020000122__D__gpt5.4__rep1.json	PILOT-2020000122	D	1	8.4096	57	6778	950	20	
PILOT-2020000122__D__gpt5.4__rep2.json	PILOT-2020000122	D	2	7.9816	59	7392	1045	20	
PILOT-2020000122__E__gpt5.4__rep0.json	PILOT-2020000122	E	0	8.8722	59	6650	933	20	
PILOT-2020000122__E__gpt5.4__rep1.json	PILOT-2020000122	E	1	8.231	57	6925	971	20	
PILOT-2020000122__E__gpt5.4__rep2.json	PILOT-2020000122	E	2	8.1833	55	6721	940	20	
PILOT-2020000122__F__gpt5.4__rep0.json	PILOT-2020000122	F	0	7.5596	39	5159	732	20	
PILOT-2020000122__F__gpt5.4__rep1.json	PILOT-2020000122	F	1	8.3735	59	7046	992	20	
PILOT-2020000122__F__gpt5.4__rep2.json	PILOT-2020000122	F	2	8.4584	71	8394	1186	20	
PILOT-2020000122__G__gpt5.4__rep0.json	PILOT-2020000122	G	0	7.1142	55	7731	1068	20	
PILOT-2020000122__G__gpt5.4__rep1.json	PILOT-2020000122	G	1	8.6245	59	6841	960	20	
PILOT-2020000122__G__gpt5.4__rep2.json	PILOT-2020000122	G	2	8.1638	57	6982	975	20	
PILOT-2020000122__baseline__gpt5.4__rep0.json	PILOT-2020000122	baseline	0	8.4758	59	6961	979	20	
PILOT-2020000122__baseline__gpt5.4__rep1.json	PILOT-2020000122	baseline	1	8.559	61	7127	991	20	
PILOT-2020000122__baseline__gpt5.4__rep2.json	PILOT-2020000122	baseline	2	8.1873	57	6962	976	20	
PILOT-2020000158__A__gpt5.4__rep0.json	PILOT-2020000158	A	0	6.3434	31	4887	766	20	
PILOT-2020000158__A__gpt5.4__rep1.json	PILOT-2020000158	A	1	6.3499	31	4882	743	20	
PILOT-2020000158__A__gpt5.4__rep2.json	PILOT-2020000158	A	2	7.1101	31	4360	665	20	
PILOT-2020000158__B__gpt5.4__rep0.json	PILOT-2020000158	B	0	6.4624	31	4797	732	20	
PILOT-2020000158__B__gpt5.4__rep1.json	PILOT-2020000158	B	1	6.4275	31	4823	732	20	
PILOT-2020000158__B__gpt5.4__rep2.json	PILOT-2020000158	B	2	6.5511	31	4732	718	20	
PILOT-2020000158__C__gpt5.4__rep0.json	PILOT-2020000158	C	0	6.9012	31	4492	695	20	
PILOT-2020000158__C__gpt5.4__rep1.json	PILOT-2020000158	C	1	7.0056	31	4425	690	20	
PILOT-2020000158__C__gpt5.4__rep2.json	PILOT-2020000158	C	2	6.5567	31	4728	717	20	
PILOT-2020000158__D__gpt5.4__rep0.json	PILOT-2020000158	D	0	6.2324	31	4974	751	20	
PILOT-2020000158__D__gpt5.4__rep1.json	PILOT-2020000158	D	1	6.6225	31	4681	730	20	
PILOT-2020000158__D__gpt5.4__rep2.json	PILOT-2020000158	D	2	6.9196	31	4480	689	20	
PILOT-2020000158__E__gpt5.4__rep0.json	PILOT-2020000158	E	0	6.7172	31	4615	716	20	
PILOT-2020000158__E__gpt5.4__rep1.json	PILOT-2020000158	E	1	6.346	31	4885	766	20	
PILOT-2020000158__E__gpt5.4__rep2.json	PILOT-2020000158	E	2	6.3021	31	4919	776	20	
PILOT-2020000158__F__gpt5.4__rep0.json	PILOT-2020000158	F	0	6.5291	31	4748	736	20	
PILOT-2020000158__F__gpt5.4__rep1.json	PILOT-2020000158	F	1	6.3408	31	4889	740	20	
PILOT-2020000158__F__gpt5.4__rep2.json	PILOT-2020000158	F	2	6.6566	31	4657	724	20	
PILOT-2020000158__G__gpt5.4__rep0.json	PILOT-2020000158	G	0	7.4959	32	4269	658	20	
PILOT-2020000158__G__gpt5.4__rep1.json	PILOT-2020000158	G	1	6.3214	31	4904	771	20	
PILOT-2020000158__G__gpt5.4__rep2.json	PILOT-2020000158	G	2	6.274	31	4941	772	20	
PILOT-2020000158__baseline__gpt5.4__rep0.json	PILOT-2020000158	baseline	0	6.869	31	4513	699	20	
PILOT-2020000158__baseline__gpt5.4__rep1.json	PILOT-2020000158	baseline	1	6.3008	31	4920	773	20	
PILOT-2020000158__baseline__gpt5.4__rep2.json	PILOT-2020000158	baseline	2	6.0952	31	5086	771	20	
PILOT-2020000362__A__gpt5.4__rep0.json	PILOT-2020000362	A	0	5.0584	26	5140	687	15	
PILOT-2020000362__A__gpt5.4__rep1.json	PILOT-2020000362	A	1	5.0821	26	5116	684	15	
PILOT-2020000362__A__gpt5.4__rep2.json	PILOT-2020000362	A	2	5.0881	26	5110	684	15	
PILOT-2020000362__B__gpt5.4__rep0.json	PILOT-2020000362	B	0	4.8077	25	5200	690	15	
PILOT-2020000362__B__gpt5.4__rep1.json	PILOT-2020000362	B	1	4.7592	25	5253	699	15	
PILOT-2020000362__B__gpt5.4__rep2.json	PILOT-2020000362	B	2	4.6891	23	4905	653	15	
PILOT-2020000362__C__gpt5.4__rep0.json	PILOT-2020000362	C	0	4.7829	25	5227	699	15	
PILOT-2020000362__C__gpt5.4__rep1.json	PILOT-2020000362	C	1	7.2318	43	5946	812	15	
PILOT-2020000362__C__gpt5.4__rep2.json	PILOT-2020000362	C	2	4.7322	25	5283	706	15	
PILOT-2020000362__D__gpt5.4__rep0.json	PILOT-2020000362	D	0	4.7619	23	4830	642	15	
PILOT-2020000362__D__gpt5.4__rep1.json	PILOT-2020000362	D	1	4.7829	25	5227	699	15	
PILOT-2020000362__D__gpt5.4__rep2.json	PILOT-2020000362	D	2	4.7627	27	5669	757	15	
PILOT-2020000362__E__gpt5.4__rep0.json	PILOT-2020000362	E	0	4.8	27	5625	752	15	
PILOT-2020000362__E__gpt5.4__rep1.json	PILOT-2020000362	E	1	4.9189	27	5489	733	15	
PILOT-2020000362__E__gpt5.4__rep2.json	PILOT-2020000362	E	2	3.706	18	4857	640	15	
PILOT-2020000362__F__gpt5.4__rep0.json	PILOT-2020000362	F	0	3.0109	8	2657	349	15	
PILOT-2020000362__F__gpt5.4__rep1.json	PILOT-2020000362	F	1	6.5119	39	5989	824	15	
PILOT-2020000362__F__gpt5.4__rep2.json	PILOT-2020000362	F	2	4.4053	23	5221	690	15	
PILOT-2020000362__G__gpt5.4__rep0.json	PILOT-2020000362	G	0	4.376	23	5256	695	15	
PILOT-2020000362__G__gpt5.4__rep1.json	PILOT-2020000362	G	1	4.4513	23	5167	683	15	
PILOT-2020000362__G__gpt5.4__rep2.json	PILOT-2020000362	G	2	5.4431	32	5879	796	15	
PILOT-2020000362__baseline__gpt5.4__rep0.json	PILOT-2020000362	baseline	0	5.3329	31	5813	786	15	
PILOT-2020000362__baseline__gpt5.4__rep1.json	PILOT-2020000362	baseline	1	4.5231	23	5085	675	15	
PILOT-2020000362__baseline__gpt5.4__rep2.json	PILOT-2020000362	baseline	2	4.7755	25	5235	699	15	
PILOT-2020000402__A__gpt5.4__rep0.json	PILOT-2020000402	A	0	0.0	0	3712	573	9	
PILOT-2020000402__A__gpt5.4__rep1.json	PILOT-2020000402	A	1	0.0	0	3346	518	9	
PILOT-2020000402__A__gpt5.4__rep2.json	PILOT-2020000402	A	2	0.0	0	3471	539	9	
PILOT-2020000402__B__gpt5.4__rep0.json	PILOT-2020000402	B	0	0.0	0	3173	488	9	
PILOT-2020000402__B__gpt5.4__rep1.json	PILOT-2020000402	B	1	0.0	0	3430	534	9	
PILOT-2020000402__B__gpt5.4__rep2.json	PILOT-2020000402	B	2	0.0	0	3853	597	9	
PILOT-2020000402__C__gpt5.4__rep0.json	PILOT-2020000402	C	0	0.0	0	3330	516	9	
PILOT-2020000402__C__gpt5.4__rep1.json	PILOT-2020000402	C	1	0.0	0	3454	535	9	
PILOT-2020000402__C__gpt5.4__rep2.json	PILOT-2020000402	C	2	0.0	0	3657	564	9	
PILOT-2020000402__D__gpt5.4__rep0.json	PILOT-2020000402	D	0	0.0	0	3450	537	9	
PILOT-2020000402__D__gpt5.4__rep1.json	PILOT-2020000402	D	1	0.0	0	3436	533	9	
PILOT-2020000402__D__gpt5.4__rep2.json	PILOT-2020000402	D	2	0.0	0	3330	521	9	
PILOT-2020000402__E__gpt5.4__rep0.json	PILOT-2020000402	E	0	0.0	0	3652	565	9	
PILOT-2020000402__E__gpt5.4__rep1.json	PILOT-2020000402	E	1	0.0	0	3450	537	9	
PILOT-2020000402__E__gpt5.4__rep2.json	PILOT-2020000402	E	2	0.0	0	3331	518	9	
PILOT-2020000402__F__gpt5.4__rep0.json	PILOT-2020000402	F	0	0.0	0	3651	564	9	
PILOT-2020000402__F__gpt5.4__rep1.json	PILOT-2020000402	F	1	0.0	0	3771	583	9	
PILOT-2020000402__F__gpt5.4__rep2.json	PILOT-2020000402	F	2	0.0	0	3469	539	9	
PILOT-2020000402__G__gpt5.4__rep0.json	PILOT-2020000402	G	0	0.0	0	3076	477	6	
PILOT-2020000402__G__gpt5.4__rep1.json	PILOT-2020000402	G	1	0.0	0	3501	543	9	
PILOT-2020000402__G__gpt5.4__rep2.json	PILOT-2020000402	G	2	0.0	0	3604	558	9	
PILOT-2020000402__baseline__gpt5.4__rep0.json	PILOT-2020000402	baseline	0	0.0	0	3441	536	9	
PILOT-2020000402__baseline__gpt5.4__rep1.json	PILOT-2020000402	baseline	1	0.0	0	3730	580	9	
PILOT-2020000402__baseline__gpt5.4__rep2.json	PILOT-2020000402	baseline	2	0.0	0	3354	523	9	
PILOT-2020000676__A__gpt5.4__rep0.json	PILOT-2020000676	A	0	4.415	52	11778	1748	20	
PILOT-2020000676__A__gpt5.4__rep1.json	PILOT-2020000676	A	1	4.8426	56	11564	1711	20	
PILOT-2020000676__A__gpt5.4__rep2.json	PILOT-2020000676	A	2	4.7243	52	11007	1615	20	
PILOT-2020000676__B__gpt5.4__rep0.json	PILOT-2020000676	B	0	4.9364	59	11952	1791	20	
PILOT-2020000676__B__gpt5.4__rep1.json	PILOT-2020000676	B	1	4.9364	59	11952	1791	20	
PILOT-2020000676__B__gpt5.4__rep2.json	PILOT-2020000676	B	2	4.9364	59	11952	1791	20	
PILOT-2020000676__C__gpt5.4__rep0.json	PILOT-2020000676	C	0	4.7102	56	11889	1779	20	
PILOT-2020000676__C__gpt5.4__rep1.json	PILOT-2020000676	C	1	4.8455	53	10938	1624	20	
PILOT-2020000676__C__gpt5.4__rep2.json	PILOT-2020000676	C	2	4.929	59	11970	1794	20	
PILOT-2020000676__D__gpt5.4__rep0.json	PILOT-2020000676	D	0	4.9364	59	11952	1791	20	
PILOT-2020000676__D__gpt5.4__rep1.json	PILOT-2020000676	D	1	4.8938	53	10830	1612	20	
PILOT-2020000676__D__gpt5.4__rep2.json	PILOT-2020000676	D	2	4.9364	59	11952	1791	20	
PILOT-2020000676__E__gpt5.4__rep0.json	PILOT-2020000676	E	0	4.4953	53	11790	1761	20	
PILOT-2020000676__E__gpt5.4__rep1.json	PILOT-2020000676	E	1	4.838	53	10955	1626	20	
PILOT-2020000676__E__gpt5.4__rep2.json	PILOT-2020000676	E	2	4.4953	53	11790	1761	20	
PILOT-2020000676__F__gpt5.4__rep0.json	PILOT-2020000676	F	0	4.838	53	10955	1626	20	
PILOT-2020000676__F__gpt5.4__rep1.json	PILOT-2020000676	F	1	4.929	59	11970	1794	20	
PILOT-2020000676__F__gpt5.4__rep2.json	PILOT-2020000676	F	2	4.5981	50	10874	1611	20	
PILOT-2020000676__G__gpt5.4__rep0.json	PILOT-2020000676	G	0	4.9364	59	11952	1791	20	
PILOT-2020000676__G__gpt5.4__rep1.json	PILOT-2020000676	G	1	4.779	56	11718	1748	20	
PILOT-2020000676__G__gpt5.4__rep2.json	PILOT-2020000676	G	2	4.5148	59	13068	1962	20	
PILOT-2020000676__baseline__gpt5.4__rep0.json	PILOT-2020000676	baseline	0	4.9364	59	11952	1791	20	
PILOT-2020000676__baseline__gpt5.4__rep1.json	PILOT-2020000676	baseline	1	4.7174	56	11871	1776	20	
PILOT-2020000676__baseline__gpt5.4__rep2.json	PILOT-2020000676	baseline	2	4.7174	56	11871	1776	20	
PILOT-2020001769__A__gpt5.4__rep0.json	PILOT-2020001769	A	0	5.1362	23	4478	566	21	
PILOT-2020001769__A__gpt5.4__rep1.json	PILOT-2020001769	A	1	5.1744	23	4445	564	21	
PILOT-2020001769__A__gpt5.4__rep2.json	PILOT-2020001769	A	2	4.754	20	4207	537	21	
PILOT-2020001769__B__gpt5.4__rep0.json	PILOT-2020001769	B	0	4.0089	18	4490	570	21	
PILOT-2020001769__B__gpt5.4__rep1.json	PILOT-2020001769	B	1	5.3175	17	3197	414	21	
PILOT-2020001769__B__gpt5.4__rep2.json	PILOT-2020001769	B	2	4.5177	20	4427	575	21	
PILOT-2020001769__C__gpt5.4__rep0.json	PILOT-2020001769	C	0	4.5409	18	3964	503	21	
PILOT-2020001769__C__gpt5.4__rep1.json	PILOT-2020001769	C	1	4.3373	18	4150	531	21	
PILOT-2020001769__C__gpt5.4__rep2.json	PILOT-2020001769	C	2	4.5101	18	3991	509	21	
PILOT-2020001769__D__gpt5.4__rep0.json	PILOT-2020001769	D	0	4.1068	18	4383	565	21	
PILOT-2020001769__D__gpt5.4__rep1.json	PILOT-2020001769	D	1	4.6382	20	4312	551	21	
PILOT-2020001769__D__gpt5.4__rep2.json	PILOT-2020001769	D	2	4.329	18	4158	534	21	
PILOT-2020001769__E__gpt5.4__rep0.json	PILOT-2020001769	E	0	4.662	20	4290	550	21	
PILOT-2020001769__E__gpt5.4__rep1.json	PILOT-2020001769	E	1	5.5264	20	3619	469	21	
PILOT-2020001769__E__gpt5.4__rep2.json	PILOT-2020001769	E	2	4.9251	23	4670	598	21	
PILOT-2020001769__F__gpt5.4__rep0.json	PILOT-2020001769	F	0	4.947	21	4245	538	21	
PILOT-2020001769__F__gpt5.4__rep1.json	PILOT-2020001769	F	1	4.4633	20	4481	573	21	
PILOT-2020001769__F__gpt5.4__rep2.json	PILOT-2020001769	F	2	4.6189	20	4330	555	21	
PILOT-2020001769__G__gpt5.4__rep0.json	PILOT-2020001769	G	0	4.6059	18	3908	497	21	
PILOT-2020001769__G__gpt5.4__rep1.json	PILOT-2020001769	G	1	4.5272	18	3976	503	21	
PILOT-2020001769__G__gpt5.4__rep2.json	PILOT-2020001769	G	2	4.3881	18	4102	521	21	
PILOT-2020001769__baseline__gpt5.4__rep0.json	PILOT-2020001769	baseline	0	4.4405	20	4504	584	21	
PILOT-2020001769__baseline__gpt5.4__rep1.json	PILOT-2020001769	baseline	1	4.9043	21	4282	545	21	
PILOT-2020001769__baseline__gpt5.4__rep2.json	PILOT-2020001769	baseline	2	4.8905	21	4294	546	21	
PILOT-2020002332__A__gpt5.4__rep0.json	PILOT-2020002332	A	0	4.2854	17	3967	548	13	
PILOT-2020002332__A__gpt5.4__rep1.json	PILOT-2020002332	A	1	4.4413	19	4278	590	13	
PILOT-2020002332__A__gpt5.4__rep2.json	PILOT-2020002332	A	2	4.7133	18	3819	534	13	
PILOT-2020002332__B__gpt5.4__rep0.json	PILOT-2020002332	B	0	6.506	44	6763	916	25	
PILOT-2020002332__B__gpt5.4__rep1.json	PILOT-2020002332	B	1	6.5182	48	7364	1013	25	
PILOT-2020002332__B__gpt5.4__rep2.json	PILOT-2020002332	B	2	6.3926	51	7978	1104	25	
PILOT-2020002332__C__gpt5.4__rep0.json	PILOT-2020002332	C	0	3.6916	18	4876	672	13	
PILOT-2020002332__C__gpt5.4__rep1.json	PILOT-2020002332	C	1	4.1284	18	4360	600	13	
PILOT-2020002332__C__gpt5.4__rep2.json	PILOT-2020002332	C	2	6.4603	48	7430	1019	25	
PILOT-2020002332__D__gpt5.4__rep0.json	PILOT-2020002332	D	0	2.44	6	2459	333	13	
PILOT-2020002332__D__gpt5.4__rep1.json	PILOT-2020002332	D	1	4.2234	18	4262	588	13	
PILOT-2020002332__D__gpt5.4__rep2.json	PILOT-2020002332	D	2	4.4096	18	4082	561	13	
PILOT-2020002332__E__gpt5.4__rep0.json	PILOT-2020002332	E	0	6.1687	46	7457	1017	25	
PILOT-2020002332__E__gpt5.4__rep1.json	PILOT-2020002332	E	1	6.1018	44	7211	982	25	
PILOT-2020002332__E__gpt5.4__rep2.json	PILOT-2020002332	E	2	4.4413	19	4278	590	13	
PILOT-2020002332__F__gpt5.4__rep0.json	PILOT-2020002332	F	0	0.0	0	786	96	1	
PILOT-2020002332__F__gpt5.4__rep1.json	PILOT-2020002332	F	1	0.0	0	786	96	1	
PILOT-2020002332__F__gpt5.4__rep2.json	PILOT-2020002332	F	2	0.0	0	786	96	1	
PILOT-2020002332__G__gpt5.4__rep0.json	PILOT-2020002332	G	0	3.6423	18	4942	682	13	
PILOT-2020002332__G__gpt5.4__rep1.json	PILOT-2020002332	G	1	0.0	0	786	96	1	
PILOT-2020002332__G__gpt5.4__rep2.json	PILOT-2020002332	G	2	5.8204	47	8075	1110	25	
PILOT-2020002332__baseline__gpt5.4__rep0.json	PILOT-2020002332	baseline	0	3.6756	15	4081	555	13	
PILOT-2020002332__baseline__gpt5.4__rep1.json	PILOT-2020002332	baseline	1	3.9277	15	3819	518	13	
PILOT-2020002332__baseline__gpt5.4__rep2.json	PILOT-2020002332	baseline	2	2.456	6	2443	331	13	
PILOT-2020002369__A__gpt5.4__rep0.json	PILOT-2020002369	A	0	7.7614	19	2448	359	20	
PILOT-2020002369__A__gpt5.4__rep1.json	PILOT-2020002369	A	1	8.8968	35	3934	602	20	
PILOT-2020002369__A__gpt5.4__rep2.json	PILOT-2020002369	A	2	8.8968	35	3934	602	20	
PILOT-2020002369__B__gpt5.4__rep0.json	PILOT-2020002369	B	0	9.4614	39	4122	634	20	
PILOT-2020002369__B__gpt5.4__rep1.json	PILOT-2020002369	B	1	8.5616	35	4088	625	20	
PILOT-2020002369__B__gpt5.4__rep2.json	PILOT-2020002369	B	2	8.7763	35	3988	606	20	
PILOT-2020002369__C__gpt5.4__rep0.json	PILOT-2020002369	C	0	8.8968	35	3934	602	20	
PILOT-2020002369__C__gpt5.4__rep1.json	PILOT-2020002369	C	1	8.7151	35	4016	616	20	
PILOT-2020002369__C__gpt5.4__rep2.json	PILOT-2020002369	C	2	8.8968	35	3934	602	20	
PILOT-2020002369__D__gpt5.4__rep0.json	PILOT-2020002369	D	0	8.6313	35	4055	622	20	
PILOT-2020002369__D__gpt5.4__rep1.json	PILOT-2020002369	D	1	10.0787	41	4068	626	20	
PILOT-2020002369__D__gpt5.4__rep2.json	PILOT-2020002369	D	2	8.7763	35	3988	610	20	
PILOT-2020002369__E__gpt5.4__rep0.json	PILOT-2020002369	E	0	8.726	35	4011	604	20	
PILOT-2020002369__E__gpt5.4__rep1.json	PILOT-2020002369	E	1	8.6827	35	4031	619	20	
PILOT-2020002369__E__gpt5.4__rep2.json	PILOT-2020002369	E	2	8.8945	35	3935	603	20	
PILOT-2020002369__F__gpt5.4__rep0.json	PILOT-2020002369	F	0	8.8228	35	3967	604	20	
PILOT-2020002369__F__gpt5.4__rep1.json	PILOT-2020002369	F	1	8.2978	35	4218	654	20	
PILOT-2020002369__F__gpt5.4__rep2.json	PILOT-2020002369	F	2	9.9708	41	4112	632	20	
PILOT-2020002369__G__gpt5.4__rep0.json	PILOT-2020002369	G	0	8.3056	35	4214	646	20	
PILOT-2020002369__G__gpt5.4__rep1.json	PILOT-2020002369	G	1	8.5953	35	4072	623	20	
PILOT-2020002369__G__gpt5.4__rep2.json	PILOT-2020002369	G	2	8.5616	35	4088	625	20	
PILOT-2020002369__baseline__gpt5.4__rep0.json	PILOT-2020002369	baseline	0	8.5868	35	4076	623	20	
PILOT-2020002369__baseline__gpt5.4__rep1.json	PILOT-2020002369	baseline	1	9.5616	41	4288	659	20	
PILOT-2020002369__baseline__gpt5.4__rep2.json	PILOT-2020002369	baseline	2	8.5616	35	4088	628	20	
PILOT-2020002555__A__gpt5.4__rep0.json	PILOT-2020002555	A	0	1.2626	7	5544	796	20	
PILOT-2020002555__A__gpt5.4__rep1.json	PILOT-2020002555	A	1	1.1283	7	6204	912	20	
PILOT-2020002555__A__gpt5.4__rep2.json	PILOT-2020002555	A	2	1.1935	7	5865	862	20	
PILOT-2020002555__B__gpt5.4__rep0.json	PILOT-2020002555	B	0	1.0958	7	6388	937	20	
PILOT-2020002555__B__gpt5.4__rep1.json	PILOT-2020002555	B	1	1.0961	7	6386	937	20	
PILOT-2020002555__B__gpt5.4__rep2.json	PILOT-2020002555	B	2	1.2107	7	5782	847	20	
PILOT-2020002555__C__gpt5.4__rep0.json	PILOT-2020002555	C	0	1.1864	7	5900	855	20	
PILOT-2020002555__C__gpt5.4__rep1.json	PILOT-2020002555	C	1	1.7036	10	5870	859	20	
PILOT-2020002555__C__gpt5.4__rep2.json	PILOT-2020002555	C	2	1.1334	7	6176	903	20	
PILOT-2020002555__D__gpt5.4__rep0.json	PILOT-2020002555	D	0	1.1665	7	6001	876	20	
PILOT-2020002555__D__gpt5.4__rep1.json	PILOT-2020002555	D	1	1.1222	7	6238	911	20	
PILOT-2020002555__D__gpt5.4__rep2.json	PILOT-2020002555	D	2	1.1393	7	6144	900	20	
PILOT-2020002555__E__gpt5.4__rep0.json	PILOT-2020002555	E	0	1.2449	7	5623	820	20	
PILOT-2020002555__E__gpt5.4__rep1.json	PILOT-2020002555	E	1	1.1218	7	6240	912	20	
PILOT-2020002555__E__gpt5.4__rep2.json	PILOT-2020002555	E	2	1.1842	7	5911	867	20	
PILOT-2020002555__F__gpt5.4__rep0.json	PILOT-2020002555	F	0	1.2315	7	5684	826	20	
PILOT-2020002555__F__gpt5.4__rep1.json	PILOT-2020002555	F	1	1.1364	7	6160	900	20	
PILOT-2020002555__F__gpt5.4__rep2.json	PILOT-2020002555	F	2	1.1241	7	6227	897	20	
PILOT-2020002555__G__gpt5.4__rep0.json	PILOT-2020002555	G	0	1.2161	7	5756	846	20	
PILOT-2020002555__G__gpt5.4__rep1.json	PILOT-2020002555	G	1	1.1721	7	5972	857	20	
PILOT-2020002555__G__gpt5.4__rep2.json	PILOT-2020002555	G	2	1.1582	7	6044	878	20	
PILOT-2020002555__baseline__gpt5.4__rep0.json	PILOT-2020002555	baseline	0	1.272	7	5503	802	20	
PILOT-2020002555__baseline__gpt5.4__rep1.json	PILOT-2020002555	baseline	1	1.1769	7	5948	870	20	
PILOT-2020002555__baseline__gpt5.4__rep2.json	PILOT-2020002555	baseline	2	1.1792	7	5936	868	20	
PILOT-2020002688__A__gpt5.4__rep0.json	PILOT-2020002688	A	0	0.235	1	4255	608	9	
PILOT-2020002688__A__gpt5.4__rep1.json	PILOT-2020002688	A	1	0.4894	2	4087	583	9	
PILOT-2020002688__A__gpt5.4__rep2.json	PILOT-2020002688	A	2	0.4772	2	4191	598	9	
PILOT-2020002688__B__gpt5.4__rep0.json	PILOT-2020002688	B	0	0.4155	2	4813	682	9	
PILOT-2020002688__B__gpt5.4__rep1.json	PILOT-2020002688	B	1	0.4295	2	4657	659	9	
PILOT-2020002688__B__gpt5.4__rep2.json	PILOT-2020002688	B	2	0.4196	2	4767	674	9	
PILOT-2020002688__C__gpt5.4__rep0.json	PILOT-2020002688	C	0	0.4751	2	4210	601	9	
PILOT-2020002688__C__gpt5.4__rep1.json	PILOT-2020002688	C	1	0.4209	2	4752	674	9	
PILOT-2020002688__C__gpt5.4__rep2.json	PILOT-2020002688	C	2	0.4518	2	4427	627	9	
PILOT-2020002688__D__gpt5.4__rep0.json	PILOT-2020002688	D	0	0.4247	2	4709	665	9	
PILOT-2020002688__D__gpt5.4__rep1.json	PILOT-2020002688	D	1	0.4159	2	4809	682	9	
PILOT-2020002688__D__gpt5.4__rep2.json	PILOT-2020002688	D	2	0.6241	3	4807	686	9	
PILOT-2020002688__E__gpt5.4__rep0.json	PILOT-2020002688	E	0	0.4156	2	4812	677	9	
PILOT-2020002688__E__gpt5.4__rep1.json	PILOT-2020002688	E	1	0.6743	3	4449	638	9	
PILOT-2020002688__E__gpt5.4__rep2.json	PILOT-2020002688	E	2	0.4158	2	4810	677	9	
PILOT-2020002688__F__gpt5.4__rep0.json	PILOT-2020002688	F	0	0.4808	2	4160	588	9	
PILOT-2020002688__F__gpt5.4__rep1.json	PILOT-2020002688	F	1	0.415	2	4819	682	9	
PILOT-2020002688__F__gpt5.4__rep2.json	PILOT-2020002688	F	2	0.4133	2	4839	689	9	
PILOT-2020002688__G__gpt5.4__rep0.json	PILOT-2020002688	G	0	0.42	2	4762	676	9	
PILOT-2020002688__G__gpt5.4__rep1.json	PILOT-2020002688	G	1	0.6276	3	4780	682	9	
PILOT-2020002688__G__gpt5.4__rep2.json	PILOT-2020002688	G	2	0.4325	2	4624	653	9	
PILOT-2020002688__baseline__gpt5.4__rep0.json	PILOT-2020002688	baseline	0	0.4719	2	4238	601	9	
PILOT-2020002688__baseline__gpt5.4__rep1.json	PILOT-2020002688	baseline	1	0.6835	3	4389	630	9	
PILOT-2020002688__baseline__gpt5.4__rep2.json	PILOT-2020002688	baseline	2	0.4443	2	4501	639	9	
PILOT-2020002729__A__gpt5.4__rep0.json	PILOT-2020002729	A	0	2.3824	12	5037	783	11	
PILOT-2020002729__A__gpt5.4__rep1.json	PILOT-2020002729	A	1	2.2384	12	5361	836	11	
PILOT-2020002729__A__gpt5.4__rep2.json	PILOT-2020002729	A	2	2.4121	12	4975	768	11	
PILOT-2020002729__B__gpt5.4__rep0.json	PILOT-2020002729	B	0	2.3669	12	5070	785	11	
PILOT-2020002729__B__gpt5.4__rep1.json	PILOT-2020002729	B	1	2.4385	12	4921	764	11	
PILOT-2020002729__B__gpt5.4__rep2.json	PILOT-2020002729	B	2	2.669	12	4496	681	11	
PILOT-2020002729__C__gpt5.4__rep0.json	PILOT-2020002729	C	0	2.7435	14	5103	788	11	
PILOT-2020002729__C__gpt5.4__rep1.json	PILOT-2020002729	C	1	2.731	12	4394	675	11	
PILOT-2020002729__C__gpt5.4__rep2.json	PILOT-2020002729	C	2	2.3995	12	5001	781	11	
PILOT-2020002729__D__gpt5.4__rep0.json	PILOT-2020002729	D	0	2.6673	12	4499	684	11	
PILOT-2020002729__D__gpt5.4__rep1.json	PILOT-2020002729	D	1	2.7291	12	4397	671	11	
PILOT-2020002729__D__gpt5.4__rep2.json	PILOT-2020002729	D	2	3.2749	14	4275	658	11	
PILOT-2020002729__E__gpt5.4__rep0.json	PILOT-2020002729	E	0	3.1336	16	5106	793	11	
PILOT-2020002729__E__gpt5.4__rep1.json	PILOT-2020002729	E	1	2.659	12	4513	689	11	
PILOT-2020002729__E__gpt5.4__rep2.json	PILOT-2020002729	E	2	2.8376	12	4229	655	11	
PILOT-2020002729__F__gpt5.4__rep0.json	PILOT-2020002729	F	0	2.7966	12	4291	663	11	
PILOT-2020002729__F__gpt5.4__rep1.json	PILOT-2020002729	F	1	2.627	15	5710	885	11	
PILOT-2020002729__F__gpt5.4__rep2.json	PILOT-2020002729	F	2	2.4836	14	5637	875	11	
PILOT-2020002729__G__gpt5.4__rep0.json	PILOT-2020002729	G	0	2.7076	12	4432	687	11	
PILOT-2020002729__G__gpt5.4__rep1.json	PILOT-2020002729	G	1	2.442	6	2457	380	11	
PILOT-2020002729__G__gpt5.4__rep2.json	PILOT-2020002729	G	2	2.87	14	4878	752	11	
PILOT-2020002729__baseline__gpt5.4__rep0.json	PILOT-2020002729	baseline	0	2.2259	12	5391	838	11	
PILOT-2020002729__baseline__gpt5.4__rep1.json	PILOT-2020002729	baseline	1	2.8672	13	4534	698	11	
PILOT-2020002729__baseline__gpt5.4__rep2.json	PILOT-2020002729	baseline	2	2.7593	12	4349	670	11	
PILOT-2020003998__A__gpt5.4__rep0.json	PILOT-2020003998	A	0	6.2112	14	2254	340	14	
PILOT-2020003998__A__gpt5.4__rep1.json	PILOT-2020003998	A	1	5.5371	15	2709	442	14	
PILOT-2020003998__A__gpt5.4__rep2.json	PILOT-2020003998	A	2	6.1438	17	2767	456	15	
PILOT-2020003998__B__gpt5.4__rep0.json	PILOT-2020003998	B	0	5.8824	15	2550	412	14	
PILOT-2020003998__B__gpt5.4__rep1.json	PILOT-2020003998	B	1	8.0676	21	2603	413	14	
PILOT-2020003998__B__gpt5.4__rep2.json	PILOT-2020003998	B	2	7.2512	22	3034	472	15	
PILOT-2020003998__C__gpt5.4__rep0.json	PILOT-2020003998	C	0	11.318	31	2739	457	15	
PILOT-2020003998__C__gpt5.4__rep1.json	PILOT-2020003998	C	1	5.8651	12	2046	325	14	
PILOT-2020003998__C__gpt5.4__rep2.json	PILOT-2020003998	C	2	5.5402	14	2527	410	14	
PILOT-2020003998__D__gpt5.4__rep0.json	PILOT-2020003998	D	0	5.8385	18	3083	504	15	
PILOT-2020003998__D__gpt5.4__rep1.json	PILOT-2020003998	D	1	5.5267	17	3076	501	15	
PILOT-2020003998__D__gpt5.4__rep2.json	PILOT-2020003998	D	2	5.9752	14	2343	371	15	
PILOT-2020003998__E__gpt5.4__rep0.json	PILOT-2020003998	E	0	4.3203	15	3472	539	14	
PILOT-2020003998__E__gpt5.4__rep1.json	PILOT-2020003998	E	1	6.4407	19	2950	496	15	
PILOT-2020003998__E__gpt5.4__rep2.json	PILOT-2020003998	E	2	4.9885	13	2606	419	14	
PILOT-2020003998__F__gpt5.4__rep0.json	PILOT-2020003998	F	0	6.0377	16	2650	436	15	
PILOT-2020003998__F__gpt5.4__rep1.json	PILOT-2020003998	F	1	5.6277	13	2310	370	14	
PILOT-2020003998__F__gpt5.4__rep2.json	PILOT-2020003998	F	2	5.5783	15	2689	442	15	
PILOT-2020003998__G__gpt5.4__rep0.json	PILOT-2020003998	G	0	5.997	16	2668	427	14	
PILOT-2020003998__G__gpt5.4__rep1.json	PILOT-2020003998	G	1	5.9382	15	2526	413	14	
PILOT-2020003998__G__gpt5.4__rep2.json	PILOT-2020003998	G	2	5.1121	13	2543	418	14	
PILOT-2020003998__baseline__gpt5.4__rep0.json	PILOT-2020003998	baseline	0	5.102	12	2352	387	14	
PILOT-2020003998__baseline__gpt5.4__rep1.json	PILOT-2020003998	baseline	1	6.0302	18	2985	502	15	
PILOT-2020003998__baseline__gpt5.4__rep2.json	PILOT-2020003998	baseline	2	4.3725	10	2287	365	14	
PILOT-2020004768__A__gpt5.4__rep0.json	PILOT-2020004768	A	0	22.2155	73	3286	482	20	
PILOT-2020004768__A__gpt5.4__rep1.json	PILOT-2020004768	A	1	21.7248	66	3038	440	30	
PILOT-2020004768__A__gpt5.4__rep2.json	PILOT-2020004768	A	2	22.0659	69	3127	452	20	
PILOT-2020004768__B__gpt5.4__rep0.json	PILOT-2020004768	B	0	20.4159	54	2645	378	20	
PILOT-2020004768__B__gpt5.4__rep1.json	PILOT-2020004768	B	1	19.975	64	3204	458	20	
PILOT-2020004768__B__gpt5.4__rep2.json	PILOT-2020004768	B	2	22.5904	60	2656	382	30	
PILOT-2020004768__C__gpt5.4__rep0.json	PILOT-2020004768	C	0	21.9117	69	3149	456	20	
PILOT-2020004768__C__gpt5.4__rep1.json	PILOT-2020004768	C	1	22.2083	71	3197	465	20	
PILOT-2020004768__C__gpt5.4__rep2.json	PILOT-2020004768	C	2	22.1253	71	3209	467	20	
PILOT-2020004768__D__gpt5.4__rep0.json	PILOT-2020004768	D	0	20.9857	66	3145	445	20	
PILOT-2020004768__D__gpt5.4__rep1.json	PILOT-2020004768	D	1	21.4774	66	3073	443	20	
PILOT-2020004768__D__gpt5.4__rep2.json	PILOT-2020004768	D	2	21.4216	66	3081	443	20	
PILOT-2020004768__E__gpt5.4__rep0.json	PILOT-2020004768	E	0	20.0425	66	3293	457	20	
PILOT-2020004768__E__gpt5.4__rep1.json	PILOT-2020004768	E	1	22.0322	67	3041	438	20	
PILOT-2020004768__E__gpt5.4__rep2.json	PILOT-2020004768	E	2	21.2424	66	3107	447	20	
PILOT-2020004768__F__gpt5.4__rep0.json	PILOT-2020004768	F	0	22.3341	71	3179	464	30	
PILOT-2020004768__F__gpt5.4__rep1.json	PILOT-2020004768	F	1	22.5472	74	3282	478	20	
PILOT-2020004768__F__gpt5.4__rep2.json	PILOT-2020004768	F	2	20.6379	66	3198	452	20	
PILOT-2020004768__G__gpt5.4__rep0.json	PILOT-2020004768	G	0	22.278	71	3187	465	20	
PILOT-2020004768__G__gpt5.4__rep1.json	PILOT-2020004768	G	1	21.164	68	3213	466	20	
PILOT-2020004768__G__gpt5.4__rep2.json	PILOT-2020004768	G	2	21.7072	74	3409	487	20	
PILOT-2020004768__baseline__gpt5.4__rep0.json	PILOT-2020004768	baseline	0	21.3661	66	3089	445	20	
PILOT-2020004768__baseline__gpt5.4__rep1.json	PILOT-2020004768	baseline	1	22.2222	69	3105	449	20	
PILOT-2020004768__baseline__gpt5.4__rep2.json	PILOT-2020004768	baseline	2	20.5822	70	3401	481	20	
PILOT-2020006264__A__gpt5.4__rep0.json	PILOT-2020006264	A	0	10.4746	49	4678	682	20	
PILOT-2020006264__A__gpt5.4__rep1.json	PILOT-2020006264	A	1	9.4757	45	4749	691	20	
PILOT-2020006264__A__gpt5.4__rep2.json	PILOT-2020006264	A	2	9.4986	43	4527	657	20	
PILOT-2020006264__B__gpt5.4__rep0.json	PILOT-2020006264	B	0	8.144	38	4666	659	20	
PILOT-2020006264__B__gpt5.4__rep1.json	PILOT-2020006264	B	1	8.6862	40	4605	657	20	
PILOT-2020006264__B__gpt5.4__rep2.json	PILOT-2020006264	B	2	8.8229	41	4647	663	20	
PILOT-2020006264__C__gpt5.4__rep0.json	PILOT-2020006264	C	0	9.5656	48	5018	715	20	
PILOT-2020006264__C__gpt5.4__rep1.json	PILOT-2020006264	C	1	7.5646	36	4759	678	20	
PILOT-2020006264__C__gpt5.4__rep2.json	PILOT-2020006264	C	2	8.8069	42	4769	672	20	
PILOT-2020006264__D__gpt5.4__rep0.json	PILOT-2020006264	D	0	15.4251	82	5316	794	20	
PILOT-2020006264__D__gpt5.4__rep1.json	PILOT-2020006264	D	1	10.8672	50	4601	668	20	
PILOT-2020006264__D__gpt5.4__rep2.json	PILOT-2020006264	D	2	12.106	53	4378	643	20	
PILOT-2020006264__E__gpt5.4__rep0.json	PILOT-2020006264	E	0	15.4844	74	4779	711	20	
PILOT-2020006264__E__gpt5.4__rep1.json	PILOT-2020006264	E	1	10.9326	49	4482	658	20	
PILOT-2020006264__E__gpt5.4__rep2.json	PILOT-2020006264	E	2	10.7938	48	4447	649	20	
PILOT-2020006264__F__gpt5.4__rep0.json	PILOT-2020006264	F	0	11.101	49	4414	646	20	
PILOT-2020006264__F__gpt5.4__rep1.json	PILOT-2020006264	F	1	12.2064	53	4342	633	20	
PILOT-2020006264__F__gpt5.4__rep2.json	PILOT-2020006264	F	2	10.0307	49	4885	692	20	
PILOT-2020006264__G__gpt5.4__rep0.json	PILOT-2020006264	G	0	12.6024	60	4761	692	20	
PILOT-2020006264__G__gpt5.4__rep1.json	PILOT-2020006264	G	1	7.6536	38	4965	708	20	
PILOT-2020006264__G__gpt5.4__rep2.json	PILOT-2020006264	G	2	11.101	49	4414	646	20	
PILOT-2020006264__baseline__gpt5.4__rep0.json	PILOT-2020006264	baseline	0	11.3891	56	4917	716	20	
PILOT-2020006264__baseline__gpt5.4__rep1.json	PILOT-2020006264	baseline	1	11.4872	56	4875	710	20	
PILOT-2020006264__baseline__gpt5.4__rep2.json	PILOT-2020006264	baseline	2	9.935	52	5234	741	20	
PILOT-2020006435__A__gpt5.4__rep0.json	PILOT-2020006435	A	0	10.5018	63	5999	879	33	
PILOT-2020006435__A__gpt5.4__rep1.json	PILOT-2020006435	A	1	9.887	63	6372	921	33	
PILOT-2020006435__A__gpt5.4__rep2.json	PILOT-2020006435	A	2	11.1013	63	5675	838	33	
PILOT-2020006435__B__gpt5.4__rep0.json	PILOT-2020006435	B	0	10.8978	63	5781	852	33	
PILOT-2020006435__B__gpt5.4__rep1.json	PILOT-2020006435	B	1	9.6448	63	6532	965	33	
PILOT-2020006435__B__gpt5.4__rep2.json	PILOT-2020006435	B	2	10.4218	63	6045	911	33	
PILOT-2020006435__C__gpt5.4__rep0.json	PILOT-2020006435	C	0	11.0371	63	5708	845	33	
PILOT-2020006435__C__gpt5.4__rep1.json	PILOT-2020006435	C	1	10.8959	63	5782	859	33	
PILOT-2020006435__C__gpt5.4__rep2.json	PILOT-2020006435	C	2	11.1861	63	5632	834	33	
PILOT-2020006435__D__gpt5.4__rep0.json	PILOT-2020006435	D	0	9.2497	63	6811	994	33	
PILOT-2020006435__D__gpt5.4__rep1.json	PILOT-2020006435	D	1	9.4453	63	6670	981	33	
PILOT-2020006435__D__gpt5.4__rep2.json	PILOT-2020006435	D	2	11.0371	63	5708	845	33	
PILOT-2020006435__E__gpt5.4__rep0.json	PILOT-2020006435	E	0	9.6641	63	6519	962	33	
PILOT-2020006435__E__gpt5.4__rep1.json	PILOT-2020006435	E	1	9.3361	63	6748	984	33	
PILOT-2020006435__E__gpt5.4__rep2.json	PILOT-2020006435	E	2	9.6516	64	6631	974	33	
PILOT-2020006435__F__gpt5.4__rep0.json	PILOT-2020006435	F	0	9.4002	63	6702	985	33	
PILOT-2020006435__F__gpt5.4__rep1.json	PILOT-2020006435	F	1	10.4738	63	6015	907	33	
PILOT-2020006435__F__gpt5.4__rep2.json	PILOT-2020006435	F	2	8.805	63	7155	1051	33	
PILOT-2020006435__G__gpt5.4__rep0.json	PILOT-2020006435	G	0	10.219	63	6165	904	33	
PILOT-2020006435__G__gpt5.4__rep1.json	PILOT-2020006435	G	1	9.673	63	6513	955	33	
PILOT-2020006435__G__gpt5.4__rep2.json	PILOT-2020006435	G	2	9.2879	63	6783	993	33	
PILOT-2020006435__baseline__gpt5.4__rep0.json	PILOT-2020006435	baseline	0	9.6552	63	6525	959	33	
PILOT-2020006435__baseline__gpt5.4__rep1.json	PILOT-2020006435	baseline	1	10.3194	63	6105	895	33	
PILOT-2020006435__baseline__gpt5.4__rep2.json	PILOT-2020006435	baseline	2	9.1064	64	7028	1035	33	
PILOT-2021000834__A__gpt5.4__rep0.json	PILOT-2021000834	A	0	2.9586	13	4394	628	20	
PILOT-2021000834__A__gpt5.4__rep1.json	PILOT-2021000834	A	1	2.8857	13	4505	642	20	
PILOT-2021000834__A__gpt5.4__rep2.json	PILOT-2021000834	A	2	2.9432	13	4417	627	20	
PILOT-2021000834__B__gpt5.4__rep0.json	PILOT-2021000834	B	0	2.9292	13	4438	633	20	
PILOT-2021000834__B__gpt5.4__rep1.json	PILOT-2021000834	B	1	2.9438	13	4416	628	20	
PILOT-2021000834__B__gpt5.4__rep2.json	PILOT-2021000834	B	2	2.9412	13	4420	630	20	
PILOT-2021000834__C__gpt5.4__rep0.json	PILOT-2021000834	C	0	2.7695	13	4694	671	20	
PILOT-2021000834__C__gpt5.4__rep1.json	PILOT-2021000834	C	1	2.5999	11	4231	598	20	
PILOT-2021000834__C__gpt5.4__rep2.json	PILOT-2021000834	C	2	2.8181	13	4613	657	20	
PILOT-2021000834__D__gpt5.4__rep0.json	PILOT-2021000834	D	0	2.8366	13	4583	648	20	
PILOT-2021000834__D__gpt5.4__rep1.json	PILOT-2021000834	D	1	2.9405	13	4421	629	20	
PILOT-2021000834__D__gpt5.4__rep2.json	PILOT-2021000834	D	2	2.9789	13	4364	618	20	
PILOT-2021000834__E__gpt5.4__rep0.json	PILOT-2021000834	E	0	2.9418	13	4419	628	20	
PILOT-2021000834__E__gpt5.4__rep1.json	PILOT-2021000834	E	1	2.8018	12	4283	605	20	
PILOT-2021000834__E__gpt5.4__rep2.json	PILOT-2021000834	E	2	2.9539	13	4401	625	20	
PILOT-2021000834__F__gpt5.4__rep0.json	PILOT-2021000834	F	0	2.9181	13	4455	632	20	
PILOT-2021000834__F__gpt5.4__rep1.json	PILOT-2021000834	F	1	2.6411	11	4165	590	20	
PILOT-2021000834__F__gpt5.4__rep2.json	PILOT-2021000834	F	2	2.9398	13	4422	621	20	
PILOT-2021000834__G__gpt5.4__rep0.json	PILOT-2021000834	G	0	2.8261	13	4600	651	20	
PILOT-2021000834__G__gpt5.4__rep1.json	PILOT-2021000834	G	1	2.9187	13	4454	634	20	
PILOT-2021000834__G__gpt5.4__rep2.json	PILOT-2021000834	G	2	2.864	12	4190	593	20	
PILOT-2021000834__baseline__gpt5.4__rep0.json	PILOT-2021000834	baseline	0	2.9181	13	4455	633	20	
PILOT-2021000834__baseline__gpt5.4__rep1.json	PILOT-2021000834	baseline	1	3.0459	13	4268	612	20	
PILOT-2021000834__baseline__gpt5.4__rep2.json	PILOT-2021000834	baseline	2	2.9579	13	4395	619	20	
PILOT-2021001124__A__gpt5.4__rep0.json	PILOT-2021001124	A	0	4.0463	29	7167	1043	15	
PILOT-2021001124__A__gpt5.4__rep1.json	PILOT-2021001124	A	1	3.7802	30	7936	1140	15	
PILOT-2021001124__A__gpt5.4__rep2.json	PILOT-2021001124	A	2	3.8467	29	7539	1078	15	
PILOT-2021001124__B__gpt5.4__rep0.json	PILOT-2021001124	B	0	3.1807	25	7860	1125	13	
PILOT-2021001124__B__gpt5.4__rep1.json	PILOT-2021001124	B	1	2.8827	20	6938	998	11	
PILOT-2021001124__B__gpt5.4__rep2.json	PILOT-2021001124	B	2	3.8872	35	9004	1298	15	
PILOT-2021001124__C__gpt5.4__rep0.json	PILOT-2021001124	C	0	3.9185	30	7656	1097	15	
PILOT-2021001124__C__gpt5.4__rep1.json	PILOT-2021001124	C	1	3.2768	23	7019	1008	15	
PILOT-2021001124__C__gpt5.4__rep2.json	PILOT-2021001124	C	2	3.165	24	7583	1096	15	
PILOT-2021001124__D__gpt5.4__rep0.json	PILOT-2021001124	D	0	3.6581	30	8201	1184	15	
PILOT-2021001124__D__gpt5.4__rep1.json	PILOT-2021001124	D	1	3.3863	26	7678	1101	15	
PILOT-2021001124__D__gpt5.4__rep2.json	PILOT-2021001124	D	2	3.6738	30	8166	1175	15	
PILOT-2021001124__E__gpt5.4__rep0.json	PILOT-2021001124	E	0	3.723	30	8058	1168	15	
PILOT-2021001124__E__gpt5.4__rep1.json	PILOT-2021001124	E	1	3.4421	23	6682	966	15	
PILOT-2021001124__E__gpt5.4__rep2.json	PILOT-2021001124	E	2	4.0328	33	8183	1190	15	
PILOT-2021001124__F__gpt5.4__rep0.json	PILOT-2021001124	F	0	4.5172	37	8191	1188	15	
PILOT-2021001124__F__gpt5.4__rep1.json	PILOT-2021001124	F	1	3.2871	23	6997	1010	15	
PILOT-2021001124__F__gpt5.4__rep2.json	PILOT-2021001124	F	2	3.714	28	7539	1089	13	
PILOT-2021001124__G__gpt5.4__rep0.json	PILOT-2021001124	G	0	3.2841	24	7308	1048	13	
PILOT-2021001124__G__gpt5.4__rep1.json	PILOT-2021001124	G	1	2.8858	21	7277	1047	11	
PILOT-2021001124__G__gpt5.4__rep2.json	PILOT-2021001124	G	2	2.9687	20	6737	968	11	
PILOT-2021001124__baseline__gpt5.4__rep0.json	PILOT-2021001124	baseline	0	3.3148	31	9352	1373	15	
PILOT-2021001124__baseline__gpt5.4__rep1.json	PILOT-2021001124	baseline	1	3.9231	30	7647	1098	15	
PILOT-2021001124__baseline__gpt5.4__rep2.json	PILOT-2021001124	baseline	2	3.8956	30	7701	1104	15	
PILOT-2021002328__A__gpt5.4__rep0.json	PILOT-2021002328	A	0	6.5881	33	5009	669	14	
PILOT-2021002328__A__gpt5.4__rep1.json	PILOT-2021002328	A	1	6.7702	34	5022	672	14	
PILOT-2021002328__A__gpt5.4__rep2.json	PILOT-2021002328	A	2	7.0644	36	5096	685	14	
PILOT-2021002328__B__gpt5.4__rep0.json	PILOT-2021002328	B	0	6.1337	30	4891	654	14	
PILOT-2021002328__B__gpt5.4__rep1.json	PILOT-2021002328	B	1	6.514	33	5066	676	14	
PILOT-2021002328__B__gpt5.4__rep2.json	PILOT-2021002328	B	2	6.6418	32	4818	644	14	
PILOT-2021002328__C__gpt5.4__rep0.json	PILOT-2021002328	C	0	6.2642	33	5268	708	14	
PILOT-2021002328__C__gpt5.4__rep1.json	PILOT-2021002328	C	1	5.9913	33	5508	734	14	
PILOT-2021002328__C__gpt5.4__rep2.json	PILOT-2021002328	C	2	6.4579	33	5110	682	14	
PILOT-2021002328__D__gpt5.4__rep0.json	PILOT-2021002328	D	0	6.4232	35	5449	731	14	
PILOT-2021002328__D__gpt5.4__rep1.json	PILOT-2021002328	D	1	6.7489	35	5186	698	14	
PILOT-2021002328__D__gpt5.4__rep2.json	PILOT-2021002328	D	2	6.525	35	5364	715	14	
PILOT-2021002328__E__gpt5.4__rep0.json	PILOT-2021002328	E	0	6.6146	33	4989	666	14	
PILOT-2021002328__E__gpt5.4__rep1.json	PILOT-2021002328	E	1	6.5025	33	5075	679	14	
PILOT-2021002328__E__gpt5.4__rep2.json	PILOT-2021002328	E	2	6.4103	33	5148	689	14	
PILOT-2021002328__F__gpt5.4__rep0.json	PILOT-2021002328	F	0	6.9017	37	5361	729	14	
PILOT-2021002328__F__gpt5.4__rep1.json	PILOT-2021002328	F	1	6.317	33	5224	697	14	
PILOT-2021002328__F__gpt5.4__rep2.json	PILOT-2021002328	F	2	6.736	35	5196	695	14	
PILOT-2021002328__G__gpt5.4__rep0.json	PILOT-2021002328	G	0	6.6265	33	4980	660	14	
PILOT-2021002328__G__gpt5.4__rep1.json	PILOT-2021002328	G	1	6.5974	33	5002	663	14	
PILOT-2021002328__G__gpt5.4__rep2.json	PILOT-2021002328	G	2	6.0863	33	5422	726	14	
PILOT-2021002328__baseline__gpt5.4__rep0.json	PILOT-2021002328	baseline	0	5.8876	33	5605	745	14	
PILOT-2021002328__baseline__gpt5.4__rep1.json	PILOT-2021002328	baseline	1	6.0263	33	5476	739	14	
PILOT-2021002328__baseline__gpt5.4__rep2.json	PILOT-2021002328	baseline	2	6.7869	35	5157	692	14	
PILOT-2021003980__A__gpt5.4__rep0.json	PILOT-2021003980	A	0	6.4659	35	5413	753	16	
PILOT-2021003980__A__gpt5.4__rep1.json	PILOT-2021003980	A	1	5.6791	36	6339	883	20	
PILOT-2021003980__A__gpt5.4__rep2.json	PILOT-2021003980	A	2	5.3009	37	6980	976	20	
PILOT-2021003980__B__gpt5.4__rep0.json	PILOT-2021003980	B	0	4.638	36	7762	1090	20	
PILOT-2021003980__B__gpt5.4__rep1.json	PILOT-2021003980	B	1	4.3079	31	7196	1017	16	
PILOT-2021003980__B__gpt5.4__rep2.json	PILOT-2021003980	B	2	5.486	32	5833	810	16	
PILOT-2021003980__C__gpt5.4__rep0.json	PILOT-2021003980	C	0	4.8961	33	6740	937	20	
PILOT-2021003980__C__gpt5.4__rep1.json	PILOT-2021003980	C	1	4.8983	33	6737	936	20	
PILOT-2021003980__C__gpt5.4__rep2.json	PILOT-2021003980	C	2	4.5674	35	7663	1062	20	
PILOT-2021003980__D__gpt5.4__rep0.json	PILOT-2021003980	D	0	5.0895	31	6091	853	16	
PILOT-2021003980__D__gpt5.4__rep1.json	PILOT-2021003980	D	1	4.2745	18	4211	586	16	
PILOT-2021003980__D__gpt5.4__rep2.json	PILOT-2021003980	D	2	5.2471	31	5908	825	16	
PILOT-2021003980__E__gpt5.4__rep0.json	PILOT-2021003980	E	0	4.7033	34	7229	1005	20	
PILOT-2021003980__E__gpt5.4__rep1.json	PILOT-2021003980	E	1	4.7876	24	5013	696	16	
PILOT-2021003980__E__gpt5.4__rep2.json	PILOT-2021003980	E	2	4.3714	29	6634	928	20	
PILOT-2021003980__F__gpt5.4__rep0.json	PILOT-2021003980	F	0	5.1555	31	6013	843	16	
PILOT-2021003980__F__gpt5.4__rep1.json	PILOT-2021003980	F	1	6.1581	31	5034	700	16	
PILOT-2021003980__F__gpt5.4__rep2.json	PILOT-2021003980	F	2	5.0274	22	4376	600	16	
PILOT-2021003980__G__gpt5.4__rep0.json	PILOT-2021003980	G	0	5.6449	40	7086	987	20	
PILOT-2021003980__G__gpt5.4__rep1.json	PILOT-2021003980	G	1	5.3154	30	5644	787	16	
PILOT-2021003980__G__gpt5.4__rep2.json	PILOT-2021003980	G	2	5.7882	30	5183	721	16	
PILOT-2021003980__baseline__gpt5.4__rep0.json	PILOT-2021003980	baseline	0	3.7239	26	6982	978	20	
PILOT-2021003980__baseline__gpt5.4__rep1.json	PILOT-2021003980	baseline	1	5.746	30	5221	726	16	
PILOT-2021003980__baseline__gpt5.4__rep2.json	PILOT-2021003980	baseline	2	5.4841	32	5835	808	16	
PILOT-2022001087__A__gpt5.4__rep0.json	PILOT-2022001087	A	0	6.8691	38	5532	821	24	
PILOT-2022001087__A__gpt5.4__rep1.json	PILOT-2022001087	A	1	7.8987	53	6710	996	24	
PILOT-2022001087__A__gpt5.4__rep2.json	PILOT-2022001087	A	2	8.4024	70	8331	1248	24	
PILOT-2022001087__B__gpt5.4__rep0.json	PILOT-2022001087	B	0	9.0623	75	8276	1245	24	
PILOT-2022001087__B__gpt5.4__rep1.json	PILOT-2022001087	B	1	8.47	63	7438	1106	24	
PILOT-2022001087__B__gpt5.4__rep2.json	PILOT-2022001087	B	2	7.5797	44	5805	849	24	
PILOT-2022001087__C__gpt5.4__rep0.json	PILOT-2022001087	C	0	8.0049	65	8120	1214	24	
PILOT-2022001087__C__gpt5.4__rep1.json	PILOT-2022001087	C	1	9.1324	76	8322	1255	24	
PILOT-2022001087__C__gpt5.4__rep2.json	PILOT-2022001087	C	2	8.1404	58	7125	1059	24	
PILOT-2022001087__D__gpt5.4__rep0.json	PILOT-2022001087	D	0	9.0613	75	8277	1239	24	
PILOT-2022001087__D__gpt5.4__rep1.json	PILOT-2022001087	D	1	8.9497	72	8045	1210	24	
PILOT-2022001087__D__gpt5.4__rep2.json	PILOT-2022001087	D	2	9.2777	84	9054	1357	24	
PILOT-2022001087__E__gpt5.4__rep0.json	PILOT-2022001087	E	0	9.024	76	8422	1263	24	
PILOT-2022001087__E__gpt5.4__rep1.json	PILOT-2022001087	E	1	9.0503	77	8508	1285	24	
PILOT-2022001087__E__gpt5.4__rep2.json	PILOT-2022001087	E	2	8.8567	77	8694	1306	24	
PILOT-2022001087__F__gpt5.4__rep0.json	PILOT-2022001087	F	0	8.5837	74	8621	1299	24	
PILOT-2022001087__F__gpt5.4__rep1.json	PILOT-2022001087	F	1	8.868	68	7668	1134	24	
PILOT-2022001087__F__gpt5.4__rep2.json	PILOT-2022001087	F	2	7.7468	58	7487	1107	24	
PILOT-2022001087__G__gpt5.4__rep0.json	PILOT-2022001087	G	0	9.0229	76	8423	1269	24	
PILOT-2022001087__G__gpt5.4__rep1.json	PILOT-2022001087	G	1	9.6525	70	7252	1090	24	
PILOT-2022001087__G__gpt5.4__rep2.json	PILOT-2022001087	G	2	9.0667	75	8272	1244	24	
PILOT-2022001087__baseline__gpt5.4__rep0.json	PILOT-2022001087	baseline	0	9.1291	76	8325	1252	24	
PILOT-2022001087__baseline__gpt5.4__rep1.json	PILOT-2022001087	baseline	1	8.7566	75	8565	1287	24	
PILOT-2022001087__baseline__gpt5.4__rep2.json	PILOT-2022001087	baseline	2	8.7136	76	8722	1332	24	
