file	case	cond	rep	n_claims_parsed	pre_chars	gen_chars	editdist_pre_gen	denom	c2	reason
PILOT-2009010505__F__gpt4o-mini__rep0.json	PILOT-2009010505	F	0	0			None		None	no_gen
PILOT-2009010505__F__gpt4o-mini__rep1.json	PILOT-2009010505	F	1	0			None		None	no_gen
PILOT-2009010505__F__gpt4o-mini__rep2.json	PILOT-2009010505	F	2	3	7717	953	6771	4264	1.5879	
PILOT-2009010505__F__gpt5.4__rep0.json	PILOT-2009010505	F	0	28	7717	8696	1623	4264	0.3806	
PILOT-2009010505__F__gpt5.4__rep1.json	PILOT-2009010505	F	1	28	7717	7681	686	4264	0.1609	
PILOT-2009010505__F__gpt5.4__rep2.json	PILOT-2009010505	F	2	28	7717	8555	1520	4264	0.3565	
PILOT-2009010505__F__haiku4.5__rep0.json	PILOT-2009010505	F	0	29	7717	10508	3704	4264	0.8687	
PILOT-2009010505__F__haiku4.5__rep1.json	PILOT-2009010505	F	1	31	7717	9768	3121	4264	0.7319	
PILOT-2009010505__F__haiku4.5__rep2.json	PILOT-2009010505	F	2	26	7717	10335	4048	4264	0.9493	
PILOT-2009010505__F__sonnet4__rep0.json	PILOT-2009010505	F	0	28	7717	7669	659	4264	0.1545	
PILOT-2009010505__F__sonnet4__rep1.json	PILOT-2009010505	F	1	28	7717	8615	1500	4264	0.3518	
PILOT-2009010505__F__sonnet4__rep2.json	PILOT-2009010505	F	2	28	7717	8027	1014	4264	0.2378	
PILOT-2009010505__G__gpt4o-mini__rep0.json	PILOT-2009010505	G	0	25	7717	7353	1997	4264	0.4683	
PILOT-2009010505__G__gpt4o-mini__rep1.json	PILOT-2009010505	G	1	0			None		None	no_gen
PILOT-2009010505__G__gpt4o-mini__rep2.json	PILOT-2009010505	G	2	0			None		None	no_gen
PILOT-2009010505__G__gpt5.4__rep0.json	PILOT-2009010505	G	0	28	7717	7769	768	4264	0.1801	
PILOT-2009010505__G__gpt5.4__rep1.json	PILOT-2009010505	G	1	28	7717	8201	1183	4264	0.2774	
PILOT-2009010505__G__gpt5.4__rep2.json	PILOT-2009010505	G	2	28	7717	8203	1185	4264	0.2779	
PILOT-2009010505__G__haiku4.5__rep0.json	PILOT-2009010505	G	0	32	7717	5175	4566	4264	1.0708	
PILOT-2009010505__G__haiku4.5__rep1.json	PILOT-2009010505	G	1	28	7717	10708	3565	4264	0.8361	
PILOT-2009010505__G__haiku4.5__rep2.json	PILOT-2009010505	G	2	30	7717	11817	5098	4264	1.1956	
PILOT-2009010505__G__sonnet4__rep0.json	PILOT-2009010505	G	0	28	7717	8529	1415	4264	0.3318	
PILOT-2009010505__G__sonnet4__rep1.json	PILOT-2009010505	G	1	28	7717	8659	1548	4264	0.363	
PILOT-2009010505__G__sonnet4__rep2.json	PILOT-2009010505	G	2	28	7717	8043	1030	4264	0.2416	
PILOT-2010007757__F__gpt4o-mini__rep0.json	PILOT-2010007757	F	0	3	4313	511	3823	2367	1.6151	
PILOT-2010007757__F__gpt4o-mini__rep1.json	PILOT-2010007757	F	1	0			None		None	no_gen
PILOT-2010007757__F__gpt4o-mini__rep2.json	PILOT-2010007757	F	2	3	4313	427	3891	2367	1.6439	
PILOT-2010007757__F__gpt5.4__rep0.json	PILOT-2010007757	F	0	17	4313	2324	2217	2367	0.9366	
PILOT-2010007757__F__gpt5.4__rep1.json	PILOT-2010007757	F	1	17	4313	2318	2255	2367	0.9527	
PILOT-2010007757__F__gpt5.4__rep2.json	PILOT-2010007757	F	2	17	4313	2318	2255	2367	0.9527	
PILOT-2010007757__F__haiku4.5__rep0.json	PILOT-2010007757	F	0	3	4313	689	3653	2367	1.5433	
PILOT-2010007757__F__haiku4.5__rep1.json	PILOT-2010007757	F	1	3	4313	487	3840	2367	1.6223	
PILOT-2010007757__F__haiku4.5__rep2.json	PILOT-2010007757	F	2	3	4313	693	3640	2367	1.5378	
PILOT-2010007757__F__sonnet4__rep0.json	PILOT-2010007757	F	0	17	4313	2147	2363	2367	0.9983	
PILOT-2010007757__F__sonnet4__rep1.json	PILOT-2010007757	F	1	3	4313	347	3968	2367	1.6764	
PILOT-2010007757__F__sonnet4__rep2.json	PILOT-2010007757	F	2	17	4313	2370	2268	2367	0.9582	
PILOT-2010007757__G__gpt4o-mini__rep0.json	PILOT-2010007757	G	0	0			None		None	no_gen
PILOT-2010007757__G__gpt4o-mini__rep1.json	PILOT-2010007757	G	1	9	4313	1300	3183	2367	1.3447	
PILOT-2010007757__G__gpt4o-mini__rep2.json	PILOT-2010007757	G	2	0			None		None	no_gen
PILOT-2010007757__G__gpt5.4__rep0.json	PILOT-2010007757	G	0	17	4313	2195	2210	2367	0.9337	
PILOT-2010007757__G__gpt5.4__rep1.json	PILOT-2010007757	G	1	17	4313	2324	2217	2367	0.9366	
PILOT-2010007757__G__gpt5.4__rep2.json	PILOT-2010007757	G	2	17	4313	2305	2109	2367	0.891	
PILOT-2010007757__G__haiku4.5__rep0.json	PILOT-2010007757	G	0	3	4313	513	3820	2367	1.6139	
PILOT-2010007757__G__haiku4.5__rep1.json	PILOT-2010007757	G	1	13	4313	2108	2441	2367	1.0313	
PILOT-2010007757__G__haiku4.5__rep2.json	PILOT-2010007757	G	2	3	4313	592	3748	2367	1.5834	
PILOT-2010007757__G__sonnet4__rep0.json	PILOT-2010007757	G	0	17	4313	2148	2362	2367	0.9979	
PILOT-2010007757__G__sonnet4__rep1.json	PILOT-2010007757	G	1	17	4313	2147	2363	2367	0.9983	
PILOT-2010007757__G__sonnet4__rep2.json	PILOT-2010007757	G	2	17	4313	2322	2261	2367	0.9552	
PILOT-2010008015__F__gpt4o-mini__rep0.json	PILOT-2010008015	F	0	5	6611	1537	5152	1458	3.5336	
PILOT-2010008015__F__gpt4o-mini__rep1.json	PILOT-2010008015	F	1	0			None		None	no_gen
PILOT-2010008015__F__gpt4o-mini__rep2.json	PILOT-2010008015	F	2	4	6611	1059	5574	1458	3.823	
PILOT-2010008015__F__gpt5.4__rep0.json	PILOT-2010008015	F	0	28	6611	6517	298	1458	0.2044	
PILOT-2010008015__F__gpt5.4__rep1.json	PILOT-2010008015	F	1	28	6611	6500	283	1458	0.1941	
PILOT-2010008015__F__gpt5.4__rep2.json	PILOT-2010008015	F	2	28	6611	6502	285	1458	0.1955	
PILOT-2010008015__F__haiku4.5__rep0.json	PILOT-2010008015	F	0	28	6611	7035	764	1458	0.524	
PILOT-2010008015__F__haiku4.5__rep1.json	PILOT-2010008015	F	1	28	6611	7035	780	1458	0.535	
PILOT-2010008015__F__haiku4.5__rep2.json	PILOT-2010008015	F	2	28	6611	7459	1222	1458	0.8381	
PILOT-2010008015__F__sonnet4__rep0.json	PILOT-2010008015	F	0	28	6611	6626	419	1458	0.2874	
PILOT-2010008015__F__sonnet4__rep1.json	PILOT-2010008015	F	1	28	6611	6501	295	1458	0.2023	
PILOT-2010008015__F__sonnet4__rep2.json	PILOT-2010008015	F	2	28	6611	6523	323	1458	0.2215	
PILOT-2010008015__G__gpt4o-mini__rep0.json	PILOT-2010008015	G	0	28	6611	6451	775	1458	0.5316	
PILOT-2010008015__G__gpt4o-mini__rep1.json	PILOT-2010008015	G	1	4	6611	1020	5609	1458	3.8471	
PILOT-2010008015__G__gpt4o-mini__rep2.json	PILOT-2010008015	G	2	5	6611	1400	5257	1458	3.6056	
PILOT-2010008015__G__gpt5.4__rep0.json	PILOT-2010008015	G	0	5	6611	1205	5427	1458	3.7222	
PILOT-2010008015__G__gpt5.4__rep1.json	PILOT-2010008015	G	1	5	6611	1199	5432	1458	3.7257	
PILOT-2010008015__G__gpt5.4__rep2.json	PILOT-2010008015	G	2	5	6611	1231	5400	1458	3.7037	
PILOT-2010008015__G__haiku4.5__rep0.json	PILOT-2010008015	G	0	28	6611	8180	1961	1458	1.345	
PILOT-2010008015__G__haiku4.5__rep1.json	PILOT-2010008015	G	1	28	6611	7055	780	1458	0.535	
PILOT-2010008015__G__haiku4.5__rep2.json	PILOT-2010008015	G	2	28	6611	6912	685	1458	0.4698	
PILOT-2010008015__G__sonnet4__rep0.json	PILOT-2010008015	G	0	28	6611	6501	295	1458	0.2023	
PILOT-2010008015__G__sonnet4__rep1.json	PILOT-2010008015	G	1	28	6611	6555	365	1458	0.2503	
PILOT-2010008015__G__sonnet4__rep2.json	PILOT-2010008015	G	2	28	6611	6501	295	1458	0.2023	
PILOT-2010010196__F__gpt4o-mini__rep0.json	PILOT-2010010196	F	0	0			None		None	no_gen
PILOT-2010010196__F__gpt4o-mini__rep1.json	PILOT-2010010196	F	1	3	3592	786	2842	2523	1.1264	
PILOT-2010010196__F__gpt4o-mini__rep2.json	PILOT-2010010196	F	2	2	3592	642	2989	2523	1.1847	
PILOT-2010010196__F__gpt5.4__rep0.json	PILOT-2010010196	F	0	20	3592	3815	248	2523	0.0983	
PILOT-2010010196__F__gpt5.4__rep1.json	PILOT-2010010196	F	1	20	3592	3638	48	2523	0.019	
PILOT-2010010196__F__gpt5.4__rep2.json	PILOT-2010010196	F	2	20	3592	4019	446	2523	0.1768	
PILOT-2010010196__F__haiku4.5__rep0.json	PILOT-2010010196	F	0	20	3592	3882	344	2523	0.1363	
PILOT-2010010196__F__haiku4.5__rep1.json	PILOT-2010010196	F	1	20	3592	1471	2157	2523	0.8549	
PILOT-2010010196__F__haiku4.5__rep2.json	PILOT-2010010196	F	2	20	3592	1701	1986	2523	0.7872	
PILOT-2010010196__F__sonnet4__rep0.json	PILOT-2010010196	F	0	20	3592	3616	75	2523	0.0297	
PILOT-2010010196__F__sonnet4__rep1.json	PILOT-2010010196	F	1	20	3592	3541	238	2523	0.0943	
PILOT-2010010196__F__sonnet4__rep2.json	PILOT-2010010196	F	2	20	3592	3616	75	2523	0.0297	
PILOT-2010010196__G__gpt4o-mini__rep0.json	PILOT-2010010196	G	0	2	3592	671	2955	2523	1.1712	
PILOT-2010010196__G__gpt4o-mini__rep1.json	PILOT-2010010196	G	1	2	3592	690	2968	2523	1.1764	
PILOT-2010010196__G__gpt4o-mini__rep2.json	PILOT-2010010196	G	2	2	3592	636	2974	2523	1.1788	
PILOT-2010010196__G__gpt5.4__rep0.json	PILOT-2010010196	G	0	20	3592	3835	317	2523	0.1256	
PILOT-2010010196__G__gpt5.4__rep1.json	PILOT-2010010196	G	1	20	3592	3742	152	2523	0.0602	
PILOT-2010010196__G__gpt5.4__rep2.json	PILOT-2010010196	G	2	20	3592	3774	212	2523	0.084	
PILOT-2010010196__G__haiku4.5__rep0.json	PILOT-2010010196	G	0	20	3592	3538	236	2523	0.0935	
PILOT-2010010196__G__haiku4.5__rep1.json	PILOT-2010010196	G	1	20	3592	3498	312	2523	0.1237	
PILOT-2010010196__G__haiku4.5__rep2.json	PILOT-2010010196	G	2	20	3592	3538	236	2523	0.0935	
PILOT-2010010196__G__sonnet4__rep0.json	PILOT-2010010196	G	0	20	3592	3541	238	2523	0.0943	
PILOT-2010010196__G__sonnet4__rep1.json	PILOT-2010010196	G	1	20	3592	3541	238	2523	0.0943	
PILOT-2010010196__G__sonnet4__rep2.json	PILOT-2010010196	G	2	20	3592	3541	238	2523	0.0943	
PILOT-2010011970__F__gpt4o-mini__rep0.json	PILOT-2010011970	F	0	3	1664	1653	797	1178	0.6766	
PILOT-2010011970__F__gpt4o-mini__rep1.json	PILOT-2010011970	F	1	3	1664	1558	288	1178	0.2445	
PILOT-2010011970__F__gpt4o-mini__rep2.json	PILOT-2010011970	F	2	3	1664	1551	1107	1178	0.9397	
PILOT-2010011970__F__gpt5.4__rep0.json	PILOT-2010011970	F	0	6	1664	2010	433	1178	0.3676	
PILOT-2010011970__F__gpt5.4__rep1.json	PILOT-2010011970	F	1	8	1664	3865	2247	1178	1.9075	
PILOT-2010011970__F__gpt5.4__rep2.json	PILOT-2010011970	F	2	8	1664	2368	790	1178	0.6706	
PILOT-2010011970__F__haiku4.5__rep0.json	PILOT-2010011970	F	0	8	1664	5793	4172	1178	3.5416	
PILOT-2010011970__F__haiku4.5__rep1.json	PILOT-2010011970	F	1	8	1664	4903	3284	1178	2.7878	
PILOT-2010011970__F__haiku4.5__rep2.json	PILOT-2010011970	F	2	8	1664	5455	3832	1178	3.253	
PILOT-2010011970__F__sonnet4__rep0.json	PILOT-2010011970	F	0	8	1664	4313	2694	1178	2.2869	
PILOT-2010011970__F__sonnet4__rep1.json	PILOT-2010011970	F	1	8	1664	4470	2848	1178	2.4177	
PILOT-2010011970__F__sonnet4__rep2.json	PILOT-2010011970	F	2	6	1664	2340	824	1178	0.6995	
PILOT-2010011970__G__gpt4o-mini__rep0.json	PILOT-2010011970	G	0	0			None		None	no_gen
PILOT-2010011970__G__gpt4o-mini__rep1.json	PILOT-2010011970	G	1	3	1664	1576	306	1178	0.2598	
PILOT-2010011970__G__gpt4o-mini__rep2.json	PILOT-2010011970	G	2	0			None		None	no_gen
PILOT-2010011970__G__gpt5.4__rep0.json	PILOT-2010011970	G	0	6	1664	2213	632	1178	0.5365	
PILOT-2010011970__G__gpt5.4__rep1.json	PILOT-2010011970	G	1	9	1664	4149	2528	1178	2.146	
PILOT-2010011970__G__gpt5.4__rep2.json	PILOT-2010011970	G	2	9	1664	4637	3016	1178	2.5603	
PILOT-2010011970__G__haiku4.5__rep0.json	PILOT-2010011970	G	0	8	1664	4944	3326	1178	2.8234	
PILOT-2010011970__G__haiku4.5__rep1.json	PILOT-2010011970	G	1	8	1664	4843	3225	1178	2.7377	
PILOT-2010011970__G__haiku4.5__rep2.json	PILOT-2010011970	G	2	8	1664	4994	3376	1178	2.8659	
PILOT-2010011970__G__sonnet4__rep0.json	PILOT-2010011970	G	0	8	1664	3586	1963	1178	1.6664	
PILOT-2010011970__G__sonnet4__rep1.json	PILOT-2010011970	G	1	8	1664	3586	1963	1178	1.6664	
PILOT-2010011970__G__sonnet4__rep2.json	PILOT-2010011970	G	2	8	1664	3986	2362	1178	2.0051	
PILOT-2011003851__F__gpt4o-mini__rep0.json	PILOT-2011003851	F	0	0			None		None	no_gen
PILOT-2011003851__F__gpt4o-mini__rep1.json	PILOT-2011003851	F	1	0			None		None	no_gen
PILOT-2011003851__F__gpt4o-mini__rep2.json	PILOT-2011003851	F	2	0			None		None	no_gen
PILOT-2011003851__F__gpt5.4__rep0.json	PILOT-2011003851	F	0	20	11846	11284	1035	4592	0.2254	
PILOT-2011003851__F__gpt5.4__rep1.json	PILOT-2011003851	F	1	20	11846	11623	1299	4592	0.2829	
PILOT-2011003851__F__gpt5.4__rep2.json	PILOT-2011003851	F	2	20	11846	11521	1140	4592	0.2483	
PILOT-2011003851__F__haiku4.5__rep0.json	PILOT-2011003851	F	0	20	11846	13203	2624	4592	0.5714	
PILOT-2011003851__F__haiku4.5__rep1.json	PILOT-2011003851	F	1	20	11846	11934	1482	4592	0.3227	
PILOT-2011003851__F__haiku4.5__rep2.json	PILOT-2011003851	F	2	20	11846	13281	2773	4592	0.6039	
PILOT-2011003851__F__sonnet4__rep0.json	PILOT-2011003851	F	0	20	11846	11489	1187	4592	0.2585	
PILOT-2011003851__F__sonnet4__rep1.json	PILOT-2011003851	F	1	20	11846	11489	1188	4592	0.2587	
PILOT-2011003851__F__sonnet4__rep2.json	PILOT-2011003851	F	2	20	11846	11402	1118	4592	0.2435	
PILOT-2011003851__G__gpt4o-mini__rep0.json	PILOT-2011003851	G	0	0			None		None	no_gen
PILOT-2011003851__G__gpt4o-mini__rep1.json	PILOT-2011003851	G	1	20	11846	11123	872	4592	0.1899	
PILOT-2011003851__G__gpt4o-mini__rep2.json	PILOT-2011003851	G	2	20	11846	11306	1144	4592	0.2491	
PILOT-2011003851__G__gpt5.4__rep0.json	PILOT-2011003851	G	0	20	11846	11615	3140	4592	0.6838	
PILOT-2011003851__G__gpt5.4__rep1.json	PILOT-2011003851	G	1	20	11846	11147	884	4592	0.1925	
PILOT-2011003851__G__gpt5.4__rep2.json	PILOT-2011003851	G	2	20	11846	13113	2332	4592	0.5078	
PILOT-2011003851__G__haiku4.5__rep0.json	PILOT-2011003851	G	0	20	11846	12968	2328	4592	0.507	
PILOT-2011003851__G__haiku4.5__rep1.json	PILOT-2011003851	G	1	20	11846	13134	2548	4592	0.5549	
PILOT-2011003851__G__haiku4.5__rep2.json	PILOT-2011003851	G	2	20	11846	12803	2281	4592	0.4967	
PILOT-2011003851__G__sonnet4__rep0.json	PILOT-2011003851	G	0	20	11846	11777	1192	4592	0.2596	
PILOT-2011003851__G__sonnet4__rep1.json	PILOT-2011003851	G	1	20	11846	12013	1491	4592	0.3247	
PILOT-2011003851__G__sonnet4__rep2.json	PILOT-2011003851	G	2	20	11846	11982	1494	4592	0.3253	
PILOT-2011004581__F__gpt4o-mini__rep0.json	PILOT-2011004581	F	0	9	3341	2721	1112	3160	0.3519	
PILOT-2011004581__F__gpt4o-mini__rep1.json	PILOT-2011004581	F	1	8	3341	3069	1251	3160	0.3959	
PILOT-2011004581__F__gpt4o-mini__rep2.json	PILOT-2011004581	F	2	9	3341	2770	987	3160	0.3123	
PILOT-2011004581__F__gpt5.4__rep0.json	PILOT-2011004581	F	0	11	3341	3711	562	3160	0.1778	
PILOT-2011004581__F__gpt5.4__rep1.json	PILOT-2011004581	F	1	11	3341	3782	609	3160	0.1927	
PILOT-2011004581__F__gpt5.4__rep2.json	PILOT-2011004581	F	2	11	3341	3531	385	3160	0.1218	
PILOT-2011004581__F__haiku4.5__rep0.json	PILOT-2011004581	F	0	11	3341	4070	901	3160	0.2851	
PILOT-2011004581__F__haiku4.5__rep1.json	PILOT-2011004581	F	1	11	3341	4385	1214	3160	0.3842	
PILOT-2011004581__F__haiku4.5__rep2.json	PILOT-2011004581	F	2	11	3341	3806	660	3160	0.2089	
PILOT-2011004581__F__sonnet4__rep0.json	PILOT-2011004581	F	0	11	3341	3889	761	3160	0.2408	
PILOT-2011004581__F__sonnet4__rep1.json	PILOT-2011004581	F	1	11	3341	3726	585	3160	0.1851	
PILOT-2011004581__F__sonnet4__rep2.json	PILOT-2011004581	F	2	11	3341	3853	712	3160	0.2253	
PILOT-2011004581__G__gpt4o-mini__rep0.json	PILOT-2011004581	G	0	9	3341	2883	957	3160	0.3028	
PILOT-2011004581__G__gpt4o-mini__rep1.json	PILOT-2011004581	G	1	4	3341	982	2448	3160	0.7747	
PILOT-2011004581__G__gpt4o-mini__rep2.json	PILOT-2011004581	G	2	8	3341	2545	1278	3160	0.4044	
PILOT-2011004581__G__gpt5.4__rep0.json	PILOT-2011004581	G	0	11	3341	3565	419	3160	0.1326	
PILOT-2011004581__G__gpt5.4__rep1.json	PILOT-2011004581	G	1	11	3341	3487	381	3160	0.1206	
PILOT-2011004581__G__gpt5.4__rep2.json	PILOT-2011004581	G	2	11	3341	3796	620	3160	0.1962	
PILOT-2011004581__G__haiku4.5__rep0.json	PILOT-2011004581	G	0	11	3341	3996	855	3160	0.2706	
PILOT-2011004581__G__haiku4.5__rep1.json	PILOT-2011004581	G	1	11	3341	4305	1136	3160	0.3595	
PILOT-2011004581__G__haiku4.5__rep2.json	PILOT-2011004581	G	2	11	3341	3957	818	3160	0.2589	
PILOT-2011004581__G__sonnet4__rep0.json	PILOT-2011004581	G	0	11	3341	3762	656	3160	0.2076	
PILOT-2011004581__G__sonnet4__rep1.json	PILOT-2011004581	G	1	11	3341	3835	731	3160	0.2313	
PILOT-2011004581__G__sonnet4__rep2.json	PILOT-2011004581	G	2	11	3341	3671	569	3160	0.1801	
PILOT-2011007474__F__gpt4o-mini__rep0.json	PILOT-2011007474	F	0	0			None		None	no_gen
PILOT-2011007474__F__gpt4o-mini__rep1.json	PILOT-2011007474	F	1	0			None		None	no_gen
PILOT-2011007474__F__gpt4o-mini__rep2.json	PILOT-2011007474	F	2	0			None		None	no_gen
PILOT-2011007474__F__gpt5.4__rep0.json	PILOT-2011007474	F	0	14	4898	2743	2438	2042	1.1939	
PILOT-2011007474__F__gpt5.4__rep1.json	PILOT-2011007474	F	1	14	4898	2548	2393	2042	1.1719	
PILOT-2011007474__F__gpt5.4__rep2.json	PILOT-2011007474	F	2	14	4898	2786	2402	2042	1.1763	
PILOT-2011007474__F__haiku4.5__rep0.json	PILOT-2011007474	F	0	14	4898	3318	2745	2042	1.3443	
PILOT-2011007474__F__haiku4.5__rep1.json	PILOT-2011007474	F	1	14	4898	3421	2799	2042	1.3707	
PILOT-2011007474__F__haiku4.5__rep2.json	PILOT-2011007474	F	2	14	4898	4405	2989	2042	1.4638	
PILOT-2011007474__F__sonnet4__rep0.json	PILOT-2011007474	F	0	14	4898	2542	2402	2042	1.1763	
PILOT-2011007474__F__sonnet4__rep1.json	PILOT-2011007474	F	1	14	4898	2542	2402	2042	1.1763	
PILOT-2011007474__F__sonnet4__rep2.json	PILOT-2011007474	F	2	14	4898	2542	2402	2042	1.1763	
PILOT-2011007474__G__gpt4o-mini__rep0.json	PILOT-2011007474	G	0	0			None		None	no_gen
PILOT-2011007474__G__gpt4o-mini__rep1.json	PILOT-2011007474	G	1	0			None		None	no_gen
PILOT-2011007474__G__gpt4o-mini__rep2.json	PILOT-2011007474	G	2	0			None		None	no_gen
PILOT-2011007474__G__gpt5.4__rep0.json	PILOT-2011007474	G	0	14	4898	2724	2394	2042	1.1724	
PILOT-2011007474__G__gpt5.4__rep1.json	PILOT-2011007474	G	1	14	4898	2835	2438	2042	1.1939	
PILOT-2011007474__G__gpt5.4__rep2.json	PILOT-2011007474	G	2	14	4898	2515	2438	2042	1.1939	
PILOT-2011007474__G__haiku4.5__rep0.json	PILOT-2011007474	G	0	14	4898	4354	2942	2042	1.4407	
PILOT-2011007474__G__haiku4.5__rep1.json	PILOT-2011007474	G	1	14	4898	3684	2903	2042	1.4216	
PILOT-2011007474__G__haiku4.5__rep2.json	PILOT-2011007474	G	2	14	4898	3418	2799	2042	1.3707	
PILOT-2011007474__G__sonnet4__rep0.json	PILOT-2011007474	G	0	14	4898	2574	2387	2042	1.169	
PILOT-2011007474__G__sonnet4__rep1.json	PILOT-2011007474	G	1	14	4898	2574	2387	2042	1.169	
PILOT-2011007474__G__sonnet4__rep2.json	PILOT-2011007474	G	2	14	4898	2542	2402	2042	1.1763	
PILOT-2011008843__F__gpt4o-mini__rep0.json	PILOT-2011008843	F	0	30	10128	10124	202	4255	0.0475	
PILOT-2011008843__F__gpt4o-mini__rep1.json	PILOT-2011008843	F	1	1	10128	788	9340	4255	2.1951	
PILOT-2011008843__F__gpt4o-mini__rep2.json	PILOT-2011008843	F	2	0			None		None	no_gen
PILOT-2011008843__F__gpt5.4__rep0.json	PILOT-2011008843	F	0	18	10128	6137	4235	4255	0.9953	
PILOT-2011008843__F__gpt5.4__rep1.json	PILOT-2011008843	F	1	18	10128	6372	4425	4255	1.04	
PILOT-2011008843__F__gpt5.4__rep2.json	PILOT-2011008843	F	2	19	10128	6503	4075	4255	0.9577	
PILOT-2011008843__F__haiku4.5__rep0.json	PILOT-2011008843	F	0	19	10128	4805	5561	4255	1.3069	
PILOT-2011008843__F__haiku4.5__rep1.json	PILOT-2011008843	F	1	19	10128	4658	5680	4255	1.3349	
PILOT-2011008843__F__haiku4.5__rep2.json	PILOT-2011008843	F	2	19	10128	5232	5202	4255	1.2226	
PILOT-2011008843__F__sonnet4__rep0.json	PILOT-2011008843	F	0	20	10128	6584	3818	4255	0.8973	
PILOT-2011008843__F__sonnet4__rep1.json	PILOT-2011008843	F	1	20	10128	6584	3818	4255	0.8973	
PILOT-2011008843__F__sonnet4__rep2.json	PILOT-2011008843	F	2	20	10128	6584	3818	4255	0.8973	
PILOT-2011008843__G__gpt4o-mini__rep0.json	PILOT-2011008843	G	0	4	10128	1828	8300	4255	1.9506	
PILOT-2011008843__G__gpt4o-mini__rep1.json	PILOT-2011008843	G	1	2	10128	1789	8339	4255	1.9598	
PILOT-2011008843__G__gpt4o-mini__rep2.json	PILOT-2011008843	G	2	2	10128	1265	8863	4255	2.083	
PILOT-2011008843__G__gpt5.4__rep0.json	PILOT-2011008843	G	0	7	10128	2779	7350	4255	1.7274	
PILOT-2011008843__G__gpt5.4__rep1.json	PILOT-2011008843	G	1	18	10128	6147	4331	4255	1.0179	
PILOT-2011008843__G__gpt5.4__rep2.json	PILOT-2011008843	G	2	7	10128	2779	7350	4255	1.7274	
PILOT-2011008843__G__haiku4.5__rep0.json	PILOT-2011008843	G	0	19	10128	4622	5699	4255	1.3394	
PILOT-2011008843__G__haiku4.5__rep1.json	PILOT-2011008843	G	1	19	10128	4746	5607	4255	1.3177	
PILOT-2011008843__G__haiku4.5__rep2.json	PILOT-2011008843	G	2	19	10128	4710	5619	4255	1.3206	
PILOT-2011008843__G__sonnet4__rep0.json	PILOT-2011008843	G	0	1	10128	724	9404	4255	2.2101	
PILOT-2011008843__G__sonnet4__rep1.json	PILOT-2011008843	G	1	30	10128	10290	386	4255	0.0907	
PILOT-2011008843__G__sonnet4__rep2.json	PILOT-2011008843	G	2	1	10128	724	9404	4255	2.2101	
PILOT-2011009182__F__gpt4o-mini__rep0.json	PILOT-2011009182	F	0	8	11499	4159	7473	3718	2.01	
PILOT-2011009182__F__gpt4o-mini__rep1.json	PILOT-2011009182	F	1	8	11499	4801	7328	3718	1.971	
PILOT-2011009182__F__gpt4o-mini__rep2.json	PILOT-2011009182	F	2	8	11499	4223	7445	3718	2.0024	
PILOT-2011009182__F__gpt5.4__rep0.json	PILOT-2011009182	F	0	17	11499	9208	2585	3718	0.6953	
PILOT-2011009182__F__gpt5.4__rep1.json	PILOT-2011009182	F	1	23	11499	12756	1329	3718	0.3575	
PILOT-2011009182__F__gpt5.4__rep2.json	PILOT-2011009182	F	2	17	11499	9356	2521	3718	0.6781	
PILOT-2011009182__F__haiku4.5__rep0.json	PILOT-2011009182	F	0	17	11499	10855	3578	3718	0.9623	
PILOT-2011009182__F__haiku4.5__rep1.json	PILOT-2011009182	F	1	17	11499	11298	3940	3718	1.0597	
PILOT-2011009182__F__haiku4.5__rep2.json	PILOT-2011009182	F	2	18	11499	11222	3294	3718	0.886	
PILOT-2011009182__F__sonnet4__rep0.json	PILOT-2011009182	F	0	23	11499	19933	9085	3718	2.4435	
PILOT-2011009182__F__sonnet4__rep1.json	PILOT-2011009182	F	1	23	11499	13009	1587	3718	0.4268	
PILOT-2011009182__F__sonnet4__rep2.json	PILOT-2011009182	F	2	23	11499	17784	8242	3718	2.2168	
PILOT-2011009182__G__gpt4o-mini__rep0.json	PILOT-2011009182	G	0	14	11499	7044	4583	3718	1.2327	
PILOT-2011009182__G__gpt4o-mini__rep1.json	PILOT-2011009182	G	1	13	11499	6190	5441	3718	1.4634	
PILOT-2011009182__G__gpt4o-mini__rep2.json	PILOT-2011009182	G	2	8	11499	4299	7346	3718	1.9758	
PILOT-2011009182__G__gpt5.4__rep0.json	PILOT-2011009182	G	0	23	11499	11887	465	3718	0.1251	
PILOT-2011009182__G__gpt5.4__rep1.json	PILOT-2011009182	G	1	17	11499	9148	2525	3718	0.6791	
PILOT-2011009182__G__gpt5.4__rep2.json	PILOT-2011009182	G	2	23	11499	11847	420	3718	0.113	
PILOT-2011009182__G__haiku4.5__rep0.json	PILOT-2011009182	G	0	17	11499	10653	3457	3718	0.9298	
PILOT-2011009182__G__haiku4.5__rep1.json	PILOT-2011009182	G	1	17	11499	11112	3577	3718	0.9621	
PILOT-2011009182__G__haiku4.5__rep2.json	PILOT-2011009182	G	2	17	11499	10664	3340	3718	0.8983	
PILOT-2011009182__G__sonnet4__rep0.json	PILOT-2011009182	G	0	23	11499	15925	4477	3718	1.2041	
PILOT-2011009182__G__sonnet4__rep1.json	PILOT-2011009182	G	1	23	11499	15925	4477	3718	1.2041	
PILOT-2011009182__G__sonnet4__rep2.json	PILOT-2011009182	G	2	23	11499	16456	5013	3718	1.3483	
PILOT-2011011469__F__gpt4o-mini__rep0.json	PILOT-2011011469	F	0	9	2785	2109	867	1905	0.4551	
PILOT-2011011469__F__gpt4o-mini__rep1.json	PILOT-2011011469	F	1	13	2785	2750	532	1905	0.2793	
PILOT-2011011469__F__gpt4o-mini__rep2.json	PILOT-2011011469	F	2	10	2785	2383	1098	1905	0.5764	
PILOT-2011011469__F__gpt5.4__rep0.json	PILOT-2011011469	F	0	17	2785	3778	1022	1905	0.5365	
PILOT-2011011469__F__gpt5.4__rep1.json	PILOT-2011011469	F	1	17	2785	2668	135	1905	0.0709	
PILOT-2011011469__F__gpt5.4__rep2.json	PILOT-2011011469	F	2	17	2785	3388	702	1905	0.3685	
PILOT-2011011469__F__haiku4.5__rep0.json	PILOT-2011011469	F	0	17	2785	3483	907	1905	0.4761	
PILOT-2011011469__F__haiku4.5__rep1.json	PILOT-2011011469	F	1	17	2785	3523	782	1905	0.4105	
PILOT-2011011469__F__haiku4.5__rep2.json	PILOT-2011011469	F	2	17	2785	2578	807	1905	0.4236	
PILOT-2011011469__F__sonnet4__rep0.json	PILOT-2011011469	F	0	17	2785	2897	204	1905	0.1071	
PILOT-2011011469__F__sonnet4__rep1.json	PILOT-2011011469	F	1	17	2785	3602	883	1905	0.4635	
PILOT-2011011469__F__sonnet4__rep2.json	PILOT-2011011469	F	2	17	2785	2901	208	1905	0.1092	
PILOT-2011011469__G__gpt4o-mini__rep0.json	PILOT-2011011469	G	0	8	2785	2084	816	1905	0.4283	
PILOT-2011011469__G__gpt4o-mini__rep1.json	PILOT-2011011469	G	1	8	2785	2108	951	1905	0.4992	
PILOT-2011011469__G__gpt4o-mini__rep2.json	PILOT-2011011469	G	2	11	2785	2221	736	1905	0.3864	
PILOT-2011011469__G__gpt5.4__rep0.json	PILOT-2011011469	G	0	17	2785	2902	543	1905	0.285	
PILOT-2011011469__G__gpt5.4__rep1.json	PILOT-2011011469	G	1	17	2785	2693	104	1905	0.0546	
PILOT-2011011469__G__gpt5.4__rep2.json	PILOT-2011011469	G	2	17	2785	2874	181	1905	0.095	
PILOT-2011011469__G__haiku4.5__rep0.json	PILOT-2011011469	G	0	17	2785	3819	1082	1905	0.568	
PILOT-2011011469__G__haiku4.5__rep1.json	PILOT-2011011469	G	1	17	2785	3305	847	1905	0.4446	
PILOT-2011011469__G__haiku4.5__rep2.json	PILOT-2011011469	G	2	17	2785	3906	1165	1905	0.6115	
PILOT-2011011469__G__sonnet4__rep0.json	PILOT-2011011469	G	0	17	2785	2854	161	1905	0.0845	
PILOT-2011011469__G__sonnet4__rep1.json	PILOT-2011011469	G	1	17	2785	2888	168	1905	0.0882	
PILOT-2011011469__G__sonnet4__rep2.json	PILOT-2011011469	G	2	17	2785	2854	161	1905	0.0845	
PILOT-2011012180__F__gpt4o-mini__rep0.json	PILOT-2011012180	F	0	6	5334	2393	3128	5571	0.5615	
PILOT-2011012180__F__gpt4o-mini__rep1.json	PILOT-2011012180	F	1	9	5334	2660	2867	5571	0.5146	
PILOT-2011012180__F__gpt4o-mini__rep2.json	PILOT-2011012180	F	2	7	5334	2829	2827	5571	0.5074	
PILOT-2011012180__F__gpt5.4__rep0.json	PILOT-2011012180	F	0	20	5334	5122	504	5571	0.0905	
PILOT-2011012180__F__gpt5.4__rep1.json	PILOT-2011012180	F	1	20	5334	5094	508	5571	0.0912	
PILOT-2011012180__F__gpt5.4__rep2.json	PILOT-2011012180	F	2	11	5334	3056	2642	5571	0.4742	
PILOT-2011012180__F__haiku4.5__rep0.json	PILOT-2011012180	F	0	9	5334	3418	2698	5571	0.4843	
PILOT-2011012180__F__haiku4.5__rep1.json	PILOT-2011012180	F	1	11	5334	3760	2765	5571	0.4963	
PILOT-2011012180__F__haiku4.5__rep2.json	PILOT-2011012180	F	2	20	5334	5744	991	5571	0.1779	
PILOT-2011012180__F__sonnet4__rep0.json	PILOT-2011012180	F	0	20	5334	5314	797	5571	0.1431	
PILOT-2011012180__F__sonnet4__rep1.json	PILOT-2011012180	F	1	20	5334	5108	674	5571	0.121	
PILOT-2011012180__F__sonnet4__rep2.json	PILOT-2011012180	F	2	20	5334	5124	678	5571	0.1217	
PILOT-2011012180__G__gpt4o-mini__rep0.json	PILOT-2011012180	G	0	7	5334	2559	2917	5571	0.5236	
PILOT-2011012180__G__gpt4o-mini__rep1.json	PILOT-2011012180	G	1	7	5334	2637	2859	5571	0.5132	
PILOT-2011012180__G__gpt4o-mini__rep2.json	PILOT-2011012180	G	2	9	5334	2856	2757	5571	0.4949	
PILOT-2011012180__G__gpt5.4__rep0.json	PILOT-2011012180	G	0	11	5334	3112	2590	5571	0.4649	
PILOT-2011012180__G__gpt5.4__rep1.json	PILOT-2011012180	G	1	11	5334	3011	2604	5571	0.4674	
PILOT-2011012180__G__gpt5.4__rep2.json	PILOT-2011012180	G	2	11	5334	3027	2601	5571	0.4669	
PILOT-2011012180__G__haiku4.5__rep0.json	PILOT-2011012180	G	0	20	5334	3283	2728	5571	0.4897	
PILOT-2011012180__G__haiku4.5__rep1.json	PILOT-2011012180	G	1	11	5334	3718	2754	5571	0.4943	
PILOT-2011012180__G__haiku4.5__rep2.json	PILOT-2011012180	G	2	9	5334	2932	2719	5571	0.4881	
PILOT-2011012180__G__sonnet4__rep0.json	PILOT-2011012180	G	0	20	5334	5120	676	5571	0.1213	
PILOT-2011012180__G__sonnet4__rep1.json	PILOT-2011012180	G	1	20	5334	5120	676	5571	0.1213	
PILOT-2011012180__G__sonnet4__rep2.json	PILOT-2011012180	G	2	20	5334	5185	451	5571	0.081	
PILOT-2011013110__F__gpt4o-mini__rep0.json	PILOT-2011013110	F	0	0			None		None	no_gen
PILOT-2011013110__F__gpt4o-mini__rep1.json	PILOT-2011013110	F	1	5	8131	3063	5248	4100	1.28	
PILOT-2011013110__F__gpt4o-mini__rep2.json	PILOT-2011013110	F	2	5	8131	3126	5235	4100	1.2768	
PILOT-2011013110__F__gpt5.4__rep0.json	PILOT-2011013110	F	0	11	8131	5199	3354	4100	0.818	
PILOT-2011013110__F__gpt5.4__rep1.json	PILOT-2011013110	F	1	11	8131	6030	3027	4100	0.7383	
PILOT-2011013110__F__gpt5.4__rep2.json	PILOT-2011013110	F	2	11	8131	5829	3390	4100	0.8268	
PILOT-2011013110__F__haiku4.5__rep0.json	PILOT-2011013110	F	0	11	8131	6615	3465	4100	0.8451	
PILOT-2011013110__F__haiku4.5__rep1.json	PILOT-2011013110	F	1	11	8131	6323	3375	4100	0.8232	
PILOT-2011013110__F__haiku4.5__rep2.json	PILOT-2011013110	F	2	11	8131	6847	3391	4100	0.8271	
PILOT-2011013110__F__sonnet4__rep0.json	PILOT-2011013110	F	0	17	8131	9279	1461	4100	0.3563	
PILOT-2011013110__F__sonnet4__rep1.json	PILOT-2011013110	F	1	17	8131	9015	1236	4100	0.3015	
PILOT-2011013110__F__sonnet4__rep2.json	PILOT-2011013110	F	2	17	8131	9184	1405	4100	0.3427	
PILOT-2011013110__G__gpt4o-mini__rep0.json	PILOT-2011013110	G	0	5	8131	2976	5361	4100	1.3076	
PILOT-2011013110__G__gpt4o-mini__rep1.json	PILOT-2011013110	G	1	5	8131	3167	5001	4100	1.2198	
PILOT-2011013110__G__gpt4o-mini__rep2.json	PILOT-2011013110	G	2	7	8131	4235	4275	4100	1.0427	
PILOT-2011013110__G__gpt5.4__rep0.json	PILOT-2011013110	G	0	11	8131	5730	3077	4100	0.7505	
PILOT-2011013110__G__gpt5.4__rep1.json	PILOT-2011013110	G	1	11	8131	6600	3049	4100	0.7437	
PILOT-2011013110__G__gpt5.4__rep2.json	PILOT-2011013110	G	2	11	8131	5444	3464	4100	0.8449	
PILOT-2011013110__G__haiku4.5__rep0.json	PILOT-2011013110	G	0	17	8131	9868	1969	4100	0.4802	
PILOT-2011013110__G__haiku4.5__rep1.json	PILOT-2011013110	G	1	11	8131	5737	3445	4100	0.8402	
PILOT-2011013110__G__haiku4.5__rep2.json	PILOT-2011013110	G	2	11	8131	6319	3631	4100	0.8856	
PILOT-2011013110__G__sonnet4__rep0.json	PILOT-2011013110	G	0	17	8131	9258	1385	4100	0.3378	
PILOT-2011013110__G__sonnet4__rep1.json	PILOT-2011013110	G	1	17	8131	9261	1388	4100	0.3385	
PILOT-2011013110__G__sonnet4__rep2.json	PILOT-2011013110	G	2	17	8131	9269	1396	4100	0.3405	
PILOT-2012000327__F__gpt4o-mini__rep0.json	PILOT-2012000327	F	0	5	8317	2785	5756	5828	0.9876	
PILOT-2012000327__F__gpt4o-mini__rep1.json	PILOT-2012000327	F	1	5	8317	2632	5880	5828	1.0089	
PILOT-2012000327__F__gpt4o-mini__rep2.json	PILOT-2012000327	F	2	6	8317	3236	5409	5828	0.9281	
PILOT-2012000327__F__gpt5.4__rep0.json	PILOT-2012000327	F	0	17	8317	3139	5209	5828	0.8938	
PILOT-2012000327__F__gpt5.4__rep1.json	PILOT-2012000327	F	1	17	8317	3382	5074	5828	0.8706	
PILOT-2012000327__F__gpt5.4__rep2.json	PILOT-2012000327	F	2	17	8317	3392	5242	5828	0.8995	
PILOT-2012000327__F__haiku4.5__rep0.json	PILOT-2012000327	F	0	17	8317	5317	3434	5828	0.5892	
PILOT-2012000327__F__haiku4.5__rep1.json	PILOT-2012000327	F	1	24	8317	8335	2821	5828	0.484	
PILOT-2012000327__F__haiku4.5__rep2.json	PILOT-2012000327	F	2	24	8317	7036	1810	5828	0.3106	
PILOT-2012000327__F__sonnet4__rep0.json	PILOT-2012000327	F	0	17	8317	6235	4218	5828	0.7237	
PILOT-2012000327__F__sonnet4__rep1.json	PILOT-2012000327	F	1	17	8317	5019	3669	5828	0.6295	
PILOT-2012000327__F__sonnet4__rep2.json	PILOT-2012000327	F	2	17	8317	5230	3614	5828	0.6201	
PILOT-2012000327__G__gpt4o-mini__rep0.json	PILOT-2012000327	G	0	5	8317	2667	5811	5828	0.9971	
PILOT-2012000327__G__gpt4o-mini__rep1.json	PILOT-2012000327	G	1	7	8317	3873	5286	5828	0.907	
PILOT-2012000327__G__gpt4o-mini__rep2.json	PILOT-2012000327	G	2	6	8317	3585	5492	5828	0.9423	
PILOT-2012000327__G__gpt5.4__rep0.json	PILOT-2012000327	G	0	17	8317	3239	5194	5828	0.8912	
PILOT-2012000327__G__gpt5.4__rep1.json	PILOT-2012000327	G	1	17	8317	3347	5108	5828	0.8765	
PILOT-2012000327__G__gpt5.4__rep2.json	PILOT-2012000327	G	2	17	8317	5035	3457	5828	0.5932	
PILOT-2012000327__G__haiku4.5__rep0.json	PILOT-2012000327	G	0	24	8317	8155	1943	5828	0.3334	
PILOT-2012000327__G__haiku4.5__rep1.json	PILOT-2012000327	G	1	22	8317	8109	1807	5828	0.3101	
PILOT-2012000327__G__haiku4.5__rep2.json	PILOT-2012000327	G	2	22	8317	8343	1996	5828	0.3425	
PILOT-2012000327__G__sonnet4__rep0.json	PILOT-2012000327	G	0	17	8317	5526	3047	5828	0.5228	
PILOT-2012000327__G__sonnet4__rep1.json	PILOT-2012000327	G	1	17	8317	5791	3306	5828	0.5673	
PILOT-2012000327__G__sonnet4__rep2.json	PILOT-2012000327	G	2	17	8317	6952	3917	5828	0.6721	
PILOT-2012003288__F__gpt4o-mini__rep0.json	PILOT-2012003288	F	0	5	3274	1419	1882	714	2.6359	
PILOT-2012003288__F__gpt4o-mini__rep1.json	PILOT-2012003288	F	1	5	3274	1402	1957	714	2.7409	
PILOT-2012003288__F__gpt4o-mini__rep2.json	PILOT-2012003288	F	2	4	3274	1240	2170	714	3.0392	
PILOT-2012003288__F__gpt5.4__rep0.json	PILOT-2012003288	F	0	13	3274	3288	596	714	0.8347	
PILOT-2012003288__F__gpt5.4__rep1.json	PILOT-2012003288	F	1	13	3274	3141	459	714	0.6429	
PILOT-2012003288__F__gpt5.4__rep2.json	PILOT-2012003288	F	2	13	3274	3425	732	714	1.0252	
PILOT-2012003288__F__haiku4.5__rep0.json	PILOT-2012003288	F	0	13	3274	2287	1341	714	1.8782	
PILOT-2012003288__F__haiku4.5__rep1.json	PILOT-2012003288	F	1	13	3274	2393	1219	714	1.7073	
PILOT-2012003288__F__haiku4.5__rep2.json	PILOT-2012003288	F	2	13	3274	1684	1714	714	2.4006	
PILOT-2012003288__F__sonnet4__rep0.json	PILOT-2012003288	F	0	13	3274	3231	504	714	0.7059	
PILOT-2012003288__F__sonnet4__rep1.json	PILOT-2012003288	F	1	13	3274	3230	511	714	0.7157	
PILOT-2012003288__F__sonnet4__rep2.json	PILOT-2012003288	F	2	13	3274	3237	519	714	0.7269	
PILOT-2012003288__G__gpt4o-mini__rep0.json	PILOT-2012003288	G	0	5	3274	1609	1865	714	2.612	
PILOT-2012003288__G__gpt4o-mini__rep1.json	PILOT-2012003288	G	1	5	3274	1568	1865	714	2.612	
PILOT-2012003288__G__gpt4o-mini__rep2.json	PILOT-2012003288	G	2	5	3274	1446	1946	714	2.7255	
PILOT-2012003288__G__gpt5.4__rep0.json	PILOT-2012003288	G	0	13	3274	3251	562	714	0.7871	
PILOT-2012003288__G__gpt5.4__rep1.json	PILOT-2012003288	G	1	13	3274	3227	503	714	0.7045	
PILOT-2012003288__G__gpt5.4__rep2.json	PILOT-2012003288	G	2	13	3274	3293	592	714	0.8291	
PILOT-2012003288__G__haiku4.5__rep0.json	PILOT-2012003288	G	0	13	3274	3570	807	714	1.1303	
PILOT-2012003288__G__haiku4.5__rep1.json	PILOT-2012003288	G	1	13	3274	3114	464	714	0.6499	
PILOT-2012003288__G__haiku4.5__rep2.json	PILOT-2012003288	G	2	13	3274	3651	869	714	1.2171	
PILOT-2012003288__G__sonnet4__rep0.json	PILOT-2012003288	G	0	13	3274	3234	517	714	0.7241	
PILOT-2012003288__G__sonnet4__rep1.json	PILOT-2012003288	G	1	13	3274	3231	514	714	0.7199	
PILOT-2012003288__G__sonnet4__rep2.json	PILOT-2012003288	G	2	13	3274	3300	578	714	0.8095	
PILOT-2012005674__F__gpt4o-mini__rep0.json	PILOT-2012005674	F	0	4	9954	1373	8593	5845	1.4701	
PILOT-2012005674__F__gpt4o-mini__rep1.json	PILOT-2012005674	F	1	7	9954	1774	8220	5845	1.4063	
PILOT-2012005674__F__gpt4o-mini__rep2.json	PILOT-2012005674	F	2	7	9954	1774	8220	5845	1.4063	
PILOT-2012005674__F__gpt5.4__rep0.json	PILOT-2012005674	F	0	10	9954	2440	7597	5845	1.2997	
PILOT-2012005674__F__gpt5.4__rep1.json	PILOT-2012005674	F	1	7	9954	2253	7829	5845	1.3394	
PILOT-2012005674__F__gpt5.4__rep2.json	PILOT-2012005674	F	2	7	9954	2261	7731	5845	1.3227	
PILOT-2012005674__F__haiku4.5__rep0.json	PILOT-2012005674	F	0	37	9954	9997	1224	5845	0.2094	
PILOT-2012005674__F__haiku4.5__rep1.json	PILOT-2012005674	F	1	37	9954	9859	1087	5845	0.186	
PILOT-2012005674__F__haiku4.5__rep2.json	PILOT-2012005674	F	2	37	9954	9917	1144	5845	0.1957	
PILOT-2012005674__F__sonnet4__rep0.json	PILOT-2012005674	F	0	37	9954	9652	1321	5845	0.226	
PILOT-2012005674__F__sonnet4__rep1.json	PILOT-2012005674	F	1	37	9954	9207	1445	5845	0.2472	
PILOT-2012005674__F__sonnet4__rep2.json	PILOT-2012005674	F	2	37	9954	9652	1321	5845	0.226	
PILOT-2012005674__G__gpt4o-mini__rep0.json	PILOT-2012005674	G	0	0			None		None	no_gen
PILOT-2012005674__G__gpt4o-mini__rep1.json	PILOT-2012005674	G	1	7	9954	1774	8220	5845	1.4063	
PILOT-2012005674__G__gpt4o-mini__rep2.json	PILOT-2012005674	G	2	7	9954	1794	8210	5845	1.4046	
PILOT-2012005674__G__gpt5.4__rep0.json	PILOT-2012005674	G	0	10	9954	1691	8265	5845	1.414	
PILOT-2012005674__G__gpt5.4__rep1.json	PILOT-2012005674	G	1	10	9954	2428	7600	5845	1.3003	
PILOT-2012005674__G__gpt5.4__rep2.json	PILOT-2012005674	G	2	10	9954	2440	7597	5845	1.2997	
PILOT-2012005674__G__haiku4.5__rep0.json	PILOT-2012005674	G	0	37	9954	10247	1463	5845	0.2503	
PILOT-2012005674__G__haiku4.5__rep1.json	PILOT-2012005674	G	1	7	9954	2496	7699	5845	1.3172	
PILOT-2012005674__G__haiku4.5__rep2.json	PILOT-2012005674	G	2	37	9954	9977	1233	5845	0.2109	
PILOT-2012005674__G__sonnet4__rep0.json	PILOT-2012005674	G	0	37	9954	9116	1492	5845	0.2553	
PILOT-2012005674__G__sonnet4__rep1.json	PILOT-2012005674	G	1	37	9954	9116	1492	5845	0.2553	
PILOT-2012005674__G__sonnet4__rep2.json	PILOT-2012005674	G	2	7	9954	1947	8072	5845	1.381	
PILOT-2012006145__F__gpt4o-mini__rep0.json	PILOT-2012006145	F	0	0			None		None	no_gen
PILOT-2012006145__F__gpt4o-mini__rep1.json	PILOT-2012006145	F	1	21	6066	3175	3329	2446	1.361	
PILOT-2012006145__F__gpt4o-mini__rep2.json	PILOT-2012006145	F	2	3	6066	405	5667	2446	2.3168	
PILOT-2012006145__F__gpt5.4__rep0.json	PILOT-2012006145	F	0	23	6066	3215	3035	2446	1.2408	
PILOT-2012006145__F__gpt5.4__rep1.json	PILOT-2012006145	F	1	23	6066	3215	3035	2446	1.2408	
PILOT-2012006145__F__gpt5.4__rep2.json	PILOT-2012006145	F	2	23	6066	3215	3035	2446	1.2408	
PILOT-2012006145__F__haiku4.5__rep0.json	PILOT-2012006145	F	0	23	6066	4221	3455	2446	1.4125	
PILOT-2012006145__F__haiku4.5__rep1.json	PILOT-2012006145	F	1	23	6066	469	5601	2446	2.2899	
PILOT-2012006145__F__haiku4.5__rep2.json	PILOT-2012006145	F	2	23	6066	425	5644	2446	2.3074	
PILOT-2012006145__F__sonnet4__rep0.json	PILOT-2012006145	F	0	23	6066	3208	3026	2446	1.2371	
PILOT-2012006145__F__sonnet4__rep1.json	PILOT-2012006145	F	1	23	6066	3207	3027	2446	1.2375	
PILOT-2012006145__F__sonnet4__rep2.json	PILOT-2012006145	F	2	23	6066	3214	3032	2446	1.2396	
PILOT-2012006145__G__gpt4o-mini__rep0.json	PILOT-2012006145	G	0	23	6066	3830	3186	2446	1.3025	
PILOT-2012006145__G__gpt4o-mini__rep1.json	PILOT-2012006145	G	1	23	6066	3449	3128	2446	1.2788	
PILOT-2012006145__G__gpt4o-mini__rep2.json	PILOT-2012006145	G	2	23	6066	3448	3166	2446	1.2944	
PILOT-2012006145__G__gpt5.4__rep0.json	PILOT-2012006145	G	0	23	6066	3215	3035	2446	1.2408	
PILOT-2012006145__G__gpt5.4__rep1.json	PILOT-2012006145	G	1	23	6066	3215	3035	2446	1.2408	
PILOT-2012006145__G__gpt5.4__rep2.json	PILOT-2012006145	G	2	23	6066	3215	3035	2446	1.2408	
PILOT-2012006145__G__haiku4.5__rep0.json	PILOT-2012006145	G	0	23	6066	3165	2985	2446	1.2204	
PILOT-2012006145__G__haiku4.5__rep1.json	PILOT-2012006145	G	1	23	6066	732	5343	2446	2.1844	
PILOT-2012006145__G__haiku4.5__rep2.json	PILOT-2012006145	G	2	23	6066	3165	2985	2446	1.2204	
PILOT-2012006145__G__sonnet4__rep0.json	PILOT-2012006145	G	0	23	6066	3335	2982	2446	1.2191	
PILOT-2012006145__G__sonnet4__rep1.json	PILOT-2012006145	G	1	23	6066	3156	2974	2446	1.2159	
PILOT-2012006145__G__sonnet4__rep2.json	PILOT-2012006145	G	2	23	6066	3336	2981	2446	1.2187	
PILOT-2012007524__F__gpt4o-mini__rep0.json	PILOT-2012007524	F	0	7	7153	3310	4360	1361	3.2035	
PILOT-2012007524__F__gpt4o-mini__rep1.json	PILOT-2012007524	F	1	5	7153	2789	4796	1361	3.5239	
PILOT-2012007524__F__gpt4o-mini__rep2.json	PILOT-2012007524	F	2	7	7153	3311	4384	1361	3.2212	
PILOT-2012007524__F__gpt5.4__rep0.json	PILOT-2012007524	F	0	7	7153	2974	4476	1361	3.2888	
PILOT-2012007524__F__gpt5.4__rep1.json	PILOT-2012007524	F	1	8	7153	3922	3921	1361	2.881	
PILOT-2012007524__F__gpt5.4__rep2.json	PILOT-2012007524	F	2	8	7153	3940	4030	1361	2.9611	
PILOT-2012007524__F__haiku4.5__rep0.json	PILOT-2012007524	F	0	7	7153	3497	4396	1361	3.23	
PILOT-2012007524__F__haiku4.5__rep1.json	PILOT-2012007524	F	1	20	7153	7845	1054	1361	0.7744	
PILOT-2012007524__F__haiku4.5__rep2.json	PILOT-2012007524	F	2	20	7153	8409	1604	1361	1.1785	
PILOT-2012007524__F__sonnet4__rep0.json	PILOT-2012007524	F	0	20	7153	7613	843	1361	0.6194	
PILOT-2012007524__F__sonnet4__rep1.json	PILOT-2012007524	F	1	20	7153	7401	631	1361	0.4636	
PILOT-2012007524__F__sonnet4__rep2.json	PILOT-2012007524	F	2	20	7153	7306	536	1361	0.3938	
PILOT-2012007524__G__gpt4o-mini__rep0.json	PILOT-2012007524	G	0	0			None		None	no_gen
PILOT-2012007524__G__gpt4o-mini__rep1.json	PILOT-2012007524	G	1	0			None		None	no_gen
PILOT-2012007524__G__gpt4o-mini__rep2.json	PILOT-2012007524	G	2	0			None		None	no_gen
PILOT-2012007524__G__gpt5.4__rep0.json	PILOT-2012007524	G	0	8	7153	4179	4208	1361	3.0918	
PILOT-2012007524__G__gpt5.4__rep1.json	PILOT-2012007524	G	1	8	7153	4097	4097	1361	3.0103	
PILOT-2012007524__G__gpt5.4__rep2.json	PILOT-2012007524	G	2	8	7153	4162	4384	1361	3.2212	
PILOT-2012007524__G__haiku4.5__rep0.json	PILOT-2012007524	G	0	20	7153	5316	2117	1361	1.5555	
PILOT-2012007524__G__haiku4.5__rep1.json	PILOT-2012007524	G	1	20	7153	7638	947	1361	0.6958	
PILOT-2012007524__G__haiku4.5__rep2.json	PILOT-2012007524	G	2	20	7153	5316	2117	1361	1.5555	
PILOT-2012007524__G__sonnet4__rep0.json	PILOT-2012007524	G	0	20	7153	7574	803	1361	0.59	
PILOT-2012007524__G__sonnet4__rep1.json	PILOT-2012007524	G	1	20	7153	7162	425	1361	0.3123	
PILOT-2012007524__G__sonnet4__rep2.json	PILOT-2012007524	G	2	20	7153	7440	703	1361	0.5165	
PILOT-2012008496__F__gpt4o-mini__rep0.json	PILOT-2012008496	F	0	12	10184	3491	6728	5108	1.3171	
PILOT-2012008496__F__gpt4o-mini__rep1.json	PILOT-2012008496	F	1	35	10184	10007	230	5108	0.045	
PILOT-2012008496__F__gpt4o-mini__rep2.json	PILOT-2012008496	F	2	13	10184	4060	6622	5108	1.2964	
PILOT-2012008496__F__gpt5.4__rep0.json	PILOT-2012008496	F	0	35	10184	10425	643	5108	0.1259	
PILOT-2012008496__F__gpt5.4__rep1.json	PILOT-2012008496	F	1	35	10184	10420	634	5108	0.1241	
PILOT-2012008496__F__gpt5.4__rep2.json	PILOT-2012008496	F	2	35	10184	10343	560	5108	0.1096	
PILOT-2012008496__F__haiku4.5__rep0.json	PILOT-2012008496	F	0	35	10184	12901	3398	5108	0.6652	
PILOT-2012008496__F__haiku4.5__rep1.json	PILOT-2012008496	F	1	35	10184	14490	4467	5108	0.8745	
PILOT-2012008496__F__haiku4.5__rep2.json	PILOT-2012008496	F	2	35	10184	11041	2796	5108	0.5474	
PILOT-2012008496__F__sonnet4__rep0.json	PILOT-2012008496	F	0	35	10184	11200	1646	5108	0.3222	
PILOT-2012008496__F__sonnet4__rep1.json	PILOT-2012008496	F	1	35	10184	11895	2078	5108	0.4068	
PILOT-2012008496__F__sonnet4__rep2.json	PILOT-2012008496	F	2	35	10184	14067	4180	5108	0.8183	
PILOT-2012008496__G__gpt4o-mini__rep0.json	PILOT-2012008496	G	0	35	10184	10147	371	5108	0.0726	
PILOT-2012008496__G__gpt4o-mini__rep1.json	PILOT-2012008496	G	1	35	10184	10703	1141	5108	0.2234	
PILOT-2012008496__G__gpt4o-mini__rep2.json	PILOT-2012008496	G	2	0			None		None	no_gen
PILOT-2012008496__G__gpt5.4__rep0.json	PILOT-2012008496	G	0	35	10184	10325	539	5108	0.1055	
PILOT-2012008496__G__gpt5.4__rep1.json	PILOT-2012008496	G	1	35	10184	10160	512	5108	0.1002	
PILOT-2012008496__G__gpt5.4__rep2.json	PILOT-2012008496	G	2	35	10184	10311	521	5108	0.102	
PILOT-2012008496__G__haiku4.5__rep0.json	PILOT-2012008496	G	0	35	10184	10881	1534	5108	0.3003	
PILOT-2012008496__G__haiku4.5__rep1.json	PILOT-2012008496	G	1	35	10184	10012	2643	5108	0.5174	
PILOT-2012008496__G__haiku4.5__rep2.json	PILOT-2012008496	G	2	35	10184	12973	3412	5108	0.668	
PILOT-2012008496__G__sonnet4__rep0.json	PILOT-2012008496	G	0	35	10184	11955	2045	5108	0.4004	
PILOT-2012008496__G__sonnet4__rep1.json	PILOT-2012008496	G	1	35	10184	11180	1862	5108	0.3645	
PILOT-2012008496__G__sonnet4__rep2.json	PILOT-2012008496	G	2	35	10184	11362	1533	5108	0.3001	
PILOT-2012010015__F__gpt4o-mini__rep0.json	PILOT-2012010015	F	0	4	5606	1256	4394	672	6.5387	
PILOT-2012010015__F__gpt4o-mini__rep1.json	PILOT-2012010015	F	1	4	5606	1110	4511	672	6.7128	
PILOT-2012010015__F__gpt4o-mini__rep2.json	PILOT-2012010015	F	2	4	5606	1110	4521	672	6.7277	
PILOT-2012010015__F__gpt5.4__rep0.json	PILOT-2012010015	F	0	16	5606	3052	2789	672	4.1503	
PILOT-2012010015__F__gpt5.4__rep1.json	PILOT-2012010015	F	1	16	5606	3059	2808	672	4.1786	
PILOT-2012010015__F__gpt5.4__rep2.json	PILOT-2012010015	F	2	16	5606	3108	2843	672	4.2307	
PILOT-2012010015__F__haiku4.5__rep0.json	PILOT-2012010015	F	0	16	5606	2542	3413	672	5.0789	
PILOT-2012010015__F__haiku4.5__rep1.json	PILOT-2012010015	F	1	16	5606	2446	3386	672	5.0387	
PILOT-2012010015__F__haiku4.5__rep2.json	PILOT-2012010015	F	2	16	5606	3464	2941	672	4.3765	
PILOT-2012010015__F__sonnet4__rep0.json	PILOT-2012010015	F	0	16	5606	3087	2828	672	4.2083	
PILOT-2012010015__F__sonnet4__rep1.json	PILOT-2012010015	F	1	16	5606	3066	2794	672	4.1577	
PILOT-2012010015__F__sonnet4__rep2.json	PILOT-2012010015	F	2	16	5606	3060	2812	672	4.1845	
PILOT-2012010015__G__gpt4o-mini__rep0.json	PILOT-2012010015	G	0	5	5606	1486	4129	672	6.1443	
PILOT-2012010015__G__gpt4o-mini__rep1.json	PILOT-2012010015	G	1	4	5606	1101	4524	672	6.7321	
PILOT-2012010015__G__gpt4o-mini__rep2.json	PILOT-2012010015	G	2	4	5606	1142	4504	672	6.7024	
PILOT-2012010015__G__gpt5.4__rep0.json	PILOT-2012010015	G	0	16	5606	3100	2852	672	4.244	
PILOT-2012010015__G__gpt5.4__rep1.json	PILOT-2012010015	G	1	16	5606	3050	2792	672	4.1548	
PILOT-2012010015__G__gpt5.4__rep2.json	PILOT-2012010015	G	2	16	5606	3084	2824	672	4.2024	
PILOT-2012010015__G__haiku4.5__rep0.json	PILOT-2012010015	G	0	16	5606	3184	2589	672	3.8527	
PILOT-2012010015__G__haiku4.5__rep1.json	PILOT-2012010015	G	1	16	5606	3179	2624	672	3.9048	
PILOT-2012010015__G__haiku4.5__rep2.json	PILOT-2012010015	G	2	16	5606	3343	2667	672	3.9688	
PILOT-2012010015__G__sonnet4__rep0.json	PILOT-2012010015	G	0	16	5606	3490	2967	672	4.4152	
PILOT-2012010015__G__sonnet4__rep1.json	PILOT-2012010015	G	1	16	5606	3262	2655	672	3.9509	
PILOT-2012010015__G__sonnet4__rep2.json	PILOT-2012010015	G	2	16	5606	3386	2809	672	4.1801	
PILOT-2013000789__F__gpt4o-mini__rep0.json	PILOT-2013000789	F	0	7	4195	1078	3193	2549	1.2526	
PILOT-2013000789__F__gpt4o-mini__rep1.json	PILOT-2013000789	F	1	6	4195	883	3392	2549	1.3307	
PILOT-2013000789__F__gpt4o-mini__rep2.json	PILOT-2013000789	F	2	0			None		None	no_gen
PILOT-2013000789__F__gpt5.4__rep0.json	PILOT-2013000789	F	0	27	4195	3496	1342	2549	0.5265	
PILOT-2013000789__F__gpt5.4__rep1.json	PILOT-2013000789	F	1	27	4195	3507	1349	2549	0.5292	
PILOT-2013000789__F__gpt5.4__rep2.json	PILOT-2013000789	F	2	27	4195	3558	1358	2549	0.5328	
PILOT-2013000789__F__haiku4.5__rep0.json	PILOT-2013000789	F	0	32	4195	3313	1480	2549	0.5806	
PILOT-2013000789__F__haiku4.5__rep1.json	PILOT-2013000789	F	1	27	4195	3303	1454	2549	0.5704	
PILOT-2013000789__F__haiku4.5__rep2.json	PILOT-2013000789	F	2	27	4195	3452	1324	2549	0.5194	
PILOT-2013000789__F__sonnet4__rep0.json	PILOT-2013000789	F	0	32	4195	4224	1140	2549	0.4472	
PILOT-2013000789__F__sonnet4__rep1.json	PILOT-2013000789	F	1	27	4195	3843	1422	2549	0.5579	
PILOT-2013000789__F__sonnet4__rep2.json	PILOT-2013000789	F	2	27	4195	3914	1408	2549	0.5524	
PILOT-2013000789__G__gpt4o-mini__rep0.json	PILOT-2013000789	G	0	8	4195	1229	3078	2549	1.2075	
PILOT-2013000789__G__gpt4o-mini__rep1.json	PILOT-2013000789	G	1	7	4195	1223	3090	2549	1.2122	
PILOT-2013000789__G__gpt4o-mini__rep2.json	PILOT-2013000789	G	2	8	4195	1461	2982	2549	1.1699	
PILOT-2013000789__G__gpt5.4__rep0.json	PILOT-2013000789	G	0	18	4195	3277	2109	2549	0.8274	
PILOT-2013000789__G__gpt5.4__rep1.json	PILOT-2013000789	G	1	27	4195	4455	1938	2549	0.7603	
PILOT-2013000789__G__gpt5.4__rep2.json	PILOT-2013000789	G	2	27	4195	3644	1437	2549	0.5638	
PILOT-2013000789__G__haiku4.5__rep0.json	PILOT-2013000789	G	0	27	4195	3680	1439	2549	0.5645	
PILOT-2013000789__G__haiku4.5__rep1.json	PILOT-2013000789	G	1	27	4195	3548	1367	2549	0.5363	
PILOT-2013000789__G__haiku4.5__rep2.json	PILOT-2013000789	G	2	27	4195	3570	1307	2549	0.5128	
PILOT-2013000789__G__sonnet4__rep0.json	PILOT-2013000789	G	0	32	4195	4254	1149	2549	0.4508	
PILOT-2013000789__G__sonnet4__rep1.json	PILOT-2013000789	G	1	32	4195	4219	1098	2549	0.4308	
PILOT-2013000789__G__sonnet4__rep2.json	PILOT-2013000789	G	2	32	4195	4006	1017	2549	0.399	
PILOT-2013001277__F__gpt4o-mini__rep0.json	PILOT-2013001277	F	0	9	3226	2574	1590	945	1.6825	
PILOT-2013001277__F__gpt4o-mini__rep1.json	PILOT-2013001277	F	1	5	3226	1533	1812	945	1.9175	
PILOT-2013001277__F__gpt4o-mini__rep2.json	PILOT-2013001277	F	2	18	3226	3256	173	945	0.1831	
PILOT-2013001277__F__gpt5.4__rep0.json	PILOT-2013001277	F	0	14	3226	2585	1119	945	1.1841	
PILOT-2013001277__F__gpt5.4__rep1.json	PILOT-2013001277	F	1	14	3226	2778	1124	945	1.1894	
PILOT-2013001277__F__gpt5.4__rep2.json	PILOT-2013001277	F	2	14	3226	2548	961	945	1.0169	
PILOT-2013001277__F__haiku4.5__rep0.json	PILOT-2013001277	F	0	18	3226	4062	965	945	1.0212	
PILOT-2013001277__F__haiku4.5__rep1.json	PILOT-2013001277	F	1	14	3226	2920	1150	945	1.2169	
PILOT-2013001277__F__haiku4.5__rep2.json	PILOT-2013001277	F	2	18	3226	4233	1137	945	1.2032	
PILOT-2013001277__F__sonnet4__rep0.json	PILOT-2013001277	F	0	18	3226	3457	363	945	0.3841	
PILOT-2013001277__F__sonnet4__rep1.json	PILOT-2013001277	F	1	18	3226	3925	803	945	0.8497	
PILOT-2013001277__F__sonnet4__rep2.json	PILOT-2013001277	F	2	14	3226	2639	983	945	1.0402	
PILOT-2013001277__G__gpt4o-mini__rep0.json	PILOT-2013001277	G	0	18	3226	3361	271	945	0.2868	
PILOT-2013001277__G__gpt4o-mini__rep1.json	PILOT-2013001277	G	1	6	3226	1691	1745	945	1.8466	
PILOT-2013001277__G__gpt4o-mini__rep2.json	PILOT-2013001277	G	2	18	3226	4402	1298	945	1.3735	
PILOT-2013001277__G__gpt5.4__rep0.json	PILOT-2013001277	G	0	14	3226	2556	952	945	1.0074	
PILOT-2013001277__G__gpt5.4__rep1.json	PILOT-2013001277	G	1	14	3226	2570	957	945	1.0127	
PILOT-2013001277__G__gpt5.4__rep2.json	PILOT-2013001277	G	2	14	3226	2867	1055	945	1.1164	
PILOT-2013001277__G__haiku4.5__rep0.json	PILOT-2013001277	G	0	18	3226	4529	1449	945	1.5333	
PILOT-2013001277__G__haiku4.5__rep1.json	PILOT-2013001277	G	1	18	3226	3082	1427	945	1.5101	
PILOT-2013001277__G__haiku4.5__rep2.json	PILOT-2013001277	G	2	18	3226	3252	1380	945	1.4603	
PILOT-2013001277__G__sonnet4__rep0.json	PILOT-2013001277	G	0	18	3226	3409	317	945	0.3354	
PILOT-2013001277__G__sonnet4__rep1.json	PILOT-2013001277	G	1	14	3226	2809	1178	945	1.2466	
PILOT-2013001277__G__sonnet4__rep2.json	PILOT-2013001277	G	2	14	3226	2597	959	945	1.0148	
PILOT-2013007708__F__gpt4o-mini__rep0.json	PILOT-2013007708	F	0	9	3817	2557	1758	3149	0.5583	
PILOT-2013007708__F__gpt4o-mini__rep1.json	PILOT-2013007708	F	1	28	3817	1799	2077	3149	0.6596	
PILOT-2013007708__F__gpt4o-mini__rep2.json	PILOT-2013007708	F	2	7	3817	1440	2455	3149	0.7796	
PILOT-2013007708__F__gpt5.4__rep0.json	PILOT-2013007708	F	0	28	3817	4878	1199	3149	0.3808	
PILOT-2013007708__F__gpt5.4__rep1.json	PILOT-2013007708	F	1	28	3817	3917	238	3149	0.0756	
PILOT-2013007708__F__gpt5.4__rep2.json	PILOT-2013007708	F	2	28	3817	3815	168	3149	0.0534	
PILOT-2013007708__F__haiku4.5__rep0.json	PILOT-2013007708	F	0	28	3817	5628	1917	3149	0.6088	
PILOT-2013007708__F__haiku4.5__rep1.json	PILOT-2013007708	F	1	28	3817	6268	2564	3149	0.8142	
PILOT-2013007708__F__haiku4.5__rep2.json	PILOT-2013007708	F	2	28	3817	5286	1546	3149	0.4909	
PILOT-2013007708__F__sonnet4__rep0.json	PILOT-2013007708	F	0	28	3817	4030	329	3149	0.1045	
PILOT-2013007708__F__sonnet4__rep1.json	PILOT-2013007708	F	1	28	3817	3880	201	3149	0.0638	
PILOT-2013007708__F__sonnet4__rep2.json	PILOT-2013007708	F	2	28	3817	4030	329	3149	0.1045	
PILOT-2013007708__G__gpt4o-mini__rep0.json	PILOT-2013007708	G	0	4	3817	1114	2778	3149	0.8822	
PILOT-2013007708__G__gpt4o-mini__rep1.json	PILOT-2013007708	G	1	26	3817	4734	1431	3149	0.4544	
PILOT-2013007708__G__gpt4o-mini__rep2.json	PILOT-2013007708	G	2	7	3817	2345	1749	3149	0.5554	
PILOT-2013007708__G__gpt5.4__rep0.json	PILOT-2013007708	G	0	28	3817	3972	293	3149	0.093	
PILOT-2013007708__G__gpt5.4__rep1.json	PILOT-2013007708	G	1	28	3817	3917	238	3149	0.0756	
PILOT-2013007708__G__gpt5.4__rep2.json	PILOT-2013007708	G	2	28	3817	3842	195	3149	0.0619	
PILOT-2013007708__G__haiku4.5__rep0.json	PILOT-2013007708	G	0	28	3817	5116	1405	3149	0.4462	
PILOT-2013007708__G__haiku4.5__rep1.json	PILOT-2013007708	G	1	28	3817	5115	1421	3149	0.4513	
PILOT-2013007708__G__haiku4.5__rep2.json	PILOT-2013007708	G	2	28	3817	4669	997	3149	0.3166	
PILOT-2013007708__G__sonnet4__rep0.json	PILOT-2013007708	G	0	28	3817	4156	455	3149	0.1445	
PILOT-2013007708__G__sonnet4__rep1.json	PILOT-2013007708	G	1	28	3817	4030	329	3149	0.1045	
PILOT-2013007708__G__sonnet4__rep2.json	PILOT-2013007708	G	2	28	3817	4168	467	3149	0.1483	
PILOT-2014002407__F__gpt4o-mini__rep0.json	PILOT-2014002407	F	0	4	3806	3066	773	702	1.1011	
PILOT-2014002407__F__gpt4o-mini__rep1.json	PILOT-2014002407	F	1	5	3806	3323	603	702	0.859	
PILOT-2014002407__F__gpt4o-mini__rep2.json	PILOT-2014002407	F	2	5	3806	2460	1537	702	2.1895	
PILOT-2014002407__F__gpt5.4__rep0.json	PILOT-2014002407	F	0	8	3806	3836	242	702	0.3447	
PILOT-2014002407__F__gpt5.4__rep1.json	PILOT-2014002407	F	1	8	3806	3802	208	702	0.2963	
PILOT-2014002407__F__gpt5.4__rep2.json	PILOT-2014002407	F	2	8	3806	4108	514	702	0.7322	
PILOT-2014002407__F__haiku4.5__rep0.json	PILOT-2014002407	F	0	8	3806	4437	849	702	1.2094	
PILOT-2014002407__F__haiku4.5__rep1.json	PILOT-2014002407	F	1	8	3806	4489	865	702	1.2322	
PILOT-2014002407__F__haiku4.5__rep2.json	PILOT-2014002407	F	2	8	3806	4215	565	702	0.8048	
PILOT-2014002407__F__sonnet4__rep0.json	PILOT-2014002407	F	0	8	3806	3765	171	702	0.2436	
PILOT-2014002407__F__sonnet4__rep1.json	PILOT-2014002407	F	1	8	3806	4040	420	702	0.5983	
PILOT-2014002407__F__sonnet4__rep2.json	PILOT-2014002407	F	2	8	3806	3810	216	702	0.3077	
PILOT-2014002407__G__gpt4o-mini__rep0.json	PILOT-2014002407	G	0	8	3806	3718	122	702	0.1738	
PILOT-2014002407__G__gpt4o-mini__rep1.json	PILOT-2014002407	G	1	8	3806	3814	202	702	0.2877	
PILOT-2014002407__G__gpt4o-mini__rep2.json	PILOT-2014002407	G	2	8	3806	3816	204	702	0.2906	
PILOT-2014002407__G__gpt5.4__rep0.json	PILOT-2014002407	G	0	8	3806	3802	208	702	0.2963	
PILOT-2014002407__G__gpt5.4__rep1.json	PILOT-2014002407	G	1	8	3806	3802	208	702	0.2963	
PILOT-2014002407__G__gpt5.4__rep2.json	PILOT-2014002407	G	2	8	3806	3802	208	702	0.2963	
PILOT-2014002407__G__haiku4.5__rep0.json	PILOT-2014002407	G	0	8	3806	4025	403	702	0.5741	
PILOT-2014002407__G__haiku4.5__rep1.json	PILOT-2014002407	G	1	8	3806	4229	605	702	0.8618	
PILOT-2014002407__G__haiku4.5__rep2.json	PILOT-2014002407	G	2	8	3806	4127	505	702	0.7194	
PILOT-2014002407__G__sonnet4__rep0.json	PILOT-2014002407	G	0	8	3806	4035	441	702	0.6282	
PILOT-2014002407__G__sonnet4__rep1.json	PILOT-2014002407	G	1	8	3806	3810	216	702	0.3077	
PILOT-2014002407__G__sonnet4__rep2.json	PILOT-2014002407	G	2	8	3806	3810	216	702	0.3077	
PILOT-2014002745__F__gpt4o-mini__rep0.json	PILOT-2014002745	F	0	3	5510	1235	4318	4481	0.9636	
PILOT-2014002745__F__gpt4o-mini__rep1.json	PILOT-2014002745	F	1	0			None		None	no_gen
PILOT-2014002745__F__gpt4o-mini__rep2.json	PILOT-2014002745	F	2	2	5510	864	4679	4481	1.0442	
PILOT-2014002745__F__gpt5.4__rep0.json	PILOT-2014002745	F	0	27	5510	4392	1661	4481	0.3707	
PILOT-2014002745__F__gpt5.4__rep1.json	PILOT-2014002745	F	1	27	5510	5381	2043	4481	0.4559	
PILOT-2014002745__F__gpt5.4__rep2.json	PILOT-2014002745	F	2	27	5510	4426	1642	4481	0.3664	
PILOT-2014002745__F__haiku4.5__rep0.json	PILOT-2014002745	F	0	27	5510	5539	1850	4481	0.4129	
PILOT-2014002745__F__haiku4.5__rep1.json	PILOT-2014002745	F	1	27	5510	4826	2322	4481	0.5182	
PILOT-2014002745__F__haiku4.5__rep2.json	PILOT-2014002745	F	2	27	5510	5179	1952	4481	0.4356	
PILOT-2014002745__F__sonnet4__rep0.json	PILOT-2014002745	F	0	27	5510	5291	1370	4481	0.3057	
PILOT-2014002745__F__sonnet4__rep1.json	PILOT-2014002745	F	1	27	5510	4976	1161	4481	0.2591	
PILOT-2014002745__F__sonnet4__rep2.json	PILOT-2014002745	F	2	27	5510	5244	866	4481	0.1933	
PILOT-2014002745__G__gpt4o-mini__rep0.json	PILOT-2014002745	G	0	3	5510	1012	4556	4481	1.0167	
PILOT-2014002745__G__gpt4o-mini__rep1.json	PILOT-2014002745	G	1	5	5510	1550	4083	4481	0.9112	
PILOT-2014002745__G__gpt4o-mini__rep2.json	PILOT-2014002745	G	2	3	5510	963	4581	4481	1.0223	
PILOT-2014002745__G__gpt5.4__rep0.json	PILOT-2014002745	G	0	27	5510	4782	1661	4481	0.3707	
PILOT-2014002745__G__gpt5.4__rep1.json	PILOT-2014002745	G	1	27	5510	4041	1752	4481	0.391	
PILOT-2014002745__G__gpt5.4__rep2.json	PILOT-2014002745	G	2	27	5510	4846	1841	4481	0.4108	
PILOT-2014002745__G__haiku4.5__rep0.json	PILOT-2014002745	G	0	0			None		None	no_gen
PILOT-2014002745__G__haiku4.5__rep1.json	PILOT-2014002745	G	1	27	5510	5138	1286	4481	0.287	
PILOT-2014002745__G__haiku4.5__rep2.json	PILOT-2014002745	G	2	27	5510	5254	1387	4481	0.3095	
PILOT-2014002745__G__sonnet4__rep0.json	PILOT-2014002745	G	0	27	5510	4547	1118	4481	0.2495	
PILOT-2014002745__G__sonnet4__rep1.json	PILOT-2014002745	G	1	27	5510	4545	1116	4481	0.2491	
PILOT-2014002745__G__sonnet4__rep2.json	PILOT-2014002745	G	2	27	5510	4538	1127	4481	0.2515	
PILOT-2014003236__F__gpt4o-mini__rep0.json	PILOT-2014003236	F	0	5	564	712	150	413	0.3632	
PILOT-2014003236__F__gpt4o-mini__rep1.json	PILOT-2014003236	F	1	5	564	677	119	413	0.2881	
PILOT-2014003236__F__gpt4o-mini__rep2.json	PILOT-2014003236	F	2	5	564	602	93	413	0.2252	
PILOT-2014003236__F__gpt5.4__rep0.json	PILOT-2014003236	F	0	5	564	656	141	413	0.3414	
PILOT-2014003236__F__gpt5.4__rep1.json	PILOT-2014003236	F	1	5	564	437	142	413	0.3438	
PILOT-2014003236__F__gpt5.4__rep2.json	PILOT-2014003236	F	2	5	564	651	145	413	0.3511	
PILOT-2014003236__F__haiku4.5__rep0.json	PILOT-2014003236	F	0	5	564	619	178	413	0.431	
PILOT-2014003236__F__haiku4.5__rep1.json	PILOT-2014003236	F	1	5	564	660	148	413	0.3584	
PILOT-2014003236__F__haiku4.5__rep2.json	PILOT-2014003236	F	2	5	564	645	154	413	0.3729	
PILOT-2014003236__F__sonnet4__rep0.json	PILOT-2014003236	F	0	5	564	506	132	413	0.3196	
PILOT-2014003236__F__sonnet4__rep1.json	PILOT-2014003236	F	1	5	564	505	133	413	0.322	
PILOT-2014003236__F__sonnet4__rep2.json	PILOT-2014003236	F	2	5	564	518	131	413	0.3172	
PILOT-2014003236__G__gpt4o-mini__rep0.json	PILOT-2014003236	G	0	5	564	677	117	413	0.2833	
PILOT-2014003236__G__gpt4o-mini__rep1.json	PILOT-2014003236	G	1	5	564	867	307	413	0.7433	
PILOT-2014003236__G__gpt4o-mini__rep2.json	PILOT-2014003236	G	2	5	564	677	128	413	0.3099	
PILOT-2014003236__G__gpt5.4__rep0.json	PILOT-2014003236	G	0	5	564	651	145	413	0.3511	
PILOT-2014003236__G__gpt5.4__rep1.json	PILOT-2014003236	G	1	5	564	656	137	413	0.3317	
PILOT-2014003236__G__gpt5.4__rep2.json	PILOT-2014003236	G	2	5	564	651	144	413	0.3487	
PILOT-2014003236__G__haiku4.5__rep0.json	PILOT-2014003236	G	0	5	564	661	150	413	0.3632	
PILOT-2014003236__G__haiku4.5__rep1.json	PILOT-2014003236	G	1	5	564	670	195	413	0.4722	
PILOT-2014003236__G__haiku4.5__rep2.json	PILOT-2014003236	G	2	5	564	550	257	413	0.6223	
PILOT-2014003236__G__sonnet4__rep0.json	PILOT-2014003236	G	0	6	564	539	241	413	0.5835	
PILOT-2014003236__G__sonnet4__rep1.json	PILOT-2014003236	G	1	5	564	503	142	413	0.3438	
PILOT-2014003236__G__sonnet4__rep2.json	PILOT-2014003236	G	2	6	564	501	265	413	0.6416	
PILOT-2014003587__F__gpt4o-mini__rep0.json	PILOT-2014003587	F	0	16	4305	4103	769	1705	0.451	
PILOT-2014003587__F__gpt4o-mini__rep1.json	PILOT-2014003587	F	1	11	4305	2708	1771	1705	1.0387	
PILOT-2014003587__F__gpt4o-mini__rep2.json	PILOT-2014003587	F	2	20	4305	4253	74	1705	0.0434	
PILOT-2014003587__F__gpt5.4__rep0.json	PILOT-2014003587	F	0	20	4305	3373	1009	1705	0.5918	
PILOT-2014003587__F__gpt5.4__rep1.json	PILOT-2014003587	F	1	20	4305	4113	1206	1705	0.7073	
PILOT-2014003587__F__gpt5.4__rep2.json	PILOT-2014003587	F	2	20	4305	3268	1097	1705	0.6434	
PILOT-2014003587__F__haiku4.5__rep0.json	PILOT-2014003587	F	0	20	4305	5077	960	1705	0.563	
PILOT-2014003587__F__haiku4.5__rep1.json	PILOT-2014003587	F	1	20	4305	5171	942	1705	0.5525	
PILOT-2014003587__F__haiku4.5__rep2.json	PILOT-2014003587	F	2	20	4305	5087	844	1705	0.495	
PILOT-2014003587__F__sonnet4__rep0.json	PILOT-2014003587	F	0	20	4305	4637	400	1705	0.2346	
PILOT-2014003587__F__sonnet4__rep1.json	PILOT-2014003587	F	1	20	4305	4621	383	1705	0.2246	
PILOT-2014003587__F__sonnet4__rep2.json	PILOT-2014003587	F	2	20	4305	4886	639	1705	0.3748	
PILOT-2014003587__G__gpt4o-mini__rep0.json	PILOT-2014003587	G	0	0			None		None	no_gen
PILOT-2014003587__G__gpt4o-mini__rep1.json	PILOT-2014003587	G	1	0			None		None	no_gen
PILOT-2014003587__G__gpt4o-mini__rep2.json	PILOT-2014003587	G	2	8	4305	2393	2193	1705	1.2862	
PILOT-2014003587__G__gpt5.4__rep0.json	PILOT-2014003587	G	0	20	4305	2887	1427	1705	0.837	
PILOT-2014003587__G__gpt5.4__rep1.json	PILOT-2014003587	G	1	20	4305	4980	751	1705	0.4405	
PILOT-2014003587__G__gpt5.4__rep2.json	PILOT-2014003587	G	2	20	4305	3892	708	1705	0.4152	
PILOT-2014003587__G__haiku4.5__rep0.json	PILOT-2014003587	G	0	20	4305	5475	1262	1705	0.7402	
PILOT-2014003587__G__haiku4.5__rep1.json	PILOT-2014003587	G	1	20	4305	5440	1211	1705	0.7103	
PILOT-2014003587__G__haiku4.5__rep2.json	PILOT-2014003587	G	2	20	4305	5653	1424	1705	0.8352	
PILOT-2014003587__G__sonnet4__rep0.json	PILOT-2014003587	G	0	20	4305	4622	384	1705	0.2252	
PILOT-2014003587__G__sonnet4__rep1.json	PILOT-2014003587	G	1	20	4305	4468	239	1705	0.1402	
PILOT-2014003587__G__sonnet4__rep2.json	PILOT-2014003587	G	2	20	4305	4628	388	1705	0.2276	
PILOT-2014006550__F__gpt4o-mini__rep0.json	PILOT-2014006550	F	0	0			None		None	no_gen
PILOT-2014006550__F__gpt4o-mini__rep1.json	PILOT-2014006550	F	1	0			None		None	no_gen
PILOT-2014006550__F__gpt4o-mini__rep2.json	PILOT-2014006550	F	2	9	6560	3454	3191	1375	2.3207	
PILOT-2014006550__F__gpt5.4__rep0.json	PILOT-2014006550	F	0	20	6560	7566	1200	1375	0.8727	
PILOT-2014006550__F__gpt5.4__rep1.json	PILOT-2014006550	F	1	20	6560	7309	941	1375	0.6844	
PILOT-2014006550__F__gpt5.4__rep2.json	PILOT-2014006550	F	2	20	6560	7184	816	1375	0.5935	
PILOT-2014006550__F__haiku4.5__rep0.json	PILOT-2014006550	F	0	20	6560	7573	1166	1375	0.848	
PILOT-2014006550__F__haiku4.5__rep1.json	PILOT-2014006550	F	1	20	6560	7336	1170	1375	0.8509	
PILOT-2014006550__F__haiku4.5__rep2.json	PILOT-2014006550	F	2	20	6560	7163	1051	1375	0.7644	
PILOT-2014006550__F__sonnet4__rep0.json	PILOT-2014006550	F	0	20	6560	7235	871	1375	0.6335	
PILOT-2014006550__F__sonnet4__rep1.json	PILOT-2014006550	F	1	20	6560	6947	583	1375	0.424	
PILOT-2014006550__F__sonnet4__rep2.json	PILOT-2014006550	F	2	20	6560	7266	902	1375	0.656	
PILOT-2014006550__G__gpt4o-mini__rep0.json	PILOT-2014006550	G	0	20	6560	7311	945	1375	0.6873	
PILOT-2014006550__G__gpt4o-mini__rep1.json	PILOT-2014006550	G	1	0			None		None	no_gen
PILOT-2014006550__G__gpt4o-mini__rep2.json	PILOT-2014006550	G	2	13	6560	4971	1710	1375	1.2436	
PILOT-2014006550__G__gpt5.4__rep0.json	PILOT-2014006550	G	0	20	6560	7728	1360	1375	0.9891	
PILOT-2014006550__G__gpt5.4__rep1.json	PILOT-2014006550	G	1	20	6560	7169	814	1375	0.592	
PILOT-2014006550__G__gpt5.4__rep2.json	PILOT-2014006550	G	2	20	6560	7051	702	1375	0.5105	
PILOT-2014006550__G__haiku4.5__rep0.json	PILOT-2014006550	G	0	20	6560	7374	1348	1375	0.9804	
PILOT-2014006550__G__haiku4.5__rep1.json	PILOT-2014006550	G	1	20	6560	7034	1075	1375	0.7818	
PILOT-2014006550__G__haiku4.5__rep2.json	PILOT-2014006550	G	2	20	6560	7403	1326	1375	0.9644	
PILOT-2014006550__G__sonnet4__rep0.json	PILOT-2014006550	G	0	20	6560	7295	931	1375	0.6771	
PILOT-2014006550__G__sonnet4__rep1.json	PILOT-2014006550	G	1	20	6560	7291	926	1375	0.6735	
PILOT-2014006550__G__sonnet4__rep2.json	PILOT-2014006550	G	2	20	6560	6930	565	1375	0.4109	
PILOT-2014007043__F__gpt4o-mini__rep0.json	PILOT-2014007043	F	0	4	4137	1736	2465	1469	1.678	
PILOT-2014007043__F__gpt4o-mini__rep1.json	PILOT-2014007043	F	1	3	4137	1272	2887	1469	1.9653	
PILOT-2014007043__F__gpt4o-mini__rep2.json	PILOT-2014007043	F	2	4	4137	1722	2477	1469	1.6862	
PILOT-2014007043__F__gpt5.4__rep0.json	PILOT-2014007043	F	0	6	4137	2226	1995	1469	1.3581	
PILOT-2014007043__F__gpt5.4__rep1.json	PILOT-2014007043	F	1	20	4137	4303	226	1469	0.1538	
PILOT-2014007043__F__gpt5.4__rep2.json	PILOT-2014007043	F	2	20	4137	4297	336	1469	0.2287	
PILOT-2014007043__F__haiku4.5__rep0.json	PILOT-2014007043	F	0	20	4137	2035	2373	1469	1.6154	
PILOT-2014007043__F__haiku4.5__rep1.json	PILOT-2014007043	F	1	20	4137	1873	2395	1469	1.6304	
PILOT-2014007043__F__haiku4.5__rep2.json	PILOT-2014007043	F	2	20	4137	2164	2383	1469	1.6222	
PILOT-2014007043__F__sonnet4__rep0.json	PILOT-2014007043	F	0	20	4137	3580	603	1469	0.4105	
PILOT-2014007043__F__sonnet4__rep1.json	PILOT-2014007043	F	1	20	4137	3580	603	1469	0.4105	
PILOT-2014007043__F__sonnet4__rep2.json	PILOT-2014007043	F	2	20	4137	3580	603	1469	0.4105	
PILOT-2014007043__G__gpt4o-mini__rep0.json	PILOT-2014007043	G	0	4	4137	1793	2386	1469	1.6242	
PILOT-2014007043__G__gpt4o-mini__rep1.json	PILOT-2014007043	G	1	4	4137	2016	2176	1469	1.4813	
PILOT-2014007043__G__gpt4o-mini__rep2.json	PILOT-2014007043	G	2	4	4137	2049	2299	1469	1.565	
PILOT-2014007043__G__gpt5.4__rep0.json	PILOT-2014007043	G	0	6	4137	2534	1982	1469	1.3492	
PILOT-2014007043__G__gpt5.4__rep1.json	PILOT-2014007043	G	1	6	4137	2453	1988	1469	1.3533	
PILOT-2014007043__G__gpt5.4__rep2.json	PILOT-2014007043	G	2	6	4137	2460	1962	1469	1.3356	
PILOT-2014007043__G__haiku4.5__rep0.json	PILOT-2014007043	G	0	6	4137	2035	2388	1469	1.6256	
PILOT-2014007043__G__haiku4.5__rep1.json	PILOT-2014007043	G	1	20	4137	3927	566	1469	0.3853	
PILOT-2014007043__G__haiku4.5__rep2.json	PILOT-2014007043	G	2	20	4137	4425	416	1469	0.2832	
PILOT-2014007043__G__sonnet4__rep0.json	PILOT-2014007043	G	0	20	4137	3580	603	1469	0.4105	
PILOT-2014007043__G__sonnet4__rep1.json	PILOT-2014007043	G	1	20	4137	3580	603	1469	0.4105	
PILOT-2014007043__G__sonnet4__rep2.json	PILOT-2014007043	G	2	20	4137	3580	603	1469	0.4105	
PILOT-2014008375__F__gpt4o-mini__rep0.json	PILOT-2014008375	F	0	3	3234	952	2303	1633	1.4103	
PILOT-2014008375__F__gpt4o-mini__rep1.json	PILOT-2014008375	F	1	3	3234	999	2250	1633	1.3778	
PILOT-2014008375__F__gpt4o-mini__rep2.json	PILOT-2014008375	F	2	3	3234	949	2295	1633	1.4054	
PILOT-2014008375__F__gpt5.4__rep0.json	PILOT-2014008375	F	0	5	3234	1840	1434	1633	0.8781	
PILOT-2014008375__F__gpt5.4__rep1.json	PILOT-2014008375	F	1	10	3234	3543	317	1633	0.1941	
PILOT-2014008375__F__gpt5.4__rep2.json	PILOT-2014008375	F	2	10	3234	3534	316	1633	0.1935	
PILOT-2014008375__F__haiku4.5__rep0.json	PILOT-2014008375	F	0	10	3234	1570	1705	1633	1.0441	
PILOT-2014008375__F__haiku4.5__rep1.json	PILOT-2014008375	F	1	10	3234	1662	1701	1633	1.0416	
PILOT-2014008375__F__haiku4.5__rep2.json	PILOT-2014008375	F	2	10	3234	2015	1507	1633	0.9228	
PILOT-2014008375__F__sonnet4__rep0.json	PILOT-2014008375	F	0	10	3234	3310	92	1633	0.0563	
PILOT-2014008375__F__sonnet4__rep1.json	PILOT-2014008375	F	1	10	3234	3310	92	1633	0.0563	
PILOT-2014008375__F__sonnet4__rep2.json	PILOT-2014008375	F	2	10	3234	3310	92	1633	0.0563	
PILOT-2014008375__G__gpt4o-mini__rep0.json	PILOT-2014008375	G	0	3	3234	963	2312	1633	1.4158	
PILOT-2014008375__G__gpt4o-mini__rep1.json	PILOT-2014008375	G	1	5	3234	1950	1536	1633	0.9406	
PILOT-2014008375__G__gpt4o-mini__rep2.json	PILOT-2014008375	G	2	4	3234	1595	1806	1633	1.1059	
PILOT-2014008375__G__gpt5.4__rep0.json	PILOT-2014008375	G	0	5	3234	2000	1594	1633	0.9761	
PILOT-2014008375__G__gpt5.4__rep1.json	PILOT-2014008375	G	1	10	3234	3378	160	1633	0.098	
PILOT-2014008375__G__gpt5.4__rep2.json	PILOT-2014008375	G	2	10	3234	3343	121	1633	0.0741	
PILOT-2014008375__G__haiku4.5__rep0.json	PILOT-2014008375	G	0	10	3234	3171	253	1633	0.1549	
PILOT-2014008375__G__haiku4.5__rep1.json	PILOT-2014008375	G	1	10	3234	1680	1681	1633	1.0294	
PILOT-2014008375__G__haiku4.5__rep2.json	PILOT-2014008375	G	2	10	3234	3413	414	1633	0.2535	
PILOT-2014008375__G__sonnet4__rep0.json	PILOT-2014008375	G	0	10	3234	2448	956	1633	0.5854	
PILOT-2014008375__G__sonnet4__rep1.json	PILOT-2014008375	G	1	10	3234	2441	949	1633	0.5811	
PILOT-2014008375__G__sonnet4__rep2.json	PILOT-2014008375	G	2	10	3234	2441	949	1633	0.5811	
PILOT-2014009096__F__gpt4o-mini__rep0.json	PILOT-2014009096	F	0	4	5103	3013	2517	3397	0.7409	
PILOT-2014009096__F__gpt4o-mini__rep1.json	PILOT-2014009096	F	1	4	5103	2905	2612	3397	0.7689	
PILOT-2014009096__F__gpt4o-mini__rep2.json	PILOT-2014009096	F	2	4	5103	3014	2528	3397	0.7442	
PILOT-2014009096__F__gpt5.4__rep0.json	PILOT-2014009096	F	0	4	5103	3054	2392	3397	0.7042	
PILOT-2014009096__F__gpt5.4__rep1.json	PILOT-2014009096	F	1	9	5103	5240	456	3397	0.1342	
PILOT-2014009096__F__gpt5.4__rep2.json	PILOT-2014009096	F	2	4	5103	3750	2738	3397	0.806	
PILOT-2014009096__F__haiku4.5__rep0.json	PILOT-2014009096	F	0	4	5103	2975	2415	3397	0.7109	
PILOT-2014009096__F__haiku4.5__rep1.json	PILOT-2014009096	F	1	4	5103	2967	2408	3397	0.7089	
PILOT-2014009096__F__haiku4.5__rep2.json	PILOT-2014009096	F	2	4	5103	3081	2717	3397	0.7998	
PILOT-2014009096__F__sonnet4__rep0.json	PILOT-2014009096	F	0	4	5103	2952	2384	3397	0.7018	
PILOT-2014009096__F__sonnet4__rep1.json	PILOT-2014009096	F	1	4	5103	2916	2413	3397	0.7103	
PILOT-2014009096__F__sonnet4__rep2.json	PILOT-2014009096	F	2	4	5103	2916	2413	3397	0.7103	
PILOT-2014009096__G__gpt4o-mini__rep0.json	PILOT-2014009096	G	0	4	5103	3016	2530	3397	0.7448	
PILOT-2014009096__G__gpt4o-mini__rep1.json	PILOT-2014009096	G	1	4	5103	3024	2522	3397	0.7424	
PILOT-2014009096__G__gpt4o-mini__rep2.json	PILOT-2014009096	G	2	4	5103	3070	2510	3397	0.7389	
PILOT-2014009096__G__gpt5.4__rep0.json	PILOT-2014009096	G	0	9	5103	5168	338	3397	0.0995	
PILOT-2014009096__G__gpt5.4__rep1.json	PILOT-2014009096	G	1	4	5103	2958	2471	3397	0.7274	
PILOT-2014009096__G__gpt5.4__rep2.json	PILOT-2014009096	G	2	9	5103	5240	456	3397	0.1342	
PILOT-2014009096__G__haiku4.5__rep0.json	PILOT-2014009096	G	0	10	5103	6260	1477	3397	0.4348	
PILOT-2014009096__G__haiku4.5__rep1.json	PILOT-2014009096	G	1	5	5103	4360	3140	3397	0.9243	
PILOT-2014009096__G__haiku4.5__rep2.json	PILOT-2014009096	G	2	10	5103	3098	2416	3397	0.7112	
PILOT-2014009096__G__sonnet4__rep0.json	PILOT-2014009096	G	0	4	5103	2952	2384	3397	0.7018	
PILOT-2014009096__G__sonnet4__rep1.json	PILOT-2014009096	G	1	4	5103	2952	2384	3397	0.7018	
PILOT-2014009096__G__sonnet4__rep2.json	PILOT-2014009096	G	2	4	5103	3300	2732	3397	0.8042	
PILOT-2014009182__F__gpt4o-mini__rep0.json	PILOT-2014009182	F	0	20	5648	5549	189	778	0.2429	
PILOT-2014009182__F__gpt4o-mini__rep1.json	PILOT-2014009182	F	1	0			None		None	no_gen
PILOT-2014009182__F__gpt4o-mini__rep2.json	PILOT-2014009182	F	2	20	5648	5532	165	778	0.2121	
PILOT-2014009182__F__gpt5.4__rep0.json	PILOT-2014009182	F	0	20	5648	5991	603	778	0.7751	
PILOT-2014009182__F__gpt5.4__rep1.json	PILOT-2014009182	F	1	20	5648	6063	675	778	0.8676	
PILOT-2014009182__F__gpt5.4__rep2.json	PILOT-2014009182	F	2	20	5648	5855	551	778	0.7082	
PILOT-2014009182__F__haiku4.5__rep0.json	PILOT-2014009182	F	0	12	5648	5000	2513	778	3.2301	
PILOT-2014009182__F__haiku4.5__rep1.json	PILOT-2014009182	F	1	12	5648	4450	2516	778	3.2339	
PILOT-2014009182__F__haiku4.5__rep2.json	PILOT-2014009182	F	2	20	5648	7069	1681	778	2.1607	
PILOT-2014009182__F__sonnet4__rep0.json	PILOT-2014009182	F	0	20	5648	6284	896	778	1.1517	
PILOT-2014009182__F__sonnet4__rep1.json	PILOT-2014009182	F	1	20	5648	6231	949	778	1.2198	
PILOT-2014009182__F__sonnet4__rep2.json	PILOT-2014009182	F	2	20	5648	6928	1540	778	1.9794	
PILOT-2014009182__G__gpt4o-mini__rep0.json	PILOT-2014009182	G	0	8	5648	3027	2654	778	3.4113	
PILOT-2014009182__G__gpt4o-mini__rep1.json	PILOT-2014009182	G	1	9	5648	3267	2414	778	3.1028	
PILOT-2014009182__G__gpt4o-mini__rep2.json	PILOT-2014009182	G	2	9	5648	3683	2476	778	3.1825	
PILOT-2014009182__G__gpt5.4__rep0.json	PILOT-2014009182	G	0	20	5648	5700	314	778	0.4036	
PILOT-2014009182__G__gpt5.4__rep1.json	PILOT-2014009182	G	1	20	5648	6160	772	778	0.9923	
PILOT-2014009182__G__gpt5.4__rep2.json	PILOT-2014009182	G	2	20	5648	5841	283	778	0.3638	
PILOT-2014009182__G__haiku4.5__rep0.json	PILOT-2014009182	G	0	20	5648	6702	1314	778	1.6889	
PILOT-2014009182__G__haiku4.5__rep1.json	PILOT-2014009182	G	1	20	5648	6426	1257	778	1.6157	
PILOT-2014009182__G__haiku4.5__rep2.json	PILOT-2014009182	G	2	20	5648	6434	1046	778	1.3445	
PILOT-2014009182__G__sonnet4__rep0.json	PILOT-2014009182	G	0	20	5648	5930	542	778	0.6967	
PILOT-2014009182__G__sonnet4__rep1.json	PILOT-2014009182	G	1	20	5648	6099	711	778	0.9139	
PILOT-2014009182__G__sonnet4__rep2.json	PILOT-2014009182	G	2	20	5648	5930	542	778	0.6967	
PILOT-2014009970__F__gpt4o-mini__rep0.json	PILOT-2014009970	F	0	9	2186	2816	699	1005	0.6955	
PILOT-2014009970__F__gpt4o-mini__rep1.json	PILOT-2014009970	F	1	9	2186	2158	100	1005	0.0995	
PILOT-2014009970__F__gpt4o-mini__rep2.json	PILOT-2014009970	F	2	9	2186	2948	858	1005	0.8537	
PILOT-2014009970__F__gpt5.4__rep0.json	PILOT-2014009970	F	0	9	2186	2211	655	1005	0.6517	
PILOT-2014009970__F__gpt5.4__rep1.json	PILOT-2014009970	F	1	9	2186	2646	573	1005	0.5701	
PILOT-2014009970__F__gpt5.4__rep2.json	PILOT-2014009970	F	2	9	2186	2347	276	1005	0.2746	
PILOT-2014009970__F__haiku4.5__rep0.json	PILOT-2014009970	F	0	9	2186	3114	1004	1005	0.999	
PILOT-2014009970__F__haiku4.5__rep1.json	PILOT-2014009970	F	1	9	2186	3152	1041	1005	1.0358	
PILOT-2014009970__F__haiku4.5__rep2.json	PILOT-2014009970	F	2	9	2186	3031	921	1005	0.9164	
PILOT-2014009970__F__sonnet4__rep0.json	PILOT-2014009970	F	0	9	2186	2190	934	1005	0.9294	
PILOT-2014009970__F__sonnet4__rep1.json	PILOT-2014009970	F	1	9	2186	2227	985	1005	0.9801	
PILOT-2014009970__F__sonnet4__rep2.json	PILOT-2014009970	F	2	9	2186	2267	1025	1005	1.0199	
PILOT-2014009970__G__gpt4o-mini__rep0.json	PILOT-2014009970	G	0	9	2186	2277	206	1005	0.205	
PILOT-2014009970__G__gpt4o-mini__rep1.json	PILOT-2014009970	G	1	9	2186	2138	66	1005	0.0657	
PILOT-2014009970__G__gpt4o-mini__rep2.json	PILOT-2014009970	G	2	5	2186	1771	790	1005	0.7861	
PILOT-2014009970__G__gpt5.4__rep0.json	PILOT-2014009970	G	0	9	2186	2024	201	1005	0.2	
PILOT-2014009970__G__gpt5.4__rep1.json	PILOT-2014009970	G	1	9	2186	2710	639	1005	0.6358	
PILOT-2014009970__G__gpt5.4__rep2.json	PILOT-2014009970	G	2	9	2186	2503	440	1005	0.4378	
PILOT-2014009970__G__haiku4.5__rep0.json	PILOT-2014009970	G	0	9	2186	2834	716	1005	0.7124	
PILOT-2014009970__G__haiku4.5__rep1.json	PILOT-2014009970	G	1	9	2186	2964	845	1005	0.8408	
PILOT-2014009970__G__haiku4.5__rep2.json	PILOT-2014009970	G	2	9	2186	3309	1191	1005	1.1851	
PILOT-2014009970__G__sonnet4__rep0.json	PILOT-2014009970	G	0	9	2186	2953	890	1005	0.8856	
PILOT-2014009970__G__sonnet4__rep1.json	PILOT-2014009970	G	1	9	2186	1984	978	1005	0.9731	
PILOT-2014009970__G__sonnet4__rep2.json	PILOT-2014009970	G	2	9	2186	1984	978	1005	0.9731	
PILOT-2015000199__F__gpt4o-mini__rep0.json	PILOT-2015000199	F	0	0			None		None	no_gen
PILOT-2015000199__F__gpt4o-mini__rep1.json	PILOT-2015000199	F	1	0			None		None	no_gen
PILOT-2015000199__F__gpt4o-mini__rep2.json	PILOT-2015000199	F	2	10	9694	2339	7583	3495	2.1697	
PILOT-2015000199__F__gpt5.4__rep0.json	PILOT-2015000199	F	0	10	9694	2348	7594	3495	2.1728	
PILOT-2015000199__F__gpt5.4__rep1.json	PILOT-2015000199	F	1	10	9694	2212	7561	3495	2.1634	
PILOT-2015000199__F__gpt5.4__rep2.json	PILOT-2015000199	F	2	24	9694	8983	908	3495	0.2598	
PILOT-2015000199__F__haiku4.5__rep0.json	PILOT-2015000199	F	0	10	9694	2371	7563	3495	2.1639	
PILOT-2015000199__F__haiku4.5__rep1.json	PILOT-2015000199	F	1	10	9694	2424	7555	3495	2.1617	
PILOT-2015000199__F__haiku4.5__rep2.json	PILOT-2015000199	F	2	10	9694	2363	7564	3495	2.1642	
PILOT-2015000199__F__sonnet4__rep0.json	PILOT-2015000199	F	0	10	9694	2516	7459	3495	2.1342	
PILOT-2015000199__F__sonnet4__rep1.json	PILOT-2015000199	F	1	10	9694	2511	7462	3495	2.1351	
PILOT-2015000199__F__sonnet4__rep2.json	PILOT-2015000199	F	2	10	9694	2516	7459	3495	2.1342	
PILOT-2015000199__G__gpt4o-mini__rep0.json	PILOT-2015000199	G	0	10	9694	2305	7530	3495	2.1545	
PILOT-2015000199__G__gpt4o-mini__rep1.json	PILOT-2015000199	G	1	10	9694	2302	7523	3495	2.1525	
PILOT-2015000199__G__gpt4o-mini__rep2.json	PILOT-2015000199	G	2	10	9694	2341	7545	3495	2.1588	
PILOT-2015000199__G__gpt5.4__rep0.json	PILOT-2015000199	G	0	24	9694	9159	1106	3495	0.3165	
PILOT-2015000199__G__gpt5.4__rep1.json	PILOT-2015000199	G	1	10	9694	2630	7409	3495	2.1199	
PILOT-2015000199__G__gpt5.4__rep2.json	PILOT-2015000199	G	2	10	9694	2282	7577	3495	2.168	
PILOT-2015000199__G__haiku4.5__rep0.json	PILOT-2015000199	G	0	10	9694	2298	7573	3495	2.1668	
PILOT-2015000199__G__haiku4.5__rep1.json	PILOT-2015000199	G	1	10	9694	2388	7614	3495	2.1785	
PILOT-2015000199__G__haiku4.5__rep2.json	PILOT-2015000199	G	2	10	9694	2516	7531	3495	2.1548	
PILOT-2015000199__G__sonnet4__rep0.json	PILOT-2015000199	G	0	10	9694	2562	7443	3495	2.1296	
PILOT-2015000199__G__sonnet4__rep1.json	PILOT-2015000199	G	1	10	9694	2299	7467	3495	2.1365	
PILOT-2015000199__G__sonnet4__rep2.json	PILOT-2015000199	G	2	10	9694	2512	7470	3495	2.1373	
PILOT-2015004151__F__gpt4o-mini__rep0.json	PILOT-2015004151	F	0	5	939	807	483	675	0.7156	
PILOT-2015004151__F__gpt4o-mini__rep1.json	PILOT-2015004151	F	1	5	939	855	430	675	0.637	
PILOT-2015004151__F__gpt4o-mini__rep2.json	PILOT-2015004151	F	2	8	939	1051	189	675	0.28	
PILOT-2015004151__F__gpt5.4__rep0.json	PILOT-2015004151	F	0	8	939	993	496	675	0.7348	
PILOT-2015004151__F__gpt5.4__rep1.json	PILOT-2015004151	F	1	8	939	824	345	675	0.5111	
PILOT-2015004151__F__gpt5.4__rep2.json	PILOT-2015004151	F	2	8	939	860	365	675	0.5407	
PILOT-2015004151__F__haiku4.5__rep0.json	PILOT-2015004151	F	0	8	939	1247	380	675	0.563	
PILOT-2015004151__F__haiku4.5__rep1.json	PILOT-2015004151	F	1	8	939	1243	365	675	0.5407	
PILOT-2015004151__F__haiku4.5__rep2.json	PILOT-2015004151	F	2	8	939	1251	390	675	0.5778	
PILOT-2015004151__F__sonnet4__rep0.json	PILOT-2015004151	F	0	8	939	1021	325	675	0.4815	
PILOT-2015004151__F__sonnet4__rep1.json	PILOT-2015004151	F	1	8	939	1021	325	675	0.4815	
PILOT-2015004151__F__sonnet4__rep2.json	PILOT-2015004151	F	2	8	939	1021	325	675	0.4815	
PILOT-2015004151__G__gpt4o-mini__rep0.json	PILOT-2015004151	G	0	8	939	1046	189	675	0.28	
PILOT-2015004151__G__gpt4o-mini__rep1.json	PILOT-2015004151	G	1	5	939	878	442	675	0.6548	
PILOT-2015004151__G__gpt4o-mini__rep2.json	PILOT-2015004151	G	2	5	939	771	426	675	0.6311	
PILOT-2015004151__G__gpt5.4__rep0.json	PILOT-2015004151	G	0	8	939	865	380	675	0.563	
PILOT-2015004151__G__gpt5.4__rep1.json	PILOT-2015004151	G	1	8	939	824	345	675	0.5111	
PILOT-2015004151__G__gpt5.4__rep2.json	PILOT-2015004151	G	2	8	939	860	374	675	0.5541	
PILOT-2015004151__G__haiku4.5__rep0.json	PILOT-2015004151	G	0	8	939	1158	283	675	0.4193	
PILOT-2015004151__G__haiku4.5__rep1.json	PILOT-2015004151	G	1	8	939	1159	284	675	0.4207	
PILOT-2015004151__G__haiku4.5__rep2.json	PILOT-2015004151	G	2	8	939	1165	290	675	0.4296	
PILOT-2015004151__G__sonnet4__rep0.json	PILOT-2015004151	G	0	8	939	921	225	675	0.3333	
PILOT-2015004151__G__sonnet4__rep1.json	PILOT-2015004151	G	1	8	939	921	225	675	0.3333	
PILOT-2015004151__G__sonnet4__rep2.json	PILOT-2015004151	G	2	8	939	960	271	675	0.4015	
PILOT-2015004158__F__gpt4o-mini__rep0.json	PILOT-2015004158	F	0	0			None		None	no_gen
PILOT-2015004158__F__gpt4o-mini__rep1.json	PILOT-2015004158	F	1	2	2431	547	1904	1096	1.7372	
PILOT-2015004158__F__gpt4o-mini__rep2.json	PILOT-2015004158	F	2	2	2431	516	1931	1096	1.7619	
PILOT-2015004158__F__gpt5.4__rep0.json	PILOT-2015004158	F	0	8	2431	1884	747	1096	0.6816	
PILOT-2015004158__F__gpt5.4__rep1.json	PILOT-2015004158	F	1	8	2431	1912	730	1096	0.6661	
PILOT-2015004158__F__gpt5.4__rep2.json	PILOT-2015004158	F	2	9	2431	2202	543	1096	0.4954	
PILOT-2015004158__F__haiku4.5__rep0.json	PILOT-2015004158	F	0	8	2431	1784	698	1096	0.6369	
PILOT-2015004158__F__haiku4.5__rep1.json	PILOT-2015004158	F	1	8	2431	1784	698	1096	0.6369	
PILOT-2015004158__F__haiku4.5__rep2.json	PILOT-2015004158	F	2	9	2431	1777	779	1096	0.7108	
PILOT-2015004158__F__sonnet4__rep0.json	PILOT-2015004158	F	0	9	2431	1961	471	1096	0.4297	
PILOT-2015004158__F__sonnet4__rep1.json	PILOT-2015004158	F	1	9	2431	1961	471	1096	0.4297	
PILOT-2015004158__F__sonnet4__rep2.json	PILOT-2015004158	F	2	9	2431	1961	471	1096	0.4297	
PILOT-2015004158__G__gpt4o-mini__rep0.json	PILOT-2015004158	G	0	2	2431	623	1860	1096	1.6971	
PILOT-2015004158__G__gpt4o-mini__rep1.json	PILOT-2015004158	G	1	2	2431	571	1876	1096	1.7117	
PILOT-2015004158__G__gpt4o-mini__rep2.json	PILOT-2015004158	G	2	2	2431	524	1920	1096	1.7518	
PILOT-2015004158__G__gpt5.4__rep0.json	PILOT-2015004158	G	0	9	2431	2154	474	1096	0.4325	
PILOT-2015004158__G__gpt5.4__rep1.json	PILOT-2015004158	G	1	9	2431	1984	538	1096	0.4909	
PILOT-2015004158__G__gpt5.4__rep2.json	PILOT-2015004158	G	2	9	2431	3332	1438	1096	1.312	
PILOT-2015004158__G__haiku4.5__rep0.json	PILOT-2015004158	G	0	12	2431	1007	1588	1096	1.4489	
PILOT-2015004158__G__haiku4.5__rep1.json	PILOT-2015004158	G	1	9	2431	1957	847	1096	0.7728	
PILOT-2015004158__G__haiku4.5__rep2.json	PILOT-2015004158	G	2	9	2431	1918	790	1096	0.7208	
PILOT-2015004158__G__sonnet4__rep0.json	PILOT-2015004158	G	0	9	2431	2003	456	1096	0.4161	
PILOT-2015004158__G__sonnet4__rep1.json	PILOT-2015004158	G	1	9	2431	1961	472	1096	0.4307	
PILOT-2015004158__G__sonnet4__rep2.json	PILOT-2015004158	G	2	9	2431	1961	471	1096	0.4297	
PILOT-2015004926__F__gpt4o-mini__rep0.json	PILOT-2015004926	F	0	5	5858	1672	4235	2480	1.7077	
PILOT-2015004926__F__gpt4o-mini__rep1.json	PILOT-2015004926	F	1	5	5858	2541	3550	2480	1.4315	
PILOT-2015004926__F__gpt4o-mini__rep2.json	PILOT-2015004926	F	2	8	5858	3072	3067	2480	1.2367	
PILOT-2015004926__F__gpt5.4__rep0.json	PILOT-2015004926	F	0	15	5858	5191	1234	2480	0.4976	
PILOT-2015004926__F__gpt5.4__rep1.json	PILOT-2015004926	F	1	20	5858	5858	962	2480	0.3879	
PILOT-2015004926__F__gpt5.4__rep2.json	PILOT-2015004926	F	2	20	5858	5990	850	2480	0.3427	
PILOT-2015004926__F__haiku4.5__rep0.json	PILOT-2015004926	F	0	15	5858	6167	2028	2480	0.8177	
PILOT-2015004926__F__haiku4.5__rep1.json	PILOT-2015004926	F	1	15	5858	5887	1915	2480	0.7722	
PILOT-2015004926__F__haiku4.5__rep2.json	PILOT-2015004926	F	2	15	5858	6081	1847	2480	0.7448	
PILOT-2015004926__F__sonnet4__rep0.json	PILOT-2015004926	F	0	20	5858	7830	3243	2480	1.3077	
PILOT-2015004926__F__sonnet4__rep1.json	PILOT-2015004926	F	1	20	5858	5667	976	2480	0.3935	
PILOT-2015004926__F__sonnet4__rep2.json	PILOT-2015004926	F	2	20	5858	5346	1176	2480	0.4742	
PILOT-2015004926__G__gpt4o-mini__rep0.json	PILOT-2015004926	G	0	10	5858	3048	3109	2480	1.2536	
PILOT-2015004926__G__gpt4o-mini__rep1.json	PILOT-2015004926	G	1	8	5858	2561	3301	2480	1.331	
PILOT-2015004926__G__gpt4o-mini__rep2.json	PILOT-2015004926	G	2	7	5858	2014	3968	2480	1.6	
PILOT-2015004926__G__gpt5.4__rep0.json	PILOT-2015004926	G	0	15	5858	5537	1723	2480	0.6948	
PILOT-2015004926__G__gpt5.4__rep1.json	PILOT-2015004926	G	1	15	5858	4984	1345	2480	0.5423	
PILOT-2015004926__G__gpt5.4__rep2.json	PILOT-2015004926	G	2	15	5858	5112	1422	2480	0.5734	
PILOT-2015004926__G__haiku4.5__rep0.json	PILOT-2015004926	G	0	20	5858	6658	1684	2480	0.679	
PILOT-2015004926__G__haiku4.5__rep1.json	PILOT-2015004926	G	1	20	5858	6658	1684	2480	0.679	
PILOT-2015004926__G__haiku4.5__rep2.json	PILOT-2015004926	G	2	20	5858	7397	2022	2480	0.8153	
PILOT-2015004926__G__sonnet4__rep0.json	PILOT-2015004926	G	0	20	5858	6787	1231	2480	0.4964	
PILOT-2015004926__G__sonnet4__rep1.json	PILOT-2015004926	G	1	20	5858	6052	1046	2480	0.4218	
PILOT-2015004926__G__sonnet4__rep2.json	PILOT-2015004926	G	2	20	5858	8144	2580	2480	1.0403	
PILOT-2015005752__F__gpt4o-mini__rep0.json	PILOT-2015005752	F	0	5	4135	1324	2838	457	6.2101	
PILOT-2015005752__F__gpt4o-mini__rep1.json	PILOT-2015005752	F	1	9	4135	1883	2436	457	5.3304	
PILOT-2015005752__F__gpt4o-mini__rep2.json	PILOT-2015005752	F	2	4	4135	1464	2752	457	6.0219	
PILOT-2015005752__F__gpt5.4__rep0.json	PILOT-2015005752	F	0	20	4135	4110	273	457	0.5974	
PILOT-2015005752__F__gpt5.4__rep1.json	PILOT-2015005752	F	1	20	4135	3961	422	457	0.9234	
PILOT-2015005752__F__gpt5.4__rep2.json	PILOT-2015005752	F	2	20	4135	3923	692	457	1.5142	
PILOT-2015005752__F__haiku4.5__rep0.json	PILOT-2015005752	F	0	20	4135	6576	3062	457	6.7002	
PILOT-2015005752__F__haiku4.5__rep1.json	PILOT-2015005752	F	1	20	4135	4283	897	457	1.9628	
PILOT-2015005752__F__haiku4.5__rep2.json	PILOT-2015005752	F	2	20	4135	5143	1198	457	2.6214	
PILOT-2015005752__F__sonnet4__rep0.json	PILOT-2015005752	F	0	20	4135	4439	598	457	1.3085	
PILOT-2015005752__F__sonnet4__rep1.json	PILOT-2015005752	F	1	20	4135	4663	820	457	1.7943	
PILOT-2015005752__F__sonnet4__rep2.json	PILOT-2015005752	F	2	20	4135	4447	606	457	1.326	
PILOT-2015005752__G__gpt4o-mini__rep0.json	PILOT-2015005752	G	0	0			None		None	no_gen
PILOT-2015005752__G__gpt4o-mini__rep1.json	PILOT-2015005752	G	1	6	4135	1464	2719	457	5.9497	
PILOT-2015005752__G__gpt4o-mini__rep2.json	PILOT-2015005752	G	2	6	4135	1447	2745	457	6.0066	
PILOT-2015005752__G__gpt5.4__rep0.json	PILOT-2015005752	G	0	20	4135	4349	818	457	1.7899	
PILOT-2015005752__G__gpt5.4__rep1.json	PILOT-2015005752	G	1	20	4135	3967	736	457	1.6105	
PILOT-2015005752__G__gpt5.4__rep2.json	PILOT-2015005752	G	2	20	4135	3832	1145	457	2.5055	
PILOT-2015005752__G__haiku4.5__rep0.json	PILOT-2015005752	G	0	20	4135	5260	1367	457	2.9912	
PILOT-2015005752__G__haiku4.5__rep1.json	PILOT-2015005752	G	1	20	4135	4881	1046	457	2.2888	
PILOT-2015005752__G__haiku4.5__rep2.json	PILOT-2015005752	G	2	20	4135	5412	1520	457	3.326	
PILOT-2015005752__G__sonnet4__rep0.json	PILOT-2015005752	G	0	20	4135	4847	1004	457	2.1969	
PILOT-2015005752__G__sonnet4__rep1.json	PILOT-2015005752	G	1	20	4135	4510	667	457	1.4595	
PILOT-2015005752__G__sonnet4__rep2.json	PILOT-2015005752	G	2	20	4135	4499	656	457	1.4354	
PILOT-2015006206__F__gpt4o-mini__rep0.json	PILOT-2015006206	F	0	7	6927	1963	5086	961	5.2924	
PILOT-2015006206__F__gpt4o-mini__rep1.json	PILOT-2015006206	F	1	5	6927	1859	5217	961	5.4287	
PILOT-2015006206__F__gpt4o-mini__rep2.json	PILOT-2015006206	F	2	5	6927	1808	5247	961	5.4599	
PILOT-2015006206__F__gpt5.4__rep0.json	PILOT-2015006206	F	0	26	6927	8687	1800	961	1.873	
PILOT-2015006206__F__gpt5.4__rep1.json	PILOT-2015006206	F	1	26	6927	7289	1390	961	1.4464	
PILOT-2015006206__F__gpt5.4__rep2.json	PILOT-2015006206	F	2	26	6927	7895	1103	961	1.1478	
PILOT-2015006206__F__haiku4.5__rep0.json	PILOT-2015006206	F	0	26	6927	4996	3108	961	3.2341	
PILOT-2015006206__F__haiku4.5__rep1.json	PILOT-2015006206	F	1	8	6927	2341	4838	961	5.0343	
PILOT-2015006206__F__haiku4.5__rep2.json	PILOT-2015006206	F	2	26	6927	4419	3357	961	3.4932	
PILOT-2015006206__F__sonnet4__rep0.json	PILOT-2015006206	F	0	26	6927	7059	246	961	0.256	
PILOT-2015006206__F__sonnet4__rep1.json	PILOT-2015006206	F	1	26	6927	7343	530	961	0.5515	
PILOT-2015006206__F__sonnet4__rep2.json	PILOT-2015006206	F	2	26	6927	7059	246	961	0.256	
PILOT-2015006206__G__gpt4o-mini__rep0.json	PILOT-2015006206	G	0	4	6927	1474	5488	961	5.7107	
PILOT-2015006206__G__gpt4o-mini__rep1.json	PILOT-2015006206	G	1	5	6927	1648	5339	961	5.5557	
PILOT-2015006206__G__gpt4o-mini__rep2.json	PILOT-2015006206	G	2	0			None		None	no_gen
PILOT-2015006206__G__gpt5.4__rep0.json	PILOT-2015006206	G	0	26	6927	7390	505	961	0.5255	
PILOT-2015006206__G__gpt5.4__rep1.json	PILOT-2015006206	G	1	26	6927	7324	439	961	0.4568	
PILOT-2015006206__G__gpt5.4__rep2.json	PILOT-2015006206	G	2	13	6927	4521	3202	961	3.3319	
PILOT-2015006206__G__haiku4.5__rep0.json	PILOT-2015006206	G	0	26	6927	7806	972	961	1.0114	
PILOT-2015006206__G__haiku4.5__rep1.json	PILOT-2015006206	G	1	26	6927	7795	980	961	1.0198	
PILOT-2015006206__G__haiku4.5__rep2.json	PILOT-2015006206	G	2	26	6927	7723	910	961	0.9469	
PILOT-2015006206__G__sonnet4__rep0.json	PILOT-2015006206	G	0	26	6927	6998	221	961	0.23	
PILOT-2015006206__G__sonnet4__rep1.json	PILOT-2015006206	G	1	26	6927	7062	249	961	0.2591	
PILOT-2015006206__G__sonnet4__rep2.json	PILOT-2015006206	G	2	26	6927	7312	535	961	0.5567	
PILOT-2015006603__F__gpt4o-mini__rep0.json	PILOT-2015006603	F	0	2	8199	890	7309	5611	1.3026	
PILOT-2015006603__F__gpt4o-mini__rep1.json	PILOT-2015006603	F	1	2	8199	880	7319	5611	1.3044	
PILOT-2015006603__F__gpt4o-mini__rep2.json	PILOT-2015006603	F	2	5	8199	1616	6590	5611	1.1745	
PILOT-2015006603__F__gpt5.4__rep0.json	PILOT-2015006603	F	0	14	8199	4680	3556	5611	0.6338	
PILOT-2015006603__F__gpt5.4__rep1.json	PILOT-2015006603	F	1	25	8199	6956	1912	5611	0.3408	
PILOT-2015006603__F__gpt5.4__rep2.json	PILOT-2015006603	F	2	14	8199	4757	3646	5611	0.6498	
PILOT-2015006603__F__haiku4.5__rep0.json	PILOT-2015006603	F	0	33	8199	9043	1371	5611	0.2443	
PILOT-2015006603__F__haiku4.5__rep1.json	PILOT-2015006603	F	1	33	8199	8399	774	5611	0.1379	
PILOT-2015006603__F__haiku4.5__rep2.json	PILOT-2015006603	F	2	33	8199	8391	770	5611	0.1372	
PILOT-2015006603__F__sonnet4__rep0.json	PILOT-2015006603	F	0	33	8199	9752	2023	5611	0.3605	
PILOT-2015006603__F__sonnet4__rep1.json	PILOT-2015006603	F	1	33	8199	8796	1117	5611	0.1991	
PILOT-2015006603__F__sonnet4__rep2.json	PILOT-2015006603	F	2	33	8199	8756	1077	5611	0.1919	
PILOT-2015006603__G__gpt4o-mini__rep0.json	PILOT-2015006603	G	0	7	8199	2085	6140	5611	1.0943	
PILOT-2015006603__G__gpt4o-mini__rep1.json	PILOT-2015006603	G	1	0			None		None	no_gen
PILOT-2015006603__G__gpt4o-mini__rep2.json	PILOT-2015006603	G	2	0			None		None	no_gen
PILOT-2015006603__G__gpt5.4__rep0.json	PILOT-2015006603	G	0	17	8199	5734	3397	5611	0.6054	
PILOT-2015006603__G__gpt5.4__rep1.json	PILOT-2015006603	G	1	19	8199	6269	3115	5611	0.5552	
PILOT-2015006603__G__gpt5.4__rep2.json	PILOT-2015006603	G	2	19	8199	6073	3125	5611	0.5569	
PILOT-2015006603__G__haiku4.5__rep0.json	PILOT-2015006603	G	0	33	8199	9747	2018	5611	0.3597	
PILOT-2015006603__G__haiku4.5__rep1.json	PILOT-2015006603	G	1	13	8199	8820	3943	5611	0.7027	
PILOT-2015006603__G__haiku4.5__rep2.json	PILOT-2015006603	G	2	33	8199	9470	1741	5611	0.3103	
PILOT-2015006603__G__sonnet4__rep0.json	PILOT-2015006603	G	0	13	8199	5002	3664	5611	0.653	
PILOT-2015006603__G__sonnet4__rep1.json	PILOT-2015006603	G	1	13	8199	4962	3680	5611	0.6559	
PILOT-2015006603__G__sonnet4__rep2.json	PILOT-2015006603	G	2	33	8199	8801	1122	5611	0.2	
PILOT-2016000830__F__gpt4o-mini__rep0.json	PILOT-2016000830	F	0	0			None		None	no_gen
PILOT-2016000830__F__gpt4o-mini__rep1.json	PILOT-2016000830	F	1	0			None		None	no_gen
PILOT-2016000830__F__gpt4o-mini__rep2.json	PILOT-2016000830	F	2	0			None		None	no_gen
PILOT-2016000830__F__gpt5.4__rep0.json	PILOT-2016000830	F	0	11	3034	2309	1022	4750	0.2152	
PILOT-2016000830__F__gpt5.4__rep1.json	PILOT-2016000830	F	1	11	3034	2538	1144	4750	0.2408	
PILOT-2016000830__F__gpt5.4__rep2.json	PILOT-2016000830	F	2	11	3034	2554	1292	4750	0.272	
PILOT-2016000830__F__haiku4.5__rep0.json	PILOT-2016000830	F	0	11	3034	2826	1441	4750	0.3034	
PILOT-2016000830__F__haiku4.5__rep1.json	PILOT-2016000830	F	1	11	3034	3051	1299	4750	0.2735	
PILOT-2016000830__F__haiku4.5__rep2.json	PILOT-2016000830	F	2	11	3034	2826	1441	4750	0.3034	
PILOT-2016000830__F__sonnet4__rep0.json	PILOT-2016000830	F	0	14	3034	3944	1931	4750	0.4065	
PILOT-2016000830__F__sonnet4__rep1.json	PILOT-2016000830	F	1	12	3034	3519	1771	4750	0.3728	
PILOT-2016000830__F__sonnet4__rep2.json	PILOT-2016000830	F	2	14	3034	2890	1843	4750	0.388	
PILOT-2016000830__G__gpt4o-mini__rep0.json	PILOT-2016000830	G	0	0			None		None	no_gen
PILOT-2016000830__G__gpt4o-mini__rep1.json	PILOT-2016000830	G	1	0			None		None	no_gen
PILOT-2016000830__G__gpt4o-mini__rep2.json	PILOT-2016000830	G	2	0			None		None	no_gen
PILOT-2016000830__G__gpt5.4__rep0.json	PILOT-2016000830	G	0	11	3034	2623	1273	4750	0.268	
PILOT-2016000830__G__gpt5.4__rep1.json	PILOT-2016000830	G	1	14	3034	2574	967	4750	0.2036	
PILOT-2016000830__G__gpt5.4__rep2.json	PILOT-2016000830	G	2	11	3034	2525	1080	4750	0.2274	
PILOT-2016000830__G__haiku4.5__rep0.json	PILOT-2016000830	G	0	11	3034	3149	1361	4750	0.2865	
PILOT-2016000830__G__haiku4.5__rep1.json	PILOT-2016000830	G	1	11	3034	3067	1294	4750	0.2724	
PILOT-2016000830__G__haiku4.5__rep2.json	PILOT-2016000830	G	2	11	3034	2678	1629	4750	0.3429	
PILOT-2016000830__G__sonnet4__rep0.json	PILOT-2016000830	G	0	12	3034	3322	1632	4750	0.3436	
PILOT-2016000830__G__sonnet4__rep1.json	PILOT-2016000830	G	1	12	3034	3799	1736	4750	0.3655	
PILOT-2016000830__G__sonnet4__rep2.json	PILOT-2016000830	G	2	12	3034	3211	1600	4750	0.3368	
PILOT-2016000849__F__gpt4o-mini__rep0.json	PILOT-2016000849	F	0	0			None		None	no_gen
PILOT-2016000849__F__gpt4o-mini__rep1.json	PILOT-2016000849	F	1	0			None		None	no_gen
PILOT-2016000849__F__gpt4o-mini__rep2.json	PILOT-2016000849	F	2	0			None		None	no_gen
PILOT-2016000849__F__gpt5.4__rep0.json	PILOT-2016000849	F	0	40	11865	11854	784	8122	0.0965	
PILOT-2016000849__F__gpt5.4__rep1.json	PILOT-2016000849	F	1	40	11865	11495	460	8122	0.0566	
PILOT-2016000849__F__gpt5.4__rep2.json	PILOT-2016000849	F	2	40	11865	12715	1582	8122	0.1948	
PILOT-2016000849__F__haiku4.5__rep0.json	PILOT-2016000849	F	0	40	11865	11916	842	8122	0.1037	
PILOT-2016000849__F__haiku4.5__rep1.json	PILOT-2016000849	F	1	40	11865	12082	981	8122	0.1208	
PILOT-2016000849__F__haiku4.5__rep2.json	PILOT-2016000849	F	2	40	11865	11925	850	8122	0.1047	
PILOT-2016000849__F__sonnet4__rep0.json	PILOT-2016000849	F	0	40	11865	12392	1322	8122	0.1628	
PILOT-2016000849__F__sonnet4__rep1.json	PILOT-2016000849	F	1	40	11865	12398	1329	8122	0.1636	
PILOT-2016000849__F__sonnet4__rep2.json	PILOT-2016000849	F	2	40	11865	12578	1499	8122	0.1846	
PILOT-2016000849__G__gpt4o-mini__rep0.json	PILOT-2016000849	G	0	0			None		None	no_gen
PILOT-2016000849__G__gpt4o-mini__rep1.json	PILOT-2016000849	G	1	0			None		None	no_gen
PILOT-2016000849__G__gpt4o-mini__rep2.json	PILOT-2016000849	G	2	3	11865	1189	10681	8122	1.3151	
PILOT-2016000849__G__gpt5.4__rep0.json	PILOT-2016000849	G	0	40	11865	15121	3857	8122	0.4749	
PILOT-2016000849__G__gpt5.4__rep1.json	PILOT-2016000849	G	1	40	11865	14213	3017	8122	0.3715	
PILOT-2016000849__G__gpt5.4__rep2.json	PILOT-2016000849	G	2	40	11865	12754	1619	8122	0.1993	
PILOT-2016000849__G__haiku4.5__rep0.json	PILOT-2016000849	G	0	40	11865	7763	5475	8122	0.6741	
PILOT-2016000849__G__haiku4.5__rep1.json	PILOT-2016000849	G	1	40	11865	12234	1160	8122	0.1428	
PILOT-2016000849__G__haiku4.5__rep2.json	PILOT-2016000849	G	2	40	11865	8160	5665	8122	0.6975	
PILOT-2016000849__G__sonnet4__rep0.json	PILOT-2016000849	G	0	40	11865	12604	1501	8122	0.1848	
PILOT-2016000849__G__sonnet4__rep1.json	PILOT-2016000849	G	1	40	11865	12584	1481	8122	0.1823	
PILOT-2016000849__G__sonnet4__rep2.json	PILOT-2016000849	G	2	40	11865	12605	1501	8122	0.1848	
PILOT-2016003042__F__gpt4o-mini__rep0.json	PILOT-2016003042	F	0	20	8708	1488	7295	5799	1.258	
PILOT-2016003042__F__gpt4o-mini__rep1.json	PILOT-2016003042	F	1	4	8708	1544	7222	5799	1.2454	
PILOT-2016003042__F__gpt4o-mini__rep2.json	PILOT-2016003042	F	2	8	8708	2652	6148	5799	1.0602	
PILOT-2016003042__F__gpt5.4__rep0.json	PILOT-2016003042	F	0	11	8708	3333	5929	5799	1.0224	
PILOT-2016003042__F__gpt5.4__rep1.json	PILOT-2016003042	F	1	11	8708	3425	5948	5799	1.0257	
PILOT-2016003042__F__gpt5.4__rep2.json	PILOT-2016003042	F	2	11	8708	3224	5808	5799	1.0016	
PILOT-2016003042__F__haiku4.5__rep0.json	PILOT-2016003042	F	0	11	8708	4347	5744	5799	0.9905	
PILOT-2016003042__F__haiku4.5__rep1.json	PILOT-2016003042	F	1	25	8708	9011	4036	5799	0.696	
PILOT-2016003042__F__haiku4.5__rep2.json	PILOT-2016003042	F	2	11	8708	4504	5856	5799	1.0098	
PILOT-2016003042__F__sonnet4__rep0.json	PILOT-2016003042	F	0	11	8708	3540	5628	5799	0.9705	
PILOT-2016003042__F__sonnet4__rep1.json	PILOT-2016003042	F	1	11	8708	3557	5620	5799	0.9691	
PILOT-2016003042__F__sonnet4__rep2.json	PILOT-2016003042	F	2	25	8708	7505	2651	5799	0.4571	
PILOT-2016003042__G__gpt4o-mini__rep0.json	PILOT-2016003042	G	0	8	8708	3072	5906	5799	1.0185	
PILOT-2016003042__G__gpt4o-mini__rep1.json	PILOT-2016003042	G	1	7	8708	2550	6336	5799	1.0926	
PILOT-2016003042__G__gpt4o-mini__rep2.json	PILOT-2016003042	G	2	4	8708	1469	7325	5799	1.2631	
PILOT-2016003042__G__gpt5.4__rep0.json	PILOT-2016003042	G	0	25	8708	7506	2688	5799	0.4635	
PILOT-2016003042__G__gpt5.4__rep1.json	PILOT-2016003042	G	1	25	8708	6125	3399	5799	0.5861	
PILOT-2016003042__G__gpt5.4__rep2.json	PILOT-2016003042	G	2	11	8708	3234	5915	5799	1.02	
PILOT-2016003042__G__haiku4.5__rep0.json	PILOT-2016003042	G	0	10	8708	4467	5893	5799	1.0162	
PILOT-2016003042__G__haiku4.5__rep1.json	PILOT-2016003042	G	1	10	8708	4606	5852	5799	1.0091	
PILOT-2016003042__G__haiku4.5__rep2.json	PILOT-2016003042	G	2	11	8708	4378	5852	5799	1.0091	
PILOT-2016003042__G__sonnet4__rep0.json	PILOT-2016003042	G	0	11	8708	4006	5728	5799	0.9878	
PILOT-2016003042__G__sonnet4__rep1.json	PILOT-2016003042	G	1	11	8708	3276	5721	5799	0.9865	
PILOT-2016003042__G__sonnet4__rep2.json	PILOT-2016003042	G	2	25	8708	7776	2993	5799	0.5161	
PILOT-2016004446__F__gpt4o-mini__rep0.json	PILOT-2016004446	F	0	3	1328	1084	355	1051	0.3378	
PILOT-2016004446__F__gpt4o-mini__rep1.json	PILOT-2016004446	F	1	3	1328	1385	482	1051	0.4586	
PILOT-2016004446__F__gpt4o-mini__rep2.json	PILOT-2016004446	F	2	3	1328	1246	477	1051	0.4539	
PILOT-2016004446__F__gpt5.4__rep0.json	PILOT-2016004446	F	0	4	1328	1168	520	1051	0.4948	
PILOT-2016004446__F__gpt5.4__rep1.json	PILOT-2016004446	F	1	4	1328	1187	528	1051	0.5024	
PILOT-2016004446__F__gpt5.4__rep2.json	PILOT-2016004446	F	2	4	1328	1091	501	1051	0.4767	
PILOT-2016004446__F__haiku4.5__rep0.json	PILOT-2016004446	F	0	4	1328	1220	422	1051	0.4015	
PILOT-2016004446__F__haiku4.5__rep1.json	PILOT-2016004446	F	1	4	1328	1220	422	1051	0.4015	
PILOT-2016004446__F__haiku4.5__rep2.json	PILOT-2016004446	F	2	4	1328	1220	422	1051	0.4015	
PILOT-2016004446__F__sonnet4__rep0.json	PILOT-2016004446	F	0	4	1328	1552	674	1051	0.6413	
PILOT-2016004446__F__sonnet4__rep1.json	PILOT-2016004446	F	1	4	1328	1492	584	1051	0.5557	
PILOT-2016004446__F__sonnet4__rep2.json	PILOT-2016004446	F	2	4	1328	1607	708	1051	0.6736	
PILOT-2016004446__G__gpt4o-mini__rep0.json	PILOT-2016004446	G	0	3	1328	1100	322	1051	0.3064	
PILOT-2016004446__G__gpt4o-mini__rep1.json	PILOT-2016004446	G	1	3	1328	1135	385	1051	0.3663	
PILOT-2016004446__G__gpt4o-mini__rep2.json	PILOT-2016004446	G	2	3	1328	1130	343	1051	0.3264	
PILOT-2016004446__G__gpt5.4__rep0.json	PILOT-2016004446	G	0	4	1328	1119	510	1051	0.4853	
PILOT-2016004446__G__gpt5.4__rep1.json	PILOT-2016004446	G	1	4	1328	1201	448	1051	0.4263	
PILOT-2016004446__G__gpt5.4__rep2.json	PILOT-2016004446	G	2	4	1328	1137	503	1051	0.4786	
PILOT-2016004446__G__haiku4.5__rep0.json	PILOT-2016004446	G	0	4	1328	839	580	1051	0.5519	
PILOT-2016004446__G__haiku4.5__rep1.json	PILOT-2016004446	G	1	4	1328	828	585	1051	0.5566	
PILOT-2016004446__G__haiku4.5__rep2.json	PILOT-2016004446	G	2	4	1328	1254	434	1051	0.4129	
PILOT-2016004446__G__sonnet4__rep0.json	PILOT-2016004446	G	0	4	1328	1459	568	1051	0.5404	
PILOT-2016004446__G__sonnet4__rep1.json	PILOT-2016004446	G	1	4	1328	1295	460	1051	0.4377	
PILOT-2016004446__G__sonnet4__rep2.json	PILOT-2016004446	G	2	4	1328	1406	532	1051	0.5062	
PILOT-2016005844__F__gpt4o-mini__rep0.json	PILOT-2016005844	F	0	4	5051	1458	3647	520	7.0135	
PILOT-2016005844__F__gpt4o-mini__rep1.json	PILOT-2016005844	F	1	4	5051	1647	3529	520	6.7865	
PILOT-2016005844__F__gpt4o-mini__rep2.json	PILOT-2016005844	F	2	4	5051	1526	3631	520	6.9827	
PILOT-2016005844__F__gpt5.4__rep0.json	PILOT-2016005844	F	0	18	5051	5747	704	520	1.3538	
PILOT-2016005844__F__gpt5.4__rep1.json	PILOT-2016005844	F	1	18	5051	5587	536	520	1.0308	
PILOT-2016005844__F__gpt5.4__rep2.json	PILOT-2016005844	F	2	18	5051	5767	716	520	1.3769	
PILOT-2016005844__F__haiku4.5__rep0.json	PILOT-2016005844	F	0	18	5051	6848	1974	520	3.7962	
PILOT-2016005844__F__haiku4.5__rep1.json	PILOT-2016005844	F	1	18	5051	2238	3341	520	6.425	
PILOT-2016005844__F__haiku4.5__rep2.json	PILOT-2016005844	F	2	18	5051	5399	440	520	0.8462	
PILOT-2016005844__F__sonnet4__rep0.json	PILOT-2016005844	F	0	18	5051	5573	614	520	1.1808	
PILOT-2016005844__F__sonnet4__rep1.json	PILOT-2016005844	F	1	18	5051	5581	622	520	1.1962	
PILOT-2016005844__F__sonnet4__rep2.json	PILOT-2016005844	F	2	18	5051	5581	622	520	1.1962	
PILOT-2016005844__G__gpt4o-mini__rep0.json	PILOT-2016005844	G	0	4	5051	1366	3710	520	7.1346	
PILOT-2016005844__G__gpt4o-mini__rep1.json	PILOT-2016005844	G	1	4	5051	1579	3543	520	6.8135	
PILOT-2016005844__G__gpt4o-mini__rep2.json	PILOT-2016005844	G	2	4	5051	1203	3888	520	7.4769	
PILOT-2016005844__G__gpt5.4__rep0.json	PILOT-2016005844	G	0	4	5051	1974	3262	520	6.2731	
PILOT-2016005844__G__gpt5.4__rep1.json	PILOT-2016005844	G	1	18	5051	5776	733	520	1.4096	
PILOT-2016005844__G__gpt5.4__rep2.json	PILOT-2016005844	G	2	4	5051	1588	3643	520	7.0058	
PILOT-2016005844__G__haiku4.5__rep0.json	PILOT-2016005844	G	0	4	5051	1932	3489	520	6.7096	
PILOT-2016005844__G__haiku4.5__rep1.json	PILOT-2016005844	G	1	4	5051	2048	3427	520	6.5904	
PILOT-2016005844__G__haiku4.5__rep2.json	PILOT-2016005844	G	2	4	5051	2376	3299	520	6.3442	
PILOT-2016005844__G__sonnet4__rep0.json	PILOT-2016005844	G	0	18	5051	5529	570	520	1.0962	
PILOT-2016005844__G__sonnet4__rep1.json	PILOT-2016005844	G	1	18	5051	5728	769	520	1.4788	
PILOT-2016005844__G__sonnet4__rep2.json	PILOT-2016005844	G	2	18	5051	5651	692	520	1.3308	
PILOT-2016006702__F__gpt4o-mini__rep0.json	PILOT-2016006702	F	0	30	8865	8615	606	966	0.6273	
PILOT-2016006702__F__gpt4o-mini__rep1.json	PILOT-2016006702	F	1	6	8865	3119	5767	966	5.97	
PILOT-2016006702__F__gpt4o-mini__rep2.json	PILOT-2016006702	F	2	6	8865	2863	6017	966	6.2288	
PILOT-2016006702__F__gpt5.4__rep0.json	PILOT-2016006702	F	0	30	8865	8842	835	966	0.8644	
PILOT-2016006702__F__gpt5.4__rep1.json	PILOT-2016006702	F	1	30	8865	8713	704	966	0.7288	
PILOT-2016006702__F__gpt5.4__rep2.json	PILOT-2016006702	F	2	30	8865	9098	1153	966	1.1936	
PILOT-2016006702__F__haiku4.5__rep0.json	PILOT-2016006702	F	0	30	8865	5970	3607	966	3.734	
PILOT-2016006702__F__haiku4.5__rep1.json	PILOT-2016006702	F	1	30	8865	9273	1261	966	1.3054	
PILOT-2016006702__F__haiku4.5__rep2.json	PILOT-2016006702	F	2	30	8865	8574	2800	966	2.8986	
PILOT-2016006702__F__sonnet4__rep0.json	PILOT-2016006702	F	0	30	8865	8690	731	966	0.7567	
PILOT-2016006702__F__sonnet4__rep1.json	PILOT-2016006702	F	1	30	8865	8690	731	966	0.7567	
PILOT-2016006702__F__sonnet4__rep2.json	PILOT-2016006702	F	2	30	8865	8851	842	966	0.8716	
PILOT-2016006702__G__gpt4o-mini__rep0.json	PILOT-2016006702	G	0	0			None		None	no_gen
PILOT-2016006702__G__gpt4o-mini__rep1.json	PILOT-2016006702	G	1	0			None		None	no_gen
PILOT-2016006702__G__gpt4o-mini__rep2.json	PILOT-2016006702	G	2	30	8865	8630	616	966	0.6377	
PILOT-2016006702__G__gpt5.4__rep0.json	PILOT-2016006702	G	0	30	8865	9049	1040	966	1.0766	
PILOT-2016006702__G__gpt5.4__rep1.json	PILOT-2016006702	G	1	30	8865	9107	1003	966	1.0383	
PILOT-2016006702__G__gpt5.4__rep2.json	PILOT-2016006702	G	2	30	8865	9285	1272	966	1.3168	
PILOT-2016006702__G__haiku4.5__rep0.json	PILOT-2016006702	G	0	30	8865	9348	1336	966	1.383	
PILOT-2016006702__G__haiku4.5__rep1.json	PILOT-2016006702	G	1	30	8865	9030	1077	966	1.1149	
PILOT-2016006702__G__haiku4.5__rep2.json	PILOT-2016006702	G	2	30	8865	9318	1306	966	1.352	
PILOT-2016006702__G__sonnet4__rep0.json	PILOT-2016006702	G	0	30	8865	8563	554	966	0.5735	
PILOT-2016006702__G__sonnet4__rep1.json	PILOT-2016006702	G	1	30	8865	8563	554	966	0.5735	
PILOT-2016006702__G__sonnet4__rep2.json	PILOT-2016006702	G	2	30	8865	8563	554	966	0.5735	
PILOT-2016007603__F__gpt4o-mini__rep0.json	PILOT-2016007603	F	0	8	3389	1590	1876	1148	1.6341	
PILOT-2016007603__F__gpt4o-mini__rep1.json	PILOT-2016007603	F	1	12	3389	2101	1368	1148	1.1916	
PILOT-2016007603__F__gpt4o-mini__rep2.json	PILOT-2016007603	F	2	8	3389	1580	1910	1148	1.6638	
PILOT-2016007603__F__gpt5.4__rep0.json	PILOT-2016007603	F	0	12	3389	2237	1442	1148	1.2561	
PILOT-2016007603__F__gpt5.4__rep1.json	PILOT-2016007603	F	1	12	3389	2229	1431	1148	1.2465	
PILOT-2016007603__F__gpt5.4__rep2.json	PILOT-2016007603	F	2	12	3389	2228	1436	1148	1.2509	
PILOT-2016007603__F__haiku4.5__rep0.json	PILOT-2016007603	F	0	0			None		None	no_gen
PILOT-2016007603__F__haiku4.5__rep1.json	PILOT-2016007603	F	1	0			None		None	no_gen
PILOT-2016007603__F__haiku4.5__rep2.json	PILOT-2016007603	F	2	12	3389	3066	1866	1148	1.6254	
PILOT-2016007603__F__sonnet4__rep0.json	PILOT-2016007603	F	0	0			None		None	no_gen
PILOT-2016007603__F__sonnet4__rep1.json	PILOT-2016007603	F	1	0			None		None	no_gen
PILOT-2016007603__F__sonnet4__rep2.json	PILOT-2016007603	F	2	0			None		None	no_gen
PILOT-2016007603__G__gpt4o-mini__rep0.json	PILOT-2016007603	G	0	12	3389	2025	1457	1148	1.2692	
PILOT-2016007603__G__gpt4o-mini__rep1.json	PILOT-2016007603	G	1	8	3389	1562	1892	1148	1.6481	
PILOT-2016007603__G__gpt4o-mini__rep2.json	PILOT-2016007603	G	2	12	3389	2105	1404	1148	1.223	
PILOT-2016007603__G__gpt5.4__rep0.json	PILOT-2016007603	G	0	12	3389	2229	1430	1148	1.2456	
PILOT-2016007603__G__gpt5.4__rep1.json	PILOT-2016007603	G	1	12	3389	2229	1435	1148	1.25	
PILOT-2016007603__G__gpt5.4__rep2.json	PILOT-2016007603	G	2	12	3389	2090	1381	1148	1.203	
PILOT-2016007603__G__haiku4.5__rep0.json	PILOT-2016007603	G	0	12	3389	1134	2372	1148	2.0662	
PILOT-2016007603__G__haiku4.5__rep1.json	PILOT-2016007603	G	1	12	3389	1600	2038	1148	1.7753	
PILOT-2016007603__G__haiku4.5__rep2.json	PILOT-2016007603	G	2	12	3389	1547	2125	1148	1.851	
PILOT-2016007603__G__sonnet4__rep0.json	PILOT-2016007603	G	0	20	3389	3536	152	1148	0.1324	
PILOT-2016007603__G__sonnet4__rep1.json	PILOT-2016007603	G	1	12	3389	2158	1411	1148	1.2291	
PILOT-2016007603__G__sonnet4__rep2.json	PILOT-2016007603	G	2	12	3389	2294	1524	1148	1.3275	
PILOT-2016007888__F__gpt4o-mini__rep0.json	PILOT-2016007888	F	0	5	5843	1345	4515	861	5.2439	
PILOT-2016007888__F__gpt4o-mini__rep1.json	PILOT-2016007888	F	1	5	5843	1631	4277	861	4.9675	
PILOT-2016007888__F__gpt4o-mini__rep2.json	PILOT-2016007888	F	2	5	5843	1595	4304	861	4.9988	
PILOT-2016007888__F__gpt5.4__rep0.json	PILOT-2016007888	F	0	6	5843	1872	4196	861	4.8734	
PILOT-2016007888__F__gpt5.4__rep1.json	PILOT-2016007888	F	1	6	5843	1701	4295	861	4.9884	
PILOT-2016007888__F__gpt5.4__rep2.json	PILOT-2016007888	F	2	6	5843	1684	4300	861	4.9942	
PILOT-2016007888__F__haiku4.5__rep0.json	PILOT-2016007888	F	0	20	5843	6744	1071	861	1.2439	
PILOT-2016007888__F__haiku4.5__rep1.json	PILOT-2016007888	F	1	6	5843	2256	3992	861	4.6365	
PILOT-2016007888__F__haiku4.5__rep2.json	PILOT-2016007888	F	2	13	5843	5406	1996	861	2.3182	
PILOT-2016007888__F__sonnet4__rep0.json	PILOT-2016007888	F	0	6	5843	2046	4023	861	4.6725	
PILOT-2016007888__F__sonnet4__rep1.json	PILOT-2016007888	F	1	20	5843	6348	668	861	0.7758	
PILOT-2016007888__F__sonnet4__rep2.json	PILOT-2016007888	F	2	6	5843	2070	4005	861	4.6516	
PILOT-2016007888__G__gpt4o-mini__rep0.json	PILOT-2016007888	G	0	6	5843	1893	4103	861	4.7654	
PILOT-2016007888__G__gpt4o-mini__rep1.json	PILOT-2016007888	G	1	6	5843	1960	4119	861	4.784	
PILOT-2016007888__G__gpt4o-mini__rep2.json	PILOT-2016007888	G	2	6	5843	1970	4091	861	4.7515	
PILOT-2016007888__G__gpt5.4__rep0.json	PILOT-2016007888	G	0	6	5843	1603	4287	861	4.9791	
PILOT-2016007888__G__gpt5.4__rep1.json	PILOT-2016007888	G	1	6	5843	1701	4295	861	4.9884	
PILOT-2016007888__G__gpt5.4__rep2.json	PILOT-2016007888	G	2	20	5843	5933	252	861	0.2927	
PILOT-2016007888__G__haiku4.5__rep0.json	PILOT-2016007888	G	0	13	5843	5394	2092	861	2.4297	
PILOT-2016007888__G__haiku4.5__rep1.json	PILOT-2016007888	G	1	13	5843	5189	2012	861	2.3368	
PILOT-2016007888__G__haiku4.5__rep2.json	PILOT-2016007888	G	2	13	5843	5559	2197	861	2.5517	
PILOT-2016007888__G__sonnet4__rep0.json	PILOT-2016007888	G	0	20	5843	6487	807	861	0.9373	
PILOT-2016007888__G__sonnet4__rep1.json	PILOT-2016007888	G	1	20	5843	6487	807	861	0.9373	
PILOT-2016007888__G__sonnet4__rep2.json	PILOT-2016007888	G	2	20	5843	6435	756	861	0.878	
PILOT-2017000071__F__gpt4o-mini__rep0.json	PILOT-2017000071	F	0	3	4283	2855	1461	577	2.5321	
PILOT-2017000071__F__gpt4o-mini__rep1.json	PILOT-2017000071	F	1	7	4283	4079	302	577	0.5234	
PILOT-2017000071__F__gpt4o-mini__rep2.json	PILOT-2017000071	F	2	0			None		None	no_gen
PILOT-2017000071__F__gpt5.4__rep0.json	PILOT-2017000071	F	0	7	4283	4253	385	577	0.6672	
PILOT-2017000071__F__gpt5.4__rep1.json	PILOT-2017000071	F	1	7	4283	4188	392	577	0.6794	
PILOT-2017000071__F__gpt5.4__rep2.json	PILOT-2017000071	F	2	7	4283	4284	443	577	0.7678	
PILOT-2017000071__F__haiku4.5__rep0.json	PILOT-2017000071	F	0	7	4283	4025	312	577	0.5407	
PILOT-2017000071__F__haiku4.5__rep1.json	PILOT-2017000071	F	1	7	4283	4038	338	577	0.5858	
PILOT-2017000071__F__haiku4.5__rep2.json	PILOT-2017000071	F	2	7	4283	4025	312	577	0.5407	
PILOT-2017000071__F__sonnet4__rep0.json	PILOT-2017000071	F	0	7	4283	4184	413	577	0.7158	
PILOT-2017000071__F__sonnet4__rep1.json	PILOT-2017000071	F	1	7	4283	4147	383	577	0.6638	
PILOT-2017000071__F__sonnet4__rep2.json	PILOT-2017000071	F	2	7	4283	4130	376	577	0.6516	
PILOT-2017000071__G__gpt4o-mini__rep0.json	PILOT-2017000071	G	0	7	4283	4055	247	577	0.4281	
PILOT-2017000071__G__gpt4o-mini__rep1.json	PILOT-2017000071	G	1	7	4283	4158	391	577	0.6776	
PILOT-2017000071__G__gpt4o-mini__rep2.json	PILOT-2017000071	G	2	7	4283	4161	355	577	0.6153	
PILOT-2017000071__G__gpt5.4__rep0.json	PILOT-2017000071	G	0	7	4283	4217	383	577	0.6638	
PILOT-2017000071__G__gpt5.4__rep1.json	PILOT-2017000071	G	1	7	4283	4189	353	577	0.6118	
PILOT-2017000071__G__gpt5.4__rep2.json	PILOT-2017000071	G	2	7	4283	4225	390	577	0.6759	
PILOT-2017000071__G__haiku4.5__rep0.json	PILOT-2017000071	G	0	7	4283	4025	367	577	0.636	
PILOT-2017000071__G__haiku4.5__rep1.json	PILOT-2017000071	G	1	7	4283	4025	312	577	0.5407	
PILOT-2017000071__G__haiku4.5__rep2.json	PILOT-2017000071	G	2	7	4283	4017	274	577	0.4749	
PILOT-2017000071__G__sonnet4__rep0.json	PILOT-2017000071	G	0	7	4283	4266	497	577	0.8614	
PILOT-2017000071__G__sonnet4__rep1.json	PILOT-2017000071	G	1	7	4283	3698	599	577	1.0381	
PILOT-2017000071__G__sonnet4__rep2.json	PILOT-2017000071	G	2	7	4283	4238	472	577	0.818	
PILOT-2017000093__F__gpt4o-mini__rep0.json	PILOT-2017000093	F	0	0			None		None	no_gen
PILOT-2017000093__F__gpt4o-mini__rep1.json	PILOT-2017000093	F	1	0			None		None	no_gen
PILOT-2017000093__F__gpt4o-mini__rep2.json	PILOT-2017000093	F	2	5	8811	2656	6336	2769	2.2882	
PILOT-2017000093__F__gpt5.4__rep0.json	PILOT-2017000093	F	0	17	8811	9058	1454	2769	0.5251	
PILOT-2017000093__F__gpt5.4__rep1.json	PILOT-2017000093	F	1	21	8811	9317	1057	2769	0.3817	
PILOT-2017000093__F__gpt5.4__rep2.json	PILOT-2017000093	F	2	21	8811	10158	1876	2769	0.6775	
PILOT-2017000093__F__haiku4.5__rep0.json	PILOT-2017000093	F	0	21	8811	9918	1608	2769	0.5807	
PILOT-2017000093__F__haiku4.5__rep1.json	PILOT-2017000093	F	1	21	8811	10829	2484	2769	0.8971	
PILOT-2017000093__F__haiku4.5__rep2.json	PILOT-2017000093	F	2	21	8811	10393	2053	2769	0.7414	
PILOT-2017000093__F__sonnet4__rep0.json	PILOT-2017000093	F	0	21	8811	8984	815	2769	0.2943	
PILOT-2017000093__F__sonnet4__rep1.json	PILOT-2017000093	F	1	21	8811	8962	696	2769	0.2514	
PILOT-2017000093__F__sonnet4__rep2.json	PILOT-2017000093	F	2	21	8811	9564	1313	2769	0.4742	
PILOT-2017000093__G__gpt4o-mini__rep0.json	PILOT-2017000093	G	0	5	8811	2829	6049	2769	2.1845	
PILOT-2017000093__G__gpt4o-mini__rep1.json	PILOT-2017000093	G	1	5	8811	3056	6158	2769	2.2239	
PILOT-2017000093__G__gpt4o-mini__rep2.json	PILOT-2017000093	G	2	5	8811	3524	5357	2769	1.9346	
PILOT-2017000093__G__gpt5.4__rep0.json	PILOT-2017000093	G	0	17	8811	9612	2765	2769	0.9986	
PILOT-2017000093__G__gpt5.4__rep1.json	PILOT-2017000093	G	1	21	8811	11471	3234	2769	1.1679	
PILOT-2017000093__G__gpt5.4__rep2.json	PILOT-2017000093	G	2	17	8811	8560	1813	2769	0.6547	
PILOT-2017000093__G__haiku4.5__rep0.json	PILOT-2017000093	G	0	21	8811	11342	3024	2769	1.0921	
PILOT-2017000093__G__haiku4.5__rep1.json	PILOT-2017000093	G	1	21	8811	10908	2546	2769	0.9195	
PILOT-2017000093__G__haiku4.5__rep2.json	PILOT-2017000093	G	2	21	8811	10762	2420	2769	0.874	
PILOT-2017000093__G__sonnet4__rep0.json	PILOT-2017000093	G	0	21	8811	9649	2002	2769	0.723	
PILOT-2017000093__G__sonnet4__rep1.json	PILOT-2017000093	G	1	21	8811	9219	1561	2769	0.5637	
PILOT-2017000093__G__sonnet4__rep2.json	PILOT-2017000093	G	2	21	8811	6818	3404	2769	1.2293	
PILOT-2017001422__F__gpt4o-mini__rep0.json	PILOT-2017001422	F	0	8	4600	2290	3179	357	8.9048	
PILOT-2017001422__F__gpt4o-mini__rep1.json	PILOT-2017001422	F	1	6	4600	1628	3260	357	9.1317	
PILOT-2017001422__F__gpt4o-mini__rep2.json	PILOT-2017001422	F	2	5	4600	1379	3456	357	9.6807	
PILOT-2017001422__F__gpt5.4__rep0.json	PILOT-2017001422	F	0	8	4600	1832	3131	357	8.7703	
PILOT-2017001422__F__gpt5.4__rep1.json	PILOT-2017001422	F	1	8	4600	1741	3126	357	8.7563	
PILOT-2017001422__F__gpt5.4__rep2.json	PILOT-2017001422	F	2	8	4600	1668	3293	357	9.2241	
PILOT-2017001422__F__haiku4.5__rep0.json	PILOT-2017001422	F	0	8	4600	2067	2912	357	8.1569	
PILOT-2017001422__F__haiku4.5__rep1.json	PILOT-2017001422	F	1	8	4600	1944	3071	357	8.6022	
PILOT-2017001422__F__haiku4.5__rep2.json	PILOT-2017001422	F	2	8	4600	2002	2905	357	8.1373	
PILOT-2017001422__F__sonnet4__rep0.json	PILOT-2017001422	F	0	8	4600	2043	2952	357	8.2689	
PILOT-2017001422__F__sonnet4__rep1.json	PILOT-2017001422	F	1	8	4600	1980	2899	357	8.1204	
PILOT-2017001422__F__sonnet4__rep2.json	PILOT-2017001422	F	2	8	4600	1963	2845	357	7.9692	
PILOT-2017001422__G__gpt4o-mini__rep0.json	PILOT-2017001422	G	0	6	4600	1512	3386	357	9.4846	
PILOT-2017001422__G__gpt4o-mini__rep1.json	PILOT-2017001422	G	1	6	4600	1423	3325	357	9.3137	
PILOT-2017001422__G__gpt4o-mini__rep2.json	PILOT-2017001422	G	2	6	4600	1713	3255	357	9.1176	
PILOT-2017001422__G__gpt5.4__rep0.json	PILOT-2017001422	G	0	8	4600	1863	2948	357	8.2577	
PILOT-2017001422__G__gpt5.4__rep1.json	PILOT-2017001422	G	1	8	4600	1804	3047	357	8.535	
PILOT-2017001422__G__gpt5.4__rep2.json	PILOT-2017001422	G	2	8	4600	1688	3079	357	8.6246	
PILOT-2017001422__G__haiku4.5__rep0.json	PILOT-2017001422	G	0	8	4600	2140	2961	357	8.2941	
PILOT-2017001422__G__haiku4.5__rep1.json	PILOT-2017001422	G	1	8	4600	1904	2916	357	8.1681	
PILOT-2017001422__G__haiku4.5__rep2.json	PILOT-2017001422	G	2	8	4600	2068	2918	357	8.1737	
PILOT-2017001422__G__sonnet4__rep0.json	PILOT-2017001422	G	0	8	4600	1947	3031	357	8.4902	
PILOT-2017001422__G__sonnet4__rep1.json	PILOT-2017001422	G	1	8	4600	1923	3013	357	8.4398	
PILOT-2017001422__G__sonnet4__rep2.json	PILOT-2017001422	G	2	8	4600	1624	3019	357	8.4566	
PILOT-2017002001__F__gpt4o-mini__rep0.json	PILOT-2017002001	F	0	2	5707	235	5472	2192	2.4964	
PILOT-2017002001__F__gpt4o-mini__rep1.json	PILOT-2017002001	F	1	2	5707	486	5231	2192	2.3864	
PILOT-2017002001__F__gpt4o-mini__rep2.json	PILOT-2017002001	F	2	2	5707	360	5348	2192	2.4398	
PILOT-2017002001__F__gpt5.4__rep0.json	PILOT-2017002001	F	0	19	5707	3878	2265	2192	1.0333	
PILOT-2017002001__F__gpt5.4__rep1.json	PILOT-2017002001	F	1	19	5707	4113	2412	2192	1.1004	
PILOT-2017002001__F__gpt5.4__rep2.json	PILOT-2017002001	F	2	19	5707	3805	2269	2192	1.0351	
PILOT-2017002001__F__haiku4.5__rep0.json	PILOT-2017002001	F	0	15	5707	3306	2870	2192	1.3093	
PILOT-2017002001__F__haiku4.5__rep1.json	PILOT-2017002001	F	1	19	5707	4373	2541	2192	1.1592	
PILOT-2017002001__F__haiku4.5__rep2.json	PILOT-2017002001	F	2	19	5707	3291	2852	2192	1.3011	
PILOT-2017002001__F__sonnet4__rep0.json	PILOT-2017002001	F	0	19	5707	4278	2406	2192	1.0976	
PILOT-2017002001__F__sonnet4__rep1.json	PILOT-2017002001	F	1	19	5707	3920	2438	2192	1.1122	
PILOT-2017002001__F__sonnet4__rep2.json	PILOT-2017002001	F	2	19	5707	3603	2239	2192	1.0214	
PILOT-2017002001__G__gpt4o-mini__rep0.json	PILOT-2017002001	G	0	0			None		None	no_gen
PILOT-2017002001__G__gpt4o-mini__rep1.json	PILOT-2017002001	G	1	2	5707	440	5272	2192	2.4051	
PILOT-2017002001__G__gpt4o-mini__rep2.json	PILOT-2017002001	G	2	0			None		None	no_gen
PILOT-2017002001__G__gpt5.4__rep0.json	PILOT-2017002001	G	0	19	5707	3654	2265	2192	1.0333	
PILOT-2017002001__G__gpt5.4__rep1.json	PILOT-2017002001	G	1	19	5707	3852	2599	2192	1.1857	
PILOT-2017002001__G__gpt5.4__rep2.json	PILOT-2017002001	G	2	19	5707	3905	2525	2192	1.1519	
PILOT-2017002001__G__haiku4.5__rep0.json	PILOT-2017002001	G	0	15	5707	3024	2902	2192	1.3239	
PILOT-2017002001__G__haiku4.5__rep1.json	PILOT-2017002001	G	1	15	5707	2992	2980	2192	1.3595	
PILOT-2017002001__G__haiku4.5__rep2.json	PILOT-2017002001	G	2	19	5707	2780	3166	2192	1.4443	
PILOT-2017002001__G__sonnet4__rep0.json	PILOT-2017002001	G	0	19	5707	3603	2239	2192	1.0214	
PILOT-2017002001__G__sonnet4__rep1.json	PILOT-2017002001	G	1	19	5707	3603	2239	2192	1.0214	
PILOT-2017002001__G__sonnet4__rep2.json	PILOT-2017002001	G	2	19	5707	3603	2239	2192	1.0214	
PILOT-2017002029__F__gpt4o-mini__rep0.json	PILOT-2017002029	F	0	28	4351	5012	1826	1540	1.1857	
PILOT-2017002029__F__gpt4o-mini__rep1.json	PILOT-2017002029	F	1	7	4351	1809	2917	1540	1.8942	
PILOT-2017002029__F__gpt4o-mini__rep2.json	PILOT-2017002029	F	2	5	4351	1685	2831	1540	1.8383	
PILOT-2017002029__F__gpt5.4__rep0.json	PILOT-2017002029	F	0	28	4351	3904	1051	1540	0.6825	
PILOT-2017002029__F__gpt5.4__rep1.json	PILOT-2017002029	F	1	28	4351	3858	1211	1540	0.7864	
PILOT-2017002029__F__gpt5.4__rep2.json	PILOT-2017002029	F	2	28	4351	3849	1185	1540	0.7695	
PILOT-2017002029__F__haiku4.5__rep0.json	PILOT-2017002029	F	0	28	4351	5242	1940	1540	1.2597	
PILOT-2017002029__F__haiku4.5__rep1.json	PILOT-2017002029	F	1	28	4351	5371	2099	1540	1.363	
PILOT-2017002029__F__haiku4.5__rep2.json	PILOT-2017002029	F	2	28	4351	4346	1484	1540	0.9636	
PILOT-2017002029__F__sonnet4__rep0.json	PILOT-2017002029	F	0	28	4351	3863	1228	1540	0.7974	
PILOT-2017002029__F__sonnet4__rep1.json	PILOT-2017002029	F	1	28	4351	3833	1185	1540	0.7695	
PILOT-2017002029__F__sonnet4__rep2.json	PILOT-2017002029	F	2	28	4351	4661	1666	1540	1.0818	
PILOT-2017002029__G__gpt4o-mini__rep0.json	PILOT-2017002029	G	0	9	4351	1721	2841	1540	1.8448	
PILOT-2017002029__G__gpt4o-mini__rep1.json	PILOT-2017002029	G	1	7	4351	1361	3144	1540	2.0416	
PILOT-2017002029__G__gpt4o-mini__rep2.json	PILOT-2017002029	G	2	8	4351	1958	2737	1540	1.7773	
PILOT-2017002029__G__gpt5.4__rep0.json	PILOT-2017002029	G	0	28	4351	3815	1058	1540	0.687	
PILOT-2017002029__G__gpt5.4__rep1.json	PILOT-2017002029	G	1	28	4351	3735	1084	1540	0.7039	
PILOT-2017002029__G__gpt5.4__rep2.json	PILOT-2017002029	G	2	28	4351	3679	1083	1540	0.7032	
PILOT-2017002029__G__haiku4.5__rep0.json	PILOT-2017002029	G	0	28	4351	5079	1881	1540	1.2214	
PILOT-2017002029__G__haiku4.5__rep1.json	PILOT-2017002029	G	1	28	4351	4135	1284	1540	0.8338	
PILOT-2017002029__G__haiku4.5__rep2.json	PILOT-2017002029	G	2	28	4351	4119	1250	1540	0.8117	
PILOT-2017002029__G__sonnet4__rep0.json	PILOT-2017002029	G	0	28	4351	4031	1393	1540	0.9045	
PILOT-2017002029__G__sonnet4__rep1.json	PILOT-2017002029	G	1	28	4351	3672	1056	1540	0.6857	
PILOT-2017002029__G__sonnet4__rep2.json	PILOT-2017002029	G	2	28	4351	3724	1103	1540	0.7162	
PILOT-2017003676__F__gpt4o-mini__rep0.json	PILOT-2017003676	F	0	8	2504	1392	1469	389	3.7763	
PILOT-2017003676__F__gpt4o-mini__rep1.json	PILOT-2017003676	F	1	8	2504	1401	1464	389	3.7635	
PILOT-2017003676__F__gpt4o-mini__rep2.json	PILOT-2017003676	F	2	19	2504	2692	428	389	1.1003	
PILOT-2017003676__F__gpt5.4__rep0.json	PILOT-2017003676	F	0	19	2504	2637	364	389	0.9357	
PILOT-2017003676__F__gpt5.4__rep1.json	PILOT-2017003676	F	1	19	2504	3060	853	389	2.1928	
PILOT-2017003676__F__gpt5.4__rep2.json	PILOT-2017003676	F	2	19	2504	2852	792	389	2.036	
PILOT-2017003676__F__haiku4.5__rep0.json	PILOT-2017003676	F	0	19	2504	3172	852	389	2.1902	
PILOT-2017003676__F__haiku4.5__rep1.json	PILOT-2017003676	F	1	19	2504	3821	1491	389	3.8329	
PILOT-2017003676__F__haiku4.5__rep2.json	PILOT-2017003676	F	2	19	2504	3655	1350	389	3.4704	
PILOT-2017003676__F__sonnet4__rep0.json	PILOT-2017003676	F	0	19	2504	2595	318	389	0.8175	
PILOT-2017003676__F__sonnet4__rep1.json	PILOT-2017003676	F	1	19	2504	2582	333	389	0.856	
PILOT-2017003676__F__sonnet4__rep2.json	PILOT-2017003676	F	2	19	2504	2394	324	389	0.8329	
PILOT-2017003676__G__gpt4o-mini__rep0.json	PILOT-2017003676	G	0	19	2504	2434	902	389	2.3188	
PILOT-2017003676__G__gpt4o-mini__rep1.json	PILOT-2017003676	G	1	6	2504	1037	1597	389	4.1054	
PILOT-2017003676__G__gpt4o-mini__rep2.json	PILOT-2017003676	G	2	8	2504	1377	1325	389	3.4062	
PILOT-2017003676__G__gpt5.4__rep0.json	PILOT-2017003676	G	0	19	2504	2789	515	389	1.3239	
PILOT-2017003676__G__gpt5.4__rep1.json	PILOT-2017003676	G	1	19	2504	2195	659	389	1.6941	
PILOT-2017003676__G__gpt5.4__rep2.json	PILOT-2017003676	G	2	19	2504	2888	791	389	2.0334	
PILOT-2017003676__G__haiku4.5__rep0.json	PILOT-2017003676	G	0	19	2504	2969	657	389	1.6889	
PILOT-2017003676__G__haiku4.5__rep1.json	PILOT-2017003676	G	1	19	2504	2827	1200	389	3.0848	
PILOT-2017003676__G__haiku4.5__rep2.json	PILOT-2017003676	G	2	19	2504	3496	1432	389	3.6812	
PILOT-2017003676__G__sonnet4__rep0.json	PILOT-2017003676	G	0	19	2504	2841	558	389	1.4344	
PILOT-2017003676__G__sonnet4__rep1.json	PILOT-2017003676	G	1	19	2504	2722	442	389	1.1362	
PILOT-2017003676__G__sonnet4__rep2.json	PILOT-2017003676	G	2	19	2504	2895	596	389	1.5321	
PILOT-2017004144__F__gpt4o-mini__rep0.json	PILOT-2017004144	F	0	3	6345	983	5365	1330	4.0338	
PILOT-2017004144__F__gpt4o-mini__rep1.json	PILOT-2017004144	F	1	2	6345	538	5826	1330	4.3805	
PILOT-2017004144__F__gpt4o-mini__rep2.json	PILOT-2017004144	F	2	2	6345	362	5986	1330	4.5008	
PILOT-2017004144__F__gpt5.4__rep0.json	PILOT-2017004144	F	0	7	6345	2310	4366	1330	3.2827	
PILOT-2017004144__F__gpt5.4__rep1.json	PILOT-2017004144	F	1	7	6345	1181	5246	1330	3.9444	
PILOT-2017004144__F__gpt5.4__rep2.json	PILOT-2017004144	F	2	7	6345	2473	4175	1330	3.1391	
PILOT-2017004144__F__haiku4.5__rep0.json	PILOT-2017004144	F	0	30	6345	7748	1722	1330	1.2947	
PILOT-2017004144__F__haiku4.5__rep1.json	PILOT-2017004144	F	1	30	6345	7352	1326	1330	0.997	
PILOT-2017004144__F__haiku4.5__rep2.json	PILOT-2017004144	F	2	30	6345	7605	1581	1330	1.1887	
PILOT-2017004144__F__sonnet4__rep0.json	PILOT-2017004144	F	0	7	6345	2972	3875	1330	2.9135	
PILOT-2017004144__F__sonnet4__rep1.json	PILOT-2017004144	F	1	7	6345	3109	3838	1330	2.8857	
PILOT-2017004144__F__sonnet4__rep2.json	PILOT-2017004144	F	2	7	6345	2308	4276	1330	3.215	
PILOT-2017004144__G__gpt4o-mini__rep0.json	PILOT-2017004144	G	0	6	6345	1959	4681	1330	3.5195	
PILOT-2017004144__G__gpt4o-mini__rep1.json	PILOT-2017004144	G	1	7	6345	2469	4228	1330	3.1789	
PILOT-2017004144__G__gpt4o-mini__rep2.json	PILOT-2017004144	G	2	2	6345	470	5879	1330	4.4203	
PILOT-2017004144__G__gpt5.4__rep0.json	PILOT-2017004144	G	0	7	6345	2989	3901	1330	2.9331	
PILOT-2017004144__G__gpt5.4__rep1.json	PILOT-2017004144	G	1	7	6345	3552	3700	1330	2.782	
PILOT-2017004144__G__gpt5.4__rep2.json	PILOT-2017004144	G	2	7	6345	2211	4156	1330	3.1248	
PILOT-2017004144__G__haiku4.5__rep0.json	PILOT-2017004144	G	0	30	6345	7696	1672	1330	1.2571	
PILOT-2017004144__G__haiku4.5__rep1.json	PILOT-2017004144	G	1	30	6345	7696	1672	1330	1.2571	
PILOT-2017004144__G__haiku4.5__rep2.json	PILOT-2017004144	G	2	30	6345	7696	1672	1330	1.2571	
PILOT-2017004144__G__sonnet4__rep0.json	PILOT-2017004144	G	0	7	6345	2978	3849	1330	2.894	
PILOT-2017004144__G__sonnet4__rep1.json	PILOT-2017004144	G	1	30	6345	6757	740	1330	0.5564	
PILOT-2017004144__G__sonnet4__rep2.json	PILOT-2017004144	G	2	30	6345	6589	636	1330	0.4782	
PILOT-2017004286__F__gpt4o-mini__rep0.json	PILOT-2017004286	F	0	4	6980	1921	5114	1533	3.3359	
PILOT-2017004286__F__gpt4o-mini__rep1.json	PILOT-2017004286	F	1	4	6980	1912	5129	1533	3.3457	
PILOT-2017004286__F__gpt4o-mini__rep2.json	PILOT-2017004286	F	2	4	6980	1915	5120	1533	3.3399	
PILOT-2017004286__F__gpt5.4__rep0.json	PILOT-2017004286	F	0	26	6980	8190	1268	1533	0.8271	
PILOT-2017004286__F__gpt5.4__rep1.json	PILOT-2017004286	F	1	26	6980	7799	893	1533	0.5825	
PILOT-2017004286__F__gpt5.4__rep2.json	PILOT-2017004286	F	2	26	6980	8127	1201	1533	0.7834	
PILOT-2017004286__F__haiku4.5__rep0.json	PILOT-2017004286	F	0	26	6980	7823	937	1533	0.6112	
PILOT-2017004286__F__haiku4.5__rep1.json	PILOT-2017004286	F	1	26	6980	9089	2213	1533	1.4436	
PILOT-2017004286__F__haiku4.5__rep2.json	PILOT-2017004286	F	2	26	6980	8324	1433	1533	0.9348	
PILOT-2017004286__F__sonnet4__rep0.json	PILOT-2017004286	F	0	26	6980	7259	337	1533	0.2198	
PILOT-2017004286__F__sonnet4__rep1.json	PILOT-2017004286	F	1	26	6980	7227	311	1533	0.2029	
PILOT-2017004286__F__sonnet4__rep2.json	PILOT-2017004286	F	2	26	6980	7237	321	1533	0.2094	
PILOT-2017004286__G__gpt4o-mini__rep0.json	PILOT-2017004286	G	0	2	6980	1095	5901	1533	3.8493	
PILOT-2017004286__G__gpt4o-mini__rep1.json	PILOT-2017004286	G	1	5	6980	2169	4843	1533	3.1592	
PILOT-2017004286__G__gpt4o-mini__rep2.json	PILOT-2017004286	G	2	3	6980	1621	5365	1533	3.4997	
PILOT-2017004286__G__gpt5.4__rep0.json	PILOT-2017004286	G	0	26	6980	7177	298	1533	0.1944	
PILOT-2017004286__G__gpt5.4__rep1.json	PILOT-2017004286	G	1	26	6980	7743	793	1533	0.5173	
PILOT-2017004286__G__gpt5.4__rep2.json	PILOT-2017004286	G	2	26	6980	7637	714	1533	0.4658	
PILOT-2017004286__G__haiku4.5__rep0.json	PILOT-2017004286	G	0	26	6980	4240	3008	1533	1.9622	
PILOT-2017004286__G__haiku4.5__rep1.json	PILOT-2017004286	G	1	26	6980	6487	1141	1533	0.7443	
PILOT-2017004286__G__haiku4.5__rep2.json	PILOT-2017004286	G	2	26	6980	6604	1324	1533	0.8637	
PILOT-2017004286__G__sonnet4__rep0.json	PILOT-2017004286	G	0	26	6980	7240	318	1533	0.2074	
PILOT-2017004286__G__sonnet4__rep1.json	PILOT-2017004286	G	1	26	6980	7112	206	1533	0.1344	
PILOT-2017004286__G__sonnet4__rep2.json	PILOT-2017004286	G	2	26	6980	7240	318	1533	0.2074	
PILOT-2017005259__F__gpt4o-mini__rep0.json	PILOT-2017005259	F	0	4	2205	1011	1282	728	1.761	
PILOT-2017005259__F__gpt4o-mini__rep1.json	PILOT-2017005259	F	1	4	2205	1037	1188	728	1.6319	
PILOT-2017005259__F__gpt4o-mini__rep2.json	PILOT-2017005259	F	2	4	2205	1061	1176	728	1.6154	
PILOT-2017005259__F__gpt5.4__rep0.json	PILOT-2017005259	F	0	14	2205	2325	129	728	0.1772	
PILOT-2017005259__F__gpt5.4__rep1.json	PILOT-2017005259	F	1	14	2205	2382	178	728	0.2445	
PILOT-2017005259__F__gpt5.4__rep2.json	PILOT-2017005259	F	2	14	2205	2418	222	728	0.3049	
PILOT-2017005259__F__haiku4.5__rep0.json	PILOT-2017005259	F	0	14	2205	3152	947	728	1.3008	
PILOT-2017005259__F__haiku4.5__rep1.json	PILOT-2017005259	F	1	14	2205	2810	1140	728	1.5659	
PILOT-2017005259__F__haiku4.5__rep2.json	PILOT-2017005259	F	2	14	2205	2741	536	728	0.7363	
PILOT-2017005259__F__sonnet4__rep0.json	PILOT-2017005259	F	0	14	2205	2505	331	728	0.4547	
PILOT-2017005259__F__sonnet4__rep1.json	PILOT-2017005259	F	1	14	2205	2327	130	728	0.1786	
PILOT-2017005259__F__sonnet4__rep2.json	PILOT-2017005259	F	2	14	2205	2505	333	728	0.4574	
PILOT-2017005259__G__gpt4o-mini__rep0.json	PILOT-2017005259	G	0	8	2205	1557	696	728	0.956	
PILOT-2017005259__G__gpt4o-mini__rep1.json	PILOT-2017005259	G	1	7	2205	1816	731	728	1.0041	
PILOT-2017005259__G__gpt4o-mini__rep2.json	PILOT-2017005259	G	2	5	2205	1498	956	728	1.3132	
PILOT-2017005259__G__gpt5.4__rep0.json	PILOT-2017005259	G	0	14	2205	2589	385	728	0.5288	
PILOT-2017005259__G__gpt5.4__rep1.json	PILOT-2017005259	G	1	14	2205	2325	129	728	0.1772	
PILOT-2017005259__G__gpt5.4__rep2.json	PILOT-2017005259	G	2	14	2205	2099	315	728	0.4327	
PILOT-2017005259__G__haiku4.5__rep0.json	PILOT-2017005259	G	0	14	2205	3435	1278	728	1.7555	
PILOT-2017005259__G__haiku4.5__rep1.json	PILOT-2017005259	G	1	14	2205	2845	643	728	0.8832	
PILOT-2017005259__G__haiku4.5__rep2.json	PILOT-2017005259	G	2	14	2205	2933	728	728	1.0	
PILOT-2017005259__G__sonnet4__rep0.json	PILOT-2017005259	G	0	14	2205	2703	508	728	0.6978	
PILOT-2017005259__G__sonnet4__rep1.json	PILOT-2017005259	G	1	14	2205	2892	719	728	0.9876	
PILOT-2017005259__G__sonnet4__rep2.json	PILOT-2017005259	G	2	14	2205	2957	752	728	1.033	
PILOT-2017005493__F__gpt4o-mini__rep0.json	PILOT-2017005493	F	0	9	3063	1906	1367	384	3.5599	
PILOT-2017005493__F__gpt4o-mini__rep1.json	PILOT-2017005493	F	1	7	3063	2093	1242	384	3.2344	
PILOT-2017005493__F__gpt4o-mini__rep2.json	PILOT-2017005493	F	2	9	3063	1346	1909	384	4.9714	
PILOT-2017005493__F__gpt5.4__rep0.json	PILOT-2017005493	F	0	20	3063	3967	921	384	2.3984	
PILOT-2017005493__F__gpt5.4__rep1.json	PILOT-2017005493	F	1	20	3063	4029	993	384	2.5859	
PILOT-2017005493__F__gpt5.4__rep2.json	PILOT-2017005493	F	2	20	3063	3971	934	384	2.4323	
PILOT-2017005493__F__haiku4.5__rep0.json	PILOT-2017005493	F	0	20	3063	3853	1448	384	3.7708	
PILOT-2017005493__F__haiku4.5__rep1.json	PILOT-2017005493	F	1	20	3063	2419	1370	384	3.5677	
PILOT-2017005493__F__haiku4.5__rep2.json	PILOT-2017005493	F	2	20	3063	2946	1137	384	2.9609	
PILOT-2017005493__F__sonnet4__rep0.json	PILOT-2017005493	F	0	20	3063	4322	1314	384	3.4219	
PILOT-2017005493__F__sonnet4__rep1.json	PILOT-2017005493	F	1	20	3063	3411	367	384	0.9557	
PILOT-2017005493__F__sonnet4__rep2.json	PILOT-2017005493	F	2	20	3063	3615	584	384	1.5208	
PILOT-2017005493__G__gpt4o-mini__rep0.json	PILOT-2017005493	G	0	5	3063	1192	2038	384	5.3073	
PILOT-2017005493__G__gpt4o-mini__rep1.json	PILOT-2017005493	G	1	18	3063	3886	1112	384	2.8958	
PILOT-2017005493__G__gpt4o-mini__rep2.json	PILOT-2017005493	G	2	9	3063	1962	1269	384	3.3047	
PILOT-2017005493__G__gpt5.4__rep0.json	PILOT-2017005493	G	0	20	3063	3741	705	384	1.8359	
PILOT-2017005493__G__gpt5.4__rep1.json	PILOT-2017005493	G	1	20	3063	4249	1210	384	3.151	
PILOT-2017005493__G__gpt5.4__rep2.json	PILOT-2017005493	G	2	20	3063	3925	878	384	2.2865	
PILOT-2017005493__G__haiku4.5__rep0.json	PILOT-2017005493	G	0	20	3063	4331	1300	384	3.3854	
PILOT-2017005493__G__haiku4.5__rep1.json	PILOT-2017005493	G	1	20	3063	4539	1509	384	3.9297	
PILOT-2017005493__G__haiku4.5__rep2.json	PILOT-2017005493	G	2	20	3063	4357	1325	384	3.4505	
PILOT-2017005493__G__sonnet4__rep0.json	PILOT-2017005493	G	0	20	3063	3487	447	384	1.1641	
PILOT-2017005493__G__sonnet4__rep1.json	PILOT-2017005493	G	1	20	3063	3852	948	384	2.4688	
PILOT-2017005493__G__sonnet4__rep2.json	PILOT-2017005493	G	2	20	3063	3560	512	384	1.3333	
PILOT-2017006188__F__gpt4o-mini__rep0.json	PILOT-2017006188	F	0	0			None		None	no_gen
PILOT-2017006188__F__gpt4o-mini__rep1.json	PILOT-2017006188	F	1	0			None		None	no_gen
PILOT-2017006188__F__gpt4o-mini__rep2.json	PILOT-2017006188	F	2	0			None		None	no_gen
PILOT-2017006188__F__gpt5.4__rep0.json	PILOT-2017006188	F	0	17	6996	3248	4126	552	7.4746	
PILOT-2017006188__F__gpt5.4__rep1.json	PILOT-2017006188	F	1	17	6996	2992	4334	552	7.8514	
PILOT-2017006188__F__gpt5.4__rep2.json	PILOT-2017006188	F	2	17	6996	2897	4453	552	8.067	
PILOT-2017006188__F__haiku4.5__rep0.json	PILOT-2017006188	F	0	0			None		None	no_gen
PILOT-2017006188__F__haiku4.5__rep1.json	PILOT-2017006188	F	1	16	6996	3603	4289	552	7.7699	
PILOT-2017006188__F__haiku4.5__rep2.json	PILOT-2017006188	F	2	16	6996	3469	4294	552	7.779	
PILOT-2017006188__F__sonnet4__rep0.json	PILOT-2017006188	F	0	16	6996	3683	4408	552	7.9855	
PILOT-2017006188__F__sonnet4__rep1.json	PILOT-2017006188	F	1	16	6996	4232	4339	552	7.8605	
PILOT-2017006188__F__sonnet4__rep2.json	PILOT-2017006188	F	2	16	6996	3074	4494	552	8.1413	
PILOT-2017006188__G__gpt4o-mini__rep0.json	PILOT-2017006188	G	0	0			None		None	no_gen
PILOT-2017006188__G__gpt4o-mini__rep1.json	PILOT-2017006188	G	1	0			None		None	no_gen
PILOT-2017006188__G__gpt4o-mini__rep2.json	PILOT-2017006188	G	2	0			None		None	no_gen
PILOT-2017006188__G__gpt5.4__rep0.json	PILOT-2017006188	G	0	17	6996	3032	4223	552	7.6504	
PILOT-2017006188__G__gpt5.4__rep1.json	PILOT-2017006188	G	1	16	6996	2787	4407	552	7.9837	
PILOT-2017006188__G__gpt5.4__rep2.json	PILOT-2017006188	G	2	18	6996	3551	3824	552	6.9275	
PILOT-2017006188__G__haiku4.5__rep0.json	PILOT-2017006188	G	0	0			None		None	no_gen
PILOT-2017006188__G__haiku4.5__rep1.json	PILOT-2017006188	G	1	0			None		None	no_gen
PILOT-2017006188__G__haiku4.5__rep2.json	PILOT-2017006188	G	2	0			None		None	no_gen
PILOT-2017006188__G__sonnet4__rep0.json	PILOT-2017006188	G	0	16	6996	3223	4586	552	8.308	
PILOT-2017006188__G__sonnet4__rep1.json	PILOT-2017006188	G	1	16	6996	2771	4388	552	7.9493	
PILOT-2017006188__G__sonnet4__rep2.json	PILOT-2017006188	G	2	0			None		None	no_gen
PILOT-2017007272__F__gpt4o-mini__rep0.json	PILOT-2017007272	F	0	11	2559	1974	1079	435	2.4805	
PILOT-2017007272__F__gpt4o-mini__rep1.json	PILOT-2017007272	F	1	9	2559	1269	1377	435	3.1655	
PILOT-2017007272__F__gpt4o-mini__rep2.json	PILOT-2017007272	F	2	0			None		None	no_gen
PILOT-2017007272__F__gpt5.4__rep0.json	PILOT-2017007272	F	0	12	2559	1584	1190	435	2.7356	
PILOT-2017007272__F__gpt5.4__rep1.json	PILOT-2017007272	F	1	14	2559	1832	990	435	2.2759	
PILOT-2017007272__F__gpt5.4__rep2.json	PILOT-2017007272	F	2	20	2559	2547	245	435	0.5632	
PILOT-2017007272__F__haiku4.5__rep0.json	PILOT-2017007272	F	0	20	2559	2601	956	435	2.1977	
PILOT-2017007272__F__haiku4.5__rep1.json	PILOT-2017007272	F	1	20	2559	2221	1026	435	2.3586	
PILOT-2017007272__F__haiku4.5__rep2.json	PILOT-2017007272	F	2	20	2559	2513	668	435	1.5356	
PILOT-2017007272__F__sonnet4__rep0.json	PILOT-2017007272	F	0	20	2559	2891	457	435	1.0506	
PILOT-2017007272__F__sonnet4__rep1.json	PILOT-2017007272	F	1	20	2559	2292	987	435	2.269	
PILOT-2017007272__F__sonnet4__rep2.json	PILOT-2017007272	F	2	20	2559	2697	343	435	0.7885	
PILOT-2017007272__G__gpt4o-mini__rep0.json	PILOT-2017007272	G	0	9	2559	1573	1274	435	2.9287	
PILOT-2017007272__G__gpt4o-mini__rep1.json	PILOT-2017007272	G	1	10	2559	1851	1206	435	2.7724	
PILOT-2017007272__G__gpt4o-mini__rep2.json	PILOT-2017007272	G	2	10	2559	1718	1275	435	2.931	
PILOT-2017007272__G__gpt5.4__rep0.json	PILOT-2017007272	G	0	20	2559	2475	273	435	0.6276	
PILOT-2017007272__G__gpt5.4__rep1.json	PILOT-2017007272	G	1	20	2559	2806	591	435	1.3586	
PILOT-2017007272__G__gpt5.4__rep2.json	PILOT-2017007272	G	2	20	2559	2516	382	435	0.8782	
PILOT-2017007272__G__haiku4.5__rep0.json	PILOT-2017007272	G	0	20	2559	2953	662	435	1.5218	
PILOT-2017007272__G__haiku4.5__rep1.json	PILOT-2017007272	G	1	20	2559	2905	844	435	1.9402	
PILOT-2017007272__G__haiku4.5__rep2.json	PILOT-2017007272	G	2	20	2559	3057	724	435	1.6644	
PILOT-2017007272__G__sonnet4__rep0.json	PILOT-2017007272	G	0	20	2559	3453	969	435	2.2276	
PILOT-2017007272__G__sonnet4__rep1.json	PILOT-2017007272	G	1	20	2559	3238	801	435	1.8414	
PILOT-2017007272__G__sonnet4__rep2.json	PILOT-2017007272	G	2	20	2559	2329	1052	435	2.4184	
PILOT-2017007595__F__gpt4o-mini__rep0.json	PILOT-2017007595	F	0	6	11101	2887	8384	3372	2.4864	
PILOT-2017007595__F__gpt4o-mini__rep1.json	PILOT-2017007595	F	1	5	11101	2090	9083	3372	2.6937	
PILOT-2017007595__F__gpt4o-mini__rep2.json	PILOT-2017007595	F	2	5	11101	2139	9054	3372	2.6851	
PILOT-2017007595__F__gpt5.4__rep0.json	PILOT-2017007595	F	0	42	11101	12134	1177	3372	0.3491	
PILOT-2017007595__F__gpt5.4__rep1.json	PILOT-2017007595	F	1	42	11101	11687	698	3372	0.207	
PILOT-2017007595__F__gpt5.4__rep2.json	PILOT-2017007595	F	2	42	11101	12313	1366	3372	0.4051	
PILOT-2017007595__F__haiku4.5__rep0.json	PILOT-2017007595	F	0	42	11101	3269	8190	3372	2.4288	
PILOT-2017007595__F__haiku4.5__rep1.json	PILOT-2017007595	F	1	42	11101	3269	8190	3372	2.4288	
PILOT-2017007595__F__haiku4.5__rep2.json	PILOT-2017007595	F	2	42	11101	3151	8318	3372	2.4668	
PILOT-2017007595__F__sonnet4__rep0.json	PILOT-2017007595	F	0	42	11101	12197	1304	3372	0.3867	
PILOT-2017007595__F__sonnet4__rep1.json	PILOT-2017007595	F	1	42	11101	11937	1048	3372	0.3108	
PILOT-2017007595__F__sonnet4__rep2.json	PILOT-2017007595	F	2	42	11101	13259	2397	3372	0.7109	
PILOT-2017007595__G__gpt4o-mini__rep0.json	PILOT-2017007595	G	0	5	11101	2183	9042	3372	2.6815	
PILOT-2017007595__G__gpt4o-mini__rep1.json	PILOT-2017007595	G	1	5	11101	2222	8918	3372	2.6447	
PILOT-2017007595__G__gpt4o-mini__rep2.json	PILOT-2017007595	G	2	5	11101	2125	9069	3372	2.6895	
PILOT-2017007595__G__gpt5.4__rep0.json	PILOT-2017007595	G	0	42	11101	11479	552	3372	0.1637	
PILOT-2017007595__G__gpt5.4__rep1.json	PILOT-2017007595	G	1	42	11101	12592	1618	3372	0.4798	
PILOT-2017007595__G__gpt5.4__rep2.json	PILOT-2017007595	G	2	42	11101	11473	546	3372	0.1619	
PILOT-2017007595__G__haiku4.5__rep0.json	PILOT-2017007595	G	0	42	11101	3032	8320	3372	2.4674	
PILOT-2017007595__G__haiku4.5__rep1.json	PILOT-2017007595	G	1	42	11101	3709	7828	3372	2.3215	
PILOT-2017007595__G__haiku4.5__rep2.json	PILOT-2017007595	G	2	42	11101	4764	7530	3372	2.2331	
PILOT-2017007595__G__sonnet4__rep0.json	PILOT-2017007595	G	0	42	11101	11963	1089	3372	0.323	
PILOT-2017007595__G__sonnet4__rep1.json	PILOT-2017007595	G	1	42	11101	11968	1075	3372	0.3188	
PILOT-2017007595__G__sonnet4__rep2.json	PILOT-2017007595	G	2	42	11101	12144	1303	3372	0.3864	
PILOT-2017009415__F__gpt4o-mini__rep0.json	PILOT-2017009415	F	0	6	3715	2838	1001	973	1.0288	
PILOT-2017009415__F__gpt4o-mini__rep1.json	PILOT-2017009415	F	1	2	3715	1352	2383	973	2.4491	
PILOT-2017009415__F__gpt4o-mini__rep2.json	PILOT-2017009415	F	2	13	3715	3861	338	973	0.3474	
PILOT-2017009415__F__gpt5.4__rep0.json	PILOT-2017009415	F	0	13	3715	3887	268	973	0.2754	
PILOT-2017009415__F__gpt5.4__rep1.json	PILOT-2017009415	F	1	13	3715	3732	241	973	0.2477	
PILOT-2017009415__F__gpt5.4__rep2.json	PILOT-2017009415	F	2	13	3715	3577	224	973	0.2302	
PILOT-2017009415__F__haiku4.5__rep0.json	PILOT-2017009415	F	0	13	3715	3320	1145	973	1.1768	
PILOT-2017009415__F__haiku4.5__rep1.json	PILOT-2017009415	F	1	13	3715	3624	547	973	0.5622	
PILOT-2017009415__F__haiku4.5__rep2.json	PILOT-2017009415	F	2	13	3715	4165	988	973	1.0154	
PILOT-2017009415__F__sonnet4__rep0.json	PILOT-2017009415	F	0	13	3715	4016	385	973	0.3957	
PILOT-2017009415__F__sonnet4__rep1.json	PILOT-2017009415	F	1	13	3715	4093	462	973	0.4748	
PILOT-2017009415__F__sonnet4__rep2.json	PILOT-2017009415	F	2	13	3715	3982	368	973	0.3782	
PILOT-2017009415__G__gpt4o-mini__rep0.json	PILOT-2017009415	G	0	2	3715	1407	2362	973	2.4275	
PILOT-2017009415__G__gpt4o-mini__rep1.json	PILOT-2017009415	G	1	2	3715	1431	2331	973	2.3957	
PILOT-2017009415__G__gpt4o-mini__rep2.json	PILOT-2017009415	G	2	0			None		None	no_gen
PILOT-2017009415__G__gpt5.4__rep0.json	PILOT-2017009415	G	0	13	3715	3572	425	973	0.4368	
PILOT-2017009415__G__gpt5.4__rep1.json	PILOT-2017009415	G	1	13	3715	3600	414	973	0.4255	
PILOT-2017009415__G__gpt5.4__rep2.json	PILOT-2017009415	G	2	13	3715	3517	438	973	0.4502	
PILOT-2017009415__G__haiku4.5__rep0.json	PILOT-2017009415	G	0	13	3715	3600	505	973	0.519	
PILOT-2017009415__G__haiku4.5__rep1.json	PILOT-2017009415	G	1	13	3715	3524	417	973	0.4286	
PILOT-2017009415__G__haiku4.5__rep2.json	PILOT-2017009415	G	2	13	3715	3516	409	973	0.4203	
PILOT-2017009415__G__sonnet4__rep0.json	PILOT-2017009415	G	0	13	3715	3933	325	973	0.334	
PILOT-2017009415__G__sonnet4__rep1.json	PILOT-2017009415	G	1	13	3715	3868	237	973	0.2436	
PILOT-2017009415__G__sonnet4__rep2.json	PILOT-2017009415	G	2	13	3715	3930	316	973	0.3248	
PILOT-2017010497__F__gpt4o-mini__rep0.json	PILOT-2017010497	F	0	13	5060	3442	1827	1110	1.6459	
PILOT-2017010497__F__gpt4o-mini__rep1.json	PILOT-2017010497	F	1	13	5060	3373	1787	1110	1.6099	
PILOT-2017010497__F__gpt4o-mini__rep2.json	PILOT-2017010497	F	2	13	5060	3475	1889	1110	1.7018	
PILOT-2017010497__F__gpt5.4__rep0.json	PILOT-2017010497	F	0	16	5060	4231	1481	1110	1.3342	
PILOT-2017010497__F__gpt5.4__rep1.json	PILOT-2017010497	F	1	13	5060	3945	2395	1110	2.1577	
PILOT-2017010497__F__gpt5.4__rep2.json	PILOT-2017010497	F	2	13	5060	3633	2178	1110	1.9622	
PILOT-2017010497__F__haiku4.5__rep0.json	PILOT-2017010497	F	0	13	5060	4417	2389	1110	2.1523	
PILOT-2017010497__F__haiku4.5__rep1.json	PILOT-2017010497	F	1	13	5060	4089	2300	1110	2.0721	
PILOT-2017010497__F__haiku4.5__rep2.json	PILOT-2017010497	F	2	13	5060	4329	2385	1110	2.1486	
PILOT-2017010497__F__sonnet4__rep0.json	PILOT-2017010497	F	0	13	5060	3347	1825	1110	1.6441	
PILOT-2017010497__F__sonnet4__rep1.json	PILOT-2017010497	F	1	16	5060	4958	1993	1110	1.7955	
PILOT-2017010497__F__sonnet4__rep2.json	PILOT-2017010497	F	2	16	5060	4337	1639	1110	1.4766	
PILOT-2017010497__G__gpt4o-mini__rep0.json	PILOT-2017010497	G	0	0			None		None	no_gen
PILOT-2017010497__G__gpt4o-mini__rep1.json	PILOT-2017010497	G	1	0			None		None	no_gen
PILOT-2017010497__G__gpt4o-mini__rep2.json	PILOT-2017010497	G	2	0			None		None	no_gen
PILOT-2017010497__G__gpt5.4__rep0.json	PILOT-2017010497	G	0	17	5060	4478	1127	1110	1.0153	
PILOT-2017010497__G__gpt5.4__rep1.json	PILOT-2017010497	G	1	13	5060	3851	2054	1110	1.8505	
PILOT-2017010497__G__gpt5.4__rep2.json	PILOT-2017010497	G	2	17	5060	3973	1485	1110	1.3378	
PILOT-2017010497__G__haiku4.5__rep0.json	PILOT-2017010497	G	0	18	5060	4458	2569	1110	2.3144	
PILOT-2017010497__G__haiku4.5__rep1.json	PILOT-2017010497	G	1	47	5060	4729	2589	1110	2.3324	
PILOT-2017010497__G__haiku4.5__rep2.json	PILOT-2017010497	G	2	47	5060	4534	2603	1110	2.345	
PILOT-2017010497__G__sonnet4__rep0.json	PILOT-2017010497	G	0	16	5060	4773	1866	1110	1.6811	
PILOT-2017010497__G__sonnet4__rep1.json	PILOT-2017010497	G	1	13	5060	3828	1857	1110	1.673	
PILOT-2017010497__G__sonnet4__rep2.json	PILOT-2017010497	G	2	13	5060	3927	1992	1110	1.7946	
PILOT-2017010632__F__gpt4o-mini__rep0.json	PILOT-2017010632	F	0	2	9700	2308	7400	1340	5.5224	
PILOT-2017010632__F__gpt4o-mini__rep1.json	PILOT-2017010632	F	1	2	9700	2084	7621	1340	5.6873	
PILOT-2017010632__F__gpt4o-mini__rep2.json	PILOT-2017010632	F	2	2	9700	2055	7669	1340	5.7231	
PILOT-2017010632__F__gpt5.4__rep0.json	PILOT-2017010632	F	0	20	9700	9939	1082	1340	0.8075	
PILOT-2017010632__F__gpt5.4__rep1.json	PILOT-2017010632	F	1	20	9700	9546	1157	1340	0.8634	
PILOT-2017010632__F__gpt5.4__rep2.json	PILOT-2017010632	F	2	20	9700	10114	1075	1340	0.8022	
PILOT-2017010632__F__haiku4.5__rep0.json	PILOT-2017010632	F	0	20	9700	9900	1360	1340	1.0149	
PILOT-2017010632__F__haiku4.5__rep1.json	PILOT-2017010632	F	1	20	9700	9628	1344	1340	1.003	
PILOT-2017010632__F__haiku4.5__rep2.json	PILOT-2017010632	F	2	20	9700	10824	2284	1340	1.7045	
PILOT-2017010632__F__sonnet4__rep0.json	PILOT-2017010632	F	0	20	9700	9944	1130	1340	0.8433	
PILOT-2017010632__F__sonnet4__rep1.json	PILOT-2017010632	F	1	20	9700	9814	1186	1340	0.8851	
PILOT-2017010632__F__sonnet4__rep2.json	PILOT-2017010632	F	2	20	9700	9822	1193	1340	0.8903	
PILOT-2017010632__G__gpt4o-mini__rep0.json	PILOT-2017010632	G	0	0			None		None	no_gen
PILOT-2017010632__G__gpt4o-mini__rep1.json	PILOT-2017010632	G	1	0			None		None	no_gen
PILOT-2017010632__G__gpt4o-mini__rep2.json	PILOT-2017010632	G	2	0			None		None	no_gen
PILOT-2017010632__G__gpt5.4__rep0.json	PILOT-2017010632	G	0	20	9700	10098	1303	1340	0.9724	
PILOT-2017010632__G__gpt5.4__rep1.json	PILOT-2017010632	G	1	20	9700	10003	1345	1340	1.0037	
PILOT-2017010632__G__gpt5.4__rep2.json	PILOT-2017010632	G	2	20	9700	10069	1091	1340	0.8142	
PILOT-2017010632__G__haiku4.5__rep0.json	PILOT-2017010632	G	0	20	9700	3640	6468	1340	4.8269	
PILOT-2017010632__G__haiku4.5__rep1.json	PILOT-2017010632	G	1	20	9700	10972	1968	1340	1.4687	
PILOT-2017010632__G__haiku4.5__rep2.json	PILOT-2017010632	G	2	20	9700	2821	6972	1340	5.203	
PILOT-2017010632__G__sonnet4__rep0.json	PILOT-2017010632	G	0	20	9700	9918	1290	1340	0.9627	
PILOT-2017010632__G__sonnet4__rep1.json	PILOT-2017010632	G	1	20	9700	9811	1183	1340	0.8828	
PILOT-2017010632__G__sonnet4__rep2.json	PILOT-2017010632	G	2	20	9700	9761	764	1340	0.5701	
PILOT-2018000427__F__gpt4o-mini__rep0.json	PILOT-2018000427	F	0	0			None		None	no_gen
PILOT-2018000427__F__gpt4o-mini__rep1.json	PILOT-2018000427	F	1	0			None		None	no_gen
PILOT-2018000427__F__gpt4o-mini__rep2.json	PILOT-2018000427	F	2	0			None		None	no_gen
PILOT-2018000427__F__gpt5.4__rep0.json	PILOT-2018000427	F	0	2	4938	1519	3714	580	6.4034	
PILOT-2018000427__F__gpt5.4__rep1.json	PILOT-2018000427	F	1	2	4938	1278	3742	580	6.4517	
PILOT-2018000427__F__gpt5.4__rep2.json	PILOT-2018000427	F	2	2	4938	1428	3745	580	6.4569	
PILOT-2018000427__F__haiku4.5__rep0.json	PILOT-2018000427	F	0	2	4938	1310	3818	580	6.5828	
PILOT-2018000427__F__haiku4.5__rep1.json	PILOT-2018000427	F	1	2	4938	1378	3796	580	6.5448	
PILOT-2018000427__F__haiku4.5__rep2.json	PILOT-2018000427	F	2	2	4938	1306	3809	580	6.5672	
PILOT-2018000427__F__sonnet4__rep0.json	PILOT-2018000427	F	0	2	4938	1545	3637	580	6.2707	
PILOT-2018000427__F__sonnet4__rep1.json	PILOT-2018000427	F	1	2	4938	1545	3637	580	6.2707	
PILOT-2018000427__F__sonnet4__rep2.json	PILOT-2018000427	F	2	2	4938	1545	3637	580	6.2707	
PILOT-2018000427__G__gpt4o-mini__rep0.json	PILOT-2018000427	G	0	0			None		None	no_gen
PILOT-2018000427__G__gpt4o-mini__rep1.json	PILOT-2018000427	G	1	0			None		None	no_gen
PILOT-2018000427__G__gpt4o-mini__rep2.json	PILOT-2018000427	G	2	2	4938	1329	3816	580	6.5793	
PILOT-2018000427__G__gpt5.4__rep0.json	PILOT-2018000427	G	0	2	4938	1504	3719	580	6.4121	
PILOT-2018000427__G__gpt5.4__rep1.json	PILOT-2018000427	G	1	2	4938	1427	3749	580	6.4638	
PILOT-2018000427__G__gpt5.4__rep2.json	PILOT-2018000427	G	2	2	4938	1391	3777	580	6.5121	
PILOT-2018000427__G__haiku4.5__rep0.json	PILOT-2018000427	G	0	12	4938	3589	1714	580	2.9552	
PILOT-2018000427__G__haiku4.5__rep1.json	PILOT-2018000427	G	1	12	4938	3555	1704	580	2.9379	
PILOT-2018000427__G__haiku4.5__rep2.json	PILOT-2018000427	G	2	12	4938	3532	1685	580	2.9052	
PILOT-2018000427__G__sonnet4__rep0.json	PILOT-2018000427	G	0	2	4938	1389	3721	580	6.4155	
PILOT-2018000427__G__sonnet4__rep1.json	PILOT-2018000427	G	1	2	4938	1506	3617	580	6.2362	
PILOT-2018000427__G__sonnet4__rep2.json	PILOT-2018000427	G	2	2	4938	1506	3617	580	6.2362	
PILOT-2018001232__F__gpt4o-mini__rep0.json	PILOT-2018001232	F	0	0			None		None	no_gen
PILOT-2018001232__F__gpt4o-mini__rep1.json	PILOT-2018001232	F	1	2	3733	698	3069	793	3.8701	
PILOT-2018001232__F__gpt4o-mini__rep2.json	PILOT-2018001232	F	2	3	3733	585	3157	793	3.9811	
PILOT-2018001232__F__gpt5.4__rep0.json	PILOT-2018001232	F	0	20	3733	4010	373	793	0.4704	
PILOT-2018001232__F__gpt5.4__rep1.json	PILOT-2018001232	F	1	20	3733	4142	505	793	0.6368	
PILOT-2018001232__F__gpt5.4__rep2.json	PILOT-2018001232	F	2	20	3733	4052	415	793	0.5233	
PILOT-2018001232__F__haiku4.5__rep0.json	PILOT-2018001232	F	0	20	3733	3627	1740	793	2.1942	
PILOT-2018001232__F__haiku4.5__rep1.json	PILOT-2018001232	F	1	20	3733	4543	1910	793	2.4086	
PILOT-2018001232__F__haiku4.5__rep2.json	PILOT-2018001232	F	2	20	3733	4723	2153	793	2.715	
PILOT-2018001232__F__sonnet4__rep0.json	PILOT-2018001232	F	0	20	3733	3935	298	793	0.3758	
PILOT-2018001232__F__sonnet4__rep1.json	PILOT-2018001232	F	1	20	3733	3935	298	793	0.3758	
PILOT-2018001232__F__sonnet4__rep2.json	PILOT-2018001232	F	2	20	3733	3935	298	793	0.3758	
PILOT-2018001232__G__gpt4o-mini__rep0.json	PILOT-2018001232	G	0	6	3733	1280	2646	793	3.3367	
PILOT-2018001232__G__gpt4o-mini__rep1.json	PILOT-2018001232	G	1	2	3733	893	2853	793	3.5977	
PILOT-2018001232__G__gpt4o-mini__rep2.json	PILOT-2018001232	G	2	2	3733	794	2944	793	3.7125	
PILOT-2018001232__G__gpt5.4__rep0.json	PILOT-2018001232	G	0	20	3733	4001	364	793	0.459	
PILOT-2018001232__G__gpt5.4__rep1.json	PILOT-2018001232	G	1	20	3733	3999	362	793	0.4565	
PILOT-2018001232__G__gpt5.4__rep2.json	PILOT-2018001232	G	2	20	3733	4018	381	793	0.4805	
PILOT-2018001232__G__haiku4.5__rep0.json	PILOT-2018001232	G	0	16	3733	4039	2030	793	2.5599	
PILOT-2018001232__G__haiku4.5__rep1.json	PILOT-2018001232	G	1	20	3733	5361	1663	793	2.0971	
PILOT-2018001232__G__haiku4.5__rep2.json	PILOT-2018001232	G	2	16	3733	4436	1460	793	1.8411	
PILOT-2018001232__G__sonnet4__rep0.json	PILOT-2018001232	G	0	20	3733	3911	274	793	0.3455	
PILOT-2018001232__G__sonnet4__rep1.json	PILOT-2018001232	G	1	20	3733	3911	274	793	0.3455	
PILOT-2018001232__G__sonnet4__rep2.json	PILOT-2018001232	G	2	20	3733	3911	274	793	0.3455	
PILOT-2018003513__F__gpt4o-mini__rep0.json	PILOT-2018003513	F	0	7	11037	1686	9389	3486	2.6933	
PILOT-2018003513__F__gpt4o-mini__rep1.json	PILOT-2018003513	F	1	7	11037	3277	7771	3486	2.2292	
PILOT-2018003513__F__gpt4o-mini__rep2.json	PILOT-2018003513	F	2	8	11037	1556	9487	3486	2.7215	
PILOT-2018003513__F__gpt5.4__rep0.json	PILOT-2018003513	F	0	25	11037	9010	4261	3486	1.2223	
PILOT-2018003513__F__gpt5.4__rep1.json	PILOT-2018003513	F	1	25	11037	5901	5538	3486	1.5886	
PILOT-2018003513__F__gpt5.4__rep2.json	PILOT-2018003513	F	2	25	11037	9127	4311	3486	1.2367	
PILOT-2018003513__F__haiku4.5__rep0.json	PILOT-2018003513	F	0	26	11037	5056	6041	3486	1.7329	
PILOT-2018003513__F__haiku4.5__rep1.json	PILOT-2018003513	F	1	26	11037	3630	7507	3486	2.1535	
PILOT-2018003513__F__haiku4.5__rep2.json	PILOT-2018003513	F	2	25	11037	3405	7663	3486	2.1982	
PILOT-2018003513__F__sonnet4__rep0.json	PILOT-2018003513	F	0	25	11037	3855	7466	3486	2.1417	
PILOT-2018003513__F__sonnet4__rep1.json	PILOT-2018003513	F	1	25	11037	3573	7648	3486	2.1939	
PILOT-2018003513__F__sonnet4__rep2.json	PILOT-2018003513	F	2	25	11037	3213	7884	3486	2.2616	
PILOT-2018003513__G__gpt4o-mini__rep0.json	PILOT-2018003513	G	0	5	11037	1312	9764	3486	2.8009	
PILOT-2018003513__G__gpt4o-mini__rep1.json	PILOT-2018003513	G	1	5	11037	1407	9663	3486	2.7719	
PILOT-2018003513__G__gpt4o-mini__rep2.json	PILOT-2018003513	G	2	11	11037	1845	9201	3486	2.6394	
PILOT-2018003513__G__gpt5.4__rep0.json	PILOT-2018003513	G	0	25	11037	5784	5623	3486	1.613	
PILOT-2018003513__G__gpt5.4__rep1.json	PILOT-2018003513	G	1	25	11037	3682	7453	3486	2.138	
PILOT-2018003513__G__gpt5.4__rep2.json	PILOT-2018003513	G	2	25	11037	6071	5473	3486	1.57	
PILOT-2018003513__G__haiku4.5__rep0.json	PILOT-2018003513	G	0	25	11037	5260	5983	3486	1.7163	
PILOT-2018003513__G__haiku4.5__rep1.json	PILOT-2018003513	G	1	26	11037	5175	6061	3486	1.7387	
PILOT-2018003513__G__haiku4.5__rep2.json	PILOT-2018003513	G	2	25	11037	5279	5969	3486	1.7123	
PILOT-2018003513__G__sonnet4__rep0.json	PILOT-2018003513	G	0	27	11037	3695	7521	3486	2.1575	
PILOT-2018003513__G__sonnet4__rep1.json	PILOT-2018003513	G	1	25	11037	3844	7309	3486	2.0967	
PILOT-2018003513__G__sonnet4__rep2.json	PILOT-2018003513	G	2	25	11037	3838	7312	3486	2.0975	
PILOT-2018005420__F__gpt4o-mini__rep0.json	PILOT-2018005420	F	0	3	8113	2374	5766	2586	2.2297	
PILOT-2018005420__F__gpt4o-mini__rep1.json	PILOT-2018005420	F	1	5	8113	2215	5982	2586	2.3132	
PILOT-2018005420__F__gpt4o-mini__rep2.json	PILOT-2018005420	F	2	4	8113	1984	6177	2586	2.3886	
PILOT-2018005420__F__gpt5.4__rep0.json	PILOT-2018005420	F	0	25	8113	8574	892	2586	0.3449	
PILOT-2018005420__F__gpt5.4__rep1.json	PILOT-2018005420	F	1	25	8113	8268	603	2586	0.2332	
PILOT-2018005420__F__gpt5.4__rep2.json	PILOT-2018005420	F	2	25	8113	8181	530	2586	0.2049	
PILOT-2018005420__F__haiku4.5__rep0.json	PILOT-2018005420	F	0	25	8113	8095	437	2586	0.169	
PILOT-2018005420__F__haiku4.5__rep1.json	PILOT-2018005420	F	1	25	8113	8063	411	2586	0.1589	
PILOT-2018005420__F__haiku4.5__rep2.json	PILOT-2018005420	F	2	25	8113	8063	405	2586	0.1566	
PILOT-2018005420__F__sonnet4__rep0.json	PILOT-2018005420	F	0	25	8113	8153	356	2586	0.1377	
PILOT-2018005420__F__sonnet4__rep1.json	PILOT-2018005420	F	1	25	8113	8153	356	2586	0.1377	
PILOT-2018005420__F__sonnet4__rep2.json	PILOT-2018005420	F	2	25	8113	8153	356	2586	0.1377	
PILOT-2018005420__G__gpt4o-mini__rep0.json	PILOT-2018005420	G	0	8	8113	3018	5155	2586	1.9934	
PILOT-2018005420__G__gpt4o-mini__rep1.json	PILOT-2018005420	G	1	4	8113	2047	6131	2586	2.3708	
PILOT-2018005420__G__gpt4o-mini__rep2.json	PILOT-2018005420	G	2	0			None		None	no_gen
PILOT-2018005420__G__gpt5.4__rep0.json	PILOT-2018005420	G	0	25	8113	8375	720	2586	0.2784	
PILOT-2018005420__G__gpt5.4__rep1.json	PILOT-2018005420	G	1	25	8113	8991	1279	2586	0.4946	
PILOT-2018005420__G__gpt5.4__rep2.json	PILOT-2018005420	G	2	25	8113	8429	717	2586	0.2773	
PILOT-2018005420__G__haiku4.5__rep0.json	PILOT-2018005420	G	0	25	8113	8063	411	2586	0.1589	
PILOT-2018005420__G__haiku4.5__rep1.json	PILOT-2018005420	G	1	25	8113	8095	443	2586	0.1713	
PILOT-2018005420__G__haiku4.5__rep2.json	PILOT-2018005420	G	2	25	8113	8063	411	2586	0.1589	
PILOT-2018005420__G__sonnet4__rep0.json	PILOT-2018005420	G	0	25	8113	8142	345	2586	0.1334	
PILOT-2018005420__G__sonnet4__rep1.json	PILOT-2018005420	G	1	25	8113	8043	246	2586	0.0951	
PILOT-2018005420__G__sonnet4__rep2.json	PILOT-2018005420	G	2	25	8113	8043	246	2586	0.0951	
PILOT-2018005863__F__gpt4o-mini__rep0.json	PILOT-2018005863	F	0	12	8120	5269	3977	1563	2.5445	
PILOT-2018005863__F__gpt4o-mini__rep1.json	PILOT-2018005863	F	1	7	8120	2432	5832	1563	3.7313	
PILOT-2018005863__F__gpt4o-mini__rep2.json	PILOT-2018005863	F	2	9	8120	3444	4796	1563	3.0685	
PILOT-2018005863__F__gpt5.4__rep0.json	PILOT-2018005863	F	0	25	8120	8211	950	1563	0.6078	
PILOT-2018005863__F__gpt5.4__rep1.json	PILOT-2018005863	F	1	25	8120	8946	1613	1563	1.032	
PILOT-2018005863__F__gpt5.4__rep2.json	PILOT-2018005863	F	2	25	8120	8148	794	1563	0.508	
PILOT-2018005863__F__haiku4.5__rep0.json	PILOT-2018005863	F	0	25	8120	4888	3532	1563	2.2598	
PILOT-2018005863__F__haiku4.5__rep1.json	PILOT-2018005863	F	1	25	8120	10322	2704	1563	1.73	
PILOT-2018005863__F__haiku4.5__rep2.json	PILOT-2018005863	F	2	25	8120	5400	3303	1563	2.1132	
PILOT-2018005863__F__sonnet4__rep0.json	PILOT-2018005863	F	0	25	8120	8304	877	1563	0.5611	
PILOT-2018005863__F__sonnet4__rep1.json	PILOT-2018005863	F	1	25	8120	8309	883	1563	0.5649	
PILOT-2018005863__F__sonnet4__rep2.json	PILOT-2018005863	F	2	25	8120	8302	900	1563	0.5758	
PILOT-2018005863__G__gpt4o-mini__rep0.json	PILOT-2018005863	G	0	17	8120	6043	2457	1563	1.572	
PILOT-2018005863__G__gpt4o-mini__rep1.json	PILOT-2018005863	G	1	14	8120	4354	3888	1563	2.4875	
PILOT-2018005863__G__gpt4o-mini__rep2.json	PILOT-2018005863	G	2	25	8120	8260	897	1563	0.5739	
PILOT-2018005863__G__gpt5.4__rep0.json	PILOT-2018005863	G	0	25	8120	8407	885	1563	0.5662	
PILOT-2018005863__G__gpt5.4__rep1.json	PILOT-2018005863	G	1	25	8120	8023	633	1563	0.405	
PILOT-2018005863__G__gpt5.4__rep2.json	PILOT-2018005863	G	2	25	8120	8036	705	1563	0.4511	
PILOT-2018005863__G__haiku4.5__rep0.json	PILOT-2018005863	G	0	25	8120	3831	4509	1563	2.8848	
PILOT-2018005863__G__haiku4.5__rep1.json	PILOT-2018005863	G	1	25	8120	4837	3846	1563	2.4607	
PILOT-2018005863__G__haiku4.5__rep2.json	PILOT-2018005863	G	2	25	8120	8026	726	1563	0.4645	
PILOT-2018005863__G__sonnet4__rep0.json	PILOT-2018005863	G	0	25	8120	8426	1030	1563	0.659	
PILOT-2018005863__G__sonnet4__rep1.json	PILOT-2018005863	G	1	25	8120	8372	937	1563	0.5995	
PILOT-2018005863__G__sonnet4__rep2.json	PILOT-2018005863	G	2	25	8120	8212	795	1563	0.5086	
PILOT-2018007886__F__gpt4o-mini__rep0.json	PILOT-2018007886	F	0	5	4635	1788	2870	863	3.3256	
PILOT-2018007886__F__gpt4o-mini__rep1.json	PILOT-2018007886	F	1	5	4635	1919	2862	863	3.3163	
PILOT-2018007886__F__gpt4o-mini__rep2.json	PILOT-2018007886	F	2	3	4635	1131	3506	863	4.0626	
PILOT-2018007886__F__gpt5.4__rep0.json	PILOT-2018007886	F	0	16	4635	5304	669	863	0.7752	
PILOT-2018007886__F__gpt5.4__rep1.json	PILOT-2018007886	F	1	16	4635	5195	560	863	0.6489	
PILOT-2018007886__F__gpt5.4__rep2.json	PILOT-2018007886	F	2	16	4635	5049	416	863	0.482	
PILOT-2018007886__F__haiku4.5__rep0.json	PILOT-2018007886	F	0	6	4635	2836	2618	863	3.0336	
PILOT-2018007886__F__haiku4.5__rep1.json	PILOT-2018007886	F	1	6	4635	2839	2566	863	2.9733	
PILOT-2018007886__F__haiku4.5__rep2.json	PILOT-2018007886	F	2	6	4635	2763	2611	863	3.0255	
PILOT-2018007886__F__sonnet4__rep0.json	PILOT-2018007886	F	0	16	4635	5366	745	863	0.8633	
PILOT-2018007886__F__sonnet4__rep1.json	PILOT-2018007886	F	1	16	4635	5522	887	863	1.0278	
PILOT-2018007886__F__sonnet4__rep2.json	PILOT-2018007886	F	2	16	4635	5350	715	863	0.8285	
PILOT-2018007886__G__gpt4o-mini__rep0.json	PILOT-2018007886	G	0	6	4635	2618	2635	863	3.0533	
PILOT-2018007886__G__gpt4o-mini__rep1.json	PILOT-2018007886	G	1	0			None		None	no_gen
PILOT-2018007886__G__gpt4o-mini__rep2.json	PILOT-2018007886	G	2	0			None		None	no_gen
PILOT-2018007886__G__gpt5.4__rep0.json	PILOT-2018007886	G	0	7	4635	2893	2454	863	2.8436	
PILOT-2018007886__G__gpt5.4__rep1.json	PILOT-2018007886	G	1	16	4635	5474	839	863	0.9722	
PILOT-2018007886__G__gpt5.4__rep2.json	PILOT-2018007886	G	2	16	4635	5293	658	863	0.7625	
PILOT-2018007886__G__haiku4.5__rep0.json	PILOT-2018007886	G	0	6	4635	2848	2590	863	3.0012	
PILOT-2018007886__G__haiku4.5__rep1.json	PILOT-2018007886	G	1	6	4635	2793	2591	863	3.0023	
PILOT-2018007886__G__haiku4.5__rep2.json	PILOT-2018007886	G	2	6	4635	2772	2576	863	2.9849	
PILOT-2018007886__G__sonnet4__rep0.json	PILOT-2018007886	G	0	16	4635	5467	832	863	0.9641	
PILOT-2018007886__G__sonnet4__rep1.json	PILOT-2018007886	G	1	16	4635	5805	1170	863	1.3557	
PILOT-2018007886__G__sonnet4__rep2.json	PILOT-2018007886	G	2	16	4635	5566	931	863	1.0788	
PILOT-2018007979__F__gpt4o-mini__rep0.json	PILOT-2018007979	F	0	3	4163	4136	102	2669	0.0382	
PILOT-2018007979__F__gpt4o-mini__rep1.json	PILOT-2018007979	F	1	3	4163	4136	102	2669	0.0382	
PILOT-2018007979__F__gpt4o-mini__rep2.json	PILOT-2018007979	F	2	3	4163	4422	367	2669	0.1375	
PILOT-2018007979__F__gpt5.4__rep0.json	PILOT-2018007979	F	0	3	4163	4826	762	2669	0.2855	
PILOT-2018007979__F__gpt5.4__rep1.json	PILOT-2018007979	F	1	3	4163	4640	597	2669	0.2237	
PILOT-2018007979__F__gpt5.4__rep2.json	PILOT-2018007979	F	2	3	4163	4991	828	2669	0.3102	
PILOT-2018007979__F__haiku4.5__rep0.json	PILOT-2018007979	F	0	3	4163	4392	760	2669	0.2848	
PILOT-2018007979__F__haiku4.5__rep1.json	PILOT-2018007979	F	1	3	4163	4393	766	2669	0.287	
PILOT-2018007979__F__haiku4.5__rep2.json	PILOT-2018007979	F	2	3	4163	4172	666	2669	0.2495	
PILOT-2018007979__F__sonnet4__rep0.json	PILOT-2018007979	F	0	3	4163	4460	417	2669	0.1562	
PILOT-2018007979__F__sonnet4__rep1.json	PILOT-2018007979	F	1	3	4163	4454	411	2669	0.154	
PILOT-2018007979__F__sonnet4__rep2.json	PILOT-2018007979	F	2	3	4163	4454	411	2669	0.154	
PILOT-2018007979__G__gpt4o-mini__rep0.json	PILOT-2018007979	G	0	3	4163	3680	513	2669	0.1922	
PILOT-2018007979__G__gpt4o-mini__rep1.json	PILOT-2018007979	G	1	3	4163	4122	83	2669	0.0311	
PILOT-2018007979__G__gpt4o-mini__rep2.json	PILOT-2018007979	G	2	3	4163	4505	450	2669	0.1686	
PILOT-2018007979__G__gpt5.4__rep0.json	PILOT-2018007979	G	0	3	4163	4727	564	2669	0.2113	
PILOT-2018007979__G__gpt5.4__rep1.json	PILOT-2018007979	G	1	3	4163	4712	549	2669	0.2057	
PILOT-2018007979__G__gpt5.4__rep2.json	PILOT-2018007979	G	2	3	4163	4433	781	2669	0.2926	
PILOT-2018007979__G__haiku4.5__rep0.json	PILOT-2018007979	G	0	3	4163	4230	187	2669	0.0701	
PILOT-2018007979__G__haiku4.5__rep1.json	PILOT-2018007979	G	1	3	4163	4225	182	2669	0.0682	
PILOT-2018007979__G__haiku4.5__rep2.json	PILOT-2018007979	G	2	3	4163	4127	788	2669	0.2952	
PILOT-2018007979__G__sonnet4__rep0.json	PILOT-2018007979	G	0	3	4163	4460	417	2669	0.1562	
PILOT-2018007979__G__sonnet4__rep1.json	PILOT-2018007979	G	1	3	4163	4460	417	2669	0.1562	
PILOT-2018007979__G__sonnet4__rep2.json	PILOT-2018007979	G	2	3	4163	4448	405	2669	0.1517	
PILOT-2019001867__F__gpt4o-mini__rep0.json	PILOT-2019001867	F	0	5	10769	3591	7243	6264	1.1563	
PILOT-2019001867__F__gpt4o-mini__rep1.json	PILOT-2019001867	F	1	23	10769	10690	133	6264	0.0212	
PILOT-2019001867__F__gpt4o-mini__rep2.json	PILOT-2019001867	F	2	23	10769	10687	130	6264	0.0208	
PILOT-2019001867__F__gpt5.4__rep0.json	PILOT-2019001867	F	0	23	10769	10694	835	6264	0.1333	
PILOT-2019001867__F__gpt5.4__rep1.json	PILOT-2019001867	F	1	23	10769	10693	834	6264	0.1331	
PILOT-2019001867__F__gpt5.4__rep2.json	PILOT-2019001867	F	2	23	10769	10825	552	6264	0.0881	
PILOT-2019001867__F__haiku4.5__rep0.json	PILOT-2019001867	F	0	23	10769	10535	1506	6264	0.2404	
PILOT-2019001867__F__haiku4.5__rep1.json	PILOT-2019001867	F	1	23	10769	10535	1506	6264	0.2404	
PILOT-2019001867__F__haiku4.5__rep2.json	PILOT-2019001867	F	2	23	10769	10535	1506	6264	0.2404	
PILOT-2019001867__F__sonnet4__rep0.json	PILOT-2019001867	F	0	23	10769	10913	428	6264	0.0683	
PILOT-2019001867__F__sonnet4__rep1.json	PILOT-2019001867	F	1	23	10769	10913	428	6264	0.0683	
PILOT-2019001867__F__sonnet4__rep2.json	PILOT-2019001867	F	2	23	10769	10921	340	6264	0.0543	
PILOT-2019001867__G__gpt4o-mini__rep0.json	PILOT-2019001867	G	0	23	10769	10680	522	6264	0.0833	
PILOT-2019001867__G__gpt4o-mini__rep1.json	PILOT-2019001867	G	1	23	10769	10877	387	6264	0.0618	
PILOT-2019001867__G__gpt4o-mini__rep2.json	PILOT-2019001867	G	2	23	10769	10689	139	6264	0.0222	
PILOT-2019001867__G__gpt5.4__rep0.json	PILOT-2019001867	G	0	23	10769	10689	881	6264	0.1406	
PILOT-2019001867__G__gpt5.4__rep1.json	PILOT-2019001867	G	1	23	10769	10690	825	6264	0.1317	
PILOT-2019001867__G__gpt5.4__rep2.json	PILOT-2019001867	G	2	23	10769	10455	902	6264	0.144	
PILOT-2019001867__G__haiku4.5__rep0.json	PILOT-2019001867	G	0	23	10769	10535	1506	6264	0.2404	
PILOT-2019001867__G__haiku4.5__rep1.json	PILOT-2019001867	G	1	23	10769	10535	1506	6264	0.2404	
PILOT-2019001867__G__haiku4.5__rep2.json	PILOT-2019001867	G	2	23	10769	10535	1506	6264	0.2404	
PILOT-2019001867__G__sonnet4__rep0.json	PILOT-2019001867	G	0	23	10769	10551	787	6264	0.1256	
PILOT-2019001867__G__sonnet4__rep1.json	PILOT-2019001867	G	1	23	10769	10551	730	6264	0.1165	
PILOT-2019001867__G__sonnet4__rep2.json	PILOT-2019001867	G	2	23	10769	10551	787	6264	0.1256	
PILOT-2019002001__F__gpt4o-mini__rep0.json	PILOT-2019002001	F	0	6	6327	1877	4568	2187	2.0887	
PILOT-2019002001__F__gpt4o-mini__rep1.json	PILOT-2019002001	F	1	6	6327	1877	4568	2187	2.0887	
PILOT-2019002001__F__gpt4o-mini__rep2.json	PILOT-2019002001	F	2	6	6327	1886	4560	2187	2.085	
PILOT-2019002001__F__gpt5.4__rep0.json	PILOT-2019002001	F	0	20	6327	6257	1018	2187	0.4655	
PILOT-2019002001__F__gpt5.4__rep1.json	PILOT-2019002001	F	1	20	6327	7134	1505	2187	0.6882	
PILOT-2019002001__F__gpt5.4__rep2.json	PILOT-2019002001	F	2	20	6327	7024	1514	2187	0.6923	
PILOT-2019002001__F__haiku4.5__rep0.json	PILOT-2019002001	F	0	20	6327	7331	1708	2187	0.781	
PILOT-2019002001__F__haiku4.5__rep1.json	PILOT-2019002001	F	1	20	6327	7888	2254	2187	1.0306	
PILOT-2019002001__F__haiku4.5__rep2.json	PILOT-2019002001	F	2	20	6327	8552	2829	2187	1.2936	
PILOT-2019002001__F__sonnet4__rep0.json	PILOT-2019002001	F	0	20	6327	6469	820	2187	0.3749	
PILOT-2019002001__F__sonnet4__rep1.json	PILOT-2019002001	F	1	20	6327	6431	783	2187	0.358	
PILOT-2019002001__F__sonnet4__rep2.json	PILOT-2019002001	F	2	20	6327	6744	1086	2187	0.4966	
PILOT-2019002001__G__gpt4o-mini__rep0.json	PILOT-2019002001	G	0	10	6327	3726	2772	2187	1.2675	
PILOT-2019002001__G__gpt4o-mini__rep1.json	PILOT-2019002001	G	1	6	6327	1886	4560	2187	2.085	
PILOT-2019002001__G__gpt4o-mini__rep2.json	PILOT-2019002001	G	2	6	6327	1890	4559	2187	2.0846	
PILOT-2019002001__G__gpt5.4__rep0.json	PILOT-2019002001	G	0	7	6327	2674	4031	2187	1.8432	
PILOT-2019002001__G__gpt5.4__rep1.json	PILOT-2019002001	G	1	7	6327	2568	4127	2187	1.8871	
PILOT-2019002001__G__gpt5.4__rep2.json	PILOT-2019002001	G	2	20	6327	8145	2169	2187	0.9918	
PILOT-2019002001__G__haiku4.5__rep0.json	PILOT-2019002001	G	0	20	6327	7117	1457	2187	0.6662	
PILOT-2019002001__G__haiku4.5__rep1.json	PILOT-2019002001	G	1	20	6327	7225	1579	2187	0.722	
PILOT-2019002001__G__haiku4.5__rep2.json	PILOT-2019002001	G	2	20	6327	7558	1911	2187	0.8738	
PILOT-2019002001__G__sonnet4__rep0.json	PILOT-2019002001	G	0	20	6327	7185	1531	2187	0.7	
PILOT-2019002001__G__sonnet4__rep1.json	PILOT-2019002001	G	1	20	6327	7121	1440	2187	0.6584	
PILOT-2019002001__G__sonnet4__rep2.json	PILOT-2019002001	G	2	20	6327	6266	606	2187	0.2771	
PILOT-2019002439__F__gpt4o-mini__rep0.json	PILOT-2019002439	F	0	11	10822	3308	7559	4526	1.6701	
PILOT-2019002439__F__gpt4o-mini__rep1.json	PILOT-2019002439	F	1	17	10822	4358	6508	4526	1.4379	
PILOT-2019002439__F__gpt4o-mini__rep2.json	PILOT-2019002439	F	2	28	10822	4703	6669	4526	1.4735	
PILOT-2019002439__F__gpt5.4__rep0.json	PILOT-2019002439	F	0	26	10822	12193	2275	4526	0.5027	
PILOT-2019002439__F__gpt5.4__rep1.json	PILOT-2019002439	F	1	26	10822	12547	2627	4526	0.5804	
PILOT-2019002439__F__gpt5.4__rep2.json	PILOT-2019002439	F	2	26	10822	11244	1877	4526	0.4147	
PILOT-2019002439__F__haiku4.5__rep0.json	PILOT-2019002439	F	0	29	10822	10594	3319	4526	0.7333	
PILOT-2019002439__F__haiku4.5__rep1.json	PILOT-2019002439	F	1	29	10822	11350	4037	4526	0.892	
PILOT-2019002439__F__haiku4.5__rep2.json	PILOT-2019002439	F	2	25	10822	12095	2575	4526	0.5689	
PILOT-2019002439__F__sonnet4__rep0.json	PILOT-2019002439	F	0	28	10822	9596	2225	4526	0.4916	
PILOT-2019002439__F__sonnet4__rep1.json	PILOT-2019002439	F	1	28	10822	9732	2246	4526	0.4962	
PILOT-2019002439__F__sonnet4__rep2.json	PILOT-2019002439	F	2	28	10822	9813	2266	4526	0.5007	
PILOT-2019002439__G__gpt4o-mini__rep0.json	PILOT-2019002439	G	0	15	10822	4114	6846	4526	1.5126	
PILOT-2019002439__G__gpt4o-mini__rep1.json	PILOT-2019002439	G	1	0			None		None	no_gen
PILOT-2019002439__G__gpt4o-mini__rep2.json	PILOT-2019002439	G	2	0			None		None	no_gen
PILOT-2019002439__G__gpt5.4__rep0.json	PILOT-2019002439	G	0	25	10822	11880	2493	4526	0.5508	
PILOT-2019002439__G__gpt5.4__rep1.json	PILOT-2019002439	G	1	26	10822	12116	2196	4526	0.4852	
PILOT-2019002439__G__gpt5.4__rep2.json	PILOT-2019002439	G	2	25	10822	11942	2541	4526	0.5614	
PILOT-2019002439__G__haiku4.5__rep0.json	PILOT-2019002439	G	0	29	10822	11036	3491	4526	0.7713	
PILOT-2019002439__G__haiku4.5__rep1.json	PILOT-2019002439	G	1	29	10822	10361	3188	4526	0.7044	
PILOT-2019002439__G__haiku4.5__rep2.json	PILOT-2019002439	G	2	29	10822	9573	2431	4526	0.5371	
PILOT-2019002439__G__sonnet4__rep0.json	PILOT-2019002439	G	0	28	10822	9921	2487	4526	0.5495	
PILOT-2019002439__G__sonnet4__rep1.json	PILOT-2019002439	G	1	28	10822	9720	2224	4526	0.4914	
PILOT-2019002439__G__sonnet4__rep2.json	PILOT-2019002439	G	2	28	10822	9889	2498	4526	0.5519	
PILOT-2019003829__F__gpt4o-mini__rep0.json	PILOT-2019003829	F	0	8	2276	1079	1488	1505	0.9887	
PILOT-2019003829__F__gpt4o-mini__rep1.json	PILOT-2019003829	F	1	5	2276	765	1589	1505	1.0558	
PILOT-2019003829__F__gpt4o-mini__rep2.json	PILOT-2019003829	F	2	6	2276	747	1615	1505	1.0731	
PILOT-2019003829__F__gpt5.4__rep0.json	PILOT-2019003829	F	0	17	2276	2109	450	1505	0.299	
PILOT-2019003829__F__gpt5.4__rep1.json	PILOT-2019003829	F	1	17	2276	2385	390	1505	0.2591	
PILOT-2019003829__F__gpt5.4__rep2.json	PILOT-2019003829	F	2	17	2276	2109	450	1505	0.299	
PILOT-2019003829__F__haiku4.5__rep0.json	PILOT-2019003829	F	0	13	2276	1770	1067	1505	0.709	
PILOT-2019003829__F__haiku4.5__rep1.json	PILOT-2019003829	F	1	13	2276	1838	1096	1505	0.7282	
PILOT-2019003829__F__haiku4.5__rep2.json	PILOT-2019003829	F	2	13	2276	1679	1120	1505	0.7442	
PILOT-2019003829__F__sonnet4__rep0.json	PILOT-2019003829	F	0	17	2276	2215	537	1505	0.3568	
PILOT-2019003829__F__sonnet4__rep1.json	PILOT-2019003829	F	1	17	2276	2158	496	1505	0.3296	
PILOT-2019003829__F__sonnet4__rep2.json	PILOT-2019003829	F	2	17	2276	2158	496	1505	0.3296	
PILOT-2019003829__G__gpt4o-mini__rep0.json	PILOT-2019003829	G	0	14	2276	1645	899	1505	0.5973	
PILOT-2019003829__G__gpt4o-mini__rep1.json	PILOT-2019003829	G	1	8	2276	963	1531	1505	1.0173	
PILOT-2019003829__G__gpt4o-mini__rep2.json	PILOT-2019003829	G	2	4	2276	477	1820	1505	1.2093	
PILOT-2019003829__G__gpt5.4__rep0.json	PILOT-2019003829	G	0	17	2276	2115	456	1505	0.303	
PILOT-2019003829__G__gpt5.4__rep1.json	PILOT-2019003829	G	1	17	2276	2073	499	1505	0.3316	
PILOT-2019003829__G__gpt5.4__rep2.json	PILOT-2019003829	G	2	13	2276	1560	1080	1505	0.7176	
PILOT-2019003829__G__haiku4.5__rep0.json	PILOT-2019003829	G	0	11	2276	1725	1372	1505	0.9116	
PILOT-2019003829__G__haiku4.5__rep1.json	PILOT-2019003829	G	1	17	2276	2718	1166	1505	0.7748	
PILOT-2019003829__G__haiku4.5__rep2.json	PILOT-2019003829	G	2	17	2276	2881	1197	1505	0.7953	
PILOT-2019003829__G__sonnet4__rep0.json	PILOT-2019003829	G	0	17	2276	2158	496	1505	0.3296	
PILOT-2019003829__G__sonnet4__rep1.json	PILOT-2019003829	G	1	17	2276	2215	537	1505	0.3568	
PILOT-2019003829__G__sonnet4__rep2.json	PILOT-2019003829	G	2	17	2276	2215	537	1505	0.3568	
PILOT-2019005007__F__gpt4o-mini__rep0.json	PILOT-2019005007	F	0	6	6403	1625	4803	3873	1.2401	
PILOT-2019005007__F__gpt4o-mini__rep1.json	PILOT-2019005007	F	1	5	6403	1844	4590	3873	1.1851	
PILOT-2019005007__F__gpt4o-mini__rep2.json	PILOT-2019005007	F	2	5	6403	1713	4695	3873	1.2122	
PILOT-2019005007__F__gpt5.4__rep0.json	PILOT-2019005007	F	0	30	6403	7035	912	3873	0.2355	
PILOT-2019005007__F__gpt5.4__rep1.json	PILOT-2019005007	F	1	30	6403	6873	1228	3873	0.3171	
PILOT-2019005007__F__gpt5.4__rep2.json	PILOT-2019005007	F	2	30	6403	6796	1151	3873	0.2972	
PILOT-2019005007__F__haiku4.5__rep0.json	PILOT-2019005007	F	0	30	6403	7479	3209	3873	0.8286	
PILOT-2019005007__F__haiku4.5__rep1.json	PILOT-2019005007	F	1	30	6403	6162	2364	3873	0.6104	
PILOT-2019005007__F__haiku4.5__rep2.json	PILOT-2019005007	F	2	30	6403	7383	3129	3873	0.8079	
PILOT-2019005007__F__sonnet4__rep0.json	PILOT-2019005007	F	0	30	6403	5852	1658	3873	0.4281	
PILOT-2019005007__F__sonnet4__rep1.json	PILOT-2019005007	F	1	27	6403	5623	1881	3873	0.4857	
PILOT-2019005007__F__sonnet4__rep2.json	PILOT-2019005007	F	2	30	6403	5852	1658	3873	0.4281	
PILOT-2019005007__G__gpt4o-mini__rep0.json	PILOT-2019005007	G	0	5	6403	1613	4818	3873	1.244	
PILOT-2019005007__G__gpt4o-mini__rep1.json	PILOT-2019005007	G	1	5	6403	1569	4881	3873	1.2603	
PILOT-2019005007__G__gpt4o-mini__rep2.json	PILOT-2019005007	G	2	4	6403	985	5419	3873	1.3992	
PILOT-2019005007__G__gpt5.4__rep0.json	PILOT-2019005007	G	0	25	6403	5408	1483	3873	0.3829	
PILOT-2019005007__G__gpt5.4__rep1.json	PILOT-2019005007	G	1	27	6403	6268	1883	3873	0.4862	
PILOT-2019005007__G__gpt5.4__rep2.json	PILOT-2019005007	G	2	25	6403	6068	2029	3873	0.5239	
PILOT-2019005007__G__haiku4.5__rep0.json	PILOT-2019005007	G	0	30	6403	8623	4702	3873	1.214	
PILOT-2019005007__G__haiku4.5__rep1.json	PILOT-2019005007	G	1	30	6403	9014	3111	3873	0.8033	
PILOT-2019005007__G__haiku4.5__rep2.json	PILOT-2019005007	G	2	30	6403	8549	2649	3873	0.684	
PILOT-2019005007__G__sonnet4__rep0.json	PILOT-2019005007	G	0	27	6403	5852	1658	3873	0.4281	
PILOT-2019005007__G__sonnet4__rep1.json	PILOT-2019005007	G	1	27	6403	5812	1618	3873	0.4178	
PILOT-2019005007__G__sonnet4__rep2.json	PILOT-2019005007	G	2	27	6403	5974	1780	3873	0.4596	
PILOT-2019005292__F__gpt4o-mini__rep0.json	PILOT-2019005292	F	0	20	11391	9938	2791	2300	1.2135	
PILOT-2019005292__F__gpt4o-mini__rep1.json	PILOT-2019005292	F	1	20	11391	9644	2511	2300	1.0917	
PILOT-2019005292__F__gpt4o-mini__rep2.json	PILOT-2019005292	F	2	20	11391	9012	2444	2300	1.0626	
PILOT-2019005292__F__gpt5.4__rep0.json	PILOT-2019005292	F	0	20	11391	10450	2961	2300	1.2874	
PILOT-2019005292__F__gpt5.4__rep1.json	PILOT-2019005292	F	1	20	11391	10226	2744	2300	1.193	
PILOT-2019005292__F__gpt5.4__rep2.json	PILOT-2019005292	F	2	20	11391	10422	2913	2300	1.2665	
PILOT-2019005292__F__haiku4.5__rep0.json	PILOT-2019005292	F	0	20	11391	7942	4273	2300	1.8578	
PILOT-2019005292__F__haiku4.5__rep1.json	PILOT-2019005292	F	1	20	11391	7982	4367	2300	1.8987	
PILOT-2019005292__F__haiku4.5__rep2.json	PILOT-2019005292	F	2	20	11391	7984	4371	2300	1.9004	
PILOT-2019005292__F__sonnet4__rep0.json	PILOT-2019005292	F	0	20	11391	9940	2748	2300	1.1948	
PILOT-2019005292__F__sonnet4__rep1.json	PILOT-2019005292	F	1	20	11391	9943	2754	2300	1.1974	
PILOT-2019005292__F__sonnet4__rep2.json	PILOT-2019005292	F	2	20	11391	9219	2542	2300	1.1052	
PILOT-2019005292__G__gpt4o-mini__rep0.json	PILOT-2019005292	G	0	20	11391	8825	2724	2300	1.1843	
PILOT-2019005292__G__gpt4o-mini__rep1.json	PILOT-2019005292	G	1	20	11391	9644	2501	2300	1.0874	
PILOT-2019005292__G__gpt4o-mini__rep2.json	PILOT-2019005292	G	2	20	11391	9622	2528	2300	1.0991	
PILOT-2019005292__G__gpt5.4__rep0.json	PILOT-2019005292	G	0	20	11391	10349	2671	2300	1.1613	
PILOT-2019005292__G__gpt5.4__rep1.json	PILOT-2019005292	G	1	20	11391	10457	2710	2300	1.1783	
PILOT-2019005292__G__gpt5.4__rep2.json	PILOT-2019005292	G	2	20	11391	9930	2736	2300	1.1896	
PILOT-2019005292__G__haiku4.5__rep0.json	PILOT-2019005292	G	0	20	11391	8378	4515	2300	1.963	
PILOT-2019005292__G__haiku4.5__rep1.json	PILOT-2019005292	G	1	20	11391	8294	4521	2300	1.9657	
PILOT-2019005292__G__haiku4.5__rep2.json	PILOT-2019005292	G	2	20	11391	7911	4368	2300	1.8991	
PILOT-2019005292__G__sonnet4__rep0.json	PILOT-2019005292	G	0	20	11391	9962	2767	2300	1.203	
PILOT-2019005292__G__sonnet4__rep1.json	PILOT-2019005292	G	1	20	11391	9959	2762	2300	1.2009	
PILOT-2019005292__G__sonnet4__rep2.json	PILOT-2019005292	G	2	20	11391	9962	2767	2300	1.203	
PILOT-2019005776__F__gpt4o-mini__rep0.json	PILOT-2019005776	F	0	20	6941	6836	439	5443	0.0807	
PILOT-2019005776__F__gpt4o-mini__rep1.json	PILOT-2019005776	F	1	20	6941	6949	314	5443	0.0577	
PILOT-2019005776__F__gpt4o-mini__rep2.json	PILOT-2019005776	F	2	10	6941	3182	4397	5443	0.8078	
PILOT-2019005776__F__gpt5.4__rep0.json	PILOT-2019005776	F	0	20	6941	6727	460	5443	0.0845	
PILOT-2019005776__F__gpt5.4__rep1.json	PILOT-2019005776	F	1	20	6941	6938	17	5443	0.0031	
PILOT-2019005776__F__gpt5.4__rep2.json	PILOT-2019005776	F	2	20	6941	7038	746	5443	0.1371	
PILOT-2019005776__F__haiku4.5__rep0.json	PILOT-2019005776	F	0	20	6941	6997	403	5443	0.074	
PILOT-2019005776__F__haiku4.5__rep1.json	PILOT-2019005776	F	1	20	6941	7000	379	5443	0.0696	
PILOT-2019005776__F__haiku4.5__rep2.json	PILOT-2019005776	F	2	20	6941	7002	377	5443	0.0693	
PILOT-2019005776__F__sonnet4__rep0.json	PILOT-2019005776	F	0	20	6941	6821	328	5443	0.0603	
PILOT-2019005776__F__sonnet4__rep1.json	PILOT-2019005776	F	1	20	6941	6729	381	5443	0.07	
PILOT-2019005776__F__sonnet4__rep2.json	PILOT-2019005776	F	2	20	6941	6722	383	5443	0.0704	
PILOT-2019005776__G__gpt4o-mini__rep0.json	PILOT-2019005776	G	0	20	6941	6897	271	5443	0.0498	
PILOT-2019005776__G__gpt4o-mini__rep1.json	PILOT-2019005776	G	1	20	6941	6990	355	5443	0.0652	
PILOT-2019005776__G__gpt4o-mini__rep2.json	PILOT-2019005776	G	2	20	6941	6916	348	5443	0.0639	
PILOT-2019005776__G__gpt5.4__rep0.json	PILOT-2019005776	G	0	1	6941	660	6295	5443	1.1565	
PILOT-2019005776__G__gpt5.4__rep1.json	PILOT-2019005776	G	1	1	6941	584	6364	5443	1.1692	
PILOT-2019005776__G__gpt5.4__rep2.json	PILOT-2019005776	G	2	20	6941	6837	227	5443	0.0417	
PILOT-2019005776__G__haiku4.5__rep0.json	PILOT-2019005776	G	0	20	6941	7014	411	5443	0.0755	
PILOT-2019005776__G__haiku4.5__rep1.json	PILOT-2019005776	G	1	20	6941	6993	441	5443	0.081	
PILOT-2019005776__G__haiku4.5__rep2.json	PILOT-2019005776	G	2	20	6941	7015	390	5443	0.0717	
PILOT-2019005776__G__sonnet4__rep0.json	PILOT-2019005776	G	0	20	6941	7021	542	5443	0.0996	
PILOT-2019005776__G__sonnet4__rep1.json	PILOT-2019005776	G	1	20	6941	6871	234	5443	0.043	
PILOT-2019005776__G__sonnet4__rep2.json	PILOT-2019005776	G	2	20	6941	6856	219	5443	0.0402	
PILOT-2019006119__F__gpt4o-mini__rep0.json	PILOT-2019006119	F	0	0			None		None	no_gen
PILOT-2019006119__F__gpt4o-mini__rep1.json	PILOT-2019006119	F	1	0			None		None	no_gen
PILOT-2019006119__F__gpt4o-mini__rep2.json	PILOT-2019006119	F	2	0			None		None	no_gen
PILOT-2019006119__F__gpt5.4__rep0.json	PILOT-2019006119	F	0	1	2141	313	1853	695	2.6662	
PILOT-2019006119__F__gpt5.4__rep1.json	PILOT-2019006119	F	1	8	2141	2163	166	695	0.2388	
PILOT-2019006119__F__gpt5.4__rep2.json	PILOT-2019006119	F	2	1	2141	305	1871	695	2.6921	
PILOT-2019006119__F__haiku4.5__rep0.json	PILOT-2019006119	F	0	8	2141	2403	495	695	0.7122	
PILOT-2019006119__F__haiku4.5__rep1.json	PILOT-2019006119	F	1	8	2141	2375	420	695	0.6043	
PILOT-2019006119__F__haiku4.5__rep2.json	PILOT-2019006119	F	2	8	2141	2439	526	695	0.7568	
PILOT-2019006119__F__sonnet4__rep0.json	PILOT-2019006119	F	0	8	2141	2295	441	695	0.6345	
PILOT-2019006119__F__sonnet4__rep1.json	PILOT-2019006119	F	1	8	2141	2402	396	695	0.5698	
PILOT-2019006119__F__sonnet4__rep2.json	PILOT-2019006119	F	2	8	2141	2432	532	695	0.7655	
PILOT-2019006119__G__gpt4o-mini__rep0.json	PILOT-2019006119	G	0	3	2141	1238	1193	695	1.7165	
PILOT-2019006119__G__gpt4o-mini__rep1.json	PILOT-2019006119	G	1	8	2141	2425	456	695	0.6561	
PILOT-2019006119__G__gpt4o-mini__rep2.json	PILOT-2019006119	G	2	8	2141	2419	493	695	0.7094	
PILOT-2019006119__G__gpt5.4__rep0.json	PILOT-2019006119	G	0	1	2141	311	1856	695	2.6705	
PILOT-2019006119__G__gpt5.4__rep1.json	PILOT-2019006119	G	1	8	2141	2393	448	695	0.6446	
PILOT-2019006119__G__gpt5.4__rep2.json	PILOT-2019006119	G	2	1	2141	251	1910	695	2.7482	
PILOT-2019006119__G__haiku4.5__rep0.json	PILOT-2019006119	G	0	8	2141	2473	496	695	0.7137	
PILOT-2019006119__G__haiku4.5__rep1.json	PILOT-2019006119	G	1	8	2141	2322	348	695	0.5007	
PILOT-2019006119__G__haiku4.5__rep2.json	PILOT-2019006119	G	2	8	2141	2548	589	695	0.8475	
PILOT-2019006119__G__sonnet4__rep0.json	PILOT-2019006119	G	0	8	2141	2364	464	695	0.6676	
PILOT-2019006119__G__sonnet4__rep1.json	PILOT-2019006119	G	1	8	2141	2327	356	695	0.5122	
PILOT-2019006119__G__sonnet4__rep2.json	PILOT-2019006119	G	2	8	2141	2315	395	695	0.5683	
PILOT-2020000122__F__gpt4o-mini__rep0.json	PILOT-2020000122	F	0	3	6441	2481	4085	11530	0.3543	
PILOT-2020000122__F__gpt4o-mini__rep1.json	PILOT-2020000122	F	1	20	6441	6859	532	11530	0.0461	
PILOT-2020000122__F__gpt4o-mini__rep2.json	PILOT-2020000122	F	2	5	6441	3109	3612	11530	0.3133	
PILOT-2020000122__F__gpt5.4__rep0.json	PILOT-2020000122	F	0	20	6441	6870	816	11530	0.0708	
PILOT-2020000122__F__gpt5.4__rep1.json	PILOT-2020000122	F	1	20	6441	7097	815	11530	0.0707	
PILOT-2020000122__F__gpt5.4__rep2.json	PILOT-2020000122	F	2	20	6441	6756	471	11530	0.0408	
PILOT-2020000122__F__haiku4.5__rep0.json	PILOT-2020000122	F	0	20	6441	7964	1650	11530	0.1431	
PILOT-2020000122__F__haiku4.5__rep1.json	PILOT-2020000122	F	1	20	6441	8638	2300	11530	0.1995	
PILOT-2020000122__F__haiku4.5__rep2.json	PILOT-2020000122	F	2	20	6441	7817	1875	11530	0.1626	
PILOT-2020000122__F__sonnet4__rep0.json	PILOT-2020000122	F	0	20	6441	6794	505	11530	0.0438	
PILOT-2020000122__F__sonnet4__rep1.json	PILOT-2020000122	F	1	20	6441	6703	414	11530	0.0359	
PILOT-2020000122__F__sonnet4__rep2.json	PILOT-2020000122	F	2	20	6441	7071	779	11530	0.0676	
PILOT-2020000122__G__gpt4o-mini__rep0.json	PILOT-2020000122	G	0	3	6441	2515	4001	11530	0.347	
PILOT-2020000122__G__gpt4o-mini__rep1.json	PILOT-2020000122	G	1	9	6441	3217	3721	11530	0.3227	
PILOT-2020000122__G__gpt4o-mini__rep2.json	PILOT-2020000122	G	2	20	6441	6568	336	11530	0.0291	
PILOT-2020000122__G__gpt5.4__rep0.json	PILOT-2020000122	G	0	20	6441	6964	675	11530	0.0585	
PILOT-2020000122__G__gpt5.4__rep1.json	PILOT-2020000122	G	1	20	6441	6908	619	11530	0.0537	
PILOT-2020000122__G__gpt5.4__rep2.json	PILOT-2020000122	G	2	20	6441	7078	794	11530	0.0689	
PILOT-2020000122__G__haiku4.5__rep0.json	PILOT-2020000122	G	0	20	6441	6926	1060	11530	0.0919	
PILOT-2020000122__G__haiku4.5__rep1.json	PILOT-2020000122	G	1	20	6441	6254	1461	11530	0.1267	
PILOT-2020000122__G__haiku4.5__rep2.json	PILOT-2020000122	G	2	20	6441	6463	1520	11530	0.1318	
PILOT-2020000122__G__sonnet4__rep0.json	PILOT-2020000122	G	0	20	6441	6952	660	11530	0.0572	
PILOT-2020000122__G__sonnet4__rep1.json	PILOT-2020000122	G	1	20	6441	6767	478	11530	0.0415	
PILOT-2020000122__G__sonnet4__rep2.json	PILOT-2020000122	G	2	20	6441	6958	666	11530	0.0578	
PILOT-2020000158__F__gpt4o-mini__rep0.json	PILOT-2020000158	F	0	10	4171	3437	1606	461	3.4837	
PILOT-2020000158__F__gpt4o-mini__rep1.json	PILOT-2020000158	F	1	20	4171	4200	269	461	0.5835	
PILOT-2020000158__F__gpt4o-mini__rep2.json	PILOT-2020000158	F	2	20	4171	4224	293	461	0.6356	
PILOT-2020000158__F__gpt5.4__rep0.json	PILOT-2020000158	F	0	20	4171	4795	852	461	1.8482	
PILOT-2020000158__F__gpt5.4__rep1.json	PILOT-2020000158	F	1	20	4171	4692	746	461	1.6182	
PILOT-2020000158__F__gpt5.4__rep2.json	PILOT-2020000158	F	2	20	4171	4568	632	461	1.3709	
PILOT-2020000158__F__haiku4.5__rep0.json	PILOT-2020000158	F	0	20	4171	5087	1167	461	2.5315	
PILOT-2020000158__F__haiku4.5__rep1.json	PILOT-2020000158	F	1	20	4171	5100	1161	461	2.5184	
PILOT-2020000158__F__haiku4.5__rep2.json	PILOT-2020000158	F	2	20	4171	4869	938	461	2.0347	
PILOT-2020000158__F__sonnet4__rep0.json	PILOT-2020000158	F	0	20	4171	4510	561	461	1.2169	
PILOT-2020000158__F__sonnet4__rep1.json	PILOT-2020000158	F	1	20	4171	4498	571	461	1.2386	
PILOT-2020000158__F__sonnet4__rep2.json	PILOT-2020000158	F	2	20	4171	4510	561	461	1.2169	
PILOT-2020000158__G__gpt4o-mini__rep0.json	PILOT-2020000158	G	0	20	4171	4195	260	461	0.564	
PILOT-2020000158__G__gpt4o-mini__rep1.json	PILOT-2020000158	G	1	20	4171	4248	317	461	0.6876	
PILOT-2020000158__G__gpt4o-mini__rep2.json	PILOT-2020000158	G	2	20	4171	4246	315	461	0.6833	
PILOT-2020000158__G__gpt5.4__rep0.json	PILOT-2020000158	G	0	20	4171	4685	728	461	1.5792	
PILOT-2020000158__G__gpt5.4__rep1.json	PILOT-2020000158	G	1	20	4171	4656	712	461	1.5445	
PILOT-2020000158__G__gpt5.4__rep2.json	PILOT-2020000158	G	2	20	4171	4577	645	461	1.3991	
PILOT-2020000158__G__haiku4.5__rep0.json	PILOT-2020000158	G	0	20	4171	5072	1139	461	2.4707	
PILOT-2020000158__G__haiku4.5__rep1.json	PILOT-2020000158	G	1	20	4171	4822	891	461	1.9328	
PILOT-2020000158__G__haiku4.5__rep2.json	PILOT-2020000158	G	2	20	4171	4817	886	461	1.9219	
PILOT-2020000158__G__sonnet4__rep0.json	PILOT-2020000158	G	0	20	4171	4372	423	461	0.9176	
PILOT-2020000158__G__sonnet4__rep1.json	PILOT-2020000158	G	1	20	4171	4372	423	461	0.9176	
PILOT-2020000158__G__sonnet4__rep2.json	PILOT-2020000158	G	2	20	4171	4372	423	461	0.9176	
PILOT-2020000362__F__gpt4o-mini__rep0.json	PILOT-2020000362	F	0	2	5042	1083	3961	4451	0.8899	
PILOT-2020000362__F__gpt4o-mini__rep1.json	PILOT-2020000362	F	1	2	5042	1083	3961	4451	0.8899	
PILOT-2020000362__F__gpt4o-mini__rep2.json	PILOT-2020000362	F	2	0			None		None	no_gen
PILOT-2020000362__F__gpt5.4__rep0.json	PILOT-2020000362	F	0	15	5042	5498	686	4451	0.1541	
PILOT-2020000362__F__gpt5.4__rep1.json	PILOT-2020000362	F	1	15	5042	5468	656	4451	0.1474	
PILOT-2020000362__F__gpt5.4__rep2.json	PILOT-2020000362	F	2	15	5042	5632	816	4451	0.1833	
PILOT-2020000362__F__haiku4.5__rep0.json	PILOT-2020000362	F	0	15	5042	7092	2202	4451	0.4947	
PILOT-2020000362__F__haiku4.5__rep1.json	PILOT-2020000362	F	1	15	5042	6360	1553	4451	0.3489	
PILOT-2020000362__F__haiku4.5__rep2.json	PILOT-2020000362	F	2	15	5042	6659	1806	4451	0.4058	
PILOT-2020000362__F__sonnet4__rep0.json	PILOT-2020000362	F	0	15	5042	5152	335	4451	0.0753	
PILOT-2020000362__F__sonnet4__rep1.json	PILOT-2020000362	F	1	15	5042	5152	335	4451	0.0753	
PILOT-2020000362__F__sonnet4__rep2.json	PILOT-2020000362	F	2	15	5042	5152	335	4451	0.0753	
PILOT-2020000362__G__gpt4o-mini__rep0.json	PILOT-2020000362	G	0	2	5042	1083	3961	4451	0.8899	
PILOT-2020000362__G__gpt4o-mini__rep1.json	PILOT-2020000362	G	1	2	5042	1083	3961	4451	0.8899	
PILOT-2020000362__G__gpt4o-mini__rep2.json	PILOT-2020000362	G	2	2	5042	1083	3961	4451	0.8899	
PILOT-2020000362__G__gpt5.4__rep0.json	PILOT-2020000362	G	0	15	5042	5774	958	4451	0.2152	
PILOT-2020000362__G__gpt5.4__rep1.json	PILOT-2020000362	G	1	15	5042	5174	440	4451	0.0989	
PILOT-2020000362__G__gpt5.4__rep2.json	PILOT-2020000362	G	2	15	5042	4905	815	4451	0.1831	
PILOT-2020000362__G__haiku4.5__rep0.json	PILOT-2020000362	G	0	15	5042	6907	2040	4451	0.4583	
PILOT-2020000362__G__haiku4.5__rep1.json	PILOT-2020000362	G	1	15	5042	7101	2231	4451	0.5012	
PILOT-2020000362__G__haiku4.5__rep2.json	PILOT-2020000362	G	2	15	5042	5417	2103	4451	0.4725	
PILOT-2020000362__G__sonnet4__rep0.json	PILOT-2020000362	G	0	15	5042	5206	391	4451	0.0878	
PILOT-2020000362__G__sonnet4__rep1.json	PILOT-2020000362	G	1	15	5042	5680	866	4451	0.1946	
PILOT-2020000362__G__sonnet4__rep2.json	PILOT-2020000362	G	2	15	5042	5153	336	4451	0.0755	
PILOT-2020000402__F__gpt4o-mini__rep0.json	PILOT-2020000402	F	0	4	3214	1652	1621	454	3.5705	
PILOT-2020000402__F__gpt4o-mini__rep1.json	PILOT-2020000402	F	1	9	3214	3353	191	454	0.4207	
PILOT-2020000402__F__gpt4o-mini__rep2.json	PILOT-2020000402	F	2	0			None		None	no_gen
PILOT-2020000402__F__gpt5.4__rep0.json	PILOT-2020000402	F	0	9	3214	3627	459	454	1.011	
PILOT-2020000402__F__gpt5.4__rep1.json	PILOT-2020000402	F	1	9	3214	3680	514	454	1.1322	
PILOT-2020000402__F__gpt5.4__rep2.json	PILOT-2020000402	F	2	9	3214	3679	508	454	1.1189	
PILOT-2020000402__F__haiku4.5__rep0.json	PILOT-2020000402	F	0	9	3214	2414	844	454	1.859	
PILOT-2020000402__F__haiku4.5__rep1.json	PILOT-2020000402	F	1	9	3214	2533	792	454	1.7445	
PILOT-2020000402__F__haiku4.5__rep2.json	PILOT-2020000402	F	2	9	3214	2438	820	454	1.8062	
PILOT-2020000402__F__sonnet4__rep0.json	PILOT-2020000402	F	0	9	3214	3598	672	454	1.4802	
PILOT-2020000402__F__sonnet4__rep1.json	PILOT-2020000402	F	1	9	3214	2714	851	454	1.8744	
PILOT-2020000402__F__sonnet4__rep2.json	PILOT-2020000402	F	2	9	3214	3429	263	454	0.5793	
PILOT-2020000402__G__gpt4o-mini__rep0.json	PILOT-2020000402	G	0	9	3214	3343	204	454	0.4493	
PILOT-2020000402__G__gpt4o-mini__rep1.json	PILOT-2020000402	G	1	9	3214	2684	619	454	1.3634	
PILOT-2020000402__G__gpt4o-mini__rep2.json	PILOT-2020000402	G	2	9	3214	3371	210	454	0.4626	
PILOT-2020000402__G__gpt5.4__rep0.json	PILOT-2020000402	G	0	9	3214	3330	166	454	0.3656	
PILOT-2020000402__G__gpt5.4__rep1.json	PILOT-2020000402	G	1	9	3214	3283	123	454	0.2709	
PILOT-2020000402__G__gpt5.4__rep2.json	PILOT-2020000402	G	2	9	3214	3317	252	454	0.5551	
PILOT-2020000402__G__haiku4.5__rep0.json	PILOT-2020000402	G	0	9	3214	2447	790	454	1.7401	
PILOT-2020000402__G__haiku4.5__rep1.json	PILOT-2020000402	G	1	9	3214	2610	687	454	1.5132	
PILOT-2020000402__G__haiku4.5__rep2.json	PILOT-2020000402	G	2	9	3214	3146	786	454	1.7313	
PILOT-2020000402__G__sonnet4__rep0.json	PILOT-2020000402	G	0	9	3214	3509	331	454	0.7291	
PILOT-2020000402__G__sonnet4__rep1.json	PILOT-2020000402	G	1	9	3214	3515	340	454	0.7489	
PILOT-2020000402__G__sonnet4__rep2.json	PILOT-2020000402	G	2	9	3214	3108	195	454	0.4295	
PILOT-2020000676__F__gpt4o-mini__rep0.json	PILOT-2020000676	F	0	20	11143	11421	402	1431	0.2809	
PILOT-2020000676__F__gpt4o-mini__rep1.json	PILOT-2020000676	F	1	20	11143	11439	375	1431	0.2621	
PILOT-2020000676__F__gpt4o-mini__rep2.json	PILOT-2020000676	F	2	20	11143	11450	389	1431	0.2718	
PILOT-2020000676__F__gpt5.4__rep0.json	PILOT-2020000676	F	0	20	11143	11952	891	1431	0.6226	
PILOT-2020000676__F__gpt5.4__rep1.json	PILOT-2020000676	F	1	20	11143	11952	891	1431	0.6226	
PILOT-2020000676__F__gpt5.4__rep2.json	PILOT-2020000676	F	2	20	11143	11952	891	1431	0.6226	
PILOT-2020000676__F__haiku4.5__rep0.json	PILOT-2020000676	F	0	20	11143	12621	1603	1431	1.1202	
PILOT-2020000676__F__haiku4.5__rep1.json	PILOT-2020000676	F	1	20	11143	4789	6867	1431	4.7987	
PILOT-2020000676__F__haiku4.5__rep2.json	PILOT-2020000676	F	2	20	11143	12199	1113	1431	0.7778	
PILOT-2020000676__F__sonnet4__rep0.json	PILOT-2020000676	F	0	20	11143	11586	525	1431	0.3669	
PILOT-2020000676__F__sonnet4__rep1.json	PILOT-2020000676	F	1	20	11143	10997	188	1431	0.1314	
PILOT-2020000676__F__sonnet4__rep2.json	PILOT-2020000676	F	2	20	11143	11571	510	1431	0.3564	
PILOT-2020000676__G__gpt4o-mini__rep0.json	PILOT-2020000676	G	0	20	11143	11580	538	1431	0.376	
PILOT-2020000676__G__gpt4o-mini__rep1.json	PILOT-2020000676	G	1	20	11143	11705	644	1431	0.45	
PILOT-2020000676__G__gpt4o-mini__rep2.json	PILOT-2020000676	G	2	20	11143	11579	510	1431	0.3564	
PILOT-2020000676__G__gpt5.4__rep0.json	PILOT-2020000676	G	0	20	11143	11922	919	1431	0.6422	
PILOT-2020000676__G__gpt5.4__rep1.json	PILOT-2020000676	G	1	20	11143	10955	1438	1431	1.0049	
PILOT-2020000676__G__gpt5.4__rep2.json	PILOT-2020000676	G	2	20	11143	11952	891	1431	0.6226	
PILOT-2020000676__G__haiku4.5__rep0.json	PILOT-2020000676	G	0	20	11143	11953	937	1431	0.6548	
PILOT-2020000676__G__haiku4.5__rep1.json	PILOT-2020000676	G	1	20	11143	12474	1466	1431	1.0245	
PILOT-2020000676__G__haiku4.5__rep2.json	PILOT-2020000676	G	2	20	11143	12685	1598	1431	1.1167	
PILOT-2020000676__G__sonnet4__rep0.json	PILOT-2020000676	G	0	20	11143	12136	1075	1431	0.7512	
PILOT-2020000676__G__sonnet4__rep1.json	PILOT-2020000676	G	1	20	11143	11790	729	1431	0.5094	
PILOT-2020000676__G__sonnet4__rep2.json	PILOT-2020000676	G	2	20	11143	12249	1188	1431	0.8302	
PILOT-2020001769__F__gpt4o-mini__rep0.json	PILOT-2020001769	F	0	21	4930	4321	684	1929	0.3546	
PILOT-2020001769__F__gpt4o-mini__rep1.json	PILOT-2020001769	F	1	4	4930	1206	3729	1929	1.9331	
PILOT-2020001769__F__gpt4o-mini__rep2.json	PILOT-2020001769	F	2	4	4930	1371	3651	1929	1.8927	
PILOT-2020001769__F__gpt5.4__rep0.json	PILOT-2020001769	F	0	21	4930	4227	824	1929	0.4272	
PILOT-2020001769__F__gpt5.4__rep1.json	PILOT-2020001769	F	1	21	4930	4506	863	1929	0.4474	
PILOT-2020001769__F__gpt5.4__rep2.json	PILOT-2020001769	F	2	21	4930	4307	825	1929	0.4277	
PILOT-2020001769__F__haiku4.5__rep0.json	PILOT-2020001769	F	0	21	4930	3931	2270	1929	1.1768	
PILOT-2020001769__F__haiku4.5__rep1.json	PILOT-2020001769	F	1	21	4930	2291	3046	1929	1.5791	
PILOT-2020001769__F__haiku4.5__rep2.json	PILOT-2020001769	F	2	21	4930	2719	2729	1929	1.4147	
PILOT-2020001769__F__sonnet4__rep0.json	PILOT-2020001769	F	0	21	4930	4443	913	1929	0.4733	
PILOT-2020001769__F__sonnet4__rep1.json	PILOT-2020001769	F	1	21	4930	4298	679	1929	0.352	
PILOT-2020001769__F__sonnet4__rep2.json	PILOT-2020001769	F	2	21	4930	4316	681	1929	0.353	
PILOT-2020001769__G__gpt4o-mini__rep0.json	PILOT-2020001769	G	0	4	4930	1316	3675	1929	1.9051	
PILOT-2020001769__G__gpt4o-mini__rep1.json	PILOT-2020001769	G	1	5	4930	1669	3415	1929	1.7703	
PILOT-2020001769__G__gpt4o-mini__rep2.json	PILOT-2020001769	G	2	4	4930	1478	3567	1929	1.8491	
PILOT-2020001769__G__gpt5.4__rep0.json	PILOT-2020001769	G	0	21	4930	4856	1247	1929	0.6464	
PILOT-2020001769__G__gpt5.4__rep1.json	PILOT-2020001769	G	1	21	4930	4407	988	1929	0.5122	
PILOT-2020001769__G__gpt5.4__rep2.json	PILOT-2020001769	G	2	21	4930	4292	809	1929	0.4194	
PILOT-2020001769__G__haiku4.5__rep0.json	PILOT-2020001769	G	0	21	4930	1842	3266	1929	1.6931	
PILOT-2020001769__G__haiku4.5__rep1.json	PILOT-2020001769	G	1	21	4930	4853	1784	1929	0.9248	
PILOT-2020001769__G__haiku4.5__rep2.json	PILOT-2020001769	G	2	21	4930	2265	3050	1929	1.5811	
PILOT-2020001769__G__sonnet4__rep0.json	PILOT-2020001769	G	0	21	4930	4320	827	1929	0.4287	
PILOT-2020001769__G__sonnet4__rep1.json	PILOT-2020001769	G	1	21	4930	4425	877	1929	0.4546	
PILOT-2020001769__G__sonnet4__rep2.json	PILOT-2020001769	G	2	21	4930	4296	800	1929	0.4147	
PILOT-2020002332__F__gpt4o-mini__rep0.json	PILOT-2020002332	F	0	3	6503	2274	4234	2358	1.7956	
PILOT-2020002332__F__gpt4o-mini__rep1.json	PILOT-2020002332	F	1	3	6503	2324	4182	2358	1.7735	
PILOT-2020002332__F__gpt4o-mini__rep2.json	PILOT-2020002332	F	2	3	6503	2175	4330	2358	1.8363	
PILOT-2020002332__F__gpt5.4__rep0.json	PILOT-2020002332	F	0	25	6503	7533	1350	2358	0.5725	
PILOT-2020002332__F__gpt5.4__rep1.json	PILOT-2020002332	F	1	25	6503	7437	1254	2358	0.5318	
PILOT-2020002332__F__gpt5.4__rep2.json	PILOT-2020002332	F	2	25	6503	7663	1480	2358	0.6277	
PILOT-2020002332__F__haiku4.5__rep0.json	PILOT-2020002332	F	0	25	6503	4590	2453	2358	1.0403	
PILOT-2020002332__F__haiku4.5__rep1.json	PILOT-2020002332	F	1	25	6503	7742	1581	2358	0.6705	
PILOT-2020002332__F__haiku4.5__rep2.json	PILOT-2020002332	F	2	25	6503	3880	3136	2358	1.3299	
PILOT-2020002332__F__sonnet4__rep0.json	PILOT-2020002332	F	0	25	6503	7719	1559	2358	0.6612	
PILOT-2020002332__F__sonnet4__rep1.json	PILOT-2020002332	F	1	25	6503	6977	819	2358	0.3473	
PILOT-2020002332__F__sonnet4__rep2.json	PILOT-2020002332	F	2	25	6503	6893	736	2358	0.3121	
PILOT-2020002332__G__gpt4o-mini__rep0.json	PILOT-2020002332	G	0	7	6503	2225	4553	2358	1.9309	
PILOT-2020002332__G__gpt4o-mini__rep1.json	PILOT-2020002332	G	1	0			None		None	no_gen
PILOT-2020002332__G__gpt4o-mini__rep2.json	PILOT-2020002332	G	2	4	6503	2215	4380	2358	1.8575	
PILOT-2020002332__G__gpt5.4__rep0.json	PILOT-2020002332	G	0	25	6503	7517	1379	2358	0.5848	
PILOT-2020002332__G__gpt5.4__rep1.json	PILOT-2020002332	G	1	25	6503	6990	1398	2358	0.5929	
PILOT-2020002332__G__gpt5.4__rep2.json	PILOT-2020002332	G	2	25	6503	7532	1345	2358	0.5704	
PILOT-2020002332__G__haiku4.5__rep0.json	PILOT-2020002332	G	0	25	6503	7186	1047	2358	0.444	
PILOT-2020002332__G__haiku4.5__rep1.json	PILOT-2020002332	G	1	25	6503	7468	1326	2358	0.5623	
PILOT-2020002332__G__haiku4.5__rep2.json	PILOT-2020002332	G	2	25	6503	7034	895	2358	0.3796	
PILOT-2020002332__G__sonnet4__rep0.json	PILOT-2020002332	G	0	25	6503	7317	1171	2358	0.4966	
PILOT-2020002332__G__sonnet4__rep1.json	PILOT-2020002332	G	1	25	6503	6991	833	2358	0.3533	
PILOT-2020002332__G__sonnet4__rep2.json	PILOT-2020002332	G	2	25	6503	7393	1233	2358	0.5229	
PILOT-2020002369__F__gpt4o-mini__rep0.json	PILOT-2020002369	F	0	2	3915	1128	2861	1148	2.4922	
PILOT-2020002369__F__gpt4o-mini__rep1.json	PILOT-2020002369	F	1	2	3915	1146	2850	1148	2.4826	
PILOT-2020002369__F__gpt4o-mini__rep2.json	PILOT-2020002369	F	2	20	3915	3902	141	1148	0.1228	
PILOT-2020002369__F__gpt5.4__rep0.json	PILOT-2020002369	F	0	20	3915	4016	267	1148	0.2326	
PILOT-2020002369__F__gpt5.4__rep1.json	PILOT-2020002369	F	1	20	3915	4089	340	1148	0.2962	
PILOT-2020002369__F__gpt5.4__rep2.json	PILOT-2020002369	F	2	20	3915	4070	321	1148	0.2796	
PILOT-2020002369__F__haiku4.5__rep0.json	PILOT-2020002369	F	0	20	3915	4303	539	1148	0.4695	
PILOT-2020002369__F__haiku4.5__rep1.json	PILOT-2020002369	F	1	20	3915	4252	489	1148	0.426	
PILOT-2020002369__F__haiku4.5__rep2.json	PILOT-2020002369	F	2	20	3915	4217	452	1148	0.3937	
PILOT-2020002369__F__sonnet4__rep0.json	PILOT-2020002369	F	0	20	3915	3934	185	1148	0.1611	
PILOT-2020002369__F__sonnet4__rep1.json	PILOT-2020002369	F	1	20	3915	3846	97	1148	0.0845	
PILOT-2020002369__F__sonnet4__rep2.json	PILOT-2020002369	F	2	20	3915	3934	185	1148	0.1611	
PILOT-2020002369__G__gpt4o-mini__rep0.json	PILOT-2020002369	G	0	4	3915	1314	2719	1148	2.3685	
PILOT-2020002369__G__gpt4o-mini__rep1.json	PILOT-2020002369	G	1	3	3915	835	3080	1148	2.6829	
PILOT-2020002369__G__gpt4o-mini__rep2.json	PILOT-2020002369	G	2	20	3915	3858	97	1148	0.0845	
PILOT-2020002369__G__gpt5.4__rep0.json	PILOT-2020002369	G	0	20	3915	4112	363	1148	0.3162	
PILOT-2020002369__G__gpt5.4__rep1.json	PILOT-2020002369	G	1	20	3915	4216	467	1148	0.4068	
PILOT-2020002369__G__gpt5.4__rep2.json	PILOT-2020002369	G	2	20	3915	4087	338	1148	0.2944	
PILOT-2020002369__G__haiku4.5__rep0.json	PILOT-2020002369	G	0	20	3915	3929	164	1148	0.1429	
PILOT-2020002369__G__haiku4.5__rep1.json	PILOT-2020002369	G	1	20	3915	3977	212	1148	0.1847	
PILOT-2020002369__G__haiku4.5__rep2.json	PILOT-2020002369	G	2	20	3915	4028	266	1148	0.2317	
PILOT-2020002369__G__sonnet4__rep0.json	PILOT-2020002369	G	0	20	3915	3846	97	1148	0.0845	
PILOT-2020002369__G__sonnet4__rep1.json	PILOT-2020002369	G	1	20	3915	3813	234	1148	0.2038	
PILOT-2020002369__G__sonnet4__rep2.json	PILOT-2020002369	G	2	20	3915	3846	97	1148	0.0845	
PILOT-2020002555__F__gpt4o-mini__rep0.json	PILOT-2020002555	F	0	20	5601	5606	188	591	0.3181	
PILOT-2020002555__F__gpt4o-mini__rep1.json	PILOT-2020002555	F	1	0			None		None	no_gen
PILOT-2020002555__F__gpt4o-mini__rep2.json	PILOT-2020002555	F	2	4	5601	1495	4158	591	7.0355	
PILOT-2020002555__F__gpt5.4__rep0.json	PILOT-2020002555	F	0	20	5601	5260	1231	591	2.0829	
PILOT-2020002555__F__gpt5.4__rep1.json	PILOT-2020002555	F	1	20	5601	5148	1119	591	1.8934	
PILOT-2020002555__F__gpt5.4__rep2.json	PILOT-2020002555	F	2	20	5601	6186	760	591	1.286	
PILOT-2020002555__F__haiku4.5__rep0.json	PILOT-2020002555	F	0	20	5601	5614	1037	591	1.7547	
PILOT-2020002555__F__haiku4.5__rep1.json	PILOT-2020002555	F	1	20	5601	3677	2855	591	4.8308	
PILOT-2020002555__F__haiku4.5__rep2.json	PILOT-2020002555	F	2	20	5601	6038	626	591	1.0592	
PILOT-2020002555__F__sonnet4__rep0.json	PILOT-2020002555	F	0	20	5601	6148	1133	591	1.9171	
PILOT-2020002555__F__sonnet4__rep1.json	PILOT-2020002555	F	1	20	5601	5506	927	591	1.5685	
PILOT-2020002555__F__sonnet4__rep2.json	PILOT-2020002555	F	2	20	5601	5502	924	591	1.5635	
PILOT-2020002555__G__gpt4o-mini__rep0.json	PILOT-2020002555	G	0	2	5601	1029	4600	591	7.7834	
PILOT-2020002555__G__gpt4o-mini__rep1.json	PILOT-2020002555	G	1	15	5601	4720	1042	591	1.7631	
PILOT-2020002555__G__gpt4o-mini__rep2.json	PILOT-2020002555	G	2	2	5601	1987	3670	591	6.2098	
PILOT-2020002555__G__gpt5.4__rep0.json	PILOT-2020002555	G	0	20	5601	6182	756	591	1.2792	
PILOT-2020002555__G__gpt5.4__rep1.json	PILOT-2020002555	G	1	20	5601	5260	1231	591	2.0829	
PILOT-2020002555__G__gpt5.4__rep2.json	PILOT-2020002555	G	2	20	5601	5902	479	591	0.8105	
PILOT-2020002555__G__haiku4.5__rep0.json	PILOT-2020002555	G	0	20	5601	7027	1689	591	2.8579	
PILOT-2020002555__G__haiku4.5__rep1.json	PILOT-2020002555	G	1	20	5601	6383	920	591	1.5567	
PILOT-2020002555__G__haiku4.5__rep2.json	PILOT-2020002555	G	2	20	5601	7223	1727	591	2.9222	
PILOT-2020002555__G__sonnet4__rep0.json	PILOT-2020002555	G	0	20	5601	6026	564	591	0.9543	
PILOT-2020002555__G__sonnet4__rep1.json	PILOT-2020002555	G	1	20	5601	5662	236	591	0.3993	
PILOT-2020002555__G__sonnet4__rep2.json	PILOT-2020002555	G	2	20	5601	5651	225	591	0.3807	
PILOT-2020002688__F__gpt4o-mini__rep0.json	PILOT-2020002688	F	0	8	10326	4516	5965	4258	1.4009	
PILOT-2020002688__F__gpt4o-mini__rep1.json	PILOT-2020002688	F	1	8	10326	3996	6449	4258	1.5146	
PILOT-2020002688__F__gpt4o-mini__rep2.json	PILOT-2020002688	F	2	7	10326	2990	7418	4258	1.7421	
PILOT-2020002688__F__gpt5.4__rep0.json	PILOT-2020002688	F	0	9	10326	4913	5944	4258	1.396	
PILOT-2020002688__F__gpt5.4__rep1.json	PILOT-2020002688	F	1	9	10326	4845	5982	4258	1.4049	
PILOT-2020002688__F__gpt5.4__rep2.json	PILOT-2020002688	F	2	9	10326	4843	5964	4258	1.4007	
PILOT-2020002688__F__haiku4.5__rep0.json	PILOT-2020002688	F	0	9	10326	5365	5730	4258	1.3457	
PILOT-2020002688__F__haiku4.5__rep1.json	PILOT-2020002688	F	1	9	10326	4890	6156	4258	1.4457	
PILOT-2020002688__F__haiku4.5__rep2.json	PILOT-2020002688	F	2	9	10326	5580	5808	4258	1.364	
PILOT-2020002688__F__sonnet4__rep0.json	PILOT-2020002688	F	0	9	10326	5432	5626	4258	1.3213	
PILOT-2020002688__F__sonnet4__rep1.json	PILOT-2020002688	F	1	9	10326	5089	6035	4258	1.4173	
PILOT-2020002688__F__sonnet4__rep2.json	PILOT-2020002688	F	2	20	10326	8796	3097	4258	0.7273	
PILOT-2020002688__G__gpt4o-mini__rep0.json	PILOT-2020002688	G	0	0			None		None	no_gen
PILOT-2020002688__G__gpt4o-mini__rep1.json	PILOT-2020002688	G	1	0			None		None	no_gen
PILOT-2020002688__G__gpt4o-mini__rep2.json	PILOT-2020002688	G	2	0			None		None	no_gen
PILOT-2020002688__G__gpt5.4__rep0.json	PILOT-2020002688	G	0	9	10326	4845	5982	4258	1.4049	
PILOT-2020002688__G__gpt5.4__rep1.json	PILOT-2020002688	G	1	9	10326	5129	5800	4258	1.3621	
PILOT-2020002688__G__gpt5.4__rep2.json	PILOT-2020002688	G	2	9	10326	4845	5982	4258	1.4049	
PILOT-2020002688__G__haiku4.5__rep0.json	PILOT-2020002688	G	0	8	10326	5518	5870	4258	1.3786	
PILOT-2020002688__G__haiku4.5__rep1.json	PILOT-2020002688	G	1	8	10326	5080	5801	4258	1.3624	
PILOT-2020002688__G__haiku4.5__rep2.json	PILOT-2020002688	G	2	8	10326	4706	6029	4258	1.4159	
PILOT-2020002688__G__sonnet4__rep0.json	PILOT-2020002688	G	0	9	10326	4903	5878	4258	1.3805	
PILOT-2020002688__G__sonnet4__rep1.json	PILOT-2020002688	G	1	9	10326	5138	5809	4258	1.3643	
PILOT-2020002688__G__sonnet4__rep2.json	PILOT-2020002688	G	2	9	10326	5050	5827	4258	1.3685	
PILOT-2020002729__F__gpt4o-mini__rep0.json	PILOT-2020002729	F	0	10	9752	3697	6181	1304	4.74	
PILOT-2020002729__F__gpt4o-mini__rep1.json	PILOT-2020002729	F	1	10	9752	3970	6243	1304	4.7876	
PILOT-2020002729__F__gpt4o-mini__rep2.json	PILOT-2020002729	F	2	11	9752	3794	6078	1304	4.661	
PILOT-2020002729__F__gpt5.4__rep0.json	PILOT-2020002729	F	0	11	9752	5090	5227	1304	4.0084	
PILOT-2020002729__F__gpt5.4__rep1.json	PILOT-2020002729	F	1	11	9752	5329	4997	1304	3.8321	
PILOT-2020002729__F__gpt5.4__rep2.json	PILOT-2020002729	F	2	11	9752	4341	5688	1304	4.362	
PILOT-2020002729__F__haiku4.5__rep0.json	PILOT-2020002729	F	0	27	9752	6798	4408	1304	3.3804	
PILOT-2020002729__F__haiku4.5__rep1.json	PILOT-2020002729	F	1	27	9752	5576	4604	1304	3.5307	
PILOT-2020002729__F__haiku4.5__rep2.json	PILOT-2020002729	F	2	27	9752	6262	4768	1304	3.6564	
PILOT-2020002729__F__sonnet4__rep0.json	PILOT-2020002729	F	0	27	9752	10144	910	1304	0.6979	
PILOT-2020002729__F__sonnet4__rep1.json	PILOT-2020002729	F	1	27	9752	9947	765	1304	0.5867	
PILOT-2020002729__F__sonnet4__rep2.json	PILOT-2020002729	F	2	27	9752	10128	946	1304	0.7255	
PILOT-2020002729__G__gpt4o-mini__rep0.json	PILOT-2020002729	G	0	0			None		None	no_gen
PILOT-2020002729__G__gpt4o-mini__rep1.json	PILOT-2020002729	G	1	0			None		None	no_gen
PILOT-2020002729__G__gpt4o-mini__rep2.json	PILOT-2020002729	G	2	0			None		None	no_gen
PILOT-2020002729__G__gpt5.4__rep0.json	PILOT-2020002729	G	0	11	9752	4785	5187	1304	3.9778	
PILOT-2020002729__G__gpt5.4__rep1.json	PILOT-2020002729	G	1	11	9752	5183	5056	1304	3.8773	
PILOT-2020002729__G__gpt5.4__rep2.json	PILOT-2020002729	G	2	11	9752	4061	5888	1304	4.5153	
PILOT-2020002729__G__haiku4.5__rep0.json	PILOT-2020002729	G	0	27	9752	6055	4904	1304	3.7607	
PILOT-2020002729__G__haiku4.5__rep1.json	PILOT-2020002729	G	1	27	9752	5540	5152	1304	3.9509	
PILOT-2020002729__G__haiku4.5__rep2.json	PILOT-2020002729	G	2	27	9752	5721	5113	1304	3.921	
PILOT-2020002729__G__sonnet4__rep0.json	PILOT-2020002729	G	0	27	9752	10221	1033	1304	0.7922	
PILOT-2020002729__G__sonnet4__rep1.json	PILOT-2020002729	G	1	27	9752	10766	1527	1304	1.171	
PILOT-2020002729__G__sonnet4__rep2.json	PILOT-2020002729	G	2	27	9752	9990	804	1304	0.6166	
PILOT-2020003998__F__gpt4o-mini__rep0.json	PILOT-2020003998	F	0	12	49574	1499	48083	46409	1.0361	
PILOT-2020003998__F__gpt4o-mini__rep1.json	PILOT-2020003998	F	1	12	49574	1564	48020	46409	1.0347	
PILOT-2020003998__F__gpt4o-mini__rep2.json	PILOT-2020003998	F	2	5	49574	930	48644	46409	1.0482	
PILOT-2020003998__F__gpt5.4__rep0.json	PILOT-2020003998	F	0	14	49574	2357	47252	46409	1.0182	
PILOT-2020003998__F__gpt5.4__rep1.json	PILOT-2020003998	F	1	14	49574	2324	47275	46409	1.0187	
PILOT-2020003998__F__gpt5.4__rep2.json	PILOT-2020003998	F	2	14	49574	2396	47202	46409	1.0171	
PILOT-2020003998__F__haiku4.5__rep0.json	PILOT-2020003998	F	0	14	49574	3348	46367	46409	0.9991	
PILOT-2020003998__F__haiku4.5__rep1.json	PILOT-2020003998	F	1	13	49574	3696	46078	46409	0.9929	
PILOT-2020003998__F__haiku4.5__rep2.json	PILOT-2020003998	F	2	27	49574	2404	47229	46409	1.0177	
PILOT-2020003998__F__sonnet4__rep0.json	PILOT-2020003998	F	0	15	49574	2263	47334	46409	1.0199	
PILOT-2020003998__F__sonnet4__rep1.json	PILOT-2020003998	F	1	15	49574	2390	47212	46409	1.0173	
PILOT-2020003998__F__sonnet4__rep2.json	PILOT-2020003998	F	2	15	49574	2353	47247	46409	1.0181	
PILOT-2020003998__G__gpt4o-mini__rep0.json	PILOT-2020003998	G	0	10	49574	1072	48503	46409	1.0451	
PILOT-2020003998__G__gpt4o-mini__rep1.json	PILOT-2020003998	G	1	8	49574	1107	48473	46409	1.0445	
PILOT-2020003998__G__gpt4o-mini__rep2.json	PILOT-2020003998	G	2	12	49574	1409	48168	46409	1.0379	
PILOT-2020003998__G__gpt5.4__rep0.json	PILOT-2020003998	G	0	14	49574	2532	47074	46409	1.0143	
PILOT-2020003998__G__gpt5.4__rep1.json	PILOT-2020003998	G	1	14	49574	2299	47298	46409	1.0192	
PILOT-2020003998__G__gpt5.4__rep2.json	PILOT-2020003998	G	2	14	49574	2288	47312	46409	1.0195	
PILOT-2020003998__G__haiku4.5__rep0.json	PILOT-2020003998	G	0	11	49574	2638	46962	46409	1.0119	
PILOT-2020003998__G__haiku4.5__rep1.json	PILOT-2020003998	G	1	14	49574	2033	47554	46409	1.0247	
PILOT-2020003998__G__haiku4.5__rep2.json	PILOT-2020003998	G	2	14	49574	2003	47584	46409	1.0253	
PILOT-2020003998__G__sonnet4__rep0.json	PILOT-2020003998	G	0	15	49574	2422	47180	46409	1.0166	
PILOT-2020003998__G__sonnet4__rep1.json	PILOT-2020003998	G	1	15	49574	2295	47300	46409	1.0192	
PILOT-2020003998__G__sonnet4__rep2.json	PILOT-2020003998	G	2	15	49574	2350	47250	46409	1.0181	
PILOT-2020004768__F__gpt4o-mini__rep0.json	PILOT-2020004768	F	0	5	3302	972	2398	1332	1.8003	
PILOT-2020004768__F__gpt4o-mini__rep1.json	PILOT-2020004768	F	1	5	3302	940	2392	1332	1.7958	
PILOT-2020004768__F__gpt4o-mini__rep2.json	PILOT-2020004768	F	2	5	3302	1153	2263	1332	1.6989	
PILOT-2020004768__F__gpt5.4__rep0.json	PILOT-2020004768	F	0	20	3302	3276	1173	1332	0.8806	
PILOT-2020004768__F__gpt5.4__rep1.json	PILOT-2020004768	F	1	20	3302	3179	1076	1332	0.8078	
PILOT-2020004768__F__gpt5.4__rep2.json	PILOT-2020004768	F	2	20	3302	3242	1139	1332	0.8551	
PILOT-2020004768__F__haiku4.5__rep0.json	PILOT-2020004768	F	0	20	3302	647	2697	1332	2.0248	
PILOT-2020004768__F__haiku4.5__rep1.json	PILOT-2020004768	F	1	20	3302	646	2697	1332	2.0248	
PILOT-2020004768__F__haiku4.5__rep2.json	PILOT-2020004768	F	2	20	3302	2955	967	1332	0.726	
PILOT-2020004768__F__sonnet4__rep0.json	PILOT-2020004768	F	0	20	3302	3304	923	1332	0.6929	
PILOT-2020004768__F__sonnet4__rep1.json	PILOT-2020004768	F	1	20	3302	3241	871	1332	0.6539	
PILOT-2020004768__F__sonnet4__rep2.json	PILOT-2020004768	F	2	20	3302	3279	909	1332	0.6824	
PILOT-2020004768__G__gpt4o-mini__rep0.json	PILOT-2020004768	G	0	5	3302	1014	2337	1332	1.7545	
PILOT-2020004768__G__gpt4o-mini__rep1.json	PILOT-2020004768	G	1	5	3302	1018	2383	1332	1.789	
PILOT-2020004768__G__gpt4o-mini__rep2.json	PILOT-2020004768	G	2	5	3302	1124	2303	1332	1.729	
PILOT-2020004768__G__gpt5.4__rep0.json	PILOT-2020004768	G	0	20	3302	3136	1106	1332	0.8303	
PILOT-2020004768__G__gpt5.4__rep1.json	PILOT-2020004768	G	1	20	3302	3425	1179	1332	0.8851	
PILOT-2020004768__G__gpt5.4__rep2.json	PILOT-2020004768	G	2	20	3302	3754	1582	1332	1.1877	
PILOT-2020004768__G__haiku4.5__rep0.json	PILOT-2020004768	G	0	20	3302	775	2590	1332	1.9444	
PILOT-2020004768__G__haiku4.5__rep1.json	PILOT-2020004768	G	1	20	3302	775	2591	1332	1.9452	
PILOT-2020004768__G__haiku4.5__rep2.json	PILOT-2020004768	G	2	20	3302	1109	2352	1332	1.7658	
PILOT-2020004768__G__sonnet4__rep0.json	PILOT-2020004768	G	0	20	3302	2914	769	1332	0.5773	
PILOT-2020004768__G__sonnet4__rep1.json	PILOT-2020004768	G	1	20	3302	3099	911	1332	0.6839	
PILOT-2020004768__G__sonnet4__rep2.json	PILOT-2020004768	G	2	20	3302	2914	769	1332	0.5773	
PILOT-2020006264__F__gpt4o-mini__rep0.json	PILOT-2020006264	F	0	2	4312	1627	2736	753	3.6335	
PILOT-2020006264__F__gpt4o-mini__rep1.json	PILOT-2020006264	F	1	2	4312	1627	2736	753	3.6335	
PILOT-2020006264__F__gpt4o-mini__rep2.json	PILOT-2020006264	F	2	2	4312	1709	2817	753	3.741	
PILOT-2020006264__F__gpt5.4__rep0.json	PILOT-2020006264	F	0	20	4312	4535	1036	753	1.3758	
PILOT-2020006264__F__gpt5.4__rep1.json	PILOT-2020006264	F	1	20	4312	4621	594	753	0.7888	
PILOT-2020006264__F__gpt5.4__rep2.json	PILOT-2020006264	F	2	20	4312	4678	698	753	0.927	
PILOT-2020006264__F__haiku4.5__rep0.json	PILOT-2020006264	F	0	20	4312	6129	1981	753	2.6308	
PILOT-2020006264__F__haiku4.5__rep1.json	PILOT-2020006264	F	1	20	4312	7082	2937	753	3.9004	
PILOT-2020006264__F__haiku4.5__rep2.json	PILOT-2020006264	F	2	20	4312	8027	3865	753	5.1328	
PILOT-2020006264__F__sonnet4__rep0.json	PILOT-2020006264	F	0	0			None		None	no_gen
PILOT-2020006264__F__sonnet4__rep1.json	PILOT-2020006264	F	1	20	4312	4292	314	753	0.417	
PILOT-2020006264__F__sonnet4__rep2.json	PILOT-2020006264	F	2	20	4312	4306	330	753	0.4382	
PILOT-2020006264__G__gpt4o-mini__rep0.json	PILOT-2020006264	G	0	2	4312	1635	2735	753	3.6321	
PILOT-2020006264__G__gpt4o-mini__rep1.json	PILOT-2020006264	G	1	2	4312	1631	2735	753	3.6321	
PILOT-2020006264__G__gpt4o-mini__rep2.json	PILOT-2020006264	G	2	2	4312	1631	2735	753	3.6321	
PILOT-2020006264__G__gpt5.4__rep0.json	PILOT-2020006264	G	0	20	4312	4060	1206	753	1.6016	
PILOT-2020006264__G__gpt5.4__rep1.json	PILOT-2020006264	G	1	20	4312	4371	1531	753	2.0332	
PILOT-2020006264__G__gpt5.4__rep2.json	PILOT-2020006264	G	2	20	4312	4396	420	753	0.5578	
PILOT-2020006264__G__haiku4.5__rep0.json	PILOT-2020006264	G	0	20	4312	5814	1722	753	2.2869	
PILOT-2020006264__G__haiku4.5__rep1.json	PILOT-2020006264	G	1	20	4312	5786	1639	753	2.1766	
PILOT-2020006264__G__haiku4.5__rep2.json	PILOT-2020006264	G	2	20	4312	6306	2158	753	2.8659	
PILOT-2020006264__G__sonnet4__rep0.json	PILOT-2020006264	G	0	20	4312	4264	288	753	0.3825	
PILOT-2020006264__G__sonnet4__rep1.json	PILOT-2020006264	G	1	20	4312	4264	288	753	0.3825	
PILOT-2020006264__G__sonnet4__rep2.json	PILOT-2020006264	G	2	20	4312	4343	361	753	0.4794	
PILOT-2020006435__F__gpt4o-mini__rep0.json	PILOT-2020006435	F	0	10	5730	2267	3759	1021	3.6817	
PILOT-2020006435__F__gpt4o-mini__rep1.json	PILOT-2020006435	F	1	5	5730	1431	4332	1021	4.2429	
PILOT-2020006435__F__gpt4o-mini__rep2.json	PILOT-2020006435	F	2	8	5730	2271	3547	1021	3.474	
PILOT-2020006435__F__gpt5.4__rep0.json	PILOT-2020006435	F	0	33	5730	6233	1318	1021	1.2909	
PILOT-2020006435__F__gpt5.4__rep1.json	PILOT-2020006435	F	1	33	5730	6105	1158	1021	1.1342	
PILOT-2020006435__F__gpt5.4__rep2.json	PILOT-2020006435	F	2	33	5730	6504	1540	1021	1.5083	
PILOT-2020006435__F__haiku4.5__rep0.json	PILOT-2020006435	F	0	33	5730	6560	1605	1021	1.572	
PILOT-2020006435__F__haiku4.5__rep1.json	PILOT-2020006435	F	1	33	5730	6654	1695	1021	1.6601	
PILOT-2020006435__F__haiku4.5__rep2.json	PILOT-2020006435	F	2	33	5730	6827	1839	1021	1.8012	
PILOT-2020006435__F__sonnet4__rep0.json	PILOT-2020006435	F	0	33	5730	6024	1087	1021	1.0646	
PILOT-2020006435__F__sonnet4__rep1.json	PILOT-2020006435	F	1	33	5730	6024	1087	1021	1.0646	
PILOT-2020006435__F__sonnet4__rep2.json	PILOT-2020006435	F	2	33	5730	6024	1087	1021	1.0646	
PILOT-2020006435__G__gpt4o-mini__rep0.json	PILOT-2020006435	G	0	33	5730	5593	659	1021	0.6454	
PILOT-2020006435__G__gpt4o-mini__rep1.json	PILOT-2020006435	G	1	8	5730	2055	3827	1021	3.7483	
PILOT-2020006435__G__gpt4o-mini__rep2.json	PILOT-2020006435	G	2	9	5730	2131	3860	1021	3.7806	
PILOT-2020006435__G__gpt5.4__rep0.json	PILOT-2020006435	G	0	33	5730	6501	1587	1021	1.5544	
PILOT-2020006435__G__gpt5.4__rep1.json	PILOT-2020006435	G	1	33	5730	6291	1336	1021	1.3085	
PILOT-2020006435__G__gpt5.4__rep2.json	PILOT-2020006435	G	2	33	5730	6627	1707	1021	1.6719	
PILOT-2020006435__G__haiku4.5__rep0.json	PILOT-2020006435	G	0	33	5730	6118	1177	1021	1.1528	
PILOT-2020006435__G__haiku4.5__rep1.json	PILOT-2020006435	G	1	33	5730	6527	1541	1021	1.5093	
PILOT-2020006435__G__haiku4.5__rep2.json	PILOT-2020006435	G	2	33	5730	6556	1587	1021	1.5544	
PILOT-2020006435__G__sonnet4__rep0.json	PILOT-2020006435	G	0	33	5730	5566	653	1021	0.6396	
PILOT-2020006435__G__sonnet4__rep1.json	PILOT-2020006435	G	1	33	5730	5551	612	1021	0.5994	
PILOT-2020006435__G__sonnet4__rep2.json	PILOT-2020006435	G	2	33	5730	5486	572	1021	0.5602	
PILOT-2021000834__F__gpt4o-mini__rep0.json	PILOT-2021000834	F	0	6	4172	1367	2901	617	4.7018	
PILOT-2021000834__F__gpt4o-mini__rep1.json	PILOT-2021000834	F	1	5	4172	1387	2922	617	4.7358	
PILOT-2021000834__F__gpt4o-mini__rep2.json	PILOT-2021000834	F	2	0			None		None	no_gen
PILOT-2021000834__F__gpt5.4__rep0.json	PILOT-2021000834	F	0	20	4172	4503	433	617	0.7018	
PILOT-2021000834__F__gpt5.4__rep1.json	PILOT-2021000834	F	1	20	4172	4401	276	617	0.4473	
PILOT-2021000834__F__gpt5.4__rep2.json	PILOT-2021000834	F	2	7	4172	1447	2886	617	4.6775	
PILOT-2021000834__F__haiku4.5__rep0.json	PILOT-2021000834	F	0	20	4172	4272	203	617	0.329	
PILOT-2021000834__F__haiku4.5__rep1.json	PILOT-2021000834	F	1	20	4172	4426	264	617	0.4279	
PILOT-2021000834__F__haiku4.5__rep2.json	PILOT-2021000834	F	2	20	4172	4222	153	617	0.248	
PILOT-2021000834__F__sonnet4__rep0.json	PILOT-2021000834	F	0	20	4172	4230	162	617	0.2626	
PILOT-2021000834__F__sonnet4__rep1.json	PILOT-2021000834	F	1	20	4172	4225	150	617	0.2431	
PILOT-2021000834__F__sonnet4__rep2.json	PILOT-2021000834	F	2	20	4172	4227	156	617	0.2528	
PILOT-2021000834__G__gpt4o-mini__rep0.json	PILOT-2021000834	G	0	6	4172	1597	2849	617	4.6175	
PILOT-2021000834__G__gpt4o-mini__rep1.json	PILOT-2021000834	G	1	6	4172	1715	2740	617	4.4408	
PILOT-2021000834__G__gpt4o-mini__rep2.json	PILOT-2021000834	G	2	6	4172	1393	2941	617	4.7666	
PILOT-2021000834__G__gpt5.4__rep0.json	PILOT-2021000834	G	0	20	4172	4494	400	617	0.6483	
PILOT-2021000834__G__gpt5.4__rep1.json	PILOT-2021000834	G	1	20	4172	4471	379	617	0.6143	
PILOT-2021000834__G__gpt5.4__rep2.json	PILOT-2021000834	G	2	20	4172	4494	352	617	0.5705	
PILOT-2021000834__G__haiku4.5__rep0.json	PILOT-2021000834	G	0	20	4172	4470	329	617	0.5332	
PILOT-2021000834__G__haiku4.5__rep1.json	PILOT-2021000834	G	1	20	4172	5008	847	617	1.3728	
PILOT-2021000834__G__haiku4.5__rep2.json	PILOT-2021000834	G	2	20	4172	4749	585	617	0.9481	
PILOT-2021000834__G__sonnet4__rep0.json	PILOT-2021000834	G	0	20	4172	4412	270	617	0.4376	
PILOT-2021000834__G__sonnet4__rep1.json	PILOT-2021000834	G	1	20	4172	4412	326	617	0.5284	
PILOT-2021000834__G__sonnet4__rep2.json	PILOT-2021000834	G	2	20	4172	4414	329	617	0.5332	
PILOT-2021001124__F__gpt4o-mini__rep0.json	PILOT-2021001124	F	0	0			None		None	no_gen
PILOT-2021001124__F__gpt4o-mini__rep1.json	PILOT-2021001124	F	1	0			None		None	no_gen
PILOT-2021001124__F__gpt4o-mini__rep2.json	PILOT-2021001124	F	2	0			None		None	no_gen
PILOT-2021001124__F__gpt5.4__rep0.json	PILOT-2021001124	F	0	15	6936	8018	1236	6855	0.1803	
PILOT-2021001124__F__gpt5.4__rep1.json	PILOT-2021001124	F	1	15	6936	8171	1392	6855	0.2031	
PILOT-2021001124__F__gpt5.4__rep2.json	PILOT-2021001124	F	2	15	6936	7450	671	6855	0.0979	
PILOT-2021001124__F__haiku4.5__rep0.json	PILOT-2021001124	F	0	11	6936	7987	2349	6855	0.3427	
PILOT-2021001124__F__haiku4.5__rep1.json	PILOT-2021001124	F	1	11	6936	8626	2725	6855	0.3975	
PILOT-2021001124__F__haiku4.5__rep2.json	PILOT-2021001124	F	2	11	6936	7680	2059	6855	0.3004	
PILOT-2021001124__F__sonnet4__rep0.json	PILOT-2021001124	F	0	15	6936	7833	1050	6855	0.1532	
PILOT-2021001124__F__sonnet4__rep1.json	PILOT-2021001124	F	1	15	6936	8861	2302	6855	0.3358	
PILOT-2021001124__F__sonnet4__rep2.json	PILOT-2021001124	F	2	15	6936	8497	2227	6855	0.3249	
PILOT-2021001124__G__gpt4o-mini__rep0.json	PILOT-2021001124	G	0	0			None		None	no_gen
PILOT-2021001124__G__gpt4o-mini__rep1.json	PILOT-2021001124	G	1	0			None		None	no_gen
PILOT-2021001124__G__gpt4o-mini__rep2.json	PILOT-2021001124	G	2	9	6936	5666	1673	6855	0.2441	
PILOT-2021001124__G__gpt5.4__rep0.json	PILOT-2021001124	G	0	15	6936	8379	1594	6855	0.2325	
PILOT-2021001124__G__gpt5.4__rep1.json	PILOT-2021001124	G	1	15	6936	8376	1591	6855	0.2321	
PILOT-2021001124__G__gpt5.4__rep2.json	PILOT-2021001124	G	2	15	6936	8243	1458	6855	0.2127	
PILOT-2021001124__G__haiku4.5__rep0.json	PILOT-2021001124	G	0	15	6936	8093	1309	6855	0.191	
PILOT-2021001124__G__haiku4.5__rep1.json	PILOT-2021001124	G	1	15	6936	8065	1276	6855	0.1861	
PILOT-2021001124__G__haiku4.5__rep2.json	PILOT-2021001124	G	2	11	6936	8552	2817	6855	0.4109	
PILOT-2021001124__G__sonnet4__rep0.json	PILOT-2021001124	G	0	15	6936	7713	930	6855	0.1357	
PILOT-2021001124__G__sonnet4__rep1.json	PILOT-2021001124	G	1	11	6936	6618	1529	6855	0.223	
PILOT-2021001124__G__sonnet4__rep2.json	PILOT-2021001124	G	2	15	6936	7713	930	6855	0.1357	
PILOT-2021002328__F__gpt4o-mini__rep0.json	PILOT-2021002328	F	0	10	15772	4503	11472	10393	1.1038	
PILOT-2021002328__F__gpt4o-mini__rep1.json	PILOT-2021002328	F	1	0			None		None	no_gen
PILOT-2021002328__F__gpt4o-mini__rep2.json	PILOT-2021002328	F	2	7	15772	3621	12314	10393	1.1848	
PILOT-2021002328__F__gpt5.4__rep0.json	PILOT-2021002328	F	0	14	15772	5015	10921	10393	1.0508	
PILOT-2021002328__F__gpt5.4__rep1.json	PILOT-2021002328	F	1	14	15772	5428	10810	10393	1.0401	
PILOT-2021002328__F__gpt5.4__rep2.json	PILOT-2021002328	F	2	14	15772	5275	10748	10393	1.0342	
PILOT-2021002328__F__haiku4.5__rep0.json	PILOT-2021002328	F	0	9	15772	3881	11963	10393	1.1511	
PILOT-2021002328__F__haiku4.5__rep1.json	PILOT-2021002328	F	1	12	15772	5165	11275	10393	1.0849	
PILOT-2021002328__F__haiku4.5__rep2.json	PILOT-2021002328	F	2	12	15772	4854	11375	10393	1.0945	
PILOT-2021002328__F__sonnet4__rep0.json	PILOT-2021002328	F	0	14	15772	5480	11082	10393	1.0663	
PILOT-2021002328__F__sonnet4__rep1.json	PILOT-2021002328	F	1	14	15772	5067	11030	10393	1.0613	
PILOT-2021002328__F__sonnet4__rep2.json	PILOT-2021002328	F	2	14	15772	4870	11237	10393	1.0812	
PILOT-2021002328__G__gpt4o-mini__rep0.json	PILOT-2021002328	G	0	0			None		None	no_gen
PILOT-2021002328__G__gpt4o-mini__rep1.json	PILOT-2021002328	G	1	0			None		None	no_gen
PILOT-2021002328__G__gpt4o-mini__rep2.json	PILOT-2021002328	G	2	0			None		None	no_gen
PILOT-2021002328__G__gpt5.4__rep0.json	PILOT-2021002328	G	0	14	15772	5141	10767	10393	1.036	
PILOT-2021002328__G__gpt5.4__rep1.json	PILOT-2021002328	G	1	14	15772	5254	10850	10393	1.044	
PILOT-2021002328__G__gpt5.4__rep2.json	PILOT-2021002328	G	2	14	15772	5066	10957	10393	1.0543	
PILOT-2021002328__G__haiku4.5__rep0.json	PILOT-2021002328	G	0	40	15772	15328	1161	10393	0.1117	
PILOT-2021002328__G__haiku4.5__rep1.json	PILOT-2021002328	G	1	24	15772	8358	8253	10393	0.7941	
PILOT-2021002328__G__haiku4.5__rep2.json	PILOT-2021002328	G	2	11	15772	4428	11835	10393	1.1387	
PILOT-2021002328__G__sonnet4__rep0.json	PILOT-2021002328	G	0	14	15772	4916	11076	10393	1.0657	
PILOT-2021002328__G__sonnet4__rep1.json	PILOT-2021002328	G	1	14	15772	5263	10926	10393	1.0513	
PILOT-2021002328__G__sonnet4__rep2.json	PILOT-2021002328	G	2	14	15772	5323	11029	10393	1.0612	
PILOT-2021003980__F__gpt4o-mini__rep0.json	PILOT-2021003980	F	0	5	6336	1575	4788	844	5.673	
PILOT-2021003980__F__gpt4o-mini__rep1.json	PILOT-2021003980	F	1	6	6336	2162	4483	844	5.3116	
PILOT-2021003980__F__gpt4o-mini__rep2.json	PILOT-2021003980	F	2	15	6336	4446	1989	844	2.3566	
PILOT-2021003980__F__gpt5.4__rep0.json	PILOT-2021003980	F	0	20	6336	7109	774	844	0.9171	
PILOT-2021003980__F__gpt5.4__rep1.json	PILOT-2021003980	F	1	20	6336	7624	1289	844	1.5273	
PILOT-2021003980__F__gpt5.4__rep2.json	PILOT-2021003980	F	2	20	6336	7624	1289	844	1.5273	
PILOT-2021003980__F__haiku4.5__rep0.json	PILOT-2021003980	F	0	16	6336	3744	3520	844	4.1706	
PILOT-2021003980__F__haiku4.5__rep1.json	PILOT-2021003980	F	1	20	6336	7825	2617	844	3.1007	
PILOT-2021003980__F__haiku4.5__rep2.json	PILOT-2021003980	F	2	20	6336	3417	3859	844	4.5723	
PILOT-2021003980__F__sonnet4__rep0.json	PILOT-2021003980	F	0	20	6336	7169	835	844	0.9893	
PILOT-2021003980__F__sonnet4__rep1.json	PILOT-2021003980	F	1	20	6336	7179	845	844	1.0012	
PILOT-2021003980__F__sonnet4__rep2.json	PILOT-2021003980	F	2	0			None		None	no_gen
PILOT-2021003980__G__gpt4o-mini__rep0.json	PILOT-2021003980	G	0	6	6336	3003	3665	844	4.3424	
PILOT-2021003980__G__gpt4o-mini__rep1.json	PILOT-2021003980	G	1	3	6336	1509	4838	844	5.7322	
PILOT-2021003980__G__gpt4o-mini__rep2.json	PILOT-2021003980	G	2	5	6336	2212	4237	844	5.0201	
PILOT-2021003980__G__gpt5.4__rep0.json	PILOT-2021003980	G	0	20	6336	7013	1034	844	1.2251	
PILOT-2021003980__G__gpt5.4__rep1.json	PILOT-2021003980	G	1	20	6336	7243	908	844	1.0758	
PILOT-2021003980__G__gpt5.4__rep2.json	PILOT-2021003980	G	2	20	6336	7031	696	844	0.8246	
PILOT-2021003980__G__haiku4.5__rep0.json	PILOT-2021003980	G	0	20	6336	8493	2159	844	2.5581	
PILOT-2021003980__G__haiku4.5__rep1.json	PILOT-2021003980	G	1	20	6336	7884	1550	844	1.8365	
PILOT-2021003980__G__haiku4.5__rep2.json	PILOT-2021003980	G	2	20	6336	8386	2052	844	2.4313	
PILOT-2021003980__G__sonnet4__rep0.json	PILOT-2021003980	G	0	20	6336	7267	932	844	1.1043	
PILOT-2021003980__G__sonnet4__rep1.json	PILOT-2021003980	G	1	20	6336	7177	842	844	0.9976	
PILOT-2021003980__G__sonnet4__rep2.json	PILOT-2021003980	G	2	20	6336	7177	842	844	0.9976	
PILOT-2022000316__F__gpt4o-mini__rep0.json	PILOT-2022000316	F	0	4	12208	207	12001	9265	1.2953	
PILOT-2022000316__F__gpt4o-mini__rep1.json	PILOT-2022000316	F	1	5	12208	1377	10874	9265	1.1737	
PILOT-2022000316__F__gpt4o-mini__rep2.json	PILOT-2022000316	F	2	4	12208	1662	10600	9265	1.1441	
PILOT-2022000316__F__gpt5.4__rep0.json	PILOT-2022000316	F	0	25	12208	12842	860	9265	0.0928	
PILOT-2022000316__F__gpt5.4__rep1.json	PILOT-2022000316	F	1	25	12208	12319	662	9265	0.0715	
PILOT-2022000316__F__gpt5.4__rep2.json	PILOT-2022000316	F	2	25	12208	12193	453	9265	0.0489	
PILOT-2022000316__F__haiku4.5__rep0.json	PILOT-2022000316	F	0	25	12208	11983	1472	9265	0.1589	
PILOT-2022000316__F__haiku4.5__rep1.json	PILOT-2022000316	F	1	25	12208	12902	922	9265	0.0995	
PILOT-2022000316__F__haiku4.5__rep2.json	PILOT-2022000316	F	2	25	12208	12894	915	9265	0.0988	
PILOT-2022000316__F__sonnet4__rep0.json	PILOT-2022000316	F	0	25	12208	12268	547	9265	0.059	
PILOT-2022000316__F__sonnet4__rep1.json	PILOT-2022000316	F	1	25	12208	13051	1051	9265	0.1134	
PILOT-2022000316__F__sonnet4__rep2.json	PILOT-2022000316	F	2	25	12208	13702	1660	9265	0.1792	
PILOT-2022000316__G__gpt4o-mini__rep0.json	PILOT-2022000316	G	0	4	12208	884	11339	9265	1.2239	
PILOT-2022000316__G__gpt4o-mini__rep1.json	PILOT-2022000316	G	1	4	12208	933	11300	9265	1.2196	
PILOT-2022000316__G__gpt4o-mini__rep2.json	PILOT-2022000316	G	2	4	12208	1060	11192	9265	1.208	
PILOT-2022000316__G__gpt5.4__rep0.json	PILOT-2022000316	G	0	25	12208	12878	900	9265	0.0971	
PILOT-2022000316__G__gpt5.4__rep1.json	PILOT-2022000316	G	1	25	12208	13026	1134	9265	0.1224	
PILOT-2022000316__G__gpt5.4__rep2.json	PILOT-2022000316	G	2	25	12208	12894	890	9265	0.0961	
PILOT-2022000316__G__haiku4.5__rep0.json	PILOT-2022000316	G	0	25	12208	12016	1480	9265	0.1597	
PILOT-2022000316__G__haiku4.5__rep1.json	PILOT-2022000316	G	1	25	12208	12875	893	9265	0.0964	
PILOT-2022000316__G__haiku4.5__rep2.json	PILOT-2022000316	G	2	25	12208	12889	903	9265	0.0975	
PILOT-2022000316__G__sonnet4__rep0.json	PILOT-2022000316	G	0	25	12208	12893	915	9265	0.0988	
PILOT-2022000316__G__sonnet4__rep1.json	PILOT-2022000316	G	1	25	12208	13005	986	9265	0.1064	
PILOT-2022000316__G__sonnet4__rep2.json	PILOT-2022000316	G	2	25	12208	12901	922	9265	0.0995	
PILOT-2022001087__F__gpt4o-mini__rep0.json	PILOT-2022001087	F	0	12	9892	3726	6273	2682	2.3389	
PILOT-2022001087__F__gpt4o-mini__rep1.json	PILOT-2022001087	F	1	10	9892	3521	6446	2682	2.4034	
PILOT-2022001087__F__gpt4o-mini__rep2.json	PILOT-2022001087	F	2	21	9892	6229	3729	2682	1.3904	
PILOT-2022001087__F__gpt5.4__rep0.json	PILOT-2022001087	F	0	24	9892	8138	1904	2682	0.7099	
PILOT-2022001087__F__gpt5.4__rep1.json	PILOT-2022001087	F	1	24	9892	8367	1682	2682	0.6271	
PILOT-2022001087__F__gpt5.4__rep2.json	PILOT-2022001087	F	2	24	9892	8293	1745	2682	0.6506	
PILOT-2022001087__F__haiku4.5__rep0.json	PILOT-2022001087	F	0	24	9892	4731	5354	2682	1.9963	
PILOT-2022001087__F__haiku4.5__rep1.json	PILOT-2022001087	F	1	24	9892	7482	3130	2682	1.167	
PILOT-2022001087__F__haiku4.5__rep2.json	PILOT-2022001087	F	2	24	9892	5180	4876	2682	1.818	
PILOT-2022001087__F__sonnet4__rep0.json	PILOT-2022001087	F	0	24	9892	8820	1783	2682	0.6648	
PILOT-2022001087__F__sonnet4__rep1.json	PILOT-2022001087	F	1	24	9892	5070	5005	2682	1.8661	
PILOT-2022001087__F__sonnet4__rep2.json	PILOT-2022001087	F	2	24	9892	10276	2899	2682	1.0809	
PILOT-2022001087__G__gpt4o-mini__rep0.json	PILOT-2022001087	G	0	12	9892	3813	6119	2682	2.2815	
PILOT-2022001087__G__gpt4o-mini__rep1.json	PILOT-2022001087	G	1	24	9892	7005	3011	2682	1.1227	
PILOT-2022001087__G__gpt4o-mini__rep2.json	PILOT-2022001087	G	2	15	9892	5349	4727	2682	1.7625	
PILOT-2022001087__G__gpt5.4__rep0.json	PILOT-2022001087	G	0	24	9892	7702	2402	2682	0.8956	
PILOT-2022001087__G__gpt5.4__rep1.json	PILOT-2022001087	G	1	24	9892	8333	1792	2682	0.6682	
PILOT-2022001087__G__gpt5.4__rep2.json	PILOT-2022001087	G	2	24	9892	6459	3871	2682	1.4433	
PILOT-2022001087__G__haiku4.5__rep0.json	PILOT-2022001087	G	0	24	9892	7325	3371	2682	1.2569	
PILOT-2022001087__G__haiku4.5__rep1.json	PILOT-2022001087	G	1	24	9892	6853	3754	2682	1.3997	
PILOT-2022001087__G__haiku4.5__rep2.json	PILOT-2022001087	G	2	24	9892	7406	3189	2682	1.189	
PILOT-2022001087__G__sonnet4__rep0.json	PILOT-2022001087	G	0	24	9892	8472	1694	2682	0.6316	
PILOT-2022001087__G__sonnet4__rep1.json	PILOT-2022001087	G	1	24	9892	8476	2602	2682	0.9702	
PILOT-2022001087__G__sonnet4__rep2.json	PILOT-2022001087	G	2	24	9892	8548	1833	2682	0.6834	
