file	case	cond	rep	c3	c3_recall	c3_prec	c3_f1	n_claims	reason
PILOT-2009010505__F__gpt4o-mini__rep0.json	PILOT-2009010505	F	0	None				0	no_gen
PILOT-2009010505__F__gpt4o-mini__rep1.json	PILOT-2009010505	F	1	None				0	no_gen
PILOT-2009010505__F__gpt4o-mini__rep2.json	PILOT-2009010505	F	2	0.6134	0.8788	0.662	0.751	3	
PILOT-2009010505__F__gpt5.4__rep0.json	PILOT-2009010505	F	0	0.8713	0.9588	0.9036	0.9234	28	
PILOT-2009010505__F__gpt5.4__rep1.json	PILOT-2009010505	F	1	0.9387	0.9588	0.9799	0.9646	28	
PILOT-2009010505__F__gpt5.4__rep2.json	PILOT-2009010505	F	2	0.9	0.9588	0.9412	0.9424	28	
PILOT-2009010505__F__haiku4.5__rep0.json	PILOT-2009010505	F	0	0.6431	0.9573	0.6616	0.7765	27	
PILOT-2009010505__F__haiku4.5__rep1.json	PILOT-2009010505	F	1	0.6664	0.9539	0.6882	0.7951	25	
PILOT-2009010505__F__haiku4.5__rep2.json	PILOT-2009010505	F	2	0.5617	0.952	0.5803	0.7121	24	
PILOT-2009010505__F__sonnet4__rep0.json	PILOT-2009010505	F	0	0.9345	0.9588	0.9757	0.9609	28	
PILOT-2009010505__F__sonnet4__rep1.json	PILOT-2009010505	F	1	0.8296	0.9588	0.8592	0.8942	28	
PILOT-2009010505__F__sonnet4__rep2.json	PILOT-2009010505	F	2	0.9211	0.9588	0.9623	0.9535	28	
PILOT-2009010505__G__gpt4o-mini__rep0.json	PILOT-2009010505	G	0	0.79	0.9388	0.838	0.8768	25	
PILOT-2009010505__G__gpt4o-mini__rep1.json	PILOT-2009010505	G	1	None				0	no_gen
PILOT-2009010505__G__gpt4o-mini__rep2.json	PILOT-2009010505	G	2	None				0	no_gen
PILOT-2009010505__G__gpt5.4__rep0.json	PILOT-2009010505	G	0	0.9387	0.9588	0.9799	0.9646	28	
PILOT-2009010505__G__gpt5.4__rep1.json	PILOT-2009010505	G	1	0.9308	0.9588	0.9719	0.9596	28	
PILOT-2009010505__G__gpt5.4__rep2.json	PILOT-2009010505	G	2	0.9308	0.9588	0.9719	0.9596	28	
PILOT-2009010505__G__haiku4.5__rep0.json	PILOT-2009010505	G	0	0.6759	0.9494	0.7029	0.8035	12	
PILOT-2009010505__G__haiku4.5__rep1.json	PILOT-2009010505	G	1	0.6421	0.9588	0.6619	0.775	28	
PILOT-2009010505__G__haiku4.5__rep2.json	PILOT-2009010505	G	2	0.6195	0.9557	0.6361	0.7514	26	
PILOT-2009010505__G__sonnet4__rep0.json	PILOT-2009010505	G	0	0.8353	0.9588	0.8681	0.8956	28	
PILOT-2009010505__G__sonnet4__rep1.json	PILOT-2009010505	G	1	0.8311	0.9588	0.8615	0.895	28	
PILOT-2009010505__G__sonnet4__rep2.json	PILOT-2009010505	G	2	0.9173	0.9588	0.9585	0.9509	28	
PILOT-2010007757__F__gpt4o-mini__rep0.json	PILOT-2010007757	F	0	0.5095	0.869	0.569	0.6585	3	
PILOT-2010007757__F__gpt4o-mini__rep1.json	PILOT-2010007757	F	1	None				0	no_gen
PILOT-2010007757__F__gpt4o-mini__rep2.json	PILOT-2010007757	F	2	0.7414	1.0	0.7414	0.8452	3	
PILOT-2010007757__F__gpt5.4__rep0.json	PILOT-2010007757	F	0	0.9488	0.9804	0.9684	0.9698	17	
PILOT-2010007757__F__gpt5.4__rep1.json	PILOT-2010007757	F	1	0.9265	0.9804	0.9461	0.9563	17	
PILOT-2010007757__F__gpt5.4__rep2.json	PILOT-2010007757	F	2	0.9265	0.9804	0.9461	0.9563	17	
PILOT-2010007757__F__haiku4.5__rep0.json	PILOT-2010007757	F	0	0.469	1.0	0.469	0.6351	3	
PILOT-2010007757__F__haiku4.5__rep1.json	PILOT-2010007757	F	1	0.5795	1.0	0.5795	0.7301	3	
PILOT-2010007757__F__haiku4.5__rep2.json	PILOT-2010007757	F	2	0.4628	1.0	0.4628	0.6193	3	
PILOT-2010007757__F__sonnet4__rep0.json	PILOT-2010007757	F	0	0.89	0.9778	0.9122	0.936	15	
PILOT-2010007757__F__sonnet4__rep1.json	PILOT-2010007757	F	1	0.9	1.0	0.9	0.9412	3	
PILOT-2010007757__F__sonnet4__rep2.json	PILOT-2010007757	F	2	0.8626	0.9804	0.8822	0.9174	17	
PILOT-2010007757__G__gpt4o-mini__rep0.json	PILOT-2010007757	G	0	None				0	no_gen
PILOT-2010007757__G__gpt4o-mini__rep1.json	PILOT-2010007757	G	1	0.7113	0.9341	0.7478	0.822	9	
PILOT-2010007757__G__gpt4o-mini__rep2.json	PILOT-2010007757	G	2	None				0	no_gen
PILOT-2010007757__G__gpt5.4__rep0.json	PILOT-2010007757	G	0	0.959	0.9804	0.9786	0.9752	17	
PILOT-2010007757__G__gpt5.4__rep1.json	PILOT-2010007757	G	1	0.9488	0.9804	0.9684	0.9698	17	
PILOT-2010007757__G__gpt5.4__rep2.json	PILOT-2010007757	G	2	0.9003	0.9804	0.9199	0.935	17	
PILOT-2010007757__G__haiku4.5__rep0.json	PILOT-2010007757	G	0	0.561	1.0	0.561	0.713	3	
PILOT-2010007757__G__haiku4.5__rep1.json	PILOT-2010007757	G	1	0.8025	0.9744	0.8282	0.8749	13	
PILOT-2010007757__G__haiku4.5__rep2.json	PILOT-2010007757	G	2	0.5366	1.0	0.5366	0.698	3	
PILOT-2010007757__G__sonnet4__rep0.json	PILOT-2010007757	G	0	0.89	0.9778	0.9122	0.936	15	
PILOT-2010007757__G__sonnet4__rep1.json	PILOT-2010007757	G	1	0.89	0.9778	0.9122	0.936	15	
PILOT-2010007757__G__sonnet4__rep2.json	PILOT-2010007757	G	2	0.8953	0.9804	0.9149	0.9375	17	
PILOT-2010008015__F__gpt4o-mini__rep0.json	PILOT-2010008015	F	0	0.5964	0.9733	0.6071	0.7339	5	
PILOT-2010008015__F__gpt4o-mini__rep1.json	PILOT-2010008015	F	1	None				0	no_gen
PILOT-2010008015__F__gpt4o-mini__rep2.json	PILOT-2010008015	F	2	0.6994	1.0	0.6994	0.8202	4	
PILOT-2010008015__F__gpt5.4__rep0.json	PILOT-2010008015	F	0	0.9728	0.9764	0.9952	0.985	28	
PILOT-2010008015__F__gpt5.4__rep1.json	PILOT-2010008015	F	1	0.9713	0.9764	0.9933	0.984	28	
PILOT-2010008015__F__gpt5.4__rep2.json	PILOT-2010008015	F	2	0.9699	0.9764	0.9916	0.983	28	
PILOT-2010008015__F__haiku4.5__rep0.json	PILOT-2010008015	F	0	0.9211	0.9764	0.943	0.9564	28	
PILOT-2010008015__F__haiku4.5__rep1.json	PILOT-2010008015	F	1	0.9211	0.9764	0.943	0.9564	28	
PILOT-2010008015__F__haiku4.5__rep2.json	PILOT-2010008015	F	2	0.8571	0.9764	0.878	0.9152	28	
PILOT-2010008015__F__sonnet4__rep0.json	PILOT-2010008015	F	0	0.9597	0.9764	0.9816	0.9779	28	
PILOT-2010008015__F__sonnet4__rep1.json	PILOT-2010008015	F	1	0.9671	0.9764	0.9891	0.9817	28	
PILOT-2010008015__F__sonnet4__rep2.json	PILOT-2010008015	F	2	0.9671	0.9764	0.9891	0.9817	28	
PILOT-2010008015__G__gpt4o-mini__rep0.json	PILOT-2010008015	G	0	0.9329	0.9805	0.946	0.9612	27	
PILOT-2010008015__G__gpt4o-mini__rep1.json	PILOT-2010008015	G	1	0.7425	1.0	0.7425	0.8415	4	
PILOT-2010008015__G__gpt4o-mini__rep2.json	PILOT-2010008015	G	2	0.7341	0.9733	0.7471	0.8446	5	
PILOT-2010008015__G__gpt5.4__rep0.json	PILOT-2010008015	G	0	0.9319	0.9733	0.95	0.9613	5	
PILOT-2010008015__G__gpt5.4__rep1.json	PILOT-2010008015	G	1	0.9319	0.9733	0.95	0.9613	5	
PILOT-2010008015__G__gpt5.4__rep2.json	PILOT-2010008015	G	2	0.8732	1.0	0.8732	0.9269	5	
PILOT-2010008015__G__haiku4.5__rep0.json	PILOT-2010008015	G	0	0.7724	0.9764	0.7873	0.8645	28	
PILOT-2010008015__G__haiku4.5__rep1.json	PILOT-2010008015	G	1	0.8778	0.9812	0.8952	0.9282	28	
PILOT-2010008015__G__haiku4.5__rep2.json	PILOT-2010008015	G	2	0.8998	0.9764	0.9212	0.9387	28	
PILOT-2010008015__G__sonnet4__rep0.json	PILOT-2010008015	G	0	0.9671	0.9764	0.9891	0.9817	28	
PILOT-2010008015__G__sonnet4__rep1.json	PILOT-2010008015	G	1	0.9647	0.9764	0.9867	0.9805	28	
PILOT-2010008015__G__sonnet4__rep2.json	PILOT-2010008015	G	2	0.9671	0.9764	0.9891	0.9817	28	
PILOT-2010010196__F__gpt4o-mini__rep0.json	PILOT-2010010196	F	0	None				0	no_gen
PILOT-2010010196__F__gpt4o-mini__rep1.json	PILOT-2010010196	F	1	0.9206	0.9357	0.9833	0.9577	3	
PILOT-2010010196__F__gpt4o-mini__rep2.json	PILOT-2010010196	F	2	0.881	0.9035	0.975	0.9365	2	
PILOT-2010010196__F__gpt5.4__rep0.json	PILOT-2010010196	F	0	0.9534	0.9761	0.9702	0.9716	20	
PILOT-2010010196__F__gpt5.4__rep1.json	PILOT-2010010196	F	1	0.9848	0.9975	0.9873	0.992	20	
PILOT-2010010196__F__gpt5.4__rep2.json	PILOT-2010010196	F	2	0.9493	0.9832	0.959	0.97	20	
PILOT-2010010196__F__haiku4.5__rep0.json	PILOT-2010010196	F	0	0.9435	0.9912	0.9492	0.9676	20	
PILOT-2010010196__F__haiku4.5__rep1.json	PILOT-2010010196	F	1	0.8284	0.9875	0.8409	0.9033	4	
PILOT-2010010196__F__haiku4.5__rep2.json	PILOT-2010010196	F	2	0.8137	0.965	0.8364	0.8931	5	
PILOT-2010010196__F__sonnet4__rep0.json	PILOT-2010010196	F	0	0.9848	0.9975	0.9873	0.992	20	
PILOT-2010010196__F__sonnet4__rep1.json	PILOT-2010010196	F	1	0.9768	0.9972	0.9796	0.9877	18	
PILOT-2010010196__F__sonnet4__rep2.json	PILOT-2010010196	F	2	0.9848	0.9975	0.9873	0.992	20	
PILOT-2010010196__G__gpt4o-mini__rep0.json	PILOT-2010010196	G	0	0.9375	1.0	0.9375	0.9667	2	
PILOT-2010010196__G__gpt4o-mini__rep1.json	PILOT-2010010196	G	1	0.9047	0.9285	0.9762	0.9494	2	
PILOT-2010010196__G__gpt4o-mini__rep2.json	PILOT-2010010196	G	2	0.9375	1.0	0.9375	0.9667	2	
PILOT-2010010196__G__gpt5.4__rep0.json	PILOT-2010010196	G	0	0.9545	0.9761	0.972	0.9721	20	
PILOT-2010010196__G__gpt5.4__rep1.json	PILOT-2010010196	G	1	0.9791	0.9975	0.9816	0.9889	20	
PILOT-2010010196__G__gpt5.4__rep2.json	PILOT-2010010196	G	2	0.945	0.9689	0.9602	0.9632	20	
PILOT-2010010196__G__haiku4.5__rep0.json	PILOT-2010010196	G	0	0.9768	0.9972	0.9796	0.9877	18	
PILOT-2010010196__G__haiku4.5__rep1.json	PILOT-2010010196	G	1	0.9768	0.9972	0.9796	0.9877	18	
PILOT-2010010196__G__haiku4.5__rep2.json	PILOT-2010010196	G	2	0.9768	0.9972	0.9796	0.9877	18	
PILOT-2010010196__G__sonnet4__rep0.json	PILOT-2010010196	G	0	0.9768	0.9972	0.9796	0.9877	18	
PILOT-2010010196__G__sonnet4__rep1.json	PILOT-2010010196	G	1	0.9768	0.9972	0.9796	0.9877	18	
PILOT-2010010196__G__sonnet4__rep2.json	PILOT-2010010196	G	2	0.9768	0.9972	0.9796	0.9877	18	
PILOT-2010011970__F__gpt4o-mini__rep0.json	PILOT-2010011970	F	0	0.6099	0.7682	0.6569	0.7055	3	
PILOT-2010011970__F__gpt4o-mini__rep1.json	PILOT-2010011970	F	1	0.9116	1.0	0.9116	0.9538	3	
PILOT-2010011970__F__gpt4o-mini__rep2.json	PILOT-2010011970	F	2	0.3455	0.5303	0.5026	0.5133	3	
PILOT-2010011970__F__gpt5.4__rep0.json	PILOT-2010011970	F	0	0.7273	0.8889	0.8	0.8421	1	
PILOT-2010011970__F__gpt5.4__rep1.json	PILOT-2010011970	F	1	0.2864	0.5014	0.399	0.4436	4	
PILOT-2010011970__F__gpt5.4__rep2.json	PILOT-2010011970	F	2	0.7499	0.8889	0.8054	0.8444	3	
PILOT-2010011970__F__haiku4.5__rep0.json	PILOT-2010011970	F	0	0.2367	0.6324	0.2803	0.3826	4	
PILOT-2010011970__F__haiku4.5__rep1.json	PILOT-2010011970	F	1	0.1594	0.375	0.2025	0.263	4	
PILOT-2010011970__F__haiku4.5__rep2.json	PILOT-2010011970	F	2	0.2301	0.5378	0.2874	0.3733	4	
PILOT-2010011970__F__sonnet4__rep0.json	PILOT-2010011970	F	0	0.7206	1.0	0.7206	0.8376	3	
PILOT-2010011970__F__sonnet4__rep1.json	PILOT-2010011970	F	1	0.3691	0.6086	0.4446	0.5101	4	
PILOT-2010011970__F__sonnet4__rep2.json	PILOT-2010011970	F	2	0.737	0.9722	0.7466	0.8429	4	
PILOT-2010011970__G__gpt4o-mini__rep0.json	PILOT-2010011970	G	0	None				0	no_gen
PILOT-2010011970__G__gpt4o-mini__rep1.json	PILOT-2010011970	G	1	0.9538	1.0	0.9538	0.9763	3	
PILOT-2010011970__G__gpt4o-mini__rep2.json	PILOT-2010011970	G	2	None				0	no_gen
PILOT-2010011970__G__gpt5.4__rep0.json	PILOT-2010011970	G	0	0.8889	0.8889	1.0	0.9412	1	
PILOT-2010011970__G__gpt5.4__rep1.json	PILOT-2010011970	G	1	0.3677	0.4756	0.4843	0.4788	4	
PILOT-2010011970__G__gpt5.4__rep2.json	PILOT-2010011970	G	2	0.3457	0.6105	0.4461	0.5136	4	
PILOT-2010011970__G__haiku4.5__rep0.json	PILOT-2010011970	G	0	0.2074	0.4985	0.2618	0.3433	3	
PILOT-2010011970__G__haiku4.5__rep1.json	PILOT-2010011970	G	1	0.2162	0.4985	0.2769	0.3554	3	
PILOT-2010011970__G__haiku4.5__rep2.json	PILOT-2010011970	G	2	0.1973	0.4833	0.25	0.3295	3	
PILOT-2010011970__G__sonnet4__rep0.json	PILOT-2010011970	G	0	0.7274	0.9722	0.7552	0.839	4	
PILOT-2010011970__G__sonnet4__rep1.json	PILOT-2010011970	G	1	0.7274	0.9722	0.7552	0.839	4	
PILOT-2010011970__G__sonnet4__rep2.json	PILOT-2010011970	G	2	0.7071	0.9722	0.7223	0.8282	4	
PILOT-2011003851__F__gpt4o-mini__rep0.json	PILOT-2011003851	F	0	None				0	no_gen
PILOT-2011003851__F__gpt4o-mini__rep1.json	PILOT-2011003851	F	1	None				0	no_gen
PILOT-2011003851__F__gpt4o-mini__rep2.json	PILOT-2011003851	F	2	None				0	no_gen
PILOT-2011003851__F__gpt5.4__rep0.json	PILOT-2011003851	F	0	0.8979	0.92	0.9761	0.9426	20	
PILOT-2011003851__F__gpt5.4__rep1.json	PILOT-2011003851	F	1	0.9147	0.92	0.9938	0.9518	20	
PILOT-2011003851__F__gpt5.4__rep2.json	PILOT-2011003851	F	2	0.9098	0.92	0.9881	0.9489	20	
PILOT-2011003851__F__haiku4.5__rep0.json	PILOT-2011003851	F	0	0.764	0.92	0.8243	0.8636	20	
PILOT-2011003851__F__haiku4.5__rep1.json	PILOT-2011003851	F	1	0.865	0.92	0.9313	0.921	20	
PILOT-2011003851__F__haiku4.5__rep2.json	PILOT-2011003851	F	2	0.7519	0.92	0.8103	0.8554	20	
PILOT-2011003851__F__sonnet4__rep0.json	PILOT-2011003851	F	0	0.9117	0.92	0.9908	0.9502	20	
PILOT-2011003851__F__sonnet4__rep1.json	PILOT-2011003851	F	1	0.9117	0.92	0.9908	0.9502	20	
PILOT-2011003851__F__sonnet4__rep2.json	PILOT-2011003851	F	2	0.9117	0.92	0.9908	0.9502	20	
PILOT-2011003851__G__gpt4o-mini__rep0.json	PILOT-2011003851	G	0	None				0	no_gen
PILOT-2011003851__G__gpt4o-mini__rep1.json	PILOT-2011003851	G	1	0.909	0.92	0.989	0.9486	20	
PILOT-2011003851__G__gpt4o-mini__rep2.json	PILOT-2011003851	G	2	0.9105	0.9162	0.993	0.9494	20	
PILOT-2011003851__G__gpt5.4__rep0.json	PILOT-2011003851	G	0	0.8891	0.9229	0.9606	0.9361	18	
PILOT-2011003851__G__gpt5.4__rep1.json	PILOT-2011003851	G	1	0.9097	0.92	0.9879	0.949	20	
PILOT-2011003851__G__gpt5.4__rep2.json	PILOT-2011003851	G	2	0.8913	0.92	0.9666	0.9377	20	
PILOT-2011003851__G__haiku4.5__rep0.json	PILOT-2011003851	G	0	0.8152	0.92	0.8755	0.8918	20	
PILOT-2011003851__G__haiku4.5__rep1.json	PILOT-2011003851	G	1	0.8264	0.92	0.8918	0.8984	20	
PILOT-2011003851__G__haiku4.5__rep2.json	PILOT-2011003851	G	2	0.8298	0.92	0.8935	0.8993	20	
PILOT-2011003851__G__sonnet4__rep0.json	PILOT-2011003851	G	0	0.8909	0.92	0.968	0.9376	20	
PILOT-2011003851__G__sonnet4__rep1.json	PILOT-2011003851	G	1	0.894	0.92	0.97	0.9396	20	
PILOT-2011003851__G__sonnet4__rep2.json	PILOT-2011003851	G	2	0.8964	0.92	0.9723	0.941	20	
PILOT-2011004581__F__gpt4o-mini__rep0.json	PILOT-2011004581	F	0	0.8248	0.9736	0.8465	0.9021	9	
PILOT-2011004581__F__gpt4o-mini__rep1.json	PILOT-2011004581	F	1	0.7764	0.9838	0.7861	0.871	8	
PILOT-2011004581__F__gpt4o-mini__rep2.json	PILOT-2011004581	F	2	0.9516	0.9856	0.9648	0.9745	9	
PILOT-2011004581__F__gpt5.4__rep0.json	PILOT-2011004581	F	0	0.8345	0.9882	0.8421	0.9038	11	
PILOT-2011004581__F__gpt5.4__rep1.json	PILOT-2011004581	F	1	0.8629	0.9882	0.8708	0.9244	11	
PILOT-2011004581__F__gpt5.4__rep2.json	PILOT-2011004581	F	2	0.9188	0.9882	0.9277	0.9559	11	
PILOT-2011004581__F__haiku4.5__rep0.json	PILOT-2011004581	F	0	0.7154	0.9882	0.7215	0.8263	11	
PILOT-2011004581__F__haiku4.5__rep1.json	PILOT-2011004581	F	1	0.678	0.9882	0.6839	0.7964	11	
PILOT-2011004581__F__haiku4.5__rep2.json	PILOT-2011004581	F	2	0.7775	0.9882	0.7854	0.8691	11	
PILOT-2011004581__F__sonnet4__rep0.json	PILOT-2011004581	F	0	0.7693	0.9882	0.7761	0.8627	11	
PILOT-2011004581__F__sonnet4__rep1.json	PILOT-2011004581	F	1	0.776	0.9882	0.7829	0.8675	11	
PILOT-2011004581__F__sonnet4__rep2.json	PILOT-2011004581	F	2	0.7736	0.9882	0.7809	0.8656	11	
PILOT-2011004581__G__gpt4o-mini__rep0.json	PILOT-2011004581	G	0	0.8144	0.9856	0.8247	0.8947	9	
PILOT-2011004581__G__gpt4o-mini__rep1.json	PILOT-2011004581	G	1	0.8185	0.9308	0.8683	0.8951	4	
PILOT-2011004581__G__gpt4o-mini__rep2.json	PILOT-2011004581	G	2	0.8297	0.9547	0.8672	0.9056	8	
PILOT-2011004581__G__gpt5.4__rep0.json	PILOT-2011004581	G	0	0.8841	0.9882	0.8917	0.9354	11	
PILOT-2011004581__G__gpt5.4__rep1.json	PILOT-2011004581	G	1	0.9319	0.9882	0.9419	0.9611	11	
PILOT-2011004581__G__gpt5.4__rep2.json	PILOT-2011004581	G	2	0.8598	0.9882	0.8677	0.9227	11	
PILOT-2011004581__G__haiku4.5__rep0.json	PILOT-2011004581	G	0	0.757	0.9882	0.7628	0.8569	11	
PILOT-2011004581__G__haiku4.5__rep1.json	PILOT-2011004581	G	1	0.7164	0.9882	0.7232	0.8259	11	
PILOT-2011004581__G__haiku4.5__rep2.json	PILOT-2011004581	G	2	0.7641	0.9882	0.77	0.8617	11	
PILOT-2011004581__G__sonnet4__rep0.json	PILOT-2011004581	G	0	0.8716	0.9882	0.8784	0.9253	11	
PILOT-2011004581__G__sonnet4__rep1.json	PILOT-2011004581	G	1	0.8598	0.9882	0.8657	0.9176	11	
PILOT-2011004581__G__sonnet4__rep2.json	PILOT-2011004581	G	2	0.8647	0.9882	0.8714	0.9216	11	
PILOT-2011007474__F__gpt4o-mini__rep0.json	PILOT-2011007474	F	0	None				0	no_gen
PILOT-2011007474__F__gpt4o-mini__rep1.json	PILOT-2011007474	F	1	None				0	no_gen
PILOT-2011007474__F__gpt4o-mini__rep2.json	PILOT-2011007474	F	2	None				0	no_gen
PILOT-2011007474__F__gpt5.4__rep0.json	PILOT-2011007474	F	0	0.9732	0.9955	0.976	0.985	14	
PILOT-2011007474__F__gpt5.4__rep1.json	PILOT-2011007474	F	1	0.9883	0.9955	0.9923	0.9939	14	
PILOT-2011007474__F__gpt5.4__rep2.json	PILOT-2011007474	F	2	0.976	0.9955	0.9792	0.9868	14	
PILOT-2011007474__F__haiku4.5__rep0.json	PILOT-2011007474	F	0	0.8516	0.9955	0.853	0.898	14	
PILOT-2011007474__F__haiku4.5__rep1.json	PILOT-2011007474	F	1	0.8361	0.9955	0.8374	0.8814	14	
PILOT-2011007474__F__haiku4.5__rep2.json	PILOT-2011007474	F	2	0.4916	0.9955	0.493	0.643	14	
PILOT-2011007474__F__sonnet4__rep0.json	PILOT-2011007474	F	0	0.9786	0.9911	0.9841	0.9874	14	
PILOT-2011007474__F__sonnet4__rep1.json	PILOT-2011007474	F	1	0.9786	0.9911	0.9841	0.9874	14	
PILOT-2011007474__F__sonnet4__rep2.json	PILOT-2011007474	F	2	0.9786	0.9911	0.9841	0.9874	14	
PILOT-2011007474__G__gpt4o-mini__rep0.json	PILOT-2011007474	G	0	None				0	no_gen
PILOT-2011007474__G__gpt4o-mini__rep1.json	PILOT-2011007474	G	1	None				0	no_gen
PILOT-2011007474__G__gpt4o-mini__rep2.json	PILOT-2011007474	G	2	None				0	no_gen
PILOT-2011007474__G__gpt5.4__rep0.json	PILOT-2011007474	G	0	0.976	0.9955	0.9792	0.9868	14	
PILOT-2011007474__G__gpt5.4__rep1.json	PILOT-2011007474	G	1	0.9582	0.9955	0.9613	0.9766	14	
PILOT-2011007474__G__gpt5.4__rep2.json	PILOT-2011007474	G	2	0.9658	0.9948	0.9691	0.9808	12	
PILOT-2011007474__G__haiku4.5__rep0.json	PILOT-2011007474	G	0	0.5032	0.9876	0.5061	0.6557	14	
PILOT-2011007474__G__haiku4.5__rep1.json	PILOT-2011007474	G	1	0.8363	0.9955	0.8375	0.8814	14	
PILOT-2011007474__G__haiku4.5__rep2.json	PILOT-2011007474	G	2	0.8432	0.9955	0.8446	0.8887	14	
PILOT-2011007474__G__sonnet4__rep0.json	PILOT-2011007474	G	0	0.9821	0.9955	0.985	0.9898	14	
PILOT-2011007474__G__sonnet4__rep1.json	PILOT-2011007474	G	1	0.9821	0.9955	0.985	0.9898	14	
PILOT-2011007474__G__sonnet4__rep2.json	PILOT-2011007474	G	2	0.9786	0.9911	0.9841	0.9874	14	
PILOT-2011008843__F__gpt4o-mini__rep0.json	PILOT-2011008843	F	0	0.9766	0.9974	0.9791	0.9874	30	
PILOT-2011008843__F__gpt4o-mini__rep1.json	PILOT-2011008843	F	1	0.8077	1.0	0.8077	0.8936	1	
PILOT-2011008843__F__gpt4o-mini__rep2.json	PILOT-2011008843	F	2	None				0	no_gen
PILOT-2011008843__F__gpt5.4__rep0.json	PILOT-2011008843	F	0	0.9931	1.0	0.9931	0.9963	18	
PILOT-2011008843__F__gpt5.4__rep1.json	PILOT-2011008843	F	1	0.9743	0.9956	0.9778	0.9859	18	
PILOT-2011008843__F__gpt5.4__rep2.json	PILOT-2011008843	F	2	0.9899	1.0	0.9899	0.9944	19	
PILOT-2011008843__F__haiku4.5__rep0.json	PILOT-2011008843	F	0	0.7165	0.9913	0.7227	0.8259	9	
PILOT-2011008843__F__haiku4.5__rep1.json	PILOT-2011008843	F	1	0.7262	0.9913	0.7325	0.8321	9	
PILOT-2011008843__F__haiku4.5__rep2.json	PILOT-2011008843	F	2	0.7295	0.9929	0.7342	0.8343	11	
PILOT-2011008843__F__sonnet4__rep0.json	PILOT-2011008843	F	0	0.9957	1.0	0.9957	0.9977	20	
PILOT-2011008843__F__sonnet4__rep1.json	PILOT-2011008843	F	1	0.9957	1.0	0.9957	0.9977	20	
PILOT-2011008843__F__sonnet4__rep2.json	PILOT-2011008843	F	2	0.9957	1.0	0.9957	0.9977	20	
PILOT-2011008843__G__gpt4o-mini__rep0.json	PILOT-2011008843	G	0	0.8347	0.9404	0.8777	0.9075	4	
PILOT-2011008843__G__gpt4o-mini__rep1.json	PILOT-2011008843	G	1	0.7538	0.9808	0.7656	0.8596	2	
PILOT-2011008843__G__gpt4o-mini__rep2.json	PILOT-2011008843	G	2	0.884	0.9808	0.9004	0.9384	2	
PILOT-2011008843__G__gpt5.4__rep0.json	PILOT-2011008843	G	0	0.967	0.9945	0.9725	0.982	7	
PILOT-2011008843__G__gpt5.4__rep1.json	PILOT-2011008843	G	1	0.9829	0.9956	0.9871	0.9908	18	
PILOT-2011008843__G__gpt5.4__rep2.json	PILOT-2011008843	G	2	0.967	0.9945	0.9725	0.982	7	
PILOT-2011008843__G__haiku4.5__rep0.json	PILOT-2011008843	G	0	0.7378	0.9913	0.744	0.8392	9	
PILOT-2011008843__G__haiku4.5__rep1.json	PILOT-2011008843	G	1	0.7266	0.9913	0.7329	0.8341	9	
PILOT-2011008843__G__haiku4.5__rep2.json	PILOT-2011008843	G	2	0.7316	0.9913	0.7375	0.838	9	
PILOT-2011008843__G__sonnet4__rep0.json	PILOT-2011008843	G	0	0.913	1.0	0.913	0.9545	1	
PILOT-2011008843__G__sonnet4__rep1.json	PILOT-2011008843	G	1	0.9947	1.0	0.9947	0.9972	30	
PILOT-2011008843__G__sonnet4__rep2.json	PILOT-2011008843	G	2	0.913	1.0	0.913	0.9545	1	
PILOT-2011009182__F__gpt4o-mini__rep0.json	PILOT-2011009182	F	0	0.9294	0.9688	0.9419	0.9542	8	
PILOT-2011009182__F__gpt4o-mini__rep1.json	PILOT-2011009182	F	1	0.7159	1.0	0.7159	0.8219	8	
PILOT-2011009182__F__gpt4o-mini__rep2.json	PILOT-2011009182	F	2	0.9258	1.0	0.9258	0.9522	8	
PILOT-2011009182__F__gpt5.4__rep0.json	PILOT-2011009182	F	0	0.9725	1.0	0.9725	0.9842	17	
PILOT-2011009182__F__gpt5.4__rep1.json	PILOT-2011009182	F	1	0.9698	1.0	0.9698	0.9831	23	
PILOT-2011009182__F__gpt5.4__rep2.json	PILOT-2011009182	F	2	0.9863	1.0	0.9863	0.9927	17	
PILOT-2011009182__F__haiku4.5__rep0.json	PILOT-2011009182	F	0	0.7807	0.9877	0.793	0.8669	17	
PILOT-2011009182__F__haiku4.5__rep1.json	PILOT-2011009182	F	1	0.6456	0.9877	0.6501	0.776	17	
PILOT-2011009182__F__haiku4.5__rep2.json	PILOT-2011009182	F	2	0.7979	0.9884	0.8069	0.8801	18	
PILOT-2011009182__F__sonnet4__rep0.json	PILOT-2011009182	F	0	0.6034	0.9692	0.6265	0.7245	23	
PILOT-2011009182__F__sonnet4__rep1.json	PILOT-2011009182	F	1	0.9351	0.9909	0.9442	0.9546	23	
PILOT-2011009182__F__sonnet4__rep2.json	PILOT-2011009182	F	2	0.4928	0.9877	0.4947	0.6469	17	
PILOT-2011009182__G__gpt4o-mini__rep0.json	PILOT-2011009182	G	0	0.9784	0.9851	0.9933	0.9886	14	
PILOT-2011009182__G__gpt4o-mini__rep1.json	PILOT-2011009182	G	1	0.613	0.7067	0.7417	0.6933	13	
PILOT-2011009182__G__gpt4o-mini__rep2.json	PILOT-2011009182	G	2	0.9333	1.0	0.9333	0.9562	8	
PILOT-2011009182__G__gpt5.4__rep0.json	PILOT-2011009182	G	0	0.9787	0.9909	0.9877	0.9886	23	
PILOT-2011009182__G__gpt5.4__rep1.json	PILOT-2011009182	G	1	0.9845	1.0	0.9845	0.9916	17	
PILOT-2011009182__G__gpt5.4__rep2.json	PILOT-2011009182	G	2	0.9922	1.0	0.9922	0.9959	23	
PILOT-2011009182__G__haiku4.5__rep0.json	PILOT-2011009182	G	0	0.7423	0.9877	0.7516	0.8463	17	
PILOT-2011009182__G__haiku4.5__rep1.json	PILOT-2011009182	G	1	0.7642	0.9877	0.7764	0.8627	17	
PILOT-2011009182__G__haiku4.5__rep2.json	PILOT-2011009182	G	2	0.7996	0.9877	0.8102	0.887	17	
PILOT-2011009182__G__sonnet4__rep0.json	PILOT-2011009182	G	0	0.7239	0.9909	0.7264	0.823	23	
PILOT-2011009182__G__sonnet4__rep1.json	PILOT-2011009182	G	1	0.7239	0.9909	0.7264	0.823	23	
PILOT-2011009182__G__sonnet4__rep2.json	PILOT-2011009182	G	2	0.7338	0.9909	0.7363	0.8298	23	
PILOT-2011011469__F__gpt4o-mini__rep0.json	PILOT-2011011469	F	0	0.6922	0.9051	0.7361	0.8061	9	
PILOT-2011011469__F__gpt4o-mini__rep1.json	PILOT-2011011469	F	1	0.7215	0.9666	0.749	0.8105	13	
PILOT-2011011469__F__gpt4o-mini__rep2.json	PILOT-2011011469	F	2	0.5526	0.9582	0.575	0.7026	10	
PILOT-2011011469__F__gpt5.4__rep0.json	PILOT-2011011469	F	0	0.9642	1.0	0.9642	0.9788	17	
PILOT-2011011469__F__gpt5.4__rep1.json	PILOT-2011011469	F	1	0.9889	1.0	0.9889	0.9943	14	
PILOT-2011011469__F__gpt5.4__rep2.json	PILOT-2011011469	F	2	0.7317	0.924	0.7523	0.7962	17	
PILOT-2011011469__F__haiku4.5__rep0.json	PILOT-2011011469	F	0	0.7104	0.9818	0.7199	0.795	16	
PILOT-2011011469__F__haiku4.5__rep1.json	PILOT-2011011469	F	1	0.6513	0.9828	0.662	0.7554	17	
PILOT-2011011469__F__haiku4.5__rep2.json	PILOT-2011011469	F	2	0.5766	0.9815	0.5827	0.7191	9	
PILOT-2011011469__F__sonnet4__rep0.json	PILOT-2011011469	F	0	0.9287	0.9828	0.9458	0.9577	17	
PILOT-2011011469__F__sonnet4__rep1.json	PILOT-2011011469	F	1	0.8161	0.9828	0.8333	0.8711	17	
PILOT-2011011469__F__sonnet4__rep2.json	PILOT-2011011469	F	2	0.9287	0.9828	0.9458	0.9577	17	
PILOT-2011011469__G__gpt4o-mini__rep0.json	PILOT-2011011469	G	0	0.8265	0.9792	0.8473	0.8856	8	
PILOT-2011011469__G__gpt4o-mini__rep1.json	PILOT-2011011469	G	1	0.8147	1.0	0.8147	0.893	8	
PILOT-2011011469__G__gpt4o-mini__rep2.json	PILOT-2011011469	G	2	0.7858	0.8333	0.8277	0.8287	11	
PILOT-2011011469__G__gpt5.4__rep0.json	PILOT-2011011469	G	0	0.9395	0.9806	0.9589	0.9662	15	
PILOT-2011011469__G__gpt5.4__rep1.json	PILOT-2011011469	G	1	0.9921	1.0	0.9921	0.9959	15	
PILOT-2011011469__G__gpt5.4__rep2.json	PILOT-2011011469	G	2	0.9737	0.9828	0.9909	0.986	17	
PILOT-2011011469__G__haiku4.5__rep0.json	PILOT-2011011469	G	0	0.482	0.9828	0.487	0.632	17	
PILOT-2011011469__G__haiku4.5__rep1.json	PILOT-2011011469	G	1	0.7358	0.9806	0.7462	0.8164	15	
PILOT-2011011469__G__haiku4.5__rep2.json	PILOT-2011011469	G	2	0.4578	0.9828	0.4637	0.6076	17	
PILOT-2011011469__G__sonnet4__rep0.json	PILOT-2011011469	G	0	0.9554	0.9828	0.9725	0.975	17	
PILOT-2011011469__G__sonnet4__rep1.json	PILOT-2011011469	G	1	0.9635	0.9828	0.9807	0.9802	17	
PILOT-2011011469__G__sonnet4__rep2.json	PILOT-2011011469	G	2	0.9554	0.9828	0.9725	0.975	17	
PILOT-2011012180__F__gpt4o-mini__rep0.json	PILOT-2011012180	F	0	0.8443	0.8843	0.9454	0.91	6	
PILOT-2011012180__F__gpt4o-mini__rep1.json	PILOT-2011012180	F	1	0.9117	0.9321	0.975	0.9503	9	
PILOT-2011012180__F__gpt4o-mini__rep2.json	PILOT-2011012180	F	2	0.8315	0.9206	0.8819	0.8996	7	
PILOT-2011012180__F__gpt5.4__rep0.json	PILOT-2011012180	F	0	0.9087	0.922	0.985	0.9448	20	
PILOT-2011012180__F__gpt5.4__rep1.json	PILOT-2011012180	F	1	0.8643	0.8956	0.9575	0.9203	20	
PILOT-2011012180__F__gpt5.4__rep2.json	PILOT-2011012180	F	2	0.7822	0.9105	0.8669	0.8634	11	
PILOT-2011012180__F__haiku4.5__rep0.json	PILOT-2011012180	F	0	0.6553	0.9136	0.7131	0.7886	9	
PILOT-2011012180__F__haiku4.5__rep1.json	PILOT-2011012180	F	1	0.6874	0.9365	0.7244	0.8018	11	
PILOT-2011012180__F__haiku4.5__rep2.json	PILOT-2011012180	F	2	0.8184	0.9506	0.8617	0.8884	20	
PILOT-2011012180__F__sonnet4__rep0.json	PILOT-2011012180	F	0	0.8611	0.948	0.9069	0.9191	19	
PILOT-2011012180__F__sonnet4__rep1.json	PILOT-2011012180	F	1	0.8889	0.9465	0.939	0.9377	19	
PILOT-2011012180__F__sonnet4__rep2.json	PILOT-2011012180	F	2	0.8903	0.948	0.9391	0.9386	19	
PILOT-2011012180__G__gpt4o-mini__rep0.json	PILOT-2011012180	G	0	0.7748	0.9206	0.839	0.8717	7	
PILOT-2011012180__G__gpt4o-mini__rep1.json	PILOT-2011012180	G	1	0.8567	0.9206	0.9097	0.9144	7	
PILOT-2011012180__G__gpt4o-mini__rep2.json	PILOT-2011012180	G	2	0.8822	0.9305	0.9344	0.9317	8	
PILOT-2011012180__G__gpt5.4__rep0.json	PILOT-2011012180	G	0	0.8684	0.8975	0.9612	0.9181	11	
PILOT-2011012180__G__gpt5.4__rep1.json	PILOT-2011012180	G	1	0.8014	0.8643	0.9138	0.8775	11	
PILOT-2011012180__G__gpt5.4__rep2.json	PILOT-2011012180	G	2	0.8277	0.8925	0.9228	0.8947	11	
PILOT-2011012180__G__haiku4.5__rep0.json	PILOT-2011012180	G	0	0.6597	0.9305	0.7076	0.7906	8	
PILOT-2011012180__G__haiku4.5__rep1.json	PILOT-2011012180	G	1	0.703	0.9495	0.7393	0.8117	11	
PILOT-2011012180__G__haiku4.5__rep2.json	PILOT-2011012180	G	2	0.7648	0.9383	0.8163	0.8647	9	
PILOT-2011012180__G__sonnet4__rep0.json	PILOT-2011012180	G	0	0.8903	0.948	0.9391	0.9386	19	
PILOT-2011012180__G__sonnet4__rep1.json	PILOT-2011012180	G	1	0.8903	0.948	0.9391	0.9386	19	
PILOT-2011012180__G__sonnet4__rep2.json	PILOT-2011012180	G	2	0.8986	0.9506	0.9453	0.9432	20	
PILOT-2011013110__F__gpt4o-mini__rep0.json	PILOT-2011013110	F	0	None				0	no_gen
PILOT-2011013110__F__gpt4o-mini__rep1.json	PILOT-2011013110	F	1	0.9636	0.9723	0.9905	0.981	5	
PILOT-2011013110__F__gpt4o-mini__rep2.json	PILOT-2011013110	F	2	0.7121	1.0	0.7121	0.8194	5	
PILOT-2011013110__F__gpt5.4__rep0.json	PILOT-2011013110	F	0	0.9764	0.9917	0.984	0.9876	11	
PILOT-2011013110__F__gpt5.4__rep1.json	PILOT-2011013110	F	1	0.8277	0.9917	0.8331	0.8908	11	
PILOT-2011013110__F__gpt5.4__rep2.json	PILOT-2011013110	F	2	0.8932	0.9917	0.9001	0.9385	11	
PILOT-2011013110__F__haiku4.5__rep0.json	PILOT-2011013110	F	0	0.7405	0.9917	0.7469	0.84	11	
PILOT-2011013110__F__haiku4.5__rep1.json	PILOT-2011013110	F	1	0.7448	0.9917	0.7502	0.8438	11	
PILOT-2011013110__F__haiku4.5__rep2.json	PILOT-2011013110	F	2	0.7228	0.9917	0.7291	0.8262	11	
PILOT-2011013110__F__sonnet4__rep0.json	PILOT-2011013110	F	0	0.8462	0.9766	0.8684	0.9137	17	
PILOT-2011013110__F__sonnet4__rep1.json	PILOT-2011013110	F	1	0.8581	0.9654	0.8906	0.9213	17	
PILOT-2011013110__F__sonnet4__rep2.json	PILOT-2011013110	F	2	0.8581	0.9654	0.8906	0.9213	17	
PILOT-2011013110__G__gpt4o-mini__rep0.json	PILOT-2011013110	G	0	0.8244	0.9818	0.8383	0.9009	5	
PILOT-2011013110__G__gpt4o-mini__rep1.json	PILOT-2011013110	G	1	0.8735	0.9632	0.9049	0.9304	5	
PILOT-2011013110__G__gpt4o-mini__rep2.json	PILOT-2011013110	G	2	0.7766	0.8995	0.8259	0.8489	7	
PILOT-2011013110__G__gpt5.4__rep0.json	PILOT-2011013110	G	0	0.9041	0.9917	0.9109	0.9438	11	
PILOT-2011013110__G__gpt5.4__rep1.json	PILOT-2011013110	G	1	0.7905	0.9917	0.7955	0.8639	11	
PILOT-2011013110__G__gpt5.4__rep2.json	PILOT-2011013110	G	2	0.9091	0.9917	0.9159	0.9495	11	
PILOT-2011013110__G__haiku4.5__rep0.json	PILOT-2011013110	G	0	0.8041	0.9766	0.8252	0.8808	17	
PILOT-2011013110__G__haiku4.5__rep1.json	PILOT-2011013110	G	1	0.8167	0.9917	0.8231	0.8876	11	
PILOT-2011013110__G__haiku4.5__rep2.json	PILOT-2011013110	G	2	0.7472	0.9917	0.7526	0.8462	11	
PILOT-2011013110__G__sonnet4__rep0.json	PILOT-2011013110	G	0	0.8356	0.9766	0.8574	0.9071	17	
PILOT-2011013110__G__sonnet4__rep1.json	PILOT-2011013110	G	1	0.8339	0.9766	0.8555	0.906	17	
PILOT-2011013110__G__sonnet4__rep2.json	PILOT-2011013110	G	2	0.8339	0.9766	0.8555	0.906	17	
PILOT-2012000327__F__gpt4o-mini__rep0.json	PILOT-2012000327	F	0	0.8725	0.9143	0.9524	0.9258	4	
PILOT-2012000327__F__gpt4o-mini__rep1.json	PILOT-2012000327	F	1	0.8445	0.899	0.9354	0.9107	5	
PILOT-2012000327__F__gpt4o-mini__rep2.json	PILOT-2012000327	F	2	0.6632	0.8356	0.7664	0.7882	6	
PILOT-2012000327__F__gpt5.4__rep0.json	PILOT-2012000327	F	0	0.8943	0.9084	0.9825	0.9391	9	
PILOT-2012000327__F__gpt5.4__rep1.json	PILOT-2012000327	F	1	0.8068	0.839	0.9585	0.8689	10	
PILOT-2012000327__F__gpt5.4__rep2.json	PILOT-2012000327	F	2	0.8589	0.9084	0.9367	0.9174	9	
PILOT-2012000327__F__haiku4.5__rep0.json	PILOT-2012000327	F	0	0.8578	0.8967	0.9128	0.903	16	
PILOT-2012000327__F__haiku4.5__rep1.json	PILOT-2012000327	F	1	0.7759	0.8479	0.8131	0.8159	21	
PILOT-2012000327__F__haiku4.5__rep2.json	PILOT-2012000327	F	2	0.7182	0.7756	0.7963	0.7729	20	
PILOT-2012000327__F__sonnet4__rep0.json	PILOT-2012000327	F	0	0.8494	0.9208	0.8877	0.8968	16	
PILOT-2012000327__F__sonnet4__rep1.json	PILOT-2012000327	F	1	0.7758	0.8408	0.8545	0.8322	15	
PILOT-2012000327__F__sonnet4__rep2.json	PILOT-2012000327	F	2	0.8147	0.865	0.8919	0.8761	16	
PILOT-2012000327__G__gpt4o-mini__rep0.json	PILOT-2012000327	G	0	0.677	0.8715	0.7915	0.7831	5	
PILOT-2012000327__G__gpt4o-mini__rep1.json	PILOT-2012000327	G	1	0.8214	0.9343	0.8693	0.8958	7	
PILOT-2012000327__G__gpt4o-mini__rep2.json	PILOT-2012000327	G	2	0.8338	0.9277	0.8927	0.9043	6	
PILOT-2012000327__G__gpt5.4__rep0.json	PILOT-2012000327	G	0	0.8726	0.9084	0.9539	0.9262	9	
PILOT-2012000327__G__gpt5.4__rep1.json	PILOT-2012000327	G	1	0.7948	0.8273	0.9383	0.8553	10	
PILOT-2012000327__G__gpt5.4__rep2.json	PILOT-2012000327	G	2	0.9239	0.944	0.9741	0.9562	16	
PILOT-2012000327__G__haiku4.5__rep0.json	PILOT-2012000327	G	0	0.9019	0.9772	0.9159	0.9405	21	
PILOT-2012000327__G__haiku4.5__rep1.json	PILOT-2012000327	G	1	0.9086	0.9772	0.9232	0.9451	21	
PILOT-2012000327__G__haiku4.5__rep2.json	PILOT-2012000327	G	2	0.9111	0.9772	0.9241	0.9455	21	
PILOT-2012000327__G__sonnet4__rep0.json	PILOT-2012000327	G	0	0.9419	0.9672	0.9711	0.9671	16	
PILOT-2012000327__G__sonnet4__rep1.json	PILOT-2012000327	G	1	0.9247	0.9672	0.9539	0.9571	16	
PILOT-2012000327__G__sonnet4__rep2.json	PILOT-2012000327	G	2	0.8436	0.9672	0.8727	0.8915	16	
PILOT-2012003288__F__gpt4o-mini__rep0.json	PILOT-2012003288	F	0	0.9	0.9444	0.9556	0.9427	5	
PILOT-2012003288__F__gpt4o-mini__rep1.json	PILOT-2012003288	F	1	0.84	0.9	0.94	0.9072	5	
PILOT-2012003288__F__gpt4o-mini__rep2.json	PILOT-2012003288	F	2	0.6217	0.9305	0.6912	0.7645	4	
PILOT-2012003288__F__gpt5.4__rep0.json	PILOT-2012003288	F	0	0.8809	0.9517	0.9287	0.9272	13	
PILOT-2012003288__F__gpt5.4__rep1.json	PILOT-2012003288	F	1	0.9071	0.956	0.9511	0.944	13	
PILOT-2012003288__F__gpt5.4__rep2.json	PILOT-2012003288	F	2	0.8624	0.9517	0.9077	0.9154	13	
PILOT-2012003288__F__haiku4.5__rep0.json	PILOT-2012003288	F	0	0.7114	0.9444	0.761	0.8278	7	
PILOT-2012003288__F__haiku4.5__rep1.json	PILOT-2012003288	F	1	0.7147	0.9444	0.7643	0.8276	7	
PILOT-2012003288__F__haiku4.5__rep2.json	PILOT-2012003288	F	2	0.6846	0.8518	0.7611	0.7921	6	
PILOT-2012003288__F__sonnet4__rep0.json	PILOT-2012003288	F	0	0.9025	0.956	0.944	0.942	13	
PILOT-2012003288__F__sonnet4__rep1.json	PILOT-2012003288	F	1	0.8915	0.956	0.933	0.9361	13	
PILOT-2012003288__F__sonnet4__rep2.json	PILOT-2012003288	F	2	0.8975	0.956	0.939	0.9401	13	
PILOT-2012003288__G__gpt4o-mini__rep0.json	PILOT-2012003288	G	0	0.6657	0.8476	0.7546	0.7812	5	
PILOT-2012003288__G__gpt4o-mini__rep1.json	PILOT-2012003288	G	1	0.7734	0.9047	0.8555	0.864	5	
PILOT-2012003288__G__gpt4o-mini__rep2.json	PILOT-2012003288	G	2	0.6812	0.8	0.7983	0.7864	5	
PILOT-2012003288__G__gpt5.4__rep0.json	PILOT-2012003288	G	0	0.8669	0.9517	0.9147	0.9195	13	
PILOT-2012003288__G__gpt5.4__rep1.json	PILOT-2012003288	G	1	0.8985	0.9517	0.9468	0.9396	13	
PILOT-2012003288__G__gpt5.4__rep2.json	PILOT-2012003288	G	2	0.8673	0.9517	0.9156	0.9187	13	
PILOT-2012003288__G__haiku4.5__rep0.json	PILOT-2012003288	G	0	0.8115	0.9517	0.8469	0.8795	13	
PILOT-2012003288__G__haiku4.5__rep1.json	PILOT-2012003288	G	1	0.823	0.8889	0.9011	0.8895	13	
PILOT-2012003288__G__haiku4.5__rep2.json	PILOT-2012003288	G	2	0.8108	0.9517	0.8487	0.8799	13	
PILOT-2012003288__G__sonnet4__rep0.json	PILOT-2012003288	G	0	0.8942	0.956	0.9357	0.9376	13	
PILOT-2012003288__G__sonnet4__rep1.json	PILOT-2012003288	G	1	0.8975	0.956	0.939	0.9401	13	
PILOT-2012003288__G__sonnet4__rep2.json	PILOT-2012003288	G	2	0.8854	0.956	0.9268	0.9313	13	
PILOT-2012005674__F__gpt4o-mini__rep0.json	PILOT-2012005674	F	0	0.9004	0.9605	0.9357	0.9459	4	
PILOT-2012005674__F__gpt4o-mini__rep1.json	PILOT-2012005674	F	1	0.8726	0.8726	1.0	0.9313	7	
PILOT-2012005674__F__gpt4o-mini__rep2.json	PILOT-2012005674	F	2	0.8726	0.8726	1.0	0.9313	7	
PILOT-2012005674__F__gpt5.4__rep0.json	PILOT-2012005674	F	0	0.8807	0.9386	0.9333	0.9288	8	
PILOT-2012005674__F__gpt5.4__rep1.json	PILOT-2012005674	F	1	0.9113	0.9774	0.9238	0.9472	7	
PILOT-2012005674__F__gpt5.4__rep2.json	PILOT-2012005674	F	2	0.9113	0.9774	0.9238	0.9472	7	
PILOT-2012005674__F__haiku4.5__rep0.json	PILOT-2012005674	F	0	0.8994	0.937	0.9607	0.9419	37	
PILOT-2012005674__F__haiku4.5__rep1.json	PILOT-2012005674	F	1	0.8886	0.937	0.9499	0.9348	37	
PILOT-2012005674__F__haiku4.5__rep2.json	PILOT-2012005674	F	2	0.8852	0.937	0.9465	0.9321	37	
PILOT-2012005674__F__sonnet4__rep0.json	PILOT-2012005674	F	0	0.8839	0.9025	0.9447	0.9181	37	
PILOT-2012005674__F__sonnet4__rep1.json	PILOT-2012005674	F	1	0.8851	0.8976	0.9856	0.9199	37	
PILOT-2012005674__F__sonnet4__rep2.json	PILOT-2012005674	F	2	0.8839	0.9025	0.9447	0.9181	37	
PILOT-2012005674__G__gpt4o-mini__rep0.json	PILOT-2012005674	G	0	None				0	no_gen
PILOT-2012005674__G__gpt4o-mini__rep1.json	PILOT-2012005674	G	1	0.8726	0.8726	1.0	0.9313	7	
PILOT-2012005674__G__gpt4o-mini__rep2.json	PILOT-2012005674	G	2	0.7708	0.8596	0.8807	0.8692	7	
PILOT-2012005674__G__gpt5.4__rep0.json	PILOT-2012005674	G	0	0.6819	0.8363	0.8221	0.8102	3	
PILOT-2012005674__G__gpt5.4__rep1.json	PILOT-2012005674	G	1	0.8807	0.9386	0.9333	0.9288	8	
PILOT-2012005674__G__gpt5.4__rep2.json	PILOT-2012005674	G	2	0.8807	0.9386	0.9333	0.9288	8	
PILOT-2012005674__G__haiku4.5__rep0.json	PILOT-2012005674	G	0	0.8765	0.937	0.9376	0.9262	37	
PILOT-2012005674__G__haiku4.5__rep1.json	PILOT-2012005674	G	1	0.684	0.9774	0.6955	0.8106	7	
PILOT-2012005674__G__haiku4.5__rep2.json	PILOT-2012005674	G	2	0.9026	0.937	0.9637	0.9437	37	
PILOT-2012005674__G__sonnet4__rep0.json	PILOT-2012005674	G	0	0.9263	0.9396	0.9848	0.9566	35	
PILOT-2012005674__G__sonnet4__rep1.json	PILOT-2012005674	G	1	0.9263	0.9396	0.9848	0.9566	35	
PILOT-2012005674__G__sonnet4__rep2.json	PILOT-2012005674	G	2	0.9199	0.9774	0.9335	0.9531	7	
PILOT-2012006145__F__gpt4o-mini__rep0.json	PILOT-2012006145	F	0	None				0	no_gen
PILOT-2012006145__F__gpt4o-mini__rep1.json	PILOT-2012006145	F	1	0.8134	0.9722	0.8258	0.8841	21	
PILOT-2012006145__F__gpt4o-mini__rep2.json	PILOT-2012006145	F	2	0.6905	1.0	0.6905	0.8099	3	
PILOT-2012006145__F__gpt5.4__rep0.json	PILOT-2012006145	F	0	0.9702	0.9964	0.9733	0.983	23	
PILOT-2012006145__F__gpt5.4__rep1.json	PILOT-2012006145	F	1	0.9702	0.9964	0.9733	0.983	23	
PILOT-2012006145__F__gpt5.4__rep2.json	PILOT-2012006145	F	2	0.9702	0.9964	0.9733	0.983	23	
PILOT-2012006145__F__haiku4.5__rep0.json	PILOT-2012006145	F	0	0.6727	0.9864	0.6864	0.7819	21	
PILOT-2012006145__F__haiku4.5__rep1.json	PILOT-2012006145	F	1	0.7346	1.0	0.7346	0.8466	2	
PILOT-2012006145__F__haiku4.5__rep2.json	PILOT-2012006145	F	2	0.8055	1.0	0.8055	0.8921	2	
PILOT-2012006145__F__sonnet4__rep0.json	PILOT-2012006145	F	0	0.9906	1.0	0.9906	0.995	23	
PILOT-2012006145__F__sonnet4__rep1.json	PILOT-2012006145	F	1	0.9839	0.9964	0.987	0.9914	23	
PILOT-2012006145__F__sonnet4__rep2.json	PILOT-2012006145	F	2	0.9906	1.0	0.9906	0.995	23	
PILOT-2012006145__G__gpt4o-mini__rep0.json	PILOT-2012006145	G	0	0.7813	0.9964	0.7833	0.8617	23	
PILOT-2012006145__G__gpt4o-mini__rep1.json	PILOT-2012006145	G	1	0.7972	0.9767	0.8136	0.8779	23	
PILOT-2012006145__G__gpt4o-mini__rep2.json	PILOT-2012006145	G	2	0.8281	0.9731	0.8489	0.8985	23	
PILOT-2012006145__G__gpt5.4__rep0.json	PILOT-2012006145	G	0	0.9702	0.9964	0.9733	0.983	23	
PILOT-2012006145__G__gpt5.4__rep1.json	PILOT-2012006145	G	1	0.9702	0.9964	0.9733	0.983	23	
PILOT-2012006145__G__gpt5.4__rep2.json	PILOT-2012006145	G	2	0.9702	0.9964	0.9733	0.983	23	
PILOT-2012006145__G__haiku4.5__rep0.json	PILOT-2012006145	G	0	0.9764	0.9964	0.9795	0.987	23	
PILOT-2012006145__G__haiku4.5__rep1.json	PILOT-2012006145	G	1	0.7028	1.0	0.7028	0.821	4	
PILOT-2012006145__G__haiku4.5__rep2.json	PILOT-2012006145	G	2	0.9764	0.9964	0.9795	0.987	23	
PILOT-2012006145__G__sonnet4__rep0.json	PILOT-2012006145	G	0	0.9211	0.9964	0.9242	0.95	23	
PILOT-2012006145__G__sonnet4__rep1.json	PILOT-2012006145	G	1	0.9906	1.0	0.9906	0.995	23	
PILOT-2012006145__G__sonnet4__rep2.json	PILOT-2012006145	G	2	0.9278	1.0	0.9278	0.9536	23	
PILOT-2012007524__F__gpt4o-mini__rep0.json	PILOT-2012007524	F	0	0.8405	0.9595	0.8712	0.9118	7	
PILOT-2012007524__F__gpt4o-mini__rep1.json	PILOT-2012007524	F	1	0.7793	0.9433	0.815	0.8725	5	
PILOT-2012007524__F__gpt4o-mini__rep2.json	PILOT-2012007524	F	2	0.7752	0.952	0.8063	0.8703	7	
PILOT-2012007524__F__gpt5.4__rep0.json	PILOT-2012007524	F	0	0.9187	0.9595	0.9592	0.9539	7	
PILOT-2012007524__F__gpt5.4__rep1.json	PILOT-2012007524	F	1	0.7761	0.9646	0.8012	0.869	8	
PILOT-2012007524__F__gpt5.4__rep2.json	PILOT-2012007524	F	2	0.7764	0.9646	0.8025	0.8688	8	
PILOT-2012007524__F__haiku4.5__rep0.json	PILOT-2012007524	F	0	0.7349	0.9595	0.7514	0.8406	7	
PILOT-2012007524__F__haiku4.5__rep1.json	PILOT-2012007524	F	1	0.8721	0.9631	0.8998	0.9242	20	
PILOT-2012007524__F__haiku4.5__rep2.json	PILOT-2012007524	F	2	0.8341	0.9631	0.8598	0.8974	20	
PILOT-2012007524__F__sonnet4__rep0.json	PILOT-2012007524	F	0	0.9044	0.9631	0.9397	0.9448	20	
PILOT-2012007524__F__sonnet4__rep1.json	PILOT-2012007524	F	1	0.9271	0.9631	0.9627	0.9596	20	
PILOT-2012007524__F__sonnet4__rep2.json	PILOT-2012007524	F	2	0.9415	0.9631	0.977	0.9673	20	
PILOT-2012007524__G__gpt4o-mini__rep0.json	PILOT-2012007524	G	0	None				0	no_gen
PILOT-2012007524__G__gpt4o-mini__rep1.json	PILOT-2012007524	G	1	None				0	no_gen
PILOT-2012007524__G__gpt4o-mini__rep2.json	PILOT-2012007524	G	2	None				0	no_gen
PILOT-2012007524__G__gpt5.4__rep0.json	PILOT-2012007524	G	0	0.7617	0.9646	0.7871	0.8589	8	
PILOT-2012007524__G__gpt5.4__rep1.json	PILOT-2012007524	G	1	0.7403	0.9646	0.7649	0.8443	8	
PILOT-2012007524__G__gpt5.4__rep2.json	PILOT-2012007524	G	2	0.7798	0.9646	0.8054	0.871	8	
PILOT-2012007524__G__haiku4.5__rep0.json	PILOT-2012007524	G	0	0.9403	0.9747	0.963	0.9676	15	
PILOT-2012007524__G__haiku4.5__rep1.json	PILOT-2012007524	G	1	0.8724	0.9433	0.9132	0.9252	20	
PILOT-2012007524__G__haiku4.5__rep2.json	PILOT-2012007524	G	2	0.9403	0.9747	0.963	0.9676	15	
PILOT-2012007524__G__sonnet4__rep0.json	PILOT-2012007524	G	0	0.918	0.9631	0.9536	0.9539	20	
PILOT-2012007524__G__sonnet4__rep1.json	PILOT-2012007524	G	1	0.9435	0.9631	0.9792	0.9686	20	
PILOT-2012007524__G__sonnet4__rep2.json	PILOT-2012007524	G	2	0.9146	0.9631	0.9503	0.9515	20	
PILOT-2012008496__F__gpt4o-mini__rep0.json	PILOT-2012008496	F	0	0.907	0.956	0.9438	0.9459	12	
PILOT-2012008496__F__gpt4o-mini__rep1.json	PILOT-2012008496	F	1	0.9541	0.9601	0.9929	0.9746	35	
PILOT-2012008496__F__gpt4o-mini__rep2.json	PILOT-2012008496	F	2	0.784	0.9594	0.8004	0.8647	13	
PILOT-2012008496__F__gpt5.4__rep0.json	PILOT-2012008496	F	0	0.9444	0.9635	0.979	0.9686	35	
PILOT-2012008496__F__gpt5.4__rep1.json	PILOT-2012008496	F	1	0.9558	0.9671	0.9882	0.9756	35	
PILOT-2012008496__F__gpt5.4__rep2.json	PILOT-2012008496	F	2	0.9452	0.9671	0.9778	0.9694	35	
PILOT-2012008496__F__haiku4.5__rep0.json	PILOT-2012008496	F	0	0.7246	0.964	0.7398	0.8251	32	
PILOT-2012008496__F__haiku4.5__rep1.json	PILOT-2012008496	F	1	0.7475	0.9671	0.7679	0.8404	35	
PILOT-2012008496__F__haiku4.5__rep2.json	PILOT-2012008496	F	2	0.7109	0.9403	0.7433	0.8196	26	
PILOT-2012008496__F__sonnet4__rep0.json	PILOT-2012008496	F	0	0.8413	0.9401	0.8931	0.903	35	
PILOT-2012008496__F__sonnet4__rep1.json	PILOT-2012008496	F	1	0.8333	0.9671	0.8555	0.8982	35	
PILOT-2012008496__F__sonnet4__rep2.json	PILOT-2012008496	F	2	0.8088	0.9671	0.838	0.8782	35	
PILOT-2012008496__G__gpt4o-mini__rep0.json	PILOT-2012008496	G	0	0.9593	0.963	0.9958	0.9775	35	
PILOT-2012008496__G__gpt4o-mini__rep1.json	PILOT-2012008496	G	1	0.7494	0.9175	0.8071	0.8464	35	
PILOT-2012008496__G__gpt4o-mini__rep2.json	PILOT-2012008496	G	2	None				0	no_gen
PILOT-2012008496__G__gpt5.4__rep0.json	PILOT-2012008496	G	0	0.9505	0.9714	0.9771	0.9719	35	
PILOT-2012008496__G__gpt5.4__rep1.json	PILOT-2012008496	G	1	0.9348	0.9401	0.9903	0.9615	35	
PILOT-2012008496__G__gpt5.4__rep2.json	PILOT-2012008496	G	2	0.9522	0.9671	0.9848	0.9736	35	
PILOT-2012008496__G__haiku4.5__rep0.json	PILOT-2012008496	G	0	0.8738	0.964	0.9047	0.9265	32	
PILOT-2012008496__G__haiku4.5__rep1.json	PILOT-2012008496	G	1	0.6649	0.9637	0.6866	0.7678	17	
PILOT-2012008496__G__haiku4.5__rep2.json	PILOT-2012008496	G	2	0.6639	0.964	0.6828	0.7874	32	
PILOT-2012008496__G__sonnet4__rep0.json	PILOT-2012008496	G	0	0.8368	0.9671	0.8653	0.899	35	
PILOT-2012008496__G__sonnet4__rep1.json	PILOT-2012008496	G	1	0.8386	0.964	0.8655	0.9021	32	
PILOT-2012008496__G__sonnet4__rep2.json	PILOT-2012008496	G	2	0.8639	0.9671	0.8931	0.9203	35	
PILOT-2012010015__F__gpt4o-mini__rep0.json	PILOT-2012010015	F	0	0.8138	0.9792	0.829	0.8917	4	
PILOT-2012010015__F__gpt4o-mini__rep1.json	PILOT-2012010015	F	1	0.943	0.9696	0.9696	0.9696	4	
PILOT-2012010015__F__gpt4o-mini__rep2.json	PILOT-2012010015	F	2	0.9292	0.9696	0.9565	0.9624	4	
PILOT-2012010015__F__gpt5.4__rep0.json	PILOT-2012010015	F	0	0.9835	0.9974	0.9861	0.9909	15	
PILOT-2012010015__F__gpt5.4__rep1.json	PILOT-2012010015	F	1	0.9685	0.9893	0.9779	0.9828	15	
PILOT-2012010015__F__gpt5.4__rep2.json	PILOT-2012010015	F	2	0.9787	0.9949	0.9834	0.9883	15	
PILOT-2012010015__F__haiku4.5__rep0.json	PILOT-2012010015	F	0	0.7848	1.0	0.7848	0.8633	11	
PILOT-2012010015__F__haiku4.5__rep1.json	PILOT-2012010015	F	1	0.914	0.9897	0.9229	0.9464	13	
PILOT-2012010015__F__haiku4.5__rep2.json	PILOT-2012010015	F	2	0.8964	0.9849	0.9071	0.9376	15	
PILOT-2012010015__F__sonnet4__rep0.json	PILOT-2012010015	F	0	0.9503	0.9823	0.9642	0.9724	15	
PILOT-2012010015__F__sonnet4__rep1.json	PILOT-2012010015	F	1	0.9626	0.9874	0.9735	0.9797	15	
PILOT-2012010015__F__sonnet4__rep2.json	PILOT-2012010015	F	2	0.9601	0.9849	0.9734	0.9783	15	
PILOT-2012010015__G__gpt4o-mini__rep0.json	PILOT-2012010015	G	0	0.9615	0.9756	0.9833	0.9794	5	
PILOT-2012010015__G__gpt4o-mini__rep1.json	PILOT-2012010015	G	1	0.9013	0.9696	0.9279	0.9468	4	
PILOT-2012010015__G__gpt4o-mini__rep2.json	PILOT-2012010015	G	2	0.8853	0.9696	0.9119	0.9369	4	
PILOT-2012010015__G__gpt5.4__rep0.json	PILOT-2012010015	G	0	0.9613	0.9919	0.9677	0.9785	15	
PILOT-2012010015__G__gpt5.4__rep1.json	PILOT-2012010015	G	1	0.9836	1.0	0.9836	0.991	15	
PILOT-2012010015__G__gpt5.4__rep2.json	PILOT-2012010015	G	2	0.9772	1.0	0.9772	0.9875	15	
PILOT-2012010015__G__haiku4.5__rep0.json	PILOT-2012010015	G	0	0.9498	0.9858	0.9626	0.9716	16	
PILOT-2012010015__G__haiku4.5__rep1.json	PILOT-2012010015	G	1	0.9398	0.9849	0.9519	0.9647	15	
PILOT-2012010015__G__haiku4.5__rep2.json	PILOT-2012010015	G	2	0.9092	0.9858	0.9198	0.944	16	
PILOT-2012010015__G__sonnet4__rep0.json	PILOT-2012010015	G	0	0.9277	0.9882	0.9365	0.9578	16	
PILOT-2012010015__G__sonnet4__rep1.json	PILOT-2012010015	G	1	0.9649	0.9882	0.9752	0.9809	16	
PILOT-2012010015__G__sonnet4__rep2.json	PILOT-2012010015	G	2	0.9514	0.9858	0.9639	0.9719	16	
PILOT-2013000789__F__gpt4o-mini__rep0.json	PILOT-2013000789	F	0	0.8887	0.9206	0.9556	0.9259	7	
PILOT-2013000789__F__gpt4o-mini__rep1.json	PILOT-2013000789	F	1	0.9316	1.0	0.9316	0.96	6	
PILOT-2013000789__F__gpt4o-mini__rep2.json	PILOT-2013000789	F	2	None				0	no_gen
PILOT-2013000789__F__gpt5.4__rep0.json	PILOT-2013000789	F	0	0.9094	0.9405	0.9629	0.9413	27	
PILOT-2013000789__F__gpt5.4__rep1.json	PILOT-2013000789	F	1	0.9168	0.9495	0.9635	0.9447	27	
PILOT-2013000789__F__gpt5.4__rep2.json	PILOT-2013000789	F	2	0.9132	0.9495	0.9599	0.9406	27	
PILOT-2013000789__F__haiku4.5__rep0.json	PILOT-2013000789	F	0	0.8281	0.8956	0.9098	0.8878	26	
PILOT-2013000789__F__haiku4.5__rep1.json	PILOT-2013000789	F	1	0.862	0.9174	0.9368	0.9124	26	
PILOT-2013000789__F__haiku4.5__rep2.json	PILOT-2013000789	F	2	0.8261	0.8828	0.9188	0.8857	27	
PILOT-2013000789__F__sonnet4__rep0.json	PILOT-2013000789	F	0	0.9036	0.9548	0.9437	0.9407	32	
PILOT-2013000789__F__sonnet4__rep1.json	PILOT-2013000789	F	1	0.8077	0.8841	0.8746	0.8705	27	
PILOT-2013000789__F__sonnet4__rep2.json	PILOT-2013000789	F	2	0.872	0.9485	0.9145	0.9208	27	
PILOT-2013000789__G__gpt4o-mini__rep0.json	PILOT-2013000789	G	0	0.8571	0.9097	0.9331	0.9078	8	
PILOT-2013000789__G__gpt4o-mini__rep1.json	PILOT-2013000789	G	1	0.7754	0.8968	0.8592	0.846	7	
PILOT-2013000789__G__gpt4o-mini__rep2.json	PILOT-2013000789	G	2	0.6296	0.8624	0.7346	0.7529	8	
PILOT-2013000789__G__gpt5.4__rep0.json	PILOT-2013000789	G	0	0.7323	0.9324	0.7794	0.8194	18	
PILOT-2013000789__G__gpt5.4__rep1.json	PILOT-2013000789	G	1	0.7923	0.9433	0.8354	0.8659	27	
PILOT-2013000789__G__gpt5.4__rep2.json	PILOT-2013000789	G	2	0.9055	0.9464	0.9488	0.9385	27	
PILOT-2013000789__G__haiku4.5__rep0.json	PILOT-2013000789	G	0	0.8372	0.9259	0.8982	0.9004	27	
PILOT-2013000789__G__haiku4.5__rep1.json	PILOT-2013000789	G	1	0.8684	0.9328	0.9257	0.9187	27	
PILOT-2013000789__G__haiku4.5__rep2.json	PILOT-2013000789	G	2	0.8658	0.9328	0.9231	0.9173	27	
PILOT-2013000789__G__sonnet4__rep0.json	PILOT-2013000789	G	0	0.8742	0.9548	0.9143	0.9206	32	
PILOT-2013000789__G__sonnet4__rep1.json	PILOT-2013000789	G	1	0.8969	0.96	0.928	0.933	32	
PILOT-2013000789__G__sonnet4__rep2.json	PILOT-2013000789	G	2	0.8706	0.9407	0.9193	0.9179	32	
PILOT-2013001277__F__gpt4o-mini__rep0.json	PILOT-2013001277	F	0	0.6064	0.9931	0.61	0.7477	9	
PILOT-2013001277__F__gpt4o-mini__rep1.json	PILOT-2013001277	F	1	0.7338	0.9875	0.7417	0.8199	5	
PILOT-2013001277__F__gpt4o-mini__rep2.json	PILOT-2013001277	F	2	0.9904	0.9965	0.9938	0.9949	18	
PILOT-2013001277__F__gpt5.4__rep0.json	PILOT-2013001277	F	0	0.8781	0.9601	0.9156	0.9298	13	
PILOT-2013001277__F__gpt5.4__rep1.json	PILOT-2013001277	F	1	0.887	1.0	0.887	0.9338	14	
PILOT-2013001277__F__gpt5.4__rep2.json	PILOT-2013001277	F	2	0.9179	0.9762	0.9345	0.9505	14	
PILOT-2013001277__F__haiku4.5__rep0.json	PILOT-2013001277	F	0	0.8148	1.0	0.8148	0.8811	18	
PILOT-2013001277__F__haiku4.5__rep1.json	PILOT-2013001277	F	1	0.8856	1.0	0.8856	0.9271	14	
PILOT-2013001277__F__haiku4.5__rep2.json	PILOT-2013001277	F	2	0.8014	0.9965	0.8032	0.8739	18	
PILOT-2013001277__F__sonnet4__rep0.json	PILOT-2013001277	F	0	0.9606	0.9965	0.9622	0.9761	18	
PILOT-2013001277__F__sonnet4__rep1.json	PILOT-2013001277	F	1	0.8276	0.9965	0.8307	0.8931	18	
PILOT-2013001277__F__sonnet4__rep2.json	PILOT-2013001277	F	2	0.9494	0.9955	0.9513	0.9692	14	
PILOT-2013001277__G__gpt4o-mini__rep0.json	PILOT-2013001277	G	0	0.9826	0.9965	0.9861	0.9908	18	
PILOT-2013001277__G__gpt4o-mini__rep1.json	PILOT-2013001277	G	1	0.6493	0.9896	0.6559	0.7838	6	
PILOT-2013001277__G__gpt4o-mini__rep2.json	PILOT-2013001277	G	2	0.6508	0.9921	0.6545	0.7792	18	
PILOT-2013001277__G__gpt5.4__rep0.json	PILOT-2013001277	G	0	0.9524	1.0	0.9524	0.9714	14	
PILOT-2013001277__G__gpt5.4__rep1.json	PILOT-2013001277	G	1	0.9381	1.0	0.9381	0.9635	14	
PILOT-2013001277__G__gpt5.4__rep2.json	PILOT-2013001277	G	2	0.9286	1.0	0.9286	0.9524	14	
PILOT-2013001277__G__haiku4.5__rep0.json	PILOT-2013001277	G	0	0.6437	0.9907	0.6529	0.7578	18	
PILOT-2013001277__G__haiku4.5__rep1.json	PILOT-2013001277	G	1	0.6756	0.8982	0.7277	0.7717	13	
PILOT-2013001277__G__haiku4.5__rep2.json	PILOT-2013001277	G	2	0.6754	0.8673	0.7651	0.7698	15	
PILOT-2013001277__G__sonnet4__rep0.json	PILOT-2013001277	G	0	0.9638	0.9965	0.9654	0.9783	18	
PILOT-2013001277__G__sonnet4__rep1.json	PILOT-2013001277	G	1	0.9076	0.9955	0.9097	0.9458	14	
PILOT-2013001277__G__sonnet4__rep2.json	PILOT-2013001277	G	2	0.9494	0.9955	0.9513	0.9692	14	
PILOT-2013007708__F__gpt4o-mini__rep0.json	PILOT-2013007708	F	0	0.5476	0.875	0.5658	0.672	9	
PILOT-2013007708__F__gpt4o-mini__rep1.json	PILOT-2013007708	F	1	0.7709	0.8596	0.8749	0.8667	7	
PILOT-2013007708__F__gpt4o-mini__rep2.json	PILOT-2013007708	F	2	0.7941	0.9464	0.8267	0.8809	7	
PILOT-2013007708__F__gpt5.4__rep0.json	PILOT-2013007708	F	0	0.7685	0.9777	0.786	0.8228	28	
PILOT-2013007708__F__gpt5.4__rep1.json	PILOT-2013007708	F	1	0.9727	0.9777	0.995	0.9847	28	
PILOT-2013007708__F__gpt5.4__rep2.json	PILOT-2013007708	F	2	0.9751	0.9777	0.9974	0.9859	28	
PILOT-2013007708__F__haiku4.5__rep0.json	PILOT-2013007708	F	0	0.6346	0.9777	0.6506	0.7397	28	
PILOT-2013007708__F__haiku4.5__rep1.json	PILOT-2013007708	F	1	0.4765	0.9515	0.4872	0.6132	28	
PILOT-2013007708__F__haiku4.5__rep2.json	PILOT-2013007708	F	2	0.6348	0.9777	0.6448	0.7383	28	
PILOT-2013007708__F__sonnet4__rep0.json	PILOT-2013007708	F	0	0.9354	0.9688	0.9614	0.962	28	
PILOT-2013007708__F__sonnet4__rep1.json	PILOT-2013007708	F	1	0.9705	0.9777	0.9928	0.9835	28	
PILOT-2013007708__F__sonnet4__rep2.json	PILOT-2013007708	F	2	0.9354	0.9688	0.9614	0.962	28	
PILOT-2013007708__G__gpt4o-mini__rep0.json	PILOT-2013007708	G	0	0.6804	0.9487	0.7156	0.8064	4	
PILOT-2013007708__G__gpt4o-mini__rep1.json	PILOT-2013007708	G	1	0.2058	0.4096	0.232	0.2803	26	
PILOT-2013007708__G__gpt4o-mini__rep2.json	PILOT-2013007708	G	2	0.6648	0.9643	0.6791	0.7897	7	
PILOT-2013007708__G__gpt5.4__rep0.json	PILOT-2013007708	G	0	0.9684	0.9777	0.9907	0.9823	28	
PILOT-2013007708__G__gpt5.4__rep1.json	PILOT-2013007708	G	1	0.9727	0.9777	0.995	0.9847	28	
PILOT-2013007708__G__gpt5.4__rep2.json	PILOT-2013007708	G	2	0.9665	0.9777	0.9888	0.9811	28	
PILOT-2013007708__G__haiku4.5__rep0.json	PILOT-2013007708	G	0	0.6668	0.9777	0.6857	0.7756	28	
PILOT-2013007708__G__haiku4.5__rep1.json	PILOT-2013007708	G	1	0.6757	0.9777	0.6934	0.7791	28	
PILOT-2013007708__G__haiku4.5__rep2.json	PILOT-2013007708	G	2	0.6817	0.9253	0.707	0.7856	28	
PILOT-2013007708__G__sonnet4__rep0.json	PILOT-2013007708	G	0	0.9016	0.9688	0.9276	0.941	28	
PILOT-2013007708__G__sonnet4__rep1.json	PILOT-2013007708	G	1	0.9354	0.9688	0.9614	0.962	28	
PILOT-2013007708__G__sonnet4__rep2.json	PILOT-2013007708	G	2	0.9163	0.9688	0.9423	0.951	28	
PILOT-2014002407__F__gpt4o-mini__rep0.json	PILOT-2014002407	F	0	0.9914	1.0	0.9914	0.9956	4	
PILOT-2014002407__F__gpt4o-mini__rep1.json	PILOT-2014002407	F	1	0.9673	1.0	0.9673	0.9831	5	
PILOT-2014002407__F__gpt4o-mini__rep2.json	PILOT-2014002407	F	2	0.9673	1.0	0.9673	0.9831	5	
PILOT-2014002407__F__gpt5.4__rep0.json	PILOT-2014002407	F	0	0.9358	0.973	0.9628	0.9664	8	
PILOT-2014002407__F__gpt5.4__rep1.json	PILOT-2014002407	F	1	0.952	0.973	0.979	0.9747	8	
PILOT-2014002407__F__gpt5.4__rep2.json	PILOT-2014002407	F	2	0.952	0.973	0.979	0.9747	8	
PILOT-2014002407__F__haiku4.5__rep0.json	PILOT-2014002407	F	0	0.9323	0.973	0.9593	0.9644	8	
PILOT-2014002407__F__haiku4.5__rep1.json	PILOT-2014002407	F	1	0.893	0.973	0.9107	0.9403	8	
PILOT-2014002407__F__haiku4.5__rep2.json	PILOT-2014002407	F	2	0.8429	0.973	0.8577	0.9091	8	
PILOT-2014002407__F__sonnet4__rep0.json	PILOT-2014002407	F	0	0.9687	0.973	0.9957	0.9835	8	
PILOT-2014002407__F__sonnet4__rep1.json	PILOT-2014002407	F	1	0.9213	0.973	0.9483	0.9582	8	
PILOT-2014002407__F__sonnet4__rep2.json	PILOT-2014002407	F	2	0.9526	0.973	0.9795	0.9752	8	
PILOT-2014002407__G__gpt4o-mini__rep0.json	PILOT-2014002407	G	0	0.9471	0.973	0.9687	0.9708	8	
PILOT-2014002407__G__gpt4o-mini__rep1.json	PILOT-2014002407	G	1	0.9795	1.0	0.9795	0.9895	8	
PILOT-2014002407__G__gpt4o-mini__rep2.json	PILOT-2014002407	G	2	0.9309	0.973	0.9526	0.9625	8	
PILOT-2014002407__G__gpt5.4__rep0.json	PILOT-2014002407	G	0	0.952	0.973	0.979	0.9747	8	
PILOT-2014002407__G__gpt5.4__rep1.json	PILOT-2014002407	G	1	0.952	0.973	0.979	0.9747	8	
PILOT-2014002407__G__gpt5.4__rep2.json	PILOT-2014002407	G	2	0.952	0.973	0.979	0.9747	8	
PILOT-2014002407__G__haiku4.5__rep0.json	PILOT-2014002407	G	0	0.9026	0.973	0.9296	0.9469	8	
PILOT-2014002407__G__haiku4.5__rep1.json	PILOT-2014002407	G	1	0.8971	0.973	0.924	0.9434	8	
PILOT-2014002407__G__haiku4.5__rep2.json	PILOT-2014002407	G	2	0.8971	0.973	0.924	0.9434	8	
PILOT-2014002407__G__sonnet4__rep0.json	PILOT-2014002407	G	0	0.9339	0.973	0.9609	0.9645	8	
PILOT-2014002407__G__sonnet4__rep1.json	PILOT-2014002407	G	1	0.9526	0.973	0.9795	0.9752	8	
PILOT-2014002407__G__sonnet4__rep2.json	PILOT-2014002407	G	2	0.9526	0.973	0.9795	0.9752	8	
PILOT-2014002745__F__gpt4o-mini__rep0.json	PILOT-2014002745	F	0	0.9778	0.9778	1.0	0.9885	3	
PILOT-2014002745__F__gpt4o-mini__rep1.json	PILOT-2014002745	F	1	None				0	no_gen
PILOT-2014002745__F__gpt4o-mini__rep2.json	PILOT-2014002745	F	2	1.0	1.0	1.0	1.0	2	
PILOT-2014002745__F__gpt5.4__rep0.json	PILOT-2014002745	F	0	0.84	0.8655	0.9698	0.9107	19	
PILOT-2014002745__F__gpt5.4__rep1.json	PILOT-2014002745	F	1	0.7711	0.8655	0.8929	0.8632	19	
PILOT-2014002745__F__gpt5.4__rep2.json	PILOT-2014002745	F	2	0.8488	0.8743	0.9698	0.9164	19	
PILOT-2014002745__F__haiku4.5__rep0.json	PILOT-2014002745	F	0	0.7381	0.8441	0.8609	0.8409	24	
PILOT-2014002745__F__haiku4.5__rep1.json	PILOT-2014002745	F	1	0.7286	0.844	0.8513	0.8297	19	
PILOT-2014002745__F__haiku4.5__rep2.json	PILOT-2014002745	F	2	0.748	0.8378	0.8779	0.8442	24	
PILOT-2014002745__F__sonnet4__rep0.json	PILOT-2014002745	F	0	0.7988	0.8621	0.9176	0.884	24	
PILOT-2014002745__F__sonnet4__rep1.json	PILOT-2014002745	F	1	0.8194	0.8648	0.9434	0.8984	24	
PILOT-2014002745__F__sonnet4__rep2.json	PILOT-2014002745	F	2	0.8323	0.8609	0.9597	0.9034	27	
PILOT-2014002745__G__gpt4o-mini__rep0.json	PILOT-2014002745	G	0	0.7762	0.8667	0.8333	0.8491	3	
PILOT-2014002745__G__gpt4o-mini__rep1.json	PILOT-2014002745	G	1	0.8713	0.8913	0.95	0.9184	5	
PILOT-2014002745__G__gpt4o-mini__rep2.json	PILOT-2014002745	G	2	0.9077	0.9333	0.9744	0.9496	3	
PILOT-2014002745__G__gpt5.4__rep0.json	PILOT-2014002745	G	0	0.7949	0.8655	0.9192	0.8815	19	
PILOT-2014002745__G__gpt5.4__rep1.json	PILOT-2014002745	G	1	0.8732	0.8862	0.984	0.9302	16	
PILOT-2014002745__G__gpt5.4__rep2.json	PILOT-2014002745	G	2	0.7689	0.8615	0.8919	0.8613	19	
PILOT-2014002745__G__haiku4.5__rep0.json	PILOT-2014002745	G	0	None				0	no_gen
PILOT-2014002745__G__haiku4.5__rep1.json	PILOT-2014002745	G	1	0.7643	0.8251	0.8928	0.8537	24	
PILOT-2014002745__G__haiku4.5__rep2.json	PILOT-2014002745	G	2	0.7831	0.8667	0.8943	0.8742	24	
PILOT-2014002745__G__sonnet4__rep0.json	PILOT-2014002745	G	0	0.8384	0.8434	0.9946	0.9056	24	
PILOT-2014002745__G__sonnet4__rep1.json	PILOT-2014002745	G	1	0.8384	0.8434	0.9946	0.9056	24	
PILOT-2014002745__G__sonnet4__rep2.json	PILOT-2014002745	G	2	0.8315	0.8364	0.9946	0.9011	24	
PILOT-2014003236__F__gpt4o-mini__rep0.json	PILOT-2014003236	F	0	0.708	1.0	0.708	0.8281	5	
PILOT-2014003236__F__gpt4o-mini__rep1.json	PILOT-2014003236	F	1	0.8267	1.0	0.8267	0.9046	5	
PILOT-2014003236__F__gpt4o-mini__rep2.json	PILOT-2014003236	F	2	0.7401	0.9056	0.8184	0.8492	5	
PILOT-2014003236__F__gpt5.4__rep0.json	PILOT-2014003236	F	0	0.8244	0.9	0.9244	0.9024	5	
PILOT-2014003236__F__gpt5.4__rep1.json	PILOT-2014003236	F	1	0.7243	0.766	0.875	0.8158	4	
PILOT-2014003236__F__gpt5.4__rep2.json	PILOT-2014003236	F	2	0.8244	0.9	0.9244	0.9024	5	
PILOT-2014003236__F__haiku4.5__rep0.json	PILOT-2014003236	F	0	0.6941	0.8111	0.8608	0.8042	5	
PILOT-2014003236__F__haiku4.5__rep1.json	PILOT-2014003236	F	1	0.7718	0.9	0.8718	0.8665	5	
PILOT-2014003236__F__haiku4.5__rep2.json	PILOT-2014003236	F	2	0.7541	0.8778	0.8719	0.8486	5	
PILOT-2014003236__F__sonnet4__rep0.json	PILOT-2014003236	F	0	0.8921	0.9375	0.9546	0.9393	4	
PILOT-2014003236__F__sonnet4__rep1.json	PILOT-2014003236	F	1	0.8921	0.9375	0.9546	0.9393	4	
PILOT-2014003236__F__sonnet4__rep2.json	PILOT-2014003236	F	2	0.8546	0.9375	0.8921	0.9125	4	
PILOT-2014003236__G__gpt4o-mini__rep0.json	PILOT-2014003236	G	0	0.8349	1.0	0.8349	0.9004	5	
PILOT-2014003236__G__gpt4o-mini__rep1.json	PILOT-2014003236	G	1	0.6364	1.0	0.6364	0.757	5	
PILOT-2014003236__G__gpt4o-mini__rep2.json	PILOT-2014003236	G	2	0.7765	0.95	0.8265	0.8736	5	
PILOT-2014003236__G__gpt5.4__rep0.json	PILOT-2014003236	G	0	0.8244	0.9	0.9244	0.9024	5	
PILOT-2014003236__G__gpt5.4__rep1.json	PILOT-2014003236	G	1	0.8244	0.9	0.9244	0.9024	5	
PILOT-2014003236__G__gpt5.4__rep2.json	PILOT-2014003236	G	2	0.8244	0.9	0.9244	0.9024	5	
PILOT-2014003236__G__haiku4.5__rep0.json	PILOT-2014003236	G	0	0.7718	0.9	0.8718	0.8665	5	
PILOT-2014003236__G__haiku4.5__rep1.json	PILOT-2014003236	G	1	0.7784	1.0	0.7784	0.8557	4	
PILOT-2014003236__G__haiku4.5__rep2.json	PILOT-2014003236	G	2	0.6802	0.8264	0.826	0.791	4	
PILOT-2014003236__G__sonnet4__rep0.json	PILOT-2014003236	G	0	0.575	0.7222	0.7904	0.6722	4	
PILOT-2014003236__G__sonnet4__rep1.json	PILOT-2014003236	G	1	0.7372	0.8472	0.7917	0.8155	4	
PILOT-2014003236__G__sonnet4__rep2.json	PILOT-2014003236	G	2	0.4767	0.4967	0.8833	0.6151	5	
PILOT-2014003587__F__gpt4o-mini__rep0.json	PILOT-2014003587	F	0	0.9606	0.9895	0.9695	0.9783	16	
PILOT-2014003587__F__gpt4o-mini__rep1.json	PILOT-2014003587	F	1	0.9742	0.997	0.9773	0.9855	11	
PILOT-2014003587__F__gpt4o-mini__rep2.json	PILOT-2014003587	F	2	0.9643	0.9789	0.9826	0.9807	20	
PILOT-2014003587__F__gpt5.4__rep0.json	PILOT-2014003587	F	0	0.7985	0.9923	0.8035	0.8767	10	
PILOT-2014003587__F__gpt5.4__rep1.json	PILOT-2014003587	F	1	0.8529	0.9941	0.856	0.9112	13	
PILOT-2014003587__F__gpt5.4__rep2.json	PILOT-2014003587	F	2	0.8969	0.9923	0.9008	0.9372	10	
PILOT-2014003587__F__haiku4.5__rep0.json	PILOT-2014003587	F	0	0.8328	0.9962	0.8357	0.9042	20	
PILOT-2014003587__F__haiku4.5__rep1.json	PILOT-2014003587	F	1	0.7851	0.9962	0.7879	0.8712	20	
PILOT-2014003587__F__haiku4.5__rep2.json	PILOT-2014003587	F	2	0.7959	0.9962	0.7987	0.8786	20	
PILOT-2014003587__F__sonnet4__rep0.json	PILOT-2014003587	F	0	0.9709	0.9962	0.9738	0.9838	20	
PILOT-2014003587__F__sonnet4__rep1.json	PILOT-2014003587	F	1	0.9729	0.9962	0.9757	0.985	20	
PILOT-2014003587__F__sonnet4__rep2.json	PILOT-2014003587	F	2	0.8761	0.9962	0.879	0.9287	20	
PILOT-2014003587__G__gpt4o-mini__rep0.json	PILOT-2014003587	G	0	None				0	no_gen
PILOT-2014003587__G__gpt4o-mini__rep1.json	PILOT-2014003587	G	1	None				0	no_gen
PILOT-2014003587__G__gpt4o-mini__rep2.json	PILOT-2014003587	G	2	0.7555	0.9508	0.7939	0.8485	8	
PILOT-2014003587__G__gpt5.4__rep0.json	PILOT-2014003587	G	0	0.8616	0.989	0.8676	0.9168	7	
PILOT-2014003587__G__gpt5.4__rep1.json	PILOT-2014003587	G	1	0.9394	0.9962	0.9418	0.9661	20	
PILOT-2014003587__G__gpt5.4__rep2.json	PILOT-2014003587	G	2	0.9265	0.9941	0.93	0.9582	13	
PILOT-2014003587__G__haiku4.5__rep0.json	PILOT-2014003587	G	0	0.7898	0.9962	0.7927	0.8741	20	
PILOT-2014003587__G__haiku4.5__rep1.json	PILOT-2014003587	G	1	0.836	0.9962	0.8393	0.9063	20	
PILOT-2014003587__G__haiku4.5__rep2.json	PILOT-2014003587	G	2	0.7599	0.9962	0.763	0.853	20	
PILOT-2014003587__G__sonnet4__rep0.json	PILOT-2014003587	G	0	0.9729	0.9962	0.9757	0.985	20	
PILOT-2014003587__G__sonnet4__rep1.json	PILOT-2014003587	G	1	0.981	0.9962	0.9843	0.9898	20	
PILOT-2014003587__G__sonnet4__rep2.json	PILOT-2014003587	G	2	0.9729	0.9962	0.9757	0.985	20	
PILOT-2014006550__F__gpt4o-mini__rep0.json	PILOT-2014006550	F	0	None				0	no_gen
PILOT-2014006550__F__gpt4o-mini__rep1.json	PILOT-2014006550	F	1	None				0	no_gen
PILOT-2014006550__F__gpt4o-mini__rep2.json	PILOT-2014006550	F	2	0.8876	0.9295	0.9461	0.9371	9	
PILOT-2014006550__F__gpt5.4__rep0.json	PILOT-2014006550	F	0	0.9377	0.9797	0.9553	0.9661	20	
PILOT-2014006550__F__gpt5.4__rep1.json	PILOT-2014006550	F	1	0.9683	0.9859	0.9816	0.9832	20	
PILOT-2014006550__F__gpt5.4__rep2.json	PILOT-2014006550	F	2	0.962	0.9859	0.9758	0.9797	20	
PILOT-2014006550__F__haiku4.5__rep0.json	PILOT-2014006550	F	0	0.8672	0.9731	0.8892	0.9261	20	
PILOT-2014006550__F__haiku4.5__rep1.json	PILOT-2014006550	F	1	0.8764	0.9609	0.9073	0.9286	20	
PILOT-2014006550__F__haiku4.5__rep2.json	PILOT-2014006550	F	2	0.8833	0.957	0.9151	0.933	20	
PILOT-2014006550__F__sonnet4__rep0.json	PILOT-2014006550	F	0	0.9309	0.9781	0.9505	0.9605	20	
PILOT-2014006550__F__sonnet4__rep1.json	PILOT-2014006550	F	1	0.9413	0.9781	0.9619	0.9672	20	
PILOT-2014006550__F__sonnet4__rep2.json	PILOT-2014006550	F	2	0.9259	0.9781	0.9451	0.9574	20	
PILOT-2014006550__G__gpt4o-mini__rep0.json	PILOT-2014006550	G	0	0.8265	0.9615	0.8553	0.9012	20	
PILOT-2014006550__G__gpt4o-mini__rep1.json	PILOT-2014006550	G	1	None				0	no_gen
PILOT-2014006550__G__gpt4o-mini__rep2.json	PILOT-2014006550	G	2	0.8979	0.9301	0.9524	0.9399	13	
PILOT-2014006550__G__gpt5.4__rep0.json	PILOT-2014006550	G	0	0.9085	0.9859	0.9222	0.9465	20	
PILOT-2014006550__G__gpt5.4__rep1.json	PILOT-2014006550	G	1	0.9609	0.9859	0.9747	0.9789	20	
PILOT-2014006550__G__gpt5.4__rep2.json	PILOT-2014006550	G	2	0.9714	0.9859	0.9851	0.9849	20	
PILOT-2014006550__G__haiku4.5__rep0.json	PILOT-2014006550	G	0	0.8423	0.9393	0.8853	0.9091	20	
PILOT-2014006550__G__haiku4.5__rep1.json	PILOT-2014006550	G	1	0.8799	0.9504	0.9191	0.9328	20	
PILOT-2014006550__G__haiku4.5__rep2.json	PILOT-2014006550	G	2	0.822	0.9596	0.8516	0.8981	20	
PILOT-2014006550__G__sonnet4__rep0.json	PILOT-2014006550	G	0	0.9245	0.9781	0.9441	0.9575	20	
PILOT-2014006550__G__sonnet4__rep1.json	PILOT-2014006550	G	1	0.9109	0.9781	0.9301	0.9487	20	
PILOT-2014006550__G__sonnet4__rep2.json	PILOT-2014006550	G	2	0.9457	0.9781	0.9663	0.9701	20	
PILOT-2014007043__F__gpt4o-mini__rep0.json	PILOT-2014007043	F	0	0.9732	0.9815	0.9904	0.9859	4	
PILOT-2014007043__F__gpt4o-mini__rep1.json	PILOT-2014007043	F	1	0.8571	0.8673	0.9861	0.9197	3	
PILOT-2014007043__F__gpt4o-mini__rep2.json	PILOT-2014007043	F	2	0.7958	0.8707	0.9074	0.8855	4	
PILOT-2014007043__F__gpt5.4__rep0.json	PILOT-2014007043	F	0	0.9755	1.0	0.9755	0.9872	6	
PILOT-2014007043__F__gpt5.4__rep1.json	PILOT-2014007043	F	1	0.9794	0.9972	0.9821	0.9887	20	
PILOT-2014007043__F__gpt5.4__rep2.json	PILOT-2014007043	F	2	0.9312	0.9622	0.9574	0.9547	20	
PILOT-2014007043__F__haiku4.5__rep0.json	PILOT-2014007043	F	0	0.5265	0.7264	0.6287	0.632	6	
PILOT-2014007043__F__haiku4.5__rep1.json	PILOT-2014007043	F	1	0.9494	0.9861	0.9633	0.9736	4	
PILOT-2014007043__F__haiku4.5__rep2.json	PILOT-2014007043	F	2	0.5221	0.7264	0.5838	0.6249	6	
PILOT-2014007043__F__sonnet4__rep0.json	PILOT-2014007043	F	0	0.8654	0.8751	0.9786	0.8889	20	
PILOT-2014007043__F__sonnet4__rep1.json	PILOT-2014007043	F	1	0.8654	0.8751	0.9786	0.8889	20	
PILOT-2014007043__F__sonnet4__rep2.json	PILOT-2014007043	F	2	0.8654	0.8751	0.9786	0.8889	20	
PILOT-2014007043__G__gpt4o-mini__rep0.json	PILOT-2014007043	G	0	0.8057	0.9161	0.866	0.8866	4	
PILOT-2014007043__G__gpt4o-mini__rep1.json	PILOT-2014007043	G	1	0.9101	1.0	0.9101	0.952	4	
PILOT-2014007043__G__gpt4o-mini__rep2.json	PILOT-2014007043	G	2	0.7341	0.9204	0.7924	0.8392	4	
PILOT-2014007043__G__gpt5.4__rep0.json	PILOT-2014007043	G	0	0.8979	1.0	0.8979	0.9353	6	
PILOT-2014007043__G__gpt5.4__rep1.json	PILOT-2014007043	G	1	0.9331	1.0	0.9331	0.9622	6	
PILOT-2014007043__G__gpt5.4__rep2.json	PILOT-2014007043	G	2	0.9512	1.0	0.9512	0.9742	6	
PILOT-2014007043__G__haiku4.5__rep0.json	PILOT-2014007043	G	0	0.634	0.7694	0.7459	0.7331	6	
PILOT-2014007043__G__haiku4.5__rep1.json	PILOT-2014007043	G	1	0.8298	0.8685	0.8756	0.8672	20	
PILOT-2014007043__G__haiku4.5__rep2.json	PILOT-2014007043	G	2	0.9253	0.965	0.9487	0.9533	20	
PILOT-2014007043__G__sonnet4__rep0.json	PILOT-2014007043	G	0	0.8654	0.8751	0.9786	0.8889	20	
PILOT-2014007043__G__sonnet4__rep1.json	PILOT-2014007043	G	1	0.8654	0.8751	0.9786	0.8889	20	
PILOT-2014007043__G__sonnet4__rep2.json	PILOT-2014007043	G	2	0.8654	0.8751	0.9786	0.8889	20	
PILOT-2014008375__F__gpt4o-mini__rep0.json	PILOT-2014008375	F	0	0.7647	0.9444	0.8043	0.8626	3	
PILOT-2014008375__F__gpt4o-mini__rep1.json	PILOT-2014008375	F	1	0.6377	1.0	0.6377	0.7626	3	
PILOT-2014008375__F__gpt4o-mini__rep2.json	PILOT-2014008375	F	2	0.8182	1.0	0.8182	0.8811	3	
PILOT-2014008375__F__gpt5.4__rep0.json	PILOT-2014008375	F	0	0.9623	1.0	0.9623	0.98	5	
PILOT-2014008375__F__gpt5.4__rep1.json	PILOT-2014008375	F	1	0.9911	1.0	0.9911	0.9954	10	
PILOT-2014008375__F__gpt5.4__rep2.json	PILOT-2014008375	F	2	0.9871	1.0	0.9871	0.9933	10	
PILOT-2014008375__F__haiku4.5__rep0.json	PILOT-2014008375	F	0	0.9111	0.9546	0.9565	0.9535	2	
PILOT-2014008375__F__haiku4.5__rep1.json	PILOT-2014008375	F	1	0.9164	0.9697	0.9467	0.9551	3	
PILOT-2014008375__F__haiku4.5__rep2.json	PILOT-2014008375	F	2	0.8327	1.0	0.8327	0.9055	4	
PILOT-2014008375__F__sonnet4__rep0.json	PILOT-2014008375	F	0	0.9954	1.0	0.9954	0.9977	10	
PILOT-2014008375__F__sonnet4__rep1.json	PILOT-2014008375	F	1	0.9954	1.0	0.9954	0.9977	10	
PILOT-2014008375__F__sonnet4__rep2.json	PILOT-2014008375	F	2	0.9954	1.0	0.9954	0.9977	10	
PILOT-2014008375__G__gpt4o-mini__rep0.json	PILOT-2014008375	G	0	0.7235	1.0	0.7235	0.8321	3	
PILOT-2014008375__G__gpt4o-mini__rep1.json	PILOT-2014008375	G	1	0.9326	1.0	0.9326	0.9623	5	
PILOT-2014008375__G__gpt4o-mini__rep2.json	PILOT-2014008375	G	2	0.8712	0.9659	0.9053	0.9259	4	
PILOT-2014008375__G__gpt5.4__rep0.json	PILOT-2014008375	G	0	0.954	1.0	0.954	0.9755	5	
PILOT-2014008375__G__gpt5.4__rep1.json	PILOT-2014008375	G	1	0.9954	1.0	0.9954	0.9977	10	
PILOT-2014008375__G__gpt5.4__rep2.json	PILOT-2014008375	G	2	0.9954	1.0	0.9954	0.9977	10	
PILOT-2014008375__G__haiku4.5__rep0.json	PILOT-2014008375	G	0	0.9903	1.0	0.9903	0.9949	9	
PILOT-2014008375__G__haiku4.5__rep1.json	PILOT-2014008375	G	1	0.9164	0.9697	0.9467	0.9551	3	
PILOT-2014008375__G__haiku4.5__rep2.json	PILOT-2014008375	G	2	0.9374	0.9864	0.9477	0.965	10	
PILOT-2014008375__G__sonnet4__rep0.json	PILOT-2014008375	G	0	0.9949	1.0	0.9949	0.9974	9	
PILOT-2014008375__G__sonnet4__rep1.json	PILOT-2014008375	G	1	0.9949	1.0	0.9949	0.9974	9	
PILOT-2014008375__G__sonnet4__rep2.json	PILOT-2014008375	G	2	0.9949	1.0	0.9949	0.9974	9	
PILOT-2014009096__F__gpt4o-mini__rep0.json	PILOT-2014009096	F	0	0.626	0.737	0.7984	0.7636	4	
PILOT-2014009096__F__gpt4o-mini__rep1.json	PILOT-2014009096	F	1	0.626	0.737	0.7984	0.7636	4	
PILOT-2014009096__F__gpt4o-mini__rep2.json	PILOT-2014009096	F	2	0.626	0.737	0.7984	0.7636	4	
PILOT-2014009096__F__gpt5.4__rep0.json	PILOT-2014009096	F	0	0.6331	0.7543	0.7945	0.7729	4	
PILOT-2014009096__F__gpt5.4__rep1.json	PILOT-2014009096	F	1	0.7749	0.8419	0.8917	0.8654	9	
PILOT-2014009096__F__gpt5.4__rep2.json	PILOT-2014009096	F	2	0.5549	0.7543	0.6714	0.7074	4	
PILOT-2014009096__F__haiku4.5__rep0.json	PILOT-2014009096	F	0	0.6489	0.7543	0.8165	0.7831	4	
PILOT-2014009096__F__haiku4.5__rep1.json	PILOT-2014009096	F	1	0.6406	0.7543	0.8023	0.7757	4	
PILOT-2014009096__F__haiku4.5__rep2.json	PILOT-2014009096	F	2	0.6433	0.7632	0.7963	0.7775	4	
PILOT-2014009096__F__sonnet4__rep0.json	PILOT-2014009096	F	0	0.6683	0.7543	0.8493	0.7984	4	
PILOT-2014009096__F__sonnet4__rep1.json	PILOT-2014009096	F	1	0.6723	0.7543	0.8551	0.8008	4	
PILOT-2014009096__F__sonnet4__rep2.json	PILOT-2014009096	F	2	0.6723	0.7543	0.8551	0.8008	4	
PILOT-2014009096__G__gpt4o-mini__rep0.json	PILOT-2014009096	G	0	0.6136	0.737	0.7775	0.7535	4	
PILOT-2014009096__G__gpt4o-mini__rep1.json	PILOT-2014009096	G	1	0.6298	0.7453	0.7941	0.7658	4	
PILOT-2014009096__G__gpt4o-mini__rep2.json	PILOT-2014009096	G	2	0.6215	0.7453	0.7814	0.76	4	
PILOT-2014009096__G__gpt5.4__rep0.json	PILOT-2014009096	G	0	0.7749	0.8419	0.8917	0.8654	9	
PILOT-2014009096__G__gpt5.4__rep1.json	PILOT-2014009096	G	1	0.6331	0.7543	0.7945	0.7729	4	
PILOT-2014009096__G__gpt5.4__rep2.json	PILOT-2014009096	G	2	0.7749	0.8419	0.8917	0.8654	9	
PILOT-2014009096__G__haiku4.5__rep0.json	PILOT-2014009096	G	0	0.7912	0.8419	0.9183	0.8775	9	
PILOT-2014009096__G__haiku4.5__rep1.json	PILOT-2014009096	G	1	0.6211	0.737	0.7906	0.7614	4	
PILOT-2014009096__G__haiku4.5__rep2.json	PILOT-2014009096	G	2	0.6438	0.737	0.83	0.7802	4	
PILOT-2014009096__G__sonnet4__rep0.json	PILOT-2014009096	G	0	0.6683	0.7543	0.8493	0.7984	4	
PILOT-2014009096__G__sonnet4__rep1.json	PILOT-2014009096	G	1	0.6683	0.7543	0.8493	0.7984	4	
PILOT-2014009096__G__sonnet4__rep2.json	PILOT-2014009096	G	2	0.5678	0.7543	0.6913	0.7199	4	
PILOT-2014009182__F__gpt4o-mini__rep0.json	PILOT-2014009182	F	0	0.9503	0.9576	0.9861	0.97	20	
PILOT-2014009182__F__gpt4o-mini__rep1.json	PILOT-2014009182	F	1	None				0	no_gen
PILOT-2014009182__F__gpt4o-mini__rep2.json	PILOT-2014009182	F	2	0.9527	0.96	0.9861	0.9712	20	
PILOT-2014009182__F__gpt5.4__rep0.json	PILOT-2014009182	F	0	0.8763	0.9711	0.9047	0.9245	20	
PILOT-2014009182__F__gpt5.4__rep1.json	PILOT-2014009182	F	1	0.8839	0.9711	0.9118	0.9283	20	
PILOT-2014009182__F__gpt5.4__rep2.json	PILOT-2014009182	F	2	0.8846	0.9802	0.9038	0.93	19	
PILOT-2014009182__F__haiku4.5__rep0.json	PILOT-2014009182	F	0	0.6293	0.9914	0.6348	0.7521	12	
PILOT-2014009182__F__haiku4.5__rep1.json	PILOT-2014009182	F	1	0.709	0.9831	0.7219	0.8172	12	
PILOT-2014009182__F__haiku4.5__rep2.json	PILOT-2014009182	F	2	0.6945	0.9711	0.7221	0.7931	20	
PILOT-2014009182__F__sonnet4__rep0.json	PILOT-2014009182	F	0	0.8974	0.9711	0.9256	0.94	20	
PILOT-2014009182__F__sonnet4__rep1.json	PILOT-2014009182	F	1	0.7982	0.9561	0.8406	0.8723	20	
PILOT-2014009182__F__sonnet4__rep2.json	PILOT-2014009182	F	2	0.7408	0.9711	0.7679	0.8266	20	
PILOT-2014009182__G__gpt4o-mini__rep0.json	PILOT-2014009182	G	0	0.9872	0.9872	1.0	0.9932	8	
PILOT-2014009182__G__gpt4o-mini__rep1.json	PILOT-2014009182	G	1	0.9886	0.9886	1.0	0.994	9	
PILOT-2014009182__G__gpt4o-mini__rep2.json	PILOT-2014009182	G	2	0.9592	0.9886	0.9706	0.977	9	
PILOT-2014009182__G__gpt5.4__rep0.json	PILOT-2014009182	G	0	0.9576	0.9711	0.9854	0.9759	20	
PILOT-2014009182__G__gpt5.4__rep1.json	PILOT-2014009182	G	1	0.8796	0.9711	0.9078	0.9214	20	
PILOT-2014009182__G__gpt5.4__rep2.json	PILOT-2014009182	G	2	0.9793	0.9949	0.9842	0.989	20	
PILOT-2014009182__G__haiku4.5__rep0.json	PILOT-2014009182	G	0	0.7716	0.9711	0.7993	0.8524	20	
PILOT-2014009182__G__haiku4.5__rep1.json	PILOT-2014009182	G	1	0.8259	0.9695	0.8556	0.8934	19	
PILOT-2014009182__G__haiku4.5__rep2.json	PILOT-2014009182	G	2	0.8534	0.9711	0.8816	0.9107	20	
PILOT-2014009182__G__sonnet4__rep0.json	PILOT-2014009182	G	0	0.9398	0.9711	0.9682	0.966	20	
PILOT-2014009182__G__sonnet4__rep1.json	PILOT-2014009182	G	1	0.8959	0.9711	0.9243	0.9395	20	
PILOT-2014009182__G__sonnet4__rep2.json	PILOT-2014009182	G	2	0.9398	0.9711	0.9682	0.966	20	
PILOT-2014009970__F__gpt4o-mini__rep0.json	PILOT-2014009970	F	0	0.7164	0.9952	0.719	0.8297	9	
PILOT-2014009970__F__gpt4o-mini__rep1.json	PILOT-2014009970	F	1	0.9509	0.9745	0.9702	0.9723	9	
PILOT-2014009970__F__gpt4o-mini__rep2.json	PILOT-2014009970	F	2	0.6438	0.9952	0.6473	0.7787	9	
PILOT-2014009970__F__gpt5.4__rep0.json	PILOT-2014009970	F	0	0.8939	0.9938	0.8969	0.9347	7	
PILOT-2014009970__F__gpt5.4__rep1.json	PILOT-2014009970	F	1	0.8406	0.9952	0.8433	0.8884	9	
PILOT-2014009970__F__gpt5.4__rep2.json	PILOT-2014009970	F	2	0.9219	0.9952	0.9249	0.9514	9	
PILOT-2014009970__F__haiku4.5__rep0.json	PILOT-2014009970	F	0	0.6848	0.9952	0.6863	0.8004	9	
PILOT-2014009970__F__haiku4.5__rep1.json	PILOT-2014009970	F	1	0.6883	0.9952	0.6901	0.8043	9	
PILOT-2014009970__F__haiku4.5__rep2.json	PILOT-2014009970	F	2	0.7192	0.9952	0.7207	0.8251	9	
PILOT-2014009970__F__sonnet4__rep0.json	PILOT-2014009970	F	0	0.8723	0.9938	0.8746	0.9224	7	
PILOT-2014009970__F__sonnet4__rep1.json	PILOT-2014009970	F	1	0.8485	0.9938	0.8509	0.9103	7	
PILOT-2014009970__F__sonnet4__rep2.json	PILOT-2014009970	F	2	0.8211	0.9938	0.8234	0.8887	7	
PILOT-2014009970__G__gpt4o-mini__rep0.json	PILOT-2014009970	G	0	0.9565	0.9952	0.9593	0.9755	9	
PILOT-2014009970__G__gpt4o-mini__rep1.json	PILOT-2014009970	G	1	0.9867	0.9952	0.9907	0.9929	9	
PILOT-2014009970__G__gpt4o-mini__rep2.json	PILOT-2014009970	G	2	0.6848	0.9913	0.6902	0.8047	5	
PILOT-2014009970__G__gpt5.4__rep0.json	PILOT-2014009970	G	0	0.9021	0.9504	0.9479	0.944	6	
PILOT-2014009970__G__gpt5.4__rep1.json	PILOT-2014009970	G	1	0.8869	0.9952	0.8892	0.9331	9	
PILOT-2014009970__G__gpt5.4__rep2.json	PILOT-2014009970	G	2	0.963	0.9952	0.9653	0.9778	9	
PILOT-2014009970__G__haiku4.5__rep0.json	PILOT-2014009970	G	0	0.7789	0.9952	0.7812	0.8637	9	
PILOT-2014009970__G__haiku4.5__rep1.json	PILOT-2014009970	G	1	0.7351	0.9952	0.7376	0.8358	9	
PILOT-2014009970__G__haiku4.5__rep2.json	PILOT-2014009970	G	2	0.5966	0.9952	0.5986	0.728	9	
PILOT-2014009970__G__sonnet4__rep0.json	PILOT-2014009970	G	0	0.942	0.9952	0.9432	0.9608	9	
PILOT-2014009970__G__sonnet4__rep1.json	PILOT-2014009970	G	1	0.9206	0.9928	0.9228	0.9479	6	
PILOT-2014009970__G__sonnet4__rep2.json	PILOT-2014009970	G	2	0.9206	0.9928	0.9228	0.9479	6	
PILOT-2015000199__F__gpt4o-mini__rep0.json	PILOT-2015000199	F	0	None				0	no_gen
PILOT-2015000199__F__gpt4o-mini__rep1.json	PILOT-2015000199	F	1	None				0	no_gen
PILOT-2015000199__F__gpt4o-mini__rep2.json	PILOT-2015000199	F	2	0.8757	0.8918	0.9746	0.9234	10	
PILOT-2015000199__F__gpt5.4__rep0.json	PILOT-2015000199	F	0	0.8038	0.8539	0.9245	0.8774	10	
PILOT-2015000199__F__gpt5.4__rep1.json	PILOT-2015000199	F	1	0.8278	0.866	0.9462	0.8948	10	
PILOT-2015000199__F__gpt5.4__rep2.json	PILOT-2015000199	F	2	0.8826	0.9	0.9765	0.9304	24	
PILOT-2015000199__F__haiku4.5__rep0.json	PILOT-2015000199	F	0	0.8728	0.9044	0.96	0.9225	10	
PILOT-2015000199__F__haiku4.5__rep1.json	PILOT-2015000199	F	1	0.8467	0.9018	0.9243	0.9047	10	
PILOT-2015000199__F__haiku4.5__rep2.json	PILOT-2015000199	F	2	0.869	0.9044	0.9511	0.9194	10	
PILOT-2015000199__F__sonnet4__rep0.json	PILOT-2015000199	F	0	0.8844	0.9161	0.9566	0.9279	10	
PILOT-2015000199__F__sonnet4__rep1.json	PILOT-2015000199	F	1	0.8883	0.9161	0.9655	0.931	10	
PILOT-2015000199__F__sonnet4__rep2.json	PILOT-2015000199	F	2	0.8844	0.9161	0.9566	0.9279	10	
PILOT-2015000199__G__gpt4o-mini__rep0.json	PILOT-2015000199	G	0	0.8468	0.8827	0.9458	0.9058	10	
PILOT-2015000199__G__gpt4o-mini__rep1.json	PILOT-2015000199	G	1	0.8454	0.8756	0.9499	0.9047	10	
PILOT-2015000199__G__gpt4o-mini__rep2.json	PILOT-2015000199	G	2	0.8795	0.9089	0.9621	0.926	10	
PILOT-2015000199__G__gpt5.4__rep0.json	PILOT-2015000199	G	0	0.8724	0.8981	0.9601	0.9226	24	
PILOT-2015000199__G__gpt5.4__rep1.json	PILOT-2015000199	G	1	0.8018	0.8873	0.8779	0.8727	10	
PILOT-2015000199__G__gpt5.4__rep2.json	PILOT-2015000199	G	2	0.8328	0.8873	0.9346	0.8982	10	
PILOT-2015000199__G__haiku4.5__rep0.json	PILOT-2015000199	G	0	0.2395	0.3351	0.3708	0.3361	10	
PILOT-2015000199__G__haiku4.5__rep1.json	PILOT-2015000199	G	1	0.8558	0.8999	0.9451	0.9122	10	
PILOT-2015000199__G__haiku4.5__rep2.json	PILOT-2015000199	G	2	0.8337	0.9018	0.9113	0.8969	10	
PILOT-2015000199__G__sonnet4__rep0.json	PILOT-2015000199	G	0	0.8633	0.9115	0.9384	0.9155	10	
PILOT-2015000199__G__sonnet4__rep1.json	PILOT-2015000199	G	1	0.8563	0.9161	0.9402	0.9115	10	
PILOT-2015000199__G__sonnet4__rep2.json	PILOT-2015000199	G	2	0.8588	0.9161	0.9309	0.9127	10	
PILOT-2015004151__F__gpt4o-mini__rep0.json	PILOT-2015004151	F	0	0.4114	0.7129	0.4559	0.5518	4	
PILOT-2015004151__F__gpt4o-mini__rep1.json	PILOT-2015004151	F	1	0.5059	0.817	0.5954	0.6711	5	
PILOT-2015004151__F__gpt4o-mini__rep2.json	PILOT-2015004151	F	2	0.6655	0.8439	0.7248	0.7692	8	
PILOT-2015004151__F__gpt5.4__rep0.json	PILOT-2015004151	F	0	0.5988	0.7641	0.6855	0.709	6	
PILOT-2015004151__F__gpt5.4__rep1.json	PILOT-2015004151	F	1	0.6266	0.7641	0.7229	0.7367	6	
PILOT-2015004151__F__gpt5.4__rep2.json	PILOT-2015004151	F	2	0.6213	0.7641	0.7202	0.7338	6	
PILOT-2015004151__F__haiku4.5__rep0.json	PILOT-2015004151	F	0	0.581	0.8231	0.646	0.7044	8	
PILOT-2015004151__F__haiku4.5__rep1.json	PILOT-2015004151	F	1	0.581	0.8231	0.646	0.7044	8	
PILOT-2015004151__F__haiku4.5__rep2.json	PILOT-2015004151	F	2	0.581	0.8231	0.646	0.7044	8	
PILOT-2015004151__F__sonnet4__rep0.json	PILOT-2015004151	F	0	0.6561	0.7978	0.7304	0.7506	7	
PILOT-2015004151__F__sonnet4__rep1.json	PILOT-2015004151	F	1	0.6561	0.7978	0.7304	0.7506	7	
PILOT-2015004151__F__sonnet4__rep2.json	PILOT-2015004151	F	2	0.6561	0.7978	0.7304	0.7506	7	
PILOT-2015004151__G__gpt4o-mini__rep0.json	PILOT-2015004151	G	0	0.6485	0.8231	0.7109	0.7525	8	
PILOT-2015004151__G__gpt4o-mini__rep1.json	PILOT-2015004151	G	1	0.4709	0.817	0.5375	0.6373	5	
PILOT-2015004151__G__gpt4o-mini__rep2.json	PILOT-2015004151	G	2	0.5376	0.817	0.6041	0.6858	5	
PILOT-2015004151__G__gpt5.4__rep0.json	PILOT-2015004151	G	0	0.616	0.7641	0.7083	0.7265	6	
PILOT-2015004151__G__gpt5.4__rep1.json	PILOT-2015004151	G	1	0.6266	0.7641	0.7229	0.7367	6	
PILOT-2015004151__G__gpt5.4__rep2.json	PILOT-2015004151	G	2	0.616	0.7641	0.7083	0.7265	6	
PILOT-2015004151__G__haiku4.5__rep0.json	PILOT-2015004151	G	0	0.5953	0.8231	0.6669	0.7203	8	
PILOT-2015004151__G__haiku4.5__rep1.json	PILOT-2015004151	G	1	0.5953	0.8231	0.6669	0.7203	8	
PILOT-2015004151__G__haiku4.5__rep2.json	PILOT-2015004151	G	2	0.5953	0.8231	0.6669	0.7203	8	
PILOT-2015004151__G__sonnet4__rep0.json	PILOT-2015004151	G	0	0.6709	0.7978	0.75	0.7656	7	
PILOT-2015004151__G__sonnet4__rep1.json	PILOT-2015004151	G	1	0.6709	0.7978	0.75	0.7656	7	
PILOT-2015004151__G__sonnet4__rep2.json	PILOT-2015004151	G	2	0.5923	0.8455	0.659	0.7263	7	
PILOT-2015004158__F__gpt4o-mini__rep0.json	PILOT-2015004158	F	0	None				0	no_gen
PILOT-2015004158__F__gpt4o-mini__rep1.json	PILOT-2015004158	F	1	0.7929	1.0	0.7929	0.8844	2	
PILOT-2015004158__F__gpt4o-mini__rep2.json	PILOT-2015004158	F	2	0.6967	1.0	0.6967	0.8212	2	
PILOT-2015004158__F__gpt5.4__rep0.json	PILOT-2015004158	F	0	0.7354	0.8186	0.7904	0.7984	8	
PILOT-2015004158__F__gpt5.4__rep1.json	PILOT-2015004158	F	1	0.7291	0.8186	0.7841	0.7945	8	
PILOT-2015004158__F__gpt5.4__rep2.json	PILOT-2015004158	F	2	0.7592	0.8388	0.8081	0.8173	9	
PILOT-2015004158__F__haiku4.5__rep0.json	PILOT-2015004158	F	0	0.8136	0.8386	0.85	0.8413	8	
PILOT-2015004158__F__haiku4.5__rep1.json	PILOT-2015004158	F	1	0.8136	0.8386	0.85	0.8413	8	
PILOT-2015004158__F__haiku4.5__rep2.json	PILOT-2015004158	F	2	0.8186	0.8282	0.8654	0.8447	8	
PILOT-2015004158__F__sonnet4__rep0.json	PILOT-2015004158	F	0	0.8473	0.8473	0.8889	0.8664	9	
PILOT-2015004158__F__sonnet4__rep1.json	PILOT-2015004158	F	1	0.8473	0.8473	0.8889	0.8664	9	
PILOT-2015004158__F__sonnet4__rep2.json	PILOT-2015004158	F	2	0.8473	0.8473	0.8889	0.8664	9	
PILOT-2015004158__G__gpt4o-mini__rep0.json	PILOT-2015004158	G	0	0.6967	1.0	0.6967	0.8212	2	
PILOT-2015004158__G__gpt4o-mini__rep1.json	PILOT-2015004158	G	1	0.8517	1.0	0.8517	0.9199	2	
PILOT-2015004158__G__gpt4o-mini__rep2.json	PILOT-2015004158	G	2	0.7929	1.0	0.7929	0.8844	2	
PILOT-2015004158__G__gpt5.4__rep0.json	PILOT-2015004158	G	0	0.7696	0.8388	0.813	0.8231	9	
PILOT-2015004158__G__gpt5.4__rep1.json	PILOT-2015004158	G	1	0.7767	0.8203	0.8407	0.8274	9	
PILOT-2015004158__G__gpt5.4__rep2.json	PILOT-2015004158	G	2	0.6994	0.8473	0.7307	0.7774	9	
PILOT-2015004158__G__haiku4.5__rep0.json	PILOT-2015004158	G	0	0.545	0.6648	0.5985	0.6297	4	
PILOT-2015004158__G__haiku4.5__rep1.json	PILOT-2015004158	G	1	0.6922	0.7362	0.7306	0.7302	9	
PILOT-2015004158__G__haiku4.5__rep2.json	PILOT-2015004158	G	2	0.6977	0.7362	0.7362	0.7337	9	
PILOT-2015004158__G__sonnet4__rep0.json	PILOT-2015004158	G	0	0.8311	0.8473	0.8695	0.8572	9	
PILOT-2015004158__G__sonnet4__rep1.json	PILOT-2015004158	G	1	0.8314	0.8388	0.8803	0.8579	9	
PILOT-2015004158__G__sonnet4__rep2.json	PILOT-2015004158	G	2	0.8473	0.8473	0.8889	0.8664	9	
PILOT-2015004926__F__gpt4o-mini__rep0.json	PILOT-2015004926	F	0	0.7993	0.9559	0.8298	0.8828	5	
PILOT-2015004926__F__gpt4o-mini__rep1.json	PILOT-2015004926	F	1	0.8172	0.9495	0.858	0.8959	5	
PILOT-2015004926__F__gpt4o-mini__rep2.json	PILOT-2015004926	F	2	0.7185	0.9338	0.7681	0.8273	8	
PILOT-2015004926__F__gpt5.4__rep0.json	PILOT-2015004926	F	0	0.8676	0.9503	0.8794	0.9078	15	
PILOT-2015004926__F__gpt5.4__rep1.json	PILOT-2015004926	F	1	0.8862	0.9542	0.9282	0.9294	20	
PILOT-2015004926__F__gpt5.4__rep2.json	PILOT-2015004926	F	2	0.897	0.965	0.9282	0.9365	20	
PILOT-2015004926__F__haiku4.5__rep0.json	PILOT-2015004926	F	0	0.675	0.9846	0.6839	0.7976	13	
PILOT-2015004926__F__haiku4.5__rep1.json	PILOT-2015004926	F	1	0.6734	0.9833	0.6831	0.7969	12	
PILOT-2015004926__F__haiku4.5__rep2.json	PILOT-2015004926	F	2	0.6753	0.9846	0.6864	0.799	13	
PILOT-2015004926__F__sonnet4__rep0.json	PILOT-2015004926	F	0	0.7438	0.9296	0.8044	0.8115	20	
PILOT-2015004926__F__sonnet4__rep1.json	PILOT-2015004926	F	1	0.865	0.9377	0.9219	0.9215	20	
PILOT-2015004926__F__sonnet4__rep2.json	PILOT-2015004926	F	2	0.8475	0.9308	0.9107	0.9114	18	
PILOT-2015004926__G__gpt4o-mini__rep0.json	PILOT-2015004926	G	0	0.7551	0.8679	0.8774	0.8544	10	
PILOT-2015004926__G__gpt4o-mini__rep1.json	PILOT-2015004926	G	1	0.9025	0.9336	0.9646	0.9472	8	
PILOT-2015004926__G__gpt4o-mini__rep2.json	PILOT-2015004926	G	2	0.823	0.9595	0.8482	0.8977	7	
PILOT-2015004926__G__gpt5.4__rep0.json	PILOT-2015004926	G	0	0.8865	0.9738	0.9076	0.9206	15	
PILOT-2015004926__G__gpt5.4__rep1.json	PILOT-2015004926	G	1	0.8831	0.9533	0.926	0.9293	15	
PILOT-2015004926__G__gpt5.4__rep2.json	PILOT-2015004926	G	2	0.8607	0.9414	0.9163	0.9223	15	
PILOT-2015004926__G__haiku4.5__rep0.json	PILOT-2015004926	G	0	0.7572	0.9875	0.7645	0.8491	16	
PILOT-2015004926__G__haiku4.5__rep1.json	PILOT-2015004926	G	1	0.7572	0.9875	0.7645	0.8491	16	
PILOT-2015004926__G__haiku4.5__rep2.json	PILOT-2015004926	G	2	0.7307	0.9704	0.748	0.8334	18	
PILOT-2015004926__G__sonnet4__rep0.json	PILOT-2015004926	G	0	0.8218	0.99	0.829	0.8956	20	
PILOT-2015004926__G__sonnet4__rep1.json	PILOT-2015004926	G	1	0.9024	0.9435	0.956	0.9456	20	
PILOT-2015004926__G__sonnet4__rep2.json	PILOT-2015004926	G	2	0.7846	0.99	0.7923	0.8677	20	
PILOT-2015005752__F__gpt4o-mini__rep0.json	PILOT-2015005752	F	0	0.9905	1.0	0.9905	0.9951	5	
PILOT-2015005752__F__gpt4o-mini__rep1.json	PILOT-2015005752	F	1	0.9367	0.9528	0.9808	0.9638	9	
PILOT-2015005752__F__gpt4o-mini__rep2.json	PILOT-2015005752	F	2	0.6194	0.7589	0.6639	0.7065	4	
PILOT-2015005752__F__gpt5.4__rep0.json	PILOT-2015005752	F	0	0.958	0.968	0.99	0.9763	20	
PILOT-2015005752__F__gpt5.4__rep1.json	PILOT-2015005752	F	1	0.9558	0.9663	0.9895	0.9751	19	
PILOT-2015005752__F__gpt5.4__rep2.json	PILOT-2015005752	F	2	0.9451	0.9644	0.9773	0.9683	18	
PILOT-2015005752__F__haiku4.5__rep0.json	PILOT-2015005752	F	0	0.6165	0.9446	0.6462	0.7438	14	
PILOT-2015005752__F__haiku4.5__rep1.json	PILOT-2015005752	F	1	0.8306	0.9544	0.8625	0.9009	15	
PILOT-2015005752__F__haiku4.5__rep2.json	PILOT-2015005752	F	2	0.7451	0.9658	0.7711	0.8446	20	
PILOT-2015005752__F__sonnet4__rep0.json	PILOT-2015005752	F	0	0.8983	0.968	0.9193	0.9376	20	
PILOT-2015005752__F__sonnet4__rep1.json	PILOT-2015005752	F	1	0.8879	0.968	0.9088	0.9312	20	
PILOT-2015005752__F__sonnet4__rep2.json	PILOT-2015005752	F	2	0.9058	0.968	0.9263	0.9424	20	
PILOT-2015005752__G__gpt4o-mini__rep0.json	PILOT-2015005752	G	0	None				0	no_gen
PILOT-2015005752__G__gpt4o-mini__rep1.json	PILOT-2015005752	G	1	0.9226	0.95	0.955	0.9521	6	
PILOT-2015005752__G__gpt4o-mini__rep2.json	PILOT-2015005752	G	2	0.9283	0.95	0.9783	0.959	6	
PILOT-2015005752__G__gpt5.4__rep0.json	PILOT-2015005752	G	0	0.8774	0.9644	0.9069	0.9253	18	
PILOT-2015005752__G__gpt5.4__rep1.json	PILOT-2015005752	G	1	0.9339	0.9644	0.9643	0.962	18	
PILOT-2015005752__G__gpt5.4__rep2.json	PILOT-2015005752	G	2	0.9288	0.96	0.9636	0.9579	16	
PILOT-2015005752__G__haiku4.5__rep0.json	PILOT-2015005752	G	0	0.7856	0.9658	0.8128	0.8729	20	
PILOT-2015005752__G__haiku4.5__rep1.json	PILOT-2015005752	G	1	0.8673	0.9658	0.8958	0.9221	20	
PILOT-2015005752__G__haiku4.5__rep2.json	PILOT-2015005752	G	2	0.7471	0.9658	0.7725	0.8456	20	
PILOT-2015005752__G__sonnet4__rep0.json	PILOT-2015005752	G	0	0.8694	0.968	0.8869	0.9188	20	
PILOT-2015005752__G__sonnet4__rep1.json	PILOT-2015005752	G	1	0.9045	0.968	0.9253	0.9433	20	
PILOT-2015005752__G__sonnet4__rep2.json	PILOT-2015005752	G	2	0.9044	0.968	0.9249	0.9414	20	
PILOT-2015006206__F__gpt4o-mini__rep0.json	PILOT-2015006206	F	0	0.9403	0.989	0.9513	0.9671	7	
PILOT-2015006206__F__gpt4o-mini__rep1.json	PILOT-2015006206	F	1	0.6752	0.9846	0.6822	0.8015	5	
PILOT-2015006206__F__gpt4o-mini__rep2.json	PILOT-2015006206	F	2	0.7174	0.9846	0.7288	0.8333	5	
PILOT-2015006206__F__gpt5.4__rep0.json	PILOT-2015006206	F	0	0.9672	1.0	0.9672	0.9808	26	
PILOT-2015006206__F__gpt5.4__rep1.json	PILOT-2015006206	F	1	0.9595	0.9952	0.9638	0.977	23	
PILOT-2015006206__F__gpt5.4__rep2.json	PILOT-2015006206	F	2	0.9574	0.9969	0.9604	0.9759	25	
PILOT-2015006206__F__haiku4.5__rep0.json	PILOT-2015006206	F	0	0.7401	0.99	0.7461	0.844	13	
PILOT-2015006206__F__haiku4.5__rep1.json	PILOT-2015006206	F	1	0.6691	1.0	0.6691	0.7969	6	
PILOT-2015006206__F__haiku4.5__rep2.json	PILOT-2015006206	F	2	0.7295	1.0	0.7295	0.8353	11	
PILOT-2015006206__F__sonnet4__rep0.json	PILOT-2015006206	F	0	0.9795	0.9957	0.9833	0.989	26	
PILOT-2015006206__F__sonnet4__rep1.json	PILOT-2015006206	F	1	0.964	0.9957	0.9678	0.9804	26	
PILOT-2015006206__F__sonnet4__rep2.json	PILOT-2015006206	F	2	0.9795	0.9957	0.9833	0.989	26	
PILOT-2015006206__G__gpt4o-mini__rep0.json	PILOT-2015006206	G	0	0.6767	0.9808	0.6855	0.8034	4	
PILOT-2015006206__G__gpt4o-mini__rep1.json	PILOT-2015006206	G	1	0.7665	0.9846	0.7728	0.8637	5	
PILOT-2015006206__G__gpt4o-mini__rep2.json	PILOT-2015006206	G	2	None				0	no_gen
PILOT-2015006206__G__gpt5.4__rep0.json	PILOT-2015006206	G	0	0.9735	0.9957	0.9773	0.9857	26	
PILOT-2015006206__G__gpt5.4__rep1.json	PILOT-2015006206	G	1	0.9763	0.9957	0.9801	0.9869	26	
PILOT-2015006206__G__gpt5.4__rep2.json	PILOT-2015006206	G	2	0.9056	0.9941	0.9115	0.9471	13	
PILOT-2015006206__G__haiku4.5__rep0.json	PILOT-2015006206	G	0	0.848	0.9957	0.8518	0.9088	26	
PILOT-2015006206__G__haiku4.5__rep1.json	PILOT-2015006206	G	1	0.911	1.0	0.911	0.9452	26	
PILOT-2015006206__G__haiku4.5__rep2.json	PILOT-2015006206	G	2	0.8469	0.9957	0.8507	0.9074	26	
PILOT-2015006206__G__sonnet4__rep0.json	PILOT-2015006206	G	0	0.9795	0.9957	0.9833	0.989	26	
PILOT-2015006206__G__sonnet4__rep1.json	PILOT-2015006206	G	1	0.9795	0.9957	0.9833	0.989	26	
PILOT-2015006206__G__sonnet4__rep2.json	PILOT-2015006206	G	2	0.964	0.9957	0.9678	0.9804	26	
PILOT-2015006603__F__gpt4o-mini__rep0.json	PILOT-2015006603	F	0	0.7727	1.0	0.7727	0.8718	2	
PILOT-2015006603__F__gpt4o-mini__rep1.json	PILOT-2015006603	F	1	0.7727	1.0	0.7727	0.8718	2	
PILOT-2015006603__F__gpt4o-mini__rep2.json	PILOT-2015006603	F	2	0.8919	0.9428	0.9428	0.9428	5	
PILOT-2015006603__F__gpt5.4__rep0.json	PILOT-2015006603	F	0	0.9333	1.0	0.9333	0.9626	14	
PILOT-2015006603__F__gpt5.4__rep1.json	PILOT-2015006603	F	1	0.9545	1.0	0.9545	0.9743	25	
PILOT-2015006603__F__gpt5.4__rep2.json	PILOT-2015006603	F	2	0.9218	1.0	0.9218	0.9559	14	
PILOT-2015006603__F__haiku4.5__rep0.json	PILOT-2015006603	F	0	0.9517	0.9964	0.9545	0.9742	33	
PILOT-2015006603__F__haiku4.5__rep1.json	PILOT-2015006603	F	1	0.9776	1.0	0.9776	0.9878	33	
PILOT-2015006603__F__haiku4.5__rep2.json	PILOT-2015006603	F	2	0.9722	0.9964	0.9747	0.9844	33	
PILOT-2015006603__F__sonnet4__rep0.json	PILOT-2015006603	F	0	0.865	1.0	0.865	0.9154	33	
PILOT-2015006603__F__sonnet4__rep1.json	PILOT-2015006603	F	1	0.9664	1.0	0.9664	0.9811	33	
PILOT-2015006603__F__sonnet4__rep2.json	PILOT-2015006603	F	2	0.9664	1.0	0.9664	0.9811	33	
PILOT-2015006603__G__gpt4o-mini__rep0.json	PILOT-2015006603	G	0	0.8521	0.9256	0.9127	0.919	7	
PILOT-2015006603__G__gpt4o-mini__rep1.json	PILOT-2015006603	G	1	None				0	no_gen
PILOT-2015006603__G__gpt4o-mini__rep2.json	PILOT-2015006603	G	2	None				0	no_gen
PILOT-2015006603__G__gpt5.4__rep0.json	PILOT-2015006603	G	0	0.8572	1.0	0.8572	0.9184	17	
PILOT-2015006603__G__gpt5.4__rep1.json	PILOT-2015006603	G	1	0.8704	1.0	0.8704	0.9266	19	
PILOT-2015006603__G__gpt5.4__rep2.json	PILOT-2015006603	G	2	0.9149	0.9977	0.9162	0.9517	19	
PILOT-2015006603__G__haiku4.5__rep0.json	PILOT-2015006603	G	0	0.8848	1.0	0.8848	0.9311	33	
PILOT-2015006603__G__haiku4.5__rep1.json	PILOT-2015006603	G	1	0.5341	1.0	0.5341	0.6703	13	
PILOT-2015006603__G__haiku4.5__rep2.json	PILOT-2015006603	G	2	0.8662	0.9957	0.8683	0.918	33	
PILOT-2015006603__G__sonnet4__rep0.json	PILOT-2015006603	G	0	0.9147	1.0	0.9147	0.952	13	
PILOT-2015006603__G__sonnet4__rep1.json	PILOT-2015006603	G	1	0.9147	1.0	0.9147	0.952	13	
PILOT-2015006603__G__sonnet4__rep2.json	PILOT-2015006603	G	2	0.9664	1.0	0.9664	0.9811	33	
PILOT-2016000830__F__gpt4o-mini__rep0.json	PILOT-2016000830	F	0	None				0	no_gen
PILOT-2016000830__F__gpt4o-mini__rep1.json	PILOT-2016000830	F	1	None				0	no_gen
PILOT-2016000830__F__gpt4o-mini__rep2.json	PILOT-2016000830	F	2	None				0	no_gen
PILOT-2016000830__F__gpt5.4__rep0.json	PILOT-2016000830	F	0	0.0	0.0	0.0	0.0	1	
PILOT-2016000830__F__gpt5.4__rep1.json	PILOT-2016000830	F	1	0.0	0.0	0.0	0.0	1	
PILOT-2016000830__F__gpt5.4__rep2.json	PILOT-2016000830	F	2	0.0	0.0	0.0	0.0	1	
PILOT-2016000830__F__haiku4.5__rep0.json	PILOT-2016000830	F	0	0.3556	0.381	0.3704	0.375	3	
PILOT-2016000830__F__haiku4.5__rep1.json	PILOT-2016000830	F	1	0.3551	0.381	0.369	0.3741	3	
PILOT-2016000830__F__haiku4.5__rep2.json	PILOT-2016000830	F	2	0.3556	0.381	0.3704	0.375	3	
PILOT-2016000830__F__sonnet4__rep0.json	PILOT-2016000830	F	0	0.0128	0.0238	0.0263	0.025	2	
PILOT-2016000830__F__sonnet4__rep1.json	PILOT-2016000830	F	1	0.3333	0.3333	0.3333	0.3333	3	
PILOT-2016000830__F__sonnet4__rep2.json	PILOT-2016000830	F	2	0.0	0.0	0.0	0.0	2	
PILOT-2016000830__G__gpt4o-mini__rep0.json	PILOT-2016000830	G	0	None				0	no_gen
PILOT-2016000830__G__gpt4o-mini__rep1.json	PILOT-2016000830	G	1	None				0	no_gen
PILOT-2016000830__G__gpt4o-mini__rep2.json	PILOT-2016000830	G	2	None				0	no_gen
PILOT-2016000830__G__gpt5.4__rep0.json	PILOT-2016000830	G	0	0.0	0.0	0.0	0.0	1	
PILOT-2016000830__G__gpt5.4__rep1.json	PILOT-2016000830	G	1	0.1759	0.1825	0.3542	0.2403	3	
PILOT-2016000830__G__gpt5.4__rep2.json	PILOT-2016000830	G	2	0.0	0.0	0.0	0.0	1	
PILOT-2016000830__G__haiku4.5__rep0.json	PILOT-2016000830	G	0	0.2652	0.381	0.2809	0.3233	3	
PILOT-2016000830__G__haiku4.5__rep1.json	PILOT-2016000830	G	1	0.3571	0.381	0.375	0.3778	3	
PILOT-2016000830__G__haiku4.5__rep2.json	PILOT-2016000830	G	2	0.3571	0.381	0.375	0.3778	3	
PILOT-2016000830__G__sonnet4__rep0.json	PILOT-2016000830	G	0	0.3434	0.3651	0.3475	0.3529	3	
PILOT-2016000830__G__sonnet4__rep1.json	PILOT-2016000830	G	1	0.3389	0.3492	0.3417	0.3443	3	
PILOT-2016000830__G__sonnet4__rep2.json	PILOT-2016000830	G	2	0.2917	0.2917	0.3333	0.3111	3	
PILOT-2016000849__F__gpt4o-mini__rep0.json	PILOT-2016000849	F	0	None				0	no_gen
PILOT-2016000849__F__gpt4o-mini__rep1.json	PILOT-2016000849	F	1	None				0	no_gen
PILOT-2016000849__F__gpt4o-mini__rep2.json	PILOT-2016000849	F	2	None				0	no_gen
PILOT-2016000849__F__gpt5.4__rep0.json	PILOT-2016000849	F	0	0.9882	0.9907	0.9968	0.9936	40	
PILOT-2016000849__F__gpt5.4__rep1.json	PILOT-2016000849	F	1	0.9864	0.9907	0.9948	0.9927	40	
PILOT-2016000849__F__gpt5.4__rep2.json	PILOT-2016000849	F	2	0.9749	0.9907	0.983	0.9865	40	
PILOT-2016000849__F__haiku4.5__rep0.json	PILOT-2016000849	F	0	0.9655	0.9838	0.9793	0.9812	40	
PILOT-2016000849__F__haiku4.5__rep1.json	PILOT-2016000849	F	1	0.9642	0.9848	0.9769	0.9804	40	
PILOT-2016000849__F__haiku4.5__rep2.json	PILOT-2016000849	F	2	0.9655	0.9838	0.9793	0.9812	40	
PILOT-2016000849__F__sonnet4__rep0.json	PILOT-2016000849	F	0	0.9517	0.9838	0.9651	0.9735	40	
PILOT-2016000849__F__sonnet4__rep1.json	PILOT-2016000849	F	1	0.9517	0.9838	0.9651	0.9735	40	
PILOT-2016000849__F__sonnet4__rep2.json	PILOT-2016000849	F	2	0.9517	0.9838	0.9651	0.9735	40	
PILOT-2016000849__G__gpt4o-mini__rep0.json	PILOT-2016000849	G	0	None				0	no_gen
PILOT-2016000849__G__gpt4o-mini__rep1.json	PILOT-2016000849	G	1	None				0	no_gen
PILOT-2016000849__G__gpt4o-mini__rep2.json	PILOT-2016000849	G	2	0.8195	0.9524	0.8472	0.8966	3	
PILOT-2016000849__G__gpt5.4__rep0.json	PILOT-2016000849	G	0	0.8751	0.9915	0.8825	0.9216	40	
PILOT-2016000849__G__gpt5.4__rep1.json	PILOT-2016000849	G	1	0.9267	0.9915	0.9341	0.958	40	
PILOT-2016000849__G__gpt5.4__rep2.json	PILOT-2016000849	G	2	0.9749	0.9907	0.9829	0.9865	40	
PILOT-2016000849__G__haiku4.5__rep0.json	PILOT-2016000849	G	0	0.9525	0.9845	0.9659	0.9744	24	
PILOT-2016000849__G__haiku4.5__rep1.json	PILOT-2016000849	G	1	0.9622	0.9838	0.9758	0.9794	40	
PILOT-2016000849__G__haiku4.5__rep2.json	PILOT-2016000849	G	2	0.9279	0.9838	0.941	0.9601	23	
PILOT-2016000849__G__sonnet4__rep0.json	PILOT-2016000849	G	0	0.9569	0.9848	0.9693	0.9763	40	
PILOT-2016000849__G__sonnet4__rep1.json	PILOT-2016000849	G	1	0.9527	0.9848	0.9651	0.974	40	
PILOT-2016000849__G__sonnet4__rep2.json	PILOT-2016000849	G	2	0.9527	0.9848	0.9651	0.974	40	
PILOT-2016003042__F__gpt4o-mini__rep0.json	PILOT-2016003042	F	0	0.2353	0.4095	0.4674	0.3741	4	
PILOT-2016003042__F__gpt4o-mini__rep1.json	PILOT-2016003042	F	1	0.6958	0.8983	0.7735	0.8179	4	
PILOT-2016003042__F__gpt4o-mini__rep2.json	PILOT-2016003042	F	2	0.7179	0.762	0.8943	0.814	7	
PILOT-2016003042__F__gpt5.4__rep0.json	PILOT-2016003042	F	0	0.6074	0.7012	0.8253	0.7347	8	
PILOT-2016003042__F__gpt5.4__rep1.json	PILOT-2016003042	F	1	0.6728	0.7528	0.8694	0.7822	8	
PILOT-2016003042__F__gpt5.4__rep2.json	PILOT-2016003042	F	2	0.6877	0.7478	0.8847	0.7873	8	
PILOT-2016003042__F__haiku4.5__rep0.json	PILOT-2016003042	F	0	0.5575	0.7714	0.6749	0.6873	9	
PILOT-2016003042__F__haiku4.5__rep1.json	PILOT-2016003042	F	1	0.5885	0.7601	0.7114	0.7132	20	
PILOT-2016003042__F__haiku4.5__rep2.json	PILOT-2016003042	F	2	0.4911	0.7552	0.5817	0.6396	8	
PILOT-2016003042__F__sonnet4__rep0.json	PILOT-2016003042	F	0	0.7373	0.8316	0.8415	0.8303	8	
PILOT-2016003042__F__sonnet4__rep1.json	PILOT-2016003042	F	1	0.7373	0.8316	0.8415	0.8303	8	
PILOT-2016003042__F__sonnet4__rep2.json	PILOT-2016003042	F	2	0.7372	0.7978	0.8835	0.8248	20	
PILOT-2016003042__G__gpt4o-mini__rep0.json	PILOT-2016003042	G	0	0.7955	0.8702	0.9124	0.8822	8	
PILOT-2016003042__G__gpt4o-mini__rep1.json	PILOT-2016003042	G	1	0.7358	0.8436	0.8094	0.8234	6	
PILOT-2016003042__G__gpt4o-mini__rep2.json	PILOT-2016003042	G	2	0.6532	0.7555	0.7781	0.7645	4	
PILOT-2016003042__G__gpt5.4__rep0.json	PILOT-2016003042	G	0	0.6827	0.7629	0.8522	0.7831	20	
PILOT-2016003042__G__gpt5.4__rep1.json	PILOT-2016003042	G	1	0.6134	0.6557	0.8859	0.7111	20	
PILOT-2016003042__G__gpt5.4__rep2.json	PILOT-2016003042	G	2	0.6553	0.7478	0.855	0.771	8	
PILOT-2016003042__G__haiku4.5__rep0.json	PILOT-2016003042	G	0	0.579	0.802	0.6516	0.705	9	
PILOT-2016003042__G__haiku4.5__rep1.json	PILOT-2016003042	G	1	0.6069	0.8459	0.6623	0.7317	9	
PILOT-2016003042__G__haiku4.5__rep2.json	PILOT-2016003042	G	2	0.5859	0.7758	0.7045	0.7086	9	
PILOT-2016003042__G__sonnet4__rep0.json	PILOT-2016003042	G	0	0.6407	0.8316	0.7302	0.7627	8	
PILOT-2016003042__G__sonnet4__rep1.json	PILOT-2016003042	G	1	0.7276	0.7772	0.8974	0.8156	8	
PILOT-2016003042__G__sonnet4__rep2.json	PILOT-2016003042	G	2	0.703	0.7964	0.8351	0.7982	20	
PILOT-2016004446__F__gpt4o-mini__rep0.json	PILOT-2016004446	F	0	0.4876	0.5911	0.6569	0.6218	3	
PILOT-2016004446__F__gpt4o-mini__rep1.json	PILOT-2016004446	F	1	0.4432	0.6517	0.5323	0.581	3	
PILOT-2016004446__F__gpt4o-mini__rep2.json	PILOT-2016004446	F	2	0.5453	0.6828	0.6828	0.6822	3	
PILOT-2016004446__F__gpt5.4__rep0.json	PILOT-2016004446	F	0	0.3633	0.3757	0.6766	0.4695	4	
PILOT-2016004446__F__gpt5.4__rep1.json	PILOT-2016004446	F	1	0.3546	0.3668	0.6761	0.4638	4	
PILOT-2016004446__F__gpt5.4__rep2.json	PILOT-2016004446	F	2	0.3546	0.3668	0.6761	0.4638	4	
PILOT-2016004446__F__haiku4.5__rep0.json	PILOT-2016004446	F	0	0.3629	0.4206	0.5206	0.4646	4	
PILOT-2016004446__F__haiku4.5__rep1.json	PILOT-2016004446	F	1	0.3629	0.4206	0.5206	0.4646	4	
PILOT-2016004446__F__haiku4.5__rep2.json	PILOT-2016004446	F	2	0.3629	0.4206	0.5206	0.4646	4	
PILOT-2016004446__F__sonnet4__rep0.json	PILOT-2016004446	F	0	0.3694	0.4528	0.5156	0.48	4	
PILOT-2016004446__F__sonnet4__rep1.json	PILOT-2016004446	F	1	0.3788	0.4528	0.5239	0.4847	4	
PILOT-2016004446__F__sonnet4__rep2.json	PILOT-2016004446	F	2	0.36	0.4528	0.515	0.4779	4	
PILOT-2016004446__G__gpt4o-mini__rep0.json	PILOT-2016004446	G	0	0.5475	0.6517	0.6852	0.6665	3	
PILOT-2016004446__G__gpt4o-mini__rep1.json	PILOT-2016004446	G	1	0.4642	0.5911	0.6174	0.6036	3	
PILOT-2016004446__G__gpt4o-mini__rep2.json	PILOT-2016004446	G	2	0.5153	0.6457	0.6539	0.6459	3	
PILOT-2016004446__G__gpt5.4__rep0.json	PILOT-2016004446	G	0	0.3589	0.3713	0.6764	0.4667	4	
PILOT-2016004446__G__gpt5.4__rep1.json	PILOT-2016004446	G	1	0.3448	0.3846	0.5625	0.4432	4	
PILOT-2016004446__G__gpt5.4__rep2.json	PILOT-2016004446	G	2	0.3558	0.3713	0.6712	0.4646	4	
PILOT-2016004446__G__haiku4.5__rep0.json	PILOT-2016004446	G	0	0.0	0.0	0.0	0.0	1	
PILOT-2016004446__G__haiku4.5__rep1.json	PILOT-2016004446	G	1	0.0	0.0	0.0	0.0	1	
PILOT-2016004446__G__haiku4.5__rep2.json	PILOT-2016004446	G	2	0.3511	0.4206	0.4894	0.4518	4	
PILOT-2016004446__G__sonnet4__rep0.json	PILOT-2016004446	G	0	0.382	0.4439	0.5516	0.4912	4	
PILOT-2016004446__G__sonnet4__rep1.json	PILOT-2016004446	G	1	0.3959	0.4439	0.5933	0.5069	4	
PILOT-2016004446__G__sonnet4__rep2.json	PILOT-2016004446	G	2	0.3941	0.4528	0.5572	0.4989	4	
PILOT-2016005844__F__gpt4o-mini__rep0.json	PILOT-2016005844	F	0	0.7912	1.0	0.7912	0.8828	4	
PILOT-2016005844__F__gpt4o-mini__rep1.json	PILOT-2016005844	F	1	0.66	1.0	0.66	0.7946	4	
PILOT-2016005844__F__gpt4o-mini__rep2.json	PILOT-2016005844	F	2	0.7733	0.9735	0.7851	0.8656	4	
PILOT-2016005844__F__gpt5.4__rep0.json	PILOT-2016005844	F	0	0.9116	1.0	0.9116	0.9447	18	
PILOT-2016005844__F__gpt5.4__rep1.json	PILOT-2016005844	F	1	0.9347	1.0	0.9347	0.9614	18	
PILOT-2016005844__F__gpt5.4__rep2.json	PILOT-2016005844	F	2	0.9116	1.0	0.9116	0.9447	18	
PILOT-2016005844__F__haiku4.5__rep0.json	PILOT-2016005844	F	0	0.5996	0.9943	0.6028	0.7433	16	
PILOT-2016005844__F__haiku4.5__rep1.json	PILOT-2016005844	F	1	0.4506	1.0	0.4506	0.6178	4	
PILOT-2016005844__F__haiku4.5__rep2.json	PILOT-2016005844	F	2	0.9109	0.9949	0.916	0.9454	18	
PILOT-2016005844__F__sonnet4__rep0.json	PILOT-2016005844	F	0	0.9173	0.9949	0.9224	0.9491	18	
PILOT-2016005844__F__sonnet4__rep1.json	PILOT-2016005844	F	1	0.901	0.9949	0.906	0.9374	18	
PILOT-2016005844__F__sonnet4__rep2.json	PILOT-2016005844	F	2	0.901	0.9949	0.906	0.9374	18	
PILOT-2016005844__G__gpt4o-mini__rep0.json	PILOT-2016005844	G	0	0.7741	1.0	0.7741	0.8722	4	
PILOT-2016005844__G__gpt4o-mini__rep1.json	PILOT-2016005844	G	1	0.7931	0.9844	0.7999	0.8797	4	
PILOT-2016005844__G__gpt4o-mini__rep2.json	PILOT-2016005844	G	2	0.9116	0.9844	0.9254	0.9535	4	
PILOT-2016005844__G__gpt5.4__rep0.json	PILOT-2016005844	G	0	0.7976	1.0	0.7976	0.8727	4	
PILOT-2016005844__G__gpt5.4__rep1.json	PILOT-2016005844	G	1	0.9126	1.0	0.9126	0.9454	18	
PILOT-2016005844__G__gpt5.4__rep2.json	PILOT-2016005844	G	2	0.8656	1.0	0.8656	0.9221	4	
PILOT-2016005844__G__haiku4.5__rep0.json	PILOT-2016005844	G	0	0.5309	1.0	0.5309	0.6917	4	
PILOT-2016005844__G__haiku4.5__rep1.json	PILOT-2016005844	G	1	0.5481	1.0	0.5481	0.7013	4	
PILOT-2016005844__G__haiku4.5__rep2.json	PILOT-2016005844	G	2	0.4299	1.0	0.4299	0.5981	4	
PILOT-2016005844__G__sonnet4__rep0.json	PILOT-2016005844	G	0	0.9128	0.9949	0.9179	0.9463	18	
PILOT-2016005844__G__sonnet4__rep1.json	PILOT-2016005844	G	1	0.8968	0.9915	0.9028	0.9341	18	
PILOT-2016005844__G__sonnet4__rep2.json	PILOT-2016005844	G	2	0.8962	0.9949	0.9013	0.9334	18	
PILOT-2016006702__F__gpt4o-mini__rep0.json	PILOT-2016006702	F	0	0.9464	0.9472	0.9991	0.9675	30	
PILOT-2016006702__F__gpt4o-mini__rep1.json	PILOT-2016006702	F	1	0.8203	0.898	0.9195	0.8953	6	
PILOT-2016006702__F__gpt4o-mini__rep2.json	PILOT-2016006702	F	2	0.7637	0.7799	0.9792	0.8486	6	
PILOT-2016006702__F__gpt5.4__rep0.json	PILOT-2016006702	F	0	0.9105	0.9439	0.966	0.9475	30	
PILOT-2016006702__F__gpt5.4__rep1.json	PILOT-2016006702	F	1	0.9263	0.9472	0.9791	0.9564	30	
PILOT-2016006702__F__gpt5.4__rep2.json	PILOT-2016006702	F	2	0.8995	0.9472	0.9518	0.9395	30	
PILOT-2016006702__F__haiku4.5__rep0.json	PILOT-2016006702	F	0	0.7848	0.9743	0.8059	0.877	11	
PILOT-2016006702__F__haiku4.5__rep1.json	PILOT-2016006702	F	1	0.8558	0.948	0.9058	0.9138	30	
PILOT-2016006702__F__haiku4.5__rep2.json	PILOT-2016006702	F	2	0.7195	0.9377	0.7752	0.8082	25	
PILOT-2016006702__F__sonnet4__rep0.json	PILOT-2016006702	F	0	0.9079	0.9472	0.9607	0.9463	30	
PILOT-2016006702__F__sonnet4__rep1.json	PILOT-2016006702	F	1	0.9079	0.9472	0.9607	0.9463	30	
PILOT-2016006702__F__sonnet4__rep2.json	PILOT-2016006702	F	2	0.8974	0.9472	0.9503	0.9396	30	
PILOT-2016006702__G__gpt4o-mini__rep0.json	PILOT-2016006702	G	0	None				0	no_gen
PILOT-2016006702__G__gpt4o-mini__rep1.json	PILOT-2016006702	G	1	None				0	no_gen
PILOT-2016006702__G__gpt4o-mini__rep2.json	PILOT-2016006702	G	2	0.9353	0.9472	0.988	0.9608	30	
PILOT-2016006702__G__gpt5.4__rep0.json	PILOT-2016006702	G	0	0.9009	0.9472	0.9533	0.9404	30	
PILOT-2016006702__G__gpt5.4__rep1.json	PILOT-2016006702	G	1	0.9163	0.9472	0.9568	0.9475	30	
PILOT-2016006702__G__gpt5.4__rep2.json	PILOT-2016006702	G	2	0.901	0.9472	0.9528	0.9408	30	
PILOT-2016006702__G__haiku4.5__rep0.json	PILOT-2016006702	G	0	0.8769	0.948	0.9263	0.9269	30	
PILOT-2016006702__G__haiku4.5__rep1.json	PILOT-2016006702	G	1	0.8821	0.948	0.9317	0.9304	30	
PILOT-2016006702__G__haiku4.5__rep2.json	PILOT-2016006702	G	2	0.8705	0.948	0.9192	0.9207	30	
PILOT-2016006702__G__sonnet4__rep0.json	PILOT-2016006702	G	0	0.9451	0.9472	0.9974	0.9667	30	
PILOT-2016006702__G__sonnet4__rep1.json	PILOT-2016006702	G	1	0.9451	0.9472	0.9974	0.9667	30	
PILOT-2016006702__G__sonnet4__rep2.json	PILOT-2016006702	G	2	0.9451	0.9472	0.9974	0.9667	30	
PILOT-2016007603__F__gpt4o-mini__rep0.json	PILOT-2016007603	F	0	0.9706	1.0	0.9706	0.9844	8	
PILOT-2016007603__F__gpt4o-mini__rep1.json	PILOT-2016007603	F	1	0.9476	0.9792	0.9601	0.9689	12	
PILOT-2016007603__F__gpt4o-mini__rep2.json	PILOT-2016007603	F	2	0.9737	1.0	0.9737	0.9853	8	
PILOT-2016007603__F__gpt5.4__rep0.json	PILOT-2016007603	F	0	0.9727	1.0	0.9727	0.985	12	
PILOT-2016007603__F__gpt5.4__rep1.json	PILOT-2016007603	F	1	0.9727	1.0	0.9727	0.985	12	
PILOT-2016007603__F__gpt5.4__rep2.json	PILOT-2016007603	F	2	0.9727	1.0	0.9727	0.985	12	
PILOT-2016007603__F__haiku4.5__rep0.json	PILOT-2016007603	F	0	None				0	no_gen
PILOT-2016007603__F__haiku4.5__rep1.json	PILOT-2016007603	F	1	None				0	no_gen
PILOT-2016007603__F__haiku4.5__rep2.json	PILOT-2016007603	F	2	0.4679	0.8194	0.4823	0.6004	12	
PILOT-2016007603__F__sonnet4__rep0.json	PILOT-2016007603	F	0	None				0	no_gen
PILOT-2016007603__F__sonnet4__rep1.json	PILOT-2016007603	F	1	None				0	no_gen
PILOT-2016007603__F__sonnet4__rep2.json	PILOT-2016007603	F	2	None				0	no_gen
PILOT-2016007603__G__gpt4o-mini__rep0.json	PILOT-2016007603	G	0	0.9773	1.0	0.9773	0.9875	12	
PILOT-2016007603__G__gpt4o-mini__rep1.json	PILOT-2016007603	G	1	0.9737	1.0	0.9737	0.9853	8	
PILOT-2016007603__G__gpt4o-mini__rep2.json	PILOT-2016007603	G	2	0.9166	0.9792	0.9291	0.951	12	
PILOT-2016007603__G__gpt5.4__rep0.json	PILOT-2016007603	G	0	0.9727	1.0	0.9727	0.985	12	
PILOT-2016007603__G__gpt5.4__rep1.json	PILOT-2016007603	G	1	0.9727	1.0	0.9727	0.985	12	
PILOT-2016007603__G__gpt5.4__rep2.json	PILOT-2016007603	G	2	0.9686	1.0	0.9686	0.9826	12	
PILOT-2016007603__G__haiku4.5__rep0.json	PILOT-2016007603	G	0	0.6009	1.0	0.6009	0.7505	2	
PILOT-2016007603__G__haiku4.5__rep1.json	PILOT-2016007603	G	1	0.8106	1.0	0.8106	0.8814	6	
PILOT-2016007603__G__haiku4.5__rep2.json	PILOT-2016007603	G	2	0.6412	1.0	0.6412	0.7786	5	
PILOT-2016007603__G__sonnet4__rep0.json	PILOT-2016007603	G	0	0.977	1.0	0.977	0.987	20	
PILOT-2016007603__G__sonnet4__rep1.json	PILOT-2016007603	G	1	0.9535	1.0	0.9535	0.9727	12	
PILOT-2016007603__G__sonnet4__rep2.json	PILOT-2016007603	G	2	0.8427	1.0	0.8427	0.9011	12	
PILOT-2016007888__F__gpt4o-mini__rep0.json	PILOT-2016007888	F	0	0.77	0.9	0.7867	0.8356	5	
PILOT-2016007888__F__gpt4o-mini__rep1.json	PILOT-2016007888	F	1	0.5145	0.9667	0.5221	0.6564	5	
PILOT-2016007888__F__gpt4o-mini__rep2.json	PILOT-2016007888	F	2	0.75	0.9	0.7757	0.8293	5	
PILOT-2016007888__F__gpt5.4__rep0.json	PILOT-2016007888	F	0	0.9324	1.0	0.9324	0.9576	6	
PILOT-2016007888__F__gpt5.4__rep1.json	PILOT-2016007888	F	1	0.9744	1.0	0.9744	0.9861	6	
PILOT-2016007888__F__gpt5.4__rep2.json	PILOT-2016007888	F	2	0.9744	1.0	0.9744	0.9861	6	
PILOT-2016007888__F__haiku4.5__rep0.json	PILOT-2016007888	F	0	0.8627	1.0	0.8627	0.9019	20	
PILOT-2016007888__F__haiku4.5__rep1.json	PILOT-2016007888	F	1	0.6097	0.9924	0.614	0.7135	6	
PILOT-2016007888__F__haiku4.5__rep2.json	PILOT-2016007888	F	2	0.7856	0.9881	0.7927	0.8525	13	
PILOT-2016007888__F__sonnet4__rep0.json	PILOT-2016007888	F	0	0.6188	1.0	0.6188	0.7549	6	
PILOT-2016007888__F__sonnet4__rep1.json	PILOT-2016007888	F	1	0.8821	1.0	0.8821	0.9233	20	
PILOT-2016007888__F__sonnet4__rep2.json	PILOT-2016007888	F	2	0.5891	1.0	0.5891	0.7202	6	
PILOT-2016007888__G__gpt4o-mini__rep0.json	PILOT-2016007888	G	0	0.6856	1.0	0.6856	0.7842	6	
PILOT-2016007888__G__gpt4o-mini__rep1.json	PILOT-2016007888	G	1	0.641	1.0	0.641	0.7628	6	
PILOT-2016007888__G__gpt4o-mini__rep2.json	PILOT-2016007888	G	2	0.6232	1.0	0.6232	0.7429	6	
PILOT-2016007888__G__gpt5.4__rep0.json	PILOT-2016007888	G	0	0.9928	1.0	0.9928	0.9963	6	
PILOT-2016007888__G__gpt5.4__rep1.json	PILOT-2016007888	G	1	0.9744	1.0	0.9744	0.9861	6	
PILOT-2016007888__G__gpt5.4__rep2.json	PILOT-2016007888	G	2	0.9923	1.0	0.9923	0.9958	20	
PILOT-2016007888__G__haiku4.5__rep0.json	PILOT-2016007888	G	0	0.7636	1.0	0.7636	0.8326	13	
PILOT-2016007888__G__haiku4.5__rep1.json	PILOT-2016007888	G	1	0.7935	0.9948	0.7966	0.8602	13	
PILOT-2016007888__G__haiku4.5__rep2.json	PILOT-2016007888	G	2	0.6759	1.0	0.6759	0.787	13	
PILOT-2016007888__G__sonnet4__rep0.json	PILOT-2016007888	G	0	0.8636	1.0	0.8636	0.9032	20	
PILOT-2016007888__G__sonnet4__rep1.json	PILOT-2016007888	G	1	0.8636	1.0	0.8636	0.9032	20	
PILOT-2016007888__G__sonnet4__rep2.json	PILOT-2016007888	G	2	0.8763	1.0	0.8763	0.9156	20	
PILOT-2017000071__F__gpt4o-mini__rep0.json	PILOT-2017000071	F	0	0.8504	0.9004	0.9394	0.9169	3	
PILOT-2017000071__F__gpt4o-mini__rep1.json	PILOT-2017000071	F	1	0.9456	0.9573	0.9857	0.9705	7	
PILOT-2017000071__F__gpt4o-mini__rep2.json	PILOT-2017000071	F	2	None				0	no_gen
PILOT-2017000071__F__gpt5.4__rep0.json	PILOT-2017000071	F	0	0.9571	0.9778	0.9762	0.9765	7	
PILOT-2017000071__F__gpt5.4__rep1.json	PILOT-2017000071	F	1	0.9527	0.9716	0.9788	0.9744	7	
PILOT-2017000071__F__gpt5.4__rep2.json	PILOT-2017000071	F	2	0.9482	0.9741	0.9734	0.972	7	
PILOT-2017000071__F__haiku4.5__rep0.json	PILOT-2017000071	F	0	0.9586	0.9716	0.987	0.978	7	
PILOT-2017000071__F__haiku4.5__rep1.json	PILOT-2017000071	F	1	0.9145	0.9573	0.949	0.9491	7	
PILOT-2017000071__F__haiku4.5__rep2.json	PILOT-2017000071	F	2	0.9586	0.9716	0.987	0.978	7	
PILOT-2017000071__F__sonnet4__rep0.json	PILOT-2017000071	F	0	0.9309	0.9716	0.9562	0.9615	7	
PILOT-2017000071__F__sonnet4__rep1.json	PILOT-2017000071	F	1	0.9236	0.9573	0.9587	0.9564	7	
PILOT-2017000071__F__sonnet4__rep2.json	PILOT-2017000071	F	2	0.9379	0.9573	0.9749	0.9658	7	
PILOT-2017000071__G__gpt4o-mini__rep0.json	PILOT-2017000071	G	0	0.9716	0.9716	1.0	0.9848	7	
PILOT-2017000071__G__gpt4o-mini__rep1.json	PILOT-2017000071	G	1	0.9128	0.9716	0.9412	0.9478	7	
PILOT-2017000071__G__gpt4o-mini__rep2.json	PILOT-2017000071	G	2	0.9458	0.9716	0.9733	0.9706	7	
PILOT-2017000071__G__gpt5.4__rep0.json	PILOT-2017000071	G	0	0.9438	0.9716	0.9706	0.9694	7	
PILOT-2017000071__G__gpt5.4__rep1.json	PILOT-2017000071	G	1	0.9586	0.9716	0.987	0.978	7	
PILOT-2017000071__G__gpt5.4__rep2.json	PILOT-2017000071	G	2	0.9419	0.9716	0.9679	0.9683	7	
PILOT-2017000071__G__haiku4.5__rep0.json	PILOT-2017000071	G	0	0.9586	0.9716	0.987	0.978	7	
PILOT-2017000071__G__haiku4.5__rep1.json	PILOT-2017000071	G	1	0.9586	0.9716	0.987	0.978	7	
PILOT-2017000071__G__haiku4.5__rep2.json	PILOT-2017000071	G	2	0.9586	0.9716	0.987	0.978	7	
PILOT-2017000071__G__sonnet4__rep0.json	PILOT-2017000071	G	0	0.9365	0.9716	0.9606	0.9649	7	
PILOT-2017000071__G__sonnet4__rep1.json	PILOT-2017000071	G	1	0.9546	0.9603	0.9922	0.9754	5	
PILOT-2017000071__G__sonnet4__rep2.json	PILOT-2017000071	G	2	0.9217	0.9573	0.956	0.9553	7	
PILOT-2017000093__F__gpt4o-mini__rep0.json	PILOT-2017000093	F	0	None				0	no_gen
PILOT-2017000093__F__gpt4o-mini__rep1.json	PILOT-2017000093	F	1	None				0	no_gen
PILOT-2017000093__F__gpt4o-mini__rep2.json	PILOT-2017000093	F	2	0.8507	0.9939	0.8561	0.9161	5	
PILOT-2017000093__F__gpt5.4__rep0.json	PILOT-2017000093	F	0	0.8829	0.9737	0.9048	0.9322	17	
PILOT-2017000093__F__gpt5.4__rep1.json	PILOT-2017000093	F	1	0.9308	0.9763	0.9512	0.9606	21	
PILOT-2017000093__F__gpt5.4__rep2.json	PILOT-2017000093	F	2	0.9521	0.9811	0.9658	0.9728	21	
PILOT-2017000093__F__haiku4.5__rep0.json	PILOT-2017000093	F	0	0.8676	0.9811	0.8776	0.9204	21	
PILOT-2017000093__F__haiku4.5__rep1.json	PILOT-2017000093	F	1	0.7818	0.9811	0.7927	0.8655	21	
PILOT-2017000093__F__haiku4.5__rep2.json	PILOT-2017000093	F	2	0.8005	0.9811	0.8114	0.88	21	
PILOT-2017000093__F__sonnet4__rep0.json	PILOT-2017000093	F	0	0.9048	0.9604	0.9356	0.9465	21	
PILOT-2017000093__F__sonnet4__rep1.json	PILOT-2017000093	F	1	0.9292	0.9811	0.9439	0.9594	21	
PILOT-2017000093__F__sonnet4__rep2.json	PILOT-2017000093	F	2	0.9208	0.97	0.9413	0.9545	21	
PILOT-2017000093__G__gpt4o-mini__rep0.json	PILOT-2017000093	G	0	0.851	0.9533	0.8977	0.9089	5	
PILOT-2017000093__G__gpt4o-mini__rep1.json	PILOT-2017000093	G	1	0.768	0.9533	0.8082	0.865	5	
PILOT-2017000093__G__gpt4o-mini__rep2.json	PILOT-2017000093	G	2	0.7957	0.9478	0.8384	0.8776	5	
PILOT-2017000093__G__gpt5.4__rep0.json	PILOT-2017000093	G	0	0.9122	0.9737	0.9305	0.9503	17	
PILOT-2017000093__G__gpt5.4__rep1.json	PILOT-2017000093	G	1	0.9306	0.9763	0.9427	0.9567	21	
PILOT-2017000093__G__gpt5.4__rep2.json	PILOT-2017000093	G	2	0.8983	0.9737	0.9202	0.9404	17	
PILOT-2017000093__G__haiku4.5__rep0.json	PILOT-2017000093	G	0	0.6801	0.964	0.695	0.7982	21	
PILOT-2017000093__G__haiku4.5__rep1.json	PILOT-2017000093	G	1	0.7746	0.9811	0.7829	0.862	21	
PILOT-2017000093__G__haiku4.5__rep2.json	PILOT-2017000093	G	2	0.7803	0.9811	0.7897	0.8646	21	
PILOT-2017000093__G__sonnet4__rep0.json	PILOT-2017000093	G	0	0.8231	0.965	0.8468	0.9001	18	
PILOT-2017000093__G__sonnet4__rep1.json	PILOT-2017000093	G	1	0.8838	0.965	0.9063	0.9333	18	
PILOT-2017000093__G__sonnet4__rep2.json	PILOT-2017000093	G	2	0.8479	0.964	0.8701	0.9139	11	
PILOT-2017001422__F__gpt4o-mini__rep0.json	PILOT-2017001422	F	0	0.696	0.9412	0.7268	0.8132	8	
PILOT-2017001422__F__gpt4o-mini__rep1.json	PILOT-2017001422	F	1	0.6558	1.0	0.6558	0.7742	6	
PILOT-2017001422__F__gpt4o-mini__rep2.json	PILOT-2017001422	F	2	0.6781	0.9345	0.7093	0.7984	5	
PILOT-2017001422__F__gpt5.4__rep0.json	PILOT-2017001422	F	0	0.897	0.9327	0.9643	0.9438	8	
PILOT-2017001422__F__gpt5.4__rep1.json	PILOT-2017001422	F	1	0.8613	0.9327	0.9286	0.9227	8	
PILOT-2017001422__F__gpt5.4__rep2.json	PILOT-2017001422	F	2	0.7607	0.8273	0.8446	0.8275	8	
PILOT-2017001422__F__haiku4.5__rep0.json	PILOT-2017001422	F	0	0.7941	0.9844	0.8078	0.8799	8	
PILOT-2017001422__F__haiku4.5__rep1.json	PILOT-2017001422	F	1	0.7426	0.9283	0.7929	0.8457	8	
PILOT-2017001422__F__haiku4.5__rep2.json	PILOT-2017001422	F	2	0.7427	0.9531	0.7631	0.8397	8	
PILOT-2017001422__F__sonnet4__rep0.json	PILOT-2017001422	F	0	0.7847	0.9566	0.8214	0.878	8	
PILOT-2017001422__F__sonnet4__rep1.json	PILOT-2017001422	F	1	0.7735	0.9566	0.8098	0.8709	8	
PILOT-2017001422__F__sonnet4__rep2.json	PILOT-2017001422	F	2	0.7943	0.9566	0.8306	0.8837	8	
PILOT-2017001422__G__gpt4o-mini__rep0.json	PILOT-2017001422	G	0	0.7684	0.9924	0.7738	0.8677	6	
PILOT-2017001422__G__gpt4o-mini__rep1.json	PILOT-2017001422	G	1	0.7774	0.9833	0.7836	0.8678	6	
PILOT-2017001422__G__gpt4o-mini__rep2.json	PILOT-2017001422	G	2	0.6013	1.0	0.6013	0.7431	6	
PILOT-2017001422__G__gpt5.4__rep0.json	PILOT-2017001422	G	0	0.8123	0.9748	0.8375	0.8853	8	
PILOT-2017001422__G__gpt5.4__rep1.json	PILOT-2017001422	G	1	0.8319	0.9263	0.9	0.9055	8	
PILOT-2017001422__G__gpt5.4__rep2.json	PILOT-2017001422	G	2	0.8613	0.9327	0.9286	0.9227	8	
PILOT-2017001422__G__haiku4.5__rep0.json	PILOT-2017001422	G	0	0.7519	0.9531	0.7708	0.8448	8	
PILOT-2017001422__G__haiku4.5__rep1.json	PILOT-2017001422	G	1	0.7863	0.9357	0.8299	0.8738	8	
PILOT-2017001422__G__haiku4.5__rep2.json	PILOT-2017001422	G	2	0.8737	0.9844	0.8893	0.9296	8	
PILOT-2017001422__G__sonnet4__rep0.json	PILOT-2017001422	G	0	0.7929	0.9647	0.8243	0.8827	7	
PILOT-2017001422__G__sonnet4__rep1.json	PILOT-2017001422	G	1	0.8091	0.9647	0.8411	0.8919	7	
PILOT-2017001422__G__sonnet4__rep2.json	PILOT-2017001422	G	2	0.9471	0.9647	0.9796	0.9713	7	
PILOT-2017002001__F__gpt4o-mini__rep0.json	PILOT-2017002001	F	0	0.7084	0.775	0.9	0.8286	2	
PILOT-2017002001__F__gpt4o-mini__rep1.json	PILOT-2017002001	F	1	0.5635	1.0	0.5635	0.7208	2	
PILOT-2017002001__F__gpt4o-mini__rep2.json	PILOT-2017002001	F	2	0.7778	1.0	0.7778	0.8572	2	
PILOT-2017002001__F__gpt5.4__rep0.json	PILOT-2017002001	F	0	0.9617	0.9763	0.9854	0.9785	19	
PILOT-2017002001__F__gpt5.4__rep1.json	PILOT-2017002001	F	1	0.8842	0.9588	0.9254	0.9268	19	
PILOT-2017002001__F__gpt5.4__rep2.json	PILOT-2017002001	F	2	0.9574	0.975	0.9824	0.9761	18	
PILOT-2017002001__F__haiku4.5__rep0.json	PILOT-2017002001	F	0	0.8164	0.9455	0.8678	0.8943	14	
PILOT-2017002001__F__haiku4.5__rep1.json	PILOT-2017002001	F	1	0.673	0.9646	0.6862	0.7941	18	
PILOT-2017002001__F__haiku4.5__rep2.json	PILOT-2017002001	F	2	0.7645	0.9558	0.7927	0.8518	13	
PILOT-2017002001__F__sonnet4__rep0.json	PILOT-2017002001	F	0	0.8335	0.9664	0.8632	0.9009	19	
PILOT-2017002001__F__sonnet4__rep1.json	PILOT-2017002001	F	1	0.9147	0.9901	0.9234	0.9493	19	
PILOT-2017002001__F__sonnet4__rep2.json	PILOT-2017002001	F	2	0.9643	0.9664	0.9978	0.9801	19	
PILOT-2017002001__G__gpt4o-mini__rep0.json	PILOT-2017002001	G	0	None				0	no_gen
PILOT-2017002001__G__gpt4o-mini__rep1.json	PILOT-2017002001	G	1	0.5982	1.0	0.5982	0.7482	2	
PILOT-2017002001__G__gpt4o-mini__rep2.json	PILOT-2017002001	G	2	None				0	no_gen
PILOT-2017002001__G__gpt5.4__rep0.json	PILOT-2017002001	G	0	0.9574	0.9664	0.9897	0.9763	19	
PILOT-2017002001__G__gpt5.4__rep1.json	PILOT-2017002001	G	1	0.8664	0.9625	0.9039	0.9188	17	
PILOT-2017002001__G__gpt5.4__rep2.json	PILOT-2017002001	G	2	0.8477	0.9735	0.8742	0.9078	17	
PILOT-2017002001__G__haiku4.5__rep0.json	PILOT-2017002001	G	0	0.935	0.9455	0.9894	0.964	14	
PILOT-2017002001__G__haiku4.5__rep1.json	PILOT-2017002001	G	1	0.8151	0.9221	0.8815	0.8933	13	
PILOT-2017002001__G__haiku4.5__rep2.json	PILOT-2017002001	G	2	0.9297	0.9523	0.9766	0.9611	13	
PILOT-2017002001__G__sonnet4__rep0.json	PILOT-2017002001	G	0	0.9643	0.9664	0.9978	0.9801	19	
PILOT-2017002001__G__sonnet4__rep1.json	PILOT-2017002001	G	1	0.9643	0.9664	0.9978	0.9801	19	
PILOT-2017002001__G__sonnet4__rep2.json	PILOT-2017002001	G	2	0.9643	0.9664	0.9978	0.9801	19	
PILOT-2017002029__F__gpt4o-mini__rep0.json	PILOT-2017002029	F	0	0.4649	0.8446	0.5145	0.6057	28	
PILOT-2017002029__F__gpt4o-mini__rep1.json	PILOT-2017002029	F	1	0.5981	0.8929	0.6252	0.7244	7	
PILOT-2017002029__F__gpt4o-mini__rep2.json	PILOT-2017002029	F	2	0.5503	0.7974	0.6563	0.6716	5	
PILOT-2017002029__F__gpt5.4__rep0.json	PILOT-2017002029	F	0	0.8333	0.8767	0.9222	0.882	28	
PILOT-2017002029__F__gpt5.4__rep1.json	PILOT-2017002029	F	1	0.8749	0.8767	0.9982	0.9102	28	
PILOT-2017002029__F__gpt5.4__rep2.json	PILOT-2017002029	F	2	0.8675	0.8767	0.9908	0.9063	28	
PILOT-2017002029__F__haiku4.5__rep0.json	PILOT-2017002029	F	0	0.5742	0.8767	0.617	0.6916	28	
PILOT-2017002029__F__haiku4.5__rep1.json	PILOT-2017002029	F	1	0.5564	0.8767	0.5967	0.6829	28	
PILOT-2017002029__F__haiku4.5__rep2.json	PILOT-2017002029	F	2	0.7154	0.8767	0.7987	0.8019	28	
PILOT-2017002029__F__sonnet4__rep0.json	PILOT-2017002029	F	0	0.8547	0.8767	0.9779	0.8987	28	
PILOT-2017002029__F__sonnet4__rep1.json	PILOT-2017002029	F	1	0.8559	0.8767	0.9792	0.8995	28	
PILOT-2017002029__F__sonnet4__rep2.json	PILOT-2017002029	F	2	0.6692	0.8767	0.7536	0.7675	28	
PILOT-2017002029__G__gpt4o-mini__rep0.json	PILOT-2017002029	G	0	0.7169	0.8213	0.7864	0.7916	9	
PILOT-2017002029__G__gpt4o-mini__rep1.json	PILOT-2017002029	G	1	0.5712	0.7738	0.6367	0.673	7	
PILOT-2017002029__G__gpt4o-mini__rep2.json	PILOT-2017002029	G	2	0.6539	0.8785	0.7094	0.7616	8	
PILOT-2017002029__G__gpt5.4__rep0.json	PILOT-2017002029	G	0	0.8557	0.8767	0.9629	0.8971	28	
PILOT-2017002029__G__gpt5.4__rep1.json	PILOT-2017002029	G	1	0.8675	0.8767	0.9908	0.9063	28	
PILOT-2017002029__G__gpt5.4__rep2.json	PILOT-2017002029	G	2	0.8387	0.8767	0.9441	0.8863	28	
PILOT-2017002029__G__haiku4.5__rep0.json	PILOT-2017002029	G	0	0.6102	0.8767	0.6553	0.7156	28	
PILOT-2017002029__G__haiku4.5__rep1.json	PILOT-2017002029	G	1	0.7683	0.8648	0.8491	0.8314	28	
PILOT-2017002029__G__haiku4.5__rep2.json	PILOT-2017002029	G	2	0.7763	0.8767	0.8679	0.8421	28	
PILOT-2017002029__G__sonnet4__rep0.json	PILOT-2017002029	G	0	0.8393	0.8767	0.9626	0.8883	28	
PILOT-2017002029__G__sonnet4__rep1.json	PILOT-2017002029	G	1	0.8613	0.8767	0.9846	0.9028	28	
PILOT-2017002029__G__sonnet4__rep2.json	PILOT-2017002029	G	2	0.8562	0.8767	0.9712	0.8985	28	
PILOT-2017003676__F__gpt4o-mini__rep0.json	PILOT-2017003676	F	0	0.5628	0.9271	0.5873	0.7102	8	
PILOT-2017003676__F__gpt4o-mini__rep1.json	PILOT-2017003676	F	1	0.5971	0.9792	0.6028	0.7349	8	
PILOT-2017003676__F__gpt4o-mini__rep2.json	PILOT-2017003676	F	2	0.7953	0.9584	0.8184	0.8712	19	
PILOT-2017003676__F__gpt5.4__rep0.json	PILOT-2017003676	F	0	0.9252	0.9584	0.9543	0.9542	19	
PILOT-2017003676__F__gpt5.4__rep1.json	PILOT-2017003676	F	1	0.7642	0.9233	0.8134	0.8309	19	
PILOT-2017003676__F__gpt5.4__rep2.json	PILOT-2017003676	F	2	0.8557	0.9535	0.8883	0.9078	17	
PILOT-2017003676__F__haiku4.5__rep0.json	PILOT-2017003676	F	0	0.6069	0.9584	0.6273	0.7359	19	
PILOT-2017003676__F__haiku4.5__rep1.json	PILOT-2017003676	F	1	0.5428	0.9584	0.5627	0.682	19	
PILOT-2017003676__F__haiku4.5__rep2.json	PILOT-2017003676	F	2	0.5824	0.9584	0.6019	0.7109	19	
PILOT-2017003676__F__sonnet4__rep0.json	PILOT-2017003676	F	0	0.8467	0.9497	0.8824	0.9048	19	
PILOT-2017003676__F__sonnet4__rep1.json	PILOT-2017003676	F	1	0.811	0.9102	0.8699	0.8784	19	
PILOT-2017003676__F__sonnet4__rep2.json	PILOT-2017003676	F	2	0.869	0.9376	0.9129	0.9151	18	
PILOT-2017003676__G__gpt4o-mini__rep0.json	PILOT-2017003676	G	0	0.6148	0.9173	0.6459	0.7387	13	
PILOT-2017003676__G__gpt4o-mini__rep1.json	PILOT-2017003676	G	1	0.5788	0.9306	0.6153	0.711	6	
PILOT-2017003676__G__gpt4o-mini__rep2.json	PILOT-2017003676	G	2	0.6171	0.9583	0.6457	0.7365	8	
PILOT-2017003676__G__gpt5.4__rep0.json	PILOT-2017003676	G	0	0.8715	0.9584	0.8955	0.9196	19	
PILOT-2017003676__G__gpt5.4__rep1.json	PILOT-2017003676	G	1	0.859	0.9393	0.9016	0.9107	13	
PILOT-2017003676__G__gpt5.4__rep2.json	PILOT-2017003676	G	2	0.7781	0.9168	0.8177	0.8533	17	
PILOT-2017003676__G__haiku4.5__rep0.json	PILOT-2017003676	G	0	0.7299	0.9584	0.7486	0.8238	19	
PILOT-2017003676__G__haiku4.5__rep1.json	PILOT-2017003676	G	1	0.5554	0.9555	0.5711	0.6955	14	
PILOT-2017003676__G__haiku4.5__rep2.json	PILOT-2017003676	G	2	0.5302	0.9535	0.5498	0.68	17	
PILOT-2017003676__G__sonnet4__rep0.json	PILOT-2017003676	G	0	0.7746	0.9497	0.8194	0.8489	19	
PILOT-2017003676__G__sonnet4__rep1.json	PILOT-2017003676	G	1	0.8092	0.9497	0.854	0.8816	19	
PILOT-2017003676__G__sonnet4__rep2.json	PILOT-2017003676	G	2	0.7759	0.9584	0.8116	0.8543	19	
PILOT-2017004144__F__gpt4o-mini__rep0.json	PILOT-2017004144	F	0	0.8073	0.8201	0.9872	0.883	3	
PILOT-2017004144__F__gpt4o-mini__rep1.json	PILOT-2017004144	F	1	0.5397	0.7302	0.6111	0.6306	2	
PILOT-2017004144__F__gpt4o-mini__rep2.json	PILOT-2017004144	F	2	0.5175	0.7302	0.6	0.6563	2	
PILOT-2017004144__F__gpt5.4__rep0.json	PILOT-2017004144	F	0	0.7169	0.8725	0.7879	0.8153	6	
PILOT-2017004144__F__gpt5.4__rep1.json	PILOT-2017004144	F	1	0.814	0.9459	0.8537	0.8974	1	
PILOT-2017004144__F__gpt5.4__rep2.json	PILOT-2017004144	F	2	0.9285	0.9892	0.9365	0.9607	5	
PILOT-2017004144__F__haiku4.5__rep0.json	PILOT-2017004144	F	0	0.8184	0.8658	0.9351	0.89	30	
PILOT-2017004144__F__haiku4.5__rep1.json	PILOT-2017004144	F	1	0.8309	0.8658	0.9487	0.899	30	
PILOT-2017004144__F__haiku4.5__rep2.json	PILOT-2017004144	F	2	0.8262	0.8658	0.9438	0.8963	30	
PILOT-2017004144__F__sonnet4__rep0.json	PILOT-2017004144	F	0	0.688	0.8295	0.7886	0.7837	7	
PILOT-2017004144__F__sonnet4__rep1.json	PILOT-2017004144	F	1	0.6612	0.8295	0.7611	0.7653	7	
PILOT-2017004144__F__sonnet4__rep2.json	PILOT-2017004144	F	2	0.7828	0.8295	0.9295	0.8712	7	
PILOT-2017004144__G__gpt4o-mini__rep0.json	PILOT-2017004144	G	0	0.4603	0.801	0.502	0.5892	6	
PILOT-2017004144__G__gpt4o-mini__rep1.json	PILOT-2017004144	G	1	0.5921	0.8295	0.6413	0.7045	7	
PILOT-2017004144__G__gpt4o-mini__rep2.json	PILOT-2017004144	G	2	0.4813	0.7302	0.5429	0.6116	2	
PILOT-2017004144__G__gpt5.4__rep0.json	PILOT-2017004144	G	0	0.6099	0.8295	0.6704	0.7182	7	
PILOT-2017004144__G__gpt5.4__rep1.json	PILOT-2017004144	G	1	0.6212	0.8295	0.7006	0.7367	7	
PILOT-2017004144__G__gpt5.4__rep2.json	PILOT-2017004144	G	2	0.7998	0.8295	0.9286	0.8733	7	
PILOT-2017004144__G__haiku4.5__rep0.json	PILOT-2017004144	G	0	0.8205	0.8658	0.9373	0.8914	30	
PILOT-2017004144__G__haiku4.5__rep1.json	PILOT-2017004144	G	1	0.8205	0.8658	0.9373	0.8914	30	
PILOT-2017004144__G__haiku4.5__rep2.json	PILOT-2017004144	G	2	0.8205	0.8658	0.9373	0.8914	30	
PILOT-2017004144__G__sonnet4__rep0.json	PILOT-2017004144	G	0	0.6741	0.8295	0.7739	0.7731	7	
PILOT-2017004144__G__sonnet4__rep1.json	PILOT-2017004144	G	1	0.838	0.8658	0.9571	0.9048	30	
PILOT-2017004144__G__sonnet4__rep2.json	PILOT-2017004144	G	2	0.8389	0.864	0.9596	0.9053	30	
PILOT-2017004286__F__gpt4o-mini__rep0.json	PILOT-2017004286	F	0	0.9058	0.9496	0.9496	0.9496	4	
PILOT-2017004286__F__gpt4o-mini__rep1.json	PILOT-2017004286	F	1	0.8537	0.933	0.909	0.9206	4	
PILOT-2017004286__F__gpt4o-mini__rep2.json	PILOT-2017004286	F	2	0.9443	0.9833	0.9579	0.9703	4	
PILOT-2017004286__F__gpt5.4__rep0.json	PILOT-2017004286	F	0	0.8411	0.9952	0.8458	0.9069	26	
PILOT-2017004286__F__gpt5.4__rep1.json	PILOT-2017004286	F	1	0.8522	0.9872	0.8561	0.9121	26	
PILOT-2017004286__F__gpt5.4__rep2.json	PILOT-2017004286	F	2	0.8972	0.9923	0.9031	0.9429	26	
PILOT-2017004286__F__haiku4.5__rep0.json	PILOT-2017004286	F	0	0.8442	0.9769	0.8559	0.9062	26	
PILOT-2017004286__F__haiku4.5__rep1.json	PILOT-2017004286	F	1	0.7419	0.9846	0.749	0.8421	26	
PILOT-2017004286__F__haiku4.5__rep2.json	PILOT-2017004286	F	2	0.8367	0.9859	0.8428	0.9038	26	
PILOT-2017004286__F__sonnet4__rep0.json	PILOT-2017004286	F	0	0.968	0.9872	0.9768	0.9813	26	
PILOT-2017004286__F__sonnet4__rep1.json	PILOT-2017004286	F	1	0.9683	0.9826	0.9811	0.9815	26	
PILOT-2017004286__F__sonnet4__rep2.json	PILOT-2017004286	F	2	0.9656	0.9826	0.9784	0.9801	26	
PILOT-2017004286__G__gpt4o-mini__rep0.json	PILOT-2017004286	G	0	0.9293	0.9449	0.9833	0.9633	2	
PILOT-2017004286__G__gpt4o-mini__rep1.json	PILOT-2017004286	G	1	0.8337	0.8733	0.937	0.9001	5	
PILOT-2017004286__G__gpt4o-mini__rep2.json	PILOT-2017004286	G	2	0.8563	0.9376	0.908	0.921	3	
PILOT-2017004286__G__gpt5.4__rep0.json	PILOT-2017004286	G	0	0.9486	0.9811	0.9633	0.9706	26	
PILOT-2017004286__G__gpt5.4__rep1.json	PILOT-2017004286	G	1	0.945	1.0	0.945	0.9699	26	
PILOT-2017004286__G__gpt5.4__rep2.json	PILOT-2017004286	G	2	0.8588	0.9872	0.8614	0.9145	26	
PILOT-2017004286__G__haiku4.5__rep0.json	PILOT-2017004286	G	0	0.7827	0.8943	0.8301	0.8555	15	
PILOT-2017004286__G__haiku4.5__rep1.json	PILOT-2017004286	G	1	0.8734	0.9766	0.8914	0.923	21	
PILOT-2017004286__G__haiku4.5__rep2.json	PILOT-2017004286	G	2	0.8195	0.9683	0.8253	0.8817	21	
PILOT-2017004286__G__sonnet4__rep0.json	PILOT-2017004286	G	0	0.9702	0.9872	0.979	0.9825	26	
PILOT-2017004286__G__sonnet4__rep1.json	PILOT-2017004286	G	1	0.9651	0.9794	0.9812	0.9798	26	
PILOT-2017004286__G__sonnet4__rep2.json	PILOT-2017004286	G	2	0.9702	0.9872	0.979	0.9825	26	
PILOT-2017005259__F__gpt4o-mini__rep0.json	PILOT-2017005259	F	0	0.5669	0.8542	0.6015	0.7041	4	
PILOT-2017005259__F__gpt4o-mini__rep1.json	PILOT-2017005259	F	1	0.9531	1.0	0.9531	0.9741	4	
PILOT-2017005259__F__gpt4o-mini__rep2.json	PILOT-2017005259	F	2	0.9211	1.0	0.9211	0.9531	4	
PILOT-2017005259__F__gpt5.4__rep0.json	PILOT-2017005259	F	0	0.9679	1.0	0.9679	0.9819	14	
PILOT-2017005259__F__gpt5.4__rep1.json	PILOT-2017005259	F	1	0.9484	1.0	0.9484	0.9706	14	
PILOT-2017005259__F__gpt5.4__rep2.json	PILOT-2017005259	F	2	0.944	1.0	0.944	0.9676	14	
PILOT-2017005259__F__haiku4.5__rep0.json	PILOT-2017005259	F	0	0.6576	1.0	0.6576	0.7777	14	
PILOT-2017005259__F__haiku4.5__rep1.json	PILOT-2017005259	F	1	0.646	0.9506	0.6563	0.7575	10	
PILOT-2017005259__F__haiku4.5__rep2.json	PILOT-2017005259	F	2	0.8263	1.0	0.8263	0.8937	14	
PILOT-2017005259__F__sonnet4__rep0.json	PILOT-2017005259	F	0	0.9481	1.0	0.9481	0.9713	14	
PILOT-2017005259__F__sonnet4__rep1.json	PILOT-2017005259	F	1	0.9272	1.0	0.9272	0.9569	14	
PILOT-2017005259__F__sonnet4__rep2.json	PILOT-2017005259	F	2	0.9481	1.0	0.9481	0.9713	14	
PILOT-2017005259__G__gpt4o-mini__rep0.json	PILOT-2017005259	G	0	0.9661	0.9818	0.9818	0.9818	8	
PILOT-2017005259__G__gpt4o-mini__rep1.json	PILOT-2017005259	G	1	0.6386	0.8857	0.6767	0.7539	7	
PILOT-2017005259__G__gpt4o-mini__rep2.json	PILOT-2017005259	G	2	0.9029	1.0	0.9029	0.9448	5	
PILOT-2017005259__G__gpt5.4__rep0.json	PILOT-2017005259	G	0	0.9013	1.0	0.9013	0.9418	14	
PILOT-2017005259__G__gpt5.4__rep1.json	PILOT-2017005259	G	1	0.9679	1.0	0.9679	0.9819	14	
PILOT-2017005259__G__gpt5.4__rep2.json	PILOT-2017005259	G	2	0.9625	1.0	0.9625	0.9788	12	
PILOT-2017005259__G__haiku4.5__rep0.json	PILOT-2017005259	G	0	0.6486	0.9595	0.6508	0.7491	14	
PILOT-2017005259__G__haiku4.5__rep1.json	PILOT-2017005259	G	1	0.7961	1.0	0.7961	0.8635	14	
PILOT-2017005259__G__haiku4.5__rep2.json	PILOT-2017005259	G	2	0.7727	1.0	0.7727	0.8564	14	
PILOT-2017005259__G__sonnet4__rep0.json	PILOT-2017005259	G	0	0.7541	0.9583	0.7684	0.842	14	
PILOT-2017005259__G__sonnet4__rep1.json	PILOT-2017005259	G	1	0.764	1.0	0.764	0.8545	14	
PILOT-2017005259__G__sonnet4__rep2.json	PILOT-2017005259	G	2	0.7138	1.0	0.7138	0.8224	14	
PILOT-2017005493__F__gpt4o-mini__rep0.json	PILOT-2017005493	F	0	0.8272	0.966	0.8484	0.8958	9	
PILOT-2017005493__F__gpt4o-mini__rep1.json	PILOT-2017005493	F	1	0.7702	0.9921	0.776	0.8597	7	
PILOT-2017005493__F__gpt4o-mini__rep2.json	PILOT-2017005493	F	2	0.7276	0.8363	0.8279	0.8235	9	
PILOT-2017005493__F__gpt5.4__rep0.json	PILOT-2017005493	F	0	0.8479	0.9972	0.8496	0.9078	20	
PILOT-2017005493__F__gpt5.4__rep1.json	PILOT-2017005493	F	1	0.848	0.9901	0.8509	0.904	20	
PILOT-2017005493__F__gpt5.4__rep2.json	PILOT-2017005493	F	2	0.7674	0.9901	0.7744	0.8557	20	
PILOT-2017005493__F__haiku4.5__rep0.json	PILOT-2017005493	F	0	0.6528	0.996	0.6546	0.774	14	
PILOT-2017005493__F__haiku4.5__rep1.json	PILOT-2017005493	F	1	0.6835	0.9944	0.6861	0.7996	10	
PILOT-2017005493__F__haiku4.5__rep2.json	PILOT-2017005493	F	2	0.8036	0.9944	0.8063	0.8839	10	
PILOT-2017005493__F__sonnet4__rep0.json	PILOT-2017005493	F	0	0.72	0.9971	0.7216	0.8091	19	
PILOT-2017005493__F__sonnet4__rep1.json	PILOT-2017005493	F	1	0.9584	0.9972	0.9599	0.9766	20	
PILOT-2017005493__F__sonnet4__rep2.json	PILOT-2017005493	F	2	0.9035	0.9851	0.9145	0.9439	20	
PILOT-2017005493__G__gpt4o-mini__rep0.json	PILOT-2017005493	G	0	0.7026	0.9889	0.71	0.8139	5	
PILOT-2017005493__G__gpt4o-mini__rep1.json	PILOT-2017005493	G	1	0.6142	0.935	0.6363	0.7385	18	
PILOT-2017005493__G__gpt4o-mini__rep2.json	PILOT-2017005493	G	2	0.7825	0.9522	0.8029	0.861	9	
PILOT-2017005493__G__gpt5.4__rep0.json	PILOT-2017005493	G	0	0.8578	0.9901	0.8632	0.9146	20	
PILOT-2017005493__G__gpt5.4__rep1.json	PILOT-2017005493	G	1	0.7742	0.9972	0.7756	0.8645	20	
PILOT-2017005493__G__gpt5.4__rep2.json	PILOT-2017005493	G	2	0.7968	0.9901	0.7996	0.8688	20	
PILOT-2017005493__G__haiku4.5__rep0.json	PILOT-2017005493	G	0	0.6314	0.9901	0.6356	0.7625	20	
PILOT-2017005493__G__haiku4.5__rep1.json	PILOT-2017005493	G	1	0.637	0.9901	0.6401	0.7702	20	
PILOT-2017005493__G__haiku4.5__rep2.json	PILOT-2017005493	G	2	0.6614	0.9901	0.6663	0.7858	20	
PILOT-2017005493__G__sonnet4__rep0.json	PILOT-2017005493	G	0	0.9368	0.9851	0.9478	0.9645	20	
PILOT-2017005493__G__sonnet4__rep1.json	PILOT-2017005493	G	1	0.788	0.9843	0.7974	0.8679	19	
PILOT-2017005493__G__sonnet4__rep2.json	PILOT-2017005493	G	2	0.9077	0.9972	0.9097	0.9438	20	
PILOT-2017006188__F__gpt4o-mini__rep0.json	PILOT-2017006188	F	0	None				0	no_gen
PILOT-2017006188__F__gpt4o-mini__rep1.json	PILOT-2017006188	F	1	None				0	no_gen
PILOT-2017006188__F__gpt4o-mini__rep2.json	PILOT-2017006188	F	2	None				0	no_gen
PILOT-2017006188__F__gpt5.4__rep0.json	PILOT-2017006188	F	0	0.7784	0.9572	0.7982	0.8464	17	
PILOT-2017006188__F__gpt5.4__rep1.json	PILOT-2017006188	F	1	0.8132	0.9617	0.8421	0.8852	17	
PILOT-2017006188__F__gpt5.4__rep2.json	PILOT-2017006188	F	2	0.8611	0.9439	0.9102	0.9114	17	
PILOT-2017006188__F__haiku4.5__rep0.json	PILOT-2017006188	F	0	None				0	no_gen
PILOT-2017006188__F__haiku4.5__rep1.json	PILOT-2017006188	F	1	0.768	0.9647	0.7881	0.8519	16	
PILOT-2017006188__F__haiku4.5__rep2.json	PILOT-2017006188	F	2	0.8095	0.9644	0.825	0.8761	16	
PILOT-2017006188__F__sonnet4__rep0.json	PILOT-2017006188	F	0	0.6295	0.9713	0.644	0.7611	16	
PILOT-2017006188__F__sonnet4__rep1.json	PILOT-2017006188	F	1	0.608	0.9644	0.6263	0.742	16	
PILOT-2017006188__F__sonnet4__rep2.json	PILOT-2017006188	F	2	0.882	0.9644	0.9111	0.9272	16	
PILOT-2017006188__G__gpt4o-mini__rep0.json	PILOT-2017006188	G	0	None				0	no_gen
PILOT-2017006188__G__gpt4o-mini__rep1.json	PILOT-2017006188	G	1	None				0	no_gen
PILOT-2017006188__G__gpt4o-mini__rep2.json	PILOT-2017006188	G	2	None				0	no_gen
PILOT-2017006188__G__gpt5.4__rep0.json	PILOT-2017006188	G	0	0.895	0.9792	0.91	0.9349	17	
PILOT-2017006188__G__gpt5.4__rep1.json	PILOT-2017006188	G	1	0.7946	0.9321	0.8538	0.8592	16	
PILOT-2017006188__G__gpt5.4__rep2.json	PILOT-2017006188	G	2	0.8622	0.9833	0.8696	0.9162	18	
PILOT-2017006188__G__haiku4.5__rep0.json	PILOT-2017006188	G	0	None				0	no_gen
PILOT-2017006188__G__haiku4.5__rep1.json	PILOT-2017006188	G	1	None				0	no_gen
PILOT-2017006188__G__haiku4.5__rep2.json	PILOT-2017006188	G	2	None				0	no_gen
PILOT-2017006188__G__sonnet4__rep0.json	PILOT-2017006188	G	0	0.7196	0.9494	0.7588	0.8286	16	
PILOT-2017006188__G__sonnet4__rep1.json	PILOT-2017006188	G	1	0.9317	0.9644	0.9673	0.961	16	
PILOT-2017006188__G__sonnet4__rep2.json	PILOT-2017006188	G	2	None				0	no_gen
PILOT-2017007272__F__gpt4o-mini__rep0.json	PILOT-2017007272	F	0	0.6615	0.9501	0.6912	0.7849	11	
PILOT-2017007272__F__gpt4o-mini__rep1.json	PILOT-2017007272	F	1	0.9333	0.9861	0.942	0.9608	9	
PILOT-2017007272__F__gpt4o-mini__rep2.json	PILOT-2017007272	F	2	None				0	no_gen
PILOT-2017007272__F__gpt5.4__rep0.json	PILOT-2017007272	F	0	0.878	0.9564	0.9035	0.9223	12	
PILOT-2017007272__F__gpt5.4__rep1.json	PILOT-2017007272	F	1	0.8663	0.9163	0.9237	0.912	14	
PILOT-2017007272__F__gpt5.4__rep2.json	PILOT-2017007272	F	2	0.9163	0.9539	0.9435	0.9483	20	
PILOT-2017007272__F__haiku4.5__rep0.json	PILOT-2017007272	F	0	0.6835	0.9386	0.7191	0.7987	13	
PILOT-2017007272__F__haiku4.5__rep1.json	PILOT-2017007272	F	1	0.8021	1.0	0.8021	0.8715	14	
PILOT-2017007272__F__haiku4.5__rep2.json	PILOT-2017007272	F	2	0.8592	0.9783	0.8695	0.9067	15	
PILOT-2017007272__F__sonnet4__rep0.json	PILOT-2017007272	F	0	0.867	0.9855	0.8764	0.9162	20	
PILOT-2017007272__F__sonnet4__rep1.json	PILOT-2017007272	F	1	0.8216	1.0	0.8216	0.884	16	
PILOT-2017007272__F__sonnet4__rep2.json	PILOT-2017007272	F	2	0.9197	0.9701	0.9369	0.9484	20	
PILOT-2017007272__G__gpt4o-mini__rep0.json	PILOT-2017007272	G	0	0.6717	0.9474	0.6998	0.8004	9	
PILOT-2017007272__G__gpt4o-mini__rep1.json	PILOT-2017007272	G	1	0.6558	0.9693	0.6702	0.7786	10	
PILOT-2017007272__G__gpt4o-mini__rep2.json	PILOT-2017007272	G	2	0.7351	0.9576	0.7494	0.8287	10	
PILOT-2017007272__G__gpt5.4__rep0.json	PILOT-2017007272	G	0	0.9204	0.9539	0.9499	0.9514	20	
PILOT-2017007272__G__gpt5.4__rep1.json	PILOT-2017007272	G	1	0.8467	0.946	0.8863	0.8988	20	
PILOT-2017007272__G__gpt5.4__rep2.json	PILOT-2017007272	G	2	0.9072	0.9448	0.9428	0.9389	20	
PILOT-2017007272__G__haiku4.5__rep0.json	PILOT-2017007272	G	0	0.8632	0.9664	0.8832	0.9132	20	
PILOT-2017007272__G__haiku4.5__rep1.json	PILOT-2017007272	G	1	0.7893	0.9685	0.8071	0.8687	19	
PILOT-2017007272__G__haiku4.5__rep2.json	PILOT-2017007272	G	2	0.8455	0.9725	0.8628	0.9013	20	
PILOT-2017007272__G__sonnet4__rep0.json	PILOT-2017007272	G	0	0.7911	0.9955	0.7939	0.8634	20	
PILOT-2017007272__G__sonnet4__rep1.json	PILOT-2017007272	G	1	0.7906	0.9855	0.8	0.8668	20	
PILOT-2017007272__G__sonnet4__rep2.json	PILOT-2017007272	G	2	0.8485	1.0	0.8485	0.9057	16	
PILOT-2017007595__F__gpt4o-mini__rep0.json	PILOT-2017007595	F	0	0.7886	0.9809	0.8011	0.8813	6	
PILOT-2017007595__F__gpt4o-mini__rep1.json	PILOT-2017007595	F	1	0.8899	0.9771	0.9092	0.9413	5	
PILOT-2017007595__F__gpt4o-mini__rep2.json	PILOT-2017007595	F	2	0.872	0.9771	0.8903	0.9313	5	
PILOT-2017007595__F__gpt5.4__rep0.json	PILOT-2017007595	F	0	0.9655	1.0	0.9655	0.9802	42	
PILOT-2017007595__F__gpt5.4__rep1.json	PILOT-2017007595	F	1	0.9747	0.9973	0.9763	0.9855	42	
PILOT-2017007595__F__gpt5.4__rep2.json	PILOT-2017007595	F	2	0.9515	1.0	0.9515	0.9709	42	
PILOT-2017007595__F__haiku4.5__rep0.json	PILOT-2017007595	F	0	0.757	0.9722	0.7739	0.8576	6	
PILOT-2017007595__F__haiku4.5__rep1.json	PILOT-2017007595	F	1	0.757	0.9722	0.7739	0.8576	6	
PILOT-2017007595__F__haiku4.5__rep2.json	PILOT-2017007595	F	2	0.7898	0.9722	0.81	0.8817	6	
PILOT-2017007595__F__sonnet4__rep0.json	PILOT-2017007595	F	0	0.9225	0.9891	0.9317	0.9563	42	
PILOT-2017007595__F__sonnet4__rep1.json	PILOT-2017007595	F	1	0.9287	0.9891	0.9376	0.9597	42	
PILOT-2017007595__F__sonnet4__rep2.json	PILOT-2017007595	F	2	0.8016	0.9593	0.8167	0.8724	42	
PILOT-2017007595__G__gpt4o-mini__rep0.json	PILOT-2017007595	G	0	0.8525	0.9771	0.8708	0.9199	5	
PILOT-2017007595__G__gpt4o-mini__rep1.json	PILOT-2017007595	G	1	0.861	0.9771	0.8804	0.9247	5	
PILOT-2017007595__G__gpt4o-mini__rep2.json	PILOT-2017007595	G	2	0.8899	0.9771	0.9092	0.9413	5	
PILOT-2017007595__G__gpt5.4__rep0.json	PILOT-2017007595	G	0	0.9829	1.0	0.9829	0.9906	42	
PILOT-2017007595__G__gpt5.4__rep1.json	PILOT-2017007595	G	1	0.9229	1.0	0.9229	0.9547	42	
PILOT-2017007595__G__gpt5.4__rep2.json	PILOT-2017007595	G	2	0.9806	0.9973	0.9824	0.9892	42	
PILOT-2017007595__G__haiku4.5__rep0.json	PILOT-2017007595	G	0	0.7951	0.9809	0.807	0.8839	6	
PILOT-2017007595__G__haiku4.5__rep1.json	PILOT-2017007595	G	1	0.8018	0.9837	0.812	0.8878	7	
PILOT-2017007595__G__haiku4.5__rep2.json	PILOT-2017007595	G	2	0.6642	0.9837	0.6711	0.7951	7	
PILOT-2017007595__G__sonnet4__rep0.json	PILOT-2017007595	G	0	0.9004	0.9891	0.9096	0.9428	42	
PILOT-2017007595__G__sonnet4__rep1.json	PILOT-2017007595	G	1	0.922	0.9891	0.9311	0.9563	42	
PILOT-2017007595__G__sonnet4__rep2.json	PILOT-2017007595	G	2	0.85	0.9593	0.866	0.9028	42	
PILOT-2017009415__F__gpt4o-mini__rep0.json	PILOT-2017009415	F	0	0.7923	0.9156	0.8479	0.8773	6	
PILOT-2017009415__F__gpt4o-mini__rep1.json	PILOT-2017009415	F	1	0.8382	1.0	0.8382	0.9035	2	
PILOT-2017009415__F__gpt4o-mini__rep2.json	PILOT-2017009415	F	2	0.8346	0.8782	0.9217	0.8909	13	
PILOT-2017009415__F__gpt5.4__rep0.json	PILOT-2017009415	F	0	0.9449	0.9682	0.9763	0.9677	13	
PILOT-2017009415__F__gpt5.4__rep1.json	PILOT-2017009415	F	1	0.9036	0.9429	0.9603	0.9443	11	
PILOT-2017009415__F__gpt5.4__rep2.json	PILOT-2017009415	F	2	0.8638	0.9302	0.925	0.9204	9	
PILOT-2017009415__F__haiku4.5__rep0.json	PILOT-2017009415	F	0	0.673	0.8151	0.7534	0.77	7	
PILOT-2017009415__F__haiku4.5__rep1.json	PILOT-2017009415	F	1	0.8952	0.9278	0.9652	0.9408	10	
PILOT-2017009415__F__haiku4.5__rep2.json	PILOT-2017009415	F	2	0.667	0.8521	0.7152	0.7669	11	
PILOT-2017009415__F__sonnet4__rep0.json	PILOT-2017009415	F	0	0.9193	0.9517	0.9667	0.9543	13	
PILOT-2017009415__F__sonnet4__rep1.json	PILOT-2017009415	F	1	0.9162	0.9517	0.9637	0.9527	13	
PILOT-2017009415__F__sonnet4__rep2.json	PILOT-2017009415	F	2	0.9118	0.9401	0.9708	0.9498	13	
PILOT-2017009415__G__gpt4o-mini__rep0.json	PILOT-2017009415	G	0	0.935	0.975	0.96	0.9664	2	
PILOT-2017009415__G__gpt4o-mini__rep1.json	PILOT-2017009415	G	1	0.8545	0.95	0.8997	0.9216	2	
PILOT-2017009415__G__gpt4o-mini__rep2.json	PILOT-2017009415	G	2	None				0	no_gen
PILOT-2017009415__G__gpt5.4__rep0.json	PILOT-2017009415	G	0	0.9009	0.9524	0.9472	0.9426	9	
PILOT-2017009415__G__gpt5.4__rep1.json	PILOT-2017009415	G	1	0.9182	0.9572	0.9599	0.9532	10	
PILOT-2017009415__G__gpt5.4__rep2.json	PILOT-2017009415	G	2	0.9181	0.9429	0.9745	0.9536	11	
PILOT-2017009415__G__haiku4.5__rep0.json	PILOT-2017009415	G	0	0.8139	0.8468	0.9114	0.867	11	
PILOT-2017009415__G__haiku4.5__rep1.json	PILOT-2017009415	G	1	0.8282	0.8551	0.9315	0.8837	11	
PILOT-2017009415__G__haiku4.5__rep2.json	PILOT-2017009415	G	2	0.8313	0.8551	0.9349	0.8855	11	
PILOT-2017009415__G__sonnet4__rep0.json	PILOT-2017009415	G	0	0.9083	0.9401	0.9671	0.948	13	
PILOT-2017009415__G__sonnet4__rep1.json	PILOT-2017009415	G	1	0.9129	0.9517	0.9601	0.9505	13	
PILOT-2017009415__G__sonnet4__rep2.json	PILOT-2017009415	G	2	0.921	0.9401	0.9798	0.9552	13	
PILOT-2017010497__F__gpt4o-mini__rep0.json	PILOT-2017010497	F	0	0.9882	1.0	0.9882	0.9936	13	
PILOT-2017010497__F__gpt4o-mini__rep1.json	PILOT-2017010497	F	1	0.979	1.0	0.979	0.9879	13	
PILOT-2017010497__F__gpt4o-mini__rep2.json	PILOT-2017010497	F	2	0.9779	0.993	0.9838	0.9881	13	
PILOT-2017010497__F__gpt5.4__rep0.json	PILOT-2017010497	F	0	0.9335	0.9659	0.9453	0.9542	16	
PILOT-2017010497__F__gpt5.4__rep1.json	PILOT-2017010497	F	1	0.8465	1.0	0.8465	0.9136	12	
PILOT-2017010497__F__gpt5.4__rep2.json	PILOT-2017010497	F	2	0.9176	1.0	0.9176	0.9543	12	
PILOT-2017010497__F__haiku4.5__rep0.json	PILOT-2017010497	F	0	0.6739	1.0	0.6739	0.8007	12	
PILOT-2017010497__F__haiku4.5__rep1.json	PILOT-2017010497	F	1	0.7638	1.0	0.7638	0.8578	12	
PILOT-2017010497__F__haiku4.5__rep2.json	PILOT-2017010497	F	2	0.6643	1.0	0.6643	0.7911	12	
PILOT-2017010497__F__sonnet4__rep0.json	PILOT-2017010497	F	0	0.9148	1.0	0.9148	0.9426	12	
PILOT-2017010497__F__sonnet4__rep1.json	PILOT-2017010497	F	1	0.7276	1.0	0.7276	0.8303	15	
PILOT-2017010497__F__sonnet4__rep2.json	PILOT-2017010497	F	2	0.9079	1.0	0.9079	0.9476	15	
PILOT-2017010497__G__gpt4o-mini__rep0.json	PILOT-2017010497	G	0	None				0	no_gen
PILOT-2017010497__G__gpt4o-mini__rep1.json	PILOT-2017010497	G	1	None				0	no_gen
PILOT-2017010497__G__gpt4o-mini__rep2.json	PILOT-2017010497	G	2	None				0	no_gen
PILOT-2017010497__G__gpt5.4__rep0.json	PILOT-2017010497	G	0	0.9659	1.0	0.9659	0.9816	16	
PILOT-2017010497__G__gpt5.4__rep1.json	PILOT-2017010497	G	1	0.9055	0.979	0.9226	0.9461	13	
PILOT-2017010497__G__gpt5.4__rep2.json	PILOT-2017010497	G	2	0.9853	1.0	0.9853	0.9921	15	
PILOT-2017010497__G__haiku4.5__rep0.json	PILOT-2017010497	G	0	0.7024	1.0	0.7024	0.816	12	
PILOT-2017010497__G__haiku4.5__rep1.json	PILOT-2017010497	G	1	0.6064	1.0	0.6064	0.7483	12	
PILOT-2017010497__G__haiku4.5__rep2.json	PILOT-2017010497	G	2	0.7027	1.0	0.7027	0.8166	12	
PILOT-2017010497__G__sonnet4__rep0.json	PILOT-2017010497	G	0	0.792	1.0	0.792	0.8665	15	
PILOT-2017010497__G__sonnet4__rep1.json	PILOT-2017010497	G	1	0.8405	1.0	0.8405	0.901	13	
PILOT-2017010497__G__sonnet4__rep2.json	PILOT-2017010497	G	2	0.8385	1.0	0.8385	0.9035	13	
PILOT-2017010632__F__gpt4o-mini__rep0.json	PILOT-2017010632	F	0	0.4608	0.7692	0.4803	0.5838	2	
PILOT-2017010632__F__gpt4o-mini__rep1.json	PILOT-2017010632	F	1	0.2473	0.5192	0.3251	0.3957	2	
PILOT-2017010632__F__gpt4o-mini__rep2.json	PILOT-2017010632	F	2	0.3075	0.5505	0.425	0.4611	2	
PILOT-2017010632__F__gpt5.4__rep0.json	PILOT-2017010632	F	0	0.9471	0.9646	0.9605	0.9592	19	
PILOT-2017010632__F__gpt5.4__rep1.json	PILOT-2017010632	F	1	0.9202	0.9384	0.9588	0.9418	18	
PILOT-2017010632__F__gpt5.4__rep2.json	PILOT-2017010632	F	2	0.9407	0.9646	0.9538	0.9552	19	
PILOT-2017010632__F__haiku4.5__rep0.json	PILOT-2017010632	F	0	0.9285	0.9727	0.9417	0.9499	19	
PILOT-2017010632__F__haiku4.5__rep1.json	PILOT-2017010632	F	1	0.9215	0.9497	0.9577	0.946	19	
PILOT-2017010632__F__haiku4.5__rep2.json	PILOT-2017010632	F	2	0.8548	0.9727	0.868	0.9061	19	
PILOT-2017010632__F__sonnet4__rep0.json	PILOT-2017010632	F	0	0.9416	0.9646	0.9552	0.9565	19	
PILOT-2017010632__F__sonnet4__rep1.json	PILOT-2017010632	F	1	0.942	0.9646	0.9557	0.957	19	
PILOT-2017010632__F__sonnet4__rep2.json	PILOT-2017010632	F	2	0.942	0.9646	0.9557	0.957	19	
PILOT-2017010632__G__gpt4o-mini__rep0.json	PILOT-2017010632	G	0	None				0	no_gen
PILOT-2017010632__G__gpt4o-mini__rep1.json	PILOT-2017010632	G	1	None				0	no_gen
PILOT-2017010632__G__gpt4o-mini__rep2.json	PILOT-2017010632	G	2	None				0	no_gen
PILOT-2017010632__G__gpt5.4__rep0.json	PILOT-2017010632	G	0	0.933	0.9646	0.9457	0.9497	19	
PILOT-2017010632__G__gpt5.4__rep1.json	PILOT-2017010632	G	1	0.9349	0.9646	0.9485	0.9525	19	
PILOT-2017010632__G__gpt5.4__rep2.json	PILOT-2017010632	G	2	0.9434	0.9646	0.9566	0.9567	19	
PILOT-2017010632__G__haiku4.5__rep0.json	PILOT-2017010632	G	0	0.7003	0.9579	0.7424	0.8029	5	
PILOT-2017010632__G__haiku4.5__rep1.json	PILOT-2017010632	G	1	0.8964	0.9889	0.9075	0.9329	19	
PILOT-2017010632__G__haiku4.5__rep2.json	PILOT-2017010632	G	2	0.6583	0.838	0.8203	0.7784	4	
PILOT-2017010632__G__sonnet4__rep0.json	PILOT-2017010632	G	0	0.9303	0.9646	0.944	0.9495	19	
PILOT-2017010632__G__sonnet4__rep1.json	PILOT-2017010632	G	1	0.9353	0.9646	0.949	0.953	19	
PILOT-2017010632__G__sonnet4__rep2.json	PILOT-2017010632	G	2	0.9537	0.9856	0.9681	0.9692	19	
PILOT-2018000427__F__gpt4o-mini__rep0.json	PILOT-2018000427	F	0	None				0	no_gen
PILOT-2018000427__F__gpt4o-mini__rep1.json	PILOT-2018000427	F	1	None				0	no_gen
PILOT-2018000427__F__gpt4o-mini__rep2.json	PILOT-2018000427	F	2	None				0	no_gen
PILOT-2018000427__F__gpt5.4__rep0.json	PILOT-2018000427	F	0	0.7682	0.9861	0.7806	0.8604	2	
PILOT-2018000427__F__gpt5.4__rep1.json	PILOT-2018000427	F	1	0.8772	0.9548	0.9142	0.934	2	
PILOT-2018000427__F__gpt5.4__rep2.json	PILOT-2018000427	F	2	0.7606	0.9548	0.7854	0.8544	2	
PILOT-2018000427__F__haiku4.5__rep0.json	PILOT-2018000427	F	0	0.1777	0.4857	0.2163	0.2953	2	
PILOT-2018000427__F__haiku4.5__rep1.json	PILOT-2018000427	F	1	0.6575	0.8298	0.7237	0.7722	2	
PILOT-2018000427__F__haiku4.5__rep2.json	PILOT-2018000427	F	2	0.1777	0.4857	0.2163	0.2953	2	
PILOT-2018000427__F__sonnet4__rep0.json	PILOT-2018000427	F	0	0.7202	0.9861	0.7283	0.8371	2	
PILOT-2018000427__F__sonnet4__rep1.json	PILOT-2018000427	F	1	0.7202	0.9861	0.7283	0.8371	2	
PILOT-2018000427__F__sonnet4__rep2.json	PILOT-2018000427	F	2	0.7202	0.9861	0.7283	0.8371	2	
PILOT-2018000427__G__gpt4o-mini__rep0.json	PILOT-2018000427	G	0	None				0	no_gen
PILOT-2018000427__G__gpt4o-mini__rep1.json	PILOT-2018000427	G	1	None				0	no_gen
PILOT-2018000427__G__gpt4o-mini__rep2.json	PILOT-2018000427	G	2	0.8713	0.9861	0.882	0.9312	2	
PILOT-2018000427__G__gpt5.4__rep0.json	PILOT-2018000427	G	0	0.7606	0.9548	0.7854	0.8544	2	
PILOT-2018000427__G__gpt5.4__rep1.json	PILOT-2018000427	G	1	0.7867	0.9548	0.8138	0.8742	2	
PILOT-2018000427__G__gpt5.4__rep2.json	PILOT-2018000427	G	2	0.7731	0.9548	0.7991	0.864	2	
PILOT-2018000427__G__haiku4.5__rep0.json	PILOT-2018000427	G	0	0.9271	0.9518	0.9651	0.9572	12	
PILOT-2018000427__G__haiku4.5__rep1.json	PILOT-2018000427	G	1	0.945	0.9571	0.9855	0.9698	12	
PILOT-2018000427__G__haiku4.5__rep2.json	PILOT-2018000427	G	2	0.9351	0.9466	0.9878	0.9635	12	
PILOT-2018000427__G__sonnet4__rep0.json	PILOT-2018000427	G	0	0.7965	0.9861	0.8084	0.8832	2	
PILOT-2018000427__G__sonnet4__rep1.json	PILOT-2018000427	G	1	0.7368	0.9861	0.7456	0.8478	2	
PILOT-2018000427__G__sonnet4__rep2.json	PILOT-2018000427	G	2	0.7368	0.9861	0.7456	0.8478	2	
PILOT-2018001232__F__gpt4o-mini__rep0.json	PILOT-2018001232	F	0	None				0	no_gen
PILOT-2018001232__F__gpt4o-mini__rep1.json	PILOT-2018001232	F	1	0.876	1.0	0.876	0.9331	2	
PILOT-2018001232__F__gpt4o-mini__rep2.json	PILOT-2018001232	F	2	0.5699	0.7111	0.6741	0.6811	3	
PILOT-2018001232__F__gpt5.4__rep0.json	PILOT-2018001232	F	0	0.8273	0.8565	0.9684	0.9042	20	
PILOT-2018001232__F__gpt5.4__rep1.json	PILOT-2018001232	F	1	0.8194	0.8565	0.9629	0.8982	20	
PILOT-2018001232__F__gpt5.4__rep2.json	PILOT-2018001232	F	2	0.8276	0.8565	0.971	0.9042	20	
PILOT-2018001232__F__haiku4.5__rep0.json	PILOT-2018001232	F	0	0.5739	0.8881	0.6148	0.7224	9	
PILOT-2018001232__F__haiku4.5__rep1.json	PILOT-2018001232	F	1	0.6187	0.8619	0.697	0.7476	15	
PILOT-2018001232__F__haiku4.5__rep2.json	PILOT-2018001232	F	2	0.5314	0.8619	0.5774	0.6853	15	
PILOT-2018001232__F__sonnet4__rep0.json	PILOT-2018001232	F	0	0.8294	0.8565	0.9729	0.9055	20	
PILOT-2018001232__F__sonnet4__rep1.json	PILOT-2018001232	F	1	0.8294	0.8565	0.9729	0.9055	20	
PILOT-2018001232__F__sonnet4__rep2.json	PILOT-2018001232	F	2	0.8294	0.8565	0.9729	0.9055	20	
PILOT-2018001232__G__gpt4o-mini__rep0.json	PILOT-2018001232	G	0	0.686	0.8982	0.7255	0.7989	6	
PILOT-2018001232__G__gpt4o-mini__rep1.json	PILOT-2018001232	G	1	0.6392	1.0	0.6392	0.7756	2	
PILOT-2018001232__G__gpt4o-mini__rep2.json	PILOT-2018001232	G	2	0.7295	1.0	0.7295	0.8436	2	
PILOT-2018001232__G__gpt5.4__rep0.json	PILOT-2018001232	G	0	0.8323	0.8565	0.9734	0.9072	20	
PILOT-2018001232__G__gpt5.4__rep1.json	PILOT-2018001232	G	1	0.829	0.8565	0.9689	0.9044	20	
PILOT-2018001232__G__gpt5.4__rep2.json	PILOT-2018001232	G	2	0.8225	0.8565	0.9636	0.9005	20	
PILOT-2018001232__G__haiku4.5__rep0.json	PILOT-2018001232	G	0	0.5624	0.8644	0.6157	0.7144	12	
PILOT-2018001232__G__haiku4.5__rep1.json	PILOT-2018001232	G	1	0.6555	0.8565	0.7447	0.7836	20	
PILOT-2018001232__G__haiku4.5__rep2.json	PILOT-2018001232	G	2	0.5712	0.8588	0.6274	0.721	16	
PILOT-2018001232__G__sonnet4__rep0.json	PILOT-2018001232	G	0	0.8383	0.8565	0.9818	0.9111	20	
PILOT-2018001232__G__sonnet4__rep1.json	PILOT-2018001232	G	1	0.8383	0.8565	0.9818	0.9111	20	
PILOT-2018001232__G__sonnet4__rep2.json	PILOT-2018001232	G	2	0.8383	0.8565	0.9818	0.9111	20	
PILOT-2018003513__F__gpt4o-mini__rep0.json	PILOT-2018003513	F	0	0.5684	0.6153	0.7424	0.6265	7	
PILOT-2018003513__F__gpt4o-mini__rep1.json	PILOT-2018003513	F	1	0.8158	0.8302	0.9175	0.857	7	
PILOT-2018003513__F__gpt4o-mini__rep2.json	PILOT-2018003513	F	2	0.5723	0.5983	0.8958	0.6231	8	
PILOT-2018003513__F__gpt5.4__rep0.json	PILOT-2018003513	F	0	0.8964	0.9149	0.9815	0.9292	15	
PILOT-2018003513__F__gpt5.4__rep1.json	PILOT-2018003513	F	1	0.8363	0.8511	0.9845	0.8697	15	
PILOT-2018003513__F__gpt5.4__rep2.json	PILOT-2018003513	F	2	0.8938	0.9149	0.9789	0.9274	15	
PILOT-2018003513__F__haiku4.5__rep0.json	PILOT-2018003513	F	0	0.6755	0.682	0.9897	0.7318	15	
PILOT-2018003513__F__haiku4.5__rep1.json	PILOT-2018003513	F	1	0.6729	0.6844	0.969	0.7336	15	
PILOT-2018003513__F__haiku4.5__rep2.json	PILOT-2018003513	F	2	0.6678	0.6678	1.0	0.726	15	
PILOT-2018003513__F__sonnet4__rep0.json	PILOT-2018003513	F	0	0.671	0.6739	0.9331	0.7226	14	
PILOT-2018003513__F__sonnet4__rep1.json	PILOT-2018003513	F	1	0.6528	0.6746	0.9116	0.7079	14	
PILOT-2018003513__F__sonnet4__rep2.json	PILOT-2018003513	F	2	0.6529	0.6746	0.9616	0.7082	14	
PILOT-2018003513__G__gpt4o-mini__rep0.json	PILOT-2018003513	G	0	0.7789	0.8274	0.8607	0.8407	5	
PILOT-2018003513__G__gpt4o-mini__rep1.json	PILOT-2018003513	G	1	0.5104	0.559	0.7267	0.5703	5	
PILOT-2018003513__G__gpt4o-mini__rep2.json	PILOT-2018003513	G	2	0.7804	0.8065	0.9364	0.8183	11	
PILOT-2018003513__G__gpt5.4__rep0.json	PILOT-2018003513	G	0	0.8105	0.8261	0.9843	0.855	15	
PILOT-2018003513__G__gpt5.4__rep1.json	PILOT-2018003513	G	1	0.7285	0.731	0.9975	0.7881	15	
PILOT-2018003513__G__gpt5.4__rep2.json	PILOT-2018003513	G	2	0.8316	0.8526	0.9789	0.8681	15	
PILOT-2018003513__G__haiku4.5__rep0.json	PILOT-2018003513	G	0	0.6377	0.6793	0.7908	0.6921	15	
PILOT-2018003513__G__haiku4.5__rep1.json	PILOT-2018003513	G	1	0.6824	0.694	0.969	0.7407	15	
PILOT-2018003513__G__haiku4.5__rep2.json	PILOT-2018003513	G	2	0.6438	0.6877	0.7944	0.6982	15	
PILOT-2018003513__G__sonnet4__rep0.json	PILOT-2018003513	G	0	0.6847	0.7027	0.9238	0.7313	15	
PILOT-2018003513__G__sonnet4__rep1.json	PILOT-2018003513	G	1	0.7566	0.7721	0.9483	0.7937	15	
PILOT-2018003513__G__sonnet4__rep2.json	PILOT-2018003513	G	2	0.7566	0.7721	0.9483	0.7937	15	
PILOT-2018005420__F__gpt4o-mini__rep0.json	PILOT-2018005420	F	0	0.9666	0.9666	1.0	0.9829	3	
PILOT-2018005420__F__gpt4o-mini__rep1.json	PILOT-2018005420	F	1	0.9005	0.9005	1.0	0.9455	5	
PILOT-2018005420__F__gpt4o-mini__rep2.json	PILOT-2018005420	F	2	0.89	0.9333	0.9448	0.9385	4	
PILOT-2018005420__F__gpt5.4__rep0.json	PILOT-2018005420	F	0	0.7964	0.8341	0.9471	0.8828	25	
PILOT-2018005420__F__gpt5.4__rep1.json	PILOT-2018005420	F	1	0.8025	0.8341	0.9553	0.8867	25	
PILOT-2018005420__F__gpt5.4__rep2.json	PILOT-2018005420	F	2	0.83	0.8341	0.9955	0.9039	25	
PILOT-2018005420__F__haiku4.5__rep0.json	PILOT-2018005420	F	0	0.8365	0.8365	1.0	0.9074	25	
PILOT-2018005420__F__haiku4.5__rep1.json	PILOT-2018005420	F	1	0.8341	0.8341	1.0	0.9061	25	
PILOT-2018005420__F__haiku4.5__rep2.json	PILOT-2018005420	F	2	0.8365	0.8365	1.0	0.9074	25	
PILOT-2018005420__F__sonnet4__rep0.json	PILOT-2018005420	F	0	0.8491	0.8718	0.9718	0.9151	25	
PILOT-2018005420__F__sonnet4__rep1.json	PILOT-2018005420	F	1	0.8491	0.8718	0.9718	0.9151	25	
PILOT-2018005420__F__sonnet4__rep2.json	PILOT-2018005420	F	2	0.8491	0.8718	0.9718	0.9151	25	
PILOT-2018005420__G__gpt4o-mini__rep0.json	PILOT-2018005420	G	0	0.8627	0.8627	1.0	0.9227	8	
PILOT-2018005420__G__gpt4o-mini__rep1.json	PILOT-2018005420	G	1	0.9367	0.9437	0.993	0.9669	4	
PILOT-2018005420__G__gpt4o-mini__rep2.json	PILOT-2018005420	G	2	None				0	no_gen
PILOT-2018005420__G__gpt5.4__rep0.json	PILOT-2018005420	G	0	0.7913	0.8341	0.9382	0.8786	25	
PILOT-2018005420__G__gpt5.4__rep1.json	PILOT-2018005420	G	1	0.7716	0.8341	0.912	0.8661	25	
PILOT-2018005420__G__gpt5.4__rep2.json	PILOT-2018005420	G	2	0.7961	0.8418	0.9344	0.8814	25	
PILOT-2018005420__G__haiku4.5__rep0.json	PILOT-2018005420	G	0	0.8341	0.8341	1.0	0.9061	25	
PILOT-2018005420__G__haiku4.5__rep1.json	PILOT-2018005420	G	1	0.8341	0.8341	1.0	0.9061	25	
PILOT-2018005420__G__haiku4.5__rep2.json	PILOT-2018005420	G	2	0.8341	0.8341	1.0	0.9061	25	
PILOT-2018005420__G__sonnet4__rep0.json	PILOT-2018005420	G	0	0.851	0.8718	0.9739	0.9161	25	
PILOT-2018005420__G__sonnet4__rep1.json	PILOT-2018005420	G	1	0.8698	0.8718	0.9979	0.9272	25	
PILOT-2018005420__G__sonnet4__rep2.json	PILOT-2018005420	G	2	0.8698	0.8718	0.9979	0.9272	25	
PILOT-2018005863__F__gpt4o-mini__rep0.json	PILOT-2018005863	F	0	0.7888	0.9526	0.8303	0.8784	12	
PILOT-2018005863__F__gpt4o-mini__rep1.json	PILOT-2018005863	F	1	0.9324	0.9665	0.965	0.9636	7	
PILOT-2018005863__F__gpt4o-mini__rep2.json	PILOT-2018005863	F	2	0.9161	0.9591	0.9569	0.9539	9	
PILOT-2018005863__F__gpt5.4__rep0.json	PILOT-2018005863	F	0	0.9136	0.958	0.9546	0.951	25	
PILOT-2018005863__F__gpt5.4__rep1.json	PILOT-2018005863	F	1	0.8893	0.958	0.9265	0.9385	25	
PILOT-2018005863__F__gpt5.4__rep2.json	PILOT-2018005863	F	2	0.9246	0.9631	0.956	0.9568	25	
PILOT-2018005863__F__haiku4.5__rep0.json	PILOT-2018005863	F	0	0.8385	0.9127	0.9101	0.9069	10	
PILOT-2018005863__F__haiku4.5__rep1.json	PILOT-2018005863	F	1	0.7452	0.9631	0.7639	0.8454	25	
PILOT-2018005863__F__haiku4.5__rep2.json	PILOT-2018005863	F	2	0.8438	0.9255	0.9063	0.9127	10	
PILOT-2018005863__F__sonnet4__rep0.json	PILOT-2018005863	F	0	0.9154	0.9631	0.9465	0.9516	25	
PILOT-2018005863__F__sonnet4__rep1.json	PILOT-2018005863	F	1	0.9083	0.9631	0.9392	0.9477	25	
PILOT-2018005863__F__sonnet4__rep2.json	PILOT-2018005863	F	2	0.9083	0.9631	0.9392	0.9477	25	
PILOT-2018005863__G__gpt4o-mini__rep0.json	PILOT-2018005863	G	0	0.8646	0.9556	0.9089	0.9232	17	
PILOT-2018005863__G__gpt4o-mini__rep1.json	PILOT-2018005863	G	1	0.9375	0.9652	0.9681	0.9649	14	
PILOT-2018005863__G__gpt4o-mini__rep2.json	PILOT-2018005863	G	2	0.9434	0.9631	0.979	0.969	25	
PILOT-2018005863__G__gpt5.4__rep0.json	PILOT-2018005863	G	0	0.9113	0.958	0.9466	0.9503	25	
PILOT-2018005863__G__gpt5.4__rep1.json	PILOT-2018005863	G	1	0.9479	0.9631	0.9826	0.9715	25	
PILOT-2018005863__G__gpt5.4__rep2.json	PILOT-2018005863	G	2	0.9409	0.958	0.9797	0.9669	25	
PILOT-2018005863__G__haiku4.5__rep0.json	PILOT-2018005863	G	0	0.8071	0.9636	0.8297	0.8877	10	
PILOT-2018005863__G__haiku4.5__rep1.json	PILOT-2018005863	G	1	0.7832	0.943	0.8219	0.8732	13	
PILOT-2018005863__G__haiku4.5__rep2.json	PILOT-2018005863	G	2	0.9383	0.9631	0.9702	0.9651	25	
PILOT-2018005863__G__sonnet4__rep0.json	PILOT-2018005863	G	0	0.8919	0.9631	0.922	0.9382	25	
PILOT-2018005863__G__sonnet4__rep1.json	PILOT-2018005863	G	1	0.9043	0.9631	0.9351	0.9448	25	
PILOT-2018005863__G__sonnet4__rep2.json	PILOT-2018005863	G	2	0.891	0.9631	0.9214	0.9372	25	
PILOT-2018007886__F__gpt4o-mini__rep0.json	PILOT-2018007886	F	0	0.9221	0.9818	0.9373	0.9587	5	
PILOT-2018007886__F__gpt4o-mini__rep1.json	PILOT-2018007886	F	1	0.7085	0.9567	0.7381	0.827	5	
PILOT-2018007886__F__gpt4o-mini__rep2.json	PILOT-2018007886	F	2	0.7869	1.0	0.7869	0.8648	3	
PILOT-2018007886__F__gpt5.4__rep0.json	PILOT-2018007886	F	0	0.9252	1.0	0.9252	0.9541	16	
PILOT-2018007886__F__gpt5.4__rep1.json	PILOT-2018007886	F	1	0.9185	1.0	0.9185	0.9502	16	
PILOT-2018007886__F__gpt5.4__rep2.json	PILOT-2018007886	F	2	0.9521	1.0	0.9521	0.9722	16	
PILOT-2018007886__F__haiku4.5__rep0.json	PILOT-2018007886	F	0	0.7309	1.0	0.7309	0.8305	6	
PILOT-2018007886__F__haiku4.5__rep1.json	PILOT-2018007886	F	1	0.7126	1.0	0.7126	0.8226	6	
PILOT-2018007886__F__haiku4.5__rep2.json	PILOT-2018007886	F	2	0.7842	1.0	0.7842	0.8711	6	
PILOT-2018007886__F__sonnet4__rep0.json	PILOT-2018007886	F	0	0.8739	1.0	0.8739	0.9231	16	
PILOT-2018007886__F__sonnet4__rep1.json	PILOT-2018007886	F	1	0.8756	1.0	0.8756	0.9211	16	
PILOT-2018007886__F__sonnet4__rep2.json	PILOT-2018007886	F	2	0.9251	1.0	0.9251	0.9562	16	
PILOT-2018007886__G__gpt4o-mini__rep0.json	PILOT-2018007886	G	0	0.7126	1.0	0.7126	0.8208	6	
PILOT-2018007886__G__gpt4o-mini__rep1.json	PILOT-2018007886	G	1	None				0	no_gen
PILOT-2018007886__G__gpt4o-mini__rep2.json	PILOT-2018007886	G	2	None				0	no_gen
PILOT-2018007886__G__gpt5.4__rep0.json	PILOT-2018007886	G	0	0.8195	1.0	0.8195	0.8888	7	
PILOT-2018007886__G__gpt5.4__rep1.json	PILOT-2018007886	G	1	0.9167	1.0	0.9167	0.9513	16	
PILOT-2018007886__G__gpt5.4__rep2.json	PILOT-2018007886	G	2	0.9541	1.0	0.9541	0.9748	16	
PILOT-2018007886__G__haiku4.5__rep0.json	PILOT-2018007886	G	0	0.7283	1.0	0.7283	0.8397	6	
PILOT-2018007886__G__haiku4.5__rep1.json	PILOT-2018007886	G	1	0.7018	0.9849	0.7088	0.8115	6	
PILOT-2018007886__G__haiku4.5__rep2.json	PILOT-2018007886	G	2	0.681	0.9849	0.6879	0.7978	6	
PILOT-2018007886__G__sonnet4__rep0.json	PILOT-2018007886	G	0	0.9084	1.0	0.9084	0.9447	16	
PILOT-2018007886__G__sonnet4__rep1.json	PILOT-2018007886	G	1	0.8436	1.0	0.8436	0.8988	16	
PILOT-2018007886__G__sonnet4__rep2.json	PILOT-2018007886	G	2	0.8868	1.0	0.8868	0.9304	16	
PILOT-2018007979__F__gpt4o-mini__rep0.json	PILOT-2018007979	F	0	0.9107	0.9391	0.9697	0.9531	3	
PILOT-2018007979__F__gpt4o-mini__rep1.json	PILOT-2018007979	F	1	0.9107	0.9391	0.9697	0.9531	3	
PILOT-2018007979__F__gpt4o-mini__rep2.json	PILOT-2018007979	F	2	0.8637	0.9391	0.9141	0.9261	3	
PILOT-2018007979__F__gpt5.4__rep0.json	PILOT-2018007979	F	0	0.8902	0.9391	0.9449	0.9418	3	
PILOT-2018007979__F__gpt5.4__rep1.json	PILOT-2018007979	F	1	0.922	0.9725	0.9466	0.9594	3	
PILOT-2018007979__F__gpt5.4__rep2.json	PILOT-2018007979	F	2	0.8795	1.0	0.8795	0.9358	3	
PILOT-2018007979__F__haiku4.5__rep0.json	PILOT-2018007979	F	0	0.7616	0.9018	0.8308	0.8638	3	
PILOT-2018007979__F__haiku4.5__rep1.json	PILOT-2018007979	F	1	0.8124	0.9391	0.8583	0.8965	3	
PILOT-2018007979__F__haiku4.5__rep2.json	PILOT-2018007979	F	2	0.6895	0.8536	0.7761	0.812	3	
PILOT-2018007979__F__sonnet4__rep0.json	PILOT-2018007979	F	0	0.8592	0.9391	0.9107	0.9243	3	
PILOT-2018007979__F__sonnet4__rep1.json	PILOT-2018007979	F	1	0.8592	0.9391	0.9107	0.9243	3	
PILOT-2018007979__F__sonnet4__rep2.json	PILOT-2018007979	F	2	0.8813	0.9391	0.9354	0.9369	3	
PILOT-2018007979__G__gpt4o-mini__rep0.json	PILOT-2018007979	G	0	0.8872	0.9117	0.9708	0.9402	3	
PILOT-2018007979__G__gpt4o-mini__rep1.json	PILOT-2018007979	G	1	0.9196	0.9391	0.9792	0.9581	3	
PILOT-2018007979__G__gpt4o-mini__rep2.json	PILOT-2018007979	G	2	0.8481	0.9391	0.897	0.9175	3	
PILOT-2018007979__G__gpt5.4__rep0.json	PILOT-2018007979	G	0	0.9162	0.9666	0.9464	0.9562	3	
PILOT-2018007979__G__gpt5.4__rep1.json	PILOT-2018007979	G	1	0.948	1.0	0.948	0.9733	3	
PILOT-2018007979__G__gpt5.4__rep2.json	PILOT-2018007979	G	2	0.7321	0.8457	0.8346	0.8382	3	
PILOT-2018007979__G__haiku4.5__rep0.json	PILOT-2018007979	G	0	0.9219	0.9391	0.9809	0.9593	3	
PILOT-2018007979__G__haiku4.5__rep1.json	PILOT-2018007979	G	1	0.9219	0.9391	0.9809	0.9593	3	
PILOT-2018007979__G__haiku4.5__rep2.json	PILOT-2018007979	G	2	0.7991	0.8831	0.891	0.8867	3	
PILOT-2018007979__G__sonnet4__rep0.json	PILOT-2018007979	G	0	0.8592	0.9391	0.9107	0.9243	3	
PILOT-2018007979__G__sonnet4__rep1.json	PILOT-2018007979	G	1	0.8592	0.9391	0.9107	0.9243	3	
PILOT-2018007979__G__sonnet4__rep2.json	PILOT-2018007979	G	2	0.8902	0.9725	0.9131	0.9418	3	
PILOT-2019001867__F__gpt4o-mini__rep0.json	PILOT-2019001867	F	0	0.5457	0.6971	0.6924	0.6331	5	
PILOT-2019001867__F__gpt4o-mini__rep1.json	PILOT-2019001867	F	1	0.9971	0.9971	1.0	0.9985	23	
PILOT-2019001867__F__gpt4o-mini__rep2.json	PILOT-2019001867	F	2	0.9971	0.9971	1.0	0.9985	23	
PILOT-2019001867__F__gpt5.4__rep0.json	PILOT-2019001867	F	0	0.9667	0.9761	0.9902	0.9796	23	
PILOT-2019001867__F__gpt5.4__rep1.json	PILOT-2019001867	F	1	0.9711	0.9761	0.9946	0.9819	23	
PILOT-2019001867__F__gpt5.4__rep2.json	PILOT-2019001867	F	2	0.9854	0.989	0.9956	0.992	23	
PILOT-2019001867__F__haiku4.5__rep0.json	PILOT-2019001867	F	0	0.9753	0.9761	0.9991	0.9843	23	
PILOT-2019001867__F__haiku4.5__rep1.json	PILOT-2019001867	F	1	0.9753	0.9761	0.9991	0.9843	23	
PILOT-2019001867__F__haiku4.5__rep2.json	PILOT-2019001867	F	2	0.9753	0.9761	0.9991	0.9843	23	
PILOT-2019001867__F__sonnet4__rep0.json	PILOT-2019001867	F	0	0.9955	0.9971	0.9983	0.9977	23	
PILOT-2019001867__F__sonnet4__rep1.json	PILOT-2019001867	F	1	0.9955	0.9971	0.9983	0.9977	23	
PILOT-2019001867__F__sonnet4__rep2.json	PILOT-2019001867	F	2	0.9955	0.9971	0.9983	0.9977	23	
PILOT-2019001867__G__gpt4o-mini__rep0.json	PILOT-2019001867	G	0	0.9254	0.9492	0.9525	0.9375	23	
PILOT-2019001867__G__gpt4o-mini__rep1.json	PILOT-2019001867	G	1	0.9937	0.9945	0.9991	0.9967	23	
PILOT-2019001867__G__gpt4o-mini__rep2.json	PILOT-2019001867	G	2	0.9927	0.9971	0.9957	0.9962	23	
PILOT-2019001867__G__gpt5.4__rep0.json	PILOT-2019001867	G	0	0.9711	0.9761	0.9946	0.9819	23	
PILOT-2019001867__G__gpt5.4__rep1.json	PILOT-2019001867	G	1	0.9711	0.9761	0.9946	0.9819	23	
PILOT-2019001867__G__gpt5.4__rep2.json	PILOT-2019001867	G	2	0.9871	0.9969	0.9898	0.9931	22	
PILOT-2019001867__G__haiku4.5__rep0.json	PILOT-2019001867	G	0	0.9753	0.9761	0.9991	0.9843	23	
PILOT-2019001867__G__haiku4.5__rep1.json	PILOT-2019001867	G	1	0.9753	0.9761	0.9991	0.9843	23	
PILOT-2019001867__G__haiku4.5__rep2.json	PILOT-2019001867	G	2	0.9753	0.9761	0.9991	0.9843	23	
PILOT-2019001867__G__sonnet4__rep0.json	PILOT-2019001867	G	0	0.9745	0.9761	0.9983	0.9839	23	
PILOT-2019001867__G__sonnet4__rep1.json	PILOT-2019001867	G	1	0.9745	0.9761	0.9983	0.9839	23	
PILOT-2019001867__G__sonnet4__rep2.json	PILOT-2019001867	G	2	0.9745	0.9761	0.9983	0.9839	23	
PILOT-2019002001__F__gpt4o-mini__rep0.json	PILOT-2019002001	F	0	0.7649	0.7881	0.9542	0.8606	5	
PILOT-2019002001__F__gpt4o-mini__rep1.json	PILOT-2019002001	F	1	0.7649	0.7881	0.9542	0.8606	5	
PILOT-2019002001__F__gpt4o-mini__rep2.json	PILOT-2019002001	F	2	0.7649	0.7881	0.9542	0.8606	5	
PILOT-2019002001__F__gpt5.4__rep0.json	PILOT-2019002001	F	0	0.6682	0.7143	0.8958	0.7841	18	
PILOT-2019002001__F__gpt5.4__rep1.json	PILOT-2019002001	F	1	0.6618	0.7508	0.8526	0.7907	18	
PILOT-2019002001__F__gpt5.4__rep2.json	PILOT-2019002001	F	2	0.6703	0.7507	0.8714	0.7954	18	
PILOT-2019002001__F__haiku4.5__rep0.json	PILOT-2019002001	F	0	0.5609	0.7529	0.6976	0.7145	18	
PILOT-2019002001__F__haiku4.5__rep1.json	PILOT-2019002001	F	1	0.5295	0.7529	0.6539	0.6878	18	
PILOT-2019002001__F__haiku4.5__rep2.json	PILOT-2019002001	F	2	0.5352	0.7529	0.6602	0.6929	18	
PILOT-2019002001__F__sonnet4__rep0.json	PILOT-2019002001	F	0	0.7255	0.7621	0.9368	0.8337	18	
PILOT-2019002001__F__sonnet4__rep1.json	PILOT-2019002001	F	1	0.7254	0.7621	0.9368	0.8336	18	
PILOT-2019002001__F__sonnet4__rep2.json	PILOT-2019002001	F	2	0.7182	0.7621	0.9255	0.8282	18	
PILOT-2019002001__G__gpt4o-mini__rep0.json	PILOT-2019002001	G	0	0.7049	0.7304	0.9524	0.8171	9	
PILOT-2019002001__G__gpt4o-mini__rep1.json	PILOT-2019002001	G	1	0.7649	0.7881	0.9542	0.8606	5	
PILOT-2019002001__G__gpt4o-mini__rep2.json	PILOT-2019002001	G	2	0.7649	0.7881	0.9542	0.8606	5	
PILOT-2019002001__G__gpt5.4__rep0.json	PILOT-2019002001	G	0	0.7159	0.763	0.9036	0.8255	6	
PILOT-2019002001__G__gpt5.4__rep1.json	PILOT-2019002001	G	1	0.7159	0.763	0.9036	0.8255	6	
PILOT-2019002001__G__gpt5.4__rep2.json	PILOT-2019002001	G	2	0.6902	0.7719	0.8748	0.8086	18	
PILOT-2019002001__G__haiku4.5__rep0.json	PILOT-2019002001	G	0	0.5619	0.755	0.6968	0.7147	18	
PILOT-2019002001__G__haiku4.5__rep1.json	PILOT-2019002001	G	1	0.5983	0.755	0.7511	0.7435	18	
PILOT-2019002001__G__haiku4.5__rep2.json	PILOT-2019002001	G	2	0.5711	0.7572	0.7064	0.7226	18	
PILOT-2019002001__G__sonnet4__rep0.json	PILOT-2019002001	G	0	0.6321	0.7469	0.807	0.7671	18	
PILOT-2019002001__G__sonnet4__rep1.json	PILOT-2019002001	G	1	0.6808	0.7621	0.863	0.7999	18	
PILOT-2019002001__G__sonnet4__rep2.json	PILOT-2019002001	G	2	0.7255	0.7621	0.9368	0.8337	18	
PILOT-2019002439__F__gpt4o-mini__rep0.json	PILOT-2019002439	F	0	0.9692	0.9843	0.9832	0.9835	11	
PILOT-2019002439__F__gpt4o-mini__rep1.json	PILOT-2019002439	F	1	0.9933	0.9933	1.0	0.9965	17	
PILOT-2019002439__F__gpt4o-mini__rep2.json	PILOT-2019002439	F	2	0.8799	0.9414	0.8821	0.9076	18	
PILOT-2019002439__F__gpt5.4__rep0.json	PILOT-2019002439	F	0	0.9505	0.9954	0.9533	0.9722	26	
PILOT-2019002439__F__gpt5.4__rep1.json	PILOT-2019002439	F	1	0.9436	0.9954	0.9463	0.9677	26	
PILOT-2019002439__F__gpt5.4__rep2.json	PILOT-2019002439	F	2	0.9604	0.9972	0.9623	0.9784	25	
PILOT-2019002439__F__haiku4.5__rep0.json	PILOT-2019002439	F	0	0.8047	0.9992	0.8054	0.886	26	
PILOT-2019002439__F__haiku4.5__rep1.json	PILOT-2019002439	F	1	0.7845	0.9992	0.7851	0.8705	26	
PILOT-2019002439__F__haiku4.5__rep2.json	PILOT-2019002439	F	2	0.7813	0.9972	0.7835	0.8718	25	
PILOT-2019002439__F__sonnet4__rep0.json	PILOT-2019002439	F	0	0.9737	0.9992	0.9743	0.9856	26	
PILOT-2019002439__F__sonnet4__rep1.json	PILOT-2019002439	F	1	0.9677	0.9992	0.9682	0.9819	26	
PILOT-2019002439__F__sonnet4__rep2.json	PILOT-2019002439	F	2	0.9645	0.9992	0.9651	0.9799	26	
PILOT-2019002439__G__gpt4o-mini__rep0.json	PILOT-2019002439	G	0	0.9876	0.9963	0.9909	0.9935	15	
PILOT-2019002439__G__gpt4o-mini__rep1.json	PILOT-2019002439	G	1	None				0	no_gen
PILOT-2019002439__G__gpt4o-mini__rep2.json	PILOT-2019002439	G	2	None				0	no_gen
PILOT-2019002439__G__gpt5.4__rep0.json	PILOT-2019002439	G	0	0.9491	0.9953	0.952	0.9714	25	
PILOT-2019002439__G__gpt5.4__rep1.json	PILOT-2019002439	G	1	0.9482	0.9954	0.9509	0.9709	26	
PILOT-2019002439__G__gpt5.4__rep2.json	PILOT-2019002439	G	2	0.9474	0.9953	0.9502	0.9703	25	
PILOT-2019002439__G__haiku4.5__rep0.json	PILOT-2019002439	G	0	0.7899	0.9992	0.7906	0.8786	26	
PILOT-2019002439__G__haiku4.5__rep1.json	PILOT-2019002439	G	1	0.8908	0.9992	0.8915	0.9378	26	
PILOT-2019002439__G__haiku4.5__rep2.json	PILOT-2019002439	G	2	0.9623	0.9992	0.963	0.9791	26	
PILOT-2019002439__G__sonnet4__rep0.json	PILOT-2019002439	G	0	0.9395	0.9992	0.9401	0.9647	26	
PILOT-2019002439__G__sonnet4__rep1.json	PILOT-2019002439	G	1	0.9737	0.9992	0.9743	0.9856	26	
PILOT-2019002439__G__sonnet4__rep2.json	PILOT-2019002439	G	2	0.9408	0.9992	0.9414	0.9655	26	
PILOT-2019003829__F__gpt4o-mini__rep0.json	PILOT-2019003829	F	0	0.5875	0.8958	0.6145	0.7106	8	
PILOT-2019003829__F__gpt4o-mini__rep1.json	PILOT-2019003829	F	1	0.2834	0.6967	0.3097	0.4273	5	
PILOT-2019003829__F__gpt4o-mini__rep2.json	PILOT-2019003829	F	2	0.5243	0.8889	0.5614	0.6773	6	
PILOT-2019003829__F__gpt5.4__rep0.json	PILOT-2019003829	F	0	0.8188	0.9471	0.8581	0.8866	17	
PILOT-2019003829__F__gpt5.4__rep1.json	PILOT-2019003829	F	1	0.8225	0.9706	0.8357	0.885	17	
PILOT-2019003829__F__gpt5.4__rep2.json	PILOT-2019003829	F	2	0.8188	0.9471	0.8581	0.8866	17	
PILOT-2019003829__F__haiku4.5__rep0.json	PILOT-2019003829	F	0	0.6901	0.9359	0.7169	0.7995	13	
PILOT-2019003829__F__haiku4.5__rep1.json	PILOT-2019003829	F	1	0.7039	0.9615	0.7245	0.8139	13	
PILOT-2019003829__F__haiku4.5__rep2.json	PILOT-2019003829	F	2	0.7546	0.9615	0.7752	0.8492	13	
PILOT-2019003829__F__sonnet4__rep0.json	PILOT-2019003829	F	0	0.7894	0.9471	0.8287	0.867	17	
PILOT-2019003829__F__sonnet4__rep1.json	PILOT-2019003829	F	1	0.8221	0.9471	0.8614	0.8897	17	
PILOT-2019003829__F__sonnet4__rep2.json	PILOT-2019003829	F	2	0.8221	0.9471	0.8614	0.8897	17	
PILOT-2019003829__G__gpt4o-mini__rep0.json	PILOT-2019003829	G	0	0.3158	0.4637	0.3798	0.4074	8	
PILOT-2019003829__G__gpt4o-mini__rep1.json	PILOT-2019003829	G	1	0.6462	0.9583	0.663	0.7665	8	
PILOT-2019003829__G__gpt4o-mini__rep2.json	PILOT-2019003829	G	2	0.5452	0.9166	0.5848	0.7042	4	
PILOT-2019003829__G__gpt5.4__rep0.json	PILOT-2019003829	G	0	0.8188	0.9471	0.8581	0.8866	17	
PILOT-2019003829__G__gpt5.4__rep1.json	PILOT-2019003829	G	1	0.8059	0.9353	0.8515	0.875	17	
PILOT-2019003829__G__gpt5.4__rep2.json	PILOT-2019003829	G	2	0.7608	0.9615	0.7814	0.85	13	
PILOT-2019003829__G__haiku4.5__rep0.json	PILOT-2019003829	G	0	0.5117	0.9545	0.536	0.6723	11	
PILOT-2019003829__G__haiku4.5__rep1.json	PILOT-2019003829	G	1	0.5999	0.9378	0.6276	0.732	15	
PILOT-2019003829__G__haiku4.5__rep2.json	PILOT-2019003829	G	2	0.6118	0.9311	0.6497	0.7414	17	
PILOT-2019003829__G__sonnet4__rep0.json	PILOT-2019003829	G	0	0.8221	0.9471	0.8614	0.8897	17	
PILOT-2019003829__G__sonnet4__rep1.json	PILOT-2019003829	G	1	0.7894	0.9471	0.8287	0.867	17	
PILOT-2019003829__G__sonnet4__rep2.json	PILOT-2019003829	G	2	0.7894	0.9471	0.8287	0.867	17	
PILOT-2019005007__F__gpt4o-mini__rep0.json	PILOT-2019005007	F	0	0.7905	1.0	0.7905	0.8666	6	
PILOT-2019005007__F__gpt4o-mini__rep1.json	PILOT-2019005007	F	1	0.5052	0.95	0.5069	0.6482	5	
PILOT-2019005007__F__gpt4o-mini__rep2.json	PILOT-2019005007	F	2	0.7815	1.0	0.7815	0.8735	5	
PILOT-2019005007__F__gpt5.4__rep0.json	PILOT-2019005007	F	0	0.9655	1.0	0.9655	0.977	29	
PILOT-2019005007__F__gpt5.4__rep1.json	PILOT-2019005007	F	1	0.962	1.0	0.962	0.9744	27	
PILOT-2019005007__F__gpt5.4__rep2.json	PILOT-2019005007	F	2	0.963	1.0	0.963	0.9753	27	
PILOT-2019005007__F__haiku4.5__rep0.json	PILOT-2019005007	F	0	0.7765	1.0	0.7765	0.8678	24	
PILOT-2019005007__F__haiku4.5__rep1.json	PILOT-2019005007	F	1	0.883	1.0	0.883	0.9294	24	
PILOT-2019005007__F__haiku4.5__rep2.json	PILOT-2019005007	F	2	0.7612	1.0	0.7612	0.8521	24	
PILOT-2019005007__F__sonnet4__rep0.json	PILOT-2019005007	F	0	0.9232	1.0	0.9232	0.9479	25	
PILOT-2019005007__F__sonnet4__rep1.json	PILOT-2019005007	F	1	0.9478	1.0	0.9478	0.9665	24	
PILOT-2019005007__F__sonnet4__rep2.json	PILOT-2019005007	F	2	0.9232	1.0	0.9232	0.9479	25	
PILOT-2019005007__G__gpt4o-mini__rep0.json	PILOT-2019005007	G	0	0.5744	1.0	0.5744	0.7272	5	
PILOT-2019005007__G__gpt4o-mini__rep1.json	PILOT-2019005007	G	1	0.6345	0.95	0.6383	0.7497	5	
PILOT-2019005007__G__gpt4o-mini__rep2.json	PILOT-2019005007	G	2	0.8083	1.0	0.8083	0.8619	4	
PILOT-2019005007__G__gpt5.4__rep0.json	PILOT-2019005007	G	0	0.9827	1.0	0.9827	0.9899	25	
PILOT-2019005007__G__gpt5.4__rep1.json	PILOT-2019005007	G	1	0.9461	1.0	0.9461	0.9643	27	
PILOT-2019005007__G__gpt5.4__rep2.json	PILOT-2019005007	G	2	0.9389	1.0	0.9389	0.9591	25	
PILOT-2019005007__G__haiku4.5__rep0.json	PILOT-2019005007	G	0	0.6088	1.0	0.6088	0.7422	24	
PILOT-2019005007__G__haiku4.5__rep1.json	PILOT-2019005007	G	1	0.7028	1.0	0.7028	0.819	27	
PILOT-2019005007__G__haiku4.5__rep2.json	PILOT-2019005007	G	2	0.6995	1.0	0.6995	0.8126	27	
PILOT-2019005007__G__sonnet4__rep0.json	PILOT-2019005007	G	0	0.9232	1.0	0.9232	0.9479	25	
PILOT-2019005007__G__sonnet4__rep1.json	PILOT-2019005007	G	1	0.9232	1.0	0.9232	0.9479	25	
PILOT-2019005007__G__sonnet4__rep2.json	PILOT-2019005007	G	2	0.9138	1.0	0.9138	0.9425	25	
PILOT-2019005292__F__gpt4o-mini__rep0.json	PILOT-2019005292	F	0	0.97	1.0	0.97	0.9833	20	
PILOT-2019005292__F__gpt4o-mini__rep1.json	PILOT-2019005292	F	1	0.9758	0.9957	0.979	0.9864	20	
PILOT-2019005292__F__gpt4o-mini__rep2.json	PILOT-2019005292	F	2	1.0	1.0	1.0	1.0	20	
PILOT-2019005292__F__gpt5.4__rep0.json	PILOT-2019005292	F	0	0.967	0.9971	0.9687	0.9814	20	
PILOT-2019005292__F__gpt5.4__rep1.json	PILOT-2019005292	F	1	0.9786	0.9971	0.9809	0.9885	20	
PILOT-2019005292__F__gpt5.4__rep2.json	PILOT-2019005292	F	2	0.9557	0.9943	0.9591	0.9749	20	
PILOT-2019005292__F__haiku4.5__rep0.json	PILOT-2019005292	F	0	0.9463	1.0	0.9463	0.9699	15	
PILOT-2019005292__F__haiku4.5__rep1.json	PILOT-2019005292	F	1	0.914	1.0	0.914	0.9496	15	
PILOT-2019005292__F__haiku4.5__rep2.json	PILOT-2019005292	F	2	0.9124	0.998	0.9137	0.9487	15	
PILOT-2019005292__F__sonnet4__rep0.json	PILOT-2019005292	F	0	0.9728	1.0	0.9728	0.985	20	
PILOT-2019005292__F__sonnet4__rep1.json	PILOT-2019005292	F	1	0.9728	1.0	0.9728	0.985	20	
PILOT-2019005292__F__sonnet4__rep2.json	PILOT-2019005292	F	2	0.988	1.0	0.988	0.9938	20	
PILOT-2019005292__G__gpt4o-mini__rep0.json	PILOT-2019005292	G	0	0.8975	0.9474	0.9352	0.9405	20	
PILOT-2019005292__G__gpt4o-mini__rep1.json	PILOT-2019005292	G	1	0.9814	1.0	0.9814	0.9897	20	
PILOT-2019005292__G__gpt4o-mini__rep2.json	PILOT-2019005292	G	2	0.9691	0.9921	0.9755	0.9828	20	
PILOT-2019005292__G__gpt5.4__rep0.json	PILOT-2019005292	G	0	0.9728	1.0	0.9728	0.985	20	
PILOT-2019005292__G__gpt5.4__rep1.json	PILOT-2019005292	G	1	0.9728	1.0	0.9728	0.985	20	
PILOT-2019005292__G__gpt5.4__rep2.json	PILOT-2019005292	G	2	0.9728	1.0	0.9728	0.985	20	
PILOT-2019005292__G__haiku4.5__rep0.json	PILOT-2019005292	G	0	0.7628	0.998	0.7641	0.8465	15	
PILOT-2019005292__G__haiku4.5__rep1.json	PILOT-2019005292	G	1	0.7944	0.998	0.7957	0.8721	15	
PILOT-2019005292__G__haiku4.5__rep2.json	PILOT-2019005292	G	2	0.9574	0.998	0.9585	0.976	15	
PILOT-2019005292__G__sonnet4__rep0.json	PILOT-2019005292	G	0	0.9728	1.0	0.9728	0.985	20	
PILOT-2019005292__G__sonnet4__rep1.json	PILOT-2019005292	G	1	0.9728	1.0	0.9728	0.985	20	
PILOT-2019005292__G__sonnet4__rep2.json	PILOT-2019005292	G	2	0.9728	1.0	0.9728	0.985	20	
PILOT-2019005776__F__gpt4o-mini__rep0.json	PILOT-2019005776	F	0	0.9366	0.966	0.9683	0.9661	20	
PILOT-2019005776__F__gpt4o-mini__rep1.json	PILOT-2019005776	F	1	0.9621	0.9887	0.9734	0.9799	20	
PILOT-2019005776__F__gpt4o-mini__rep2.json	PILOT-2019005776	F	2	0.9323	0.9917	0.9393	0.9644	10	
PILOT-2019005776__F__gpt5.4__rep0.json	PILOT-2019005776	F	0	0.8548	0.9027	0.9264	0.9138	20	
PILOT-2019005776__F__gpt5.4__rep1.json	PILOT-2019005776	F	1	0.9935	0.9976	0.9955	0.9965	20	
PILOT-2019005776__F__gpt5.4__rep2.json	PILOT-2019005776	F	2	0.8663	0.9051	0.9381	0.9185	20	
PILOT-2019005776__F__haiku4.5__rep0.json	PILOT-2019005776	F	0	0.9261	0.971	0.9514	0.96	20	
PILOT-2019005776__F__haiku4.5__rep1.json	PILOT-2019005776	F	1	0.944	0.9773	0.9648	0.9699	20	
PILOT-2019005776__F__haiku4.5__rep2.json	PILOT-2019005776	F	2	0.9468	0.9804	0.9651	0.9715	20	
PILOT-2019005776__F__sonnet4__rep0.json	PILOT-2019005776	F	0	0.947	0.947	1.0	0.9722	20	
PILOT-2019005776__F__sonnet4__rep1.json	PILOT-2019005776	F	1	0.9037	0.9165	0.9754	0.944	20	
PILOT-2019005776__F__sonnet4__rep2.json	PILOT-2019005776	F	2	0.895	0.9084	0.9689	0.9366	20	
PILOT-2019005776__G__gpt4o-mini__rep0.json	PILOT-2019005776	G	0	0.9672	0.9825	0.984	0.9828	20	
PILOT-2019005776__G__gpt4o-mini__rep1.json	PILOT-2019005776	G	1	0.9705	0.9887	0.9818	0.9844	20	
PILOT-2019005776__G__gpt4o-mini__rep2.json	PILOT-2019005776	G	2	0.9585	0.9677	0.9897	0.9781	20	
PILOT-2019005776__G__gpt5.4__rep0.json	PILOT-2019005776	G	0	0.7037	0.9048	0.76	0.8261	1	
PILOT-2019005776__G__gpt5.4__rep1.json	PILOT-2019005776	G	1	0.8261	0.9048	0.9048	0.9048	1	
PILOT-2019005776__G__gpt5.4__rep2.json	PILOT-2019005776	G	2	0.9819	0.984	0.9975	0.9905	20	
PILOT-2019005776__G__haiku4.5__rep0.json	PILOT-2019005776	G	0	0.9309	0.9723	0.9536	0.9617	20	
PILOT-2019005776__G__haiku4.5__rep1.json	PILOT-2019005776	G	1	0.9251	0.966	0.9543	0.9591	20	
PILOT-2019005776__G__haiku4.5__rep2.json	PILOT-2019005776	G	2	0.9397	0.9754	0.9609	0.967	20	
PILOT-2019005776__G__sonnet4__rep0.json	PILOT-2019005776	G	0	0.9217	0.9387	0.9794	0.9573	20	
PILOT-2019005776__G__sonnet4__rep1.json	PILOT-2019005776	G	1	0.9887	0.9887	1.0	0.9942	20	
PILOT-2019005776__G__sonnet4__rep2.json	PILOT-2019005776	G	2	0.9887	0.9887	1.0	0.9942	20	
PILOT-2019006119__F__gpt4o-mini__rep0.json	PILOT-2019006119	F	0	None				0	no_gen
PILOT-2019006119__F__gpt4o-mini__rep1.json	PILOT-2019006119	F	1	None				0	no_gen
PILOT-2019006119__F__gpt4o-mini__rep2.json	PILOT-2019006119	F	2	None				0	no_gen
PILOT-2019006119__F__gpt5.4__rep0.json	PILOT-2019006119	F	0	0.5	1.0	0.5	0.6667	1	
PILOT-2019006119__F__gpt5.4__rep1.json	PILOT-2019006119	F	1	0.887	0.9532	0.9282	0.9333	8	
PILOT-2019006119__F__gpt5.4__rep2.json	PILOT-2019006119	F	2	0.4667	1.0	0.4667	0.6364	1	
PILOT-2019006119__F__haiku4.5__rep0.json	PILOT-2019006119	F	0	0.8454	0.9532	0.8861	0.9088	8	
PILOT-2019006119__F__haiku4.5__rep1.json	PILOT-2019006119	F	1	0.837	0.9532	0.8782	0.9022	8	
PILOT-2019006119__F__haiku4.5__rep2.json	PILOT-2019006119	F	2	0.8414	0.9532	0.8826	0.9038	8	
PILOT-2019006119__F__sonnet4__rep0.json	PILOT-2019006119	F	0	0.9072	0.9732	0.9313	0.9478	8	
PILOT-2019006119__F__sonnet4__rep1.json	PILOT-2019006119	F	1	0.9161	0.9849	0.9292	0.9528	8	
PILOT-2019006119__F__sonnet4__rep2.json	PILOT-2019006119	F	2	0.8149	0.921	0.8839	0.8858	8	
PILOT-2019006119__G__gpt4o-mini__rep0.json	PILOT-2019006119	G	0	0.6929	0.982	0.7091	0.8095	3	
PILOT-2019006119__G__gpt4o-mini__rep1.json	PILOT-2019006119	G	1	0.8424	0.9436	0.8913	0.9086	8	
PILOT-2019006119__G__gpt4o-mini__rep2.json	PILOT-2019006119	G	2	0.8484	0.9532	0.8883	0.9078	8	
PILOT-2019006119__G__gpt5.4__rep0.json	PILOT-2019006119	G	0	0.5	1.0	0.5	0.6667	1	
PILOT-2019006119__G__gpt5.4__rep1.json	PILOT-2019006119	G	1	0.8711	0.969	0.8978	0.919	8	
PILOT-2019006119__G__gpt5.4__rep2.json	PILOT-2019006119	G	2	0.5385	1.0	0.5385	0.7	1	
PILOT-2019006119__G__haiku4.5__rep0.json	PILOT-2019006119	G	0	0.8185	0.9532	0.8601	0.8856	8	
PILOT-2019006119__G__haiku4.5__rep1.json	PILOT-2019006119	G	1	0.8763	0.949	0.9201	0.9302	8	
PILOT-2019006119__G__haiku4.5__rep2.json	PILOT-2019006119	G	2	0.8163	0.9532	0.8562	0.8787	8	
PILOT-2019006119__G__sonnet4__rep0.json	PILOT-2019006119	G	0	0.8478	0.921	0.9167	0.9126	8	
PILOT-2019006119__G__sonnet4__rep1.json	PILOT-2019006119	G	1	0.8803	0.9498	0.9246	0.9328	8	
PILOT-2019006119__G__sonnet4__rep2.json	PILOT-2019006119	G	2	0.8803	0.9498	0.9246	0.9328	8	
PILOT-2020000122__F__gpt4o-mini__rep0.json	PILOT-2020000122	F	0	0.9476	1.0	0.9476	0.9727	3	
PILOT-2020000122__F__gpt4o-mini__rep1.json	PILOT-2020000122	F	1	0.825	0.9013	0.9007	0.897	20	
PILOT-2020000122__F__gpt4o-mini__rep2.json	PILOT-2020000122	F	2	0.7675	0.9433	0.8004	0.8647	5	
PILOT-2020000122__F__gpt5.4__rep0.json	PILOT-2020000122	F	0	0.8772	0.8968	0.9768	0.9328	20	
PILOT-2020000122__F__gpt5.4__rep1.json	PILOT-2020000122	F	1	0.8607	0.8984	0.9592	0.9232	20	
PILOT-2020000122__F__gpt5.4__rep2.json	PILOT-2020000122	F	2	0.8848	0.9013	0.9804	0.9372	20	
PILOT-2020000122__F__haiku4.5__rep0.json	PILOT-2020000122	F	0	0.7305	0.8971	0.7959	0.8339	20	
PILOT-2020000122__F__haiku4.5__rep1.json	PILOT-2020000122	F	1	0.6615	0.8888	0.7178	0.7889	20	
PILOT-2020000122__F__haiku4.5__rep2.json	PILOT-2020000122	F	2	0.6495	0.8536	0.7363	0.7808	20	
PILOT-2020000122__F__sonnet4__rep0.json	PILOT-2020000122	F	0	0.8786	0.9013	0.9742	0.9336	20	
PILOT-2020000122__F__sonnet4__rep1.json	PILOT-2020000122	F	1	0.8829	0.9013	0.9785	0.9361	20	
PILOT-2020000122__F__sonnet4__rep2.json	PILOT-2020000122	F	2	0.8528	0.9013	0.9444	0.9181	20	
PILOT-2020000122__G__gpt4o-mini__rep0.json	PILOT-2020000122	G	0	0.889	1.0	0.889	0.9401	3	
PILOT-2020000122__G__gpt4o-mini__rep1.json	PILOT-2020000122	G	1	0.731	0.8814	0.7976	0.835	9	
PILOT-2020000122__G__gpt4o-mini__rep2.json	PILOT-2020000122	G	2	0.8261	0.8701	0.9351	0.9001	20	
PILOT-2020000122__G__gpt5.4__rep0.json	PILOT-2020000122	G	0	0.8766	0.9013	0.9722	0.9323	20	
PILOT-2020000122__G__gpt5.4__rep1.json	PILOT-2020000122	G	1	0.8786	0.9013	0.9742	0.9336	20	
PILOT-2020000122__G__gpt5.4__rep2.json	PILOT-2020000122	G	2	0.8701	0.8984	0.9687	0.9284	20	
PILOT-2020000122__G__haiku4.5__rep0.json	PILOT-2020000122	G	0	0.8023	0.8631	0.9167	0.8855	20	
PILOT-2020000122__G__haiku4.5__rep1.json	PILOT-2020000122	G	1	0.7955	0.8577	0.9175	0.8817	17	
PILOT-2020000122__G__haiku4.5__rep2.json	PILOT-2020000122	G	2	0.7863	0.8572	0.9088	0.8766	17	
PILOT-2020000122__G__sonnet4__rep0.json	PILOT-2020000122	G	0	0.8428	0.9013	0.9319	0.9093	20	
PILOT-2020000122__G__sonnet4__rep1.json	PILOT-2020000122	G	1	0.881	0.9013	0.9765	0.935	20	
PILOT-2020000122__G__sonnet4__rep2.json	PILOT-2020000122	G	2	0.8452	0.9013	0.936	0.9131	20	
PILOT-2020000158__F__gpt4o-mini__rep0.json	PILOT-2020000158	F	0	0.799	0.9938	0.8034	0.8878	10	
PILOT-2020000158__F__gpt4o-mini__rep1.json	PILOT-2020000158	F	1	0.9429	0.9685	0.9701	0.9675	20	
PILOT-2020000158__F__gpt4o-mini__rep2.json	PILOT-2020000158	F	2	0.9382	0.9685	0.9652	0.9644	20	
PILOT-2020000158__F__gpt5.4__rep0.json	PILOT-2020000158	F	0	0.9192	0.9785	0.9381	0.9443	20	
PILOT-2020000158__F__gpt5.4__rep1.json	PILOT-2020000158	F	1	0.9186	0.9785	0.9375	0.9437	20	
PILOT-2020000158__F__gpt5.4__rep2.json	PILOT-2020000158	F	2	0.9236	0.9785	0.9427	0.9489	20	
PILOT-2020000158__F__haiku4.5__rep0.json	PILOT-2020000158	F	0	0.823	0.9785	0.8422	0.8892	20	
PILOT-2020000158__F__haiku4.5__rep1.json	PILOT-2020000158	F	1	0.8306	0.9685	0.8565	0.8982	20	
PILOT-2020000158__F__haiku4.5__rep2.json	PILOT-2020000158	F	2	0.8555	0.9685	0.8832	0.9151	20	
PILOT-2020000158__F__sonnet4__rep0.json	PILOT-2020000158	F	0	0.9423	0.9785	0.962	0.9654	20	
PILOT-2020000158__F__sonnet4__rep1.json	PILOT-2020000158	F	1	0.9344	0.9785	0.9538	0.9589	20	
PILOT-2020000158__F__sonnet4__rep2.json	PILOT-2020000158	F	2	0.9423	0.9785	0.962	0.9654	20	
PILOT-2020000158__G__gpt4o-mini__rep0.json	PILOT-2020000158	G	0	0.9549	0.9785	0.9752	0.9744	20	
PILOT-2020000158__G__gpt4o-mini__rep1.json	PILOT-2020000158	G	1	0.9341	0.9685	0.9608	0.9616	20	
PILOT-2020000158__G__gpt4o-mini__rep2.json	PILOT-2020000158	G	2	0.9341	0.9685	0.9608	0.9616	20	
PILOT-2020000158__G__gpt5.4__rep0.json	PILOT-2020000158	G	0	0.9216	0.9785	0.9406	0.9468	20	
PILOT-2020000158__G__gpt5.4__rep1.json	PILOT-2020000158	G	1	0.9186	0.9785	0.9375	0.9437	20	
PILOT-2020000158__G__gpt5.4__rep2.json	PILOT-2020000158	G	2	0.9033	0.9785	0.9234	0.9458	20	
PILOT-2020000158__G__haiku4.5__rep0.json	PILOT-2020000158	G	0	0.7964	0.9685	0.8234	0.8721	20	
PILOT-2020000158__G__haiku4.5__rep1.json	PILOT-2020000158	G	1	0.8624	0.9685	0.8894	0.9169	20	
PILOT-2020000158__G__haiku4.5__rep2.json	PILOT-2020000158	G	2	0.8399	0.9685	0.8669	0.8999	20	
PILOT-2020000158__G__sonnet4__rep0.json	PILOT-2020000158	G	0	0.9491	0.9785	0.969	0.9704	20	
PILOT-2020000158__G__sonnet4__rep1.json	PILOT-2020000158	G	1	0.9491	0.9785	0.969	0.9704	20	
PILOT-2020000158__G__sonnet4__rep2.json	PILOT-2020000158	G	2	0.9491	0.9785	0.969	0.9704	20	
PILOT-2020000362__F__gpt4o-mini__rep0.json	PILOT-2020000362	F	0	0.8889	0.9375	0.9375	0.9375	2	
PILOT-2020000362__F__gpt4o-mini__rep1.json	PILOT-2020000362	F	1	0.8889	0.9375	0.9375	0.9375	2	
PILOT-2020000362__F__gpt4o-mini__rep2.json	PILOT-2020000362	F	2	None				0	no_gen
PILOT-2020000362__F__gpt5.4__rep0.json	PILOT-2020000362	F	0	0.8794	0.9018	0.9757	0.9341	15	
PILOT-2020000362__F__gpt5.4__rep1.json	PILOT-2020000362	F	1	0.8794	0.9018	0.9757	0.9341	15	
PILOT-2020000362__F__gpt5.4__rep2.json	PILOT-2020000362	F	2	0.8727	0.9018	0.9691	0.9303	15	
PILOT-2020000362__F__haiku4.5__rep0.json	PILOT-2020000362	F	0	0.6507	0.8953	0.7248	0.7824	15	
PILOT-2020000362__F__haiku4.5__rep1.json	PILOT-2020000362	F	1	0.7766	0.8953	0.8679	0.8665	15	
PILOT-2020000362__F__haiku4.5__rep2.json	PILOT-2020000362	F	2	0.7285	0.9018	0.8093	0.8339	15	
PILOT-2020000362__F__sonnet4__rep0.json	PILOT-2020000362	F	0	0.883	0.9018	0.9793	0.9361	15	
PILOT-2020000362__F__sonnet4__rep1.json	PILOT-2020000362	F	1	0.883	0.9018	0.9793	0.9361	15	
PILOT-2020000362__F__sonnet4__rep2.json	PILOT-2020000362	F	2	0.883	0.9018	0.9793	0.9361	15	
PILOT-2020000362__G__gpt4o-mini__rep0.json	PILOT-2020000362	G	0	0.8889	0.9375	0.9375	0.9375	2	
PILOT-2020000362__G__gpt4o-mini__rep1.json	PILOT-2020000362	G	1	0.8889	0.9375	0.9375	0.9375	2	
PILOT-2020000362__G__gpt4o-mini__rep2.json	PILOT-2020000362	G	2	0.8889	0.9375	0.9375	0.9375	2	
PILOT-2020000362__G__gpt5.4__rep0.json	PILOT-2020000362	G	0	0.8668	0.9018	0.9632	0.9266	15	
PILOT-2020000362__G__gpt5.4__rep1.json	PILOT-2020000362	G	1	0.8762	0.9003	0.974	0.9323	14	
PILOT-2020000362__G__gpt5.4__rep2.json	PILOT-2020000362	G	2	0.8633	0.8969	0.9643	0.9248	13	
PILOT-2020000362__G__haiku4.5__rep0.json	PILOT-2020000362	G	0	0.6818	0.9018	0.7491	0.8009	15	
PILOT-2020000362__G__haiku4.5__rep1.json	PILOT-2020000362	G	1	0.7135	0.9018	0.7833	0.8252	15	
PILOT-2020000362__G__haiku4.5__rep2.json	PILOT-2020000362	G	2	0.7584	0.9084	0.8109	0.8427	10	
PILOT-2020000362__G__sonnet4__rep0.json	PILOT-2020000362	G	0	0.8655	0.9018	0.9619	0.9256	15	
PILOT-2020000362__G__sonnet4__rep1.json	PILOT-2020000362	G	1	0.8668	0.9018	0.9632	0.9266	15	
PILOT-2020000362__G__sonnet4__rep2.json	PILOT-2020000362	G	2	0.883	0.9018	0.9793	0.9361	15	
PILOT-2020000402__F__gpt4o-mini__rep0.json	PILOT-2020000402	F	0	0.909	0.9875	0.9193	0.9519	4	
PILOT-2020000402__F__gpt4o-mini__rep1.json	PILOT-2020000402	F	1	0.9051	0.9666	0.9282	0.9465	9	
PILOT-2020000402__F__gpt4o-mini__rep2.json	PILOT-2020000402	F	2	None				0	no_gen
PILOT-2020000402__F__gpt5.4__rep0.json	PILOT-2020000402	F	0	0.9602	1.0	0.9602	0.9792	9	
PILOT-2020000402__F__gpt5.4__rep1.json	PILOT-2020000402	F	1	0.9171	0.9944	0.9213	0.9549	9	
PILOT-2020000402__F__gpt5.4__rep2.json	PILOT-2020000402	F	2	0.9213	0.9944	0.9259	0.9574	9	
PILOT-2020000402__F__haiku4.5__rep0.json	PILOT-2020000402	F	0	0.7949	0.9424	0.8343	0.8849	4	
PILOT-2020000402__F__haiku4.5__rep1.json	PILOT-2020000402	F	1	0.8054	0.9929	0.8105	0.8907	4	
PILOT-2020000402__F__haiku4.5__rep2.json	PILOT-2020000402	F	2	0.8368	0.9929	0.842	0.9111	4	
PILOT-2020000402__F__sonnet4__rep0.json	PILOT-2020000402	F	0	0.7542	0.8555	0.8566	0.8366	9	
PILOT-2020000402__F__sonnet4__rep1.json	PILOT-2020000402	F	1	0.9693	0.9952	0.9733	0.9839	6	
PILOT-2020000402__F__sonnet4__rep2.json	PILOT-2020000402	F	2	0.9742	0.9968	0.9769	0.9865	9	
PILOT-2020000402__G__gpt4o-mini__rep0.json	PILOT-2020000402	G	0	0.9362	0.9857	0.9485	0.9651	9	
PILOT-2020000402__G__gpt4o-mini__rep1.json	PILOT-2020000402	G	1	0.9738	0.9959	0.9777	0.9864	7	
PILOT-2020000402__G__gpt4o-mini__rep2.json	PILOT-2020000402	G	2	0.963	0.9913	0.9715	0.9807	9	
PILOT-2020000402__G__gpt5.4__rep0.json	PILOT-2020000402	G	0	0.9534	0.9913	0.9609	0.9754	9	
PILOT-2020000402__G__gpt5.4__rep1.json	PILOT-2020000402	G	1	0.9832	0.9944	0.9883	0.9913	9	
PILOT-2020000402__G__gpt5.4__rep2.json	PILOT-2020000402	G	2	0.9564	0.9944	0.961	0.977	9	
PILOT-2020000402__G__haiku4.5__rep0.json	PILOT-2020000402	G	0	0.8438	0.9929	0.849	0.9115	4	
PILOT-2020000402__G__haiku4.5__rep1.json	PILOT-2020000402	G	1	0.8836	0.9952	0.8884	0.9305	6	
PILOT-2020000402__G__haiku4.5__rep2.json	PILOT-2020000402	G	2	0.8936	0.9952	0.8972	0.942	6	
PILOT-2020000402__G__sonnet4__rep0.json	PILOT-2020000402	G	0	0.9744	0.9968	0.9769	0.9864	9	
PILOT-2020000402__G__sonnet4__rep1.json	PILOT-2020000402	G	1	0.9744	0.9968	0.9769	0.9864	9	
PILOT-2020000402__G__sonnet4__rep2.json	PILOT-2020000402	G	2	0.7554	0.8142	0.887	0.8307	7	
PILOT-2020000676__F__gpt4o-mini__rep0.json	PILOT-2020000676	F	0	0.8492	0.9282	0.909	0.9169	20	
PILOT-2020000676__F__gpt4o-mini__rep1.json	PILOT-2020000676	F	1	0.937	0.937	1.0	0.9672	20	
PILOT-2020000676__F__gpt4o-mini__rep2.json	PILOT-2020000676	F	2	0.9147	0.937	0.9763	0.9553	20	
PILOT-2020000676__F__gpt5.4__rep0.json	PILOT-2020000676	F	0	0.9198	0.937	0.9827	0.9581	20	
PILOT-2020000676__F__gpt5.4__rep1.json	PILOT-2020000676	F	1	0.9198	0.937	0.9827	0.9581	20	
PILOT-2020000676__F__gpt5.4__rep2.json	PILOT-2020000676	F	2	0.9198	0.937	0.9827	0.9581	20	
PILOT-2020000676__F__haiku4.5__rep0.json	PILOT-2020000676	F	0	0.8247	0.937	0.8753	0.9015	20	
PILOT-2020000676__F__haiku4.5__rep1.json	PILOT-2020000676	F	1	0.8369	1.0	0.8369	0.9111	3	
PILOT-2020000676__F__haiku4.5__rep2.json	PILOT-2020000676	F	2	0.8783	0.937	0.9365	0.9343	20	
PILOT-2020000676__F__sonnet4__rep0.json	PILOT-2020000676	F	0	0.9126	0.937	0.9755	0.9539	20	
PILOT-2020000676__F__sonnet4__rep1.json	PILOT-2020000676	F	1	0.7787	0.7959	0.8327	0.8126	20	
PILOT-2020000676__F__sonnet4__rep2.json	PILOT-2020000676	F	2	0.9198	0.937	0.9827	0.9581	20	
PILOT-2020000676__G__gpt4o-mini__rep0.json	PILOT-2020000676	G	0	0.8556	0.937	0.9073	0.9203	20	
PILOT-2020000676__G__gpt4o-mini__rep1.json	PILOT-2020000676	G	1	0.9036	0.937	0.9651	0.9489	20	
PILOT-2020000676__G__gpt4o-mini__rep2.json	PILOT-2020000676	G	2	0.9001	0.9282	0.9685	0.9469	20	
PILOT-2020000676__G__gpt5.4__rep0.json	PILOT-2020000676	G	0	0.9198	0.937	0.9827	0.9581	20	
PILOT-2020000676__G__gpt5.4__rep1.json	PILOT-2020000676	G	1	0.9205	0.9408	0.9797	0.9584	17	
PILOT-2020000676__G__gpt5.4__rep2.json	PILOT-2020000676	G	2	0.9198	0.937	0.9827	0.9581	20	
PILOT-2020000676__G__haiku4.5__rep0.json	PILOT-2020000676	G	0	0.8899	0.9282	0.9596	0.9408	20	
PILOT-2020000676__G__haiku4.5__rep1.json	PILOT-2020000676	G	1	0.8692	0.937	0.928	0.9275	20	
PILOT-2020000676__G__haiku4.5__rep2.json	PILOT-2020000676	G	2	0.8507	0.937	0.9041	0.9157	20	
PILOT-2020000676__G__sonnet4__rep0.json	PILOT-2020000676	G	0	0.8862	0.937	0.9438	0.937	20	
PILOT-2020000676__G__sonnet4__rep1.json	PILOT-2020000676	G	1	0.9198	0.937	0.9827	0.9581	20	
PILOT-2020000676__G__sonnet4__rep2.json	PILOT-2020000676	G	2	0.9198	0.937	0.9827	0.9581	20	
PILOT-2020001769__F__gpt4o-mini__rep0.json	PILOT-2020001769	F	0	0.9122	0.9137	0.9984	0.9432	21	
PILOT-2020001769__F__gpt4o-mini__rep1.json	PILOT-2020001769	F	1	1.0	1.0	1.0	1.0	4	
PILOT-2020001769__F__gpt4o-mini__rep2.json	PILOT-2020001769	F	2	0.7273	1.0	0.7273	0.8334	4	
PILOT-2020001769__F__gpt5.4__rep0.json	PILOT-2020001769	F	0	0.9094	0.9094	1.0	0.9412	20	
PILOT-2020001769__F__gpt5.4__rep1.json	PILOT-2020001769	F	1	0.9019	0.9137	0.9875	0.937	21	
PILOT-2020001769__F__gpt5.4__rep2.json	PILOT-2020001769	F	2	0.9154	0.9154	1.0	0.9449	21	
PILOT-2020001769__F__haiku4.5__rep0.json	PILOT-2020001769	F	0	0.3993	0.8779	0.4584	0.5571	12	
PILOT-2020001769__F__haiku4.5__rep1.json	PILOT-2020001769	F	1	0.097	0.2381	0.097	0.1326	21	
PILOT-2020001769__F__haiku4.5__rep2.json	PILOT-2020001769	F	2	0.2131	0.4957	0.2219	0.2981	13	
PILOT-2020001769__F__sonnet4__rep0.json	PILOT-2020001769	F	0	0.9045	0.9121	0.9913	0.9387	21	
PILOT-2020001769__F__sonnet4__rep1.json	PILOT-2020001769	F	1	0.9137	0.9137	1.0	0.944	21	
PILOT-2020001769__F__sonnet4__rep2.json	PILOT-2020001769	F	2	0.9138	0.9154	0.9984	0.9441	21	
PILOT-2020001769__G__gpt4o-mini__rep0.json	PILOT-2020001769	G	0	0.775	1.0	0.775	0.8676	4	
PILOT-2020001769__G__gpt4o-mini__rep1.json	PILOT-2020001769	G	1	0.6273	1.0	0.6273	0.7556	5	
PILOT-2020001769__G__gpt4o-mini__rep2.json	PILOT-2020001769	G	2	0.6446	1.0	0.6446	0.7608	4	
PILOT-2020001769__G__gpt5.4__rep0.json	PILOT-2020001769	G	0	0.8959	0.9154	0.9806	0.9326	21	
PILOT-2020001769__G__gpt5.4__rep1.json	PILOT-2020001769	G	1	0.8983	0.9111	0.9872	0.9347	20	
PILOT-2020001769__G__gpt5.4__rep2.json	PILOT-2020001769	G	2	0.9154	0.9154	1.0	0.9449	21	
PILOT-2020001769__G__haiku4.5__rep0.json	PILOT-2020001769	G	0	0.5048	1.0	0.5048	0.6572	4	
PILOT-2020001769__G__haiku4.5__rep1.json	PILOT-2020001769	G	1	0.6078	0.8735	0.6559	0.7253	18	
PILOT-2020001769__G__haiku4.5__rep2.json	PILOT-2020001769	G	2	0.3826	1.0	0.3826	0.5323	4	
PILOT-2020001769__G__sonnet4__rep0.json	PILOT-2020001769	G	0	0.9064	0.9105	0.9951	0.9399	21	
PILOT-2020001769__G__sonnet4__rep1.json	PILOT-2020001769	G	1	0.9045	0.9121	0.9913	0.9387	21	
PILOT-2020001769__G__sonnet4__rep2.json	PILOT-2020001769	G	2	0.905	0.9088	0.9949	0.939	21	
PILOT-2020002332__F__gpt4o-mini__rep0.json	PILOT-2020002332	F	0	0.9366	1.0	0.9366	0.9659	3	
PILOT-2020002332__F__gpt4o-mini__rep1.json	PILOT-2020002332	F	1	0.9065	0.9896	0.9157	0.9491	3	
PILOT-2020002332__F__gpt4o-mini__rep2.json	PILOT-2020002332	F	2	0.9899	1.0	0.9899	0.9949	3	
PILOT-2020002332__F__gpt5.4__rep0.json	PILOT-2020002332	F	0	0.8924	0.9816	0.9057	0.9364	25	
PILOT-2020002332__F__gpt5.4__rep1.json	PILOT-2020002332	F	1	0.8955	0.9816	0.9088	0.9385	25	
PILOT-2020002332__F__gpt5.4__rep2.json	PILOT-2020002332	F	2	0.8899	0.9816	0.9032	0.9346	25	
PILOT-2020002332__F__haiku4.5__rep0.json	PILOT-2020002332	F	0	0.7942	0.9682	0.8143	0.8777	11	
PILOT-2020002332__F__haiku4.5__rep1.json	PILOT-2020002332	F	1	0.8691	0.9768	0.8861	0.9209	25	
PILOT-2020002332__F__haiku4.5__rep2.json	PILOT-2020002332	F	2	0.7643	0.965	0.7865	0.8594	10	
PILOT-2020002332__F__sonnet4__rep0.json	PILOT-2020002332	F	0	0.8811	0.9816	0.8944	0.9286	25	
PILOT-2020002332__F__sonnet4__rep1.json	PILOT-2020002332	F	1	0.9051	0.9816	0.9184	0.9442	25	
PILOT-2020002332__F__sonnet4__rep2.json	PILOT-2020002332	F	2	0.9118	0.9816	0.9251	0.948	25	
PILOT-2020002332__G__gpt4o-mini__rep0.json	PILOT-2020002332	G	0	0.7396	0.9643	0.7569	0.843	7	
PILOT-2020002332__G__gpt4o-mini__rep1.json	PILOT-2020002332	G	1	None				0	no_gen
PILOT-2020002332__G__gpt4o-mini__rep2.json	PILOT-2020002332	G	2	0.8998	0.9644	0.9337	0.9469	4	
PILOT-2020002332__G__gpt5.4__rep0.json	PILOT-2020002332	G	0	0.9002	0.9778	0.9153	0.9416	25	
PILOT-2020002332__G__gpt5.4__rep1.json	PILOT-2020002332	G	1	0.8665	0.9827	0.8773	0.9204	22	
PILOT-2020002332__G__gpt5.4__rep2.json	PILOT-2020002332	G	2	0.8916	0.9816	0.9049	0.9359	25	
PILOT-2020002332__G__haiku4.5__rep0.json	PILOT-2020002332	G	0	0.8879	0.9768	0.9049	0.9333	25	
PILOT-2020002332__G__haiku4.5__rep1.json	PILOT-2020002332	G	1	0.868	0.9768	0.8818	0.9201	25	
PILOT-2020002332__G__haiku4.5__rep2.json	PILOT-2020002332	G	2	0.8991	0.9768	0.9161	0.941	25	
PILOT-2020002332__G__sonnet4__rep0.json	PILOT-2020002332	G	0	0.8856	0.9816	0.8989	0.9318	25	
PILOT-2020002332__G__sonnet4__rep1.json	PILOT-2020002332	G	1	0.9016	0.9816	0.9149	0.9422	25	
PILOT-2020002332__G__sonnet4__rep2.json	PILOT-2020002332	G	2	0.8863	0.9816	0.8996	0.9323	25	
PILOT-2020002369__F__gpt4o-mini__rep0.json	PILOT-2020002369	F	0	0.8361	0.9532	0.8718	0.9107	2	
PILOT-2020002369__F__gpt4o-mini__rep1.json	PILOT-2020002369	F	1	0.8033	0.9532	0.8361	0.8909	2	
PILOT-2020002369__F__gpt4o-mini__rep2.json	PILOT-2020002369	F	2	0.9836	0.9953	0.9872	0.9911	20	
PILOT-2020002369__F__gpt5.4__rep0.json	PILOT-2020002369	F	0	0.9518	0.9953	0.9545	0.9711	20	
PILOT-2020002369__F__gpt5.4__rep1.json	PILOT-2020002369	F	1	0.948	0.9953	0.9504	0.9683	20	
PILOT-2020002369__F__gpt5.4__rep2.json	PILOT-2020002369	F	2	0.9455	0.9953	0.9479	0.9664	20	
PILOT-2020002369__F__haiku4.5__rep0.json	PILOT-2020002369	F	0	0.9408	1.0	0.9408	0.9631	20	
PILOT-2020002369__F__haiku4.5__rep1.json	PILOT-2020002369	F	1	0.9482	1.0	0.9482	0.9685	20	
PILOT-2020002369__F__haiku4.5__rep2.json	PILOT-2020002369	F	2	0.952	1.0	0.952	0.9713	20	
PILOT-2020002369__F__sonnet4__rep0.json	PILOT-2020002369	F	0	0.9703	0.9953	0.9736	0.9835	20	
PILOT-2020002369__F__sonnet4__rep1.json	PILOT-2020002369	F	1	0.9872	0.9953	0.9911	0.9931	20	
PILOT-2020002369__F__sonnet4__rep2.json	PILOT-2020002369	F	2	0.9703	0.9953	0.9736	0.9835	20	
PILOT-2020002369__G__gpt4o-mini__rep0.json	PILOT-2020002369	G	0	0.6478	0.9875	0.6557	0.7842	4	
PILOT-2020002369__G__gpt4o-mini__rep1.json	PILOT-2020002369	G	1	0.8578	0.9722	0.8813	0.9196	3	
PILOT-2020002369__G__gpt4o-mini__rep2.json	PILOT-2020002369	G	2	0.9872	0.9953	0.9911	0.9931	20	
PILOT-2020002369__G__gpt5.4__rep0.json	PILOT-2020002369	G	0	0.9473	0.9953	0.9503	0.9705	20	
PILOT-2020002369__G__gpt5.4__rep1.json	PILOT-2020002369	G	1	0.9319	0.9953	0.9345	0.96	20	
PILOT-2020002369__G__gpt5.4__rep2.json	PILOT-2020002369	G	2	0.948	0.9953	0.9504	0.9683	20	
PILOT-2020002369__G__haiku4.5__rep0.json	PILOT-2020002369	G	0	0.9806	1.0	0.9806	0.9896	20	
PILOT-2020002369__G__haiku4.5__rep1.json	PILOT-2020002369	G	1	0.9806	1.0	0.9806	0.9896	20	
PILOT-2020002369__G__haiku4.5__rep2.json	PILOT-2020002369	G	2	0.9728	0.9917	0.98	0.9853	20	
PILOT-2020002369__G__sonnet4__rep0.json	PILOT-2020002369	G	0	0.9872	0.9953	0.9911	0.9931	20	
PILOT-2020002369__G__sonnet4__rep1.json	PILOT-2020002369	G	1	0.9653	0.9953	0.9692	0.9807	20	
PILOT-2020002369__G__sonnet4__rep2.json	PILOT-2020002369	G	2	0.9872	0.9953	0.9911	0.9931	20	
PILOT-2020002555__F__gpt4o-mini__rep0.json	PILOT-2020002555	F	0	0.8755	0.8918	0.9796	0.9316	20	
PILOT-2020002555__F__gpt4o-mini__rep1.json	PILOT-2020002555	F	1	None				0	no_gen
PILOT-2020002555__F__gpt4o-mini__rep2.json	PILOT-2020002555	F	2	0.7707	0.9226	0.8194	0.8646	4	
PILOT-2020002555__F__gpt5.4__rep0.json	PILOT-2020002555	F	0	0.8689	0.89	0.9778	0.928	16	
PILOT-2020002555__F__gpt5.4__rep1.json	PILOT-2020002555	F	1	0.8689	0.89	0.9778	0.928	16	
PILOT-2020002555__F__gpt5.4__rep2.json	PILOT-2020002555	F	2	0.877	0.8918	0.9844	0.9329	20	
PILOT-2020002555__F__haiku4.5__rep0.json	PILOT-2020002555	F	0	0.8437	0.8884	0.9502	0.9127	18	
PILOT-2020002555__F__haiku4.5__rep1.json	PILOT-2020002555	F	1	0.5835	0.9092	0.6138	0.7283	6	
PILOT-2020002555__F__haiku4.5__rep2.json	PILOT-2020002555	F	2	0.8268	0.8918	0.9211	0.9004	20	
PILOT-2020002555__F__sonnet4__rep0.json	PILOT-2020002555	F	0	0.6784	0.7433	0.788	0.7567	20	
PILOT-2020002555__F__sonnet4__rep1.json	PILOT-2020002555	F	1	0.8674	0.8884	0.978	0.9272	18	
PILOT-2020002555__F__sonnet4__rep2.json	PILOT-2020002555	F	2	0.8696	0.8884	0.9803	0.9286	18	
PILOT-2020002555__G__gpt4o-mini__rep0.json	PILOT-2020002555	G	0	0.7308	0.8334	0.8	0.8158	2	
PILOT-2020002555__G__gpt4o-mini__rep1.json	PILOT-2020002555	G	1	0.863	0.8842	0.9657	0.9209	15	
PILOT-2020002555__G__gpt4o-mini__rep2.json	PILOT-2020002555	G	2	0.9722	0.9722	1.0	0.9857	2	
PILOT-2020002555__G__gpt5.4__rep0.json	PILOT-2020002555	G	0	0.8532	0.8918	0.9573	0.9185	20	
PILOT-2020002555__G__gpt5.4__rep1.json	PILOT-2020002555	G	1	0.8689	0.89	0.9778	0.928	16	
PILOT-2020002555__G__gpt5.4__rep2.json	PILOT-2020002555	G	2	0.8683	0.8918	0.9746	0.928	20	
PILOT-2020002555__G__haiku4.5__rep0.json	PILOT-2020002555	G	0	0.6995	0.8633	0.7928	0.8104	20	
PILOT-2020002555__G__haiku4.5__rep1.json	PILOT-2020002555	G	1	0.8287	0.8918	0.9242	0.902	20	
PILOT-2020002555__G__haiku4.5__rep2.json	PILOT-2020002555	G	2	0.647	0.8918	0.6958	0.7746	20	
PILOT-2020002555__G__sonnet4__rep0.json	PILOT-2020002555	G	0	0.873	0.8918	0.9802	0.9305	20	
PILOT-2020002555__G__sonnet4__rep1.json	PILOT-2020002555	G	1	0.889	0.8918	0.997	0.9397	20	
PILOT-2020002555__G__sonnet4__rep2.json	PILOT-2020002555	G	2	0.889	0.8918	0.997	0.9397	20	
PILOT-2020002688__F__gpt4o-mini__rep0.json	PILOT-2020002688	F	0	0.7581	0.9538	0.7924	0.8459	8	
PILOT-2020002688__F__gpt4o-mini__rep1.json	PILOT-2020002688	F	1	0.9037	0.933	0.9573	0.9447	8	
PILOT-2020002688__F__gpt4o-mini__rep2.json	PILOT-2020002688	F	2	0.8599	0.9167	0.9191	0.9149	7	
PILOT-2020002688__F__gpt5.4__rep0.json	PILOT-2020002688	F	0	0.8806	1.0	0.8806	0.932	9	
PILOT-2020002688__F__gpt5.4__rep1.json	PILOT-2020002688	F	1	0.886	1.0	0.886	0.9349	9	
PILOT-2020002688__F__gpt5.4__rep2.json	PILOT-2020002688	F	2	0.8803	1.0	0.8803	0.9318	9	
PILOT-2020002688__F__haiku4.5__rep0.json	PILOT-2020002688	F	0	0.6642	0.9921	0.6703	0.7623	9	
PILOT-2020002688__F__haiku4.5__rep1.json	PILOT-2020002688	F	1	0.7574	0.9828	0.771	0.8397	9	
PILOT-2020002688__F__haiku4.5__rep2.json	PILOT-2020002688	F	2	0.6282	1.0	0.6282	0.7452	9	
PILOT-2020002688__F__sonnet4__rep0.json	PILOT-2020002688	F	0	0.694	0.9921	0.6975	0.7947	9	
PILOT-2020002688__F__sonnet4__rep1.json	PILOT-2020002688	F	1	0.8456	0.9921	0.8491	0.9062	9	
PILOT-2020002688__F__sonnet4__rep2.json	PILOT-2020002688	F	2	0.8611	0.9922	0.8666	0.9095	20	
PILOT-2020002688__G__gpt4o-mini__rep0.json	PILOT-2020002688	G	0	None				0	no_gen
PILOT-2020002688__G__gpt4o-mini__rep1.json	PILOT-2020002688	G	1	None				0	no_gen
PILOT-2020002688__G__gpt4o-mini__rep2.json	PILOT-2020002688	G	2	None				0	no_gen
PILOT-2020002688__G__gpt5.4__rep0.json	PILOT-2020002688	G	0	0.886	1.0	0.886	0.9349	9	
PILOT-2020002688__G__gpt5.4__rep1.json	PILOT-2020002688	G	1	0.767	1.0	0.767	0.8535	9	
PILOT-2020002688__G__gpt5.4__rep2.json	PILOT-2020002688	G	2	0.886	1.0	0.886	0.9349	9	
PILOT-2020002688__G__haiku4.5__rep0.json	PILOT-2020002688	G	0	0.665	1.0	0.665	0.7719	8	
PILOT-2020002688__G__haiku4.5__rep1.json	PILOT-2020002688	G	1	0.6551	0.9768	0.6647	0.7718	8	
PILOT-2020002688__G__haiku4.5__rep2.json	PILOT-2020002688	G	2	0.7531	1.0	0.7531	0.8448	8	
PILOT-2020002688__G__sonnet4__rep0.json	PILOT-2020002688	G	0	0.78	0.9921	0.7835	0.869	9	
PILOT-2020002688__G__sonnet4__rep1.json	PILOT-2020002688	G	1	0.7489	0.9921	0.7524	0.8442	9	
PILOT-2020002688__G__sonnet4__rep2.json	PILOT-2020002688	G	2	0.7521	0.9921	0.7559	0.8438	9	
PILOT-2020002729__F__gpt4o-mini__rep0.json	PILOT-2020002729	F	0	0.7756	0.9536	0.8136	0.8466	10	
PILOT-2020002729__F__gpt4o-mini__rep1.json	PILOT-2020002729	F	1	0.879	0.9909	0.8855	0.9326	10	
PILOT-2020002729__F__gpt4o-mini__rep2.json	PILOT-2020002729	F	2	0.7976	0.9008	0.8355	0.8644	11	
PILOT-2020002729__F__gpt5.4__rep0.json	PILOT-2020002729	F	0	0.6478	0.9917	0.6553	0.7307	11	
PILOT-2020002729__F__gpt5.4__rep1.json	PILOT-2020002729	F	1	0.7095	0.9917	0.717	0.7779	11	
PILOT-2020002729__F__gpt5.4__rep2.json	PILOT-2020002729	F	2	0.7062	0.9917	0.7137	0.775	11	
PILOT-2020002729__F__haiku4.5__rep0.json	PILOT-2020002729	F	0	0.5565	0.993	0.5585	0.6889	13	
PILOT-2020002729__F__haiku4.5__rep1.json	PILOT-2020002729	F	1	0.6539	0.9917	0.6572	0.7742	11	
PILOT-2020002729__F__haiku4.5__rep2.json	PILOT-2020002729	F	2	0.7019	0.9895	0.7077	0.8089	13	
PILOT-2020002729__F__sonnet4__rep0.json	PILOT-2020002729	F	0	0.8685	0.9966	0.8713	0.9051	27	
PILOT-2020002729__F__sonnet4__rep1.json	PILOT-2020002729	F	1	0.8867	0.9966	0.8893	0.9258	27	
PILOT-2020002729__F__sonnet4__rep2.json	PILOT-2020002729	F	2	0.8903	0.9966	0.8929	0.929	27	
PILOT-2020002729__G__gpt4o-mini__rep0.json	PILOT-2020002729	G	0	None				0	no_gen
PILOT-2020002729__G__gpt4o-mini__rep1.json	PILOT-2020002729	G	1	None				0	no_gen
PILOT-2020002729__G__gpt4o-mini__rep2.json	PILOT-2020002729	G	2	None				0	no_gen
PILOT-2020002729__G__gpt5.4__rep0.json	PILOT-2020002729	G	0	0.7381	0.9917	0.7456	0.7952	11	
PILOT-2020002729__G__gpt5.4__rep1.json	PILOT-2020002729	G	1	0.7419	0.9917	0.7494	0.7975	11	
PILOT-2020002729__G__gpt5.4__rep2.json	PILOT-2020002729	G	2	0.8247	0.9917	0.8322	0.8926	11	
PILOT-2020002729__G__haiku4.5__rep0.json	PILOT-2020002729	G	0	0.6858	0.993	0.6907	0.7835	13	
PILOT-2020002729__G__haiku4.5__rep1.json	PILOT-2020002729	G	1	0.652	0.9161	0.6574	0.7421	13	
PILOT-2020002729__G__haiku4.5__rep2.json	PILOT-2020002729	G	2	0.6183	0.9924	0.6228	0.7301	12	
PILOT-2020002729__G__sonnet4__rep0.json	PILOT-2020002729	G	0	0.8739	0.9966	0.8765	0.9126	27	
PILOT-2020002729__G__sonnet4__rep1.json	PILOT-2020002729	G	1	0.8544	0.9966	0.857	0.8973	27	
PILOT-2020002729__G__sonnet4__rep2.json	PILOT-2020002729	G	2	0.8815	0.9966	0.8841	0.9201	27	
PILOT-2020003998__F__gpt4o-mini__rep0.json	PILOT-2020003998	F	0	None	None	None	None	0	no_aligned_claims
PILOT-2020003998__F__gpt4o-mini__rep1.json	PILOT-2020003998	F	1	None	None	None	None	0	no_aligned_claims
PILOT-2020003998__F__gpt4o-mini__rep2.json	PILOT-2020003998	F	2	None	None	None	None	0	no_aligned_claims
PILOT-2020003998__F__gpt5.4__rep0.json	PILOT-2020003998	F	0	None	None	None	None	0	no_aligned_claims
PILOT-2020003998__F__gpt5.4__rep1.json	PILOT-2020003998	F	1	None	None	None	None	0	no_aligned_claims
PILOT-2020003998__F__gpt5.4__rep2.json	PILOT-2020003998	F	2	None	None	None	None	0	no_aligned_claims
PILOT-2020003998__F__haiku4.5__rep0.json	PILOT-2020003998	F	0	0.0685	0.14	0.1214	0.1251	14	
PILOT-2020003998__F__haiku4.5__rep1.json	PILOT-2020003998	F	1	0.0583	0.1489	0.0907	0.1083	13	
PILOT-2020003998__F__haiku4.5__rep2.json	PILOT-2020003998	F	2	0.06	0.105	0.1235	0.109	15	
PILOT-2020003998__F__sonnet4__rep0.json	PILOT-2020003998	F	0	None	None	None	None	0	no_aligned_claims
PILOT-2020003998__F__sonnet4__rep1.json	PILOT-2020003998	F	1	None	None	None	None	0	no_aligned_claims
PILOT-2020003998__F__sonnet4__rep2.json	PILOT-2020003998	F	2	None	None	None	None	0	no_aligned_claims
PILOT-2020003998__G__gpt4o-mini__rep0.json	PILOT-2020003998	G	0	None	None	None	None	0	no_aligned_claims
PILOT-2020003998__G__gpt4o-mini__rep1.json	PILOT-2020003998	G	1	None	None	None	None	0	no_aligned_claims
PILOT-2020003998__G__gpt4o-mini__rep2.json	PILOT-2020003998	G	2	None	None	None	None	0	no_aligned_claims
PILOT-2020003998__G__gpt5.4__rep0.json	PILOT-2020003998	G	0	None	None	None	None	0	no_aligned_claims
PILOT-2020003998__G__gpt5.4__rep1.json	PILOT-2020003998	G	1	None	None	None	None	0	no_aligned_claims
PILOT-2020003998__G__gpt5.4__rep2.json	PILOT-2020003998	G	2	None	None	None	None	0	no_aligned_claims
PILOT-2020003998__G__haiku4.5__rep0.json	PILOT-2020003998	G	0	0.0742	0.16	0.1382	0.1373	11	
PILOT-2020003998__G__haiku4.5__rep1.json	PILOT-2020003998	G	1	0.0781	0.14	0.1571	0.1419	14	
PILOT-2020003998__G__haiku4.5__rep2.json	PILOT-2020003998	G	2	0.0797	0.14	0.1625	0.1446	14	
PILOT-2020003998__G__sonnet4__rep0.json	PILOT-2020003998	G	0	None	None	None	None	0	no_aligned_claims
PILOT-2020003998__G__sonnet4__rep1.json	PILOT-2020003998	G	1	None	None	None	None	0	no_aligned_claims
PILOT-2020003998__G__sonnet4__rep2.json	PILOT-2020003998	G	2	None	None	None	None	0	no_aligned_claims
PILOT-2020004768__F__gpt4o-mini__rep0.json	PILOT-2020004768	F	0	0.7722	0.8083	0.875	0.8376	5	
PILOT-2020004768__F__gpt4o-mini__rep1.json	PILOT-2020004768	F	1	0.7722	0.8083	0.875	0.8376	5	
PILOT-2020004768__F__gpt4o-mini__rep2.json	PILOT-2020004768	F	2	0.7333	0.8083	0.8273	0.81	5	
PILOT-2020004768__F__gpt5.4__rep0.json	PILOT-2020004768	F	0	0.7068	0.7389	0.9364	0.8128	19	
PILOT-2020004768__F__gpt5.4__rep1.json	PILOT-2020004768	F	1	0.6986	0.7323	0.9278	0.805	19	
PILOT-2020004768__F__gpt5.4__rep2.json	PILOT-2020004768	F	2	0.7068	0.7389	0.9364	0.8128	19	
PILOT-2020004768__F__haiku4.5__rep0.json	PILOT-2020004768	F	0	0.6571	1.0	0.6571	0.7931	1	
PILOT-2020004768__F__haiku4.5__rep1.json	PILOT-2020004768	F	1	0.6571	1.0	0.6571	0.7931	1	
PILOT-2020004768__F__haiku4.5__rep2.json	PILOT-2020004768	F	2	0.7543	0.7753	0.9698	0.8477	18	
PILOT-2020004768__F__sonnet4__rep0.json	PILOT-2020004768	F	0	0.6979	0.7603	0.9007	0.8045	20	
PILOT-2020004768__F__sonnet4__rep1.json	PILOT-2020004768	F	1	0.7247	0.7749	0.9232	0.8227	20	
PILOT-2020004768__F__sonnet4__rep2.json	PILOT-2020004768	F	2	0.6929	0.7541	0.8989	0.8003	20	
PILOT-2020004768__G__gpt4o-mini__rep0.json	PILOT-2020004768	G	0	0.8077	0.875	0.9167	0.8826	5	
PILOT-2020004768__G__gpt4o-mini__rep1.json	PILOT-2020004768	G	1	0.634	0.775	0.7143	0.7422	5	
PILOT-2020004768__G__gpt4o-mini__rep2.json	PILOT-2020004768	G	2	0.7067	0.85	0.7857	0.8128	5	
PILOT-2020004768__G__gpt5.4__rep0.json	PILOT-2020004768	G	0	0.6645	0.6972	0.8762	0.7636	19	
PILOT-2020004768__G__gpt5.4__rep1.json	PILOT-2020004768	G	1	0.6821	0.7433	0.8886	0.7924	19	
PILOT-2020004768__G__gpt5.4__rep2.json	PILOT-2020004768	G	2	0.6599	0.7323	0.8699	0.7704	19	
PILOT-2020004768__G__haiku4.5__rep0.json	PILOT-2020004768	G	0	0.7025	0.7354	0.9	0.7985	4	
PILOT-2020004768__G__haiku4.5__rep1.json	PILOT-2020004768	G	1	0.6921	0.7354	0.8896	0.7932	4	
PILOT-2020004768__G__haiku4.5__rep2.json	PILOT-2020004768	G	2	0.5794	0.7217	0.7382	0.6708	5	
PILOT-2020004768__G__sonnet4__rep0.json	PILOT-2020004768	G	0	0.7334	0.7543	0.9597	0.8336	19	
PILOT-2020004768__G__sonnet4__rep1.json	PILOT-2020004768	G	1	0.6797	0.7477	0.8899	0.7926	19	
PILOT-2020004768__G__sonnet4__rep2.json	PILOT-2020004768	G	2	0.7334	0.7543	0.9597	0.8336	19	
PILOT-2020006264__F__gpt4o-mini__rep0.json	PILOT-2020006264	F	0	0.9375	0.9714	0.9645	0.9676	2	
PILOT-2020006264__F__gpt4o-mini__rep1.json	PILOT-2020006264	F	1	0.9375	0.9714	0.9645	0.9676	2	
PILOT-2020006264__F__gpt4o-mini__rep2.json	PILOT-2020006264	F	2	0.9375	0.9714	0.9645	0.9676	2	
PILOT-2020006264__F__gpt5.4__rep0.json	PILOT-2020006264	F	0	0.7164	0.8409	0.8345	0.8218	17	
PILOT-2020006264__F__gpt5.4__rep1.json	PILOT-2020006264	F	1	0.8193	0.8479	0.9697	0.8998	20	
PILOT-2020006264__F__gpt5.4__rep2.json	PILOT-2020006264	F	2	0.8225	0.8479	0.973	0.9018	20	
PILOT-2020006264__F__haiku4.5__rep0.json	PILOT-2020006264	F	0	0.6165	0.8479	0.701	0.7447	20	
PILOT-2020006264__F__haiku4.5__rep1.json	PILOT-2020006264	F	1	0.5066	0.8479	0.5721	0.6569	20	
PILOT-2020006264__F__haiku4.5__rep2.json	PILOT-2020006264	F	2	0.387	0.8479	0.4137	0.5503	20	
PILOT-2020006264__F__sonnet4__rep0.json	PILOT-2020006264	F	0	None				0	no_gen
PILOT-2020006264__F__sonnet4__rep1.json	PILOT-2020006264	F	1	0.8331	0.8479	0.9845	0.908	20	
PILOT-2020006264__F__sonnet4__rep2.json	PILOT-2020006264	F	2	0.8331	0.8479	0.9845	0.908	20	
PILOT-2020006264__G__gpt4o-mini__rep0.json	PILOT-2020006264	G	0	0.906	0.9714	0.9315	0.9506	2	
PILOT-2020006264__G__gpt4o-mini__rep1.json	PILOT-2020006264	G	1	0.9375	0.9714	0.9645	0.9676	2	
PILOT-2020006264__G__gpt4o-mini__rep2.json	PILOT-2020006264	G	2	0.9375	0.9714	0.9645	0.9676	2	
PILOT-2020006264__G__gpt5.4__rep0.json	PILOT-2020006264	G	0	0.8254	0.8543	0.9692	0.9039	16	
PILOT-2020006264__G__gpt5.4__rep1.json	PILOT-2020006264	G	1	0.8037	0.8486	0.9506	0.8905	16	
PILOT-2020006264__G__gpt5.4__rep2.json	PILOT-2020006264	G	2	0.8282	0.8479	0.9791	0.9053	20	
PILOT-2020006264__G__haiku4.5__rep0.json	PILOT-2020006264	G	0	0.751	0.8479	0.886	0.8478	20	
PILOT-2020006264__G__haiku4.5__rep1.json	PILOT-2020006264	G	1	0.634	0.8479	0.7213	0.7616	20	
PILOT-2020006264__G__haiku4.5__rep2.json	PILOT-2020006264	G	2	0.5597	0.8479	0.6302	0.7023	20	
PILOT-2020006264__G__sonnet4__rep0.json	PILOT-2020006264	G	0	0.8356	0.8479	0.9872	0.9096	20	
PILOT-2020006264__G__sonnet4__rep1.json	PILOT-2020006264	G	1	0.8356	0.8479	0.9872	0.9096	20	
PILOT-2020006264__G__sonnet4__rep2.json	PILOT-2020006264	G	2	0.8445	0.8479	0.9964	0.9145	20	
PILOT-2020006435__F__gpt4o-mini__rep0.json	PILOT-2020006435	F	0	0.8304	0.9025	0.8972	0.8968	8	
PILOT-2020006435__F__gpt4o-mini__rep1.json	PILOT-2020006435	F	1	0.8488	0.8885	0.9603	0.9145	5	
PILOT-2020006435__F__gpt4o-mini__rep2.json	PILOT-2020006435	F	2	0.8114	0.9045	0.8767	0.8841	7	
PILOT-2020006435__F__gpt5.4__rep0.json	PILOT-2020006435	F	0	0.8689	0.8985	0.962	0.9164	29	
PILOT-2020006435__F__gpt5.4__rep1.json	PILOT-2020006435	F	1	0.8561	0.8985	0.9493	0.9086	29	
PILOT-2020006435__F__gpt5.4__rep2.json	PILOT-2020006435	F	2	0.8534	0.8985	0.9465	0.9067	29	
PILOT-2020006435__F__haiku4.5__rep0.json	PILOT-2020006435	F	0	0.7567	0.8965	0.8437	0.83	29	
PILOT-2020006435__F__haiku4.5__rep1.json	PILOT-2020006435	F	1	0.7524	0.8965	0.8369	0.8283	29	
PILOT-2020006435__F__haiku4.5__rep2.json	PILOT-2020006435	F	2	0.7342	0.8985	0.8153	0.8157	29	
PILOT-2020006435__F__sonnet4__rep0.json	PILOT-2020006435	F	0	0.857	0.8985	0.9501	0.9092	29	
PILOT-2020006435__F__sonnet4__rep1.json	PILOT-2020006435	F	1	0.857	0.8985	0.9501	0.9092	29	
PILOT-2020006435__F__sonnet4__rep2.json	PILOT-2020006435	F	2	0.857	0.8985	0.9501	0.9092	29	
PILOT-2020006435__G__gpt4o-mini__rep0.json	PILOT-2020006435	G	0	0.8683	0.8909	0.9651	0.9152	29	
PILOT-2020006435__G__gpt4o-mini__rep1.json	PILOT-2020006435	G	1	0.6739	0.8886	0.7512	0.7671	7	
PILOT-2020006435__G__gpt4o-mini__rep2.json	PILOT-2020006435	G	2	0.8106	0.8678	0.9354	0.8834	8	
PILOT-2020006435__G__gpt5.4__rep0.json	PILOT-2020006435	G	0	0.8517	0.8985	0.9449	0.9054	29	
PILOT-2020006435__G__gpt5.4__rep1.json	PILOT-2020006435	G	1	0.8187	0.8985	0.9118	0.8841	29	
PILOT-2020006435__G__gpt5.4__rep2.json	PILOT-2020006435	G	2	0.8107	0.8985	0.9003	0.8722	29	
PILOT-2020006435__G__haiku4.5__rep0.json	PILOT-2020006435	G	0	0.8003	0.8985	0.8934	0.8578	29	
PILOT-2020006435__G__haiku4.5__rep1.json	PILOT-2020006435	G	1	0.7785	0.8985	0.8652	0.8458	29	
PILOT-2020006435__G__haiku4.5__rep2.json	PILOT-2020006435	G	2	0.7605	0.8985	0.8468	0.8358	29	
PILOT-2020006435__G__sonnet4__rep0.json	PILOT-2020006435	G	0	0.8865	0.8985	0.9797	0.9272	29	
PILOT-2020006435__G__sonnet4__rep1.json	PILOT-2020006435	G	1	0.8811	0.8985	0.9742	0.9243	29	
PILOT-2020006435__G__sonnet4__rep2.json	PILOT-2020006435	G	2	0.8811	0.8985	0.9742	0.9243	29	
PILOT-2021000834__F__gpt4o-mini__rep0.json	PILOT-2021000834	F	0	0.8024	0.9815	0.8079	0.8796	6	
PILOT-2021000834__F__gpt4o-mini__rep1.json	PILOT-2021000834	F	1	0.6385	1.0	0.6385	0.7759	5	
PILOT-2021000834__F__gpt4o-mini__rep2.json	PILOT-2021000834	F	2	None				0	no_gen
PILOT-2021000834__F__gpt5.4__rep0.json	PILOT-2021000834	F	0	0.8902	0.9378	0.9408	0.9379	20	
PILOT-2021000834__F__gpt5.4__rep1.json	PILOT-2021000834	F	1	0.9645	0.9832	0.9778	0.9803	20	
PILOT-2021000834__F__gpt5.4__rep2.json	PILOT-2021000834	F	2	0.88	0.9425	0.927	0.9317	7	
PILOT-2021000834__F__haiku4.5__rep0.json	PILOT-2021000834	F	0	0.8819	0.9378	0.9337	0.933	20	
PILOT-2021000834__F__haiku4.5__rep1.json	PILOT-2021000834	F	1	0.9143	0.9873	0.9241	0.9503	20	
PILOT-2021000834__F__haiku4.5__rep2.json	PILOT-2021000834	F	2	0.9006	0.9378	0.9524	0.9445	20	
PILOT-2021000834__F__sonnet4__rep0.json	PILOT-2021000834	F	0	0.8798	0.9424	0.9278	0.9329	20	
PILOT-2021000834__F__sonnet4__rep1.json	PILOT-2021000834	F	1	0.909	0.9424	0.957	0.9491	20	
PILOT-2021000834__F__sonnet4__rep2.json	PILOT-2021000834	F	2	0.8881	0.9424	0.9361	0.9374	20	
PILOT-2021000834__G__gpt4o-mini__rep0.json	PILOT-2021000834	G	0	0.6456	0.9815	0.6557	0.7789	6	
PILOT-2021000834__G__gpt4o-mini__rep1.json	PILOT-2021000834	G	1	0.5691	0.9815	0.5735	0.7181	6	
PILOT-2021000834__G__gpt4o-mini__rep2.json	PILOT-2021000834	G	2	0.7581	0.9815	0.7682	0.8559	6	
PILOT-2021000834__G__gpt5.4__rep0.json	PILOT-2021000834	G	0	0.9219	0.956	0.9589	0.956	20	
PILOT-2021000834__G__gpt5.4__rep1.json	PILOT-2021000834	G	1	0.8852	0.9505	0.924	0.9348	20	
PILOT-2021000834__G__gpt5.4__rep2.json	PILOT-2021000834	G	2	0.9792	0.9945	0.9828	0.9878	20	
PILOT-2021000834__G__haiku4.5__rep0.json	PILOT-2021000834	G	0	0.9003	0.9873	0.9101	0.9425	20	
PILOT-2021000834__G__haiku4.5__rep1.json	PILOT-2021000834	G	1	0.8048	0.9873	0.8086	0.8782	20	
PILOT-2021000834__G__haiku4.5__rep2.json	PILOT-2021000834	G	2	0.8489	0.9873	0.8587	0.913	20	
PILOT-2021000834__G__sonnet4__rep0.json	PILOT-2021000834	G	0	0.9713	0.9945	0.9743	0.9831	20	
PILOT-2021000834__G__sonnet4__rep1.json	PILOT-2021000834	G	1	0.8973	0.946	0.9403	0.9413	20	
PILOT-2021000834__G__sonnet4__rep2.json	PILOT-2021000834	G	2	0.8973	0.946	0.9403	0.9413	20	
PILOT-2021001124__F__gpt4o-mini__rep0.json	PILOT-2021001124	F	0	None				0	no_gen
PILOT-2021001124__F__gpt4o-mini__rep1.json	PILOT-2021001124	F	1	None				0	no_gen
PILOT-2021001124__F__gpt4o-mini__rep2.json	PILOT-2021001124	F	2	None				0	no_gen
PILOT-2021001124__F__gpt5.4__rep0.json	PILOT-2021001124	F	0	0.9291	1.0	0.9291	0.9601	15	
PILOT-2021001124__F__gpt5.4__rep1.json	PILOT-2021001124	F	1	0.8693	0.9778	0.8812	0.9248	15	
PILOT-2021001124__F__gpt5.4__rep2.json	PILOT-2021001124	F	2	0.8908	0.9778	0.9027	0.9356	15	
PILOT-2021001124__F__haiku4.5__rep0.json	PILOT-2021001124	F	0	0.5794	1.0	0.5794	0.7272	11	
PILOT-2021001124__F__haiku4.5__rep1.json	PILOT-2021001124	F	1	0.5066	1.0	0.5066	0.6645	11	
PILOT-2021001124__F__haiku4.5__rep2.json	PILOT-2021001124	F	2	0.6219	1.0	0.6219	0.7512	11	
PILOT-2021001124__F__sonnet4__rep0.json	PILOT-2021001124	F	0	0.7729	1.0	0.7729	0.8536	15	
PILOT-2021001124__F__sonnet4__rep1.json	PILOT-2021001124	F	1	0.7366	0.9686	0.7469	0.8131	15	
PILOT-2021001124__F__sonnet4__rep2.json	PILOT-2021001124	F	2	0.7373	0.9616	0.7525	0.825	15	
PILOT-2021001124__G__gpt4o-mini__rep0.json	PILOT-2021001124	G	0	None				0	no_gen
PILOT-2021001124__G__gpt4o-mini__rep1.json	PILOT-2021001124	G	1	None				0	no_gen
PILOT-2021001124__G__gpt4o-mini__rep2.json	PILOT-2021001124	G	2	0.8873	0.9968	0.89	0.9387	9	
PILOT-2021001124__G__gpt5.4__rep0.json	PILOT-2021001124	G	0	0.9058	1.0	0.9058	0.9474	15	
PILOT-2021001124__G__gpt5.4__rep1.json	PILOT-2021001124	G	1	0.92	1.0	0.92	0.9554	15	
PILOT-2021001124__G__gpt5.4__rep2.json	PILOT-2021001124	G	2	0.8623	1.0	0.8623	0.9227	15	
PILOT-2021001124__G__haiku4.5__rep0.json	PILOT-2021001124	G	0	0.8191	1.0	0.8191	0.8929	15	
PILOT-2021001124__G__haiku4.5__rep1.json	PILOT-2021001124	G	1	0.7956	1.0	0.7956	0.8769	15	
PILOT-2021001124__G__haiku4.5__rep2.json	PILOT-2021001124	G	2	0.6033	1.0	0.6033	0.7502	11	
PILOT-2021001124__G__sonnet4__rep0.json	PILOT-2021001124	G	0	0.7836	1.0	0.7836	0.861	15	
PILOT-2021001124__G__sonnet4__rep1.json	PILOT-2021001124	G	1	0.7075	1.0	0.7075	0.812	11	
PILOT-2021001124__G__sonnet4__rep2.json	PILOT-2021001124	G	2	0.7836	1.0	0.7836	0.861	15	
PILOT-2021002328__F__gpt4o-mini__rep0.json	PILOT-2021002328	F	0	0.7986	0.9352	0.8476	0.8816	10	
PILOT-2021002328__F__gpt4o-mini__rep1.json	PILOT-2021002328	F	1	None				0	no_gen
PILOT-2021002328__F__gpt4o-mini__rep2.json	PILOT-2021002328	F	2	0.8057	0.9074	0.8753	0.8835	7	
PILOT-2021002328__F__gpt5.4__rep0.json	PILOT-2021002328	F	0	0.9244	0.9475	0.9758	0.956	14	
PILOT-2021002328__F__gpt5.4__rep1.json	PILOT-2021002328	F	1	0.8704	0.9452	0.9236	0.9172	14	
PILOT-2021002328__F__gpt5.4__rep2.json	PILOT-2021002328	F	2	0.9151	0.9537	0.9614	0.9503	14	
PILOT-2021002328__F__haiku4.5__rep0.json	PILOT-2021002328	F	0	0.1192	0.2374	0.1745	0.1901	9	
PILOT-2021002328__F__haiku4.5__rep1.json	PILOT-2021002328	F	1	0.0768	0.1566	0.1319	0.1321	12	
PILOT-2021002328__F__haiku4.5__rep2.json	PILOT-2021002328	F	2	0.0708	0.1351	0.1335	0.1215	12	
PILOT-2021002328__F__sonnet4__rep0.json	PILOT-2021002328	F	0	0.6974	0.9501	0.7433	0.8124	13	
PILOT-2021002328__F__sonnet4__rep1.json	PILOT-2021002328	F	1	0.8852	0.9468	0.9368	0.9307	14	
PILOT-2021002328__F__sonnet4__rep2.json	PILOT-2021002328	F	2	0.8494	0.9427	0.905	0.9013	13	
PILOT-2021002328__G__gpt4o-mini__rep0.json	PILOT-2021002328	G	0	None				0	no_gen
PILOT-2021002328__G__gpt4o-mini__rep1.json	PILOT-2021002328	G	1	None				0	no_gen
PILOT-2021002328__G__gpt4o-mini__rep2.json	PILOT-2021002328	G	2	None				0	no_gen
PILOT-2021002328__G__gpt5.4__rep0.json	PILOT-2021002328	G	0	0.8974	0.9257	0.9588	0.9368	14	
PILOT-2021002328__G__gpt5.4__rep1.json	PILOT-2021002328	G	1	0.9041	0.9514	0.9523	0.9435	14	
PILOT-2021002328__G__gpt5.4__rep2.json	PILOT-2021002328	G	2	0.9046	0.944	0.9587	0.9437	14	
PILOT-2021002328__G__haiku4.5__rep0.json	PILOT-2021002328	G	0	0.9133	0.9363	0.9737	0.9483	40	
PILOT-2021002328__G__haiku4.5__rep1.json	PILOT-2021002328	G	1	0.864	0.9446	0.9138	0.9186	24	
PILOT-2021002328__G__haiku4.5__rep2.json	PILOT-2021002328	G	2	0.1234	0.1992	0.1595	0.1731	11	
PILOT-2021002328__G__sonnet4__rep0.json	PILOT-2021002328	G	0	0.9085	0.9501	0.9544	0.9461	13	
PILOT-2021002328__G__sonnet4__rep1.json	PILOT-2021002328	G	1	0.863	0.9495	0.9128	0.911	14	
PILOT-2021002328__G__sonnet4__rep2.json	PILOT-2021002328	G	2	0.853	0.9537	0.888	0.9105	14	
PILOT-2021003980__F__gpt4o-mini__rep0.json	PILOT-2021003980	F	0	0.836	0.9319	0.884	0.9068	4	
PILOT-2021003980__F__gpt4o-mini__rep1.json	PILOT-2021003980	F	1	0.8672	0.9896	0.8738	0.9257	6	
PILOT-2021003980__F__gpt4o-mini__rep2.json	PILOT-2021003980	F	2	0.9627	0.9834	0.975	0.9787	14	
PILOT-2021003980__F__gpt5.4__rep0.json	PILOT-2021003980	F	0	0.9576	1.0	0.9576	0.9749	20	
PILOT-2021003980__F__gpt5.4__rep1.json	PILOT-2021003980	F	1	0.9276	1.0	0.9276	0.9549	20	
PILOT-2021003980__F__gpt5.4__rep2.json	PILOT-2021003980	F	2	0.9276	1.0	0.9276	0.9549	20	
PILOT-2021003980__F__haiku4.5__rep0.json	PILOT-2021003980	F	0	0.7804	0.9961	0.783	0.8699	7	
PILOT-2021003980__F__haiku4.5__rep1.json	PILOT-2021003980	F	1	0.6149	0.9984	0.6158	0.7469	17	
PILOT-2021003980__F__haiku4.5__rep2.json	PILOT-2021003980	F	2	0.5767	0.9932	0.5794	0.7308	4	
PILOT-2021003980__F__sonnet4__rep0.json	PILOT-2021003980	F	0	0.9624	1.0	0.9624	0.9782	20	
PILOT-2021003980__F__sonnet4__rep1.json	PILOT-2021003980	F	1	0.9614	0.9986	0.9622	0.9776	20	
PILOT-2021003980__F__sonnet4__rep2.json	PILOT-2021003980	F	2	None				0	no_gen
PILOT-2021003980__G__gpt4o-mini__rep0.json	PILOT-2021003980	G	0	0.8524	0.9955	0.8567	0.9147	6	
PILOT-2021003980__G__gpt4o-mini__rep1.json	PILOT-2021003980	G	1	0.8177	1.0	0.8177	0.8936	3	
PILOT-2021003980__G__gpt4o-mini__rep2.json	PILOT-2021003980	G	2	0.6861	0.9895	0.6921	0.8029	5	
PILOT-2021003980__G__gpt5.4__rep0.json	PILOT-2021003980	G	0	0.9219	1.0	0.9219	0.9518	19	
PILOT-2021003980__G__gpt5.4__rep1.json	PILOT-2021003980	G	1	0.9023	1.0	0.9023	0.9395	20	
PILOT-2021003980__G__gpt5.4__rep2.json	PILOT-2021003980	G	2	0.9546	1.0	0.9546	0.9733	20	
PILOT-2021003980__G__haiku4.5__rep0.json	PILOT-2021003980	G	0	0.7661	0.9986	0.7671	0.8471	20	
PILOT-2021003980__G__haiku4.5__rep1.json	PILOT-2021003980	G	1	0.8781	0.9986	0.8788	0.9232	20	
PILOT-2021003980__G__haiku4.5__rep2.json	PILOT-2021003980	G	2	0.7236	0.9986	0.7246	0.8232	20	
PILOT-2021003980__G__sonnet4__rep0.json	PILOT-2021003980	G	0	0.9572	1.0	0.9572	0.9744	20	
PILOT-2021003980__G__sonnet4__rep1.json	PILOT-2021003980	G	1	0.9606	1.0	0.9606	0.9769	20	
PILOT-2021003980__G__sonnet4__rep2.json	PILOT-2021003980	G	2	0.9606	1.0	0.9606	0.9769	20	
PILOT-2022000316__F__gpt4o-mini__rep0.json	PILOT-2022000316	F	0	0.5625	0.6429	0.8182	0.72	1	
PILOT-2022000316__F__gpt4o-mini__rep1.json	PILOT-2022000316	F	1	0.7229	0.8434	0.8309	0.8332	4	
PILOT-2022000316__F__gpt4o-mini__rep2.json	PILOT-2022000316	F	2	0.4521	0.7155	0.5245	0.5948	4	
PILOT-2022000316__F__gpt5.4__rep0.json	PILOT-2022000316	F	0	0.9254	0.9608	0.9436	0.949	25	
PILOT-2022000316__F__gpt5.4__rep1.json	PILOT-2022000316	F	1	0.8897	0.9373	0.9269	0.9281	25	
PILOT-2022000316__F__gpt5.4__rep2.json	PILOT-2022000316	F	2	0.9235	0.949	0.9558	0.9513	25	
PILOT-2022000316__F__haiku4.5__rep0.json	PILOT-2022000316	F	0	0.9466	0.9775	0.9542	0.9616	22	
PILOT-2022000316__F__haiku4.5__rep1.json	PILOT-2022000316	F	1	0.9049	0.949	0.9268	0.9341	25	
PILOT-2022000316__F__haiku4.5__rep2.json	PILOT-2022000316	F	2	0.8977	0.949	0.9159	0.9282	25	
PILOT-2022000316__F__sonnet4__rep0.json	PILOT-2022000316	F	0	0.9216	0.949	0.9529	0.9488	25	
PILOT-2022000316__F__sonnet4__rep1.json	PILOT-2022000316	F	1	0.9025	0.949	0.9206	0.9305	25	
PILOT-2022000316__F__sonnet4__rep2.json	PILOT-2022000316	F	2	0.8786	0.9656	0.8877	0.9148	25	
PILOT-2022000316__G__gpt4o-mini__rep0.json	PILOT-2022000316	G	0	0.5595	0.7556	0.6722	0.7079	3	
PILOT-2022000316__G__gpt4o-mini__rep1.json	PILOT-2022000316	G	1	0.6937	0.8778	0.7778	0.8189	3	
PILOT-2022000316__G__gpt4o-mini__rep2.json	PILOT-2022000316	G	2	0.503	0.6738	0.6509	0.6438	4	
PILOT-2022000316__G__gpt5.4__rep0.json	PILOT-2022000316	G	0	0.9019	0.9461	0.9203	0.9297	25	
PILOT-2022000316__G__gpt5.4__rep1.json	PILOT-2022000316	G	1	0.8693	0.8936	0.8795	0.8837	25	
PILOT-2022000316__G__gpt5.4__rep2.json	PILOT-2022000316	G	2	0.9292	0.9627	0.9461	0.9513	25	
PILOT-2022000316__G__haiku4.5__rep0.json	PILOT-2022000316	G	0	0.9449	0.9775	0.9526	0.9607	22	
PILOT-2022000316__G__haiku4.5__rep1.json	PILOT-2022000316	G	1	0.9031	0.949	0.9248	0.9327	25	
PILOT-2022000316__G__haiku4.5__rep2.json	PILOT-2022000316	G	2	0.9031	0.949	0.9248	0.9327	25	
PILOT-2022000316__G__sonnet4__rep0.json	PILOT-2022000316	G	0	0.9107	0.949	0.9325	0.9373	25	
PILOT-2022000316__G__sonnet4__rep1.json	PILOT-2022000316	G	1	0.9126	0.9656	0.925	0.9402	25	
PILOT-2022000316__G__sonnet4__rep2.json	PILOT-2022000316	G	2	0.9107	0.949	0.9325	0.9373	25	
PILOT-2022001087__F__gpt4o-mini__rep0.json	PILOT-2022001087	F	0	0.975	0.9941	0.9805	0.987	12	
PILOT-2022001087__F__gpt4o-mini__rep1.json	PILOT-2022001087	F	1	0.9673	0.993	0.9741	0.9828	10	
PILOT-2022001087__F__gpt4o-mini__rep2.json	PILOT-2022001087	F	2	0.9903	0.9903	1.0	0.995	21	
PILOT-2022001087__F__gpt5.4__rep0.json	PILOT-2022001087	F	0	0.9624	0.9701	0.9888	0.9788	24	
PILOT-2022001087__F__gpt5.4__rep1.json	PILOT-2022001087	F	1	0.9839	0.9866	0.9971	0.9916	24	
PILOT-2022001087__F__gpt5.4__rep2.json	PILOT-2022001087	F	2	0.9839	0.9866	0.9971	0.9916	24	
PILOT-2022001087__F__haiku4.5__rep0.json	PILOT-2022001087	F	0	0.673	0.6745	0.9984	0.7655	22	
PILOT-2022001087__F__haiku4.5__rep1.json	PILOT-2022001087	F	1	0.8518	0.8955	0.9363	0.9139	24	
PILOT-2022001087__F__haiku4.5__rep2.json	PILOT-2022001087	F	2	0.6899	0.7016	0.9876	0.7793	24	
PILOT-2022001087__F__sonnet4__rep0.json	PILOT-2022001087	F	0	0.9599	0.9866	0.9726	0.9782	24	
PILOT-2022001087__F__sonnet4__rep1.json	PILOT-2022001087	F	1	0.6205	0.6443	0.9648	0.7338	24	
PILOT-2022001087__F__sonnet4__rep2.json	PILOT-2022001087	F	2	0.7445	0.9866	0.7527	0.8459	24	
PILOT-2022001087__G__gpt4o-mini__rep0.json	PILOT-2022001087	G	0	0.9535	0.9655	0.9836	0.9743	12	
PILOT-2022001087__G__gpt4o-mini__rep1.json	PILOT-2022001087	G	1	0.8965	0.9372	0.9474	0.9422	24	
PILOT-2022001087__G__gpt4o-mini__rep2.json	PILOT-2022001087	G	2	0.9672	0.9814	0.9804	0.9804	15	
PILOT-2022001087__G__gpt5.4__rep0.json	PILOT-2022001087	G	0	0.9089	0.9333	0.9581	0.9446	24	
PILOT-2022001087__G__gpt5.4__rep1.json	PILOT-2022001087	G	1	0.9778	0.9866	0.9911	0.9884	24	
PILOT-2022001087__G__gpt5.4__rep2.json	PILOT-2022001087	G	2	0.7546	0.786	0.9536	0.8413	24	
PILOT-2022001087__G__haiku4.5__rep0.json	PILOT-2022001087	G	0	0.8305	0.8841	0.9186	0.9002	24	
PILOT-2022001087__G__haiku4.5__rep1.json	PILOT-2022001087	G	1	0.8603	0.8951	0.9457	0.9188	22	
PILOT-2022001087__G__haiku4.5__rep2.json	PILOT-2022001087	G	2	0.8253	0.8927	0.8982	0.8952	24	
PILOT-2022001087__G__sonnet4__rep0.json	PILOT-2022001087	G	0	0.9853	0.9866	0.9986	0.9923	24	
PILOT-2022001087__G__sonnet4__rep1.json	PILOT-2022001087	G	1	0.8071	0.9854	0.8216	0.8808	22	
PILOT-2022001087__G__sonnet4__rep2.json	PILOT-2022001087	G	2	0.9549	0.976	0.9773	0.9755	24	
