file	case	cond	rep	c1	c1_recall	c1_prec	c1_f1	n_claims	skipped_no_gen	skipped_no_rejected	reason
PILOT-2009010505__F__gpt4o-mini__rep0.json	PILOT-2009010505	F	0	0.0	0.0	0.0	0.0	3	19	0	
PILOT-2009010505__F__gpt4o-mini__rep1.json	PILOT-2009010505	F	1	0.0403	0.0698	0.0695	0.069	7	15	0	
PILOT-2009010505__F__gpt4o-mini__rep2.json	PILOT-2009010505	F	2	0.0202	0.0247	0.0833	0.0381	3	19	0	
PILOT-2009010505__F__gpt5.4__rep0.json	PILOT-2009010505	F	0	0.0059	0.0102	0.0132	0.011	22	0	0	
PILOT-2009010505__F__gpt5.4__rep1.json	PILOT-2009010505	F	1	0.004	0.0066	0.0104	0.0077	22	0	0	
PILOT-2009010505__F__gpt5.4__rep2.json	PILOT-2009010505	F	2	0.0032	0.0053	0.0081	0.0061	22	0	0	
PILOT-2009010505__F__haiku4.5__rep0.json	PILOT-2009010505	F	0	0.0038	0.0066	0.0102	0.0073	22	0	0	
PILOT-2009010505__F__haiku4.5__rep1.json	PILOT-2009010505	F	1	0.0036	0.0066	0.0078	0.0068	22	0	0	
PILOT-2009010505__F__haiku4.5__rep2.json	PILOT-2009010505	F	2	0.0036	0.0056	0.0097	0.0069	12	10	0	
PILOT-2009010505__F__sonnet4__rep0.json	PILOT-2009010505	F	0	0.0	0.0	0.0	0.0	22	0	0	
PILOT-2009010505__F__sonnet4__rep1.json	PILOT-2009010505	F	1	0.0	0.0	0.0	0.0	22	0	0	
PILOT-2009010505__F__sonnet4__rep2.json	PILOT-2009010505	F	2	0.0	0.0	0.0	0.0	22	0	0	
PILOT-2009010505__G__gpt4o-mini__rep0.json	PILOT-2009010505	G	0	0.0649	0.5	0.0649	0.1149	2	20	0	
PILOT-2009010505__G__gpt4o-mini__rep1.json	PILOT-2009010505	G	1	0.0	0.0	0.0	0.0	3	19	0	
PILOT-2009010505__G__gpt4o-mini__rep2.json	PILOT-2009010505	G	2	0.0	0.0	0.0	0.0	3	19	0	
PILOT-2009010505__G__gpt5.4__rep0.json	PILOT-2009010505	G	0	0.0032	0.0053	0.0081	0.0061	22	0	0	
PILOT-2009010505__G__gpt5.4__rep1.json	PILOT-2009010505	G	1	0.0016	0.0031	0.0033	0.0031	22	0	0	
PILOT-2009010505__G__gpt5.4__rep2.json	PILOT-2009010505	G	2	0.0032	0.0053	0.0081	0.0061	22	0	0	
PILOT-2009010505__G__haiku4.5__rep0.json	PILOT-2009010505	G	0	0.0018	0.0031	0.0044	0.0035	22	0	0	
PILOT-2009010505__G__haiku4.5__rep1.json	PILOT-2009010505	G	1	0.011	0.0227	0.0206	0.021	22	0	0	
PILOT-2009010505__G__haiku4.5__rep2.json	PILOT-2009010505	G	2	0.012	0.0227	0.0236	0.0228	22	0	0	
PILOT-2009010505__G__sonnet4__rep0.json	PILOT-2009010505	G	0	0.0	0.0	0.0	0.0	22	0	0	
PILOT-2009010505__G__sonnet4__rep1.json	PILOT-2009010505	G	1	0.0	0.0	0.0	0.0	22	0	0	
PILOT-2009010505__G__sonnet4__rep2.json	PILOT-2009010505	G	2	0.0	0.0	0.0	0.0	22	0	0	
PILOT-2010007757__F__gpt4o-mini__rep0.json	PILOT-2010007757	F	0	0.0667	0.0952	0.1333	0.1111	3	0	0	
PILOT-2010007757__F__gpt4o-mini__rep1.json	PILOT-2010007757	F	1	0.0779	0.1619	0.1217	0.1389	3	0	0	
PILOT-2010007757__F__gpt4o-mini__rep2.json	PILOT-2010007757	F	2	0.0317	0.0952	0.0417	0.058	3	0	0	
PILOT-2010007757__F__gpt5.4__rep0.json	PILOT-2010007757	F	0	0.0238	0.0952	0.029	0.0444	3	0	0	
PILOT-2010007757__F__gpt5.4__rep1.json	PILOT-2010007757	F	1	0.0741	0.1905	0.0889	0.1212	3	0	0	
PILOT-2010007757__F__gpt5.4__rep2.json	PILOT-2010007757	F	2	0.0741	0.1905	0.0889	0.1212	3	0	0	
PILOT-2010007757__F__haiku4.5__rep0.json	PILOT-2010007757	F	0	0.0444	0.0952	0.0667	0.0784	3	0	0	
PILOT-2010007757__F__haiku4.5__rep1.json	PILOT-2010007757	F	1	0.0444	0.0952	0.0667	0.0784	3	0	0	
PILOT-2010007757__F__haiku4.5__rep2.json	PILOT-2010007757	F	2	0.0444	0.0952	0.0667	0.0784	3	0	0	
PILOT-2010007757__F__sonnet4__rep0.json	PILOT-2010007757	F	0	0.0513	0.0952	0.0833	0.0889	3	0	0	
PILOT-2010007757__F__sonnet4__rep1.json	PILOT-2010007757	F	1	0.0513	0.0952	0.0833	0.0889	3	0	0	
PILOT-2010007757__F__sonnet4__rep2.json	PILOT-2010007757	F	2	0.0513	0.0952	0.0833	0.0889	3	0	0	
PILOT-2010007757__G__gpt4o-mini__rep0.json	PILOT-2010007757	G	0	0.0476	0.0952	0.0741	0.0833	3	0	0	
PILOT-2010007757__G__gpt4o-mini__rep1.json	PILOT-2010007757	G	1	0.0606	0.1619	0.0868	0.1111	3	0	0	
PILOT-2010007757__G__gpt4o-mini__rep2.json	PILOT-2010007757	G	2	0.097	0.1619	0.181	0.1667	3	0	0	
PILOT-2010007757__G__gpt5.4__rep0.json	PILOT-2010007757	G	0	0.0513	0.0952	0.0833	0.0889	3	0	0	
PILOT-2010007757__G__gpt5.4__rep1.json	PILOT-2010007757	G	1	0.0741	0.1905	0.0889	0.1212	3	0	0	
PILOT-2010007757__G__gpt5.4__rep2.json	PILOT-2010007757	G	2	0.0513	0.0952	0.0833	0.0889	3	0	0	
PILOT-2010007757__G__haiku4.5__rep0.json	PILOT-2010007757	G	0	0.019	0.0952	0.0222	0.036	3	0	0	
PILOT-2010007757__G__haiku4.5__rep1.json	PILOT-2010007757	G	1	0.023	0.0952	0.0278	0.043	3	0	0	
PILOT-2010007757__G__haiku4.5__rep2.json	PILOT-2010007757	G	2	0.023	0.0952	0.0278	0.043	3	0	0	
PILOT-2010007757__G__sonnet4__rep0.json	PILOT-2010007757	G	0	0.0513	0.0952	0.0833	0.0889	3	0	0	
PILOT-2010007757__G__sonnet4__rep1.json	PILOT-2010007757	G	1	0.0444	0.0952	0.0667	0.0784	3	0	0	
PILOT-2010007757__G__sonnet4__rep2.json	PILOT-2010007757	G	2	0.0444	0.0952	0.0667	0.0784	3	0	0	
PILOT-2010008015__F__gpt4o-mini__rep0.json	PILOT-2010008015	F	0	0.0	0.0	0.0	0.0	1	0	0	
PILOT-2010008015__F__gpt4o-mini__rep1.json	PILOT-2010008015	F	1	None	None	None	None	0	1	0	no_aligned_claims
PILOT-2010008015__F__gpt4o-mini__rep2.json	PILOT-2010008015	F	2	None	None	None	None	0	1	0	no_aligned_claims
PILOT-2010008015__F__gpt5.4__rep0.json	PILOT-2010008015	F	0	0.0909	0.1212	0.2667	0.1667	1	0	0	
PILOT-2010008015__F__gpt5.4__rep1.json	PILOT-2010008015	F	1	0.0909	0.1212	0.2667	0.1667	1	0	0	
PILOT-2010008015__F__gpt5.4__rep2.json	PILOT-2010008015	F	2	0.0909	0.1212	0.2667	0.1667	1	0	0	
PILOT-2010008015__F__haiku4.5__rep0.json	PILOT-2010008015	F	0	0.0727	0.1212	0.1538	0.1356	1	0	0	
PILOT-2010008015__F__haiku4.5__rep1.json	PILOT-2010008015	F	1	0.0727	0.1212	0.1538	0.1356	1	0	0	
PILOT-2010008015__F__haiku4.5__rep2.json	PILOT-2010008015	F	2	0.0667	0.1212	0.129	0.125	1	0	0	
PILOT-2010008015__F__sonnet4__rep0.json	PILOT-2010008015	F	0	0.0159	0.0303	0.0323	0.0312	1	0	0	
PILOT-2010008015__F__sonnet4__rep1.json	PILOT-2010008015	F	1	0.0143	0.0303	0.0263	0.0282	1	0	0	
PILOT-2010008015__F__sonnet4__rep2.json	PILOT-2010008015	F	2	0.0156	0.0303	0.0312	0.0308	1	0	0	
PILOT-2010008015__G__gpt4o-mini__rep0.json	PILOT-2010008015	G	0	None	None	None	None	0	1	0	no_aligned_claims
PILOT-2010008015__G__gpt4o-mini__rep1.json	PILOT-2010008015	G	1	None	None	None	None	0	1	0	no_aligned_claims
PILOT-2010008015__G__gpt4o-mini__rep2.json	PILOT-2010008015	G	2	None	None	None	None	0	1	0	no_aligned_claims
PILOT-2010008015__G__gpt5.4__rep0.json	PILOT-2010008015	G	0	0.0909	0.1212	0.2667	0.1667	1	0	0	
PILOT-2010008015__G__gpt5.4__rep1.json	PILOT-2010008015	G	1	0.0909	0.1212	0.2667	0.1667	1	0	0	
PILOT-2010008015__G__gpt5.4__rep2.json	PILOT-2010008015	G	2	0.0909	0.1212	0.2667	0.1667	1	0	0	
PILOT-2010008015__G__haiku4.5__rep0.json	PILOT-2010008015	G	0	0.0727	0.1212	0.1538	0.1356	1	0	0	
PILOT-2010008015__G__haiku4.5__rep1.json	PILOT-2010008015	G	1	0.0909	0.1212	0.2667	0.1667	1	0	0	
PILOT-2010008015__G__haiku4.5__rep2.json	PILOT-2010008015	G	2	0.0727	0.1212	0.1538	0.1356	1	0	0	
PILOT-2010008015__G__sonnet4__rep0.json	PILOT-2010008015	G	0	0.0233	0.0303	0.0909	0.0455	1	0	0	
PILOT-2010008015__G__sonnet4__rep1.json	PILOT-2010008015	G	1	0.0233	0.0303	0.0909	0.0455	1	0	0	
PILOT-2010008015__G__sonnet4__rep2.json	PILOT-2010008015	G	2	0.0233	0.0303	0.0909	0.0455	1	0	0	
PILOT-2010010196__F__gpt4o-mini__rep0.json	PILOT-2010010196	F	0	0.0625	0.1666	0.0833	0.1111	2	16	0	
PILOT-2010010196__F__gpt4o-mini__rep1.json	PILOT-2010010196	F	1	0.0256	0.0454	0.0527	0.0488	2	16	0	
PILOT-2010010196__F__gpt4o-mini__rep2.json	PILOT-2010010196	F	2	0.1071	0.25	0.1363	0.1764	2	16	0	
PILOT-2010010196__F__gpt5.4__rep0.json	PILOT-2010010196	F	0	0.0159	0.037	0.0185	0.0247	18	0	0	
PILOT-2010010196__F__gpt5.4__rep1.json	PILOT-2010010196	F	1	0.0148	0.037	0.0171	0.0234	18	0	0	
PILOT-2010010196__F__gpt5.4__rep2.json	PILOT-2010010196	F	2	0.0185	0.037	0.0222	0.0278	18	0	0	
PILOT-2010010196__F__haiku4.5__rep0.json	PILOT-2010010196	F	0	0.0	0.0	0.0	0.0	4	14	0	
PILOT-2010010196__F__haiku4.5__rep1.json	PILOT-2010010196	F	1	0.0306	0.0536	0.0476	0.0504	7	11	0	
PILOT-2010010196__F__haiku4.5__rep2.json	PILOT-2010010196	F	2	0.0429	0.075	0.0667	0.0706	5	13	0	
PILOT-2010010196__F__sonnet4__rep0.json	PILOT-2010010196	F	0	0.0	0.0	0.0	0.0	18	0	0	
PILOT-2010010196__F__sonnet4__rep1.json	PILOT-2010010196	F	1	0.0	0.0	0.0	0.0	18	0	0	
PILOT-2010010196__F__sonnet4__rep2.json	PILOT-2010010196	F	2	0.0	0.0	0.0	0.0	18	0	0	
PILOT-2010010196__G__gpt4o-mini__rep0.json	PILOT-2010010196	G	0	0.1	0.25	0.125	0.1666	2	16	0	
PILOT-2010010196__G__gpt4o-mini__rep1.json	PILOT-2010010196	G	1	0.0	0.0	0.0	0.0	2	16	0	
PILOT-2010010196__G__gpt4o-mini__rep2.json	PILOT-2010010196	G	2	0.1	0.25	0.125	0.1666	2	16	0	
PILOT-2010010196__G__gpt5.4__rep0.json	PILOT-2010010196	G	0	0.0159	0.037	0.0185	0.0247	18	0	0	
PILOT-2010010196__G__gpt5.4__rep1.json	PILOT-2010010196	G	1	0.0148	0.037	0.0171	0.0234	18	0	0	
PILOT-2010010196__G__gpt5.4__rep2.json	PILOT-2010010196	G	2	0.001	0.0014	0.0035	0.002	18	0	0	
PILOT-2010010196__G__haiku4.5__rep0.json	PILOT-2010010196	G	0	0.0	0.0	0.0	0.0	5	13	0	
PILOT-2010010196__G__haiku4.5__rep1.json	PILOT-2010010196	G	1	0.0	0.0	0.0	0.0	16	2	0	
PILOT-2010010196__G__haiku4.5__rep2.json	PILOT-2010010196	G	2	0.0	0.0	0.0	0.0	5	13	0	
PILOT-2010010196__G__sonnet4__rep0.json	PILOT-2010010196	G	0	0.0	0.0	0.0	0.0	18	0	0	
PILOT-2010010196__G__sonnet4__rep1.json	PILOT-2010010196	G	1	0.0	0.0	0.0	0.0	16	2	0	
PILOT-2010010196__G__sonnet4__rep2.json	PILOT-2010010196	G	2	0.0	0.0	0.0	0.0	16	2	0	
PILOT-2010011970__F__gpt4o-mini__rep0.json	PILOT-2010011970	F	0	0.0	0.0	0.0	0.0	3	1	0	
PILOT-2010011970__F__gpt4o-mini__rep1.json	PILOT-2010011970	F	1	0.0	0.0	0.0	0.0	3	1	0	
PILOT-2010011970__F__gpt4o-mini__rep2.json	PILOT-2010011970	F	2	0.2706	0.9658	0.2733	0.4258	3	1	0	
PILOT-2010011970__F__gpt5.4__rep0.json	PILOT-2010011970	F	0	None	None	None	None	0	4	0	no_aligned_claims
PILOT-2010011970__F__gpt5.4__rep1.json	PILOT-2010011970	F	1	0.1092	0.4423	0.1215	0.1906	4	0	0	
PILOT-2010011970__F__gpt5.4__rep2.json	PILOT-2010011970	F	2	0.1592	0.6474	0.1648	0.2626	4	0	0	
PILOT-2010011970__F__haiku4.5__rep0.json	PILOT-2010011970	F	0	0.2225	0.8889	0.2289	0.364	3	1	0	
PILOT-2010011970__F__haiku4.5__rep1.json	PILOT-2010011970	F	1	0.2319	0.9487	0.2348	0.3764	3	1	0	
PILOT-2010011970__F__haiku4.5__rep2.json	PILOT-2010011970	F	2	0.2146	0.9402	0.2176	0.3533	3	1	0	
PILOT-2010011970__F__sonnet4__rep0.json	PILOT-2010011970	F	0	0.2873	0.7436	0.2882	0.4154	4	0	0	
PILOT-2010011970__F__sonnet4__rep1.json	PILOT-2010011970	F	1	0.2444	0.5577	0.2753	0.3686	4	0	0	
PILOT-2010011970__F__sonnet4__rep2.json	PILOT-2010011970	F	2	0.2825	0.7115	0.2884	0.4103	4	0	0	
PILOT-2010011970__G__gpt4o-mini__rep0.json	PILOT-2010011970	G	0	0.1964	0.7692	0.2055	0.3238	3	1	0	
PILOT-2010011970__G__gpt4o-mini__rep1.json	PILOT-2010011970	G	1	0.0532	0.094	0.1129	0.1007	3	1	0	
PILOT-2010011970__G__gpt4o-mini__rep2.json	PILOT-2010011970	G	2	0.2159	0.7864	0.2282	0.3513	3	1	0	
PILOT-2010011970__G__gpt5.4__rep0.json	PILOT-2010011970	G	0	0.1925	0.4423	0.2034	0.2732	4	0	0	
PILOT-2010011970__G__gpt5.4__rep1.json	PILOT-2010011970	G	1	0.1742	0.7115	0.1764	0.2827	4	0	0	
PILOT-2010011970__G__gpt5.4__rep2.json	PILOT-2010011970	G	2	0.0226	0.0577	0.0353	0.0438	4	0	0	
PILOT-2010011970__G__haiku4.5__rep0.json	PILOT-2010011970	G	0	0.1769	0.8718	0.1816	0.3005	3	1	0	
PILOT-2010011970__G__haiku4.5__rep1.json	PILOT-2010011970	G	1	0.1811	0.8974	0.185	0.3066	3	1	0	
PILOT-2010011970__G__haiku4.5__rep2.json	PILOT-2010011970	G	2	0.2077	0.9487	0.2101	0.3439	3	1	0	
PILOT-2010011970__G__sonnet4__rep0.json	PILOT-2010011970	G	0	0.1955	0.7115	0.1982	0.31	4	0	0	
PILOT-2010011970__G__sonnet4__rep1.json	PILOT-2010011970	G	1	0.4798	1.0	0.4798	0.6484	3	1	0	
PILOT-2010011970__G__sonnet4__rep2.json	PILOT-2010011970	G	2	0.168	0.6346	0.1752	0.2745	4	0	0	
PILOT-2011003851__F__gpt4o-mini__rep0.json	PILOT-2011003851	F	0	None	None	None	None	0	20	0	no_aligned_claims
PILOT-2011003851__F__gpt4o-mini__rep1.json	PILOT-2011003851	F	1	None	None	None	None	0	20	0	no_aligned_claims
PILOT-2011003851__F__gpt4o-mini__rep2.json	PILOT-2011003851	F	2	None	None	None	None	0	20	0	no_aligned_claims
PILOT-2011003851__F__gpt5.4__rep0.json	PILOT-2011003851	F	0	0.005	0.0061	0.0365	0.0098	20	0	0	
PILOT-2011003851__F__gpt5.4__rep1.json	PILOT-2011003851	F	1	0.0	0.0	0.0	0.0	19	1	0	
PILOT-2011003851__F__gpt5.4__rep2.json	PILOT-2011003851	F	2	0.0104	0.0128	0.0568	0.02	20	0	0	
PILOT-2011003851__F__haiku4.5__rep0.json	PILOT-2011003851	F	0	0.0035	0.0047	0.0198	0.0068	20	0	0	
PILOT-2011003851__F__haiku4.5__rep1.json	PILOT-2011003851	F	1	0.0014	0.0024	0.004	0.0028	20	0	0	
PILOT-2011003851__F__haiku4.5__rep2.json	PILOT-2011003851	F	2	0.0035	0.0047	0.0218	0.0069	20	0	0	
PILOT-2011003851__F__sonnet4__rep0.json	PILOT-2011003851	F	0	0.0024	0.004	0.0065	0.0047	18	2	0	
PILOT-2011003851__F__sonnet4__rep1.json	PILOT-2011003851	F	1	0.0025	0.0036	0.0099	0.0049	20	0	0	
PILOT-2011003851__F__sonnet4__rep2.json	PILOT-2011003851	F	2	0.0025	0.0036	0.0099	0.0049	20	0	0	
PILOT-2011003851__G__gpt4o-mini__rep0.json	PILOT-2011003851	G	0	0.0019	0.0024	0.0144	0.0038	20	0	0	
PILOT-2011003851__G__gpt4o-mini__rep1.json	PILOT-2011003851	G	1	0.0018	0.0024	0.0106	0.0036	20	0	0	
PILOT-2011003851__G__gpt4o-mini__rep2.json	PILOT-2011003851	G	2	0.0077	0.0098	0.0354	0.0147	20	0	0	
PILOT-2011003851__G__gpt5.4__rep0.json	PILOT-2011003851	G	0	0.0029	0.004	0.0114	0.0057	20	0	0	
PILOT-2011003851__G__gpt5.4__rep1.json	PILOT-2011003851	G	1	0.0	0.0	0.0	0.0	19	1	0	
PILOT-2011003851__G__gpt5.4__rep2.json	PILOT-2011003851	G	2	0.0009	0.0019	0.0015	0.0017	18	2	0	
PILOT-2011003851__G__haiku4.5__rep0.json	PILOT-2011003851	G	0	0.0029	0.0043	0.0118	0.0057	20	0	0	
PILOT-2011003851__G__haiku4.5__rep1.json	PILOT-2011003851	G	1	0.0015	0.0024	0.0042	0.0029	20	0	0	
PILOT-2011003851__G__haiku4.5__rep2.json	PILOT-2011003851	G	2	0.0097	0.0183	0.0205	0.0187	20	0	0	
PILOT-2011003851__G__sonnet4__rep0.json	PILOT-2011003851	G	0	0.0009	0.0017	0.0017	0.0017	20	0	0	
PILOT-2011003851__G__sonnet4__rep1.json	PILOT-2011003851	G	1	0.001	0.0017	0.0026	0.002	20	0	0	
PILOT-2011003851__G__sonnet4__rep2.json	PILOT-2011003851	G	2	0.0031	0.0051	0.008	0.0061	14	6	0	
PILOT-2011004581__F__gpt4o-mini__rep0.json	PILOT-2011004581	F	0	0.0538	0.1124	0.0794	0.09	9	2	0	
PILOT-2011004581__F__gpt4o-mini__rep1.json	PILOT-2011004581	F	1	0.0379	0.0846	0.0671	0.0673	10	1	0	
PILOT-2011004581__F__gpt4o-mini__rep2.json	PILOT-2011004581	F	2	0.0487	0.0724	0.1321	0.0877	9	2	0	
PILOT-2011004581__F__gpt5.4__rep0.json	PILOT-2011004581	F	0	0.0	0.0	0.0	0.0	11	0	0	
PILOT-2011004581__F__gpt5.4__rep1.json	PILOT-2011004581	F	1	0.0	0.0	0.0	0.0	11	0	0	
PILOT-2011004581__F__gpt5.4__rep2.json	PILOT-2011004581	F	2	0.0	0.0	0.0	0.0	11	0	0	
PILOT-2011004581__F__haiku4.5__rep0.json	PILOT-2011004581	F	0	0.0	0.0	0.0	0.0	11	0	0	
PILOT-2011004581__F__haiku4.5__rep1.json	PILOT-2011004581	F	1	0.0	0.0	0.0	0.0	11	0	0	
PILOT-2011004581__F__haiku4.5__rep2.json	PILOT-2011004581	F	2	0.0	0.0	0.0	0.0	11	0	0	
PILOT-2011004581__F__sonnet4__rep0.json	PILOT-2011004581	F	0	0.0021	0.0032	0.0053	0.004	11	0	0	
PILOT-2011004581__F__sonnet4__rep1.json	PILOT-2011004581	F	1	0.0	0.0	0.0	0.0	11	0	0	
PILOT-2011004581__F__sonnet4__rep2.json	PILOT-2011004581	F	2	0.0019	0.0032	0.0043	0.0037	11	0	0	
PILOT-2011004581__G__gpt4o-mini__rep0.json	PILOT-2011004581	G	0	0.0409	0.0714	0.0726	0.0712	6	5	0	
PILOT-2011004581__G__gpt4o-mini__rep1.json	PILOT-2011004581	G	1	0.0661	0.0841	0.2332	0.12	9	2	0	
PILOT-2011004581__G__gpt4o-mini__rep2.json	PILOT-2011004581	G	2	0.0543	0.0752	0.1567	0.0966	9	2	0	
PILOT-2011004581__G__gpt5.4__rep0.json	PILOT-2011004581	G	0	0.0	0.0	0.0	0.0	11	0	0	
PILOT-2011004581__G__gpt5.4__rep1.json	PILOT-2011004581	G	1	0.0	0.0	0.0	0.0	11	0	0	
PILOT-2011004581__G__gpt5.4__rep2.json	PILOT-2011004581	G	2	0.0	0.0	0.0	0.0	11	0	0	
PILOT-2011004581__G__haiku4.5__rep0.json	PILOT-2011004581	G	0	0.0	0.0	0.0	0.0	11	0	0	
PILOT-2011004581__G__haiku4.5__rep1.json	PILOT-2011004581	G	1	0.0	0.0	0.0	0.0	11	0	0	
PILOT-2011004581__G__haiku4.5__rep2.json	PILOT-2011004581	G	2	0.0	0.0	0.0	0.0	11	0	0	
PILOT-2011004581__G__sonnet4__rep0.json	PILOT-2011004581	G	0	0.0	0.0	0.0	0.0	11	0	0	
PILOT-2011004581__G__sonnet4__rep1.json	PILOT-2011004581	G	1	0.0	0.0	0.0	0.0	11	0	0	
PILOT-2011004581__G__sonnet4__rep2.json	PILOT-2011004581	G	2	0.0019	0.0032	0.0043	0.0037	11	0	0	
PILOT-2011007474__F__gpt4o-mini__rep0.json	PILOT-2011007474	F	0	None	None	None	None	0	14	0	no_aligned_claims
PILOT-2011007474__F__gpt4o-mini__rep1.json	PILOT-2011007474	F	1	None	None	None	None	0	14	0	no_aligned_claims
PILOT-2011007474__F__gpt4o-mini__rep2.json	PILOT-2011007474	F	2	None	None	None	None	0	14	0	no_aligned_claims
PILOT-2011007474__F__gpt5.4__rep0.json	PILOT-2011007474	F	0	0.01	0.0114	0.0417	0.0179	12	2	0	
PILOT-2011007474__F__gpt5.4__rep1.json	PILOT-2011007474	F	1	0.0067	0.0097	0.0165	0.0122	14	0	0	
PILOT-2011007474__F__gpt5.4__rep2.json	PILOT-2011007474	F	2	0.0	0.0	0.0	0.0	14	0	0	
PILOT-2011007474__F__haiku4.5__rep0.json	PILOT-2011007474	F	0	0.0247	0.0333	0.0705	0.0447	14	0	0	
PILOT-2011007474__F__haiku4.5__rep1.json	PILOT-2011007474	F	1	0.0059	0.0106	0.0141	0.0112	14	0	0	
PILOT-2011007474__F__haiku4.5__rep2.json	PILOT-2011007474	F	2	0.0	0.0	0.0	0.0	14	0	0	
PILOT-2011007474__F__sonnet4__rep0.json	PILOT-2011007474	F	0	0.0359	0.0454	0.1151	0.0626	14	0	0	
PILOT-2011007474__F__sonnet4__rep1.json	PILOT-2011007474	F	1	0.0627	0.0938	0.1634	0.11	14	0	0	
PILOT-2011007474__F__sonnet4__rep2.json	PILOT-2011007474	F	2	0.0104	0.0139	0.026	0.0181	14	0	0	
PILOT-2011007474__G__gpt4o-mini__rep0.json	PILOT-2011007474	G	0	None	None	None	None	0	14	0	no_aligned_claims
PILOT-2011007474__G__gpt4o-mini__rep1.json	PILOT-2011007474	G	1	None	None	None	None	0	14	0	no_aligned_claims
PILOT-2011007474__G__gpt4o-mini__rep2.json	PILOT-2011007474	G	2	None	None	None	None	0	14	0	no_aligned_claims
PILOT-2011007474__G__gpt5.4__rep0.json	PILOT-2011007474	G	0	0.0	0.0	0.0	0.0	14	0	0	
PILOT-2011007474__G__gpt5.4__rep1.json	PILOT-2011007474	G	1	0.0023	0.003	0.0099	0.0045	14	0	0	
PILOT-2011007474__G__gpt5.4__rep2.json	PILOT-2011007474	G	2	0.0152	0.0187	0.0592	0.028	13	1	0	
PILOT-2011007474__G__haiku4.5__rep0.json	PILOT-2011007474	G	0	0.0168	0.0275	0.0356	0.03	14	0	0	
PILOT-2011007474__G__haiku4.5__rep1.json	PILOT-2011007474	G	1	0.0	0.0	0.0	0.0	14	0	0	
PILOT-2011007474__G__haiku4.5__rep2.json	PILOT-2011007474	G	2	0.0	0.0	0.0	0.0	14	0	0	
PILOT-2011007474__G__sonnet4__rep0.json	PILOT-2011007474	G	0	0.0024	0.0035	0.0071	0.0047	14	0	0	
PILOT-2011007474__G__sonnet4__rep1.json	PILOT-2011007474	G	1	0.0183	0.0214	0.0714	0.0323	14	0	0	
PILOT-2011007474__G__sonnet4__rep2.json	PILOT-2011007474	G	2	0.0075	0.009	0.0429	0.0142	14	0	0	
PILOT-2011008843__F__gpt4o-mini__rep0.json	PILOT-2011008843	F	0	0.0253	0.027	0.2857	0.0494	1	0	0	
PILOT-2011008843__F__gpt4o-mini__rep1.json	PILOT-2011008843	F	1	0.0833	0.0946	0.4118	0.1538	1	0	0	
PILOT-2011008843__F__gpt4o-mini__rep2.json	PILOT-2011008843	F	2	0.0247	0.027	0.2222	0.0482	1	0	0	
PILOT-2011008843__F__gpt5.4__rep0.json	PILOT-2011008843	F	0	0.0	0.0	0.0	0.0	1	0	0	
PILOT-2011008843__F__gpt5.4__rep1.json	PILOT-2011008843	F	1	0.0	0.0	0.0	0.0	1	0	0	
PILOT-2011008843__F__gpt5.4__rep2.json	PILOT-2011008843	F	2	0.0	0.0	0.0	0.0	1	0	0	
PILOT-2011008843__F__haiku4.5__rep0.json	PILOT-2011008843	F	0	0.0	0.0	0.0	0.0	1	0	0	
PILOT-2011008843__F__haiku4.5__rep1.json	PILOT-2011008843	F	1	0.0	0.0	0.0	0.0	1	0	0	
PILOT-2011008843__F__haiku4.5__rep2.json	PILOT-2011008843	F	2	0.0	0.0	0.0	0.0	1	0	0	
PILOT-2011008843__F__sonnet4__rep0.json	PILOT-2011008843	F	0	0.0	0.0	0.0	0.0	1	0	0	
PILOT-2011008843__F__sonnet4__rep1.json	PILOT-2011008843	F	1	0.0	0.0	0.0	0.0	1	0	0	
PILOT-2011008843__F__sonnet4__rep2.json	PILOT-2011008843	F	2	0.0	0.0	0.0	0.0	1	0	0	
PILOT-2011008843__G__gpt4o-mini__rep0.json	PILOT-2011008843	G	0	0.075	0.0811	0.5	0.1395	1	0	0	
PILOT-2011008843__G__gpt4o-mini__rep1.json	PILOT-2011008843	G	1	0.026	0.027	0.4	0.0506	1	0	0	
PILOT-2011008843__G__gpt4o-mini__rep2.json	PILOT-2011008843	G	2	0.0227	0.027	0.125	0.0444	1	0	0	
PILOT-2011008843__G__gpt5.4__rep0.json	PILOT-2011008843	G	0	0.0	0.0	0.0	0.0	1	0	0	
PILOT-2011008843__G__gpt5.4__rep1.json	PILOT-2011008843	G	1	0.0	0.0	0.0	0.0	1	0	0	
PILOT-2011008843__G__gpt5.4__rep2.json	PILOT-2011008843	G	2	0.0	0.0	0.0	0.0	1	0	0	
PILOT-2011008843__G__haiku4.5__rep0.json	PILOT-2011008843	G	0	0.0	0.0	0.0	0.0	1	0	0	
PILOT-2011008843__G__haiku4.5__rep1.json	PILOT-2011008843	G	1	0.0	0.0	0.0	0.0	1	0	0	
PILOT-2011008843__G__haiku4.5__rep2.json	PILOT-2011008843	G	2	0.0	0.0	0.0	0.0	1	0	0	
PILOT-2011008843__G__sonnet4__rep0.json	PILOT-2011008843	G	0	0.0	0.0	0.0	0.0	1	0	0	
PILOT-2011008843__G__sonnet4__rep1.json	PILOT-2011008843	G	1	0.0	0.0	0.0	0.0	1	0	0	
PILOT-2011008843__G__sonnet4__rep2.json	PILOT-2011008843	G	2	0.0	0.0	0.0	0.0	1	0	0	
PILOT-2011009182__F__gpt4o-mini__rep0.json	PILOT-2011009182	F	0	0.0018	0.0019	0.0271	0.0035	17	0	0	
PILOT-2011009182__F__gpt4o-mini__rep1.json	PILOT-2011009182	F	1	0.0	0.0	0.0	0.0	8	9	0	
PILOT-2011009182__F__gpt4o-mini__rep2.json	PILOT-2011009182	F	2	0.0	0.0	0.0	0.0	8	9	0	
PILOT-2011009182__F__gpt5.4__rep0.json	PILOT-2011009182	F	0	0.0	0.0	0.0	0.0	17	0	0	
PILOT-2011009182__F__gpt5.4__rep1.json	PILOT-2011009182	F	1	0.0	0.0	0.0	0.0	17	0	0	
PILOT-2011009182__F__gpt5.4__rep2.json	PILOT-2011009182	F	2	0.0	0.0	0.0	0.0	17	0	0	
PILOT-2011009182__F__haiku4.5__rep0.json	PILOT-2011009182	F	0	0.0122	0.0157	0.0554	0.0238	17	0	0	
PILOT-2011009182__F__haiku4.5__rep1.json	PILOT-2011009182	F	1	0.0131	0.0166	0.0764	0.0256	17	0	0	
PILOT-2011009182__F__haiku4.5__rep2.json	PILOT-2011009182	F	2	0.0125	0.0166	0.0614	0.0245	17	0	0	
PILOT-2011009182__F__sonnet4__rep0.json	PILOT-2011009182	F	0	0.0	0.0	0.0	0.0	17	0	0	
PILOT-2011009182__F__sonnet4__rep1.json	PILOT-2011009182	F	1	0.0	0.0	0.0	0.0	17	0	0	
PILOT-2011009182__F__sonnet4__rep2.json	PILOT-2011009182	F	2	0.0	0.0	0.0	0.0	17	0	0	
PILOT-2011009182__G__gpt4o-mini__rep0.json	PILOT-2011009182	G	0	0.0	0.0	0.0	0.0	7	10	0	
PILOT-2011009182__G__gpt4o-mini__rep1.json	PILOT-2011009182	G	1	0.0	0.0	0.0	0.0	7	10	0	
PILOT-2011009182__G__gpt4o-mini__rep2.json	PILOT-2011009182	G	2	0.0013	0.0013	0.0227	0.0025	8	9	0	
PILOT-2011009182__G__gpt5.4__rep0.json	PILOT-2011009182	G	0	0.0	0.0	0.0	0.0	17	0	0	
PILOT-2011009182__G__gpt5.4__rep1.json	PILOT-2011009182	G	1	0.0	0.0	0.0	0.0	17	0	0	
PILOT-2011009182__G__gpt5.4__rep2.json	PILOT-2011009182	G	2	0.0	0.0	0.0	0.0	17	0	0	
PILOT-2011009182__G__haiku4.5__rep0.json	PILOT-2011009182	G	0	0.0121	0.0166	0.0506	0.0237	17	0	0	
PILOT-2011009182__G__haiku4.5__rep1.json	PILOT-2011009182	G	1	0.0129	0.0166	0.0644	0.0251	17	0	0	
PILOT-2011009182__G__haiku4.5__rep2.json	PILOT-2011009182	G	2	0.013	0.0166	0.0677	0.0255	17	0	0	
PILOT-2011009182__G__sonnet4__rep0.json	PILOT-2011009182	G	0	0.0	0.0	0.0	0.0	17	0	0	
PILOT-2011009182__G__sonnet4__rep1.json	PILOT-2011009182	G	1	0.0	0.0	0.0	0.0	17	0	0	
PILOT-2011009182__G__sonnet4__rep2.json	PILOT-2011009182	G	2	0.0	0.0	0.0	0.0	17	0	0	
PILOT-2011011469__F__gpt4o-mini__rep0.json	PILOT-2011011469	F	0	0.007	0.009	0.0256	0.0133	6	1	0	
PILOT-2011011469__F__gpt4o-mini__rep1.json	PILOT-2011011469	F	1	0.0505	0.0794	0.0952	0.0857	7	0	0	
PILOT-2011011469__F__gpt4o-mini__rep2.json	PILOT-2011011469	F	2	0.069	0.0969	0.1619	0.1184	7	0	0	
PILOT-2011011469__F__gpt5.4__rep0.json	PILOT-2011011469	F	0	0.0	0.0	0.0	0.0	7	0	0	
PILOT-2011011469__F__gpt5.4__rep1.json	PILOT-2011011469	F	1	0.0	0.0	0.0	0.0	7	0	0	
PILOT-2011011469__F__gpt5.4__rep2.json	PILOT-2011011469	F	2	0.0	0.0	0.0	0.0	7	0	0	
PILOT-2011011469__F__haiku4.5__rep0.json	PILOT-2011011469	F	0	0.0079	0.0115	0.0222	0.0151	6	1	0	
PILOT-2011011469__F__haiku4.5__rep1.json	PILOT-2011011469	F	1	0.0167	0.023	0.0513	0.0317	3	4	0	
PILOT-2011011469__F__haiku4.5__rep2.json	PILOT-2011011469	F	2	0.1076	0.1527	0.1199	0.1312	7	0	0	
PILOT-2011011469__F__sonnet4__rep0.json	PILOT-2011011469	F	0	0.0073	0.0099	0.0238	0.0139	7	0	0	
PILOT-2011011469__F__sonnet4__rep1.json	PILOT-2011011469	F	1	0.0075	0.0099	0.026	0.0143	7	0	0	
PILOT-2011011469__F__sonnet4__rep2.json	PILOT-2011011469	F	2	0.0073	0.0099	0.0238	0.0139	7	0	0	
PILOT-2011011469__G__gpt4o-mini__rep0.json	PILOT-2011011469	G	0	0.1076	0.1895	0.167	0.1696	6	1	0	
PILOT-2011011469__G__gpt4o-mini__rep1.json	PILOT-2011011469	G	1	0.0514	0.0971	0.1179	0.0948	3	4	0	
PILOT-2011011469__G__gpt4o-mini__rep2.json	PILOT-2011011469	G	2	0.0782	0.1219	0.1544	0.1343	5	2	0	
PILOT-2011011469__G__gpt5.4__rep0.json	PILOT-2011011469	G	0	0.0	0.0	0.0	0.0	7	0	0	
PILOT-2011011469__G__gpt5.4__rep1.json	PILOT-2011011469	G	1	0.0	0.0	0.0	0.0	7	0	0	
PILOT-2011011469__G__gpt5.4__rep2.json	PILOT-2011011469	G	2	0.0022	0.0039	0.0049	0.0043	7	0	0	
PILOT-2011011469__G__haiku4.5__rep0.json	PILOT-2011011469	G	0	0.0077	0.0115	0.0208	0.0148	6	1	0	
PILOT-2011011469__G__haiku4.5__rep1.json	PILOT-2011011469	G	1	0.0108	0.0176	0.0265	0.0209	7	0	0	
PILOT-2011011469__G__haiku4.5__rep2.json	PILOT-2011011469	G	2	0.0112	0.0176	0.0301	0.0215	7	0	0	
PILOT-2011011469__G__sonnet4__rep0.json	PILOT-2011011469	G	0	0.0075	0.0099	0.026	0.0143	7	0	0	
PILOT-2011011469__G__sonnet4__rep1.json	PILOT-2011011469	G	1	0.0075	0.0099	0.026	0.0143	7	0	0	
PILOT-2011011469__G__sonnet4__rep2.json	PILOT-2011011469	G	2	0.0075	0.0099	0.026	0.0143	7	0	0	
PILOT-2011012180__F__gpt4o-mini__rep0.json	PILOT-2011012180	F	0	0.0	0.0	0.0	0.0	7	2	0	
PILOT-2011012180__F__gpt4o-mini__rep1.json	PILOT-2011012180	F	1	0.0	0.0	0.0	0.0	8	1	0	
PILOT-2011012180__F__gpt4o-mini__rep2.json	PILOT-2011012180	F	2	0.1804	0.2752	0.2982	0.2562	6	3	0	
PILOT-2011012180__F__gpt5.4__rep0.json	PILOT-2011012180	F	0	0.0265	0.0337	0.1316	0.0503	9	0	0	
PILOT-2011012180__F__gpt5.4__rep1.json	PILOT-2011012180	F	1	0.0266	0.0337	0.1344	0.0506	9	0	0	
PILOT-2011012180__F__gpt5.4__rep2.json	PILOT-2011012180	F	2	0.0226	0.0273	0.1413	0.0433	9	0	0	
PILOT-2011012180__F__haiku4.5__rep0.json	PILOT-2011012180	F	0	0.0261	0.0556	0.0404	0.0468	9	0	0	
PILOT-2011012180__F__haiku4.5__rep1.json	PILOT-2011012180	F	1	0.0212	0.0556	0.0296	0.0386	9	0	0	
PILOT-2011012180__F__haiku4.5__rep2.json	PILOT-2011012180	F	2	0.065	0.1097	0.1281	0.1171	9	0	0	
PILOT-2011012180__F__sonnet4__rep0.json	PILOT-2011012180	F	0	0.0444	0.0833	0.0741	0.0784	9	0	0	
PILOT-2011012180__F__sonnet4__rep1.json	PILOT-2011012180	F	1	0.0232	0.0307	0.0915	0.0441	9	0	0	
PILOT-2011012180__F__sonnet4__rep2.json	PILOT-2011012180	F	2	0.0232	0.0307	0.0915	0.0441	9	0	0	
PILOT-2011012180__G__gpt4o-mini__rep0.json	PILOT-2011012180	G	0	0.0953	0.1667	0.1667	0.1667	3	6	0	
PILOT-2011012180__G__gpt4o-mini__rep1.json	PILOT-2011012180	G	1	0.0	0.0	0.0	0.0	5	4	0	
PILOT-2011012180__G__gpt4o-mini__rep2.json	PILOT-2011012180	G	2	0.0	0.0	0.0	0.0	7	2	0	
PILOT-2011012180__G__gpt5.4__rep0.json	PILOT-2011012180	G	0	0.0261	0.0337	0.1159	0.0497	9	0	0	
PILOT-2011012180__G__gpt5.4__rep1.json	PILOT-2011012180	G	1	0.0162	0.022	0.0619	0.0307	9	0	0	
PILOT-2011012180__G__gpt5.4__rep2.json	PILOT-2011012180	G	2	0.015	0.022	0.0511	0.0286	9	0	0	
PILOT-2011012180__G__haiku4.5__rep0.json	PILOT-2011012180	G	0	0.0485	0.0906	0.0926	0.0874	9	0	0	
PILOT-2011012180__G__haiku4.5__rep1.json	PILOT-2011012180	G	1	0.0261	0.0556	0.0404	0.0468	9	0	0	
PILOT-2011012180__G__haiku4.5__rep2.json	PILOT-2011012180	G	2	0.0627	0.1184	0.1222	0.1126	9	0	0	
PILOT-2011012180__G__sonnet4__rep0.json	PILOT-2011012180	G	0	0.0	0.0	0.0	0.0	9	0	0	
PILOT-2011012180__G__sonnet4__rep1.json	PILOT-2011012180	G	1	0.0865	0.1192	0.1949	0.146	9	0	0	
PILOT-2011012180__G__sonnet4__rep2.json	PILOT-2011012180	G	2	0.0	0.0	0.0	0.0	9	0	0	
PILOT-2011013110__F__gpt4o-mini__rep0.json	PILOT-2011013110	F	0	0.0712	0.0819	0.2714	0.1255	4	7	0	
PILOT-2011013110__F__gpt4o-mini__rep1.json	PILOT-2011013110	F	1	0.0	0.0	0.0	0.0	5	6	0	
PILOT-2011013110__F__gpt4o-mini__rep2.json	PILOT-2011013110	F	2	0.0048	0.0069	0.0143	0.0093	5	6	0	
PILOT-2011013110__F__gpt5.4__rep0.json	PILOT-2011013110	F	0	0.0	0.0	0.0	0.0	11	0	0	
PILOT-2011013110__F__gpt5.4__rep1.json	PILOT-2011013110	F	1	0.0	0.0	0.0	0.0	11	0	0	
PILOT-2011013110__F__gpt5.4__rep2.json	PILOT-2011013110	F	2	0.0019	0.0027	0.0061	0.0037	11	0	0	
PILOT-2011013110__F__haiku4.5__rep0.json	PILOT-2011013110	F	0	0.0037	0.0049	0.013	0.0071	7	4	0	
PILOT-2011013110__F__haiku4.5__rep1.json	PILOT-2011013110	F	1	0.0367	0.0507	0.1111	0.0688	11	0	0	
PILOT-2011013110__F__haiku4.5__rep2.json	PILOT-2011013110	F	2	0.0024	0.0031	0.0091	0.0047	11	0	0	
PILOT-2011013110__F__sonnet4__rep0.json	PILOT-2011013110	F	0	0.0	0.0	0.0	0.0	11	0	0	
PILOT-2011013110__F__sonnet4__rep1.json	PILOT-2011013110	F	1	0.0	0.0	0.0	0.0	11	0	0	
PILOT-2011013110__F__sonnet4__rep2.json	PILOT-2011013110	F	2	0.0	0.0	0.0	0.0	11	0	0	
PILOT-2011013110__G__gpt4o-mini__rep0.json	PILOT-2011013110	G	0	0.0341	0.0452	0.139	0.0648	5	6	0	
PILOT-2011013110__G__gpt4o-mini__rep1.json	PILOT-2011013110	G	1	0.0175	0.023	0.0513	0.0318	6	5	0	
PILOT-2011013110__G__gpt4o-mini__rep2.json	PILOT-2011013110	G	2	0.0161	0.0178	0.1107	0.0307	8	3	0	
PILOT-2011013110__G__gpt5.4__rep0.json	PILOT-2011013110	G	0	0.0099	0.0123	0.0461	0.019	11	0	0	
PILOT-2011013110__G__gpt5.4__rep1.json	PILOT-2011013110	G	1	0.0051	0.0062	0.0235	0.0099	11	0	0	
PILOT-2011013110__G__gpt5.4__rep2.json	PILOT-2011013110	G	2	0.0017	0.002	0.0091	0.0033	11	0	0	
PILOT-2011013110__G__haiku4.5__rep0.json	PILOT-2011013110	G	0	0.0046	0.0066	0.0136	0.0089	7	4	0	
PILOT-2011013110__G__haiku4.5__rep1.json	PILOT-2011013110	G	1	0.0	0.0	0.0	0.0	11	0	0	
PILOT-2011013110__G__haiku4.5__rep2.json	PILOT-2011013110	G	2	0.0118	0.02	0.0292	0.0229	7	4	0	
PILOT-2011013110__G__sonnet4__rep0.json	PILOT-2011013110	G	0	0.0246	0.0337	0.0863	0.0462	11	0	0	
PILOT-2011013110__G__sonnet4__rep1.json	PILOT-2011013110	G	1	0.0184	0.0232	0.0738	0.0349	11	0	0	
PILOT-2011013110__G__sonnet4__rep2.json	PILOT-2011013110	G	2	0.0299	0.0376	0.0981	0.0533	11	0	0	
PILOT-2012000327__F__gpt4o-mini__rep0.json	PILOT-2012000327	F	0	0.1159	0.25	0.1781	0.2019	6	4	0	
PILOT-2012000327__F__gpt4o-mini__rep1.json	PILOT-2012000327	F	1	0.2232	0.3951	0.2987	0.3349	6	4	0	
PILOT-2012000327__F__gpt4o-mini__rep2.json	PILOT-2012000327	F	2	0.1378	0.3973	0.1841	0.2396	5	5	0	
PILOT-2012000327__F__gpt5.4__rep0.json	PILOT-2012000327	F	0	0.0842	0.222	0.1077	0.1437	9	1	0	
PILOT-2012000327__F__gpt5.4__rep1.json	PILOT-2012000327	F	1	0.0803	0.2598	0.1018	0.1378	10	0	0	
PILOT-2012000327__F__gpt5.4__rep2.json	PILOT-2012000327	F	2	0.1064	0.222	0.1472	0.1745	9	1	0	
PILOT-2012000327__F__haiku4.5__rep0.json	PILOT-2012000327	F	0	0.0212	0.0719	0.0293	0.0402	10	0	0	
PILOT-2012000327__F__haiku4.5__rep1.json	PILOT-2012000327	F	1	0.022	0.0719	0.0305	0.0415	10	0	0	
PILOT-2012000327__F__haiku4.5__rep2.json	PILOT-2012000327	F	2	0.1184	0.3735	0.1359	0.1929	10	0	0	
PILOT-2012000327__F__sonnet4__rep0.json	PILOT-2012000327	F	0	0.0288	0.0719	0.0429	0.0528	10	0	0	
PILOT-2012000327__F__sonnet4__rep1.json	PILOT-2012000327	F	1	0.0284	0.0919	0.0411	0.0525	10	0	0	
PILOT-2012000327__F__sonnet4__rep2.json	PILOT-2012000327	F	2	0.0261	0.0719	0.0368	0.0481	10	0	0	
PILOT-2012000327__G__gpt4o-mini__rep0.json	PILOT-2012000327	G	0	0.1258	0.3294	0.1614	0.2151	4	6	0	
PILOT-2012000327__G__gpt4o-mini__rep1.json	PILOT-2012000327	G	1	0.1929	0.3543	0.2786	0.2958	5	5	0	
PILOT-2012000327__G__gpt4o-mini__rep2.json	PILOT-2012000327	G	2	0.1155	0.2822	0.1693	0.207	3	7	0	
PILOT-2012000327__G__gpt5.4__rep0.json	PILOT-2012000327	G	0	0.0948	0.2505	0.1172	0.1581	9	1	0	
PILOT-2012000327__G__gpt5.4__rep1.json	PILOT-2012000327	G	1	0.1052	0.2505	0.1339	0.1724	9	1	0	
PILOT-2012000327__G__gpt5.4__rep2.json	PILOT-2012000327	G	2	0.0958	0.2598	0.1278	0.1587	10	0	0	
PILOT-2012000327__G__haiku4.5__rep0.json	PILOT-2012000327	G	0	0.0482	0.131	0.0653	0.0862	10	0	0	
PILOT-2012000327__G__haiku4.5__rep1.json	PILOT-2012000327	G	1	0.0414	0.131	0.0544	0.0755	10	0	0	
PILOT-2012000327__G__haiku4.5__rep2.json	PILOT-2012000327	G	2	0.0754	0.2254	0.0918	0.1288	10	0	0	
PILOT-2012000327__G__sonnet4__rep0.json	PILOT-2012000327	G	0	0.0304	0.0719	0.0495	0.0563	10	0	0	
PILOT-2012000327__G__sonnet4__rep1.json	PILOT-2012000327	G	1	0.0258	0.0719	0.0368	0.0476	10	0	0	
PILOT-2012000327__G__sonnet4__rep2.json	PILOT-2012000327	G	2	0.0623	0.3126	0.0731	0.111	10	0	0	
PILOT-2012003288__F__gpt4o-mini__rep0.json	PILOT-2012003288	F	0	0.0328	0.1263	0.0594	0.0628	4	0	0	
PILOT-2012003288__F__gpt4o-mini__rep1.json	PILOT-2012003288	F	1	0.0546	0.1541	0.0975	0.1008	4	0	0	
PILOT-2012003288__F__gpt4o-mini__rep2.json	PILOT-2012003288	F	2	0.0943	0.1629	0.1703	0.166	4	0	0	
PILOT-2012003288__F__gpt5.4__rep0.json	PILOT-2012003288	F	0	0.0341	0.0395	0.125	0.06	4	0	0	
PILOT-2012003288__F__gpt5.4__rep1.json	PILOT-2012003288	F	1	0.0341	0.0395	0.125	0.06	4	0	0	
PILOT-2012003288__F__gpt5.4__rep2.json	PILOT-2012003288	F	2	0.0341	0.0395	0.125	0.06	4	0	0	
PILOT-2012003288__F__haiku4.5__rep0.json	PILOT-2012003288	F	0	0.0333	0.0622	0.0663	0.0638	4	0	0	
PILOT-2012003288__F__haiku4.5__rep1.json	PILOT-2012003288	F	1	0.0382	0.0622	0.0906	0.0726	4	0	0	
PILOT-2012003288__F__haiku4.5__rep2.json	PILOT-2012003288	F	2	0.0711	0.0971	0.2179	0.1276	3	1	0	
PILOT-2012003288__F__sonnet4__rep0.json	PILOT-2012003288	F	0	0.0386	0.0478	0.1343	0.0688	4	0	0	
PILOT-2012003288__F__sonnet4__rep1.json	PILOT-2012003288	F	1	0.0394	0.0478	0.1389	0.0704	4	0	0	
PILOT-2012003288__F__sonnet4__rep2.json	PILOT-2012003288	F	2	0.0192	0.0347	0.0386	0.0365	4	0	0	
PILOT-2012003288__G__gpt4o-mini__rep0.json	PILOT-2012003288	G	0	0.077	0.1117	0.2083	0.1373	4	0	0	
PILOT-2012003288__G__gpt4o-mini__rep1.json	PILOT-2012003288	G	1	0.02	0.0333	0.0417	0.037	4	0	0	
PILOT-2012003288__G__gpt4o-mini__rep2.json	PILOT-2012003288	G	2	0.1207	0.2423	0.2254	0.2061	4	0	0	
PILOT-2012003288__G__gpt5.4__rep0.json	PILOT-2012003288	G	0	0.0497	0.0673	0.1562	0.0894	4	0	0	
PILOT-2012003288__G__gpt5.4__rep1.json	PILOT-2012003288	G	1	0.0341	0.0395	0.125	0.06	4	0	0	
PILOT-2012003288__G__gpt5.4__rep2.json	PILOT-2012003288	G	2	0.0179	0.0263	0.0454	0.0333	4	0	0	
PILOT-2012003288__G__haiku4.5__rep0.json	PILOT-2012003288	G	0	0.1018	0.223	0.2482	0.1818	3	1	0	
PILOT-2012003288__G__haiku4.5__rep1.json	PILOT-2012003288	G	1	0.0576	0.1541	0.0942	0.1053	4	0	0	
PILOT-2012003288__G__haiku4.5__rep2.json	PILOT-2012003288	G	2	0.0805	0.1211	0.2122	0.143	4	0	0	
PILOT-2012003288__G__sonnet4__rep0.json	PILOT-2012003288	G	0	0.0394	0.0478	0.1389	0.0704	4	0	0	
PILOT-2012003288__G__sonnet4__rep1.json	PILOT-2012003288	G	1	0.0394	0.0478	0.1389	0.0704	4	0	0	
PILOT-2012003288__G__sonnet4__rep2.json	PILOT-2012003288	G	2	0.0394	0.0478	0.1389	0.0704	4	0	0	
PILOT-2012005674__F__gpt4o-mini__rep0.json	PILOT-2012005674	F	0	0.1932	0.2662	0.4394	0.3184	7	0	0	
PILOT-2012005674__F__gpt4o-mini__rep1.json	PILOT-2012005674	F	1	0.2034	0.2662	0.4875	0.3316	7	0	0	
PILOT-2012005674__F__gpt4o-mini__rep2.json	PILOT-2012005674	F	2	0.1759	0.2662	0.3673	0.2949	7	0	0	
PILOT-2012005674__F__gpt5.4__rep0.json	PILOT-2012005674	F	0	0.0037	0.0059	0.0096	0.0072	7	0	0	
PILOT-2012005674__F__gpt5.4__rep1.json	PILOT-2012005674	F	1	0.0	0.0	0.0	0.0	7	0	0	
PILOT-2012005674__F__gpt5.4__rep2.json	PILOT-2012005674	F	2	0.0	0.0	0.0	0.0	7	0	0	
PILOT-2012005674__F__haiku4.5__rep0.json	PILOT-2012005674	F	0	0.0	0.0	0.0	0.0	7	0	0	
PILOT-2012005674__F__haiku4.5__rep1.json	PILOT-2012005674	F	1	0.0	0.0	0.0	0.0	7	0	0	
PILOT-2012005674__F__haiku4.5__rep2.json	PILOT-2012005674	F	2	0.0	0.0	0.0	0.0	7	0	0	
PILOT-2012005674__F__sonnet4__rep0.json	PILOT-2012005674	F	0	0.008	0.0119	0.0236	0.0155	7	0	0	
PILOT-2012005674__F__sonnet4__rep1.json	PILOT-2012005674	F	1	0.008	0.0119	0.0236	0.0155	7	0	0	
PILOT-2012005674__F__sonnet4__rep2.json	PILOT-2012005674	F	2	0.008	0.0119	0.0236	0.0155	7	0	0	
PILOT-2012005674__G__gpt4o-mini__rep0.json	PILOT-2012005674	G	0	0.202	0.3019	0.406	0.3291	7	0	0	
PILOT-2012005674__G__gpt4o-mini__rep1.json	PILOT-2012005674	G	1	0.1764	0.2394	0.4373	0.2933	5	2	0	
PILOT-2012005674__G__gpt4o-mini__rep2.json	PILOT-2012005674	G	2	0.185	0.2662	0.4209	0.3076	7	0	0	
PILOT-2012005674__G__gpt5.4__rep0.json	PILOT-2012005674	G	0	0.0	0.0	0.0	0.0	7	0	0	
PILOT-2012005674__G__gpt5.4__rep1.json	PILOT-2012005674	G	1	0.0	0.0	0.0	0.0	7	0	0	
PILOT-2012005674__G__gpt5.4__rep2.json	PILOT-2012005674	G	2	0.0	0.0	0.0	0.0	7	0	0	
PILOT-2012005674__G__haiku4.5__rep0.json	PILOT-2012005674	G	0	0.0	0.0	0.0	0.0	7	0	0	
PILOT-2012005674__G__haiku4.5__rep1.json	PILOT-2012005674	G	1	0.0	0.0	0.0	0.0	7	0	0	
PILOT-2012005674__G__haiku4.5__rep2.json	PILOT-2012005674	G	2	0.0	0.0	0.0	0.0	7	0	0	
PILOT-2012005674__G__sonnet4__rep0.json	PILOT-2012005674	G	0	0.008	0.0119	0.0236	0.0155	7	0	0	
PILOT-2012005674__G__sonnet4__rep1.json	PILOT-2012005674	G	1	0.008	0.0119	0.0236	0.0155	7	0	0	
PILOT-2012005674__G__sonnet4__rep2.json	PILOT-2012005674	G	2	0.008	0.0119	0.0236	0.0155	7	0	0	
PILOT-2012006145__F__gpt4o-mini__rep0.json	PILOT-2012006145	F	0	0.029	0.0395	0.0483	0.0435	23	0	0	
PILOT-2012006145__F__gpt4o-mini__rep1.json	PILOT-2012006145	F	1	0.0159	0.0202	0.0444	0.0278	9	14	0	
PILOT-2012006145__F__gpt4o-mini__rep2.json	PILOT-2012006145	F	2	0.0	0.0	0.0	0.0	23	0	0	
PILOT-2012006145__F__gpt5.4__rep0.json	PILOT-2012006145	F	0	0.0	0.0	0.0	0.0	23	0	0	
PILOT-2012006145__F__gpt5.4__rep1.json	PILOT-2012006145	F	1	0.0	0.0	0.0	0.0	23	0	0	
PILOT-2012006145__F__gpt5.4__rep2.json	PILOT-2012006145	F	2	0.0	0.0	0.0	0.0	23	0	0	
PILOT-2012006145__F__haiku4.5__rep0.json	PILOT-2012006145	F	0	0.0	0.0	0.0	0.0	23	0	0	
PILOT-2012006145__F__haiku4.5__rep1.json	PILOT-2012006145	F	1	0.0	0.0	0.0	0.0	5	18	0	
PILOT-2012006145__F__haiku4.5__rep2.json	PILOT-2012006145	F	2	0.0	0.0	0.0	0.0	5	18	0	
PILOT-2012006145__F__sonnet4__rep0.json	PILOT-2012006145	F	0	0.0074	0.0121	0.0158	0.0137	23	0	0	
PILOT-2012006145__F__sonnet4__rep1.json	PILOT-2012006145	F	1	0.0074	0.0121	0.0158	0.0137	23	0	0	
PILOT-2012006145__F__sonnet4__rep2.json	PILOT-2012006145	F	2	0.0074	0.0121	0.0158	0.0137	23	0	0	
PILOT-2012006145__G__gpt4o-mini__rep0.json	PILOT-2012006145	G	0	0.1004	0.182	0.2583	0.1808	5	18	0	
PILOT-2012006145__G__gpt4o-mini__rep1.json	PILOT-2012006145	G	1	0.0	0.0	0.0	0.0	23	0	0	
PILOT-2012006145__G__gpt4o-mini__rep2.json	PILOT-2012006145	G	2	0.0576	0.0697	0.2	0.1032	4	19	0	
PILOT-2012006145__G__gpt5.4__rep0.json	PILOT-2012006145	G	0	0.0	0.0	0.0	0.0	23	0	0	
PILOT-2012006145__G__gpt5.4__rep1.json	PILOT-2012006145	G	1	0.0	0.0	0.0	0.0	23	0	0	
PILOT-2012006145__G__gpt5.4__rep2.json	PILOT-2012006145	G	2	0.0	0.0	0.0	0.0	23	0	0	
PILOT-2012006145__G__haiku4.5__rep0.json	PILOT-2012006145	G	0	0.0	0.0	0.0	0.0	2	21	0	
PILOT-2012006145__G__haiku4.5__rep1.json	PILOT-2012006145	G	1	0.0	0.0	0.0	0.0	5	18	0	
PILOT-2012006145__G__haiku4.5__rep2.json	PILOT-2012006145	G	2	0.0	0.0	0.0	0.0	2	21	0	
PILOT-2012006145__G__sonnet4__rep0.json	PILOT-2012006145	G	0	0.0074	0.0121	0.0158	0.0137	23	0	0	
PILOT-2012006145__G__sonnet4__rep1.json	PILOT-2012006145	G	1	0.0074	0.0121	0.0158	0.0137	23	0	0	
PILOT-2012006145__G__sonnet4__rep2.json	PILOT-2012006145	G	2	0.0382	0.0624	0.0736	0.0632	23	0	0	
PILOT-2012007524__F__gpt4o-mini__rep0.json	PILOT-2012007524	F	0	None	None	None	None	0	7	0	no_aligned_claims
PILOT-2012007524__F__gpt4o-mini__rep1.json	PILOT-2012007524	F	1	0.0	0.0	0.0	0.0	7	0	0	
PILOT-2012007524__F__gpt4o-mini__rep2.json	PILOT-2012007524	F	2	None	None	None	None	0	7	0	no_aligned_claims
PILOT-2012007524__F__gpt5.4__rep0.json	PILOT-2012007524	F	0	0.0126	0.0167	0.0433	0.0241	7	0	0	
PILOT-2012007524__F__gpt5.4__rep1.json	PILOT-2012007524	F	1	0.0127	0.0223	0.0267	0.0241	7	0	0	
PILOT-2012007524__F__gpt5.4__rep2.json	PILOT-2012007524	F	2	0.0022	0.0028	0.0092	0.0043	7	0	0	
PILOT-2012007524__F__haiku4.5__rep0.json	PILOT-2012007524	F	0	0.0508	0.0786	0.1337	0.0931	7	0	0	
PILOT-2012007524__F__haiku4.5__rep1.json	PILOT-2012007524	F	1	0.0415	0.0531	0.1831	0.0791	7	0	0	
PILOT-2012007524__F__haiku4.5__rep2.json	PILOT-2012007524	F	2	0.0328	0.0488	0.1308	0.0631	7	0	0	
PILOT-2012007524__F__sonnet4__rep0.json	PILOT-2012007524	F	0	0.0046	0.0055	0.0229	0.0089	7	0	0	
PILOT-2012007524__F__sonnet4__rep1.json	PILOT-2012007524	F	1	0.0086	0.0113	0.0327	0.0167	7	0	0	
PILOT-2012007524__F__sonnet4__rep2.json	PILOT-2012007524	F	2	0.0096	0.0113	0.0569	0.0186	7	0	0	
PILOT-2012007524__G__gpt4o-mini__rep0.json	PILOT-2012007524	G	0	None	None	None	None	0	7	0	no_aligned_claims
PILOT-2012007524__G__gpt4o-mini__rep1.json	PILOT-2012007524	G	1	None	None	None	None	0	7	0	no_aligned_claims
PILOT-2012007524__G__gpt4o-mini__rep2.json	PILOT-2012007524	G	2	None	None	None	None	0	7	0	no_aligned_claims
PILOT-2012007524__G__gpt5.4__rep0.json	PILOT-2012007524	G	0	0.0042	0.0055	0.015	0.0081	7	0	0	
PILOT-2012007524__G__gpt5.4__rep1.json	PILOT-2012007524	G	1	0.0059	0.0069	0.0298	0.0112	7	0	0	
PILOT-2012007524__G__gpt5.4__rep2.json	PILOT-2012007524	G	2	0.0067	0.0083	0.0286	0.0129	7	0	0	
PILOT-2012007524__G__haiku4.5__rep0.json	PILOT-2012007524	G	0	0.0415	0.0671	0.0968	0.0779	7	0	0	
PILOT-2012007524__G__haiku4.5__rep1.json	PILOT-2012007524	G	1	0.0771	0.1129	0.1898	0.1393	7	0	0	
PILOT-2012007524__G__haiku4.5__rep2.json	PILOT-2012007524	G	2	0.0193	0.0294	0.0509	0.036	6	1	0	
PILOT-2012007524__G__sonnet4__rep0.json	PILOT-2012007524	G	0	0.0086	0.0113	0.0341	0.0167	7	0	0	
PILOT-2012007524__G__sonnet4__rep1.json	PILOT-2012007524	G	1	0.0046	0.0055	0.0238	0.009	7	0	0	
PILOT-2012007524__G__sonnet4__rep2.json	PILOT-2012007524	G	2	0.0097	0.0113	0.0556	0.0187	7	0	0	
PILOT-2012008496__F__gpt4o-mini__rep0.json	PILOT-2012008496	F	0	0.0101	0.0556	0.0112	0.0185	18	0	0	
PILOT-2012008496__F__gpt4o-mini__rep1.json	PILOT-2012008496	F	1	0.0	0.0	0.0	0.0	3	15	0	
PILOT-2012008496__F__gpt4o-mini__rep2.json	PILOT-2012008496	F	2	0.0	0.0	0.0	0.0	13	5	0	
PILOT-2012008496__F__gpt5.4__rep0.json	PILOT-2012008496	F	0	0.0414	0.1389	0.0511	0.071	18	0	0	
PILOT-2012008496__F__gpt5.4__rep1.json	PILOT-2012008496	F	1	0.0	0.0	0.0	0.0	16	2	0	
PILOT-2012008496__F__gpt5.4__rep2.json	PILOT-2012008496	F	2	0.0026	0.0278	0.0028	0.005	18	0	0	
PILOT-2012008496__F__haiku4.5__rep0.json	PILOT-2012008496	F	0	0.0	0.0	0.0	0.0	14	4	0	
PILOT-2012008496__F__haiku4.5__rep1.json	PILOT-2012008496	F	1	0.0	0.0	0.0	0.0	15	3	0	
PILOT-2012008496__F__haiku4.5__rep2.json	PILOT-2012008496	F	2	0.0	0.0	0.0	0.0	8	10	0	
PILOT-2012008496__F__sonnet4__rep0.json	PILOT-2012008496	F	0	0.0	0.0	0.0	0.0	18	0	0	
PILOT-2012008496__F__sonnet4__rep1.json	PILOT-2012008496	F	1	0.0	0.0	0.0	0.0	15	3	0	
PILOT-2012008496__F__sonnet4__rep2.json	PILOT-2012008496	F	2	0.0	0.0	0.0	0.0	15	3	0	
PILOT-2012008496__G__gpt4o-mini__rep0.json	PILOT-2012008496	G	0	0.0	0.0	0.0	0.0	6	12	0	
PILOT-2012008496__G__gpt4o-mini__rep1.json	PILOT-2012008496	G	1	0.0	0.0	0.0	0.0	6	12	0	
PILOT-2012008496__G__gpt4o-mini__rep2.json	PILOT-2012008496	G	2	0.0	0.0	0.0	0.0	12	6	0	
PILOT-2012008496__G__gpt5.4__rep0.json	PILOT-2012008496	G	0	0.0035	0.0278	0.0037	0.0065	18	0	0	
PILOT-2012008496__G__gpt5.4__rep1.json	PILOT-2012008496	G	1	0.0	0.0	0.0	0.0	18	0	0	
PILOT-2012008496__G__gpt5.4__rep2.json	PILOT-2012008496	G	2	0.0026	0.0278	0.0028	0.005	18	0	0	
PILOT-2012008496__G__haiku4.5__rep0.json	PILOT-2012008496	G	0	0.0008	0.1176	0.0008	0.0015	17	1	0	
PILOT-2012008496__G__haiku4.5__rep1.json	PILOT-2012008496	G	1	0.0	0.0	0.0	0.0	7	11	0	
PILOT-2012008496__G__haiku4.5__rep2.json	PILOT-2012008496	G	2	0.0	0.0	0.0	0.0	14	4	0	
PILOT-2012008496__G__sonnet4__rep0.json	PILOT-2012008496	G	0	0.0	0.0	0.0	0.0	18	0	0	
PILOT-2012008496__G__sonnet4__rep1.json	PILOT-2012008496	G	1	0.0	0.0	0.0	0.0	18	0	0	
PILOT-2012008496__G__sonnet4__rep2.json	PILOT-2012008496	G	2	0.0	0.0	0.0	0.0	18	0	0	
PILOT-2012010015__F__gpt4o-mini__rep0.json	PILOT-2012010015	F	0	0.0551	0.1333	0.0783	0.0979	4	10	0	
PILOT-2012010015__F__gpt4o-mini__rep1.json	PILOT-2012010015	F	1	0.0769	0.1666	0.1111	0.1333	2	12	0	
PILOT-2012010015__F__gpt4o-mini__rep2.json	PILOT-2012010015	F	2	0.0278	0.0833	0.0357	0.05	4	10	0	
PILOT-2012010015__F__gpt5.4__rep0.json	PILOT-2012010015	F	0	0.0154	0.0381	0.0221	0.0278	14	0	0	
PILOT-2012010015__F__gpt5.4__rep1.json	PILOT-2012010015	F	1	0.0089	0.0238	0.0119	0.0159	14	0	0	
PILOT-2012010015__F__gpt5.4__rep2.json	PILOT-2012010015	F	2	0.011	0.0238	0.0159	0.0191	14	0	0	
PILOT-2012010015__F__haiku4.5__rep0.json	PILOT-2012010015	F	0	0.016	0.0381	0.0232	0.0287	14	0	0	
PILOT-2012010015__F__haiku4.5__rep1.json	PILOT-2012010015	F	1	0.0157	0.041	0.0217	0.0284	13	1	0	
PILOT-2012010015__F__haiku4.5__rep2.json	PILOT-2012010015	F	2	0.0146	0.0381	0.0201	0.0263	14	0	0	
PILOT-2012010015__F__sonnet4__rep0.json	PILOT-2012010015	F	0	0.0084	0.0238	0.011	0.015	14	0	0	
PILOT-2012010015__F__sonnet4__rep1.json	PILOT-2012010015	F	1	0.0079	0.0238	0.0102	0.0143	14	0	0	
PILOT-2012010015__F__sonnet4__rep2.json	PILOT-2012010015	F	2	0.0057	0.0238	0.0068	0.0106	14	0	0	
PILOT-2012010015__G__gpt4o-mini__rep0.json	PILOT-2012010015	G	0	0.0227	0.0417	0.0417	0.0417	4	10	0	
PILOT-2012010015__G__gpt4o-mini__rep1.json	PILOT-2012010015	G	1	0.0227	0.0417	0.0417	0.0417	4	10	0	
PILOT-2012010015__G__gpt4o-mini__rep2.json	PILOT-2012010015	G	2	0.0477	0.0917	0.0833	0.0871	4	10	0	
PILOT-2012010015__G__gpt5.4__rep0.json	PILOT-2012010015	G	0	0.0	0.0	0.0	0.0	14	0	0	
PILOT-2012010015__G__gpt5.4__rep1.json	PILOT-2012010015	G	1	0.0051	0.0143	0.0071	0.0095	14	0	0	
PILOT-2012010015__G__gpt5.4__rep2.json	PILOT-2012010015	G	2	0.0	0.0	0.0	0.0	14	0	0	
PILOT-2012010015__G__haiku4.5__rep0.json	PILOT-2012010015	G	0	0.0	0.0	0.0	0.0	3	11	0	
PILOT-2012010015__G__haiku4.5__rep1.json	PILOT-2012010015	G	1	0.0357	0.1	0.05	0.0667	2	12	0	
PILOT-2012010015__G__haiku4.5__rep2.json	PILOT-2012010015	G	2	0.0	0.0	0.0	0.0	3	11	0	
PILOT-2012010015__G__sonnet4__rep0.json	PILOT-2012010015	G	0	0.0181	0.0381	0.0276	0.0315	14	0	0	
PILOT-2012010015__G__sonnet4__rep1.json	PILOT-2012010015	G	1	0.0065	0.0119	0.0119	0.0119	14	0	0	
PILOT-2012010015__G__sonnet4__rep2.json	PILOT-2012010015	G	2	0.0065	0.0119	0.0119	0.0119	14	0	0	
PILOT-2013000789__F__gpt4o-mini__rep0.json	PILOT-2013000789	F	0	0.0989	0.425	0.0994	0.1572	8	3	0	
PILOT-2013000789__F__gpt4o-mini__rep1.json	PILOT-2013000789	F	1	0.0867	0.4	0.0867	0.1364	5	6	0	
PILOT-2013000789__F__gpt4o-mini__rep2.json	PILOT-2013000789	F	2	0.0206	0.18	0.022	0.0392	5	6	0	
PILOT-2013000789__F__gpt5.4__rep0.json	PILOT-2013000789	F	0	0.0953	0.4	0.0957	0.1538	11	0	0	
PILOT-2013000789__F__gpt5.4__rep1.json	PILOT-2013000789	F	1	0.0934	0.4	0.0937	0.148	11	0	0	
PILOT-2013000789__F__gpt5.4__rep2.json	PILOT-2013000789	F	2	0.0524	0.3091	0.0528	0.0861	11	0	0	
PILOT-2013000789__F__haiku4.5__rep0.json	PILOT-2013000789	F	0	0.0936	0.44	0.094	0.1491	10	1	0	
PILOT-2013000789__F__haiku4.5__rep1.json	PILOT-2013000789	F	1	0.1034	0.5818	0.1037	0.1687	11	0	0	
PILOT-2013000789__F__haiku4.5__rep2.json	PILOT-2013000789	F	2	0.0942	0.4909	0.0946	0.1521	11	0	0	
PILOT-2013000789__F__sonnet4__rep0.json	PILOT-2013000789	F	0	0.0717	0.4909	0.072	0.1209	11	0	0	
PILOT-2013000789__F__sonnet4__rep1.json	PILOT-2013000789	F	1	0.0863	0.4909	0.0866	0.141	11	0	0	
PILOT-2013000789__F__sonnet4__rep2.json	PILOT-2013000789	F	2	0.082	0.4909	0.0823	0.1362	11	0	0	
PILOT-2013000789__G__gpt4o-mini__rep0.json	PILOT-2013000789	G	0	None	None	None	None	0	11	0	no_aligned_claims
PILOT-2013000789__G__gpt4o-mini__rep1.json	PILOT-2013000789	G	1	0.0267	0.28	0.0273	0.0497	5	6	0	
PILOT-2013000789__G__gpt4o-mini__rep2.json	PILOT-2013000789	G	2	0.0544	0.4	0.0549	0.0958	6	5	0	
PILOT-2013000789__G__gpt5.4__rep0.json	PILOT-2013000789	G	0	0.0599	0.3091	0.0604	0.0981	11	0	0	
PILOT-2013000789__G__gpt5.4__rep1.json	PILOT-2013000789	G	1	0.0539	0.3091	0.0543	0.0886	11	0	0	
PILOT-2013000789__G__gpt5.4__rep2.json	PILOT-2013000789	G	2	0.0825	0.4	0.0828	0.1343	11	0	0	
PILOT-2013000789__G__haiku4.5__rep0.json	PILOT-2013000789	G	0	0.0921	0.4909	0.0925	0.1485	11	0	0	
PILOT-2013000789__G__haiku4.5__rep1.json	PILOT-2013000789	G	1	0.1103	0.54	0.1107	0.1777	10	1	0	
PILOT-2013000789__G__haiku4.5__rep2.json	PILOT-2013000789	G	2	0.1008	0.54	0.1012	0.1624	10	1	0	
PILOT-2013000789__G__sonnet4__rep0.json	PILOT-2013000789	G	0	0.0993	0.5182	0.1002	0.1654	11	0	0	
PILOT-2013000789__G__sonnet4__rep1.json	PILOT-2013000789	G	1	0.096	0.5818	0.0963	0.1597	11	0	0	
PILOT-2013000789__G__sonnet4__rep2.json	PILOT-2013000789	G	2	0.083	0.4909	0.0833	0.1369	11	0	0	
PILOT-2013001277__F__gpt4o-mini__rep0.json	PILOT-2013001277	F	0	0.0	0.0	0.0	0.0	1	6	0	
PILOT-2013001277__F__gpt4o-mini__rep1.json	PILOT-2013001277	F	1	0.0143	0.0476	0.0179	0.026	7	0	0	
PILOT-2013001277__F__gpt4o-mini__rep2.json	PILOT-2013001277	F	2	0.0	0.0	0.0	0.0	7	0	0	
PILOT-2013001277__F__gpt5.4__rep0.json	PILOT-2013001277	F	0	0.0	0.0	0.0	0.0	7	0	0	
PILOT-2013001277__F__gpt5.4__rep1.json	PILOT-2013001277	F	1	0.0065	0.1429	0.0065	0.0124	7	0	0	
PILOT-2013001277__F__gpt5.4__rep2.json	PILOT-2013001277	F	2	0.0	0.0	0.0	0.0	7	0	0	
PILOT-2013001277__F__haiku4.5__rep0.json	PILOT-2013001277	F	0	0.0	0.0	0.0	0.0	7	0	0	
PILOT-2013001277__F__haiku4.5__rep1.json	PILOT-2013001277	F	1	0.0076	0.1667	0.0076	0.0145	6	1	0	
PILOT-2013001277__F__haiku4.5__rep2.json	PILOT-2013001277	F	2	0.0	0.0	0.0	0.0	7	0	0	
PILOT-2013001277__F__sonnet4__rep0.json	PILOT-2013001277	F	0	0.0	0.0	0.0	0.0	7	0	0	
PILOT-2013001277__F__sonnet4__rep1.json	PILOT-2013001277	F	1	0.0	0.0	0.0	0.0	7	0	0	
PILOT-2013001277__F__sonnet4__rep2.json	PILOT-2013001277	F	2	0.0	0.0	0.0	0.0	7	0	0	
PILOT-2013001277__G__gpt4o-mini__rep0.json	PILOT-2013001277	G	0	0.0	0.0	0.0	0.0	7	0	0	
PILOT-2013001277__G__gpt4o-mini__rep1.json	PILOT-2013001277	G	1	0.0	0.0	0.0	0.0	7	0	0	
PILOT-2013001277__G__gpt4o-mini__rep2.json	PILOT-2013001277	G	2	0.0	0.0	0.0	0.0	7	0	0	
PILOT-2013001277__G__gpt5.4__rep0.json	PILOT-2013001277	G	0	0.0	0.0	0.0	0.0	7	0	0	
PILOT-2013001277__G__gpt5.4__rep1.json	PILOT-2013001277	G	1	0.0	0.0	0.0	0.0	7	0	0	
PILOT-2013001277__G__gpt5.4__rep2.json	PILOT-2013001277	G	2	0.0065	0.1429	0.0065	0.0124	7	0	0	
PILOT-2013001277__G__haiku4.5__rep0.json	PILOT-2013001277	G	0	0.0	0.0	0.0	0.0	7	0	0	
PILOT-2013001277__G__haiku4.5__rep1.json	PILOT-2013001277	G	1	0.0	0.0	0.0	0.0	7	0	0	
PILOT-2013001277__G__haiku4.5__rep2.json	PILOT-2013001277	G	2	0.0	0.0	0.0	0.0	7	0	0	
PILOT-2013001277__G__sonnet4__rep0.json	PILOT-2013001277	G	0	0.0	0.0	0.0	0.0	7	0	0	
PILOT-2013001277__G__sonnet4__rep1.json	PILOT-2013001277	G	1	0.0	0.0	0.0	0.0	7	0	0	
PILOT-2013001277__G__sonnet4__rep2.json	PILOT-2013001277	G	2	0.0	0.0	0.0	0.0	7	0	0	
PILOT-2013007708__F__gpt4o-mini__rep0.json	PILOT-2013007708	F	0	0.0	0.0	0.0	0.0	8	8	0	
PILOT-2013007708__F__gpt4o-mini__rep1.json	PILOT-2013007708	F	1	None	None	None	None	0	16	0	no_aligned_claims
PILOT-2013007708__F__gpt4o-mini__rep2.json	PILOT-2013007708	F	2	0.0327	0.0408	0.1048	0.0586	7	9	0	
PILOT-2013007708__F__gpt5.4__rep0.json	PILOT-2013007708	F	0	0.0	0.0	0.0	0.0	16	0	0	
PILOT-2013007708__F__gpt5.4__rep1.json	PILOT-2013007708	F	1	0.0019	0.0027	0.0063	0.0038	16	0	0	
PILOT-2013007708__F__gpt5.4__rep2.json	PILOT-2013007708	F	2	0.0	0.0	0.0	0.0	16	0	0	
PILOT-2013007708__F__haiku4.5__rep0.json	PILOT-2013007708	F	0	0.0	0.0	0.0	0.0	16	0	0	
PILOT-2013007708__F__haiku4.5__rep1.json	PILOT-2013007708	F	1	0.0	0.0	0.0	0.0	16	0	0	
PILOT-2013007708__F__haiku4.5__rep2.json	PILOT-2013007708	F	2	0.0	0.0	0.0	0.0	16	0	0	
PILOT-2013007708__F__sonnet4__rep0.json	PILOT-2013007708	F	0	0.0143	0.0179	0.0458	0.0257	16	0	0	
PILOT-2013007708__F__sonnet4__rep1.json	PILOT-2013007708	F	1	0.0143	0.0179	0.0458	0.0257	16	0	0	
PILOT-2013007708__F__sonnet4__rep2.json	PILOT-2013007708	F	2	0.0143	0.0179	0.0458	0.0257	16	0	0	
PILOT-2013007708__G__gpt4o-mini__rep0.json	PILOT-2013007708	G	0	0.1103	0.2245	0.1233	0.1592	7	9	0	
PILOT-2013007708__G__gpt4o-mini__rep1.json	PILOT-2013007708	G	1	0.0235	0.0286	0.08	0.0421	5	11	0	
PILOT-2013007708__G__gpt4o-mini__rep2.json	PILOT-2013007708	G	2	0.0	0.0	0.0	0.0	6	10	0	
PILOT-2013007708__G__gpt5.4__rep0.json	PILOT-2013007708	G	0	0.0021	0.0027	0.0078	0.004	16	0	0	
PILOT-2013007708__G__gpt5.4__rep1.json	PILOT-2013007708	G	1	0.0018	0.0027	0.0052	0.0036	16	0	0	
PILOT-2013007708__G__gpt5.4__rep2.json	PILOT-2013007708	G	2	0.0	0.0	0.0	0.0	16	0	0	
PILOT-2013007708__G__haiku4.5__rep0.json	PILOT-2013007708	G	0	0.0	0.0	0.0	0.0	6	10	0	
PILOT-2013007708__G__haiku4.5__rep1.json	PILOT-2013007708	G	1	0.0	0.0	0.0	0.0	16	0	0	
PILOT-2013007708__G__haiku4.5__rep2.json	PILOT-2013007708	G	2	0.0	0.0	0.0	0.0	8	8	0	
PILOT-2013007708__G__sonnet4__rep0.json	PILOT-2013007708	G	0	0.0143	0.0179	0.0458	0.0257	16	0	0	
PILOT-2013007708__G__sonnet4__rep1.json	PILOT-2013007708	G	1	0.0	0.0	0.0	0.0	16	0	0	
PILOT-2013007708__G__sonnet4__rep2.json	PILOT-2013007708	G	2	0.0143	0.0179	0.0458	0.0257	16	0	0	
PILOT-2014002407__F__gpt4o-mini__rep0.json	PILOT-2014002407	F	0	0.025	0.0277	0.2167	0.0481	4	0	0	
PILOT-2014002407__F__gpt4o-mini__rep1.json	PILOT-2014002407	F	1	0.01	0.0106	0.1	0.0192	4	0	0	
PILOT-2014002407__F__gpt4o-mini__rep2.json	PILOT-2014002407	F	2	0.0393	0.0455	0.2208	0.0745	4	0	0	
PILOT-2014002407__F__gpt5.4__rep0.json	PILOT-2014002407	F	0	0.0161	0.018	0.1167	0.0312	4	0	0	
PILOT-2014002407__F__gpt5.4__rep1.json	PILOT-2014002407	F	1	0.0161	0.018	0.1167	0.0312	4	0	0	
PILOT-2014002407__F__gpt5.4__rep2.json	PILOT-2014002407	F	2	0.0471	0.0529	0.2938	0.0895	4	0	0	
PILOT-2014002407__F__haiku4.5__rep0.json	PILOT-2014002407	F	0	0.041	0.0455	0.2771	0.0775	4	0	0	
PILOT-2014002407__F__haiku4.5__rep1.json	PILOT-2014002407	F	1	None	None	None	None	0	4	0	no_aligned_claims
PILOT-2014002407__F__haiku4.5__rep2.json	PILOT-2014002407	F	2	None	None	None	None	0	4	0	no_aligned_claims
PILOT-2014002407__F__sonnet4__rep0.json	PILOT-2014002407	F	0	0.01	0.0106	0.1	0.0192	4	0	0	
PILOT-2014002407__F__sonnet4__rep1.json	PILOT-2014002407	F	1	0.01	0.0106	0.1	0.0192	4	0	0	
PILOT-2014002407__F__sonnet4__rep2.json	PILOT-2014002407	F	2	0.01	0.0106	0.1	0.0192	4	0	0	
PILOT-2014002407__G__gpt4o-mini__rep0.json	PILOT-2014002407	G	0	0.0393	0.0455	0.2208	0.0745	4	0	0	
PILOT-2014002407__G__gpt4o-mini__rep1.json	PILOT-2014002407	G	1	0.01	0.0106	0.1	0.0192	4	0	0	
PILOT-2014002407__G__gpt4o-mini__rep2.json	PILOT-2014002407	G	2	0.0051	0.0053	0.0833	0.01	4	0	0	
PILOT-2014002407__G__gpt5.4__rep0.json	PILOT-2014002407	G	0	0.0265	0.0306	0.1417	0.0504	4	0	0	
PILOT-2014002407__G__gpt5.4__rep1.json	PILOT-2014002407	G	1	0.0041	0.0053	0.0167	0.0081	4	0	0	
PILOT-2014002407__G__gpt5.4__rep2.json	PILOT-2014002407	G	2	0.0161	0.018	0.1167	0.0312	4	0	0	
PILOT-2014002407__G__haiku4.5__rep0.json	PILOT-2014002407	G	0	0.041	0.0455	0.2771	0.0775	4	0	0	
PILOT-2014002407__G__haiku4.5__rep1.json	PILOT-2014002407	G	1	0.041	0.0455	0.2771	0.0775	4	0	0	
PILOT-2014002407__G__haiku4.5__rep2.json	PILOT-2014002407	G	2	0.041	0.0455	0.2771	0.0775	4	0	0	
PILOT-2014002407__G__sonnet4__rep0.json	PILOT-2014002407	G	0	0.0083	0.0106	0.0323	0.016	4	0	0	
PILOT-2014002407__G__sonnet4__rep1.json	PILOT-2014002407	G	1	0.01	0.0106	0.1	0.0192	4	0	0	
PILOT-2014002407__G__sonnet4__rep2.json	PILOT-2014002407	G	2	0.01	0.0106	0.1	0.0192	4	0	0	
PILOT-2014002745__F__gpt4o-mini__rep0.json	PILOT-2014002745	F	0	0.0471	0.3214	0.0566	0.0861	4	10	0	
PILOT-2014002745__F__gpt4o-mini__rep1.json	PILOT-2014002745	F	1	0.0119	0.1666	0.0125	0.0232	2	12	0	
PILOT-2014002745__F__gpt4o-mini__rep2.json	PILOT-2014002745	F	2	0.05	0.1429	0.0667	0.0909	2	12	0	
PILOT-2014002745__F__gpt5.4__rep0.json	PILOT-2014002745	F	0	0.0189	0.1799	0.0207	0.0355	9	5	0	
PILOT-2014002745__F__gpt5.4__rep1.json	PILOT-2014002745	F	1	0.0254	0.1799	0.0275	0.0464	9	5	0	
PILOT-2014002745__F__gpt5.4__rep2.json	PILOT-2014002745	F	2	0.0351	0.2764	0.0384	0.065	14	0	0	
PILOT-2014002745__F__haiku4.5__rep0.json	PILOT-2014002745	F	0	0.0673	0.4014	0.0752	0.1199	14	0	0	
PILOT-2014002745__F__haiku4.5__rep1.json	PILOT-2014002745	F	1	0.0713	0.4014	0.0806	0.126	14	0	0	
PILOT-2014002745__F__haiku4.5__rep2.json	PILOT-2014002745	F	2	None	None	None	None	0	14	0	no_aligned_claims
PILOT-2014002745__F__sonnet4__rep0.json	PILOT-2014002745	F	0	0.0999	0.3656	0.119	0.162	14	0	0	
PILOT-2014002745__F__sonnet4__rep1.json	PILOT-2014002745	F	1	0.08	0.3418	0.0948	0.1348	14	0	0	
PILOT-2014002745__F__sonnet4__rep2.json	PILOT-2014002745	F	2	0.0508	0.3299	0.0567	0.0917	14	0	0	
PILOT-2014002745__G__gpt4o-mini__rep0.json	PILOT-2014002745	G	0	0.0162	0.0989	0.0195	0.0294	13	1	0	
PILOT-2014002745__G__gpt4o-mini__rep1.json	PILOT-2014002745	G	1	0.0955	0.6666	0.1056	0.1742	2	12	0	
PILOT-2014002745__G__gpt4o-mini__rep2.json	PILOT-2014002745	G	2	0.063	0.4444	0.0633	0.1097	3	11	0	
PILOT-2014002745__G__gpt5.4__rep0.json	PILOT-2014002745	G	0	0.0247	0.1799	0.0267	0.0451	9	5	0	
PILOT-2014002745__G__gpt5.4__rep1.json	PILOT-2014002745	G	1	0.0294	0.3376	0.0307	0.056	9	5	0	
PILOT-2014002745__G__gpt5.4__rep2.json	PILOT-2014002745	G	2	0.0232	0.1799	0.0246	0.0424	9	5	0	
PILOT-2014002745__G__haiku4.5__rep0.json	PILOT-2014002745	G	0	0.0217	0.2354	0.0238	0.0405	9	5	0	
PILOT-2014002745__G__haiku4.5__rep1.json	PILOT-2014002745	G	1	0.0743	0.4014	0.0838	0.1313	14	0	0	
PILOT-2014002745__G__haiku4.5__rep2.json	PILOT-2014002745	G	2	0.0218	0.2354	0.0238	0.0406	9	5	0	
PILOT-2014002745__G__sonnet4__rep0.json	PILOT-2014002745	G	0	0.079	0.3418	0.0931	0.1331	14	0	0	
PILOT-2014002745__G__sonnet4__rep1.json	PILOT-2014002745	G	1	0.0081	0.0918	0.0092	0.0152	14	0	0	
PILOT-2014002745__G__sonnet4__rep2.json	PILOT-2014002745	G	2	0.0855	0.3418	0.1002	0.1441	14	0	0	
PILOT-2014003236__F__gpt4o-mini__rep0.json	PILOT-2014003236	F	0	0.0	0.0	0.0	0.0	2	0	0	
PILOT-2014003236__F__gpt4o-mini__rep1.json	PILOT-2014003236	F	1	0.0	0.0	0.0	0.0	2	0	0	
PILOT-2014003236__F__gpt4o-mini__rep2.json	PILOT-2014003236	F	2	0.0	0.0	0.0	0.0	2	0	0	
PILOT-2014003236__F__gpt5.4__rep0.json	PILOT-2014003236	F	0	0.0	0.0	0.0	0.0	1	1	0	
PILOT-2014003236__F__gpt5.4__rep1.json	PILOT-2014003236	F	1	0.0	0.0	0.0	0.0	2	0	0	
PILOT-2014003236__F__gpt5.4__rep2.json	PILOT-2014003236	F	2	0.0	0.0	0.0	0.0	2	0	0	
PILOT-2014003236__F__haiku4.5__rep0.json	PILOT-2014003236	F	0	0.0	0.0	0.0	0.0	2	0	0	
PILOT-2014003236__F__haiku4.5__rep1.json	PILOT-2014003236	F	1	0.0	0.0	0.0	0.0	2	0	0	
PILOT-2014003236__F__haiku4.5__rep2.json	PILOT-2014003236	F	2	0.0	0.0	0.0	0.0	2	0	0	
PILOT-2014003236__F__sonnet4__rep0.json	PILOT-2014003236	F	0	0.0	0.0	0.0	0.0	2	0	0	
PILOT-2014003236__F__sonnet4__rep1.json	PILOT-2014003236	F	1	0.0	0.0	0.0	0.0	2	0	0	
PILOT-2014003236__F__sonnet4__rep2.json	PILOT-2014003236	F	2	0.0	0.0	0.0	0.0	2	0	0	
PILOT-2014003236__G__gpt4o-mini__rep0.json	PILOT-2014003236	G	0	0.0	0.0	0.0	0.0	2	0	0	
PILOT-2014003236__G__gpt4o-mini__rep1.json	PILOT-2014003236	G	1	0.0	0.0	0.0	0.0	2	0	0	
PILOT-2014003236__G__gpt4o-mini__rep2.json	PILOT-2014003236	G	2	0.0	0.0	0.0	0.0	2	0	0	
PILOT-2014003236__G__gpt5.4__rep0.json	PILOT-2014003236	G	0	0.0	0.0	0.0	0.0	1	1	0	
PILOT-2014003236__G__gpt5.4__rep1.json	PILOT-2014003236	G	1	0.0	0.0	0.0	0.0	1	1	0	
PILOT-2014003236__G__gpt5.4__rep2.json	PILOT-2014003236	G	2	0.0	0.0	0.0	0.0	1	1	0	
PILOT-2014003236__G__haiku4.5__rep0.json	PILOT-2014003236	G	0	0.0	0.0	0.0	0.0	2	0	0	
PILOT-2014003236__G__haiku4.5__rep1.json	PILOT-2014003236	G	1	0.0	0.0	0.0	0.0	2	0	0	
PILOT-2014003236__G__haiku4.5__rep2.json	PILOT-2014003236	G	2	0.0	0.0	0.0	0.0	2	0	0	
PILOT-2014003236__G__sonnet4__rep0.json	PILOT-2014003236	G	0	0.0	0.0	0.0	0.0	2	0	0	
PILOT-2014003236__G__sonnet4__rep1.json	PILOT-2014003236	G	1	0.0	0.0	0.0	0.0	2	0	0	
PILOT-2014003236__G__sonnet4__rep2.json	PILOT-2014003236	G	2	0.0	0.0	0.0	0.0	2	0	0	
PILOT-2014003587__F__gpt4o-mini__rep0.json	PILOT-2014003587	F	0	0.0	0.0	0.0	0.0	4	15	0	
PILOT-2014003587__F__gpt4o-mini__rep1.json	PILOT-2014003587	F	1	0.0519	0.0703	0.1396	0.0892	8	11	0	
PILOT-2014003587__F__gpt4o-mini__rep2.json	PILOT-2014003587	F	2	0.0951	0.129	0.244	0.1518	9	10	0	
PILOT-2014003587__F__gpt5.4__rep0.json	PILOT-2014003587	F	0	0.0	0.0	0.0	0.0	9	10	0	
PILOT-2014003587__F__gpt5.4__rep1.json	PILOT-2014003587	F	1	0.0079	0.0147	0.014	0.0143	13	6	0	
PILOT-2014003587__F__gpt5.4__rep2.json	PILOT-2014003587	F	2	0.015	0.0271	0.0288	0.0279	16	3	0	
PILOT-2014003587__F__haiku4.5__rep0.json	PILOT-2014003587	F	0	0.0034	0.0058	0.007	0.0064	19	0	0	
PILOT-2014003587__F__haiku4.5__rep1.json	PILOT-2014003587	F	1	0.0	0.0	0.0	0.0	19	0	0	
PILOT-2014003587__F__haiku4.5__rep2.json	PILOT-2014003587	F	2	0.0051	0.0077	0.0132	0.0096	19	0	0	
PILOT-2014003587__F__sonnet4__rep0.json	PILOT-2014003587	F	0	0.0018	0.0027	0.0053	0.0036	19	0	0	
PILOT-2014003587__F__sonnet4__rep1.json	PILOT-2014003587	F	1	0.0018	0.0027	0.005	0.0035	19	0	0	
PILOT-2014003587__F__sonnet4__rep2.json	PILOT-2014003587	F	2	0.0018	0.0027	0.0053	0.0036	19	0	0	
PILOT-2014003587__G__gpt4o-mini__rep0.json	PILOT-2014003587	G	0	0.001	0.0013	0.0032	0.0019	13	6	0	
PILOT-2014003587__G__gpt4o-mini__rep1.json	PILOT-2014003587	G	1	0.0069	0.0088	0.025	0.013	8	11	0	
PILOT-2014003587__G__gpt4o-mini__rep2.json	PILOT-2014003587	G	2	0.0348	0.0516	0.068	0.0555	16	3	0	
PILOT-2014003587__G__gpt5.4__rep0.json	PILOT-2014003587	G	0	0.0	0.0	0.0	0.0	13	6	0	
PILOT-2014003587__G__gpt5.4__rep1.json	PILOT-2014003587	G	1	0.015	0.0271	0.0288	0.0279	16	3	0	
PILOT-2014003587__G__gpt5.4__rep2.json	PILOT-2014003587	G	2	0.0	0.0	0.0	0.0	19	0	0	
PILOT-2014003587__G__haiku4.5__rep0.json	PILOT-2014003587	G	0	0.0039	0.0058	0.0096	0.0073	19	0	0	
PILOT-2014003587__G__haiku4.5__rep1.json	PILOT-2014003587	G	1	0.0178	0.0242	0.0586	0.0337	19	0	0	
PILOT-2014003587__G__haiku4.5__rep2.json	PILOT-2014003587	G	2	0.0161	0.0193	0.0749	0.0299	19	0	0	
PILOT-2014003587__G__sonnet4__rep0.json	PILOT-2014003587	G	0	0.0018	0.0027	0.0046	0.0034	19	0	0	
PILOT-2014003587__G__sonnet4__rep1.json	PILOT-2014003587	G	1	0.0017	0.0027	0.0044	0.0033	19	0	0	
PILOT-2014003587__G__sonnet4__rep2.json	PILOT-2014003587	G	2	0.0	0.0	0.0	0.0	19	0	0	
PILOT-2014006550__F__gpt4o-mini__rep0.json	PILOT-2014006550	F	0	None	None	None	None	0	20	0	no_aligned_claims
PILOT-2014006550__F__gpt4o-mini__rep1.json	PILOT-2014006550	F	1	0.0796	0.104	0.2491	0.1392	8	12	0	
PILOT-2014006550__F__gpt4o-mini__rep2.json	PILOT-2014006550	F	2	0.0437	0.0496	0.2148	0.0793	13	7	0	
PILOT-2014006550__F__gpt5.4__rep0.json	PILOT-2014006550	F	0	0.0	0.0	0.0	0.0	20	0	0	
PILOT-2014006550__F__gpt5.4__rep1.json	PILOT-2014006550	F	1	0.0	0.0	0.0	0.0	20	0	0	
PILOT-2014006550__F__gpt5.4__rep2.json	PILOT-2014006550	F	2	0.0012	0.0018	0.0031	0.0023	20	0	0	
PILOT-2014006550__F__haiku4.5__rep0.json	PILOT-2014006550	F	0	0.103	0.1414	0.2436	0.1745	20	0	0	
PILOT-2014006550__F__haiku4.5__rep1.json	PILOT-2014006550	F	1	0.093	0.1396	0.2029	0.1586	20	0	0	
PILOT-2014006550__F__haiku4.5__rep2.json	PILOT-2014006550	F	2	0.1047	0.1467	0.2341	0.1749	20	0	0	
PILOT-2014006550__F__sonnet4__rep0.json	PILOT-2014006550	F	0	0.0	0.0	0.0	0.0	20	0	0	
PILOT-2014006550__F__sonnet4__rep1.json	PILOT-2014006550	F	1	0.0	0.0	0.0	0.0	20	0	0	
PILOT-2014006550__F__sonnet4__rep2.json	PILOT-2014006550	F	2	0.0094	0.0112	0.0494	0.0178	20	0	0	
PILOT-2014006550__G__gpt4o-mini__rep0.json	PILOT-2014006550	G	0	0.1073	0.1343	0.4015	0.1931	3	17	0	
PILOT-2014006550__G__gpt4o-mini__rep1.json	PILOT-2014006550	G	1	0.0024	0.0033	0.0096	0.0048	20	0	0	
PILOT-2014006550__G__gpt4o-mini__rep2.json	PILOT-2014006550	G	2	0.2003	0.4624	0.3552	0.31	8	12	0	
PILOT-2014006550__G__gpt5.4__rep0.json	PILOT-2014006550	G	0	0.0	0.0	0.0	0.0	20	0	0	
PILOT-2014006550__G__gpt5.4__rep1.json	PILOT-2014006550	G	1	0.0	0.0	0.0	0.0	20	0	0	
PILOT-2014006550__G__gpt5.4__rep2.json	PILOT-2014006550	G	2	0.0056	0.0059	0.0333	0.01	20	0	0	
PILOT-2014006550__G__haiku4.5__rep0.json	PILOT-2014006550	G	0	0.0681	0.0923	0.1907	0.1198	20	0	0	
PILOT-2014006550__G__haiku4.5__rep1.json	PILOT-2014006550	G	1	0.0539	0.0688	0.1682	0.0952	20	0	0	
PILOT-2014006550__G__haiku4.5__rep2.json	PILOT-2014006550	G	2	0.0544	0.0678	0.156	0.0891	20	0	0	
PILOT-2014006550__G__sonnet4__rep0.json	PILOT-2014006550	G	0	0.001	0.0018	0.0022	0.002	20	0	0	
PILOT-2014006550__G__sonnet4__rep1.json	PILOT-2014006550	G	1	0.0	0.0	0.0	0.0	20	0	0	
PILOT-2014006550__G__sonnet4__rep2.json	PILOT-2014006550	G	2	0.001	0.0018	0.0022	0.002	20	0	0	
PILOT-2014007043__F__gpt4o-mini__rep0.json	PILOT-2014007043	F	0	0.034	0.049	0.0833	0.0617	3	2	0	
PILOT-2014007043__F__gpt4o-mini__rep1.json	PILOT-2014007043	F	1	0.0106	0.0147	0.0333	0.0204	4	1	0	
PILOT-2014007043__F__gpt4o-mini__rep2.json	PILOT-2014007043	F	2	0.0357	0.125	0.0417	0.0625	4	1	0	
PILOT-2014007043__F__gpt5.4__rep0.json	PILOT-2014007043	F	0	0.0	0.0	0.0	0.0	5	0	0	
PILOT-2014007043__F__gpt5.4__rep1.json	PILOT-2014007043	F	1	0.0329	0.3059	0.0428	0.0616	5	0	0	
PILOT-2014007043__F__gpt5.4__rep2.json	PILOT-2014007043	F	2	0.0346	0.1067	0.0833	0.0618	5	0	0	
PILOT-2014007043__F__haiku4.5__rep0.json	PILOT-2014007043	F	0	0.0198	0.1118	0.0671	0.0377	5	0	0	
PILOT-2014007043__F__haiku4.5__rep1.json	PILOT-2014007043	F	1	0.0198	0.1118	0.0671	0.0377	5	0	0	
PILOT-2014007043__F__haiku4.5__rep2.json	PILOT-2014007043	F	2	0.0198	0.1118	0.0671	0.0377	5	0	0	
PILOT-2014007043__F__sonnet4__rep0.json	PILOT-2014007043	F	0	0.0	0.0	0.0	0.0	5	0	0	
PILOT-2014007043__F__sonnet4__rep1.json	PILOT-2014007043	F	1	0.01	0.2	0.01	0.019	5	0	0	
PILOT-2014007043__F__sonnet4__rep2.json	PILOT-2014007043	F	2	0.0251	0.3118	0.0814	0.0481	5	0	0	
PILOT-2014007043__G__gpt4o-mini__rep0.json	PILOT-2014007043	G	0	0.0	0.0	0.0	0.0	4	1	0	
PILOT-2014007043__G__gpt4o-mini__rep1.json	PILOT-2014007043	G	1	0.0	0.0	0.0	0.0	4	1	0	
PILOT-2014007043__G__gpt4o-mini__rep2.json	PILOT-2014007043	G	2	0.0185	0.375	0.0186	0.0355	4	1	0	
PILOT-2014007043__G__gpt5.4__rep0.json	PILOT-2014007043	G	0	0.0167	0.1	0.0182	0.0308	5	0	0	
PILOT-2014007043__G__gpt5.4__rep1.json	PILOT-2014007043	G	1	0.0264	0.1125	0.0952	0.0501	5	0	0	
PILOT-2014007043__G__gpt5.4__rep2.json	PILOT-2014007043	G	2	0.0249	0.3125	0.0844	0.0483	5	0	0	
PILOT-2014007043__G__haiku4.5__rep0.json	PILOT-2014007043	G	0	0.028	0.3824	0.0634	0.0535	4	1	0	
PILOT-2014007043__G__haiku4.5__rep1.json	PILOT-2014007043	G	1	0.0179	0.1118	0.0487	0.0342	5	0	0	
PILOT-2014007043__G__haiku4.5__rep2.json	PILOT-2014007043	G	2	0.0	0.0	0.0	0.0	4	1	0	
PILOT-2014007043__G__sonnet4__rep0.json	PILOT-2014007043	G	0	0.0161	0.3	0.0162	0.0308	5	0	0	
PILOT-2014007043__G__sonnet4__rep1.json	PILOT-2014007043	G	1	0.0161	0.3	0.0162	0.0308	5	0	0	
PILOT-2014007043__G__sonnet4__rep2.json	PILOT-2014007043	G	2	0.0161	0.3	0.0162	0.0308	5	0	0	
PILOT-2014008375__F__gpt4o-mini__rep0.json	PILOT-2014008375	F	0	0.0741	0.1111	0.1333	0.1212	3	0	0	
PILOT-2014008375__F__gpt4o-mini__rep1.json	PILOT-2014008375	F	1	0.0	0.0	0.0	0.0	2	1	0	
PILOT-2014008375__F__gpt4o-mini__rep2.json	PILOT-2014008375	F	2	0.0833	0.1111	0.1667	0.1333	3	0	0	
PILOT-2014008375__F__gpt5.4__rep0.json	PILOT-2014008375	F	0	0.0047	0.0049	0.0833	0.0093	3	0	0	
PILOT-2014008375__F__gpt5.4__rep1.json	PILOT-2014008375	F	1	0.0047	0.0049	0.0833	0.0093	3	0	0	
PILOT-2014008375__F__gpt5.4__rep2.json	PILOT-2014008375	F	2	0.0513	0.0667	0.1333	0.0889	3	0	0	
PILOT-2014008375__F__haiku4.5__rep0.json	PILOT-2014008375	F	0	0.0	0.0	0.0	0.0	1	2	0	
PILOT-2014008375__F__haiku4.5__rep1.json	PILOT-2014008375	F	1	0.0	0.0	0.0	0.0	1	2	0	
PILOT-2014008375__F__haiku4.5__rep2.json	PILOT-2014008375	F	2	0.0	0.0	0.0	0.0	1	2	0	
PILOT-2014008375__F__sonnet4__rep0.json	PILOT-2014008375	F	0	0.0599	0.0765	0.1939	0.1058	3	0	0	
PILOT-2014008375__F__sonnet4__rep1.json	PILOT-2014008375	F	1	0.0599	0.0765	0.1939	0.1058	3	0	0	
PILOT-2014008375__F__sonnet4__rep2.json	PILOT-2014008375	F	2	0.0599	0.0765	0.1939	0.1058	3	0	0	
PILOT-2014008375__G__gpt4o-mini__rep0.json	PILOT-2014008375	G	0	0.0833	0.1111	0.1667	0.1333	3	0	0	
PILOT-2014008375__G__gpt4o-mini__rep1.json	PILOT-2014008375	G	1	0.0	0.0	0.0	0.0	2	1	0	
PILOT-2014008375__G__gpt4o-mini__rep2.json	PILOT-2014008375	G	2	0.0833	0.1111	0.1667	0.1333	3	0	0	
PILOT-2014008375__G__gpt5.4__rep0.json	PILOT-2014008375	G	0	0.0047	0.0049	0.0833	0.0093	3	0	0	
PILOT-2014008375__G__gpt5.4__rep1.json	PILOT-2014008375	G	1	0.0	0.0	0.0	0.0	3	0	0	
PILOT-2014008375__G__gpt5.4__rep2.json	PILOT-2014008375	G	2	0.0	0.0	0.0	0.0	3	0	0	
PILOT-2014008375__G__haiku4.5__rep0.json	PILOT-2014008375	G	0	0.0	0.0	0.0	0.0	1	2	0	
PILOT-2014008375__G__haiku4.5__rep1.json	PILOT-2014008375	G	1	0.0	0.0	0.0	0.0	1	2	0	
PILOT-2014008375__G__haiku4.5__rep2.json	PILOT-2014008375	G	2	0.0	0.0	0.0	0.0	1	2	0	
PILOT-2014008375__G__sonnet4__rep0.json	PILOT-2014008375	G	0	0.0599	0.0765	0.1939	0.1058	3	0	0	
PILOT-2014008375__G__sonnet4__rep1.json	PILOT-2014008375	G	1	0.0599	0.0765	0.1939	0.1058	3	0	0	
PILOT-2014008375__G__sonnet4__rep2.json	PILOT-2014008375	G	2	0.0087	0.0098	0.0606	0.0169	3	0	0	
PILOT-2014009096__F__gpt4o-mini__rep0.json	PILOT-2014009096	F	0	0.0075	0.0123	0.0186	0.0148	4	0	0	
PILOT-2014009096__F__gpt4o-mini__rep1.json	PILOT-2014009096	F	1	0.0046	0.0074	0.0117	0.009	4	0	0	
PILOT-2014009096__F__gpt4o-mini__rep2.json	PILOT-2014009096	F	2	0.0075	0.0123	0.0187	0.0148	4	0	0	
PILOT-2014009096__F__gpt5.4__rep0.json	PILOT-2014009096	F	0	0.0242	0.0495	0.0456	0.0468	4	0	0	
PILOT-2014009096__F__gpt5.4__rep1.json	PILOT-2014009096	F	1	0.0236	0.0495	0.0439	0.0458	4	0	0	
PILOT-2014009096__F__gpt5.4__rep2.json	PILOT-2014009096	F	2	0.0233	0.0495	0.043	0.0452	4	0	0	
PILOT-2014009096__F__haiku4.5__rep0.json	PILOT-2014009096	F	0	0.0299	0.0507	0.0648	0.0568	4	0	0	
PILOT-2014009096__F__haiku4.5__rep1.json	PILOT-2014009096	F	1	0.0058	0.0095	0.0139	0.0113	4	0	0	
PILOT-2014009096__F__haiku4.5__rep2.json	PILOT-2014009096	F	2	0.0043	0.0072	0.0104	0.0085	4	0	0	
PILOT-2014009096__F__sonnet4__rep0.json	PILOT-2014009096	F	0	0.0029	0.0047	0.0073	0.0058	4	0	0	
PILOT-2014009096__F__sonnet4__rep1.json	PILOT-2014009096	F	1	0.003	0.0047	0.0081	0.006	4	0	0	
PILOT-2014009096__F__sonnet4__rep2.json	PILOT-2014009096	F	2	0.003	0.0047	0.0081	0.006	4	0	0	
PILOT-2014009096__G__gpt4o-mini__rep0.json	PILOT-2014009096	G	0	0.0075	0.0123	0.0187	0.0148	4	0	0	
PILOT-2014009096__G__gpt4o-mini__rep1.json	PILOT-2014009096	G	1	0.0333	0.0665	0.0656	0.0638	4	0	0	
PILOT-2014009096__G__gpt4o-mini__rep2.json	PILOT-2014009096	G	2	0.0075	0.0123	0.0187	0.0148	4	0	0	
PILOT-2014009096__G__gpt5.4__rep0.json	PILOT-2014009096	G	0	0.023	0.0495	0.0426	0.0446	4	0	0	
PILOT-2014009096__G__gpt5.4__rep1.json	PILOT-2014009096	G	1	0.0166	0.0348	0.031	0.0321	4	0	0	
PILOT-2014009096__G__gpt5.4__rep2.json	PILOT-2014009096	G	2	0.0253	0.0542	0.0477	0.0491	4	0	0	
PILOT-2014009096__G__haiku4.5__rep0.json	PILOT-2014009096	G	0	0.0235	0.0592	0.0387	0.0453	3	1	0	
PILOT-2014009096__G__haiku4.5__rep1.json	PILOT-2014009096	G	1	0.0248	0.0495	0.0483	0.048	4	0	0	
PILOT-2014009096__G__haiku4.5__rep2.json	PILOT-2014009096	G	2	0.0777	0.1516	0.1364	0.1431	4	0	0	
PILOT-2014009096__G__sonnet4__rep0.json	PILOT-2014009096	G	0	0.0029	0.0047	0.0075	0.0058	4	0	0	
PILOT-2014009096__G__sonnet4__rep1.json	PILOT-2014009096	G	1	0.0029	0.0047	0.0073	0.0058	4	0	0	
PILOT-2014009096__G__sonnet4__rep2.json	PILOT-2014009096	G	2	0.0029	0.0047	0.0073	0.0058	4	0	0	
PILOT-2014009182__F__gpt4o-mini__rep0.json	PILOT-2014009182	F	0	0.0	0.0	0.0	0.0	2	10	0	
PILOT-2014009182__F__gpt4o-mini__rep1.json	PILOT-2014009182	F	1	0.01	0.0126	0.0441	0.0196	2	10	0	
PILOT-2014009182__F__gpt4o-mini__rep2.json	PILOT-2014009182	F	2	0.0113	0.0126	0.0882	0.0221	2	10	0	
PILOT-2014009182__F__gpt5.4__rep0.json	PILOT-2014009182	F	0	0.0	0.0	0.0	0.0	12	0	0	
PILOT-2014009182__F__gpt5.4__rep1.json	PILOT-2014009182	F	1	0.0525	0.0744	0.1	0.0845	8	4	0	
PILOT-2014009182__F__gpt5.4__rep2.json	PILOT-2014009182	F	2	0.0	0.0	0.0	0.0	12	0	0	
PILOT-2014009182__F__haiku4.5__rep0.json	PILOT-2014009182	F	0	0.0593	0.1778	0.0615	0.0914	5	7	0	
PILOT-2014009182__F__haiku4.5__rep1.json	PILOT-2014009182	F	1	0.0882	0.1609	0.1424	0.1419	12	0	0	
PILOT-2014009182__F__haiku4.5__rep2.json	PILOT-2014009182	F	2	0.0	0.0	0.0	0.0	12	0	0	
PILOT-2014009182__F__sonnet4__rep0.json	PILOT-2014009182	F	0	0.0	0.0	0.0	0.0	12	0	0	
PILOT-2014009182__F__sonnet4__rep1.json	PILOT-2014009182	F	1	0.0	0.0	0.0	0.0	12	0	0	
PILOT-2014009182__F__sonnet4__rep2.json	PILOT-2014009182	F	2	0.0	0.0	0.0	0.0	12	0	0	
PILOT-2014009182__G__gpt4o-mini__rep0.json	PILOT-2014009182	G	0	0.0028	0.0032	0.0221	0.0055	8	4	0	
PILOT-2014009182__G__gpt4o-mini__rep1.json	PILOT-2014009182	G	1	0.0	0.0	0.0	0.0	8	4	0	
PILOT-2014009182__G__gpt4o-mini__rep2.json	PILOT-2014009182	G	2	0.0024	0.0028	0.0133	0.0046	9	3	0	
PILOT-2014009182__G__gpt5.4__rep0.json	PILOT-2014009182	G	0	0.0128	0.0238	0.0208	0.0222	12	0	0	
PILOT-2014009182__G__gpt5.4__rep1.json	PILOT-2014009182	G	1	0.0	0.0	0.0	0.0	12	0	0	
PILOT-2014009182__G__gpt5.4__rep2.json	PILOT-2014009182	G	2	0.0374	0.0569	0.0875	0.0645	12	0	0	
PILOT-2014009182__G__haiku4.5__rep0.json	PILOT-2014009182	G	0	0.0	0.0	0.0	0.0	12	0	0	
PILOT-2014009182__G__haiku4.5__rep1.json	PILOT-2014009182	G	1	0.0	0.0	0.0	0.0	12	0	0	
PILOT-2014009182__G__haiku4.5__rep2.json	PILOT-2014009182	G	2	0.0	0.0	0.0	0.0	12	0	0	
PILOT-2014009182__G__sonnet4__rep0.json	PILOT-2014009182	G	0	0.0	0.0	0.0	0.0	12	0	0	
PILOT-2014009182__G__sonnet4__rep1.json	PILOT-2014009182	G	1	0.0	0.0	0.0	0.0	12	0	0	
PILOT-2014009182__G__sonnet4__rep2.json	PILOT-2014009182	G	2	0.0	0.0	0.0	0.0	12	0	0	
PILOT-2014009970__F__gpt4o-mini__rep0.json	PILOT-2014009970	F	0	0.0261	0.0592	0.0568	0.0484	5	4	0	
PILOT-2014009970__F__gpt4o-mini__rep1.json	PILOT-2014009970	F	1	0.0022	0.0026	0.0123	0.0042	9	0	0	
PILOT-2014009970__F__gpt4o-mini__rep2.json	PILOT-2014009970	F	2	0.0278	0.0417	0.0476	0.0444	9	0	0	
PILOT-2014009970__F__gpt5.4__rep0.json	PILOT-2014009970	F	0	0.0	0.0	0.0	0.0	9	0	0	
PILOT-2014009970__F__gpt5.4__rep1.json	PILOT-2014009970	F	1	0.0	0.0	0.0	0.0	8	1	0	
PILOT-2014009970__F__gpt5.4__rep2.json	PILOT-2014009970	F	2	0.0202	0.0278	0.0444	0.0342	9	0	0	
PILOT-2014009970__F__haiku4.5__rep0.json	PILOT-2014009970	F	0	0.0	0.0	0.0	0.0	9	0	0	
PILOT-2014009970__F__haiku4.5__rep1.json	PILOT-2014009970	F	1	0.0	0.0	0.0	0.0	9	0	0	
PILOT-2014009970__F__haiku4.5__rep2.json	PILOT-2014009970	F	2	0.0085	0.0278	0.0111	0.0159	9	0	0	
PILOT-2014009970__F__sonnet4__rep0.json	PILOT-2014009970	F	0	0.0	0.0	0.0	0.0	6	3	0	
PILOT-2014009970__F__sonnet4__rep1.json	PILOT-2014009970	F	1	0.0	0.0	0.0	0.0	6	3	0	
PILOT-2014009970__F__sonnet4__rep2.json	PILOT-2014009970	F	2	0.0	0.0	0.0	0.0	6	3	0	
PILOT-2014009970__G__gpt4o-mini__rep0.json	PILOT-2014009970	G	0	0.0222	0.0278	0.0556	0.037	9	0	0	
PILOT-2014009970__G__gpt4o-mini__rep1.json	PILOT-2014009970	G	1	0.0032	0.0038	0.0175	0.0063	9	0	0	
PILOT-2014009970__G__gpt4o-mini__rep2.json	PILOT-2014009970	G	2	0.0222	0.0278	0.0556	0.037	9	0	0	
PILOT-2014009970__G__gpt5.4__rep0.json	PILOT-2014009970	G	0	0.0185	0.0278	0.037	0.0317	9	0	0	
PILOT-2014009970__G__gpt5.4__rep1.json	PILOT-2014009970	G	1	0.0	0.0	0.0	0.0	9	0	0	
PILOT-2014009970__G__gpt5.4__rep2.json	PILOT-2014009970	G	2	0.0	0.0	0.0	0.0	3	6	0	
PILOT-2014009970__G__haiku4.5__rep0.json	PILOT-2014009970	G	0	0.0318	0.1898	0.0338	0.0567	9	0	0	
PILOT-2014009970__G__haiku4.5__rep1.json	PILOT-2014009970	G	1	0.0139	0.0278	0.0222	0.0247	9	0	0	
PILOT-2014009970__G__haiku4.5__rep2.json	PILOT-2014009970	G	2	0.0139	0.0278	0.0222	0.0247	9	0	0	
PILOT-2014009970__G__sonnet4__rep0.json	PILOT-2014009970	G	0	0.0228	0.0316	0.052	0.0393	9	0	0	
PILOT-2014009970__G__sonnet4__rep1.json	PILOT-2014009970	G	1	0.0129	0.0316	0.0202	0.0238	9	0	0	
PILOT-2014009970__G__sonnet4__rep2.json	PILOT-2014009970	G	2	0.0335	0.0711	0.053	0.0607	4	5	0	
PILOT-2015000199__F__gpt4o-mini__rep0.json	PILOT-2015000199	F	0	0.0573	0.07	0.1767	0.0927	10	0	0	
PILOT-2015000199__F__gpt4o-mini__rep1.json	PILOT-2015000199	F	1	None	None	None	None	0	10	0	no_aligned_claims
PILOT-2015000199__F__gpt4o-mini__rep2.json	PILOT-2015000199	F	2	0.0422	0.0566	0.1223	0.0739	10	0	0	
PILOT-2015000199__F__gpt5.4__rep0.json	PILOT-2015000199	F	0	0.0549	0.0825	0.1252	0.0914	10	0	0	
PILOT-2015000199__F__gpt5.4__rep1.json	PILOT-2015000199	F	1	0.0464	0.0664	0.1169	0.0801	10	0	0	
PILOT-2015000199__F__gpt5.4__rep2.json	PILOT-2015000199	F	2	0.0186	0.0277	0.0511	0.0331	10	0	0	
PILOT-2015000199__F__haiku4.5__rep0.json	PILOT-2015000199	F	0	0.0138	0.0187	0.0425	0.0254	10	0	0	
PILOT-2015000199__F__haiku4.5__rep1.json	PILOT-2015000199	F	1	0.0713	0.0866	0.1049	0.0944	10	0	0	
PILOT-2015000199__F__haiku4.5__rep2.json	PILOT-2015000199	F	2	0.0203	0.0321	0.0441	0.037	10	0	0	
PILOT-2015000199__F__sonnet4__rep0.json	PILOT-2015000199	F	0	0.0118	0.0179	0.0256	0.021	10	0	0	
PILOT-2015000199__F__sonnet4__rep1.json	PILOT-2015000199	F	1	0.1075	0.1473	0.2006	0.1488	10	0	0	
PILOT-2015000199__F__sonnet4__rep2.json	PILOT-2015000199	F	2	0.0498	0.0884	0.1009	0.0845	10	0	0	
PILOT-2015000199__G__gpt4o-mini__rep0.json	PILOT-2015000199	G	0	0.0292	0.0352	0.1033	0.0524	10	0	0	
PILOT-2015000199__G__gpt4o-mini__rep1.json	PILOT-2015000199	G	1	0.0661	0.0859	0.2746	0.1221	4	6	0	
PILOT-2015000199__G__gpt4o-mini__rep2.json	PILOT-2015000199	G	2	0.0094	0.0111	0.0385	0.0172	10	0	0	
PILOT-2015000199__G__gpt5.4__rep0.json	PILOT-2015000199	G	0	0.0549	0.0763	0.1358	0.0915	10	0	0	
PILOT-2015000199__G__gpt5.4__rep1.json	PILOT-2015000199	G	1	0.0461	0.0683	0.1119	0.0788	10	0	0	
PILOT-2015000199__G__gpt5.4__rep2.json	PILOT-2015000199	G	2	0.0529	0.079	0.1233	0.0887	10	0	0	
PILOT-2015000199__G__haiku4.5__rep0.json	PILOT-2015000199	G	0	0.0219	0.029	0.0552	0.037	10	0	0	
PILOT-2015000199__G__haiku4.5__rep1.json	PILOT-2015000199	G	1	0.0164	0.0259	0.046	0.0306	10	0	0	
PILOT-2015000199__G__haiku4.5__rep2.json	PILOT-2015000199	G	2	0.017	0.0254	0.0413	0.03	10	0	0	
PILOT-2015000199__G__sonnet4__rep0.json	PILOT-2015000199	G	0	0.0265	0.0384	0.0895	0.048	10	0	0	
PILOT-2015000199__G__sonnet4__rep1.json	PILOT-2015000199	G	1	0.0283	0.0384	0.1073	0.051	10	0	0	
PILOT-2015000199__G__sonnet4__rep2.json	PILOT-2015000199	G	2	0.0144	0.025	0.0325	0.0268	10	0	0	
PILOT-2015004151__F__gpt4o-mini__rep0.json	PILOT-2015004151	F	0	0.0222	0.1333	0.0235	0.04	5	1	0	
PILOT-2015004151__F__gpt4o-mini__rep1.json	PILOT-2015004151	F	1	0.0208	0.1111	0.0222	0.037	6	0	0	
PILOT-2015004151__F__gpt4o-mini__rep2.json	PILOT-2015004151	F	2	0.0208	0.1111	0.0222	0.037	6	0	0	
PILOT-2015004151__F__gpt5.4__rep0.json	PILOT-2015004151	F	0	0.0312	0.1667	0.0333	0.0556	4	2	0	
PILOT-2015004151__F__gpt5.4__rep1.json	PILOT-2015004151	F	1	0.0294	0.1667	0.0312	0.0526	4	2	0	
PILOT-2015004151__F__gpt5.4__rep2.json	PILOT-2015004151	F	2	0.0294	0.1667	0.0312	0.0526	4	2	0	
PILOT-2015004151__F__haiku4.5__rep0.json	PILOT-2015004151	F	0	0.0204	0.2778	0.0208	0.0384	6	0	0	
PILOT-2015004151__F__haiku4.5__rep1.json	PILOT-2015004151	F	1	0.0204	0.2778	0.0208	0.0384	6	0	0	
PILOT-2015004151__F__haiku4.5__rep2.json	PILOT-2015004151	F	2	0.0238	0.2778	0.0244	0.0442	6	0	0	
PILOT-2015004151__F__sonnet4__rep0.json	PILOT-2015004151	F	0	0.0208	0.1111	0.0222	0.037	6	0	0	
PILOT-2015004151__F__sonnet4__rep1.json	PILOT-2015004151	F	1	0.0208	0.1111	0.0222	0.037	6	0	0	
PILOT-2015004151__F__sonnet4__rep2.json	PILOT-2015004151	F	2	0.0208	0.1111	0.0222	0.037	6	0	0	
PILOT-2015004151__G__gpt4o-mini__rep0.json	PILOT-2015004151	G	0	0.0175	0.1111	0.0185	0.0318	6	0	0	
PILOT-2015004151__G__gpt4o-mini__rep1.json	PILOT-2015004151	G	1	0.0312	0.1667	0.0333	0.0556	4	2	0	
PILOT-2015004151__G__gpt4o-mini__rep2.json	PILOT-2015004151	G	2	0.0208	0.1111	0.0222	0.037	6	0	0	
PILOT-2015004151__G__gpt5.4__rep0.json	PILOT-2015004151	G	0	0.0294	0.1667	0.0312	0.0526	4	2	0	
PILOT-2015004151__G__gpt5.4__rep1.json	PILOT-2015004151	G	1	0.0312	0.1667	0.0333	0.0556	4	2	0	
PILOT-2015004151__G__gpt5.4__rep2.json	PILOT-2015004151	G	2	0.0312	0.1667	0.0333	0.0556	4	2	0	
PILOT-2015004151__G__haiku4.5__rep0.json	PILOT-2015004151	G	0	0.0145	0.1111	0.0151	0.0267	6	0	0	
PILOT-2015004151__G__haiku4.5__rep1.json	PILOT-2015004151	G	1	0.0145	0.1111	0.0151	0.0267	6	0	0	
PILOT-2015004151__G__haiku4.5__rep2.json	PILOT-2015004151	G	2	0.0145	0.1111	0.0151	0.0267	6	0	0	
PILOT-2015004151__G__sonnet4__rep0.json	PILOT-2015004151	G	0	0.0208	0.1111	0.0222	0.037	6	0	0	
PILOT-2015004151__G__sonnet4__rep1.json	PILOT-2015004151	G	1	0.0208	0.1111	0.0222	0.037	6	0	0	
PILOT-2015004151__G__sonnet4__rep2.json	PILOT-2015004151	G	2	0.0286	0.1333	0.0308	0.05	5	1	0	
PILOT-2015004158__F__gpt4o-mini__rep0.json	PILOT-2015004158	F	0	0.0	0.0	0.0	0.0	2	5	0	
PILOT-2015004158__F__gpt4o-mini__rep1.json	PILOT-2015004158	F	1	0.0	0.0	0.0	0.0	2	5	0	
PILOT-2015004158__F__gpt4o-mini__rep2.json	PILOT-2015004158	F	2	0.0	0.0	0.0	0.0	2	5	0	
PILOT-2015004158__F__gpt5.4__rep0.json	PILOT-2015004158	F	0	0.0499	0.076	0.1079	0.0884	7	0	0	
PILOT-2015004158__F__gpt5.4__rep1.json	PILOT-2015004158	F	1	0.0357	0.0617	0.0649	0.0632	7	0	0	
PILOT-2015004158__F__gpt5.4__rep2.json	PILOT-2015004158	F	2	0.0499	0.076	0.1079	0.0884	7	0	0	
PILOT-2015004158__F__haiku4.5__rep0.json	PILOT-2015004158	F	0	0.1007	0.3227	0.1129	0.1651	5	2	0	
PILOT-2015004158__F__haiku4.5__rep1.json	PILOT-2015004158	F	1	0.0397	0.0617	0.0794	0.0694	7	0	0	
PILOT-2015004158__F__haiku4.5__rep2.json	PILOT-2015004158	F	2	0.044	0.1534	0.0563	0.0809	4	3	0	
PILOT-2015004158__F__sonnet4__rep0.json	PILOT-2015004158	F	0	0.0397	0.0617	0.0794	0.0694	7	0	0	
PILOT-2015004158__F__sonnet4__rep1.json	PILOT-2015004158	F	1	0.0397	0.0617	0.0794	0.0694	7	0	0	
PILOT-2015004158__F__sonnet4__rep2.json	PILOT-2015004158	F	2	0.0397	0.0617	0.0794	0.0694	7	0	0	
PILOT-2015004158__G__gpt4o-mini__rep0.json	PILOT-2015004158	G	0	0.0	0.0	0.0	0.0	2	5	0	
PILOT-2015004158__G__gpt4o-mini__rep1.json	PILOT-2015004158	G	1	0.0	0.0	0.0	0.0	2	5	0	
PILOT-2015004158__G__gpt4o-mini__rep2.json	PILOT-2015004158	G	2	0.0	0.0	0.0	0.0	2	5	0	
PILOT-2015004158__G__gpt5.4__rep0.json	PILOT-2015004158	G	0	0.0369	0.076	0.0606	0.0673	7	0	0	
PILOT-2015004158__G__gpt5.4__rep1.json	PILOT-2015004158	G	1	0.0499	0.076	0.1079	0.0884	7	0	0	
PILOT-2015004158__G__gpt5.4__rep2.json	PILOT-2015004158	G	2	0.0499	0.076	0.1079	0.0884	7	0	0	
PILOT-2015004158__G__haiku4.5__rep0.json	PILOT-2015004158	G	0	0.0979	0.2045	0.1376	0.1521	7	0	0	
PILOT-2015004158__G__haiku4.5__rep1.json	PILOT-2015004158	G	1	0.057	0.1136	0.1013	0.1003	7	0	0	
PILOT-2015004158__G__haiku4.5__rep2.json	PILOT-2015004158	G	2	0.0979	0.2045	0.1376	0.1521	7	0	0	
PILOT-2015004158__G__sonnet4__rep0.json	PILOT-2015004158	G	0	0.0397	0.0617	0.0794	0.0694	7	0	0	
PILOT-2015004158__G__sonnet4__rep1.json	PILOT-2015004158	G	1	0.0397	0.0617	0.0794	0.0694	7	0	0	
PILOT-2015004158__G__sonnet4__rep2.json	PILOT-2015004158	G	2	0.0397	0.0617	0.0794	0.0694	7	0	0	
PILOT-2015004926__F__gpt4o-mini__rep0.json	PILOT-2015004926	F	0	0.0902	0.167	0.1803	0.1537	6	9	0	
PILOT-2015004926__F__gpt4o-mini__rep1.json	PILOT-2015004926	F	1	0.0434	0.0739	0.1138	0.0791	9	6	0	
PILOT-2015004926__F__gpt4o-mini__rep2.json	PILOT-2015004926	F	2	0.0971	0.1303	0.1431	0.1364	10	5	0	
PILOT-2015004926__F__gpt5.4__rep0.json	PILOT-2015004926	F	0	0.0067	0.0133	0.0111	0.0121	15	0	0	
PILOT-2015004926__F__gpt5.4__rep1.json	PILOT-2015004926	F	1	0.0073	0.0146	0.0127	0.0136	15	0	0	
PILOT-2015004926__F__gpt5.4__rep2.json	PILOT-2015004926	F	2	0.0	0.0	0.0	0.0	14	1	0	
PILOT-2015004926__F__haiku4.5__rep0.json	PILOT-2015004926	F	0	0.0098	0.0263	0.0152	0.0192	2	13	0	
PILOT-2015004926__F__haiku4.5__rep1.json	PILOT-2015004926	F	1	0.0098	0.0263	0.0152	0.0192	2	13	0	
PILOT-2015004926__F__haiku4.5__rep2.json	PILOT-2015004926	F	2	0.0098	0.0263	0.0152	0.0192	2	13	0	
PILOT-2015004926__F__sonnet4__rep0.json	PILOT-2015004926	F	0	0.0532	0.0969	0.0942	0.0922	15	0	0	
PILOT-2015004926__F__sonnet4__rep1.json	PILOT-2015004926	F	1	0.0923	0.1719	0.1528	0.1477	12	3	0	
PILOT-2015004926__F__sonnet4__rep2.json	PILOT-2015004926	F	2	0.0439	0.0767	0.0766	0.0746	15	0	0	
PILOT-2015004926__G__gpt4o-mini__rep0.json	PILOT-2015004926	G	0	0.0027	0.0058	0.0048	0.0053	9	6	0	
PILOT-2015004926__G__gpt4o-mini__rep1.json	PILOT-2015004926	G	1	0.0023	0.0048	0.0041	0.0044	11	4	0	
PILOT-2015004926__G__gpt4o-mini__rep2.json	PILOT-2015004926	G	2	0.0924	0.1175	0.2262	0.1529	6	9	0	
PILOT-2015004926__G__gpt5.4__rep0.json	PILOT-2015004926	G	0	0.0163	0.0313	0.028	0.0295	15	0	0	
PILOT-2015004926__G__gpt5.4__rep1.json	PILOT-2015004926	G	1	0.0014	0.0035	0.0024	0.0028	15	0	0	
PILOT-2015004926__G__gpt5.4__rep2.json	PILOT-2015004926	G	2	0.0229	0.0461	0.0353	0.0399	15	0	0	
PILOT-2015004926__G__haiku4.5__rep0.json	PILOT-2015004926	G	0	0.0	0.0	0.0	0.0	12	3	0	
PILOT-2015004926__G__haiku4.5__rep1.json	PILOT-2015004926	G	1	0.0138	0.0387	0.0202	0.0258	15	0	0	
PILOT-2015004926__G__haiku4.5__rep2.json	PILOT-2015004926	G	2	0.0	0.0	0.0	0.0	15	0	0	
PILOT-2015004926__G__sonnet4__rep0.json	PILOT-2015004926	G	0	0.05	0.1074	0.0844	0.0865	15	0	0	
PILOT-2015004926__G__sonnet4__rep1.json	PILOT-2015004926	G	1	0.0494	0.1014	0.0951	0.0858	15	0	0	
PILOT-2015004926__G__sonnet4__rep2.json	PILOT-2015004926	G	2	0.0494	0.1014	0.0951	0.0858	15	0	0	
PILOT-2015005752__F__gpt4o-mini__rep0.json	PILOT-2015005752	F	0	0.0459	0.0789	0.1116	0.0844	5	2	0	
PILOT-2015005752__F__gpt4o-mini__rep1.json	PILOT-2015005752	F	1	0.1837	0.2615	0.3222	0.2869	5	2	0	
PILOT-2015005752__F__gpt4o-mini__rep2.json	PILOT-2015005752	F	2	0.1067	0.1551	0.2316	0.1697	4	3	0	
PILOT-2015005752__F__gpt5.4__rep0.json	PILOT-2015005752	F	0	0.0511	0.0758	0.0865	0.0782	7	0	0	
PILOT-2015005752__F__gpt5.4__rep1.json	PILOT-2015005752	F	1	0.0511	0.0758	0.0865	0.0782	7	0	0	
PILOT-2015005752__F__gpt5.4__rep2.json	PILOT-2015005752	F	2	0.0493	0.0736	0.0779	0.0747	7	0	0	
PILOT-2015005752__F__haiku4.5__rep0.json	PILOT-2015005752	F	0	0.053	0.078	0.0966	0.0819	7	0	0	
PILOT-2015005752__F__haiku4.5__rep1.json	PILOT-2015005752	F	1	0.0588	0.1366	0.0951	0.1004	4	3	0	
PILOT-2015005752__F__haiku4.5__rep2.json	PILOT-2015005752	F	2	0.092	0.1366	0.155	0.1417	4	3	0	
PILOT-2015005752__F__sonnet4__rep0.json	PILOT-2015005752	F	0	0.0476	0.0714	0.0714	0.0714	7	0	0	
PILOT-2015005752__F__sonnet4__rep1.json	PILOT-2015005752	F	1	0.0476	0.0714	0.0714	0.0714	7	0	0	
PILOT-2015005752__F__sonnet4__rep2.json	PILOT-2015005752	F	2	0.0476	0.0714	0.0714	0.0714	7	0	0	
PILOT-2015005752__G__gpt4o-mini__rep0.json	PILOT-2015005752	G	0	0.1701	0.317	0.2834	0.2593	5	2	0	
PILOT-2015005752__G__gpt4o-mini__rep1.json	PILOT-2015005752	G	1	0.0167	0.037	0.0256	0.0303	6	1	0	
PILOT-2015005752__G__gpt4o-mini__rep2.json	PILOT-2015005752	G	2	0.0203	0.0301	0.0696	0.0389	4	3	0	
PILOT-2015005752__G__gpt5.4__rep0.json	PILOT-2015005752	G	0	0.0547	0.0824	0.0889	0.0849	7	0	0	
PILOT-2015005752__G__gpt5.4__rep1.json	PILOT-2015005752	G	1	0.0511	0.0758	0.0865	0.0782	7	0	0	
PILOT-2015005752__G__gpt5.4__rep2.json	PILOT-2015005752	G	2	0.0511	0.0758	0.0865	0.0782	7	0	0	
PILOT-2015005752__G__haiku4.5__rep0.json	PILOT-2015005752	G	0	0.0476	0.0714	0.0714	0.0714	7	0	0	
PILOT-2015005752__G__haiku4.5__rep1.json	PILOT-2015005752	G	1	0.0336	0.078	0.0543	0.0574	7	0	0	
PILOT-2015005752__G__haiku4.5__rep2.json	PILOT-2015005752	G	2	0.0924	0.1366	0.1607	0.1424	4	3	0	
PILOT-2015005752__G__sonnet4__rep0.json	PILOT-2015005752	G	0	0.0476	0.0714	0.0714	0.0714	7	0	0	
PILOT-2015005752__G__sonnet4__rep1.json	PILOT-2015005752	G	1	0.0476	0.0714	0.0714	0.0714	7	0	0	
PILOT-2015005752__G__sonnet4__rep2.json	PILOT-2015005752	G	2	0.0476	0.0714	0.0714	0.0714	7	0	0	
PILOT-2015006206__F__gpt4o-mini__rep0.json	PILOT-2015006206	F	0	0.0517	0.0587	0.28	0.0945	5	2	0	
PILOT-2015006206__F__gpt4o-mini__rep1.json	PILOT-2015006206	F	1	0.0257	0.034	0.0791	0.0469	7	0	0	
PILOT-2015006206__F__gpt4o-mini__rep2.json	PILOT-2015006206	F	2	0.0292	0.0595	0.0528	0.0551	4	3	0	
PILOT-2015006206__F__gpt5.4__rep0.json	PILOT-2015006206	F	0	0.0168	0.0204	0.0571	0.0301	7	0	0	
PILOT-2015006206__F__gpt5.4__rep1.json	PILOT-2015006206	F	1	0.0298	0.034	0.1524	0.0539	7	0	0	
PILOT-2015006206__F__gpt5.4__rep2.json	PILOT-2015006206	F	2	0.0294	0.0357	0.1	0.0526	4	3	0	
PILOT-2015006206__F__haiku4.5__rep0.json	PILOT-2015006206	F	0	0.0588	0.0714	0.2	0.1052	2	5	0	
PILOT-2015006206__F__haiku4.5__rep1.json	PILOT-2015006206	F	1	0.0092	0.0204	0.015	0.0173	7	0	0	
PILOT-2015006206__F__haiku4.5__rep2.json	PILOT-2015006206	F	2	0.0111	0.0286	0.0167	0.0211	5	2	0	
PILOT-2015006206__F__sonnet4__rep0.json	PILOT-2015006206	F	0	0.0168	0.0204	0.0571	0.0301	7	0	0	
PILOT-2015006206__F__sonnet4__rep1.json	PILOT-2015006206	F	1	0.0168	0.0204	0.0571	0.0301	7	0	0	
PILOT-2015006206__F__sonnet4__rep2.json	PILOT-2015006206	F	2	0.0168	0.0204	0.0571	0.0301	7	0	0	
PILOT-2015006206__G__gpt4o-mini__rep0.json	PILOT-2015006206	G	0	0.0271	0.0476	0.0622	0.0508	5	2	0	
PILOT-2015006206__G__gpt4o-mini__rep1.json	PILOT-2015006206	G	1	0.0297	0.0476	0.073	0.0552	5	2	0	
PILOT-2015006206__G__gpt4o-mini__rep2.json	PILOT-2015006206	G	2	0.0517	0.0587	0.28	0.0945	5	2	0	
PILOT-2015006206__G__gpt5.4__rep0.json	PILOT-2015006206	G	0	0.0168	0.0204	0.0571	0.0301	7	0	0	
PILOT-2015006206__G__gpt5.4__rep1.json	PILOT-2015006206	G	1	0.0294	0.0357	0.1	0.0526	4	3	0	
PILOT-2015006206__G__gpt5.4__rep2.json	PILOT-2015006206	G	2	0.0168	0.0204	0.0571	0.0301	7	0	0	
PILOT-2015006206__G__haiku4.5__rep0.json	PILOT-2015006206	G	0	0.0095	0.0204	0.0159	0.0179	7	0	0	
PILOT-2015006206__G__haiku4.5__rep1.json	PILOT-2015006206	G	1	0.0293	0.0499	0.0706	0.0549	7	0	0	
PILOT-2015006206__G__haiku4.5__rep2.json	PILOT-2015006206	G	2	0.0092	0.0204	0.015	0.0173	7	0	0	
PILOT-2015006206__G__sonnet4__rep0.json	PILOT-2015006206	G	0	0.0168	0.0204	0.0571	0.0301	7	0	0	
PILOT-2015006206__G__sonnet4__rep1.json	PILOT-2015006206	G	1	0.0168	0.0204	0.0571	0.0301	7	0	0	
PILOT-2015006206__G__sonnet4__rep2.json	PILOT-2015006206	G	2	0.0168	0.0204	0.0571	0.0301	7	0	0	
PILOT-2015006603__F__gpt4o-mini__rep0.json	PILOT-2015006603	F	0	0.0	0.0	0.0	0.0	3	17	0	
PILOT-2015006603__F__gpt4o-mini__rep1.json	PILOT-2015006603	F	1	0.0703	0.0774	0.2948	0.1179	7	13	0	
PILOT-2015006603__F__gpt4o-mini__rep2.json	PILOT-2015006603	F	2	0.0934	0.1031	0.5	0.1708	3	17	0	
PILOT-2015006603__F__gpt5.4__rep0.json	PILOT-2015006603	F	0	0.0009	0.0014	0.0024	0.0018	19	1	0	
PILOT-2015006603__F__gpt5.4__rep1.json	PILOT-2015006603	F	1	0.0	0.0	0.0	0.0	17	3	0	
PILOT-2015006603__F__gpt5.4__rep2.json	PILOT-2015006603	F	2	0.0	0.0	0.0	0.0	17	3	0	
PILOT-2015006603__F__haiku4.5__rep0.json	PILOT-2015006603	F	0	0.0248	0.0376	0.0615	0.0467	5	15	0	
PILOT-2015006603__F__haiku4.5__rep1.json	PILOT-2015006603	F	1	0.0248	0.0376	0.0615	0.0467	5	15	0	
PILOT-2015006603__F__haiku4.5__rep2.json	PILOT-2015006603	F	2	0.0372	0.0593	0.0881	0.0708	5	15	0	
PILOT-2015006603__F__sonnet4__rep0.json	PILOT-2015006603	F	0	0.0	0.0	0.0	0.0	13	7	0	
PILOT-2015006603__F__sonnet4__rep1.json	PILOT-2015006603	F	1	0.0	0.0	0.0	0.0	13	7	0	
PILOT-2015006603__F__sonnet4__rep2.json	PILOT-2015006603	F	2	0.0	0.0	0.0	0.0	13	7	0	
PILOT-2015006603__G__gpt4o-mini__rep0.json	PILOT-2015006603	G	0	None	None	None	None	0	20	0	no_aligned_claims
PILOT-2015006603__G__gpt4o-mini__rep1.json	PILOT-2015006603	G	1	0.0241	0.0584	0.0397	0.0471	3	17	0	
PILOT-2015006603__G__gpt4o-mini__rep2.json	PILOT-2015006603	G	2	None	None	None	None	0	20	0	no_aligned_claims
PILOT-2015006603__G__gpt5.4__rep0.json	PILOT-2015006603	G	0	0.0	0.0	0.0	0.0	19	1	0	
PILOT-2015006603__G__gpt5.4__rep1.json	PILOT-2015006603	G	1	0.0	0.0	0.0	0.0	19	1	0	
PILOT-2015006603__G__gpt5.4__rep2.json	PILOT-2015006603	G	2	0.0	0.0	0.0	0.0	19	1	0	
PILOT-2015006603__G__haiku4.5__rep0.json	PILOT-2015006603	G	0	0.0	0.0	0.0	0.0	13	7	0	
PILOT-2015006603__G__haiku4.5__rep1.json	PILOT-2015006603	G	1	0.016	0.0216	0.0533	0.0308	5	15	0	
PILOT-2015006603__G__haiku4.5__rep2.json	PILOT-2015006603	G	2	0.0	0.0	0.0	0.0	5	15	0	
PILOT-2015006603__G__sonnet4__rep0.json	PILOT-2015006603	G	0	0.0	0.0	0.0	0.0	13	7	0	
PILOT-2015006603__G__sonnet4__rep1.json	PILOT-2015006603	G	1	0.0	0.0	0.0	0.0	20	0	0	
PILOT-2015006603__G__sonnet4__rep2.json	PILOT-2015006603	G	2	0.0	0.0	0.0	0.0	13	7	0	
PILOT-2016000830__F__gpt4o-mini__rep0.json	PILOT-2016000830	F	0	None	None	None	None	0	2	0	no_aligned_claims
PILOT-2016000830__F__gpt4o-mini__rep1.json	PILOT-2016000830	F	1	None	None	None	None	0	2	0	no_aligned_claims
PILOT-2016000830__F__gpt4o-mini__rep2.json	PILOT-2016000830	F	2	None	None	None	None	0	2	0	no_aligned_claims
PILOT-2016000830__F__gpt5.4__rep0.json	PILOT-2016000830	F	0	0.0072	1.0	0.0072	0.0144	1	1	0	
PILOT-2016000830__F__gpt5.4__rep1.json	PILOT-2016000830	F	1	0.0484	1.0	0.0484	0.0894	2	0	0	
PILOT-2016000830__F__gpt5.4__rep2.json	PILOT-2016000830	F	2	0.0072	1.0	0.0072	0.0144	1	1	0	
PILOT-2016000830__F__haiku4.5__rep0.json	PILOT-2016000830	F	0	0.0447	1.0	0.0447	0.0829	2	0	0	
PILOT-2016000830__F__haiku4.5__rep1.json	PILOT-2016000830	F	1	0.0462	1.0	0.0462	0.0856	2	0	0	
PILOT-2016000830__F__haiku4.5__rep2.json	PILOT-2016000830	F	2	0.0382	1.0	0.0382	0.0718	2	0	0	
PILOT-2016000830__F__sonnet4__rep0.json	PILOT-2016000830	F	0	0.0356	1.0	0.0356	0.0674	2	0	0	
PILOT-2016000830__F__sonnet4__rep1.json	PILOT-2016000830	F	1	0.042	1.0	0.042	0.0785	2	0	0	
PILOT-2016000830__F__sonnet4__rep2.json	PILOT-2016000830	F	2	0.0433	1.0	0.0433	0.0809	2	0	0	
PILOT-2016000830__G__gpt4o-mini__rep0.json	PILOT-2016000830	G	0	None	None	None	None	0	2	0	no_aligned_claims
PILOT-2016000830__G__gpt4o-mini__rep1.json	PILOT-2016000830	G	1	None	None	None	None	0	2	0	no_aligned_claims
PILOT-2016000830__G__gpt4o-mini__rep2.json	PILOT-2016000830	G	2	None	None	None	None	0	2	0	no_aligned_claims
PILOT-2016000830__G__gpt5.4__rep0.json	PILOT-2016000830	G	0	0.0074	1.0	0.0074	0.0146	1	1	0	
PILOT-2016000830__G__gpt5.4__rep1.json	PILOT-2016000830	G	1	0.0072	1.0	0.0072	0.0143	1	1	0	
PILOT-2016000830__G__gpt5.4__rep2.json	PILOT-2016000830	G	2	0.0072	1.0	0.0072	0.0144	1	1	0	
PILOT-2016000830__G__haiku4.5__rep0.json	PILOT-2016000830	G	0	0.0388	1.0	0.0388	0.0729	2	0	0	
PILOT-2016000830__G__haiku4.5__rep1.json	PILOT-2016000830	G	1	0.0388	1.0	0.0388	0.0729	2	0	0	
PILOT-2016000830__G__haiku4.5__rep2.json	PILOT-2016000830	G	2	0.0411	1.0	0.0411	0.0769	2	0	0	
PILOT-2016000830__G__sonnet4__rep0.json	PILOT-2016000830	G	0	0.0418	1.0	0.0418	0.078	2	0	0	
PILOT-2016000830__G__sonnet4__rep1.json	PILOT-2016000830	G	1	0.0404	1.0	0.0404	0.0757	2	0	0	
PILOT-2016000830__G__sonnet4__rep2.json	PILOT-2016000830	G	2	0.0353	1.0	0.0353	0.0669	2	0	0	
PILOT-2016000849__F__gpt4o-mini__rep0.json	PILOT-2016000849	F	0	None	None	None	None	0	39	0	no_aligned_claims
PILOT-2016000849__F__gpt4o-mini__rep1.json	PILOT-2016000849	F	1	None	None	None	None	0	39	0	no_aligned_claims
PILOT-2016000849__F__gpt4o-mini__rep2.json	PILOT-2016000849	F	2	None	None	None	None	0	39	0	no_aligned_claims
PILOT-2016000849__F__gpt5.4__rep0.json	PILOT-2016000849	F	0	0.0	0.0	0.0	0.0	39	0	0	
PILOT-2016000849__F__gpt5.4__rep1.json	PILOT-2016000849	F	1	0.0097	0.0124	0.0377	0.0183	39	0	0	
PILOT-2016000849__F__gpt5.4__rep2.json	PILOT-2016000849	F	2	0.0	0.0	0.0	0.0	39	0	0	
PILOT-2016000849__F__haiku4.5__rep0.json	PILOT-2016000849	F	0	0.0018	0.0051	0.0026	0.0034	15	24	0	
PILOT-2016000849__F__haiku4.5__rep1.json	PILOT-2016000849	F	1	0.0	0.0	0.0	0.0	14	25	0	
PILOT-2016000849__F__haiku4.5__rep2.json	PILOT-2016000849	F	2	0.0112	0.0295	0.0206	0.0208	39	0	0	
PILOT-2016000849__F__sonnet4__rep0.json	PILOT-2016000849	F	0	0.0038	0.0062	0.0094	0.0071	39	0	0	
PILOT-2016000849__F__sonnet4__rep1.json	PILOT-2016000849	F	1	0.0015	0.002	0.0051	0.0028	39	0	0	
PILOT-2016000849__F__sonnet4__rep2.json	PILOT-2016000849	F	2	0.0038	0.0062	0.0094	0.0071	39	0	0	
PILOT-2016000849__G__gpt4o-mini__rep0.json	PILOT-2016000849	G	0	None	None	None	None	0	39	0	no_aligned_claims
PILOT-2016000849__G__gpt4o-mini__rep1.json	PILOT-2016000849	G	1	None	None	None	None	0	39	0	no_aligned_claims
PILOT-2016000849__G__gpt4o-mini__rep2.json	PILOT-2016000849	G	2	None	None	None	None	0	39	0	no_aligned_claims
PILOT-2016000849__G__gpt5.4__rep0.json	PILOT-2016000849	G	0	0.0	0.0	0.0	0.0	39	0	0	
PILOT-2016000849__G__gpt5.4__rep1.json	PILOT-2016000849	G	1	0.0011	0.0027	0.0042	0.0021	39	0	0	
PILOT-2016000849__G__gpt5.4__rep2.json	PILOT-2016000849	G	2	0.0053	0.0071	0.0186	0.0102	39	0	0	
PILOT-2016000849__G__haiku4.5__rep0.json	PILOT-2016000849	G	0	0.0055	0.0095	0.0124	0.0102	39	0	0	
PILOT-2016000849__G__haiku4.5__rep1.json	PILOT-2016000849	G	1	0.003	0.0062	0.0052	0.0055	39	0	0	
PILOT-2016000849__G__haiku4.5__rep2.json	PILOT-2016000849	G	2	0.0055	0.0095	0.0124	0.0102	39	0	0	
PILOT-2016000849__G__sonnet4__rep0.json	PILOT-2016000849	G	0	0.0038	0.0062	0.0094	0.0071	39	0	0	
PILOT-2016000849__G__sonnet4__rep1.json	PILOT-2016000849	G	1	0.0038	0.0062	0.0094	0.0071	39	0	0	
PILOT-2016000849__G__sonnet4__rep2.json	PILOT-2016000849	G	2	0.0038	0.0062	0.0094	0.0071	39	0	0	
PILOT-2016003042__F__gpt4o-mini__rep0.json	PILOT-2016003042	F	0	0.0156	0.0233	0.0357	0.0282	7	0	0	
PILOT-2016003042__F__gpt4o-mini__rep1.json	PILOT-2016003042	F	1	0.0139	0.0556	0.0173	0.0263	4	3	0	
PILOT-2016003042__F__gpt4o-mini__rep2.json	PILOT-2016003042	F	2	0.0125	0.0422	0.0176	0.0241	5	2	0	
PILOT-2016003042__F__gpt5.4__rep0.json	PILOT-2016003042	F	0	0.0456	0.1321	0.0607	0.0762	7	0	0	
PILOT-2016003042__F__gpt5.4__rep1.json	PILOT-2016003042	F	1	0.0411	0.1321	0.0464	0.0682	7	0	0	
PILOT-2016003042__F__gpt5.4__rep2.json	PILOT-2016003042	F	2	0.0448	0.1321	0.0573	0.0748	7	0	0	
PILOT-2016003042__F__haiku4.5__rep0.json	PILOT-2016003042	F	0	0.0293	0.1143	0.0309	0.0486	7	0	0	
PILOT-2016003042__F__haiku4.5__rep1.json	PILOT-2016003042	F	1	0.0346	0.1143	0.0369	0.0557	7	0	0	
PILOT-2016003042__F__haiku4.5__rep2.json	PILOT-2016003042	F	2	0.0248	0.1143	0.026	0.0423	7	0	0	
PILOT-2016003042__F__sonnet4__rep0.json	PILOT-2016003042	F	0	0.0099	0.0204	0.042	0.0192	7	0	0	
PILOT-2016003042__F__sonnet4__rep1.json	PILOT-2016003042	F	1	0.0099	0.0204	0.042	0.0192	7	0	0	
PILOT-2016003042__F__sonnet4__rep2.json	PILOT-2016003042	F	2	0.0524	0.1526	0.0998	0.0885	7	0	0	
PILOT-2016003042__G__gpt4o-mini__rep0.json	PILOT-2016003042	G	0	0.0519	0.1889	0.0573	0.088	4	3	0	
PILOT-2016003042__G__gpt4o-mini__rep1.json	PILOT-2016003042	G	1	0.0022	0.0093	0.0028	0.0043	6	1	0	
PILOT-2016003042__G__gpt4o-mini__rep2.json	PILOT-2016003042	G	2	0.1126	0.2948	0.271	0.192	3	4	0	
PILOT-2016003042__G__gpt5.4__rep0.json	PILOT-2016003042	G	0	0.0448	0.1321	0.0573	0.0748	7	0	0	
PILOT-2016003042__G__gpt5.4__rep1.json	PILOT-2016003042	G	1	0.0448	0.1321	0.0573	0.0748	7	0	0	
PILOT-2016003042__G__gpt5.4__rep2.json	PILOT-2016003042	G	2	0.0525	0.1679	0.0594	0.0875	7	0	0	
PILOT-2016003042__G__haiku4.5__rep0.json	PILOT-2016003042	G	0	0.0568	0.1571	0.0773	0.0965	7	0	0	
PILOT-2016003042__G__haiku4.5__rep1.json	PILOT-2016003042	G	1	0.0	0.0	0.0	0.0	7	0	0	
PILOT-2016003042__G__haiku4.5__rep2.json	PILOT-2016003042	G	2	0.022	0.1143	0.0229	0.0381	7	0	0	
PILOT-2016003042__G__sonnet4__rep0.json	PILOT-2016003042	G	0	0.0378	0.1526	0.0704	0.0663	7	0	0	
PILOT-2016003042__G__sonnet4__rep1.json	PILOT-2016003042	G	1	0.0286	0.0418	0.0917	0.0533	7	0	0	
PILOT-2016003042__G__sonnet4__rep2.json	PILOT-2016003042	G	2	0.0218	0.0383	0.0706	0.0412	7	0	0	
PILOT-2016004446__F__gpt4o-mini__rep0.json	PILOT-2016004446	F	0	0.0724	0.6	0.0746	0.128	3	0	0	
PILOT-2016004446__F__gpt4o-mini__rep1.json	PILOT-2016004446	F	1	0.0452	0.4667	0.0488	0.0845	3	0	0	
PILOT-2016004446__F__gpt4o-mini__rep2.json	PILOT-2016004446	F	2	0.0191	0.4444	0.0192	0.0367	3	0	0	
PILOT-2016004446__F__gpt5.4__rep0.json	PILOT-2016004446	F	0	0.0435	0.2	0.0476	0.0769	3	0	0	
PILOT-2016004446__F__gpt5.4__rep1.json	PILOT-2016004446	F	1	0.0556	0.2667	0.058	0.0952	3	0	0	
PILOT-2016004446__F__gpt5.4__rep2.json	PILOT-2016004446	F	2	0.0435	0.2	0.0476	0.0769	3	0	0	
PILOT-2016004446__F__haiku4.5__rep0.json	PILOT-2016004446	F	0	None	None	None	None	0	3	0	no_aligned_claims
PILOT-2016004446__F__haiku4.5__rep1.json	PILOT-2016004446	F	1	None	None	None	None	0	3	0	no_aligned_claims
PILOT-2016004446__F__haiku4.5__rep2.json	PILOT-2016004446	F	2	None	None	None	None	0	3	0	no_aligned_claims
PILOT-2016004446__F__sonnet4__rep0.json	PILOT-2016004446	F	0	0.0435	0.2	0.0476	0.0769	3	0	0	
PILOT-2016004446__F__sonnet4__rep1.json	PILOT-2016004446	F	1	0.036	0.2667	0.037	0.065	3	0	0	
PILOT-2016004446__F__sonnet4__rep2.json	PILOT-2016004446	F	2	0.0325	0.2667	0.0333	0.0593	3	0	0	
PILOT-2016004446__G__gpt4o-mini__rep0.json	PILOT-2016004446	G	0	0.0322	0.4111	0.0343	0.0618	3	0	0	
PILOT-2016004446__G__gpt4o-mini__rep1.json	PILOT-2016004446	G	1	0.0399	0.4111	0.0432	0.0759	3	0	0	
PILOT-2016004446__G__gpt4o-mini__rep2.json	PILOT-2016004446	G	2	0.0403	0.4667	0.0439	0.0755	3	0	0	
PILOT-2016004446__G__gpt5.4__rep0.json	PILOT-2016004446	G	0	0.0556	0.2667	0.058	0.0952	3	0	0	
PILOT-2016004446__G__gpt5.4__rep1.json	PILOT-2016004446	G	1	0.0435	0.2	0.0476	0.0769	3	0	0	
PILOT-2016004446__G__gpt5.4__rep2.json	PILOT-2016004446	G	2	0.0435	0.2	0.0476	0.0769	3	0	0	
PILOT-2016004446__G__haiku4.5__rep0.json	PILOT-2016004446	G	0	0.0639	0.7111	0.0656	0.1161	3	0	0	
PILOT-2016004446__G__haiku4.5__rep1.json	PILOT-2016004446	G	1	None	None	None	None	0	3	0	no_aligned_claims
PILOT-2016004446__G__haiku4.5__rep2.json	PILOT-2016004446	G	2	None	None	None	None	0	3	0	no_aligned_claims
PILOT-2016004446__G__sonnet4__rep0.json	PILOT-2016004446	G	0	0.0392	0.2667	0.0404	0.0702	3	0	0	
PILOT-2016004446__G__sonnet4__rep1.json	PILOT-2016004446	G	1	0.0494	0.2667	0.0513	0.086	3	0	0	
PILOT-2016004446__G__sonnet4__rep2.json	PILOT-2016004446	G	2	0.0435	0.2	0.0476	0.0769	3	0	0	
PILOT-2016005844__F__gpt4o-mini__rep0.json	PILOT-2016005844	F	0	0.052	0.058	0.25	0.0941	4	0	0	
PILOT-2016005844__F__gpt4o-mini__rep1.json	PILOT-2016005844	F	1	0.0773	0.1086	0.2041	0.1396	4	0	0	
PILOT-2016005844__F__gpt4o-mini__rep2.json	PILOT-2016005844	F	2	0.0479	0.0684	0.127	0.0872	4	0	0	
PILOT-2016005844__F__gpt5.4__rep0.json	PILOT-2016005844	F	0	0.0215	0.058	0.0319	0.0411	4	0	0	
PILOT-2016005844__F__gpt5.4__rep1.json	PILOT-2016005844	F	1	0.0231	0.067	0.033	0.0442	4	0	0	
PILOT-2016005844__F__gpt5.4__rep2.json	PILOT-2016005844	F	2	0.0229	0.067	0.0326	0.0438	4	0	0	
PILOT-2016005844__F__haiku4.5__rep0.json	PILOT-2016005844	F	0	0.0099	0.0387	0.013	0.0194	4	0	0	
PILOT-2016005844__F__haiku4.5__rep1.json	PILOT-2016005844	F	1	0.0182	0.0387	0.0323	0.0351	4	0	0	
PILOT-2016005844__F__haiku4.5__rep2.json	PILOT-2016005844	F	2	0.0	0.0	0.0	0.0	4	0	0	
PILOT-2016005844__F__sonnet4__rep0.json	PILOT-2016005844	F	0	0.015	0.0387	0.0232	0.029	4	0	0	
PILOT-2016005844__F__sonnet4__rep1.json	PILOT-2016005844	F	1	0.0141	0.0387	0.0213	0.0274	4	0	0	
PILOT-2016005844__F__sonnet4__rep2.json	PILOT-2016005844	F	2	0.015	0.0387	0.0232	0.029	4	0	0	
PILOT-2016005844__G__gpt4o-mini__rep0.json	PILOT-2016005844	G	0	0.0192	0.0312	0.0417	0.0357	4	0	0	
PILOT-2016005844__G__gpt4o-mini__rep1.json	PILOT-2016005844	G	1	0.0726	0.0982	0.2	0.1312	4	0	0	
PILOT-2016005844__G__gpt4o-mini__rep2.json	PILOT-2016005844	G	2	0.0061	0.0089	0.0179	0.0119	4	0	0	
PILOT-2016005844__G__gpt5.4__rep0.json	PILOT-2016005844	G	0	0.0528	0.0774	0.125	0.0955	4	0	0	
PILOT-2016005844__G__gpt5.4__rep1.json	PILOT-2016005844	G	1	0.0034	0.0089	0.0054	0.0067	4	0	0	
PILOT-2016005844__G__gpt5.4__rep2.json	PILOT-2016005844	G	2	0.0072	0.0193	0.0114	0.0143	4	0	0	
PILOT-2016005844__G__haiku4.5__rep0.json	PILOT-2016005844	G	0	0.0171	0.058	0.0231	0.033	4	0	0	
PILOT-2016005844__G__haiku4.5__rep1.json	PILOT-2016005844	G	1	0.0246	0.058	0.0394	0.0469	4	0	0	
PILOT-2016005844__G__haiku4.5__rep2.json	PILOT-2016005844	G	2	0.0503	0.1548	0.0761	0.0949	4	0	0	
PILOT-2016005844__G__sonnet4__rep0.json	PILOT-2016005844	G	0	0.0	0.0	0.0	0.0	4	0	0	
PILOT-2016005844__G__sonnet4__rep1.json	PILOT-2016005844	G	1	0.017	0.0387	0.0285	0.0328	4	0	0	
PILOT-2016005844__G__sonnet4__rep2.json	PILOT-2016005844	G	2	0.017	0.0387	0.0285	0.0328	4	0	0	
PILOT-2016006702__F__gpt4o-mini__rep0.json	PILOT-2016006702	F	0	0.0172	0.0205	0.0545	0.0281	16	14	0	
PILOT-2016006702__F__gpt4o-mini__rep1.json	PILOT-2016006702	F	1	0.0005	0.0006	0.0037	0.001	30	0	0	
PILOT-2016006702__F__gpt4o-mini__rep2.json	PILOT-2016006702	F	2	0.004	0.0047	0.0217	0.0073	30	0	0	
PILOT-2016006702__F__gpt5.4__rep0.json	PILOT-2016006702	F	0	0.0011	0.0012	0.0083	0.0021	30	0	0	
PILOT-2016006702__F__gpt5.4__rep1.json	PILOT-2016006702	F	1	0.0011	0.0012	0.0083	0.0021	30	0	0	
PILOT-2016006702__F__gpt5.4__rep2.json	PILOT-2016006702	F	2	0.0037	0.0054	0.0122	0.0069	30	0	0	
PILOT-2016006702__F__haiku4.5__rep0.json	PILOT-2016006702	F	0	0.0093	0.012	0.0336	0.0172	30	0	0	
PILOT-2016006702__F__haiku4.5__rep1.json	PILOT-2016006702	F	1	0.0102	0.0134	0.0285	0.0175	30	0	0	
PILOT-2016006702__F__haiku4.5__rep2.json	PILOT-2016006702	F	2	0.0094	0.012	0.0363	0.0179	30	0	0	
PILOT-2016006702__F__sonnet4__rep0.json	PILOT-2016006702	F	0	0.0008	0.0009	0.0063	0.0016	30	0	0	
PILOT-2016006702__F__sonnet4__rep1.json	PILOT-2016006702	F	1	0.0031	0.0035	0.0232	0.006	30	0	0	
PILOT-2016006702__F__sonnet4__rep2.json	PILOT-2016006702	F	2	0.0018	0.002	0.0116	0.0034	30	0	0	
PILOT-2016006702__G__gpt4o-mini__rep0.json	PILOT-2016006702	G	0	0.019	0.0256	0.0847	0.0359	7	23	0	
PILOT-2016006702__G__gpt4o-mini__rep1.json	PILOT-2016006702	G	1	0.0027	0.0039	0.0067	0.0049	30	0	0	
PILOT-2016006702__G__gpt4o-mini__rep2.json	PILOT-2016006702	G	2	0.0138	0.0173	0.1562	0.0259	8	22	0	
PILOT-2016006702__G__gpt5.4__rep0.json	PILOT-2016006702	G	0	0.0008	0.0009	0.0091	0.0017	30	0	0	
PILOT-2016006702__G__gpt5.4__rep1.json	PILOT-2016006702	G	1	0.0008	0.0009	0.005	0.0015	30	0	0	
PILOT-2016006702__G__gpt5.4__rep2.json	PILOT-2016006702	G	2	0.0008	0.0009	0.0091	0.0017	30	0	0	
PILOT-2016006702__G__haiku4.5__rep0.json	PILOT-2016006702	G	0	0.0085	0.0127	0.0233	0.0162	30	0	0	
PILOT-2016006702__G__haiku4.5__rep1.json	PILOT-2016006702	G	1	0.0141	0.0185	0.0357	0.0241	30	0	0	
PILOT-2016006702__G__haiku4.5__rep2.json	PILOT-2016006702	G	2	0.012	0.0169	0.0325	0.0212	30	0	0	
PILOT-2016006702__G__sonnet4__rep0.json	PILOT-2016006702	G	0	0.0008	0.0009	0.0063	0.0016	30	0	0	
PILOT-2016006702__G__sonnet4__rep1.json	PILOT-2016006702	G	1	0.0031	0.0035	0.0232	0.006	30	0	0	
PILOT-2016006702__G__sonnet4__rep2.json	PILOT-2016006702	G	2	0.0018	0.002	0.0116	0.0034	30	0	0	
PILOT-2016007603__F__gpt4o-mini__rep0.json	PILOT-2016007603	F	0	0.0147	0.0227	0.0357	0.0278	4	1	0	
PILOT-2016007603__F__gpt4o-mini__rep1.json	PILOT-2016007603	F	1	0.0147	0.0227	0.0357	0.0278	4	1	0	
PILOT-2016007603__F__gpt4o-mini__rep2.json	PILOT-2016007603	F	2	0.0111	0.0182	0.025	0.0211	5	0	0	
PILOT-2016007603__F__gpt5.4__rep0.json	PILOT-2016007603	F	0	0.0	0.0	0.0	0.0	5	0	0	
PILOT-2016007603__F__gpt5.4__rep1.json	PILOT-2016007603	F	1	0.0	0.0	0.0	0.0	5	0	0	
PILOT-2016007603__F__gpt5.4__rep2.json	PILOT-2016007603	F	2	0.0111	0.0182	0.025	0.0211	5	0	0	
PILOT-2016007603__F__haiku4.5__rep0.json	PILOT-2016007603	F	0	0.0092	0.0227	0.0147	0.0179	4	1	0	
PILOT-2016007603__F__haiku4.5__rep1.json	PILOT-2016007603	F	1	None	None	None	None	0	5	0	no_aligned_claims
PILOT-2016007603__F__haiku4.5__rep2.json	PILOT-2016007603	F	2	0.0074	0.0182	0.0118	0.0143	5	0	0	
PILOT-2016007603__F__sonnet4__rep0.json	PILOT-2016007603	F	0	None	None	None	None	0	5	0	no_aligned_claims
PILOT-2016007603__F__sonnet4__rep1.json	PILOT-2016007603	F	1	None	None	None	None	0	5	0	no_aligned_claims
PILOT-2016007603__F__sonnet4__rep2.json	PILOT-2016007603	F	2	None	None	None	None	0	5	0	no_aligned_claims
PILOT-2016007603__G__gpt4o-mini__rep0.json	PILOT-2016007603	G	0	0.0111	0.0182	0.025	0.0211	5	0	0	
PILOT-2016007603__G__gpt4o-mini__rep1.json	PILOT-2016007603	G	1	0.0	0.0	0.0	0.0	4	1	0	
PILOT-2016007603__G__gpt4o-mini__rep2.json	PILOT-2016007603	G	2	0.0	0.0	0.0	0.0	4	1	0	
PILOT-2016007603__G__gpt5.4__rep0.json	PILOT-2016007603	G	0	0.0	0.0	0.0	0.0	5	0	0	
PILOT-2016007603__G__gpt5.4__rep1.json	PILOT-2016007603	G	1	0.0	0.0	0.0	0.0	5	0	0	
PILOT-2016007603__G__gpt5.4__rep2.json	PILOT-2016007603	G	2	0.0	0.0	0.0	0.0	5	0	0	
PILOT-2016007603__G__haiku4.5__rep0.json	PILOT-2016007603	G	0	0.0072	0.0303	0.0093	0.0142	3	2	0	
PILOT-2016007603__G__haiku4.5__rep1.json	PILOT-2016007603	G	1	0.0043	0.0182	0.0056	0.0085	5	0	0	
PILOT-2016007603__G__haiku4.5__rep2.json	PILOT-2016007603	G	2	0.0123	0.0303	0.0196	0.0238	3	2	0	
PILOT-2016007603__G__sonnet4__rep0.json	PILOT-2016007603	G	0	0.008	0.0182	0.0133	0.0154	5	0	0	
PILOT-2016007603__G__sonnet4__rep1.json	PILOT-2016007603	G	1	0.008	0.0182	0.0133	0.0154	5	0	0	
PILOT-2016007603__G__sonnet4__rep2.json	PILOT-2016007603	G	2	0.008	0.0182	0.0133	0.0154	5	0	0	
PILOT-2016007888__F__gpt4o-mini__rep0.json	PILOT-2016007888	F	0	0.1258	0.19	0.2175	0.2028	5	1	0	
PILOT-2016007888__F__gpt4o-mini__rep1.json	PILOT-2016007888	F	1	0.0214	0.0429	0.0353	0.0387	5	1	0	
PILOT-2016007888__F__gpt4o-mini__rep2.json	PILOT-2016007888	F	2	0.0256	0.0296	0.0889	0.0444	6	0	0	
PILOT-2016007888__F__gpt5.4__rep0.json	PILOT-2016007888	F	0	0.0	0.0	0.0	0.0	6	0	0	
PILOT-2016007888__F__gpt5.4__rep1.json	PILOT-2016007888	F	1	0.0044	0.0049	0.0333	0.0086	6	0	0	
PILOT-2016007888__F__gpt5.4__rep2.json	PILOT-2016007888	F	2	0.0	0.0	0.0	0.0	6	0	0	
PILOT-2016007888__F__haiku4.5__rep0.json	PILOT-2016007888	F	0	0.0153	0.0221	0.0385	0.028	6	0	0	
PILOT-2016007888__F__haiku4.5__rep1.json	PILOT-2016007888	F	1	0.0039	0.0059	0.0111	0.0077	5	1	0	
PILOT-2016007888__F__haiku4.5__rep2.json	PILOT-2016007888	F	2	0.0	0.0	0.0	0.0	6	0	0	
PILOT-2016007888__F__sonnet4__rep0.json	PILOT-2016007888	F	0	0.0	0.0	0.0	0.0	6	0	0	
PILOT-2016007888__F__sonnet4__rep1.json	PILOT-2016007888	F	1	0.0019	0.0024	0.0079	0.0037	6	0	0	
PILOT-2016007888__F__sonnet4__rep2.json	PILOT-2016007888	F	2	0.0	0.0	0.0	0.0	6	0	0	
PILOT-2016007888__G__gpt4o-mini__rep0.json	PILOT-2016007888	G	0	0.0547	0.0719	0.1726	0.096	6	0	0	
PILOT-2016007888__G__gpt4o-mini__rep1.json	PILOT-2016007888	G	1	0.0621	0.0734	0.25	0.108	6	0	0	
PILOT-2016007888__G__gpt4o-mini__rep2.json	PILOT-2016007888	G	2	0.0187	0.0315	0.0593	0.035	5	1	0	
PILOT-2016007888__G__gpt5.4__rep0.json	PILOT-2016007888	G	0	0.0	0.0	0.0	0.0	6	0	0	
PILOT-2016007888__G__gpt5.4__rep1.json	PILOT-2016007888	G	1	0.0	0.0	0.0	0.0	6	0	0	
PILOT-2016007888__G__gpt5.4__rep2.json	PILOT-2016007888	G	2	0.0021	0.0024	0.0119	0.0041	6	0	0	
PILOT-2016007888__G__haiku4.5__rep0.json	PILOT-2016007888	G	0	0.0141	0.0245	0.0278	0.026	6	0	0	
PILOT-2016007888__G__haiku4.5__rep1.json	PILOT-2016007888	G	1	0.0171	0.0294	0.0339	0.0315	5	1	0	
PILOT-2016007888__G__haiku4.5__rep2.json	PILOT-2016007888	G	2	0.0147	0.0245	0.0303	0.0271	6	0	0	
PILOT-2016007888__G__sonnet4__rep0.json	PILOT-2016007888	G	0	0.0035	0.0049	0.0115	0.0069	6	0	0	
PILOT-2016007888__G__sonnet4__rep1.json	PILOT-2016007888	G	1	0.0	0.0	0.0	0.0	6	0	0	
PILOT-2016007888__G__sonnet4__rep2.json	PILOT-2016007888	G	2	0.0035	0.0049	0.0115	0.0069	6	0	0	
PILOT-2017000071__F__gpt4o-mini__rep0.json	PILOT-2017000071	F	0	None							no_baseline
PILOT-2017000071__F__gpt4o-mini__rep1.json	PILOT-2017000071	F	1	None							no_baseline
PILOT-2017000071__F__gpt4o-mini__rep2.json	PILOT-2017000071	F	2	None							no_baseline
PILOT-2017000071__F__gpt5.4__rep0.json	PILOT-2017000071	F	0	None							no_baseline
PILOT-2017000071__F__gpt5.4__rep1.json	PILOT-2017000071	F	1	None							no_baseline
PILOT-2017000071__F__gpt5.4__rep2.json	PILOT-2017000071	F	2	None							no_baseline
PILOT-2017000071__F__haiku4.5__rep0.json	PILOT-2017000071	F	0	None							no_baseline
PILOT-2017000071__F__haiku4.5__rep1.json	PILOT-2017000071	F	1	None							no_baseline
PILOT-2017000071__F__haiku4.5__rep2.json	PILOT-2017000071	F	2	None							no_baseline
PILOT-2017000071__F__sonnet4__rep0.json	PILOT-2017000071	F	0	None							no_baseline
PILOT-2017000071__F__sonnet4__rep1.json	PILOT-2017000071	F	1	None							no_baseline
PILOT-2017000071__F__sonnet4__rep2.json	PILOT-2017000071	F	2	None							no_baseline
PILOT-2017000071__G__gpt4o-mini__rep0.json	PILOT-2017000071	G	0	None							no_baseline
PILOT-2017000071__G__gpt4o-mini__rep1.json	PILOT-2017000071	G	1	None							no_baseline
PILOT-2017000071__G__gpt4o-mini__rep2.json	PILOT-2017000071	G	2	None							no_baseline
PILOT-2017000071__G__gpt5.4__rep0.json	PILOT-2017000071	G	0	None							no_baseline
PILOT-2017000071__G__gpt5.4__rep1.json	PILOT-2017000071	G	1	None							no_baseline
PILOT-2017000071__G__gpt5.4__rep2.json	PILOT-2017000071	G	2	None							no_baseline
PILOT-2017000071__G__haiku4.5__rep0.json	PILOT-2017000071	G	0	None							no_baseline
PILOT-2017000071__G__haiku4.5__rep1.json	PILOT-2017000071	G	1	None							no_baseline
PILOT-2017000071__G__haiku4.5__rep2.json	PILOT-2017000071	G	2	None							no_baseline
PILOT-2017000071__G__sonnet4__rep0.json	PILOT-2017000071	G	0	None							no_baseline
PILOT-2017000071__G__sonnet4__rep1.json	PILOT-2017000071	G	1	None							no_baseline
PILOT-2017000071__G__sonnet4__rep2.json	PILOT-2017000071	G	2	None							no_baseline
PILOT-2017000093__F__gpt4o-mini__rep0.json	PILOT-2017000093	F	0	0.0226	0.0275	0.1157	0.043	6	11	0	
PILOT-2017000093__F__gpt4o-mini__rep1.json	PILOT-2017000093	F	1	0.0322	0.0392	0.1912	0.0608	5	12	0	
PILOT-2017000093__F__gpt4o-mini__rep2.json	PILOT-2017000093	F	2	0.0149	0.0173	0.0908	0.0286	6	11	0	
PILOT-2017000093__F__gpt5.4__rep0.json	PILOT-2017000093	F	0	0.0031	0.0034	0.0378	0.0061	17	0	0	
PILOT-2017000093__F__gpt5.4__rep1.json	PILOT-2017000093	F	1	0.0026	0.0034	0.0095	0.005	17	0	0	
PILOT-2017000093__F__gpt5.4__rep2.json	PILOT-2017000093	F	2	0.0	0.0	0.0	0.0	17	0	0	
PILOT-2017000093__F__haiku4.5__rep0.json	PILOT-2017000093	F	0	0.0124	0.0195	0.0303	0.0234	17	0	0	
PILOT-2017000093__F__haiku4.5__rep1.json	PILOT-2017000093	F	1	0.0264	0.0456	0.0653	0.049	17	0	0	
PILOT-2017000093__F__haiku4.5__rep2.json	PILOT-2017000093	F	2	0.0072	0.0093	0.0309	0.0139	17	0	0	
PILOT-2017000093__F__sonnet4__rep0.json	PILOT-2017000093	F	0	0.0061	0.0076	0.0256	0.0116	17	0	0	
PILOT-2017000093__F__sonnet4__rep1.json	PILOT-2017000093	F	1	0.026	0.0333	0.0784	0.0462	17	0	0	
PILOT-2017000093__F__sonnet4__rep2.json	PILOT-2017000093	F	2	0.0097	0.0119	0.0368	0.0179	17	0	0	
PILOT-2017000093__G__gpt4o-mini__rep0.json	PILOT-2017000093	G	0	0.0072	0.0083	0.0439	0.0139	6	11	0	
PILOT-2017000093__G__gpt4o-mini__rep1.json	PILOT-2017000093	G	1	0.025	0.0301	0.1071	0.0468	5	12	0	
PILOT-2017000093__G__gpt4o-mini__rep2.json	PILOT-2017000093	G	2	0.0409	0.07	0.094	0.0757	5	12	0	
PILOT-2017000093__G__gpt5.4__rep0.json	PILOT-2017000093	G	0	0.0029	0.0034	0.0176	0.0056	17	0	0	
PILOT-2017000093__G__gpt5.4__rep1.json	PILOT-2017000093	G	1	0.0029	0.0034	0.0176	0.0056	17	0	0	
PILOT-2017000093__G__gpt5.4__rep2.json	PILOT-2017000093	G	2	0.0	0.0	0.0	0.0	17	0	0	
PILOT-2017000093__G__haiku4.5__rep0.json	PILOT-2017000093	G	0	0.0267	0.0456	0.0672	0.0496	17	0	0	
PILOT-2017000093__G__haiku4.5__rep1.json	PILOT-2017000093	G	1	0.0066	0.0093	0.0218	0.0129	17	0	0	
PILOT-2017000093__G__haiku4.5__rep2.json	PILOT-2017000093	G	2	0.0117	0.0261	0.0258	0.0221	17	0	0	
PILOT-2017000093__G__sonnet4__rep0.json	PILOT-2017000093	G	0	0.0028	0.0037	0.0098	0.0053	17	0	0	
PILOT-2017000093__G__sonnet4__rep1.json	PILOT-2017000093	G	1	0.0538	0.0702	0.1662	0.0937	15	2	0	
PILOT-2017000093__G__sonnet4__rep2.json	PILOT-2017000093	G	2	0.0275	0.0316	0.1485	0.0495	17	0	0	
PILOT-2017001422__F__gpt4o-mini__rep0.json	PILOT-2017001422	F	0	0.0	0.0	0.0	0.0	2	0	0	
PILOT-2017001422__F__gpt4o-mini__rep1.json	PILOT-2017001422	F	1	0.0	0.0	0.0	0.0	2	0	0	
PILOT-2017001422__F__gpt4o-mini__rep2.json	PILOT-2017001422	F	2	0.0	0.0	0.0	0.0	2	0	0	
PILOT-2017001422__F__gpt5.4__rep0.json	PILOT-2017001422	F	0	0.0	0.0	0.0	0.0	2	0	0	
PILOT-2017001422__F__gpt5.4__rep1.json	PILOT-2017001422	F	1	0.0	0.0	0.0	0.0	2	0	0	
PILOT-2017001422__F__gpt5.4__rep2.json	PILOT-2017001422	F	2	0.0	0.0	0.0	0.0	2	0	0	
PILOT-2017001422__F__haiku4.5__rep0.json	PILOT-2017001422	F	0	0.0	0.0	0.0	0.0	2	0	0	
PILOT-2017001422__F__haiku4.5__rep1.json	PILOT-2017001422	F	1	0.0333	0.5	0.0333	0.0625	2	0	0	
PILOT-2017001422__F__haiku4.5__rep2.json	PILOT-2017001422	F	2	0.0	0.0	0.0	0.0	2	0	0	
PILOT-2017001422__F__sonnet4__rep0.json	PILOT-2017001422	F	0	0.0	0.0	0.0	0.0	2	0	0	
PILOT-2017001422__F__sonnet4__rep1.json	PILOT-2017001422	F	1	0.0	0.0	0.0	0.0	2	0	0	
PILOT-2017001422__F__sonnet4__rep2.json	PILOT-2017001422	F	2	0.0	0.0	0.0	0.0	2	0	0	
PILOT-2017001422__G__gpt4o-mini__rep0.json	PILOT-2017001422	G	0	0.0	0.0	0.0	0.0	2	0	0	
PILOT-2017001422__G__gpt4o-mini__rep1.json	PILOT-2017001422	G	1	0.0	0.0	0.0	0.0	2	0	0	
PILOT-2017001422__G__gpt4o-mini__rep2.json	PILOT-2017001422	G	2	0.0	0.0	0.0	0.0	2	0	0	
PILOT-2017001422__G__gpt5.4__rep0.json	PILOT-2017001422	G	0	0.0	0.0	0.0	0.0	2	0	0	
PILOT-2017001422__G__gpt5.4__rep1.json	PILOT-2017001422	G	1	0.0	0.0	0.0	0.0	2	0	0	
PILOT-2017001422__G__gpt5.4__rep2.json	PILOT-2017001422	G	2	0.0	0.0	0.0	0.0	2	0	0	
PILOT-2017001422__G__haiku4.5__rep0.json	PILOT-2017001422	G	0	0.0	0.0	0.0	0.0	2	0	0	
PILOT-2017001422__G__haiku4.5__rep1.json	PILOT-2017001422	G	1	0.0	0.0	0.0	0.0	2	0	0	
PILOT-2017001422__G__haiku4.5__rep2.json	PILOT-2017001422	G	2	0.0	0.0	0.0	0.0	2	0	0	
PILOT-2017001422__G__sonnet4__rep0.json	PILOT-2017001422	G	0	0.0	0.0	0.0	0.0	2	0	0	
PILOT-2017001422__G__sonnet4__rep1.json	PILOT-2017001422	G	1	0.0	0.0	0.0	0.0	2	0	0	
PILOT-2017001422__G__sonnet4__rep2.json	PILOT-2017001422	G	2	0.0	0.0	0.0	0.0	2	0	0	
PILOT-2017002001__F__gpt4o-mini__rep0.json	PILOT-2017002001	F	0	0.1056	0.2916	0.1429	0.1909	2	17	0	
PILOT-2017002001__F__gpt4o-mini__rep1.json	PILOT-2017002001	F	1	0.1032	0.1944	0.1667	0.1786	3	16	0	
PILOT-2017002001__F__gpt4o-mini__rep2.json	PILOT-2017002001	F	2	0.1548	0.4028	0.1988	0.251	3	16	0	
PILOT-2017002001__F__gpt5.4__rep0.json	PILOT-2017002001	F	0	0.0193	0.0365	0.0312	0.0335	16	3	0	
PILOT-2017002001__F__gpt5.4__rep1.json	PILOT-2017002001	F	1	0.0259	0.0439	0.0474	0.0444	19	0	0	
PILOT-2017002001__F__gpt5.4__rep2.json	PILOT-2017002001	F	2	0.0172	0.0324	0.0278	0.0298	18	1	0	
PILOT-2017002001__F__haiku4.5__rep0.json	PILOT-2017002001	F	0	0.0352	0.0574	0.0694	0.0606	18	1	0	
PILOT-2017002001__F__haiku4.5__rep1.json	PILOT-2017002001	F	1	0.0385	0.1043	0.0599	0.0659	13	6	0	
PILOT-2017002001__F__haiku4.5__rep2.json	PILOT-2017002001	F	2	0.0346	0.0574	0.0653	0.0597	18	1	0	
PILOT-2017002001__F__sonnet4__rep0.json	PILOT-2017002001	F	0	0.0163	0.0307	0.0263	0.0282	19	0	0	
PILOT-2017002001__F__sonnet4__rep1.json	PILOT-2017002001	F	1	0.0163	0.0307	0.0263	0.0282	19	0	0	
PILOT-2017002001__F__sonnet4__rep2.json	PILOT-2017002001	F	2	0.0163	0.0307	0.0263	0.0282	19	0	0	
PILOT-2017002001__G__gpt4o-mini__rep0.json	PILOT-2017002001	G	0	0.1883	0.4375	0.25	0.3166	2	17	0	
PILOT-2017002001__G__gpt4o-mini__rep1.json	PILOT-2017002001	G	1	0.1207	0.3541	0.1548	0.2154	2	17	0	
PILOT-2017002001__G__gpt4o-mini__rep2.json	PILOT-2017002001	G	2	0.0628	0.2916	0.0741	0.1181	2	17	0	
PILOT-2017002001__G__gpt5.4__rep0.json	PILOT-2017002001	G	0	0.0172	0.0324	0.0278	0.0298	18	1	0	
PILOT-2017002001__G__gpt5.4__rep1.json	PILOT-2017002001	G	1	0.0163	0.0307	0.0263	0.0282	19	0	0	
PILOT-2017002001__G__gpt5.4__rep2.json	PILOT-2017002001	G	2	0.0287	0.057	0.0425	0.0482	19	0	0	
PILOT-2017002001__G__haiku4.5__rep0.json	PILOT-2017002001	G	0	0.0476	0.0815	0.0887	0.0816	18	1	0	
PILOT-2017002001__G__haiku4.5__rep1.json	PILOT-2017002001	G	1	0.1093	0.2669	0.1617	0.1825	13	6	0	
PILOT-2017002001__G__haiku4.5__rep2.json	PILOT-2017002001	G	2	0.0462	0.0759	0.0962	0.0812	18	1	0	
PILOT-2017002001__G__sonnet4__rep0.json	PILOT-2017002001	G	0	0.0212	0.0373	0.0536	0.0375	19	0	0	
PILOT-2017002001__G__sonnet4__rep1.json	PILOT-2017002001	G	1	0.0233	0.0439	0.038	0.0406	19	0	0	
PILOT-2017002001__G__sonnet4__rep2.json	PILOT-2017002001	G	2	0.0163	0.0307	0.0263	0.0282	19	0	0	
PILOT-2017002029__F__gpt4o-mini__rep0.json	PILOT-2017002029	F	0	0.0	0.0	0.0	0.0	3	20	0	
PILOT-2017002029__F__gpt4o-mini__rep1.json	PILOT-2017002029	F	1	0.0752	0.3333	0.0778	0.1261	5	18	0	
PILOT-2017002029__F__gpt4o-mini__rep2.json	PILOT-2017002029	F	2	0.0	0.0	0.0	0.0	9	14	0	
PILOT-2017002029__F__gpt5.4__rep0.json	PILOT-2017002029	F	0	0.0	0.0	0.0	0.0	23	0	0	
PILOT-2017002029__F__gpt5.4__rep1.json	PILOT-2017002029	F	1	0.0	0.0	0.0	0.0	23	0	0	
PILOT-2017002029__F__gpt5.4__rep2.json	PILOT-2017002029	F	2	0.0022	0.0145	0.0024	0.0041	23	0	0	
PILOT-2017002029__F__haiku4.5__rep0.json	PILOT-2017002029	F	0	0.0	0.0	0.0	0.0	23	0	0	
PILOT-2017002029__F__haiku4.5__rep1.json	PILOT-2017002029	F	1	0.0023	0.0145	0.0026	0.0043	23	0	0	
PILOT-2017002029__F__haiku4.5__rep2.json	PILOT-2017002029	F	2	0.0	0.0	0.0	0.0	23	0	0	
PILOT-2017002029__F__sonnet4__rep0.json	PILOT-2017002029	F	0	0.0	0.0	0.0	0.0	20	3	0	
PILOT-2017002029__F__sonnet4__rep1.json	PILOT-2017002029	F	1	0.0	0.0	0.0	0.0	20	3	0	
PILOT-2017002029__F__sonnet4__rep2.json	PILOT-2017002029	F	2	0.0	0.0	0.0	0.0	20	3	0	
PILOT-2017002029__G__gpt4o-mini__rep0.json	PILOT-2017002029	G	0	0.0313	0.4	0.0313	0.0564	5	18	0	
PILOT-2017002029__G__gpt4o-mini__rep1.json	PILOT-2017002029	G	1	0.0479	0.5333	0.0484	0.0864	5	18	0	
PILOT-2017002029__G__gpt4o-mini__rep2.json	PILOT-2017002029	G	2	0.0063	0.0417	0.0069	0.0119	8	15	0	
PILOT-2017002029__G__gpt5.4__rep0.json	PILOT-2017002029	G	0	0.0	0.0	0.0	0.0	23	0	0	
PILOT-2017002029__G__gpt5.4__rep1.json	PILOT-2017002029	G	1	0.0	0.0	0.0	0.0	23	0	0	
PILOT-2017002029__G__gpt5.4__rep2.json	PILOT-2017002029	G	2	0.0	0.0	0.0	0.0	23	0	0	
PILOT-2017002029__G__haiku4.5__rep0.json	PILOT-2017002029	G	0	0.0014	0.0145	0.0016	0.0028	23	0	0	
PILOT-2017002029__G__haiku4.5__rep1.json	PILOT-2017002029	G	1	0.0	0.0	0.0	0.0	23	0	0	
PILOT-2017002029__G__haiku4.5__rep2.json	PILOT-2017002029	G	2	0.0012	0.0145	0.0013	0.0024	23	0	0	
PILOT-2017002029__G__sonnet4__rep0.json	PILOT-2017002029	G	0	0.0	0.0	0.0	0.0	23	0	0	
PILOT-2017002029__G__sonnet4__rep1.json	PILOT-2017002029	G	1	0.0	0.0	0.0	0.0	23	0	0	
PILOT-2017002029__G__sonnet4__rep2.json	PILOT-2017002029	G	2	0.0	0.0	0.0	0.0	23	0	0	
PILOT-2017003676__F__gpt4o-mini__rep0.json	PILOT-2017003676	F	0	0.0667	0.1117	0.1533	0.1196	8	11	0	
PILOT-2017003676__F__gpt4o-mini__rep1.json	PILOT-2017003676	F	1	0.0161	0.0266	0.0416	0.0289	19	0	0	
PILOT-2017003676__F__gpt4o-mini__rep2.json	PILOT-2017003676	F	2	0.0457	0.0704	0.0933	0.0776	19	0	0	
PILOT-2017003676__F__gpt5.4__rep0.json	PILOT-2017003676	F	0	0.0113	0.0222	0.0189	0.0204	19	0	0	
PILOT-2017003676__F__gpt5.4__rep1.json	PILOT-2017003676	F	1	0.0139	0.0234	0.0262	0.0247	18	1	0	
PILOT-2017003676__F__gpt5.4__rep2.json	PILOT-2017003676	F	2	0.0197	0.0274	0.049	0.0349	17	2	0	
PILOT-2017003676__F__haiku4.5__rep0.json	PILOT-2017003676	F	0	0.008	0.0149	0.0171	0.0147	19	0	0	
PILOT-2017003676__F__haiku4.5__rep1.json	PILOT-2017003676	F	1	0.008	0.0149	0.0171	0.0147	19	0	0	
PILOT-2017003676__F__haiku4.5__rep2.json	PILOT-2017003676	F	2	0.0228	0.0444	0.0394	0.0411	17	2	0	
PILOT-2017003676__F__sonnet4__rep0.json	PILOT-2017003676	F	0	0.0097	0.0157	0.0208	0.0175	18	1	0	
PILOT-2017003676__F__sonnet4__rep1.json	PILOT-2017003676	F	1	0.0184	0.0366	0.0347	0.0337	18	1	0	
PILOT-2017003676__F__sonnet4__rep2.json	PILOT-2017003676	F	2	0.0108	0.023	0.018	0.0202	6	13	0	
PILOT-2017003676__G__gpt4o-mini__rep0.json	PILOT-2017003676	G	0	0.0812	0.1449	0.174	0.1413	13	6	0	
PILOT-2017003676__G__gpt4o-mini__rep1.json	PILOT-2017003676	G	1	0.0957	0.2264	0.1725	0.1633	12	7	0	
PILOT-2017003676__G__gpt4o-mini__rep2.json	PILOT-2017003676	G	2	0.1073	0.2034	0.167	0.1787	8	11	0	
PILOT-2017003676__G__gpt5.4__rep0.json	PILOT-2017003676	G	0	0.027	0.0372	0.125	0.0484	14	5	0	
PILOT-2017003676__G__gpt5.4__rep1.json	PILOT-2017003676	G	1	0.0211	0.0336	0.0424	0.0372	19	0	0	
PILOT-2017003676__G__gpt5.4__rep2.json	PILOT-2017003676	G	2	0.1207	0.2414	0.1944	0.2154	1	18	0	
PILOT-2017003676__G__haiku4.5__rep0.json	PILOT-2017003676	G	0	0.0096	0.0167	0.0217	0.0176	17	2	0	
PILOT-2017003676__G__haiku4.5__rep1.json	PILOT-2017003676	G	1	0.0704	0.1452	0.1188	0.1237	19	0	0	
PILOT-2017003676__G__haiku4.5__rep2.json	PILOT-2017003676	G	2	0.0284	0.0495	0.0523	0.0487	19	0	0	
PILOT-2017003676__G__sonnet4__rep0.json	PILOT-2017003676	G	0	0.0279	0.0356	0.0819	0.0485	19	0	0	
PILOT-2017003676__G__sonnet4__rep1.json	PILOT-2017003676	G	1	0.0108	0.0149	0.0292	0.0193	19	0	0	
PILOT-2017003676__G__sonnet4__rep2.json	PILOT-2017003676	G	2	0.0108	0.0149	0.0292	0.0193	19	0	0	
PILOT-2017004144__F__gpt4o-mini__rep0.json	PILOT-2017004144	F	0	0.0155	0.0191	0.075	0.0287	7	0	0	
PILOT-2017004144__F__gpt4o-mini__rep1.json	PILOT-2017004144	F	1	0.0152	0.0165	0.1134	0.0288	7	0	0	
PILOT-2017004144__F__gpt4o-mini__rep2.json	PILOT-2017004144	F	2	0.0072	0.0086	0.0357	0.0139	4	3	0	
PILOT-2017004144__F__gpt5.4__rep0.json	PILOT-2017004144	F	0	0.0	0.0	0.0	0.0	7	0	0	
PILOT-2017004144__F__gpt5.4__rep1.json	PILOT-2017004144	F	1	0.0	0.0	0.0	0.0	7	0	0	
PILOT-2017004144__F__gpt5.4__rep2.json	PILOT-2017004144	F	2	0.0	0.0	0.0	0.0	7	0	0	
PILOT-2017004144__F__haiku4.5__rep0.json	PILOT-2017004144	F	0	0.0	0.0	0.0	0.0	7	0	0	
PILOT-2017004144__F__haiku4.5__rep1.json	PILOT-2017004144	F	1	0.0	0.0	0.0	0.0	7	0	0	
PILOT-2017004144__F__haiku4.5__rep2.json	PILOT-2017004144	F	2	0.0	0.0	0.0	0.0	7	0	0	
PILOT-2017004144__F__sonnet4__rep0.json	PILOT-2017004144	F	0	0.0	0.0	0.0	0.0	7	0	0	
PILOT-2017004144__F__sonnet4__rep1.json	PILOT-2017004144	F	1	0.0041	0.0049	0.0214	0.008	7	0	0	
PILOT-2017004144__F__sonnet4__rep2.json	PILOT-2017004144	F	2	0.0	0.0	0.0	0.0	7	0	0	
PILOT-2017004144__G__gpt4o-mini__rep0.json	PILOT-2017004144	G	0	0.0101	0.0109	0.0881	0.0193	7	0	0	
PILOT-2017004144__G__gpt4o-mini__rep1.json	PILOT-2017004144	G	1	0.0085	0.0089	0.1143	0.0165	7	0	0	
PILOT-2017004144__G__gpt4o-mini__rep2.json	PILOT-2017004144	G	2	0.004	0.0049	0.0195	0.0079	7	0	0	
PILOT-2017004144__G__gpt5.4__rep0.json	PILOT-2017004144	G	0	0.0	0.0	0.0	0.0	7	0	0	
PILOT-2017004144__G__gpt5.4__rep1.json	PILOT-2017004144	G	1	0.0	0.0	0.0	0.0	7	0	0	
PILOT-2017004144__G__gpt5.4__rep2.json	PILOT-2017004144	G	2	0.0	0.0	0.0	0.0	7	0	0	
PILOT-2017004144__G__haiku4.5__rep0.json	PILOT-2017004144	G	0	0.0038	0.0058	0.0109	0.0075	6	1	0	
PILOT-2017004144__G__haiku4.5__rep1.json	PILOT-2017004144	G	1	0.0	0.0	0.0	0.0	6	1	0	
PILOT-2017004144__G__haiku4.5__rep2.json	PILOT-2017004144	G	2	0.0	0.0	0.0	0.0	7	0	0	
PILOT-2017004144__G__sonnet4__rep0.json	PILOT-2017004144	G	0	0.0084	0.0192	0.0441	0.0163	7	0	0	
PILOT-2017004144__G__sonnet4__rep1.json	PILOT-2017004144	G	1	0.0034	0.0143	0.0043	0.0066	7	0	0	
PILOT-2017004144__G__sonnet4__rep2.json	PILOT-2017004144	G	2	0.0084	0.0192	0.0441	0.0163	7	0	0	
PILOT-2017004286__F__gpt4o-mini__rep0.json	PILOT-2017004286	F	0	0.0735	0.1317	0.1947	0.1303	4	21	0	
PILOT-2017004286__F__gpt4o-mini__rep1.json	PILOT-2017004286	F	1	0.125	0.2164	0.2374	0.2074	3	22	0	
PILOT-2017004286__F__gpt4o-mini__rep2.json	PILOT-2017004286	F	2	0.1292	0.2164	0.2164	0.2164	3	22	0	
PILOT-2017004286__F__gpt5.4__rep0.json	PILOT-2017004286	F	0	0.0053	0.0061	0.0333	0.0099	25	0	0	
PILOT-2017004286__F__gpt5.4__rep1.json	PILOT-2017004286	F	1	0.014	0.0193	0.0362	0.0233	25	0	0	
PILOT-2017004286__F__gpt5.4__rep2.json	PILOT-2017004286	F	2	0.0053	0.0061	0.0333	0.0099	25	0	0	
PILOT-2017004286__F__haiku4.5__rep0.json	PILOT-2017004286	F	0	0.0463	0.0751	0.1018	0.0791	25	0	0	
PILOT-2017004286__F__haiku4.5__rep1.json	PILOT-2017004286	F	1	0.0268	0.0383	0.0716	0.046	25	0	0	
PILOT-2017004286__F__haiku4.5__rep2.json	PILOT-2017004286	F	2	0.0162	0.0252	0.0402	0.028	25	0	0	
PILOT-2017004286__F__sonnet4__rep0.json	PILOT-2017004286	F	0	0.0024	0.0027	0.018	0.0045	25	0	0	
PILOT-2017004286__F__sonnet4__rep1.json	PILOT-2017004286	F	1	0.0024	0.0027	0.018	0.0045	25	0	0	
PILOT-2017004286__F__sonnet4__rep2.json	PILOT-2017004286	F	2	0.005	0.0058	0.0325	0.0095	25	0	0	
PILOT-2017004286__G__gpt4o-mini__rep0.json	PILOT-2017004286	G	0	0.1064	0.1905	0.2524	0.1837	4	21	0	
PILOT-2017004286__G__gpt4o-mini__rep1.json	PILOT-2017004286	G	1	0.1016	0.147	0.3214	0.1775	4	21	0	
PILOT-2017004286__G__gpt4o-mini__rep2.json	PILOT-2017004286	G	2	0.0302	0.0384	0.1389	0.0568	4	21	0	
PILOT-2017004286__G__gpt5.4__rep0.json	PILOT-2017004286	G	0	0.0053	0.0061	0.0333	0.0099	25	0	0	
PILOT-2017004286__G__gpt5.4__rep1.json	PILOT-2017004286	G	1	0.0053	0.0061	0.0333	0.0099	25	0	0	
PILOT-2017004286__G__gpt5.4__rep2.json	PILOT-2017004286	G	2	0.0103	0.016	0.0376	0.0192	19	6	0	
PILOT-2017004286__G__haiku4.5__rep0.json	PILOT-2017004286	G	0	0.0236	0.0573	0.0393	0.0396	25	0	0	
PILOT-2017004286__G__haiku4.5__rep1.json	PILOT-2017004286	G	1	0.0879	0.1061	0.2922	0.1491	4	21	0	
PILOT-2017004286__G__haiku4.5__rep2.json	PILOT-2017004286	G	2	0.0086	0.01	0.0401	0.0156	25	0	0	
PILOT-2017004286__G__sonnet4__rep0.json	PILOT-2017004286	G	0	0.0076	0.0096	0.0392	0.0144	25	0	0	
PILOT-2017004286__G__sonnet4__rep1.json	PILOT-2017004286	G	1	0.0052	0.0067	0.026	0.0099	25	0	0	
PILOT-2017004286__G__sonnet4__rep2.json	PILOT-2017004286	G	2	0.0152	0.0251	0.0391	0.0272	25	0	0	
PILOT-2017005259__F__gpt4o-mini__rep0.json	PILOT-2017005259	F	0	0.0262	0.0466	0.0556	0.0469	8	4	0	
PILOT-2017005259__F__gpt4o-mini__rep1.json	PILOT-2017005259	F	1	0.0	0.0	0.0	0.0	4	8	0	
PILOT-2017005259__F__gpt4o-mini__rep2.json	PILOT-2017005259	F	2	0.0687	0.1044	0.2489	0.1252	5	7	0	
PILOT-2017005259__F__gpt5.4__rep0.json	PILOT-2017005259	F	0	0.0	0.0	0.0	0.0	12	0	0	
PILOT-2017005259__F__gpt5.4__rep1.json	PILOT-2017005259	F	1	0.0044	0.0072	0.0098	0.0083	12	0	0	
PILOT-2017005259__F__gpt5.4__rep2.json	PILOT-2017005259	F	2	0.0	0.0	0.0	0.0	12	0	0	
PILOT-2017005259__F__haiku4.5__rep0.json	PILOT-2017005259	F	0	0.0	0.0	0.0	0.0	12	0	0	
PILOT-2017005259__F__haiku4.5__rep1.json	PILOT-2017005259	F	1	0.0	0.0	0.0	0.0	12	0	0	
PILOT-2017005259__F__haiku4.5__rep2.json	PILOT-2017005259	F	2	0.0	0.0	0.0	0.0	10	2	0	
PILOT-2017005259__F__sonnet4__rep0.json	PILOT-2017005259	F	0	0.0	0.0	0.0	0.0	12	0	0	
PILOT-2017005259__F__sonnet4__rep1.json	PILOT-2017005259	F	1	0.0103	0.0281	0.0171	0.0199	10	2	0	
PILOT-2017005259__F__sonnet4__rep2.json	PILOT-2017005259	F	2	0.0	0.0	0.0	0.0	12	0	0	
PILOT-2017005259__G__gpt4o-mini__rep0.json	PILOT-2017005259	G	0	0.043	0.0932	0.0913	0.0789	4	8	0	
PILOT-2017005259__G__gpt4o-mini__rep1.json	PILOT-2017005259	G	1	0.0651	0.1506	0.1108	0.1151	4	8	0	
PILOT-2017005259__G__gpt4o-mini__rep2.json	PILOT-2017005259	G	2	0.0262	0.0466	0.0556	0.0469	8	4	0	
PILOT-2017005259__G__gpt5.4__rep0.json	PILOT-2017005259	G	0	0.0056	0.0072	0.0185	0.0104	12	0	0	
PILOT-2017005259__G__gpt5.4__rep1.json	PILOT-2017005259	G	1	0.0	0.0	0.0	0.0	12	0	0	
PILOT-2017005259__G__gpt5.4__rep2.json	PILOT-2017005259	G	2	0.0	0.0	0.0	0.0	12	0	0	
PILOT-2017005259__G__haiku4.5__rep0.json	PILOT-2017005259	G	0	0.0	0.0	0.0	0.0	12	0	0	
PILOT-2017005259__G__haiku4.5__rep1.json	PILOT-2017005259	G	1	0.0	0.0	0.0	0.0	12	0	0	
PILOT-2017005259__G__haiku4.5__rep2.json	PILOT-2017005259	G	2	0.0	0.0	0.0	0.0	12	0	0	
PILOT-2017005259__G__sonnet4__rep0.json	PILOT-2017005259	G	0	0.0267	0.0446	0.0476	0.046	12	0	0	
PILOT-2017005259__G__sonnet4__rep1.json	PILOT-2017005259	G	1	0.0267	0.0446	0.0476	0.046	12	0	0	
PILOT-2017005259__G__sonnet4__rep2.json	PILOT-2017005259	G	2	0.0	0.0	0.0	0.0	12	0	0	
PILOT-2017005493__F__gpt4o-mini__rep0.json	PILOT-2017005493	F	0	0.0279	0.0656	0.0502	0.0491	7	13	0	
PILOT-2017005493__F__gpt4o-mini__rep1.json	PILOT-2017005493	F	1	0.1494	0.3063	0.2233	0.2238	8	12	0	
PILOT-2017005493__F__gpt4o-mini__rep2.json	PILOT-2017005493	F	2	0.0949	0.165	0.2659	0.167	8	12	0	
PILOT-2017005493__F__gpt5.4__rep0.json	PILOT-2017005493	F	0	0.0048	0.0125	0.0068	0.0088	20	0	0	
PILOT-2017005493__F__gpt5.4__rep1.json	PILOT-2017005493	F	1	0.0167	0.025	0.025	0.025	20	0	0	
PILOT-2017005493__F__gpt5.4__rep2.json	PILOT-2017005493	F	2	0.028	0.0542	0.045	0.0461	20	0	0	
PILOT-2017005493__F__haiku4.5__rep0.json	PILOT-2017005493	F	0	0.0157	0.0334	0.0343	0.0286	20	0	0	
PILOT-2017005493__F__haiku4.5__rep1.json	PILOT-2017005493	F	1	0.0115	0.024	0.0173	0.0197	20	0	0	
PILOT-2017005493__F__haiku4.5__rep2.json	PILOT-2017005493	F	2	0.012	0.0266	0.02	0.0213	20	0	0	
PILOT-2017005493__F__sonnet4__rep0.json	PILOT-2017005493	F	0	0.0251	0.0504	0.0372	0.0408	20	0	0	
PILOT-2017005493__F__sonnet4__rep1.json	PILOT-2017005493	F	1	0.0383	0.0781	0.0589	0.0628	20	0	0	
PILOT-2017005493__F__sonnet4__rep2.json	PILOT-2017005493	F	2	0.012	0.0228	0.0327	0.0219	20	0	0	
PILOT-2017005493__G__gpt4o-mini__rep0.json	PILOT-2017005493	G	0	0.211	0.3854	0.2609	0.3091	8	12	0	
PILOT-2017005493__G__gpt4o-mini__rep1.json	PILOT-2017005493	G	1	0.0042	0.0048	0.0278	0.0081	6	14	0	
PILOT-2017005493__G__gpt4o-mini__rep2.json	PILOT-2017005493	G	2	0.0118	0.0133	0.0667	0.0222	5	15	0	
PILOT-2017005493__G__gpt5.4__rep0.json	PILOT-2017005493	G	0	0.0125	0.025	0.0167	0.02	20	0	0	
PILOT-2017005493__G__gpt5.4__rep1.json	PILOT-2017005493	G	1	0.0322	0.0583	0.0483	0.0515	20	0	0	
PILOT-2017005493__G__gpt5.4__rep2.json	PILOT-2017005493	G	2	0.0125	0.025	0.0167	0.02	20	0	0	
PILOT-2017005493__G__haiku4.5__rep0.json	PILOT-2017005493	G	0	0.0128	0.024	0.0202	0.0216	20	0	0	
PILOT-2017005493__G__haiku4.5__rep1.json	PILOT-2017005493	G	1	0.0292	0.0672	0.0522	0.0513	20	0	0	
PILOT-2017005493__G__haiku4.5__rep2.json	PILOT-2017005493	G	2	0.0107	0.0282	0.0148	0.0186	20	0	0	
PILOT-2017005493__G__sonnet4__rep0.json	PILOT-2017005493	G	0	0.0057	0.0077	0.0217	0.011	16	4	0	
PILOT-2017005493__G__sonnet4__rep1.json	PILOT-2017005493	G	1	0.0269	0.054	0.0511	0.045	20	0	0	
PILOT-2017005493__G__sonnet4__rep2.json	PILOT-2017005493	G	2	0.0103	0.0152	0.0344	0.0194	19	1	0	
PILOT-2017006188__F__gpt4o-mini__rep0.json	PILOT-2017006188	F	0	None	None	None	None	0	5	0	no_aligned_claims
PILOT-2017006188__F__gpt4o-mini__rep1.json	PILOT-2017006188	F	1	None	None	None	None	0	5	0	no_aligned_claims
PILOT-2017006188__F__gpt4o-mini__rep2.json	PILOT-2017006188	F	2	None	None	None	None	0	5	0	no_aligned_claims
PILOT-2017006188__F__gpt5.4__rep0.json	PILOT-2017006188	F	0	0.0	0.0	0.0	0.0	5	0	0	
PILOT-2017006188__F__gpt5.4__rep1.json	PILOT-2017006188	F	1	0.0	0.0	0.0	0.0	5	0	0	
PILOT-2017006188__F__gpt5.4__rep2.json	PILOT-2017006188	F	2	0.0	0.0	0.0	0.0	5	0	0	
PILOT-2017006188__F__haiku4.5__rep0.json	PILOT-2017006188	F	0	None	None	None	None	0	5	0	no_aligned_claims
PILOT-2017006188__F__haiku4.5__rep1.json	PILOT-2017006188	F	1	None	None	None	None	0	5	0	no_aligned_claims
PILOT-2017006188__F__haiku4.5__rep2.json	PILOT-2017006188	F	2	None	None	None	None	0	5	0	no_aligned_claims
PILOT-2017006188__F__sonnet4__rep0.json	PILOT-2017006188	F	0	None	None	None	None	0	5	0	no_aligned_claims
PILOT-2017006188__F__sonnet4__rep1.json	PILOT-2017006188	F	1	0.0	0.0	0.0	0.0	5	0	0	
PILOT-2017006188__F__sonnet4__rep2.json	PILOT-2017006188	F	2	None	None	None	None	0	5	0	no_aligned_claims
PILOT-2017006188__G__gpt4o-mini__rep0.json	PILOT-2017006188	G	0	None	None	None	None	0	5	0	no_aligned_claims
PILOT-2017006188__G__gpt4o-mini__rep1.json	PILOT-2017006188	G	1	None	None	None	None	0	5	0	no_aligned_claims
PILOT-2017006188__G__gpt4o-mini__rep2.json	PILOT-2017006188	G	2	None	None	None	None	0	5	0	no_aligned_claims
PILOT-2017006188__G__gpt5.4__rep0.json	PILOT-2017006188	G	0	0.0	0.0	0.0	0.0	5	0	0	
PILOT-2017006188__G__gpt5.4__rep1.json	PILOT-2017006188	G	1	0.0	0.0	0.0	0.0	5	0	0	
PILOT-2017006188__G__gpt5.4__rep2.json	PILOT-2017006188	G	2	0.0	0.0	0.0	0.0	5	0	0	
PILOT-2017006188__G__haiku4.5__rep0.json	PILOT-2017006188	G	0	None	None	None	None	0	5	0	no_aligned_claims
PILOT-2017006188__G__haiku4.5__rep1.json	PILOT-2017006188	G	1	None	None	None	None	0	5	0	no_aligned_claims
PILOT-2017006188__G__haiku4.5__rep2.json	PILOT-2017006188	G	2	None	None	None	None	0	5	0	no_aligned_claims
PILOT-2017006188__G__sonnet4__rep0.json	PILOT-2017006188	G	0	None	None	None	None	0	5	0	no_aligned_claims
PILOT-2017006188__G__sonnet4__rep1.json	PILOT-2017006188	G	1	None	None	None	None	0	5	0	no_aligned_claims
PILOT-2017006188__G__sonnet4__rep2.json	PILOT-2017006188	G	2	None	None	None	None	0	5	0	no_aligned_claims
PILOT-2017007272__F__gpt4o-mini__rep0.json	PILOT-2017007272	F	0	0.0834	0.1784	0.1222	0.1364	8	1	0	
PILOT-2017007272__F__gpt4o-mini__rep1.json	PILOT-2017007272	F	1	0.1143	0.2047	0.2139	0.1896	8	1	0	
PILOT-2017007272__F__gpt4o-mini__rep2.json	PILOT-2017007272	F	2	0.1134	0.234	0.1591	0.1789	7	2	0	
PILOT-2017007272__F__gpt5.4__rep0.json	PILOT-2017007272	F	0	0.082	0.1621	0.1303	0.1279	9	0	0	
PILOT-2017007272__F__gpt5.4__rep1.json	PILOT-2017007272	F	1	0.0713	0.1462	0.121	0.1146	9	0	0	
PILOT-2017007272__F__gpt5.4__rep2.json	PILOT-2017007272	F	2	0.0809	0.1621	0.1289	0.1262	9	0	0	
PILOT-2017007272__F__haiku4.5__rep0.json	PILOT-2017007272	F	0	0.0327	0.1583	0.0402	0.06	5	4	0	
PILOT-2017007272__F__haiku4.5__rep1.json	PILOT-2017007272	F	1	0.0488	0.2222	0.0526	0.0851	3	6	0	
PILOT-2017007272__F__haiku4.5__rep2.json	PILOT-2017007272	F	2	0.0322	0.1139	0.0412	0.059	5	4	0	
PILOT-2017007272__F__sonnet4__rep0.json	PILOT-2017007272	F	0	0.0444	0.0571	0.1048	0.0735	7	2	0	
PILOT-2017007272__F__sonnet4__rep1.json	PILOT-2017007272	F	1	0.0505	0.075	0.1118	0.0852	7	2	0	
PILOT-2017007272__F__sonnet4__rep2.json	PILOT-2017007272	F	2	0.06	0.1083	0.1104	0.1022	7	2	0	
PILOT-2017007272__G__gpt4o-mini__rep0.json	PILOT-2017007272	G	0	0.082	0.2168	0.1141	0.1378	8	1	0	
PILOT-2017007272__G__gpt4o-mini__rep1.json	PILOT-2017007272	G	1	0.0363	0.1139	0.0474	0.0657	5	4	0	
PILOT-2017007272__G__gpt4o-mini__rep2.json	PILOT-2017007272	G	2	0.0357	0.075	0.0536	0.0625	4	5	0	
PILOT-2017007272__G__gpt5.4__rep0.json	PILOT-2017007272	G	0	0.076	0.1462	0.1275	0.1222	9	0	0	
PILOT-2017007272__G__gpt5.4__rep1.json	PILOT-2017007272	G	1	0.0816	0.1621	0.1298	0.1273	9	0	0	
PILOT-2017007272__G__gpt5.4__rep2.json	PILOT-2017007272	G	2	0.0788	0.1621	0.1261	0.1226	9	0	0	
PILOT-2017007272__G__haiku4.5__rep0.json	PILOT-2017007272	G	0	0.0641	0.2151	0.0742	0.1061	7	2	0	
PILOT-2017007272__G__haiku4.5__rep1.json	PILOT-2017007272	G	1	0.0602	0.1883	0.071	0.0981	8	1	0	
PILOT-2017007272__G__haiku4.5__rep2.json	PILOT-2017007272	G	2	0.025	0.1319	0.0283	0.0458	6	3	0	
PILOT-2017007272__G__sonnet4__rep0.json	PILOT-2017007272	G	0	0.0506	0.075	0.1117	0.0854	7	2	0	
PILOT-2017007272__G__sonnet4__rep1.json	PILOT-2017007272	G	1	0.0905	0.1712	0.154	0.1487	9	0	0	
PILOT-2017007272__G__sonnet4__rep2.json	PILOT-2017007272	G	2	0.0526	0.075	0.1191	0.089	7	2	0	
PILOT-2017007595__F__gpt4o-mini__rep0.json	PILOT-2017007595	F	0	0.0	0.0	0.0	0.0	5	30	0	
PILOT-2017007595__F__gpt4o-mini__rep1.json	PILOT-2017007595	F	1	0.0	0.0	0.0	0.0	6	29	0	
PILOT-2017007595__F__gpt4o-mini__rep2.json	PILOT-2017007595	F	2	0.0032	0.0041	0.0139	0.0063	6	29	0	
PILOT-2017007595__F__gpt5.4__rep0.json	PILOT-2017007595	F	0	0.0033	0.0099	0.0049	0.0063	30	5	0	
PILOT-2017007595__F__gpt5.4__rep1.json	PILOT-2017007595	F	1	0.0009	0.0022	0.0014	0.0017	35	0	0	
PILOT-2017007595__F__gpt5.4__rep2.json	PILOT-2017007595	F	2	0.0025	0.0075	0.0035	0.0047	35	0	0	
PILOT-2017007595__F__haiku4.5__rep0.json	PILOT-2017007595	F	0	0.0089	0.0171	0.0168	0.0156	35	0	0	
PILOT-2017007595__F__haiku4.5__rep1.json	PILOT-2017007595	F	1	0.0081	0.0297	0.0107	0.0156	11	24	0	
PILOT-2017007595__F__haiku4.5__rep2.json	PILOT-2017007595	F	2	0.0145	0.0292	0.0276	0.0262	19	16	0	
PILOT-2017007595__F__sonnet4__rep0.json	PILOT-2017007595	F	0	0.0091	0.0227	0.0152	0.0171	35	0	0	
PILOT-2017007595__F__sonnet4__rep1.json	PILOT-2017007595	F	1	0.0031	0.0093	0.0044	0.006	35	0	0	
PILOT-2017007595__F__sonnet4__rep2.json	PILOT-2017007595	F	2	0.0028	0.0093	0.0038	0.0054	35	0	0	
PILOT-2017007595__G__gpt4o-mini__rep0.json	PILOT-2017007595	G	0	0.0	0.0	0.0	0.0	5	30	0	
PILOT-2017007595__G__gpt4o-mini__rep1.json	PILOT-2017007595	G	1	0.0032	0.0041	0.0139	0.0063	6	29	0	
PILOT-2017007595__G__gpt4o-mini__rep2.json	PILOT-2017007595	G	2	0.0	0.0	0.0	0.0	5	30	0	
PILOT-2017007595__G__gpt5.4__rep0.json	PILOT-2017007595	G	0	0.0036	0.0075	0.0063	0.0067	35	0	0	
PILOT-2017007595__G__gpt5.4__rep1.json	PILOT-2017007595	G	1	0.0042	0.0088	0.0074	0.0078	30	5	0	
PILOT-2017007595__G__gpt5.4__rep2.json	PILOT-2017007595	G	2	0.0035	0.0075	0.0062	0.0066	35	0	0	
PILOT-2017007595__G__haiku4.5__rep0.json	PILOT-2017007595	G	0	0.0133	0.0467	0.0184	0.0259	7	28	0	
PILOT-2017007595__G__haiku4.5__rep1.json	PILOT-2017007595	G	1	0.0156	0.0544	0.0214	0.0302	6	29	0	
PILOT-2017007595__G__haiku4.5__rep2.json	PILOT-2017007595	G	2	0.0133	0.0467	0.0184	0.0259	7	28	0	
PILOT-2017007595__G__sonnet4__rep0.json	PILOT-2017007595	G	0	0.0031	0.0093	0.0044	0.006	35	0	0	
PILOT-2017007595__G__sonnet4__rep1.json	PILOT-2017007595	G	1	0.0032	0.0093	0.0046	0.0061	35	0	0	
PILOT-2017007595__G__sonnet4__rep2.json	PILOT-2017007595	G	2	0.0031	0.0093	0.0044	0.006	35	0	0	
PILOT-2017009415__F__gpt4o-mini__rep0.json	PILOT-2017009415	F	0	0.0946	0.1323	0.2963	0.1678	7	6	0	
PILOT-2017009415__F__gpt4o-mini__rep1.json	PILOT-2017009415	F	1	0.0714	0.0905	0.2528	0.1265	6	7	0	
PILOT-2017009415__F__gpt4o-mini__rep2.json	PILOT-2017009415	F	2	0.0931	0.1117	0.301	0.1623	6	7	0	
PILOT-2017009415__F__gpt5.4__rep0.json	PILOT-2017009415	F	0	0.0014	0.0016	0.0093	0.0027	9	4	0	
PILOT-2017009415__F__gpt5.4__rep1.json	PILOT-2017009415	F	1	0.0017	0.0018	0.0179	0.0033	8	5	0	
PILOT-2017009415__F__gpt5.4__rep2.json	PILOT-2017009415	F	2	0.0082	0.0097	0.037	0.0153	9	4	0	
PILOT-2017009415__F__haiku4.5__rep0.json	PILOT-2017009415	F	0	0.0266	0.0411	0.0869	0.049	13	0	0	
PILOT-2017009415__F__haiku4.5__rep1.json	PILOT-2017009415	F	1	0.0247	0.0411	0.069	0.0458	13	0	0	
PILOT-2017009415__F__haiku4.5__rep2.json	PILOT-2017009415	F	2	0.0101	0.0125	0.0468	0.0194	13	0	0	
PILOT-2017009415__F__sonnet4__rep0.json	PILOT-2017009415	F	0	0.0019	0.0022	0.0128	0.0038	13	0	0	
PILOT-2017009415__F__sonnet4__rep1.json	PILOT-2017009415	F	1	0.006	0.0071	0.0303	0.0114	13	0	0	
PILOT-2017009415__F__sonnet4__rep2.json	PILOT-2017009415	F	2	0.0056	0.0071	0.0248	0.0107	13	0	0	
PILOT-2017009415__G__gpt4o-mini__rep0.json	PILOT-2017009415	G	0	None	None	None	None	0	13	0	no_aligned_claims
PILOT-2017009415__G__gpt4o-mini__rep1.json	PILOT-2017009415	G	1	0.13	0.172	0.3435	0.22	6	7	0	
PILOT-2017009415__G__gpt4o-mini__rep2.json	PILOT-2017009415	G	2	0.0314	0.0355	0.15	0.0553	13	0	0	
PILOT-2017009415__G__gpt5.4__rep0.json	PILOT-2017009415	G	0	0.0526	0.0934	0.0895	0.0882	10	3	0	
PILOT-2017009415__G__gpt5.4__rep1.json	PILOT-2017009415	G	1	0.0011	0.0013	0.0076	0.0022	11	2	0	
PILOT-2017009415__G__gpt5.4__rep2.json	PILOT-2017009415	G	2	0.0013	0.0015	0.0083	0.0025	10	3	0	
PILOT-2017009415__G__haiku4.5__rep0.json	PILOT-2017009415	G	0	0.0352	0.0426	0.1246	0.0615	10	3	0	
PILOT-2017009415__G__haiku4.5__rep1.json	PILOT-2017009415	G	1	0.034	0.0411	0.1738	0.0604	13	0	0	
PILOT-2017009415__G__haiku4.5__rep2.json	PILOT-2017009415	G	2	0.0181	0.0319	0.0423	0.0331	13	0	0	
PILOT-2017009415__G__sonnet4__rep0.json	PILOT-2017009415	G	0	0.0036	0.0042	0.0219	0.007	13	0	0	
PILOT-2017009415__G__sonnet4__rep1.json	PILOT-2017009415	G	1	0.0129	0.0161	0.0527	0.0238	13	0	0	
PILOT-2017009415__G__sonnet4__rep2.json	PILOT-2017009415	G	2	0.0019	0.0022	0.0096	0.0036	13	0	0	
PILOT-2017010497__F__gpt4o-mini__rep0.json	PILOT-2017010497	F	0	0.0294	0.0462	0.0649	0.0494	12	1	0	
PILOT-2017010497__F__gpt4o-mini__rep1.json	PILOT-2017010497	F	1	0.0131	0.0217	0.0286	0.0243	12	1	0	
PILOT-2017010497__F__gpt4o-mini__rep2.json	PILOT-2017010497	F	2	0.0077	0.011	0.0192	0.014	13	0	0	
PILOT-2017010497__F__gpt5.4__rep0.json	PILOT-2017010497	F	0	0.0288	0.0513	0.0355	0.042	13	0	0	
PILOT-2017010497__F__gpt5.4__rep1.json	PILOT-2017010497	F	1	0.0596	0.0651	0.1026	0.0774	13	0	0	
PILOT-2017010497__F__gpt5.4__rep2.json	PILOT-2017010497	F	2	0.0	0.0	0.0	0.0	12	1	0	
PILOT-2017010497__F__haiku4.5__rep0.json	PILOT-2017010497	F	0	0.0185	0.035	0.0488	0.0341	10	3	0	
PILOT-2017010497__F__haiku4.5__rep1.json	PILOT-2017010497	F	1	0.0067	0.0125	0.0125	0.0125	13	0	0	
PILOT-2017010497__F__haiku4.5__rep2.json	PILOT-2017010497	F	2	None	None	None	None	0	13	0	no_aligned_claims
PILOT-2017010497__F__sonnet4__rep0.json	PILOT-2017010497	F	0	0.0074	0.0136	0.0173	0.014	12	1	0	
PILOT-2017010497__F__sonnet4__rep1.json	PILOT-2017010497	F	1	0.0	0.0	0.0	0.0	12	1	0	
PILOT-2017010497__F__sonnet4__rep2.json	PILOT-2017010497	F	2	0.006	0.0119	0.0104	0.0111	12	1	0	
PILOT-2017010497__G__gpt4o-mini__rep0.json	PILOT-2017010497	G	0	None	None	None	None	0	13	0	no_aligned_claims
PILOT-2017010497__G__gpt4o-mini__rep1.json	PILOT-2017010497	G	1	0.0221	0.0279	0.0744	0.0403	8	5	0	
PILOT-2017010497__G__gpt4o-mini__rep2.json	PILOT-2017010497	G	2	None	None	None	None	0	13	0	no_aligned_claims
PILOT-2017010497__G__gpt5.4__rep0.json	PILOT-2017010497	G	0	0.0504	0.0541	0.0696	0.0609	13	0	0	
PILOT-2017010497__G__gpt5.4__rep1.json	PILOT-2017010497	G	1	0.0353	0.0484	0.0484	0.0484	13	0	0	
PILOT-2017010497__G__gpt5.4__rep2.json	PILOT-2017010497	G	2	0.0353	0.0484	0.0484	0.0484	13	0	0	
PILOT-2017010497__G__haiku4.5__rep0.json	PILOT-2017010497	G	0	0.0066	0.0119	0.0125	0.0122	12	1	0	
PILOT-2017010497__G__haiku4.5__rep1.json	PILOT-2017010497	G	1	0.0062	0.011	0.0121	0.0115	13	0	0	
PILOT-2017010497__G__haiku4.5__rep2.json	PILOT-2017010497	G	2	0.0054	0.0119	0.0089	0.0102	12	1	0	
PILOT-2017010497__G__sonnet4__rep0.json	PILOT-2017010497	G	0	0.0073	0.0119	0.0156	0.0135	12	1	0	
PILOT-2017010497__G__sonnet4__rep1.json	PILOT-2017010497	G	1	0.0058	0.0119	0.01	0.0109	12	1	0	
PILOT-2017010497__G__sonnet4__rep2.json	PILOT-2017010497	G	2	0.0056	0.0067	0.0238	0.0104	12	1	0	
PILOT-2017010632__F__gpt4o-mini__rep0.json	PILOT-2017010632	F	0	None	None	None	None	0	2	0	no_aligned_claims
PILOT-2017010632__F__gpt4o-mini__rep1.json	PILOT-2017010632	F	1	None	None	None	None	0	2	0	no_aligned_claims
PILOT-2017010632__F__gpt4o-mini__rep2.json	PILOT-2017010632	F	2	0.1313	0.3495	0.3631	0.2321	2	0	0	
PILOT-2017010632__F__gpt5.4__rep0.json	PILOT-2017010632	F	0	0.1324	0.3495	0.3645	0.2339	2	0	0	
PILOT-2017010632__F__gpt5.4__rep1.json	PILOT-2017010632	F	1	0.067	0.275	0.0754	0.1183	2	0	0	
PILOT-2017010632__F__gpt5.4__rep2.json	PILOT-2017010632	F	2	0.1619	0.392	0.3254	0.2777	2	0	0	
PILOT-2017010632__F__haiku4.5__rep0.json	PILOT-2017010632	F	0	0.0708	0.2963	0.1306	0.1302	2	0	0	
PILOT-2017010632__F__haiku4.5__rep1.json	PILOT-2017010632	F	1	0.0517	0.275	0.0564	0.0936	2	0	0	
PILOT-2017010632__F__haiku4.5__rep2.json	PILOT-2017010632	F	2	0.0483	0.25	0.0535	0.0881	2	0	0	
PILOT-2017010632__F__sonnet4__rep0.json	PILOT-2017010632	F	0	0.0059	0.025	0.0076	0.0117	2	0	0	
PILOT-2017010632__F__sonnet4__rep1.json	PILOT-2017010632	F	1	0.0059	0.025	0.0076	0.0117	2	0	0	
PILOT-2017010632__F__sonnet4__rep2.json	PILOT-2017010632	F	2	0.0559	0.0782	0.3201	0.1026	2	0	0	
PILOT-2017010632__G__gpt4o-mini__rep0.json	PILOT-2017010632	G	0	0.0644	0.275	0.0719	0.114	2	0	0	
PILOT-2017010632__G__gpt4o-mini__rep1.json	PILOT-2017010632	G	1	None	None	None	None	0	2	0	no_aligned_claims
PILOT-2017010632__G__gpt4o-mini__rep2.json	PILOT-2017010632	G	2	None	None	None	None	0	2	0	no_aligned_claims
PILOT-2017010632__G__gpt5.4__rep0.json	PILOT-2017010632	G	0	0.0614	0.275	0.0683	0.1095	2	0	0	
PILOT-2017010632__G__gpt5.4__rep1.json	PILOT-2017010632	G	1	0.0614	0.275	0.0683	0.1095	2	0	0	
PILOT-2017010632__G__gpt5.4__rep2.json	PILOT-2017010632	G	2	0.0614	0.275	0.0683	0.1095	2	0	0	
PILOT-2017010632__G__haiku4.5__rep0.json	PILOT-2017010632	G	0	0.0614	0.25	0.0699	0.1093	2	0	0	
PILOT-2017010632__G__haiku4.5__rep1.json	PILOT-2017010632	G	1	0.0683	0.275	0.0769	0.1202	2	0	0	
PILOT-2017010632__G__haiku4.5__rep2.json	PILOT-2017010632	G	2	0.0558	0.25	0.0629	0.1005	2	0	0	
PILOT-2017010632__G__sonnet4__rep0.json	PILOT-2017010632	G	0	0.0559	0.0782	0.3201	0.1026	2	0	0	
PILOT-2017010632__G__sonnet4__rep1.json	PILOT-2017010632	G	1	0.0359	0.0569	0.2576	0.0683	2	0	0	
PILOT-2017010632__G__sonnet4__rep2.json	PILOT-2017010632	G	2	0.067	0.275	0.0754	0.1183	2	0	0	
PILOT-2018000427__F__gpt4o-mini__rep0.json	PILOT-2018000427	F	0	0.0	0.0	0.0	0.0	2	0	0	
PILOT-2018000427__F__gpt4o-mini__rep1.json	PILOT-2018000427	F	1	0.0287	0.0324	0.1666	0.0542	2	0	0	
PILOT-2018000427__F__gpt4o-mini__rep2.json	PILOT-2018000427	F	2	0.0387	0.0479	0.2143	0.0745	2	0	0	
PILOT-2018000427__F__gpt5.4__rep0.json	PILOT-2018000427	F	0	0.041	0.0736	0.0781	0.0757	2	0	0	
PILOT-2018000427__F__gpt5.4__rep1.json	PILOT-2018000427	F	1	0.0445	0.0588	0.1333	0.0817	2	0	0	
PILOT-2018000427__F__gpt5.4__rep2.json	PILOT-2018000427	F	2	0.041	0.0736	0.0781	0.0757	2	0	0	
PILOT-2018000427__F__haiku4.5__rep0.json	PILOT-2018000427	F	0	None	None	None	None	0	2	0	no_aligned_claims
PILOT-2018000427__F__haiku4.5__rep1.json	PILOT-2018000427	F	1	None	None	None	None	0	2	0	no_aligned_claims
PILOT-2018000427__F__haiku4.5__rep2.json	PILOT-2018000427	F	2	None	None	None	None	0	2	0	no_aligned_claims
PILOT-2018000427__F__sonnet4__rep0.json	PILOT-2018000427	F	0	0.0209	0.0294	0.0625	0.04	2	0	0	
PILOT-2018000427__F__sonnet4__rep1.json	PILOT-2018000427	F	1	0.0209	0.0294	0.0625	0.04	2	0	0	
PILOT-2018000427__F__sonnet4__rep2.json	PILOT-2018000427	F	2	0.0209	0.0294	0.0625	0.04	2	0	0	
PILOT-2018000427__G__gpt4o-mini__rep0.json	PILOT-2018000427	G	0	None	None	None	None	0	2	0	no_aligned_claims
PILOT-2018000427__G__gpt4o-mini__rep1.json	PILOT-2018000427	G	1	None	None	None	None	0	2	0	no_aligned_claims
PILOT-2018000427__G__gpt4o-mini__rep2.json	PILOT-2018000427	G	2	None	None	None	None	0	2	0	no_aligned_claims
PILOT-2018000427__G__gpt5.4__rep0.json	PILOT-2018000427	G	0	0.0	0.0	0.0	0.0	2	0	0	
PILOT-2018000427__G__gpt5.4__rep1.json	PILOT-2018000427	G	1	0.0445	0.0588	0.1333	0.0817	2	0	0	
PILOT-2018000427__G__gpt5.4__rep2.json	PILOT-2018000427	G	2	0.041	0.0736	0.0781	0.0757	2	0	0	
PILOT-2018000427__G__haiku4.5__rep0.json	PILOT-2018000427	G	0	None	None	None	None	0	2	0	no_aligned_claims
PILOT-2018000427__G__haiku4.5__rep1.json	PILOT-2018000427	G	1	0.1145	0.1517	0.2506	0.1885	2	0	0	
PILOT-2018000427__G__haiku4.5__rep2.json	PILOT-2018000427	G	2	0.1081	0.1517	0.2322	0.1802	2	0	0	
PILOT-2018000427__G__sonnet4__rep0.json	PILOT-2018000427	G	0	0.0209	0.0294	0.0625	0.04	2	0	0	
PILOT-2018000427__G__sonnet4__rep1.json	PILOT-2018000427	G	1	0.0209	0.0294	0.0625	0.04	2	0	0	
PILOT-2018000427__G__sonnet4__rep2.json	PILOT-2018000427	G	2	0.0209	0.0294	0.0625	0.04	2	0	0	
PILOT-2018001232__F__gpt4o-mini__rep0.json	PILOT-2018001232	F	0	0.0	0.0	0.0	0.0	1	15	0	
PILOT-2018001232__F__gpt4o-mini__rep1.json	PILOT-2018001232	F	1	0.0774	0.0973	0.2727	0.143	2	14	0	
PILOT-2018001232__F__gpt4o-mini__rep2.json	PILOT-2018001232	F	2	0.0	0.0	0.0	0.0	1	15	0	
PILOT-2018001232__F__gpt5.4__rep0.json	PILOT-2018001232	F	0	0.0	0.0	0.0	0.0	16	0	0	
PILOT-2018001232__F__gpt5.4__rep1.json	PILOT-2018001232	F	1	0.0	0.0	0.0	0.0	16	0	0	
PILOT-2018001232__F__gpt5.4__rep2.json	PILOT-2018001232	F	2	0.0035	0.0066	0.007	0.0068	16	0	0	
PILOT-2018001232__F__haiku4.5__rep0.json	PILOT-2018001232	F	0	0.0026	0.0048	0.005	0.0049	16	0	0	
PILOT-2018001232__F__haiku4.5__rep1.json	PILOT-2018001232	F	1	0.0031	0.0042	0.0101	0.006	16	0	0	
PILOT-2018001232__F__haiku4.5__rep2.json	PILOT-2018001232	F	2	0.0031	0.0042	0.0101	0.006	16	0	0	
PILOT-2018001232__F__sonnet4__rep0.json	PILOT-2018001232	F	0	0.0012	0.0018	0.0031	0.0023	16	0	0	
PILOT-2018001232__F__sonnet4__rep1.json	PILOT-2018001232	F	1	0.0012	0.0018	0.0031	0.0023	16	0	0	
PILOT-2018001232__F__sonnet4__rep2.json	PILOT-2018001232	F	2	0.0	0.0	0.0	0.0	16	0	0	
PILOT-2018001232__G__gpt4o-mini__rep0.json	PILOT-2018001232	G	0	0.0	0.0	0.0	0.0	2	14	0	
PILOT-2018001232__G__gpt4o-mini__rep1.json	PILOT-2018001232	G	1	0.0	0.0	0.0	0.0	16	0	0	
PILOT-2018001232__G__gpt4o-mini__rep2.json	PILOT-2018001232	G	2	0.0353	0.0531	0.1031	0.0674	2	14	0	
PILOT-2018001232__G__gpt5.4__rep0.json	PILOT-2018001232	G	0	0.0	0.0	0.0	0.0	16	0	0	
PILOT-2018001232__G__gpt5.4__rep1.json	PILOT-2018001232	G	1	0.0	0.0	0.0	0.0	16	0	0	
PILOT-2018001232__G__gpt5.4__rep2.json	PILOT-2018001232	G	2	0.0	0.0	0.0	0.0	16	0	0	
PILOT-2018001232__G__haiku4.5__rep0.json	PILOT-2018001232	G	0	0.0038	0.0066	0.0082	0.0073	16	0	0	
PILOT-2018001232__G__haiku4.5__rep1.json	PILOT-2018001232	G	1	0.0034	0.0066	0.0065	0.0066	16	0	0	
PILOT-2018001232__G__haiku4.5__rep2.json	PILOT-2018001232	G	2	0.0035	0.0061	0.0079	0.0069	16	0	0	
PILOT-2018001232__G__sonnet4__rep0.json	PILOT-2018001232	G	0	0.0	0.0	0.0	0.0	16	0	0	
PILOT-2018001232__G__sonnet4__rep1.json	PILOT-2018001232	G	1	0.0012	0.0018	0.0031	0.0023	16	0	0	
PILOT-2018001232__G__sonnet4__rep2.json	PILOT-2018001232	G	2	0.0012	0.0018	0.0031	0.0023	16	0	0	
PILOT-2018003513__F__gpt4o-mini__rep0.json	PILOT-2018003513	F	0	0.036	0.23	0.1272	0.0671	6	5	0	
PILOT-2018003513__F__gpt4o-mini__rep1.json	PILOT-2018003513	F	1	0.0277	0.1966	0.1096	0.0513	6	5	0	
PILOT-2018003513__F__gpt4o-mini__rep2.json	PILOT-2018003513	F	2	0.0705	0.2442	0.1936	0.1183	7	4	0	
PILOT-2018003513__F__gpt5.4__rep0.json	PILOT-2018003513	F	0	0.0763	0.1541	0.1348	0.1231	11	0	0	
PILOT-2018003513__F__gpt5.4__rep1.json	PILOT-2018003513	F	1	0.0465	0.1473	0.1276	0.0785	11	0	0	
PILOT-2018003513__F__gpt5.4__rep2.json	PILOT-2018003513	F	2	0.0536	0.0785	0.1082	0.0877	11	0	0	
PILOT-2018003513__F__haiku4.5__rep0.json	PILOT-2018003513	F	0	0.0558	0.3815	0.1276	0.0973	11	0	0	
PILOT-2018003513__F__haiku4.5__rep1.json	PILOT-2018003513	F	1	0.0935	0.469	0.1716	0.1457	11	0	0	
PILOT-2018003513__F__haiku4.5__rep2.json	PILOT-2018003513	F	2	0.0973	0.469	0.1757	0.1515	11	0	0	
PILOT-2018003513__F__sonnet4__rep0.json	PILOT-2018003513	F	0	0.0436	0.145	0.0981	0.0733	11	0	0	
PILOT-2018003513__F__sonnet4__rep1.json	PILOT-2018003513	F	1	0.0522	0.336	0.1037	0.0896	10	1	0	
PILOT-2018003513__F__sonnet4__rep2.json	PILOT-2018003513	F	2	0.0669	0.3314	0.1362	0.1136	11	0	0	
PILOT-2018003513__G__gpt4o-mini__rep0.json	PILOT-2018003513	G	0	0.0119	0.0123	0.1667	0.023	3	8	0	
PILOT-2018003513__G__gpt4o-mini__rep1.json	PILOT-2018003513	G	1	0.0641	0.145	0.2102	0.1145	5	6	0	
PILOT-2018003513__G__gpt4o-mini__rep2.json	PILOT-2018003513	G	2	0.03	0.0357	0.1071	0.0536	4	7	0	
PILOT-2018003513__G__gpt5.4__rep0.json	PILOT-2018003513	G	0	0.0549	0.15	0.1089	0.0932	11	0	0	
PILOT-2018003513__G__gpt5.4__rep1.json	PILOT-2018003513	G	1	0.0474	0.0793	0.1028	0.0817	11	0	0	
PILOT-2018003513__G__gpt5.4__rep2.json	PILOT-2018003513	G	2	0.0463	0.1657	0.1108	0.0801	11	0	0	
PILOT-2018003513__G__haiku4.5__rep0.json	PILOT-2018003513	G	0	0.1235	0.469	0.2093	0.2008	11	0	0	
PILOT-2018003513__G__haiku4.5__rep1.json	PILOT-2018003513	G	1	0.0599	0.3348	0.1347	0.1046	11	0	0	
PILOT-2018003513__G__haiku4.5__rep2.json	PILOT-2018003513	G	2	0.0731	0.3564	0.1464	0.1216	11	0	0	
PILOT-2018003513__G__sonnet4__rep0.json	PILOT-2018003513	G	0	0.0449	0.2543	0.1068	0.0778	11	0	0	
PILOT-2018003513__G__sonnet4__rep1.json	PILOT-2018003513	G	1	0.0669	0.3314	0.1329	0.1134	11	0	0	
PILOT-2018003513__G__sonnet4__rep2.json	PILOT-2018003513	G	2	0.0419	0.0541	0.1069	0.0699	11	0	0	
PILOT-2018005420__F__gpt4o-mini__rep0.json	PILOT-2018005420	F	0	0.0086	0.0105	0.0746	0.016	25	0	0	
PILOT-2018005420__F__gpt4o-mini__rep1.json	PILOT-2018005420	F	1	0.0246	0.0371	0.0951	0.046	25	0	0	
PILOT-2018005420__F__gpt4o-mini__rep2.json	PILOT-2018005420	F	2	0.0494	0.0856	0.2087	0.093	6	19	0	
PILOT-2018005420__F__gpt5.4__rep0.json	PILOT-2018005420	F	0	0.0373	0.0582	0.1144	0.0672	25	0	0	
PILOT-2018005420__F__gpt5.4__rep1.json	PILOT-2018005420	F	1	0.0524	0.0809	0.1517	0.0941	25	0	0	
PILOT-2018005420__F__gpt5.4__rep2.json	PILOT-2018005420	F	2	0.0483	0.0787	0.1144	0.0868	25	0	0	
PILOT-2018005420__F__haiku4.5__rep0.json	PILOT-2018005420	F	0	0.0057	0.0123	0.0151	0.0107	25	0	0	
PILOT-2018005420__F__haiku4.5__rep1.json	PILOT-2018005420	F	1	0.0131	0.016	0.0803	0.0259	3	22	0	
PILOT-2018005420__F__haiku4.5__rep2.json	PILOT-2018005420	F	2	0.0054	0.0119	0.0216	0.0101	25	0	0	
PILOT-2018005420__F__sonnet4__rep0.json	PILOT-2018005420	F	0	0.0241	0.0407	0.0756	0.0454	25	0	0	
PILOT-2018005420__F__sonnet4__rep1.json	PILOT-2018005420	F	1	0.0249	0.0407	0.0818	0.0467	25	0	0	
PILOT-2018005420__F__sonnet4__rep2.json	PILOT-2018005420	F	2	0.032	0.0505	0.0874	0.0594	25	0	0	
PILOT-2018005420__G__gpt4o-mini__rep0.json	PILOT-2018005420	G	0	0.0507	0.0787	0.1444	0.0907	25	0	0	
PILOT-2018005420__G__gpt4o-mini__rep1.json	PILOT-2018005420	G	1	0.0948	0.1522	0.3209	0.1704	6	19	0	
PILOT-2018005420__G__gpt4o-mini__rep2.json	PILOT-2018005420	G	2	0.0014	0.0016	0.0111	0.0027	25	0	0	
PILOT-2018005420__G__gpt5.4__rep0.json	PILOT-2018005420	G	0	0.0526	0.0809	0.1524	0.0944	25	0	0	
PILOT-2018005420__G__gpt5.4__rep1.json	PILOT-2018005420	G	1	0.0515	0.0803	0.1307	0.0922	25	0	0	
PILOT-2018005420__G__gpt5.4__rep2.json	PILOT-2018005420	G	2	0.0431	0.0662	0.1254	0.077	25	0	0	
PILOT-2018005420__G__haiku4.5__rep0.json	PILOT-2018005420	G	0	0.051	0.0791	0.1544	0.0914	25	0	0	
PILOT-2018005420__G__haiku4.5__rep1.json	PILOT-2018005420	G	1	0.0515	0.0799	0.1478	0.0923	25	0	0	
PILOT-2018005420__G__haiku4.5__rep2.json	PILOT-2018005420	G	2	0.0515	0.0799	0.1478	0.0923	25	0	0	
PILOT-2018005420__G__sonnet4__rep0.json	PILOT-2018005420	G	0	0.0314	0.0516	0.0939	0.0585	25	0	0	
PILOT-2018005420__G__sonnet4__rep1.json	PILOT-2018005420	G	1	0.0245	0.0411	0.0806	0.046	25	0	0	
PILOT-2018005420__G__sonnet4__rep2.json	PILOT-2018005420	G	2	0.0264	0.0437	0.0836	0.0497	25	0	0	
PILOT-2018005863__F__gpt4o-mini__rep0.json	PILOT-2018005863	F	0	0.0311	0.0338	0.2761	0.0584	5	20	0	
PILOT-2018005863__F__gpt4o-mini__rep1.json	PILOT-2018005863	F	1	0.0055	0.0055	0.0625	0.0101	16	9	0	
PILOT-2018005863__F__gpt4o-mini__rep2.json	PILOT-2018005863	F	2	0.0161	0.0169	0.1688	0.0302	10	15	0	
PILOT-2018005863__F__gpt5.4__rep0.json	PILOT-2018005863	F	0	0.0169	0.0236	0.0555	0.032	25	0	0	
PILOT-2018005863__F__gpt5.4__rep1.json	PILOT-2018005863	F	1	0.0064	0.0093	0.0205	0.0121	25	0	0	
PILOT-2018005863__F__gpt5.4__rep2.json	PILOT-2018005863	F	2	0.0077	0.009	0.0697	0.0143	25	0	0	
PILOT-2018005863__F__haiku4.5__rep0.json	PILOT-2018005863	F	0	0.0123	0.0173	0.062	0.0229	25	0	0	
PILOT-2018005863__F__haiku4.5__rep1.json	PILOT-2018005863	F	1	0.0119	0.0155	0.0836	0.0224	25	0	0	
PILOT-2018005863__F__haiku4.5__rep2.json	PILOT-2018005863	F	2	0.0159	0.0227	0.089	0.0295	25	0	0	
PILOT-2018005863__F__sonnet4__rep0.json	PILOT-2018005863	F	0	0.0085	0.0103	0.058	0.0158	25	0	0	
PILOT-2018005863__F__sonnet4__rep1.json	PILOT-2018005863	F	1	0.0062	0.0063	0.0667	0.0115	25	0	0	
PILOT-2018005863__F__sonnet4__rep2.json	PILOT-2018005863	F	2	0.0062	0.0063	0.0667	0.0115	25	0	0	
PILOT-2018005863__G__gpt4o-mini__rep0.json	PILOT-2018005863	G	0	0.0221	0.0221	0.25	0.0406	4	21	0	
PILOT-2018005863__G__gpt4o-mini__rep1.json	PILOT-2018005863	G	1	0.0296	0.0365	0.1071	0.0528	15	10	0	
PILOT-2018005863__G__gpt4o-mini__rep2.json	PILOT-2018005863	G	2	0.1723	0.5391	0.2041	0.2594	22	3	0	
PILOT-2018005863__G__gpt5.4__rep0.json	PILOT-2018005863	G	0	0.0104	0.014	0.0492	0.0195	25	0	0	
PILOT-2018005863__G__gpt5.4__rep1.json	PILOT-2018005863	G	1	0.0138	0.0189	0.0726	0.0263	25	0	0	
PILOT-2018005863__G__gpt5.4__rep2.json	PILOT-2018005863	G	2	0.0137	0.0154	0.102	0.0258	25	0	0	
PILOT-2018005863__G__haiku4.5__rep0.json	PILOT-2018005863	G	0	0.0099	0.0127	0.0644	0.0189	25	0	0	
PILOT-2018005863__G__haiku4.5__rep1.json	PILOT-2018005863	G	1	0.0158	0.0205	0.0981	0.0298	25	0	0	
PILOT-2018005863__G__haiku4.5__rep2.json	PILOT-2018005863	G	2	0.0198	0.0256	0.1158	0.0374	25	0	0	
PILOT-2018005863__G__sonnet4__rep0.json	PILOT-2018005863	G	0	0.0061	0.0069	0.052	0.0115	25	0	0	
PILOT-2018005863__G__sonnet4__rep1.json	PILOT-2018005863	G	1	0.0073	0.0097	0.0533	0.0139	25	0	0	
PILOT-2018005863__G__sonnet4__rep2.json	PILOT-2018005863	G	2	0.0085	0.0103	0.058	0.0158	25	0	0	
PILOT-2018007886__F__gpt4o-mini__rep0.json	PILOT-2018007886	F	0	0.0	0.0	0.0	0.0	6	0	0	
PILOT-2018007886__F__gpt4o-mini__rep1.json	PILOT-2018007886	F	1	0.0	0.0	0.0	0.0	5	1	0	
PILOT-2018007886__F__gpt4o-mini__rep2.json	PILOT-2018007886	F	2	0.0345	0.037	0.28	0.065	5	1	0	
PILOT-2018007886__F__gpt5.4__rep0.json	PILOT-2018007886	F	0	0.0	0.0	0.0	0.0	6	0	0	
PILOT-2018007886__F__gpt5.4__rep1.json	PILOT-2018007886	F	1	0.0125	0.0135	0.0833	0.0233	6	0	0	
PILOT-2018007886__F__gpt5.4__rep2.json	PILOT-2018007886	F	2	0.0	0.0	0.0	0.0	6	0	0	
PILOT-2018007886__F__haiku4.5__rep0.json	PILOT-2018007886	F	0	0.0076	0.009	0.037	0.0145	6	0	0	
PILOT-2018007886__F__haiku4.5__rep1.json	PILOT-2018007886	F	1	0.0151	0.0225	0.0362	0.0278	6	0	0	
PILOT-2018007886__F__haiku4.5__rep2.json	PILOT-2018007886	F	2	0.0181	0.0225	0.0595	0.0327	6	0	0	
PILOT-2018007886__F__sonnet4__rep0.json	PILOT-2018007886	F	0	0.0	0.0	0.0	0.0	6	0	0	
PILOT-2018007886__F__sonnet4__rep1.json	PILOT-2018007886	F	1	0.0	0.0	0.0	0.0	6	0	0	
PILOT-2018007886__F__sonnet4__rep2.json	PILOT-2018007886	F	2	0.0	0.0	0.0	0.0	6	0	0	
PILOT-2018007886__G__gpt4o-mini__rep0.json	PILOT-2018007886	G	0	None	None	None	None	0	6	0	no_aligned_claims
PILOT-2018007886__G__gpt4o-mini__rep1.json	PILOT-2018007886	G	1	None	None	None	None	0	6	0	no_aligned_claims
PILOT-2018007886__G__gpt4o-mini__rep2.json	PILOT-2018007886	G	2	0.0	0.0	0.0	0.0	6	0	0	
PILOT-2018007886__G__gpt5.4__rep0.json	PILOT-2018007886	G	0	0.0	0.0	0.0	0.0	6	0	0	
PILOT-2018007886__G__gpt5.4__rep1.json	PILOT-2018007886	G	1	0.0	0.0	0.0	0.0	6	0	0	
PILOT-2018007886__G__gpt5.4__rep2.json	PILOT-2018007886	G	2	0.0	0.0	0.0	0.0	6	0	0	
PILOT-2018007886__G__haiku4.5__rep0.json	PILOT-2018007886	G	0	0.0074	0.009	0.0333	0.0142	6	0	0	
PILOT-2018007886__G__haiku4.5__rep1.json	PILOT-2018007886	G	1	0.017	0.0225	0.049	0.0309	6	0	0	
PILOT-2018007886__G__haiku4.5__rep2.json	PILOT-2018007886	G	2	0.0181	0.0225	0.0595	0.0327	6	0	0	
PILOT-2018007886__G__sonnet4__rep0.json	PILOT-2018007886	G	0	0.0	0.0	0.0	0.0	6	0	0	
PILOT-2018007886__G__sonnet4__rep1.json	PILOT-2018007886	G	1	0.0	0.0	0.0	0.0	6	0	0	
PILOT-2018007886__G__sonnet4__rep2.json	PILOT-2018007886	G	2	0.0	0.0	0.0	0.0	6	0	0	
PILOT-2018007979__F__gpt4o-mini__rep0.json	PILOT-2018007979	F	0	0.0	0.0	0.0	0.0	3	0	0	
PILOT-2018007979__F__gpt4o-mini__rep1.json	PILOT-2018007979	F	1	0.0105	0.012	0.0667	0.0204	3	0	0	
PILOT-2018007979__F__gpt4o-mini__rep2.json	PILOT-2018007979	F	2	0.0027	0.003	0.0222	0.0053	3	0	0	
PILOT-2018007979__F__gpt5.4__rep0.json	PILOT-2018007979	F	0	0.0	0.0	0.0	0.0	3	0	0	
PILOT-2018007979__F__gpt5.4__rep1.json	PILOT-2018007979	F	1	0.0099	0.0116	0.0627	0.0196	3	0	0	
PILOT-2018007979__F__gpt5.4__rep2.json	PILOT-2018007979	F	2	0.0	0.0	0.0	0.0	3	0	0	
PILOT-2018007979__F__haiku4.5__rep0.json	PILOT-2018007979	F	0	0.0654	0.0825	0.2124	0.1179	3	0	0	
PILOT-2018007979__F__haiku4.5__rep1.json	PILOT-2018007979	F	1	0.0702	0.0881	0.2285	0.1263	3	0	0	
PILOT-2018007979__F__haiku4.5__rep2.json	PILOT-2018007979	F	2	0.08	0.1058	0.2225	0.142	3	0	0	
PILOT-2018007979__F__sonnet4__rep0.json	PILOT-2018007979	F	0	0.015	0.0205	0.0517	0.0293	3	0	0	
PILOT-2018007979__F__sonnet4__rep1.json	PILOT-2018007979	F	1	0.0182	0.0205	0.131	0.0354	3	0	0	
PILOT-2018007979__F__sonnet4__rep2.json	PILOT-2018007979	F	2	0.0175	0.0205	0.102	0.0341	3	0	0	
PILOT-2018007979__G__gpt4o-mini__rep0.json	PILOT-2018007979	G	0	0.0	0.0	0.0	0.0	3	0	0	
PILOT-2018007979__G__gpt4o-mini__rep1.json	PILOT-2018007979	G	1	0.0315	0.0361	0.2051	0.061	3	0	0	
PILOT-2018007979__G__gpt4o-mini__rep2.json	PILOT-2018007979	G	2	0.0	0.0	0.0	0.0	3	0	0	
PILOT-2018007979__G__gpt5.4__rep0.json	PILOT-2018007979	G	0	0.0	0.0	0.0	0.0	3	0	0	
PILOT-2018007979__G__gpt5.4__rep1.json	PILOT-2018007979	G	1	0.0048	0.006	0.0223	0.0095	3	0	0	
PILOT-2018007979__G__gpt5.4__rep2.json	PILOT-2018007979	G	2	0.0137	0.0173	0.0611	0.0269	3	0	0	
PILOT-2018007979__G__haiku4.5__rep0.json	PILOT-2018007979	G	0	0.0678	0.0973	0.1675	0.1217	3	0	0	
PILOT-2018007979__G__haiku4.5__rep1.json	PILOT-2018007979	G	1	0.0634	0.0945	0.1513	0.1143	3	0	0	
PILOT-2018007979__G__haiku4.5__rep2.json	PILOT-2018007979	G	2	0.0739	0.1023	0.191	0.1329	3	0	0	
PILOT-2018007979__G__sonnet4__rep0.json	PILOT-2018007979	G	0	0.0	0.0	0.0	0.0	3	0	0	
PILOT-2018007979__G__sonnet4__rep1.json	PILOT-2018007979	G	1	0.0	0.0	0.0	0.0	3	0	0	
PILOT-2018007979__G__sonnet4__rep2.json	PILOT-2018007979	G	2	0.0	0.0	0.0	0.0	3	0	0	
PILOT-2019001867__F__gpt4o-mini__rep0.json	PILOT-2019001867	F	0	0.0061	0.0073	0.0466	0.0114	23	0	0	
PILOT-2019001867__F__gpt4o-mini__rep1.json	PILOT-2019001867	F	1	0.0004	0.0004	0.011	0.0008	23	0	0	
PILOT-2019001867__F__gpt4o-mini__rep2.json	PILOT-2019001867	F	2	0.0024	0.0026	0.0159	0.0045	23	0	0	
PILOT-2019001867__F__gpt5.4__rep0.json	PILOT-2019001867	F	0	0.0374	0.0417	0.077	0.052	23	0	0	
PILOT-2019001867__F__gpt5.4__rep1.json	PILOT-2019001867	F	1	0.027	0.029	0.0789	0.0372	23	0	0	
PILOT-2019001867__F__gpt5.4__rep2.json	PILOT-2019001867	F	2	0.0282	0.0304	0.0797	0.0384	23	0	0	
PILOT-2019001867__F__haiku4.5__rep0.json	PILOT-2019001867	F	0	0.0257	0.0277	0.0519	0.0336	23	0	0	
PILOT-2019001867__F__haiku4.5__rep1.json	PILOT-2019001867	F	1	0.0257	0.0277	0.0519	0.0336	23	0	0	
PILOT-2019001867__F__haiku4.5__rep2.json	PILOT-2019001867	F	2	0.0257	0.0277	0.0519	0.0336	23	0	0	
PILOT-2019001867__F__sonnet4__rep0.json	PILOT-2019001867	F	0	0.0009	0.0011	0.01	0.0018	23	0	0	
PILOT-2019001867__F__sonnet4__rep1.json	PILOT-2019001867	F	1	0.0175	0.0191	0.0672	0.0292	23	0	0	
PILOT-2019001867__F__sonnet4__rep2.json	PILOT-2019001867	F	2	0.0009	0.0011	0.01	0.0018	23	0	0	
PILOT-2019001867__G__gpt4o-mini__rep0.json	PILOT-2019001867	G	0	0.0061	0.0064	0.0585	0.0114	23	0	0	
PILOT-2019001867__G__gpt4o-mini__rep1.json	PILOT-2019001867	G	1	0.0027	0.0028	0.028	0.005	23	0	0	
PILOT-2019001867__G__gpt4o-mini__rep2.json	PILOT-2019001867	G	2	0.0061	0.0066	0.0551	0.0116	23	0	0	
PILOT-2019001867__G__gpt5.4__rep0.json	PILOT-2019001867	G	0	0.0202	0.0236	0.0896	0.0344	23	0	0	
PILOT-2019001867__G__gpt5.4__rep1.json	PILOT-2019001867	G	1	0.0272	0.0293	0.0796	0.0375	23	0	0	
PILOT-2019001867__G__gpt5.4__rep2.json	PILOT-2019001867	G	2	0.0269	0.0293	0.0788	0.0373	23	0	0	
PILOT-2019001867__G__haiku4.5__rep0.json	PILOT-2019001867	G	0	0.027	0.0288	0.0517	0.0346	23	0	0	
PILOT-2019001867__G__haiku4.5__rep1.json	PILOT-2019001867	G	1	0.0172	0.0217	0.041	0.0257	23	0	0	
PILOT-2019001867__G__haiku4.5__rep2.json	PILOT-2019001867	G	2	0.025	0.0266	0.0525	0.033	23	0	0	
PILOT-2019001867__G__sonnet4__rep0.json	PILOT-2019001867	G	0	0.0123	0.0132	0.0455	0.0199	23	0	0	
PILOT-2019001867__G__sonnet4__rep1.json	PILOT-2019001867	G	1	0.0009	0.0011	0.0112	0.0019	23	0	0	
PILOT-2019001867__G__sonnet4__rep2.json	PILOT-2019001867	G	2	0.0012	0.0013	0.0123	0.0023	23	0	0	
PILOT-2019002001__F__gpt4o-mini__rep0.json	PILOT-2019002001	F	0	0.0292	0.0507	0.0486	0.0496	6	12	0	
PILOT-2019002001__F__gpt4o-mini__rep1.json	PILOT-2019002001	F	1	0.035	0.0609	0.0583	0.0596	5	13	0	
PILOT-2019002001__F__gpt4o-mini__rep2.json	PILOT-2019002001	F	2	0.0292	0.0507	0.0486	0.0496	6	12	0	
PILOT-2019002001__F__gpt5.4__rep0.json	PILOT-2019002001	F	0	0.0175	0.0381	0.0261	0.031	18	0	0	
PILOT-2019002001__F__gpt5.4__rep1.json	PILOT-2019002001	F	1	0.0473	0.0927	0.0819	0.0848	16	2	0	
PILOT-2019002001__F__gpt5.4__rep2.json	PILOT-2019002001	F	2	0.0428	0.0793	0.0757	0.0745	18	0	0	
PILOT-2019002001__F__haiku4.5__rep0.json	PILOT-2019002001	F	0	0.0175	0.0514	0.0237	0.032	18	0	0	
PILOT-2019002001__F__haiku4.5__rep1.json	PILOT-2019002001	F	1	0.0304	0.0717	0.0486	0.0549	18	0	0	
PILOT-2019002001__F__haiku4.5__rep2.json	PILOT-2019002001	F	2	0.0302	0.0717	0.0483	0.0545	18	0	0	
PILOT-2019002001__F__sonnet4__rep0.json	PILOT-2019002001	F	0	0.021	0.0532	0.0296	0.0376	18	0	0	
PILOT-2019002001__F__sonnet4__rep1.json	PILOT-2019002001	F	1	0.0178	0.033	0.0287	0.0306	18	0	0	
PILOT-2019002001__F__sonnet4__rep2.json	PILOT-2019002001	F	2	0.0195	0.0363	0.0323	0.034	18	0	0	
PILOT-2019002001__G__gpt4o-mini__rep0.json	PILOT-2019002001	G	0	0.035	0.0609	0.0583	0.0596	5	13	0	
PILOT-2019002001__G__gpt4o-mini__rep1.json	PILOT-2019002001	G	1	0.0292	0.0507	0.0486	0.0496	6	12	0	
PILOT-2019002001__G__gpt4o-mini__rep2.json	PILOT-2019002001	G	2	0.0	0.0	0.0	0.0	5	13	0	
PILOT-2019002001__G__gpt5.4__rep0.json	PILOT-2019002001	G	0	0.0252	0.0526	0.0395	0.0445	18	0	0	
PILOT-2019002001__G__gpt5.4__rep1.json	PILOT-2019002001	G	1	0.0334	0.0618	0.0552	0.0579	6	12	0	
PILOT-2019002001__G__gpt5.4__rep2.json	PILOT-2019002001	G	2	0.0799	0.1734	0.1224	0.1432	2	16	0	
PILOT-2019002001__G__haiku4.5__rep0.json	PILOT-2019002001	G	0	0.0226	0.0613	0.0315	0.041	18	0	0	
PILOT-2019002001__G__haiku4.5__rep1.json	PILOT-2019002001	G	1	0.0193	0.0572	0.0259	0.035	18	0	0	
PILOT-2019002001__G__haiku4.5__rep2.json	PILOT-2019002001	G	2	0.0197	0.0572	0.027	0.0357	18	0	0	
PILOT-2019002001__G__sonnet4__rep0.json	PILOT-2019002001	G	0	0.0178	0.033	0.0287	0.0306	18	0	0	
PILOT-2019002001__G__sonnet4__rep1.json	PILOT-2019002001	G	1	0.0198	0.0372	0.0328	0.0346	18	0	0	
PILOT-2019002001__G__sonnet4__rep2.json	PILOT-2019002001	G	2	0.0198	0.0372	0.0325	0.0345	18	0	0	
PILOT-2019002439__F__gpt4o-mini__rep0.json	PILOT-2019002439	F	0	0.0	0.0	0.0	0.0	14	11	0	
PILOT-2019002439__F__gpt4o-mini__rep1.json	PILOT-2019002439	F	1	0.0125	0.025	0.0222	0.0235	5	20	0	
PILOT-2019002439__F__gpt4o-mini__rep2.json	PILOT-2019002439	F	2	0.0	0.0	0.0	0.0	10	15	0	
PILOT-2019002439__F__gpt5.4__rep0.json	PILOT-2019002439	F	0	0.0027	0.0039	0.0082	0.0052	24	1	0	
PILOT-2019002439__F__gpt5.4__rep1.json	PILOT-2019002439	F	1	0.0025	0.0041	0.0063	0.0049	25	0	0	
PILOT-2019002439__F__gpt5.4__rep2.json	PILOT-2019002439	F	2	0.0026	0.0041	0.0067	0.005	25	0	0	
PILOT-2019002439__F__haiku4.5__rep0.json	PILOT-2019002439	F	0	0.0119	0.0154	0.0556	0.023	23	2	0	
PILOT-2019002439__F__haiku4.5__rep1.json	PILOT-2019002439	F	1	0.0146	0.0197	0.051	0.0278	23	2	0	
PILOT-2019002439__F__haiku4.5__rep2.json	PILOT-2019002439	F	2	0.0131	0.0175	0.0479	0.0251	23	2	0	
PILOT-2019002439__F__sonnet4__rep0.json	PILOT-2019002439	F	0	0.0	0.0	0.0	0.0	23	2	0	
PILOT-2019002439__F__sonnet4__rep1.json	PILOT-2019002439	F	1	0.0	0.0	0.0	0.0	23	2	0	
PILOT-2019002439__F__sonnet4__rep2.json	PILOT-2019002439	F	2	0.0007	0.001	0.002	0.0013	23	2	0	
PILOT-2019002439__G__gpt4o-mini__rep0.json	PILOT-2019002439	G	0	0.0	0.0	0.0	0.0	3	22	0	
PILOT-2019002439__G__gpt4o-mini__rep1.json	PILOT-2019002439	G	1	0.1267	0.1667	0.1267	0.144	6	19	0	
PILOT-2019002439__G__gpt4o-mini__rep2.json	PILOT-2019002439	G	2	0.0	0.0	0.0	0.0	14	11	0	
PILOT-2019002439__G__gpt5.4__rep0.json	PILOT-2019002439	G	0	0.0022	0.0037	0.0053	0.0043	25	0	0	
PILOT-2019002439__G__gpt5.4__rep1.json	PILOT-2019002439	G	1	0.0025	0.0037	0.0075	0.0049	25	0	0	
PILOT-2019002439__G__gpt5.4__rep2.json	PILOT-2019002439	G	2	0.0025	0.0037	0.0076	0.0049	25	0	0	
PILOT-2019002439__G__haiku4.5__rep0.json	PILOT-2019002439	G	0	0.017	0.0224	0.0655	0.0325	23	2	0	
PILOT-2019002439__G__haiku4.5__rep1.json	PILOT-2019002439	G	1	0.0003	0.0004	0.001	0.0005	25	0	0	
PILOT-2019002439__G__haiku4.5__rep2.json	PILOT-2019002439	G	2	0.0219	0.0302	0.0728	0.0418	23	2	0	
PILOT-2019002439__G__sonnet4__rep0.json	PILOT-2019002439	G	0	0.0	0.0	0.0	0.0	23	2	0	
PILOT-2019002439__G__sonnet4__rep1.json	PILOT-2019002439	G	1	0.0007	0.0008	0.0038	0.0013	23	2	0	
PILOT-2019002439__G__sonnet4__rep2.json	PILOT-2019002439	G	2	0.0007	0.0008	0.0038	0.0013	23	2	0	
PILOT-2019003829__F__gpt4o-mini__rep0.json	PILOT-2019003829	F	0	0.04	0.0889	0.0615	0.0727	5	2	0	
PILOT-2019003829__F__gpt4o-mini__rep1.json	PILOT-2019003829	F	1	0.0352	0.0926	0.0525	0.0651	6	1	0	
PILOT-2019003829__F__gpt4o-mini__rep2.json	PILOT-2019003829	F	2	0.0811	0.2037	0.1065	0.1358	6	1	0	
PILOT-2019003829__F__gpt5.4__rep0.json	PILOT-2019003829	F	0	0.0317	0.0952	0.0417	0.058	3	4	0	
PILOT-2019003829__F__gpt5.4__rep1.json	PILOT-2019003829	F	1	0.0136	0.0408	0.0179	0.0248	7	0	0	
PILOT-2019003829__F__gpt5.4__rep2.json	PILOT-2019003829	F	2	0.0168	0.0408	0.0238	0.0301	7	0	0	
PILOT-2019003829__F__haiku4.5__rep0.json	PILOT-2019003829	F	0	0.0	0.0	0.0	0.0	5	2	0	
PILOT-2019003829__F__haiku4.5__rep1.json	PILOT-2019003829	F	1	0.0	0.0	0.0	0.0	7	0	0	
PILOT-2019003829__F__haiku4.5__rep2.json	PILOT-2019003829	F	2	0.0	0.0	0.0	0.0	7	0	0	
PILOT-2019003829__F__sonnet4__rep0.json	PILOT-2019003829	F	0	0.0	0.0	0.0	0.0	7	0	0	
PILOT-2019003829__F__sonnet4__rep1.json	PILOT-2019003829	F	1	0.0	0.0	0.0	0.0	7	0	0	
PILOT-2019003829__F__sonnet4__rep2.json	PILOT-2019003829	F	2	0.0	0.0	0.0	0.0	7	0	0	
PILOT-2019003829__G__gpt4o-mini__rep0.json	PILOT-2019003829	G	0	0.0	0.0	0.0	0.0	6	1	0	
PILOT-2019003829__G__gpt4o-mini__rep1.json	PILOT-2019003829	G	1	0.1079	0.2444	0.1481	0.1818	5	2	0	
PILOT-2019003829__G__gpt4o-mini__rep2.json	PILOT-2019003829	G	2	0.1426	0.3265	0.1811	0.2289	7	0	0	
PILOT-2019003829__G__gpt5.4__rep0.json	PILOT-2019003829	G	0	0.0168	0.0408	0.0238	0.0301	7	0	0	
PILOT-2019003829__G__gpt5.4__rep1.json	PILOT-2019003829	G	1	0.0168	0.0408	0.0238	0.0301	7	0	0	
PILOT-2019003829__G__gpt5.4__rep2.json	PILOT-2019003829	G	2	0.0168	0.0408	0.0238	0.0301	7	0	0	
PILOT-2019003829__G__haiku4.5__rep0.json	PILOT-2019003829	G	0	0.0	0.0	0.0	0.0	7	0	0	
PILOT-2019003829__G__haiku4.5__rep1.json	PILOT-2019003829	G	1	0.013	0.0408	0.0168	0.0238	7	0	0	
PILOT-2019003829__G__haiku4.5__rep2.json	PILOT-2019003829	G	2	0.013	0.0408	0.0168	0.0238	7	0	0	
PILOT-2019003829__G__sonnet4__rep0.json	PILOT-2019003829	G	0	0.0	0.0	0.0	0.0	7	0	0	
PILOT-2019003829__G__sonnet4__rep1.json	PILOT-2019003829	G	1	0.0	0.0	0.0	0.0	7	0	0	
PILOT-2019003829__G__sonnet4__rep2.json	PILOT-2019003829	G	2	0.0	0.0	0.0	0.0	7	0	0	
PILOT-2019005007__F__gpt4o-mini__rep0.json	PILOT-2019005007	F	0	0.0	0.0	0.0	0.0	2	22	0	
PILOT-2019005007__F__gpt4o-mini__rep1.json	PILOT-2019005007	F	1	0.0	0.0	0.0	0.0	5	19	0	
PILOT-2019005007__F__gpt4o-mini__rep2.json	PILOT-2019005007	F	2	0.0	0.0	0.0	0.0	5	19	0	
PILOT-2019005007__F__gpt5.4__rep0.json	PILOT-2019005007	F	0	0.0167	0.0238	0.0333	0.0278	24	0	0	
PILOT-2019005007__F__gpt5.4__rep1.json	PILOT-2019005007	F	1	0.0	0.0	0.0	0.0	24	0	0	
PILOT-2019005007__F__gpt5.4__rep2.json	PILOT-2019005007	F	2	0.0	0.0	0.0	0.0	23	1	0	
PILOT-2019005007__F__haiku4.5__rep0.json	PILOT-2019005007	F	0	0.0025	0.0048	0.0048	0.0048	21	3	0	
PILOT-2019005007__F__haiku4.5__rep1.json	PILOT-2019005007	F	1	0.0024	0.0045	0.0045	0.0045	22	2	0	
PILOT-2019005007__F__haiku4.5__rep2.json	PILOT-2019005007	F	2	0.0	0.0	0.0	0.0	23	1	0	
PILOT-2019005007__F__sonnet4__rep0.json	PILOT-2019005007	F	0	0.0026	0.019	0.003	0.005	24	0	0	
PILOT-2019005007__F__sonnet4__rep1.json	PILOT-2019005007	F	1	0.0	0.0	0.0	0.0	24	0	0	
PILOT-2019005007__F__sonnet4__rep2.json	PILOT-2019005007	F	2	0.0	0.0	0.0	0.0	24	0	0	
PILOT-2019005007__G__gpt4o-mini__rep0.json	PILOT-2019005007	G	0	0.0	0.0	0.0	0.0	4	20	0	
PILOT-2019005007__G__gpt4o-mini__rep1.json	PILOT-2019005007	G	1	0.0	0.0	0.0	0.0	4	20	0	
PILOT-2019005007__G__gpt4o-mini__rep2.json	PILOT-2019005007	G	2	0.0423	0.0616	0.1167	0.0797	4	20	0	
PILOT-2019005007__G__gpt5.4__rep0.json	PILOT-2019005007	G	0	0.0	0.0	0.0	0.0	24	0	0	
PILOT-2019005007__G__gpt5.4__rep1.json	PILOT-2019005007	G	1	0.0167	0.0238	0.0333	0.0278	24	0	0	
PILOT-2019005007__G__gpt5.4__rep2.json	PILOT-2019005007	G	2	0.0	0.0	0.0	0.0	24	0	0	
PILOT-2019005007__G__haiku4.5__rep0.json	PILOT-2019005007	G	0	0.0133	0.0319	0.0191	0.023	23	1	0	
PILOT-2019005007__G__haiku4.5__rep1.json	PILOT-2019005007	G	1	0.0	0.0	0.0	0.0	23	1	0	
PILOT-2019005007__G__haiku4.5__rep2.json	PILOT-2019005007	G	2	0.002	0.0042	0.0035	0.0038	24	0	0	
PILOT-2019005007__G__sonnet4__rep0.json	PILOT-2019005007	G	0	0.0	0.0	0.0	0.0	24	0	0	
PILOT-2019005007__G__sonnet4__rep1.json	PILOT-2019005007	G	1	0.0	0.0	0.0	0.0	24	0	0	
PILOT-2019005007__G__sonnet4__rep2.json	PILOT-2019005007	G	2	0.0	0.0	0.0	0.0	24	0	0	
PILOT-2019005292__F__gpt4o-mini__rep0.json	PILOT-2019005292	F	0	0.0149	0.0164	0.1237	0.0281	20	0	0	
PILOT-2019005292__F__gpt4o-mini__rep1.json	PILOT-2019005292	F	1	0.0148	0.0164	0.1193	0.028	20	0	0	
PILOT-2019005292__F__gpt4o-mini__rep2.json	PILOT-2019005292	F	2	0.009	0.0098	0.091	0.0172	20	0	0	
PILOT-2019005292__F__gpt5.4__rep0.json	PILOT-2019005292	F	0	0.012	0.0135	0.094	0.0229	20	0	0	
PILOT-2019005292__F__gpt5.4__rep1.json	PILOT-2019005292	F	1	0.0	0.0	0.0	0.0	20	0	0	
PILOT-2019005292__F__gpt5.4__rep2.json	PILOT-2019005292	F	2	0.0013	0.0019	0.0039	0.0025	20	0	0	
PILOT-2019005292__F__haiku4.5__rep0.json	PILOT-2019005292	F	0	0.0043	0.0056	0.0183	0.0086	4	16	0	
PILOT-2019005292__F__haiku4.5__rep1.json	PILOT-2019005292	F	1	0.0137	0.0229	0.0381	0.0262	7	13	0	
PILOT-2019005292__F__haiku4.5__rep2.json	PILOT-2019005292	F	2	0.0135	0.017	0.0612	0.0265	3	17	0	
PILOT-2019005292__F__sonnet4__rep0.json	PILOT-2019005292	F	0	0.0009	0.0011	0.0037	0.0017	20	0	0	
PILOT-2019005292__F__sonnet4__rep1.json	PILOT-2019005292	F	1	0.0083	0.0091	0.0746	0.0159	20	0	0	
PILOT-2019005292__F__sonnet4__rep2.json	PILOT-2019005292	F	2	0.0009	0.0011	0.0037	0.0017	20	0	0	
PILOT-2019005292__G__gpt4o-mini__rep0.json	PILOT-2019005292	G	0	None	None	None	None	0	20	0	no_aligned_claims
PILOT-2019005292__G__gpt4o-mini__rep1.json	PILOT-2019005292	G	1	0.0109	0.0115	0.1167	0.0209	20	0	0	
PILOT-2019005292__G__gpt4o-mini__rep2.json	PILOT-2019005292	G	2	0.0093	0.0099	0.0935	0.0178	20	0	0	
PILOT-2019005292__G__gpt5.4__rep0.json	PILOT-2019005292	G	0	0.0	0.0	0.0	0.0	20	0	0	
PILOT-2019005292__G__gpt5.4__rep1.json	PILOT-2019005292	G	1	0.0014	0.0022	0.0039	0.0028	20	0	0	
PILOT-2019005292__G__gpt5.4__rep2.json	PILOT-2019005292	G	2	0.0013	0.0019	0.0039	0.0025	20	0	0	
PILOT-2019005292__G__haiku4.5__rep0.json	PILOT-2019005292	G	0	0.0025	0.0032	0.0115	0.005	16	4	0	
PILOT-2019005292__G__haiku4.5__rep1.json	PILOT-2019005292	G	1	0.0032	0.0039	0.0145	0.0062	11	9	0	
PILOT-2019005292__G__haiku4.5__rep2.json	PILOT-2019005292	G	2	0.0027	0.0034	0.0122	0.0053	15	5	0	
PILOT-2019005292__G__sonnet4__rep0.json	PILOT-2019005292	G	0	None	None	None	None	0	20	0	no_aligned_claims
PILOT-2019005292__G__sonnet4__rep1.json	PILOT-2019005292	G	1	0.0009	0.0011	0.0037	0.0017	20	0	0	
PILOT-2019005292__G__sonnet4__rep2.json	PILOT-2019005292	G	2	0.0	0.0	0.0	0.0	20	0	0	
PILOT-2019005776__F__gpt4o-mini__rep0.json	PILOT-2019005776	F	0	0.0417	0.0455	0.3333	0.08	1	0	0	
PILOT-2019005776__F__gpt4o-mini__rep1.json	PILOT-2019005776	F	1	0.0411	0.0455	0.3	0.0789	1	0	0	
PILOT-2019005776__F__gpt4o-mini__rep2.json	PILOT-2019005776	F	2	0.0133	0.0152	0.1	0.0263	1	0	0	
PILOT-2019005776__F__gpt5.4__rep0.json	PILOT-2019005776	F	0	0.0822	0.0909	0.4615	0.1519	1	0	0	
PILOT-2019005776__F__gpt5.4__rep1.json	PILOT-2019005776	F	1	0.0694	0.0758	0.4545	0.1299	1	0	0	
PILOT-2019005776__F__gpt5.4__rep2.json	PILOT-2019005776	F	2	0.0685	0.0758	0.4167	0.1282	1	0	0	
PILOT-2019005776__F__haiku4.5__rep0.json	PILOT-2019005776	F	0	0.0411	0.0455	0.3	0.0789	1	0	0	
PILOT-2019005776__F__haiku4.5__rep1.json	PILOT-2019005776	F	1	0.0411	0.0455	0.3	0.0789	1	0	0	
PILOT-2019005776__F__haiku4.5__rep2.json	PILOT-2019005776	F	2	0.075	0.0909	0.3	0.1395	1	0	0	
PILOT-2019005776__F__sonnet4__rep0.json	PILOT-2019005776	F	0	0.0816	0.1212	0.2	0.1509	1	0	0	
PILOT-2019005776__F__sonnet4__rep1.json	PILOT-2019005776	F	1	0.1127	0.1212	0.6154	0.2025	1	0	0	
PILOT-2019005776__F__sonnet4__rep2.json	PILOT-2019005776	F	2	0.0704	0.0758	0.5	0.1316	1	0	0	
PILOT-2019005776__G__gpt4o-mini__rep0.json	PILOT-2019005776	G	0	0.0385	0.0455	0.2	0.0741	1	0	0	
PILOT-2019005776__G__gpt4o-mini__rep1.json	PILOT-2019005776	G	1	0.0411	0.0455	0.3	0.0789	1	0	0	
PILOT-2019005776__G__gpt4o-mini__rep2.json	PILOT-2019005776	G	2	0.0405	0.0455	0.2727	0.0779	1	0	0	
PILOT-2019005776__G__gpt5.4__rep0.json	PILOT-2019005776	G	0	0.1376	0.2273	0.2586	0.2419	1	0	0	
PILOT-2019005776__G__gpt5.4__rep1.json	PILOT-2019005776	G	1	0.1124	0.1515	0.303	0.202	1	0	0	
PILOT-2019005776__G__gpt5.4__rep2.json	PILOT-2019005776	G	2	0.1124	0.1515	0.303	0.202	1	0	0	
PILOT-2019005776__G__haiku4.5__rep0.json	PILOT-2019005776	G	0	0.0411	0.0455	0.3	0.0789	1	0	0	
PILOT-2019005776__G__haiku4.5__rep1.json	PILOT-2019005776	G	1	0.0411	0.0455	0.3	0.0789	1	0	0	
PILOT-2019005776__G__haiku4.5__rep2.json	PILOT-2019005776	G	2	0.0405	0.0455	0.2727	0.0779	1	0	0	
PILOT-2019005776__G__sonnet4__rep0.json	PILOT-2019005776	G	0	0.1127	0.1212	0.6154	0.2025	1	0	0	
PILOT-2019005776__G__sonnet4__rep1.json	PILOT-2019005776	G	1	0.1127	0.1212	0.6154	0.2025	1	0	0	
PILOT-2019005776__G__sonnet4__rep2.json	PILOT-2019005776	G	2	0.0446	0.0758	0.098	0.0855	1	0	0	
PILOT-2019006119__F__gpt4o-mini__rep0.json	PILOT-2019006119	F	0	None	None	None	None	0	1	0	no_aligned_claims
PILOT-2019006119__F__gpt4o-mini__rep1.json	PILOT-2019006119	F	1	None	None	None	None	0	1	0	no_aligned_claims
PILOT-2019006119__F__gpt4o-mini__rep2.json	PILOT-2019006119	F	2	0.0	0.0	0.0	0.0	1	0	0	
PILOT-2019006119__F__gpt5.4__rep0.json	PILOT-2019006119	F	0	0.0	0.0	0.0	0.0	1	0	0	
PILOT-2019006119__F__gpt5.4__rep1.json	PILOT-2019006119	F	1	0.0	0.0	0.0	0.0	1	0	0	
PILOT-2019006119__F__gpt5.4__rep2.json	PILOT-2019006119	F	2	0.0	0.0	0.0	0.0	1	0	0	
PILOT-2019006119__F__haiku4.5__rep0.json	PILOT-2019006119	F	0	0.0	0.0	0.0	0.0	1	0	0	
PILOT-2019006119__F__haiku4.5__rep1.json	PILOT-2019006119	F	1	0.0	0.0	0.0	0.0	1	0	0	
PILOT-2019006119__F__haiku4.5__rep2.json	PILOT-2019006119	F	2	0.0	0.0	0.0	0.0	1	0	0	
PILOT-2019006119__F__sonnet4__rep0.json	PILOT-2019006119	F	0	0.0	0.0	0.0	0.0	1	0	0	
PILOT-2019006119__F__sonnet4__rep1.json	PILOT-2019006119	F	1	0.0	0.0	0.0	0.0	1	0	0	
PILOT-2019006119__F__sonnet4__rep2.json	PILOT-2019006119	F	2	0.0	0.0	0.0	0.0	1	0	0	
PILOT-2019006119__G__gpt4o-mini__rep0.json	PILOT-2019006119	G	0	0.0	0.0	0.0	0.0	1	0	0	
PILOT-2019006119__G__gpt4o-mini__rep1.json	PILOT-2019006119	G	1	0.0	0.0	0.0	0.0	1	0	0	
PILOT-2019006119__G__gpt4o-mini__rep2.json	PILOT-2019006119	G	2	0.0	0.0	0.0	0.0	1	0	0	
PILOT-2019006119__G__gpt5.4__rep0.json	PILOT-2019006119	G	0	0.0	0.0	0.0	0.0	1	0	0	
PILOT-2019006119__G__gpt5.4__rep1.json	PILOT-2019006119	G	1	0.0	0.0	0.0	0.0	1	0	0	
PILOT-2019006119__G__gpt5.4__rep2.json	PILOT-2019006119	G	2	0.0	0.0	0.0	0.0	1	0	0	
PILOT-2019006119__G__haiku4.5__rep0.json	PILOT-2019006119	G	0	0.0	0.0	0.0	0.0	1	0	0	
PILOT-2019006119__G__haiku4.5__rep1.json	PILOT-2019006119	G	1	0.0	0.0	0.0	0.0	1	0	0	
PILOT-2019006119__G__haiku4.5__rep2.json	PILOT-2019006119	G	2	0.0	0.0	0.0	0.0	1	0	0	
PILOT-2019006119__G__sonnet4__rep0.json	PILOT-2019006119	G	0	0.0	0.0	0.0	0.0	1	0	0	
PILOT-2019006119__G__sonnet4__rep1.json	PILOT-2019006119	G	1	0.0	0.0	0.0	0.0	1	0	0	
PILOT-2019006119__G__sonnet4__rep2.json	PILOT-2019006119	G	2	0.0	0.0	0.0	0.0	1	0	0	
PILOT-2020000122__F__gpt4o-mini__rep0.json	PILOT-2020000122	F	0	0.0383	0.0594	0.1318	0.0715	19	0	0	
PILOT-2020000122__F__gpt4o-mini__rep1.json	PILOT-2020000122	F	1	0.0221	0.0379	0.0823	0.0414	19	0	0	
PILOT-2020000122__F__gpt4o-mini__rep2.json	PILOT-2020000122	F	2	0.0295	0.0338	0.1267	0.0532	5	14	0	
PILOT-2020000122__F__gpt5.4__rep0.json	PILOT-2020000122	F	0	0.0081	0.0113	0.0203	0.0145	19	0	0	
PILOT-2020000122__F__gpt5.4__rep1.json	PILOT-2020000122	F	1	0.0061	0.0079	0.023	0.0116	19	0	0	
PILOT-2020000122__F__gpt5.4__rep2.json	PILOT-2020000122	F	2	0.002	0.0027	0.0079	0.004	19	0	0	
PILOT-2020000122__F__haiku4.5__rep0.json	PILOT-2020000122	F	0	0.0208	0.0397	0.0454	0.039	19	0	0	
PILOT-2020000122__F__haiku4.5__rep1.json	PILOT-2020000122	F	1	0.0985	0.1486	0.1957	0.1643	19	0	0	
PILOT-2020000122__F__haiku4.5__rep2.json	PILOT-2020000122	F	2	0.0449	0.0699	0.098	0.0791	19	0	0	
PILOT-2020000122__F__sonnet4__rep0.json	PILOT-2020000122	F	0	0.0056	0.0081	0.0138	0.0102	19	0	0	
PILOT-2020000122__F__sonnet4__rep1.json	PILOT-2020000122	F	1	0.0045	0.0115	0.0093	0.0086	19	0	0	
PILOT-2020000122__F__sonnet4__rep2.json	PILOT-2020000122	F	2	0.0062	0.0081	0.0179	0.0111	19	0	0	
PILOT-2020000122__G__gpt4o-mini__rep0.json	PILOT-2020000122	G	0	0.0143	0.0289	0.0493	0.0272	19	0	0	
PILOT-2020000122__G__gpt4o-mini__rep1.json	PILOT-2020000122	G	1	0.0099	0.0107	0.125	0.0194	4	15	0	
PILOT-2020000122__G__gpt4o-mini__rep2.json	PILOT-2020000122	G	2	0.0128	0.0268	0.0527	0.0242	19	0	0	
PILOT-2020000122__G__gpt5.4__rep0.json	PILOT-2020000122	G	0	0.0149	0.0237	0.0375	0.028	19	0	0	
PILOT-2020000122__G__gpt5.4__rep1.json	PILOT-2020000122	G	1	0.0052	0.0061	0.0268	0.0097	19	0	0	
PILOT-2020000122__G__gpt5.4__rep2.json	PILOT-2020000122	G	2	0.0092	0.014	0.025	0.0176	19	0	0	
PILOT-2020000122__G__haiku4.5__rep0.json	PILOT-2020000122	G	0	0.0878	0.1357	0.168	0.147	19	0	0	
PILOT-2020000122__G__haiku4.5__rep1.json	PILOT-2020000122	G	1	0.1026	0.1636	0.1858	0.1707	19	0	0	
PILOT-2020000122__G__haiku4.5__rep2.json	PILOT-2020000122	G	2	0.0183	0.0297	0.0511	0.033	19	0	0	
PILOT-2020000122__G__sonnet4__rep0.json	PILOT-2020000122	G	0	0.0057	0.0075	0.0231	0.0111	19	0	0	
PILOT-2020000122__G__sonnet4__rep1.json	PILOT-2020000122	G	1	0.0004	0.0005	0.0023	0.0008	19	0	0	
PILOT-2020000122__G__sonnet4__rep2.json	PILOT-2020000122	G	2	0.0036	0.0049	0.0132	0.0069	19	0	0	
PILOT-2020000158__F__gpt4o-mini__rep0.json	PILOT-2020000158	F	0	0.0	0.0	0.0	0.0	20	0	0	
PILOT-2020000158__F__gpt4o-mini__rep1.json	PILOT-2020000158	F	1	0.0	0.0	0.0	0.0	20	0	0	
PILOT-2020000158__F__gpt4o-mini__rep2.json	PILOT-2020000158	F	2	0.0	0.0	0.0	0.0	8	12	0	
PILOT-2020000158__F__gpt5.4__rep0.json	PILOT-2020000158	F	0	0.0171	0.0233	0.0533	0.0301	20	0	0	
PILOT-2020000158__F__gpt5.4__rep1.json	PILOT-2020000158	F	1	0.0029	0.0074	0.0046	0.0056	20	0	0	
PILOT-2020000158__F__gpt5.4__rep2.json	PILOT-2020000158	F	2	0.0139	0.0219	0.0587	0.0263	20	0	0	
PILOT-2020000158__F__haiku4.5__rep0.json	PILOT-2020000158	F	0	0.0	0.0	0.0	0.0	20	0	0	
PILOT-2020000158__F__haiku4.5__rep1.json	PILOT-2020000158	F	1	0.0125	0.02	0.025	0.0222	20	0	0	
PILOT-2020000158__F__haiku4.5__rep2.json	PILOT-2020000158	F	2	0.0143	0.02	0.0333	0.025	20	0	0	
PILOT-2020000158__F__sonnet4__rep0.json	PILOT-2020000158	F	0	0.0163	0.02	0.0471	0.0281	20	0	0	
PILOT-2020000158__F__sonnet4__rep1.json	PILOT-2020000158	F	1	0.0163	0.02	0.0471	0.0281	20	0	0	
PILOT-2020000158__F__sonnet4__rep2.json	PILOT-2020000158	F	2	0.0163	0.02	0.0471	0.0281	20	0	0	
PILOT-2020000158__G__gpt4o-mini__rep0.json	PILOT-2020000158	G	0	0.0	0.0	0.0	0.0	8	12	0	
PILOT-2020000158__G__gpt4o-mini__rep1.json	PILOT-2020000158	G	1	0.0	0.0	0.0	0.0	20	0	0	
PILOT-2020000158__G__gpt4o-mini__rep2.json	PILOT-2020000158	G	2	0.0	0.0	0.0	0.0	8	12	0	
PILOT-2020000158__G__gpt5.4__rep0.json	PILOT-2020000158	G	0	0.0184	0.0217	0.0844	0.0331	20	0	0	
PILOT-2020000158__G__gpt5.4__rep1.json	PILOT-2020000158	G	1	0.0127	0.0175	0.0374	0.0236	20	0	0	
PILOT-2020000158__G__gpt5.4__rep2.json	PILOT-2020000158	G	2	0.0113	0.0175	0.0291	0.0212	20	0	0	
PILOT-2020000158__G__haiku4.5__rep0.json	PILOT-2020000158	G	0	0.0164	0.0242	0.0676	0.0311	20	0	0	
PILOT-2020000158__G__haiku4.5__rep1.json	PILOT-2020000158	G	1	0.0	0.0	0.0	0.0	20	0	0	
PILOT-2020000158__G__haiku4.5__rep2.json	PILOT-2020000158	G	2	0.0	0.0	0.0	0.0	20	0	0	
PILOT-2020000158__G__sonnet4__rep0.json	PILOT-2020000158	G	0	0.036	0.0497	0.0941	0.0637	20	0	0	
PILOT-2020000158__G__sonnet4__rep1.json	PILOT-2020000158	G	1	0.0013	0.003	0.0024	0.0026	20	0	0	
PILOT-2020000158__G__sonnet4__rep2.json	PILOT-2020000158	G	2	0.0	0.0	0.0	0.0	20	0	0	
PILOT-2020000362__F__gpt4o-mini__rep0.json	PILOT-2020000362	F	0	0.0	0.0	0.0	0.0	2	13	0	
PILOT-2020000362__F__gpt4o-mini__rep1.json	PILOT-2020000362	F	1	0.0	0.0	0.0	0.0	2	13	0	
PILOT-2020000362__F__gpt4o-mini__rep2.json	PILOT-2020000362	F	2	0.0	0.0	0.0	0.0	2	13	0	
PILOT-2020000362__F__gpt5.4__rep0.json	PILOT-2020000362	F	0	0.0025	0.0035	0.0077	0.0048	13	2	0	
PILOT-2020000362__F__gpt5.4__rep1.json	PILOT-2020000362	F	1	0.0066	0.0097	0.0204	0.0129	15	0	0	
PILOT-2020000362__F__gpt5.4__rep2.json	PILOT-2020000362	F	2	0.0047	0.0064	0.0167	0.0092	12	3	0	
PILOT-2020000362__F__haiku4.5__rep0.json	PILOT-2020000362	F	0	0.0046	0.0074	0.0144	0.0091	15	0	0	
PILOT-2020000362__F__haiku4.5__rep1.json	PILOT-2020000362	F	1	0.0091	0.0157	0.0235	0.0177	15	0	0	
PILOT-2020000362__F__haiku4.5__rep2.json	PILOT-2020000362	F	2	0.0071	0.0104	0.0217	0.0138	15	0	0	
PILOT-2020000362__F__sonnet4__rep0.json	PILOT-2020000362	F	0	0.0063	0.0082	0.0255	0.0123	15	0	0	
PILOT-2020000362__F__sonnet4__rep1.json	PILOT-2020000362	F	1	0.0061	0.0079	0.0256	0.0119	14	1	0	
PILOT-2020000362__F__sonnet4__rep2.json	PILOT-2020000362	F	2	0.0052	0.0067	0.0267	0.0101	15	0	0	
PILOT-2020000362__G__gpt4o-mini__rep0.json	PILOT-2020000362	G	0	0.0	0.0	0.0	0.0	1	14	0	
PILOT-2020000362__G__gpt4o-mini__rep1.json	PILOT-2020000362	G	1	0.0	0.0	0.0	0.0	2	13	0	
PILOT-2020000362__G__gpt4o-mini__rep2.json	PILOT-2020000362	G	2	0.0038	0.0051	0.0133	0.0073	15	0	0	
PILOT-2020000362__G__gpt5.4__rep0.json	PILOT-2020000362	G	0	0.0063	0.0089	0.0205	0.0123	15	0	0	
PILOT-2020000362__G__gpt5.4__rep1.json	PILOT-2020000362	G	1	0.0044	0.0059	0.0154	0.0085	13	2	0	
PILOT-2020000362__G__gpt5.4__rep2.json	PILOT-2020000362	G	2	0.0044	0.0059	0.0154	0.0085	13	2	0	
PILOT-2020000362__G__haiku4.5__rep0.json	PILOT-2020000362	G	0	0.013	0.0228	0.0304	0.0252	15	0	0	
PILOT-2020000362__G__haiku4.5__rep1.json	PILOT-2020000362	G	1	0.0057	0.0097	0.0155	0.0112	15	0	0	
PILOT-2020000362__G__haiku4.5__rep2.json	PILOT-2020000362	G	2	0.0085	0.0133	0.0237	0.0165	15	0	0	
PILOT-2020000362__G__sonnet4__rep0.json	PILOT-2020000362	G	0	0.0074	0.0097	0.0275	0.0143	15	0	0	
PILOT-2020000362__G__sonnet4__rep1.json	PILOT-2020000362	G	1	0.0074	0.0097	0.0275	0.0143	15	0	0	
PILOT-2020000362__G__sonnet4__rep2.json	PILOT-2020000362	G	2	0.0051	0.0067	0.0222	0.01	15	0	0	
PILOT-2020000402__F__gpt4o-mini__rep0.json	PILOT-2020000402	F	0	0.0	0.0	0.0	0.0	6	0	0	
PILOT-2020000402__F__gpt4o-mini__rep1.json	PILOT-2020000402	F	1	0.0	0.0	0.0	0.0	6	0	0	
PILOT-2020000402__F__gpt4o-mini__rep2.json	PILOT-2020000402	F	2	0.0083	0.0111	0.0278	0.0159	6	0	0	
PILOT-2020000402__F__gpt5.4__rep0.json	PILOT-2020000402	F	0	0.029	0.0418	0.0741	0.0534	6	0	0	
PILOT-2020000402__F__gpt5.4__rep1.json	PILOT-2020000402	F	1	0.0278	0.0418	0.0667	0.0514	6	0	0	
PILOT-2020000402__F__gpt5.4__rep2.json	PILOT-2020000402	F	2	0.0334	0.0454	0.1009	0.0616	6	0	0	
PILOT-2020000402__F__haiku4.5__rep0.json	PILOT-2020000402	F	0	0.0186	0.0199	0.2143	0.036	4	2	0	
PILOT-2020000402__F__haiku4.5__rep1.json	PILOT-2020000402	F	1	0.0186	0.0199	0.2143	0.036	4	2	0	
PILOT-2020000402__F__haiku4.5__rep2.json	PILOT-2020000402	F	2	0.0141	0.015	0.2125	0.0274	4	2	0	
PILOT-2020000402__F__sonnet4__rep0.json	PILOT-2020000402	F	0	0.0159	0.0209	0.0556	0.0304	6	0	0	
PILOT-2020000402__F__sonnet4__rep1.json	PILOT-2020000402	F	1	0.0159	0.0209	0.0556	0.0304	6	0	0	
PILOT-2020000402__F__sonnet4__rep2.json	PILOT-2020000402	F	2	0.0159	0.0209	0.0556	0.0304	6	0	0	
PILOT-2020000402__G__gpt4o-mini__rep0.json	PILOT-2020000402	G	0	0.0581	0.0837	0.1212	0.0989	6	0	0	
PILOT-2020000402__G__gpt4o-mini__rep1.json	PILOT-2020000402	G	1	0.0514	0.0837	0.0952	0.089	6	0	0	
PILOT-2020000402__G__gpt4o-mini__rep2.json	PILOT-2020000402	G	2	0.0417	0.0457	0.3705	0.0791	4	2	0	
PILOT-2020000402__G__gpt5.4__rep0.json	PILOT-2020000402	G	0	0.0835	0.1014	0.3048	0.1467	6	0	0	
PILOT-2020000402__G__gpt5.4__rep1.json	PILOT-2020000402	G	1	0.0532	0.0717	0.1802	0.0985	6	0	0	
PILOT-2020000402__G__gpt5.4__rep2.json	PILOT-2020000402	G	2	0.0278	0.0418	0.0667	0.0514	6	0	0	
PILOT-2020000402__G__haiku4.5__rep0.json	PILOT-2020000402	G	0	0.0	0.0	0.0	0.0	2	4	0	
PILOT-2020000402__G__haiku4.5__rep1.json	PILOT-2020000402	G	1	0.0	0.0	0.0	0.0	4	2	0	
PILOT-2020000402__G__haiku4.5__rep2.json	PILOT-2020000402	G	2	0.0	0.0	0.0	0.0	2	4	0	
PILOT-2020000402__G__sonnet4__rep0.json	PILOT-2020000402	G	0	0.0159	0.0209	0.0556	0.0304	6	0	0	
PILOT-2020000402__G__sonnet4__rep1.json	PILOT-2020000402	G	1	0.2284	0.3942	0.2928	0.3231	6	0	0	
PILOT-2020000402__G__sonnet4__rep2.json	PILOT-2020000402	G	2	0.2007	0.3789	0.2435	0.2845	5	1	0	
PILOT-2020000676__F__gpt4o-mini__rep0.json	PILOT-2020000676	F	0	0.0	0.0	0.0	0.0	6	0	0	
PILOT-2020000676__F__gpt4o-mini__rep1.json	PILOT-2020000676	F	1	0.0	0.0	0.0	0.0	1	5	0	
PILOT-2020000676__F__gpt4o-mini__rep2.json	PILOT-2020000676	F	2	0.0	0.0	0.0	0.0	6	0	0	
PILOT-2020000676__F__gpt5.4__rep0.json	PILOT-2020000676	F	0	0.0	0.0	0.0	0.0	6	0	0	
PILOT-2020000676__F__gpt5.4__rep1.json	PILOT-2020000676	F	1	0.0	0.0	0.0	0.0	6	0	0	
PILOT-2020000676__F__gpt5.4__rep2.json	PILOT-2020000676	F	2	0.0	0.0	0.0	0.0	6	0	0	
PILOT-2020000676__F__haiku4.5__rep0.json	PILOT-2020000676	F	0	0.0	0.0	0.0	0.0	6	0	0	
PILOT-2020000676__F__haiku4.5__rep1.json	PILOT-2020000676	F	1	0.0	0.0	0.0	0.0	6	0	0	
PILOT-2020000676__F__haiku4.5__rep2.json	PILOT-2020000676	F	2	0.0	0.0	0.0	0.0	6	0	0	
PILOT-2020000676__F__sonnet4__rep0.json	PILOT-2020000676	F	0	0.0	0.0	0.0	0.0	6	0	0	
PILOT-2020000676__F__sonnet4__rep1.json	PILOT-2020000676	F	1	0.0	0.0	0.0	0.0	6	0	0	
PILOT-2020000676__F__sonnet4__rep2.json	PILOT-2020000676	F	2	0.0	0.0	0.0	0.0	3	3	0	
PILOT-2020000676__G__gpt4o-mini__rep0.json	PILOT-2020000676	G	0	0.0	0.0	0.0	0.0	2	4	0	
PILOT-2020000676__G__gpt4o-mini__rep1.json	PILOT-2020000676	G	1	0.0	0.0	0.0	0.0	6	0	0	
PILOT-2020000676__G__gpt4o-mini__rep2.json	PILOT-2020000676	G	2	0.0	0.0	0.0	0.0	1	5	0	
PILOT-2020000676__G__gpt5.4__rep0.json	PILOT-2020000676	G	0	0.0	0.0	0.0	0.0	6	0	0	
PILOT-2020000676__G__gpt5.4__rep1.json	PILOT-2020000676	G	1	0.0	0.0	0.0	0.0	6	0	0	
PILOT-2020000676__G__gpt5.4__rep2.json	PILOT-2020000676	G	2	0.0	0.0	0.0	0.0	6	0	0	
PILOT-2020000676__G__haiku4.5__rep0.json	PILOT-2020000676	G	0	0.0147	0.25	0.0152	0.0286	6	0	0	
PILOT-2020000676__G__haiku4.5__rep1.json	PILOT-2020000676	G	1	0.0147	0.25	0.0152	0.0286	6	0	0	
PILOT-2020000676__G__haiku4.5__rep2.json	PILOT-2020000676	G	2	0.0147	0.25	0.0152	0.0286	6	0	0	
PILOT-2020000676__G__sonnet4__rep0.json	PILOT-2020000676	G	0	0.0	0.0	0.0	0.0	6	0	0	
PILOT-2020000676__G__sonnet4__rep1.json	PILOT-2020000676	G	1	0.0	0.0	0.0	0.0	6	0	0	
PILOT-2020000676__G__sonnet4__rep2.json	PILOT-2020000676	G	2	0.0	0.0	0.0	0.0	6	0	0	
PILOT-2020001769__F__gpt4o-mini__rep0.json	PILOT-2020001769	F	0	0.0	0.0	0.0	0.0	10	0	0	
PILOT-2020001769__F__gpt4o-mini__rep1.json	PILOT-2020001769	F	1	0.0	0.0	0.0	0.0	4	6	0	
PILOT-2020001769__F__gpt4o-mini__rep2.json	PILOT-2020001769	F	2	0.0132	0.0833	0.0147	0.025	4	6	0	
PILOT-2020001769__F__gpt5.4__rep0.json	PILOT-2020001769	F	0	0.0	0.0	0.0	0.0	8	2	0	
PILOT-2020001769__F__gpt5.4__rep1.json	PILOT-2020001769	F	1	0.0	0.0	0.0	0.0	10	0	0	
PILOT-2020001769__F__gpt5.4__rep2.json	PILOT-2020001769	F	2	0.0	0.0	0.0	0.0	10	0	0	
PILOT-2020001769__F__haiku4.5__rep0.json	PILOT-2020001769	F	0	0.0	0.0	0.0	0.0	5	5	0	
PILOT-2020001769__F__haiku4.5__rep1.json	PILOT-2020001769	F	1	0.0	0.0	0.0	0.0	6	4	0	
PILOT-2020001769__F__haiku4.5__rep2.json	PILOT-2020001769	F	2	0.0	0.0	0.0	0.0	6	4	0	
PILOT-2020001769__F__sonnet4__rep0.json	PILOT-2020001769	F	0	0.0	0.0	0.0	0.0	10	0	0	
PILOT-2020001769__F__sonnet4__rep1.json	PILOT-2020001769	F	1	0.0	0.0	0.0	0.0	10	0	0	
PILOT-2020001769__F__sonnet4__rep2.json	PILOT-2020001769	F	2	0.0351	0.6667	0.0357	0.0678	1	9	0	
PILOT-2020001769__G__gpt4o-mini__rep0.json	PILOT-2020001769	G	0	0.0091	0.0333	0.0111	0.0167	10	0	0	
PILOT-2020001769__G__gpt4o-mini__rep1.json	PILOT-2020001769	G	1	0.0	0.0	0.0	0.0	4	6	0	
PILOT-2020001769__G__gpt4o-mini__rep2.json	PILOT-2020001769	G	2	0.0125	0.1667	0.0128	0.0238	4	6	0	
PILOT-2020001769__G__gpt5.4__rep0.json	PILOT-2020001769	G	0	0.0	0.0	0.0	0.0	10	0	0	
PILOT-2020001769__G__gpt5.4__rep1.json	PILOT-2020001769	G	1	0.0	0.0	0.0	0.0	8	2	0	
PILOT-2020001769__G__gpt5.4__rep2.json	PILOT-2020001769	G	2	0.0	0.0	0.0	0.0	10	0	0	
PILOT-2020001769__G__haiku4.5__rep0.json	PILOT-2020001769	G	0	0.0	0.0	0.0	0.0	5	5	0	
PILOT-2020001769__G__haiku4.5__rep1.json	PILOT-2020001769	G	1	0.0191	0.2143	0.0211	0.0349	7	3	0	
PILOT-2020001769__G__haiku4.5__rep2.json	PILOT-2020001769	G	2	0.0	0.0	0.0	0.0	6	4	0	
PILOT-2020001769__G__sonnet4__rep0.json	PILOT-2020001769	G	0	0.0	0.0	0.0	0.0	10	0	0	
PILOT-2020001769__G__sonnet4__rep1.json	PILOT-2020001769	G	1	0.0	0.0	0.0	0.0	10	0	0	
PILOT-2020001769__G__sonnet4__rep2.json	PILOT-2020001769	G	2	0.0	0.0	0.0	0.0	10	0	0	
PILOT-2020002332__F__gpt4o-mini__rep0.json	PILOT-2020002332	F	0	0.0909	0.1341	0.2449	0.1621	7	18	0	
PILOT-2020002332__F__gpt4o-mini__rep1.json	PILOT-2020002332	F	1	0.1	0.1471	0.256	0.177	7	18	0	
PILOT-2020002332__F__gpt4o-mini__rep2.json	PILOT-2020002332	F	2	0.0	0.0	0.0	0.0	1	24	0	
PILOT-2020002332__F__gpt5.4__rep0.json	PILOT-2020002332	F	0	0.033	0.05	0.0819	0.0577	10	15	0	
PILOT-2020002332__F__gpt5.4__rep1.json	PILOT-2020002332	F	1	0.0311	0.0463	0.0755	0.0541	25	0	0	
PILOT-2020002332__F__gpt5.4__rep2.json	PILOT-2020002332	F	2	0.0311	0.0463	0.0755	0.0541	25	0	0	
PILOT-2020002332__F__haiku4.5__rep0.json	PILOT-2020002332	F	0	0.0687	0.1016	0.1835	0.1211	10	15	0	
PILOT-2020002332__F__haiku4.5__rep1.json	PILOT-2020002332	F	1	0.0755	0.1119	0.1853	0.1318	11	14	0	
PILOT-2020002332__F__haiku4.5__rep2.json	PILOT-2020002332	F	2	0.0754	0.1102	0.192	0.1322	12	13	0	
PILOT-2020002332__F__sonnet4__rep0.json	PILOT-2020002332	F	0	0.0311	0.0463	0.0755	0.0541	25	0	0	
PILOT-2020002332__F__sonnet4__rep1.json	PILOT-2020002332	F	1	0.0311	0.0463	0.0755	0.0541	25	0	0	
PILOT-2020002332__F__sonnet4__rep2.json	PILOT-2020002332	F	2	0.0311	0.0463	0.0755	0.0541	25	0	0	
PILOT-2020002332__G__gpt4o-mini__rep0.json	PILOT-2020002332	G	0	0.0896	0.116	0.2733	0.1601	5	20	0	
PILOT-2020002332__G__gpt4o-mini__rep1.json	PILOT-2020002332	G	1	0.1	0.1471	0.256	0.177	7	18	0	
PILOT-2020002332__G__gpt4o-mini__rep2.json	PILOT-2020002332	G	2	0.0	0.0	0.0	0.0	1	24	0	
PILOT-2020002332__G__gpt5.4__rep0.json	PILOT-2020002332	G	0	0.0334	0.049	0.0896	0.0599	13	12	0	
PILOT-2020002332__G__gpt5.4__rep1.json	PILOT-2020002332	G	1	0.0	0.0	0.0	0.0	2	23	0	
PILOT-2020002332__G__gpt5.4__rep2.json	PILOT-2020002332	G	2	0.03	0.0458	0.0696	0.052	13	12	0	
PILOT-2020002332__G__haiku4.5__rep0.json	PILOT-2020002332	G	0	0.0618	0.0923	0.1616	0.1087	11	14	0	
PILOT-2020002332__G__haiku4.5__rep1.json	PILOT-2020002332	G	1	0.0682	0.1016	0.179	0.1201	10	15	0	
PILOT-2020002332__G__haiku4.5__rep2.json	PILOT-2020002332	G	2	0.0345	0.0492	0.1018	0.0617	24	1	0	
PILOT-2020002332__G__sonnet4__rep0.json	PILOT-2020002332	G	0	0.0311	0.0463	0.0755	0.0541	25	0	0	
PILOT-2020002332__G__sonnet4__rep1.json	PILOT-2020002332	G	1	0.0311	0.0463	0.0755	0.0541	25	0	0	
PILOT-2020002332__G__sonnet4__rep2.json	PILOT-2020002332	G	2	0.0311	0.0463	0.0755	0.0541	25	0	0	
PILOT-2020002369__F__gpt4o-mini__rep0.json	PILOT-2020002369	F	0	0.0046	0.0056	0.0214	0.0088	20	0	0	
PILOT-2020002369__F__gpt4o-mini__rep1.json	PILOT-2020002369	F	1	0.0462	0.0558	0.2143	0.0884	2	18	0	
PILOT-2020002369__F__gpt4o-mini__rep2.json	PILOT-2020002369	F	2	0.0048	0.0056	0.025	0.0091	20	0	0	
PILOT-2020002369__F__gpt5.4__rep0.json	PILOT-2020002369	F	0	0.0102	0.0141	0.0322	0.0191	20	0	0	
PILOT-2020002369__F__gpt5.4__rep1.json	PILOT-2020002369	F	1	0.0131	0.0245	0.0265	0.024	20	0	0	
PILOT-2020002369__F__gpt5.4__rep2.json	PILOT-2020002369	F	2	0.0151	0.0245	0.0351	0.0273	20	0	0	
PILOT-2020002369__F__haiku4.5__rep0.json	PILOT-2020002369	F	0	0.0	0.0	0.0	0.0	2	18	0	
PILOT-2020002369__F__haiku4.5__rep1.json	PILOT-2020002369	F	1	0.0033	0.0037	0.025	0.0065	20	0	0	
PILOT-2020002369__F__haiku4.5__rep2.json	PILOT-2020002369	F	2	0.0	0.0	0.0	0.0	20	0	0	
PILOT-2020002369__F__sonnet4__rep0.json	PILOT-2020002369	F	0	0.0153	0.0199	0.0648	0.0282	20	0	0	
PILOT-2020002369__F__sonnet4__rep1.json	PILOT-2020002369	F	1	0.0153	0.0199	0.0648	0.0282	20	0	0	
PILOT-2020002369__F__sonnet4__rep2.json	PILOT-2020002369	F	2	0.0116	0.016	0.0369	0.0216	20	0	0	
PILOT-2020002369__G__gpt4o-mini__rep0.json	PILOT-2020002369	G	0	0.0595	0.0713	0.2833	0.1121	2	18	0	
PILOT-2020002369__G__gpt4o-mini__rep1.json	PILOT-2020002369	G	1	0.0	0.0	0.0	0.0	2	18	0	
PILOT-2020002369__G__gpt4o-mini__rep2.json	PILOT-2020002369	G	2	0.0034	0.0037	0.0286	0.0066	20	0	0	
PILOT-2020002369__G__gpt5.4__rep0.json	PILOT-2020002369	G	0	0.0142	0.0245	0.031	0.0257	20	0	0	
PILOT-2020002369__G__gpt5.4__rep1.json	PILOT-2020002369	G	1	0.0142	0.0245	0.0307	0.0259	20	0	0	
PILOT-2020002369__G__gpt5.4__rep2.json	PILOT-2020002369	G	2	0.0134	0.0235	0.0295	0.0245	20	0	0	
PILOT-2020002369__G__haiku4.5__rep0.json	PILOT-2020002369	G	0	0.0	0.0	0.0	0.0	20	0	0	
PILOT-2020002369__G__haiku4.5__rep1.json	PILOT-2020002369	G	1	0.0303	0.0444	0.0741	0.0556	3	17	0	
PILOT-2020002369__G__haiku4.5__rep2.json	PILOT-2020002369	G	2	0.0	0.0	0.0	0.0	20	0	0	
PILOT-2020002369__G__sonnet4__rep0.json	PILOT-2020002369	G	0	0.012	0.016	0.0389	0.0222	20	0	0	
PILOT-2020002369__G__sonnet4__rep1.json	PILOT-2020002369	G	1	0.012	0.016	0.0389	0.0222	20	0	0	
PILOT-2020002369__G__sonnet4__rep2.json	PILOT-2020002369	G	2	0.0116	0.016	0.0369	0.0216	20	0	0	
PILOT-2020002555__F__gpt4o-mini__rep0.json	PILOT-2020002555	F	0	0.0184	0.0268	0.0722	0.0345	20	0	0	
PILOT-2020002555__F__gpt4o-mini__rep1.json	PILOT-2020002555	F	1	0.0102	0.0141	0.0604	0.0193	20	0	0	
PILOT-2020002555__F__gpt4o-mini__rep2.json	PILOT-2020002555	F	2	0.0143	0.0224	0.0578	0.0269	20	0	0	
PILOT-2020002555__F__gpt5.4__rep0.json	PILOT-2020002555	F	0	0.008	0.012	0.021	0.015	20	0	0	
PILOT-2020002555__F__gpt5.4__rep1.json	PILOT-2020002555	F	1	0.0128	0.0172	0.0506	0.0239	20	0	0	
PILOT-2020002555__F__gpt5.4__rep2.json	PILOT-2020002555	F	2	0.0191	0.0267	0.0638	0.0362	20	0	0	
PILOT-2020002555__F__haiku4.5__rep0.json	PILOT-2020002555	F	0	0.0914	0.1987	0.1382	0.1577	20	0	0	
PILOT-2020002555__F__haiku4.5__rep1.json	PILOT-2020002555	F	1	0.0329	0.0579	0.0674	0.0591	20	0	0	
PILOT-2020002555__F__haiku4.5__rep2.json	PILOT-2020002555	F	2	0.0716	0.1338	0.1412	0.1246	20	0	0	
PILOT-2020002555__F__sonnet4__rep0.json	PILOT-2020002555	F	0	0.008	0.012	0.0203	0.0149	20	0	0	
PILOT-2020002555__F__sonnet4__rep1.json	PILOT-2020002555	F	1	0.008	0.012	0.0203	0.0149	20	0	0	
PILOT-2020002555__F__sonnet4__rep2.json	PILOT-2020002555	F	2	0.008	0.012	0.0203	0.0149	20	0	0	
PILOT-2020002555__G__gpt4o-mini__rep0.json	PILOT-2020002555	G	0	0.0172	0.0303	0.0778	0.0326	8	12	0	
PILOT-2020002555__G__gpt4o-mini__rep1.json	PILOT-2020002555	G	1	0.0324	0.0499	0.1684	0.0618	3	17	0	
PILOT-2020002555__G__gpt4o-mini__rep2.json	PILOT-2020002555	G	2	0.0224	0.0326	0.0826	0.0419	20	0	0	
PILOT-2020002555__G__gpt5.4__rep0.json	PILOT-2020002555	G	0	0.0111	0.0162	0.0306	0.0209	20	0	0	
PILOT-2020002555__G__gpt5.4__rep1.json	PILOT-2020002555	G	1	0.008	0.012	0.021	0.015	20	0	0	
PILOT-2020002555__G__gpt5.4__rep2.json	PILOT-2020002555	G	2	0.0137	0.02	0.0377	0.0258	20	0	0	
PILOT-2020002555__G__haiku4.5__rep0.json	PILOT-2020002555	G	0	0.0347	0.0688	0.0685	0.0651	20	0	0	
PILOT-2020002555__G__haiku4.5__rep1.json	PILOT-2020002555	G	1	0.0368	0.0567	0.0961	0.065	20	0	0	
PILOT-2020002555__G__haiku4.5__rep2.json	PILOT-2020002555	G	2	0.0477	0.098	0.0989	0.0861	19	1	0	
PILOT-2020002555__G__sonnet4__rep0.json	PILOT-2020002555	G	0	0.0081	0.012	0.0229	0.0152	20	0	0	
PILOT-2020002555__G__sonnet4__rep1.json	PILOT-2020002555	G	1	0.0435	0.0751	0.0812	0.0712	20	0	0	
PILOT-2020002555__G__sonnet4__rep2.json	PILOT-2020002555	G	2	0.0435	0.0751	0.0812	0.0712	20	0	0	
PILOT-2020002688__F__gpt4o-mini__rep0.json	PILOT-2020002688	F	0	0.0607	0.0748	0.1722	0.1008	6	2	0	
PILOT-2020002688__F__gpt4o-mini__rep1.json	PILOT-2020002688	F	1	0.0109	0.0132	0.0417	0.02	8	0	0	
PILOT-2020002688__F__gpt4o-mini__rep2.json	PILOT-2020002688	F	2	0.023	0.0282	0.0625	0.0389	8	0	0	
PILOT-2020002688__F__gpt5.4__rep0.json	PILOT-2020002688	F	0	0.0012	0.0014	0.0069	0.0024	8	0	0	
PILOT-2020002688__F__gpt5.4__rep1.json	PILOT-2020002688	F	1	0.005	0.0056	0.0391	0.0098	8	0	0	
PILOT-2020002688__F__gpt5.4__rep2.json	PILOT-2020002688	F	2	0.0012	0.0014	0.0083	0.0024	8	0	0	
PILOT-2020002688__F__haiku4.5__rep0.json	PILOT-2020002688	F	0	0.0062	0.0083	0.0248	0.0121	8	0	0	
PILOT-2020002688__F__haiku4.5__rep1.json	PILOT-2020002688	F	1	0.0083	0.0111	0.0299	0.0162	8	0	0	
PILOT-2020002688__F__haiku4.5__rep2.json	PILOT-2020002688	F	2	0.0214	0.028	0.0878	0.0411	8	0	0	
PILOT-2020002688__F__sonnet4__rep0.json	PILOT-2020002688	F	0	0.0013	0.0014	0.0096	0.0025	8	0	0	
PILOT-2020002688__F__sonnet4__rep1.json	PILOT-2020002688	F	1	0.0013	0.0014	0.0096	0.0025	8	0	0	
PILOT-2020002688__F__sonnet4__rep2.json	PILOT-2020002688	F	2	0.0197	0.0353	0.0462	0.0368	8	0	0	
PILOT-2020002688__G__gpt4o-mini__rep0.json	PILOT-2020002688	G	0	0.0673	0.0915	0.1235	0.0969	8	0	0	
PILOT-2020002688__G__gpt4o-mini__rep1.json	PILOT-2020002688	G	1	0.0326	0.046	0.132	0.0614	8	0	0	
PILOT-2020002688__G__gpt4o-mini__rep2.json	PILOT-2020002688	G	2	0.0071	0.0114	0.0186	0.0136	8	0	0	
PILOT-2020002688__G__gpt5.4__rep0.json	PILOT-2020002688	G	0	0.0012	0.0014	0.0078	0.0024	8	0	0	
PILOT-2020002688__G__gpt5.4__rep1.json	PILOT-2020002688	G	1	0.0012	0.0014	0.0069	0.0024	8	0	0	
PILOT-2020002688__G__gpt5.4__rep2.json	PILOT-2020002688	G	2	0.0012	0.0014	0.0069	0.0024	8	0	0	
PILOT-2020002688__G__haiku4.5__rep0.json	PILOT-2020002688	G	0	0.0	0.0	0.0	0.0	8	0	0	
PILOT-2020002688__G__haiku4.5__rep1.json	PILOT-2020002688	G	1	0.0	0.0	0.0	0.0	8	0	0	
PILOT-2020002688__G__haiku4.5__rep2.json	PILOT-2020002688	G	2	0.0087	0.0111	0.0393	0.017	8	0	0	
PILOT-2020002688__G__sonnet4__rep0.json	PILOT-2020002688	G	0	0.0013	0.0014	0.0096	0.0025	8	0	0	
PILOT-2020002688__G__sonnet4__rep1.json	PILOT-2020002688	G	1	0.009	0.0164	0.0207	0.017	8	0	0	
PILOT-2020002688__G__sonnet4__rep2.json	PILOT-2020002688	G	2	0.009	0.0164	0.0199	0.017	8	0	0	
PILOT-2020002729__F__gpt4o-mini__rep0.json	PILOT-2020002729	F	0	0.0556	0.0675	0.2445	0.098	10	1	0	
PILOT-2020002729__F__gpt4o-mini__rep1.json	PILOT-2020002729	F	1	0.0552	0.0675	0.2119	0.1	10	1	0	
PILOT-2020002729__F__gpt4o-mini__rep2.json	PILOT-2020002729	F	2	0.0063	0.008	0.0439	0.0123	10	1	0	
PILOT-2020002729__F__gpt5.4__rep0.json	PILOT-2020002729	F	0	0.0	0.0	0.0	0.0	11	0	0	
PILOT-2020002729__F__gpt5.4__rep1.json	PILOT-2020002729	F	1	0.0	0.0	0.0	0.0	11	0	0	
PILOT-2020002729__F__gpt5.4__rep2.json	PILOT-2020002729	F	2	0.0	0.0	0.0	0.0	11	0	0	
PILOT-2020002729__F__haiku4.5__rep0.json	PILOT-2020002729	F	0	0.0488	0.0712	0.1206	0.0871	11	0	0	
PILOT-2020002729__F__haiku4.5__rep1.json	PILOT-2020002729	F	1	0.0062	0.008	0.0257	0.0122	11	0	0	
PILOT-2020002729__F__haiku4.5__rep2.json	PILOT-2020002729	F	2	0.0371	0.0607	0.0828	0.0677	11	0	0	
PILOT-2020002729__F__sonnet4__rep0.json	PILOT-2020002729	F	0	0.0	0.0	0.0	0.0	11	0	0	
PILOT-2020002729__F__sonnet4__rep1.json	PILOT-2020002729	F	1	0.0	0.0	0.0	0.0	11	0	0	
PILOT-2020002729__F__sonnet4__rep2.json	PILOT-2020002729	F	2	0.0	0.0	0.0	0.0	11	0	0	
PILOT-2020002729__G__gpt4o-mini__rep0.json	PILOT-2020002729	G	0	0.0204	0.0284	0.0673	0.0394	7	4	0	
PILOT-2020002729__G__gpt4o-mini__rep1.json	PILOT-2020002729	G	1	0.0424	0.0492	0.1875	0.076	10	1	0	
PILOT-2020002729__G__gpt4o-mini__rep2.json	PILOT-2020002729	G	2	0.0	0.0	0.0	0.0	10	1	0	
PILOT-2020002729__G__gpt5.4__rep0.json	PILOT-2020002729	G	0	0.0	0.0	0.0	0.0	11	0	0	
PILOT-2020002729__G__gpt5.4__rep1.json	PILOT-2020002729	G	1	0.0	0.0	0.0	0.0	11	0	0	
PILOT-2020002729__G__gpt5.4__rep2.json	PILOT-2020002729	G	2	0.0	0.0	0.0	0.0	11	0	0	
PILOT-2020002729__G__haiku4.5__rep0.json	PILOT-2020002729	G	0	0.0491	0.0707	0.1463	0.0899	11	0	0	
PILOT-2020002729__G__haiku4.5__rep1.json	PILOT-2020002729	G	1	0.025	0.0319	0.0934	0.0458	11	0	0	
PILOT-2020002729__G__haiku4.5__rep2.json	PILOT-2020002729	G	2	0.0565	0.0824	0.1554	0.1028	11	0	0	
PILOT-2020002729__G__sonnet4__rep0.json	PILOT-2020002729	G	0	0.0124	0.0141	0.0682	0.0232	11	0	0	
PILOT-2020002729__G__sonnet4__rep1.json	PILOT-2020002729	G	1	0.0065	0.008	0.0299	0.0126	11	0	0	
PILOT-2020002729__G__sonnet4__rep2.json	PILOT-2020002729	G	2	0.0067	0.008	0.034	0.013	11	0	0	
PILOT-2020003998__F__gpt4o-mini__rep0.json	PILOT-2020003998	F	0	None							no_baseline
PILOT-2020003998__F__gpt4o-mini__rep1.json	PILOT-2020003998	F	1	None							no_baseline
PILOT-2020003998__F__gpt4o-mini__rep2.json	PILOT-2020003998	F	2	None							no_baseline
PILOT-2020003998__F__gpt5.4__rep0.json	PILOT-2020003998	F	0	None							no_baseline
PILOT-2020003998__F__gpt5.4__rep1.json	PILOT-2020003998	F	1	None							no_baseline
PILOT-2020003998__F__gpt5.4__rep2.json	PILOT-2020003998	F	2	None							no_baseline
PILOT-2020003998__F__haiku4.5__rep0.json	PILOT-2020003998	F	0	None							no_baseline
PILOT-2020003998__F__haiku4.5__rep1.json	PILOT-2020003998	F	1	None							no_baseline
PILOT-2020003998__F__haiku4.5__rep2.json	PILOT-2020003998	F	2	None							no_baseline
PILOT-2020003998__F__sonnet4__rep0.json	PILOT-2020003998	F	0	None							no_baseline
PILOT-2020003998__F__sonnet4__rep1.json	PILOT-2020003998	F	1	None							no_baseline
PILOT-2020003998__F__sonnet4__rep2.json	PILOT-2020003998	F	2	None							no_baseline
PILOT-2020003998__G__gpt4o-mini__rep0.json	PILOT-2020003998	G	0	None							no_baseline
PILOT-2020003998__G__gpt4o-mini__rep1.json	PILOT-2020003998	G	1	None							no_baseline
PILOT-2020003998__G__gpt4o-mini__rep2.json	PILOT-2020003998	G	2	None							no_baseline
PILOT-2020003998__G__gpt5.4__rep0.json	PILOT-2020003998	G	0	None							no_baseline
PILOT-2020003998__G__gpt5.4__rep1.json	PILOT-2020003998	G	1	None							no_baseline
PILOT-2020003998__G__gpt5.4__rep2.json	PILOT-2020003998	G	2	None							no_baseline
PILOT-2020003998__G__haiku4.5__rep0.json	PILOT-2020003998	G	0	None							no_baseline
PILOT-2020003998__G__haiku4.5__rep1.json	PILOT-2020003998	G	1	None							no_baseline
PILOT-2020003998__G__haiku4.5__rep2.json	PILOT-2020003998	G	2	None							no_baseline
PILOT-2020003998__G__sonnet4__rep0.json	PILOT-2020003998	G	0	None							no_baseline
PILOT-2020003998__G__sonnet4__rep1.json	PILOT-2020003998	G	1	None							no_baseline
PILOT-2020003998__G__sonnet4__rep2.json	PILOT-2020003998	G	2	None							no_baseline
PILOT-2020004768__F__gpt4o-mini__rep0.json	PILOT-2020004768	F	0	0.0426	0.1053	0.0667	0.0816	1	11	0	
PILOT-2020004768__F__gpt4o-mini__rep1.json	PILOT-2020004768	F	1	0.0606	0.1053	0.125	0.1143	1	11	0	
PILOT-2020004768__F__gpt4o-mini__rep2.json	PILOT-2020004768	F	2	0.0606	0.1053	0.125	0.1143	1	11	0	
PILOT-2020004768__F__gpt5.4__rep0.json	PILOT-2020004768	F	0	0.0197	0.1219	0.0208	0.0351	12	0	0	
PILOT-2020004768__F__gpt5.4__rep1.json	PILOT-2020004768	F	1	0.0197	0.1219	0.0208	0.0351	12	0	0	
PILOT-2020004768__F__gpt5.4__rep2.json	PILOT-2020004768	F	2	0.0206	0.1263	0.0218	0.0366	12	0	0	
PILOT-2020004768__F__haiku4.5__rep0.json	PILOT-2020004768	F	0	0.0281	0.1144	0.0314	0.0485	12	0	0	
PILOT-2020004768__F__haiku4.5__rep1.json	PILOT-2020004768	F	1	0.0281	0.1144	0.0314	0.0485	12	0	0	
PILOT-2020004768__F__haiku4.5__rep2.json	PILOT-2020004768	F	2	0.0135	0.0526	0.0172	0.026	3	9	0	
PILOT-2020004768__F__sonnet4__rep0.json	PILOT-2020004768	F	0	0.0187	0.1219	0.0203	0.0338	12	0	0	
PILOT-2020004768__F__sonnet4__rep1.json	PILOT-2020004768	F	1	0.0205	0.1219	0.0221	0.0364	12	0	0	
PILOT-2020004768__F__sonnet4__rep2.json	PILOT-2020004768	F	2	0.0179	0.0802	0.0209	0.0314	12	0	0	
PILOT-2020004768__G__gpt4o-mini__rep0.json	PILOT-2020004768	G	0	0.0938	0.1579	0.1875	0.1714	1	11	0	
PILOT-2020004768__G__gpt4o-mini__rep1.json	PILOT-2020004768	G	1	0.0606	0.1053	0.125	0.1143	1	11	0	
PILOT-2020004768__G__gpt4o-mini__rep2.json	PILOT-2020004768	G	2	0.0667	0.1053	0.1538	0.125	1	11	0	
PILOT-2020004768__G__gpt5.4__rep0.json	PILOT-2020004768	G	0	0.0196	0.1219	0.0206	0.0348	12	0	0	
PILOT-2020004768__G__gpt5.4__rep1.json	PILOT-2020004768	G	1	0.0204	0.1219	0.0215	0.036	12	0	0	
PILOT-2020004768__G__gpt5.4__rep2.json	PILOT-2020004768	G	2	0.0196	0.1219	0.0206	0.0348	12	0	0	
PILOT-2020004768__G__haiku4.5__rep0.json	PILOT-2020004768	G	0	0.0065	0.0158	0.01	0.0122	10	2	0	
PILOT-2020004768__G__haiku4.5__rep1.json	PILOT-2020004768	G	1	0.0124	0.0548	0.0166	0.023	12	0	0	
PILOT-2020004768__G__haiku4.5__rep2.json	PILOT-2020004768	G	2	0.1094	0.4574	0.1286	0.1888	3	9	0	
PILOT-2020004768__G__sonnet4__rep0.json	PILOT-2020004768	G	0	0.02	0.1219	0.0217	0.0359	12	0	0	
PILOT-2020004768__G__sonnet4__rep1.json	PILOT-2020004768	G	1	0.02	0.1219	0.0217	0.0359	12	0	0	
PILOT-2020004768__G__sonnet4__rep2.json	PILOT-2020004768	G	2	0.0269	0.1219	0.0291	0.0459	12	0	0	
PILOT-2020006264__F__gpt4o-mini__rep0.json	PILOT-2020006264	F	0	0.0851	0.1093	0.2782	0.1563	2	18	0	
PILOT-2020006264__F__gpt4o-mini__rep1.json	PILOT-2020006264	F	1	0.0851	0.1093	0.2782	0.1563	2	18	0	
PILOT-2020006264__F__gpt4o-mini__rep2.json	PILOT-2020006264	F	2	0.011	0.0117	0.1556	0.0217	2	18	0	
PILOT-2020006264__F__gpt5.4__rep0.json	PILOT-2020006264	F	0	0.0043	0.0058	0.0142	0.0082	20	0	0	
PILOT-2020006264__F__gpt5.4__rep1.json	PILOT-2020006264	F	1	0.0105	0.0142	0.0329	0.0195	20	0	0	
PILOT-2020006264__F__gpt5.4__rep2.json	PILOT-2020006264	F	2	0.0069	0.0095	0.021	0.013	19	1	0	
PILOT-2020006264__F__haiku4.5__rep0.json	PILOT-2020006264	F	0	0.0017	0.0023	0.0058	0.0033	20	0	0	
PILOT-2020006264__F__haiku4.5__rep1.json	PILOT-2020006264	F	1	0.0014	0.0023	0.0038	0.0028	20	0	0	
PILOT-2020006264__F__haiku4.5__rep2.json	PILOT-2020006264	F	2	0.0019	0.0023	0.0106	0.0038	20	0	0	
PILOT-2020006264__F__sonnet4__rep0.json	PILOT-2020006264	F	0	None	None	None	None	0	20	0	no_aligned_claims
PILOT-2020006264__F__sonnet4__rep1.json	PILOT-2020006264	F	1	None	None	None	None	0	20	0	no_aligned_claims
PILOT-2020006264__F__sonnet4__rep2.json	PILOT-2020006264	F	2	None	None	None	None	0	20	0	no_aligned_claims
PILOT-2020006264__G__gpt4o-mini__rep0.json	PILOT-2020006264	G	0	0.0183	0.0323	0.0506	0.0323	20	0	0	
PILOT-2020006264__G__gpt4o-mini__rep1.json	PILOT-2020006264	G	1	0.011	0.0117	0.1556	0.0217	2	18	0	
PILOT-2020006264__G__gpt4o-mini__rep2.json	PILOT-2020006264	G	2	0.0219	0.0233	0.2666	0.0429	2	18	0	
PILOT-2020006264__G__gpt5.4__rep0.json	PILOT-2020006264	G	0	0.0094	0.013	0.0283	0.0174	20	0	0	
PILOT-2020006264__G__gpt5.4__rep1.json	PILOT-2020006264	G	1	0.0008	0.0012	0.0028	0.0016	20	0	0	
PILOT-2020006264__G__gpt5.4__rep2.json	PILOT-2020006264	G	2	0.0042	0.0056	0.0158	0.0079	20	0	0	
PILOT-2020006264__G__haiku4.5__rep0.json	PILOT-2020006264	G	0	0.0076	0.0109	0.0205	0.0142	20	0	0	
PILOT-2020006264__G__haiku4.5__rep1.json	PILOT-2020006264	G	1	0.0072	0.0109	0.0175	0.0133	20	0	0	
PILOT-2020006264__G__haiku4.5__rep2.json	PILOT-2020006264	G	2	0.0073	0.0109	0.0181	0.0135	20	0	0	
PILOT-2020006264__G__sonnet4__rep0.json	PILOT-2020006264	G	0	0.0027	0.0032	0.0163	0.0053	20	0	0	
PILOT-2020006264__G__sonnet4__rep1.json	PILOT-2020006264	G	1	0.0027	0.0032	0.0163	0.0053	20	0	0	
PILOT-2020006264__G__sonnet4__rep2.json	PILOT-2020006264	G	2	0.0035	0.0041	0.0187	0.0067	20	0	0	
PILOT-2020006435__F__gpt4o-mini__rep0.json	PILOT-2020006435	F	0	0.003	0.0151	0.0035	0.0057	22	0	0	
PILOT-2020006435__F__gpt4o-mini__rep1.json	PILOT-2020006435	F	1	0.0083	0.0417	0.0096	0.0156	8	14	0	
PILOT-2020006435__F__gpt4o-mini__rep2.json	PILOT-2020006435	F	2	0.003	0.0151	0.0035	0.0057	22	0	0	
PILOT-2020006435__F__gpt5.4__rep0.json	PILOT-2020006435	F	0	0.003	0.0151	0.0035	0.0057	22	0	0	
PILOT-2020006435__F__gpt5.4__rep1.json	PILOT-2020006435	F	1	0.003	0.0151	0.0035	0.0057	22	0	0	
PILOT-2020006435__F__gpt5.4__rep2.json	PILOT-2020006435	F	2	0.0027	0.0151	0.003	0.005	22	0	0	
PILOT-2020006435__F__haiku4.5__rep0.json	PILOT-2020006435	F	0	0.003	0.0151	0.0035	0.0057	22	0	0	
PILOT-2020006435__F__haiku4.5__rep1.json	PILOT-2020006435	F	1	0.002	0.0151	0.0022	0.0038	22	0	0	
PILOT-2020006435__F__haiku4.5__rep2.json	PILOT-2020006435	F	2	0.003	0.0151	0.0035	0.0057	22	0	0	
PILOT-2020006435__F__sonnet4__rep0.json	PILOT-2020006435	F	0	0.003	0.0151	0.0035	0.0057	22	0	0	
PILOT-2020006435__F__sonnet4__rep1.json	PILOT-2020006435	F	1	0.003	0.0151	0.0035	0.0057	22	0	0	
PILOT-2020006435__F__sonnet4__rep2.json	PILOT-2020006435	F	2	0.003	0.0151	0.0035	0.0057	22	0	0	
PILOT-2020006435__G__gpt4o-mini__rep0.json	PILOT-2020006435	G	0	0.003	0.0151	0.0035	0.0057	22	0	0	
PILOT-2020006435__G__gpt4o-mini__rep1.json	PILOT-2020006435	G	1	0.0111	0.0555	0.0128	0.0208	6	16	0	
PILOT-2020006435__G__gpt4o-mini__rep2.json	PILOT-2020006435	G	2	0.0	0.0	0.0	0.0	2	20	0	
PILOT-2020006435__G__gpt5.4__rep0.json	PILOT-2020006435	G	0	0.003	0.0151	0.0035	0.0057	22	0	0	
PILOT-2020006435__G__gpt5.4__rep1.json	PILOT-2020006435	G	1	0.003	0.0151	0.0035	0.0057	22	0	0	
PILOT-2020006435__G__gpt5.4__rep2.json	PILOT-2020006435	G	2	0.003	0.0151	0.0035	0.0057	22	0	0	
PILOT-2020006435__G__haiku4.5__rep0.json	PILOT-2020006435	G	0	0.0016	0.0151	0.0017	0.003	22	0	0	
PILOT-2020006435__G__haiku4.5__rep1.json	PILOT-2020006435	G	1	0.0016	0.0151	0.0017	0.003	22	0	0	
PILOT-2020006435__G__haiku4.5__rep2.json	PILOT-2020006435	G	2	0.003	0.0151	0.0035	0.0057	22	0	0	
PILOT-2020006435__G__sonnet4__rep0.json	PILOT-2020006435	G	0	0.003	0.0151	0.0035	0.0057	22	0	0	
PILOT-2020006435__G__sonnet4__rep1.json	PILOT-2020006435	G	1	0.003	0.0151	0.0035	0.0057	22	0	0	
PILOT-2020006435__G__sonnet4__rep2.json	PILOT-2020006435	G	2	0.003	0.0151	0.0035	0.0057	22	0	0	
PILOT-2021000834__F__gpt4o-mini__rep0.json	PILOT-2021000834	F	0	0.0	0.0	0.0	0.0	6	1	0	
PILOT-2021000834__F__gpt4o-mini__rep1.json	PILOT-2021000834	F	1	0.0	0.0	0.0	0.0	5	2	0	
PILOT-2021000834__F__gpt4o-mini__rep2.json	PILOT-2021000834	F	2	0.0516	0.1172	0.1267	0.0941	5	2	0	
PILOT-2021000834__F__gpt5.4__rep0.json	PILOT-2021000834	F	0	0.1124	0.1817	0.2418	0.1927	7	0	0	
PILOT-2021000834__F__gpt5.4__rep1.json	PILOT-2021000834	F	1	0.1013	0.1666	0.21	0.1744	7	0	0	
PILOT-2021000834__F__gpt5.4__rep2.json	PILOT-2021000834	F	2	0.0688	0.0944	0.1785	0.1199	7	0	0	
PILOT-2021000834__F__haiku4.5__rep0.json	PILOT-2021000834	F	0	0.0509	0.0639	0.1563	0.0905	7	0	0	
PILOT-2021000834__F__haiku4.5__rep1.json	PILOT-2021000834	F	1	0.1031	0.1516	0.244	0.1767	7	0	0	
PILOT-2021000834__F__haiku4.5__rep2.json	PILOT-2021000834	F	2	0.1031	0.1516	0.244	0.1767	7	0	0	
PILOT-2021000834__F__sonnet4__rep0.json	PILOT-2021000834	F	0	0.113	0.1666	0.2591	0.1938	7	0	0	
PILOT-2021000834__F__sonnet4__rep1.json	PILOT-2021000834	F	1	0.113	0.1666	0.2591	0.1938	7	0	0	
PILOT-2021000834__F__sonnet4__rep2.json	PILOT-2021000834	F	2	0.1167	0.1905	0.2488	0.2005	7	0	0	
PILOT-2021000834__G__gpt4o-mini__rep0.json	PILOT-2021000834	G	0	0.0	0.0	0.0	0.0	6	1	0	
PILOT-2021000834__G__gpt4o-mini__rep1.json	PILOT-2021000834	G	1	0.024	0.0293	0.1	0.0453	5	2	0	
PILOT-2021000834__G__gpt4o-mini__rep2.json	PILOT-2021000834	G	2	0.0	0.0	0.0	0.0	6	1	0	
PILOT-2021000834__G__gpt5.4__rep0.json	PILOT-2021000834	G	0	0.059	0.0904	0.1609	0.1059	7	0	0	
PILOT-2021000834__G__gpt5.4__rep1.json	PILOT-2021000834	G	1	0.1043	0.1666	0.2299	0.1788	7	0	0	
PILOT-2021000834__G__gpt5.4__rep2.json	PILOT-2021000834	G	2	0.1011	0.1516	0.2281	0.173	7	0	0	
PILOT-2021000834__G__haiku4.5__rep0.json	PILOT-2021000834	G	0	0.0895	0.1591	0.1739	0.1574	7	0	0	
PILOT-2021000834__G__haiku4.5__rep1.json	PILOT-2021000834	G	1	0.0668	0.0829	0.2135	0.1191	7	0	0	
PILOT-2021000834__G__haiku4.5__rep2.json	PILOT-2021000834	G	2	0.0509	0.0639	0.1563	0.0905	7	0	0	
PILOT-2021000834__G__sonnet4__rep0.json	PILOT-2021000834	G	0	0.1429	0.2142	0.3075	0.241	7	0	0	
PILOT-2021000834__G__sonnet4__rep1.json	PILOT-2021000834	G	1	0.1046	0.1666	0.2304	0.1793	7	0	0	
PILOT-2021000834__G__sonnet4__rep2.json	PILOT-2021000834	G	2	0.1048	0.1666	0.2309	0.1798	7	0	0	
PILOT-2021001124__F__gpt4o-mini__rep0.json	PILOT-2021001124	F	0	0.0045	0.0049	0.0357	0.0086	8	3	0	
PILOT-2021001124__F__gpt4o-mini__rep1.json	PILOT-2021001124	F	1	None	None	None	None	0	11	0	no_aligned_claims
PILOT-2021001124__F__gpt4o-mini__rep2.json	PILOT-2021001124	F	2	None	None	None	None	0	11	0	no_aligned_claims
PILOT-2021001124__F__gpt5.4__rep0.json	PILOT-2021001124	F	0	0.0015	0.0019	0.0083	0.003	11	0	0	
PILOT-2021001124__F__gpt5.4__rep1.json	PILOT-2021001124	F	1	0.0041	0.005	0.0201	0.008	8	3	0	
PILOT-2021001124__F__gpt5.4__rep2.json	PILOT-2021001124	F	2	0.0036	0.0036	0.0909	0.0069	11	0	0	
PILOT-2021001124__F__haiku4.5__rep0.json	PILOT-2021001124	F	0	0.0	0.0	0.0	0.0	11	0	0	
PILOT-2021001124__F__haiku4.5__rep1.json	PILOT-2021001124	F	1	0.0	0.0	0.0	0.0	11	0	0	
PILOT-2021001124__F__haiku4.5__rep2.json	PILOT-2021001124	F	2	0.0	0.0	0.0	0.0	11	0	0	
PILOT-2021001124__F__sonnet4__rep0.json	PILOT-2021001124	F	0	0.0048	0.0061	0.0182	0.0091	11	0	0	
PILOT-2021001124__F__sonnet4__rep1.json	PILOT-2021001124	F	1	0.0136	0.0187	0.0525	0.0263	11	0	0	
PILOT-2021001124__F__sonnet4__rep2.json	PILOT-2021001124	F	2	0.0048	0.0061	0.0182	0.0091	11	0	0	
PILOT-2021001124__G__gpt4o-mini__rep0.json	PILOT-2021001124	G	0	0.0172	0.0235	0.0804	0.0329	9	2	0	
PILOT-2021001124__G__gpt4o-mini__rep1.json	PILOT-2021001124	G	1	0.0102	0.0129	0.0667	0.0198	6	5	0	
PILOT-2021001124__G__gpt4o-mini__rep2.json	PILOT-2021001124	G	2	0.0197	0.0218	0.1347	0.0371	7	4	0	
PILOT-2021001124__G__gpt5.4__rep0.json	PILOT-2021001124	G	0	0.1669	0.1669	0.2727	0.2071	11	0	0	
PILOT-2021001124__G__gpt5.4__rep1.json	PILOT-2021001124	G	1	0.0	0.0	0.0	0.0	11	0	0	
PILOT-2021001124__G__gpt5.4__rep2.json	PILOT-2021001124	G	2	0.1712	0.2727	0.1712	0.2101	11	0	0	
PILOT-2021001124__G__haiku4.5__rep0.json	PILOT-2021001124	G	0	0.0213	0.0264	0.0779	0.0395	11	0	0	
PILOT-2021001124__G__haiku4.5__rep1.json	PILOT-2021001124	G	1	0.0052	0.0071	0.0158	0.0098	11	0	0	
PILOT-2021001124__G__haiku4.5__rep2.json	PILOT-2021001124	G	2	0.0	0.0	0.0	0.0	11	0	0	
PILOT-2021001124__G__sonnet4__rep0.json	PILOT-2021001124	G	0	0.0133	0.0205	0.0378	0.0258	11	0	0	
PILOT-2021001124__G__sonnet4__rep1.json	PILOT-2021001124	G	1	0.0135	0.0187	0.05	0.0262	11	0	0	
PILOT-2021001124__G__sonnet4__rep2.json	PILOT-2021001124	G	2	0.0073	0.0091	0.034	0.0142	11	0	0	
PILOT-2021002328__F__gpt4o-mini__rep0.json	PILOT-2021002328	F	0	0.0101	0.015	0.0278	0.0194	7	7	0	
PILOT-2021002328__F__gpt4o-mini__rep1.json	PILOT-2021002328	F	1	0.0145	0.0258	0.0427	0.0276	10	4	0	
PILOT-2021002328__F__gpt4o-mini__rep2.json	PILOT-2021002328	F	2	0.0113	0.0158	0.0347	0.0216	8	6	0	
PILOT-2021002328__F__gpt5.4__rep0.json	PILOT-2021002328	F	0	0.0022	0.003	0.0079	0.0043	14	0	0	
PILOT-2021002328__F__gpt5.4__rep1.json	PILOT-2021002328	F	1	0.0047	0.006	0.0184	0.0091	14	0	0	
PILOT-2021002328__F__gpt5.4__rep2.json	PILOT-2021002328	F	2	0.0096	0.0162	0.0205	0.018	14	0	0	
PILOT-2021002328__F__haiku4.5__rep0.json	PILOT-2021002328	F	0	None	None	None	None	0	14	0	no_aligned_claims
PILOT-2021002328__F__haiku4.5__rep1.json	PILOT-2021002328	F	1	None	None	None	None	0	14	0	no_aligned_claims
PILOT-2021002328__F__haiku4.5__rep2.json	PILOT-2021002328	F	2	None	None	None	None	0	14	0	no_aligned_claims
PILOT-2021002328__F__sonnet4__rep0.json	PILOT-2021002328	F	0	0.0082	0.0135	0.0184	0.0155	14	0	0	
PILOT-2021002328__F__sonnet4__rep1.json	PILOT-2021002328	F	1	0.0094	0.0166	0.0189	0.0177	14	0	0	
PILOT-2021002328__F__sonnet4__rep2.json	PILOT-2021002328	F	2	0.0	0.0	0.0	0.0	13	1	0	
PILOT-2021002328__G__gpt4o-mini__rep0.json	PILOT-2021002328	G	0	None	None	None	None	0	14	0	no_aligned_claims
PILOT-2021002328__G__gpt4o-mini__rep1.json	PILOT-2021002328	G	1	None	None	None	None	0	14	0	no_aligned_claims
PILOT-2021002328__G__gpt4o-mini__rep2.json	PILOT-2021002328	G	2	None	None	None	None	0	14	0	no_aligned_claims
PILOT-2021002328__G__gpt5.4__rep0.json	PILOT-2021002328	G	0	0.0286	0.0707	0.0445	0.0474	13	1	0	
PILOT-2021002328__G__gpt5.4__rep1.json	PILOT-2021002328	G	1	0.0399	0.0546	0.0778	0.0637	14	0	0	
PILOT-2021002328__G__gpt5.4__rep2.json	PILOT-2021002328	G	2	0.0046	0.006	0.0169	0.0089	14	0	0	
PILOT-2021002328__G__haiku4.5__rep0.json	PILOT-2021002328	G	0	0.0156	0.0208	0.0588	0.0308	1	13	0	
PILOT-2021002328__G__haiku4.5__rep1.json	PILOT-2021002328	G	1	0.0156	0.0208	0.0588	0.0308	1	13	0	
PILOT-2021002328__G__haiku4.5__rep2.json	PILOT-2021002328	G	2	0.198	0.6458	0.2015	0.2867	2	12	0	
PILOT-2021002328__G__sonnet4__rep0.json	PILOT-2021002328	G	0	0.0022	0.003	0.0079	0.0043	14	0	0	
PILOT-2021002328__G__sonnet4__rep1.json	PILOT-2021002328	G	1	0.0022	0.003	0.0079	0.0043	14	0	0	
PILOT-2021002328__G__sonnet4__rep2.json	PILOT-2021002328	G	2	0.0084	0.0144	0.0177	0.0159	13	1	0	
PILOT-2021003980__F__gpt4o-mini__rep0.json	PILOT-2021003980	F	0	0.037	0.045	0.1264	0.0663	4	12	0	
PILOT-2021003980__F__gpt4o-mini__rep1.json	PILOT-2021003980	F	1	0.0643	0.0822	0.255	0.1196	3	13	0	
PILOT-2021003980__F__gpt4o-mini__rep2.json	PILOT-2021003980	F	2	0.0352	0.0496	0.0883	0.0584	9	7	0	
PILOT-2021003980__F__gpt5.4__rep0.json	PILOT-2021003980	F	0	0.0	0.0	0.0	0.0	16	0	0	
PILOT-2021003980__F__gpt5.4__rep1.json	PILOT-2021003980	F	1	0.0	0.0	0.0	0.0	16	0	0	
PILOT-2021003980__F__gpt5.4__rep2.json	PILOT-2021003980	F	2	0.0013	0.0019	0.0043	0.0026	16	0	0	
PILOT-2021003980__F__haiku4.5__rep0.json	PILOT-2021003980	F	0	0.0085	0.0123	0.0283	0.0163	16	0	0	
PILOT-2021003980__F__haiku4.5__rep1.json	PILOT-2021003980	F	1	0.0046	0.0058	0.0188	0.0088	16	0	0	
PILOT-2021003980__F__haiku4.5__rep2.json	PILOT-2021003980	F	2	0.0014	0.0019	0.0045	0.0026	16	0	0	
PILOT-2021003980__F__sonnet4__rep0.json	PILOT-2021003980	F	0	None	None	None	None	0	16	0	no_aligned_claims
PILOT-2021003980__F__sonnet4__rep1.json	PILOT-2021003980	F	1	None	None	None	None	0	16	0	no_aligned_claims
PILOT-2021003980__F__sonnet4__rep2.json	PILOT-2021003980	F	2	None	None	None	None	0	16	0	no_aligned_claims
PILOT-2021003980__G__gpt4o-mini__rep0.json	PILOT-2021003980	G	0	0.0075	0.0102	0.0284	0.0146	7	9	0	
PILOT-2021003980__G__gpt4o-mini__rep1.json	PILOT-2021003980	G	1	0.019	0.0238	0.0769	0.0362	5	11	0	
PILOT-2021003980__G__gpt4o-mini__rep2.json	PILOT-2021003980	G	2	0.0	0.0	0.0	0.0	6	10	0	
PILOT-2021003980__G__gpt5.4__rep0.json	PILOT-2021003980	G	0	0.0	0.0	0.0	0.0	16	0	0	
PILOT-2021003980__G__gpt5.4__rep1.json	PILOT-2021003980	G	1	0.0	0.0	0.0	0.0	15	1	0	
PILOT-2021003980__G__gpt5.4__rep2.json	PILOT-2021003980	G	2	0.0	0.0	0.0	0.0	15	1	0	
PILOT-2021003980__G__haiku4.5__rep0.json	PILOT-2021003980	G	0	0.0083	0.0123	0.0278	0.0161	16	0	0	
PILOT-2021003980__G__haiku4.5__rep1.json	PILOT-2021003980	G	1	0.006	0.0084	0.0202	0.0116	16	0	0	
PILOT-2021003980__G__haiku4.5__rep2.json	PILOT-2021003980	G	2	0.0075	0.0123	0.0187	0.0146	16	0	0	
PILOT-2021003980__G__sonnet4__rep0.json	PILOT-2021003980	G	0	0.014	0.0181	0.0332	0.0234	16	0	0	
PILOT-2021003980__G__sonnet4__rep1.json	PILOT-2021003980	G	1	0.0008	0.0014	0.0016	0.0015	16	0	0	
PILOT-2021003980__G__sonnet4__rep2.json	PILOT-2021003980	G	2	0.0008	0.0014	0.0016	0.0015	16	0	0	
PILOT-2022000316__F__gpt4o-mini__rep0.json	PILOT-2022000316	F	0	0.1105	0.337	0.1909	0.1898	4	21	0	
PILOT-2022000316__F__gpt4o-mini__rep1.json	PILOT-2022000316	F	1	0.1166	0.2116	0.2806	0.1923	6	19	0	
PILOT-2022000316__F__gpt4o-mini__rep2.json	PILOT-2022000316	F	2	0.0857	0.3286	0.1317	0.1482	5	20	0	
PILOT-2022000316__F__gpt5.4__rep0.json	PILOT-2022000316	F	0	0.0194	0.0724	0.0503	0.0346	25	0	0	
PILOT-2022000316__F__gpt5.4__rep1.json	PILOT-2022000316	F	1	0.0257	0.0622	0.0625	0.0455	25	0	0	
PILOT-2022000316__F__gpt5.4__rep2.json	PILOT-2022000316	F	2	0.0087	0.0369	0.0173	0.0164	25	0	0	
PILOT-2022000316__F__haiku4.5__rep0.json	PILOT-2022000316	F	0	0.0272	0.0821	0.0612	0.0473	25	0	0	
PILOT-2022000316__F__haiku4.5__rep1.json	PILOT-2022000316	F	1	0.0307	0.0795	0.0689	0.0505	25	0	0	
PILOT-2022000316__F__haiku4.5__rep2.json	PILOT-2022000316	F	2	0.033	0.0821	0.0709	0.0546	25	0	0	
PILOT-2022000316__F__sonnet4__rep0.json	PILOT-2022000316	F	0	0.0298	0.094	0.0598	0.0503	25	0	0	
PILOT-2022000316__F__sonnet4__rep1.json	PILOT-2022000316	F	1	0.0266	0.0909	0.0446	0.0445	25	0	0	
PILOT-2022000316__F__sonnet4__rep2.json	PILOT-2022000316	F	2	0.031	0.094	0.063	0.0519	25	0	0	
PILOT-2022000316__G__gpt4o-mini__rep0.json	PILOT-2022000316	G	0	0.0	0.0	0.0	0.0	21	4	0	
PILOT-2022000316__G__gpt4o-mini__rep1.json	PILOT-2022000316	G	1	0.0423	0.0714	0.0953	0.0794	3	22	0	
PILOT-2022000316__G__gpt4o-mini__rep2.json	PILOT-2022000316	G	2	0.2068	0.3828	0.3266	0.3277	3	22	0	
PILOT-2022000316__G__gpt5.4__rep0.json	PILOT-2022000316	G	0	0.0169	0.0695	0.0352	0.0298	25	0	0	
PILOT-2022000316__G__gpt5.4__rep1.json	PILOT-2022000316	G	1	0.0176	0.0541	0.0312	0.031	25	0	0	
PILOT-2022000316__G__gpt5.4__rep2.json	PILOT-2022000316	G	2	0.0199	0.0541	0.0377	0.0343	25	0	0	
PILOT-2022000316__G__haiku4.5__rep0.json	PILOT-2022000316	G	0	0.0291	0.0745	0.0607	0.0475	25	0	0	
PILOT-2022000316__G__haiku4.5__rep1.json	PILOT-2022000316	G	1	0.0249	0.0902	0.0508	0.0425	25	0	0	
PILOT-2022000316__G__haiku4.5__rep2.json	PILOT-2022000316	G	2	0.026	0.0788	0.0551	0.0439	25	0	0	
PILOT-2022000316__G__sonnet4__rep0.json	PILOT-2022000316	G	0	0.031	0.094	0.063	0.0518	25	0	0	
PILOT-2022000316__G__sonnet4__rep1.json	PILOT-2022000316	G	1	0.0272	0.0905	0.044	0.045	25	0	0	
PILOT-2022000316__G__sonnet4__rep2.json	PILOT-2022000316	G	2	0.031	0.094	0.063	0.0519	25	0	0	
PILOT-2022001087__F__gpt4o-mini__rep0.json	PILOT-2022001087	F	0	0.0952	0.1124	0.3499	0.1691	17	3	0	
PILOT-2022001087__F__gpt4o-mini__rep1.json	PILOT-2022001087	F	1	0.12	0.1712	0.2821	0.2081	11	9	0	
PILOT-2022001087__F__gpt4o-mini__rep2.json	PILOT-2022001087	F	2	0.0025	0.0031	0.01	0.0048	20	0	0	
PILOT-2022001087__F__gpt5.4__rep0.json	PILOT-2022001087	F	0	0.381	0.4536	0.516	0.4701	20	0	0	
PILOT-2022001087__F__gpt5.4__rep1.json	PILOT-2022001087	F	1	0.2251	0.3096	0.4004	0.3242	20	0	0	
PILOT-2022001087__F__gpt5.4__rep2.json	PILOT-2022001087	F	2	0.066	0.0976	0.1085	0.0982	20	0	0	
PILOT-2022001087__F__haiku4.5__rep0.json	PILOT-2022001087	F	0	0.3202	0.3641	0.4586	0.397	20	0	0	
PILOT-2022001087__F__haiku4.5__rep1.json	PILOT-2022001087	F	1	0.3197	0.3641	0.4564	0.3964	20	0	0	
PILOT-2022001087__F__haiku4.5__rep2.json	PILOT-2022001087	F	2	0.3183	0.3641	0.4527	0.3946	20	0	0	
PILOT-2022001087__F__sonnet4__rep0.json	PILOT-2022001087	F	0	0.2206	0.3108	0.3692	0.3231	20	0	0	
PILOT-2022001087__F__sonnet4__rep1.json	PILOT-2022001087	F	1	0.0939	0.1104	0.3004	0.1593	20	0	0	
PILOT-2022001087__F__sonnet4__rep2.json	PILOT-2022001087	F	2	0.2143	0.3084	0.3724	0.322	20	0	0	
PILOT-2022001087__G__gpt4o-mini__rep0.json	PILOT-2022001087	G	0	0.1189	0.1393	0.3512	0.1963	19	1	0	
PILOT-2022001087__G__gpt4o-mini__rep1.json	PILOT-2022001087	G	1	0.0927	0.108	0.3521	0.1635	9	11	0	
PILOT-2022001087__G__gpt4o-mini__rep2.json	PILOT-2022001087	G	2	0.0392	0.0455	0.163	0.0699	20	0	0	
PILOT-2022001087__G__gpt5.4__rep0.json	PILOT-2022001087	G	0	0.106	0.1331	0.2709	0.1672	20	0	0	
PILOT-2022001087__G__gpt5.4__rep1.json	PILOT-2022001087	G	1	0.0297	0.0376	0.0815	0.0497	20	0	0	
PILOT-2022001087__G__gpt5.4__rep2.json	PILOT-2022001087	G	2	0.1851	0.2331	0.3346	0.2707	20	0	0	
PILOT-2022001087__G__haiku4.5__rep0.json	PILOT-2022001087	G	0	0.1759	0.222	0.3668	0.2721	20	0	0	
PILOT-2022001087__G__haiku4.5__rep1.json	PILOT-2022001087	G	1	0.4742	0.5948	0.5944	0.5818	20	0	0	
PILOT-2022001087__G__haiku4.5__rep2.json	PILOT-2022001087	G	2	0.3201	0.3641	0.4575	0.3969	20	0	0	
PILOT-2022001087__G__sonnet4__rep0.json	PILOT-2022001087	G	0	0.0239	0.031	0.1021	0.0442	18	2	0	
PILOT-2022001087__G__sonnet4__rep1.json	PILOT-2022001087	G	1	0.0144	0.0181	0.0557	0.0259	20	0	0	
PILOT-2022001087__G__sonnet4__rep2.json	PILOT-2022001087	G	2	0.0152	0.0203	0.0567	0.0275	20	0	0	
