file	case	cond	rep	n_claims_parsed	pre_chars	gen_chars	editdist_pre_gen	denom	c2	reason
PILOT-2009010505__F__gpt4o-mini__rep0.json	PILOT-2009010505	F	0	3	7717	889	6830	4264	1.6018	
PILOT-2009010505__F__gpt4o-mini__rep1.json	PILOT-2009010505	F	1	11	7717	3052	5135	4264	1.2043	
PILOT-2009010505__F__gpt4o-mini__rep2.json	PILOT-2009010505	F	2	3	7717	949	6773	4264	1.5884	
PILOT-2009010505__F__gpt5.4__rep0.json	PILOT-2009010505	F	0	28	7717	7833	854	4264	0.2003	
PILOT-2009010505__F__gpt5.4__rep1.json	PILOT-2009010505	F	1	28	7717	7835	829	4264	0.1944	
PILOT-2009010505__F__gpt5.4__rep2.json	PILOT-2009010505	F	2	28	7717	7745	1647	4264	0.3863	
PILOT-2009010505__F__haiku4.5__rep0.json	PILOT-2009010505	F	0	28	7717	10003	2908	4264	0.682	
PILOT-2009010505__F__haiku4.5__rep1.json	PILOT-2009010505	F	1	32	7717	10510	3413	4264	0.8004	
PILOT-2009010505__F__haiku4.5__rep2.json	PILOT-2009010505	F	2	30	7717	6470	3887	4264	0.9116	
PILOT-2009010505__F__sonnet4__rep0.json	PILOT-2009010505	F	0	28	7717	8938	1809	4264	0.4242	
PILOT-2009010505__F__sonnet4__rep1.json	PILOT-2009010505	F	1	28	7717	9298	2147	4264	0.5035	
PILOT-2009010505__F__sonnet4__rep2.json	PILOT-2009010505	F	2	28	7717	7639	630	4264	0.1477	
PILOT-2009010505__G__gpt4o-mini__rep0.json	PILOT-2009010505	G	0	2	7717	773	6944	4264	1.6285	
PILOT-2009010505__G__gpt4o-mini__rep1.json	PILOT-2009010505	G	1	3	7717	936	6787	4264	1.5917	
PILOT-2009010505__G__gpt4o-mini__rep2.json	PILOT-2009010505	G	2	3	7717	961	6764	4264	1.5863	
PILOT-2009010505__G__gpt5.4__rep0.json	PILOT-2009010505	G	0	28	7717	7745	1643	4264	0.3853	
PILOT-2009010505__G__gpt5.4__rep1.json	PILOT-2009010505	G	1	28	7717	7833	1731	4264	0.406	
PILOT-2009010505__G__gpt5.4__rep2.json	PILOT-2009010505	G	2	24	7717	7270	1989	4264	0.4665	
PILOT-2009010505__G__haiku4.5__rep0.json	PILOT-2009010505	G	0	32	7717	8731	1712	4264	0.4015	
PILOT-2009010505__G__haiku4.5__rep1.json	PILOT-2009010505	G	1	32	7717	9357	2313	4264	0.5424	
PILOT-2009010505__G__haiku4.5__rep2.json	PILOT-2009010505	G	2	32	7717	10094	3014	4264	0.7068	
PILOT-2009010505__G__sonnet4__rep0.json	PILOT-2009010505	G	0	28	7717	8047	1034	4264	0.2425	
PILOT-2009010505__G__sonnet4__rep1.json	PILOT-2009010505	G	1	28	7717	8102	1087	4264	0.2549	
PILOT-2009010505__G__sonnet4__rep2.json	PILOT-2009010505	G	2	28	7717	8119	1105	4264	0.2591	
PILOT-2010007757__F__gpt4o-mini__rep0.json	PILOT-2010007757	F	0	7	4313	1359	3143	2367	1.3278	
PILOT-2010007757__F__gpt4o-mini__rep1.json	PILOT-2010007757	F	1	7	4313	1183	3234	2367	1.3663	
PILOT-2010007757__F__gpt4o-mini__rep2.json	PILOT-2010007757	F	2	3	4313	520	3808	2367	1.6088	
PILOT-2010007757__F__gpt5.4__rep0.json	PILOT-2010007757	F	0	17	4313	2413	2211	2367	0.9341	
PILOT-2010007757__F__gpt5.4__rep1.json	PILOT-2010007757	F	1	3	4313	376	3948	2367	1.6679	
PILOT-2010007757__F__gpt5.4__rep2.json	PILOT-2010007757	F	2	3	4313	376	3948	2367	1.6679	
PILOT-2010007757__F__haiku4.5__rep0.json	PILOT-2010007757	F	0	3	4313	363	3956	2367	1.6713	
PILOT-2010007757__F__haiku4.5__rep1.json	PILOT-2010007757	F	1	13	4313	1672	2849	2367	1.2036	
PILOT-2010007757__F__haiku4.5__rep2.json	PILOT-2010007757	F	2	3	4313	464	3868	2367	1.6341	
PILOT-2010007757__F__sonnet4__rep0.json	PILOT-2010007757	F	0	17	4313	2192	2201	2367	0.9299	
PILOT-2010007757__F__sonnet4__rep1.json	PILOT-2010007757	F	1	17	4313	2192	2201	2367	0.9299	
PILOT-2010007757__F__sonnet4__rep2.json	PILOT-2010007757	F	2	17	4313	2192	2201	2367	0.9299	
PILOT-2010007757__G__gpt4o-mini__rep0.json	PILOT-2010007757	G	0	3	4313	357	3960	2367	1.673	
PILOT-2010007757__G__gpt4o-mini__rep1.json	PILOT-2010007757	G	1	3	4313	408	3909	2367	1.6515	
PILOT-2010007757__G__gpt4o-mini__rep2.json	PILOT-2010007757	G	2	3	4313	338	3977	2367	1.6802	
PILOT-2010007757__G__gpt5.4__rep0.json	PILOT-2010007757	G	0	3	4313	348	3967	2367	1.676	
PILOT-2010007757__G__gpt5.4__rep1.json	PILOT-2010007757	G	1	3	4313	376	3948	2367	1.6679	
PILOT-2010007757__G__gpt5.4__rep2.json	PILOT-2010007757	G	2	3	4313	348	3967	2367	1.676	
PILOT-2010007757__G__haiku4.5__rep0.json	PILOT-2010007757	G	0	3	4313	701	3666	2367	1.5488	
PILOT-2010007757__G__haiku4.5__rep1.json	PILOT-2010007757	G	1	13	4313	2540	2461	2367	1.0397	
PILOT-2010007757__G__haiku4.5__rep2.json	PILOT-2010007757	G	2	13	4313	2584	2375	2367	1.0034	
PILOT-2010007757__G__sonnet4__rep0.json	PILOT-2010007757	G	0	17	4313	2192	2201	2367	0.9299	
PILOT-2010007757__G__sonnet4__rep1.json	PILOT-2010007757	G	1	17	4313	2338	2277	2367	0.962	
PILOT-2010007757__G__sonnet4__rep2.json	PILOT-2010007757	G	2	17	4313	2480	2291	2367	0.9679	
PILOT-2010008015__F__gpt4o-mini__rep0.json	PILOT-2010008015	F	0	5	6611	1410	5223	1458	3.5823	
PILOT-2010008015__F__gpt4o-mini__rep1.json	PILOT-2010008015	F	1	0			None		None	no_gen
PILOT-2010008015__F__gpt4o-mini__rep2.json	PILOT-2010008015	F	2	0			None		None	no_gen
PILOT-2010008015__F__gpt5.4__rep0.json	PILOT-2010008015	F	0	28	6611	6502	285	1458	0.1955	
PILOT-2010008015__F__gpt5.4__rep1.json	PILOT-2010008015	F	1	28	6611	6486	257	1458	0.1763	
PILOT-2010008015__F__gpt5.4__rep2.json	PILOT-2010008015	F	2	28	6611	6539	306	1458	0.2099	
PILOT-2010008015__F__haiku4.5__rep0.json	PILOT-2010008015	F	0	28	6611	7788	1583	1458	1.0857	
PILOT-2010008015__F__haiku4.5__rep1.json	PILOT-2010008015	F	1	28	6611	7898	1604	1458	1.1001	
PILOT-2010008015__F__haiku4.5__rep2.json	PILOT-2010008015	F	2	28	6611	7660	1425	1458	0.9774	
PILOT-2010008015__F__sonnet4__rep0.json	PILOT-2010008015	F	0	28	6611	6661	455	1458	0.3121	
PILOT-2010008015__F__sonnet4__rep1.json	PILOT-2010008015	F	1	28	6611	6715	513	1458	0.3519	
PILOT-2010008015__F__sonnet4__rep2.json	PILOT-2010008015	F	2	28	6611	6718	496	1458	0.3402	
PILOT-2010008015__G__gpt4o-mini__rep0.json	PILOT-2010008015	G	0	0			None		None	no_gen
PILOT-2010008015__G__gpt4o-mini__rep1.json	PILOT-2010008015	G	1	0			None		None	no_gen
PILOT-2010008015__G__gpt4o-mini__rep2.json	PILOT-2010008015	G	2	0			None		None	no_gen
PILOT-2010008015__G__gpt5.4__rep0.json	PILOT-2010008015	G	0	28	6611	6502	285	1458	0.1955	
PILOT-2010008015__G__gpt5.4__rep1.json	PILOT-2010008015	G	1	5	6611	1231	5397	1458	3.7016	
PILOT-2010008015__G__gpt5.4__rep2.json	PILOT-2010008015	G	2	5	6611	1231	5400	1458	3.7037	
PILOT-2010008015__G__haiku4.5__rep0.json	PILOT-2010008015	G	0	28	6611	7110	881	1458	0.6043	
PILOT-2010008015__G__haiku4.5__rep1.json	PILOT-2010008015	G	1	28	6611	7093	878	1458	0.6022	
PILOT-2010008015__G__haiku4.5__rep2.json	PILOT-2010008015	G	2	28	6611	6851	629	1458	0.4314	
PILOT-2010008015__G__sonnet4__rep0.json	PILOT-2010008015	G	0	28	6611	6513	319	1458	0.2188	
PILOT-2010008015__G__sonnet4__rep1.json	PILOT-2010008015	G	1	28	6611	6507	288	1458	0.1975	
PILOT-2010008015__G__sonnet4__rep2.json	PILOT-2010008015	G	2	28	6611	6507	288	1458	0.1975	
PILOT-2010010196__F__gpt4o-mini__rep0.json	PILOT-2010010196	F	0	2	3592	653	2947	2523	1.1681	
PILOT-2010010196__F__gpt4o-mini__rep1.json	PILOT-2010010196	F	1	2	3592	650	2969	2523	1.1768	
PILOT-2010010196__F__gpt4o-mini__rep2.json	PILOT-2010010196	F	2	2	3592	638	2957	2523	1.172	
PILOT-2010010196__F__gpt5.4__rep0.json	PILOT-2010010196	F	0	20	3592	3986	430	2523	0.1704	
PILOT-2010010196__F__gpt5.4__rep1.json	PILOT-2010010196	F	1	20	3592	3905	338	2523	0.134	
PILOT-2010010196__F__gpt5.4__rep2.json	PILOT-2010010196	F	2	20	3592	3839	271	2523	0.1074	
PILOT-2010010196__F__haiku4.5__rep0.json	PILOT-2010010196	F	0	20	3592	1484	2173	2523	0.8613	
PILOT-2010010196__F__haiku4.5__rep1.json	PILOT-2010010196	F	1	20	3592	1719	1990	2523	0.7887	
PILOT-2010010196__F__haiku4.5__rep2.json	PILOT-2010010196	F	2	20	3592	1584	2110	2523	0.8363	
PILOT-2010010196__F__sonnet4__rep0.json	PILOT-2010010196	F	0	20	3592	3718	177	2523	0.0702	
PILOT-2010010196__F__sonnet4__rep1.json	PILOT-2010010196	F	1	20	3592	3674	133	2523	0.0527	
PILOT-2010010196__F__sonnet4__rep2.json	PILOT-2010010196	F	2	20	3592	3594	53	2523	0.021	
PILOT-2010010196__G__gpt4o-mini__rep0.json	PILOT-2010010196	G	0	2	3592	712	2957	2523	1.172	
PILOT-2010010196__G__gpt4o-mini__rep1.json	PILOT-2010010196	G	1	2	3592	659	2942	2523	1.1661	
PILOT-2010010196__G__gpt4o-mini__rep2.json	PILOT-2010010196	G	2	2	3592	629	2965	2523	1.1752	
PILOT-2010010196__G__gpt5.4__rep0.json	PILOT-2010010196	G	0	20	3592	4082	563	2523	0.2231	
PILOT-2010010196__G__gpt5.4__rep1.json	PILOT-2010010196	G	1	20	3592	3891	374	2523	0.1482	
PILOT-2010010196__G__gpt5.4__rep2.json	PILOT-2010010196	G	2	20	3592	3895	335	2523	0.1328	
PILOT-2010010196__G__haiku4.5__rep0.json	PILOT-2010010196	G	0	20	3592	1691	1969	2523	0.7804	
PILOT-2010010196__G__haiku4.5__rep1.json	PILOT-2010010196	G	1	20	3592	3538	236	2523	0.0935	
PILOT-2010010196__G__haiku4.5__rep2.json	PILOT-2010010196	G	2	20	3592	1691	1969	2523	0.7804	
PILOT-2010010196__G__sonnet4__rep0.json	PILOT-2010010196	G	0	20	3592	3726	185	2523	0.0733	
PILOT-2010010196__G__sonnet4__rep1.json	PILOT-2010010196	G	1	20	3592	3541	238	2523	0.0943	
PILOT-2010010196__G__sonnet4__rep2.json	PILOT-2010010196	G	2	20	3592	3541	238	2523	0.0943	
PILOT-2010011970__F__gpt4o-mini__rep0.json	PILOT-2010011970	F	0	3	1664	1744	474	1178	0.4024	
PILOT-2010011970__F__gpt4o-mini__rep1.json	PILOT-2010011970	F	1	3	1664	1580	310	1178	0.2632	
PILOT-2010011970__F__gpt4o-mini__rep2.json	PILOT-2010011970	F	2	3	1664	1640	1167	1178	0.9907	
PILOT-2010011970__F__gpt5.4__rep0.json	PILOT-2010011970	F	0	6	1664	2184	647	1178	0.5492	
PILOT-2010011970__F__gpt5.4__rep1.json	PILOT-2010011970	F	1	9	1664	4389	2768	1178	2.3497	
PILOT-2010011970__F__gpt5.4__rep2.json	PILOT-2010011970	F	2	8	1664	4080	2459	1178	2.0874	
PILOT-2010011970__F__haiku4.5__rep0.json	PILOT-2010011970	F	0	8	1664	4252	2636	1178	2.2377	
PILOT-2010011970__F__haiku4.5__rep1.json	PILOT-2010011970	F	1	8	1664	4386	2903	1178	2.4643	
PILOT-2010011970__F__haiku4.5__rep2.json	PILOT-2010011970	F	2	8	1664	4661	3043	1178	2.5832	
PILOT-2010011970__F__sonnet4__rep0.json	PILOT-2010011970	F	0	8	1664	3005	1383	1178	1.174	
PILOT-2010011970__F__sonnet4__rep1.json	PILOT-2010011970	F	1	8	1664	3163	1538	1178	1.3056	
PILOT-2010011970__F__sonnet4__rep2.json	PILOT-2010011970	F	2	8	1664	2808	1211	1178	1.028	
PILOT-2010011970__G__gpt4o-mini__rep0.json	PILOT-2010011970	G	0	3	1664	2219	1394	1178	1.1834	
PILOT-2010011970__G__gpt4o-mini__rep1.json	PILOT-2010011970	G	1	3	1664	1904	551	1178	0.4677	
PILOT-2010011970__G__gpt4o-mini__rep2.json	PILOT-2010011970	G	2	3	1664	1869	1172	1178	0.9949	
PILOT-2010011970__G__gpt5.4__rep0.json	PILOT-2010011970	G	0	9	1664	4784	3147	1178	2.6715	
PILOT-2010011970__G__gpt5.4__rep1.json	PILOT-2010011970	G	1	9	1664	4064	2448	1178	2.0781	
PILOT-2010011970__G__gpt5.4__rep2.json	PILOT-2010011970	G	2	9	1664	3743	2145	1178	1.8209	
PILOT-2010011970__G__haiku4.5__rep0.json	PILOT-2010011970	G	0	8	1664	5360	3769	1178	3.1995	
PILOT-2010011970__G__haiku4.5__rep1.json	PILOT-2010011970	G	1	8	1664	5268	3649	1178	3.0976	
PILOT-2010011970__G__haiku4.5__rep2.json	PILOT-2010011970	G	2	8	1664	4578	2963	1178	2.5153	
PILOT-2010011970__G__sonnet4__rep0.json	PILOT-2010011970	G	0	8	1664	3953	2336	1178	1.983	
PILOT-2010011970__G__sonnet4__rep1.json	PILOT-2010011970	G	1	8	1664	2479	867	1178	0.736	
PILOT-2010011970__G__sonnet4__rep2.json	PILOT-2010011970	G	2	8	1664	4149	2535	1178	2.152	
PILOT-2011003851__F__gpt4o-mini__rep0.json	PILOT-2011003851	F	0	0			None		None	no_gen
PILOT-2011003851__F__gpt4o-mini__rep1.json	PILOT-2011003851	F	1	0			None		None	no_gen
PILOT-2011003851__F__gpt4o-mini__rep2.json	PILOT-2011003851	F	2	0			None		None	no_gen
PILOT-2011003851__F__gpt5.4__rep0.json	PILOT-2011003851	F	0	20	11846	11147	884	4592	0.1925	
PILOT-2011003851__F__gpt5.4__rep1.json	PILOT-2011003851	F	1	20	11846	12296	2814	4592	0.6128	
PILOT-2011003851__F__gpt5.4__rep2.json	PILOT-2011003851	F	2	20	11846	11248	999	4592	0.2176	
PILOT-2011003851__F__haiku4.5__rep0.json	PILOT-2011003851	F	0	20	11846	13088	2543	4592	0.5538	
PILOT-2011003851__F__haiku4.5__rep1.json	PILOT-2011003851	F	1	20	11846	13783	3097	4592	0.6744	
PILOT-2011003851__F__haiku4.5__rep2.json	PILOT-2011003851	F	2	20	11846	12742	2184	4592	0.4756	
PILOT-2011003851__F__sonnet4__rep0.json	PILOT-2011003851	F	0	20	11846	11222	1116	4592	0.243	
PILOT-2011003851__F__sonnet4__rep1.json	PILOT-2011003851	F	1	20	11846	11883	1304	4592	0.284	
PILOT-2011003851__F__sonnet4__rep2.json	PILOT-2011003851	F	2	20	11846	11883	1304	4592	0.284	
PILOT-2011003851__G__gpt4o-mini__rep0.json	PILOT-2011003851	G	0	20	11846	11240	982	4592	0.2139	
PILOT-2011003851__G__gpt4o-mini__rep1.json	PILOT-2011003851	G	1	20	11846	11408	1111	4592	0.2419	
PILOT-2011003851__G__gpt4o-mini__rep2.json	PILOT-2011003851	G	2	20	11846	11053	1028	4592	0.2239	
PILOT-2011003851__G__gpt5.4__rep0.json	PILOT-2011003851	G	0	20	11846	11896	1429	4592	0.3112	
PILOT-2011003851__G__gpt5.4__rep1.json	PILOT-2011003851	G	1	20	11846	11877	2382	4592	0.5187	
PILOT-2011003851__G__gpt5.4__rep2.json	PILOT-2011003851	G	2	20	11846	11918	3317	4592	0.7223	
PILOT-2011003851__G__haiku4.5__rep0.json	PILOT-2011003851	G	0	20	11846	13383	2804	4592	0.6106	
PILOT-2011003851__G__haiku4.5__rep1.json	PILOT-2011003851	G	1	20	11846	13285	2618	4592	0.5701	
PILOT-2011003851__G__haiku4.5__rep2.json	PILOT-2011003851	G	2	20	11846	14039	3339	4592	0.7271	
PILOT-2011003851__G__sonnet4__rep0.json	PILOT-2011003851	G	0	20	11846	12297	1980	4592	0.4312	
PILOT-2011003851__G__sonnet4__rep1.json	PILOT-2011003851	G	1	20	11846	11938	1646	4592	0.3584	
PILOT-2011003851__G__sonnet4__rep2.json	PILOT-2011003851	G	2	20	11846	10713	3427	4592	0.7463	
PILOT-2011004581__F__gpt4o-mini__rep0.json	PILOT-2011004581	F	0	9	3341	2741	887	3160	0.2807	
PILOT-2011004581__F__gpt4o-mini__rep1.json	PILOT-2011004581	F	1	10	3341	3401	1016	3160	0.3215	
PILOT-2011004581__F__gpt4o-mini__rep2.json	PILOT-2011004581	F	2	9	3341	2708	963	3160	0.3047	
PILOT-2011004581__F__gpt5.4__rep0.json	PILOT-2011004581	F	0	11	3341	3681	533	3160	0.1687	
PILOT-2011004581__F__gpt5.4__rep1.json	PILOT-2011004581	F	1	11	3341	3438	319	3160	0.1009	
PILOT-2011004581__F__gpt5.4__rep2.json	PILOT-2011004581	F	2	11	3341	3620	473	3160	0.1497	
PILOT-2011004581__F__haiku4.5__rep0.json	PILOT-2011004581	F	0	11	3341	4255	1084	3160	0.343	
PILOT-2011004581__F__haiku4.5__rep1.json	PILOT-2011004581	F	1	11	3341	3994	828	3160	0.262	
PILOT-2011004581__F__haiku4.5__rep2.json	PILOT-2011004581	F	2	11	3341	4272	1082	3160	0.3424	
PILOT-2011004581__F__sonnet4__rep0.json	PILOT-2011004581	F	0	11	3341	3783	653	3160	0.2066	
PILOT-2011004581__F__sonnet4__rep1.json	PILOT-2011004581	F	1	11	3341	3793	650	3160	0.2057	
PILOT-2011004581__F__sonnet4__rep2.json	PILOT-2011004581	F	2	11	3341	3830	708	3160	0.2241	
PILOT-2011004581__G__gpt4o-mini__rep0.json	PILOT-2011004581	G	0	6	3341	2142	1675	3160	0.5301	
PILOT-2011004581__G__gpt4o-mini__rep1.json	PILOT-2011004581	G	1	9	3341	2641	939	3160	0.2972	
PILOT-2011004581__G__gpt4o-mini__rep2.json	PILOT-2011004581	G	2	9	3341	2684	852	3160	0.2696	
PILOT-2011004581__G__gpt5.4__rep0.json	PILOT-2011004581	G	0	11	3341	3408	286	3160	0.0905	
PILOT-2011004581__G__gpt5.4__rep1.json	PILOT-2011004581	G	1	11	3341	3451	330	3160	0.1044	
PILOT-2011004581__G__gpt5.4__rep2.json	PILOT-2011004581	G	2	11	3341	3609	467	3160	0.1478	
PILOT-2011004581__G__haiku4.5__rep0.json	PILOT-2011004581	G	0	11	3341	3938	771	3160	0.244	
PILOT-2011004581__G__haiku4.5__rep1.json	PILOT-2011004581	G	1	11	3341	3627	527	3160	0.1668	
PILOT-2011004581__G__haiku4.5__rep2.json	PILOT-2011004581	G	2	11	3341	4083	915	3160	0.2896	
PILOT-2011004581__G__sonnet4__rep0.json	PILOT-2011004581	G	0	11	3341	3829	686	3160	0.2171	
PILOT-2011004581__G__sonnet4__rep1.json	PILOT-2011004581	G	1	11	3341	3847	707	3160	0.2237	
PILOT-2011004581__G__sonnet4__rep2.json	PILOT-2011004581	G	2	11	3341	3765	636	3160	0.2013	
PILOT-2011007474__F__gpt4o-mini__rep0.json	PILOT-2011007474	F	0	0			None		None	no_gen
PILOT-2011007474__F__gpt4o-mini__rep1.json	PILOT-2011007474	F	1	0			None		None	no_gen
PILOT-2011007474__F__gpt4o-mini__rep2.json	PILOT-2011007474	F	2	0			None		None	no_gen
PILOT-2011007474__F__gpt5.4__rep0.json	PILOT-2011007474	F	0	14	4898	2431	2568	2042	1.2576	
PILOT-2011007474__F__gpt5.4__rep1.json	PILOT-2011007474	F	1	14	4898	2839	2452	2042	1.2008	
PILOT-2011007474__F__gpt5.4__rep2.json	PILOT-2011007474	F	2	14	4898	2804	2436	2042	1.1929	
PILOT-2011007474__F__haiku4.5__rep0.json	PILOT-2011007474	F	0	14	4898	3414	2516	2042	1.2321	
PILOT-2011007474__F__haiku4.5__rep1.json	PILOT-2011007474	F	1	14	4898	3440	2591	2042	1.2689	
PILOT-2011007474__F__haiku4.5__rep2.json	PILOT-2011007474	F	2	14	4898	3084	2560	2042	1.2537	
PILOT-2011007474__F__sonnet4__rep0.json	PILOT-2011007474	F	0	14	4898	2579	2527	2042	1.2375	
PILOT-2011007474__F__sonnet4__rep1.json	PILOT-2011007474	F	1	14	4898	2842	2638	2042	1.2919	
PILOT-2011007474__F__sonnet4__rep2.json	PILOT-2011007474	F	2	14	4898	2607	2426	2042	1.1881	
PILOT-2011007474__G__gpt4o-mini__rep0.json	PILOT-2011007474	G	0	0			None		None	no_gen
PILOT-2011007474__G__gpt4o-mini__rep1.json	PILOT-2011007474	G	1	0			None		None	no_gen
PILOT-2011007474__G__gpt4o-mini__rep2.json	PILOT-2011007474	G	2	0			None		None	no_gen
PILOT-2011007474__G__gpt5.4__rep0.json	PILOT-2011007474	G	0	14	4898	2697	2419	2042	1.1846	
PILOT-2011007474__G__gpt5.4__rep1.json	PILOT-2011007474	G	1	14	4898	2683	2482	2042	1.2155	
PILOT-2011007474__G__gpt5.4__rep2.json	PILOT-2011007474	G	2	14	4898	2576	2557	2042	1.2522	
PILOT-2011007474__G__haiku4.5__rep0.json	PILOT-2011007474	G	0	14	4898	4142	2707	2042	1.3257	
PILOT-2011007474__G__haiku4.5__rep1.json	PILOT-2011007474	G	1	14	4898	4119	2692	2042	1.3183	
PILOT-2011007474__G__haiku4.5__rep2.json	PILOT-2011007474	G	2	14	4898	3623	2668	2042	1.3066	
PILOT-2011007474__G__sonnet4__rep0.json	PILOT-2011007474	G	0	14	4898	2651	2420	2042	1.1851	
PILOT-2011007474__G__sonnet4__rep1.json	PILOT-2011007474	G	1	14	4898	2539	2382	2042	1.1665	
PILOT-2011007474__G__sonnet4__rep2.json	PILOT-2011007474	G	2	14	4898	2759	2387	2042	1.169	
PILOT-2011008843__F__gpt4o-mini__rep0.json	PILOT-2011008843	F	0	1	10128	610	9518	4255	2.2369	
PILOT-2011008843__F__gpt4o-mini__rep1.json	PILOT-2011008843	F	1	30	10128	9986	236	4255	0.0555	
PILOT-2011008843__F__gpt4o-mini__rep2.json	PILOT-2011008843	F	2	3	10128	1255	8873	4255	2.0853	
PILOT-2011008843__F__gpt5.4__rep0.json	PILOT-2011008843	F	0	18	10128	6240	4286	4255	1.0073	
PILOT-2011008843__F__gpt5.4__rep1.json	PILOT-2011008843	F	1	9	10128	3004	7194	4255	1.6907	
PILOT-2011008843__F__gpt5.4__rep2.json	PILOT-2011008843	F	2	19	10128	6145	4333	4255	1.0183	
PILOT-2011008843__F__haiku4.5__rep0.json	PILOT-2011008843	F	0	7	10128	1475	8654	4255	2.0338	
PILOT-2011008843__F__haiku4.5__rep1.json	PILOT-2011008843	F	1	7	10128	1505	8625	4255	2.027	
PILOT-2011008843__F__haiku4.5__rep2.json	PILOT-2011008843	F	2	18	10128	4879	5508	4255	1.2945	
PILOT-2011008843__F__sonnet4__rep0.json	PILOT-2011008843	F	0	30	10128	10153	249	4255	0.0585	
PILOT-2011008843__F__sonnet4__rep1.json	PILOT-2011008843	F	1	30	10128	10153	249	4255	0.0585	
PILOT-2011008843__F__sonnet4__rep2.json	PILOT-2011008843	F	2	30	10128	10153	249	4255	0.0585	
PILOT-2011008843__G__gpt4o-mini__rep0.json	PILOT-2011008843	G	0	2	10128	1246	8882	4255	2.0874	
PILOT-2011008843__G__gpt4o-mini__rep1.json	PILOT-2011008843	G	1	2	10128	1243	8885	4255	2.0881	
PILOT-2011008843__G__gpt4o-mini__rep2.json	PILOT-2011008843	G	2	2	10128	1357	8772	4255	2.0616	
PILOT-2011008843__G__gpt5.4__rep0.json	PILOT-2011008843	G	0	7	10128	2779	7350	4255	1.7274	
PILOT-2011008843__G__gpt5.4__rep1.json	PILOT-2011008843	G	1	19	10128	6503	4075	4255	0.9577	
PILOT-2011008843__G__gpt5.4__rep2.json	PILOT-2011008843	G	2	19	10128	6240	4286	4255	1.0073	
PILOT-2011008843__G__haiku4.5__rep0.json	PILOT-2011008843	G	0	19	10128	2230	7900	4255	1.8566	
PILOT-2011008843__G__haiku4.5__rep1.json	PILOT-2011008843	G	1	19	10128	2230	7900	4255	1.8566	
PILOT-2011008843__G__haiku4.5__rep2.json	PILOT-2011008843	G	2	19	10128	2230	7900	4255	1.8566	
PILOT-2011008843__G__sonnet4__rep0.json	PILOT-2011008843	G	0	1	10128	800	9328	4255	2.1922	
PILOT-2011008843__G__sonnet4__rep1.json	PILOT-2011008843	G	1	1	10128	800	9328	4255	2.1922	
PILOT-2011008843__G__sonnet4__rep2.json	PILOT-2011008843	G	2	30	10128	10229	325	4255	0.0764	
PILOT-2011009182__F__gpt4o-mini__rep0.json	PILOT-2011009182	F	0	22	11499	11097	816	3718	0.2195	
PILOT-2011009182__F__gpt4o-mini__rep1.json	PILOT-2011009182	F	1	8	11499	4835	7296	3718	1.9623	
PILOT-2011009182__F__gpt4o-mini__rep2.json	PILOT-2011009182	F	2	8	11499	4561	7429	3718	1.9981	
PILOT-2011009182__F__gpt5.4__rep0.json	PILOT-2011009182	F	0	23	11499	12483	1056	3718	0.284	
PILOT-2011009182__F__gpt5.4__rep1.json	PILOT-2011009182	F	1	18	11499	10177	1995	3718	0.5366	
PILOT-2011009182__F__gpt5.4__rep2.json	PILOT-2011009182	F	2	18	11499	10160	2013	3718	0.5414	
PILOT-2011009182__F__haiku4.5__rep0.json	PILOT-2011009182	F	0	17	11499	10905	3547	3718	0.954	
PILOT-2011009182__F__haiku4.5__rep1.json	PILOT-2011009182	F	1	17	11499	10547	3494	3718	0.9398	
PILOT-2011009182__F__haiku4.5__rep2.json	PILOT-2011009182	F	2	17	11499	11090	3858	3718	1.0377	
PILOT-2011009182__F__sonnet4__rep0.json	PILOT-2011009182	F	0	23	11499	19859	8411	3718	2.2622	
PILOT-2011009182__F__sonnet4__rep1.json	PILOT-2011009182	F	1	23	11499	16629	5181	3718	1.3935	
PILOT-2011009182__F__sonnet4__rep2.json	PILOT-2011009182	F	2	23	11499	19859	8411	3718	2.2622	
PILOT-2011009182__G__gpt4o-mini__rep0.json	PILOT-2011009182	G	0	7	11499	4335	7566	3718	2.035	
PILOT-2011009182__G__gpt4o-mini__rep1.json	PILOT-2011009182	G	1	7	11499	4052	7593	3718	2.0422	
PILOT-2011009182__G__gpt4o-mini__rep2.json	PILOT-2011009182	G	2	8	11499	4185	7436	3718	2.0	
PILOT-2011009182__G__gpt5.4__rep0.json	PILOT-2011009182	G	0	23	11499	13127	1700	3718	0.4572	
PILOT-2011009182__G__gpt5.4__rep1.json	PILOT-2011009182	G	1	23	11499	12561	1143	3718	0.3074	
PILOT-2011009182__G__gpt5.4__rep2.json	PILOT-2011009182	G	2	18	11499	10046	2668	3718	0.7176	
PILOT-2011009182__G__haiku4.5__rep0.json	PILOT-2011009182	G	0	17	11499	11667	4063	3718	1.0928	
PILOT-2011009182__G__haiku4.5__rep1.json	PILOT-2011009182	G	1	17	11499	10772	3627	3718	0.9755	
PILOT-2011009182__G__haiku4.5__rep2.json	PILOT-2011009182	G	2	17	11499	10550	3492	3718	0.9392	
PILOT-2011009182__G__sonnet4__rep0.json	PILOT-2011009182	G	0	23	11499	13476	5103	3718	1.3725	
PILOT-2011009182__G__sonnet4__rep1.json	PILOT-2011009182	G	1	23	11499	13476	5103	3718	1.3725	
PILOT-2011009182__G__sonnet4__rep2.json	PILOT-2011009182	G	2	23	11499	13476	5103	3718	1.3725	
PILOT-2011011469__F__gpt4o-mini__rep0.json	PILOT-2011011469	F	0	6	2785	1200	1693	1905	0.8887	
PILOT-2011011469__F__gpt4o-mini__rep1.json	PILOT-2011011469	F	1	9	2785	2149	842	1905	0.442	
PILOT-2011011469__F__gpt4o-mini__rep2.json	PILOT-2011011469	F	2	17	2785	3136	443	1905	0.2325	
PILOT-2011011469__F__gpt5.4__rep0.json	PILOT-2011011469	F	0	17	2785	3831	1119	1905	0.5874	
PILOT-2011011469__F__gpt5.4__rep1.json	PILOT-2011011469	F	1	17	2785	3766	1054	1905	0.5533	
PILOT-2011011469__F__gpt5.4__rep2.json	PILOT-2011011469	F	2	17	2785	3035	342	1905	0.1795	
PILOT-2011011469__F__haiku4.5__rep0.json	PILOT-2011011469	F	0	17	2785	3686	1115	1905	0.5853	
PILOT-2011011469__F__haiku4.5__rep1.json	PILOT-2011011469	F	1	17	2785	2784	693	1905	0.3638	
PILOT-2011011469__F__haiku4.5__rep2.json	PILOT-2011011469	F	2	17	2785	3591	1015	1905	0.5328	
PILOT-2011011469__F__sonnet4__rep0.json	PILOT-2011011469	F	0	17	2785	2892	172	1905	0.0903	
PILOT-2011011469__F__sonnet4__rep1.json	PILOT-2011011469	F	1	17	2785	3200	507	1905	0.2661	
PILOT-2011011469__F__sonnet4__rep2.json	PILOT-2011011469	F	2	17	2785	3122	429	1905	0.2252	
PILOT-2011011469__G__gpt4o-mini__rep0.json	PILOT-2011011469	G	0	8	2785	1370	1571	1905	0.8247	
PILOT-2011011469__G__gpt4o-mini__rep1.json	PILOT-2011011469	G	1	4	2785	774	2072	1905	1.0877	
PILOT-2011011469__G__gpt4o-mini__rep2.json	PILOT-2011011469	G	2	5	2785	1142	1754	1905	0.9207	
PILOT-2011011469__G__gpt5.4__rep0.json	PILOT-2011011469	G	0	17	2785	3824	1116	1905	0.5858	
PILOT-2011011469__G__gpt5.4__rep1.json	PILOT-2011011469	G	1	17	2785	2904	179	1905	0.094	
PILOT-2011011469__G__gpt5.4__rep2.json	PILOT-2011011469	G	2	17	2785	3525	792	1905	0.4157	
PILOT-2011011469__G__haiku4.5__rep0.json	PILOT-2011011469	G	0	17	2785	3433	884	1905	0.464	
PILOT-2011011469__G__haiku4.5__rep1.json	PILOT-2011011469	G	1	17	2785	3906	1163	1905	0.6105	
PILOT-2011011469__G__haiku4.5__rep2.json	PILOT-2011011469	G	2	17	2785	3673	956	1905	0.5018	
PILOT-2011011469__G__sonnet4__rep0.json	PILOT-2011011469	G	0	17	2785	2849	156	1905	0.0819	
PILOT-2011011469__G__sonnet4__rep1.json	PILOT-2011011469	G	1	17	2785	2854	161	1905	0.0845	
PILOT-2011011469__G__sonnet4__rep2.json	PILOT-2011011469	G	2	17	2785	2854	161	1905	0.0845	
PILOT-2011012180__F__gpt4o-mini__rep0.json	PILOT-2011012180	F	0	7	5334	2410	3034	5571	0.5446	
PILOT-2011012180__F__gpt4o-mini__rep1.json	PILOT-2011012180	F	1	8	5334	2644	2830	5571	0.508	
PILOT-2011012180__F__gpt4o-mini__rep2.json	PILOT-2011012180	F	2	6	5334	2051	3346	5571	0.6006	
PILOT-2011012180__F__gpt5.4__rep0.json	PILOT-2011012180	F	0	11	5334	3092	2698	5571	0.4843	
PILOT-2011012180__F__gpt5.4__rep1.json	PILOT-2011012180	F	1	11	5334	3062	2692	5571	0.4832	
PILOT-2011012180__F__gpt5.4__rep2.json	PILOT-2011012180	F	2	11	5334	3061	2610	5571	0.4685	
PILOT-2011012180__F__haiku4.5__rep0.json	PILOT-2011012180	F	0	10	5334	3422	2647	5571	0.4751	
PILOT-2011012180__F__haiku4.5__rep1.json	PILOT-2011012180	F	1	20	5334	5994	1193	5571	0.2141	
PILOT-2011012180__F__haiku4.5__rep2.json	PILOT-2011012180	F	2	20	5334	5790	1084	5571	0.1946	
PILOT-2011012180__F__sonnet4__rep0.json	PILOT-2011012180	F	0	20	5334	5596	850	5571	0.1526	
PILOT-2011012180__F__sonnet4__rep1.json	PILOT-2011012180	F	1	20	5334	5458	724	5571	0.13	
PILOT-2011012180__F__sonnet4__rep2.json	PILOT-2011012180	F	2	20	5334	5361	823	5571	0.1477	
PILOT-2011012180__G__gpt4o-mini__rep0.json	PILOT-2011012180	G	0	4	5334	1181	4176	5571	0.7496	
PILOT-2011012180__G__gpt4o-mini__rep1.json	PILOT-2011012180	G	1	5	5334	1486	3894	5571	0.699	
PILOT-2011012180__G__gpt4o-mini__rep2.json	PILOT-2011012180	G	2	7	5334	2561	2948	5571	0.5292	
PILOT-2011012180__G__gpt5.4__rep0.json	PILOT-2011012180	G	0	20	5334	5436	697	5571	0.1251	
PILOT-2011012180__G__gpt5.4__rep1.json	PILOT-2011012180	G	1	11	5334	3086	2535	5571	0.455	
PILOT-2011012180__G__gpt5.4__rep2.json	PILOT-2011012180	G	2	11	5334	3025	2595	5571	0.4658	
PILOT-2011012180__G__haiku4.5__rep0.json	PILOT-2011012180	G	0	11	5334	3655	2800	5571	0.5026	
PILOT-2011012180__G__haiku4.5__rep1.json	PILOT-2011012180	G	1	11	5334	3612	2629	5571	0.4719	
PILOT-2011012180__G__haiku4.5__rep2.json	PILOT-2011012180	G	2	10	5334	3527	2800	5571	0.5026	
PILOT-2011012180__G__sonnet4__rep0.json	PILOT-2011012180	G	0	9	5334	3079	2776	5571	0.4983	
PILOT-2011012180__G__sonnet4__rep1.json	PILOT-2011012180	G	1	20	5334	5263	545	5571	0.0978	
PILOT-2011012180__G__sonnet4__rep2.json	PILOT-2011012180	G	2	9	5334	3228	2765	5571	0.4963	
PILOT-2011013110__F__gpt4o-mini__rep0.json	PILOT-2011013110	F	0	5	8131	3509	4728	4100	1.1532	
PILOT-2011013110__F__gpt4o-mini__rep1.json	PILOT-2011013110	F	1	5	8131	3635	4780	4100	1.1659	
PILOT-2011013110__F__gpt4o-mini__rep2.json	PILOT-2011013110	F	2	5	8131	3718	4750	4100	1.1585	
PILOT-2011013110__F__gpt5.4__rep0.json	PILOT-2011013110	F	0	17	8131	9287	1316	4100	0.321	
PILOT-2011013110__F__gpt5.4__rep1.json	PILOT-2011013110	F	1	11	8131	5642	3328	4100	0.8117	
PILOT-2011013110__F__gpt5.4__rep2.json	PILOT-2011013110	F	2	11	8131	5647	3284	4100	0.801	
PILOT-2011013110__F__haiku4.5__rep0.json	PILOT-2011013110	F	0	11	8131	4692	4268	4100	1.041	
PILOT-2011013110__F__haiku4.5__rep1.json	PILOT-2011013110	F	1	11	8131	6006	3484	4100	0.8498	
PILOT-2011013110__F__haiku4.5__rep2.json	PILOT-2011013110	F	2	11	8131	5878	3134	4100	0.7644	
PILOT-2011013110__F__sonnet4__rep0.json	PILOT-2011013110	F	0	17	8131	9738	1862	4100	0.4541	
PILOT-2011013110__F__sonnet4__rep1.json	PILOT-2011013110	F	1	17	8131	9549	1673	4100	0.408	
PILOT-2011013110__F__sonnet4__rep2.json	PILOT-2011013110	F	2	17	8131	9189	1316	4100	0.321	
PILOT-2011013110__G__gpt4o-mini__rep0.json	PILOT-2011013110	G	0	5	8131	3124	5073	4100	1.2373	
PILOT-2011013110__G__gpt4o-mini__rep1.json	PILOT-2011013110	G	1	6	8131	3850	4560	4100	1.1122	
PILOT-2011013110__G__gpt4o-mini__rep2.json	PILOT-2011013110	G	2	8	8131	4111	4111	4100	1.0027	
PILOT-2011013110__G__gpt5.4__rep0.json	PILOT-2011013110	G	0	11	8131	5383	3267	4100	0.7968	
PILOT-2011013110__G__gpt5.4__rep1.json	PILOT-2011013110	G	1	11	8131	5578	3193	4100	0.7788	
PILOT-2011013110__G__gpt5.4__rep2.json	PILOT-2011013110	G	2	11	8131	6164	3280	4100	0.8	
PILOT-2011013110__G__haiku4.5__rep0.json	PILOT-2011013110	G	0	11	8131	4851	4340	4100	1.0585	
PILOT-2011013110__G__haiku4.5__rep1.json	PILOT-2011013110	G	1	11	8131	6835	3636	4100	0.8868	
PILOT-2011013110__G__haiku4.5__rep2.json	PILOT-2011013110	G	2	11	8131	5446	4115	4100	1.0037	
PILOT-2011013110__G__sonnet4__rep0.json	PILOT-2011013110	G	0	17	8131	8480	662	4100	0.1615	
PILOT-2011013110__G__sonnet4__rep1.json	PILOT-2011013110	G	1	17	8131	8774	955	4100	0.2329	
PILOT-2011013110__G__sonnet4__rep2.json	PILOT-2011013110	G	2	17	8131	8590	799	4100	0.1949	
PILOT-2012000327__F__gpt4o-mini__rep0.json	PILOT-2012000327	F	0	6	8317	3178	5317	5828	0.9123	
PILOT-2012000327__F__gpt4o-mini__rep1.json	PILOT-2012000327	F	1	6	8317	2889	5568	5828	0.9554	
PILOT-2012000327__F__gpt4o-mini__rep2.json	PILOT-2012000327	F	2	5	8317	2857	5986	5828	1.0271	
PILOT-2012000327__F__gpt5.4__rep0.json	PILOT-2012000327	F	0	17	8317	3482	5291	5828	0.9079	
PILOT-2012000327__F__gpt5.4__rep1.json	PILOT-2012000327	F	1	17	8317	3625	5169	5828	0.8869	
PILOT-2012000327__F__gpt5.4__rep2.json	PILOT-2012000327	F	2	17	8317	3204	5171	5828	0.8873	
PILOT-2012000327__F__haiku4.5__rep0.json	PILOT-2012000327	F	0	24	8317	7780	2826	5828	0.4849	
PILOT-2012000327__F__haiku4.5__rep1.json	PILOT-2012000327	F	1	24	8317	8505	2113	5828	0.3626	
PILOT-2012000327__F__haiku4.5__rep2.json	PILOT-2012000327	F	2	24	8317	7265	1670	5828	0.2865	
PILOT-2012000327__F__sonnet4__rep0.json	PILOT-2012000327	F	0	17	8317	6440	3988	5828	0.6843	
PILOT-2012000327__F__sonnet4__rep1.json	PILOT-2012000327	F	1	24	8317	8504	1557	5828	0.2672	
PILOT-2012000327__F__sonnet4__rep2.json	PILOT-2012000327	F	2	24	8317	8162	1884	5828	0.3233	
PILOT-2012000327__G__gpt4o-mini__rep0.json	PILOT-2012000327	G	0	4	8317	2186	6594	5828	1.1314	
PILOT-2012000327__G__gpt4o-mini__rep1.json	PILOT-2012000327	G	1	5	8317	3013	5457	5828	0.9363	
PILOT-2012000327__G__gpt4o-mini__rep2.json	PILOT-2012000327	G	2	3	8317	1923	6740	5828	1.1565	
PILOT-2012000327__G__gpt5.4__rep0.json	PILOT-2012000327	G	0	17	8317	3367	5381	5828	0.9233	
PILOT-2012000327__G__gpt5.4__rep1.json	PILOT-2012000327	G	1	17	8317	3214	5289	5828	0.9075	
PILOT-2012000327__G__gpt5.4__rep2.json	PILOT-2012000327	G	2	17	8317	3417	5051	5828	0.8667	
PILOT-2012000327__G__haiku4.5__rep0.json	PILOT-2012000327	G	0	24	8317	7165	2429	5828	0.4168	
PILOT-2012000327__G__haiku4.5__rep1.json	PILOT-2012000327	G	1	24	8317	8139	1930	5828	0.3312	
PILOT-2012000327__G__haiku4.5__rep2.json	PILOT-2012000327	G	2	24	8317	6721	2401	5828	0.412	
PILOT-2012000327__G__sonnet4__rep0.json	PILOT-2012000327	G	0	17	8317	5570	3149	5828	0.5403	
PILOT-2012000327__G__sonnet4__rep1.json	PILOT-2012000327	G	1	17	8317	6555	4079	5828	0.6999	
PILOT-2012000327__G__sonnet4__rep2.json	PILOT-2012000327	G	2	17	8317	4664	5688	5828	0.976	
PILOT-2012003288__F__gpt4o-mini__rep0.json	PILOT-2012003288	F	0	4	3274	1616	1771	714	2.4804	
PILOT-2012003288__F__gpt4o-mini__rep1.json	PILOT-2012003288	F	1	5	3274	1572	1778	714	2.4902	
PILOT-2012003288__F__gpt4o-mini__rep2.json	PILOT-2012003288	F	2	4	3274	1198	2274	714	3.1849	
PILOT-2012003288__F__gpt5.4__rep0.json	PILOT-2012003288	F	0	13	3274	3167	449	714	0.6289	
PILOT-2012003288__F__gpt5.4__rep1.json	PILOT-2012003288	F	1	13	3274	3123	383	714	0.5364	
PILOT-2012003288__F__gpt5.4__rep2.json	PILOT-2012003288	F	2	13	3274	3240	521	714	0.7297	
PILOT-2012003288__F__haiku4.5__rep0.json	PILOT-2012003288	F	0	13	3274	2071	1594	714	2.2325	
PILOT-2012003288__F__haiku4.5__rep1.json	PILOT-2012003288	F	1	13	3274	1906	1640	714	2.2969	
PILOT-2012003288__F__haiku4.5__rep2.json	PILOT-2012003288	F	2	13	3274	1350	2100	714	2.9412	
PILOT-2012003288__F__sonnet4__rep0.json	PILOT-2012003288	F	0	13	3274	3444	684	714	0.958	
PILOT-2012003288__F__sonnet4__rep1.json	PILOT-2012003288	F	1	13	3274	3276	540	714	0.7563	
PILOT-2012003288__F__sonnet4__rep2.json	PILOT-2012003288	F	2	13	3274	3534	757	714	1.0602	
PILOT-2012003288__G__gpt4o-mini__rep0.json	PILOT-2012003288	G	0	5	3274	1390	1973	714	2.7633	
PILOT-2012003288__G__gpt4o-mini__rep1.json	PILOT-2012003288	G	1	4	3274	1110	2251	714	3.1527	
PILOT-2012003288__G__gpt4o-mini__rep2.json	PILOT-2012003288	G	2	5	3274	1421	1910	714	2.6751	
PILOT-2012003288__G__gpt5.4__rep0.json	PILOT-2012003288	G	0	13	3274	3181	508	714	0.7115	
PILOT-2012003288__G__gpt5.4__rep1.json	PILOT-2012003288	G	1	13	3274	3454	763	714	1.0686	
PILOT-2012003288__G__gpt5.4__rep2.json	PILOT-2012003288	G	2	13	3274	3351	629	714	0.881	
PILOT-2012003288__G__haiku4.5__rep0.json	PILOT-2012003288	G	0	13	3274	1313	2082	714	2.916	
PILOT-2012003288__G__haiku4.5__rep1.json	PILOT-2012003288	G	1	13	3274	1802	1619	714	2.2675	
PILOT-2012003288__G__haiku4.5__rep2.json	PILOT-2012003288	G	2	13	3274	3071	428	714	0.5994	
PILOT-2012003288__G__sonnet4__rep0.json	PILOT-2012003288	G	0	13	3274	3203	477	714	0.6681	
PILOT-2012003288__G__sonnet4__rep1.json	PILOT-2012003288	G	1	13	3274	3176	449	714	0.6289	
PILOT-2012003288__G__sonnet4__rep2.json	PILOT-2012003288	G	2	13	3274	3164	438	714	0.6134	
PILOT-2012005674__F__gpt4o-mini__rep0.json	PILOT-2012005674	F	0	7	9954	1788	8213	5845	1.4051	
PILOT-2012005674__F__gpt4o-mini__rep1.json	PILOT-2012005674	F	1	7	9954	1711	8269	5845	1.4147	
PILOT-2012005674__F__gpt4o-mini__rep2.json	PILOT-2012005674	F	2	7	9954	1858	8158	5845	1.3957	
PILOT-2012005674__F__gpt5.4__rep0.json	PILOT-2012005674	F	0	10	9954	2420	7698	5845	1.317	
PILOT-2012005674__F__gpt5.4__rep1.json	PILOT-2012005674	F	1	10	9954	2428	7600	5845	1.3003	
PILOT-2012005674__F__gpt5.4__rep2.json	PILOT-2012005674	F	2	7	9954	2261	7731	5845	1.3227	
PILOT-2012005674__F__haiku4.5__rep0.json	PILOT-2012005674	F	0	37	9954	10122	1335	5845	0.2284	
PILOT-2012005674__F__haiku4.5__rep1.json	PILOT-2012005674	F	1	37	9954	9973	1204	5845	0.206	
PILOT-2012005674__F__haiku4.5__rep2.json	PILOT-2012005674	F	2	37	9954	10050	1261	5845	0.2157	
PILOT-2012005674__F__sonnet4__rep0.json	PILOT-2012005674	F	0	37	9954	9697	981	5845	0.1678	
PILOT-2012005674__F__sonnet4__rep1.json	PILOT-2012005674	F	1	37	9954	9697	981	5845	0.1678	
PILOT-2012005674__F__sonnet4__rep2.json	PILOT-2012005674	F	2	37	9954	9697	981	5845	0.1678	
PILOT-2012005674__G__gpt4o-mini__rep0.json	PILOT-2012005674	G	0	7	9954	1772	8220	5845	1.4063	
PILOT-2012005674__G__gpt4o-mini__rep1.json	PILOT-2012005674	G	1	5	9954	1520	8461	5845	1.4476	
PILOT-2012005674__G__gpt4o-mini__rep2.json	PILOT-2012005674	G	2	7	9954	1756	8225	5845	1.4072	
PILOT-2012005674__G__gpt5.4__rep0.json	PILOT-2012005674	G	0	10	9954	2428	7600	5845	1.3003	
PILOT-2012005674__G__gpt5.4__rep1.json	PILOT-2012005674	G	1	7	9954	2261	7731	5845	1.3227	
PILOT-2012005674__G__gpt5.4__rep2.json	PILOT-2012005674	G	2	7	9954	2237	7806	5845	1.3355	
PILOT-2012005674__G__haiku4.5__rep0.json	PILOT-2012005674	G	0	37	9954	10217	1448	5845	0.2477	
PILOT-2012005674__G__haiku4.5__rep1.json	PILOT-2012005674	G	1	37	9954	10252	1467	5845	0.251	
PILOT-2012005674__G__haiku4.5__rep2.json	PILOT-2012005674	G	2	37	9954	10059	1290	5845	0.2207	
PILOT-2012005674__G__sonnet4__rep0.json	PILOT-2012005674	G	0	37	9954	9697	981	5845	0.1678	
PILOT-2012005674__G__sonnet4__rep1.json	PILOT-2012005674	G	1	37	9954	9116	1488	5845	0.2546	
PILOT-2012005674__G__sonnet4__rep2.json	PILOT-2012005674	G	2	37	9954	9116	1488	5845	0.2546	
PILOT-2012006145__F__gpt4o-mini__rep0.json	PILOT-2012006145	F	0	23	6066	3375	3113	2446	1.2727	
PILOT-2012006145__F__gpt4o-mini__rep1.json	PILOT-2012006145	F	1	9	6066	1577	4571	2446	1.8688	
PILOT-2012006145__F__gpt4o-mini__rep2.json	PILOT-2012006145	F	2	23	6066	3319	3053	2446	1.2482	
PILOT-2012006145__F__gpt5.4__rep0.json	PILOT-2012006145	F	0	23	6066	3216	3034	2446	1.2404	
PILOT-2012006145__F__gpt5.4__rep1.json	PILOT-2012006145	F	1	23	6066	3216	3034	2446	1.2404	
PILOT-2012006145__F__gpt5.4__rep2.json	PILOT-2012006145	F	2	23	6066	3215	3035	2446	1.2408	
PILOT-2012006145__F__haiku4.5__rep0.json	PILOT-2012006145	F	0	23	6066	3166	2984	2446	1.22	
PILOT-2012006145__F__haiku4.5__rep1.json	PILOT-2012006145	F	1	23	6066	779	5319	2446	2.1746	
PILOT-2012006145__F__haiku4.5__rep2.json	PILOT-2012006145	F	2	23	6066	1070	5038	2446	2.0597	
PILOT-2012006145__F__sonnet4__rep0.json	PILOT-2012006145	F	0	23	6066	3210	3028	2446	1.2379	
PILOT-2012006145__F__sonnet4__rep1.json	PILOT-2012006145	F	1	23	6066	3210	3028	2446	1.2379	
PILOT-2012006145__F__sonnet4__rep2.json	PILOT-2012006145	F	2	23	6066	3210	3028	2446	1.2379	
PILOT-2012006145__G__gpt4o-mini__rep0.json	PILOT-2012006145	G	0	5	6066	1029	5089	2446	2.0805	
PILOT-2012006145__G__gpt4o-mini__rep1.json	PILOT-2012006145	G	1	23	6066	3188	3008	2446	1.2298	
PILOT-2012006145__G__gpt4o-mini__rep2.json	PILOT-2012006145	G	2	4	6066	656	5420	2446	2.2159	
PILOT-2012006145__G__gpt5.4__rep0.json	PILOT-2012006145	G	0	23	6066	3215	3035	2446	1.2408	
PILOT-2012006145__G__gpt5.4__rep1.json	PILOT-2012006145	G	1	23	6066	3215	3035	2446	1.2408	
PILOT-2012006145__G__gpt5.4__rep2.json	PILOT-2012006145	G	2	23	6066	3216	3034	2446	1.2404	
PILOT-2012006145__G__haiku4.5__rep0.json	PILOT-2012006145	G	0	23	6066	469	5601	2446	2.2899	
PILOT-2012006145__G__haiku4.5__rep1.json	PILOT-2012006145	G	1	23	6066	882	5221	2446	2.1345	
PILOT-2012006145__G__haiku4.5__rep2.json	PILOT-2012006145	G	2	23	6066	469	5601	2446	2.2899	
PILOT-2012006145__G__sonnet4__rep0.json	PILOT-2012006145	G	0	23	6066	3210	3028	2446	1.2379	
PILOT-2012006145__G__sonnet4__rep1.json	PILOT-2012006145	G	1	23	6066	3210	3028	2446	1.2379	
PILOT-2012006145__G__sonnet4__rep2.json	PILOT-2012006145	G	2	23	6066	3558	3191	2446	1.3046	
PILOT-2012007524__F__gpt4o-mini__rep0.json	PILOT-2012007524	F	0	0			None		None	no_gen
PILOT-2012007524__F__gpt4o-mini__rep1.json	PILOT-2012007524	F	1	7	7153	3234	4218	1361	3.0992	
PILOT-2012007524__F__gpt4o-mini__rep2.json	PILOT-2012007524	F	2	0			None		None	no_gen
PILOT-2012007524__F__gpt5.4__rep0.json	PILOT-2012007524	F	0	8	7153	3940	4189	1361	3.0779	
PILOT-2012007524__F__gpt5.4__rep1.json	PILOT-2012007524	F	1	8	7153	4427	4352	1361	3.1976	
PILOT-2012007524__F__gpt5.4__rep2.json	PILOT-2012007524	F	2	8	7153	4033	3953	1361	2.9045	
PILOT-2012007524__F__haiku4.5__rep0.json	PILOT-2012007524	F	0	20	7153	3599	4426	1361	3.252	
PILOT-2012007524__F__haiku4.5__rep1.json	PILOT-2012007524	F	1	20	7153	7331	578	1361	0.4247	
PILOT-2012007524__F__haiku4.5__rep2.json	PILOT-2012007524	F	2	20	7153	7646	877	1361	0.6444	
PILOT-2012007524__F__sonnet4__rep0.json	PILOT-2012007524	F	0	20	7153	7432	662	1361	0.4864	
PILOT-2012007524__F__sonnet4__rep1.json	PILOT-2012007524	F	1	20	7153	7539	768	1361	0.5643	
PILOT-2012007524__F__sonnet4__rep2.json	PILOT-2012007524	F	2	20	7153	7257	520	1361	0.3821	
PILOT-2012007524__G__gpt4o-mini__rep0.json	PILOT-2012007524	G	0	0			None		None	no_gen
PILOT-2012007524__G__gpt4o-mini__rep1.json	PILOT-2012007524	G	1	0			None		None	no_gen
PILOT-2012007524__G__gpt4o-mini__rep2.json	PILOT-2012007524	G	2	0			None		None	no_gen
PILOT-2012007524__G__gpt5.4__rep0.json	PILOT-2012007524	G	0	20	7153	7434	599	1361	0.4401	
PILOT-2012007524__G__gpt5.4__rep1.json	PILOT-2012007524	G	1	8	7153	3606	4083	1361	3.0	
PILOT-2012007524__G__gpt5.4__rep2.json	PILOT-2012007524	G	2	20	7153	7628	846	1361	0.6216	
PILOT-2012007524__G__haiku4.5__rep0.json	PILOT-2012007524	G	0	7	7153	3771	4281	1361	3.1455	
PILOT-2012007524__G__haiku4.5__rep1.json	PILOT-2012007524	G	1	20	7153	8193	1415	1361	1.0397	
PILOT-2012007524__G__haiku4.5__rep2.json	PILOT-2012007524	G	2	7	7153	3334	4455	1361	3.2733	
PILOT-2012007524__G__sonnet4__rep0.json	PILOT-2012007524	G	0	20	7153	7455	718	1361	0.5276	
PILOT-2012007524__G__sonnet4__rep1.json	PILOT-2012007524	G	1	20	7153	7483	712	1361	0.5231	
PILOT-2012007524__G__sonnet4__rep2.json	PILOT-2012007524	G	2	20	7153	7353	616	1361	0.4526	
PILOT-2012008496__F__gpt4o-mini__rep0.json	PILOT-2012008496	F	0	35	10184	10716	972	5108	0.1903	
PILOT-2012008496__F__gpt4o-mini__rep1.json	PILOT-2012008496	F	1	3	10184	1884	8305	5108	1.6259	
PILOT-2012008496__F__gpt4o-mini__rep2.json	PILOT-2012008496	F	2	13	10184	3857	6753	5108	1.322	
PILOT-2012008496__F__gpt5.4__rep0.json	PILOT-2012008496	F	0	35	10184	10285	527	5108	0.1032	
PILOT-2012008496__F__gpt5.4__rep1.json	PILOT-2012008496	F	1	35	10184	10116	634	5108	0.1241	
PILOT-2012008496__F__gpt5.4__rep2.json	PILOT-2012008496	F	2	35	10184	10427	646	5108	0.1265	
PILOT-2012008496__F__haiku4.5__rep0.json	PILOT-2012008496	F	0	35	10184	13368	4245	5108	0.831	
PILOT-2012008496__F__haiku4.5__rep1.json	PILOT-2012008496	F	1	35	10184	12167	2743	5108	0.537	
PILOT-2012008496__F__haiku4.5__rep2.json	PILOT-2012008496	F	2	35	10184	9565	3728	5108	0.7298	
PILOT-2012008496__F__sonnet4__rep0.json	PILOT-2012008496	F	0	35	10184	11783	1879	5108	0.3679	
PILOT-2012008496__F__sonnet4__rep1.json	PILOT-2012008496	F	1	35	10184	10737	1493	5108	0.2923	
PILOT-2012008496__F__sonnet4__rep2.json	PILOT-2012008496	F	2	35	10184	11168	1924	5108	0.3767	
PILOT-2012008496__G__gpt4o-mini__rep0.json	PILOT-2012008496	G	0	7	10184	2962	7349	5108	1.4387	
PILOT-2012008496__G__gpt4o-mini__rep1.json	PILOT-2012008496	G	1	9	10184	2832	7384	5108	1.4456	
PILOT-2012008496__G__gpt4o-mini__rep2.json	PILOT-2012008496	G	2	12	10184	4070	6624	5108	1.2968	
PILOT-2012008496__G__gpt5.4__rep0.json	PILOT-2012008496	G	0	35	10184	10325	533	5108	0.1043	
PILOT-2012008496__G__gpt5.4__rep1.json	PILOT-2012008496	G	1	35	10184	10505	705	5108	0.138	
PILOT-2012008496__G__gpt5.4__rep2.json	PILOT-2012008496	G	2	35	10184	10355	574	5108	0.1124	
PILOT-2012008496__G__haiku4.5__rep0.json	PILOT-2012008496	G	0	35	10184	8965	4644	5108	0.9092	
PILOT-2012008496__G__haiku4.5__rep1.json	PILOT-2012008496	G	1	35	10184	9435	2736	5108	0.5356	
PILOT-2012008496__G__haiku4.5__rep2.json	PILOT-2012008496	G	2	35	10184	12351	3149	5108	0.6165	
PILOT-2012008496__G__sonnet4__rep0.json	PILOT-2012008496	G	0	35	10184	11503	1683	5108	0.3295	
PILOT-2012008496__G__sonnet4__rep1.json	PILOT-2012008496	G	1	35	10184	11640	1732	5108	0.3391	
PILOT-2012008496__G__sonnet4__rep2.json	PILOT-2012008496	G	2	35	10184	11478	1659	5108	0.3248	
PILOT-2012010015__F__gpt4o-mini__rep0.json	PILOT-2012010015	F	0	4	5606	1125	4504	672	6.7024	
PILOT-2012010015__F__gpt4o-mini__rep1.json	PILOT-2012010015	F	1	2	5606	818	4800	672	7.1429	
PILOT-2012010015__F__gpt4o-mini__rep2.json	PILOT-2012010015	F	2	4	5606	1159	4490	672	6.6815	
PILOT-2012010015__F__gpt5.4__rep0.json	PILOT-2012010015	F	0	16	5606	3107	2866	672	4.2649	
PILOT-2012010015__F__gpt5.4__rep1.json	PILOT-2012010015	F	1	16	5606	3110	2842	672	4.2292	
PILOT-2012010015__F__gpt5.4__rep2.json	PILOT-2012010015	F	2	16	5606	3069	2800	672	4.1667	
PILOT-2012010015__F__haiku4.5__rep0.json	PILOT-2012010015	F	0	16	5606	3152	2656	672	3.9524	
PILOT-2012010015__F__haiku4.5__rep1.json	PILOT-2012010015	F	1	16	5606	3057	2636	672	3.9226	
PILOT-2012010015__F__haiku4.5__rep2.json	PILOT-2012010015	F	2	16	5606	3481	2822	672	4.1994	
PILOT-2012010015__F__sonnet4__rep0.json	PILOT-2012010015	F	0	16	5606	3284	2769	672	4.1205	
PILOT-2012010015__F__sonnet4__rep1.json	PILOT-2012010015	F	1	16	5606	3600	3050	672	4.5387	
PILOT-2012010015__F__sonnet4__rep2.json	PILOT-2012010015	F	2	16	5606	3224	2709	672	4.0312	
PILOT-2012010015__G__gpt4o-mini__rep0.json	PILOT-2012010015	G	0	4	5606	1117	4500	672	6.6964	
PILOT-2012010015__G__gpt4o-mini__rep1.json	PILOT-2012010015	G	1	4	5606	1266	4381	672	6.5193	
PILOT-2012010015__G__gpt4o-mini__rep2.json	PILOT-2012010015	G	2	4	5606	1080	4541	672	6.7574	
PILOT-2012010015__G__gpt5.4__rep0.json	PILOT-2012010015	G	0	16	5606	3206	2678	672	3.9851	
PILOT-2012010015__G__gpt5.4__rep1.json	PILOT-2012010015	G	1	31	5606	5654	313	672	0.4658	
PILOT-2012010015__G__gpt5.4__rep2.json	PILOT-2012010015	G	2	16	5606	3068	2791	672	4.1533	
PILOT-2012010015__G__haiku4.5__rep0.json	PILOT-2012010015	G	0	31	5606	1465	4248	672	6.3214	
PILOT-2012010015__G__haiku4.5__rep1.json	PILOT-2012010015	G	1	31	5606	1188	4427	672	6.5878	
PILOT-2012010015__G__haiku4.5__rep2.json	PILOT-2012010015	G	2	16	5606	1154	4491	672	6.683	
PILOT-2012010015__G__sonnet4__rep0.json	PILOT-2012010015	G	0	16	5606	3194	2684	672	3.994	
PILOT-2012010015__G__sonnet4__rep1.json	PILOT-2012010015	G	1	16	5606	3206	2683	672	3.9926	
PILOT-2012010015__G__sonnet4__rep2.json	PILOT-2012010015	G	2	16	5606	3119	2785	672	4.1443	
PILOT-2013000789__F__gpt4o-mini__rep0.json	PILOT-2013000789	F	0	8	4195	1235	3074	2549	1.206	
PILOT-2013000789__F__gpt4o-mini__rep1.json	PILOT-2013000789	F	1	5	4195	855	3383	2549	1.3272	
PILOT-2013000789__F__gpt4o-mini__rep2.json	PILOT-2013000789	F	2	6	4195	1006	3274	2549	1.2844	
PILOT-2013000789__F__gpt5.4__rep0.json	PILOT-2013000789	F	0	18	4195	2553	1970	2549	0.7729	
PILOT-2013000789__F__gpt5.4__rep1.json	PILOT-2013000789	F	1	27	4195	4310	1929	2549	0.7568	
PILOT-2013000789__F__gpt5.4__rep2.json	PILOT-2013000789	F	2	18	4195	2472	2002	2549	0.7854	
PILOT-2013000789__F__haiku4.5__rep0.json	PILOT-2013000789	F	0	27	4195	3281	1505	2549	0.5904	
PILOT-2013000789__F__haiku4.5__rep1.json	PILOT-2013000789	F	1	27	4195	3452	1348	2549	0.5288	
PILOT-2013000789__F__haiku4.5__rep2.json	PILOT-2013000789	F	2	32	4195	2443	2179	2549	0.8548	
PILOT-2013000789__F__sonnet4__rep0.json	PILOT-2013000789	F	0	32	4195	4009	1008	2549	0.3954	
PILOT-2013000789__F__sonnet4__rep1.json	PILOT-2013000789	F	1	27	4195	3695	1410	2549	0.5532	
PILOT-2013000789__F__sonnet4__rep2.json	PILOT-2013000789	F	2	32	4195	4010	1019	2549	0.3998	
PILOT-2013000789__G__gpt4o-mini__rep0.json	PILOT-2013000789	G	0	0			None		None	no_gen
PILOT-2013000789__G__gpt4o-mini__rep1.json	PILOT-2013000789	G	1	5	4195	1009	3289	2549	1.2903	
PILOT-2013000789__G__gpt4o-mini__rep2.json	PILOT-2013000789	G	2	6	4195	1043	3220	2549	1.2632	
PILOT-2013000789__G__gpt5.4__rep0.json	PILOT-2013000789	G	0	27	4195	3581	1392	2549	0.5461	
PILOT-2013000789__G__gpt5.4__rep1.json	PILOT-2013000789	G	1	27	4195	3495	1461	2549	0.5732	
PILOT-2013000789__G__gpt5.4__rep2.json	PILOT-2013000789	G	2	25	4195	3474	1633	2549	0.6406	
PILOT-2013000789__G__haiku4.5__rep0.json	PILOT-2013000789	G	0	27	4195	3600	1390	2549	0.5453	
PILOT-2013000789__G__haiku4.5__rep1.json	PILOT-2013000789	G	1	32	4195	2241	2386	2549	0.9361	
PILOT-2013000789__G__haiku4.5__rep2.json	PILOT-2013000789	G	2	27	4195	3016	1613	2549	0.6328	
PILOT-2013000789__G__sonnet4__rep0.json	PILOT-2013000789	G	0	27	4195	3762	1486	2549	0.583	
PILOT-2013000789__G__sonnet4__rep1.json	PILOT-2013000789	G	1	27	4195	3868	1525	2549	0.5983	
PILOT-2013000789__G__sonnet4__rep2.json	PILOT-2013000789	G	2	32	4195	4231	1147	2549	0.45	
PILOT-2013001277__F__gpt4o-mini__rep0.json	PILOT-2013001277	F	0	4	3226	1072	2220	945	2.3492	
PILOT-2013001277__F__gpt4o-mini__rep1.json	PILOT-2013001277	F	1	14	3226	2373	895	945	0.9471	
PILOT-2013001277__F__gpt4o-mini__rep2.json	PILOT-2013001277	F	2	14	3226	2710	1029	945	1.0889	
PILOT-2013001277__F__gpt5.4__rep0.json	PILOT-2013001277	F	0	18	3226	3688	596	945	0.6307	
PILOT-2013001277__F__gpt5.4__rep1.json	PILOT-2013001277	F	1	14	3226	2602	1212	945	1.2825	
PILOT-2013001277__F__gpt5.4__rep2.json	PILOT-2013001277	F	2	14	3226	2616	1096	945	1.1598	
PILOT-2013001277__F__haiku4.5__rep0.json	PILOT-2013001277	F	0	18	3226	3950	857	945	0.9069	
PILOT-2013001277__F__haiku4.5__rep1.json	PILOT-2013001277	F	1	18	3226	3597	1211	945	1.2815	
PILOT-2013001277__F__haiku4.5__rep2.json	PILOT-2013001277	F	2	18	3226	4075	978	945	1.0349	
PILOT-2013001277__F__sonnet4__rep0.json	PILOT-2013001277	F	0	14	3226	3004	1343	945	1.4212	
PILOT-2013001277__F__sonnet4__rep1.json	PILOT-2013001277	F	1	14	3226	3184	1555	945	1.6455	
PILOT-2013001277__F__sonnet4__rep2.json	PILOT-2013001277	F	2	14	3226	3734	1755	945	1.8571	
PILOT-2013001277__G__gpt4o-mini__rep0.json	PILOT-2013001277	G	0	14	3226	2555	952	945	1.0074	
PILOT-2013001277__G__gpt4o-mini__rep1.json	PILOT-2013001277	G	1	18	3226	4212	1090	945	1.1534	
PILOT-2013001277__G__gpt4o-mini__rep2.json	PILOT-2013001277	G	2	18	3226	3552	456	945	0.4825	
PILOT-2013001277__G__gpt5.4__rep0.json	PILOT-2013001277	G	0	14	3226	2476	990	945	1.0476	
PILOT-2013001277__G__gpt5.4__rep1.json	PILOT-2013001277	G	1	14	3226	2770	1063	945	1.1249	
PILOT-2013001277__G__gpt5.4__rep2.json	PILOT-2013001277	G	2	14	3226	2583	1217	945	1.2878	
PILOT-2013001277__G__haiku4.5__rep0.json	PILOT-2013001277	G	0	18	3226	3782	693	945	0.7333	
PILOT-2013001277__G__haiku4.5__rep1.json	PILOT-2013001277	G	1	18	3226	4246	1147	945	1.2138	
PILOT-2013001277__G__haiku4.5__rep2.json	PILOT-2013001277	G	2	18	3226	4235	1138	945	1.2042	
PILOT-2013001277__G__sonnet4__rep0.json	PILOT-2013001277	G	0	14	3226	2806	1149	945	1.2159	
PILOT-2013001277__G__sonnet4__rep1.json	PILOT-2013001277	G	1	18	3226	3459	365	945	0.3862	
PILOT-2013001277__G__sonnet4__rep2.json	PILOT-2013001277	G	2	14	3226	2741	1118	945	1.1831	
PILOT-2013007708__F__gpt4o-mini__rep0.json	PILOT-2013007708	F	0	8	3817	2225	1799	3149	0.5713	
PILOT-2013007708__F__gpt4o-mini__rep1.json	PILOT-2013007708	F	1	0			None		None	no_gen
PILOT-2013007708__F__gpt4o-mini__rep2.json	PILOT-2013007708	F	2	7	3817	2071	1917	3149	0.6088	
PILOT-2013007708__F__gpt5.4__rep0.json	PILOT-2013007708	F	0	28	3817	3819	172	3149	0.0546	
PILOT-2013007708__F__gpt5.4__rep1.json	PILOT-2013007708	F	1	28	3817	3842	195	3149	0.0619	
PILOT-2013007708__F__gpt5.4__rep2.json	PILOT-2013007708	F	2	28	3817	3942	263	3149	0.0835	
PILOT-2013007708__F__haiku4.5__rep0.json	PILOT-2013007708	F	0	28	3817	5708	1968	3149	0.625	
PILOT-2013007708__F__haiku4.5__rep1.json	PILOT-2013007708	F	1	28	3817	5318	1759	3149	0.5586	
PILOT-2013007708__F__haiku4.5__rep2.json	PILOT-2013007708	F	2	28	3817	5322	1582	3149	0.5024	
PILOT-2013007708__F__sonnet4__rep0.json	PILOT-2013007708	F	0	28	3817	4162	461	3149	0.1464	
PILOT-2013007708__F__sonnet4__rep1.json	PILOT-2013007708	F	1	28	3817	4022	321	3149	0.1019	
PILOT-2013007708__F__sonnet4__rep2.json	PILOT-2013007708	F	2	28	3817	4028	327	3149	0.1038	
PILOT-2013007708__G__gpt4o-mini__rep0.json	PILOT-2013007708	G	0	7	3817	2037	1901	3149	0.6037	
PILOT-2013007708__G__gpt4o-mini__rep1.json	PILOT-2013007708	G	1	5	3817	1556	2309	3149	0.7332	
PILOT-2013007708__G__gpt4o-mini__rep2.json	PILOT-2013007708	G	2	6	3817	1916	2004	3149	0.6364	
PILOT-2013007708__G__gpt5.4__rep0.json	PILOT-2013007708	G	0	28	3817	3795	148	3149	0.047	
PILOT-2013007708__G__gpt5.4__rep1.json	PILOT-2013007708	G	1	28	3817	3836	189	3149	0.06	
PILOT-2013007708__G__gpt5.4__rep2.json	PILOT-2013007708	G	2	28	3817	3808	161	3149	0.0511	
PILOT-2013007708__G__haiku4.5__rep0.json	PILOT-2013007708	G	0	28	3817	3484	1381	3149	0.4386	
PILOT-2013007708__G__haiku4.5__rep1.json	PILOT-2013007708	G	1	28	3817	6762	3021	3149	0.9594	
PILOT-2013007708__G__haiku4.5__rep2.json	PILOT-2013007708	G	2	28	3817	3351	1459	3149	0.4633	
PILOT-2013007708__G__sonnet4__rep0.json	PILOT-2013007708	G	0	28	3817	4026	325	3149	0.1032	
PILOT-2013007708__G__sonnet4__rep1.json	PILOT-2013007708	G	1	28	3817	3878	199	3149	0.0632	
PILOT-2013007708__G__sonnet4__rep2.json	PILOT-2013007708	G	2	28	3817	4020	319	3149	0.1013	
PILOT-2014002407__F__gpt4o-mini__rep0.json	PILOT-2014002407	F	0	4	3806	3074	822	702	1.1709	
PILOT-2014002407__F__gpt4o-mini__rep1.json	PILOT-2014002407	F	1	8	3806	3763	167	702	0.2379	
PILOT-2014002407__F__gpt4o-mini__rep2.json	PILOT-2014002407	F	2	4	3806	3214	863	702	1.2293	
PILOT-2014002407__F__gpt5.4__rep0.json	PILOT-2014002407	F	0	8	3806	3802	208	702	0.2963	
PILOT-2014002407__F__gpt5.4__rep1.json	PILOT-2014002407	F	1	8	3806	3802	208	702	0.2963	
PILOT-2014002407__F__gpt5.4__rep2.json	PILOT-2014002407	F	2	8	3806	3847	253	702	0.3604	
PILOT-2014002407__F__haiku4.5__rep0.json	PILOT-2014002407	F	0	8	3806	3579	449	702	0.6396	
PILOT-2014002407__F__haiku4.5__rep1.json	PILOT-2014002407	F	1	8	3806	4185	509	702	0.7251	
PILOT-2014002407__F__haiku4.5__rep2.json	PILOT-2014002407	F	2	8	3806	4231	966	702	1.3761	
PILOT-2014002407__F__sonnet4__rep0.json	PILOT-2014002407	F	0	8	3806	3765	171	702	0.2436	
PILOT-2014002407__F__sonnet4__rep1.json	PILOT-2014002407	F	1	8	3806	3765	171	702	0.2436	
PILOT-2014002407__F__sonnet4__rep2.json	PILOT-2014002407	F	2	8	3806	3765	171	702	0.2436	
PILOT-2014002407__G__gpt4o-mini__rep0.json	PILOT-2014002407	G	0	4	3806	3214	863	702	1.2293	
PILOT-2014002407__G__gpt4o-mini__rep1.json	PILOT-2014002407	G	1	8	3806	3763	167	702	0.2379	
PILOT-2014002407__G__gpt4o-mini__rep2.json	PILOT-2014002407	G	2	8	3806	3700	140	702	0.1994	
PILOT-2014002407__G__gpt5.4__rep0.json	PILOT-2014002407	G	0	8	3806	3850	256	702	0.3647	
PILOT-2014002407__G__gpt5.4__rep1.json	PILOT-2014002407	G	1	8	3806	4108	514	702	0.7322	
PILOT-2014002407__G__gpt5.4__rep2.json	PILOT-2014002407	G	2	8	3806	3802	208	702	0.2963	
PILOT-2014002407__G__haiku4.5__rep0.json	PILOT-2014002407	G	0	8	3806	3806	222	702	0.3162	
PILOT-2014002407__G__haiku4.5__rep1.json	PILOT-2014002407	G	1	8	3806	3806	222	702	0.3162	
PILOT-2014002407__G__haiku4.5__rep2.json	PILOT-2014002407	G	2	8	3806	3806	222	702	0.3162	
PILOT-2014002407__G__sonnet4__rep0.json	PILOT-2014002407	G	0	8	3806	4059	465	702	0.6624	
PILOT-2014002407__G__sonnet4__rep1.json	PILOT-2014002407	G	1	8	3806	3765	171	702	0.2436	
PILOT-2014002407__G__sonnet4__rep2.json	PILOT-2014002407	G	2	8	3806	3765	171	702	0.2436	
PILOT-2014002745__F__gpt4o-mini__rep0.json	PILOT-2014002745	F	0	5	5510	1583	4066	4481	0.9074	
PILOT-2014002745__F__gpt4o-mini__rep1.json	PILOT-2014002745	F	1	3	5510	1211	4327	4481	0.9656	
PILOT-2014002745__F__gpt4o-mini__rep2.json	PILOT-2014002745	F	2	3	5510	1193	4349	4481	0.9705	
PILOT-2014002745__F__gpt5.4__rep0.json	PILOT-2014002745	F	0	27	5510	4527	1483	4481	0.331	
PILOT-2014002745__F__gpt5.4__rep1.json	PILOT-2014002745	F	1	27	5510	4362	1613	4481	0.36	
PILOT-2014002745__F__gpt5.4__rep2.json	PILOT-2014002745	F	2	27	5510	5582	1671	4481	0.3729	
PILOT-2014002745__F__haiku4.5__rep0.json	PILOT-2014002745	F	0	27	5510	5256	1416	4481	0.316	
PILOT-2014002745__F__haiku4.5__rep1.json	PILOT-2014002745	F	1	27	5510	5120	1289	4481	0.2877	
PILOT-2014002745__F__haiku4.5__rep2.json	PILOT-2014002745	F	2	0			None		None	no_gen
PILOT-2014002745__F__sonnet4__rep0.json	PILOT-2014002745	F	0	27	5510	5114	1003	4481	0.2238	
PILOT-2014002745__F__sonnet4__rep1.json	PILOT-2014002745	F	1	27	5510	4781	1226	4481	0.2736	
PILOT-2014002745__F__sonnet4__rep2.json	PILOT-2014002745	F	2	27	5510	5573	1741	4481	0.3885	
PILOT-2014002745__G__gpt4o-mini__rep0.json	PILOT-2014002745	G	0	21	5510	4691	1119	4481	0.2497	
PILOT-2014002745__G__gpt4o-mini__rep1.json	PILOT-2014002745	G	1	3	5510	916	4596	4481	1.0257	
PILOT-2014002745__G__gpt4o-mini__rep2.json	PILOT-2014002745	G	2	4	5510	1223	4379	4481	0.9772	
PILOT-2014002745__G__gpt5.4__rep0.json	PILOT-2014002745	G	0	27	5510	4401	1646	4481	0.3673	
PILOT-2014002745__G__gpt5.4__rep1.json	PILOT-2014002745	G	1	27	5510	5389	2115	4481	0.472	
PILOT-2014002745__G__gpt5.4__rep2.json	PILOT-2014002745	G	2	27	5510	4563	1620	4481	0.3615	
PILOT-2014002745__G__haiku4.5__rep0.json	PILOT-2014002745	G	0	27	5510	5112	2127	4481	0.4747	
PILOT-2014002745__G__haiku4.5__rep1.json	PILOT-2014002745	G	1	27	5510	5099	1312	4481	0.2928	
PILOT-2014002745__G__haiku4.5__rep2.json	PILOT-2014002745	G	2	27	5510	5156	2167	4481	0.4836	
PILOT-2014002745__G__sonnet4__rep0.json	PILOT-2014002745	G	0	27	5510	5391	1600	4481	0.3571	
PILOT-2014002745__G__sonnet4__rep1.json	PILOT-2014002745	G	1	27	5510	5292	1335	4481	0.2979	
PILOT-2014002745__G__sonnet4__rep2.json	PILOT-2014002745	G	2	27	5510	4975	1160	4481	0.2589	
PILOT-2014003236__F__gpt4o-mini__rep0.json	PILOT-2014003236	F	0	5	564	608	50	413	0.1211	
PILOT-2014003236__F__gpt4o-mini__rep1.json	PILOT-2014003236	F	1	5	564	712	152	413	0.368	
PILOT-2014003236__F__gpt4o-mini__rep2.json	PILOT-2014003236	F	2	5	564	633	113	413	0.2736	
PILOT-2014003236__F__gpt5.4__rep0.json	PILOT-2014003236	F	0	5	564	222	343	413	0.8305	
PILOT-2014003236__F__gpt5.4__rep1.json	PILOT-2014003236	F	1	5	564	409	160	413	0.3874	
PILOT-2014003236__F__gpt5.4__rep2.json	PILOT-2014003236	F	2	5	564	442	133	413	0.322	
PILOT-2014003236__F__haiku4.5__rep0.json	PILOT-2014003236	F	0	5	564	683	137	413	0.3317	
PILOT-2014003236__F__haiku4.5__rep1.json	PILOT-2014003236	F	1	5	564	596	79	413	0.1913	
PILOT-2014003236__F__haiku4.5__rep2.json	PILOT-2014003236	F	2	5	564	455	237	413	0.5738	
PILOT-2014003236__F__sonnet4__rep0.json	PILOT-2014003236	F	0	5	564	586	57	413	0.138	
PILOT-2014003236__F__sonnet4__rep1.json	PILOT-2014003236	F	1	5	564	698	175	413	0.4237	
PILOT-2014003236__F__sonnet4__rep2.json	PILOT-2014003236	F	2	5	564	450	164	413	0.3971	
PILOT-2014003236__G__gpt4o-mini__rep0.json	PILOT-2014003236	G	0	5	564	573	44	413	0.1065	
PILOT-2014003236__G__gpt4o-mini__rep1.json	PILOT-2014003236	G	1	5	564	549	40	413	0.0969	
PILOT-2014003236__G__gpt4o-mini__rep2.json	PILOT-2014003236	G	2	5	564	563	17	413	0.0412	
PILOT-2014003236__G__gpt5.4__rep0.json	PILOT-2014003236	G	0	5	564	220	345	413	0.8354	
PILOT-2014003236__G__gpt5.4__rep1.json	PILOT-2014003236	G	1	5	564	218	347	413	0.8402	
PILOT-2014003236__G__gpt5.4__rep2.json	PILOT-2014003236	G	2	5	564	218	347	413	0.8402	
PILOT-2014003236__G__haiku4.5__rep0.json	PILOT-2014003236	G	0	5	564	587	88	413	0.2131	
PILOT-2014003236__G__haiku4.5__rep1.json	PILOT-2014003236	G	1	5	564	1203	659	413	1.5956	
PILOT-2014003236__G__haiku4.5__rep2.json	PILOT-2014003236	G	2	5	564	596	79	413	0.1913	
PILOT-2014003236__G__sonnet4__rep0.json	PILOT-2014003236	G	0	5	564	508	130	413	0.3148	
PILOT-2014003236__G__sonnet4__rep1.json	PILOT-2014003236	G	1	6	564	395	240	413	0.5811	
PILOT-2014003236__G__sonnet4__rep2.json	PILOT-2014003236	G	2	5	564	392	193	413	0.4673	
PILOT-2014003587__F__gpt4o-mini__rep0.json	PILOT-2014003587	F	0	4	4305	2170	2222	1705	1.3032	
PILOT-2014003587__F__gpt4o-mini__rep1.json	PILOT-2014003587	F	1	8	4305	1995	2333	1705	1.3683	
PILOT-2014003587__F__gpt4o-mini__rep2.json	PILOT-2014003587	F	2	9	4305	3002	1818	1705	1.0663	
PILOT-2014003587__F__gpt5.4__rep0.json	PILOT-2014003587	F	0	20	4305	3821	513	1705	0.3009	
PILOT-2014003587__F__gpt5.4__rep1.json	PILOT-2014003587	F	1	20	4305	4150	995	1705	0.5836	
PILOT-2014003587__F__gpt5.4__rep2.json	PILOT-2014003587	F	2	20	4305	4041	1045	1705	0.6129	
PILOT-2014003587__F__haiku4.5__rep0.json	PILOT-2014003587	F	0	20	4305	4905	664	1705	0.3894	
PILOT-2014003587__F__haiku4.5__rep1.json	PILOT-2014003587	F	1	20	4305	5833	1604	1705	0.9408	
PILOT-2014003587__F__haiku4.5__rep2.json	PILOT-2014003587	F	2	20	4305	4710	633	1705	0.3713	
PILOT-2014003587__F__sonnet4__rep0.json	PILOT-2014003587	F	0	20	4305	4637	400	1705	0.2346	
PILOT-2014003587__F__sonnet4__rep1.json	PILOT-2014003587	F	1	20	4305	4635	398	1705	0.2334	
PILOT-2014003587__F__sonnet4__rep2.json	PILOT-2014003587	F	2	20	4305	4640	403	1705	0.2364	
PILOT-2014003587__G__gpt4o-mini__rep0.json	PILOT-2014003587	G	0	13	4305	3673	1292	1705	0.7578	
PILOT-2014003587__G__gpt4o-mini__rep1.json	PILOT-2014003587	G	1	8	4305	2397	2281	1705	1.3378	
PILOT-2014003587__G__gpt4o-mini__rep2.json	PILOT-2014003587	G	2	16	4305	3828	550	1705	0.3226	
PILOT-2014003587__G__gpt5.4__rep0.json	PILOT-2014003587	G	0	20	4305	3980	1014	1705	0.5947	
PILOT-2014003587__G__gpt5.4__rep1.json	PILOT-2014003587	G	1	20	4305	4140	846	1705	0.4962	
PILOT-2014003587__G__gpt5.4__rep2.json	PILOT-2014003587	G	2	20	4305	4823	580	1705	0.3402	
PILOT-2014003587__G__haiku4.5__rep0.json	PILOT-2014003587	G	0	20	4305	4637	551	1705	0.3232	
PILOT-2014003587__G__haiku4.5__rep1.json	PILOT-2014003587	G	1	20	4305	5134	913	1705	0.5355	
PILOT-2014003587__G__haiku4.5__rep2.json	PILOT-2014003587	G	2	20	4305	4792	548	1705	0.3214	
PILOT-2014003587__G__sonnet4__rep0.json	PILOT-2014003587	G	0	20	4305	4887	650	1705	0.3812	
PILOT-2014003587__G__sonnet4__rep1.json	PILOT-2014003587	G	1	20	4305	4932	695	1705	0.4076	
PILOT-2014003587__G__sonnet4__rep2.json	PILOT-2014003587	G	2	20	4305	4640	403	1705	0.2364	
PILOT-2014006550__F__gpt4o-mini__rep0.json	PILOT-2014006550	F	0	0			None		None	no_gen
PILOT-2014006550__F__gpt4o-mini__rep1.json	PILOT-2014006550	F	1	8	6560	3676	3203	1375	2.3295	
PILOT-2014006550__F__gpt4o-mini__rep2.json	PILOT-2014006550	F	2	13	6560	4896	1723	1375	1.2531	
PILOT-2014006550__F__gpt5.4__rep0.json	PILOT-2014006550	F	0	20	6560	7051	702	1375	0.5105	
PILOT-2014006550__F__gpt5.4__rep1.json	PILOT-2014006550	F	1	20	6560	6768	419	1375	0.3047	
PILOT-2014006550__F__gpt5.4__rep2.json	PILOT-2014006550	F	2	20	6560	7101	735	1375	0.5345	
PILOT-2014006550__F__haiku4.5__rep0.json	PILOT-2014006550	F	0	20	6560	7043	1177	1375	0.856	
PILOT-2014006550__F__haiku4.5__rep1.json	PILOT-2014006550	F	1	20	6560	8039	2056	1375	1.4953	
PILOT-2014006550__F__haiku4.5__rep2.json	PILOT-2014006550	F	2	20	6560	7232	1448	1375	1.0531	
PILOT-2014006550__F__sonnet4__rep0.json	PILOT-2014006550	F	0	20	6560	6848	479	1375	0.3484	
PILOT-2014006550__F__sonnet4__rep1.json	PILOT-2014006550	F	1	20	6560	6848	479	1375	0.3484	
PILOT-2014006550__F__sonnet4__rep2.json	PILOT-2014006550	F	2	20	6560	6890	526	1375	0.3825	
PILOT-2014006550__G__gpt4o-mini__rep0.json	PILOT-2014006550	G	0	3	6560	2151	4448	1375	3.2349	
PILOT-2014006550__G__gpt4o-mini__rep1.json	PILOT-2014006550	G	1	20	6560	7728	1306	1375	0.9498	
PILOT-2014006550__G__gpt4o-mini__rep2.json	PILOT-2014006550	G	2	8	6560	3276	3434	1375	2.4975	
PILOT-2014006550__G__gpt5.4__rep0.json	PILOT-2014006550	G	0	20	6560	7181	813	1375	0.5913	
PILOT-2014006550__G__gpt5.4__rep1.json	PILOT-2014006550	G	1	20	6560	7005	637	1375	0.4633	
PILOT-2014006550__G__gpt5.4__rep2.json	PILOT-2014006550	G	2	20	6560	7144	837	1375	0.6087	
PILOT-2014006550__G__haiku4.5__rep0.json	PILOT-2014006550	G	0	20	6560	7422	1324	1375	0.9629	
PILOT-2014006550__G__haiku4.5__rep1.json	PILOT-2014006550	G	1	20	6560	7042	1016	1375	0.7389	
PILOT-2014006550__G__haiku4.5__rep2.json	PILOT-2014006550	G	2	20	6560	7125	1183	1375	0.8604	
PILOT-2014006550__G__sonnet4__rep0.json	PILOT-2014006550	G	0	20	6560	7228	864	1375	0.6284	
PILOT-2014006550__G__sonnet4__rep1.json	PILOT-2014006550	G	1	20	6560	6848	479	1375	0.3484	
PILOT-2014006550__G__sonnet4__rep2.json	PILOT-2014006550	G	2	20	6560	7226	862	1375	0.6269	
PILOT-2014007043__F__gpt4o-mini__rep0.json	PILOT-2014007043	F	0	3	4137	1544	2636	1469	1.7944	
PILOT-2014007043__F__gpt4o-mini__rep1.json	PILOT-2014007043	F	1	4	4137	2119	2219	1469	1.5106	
PILOT-2014007043__F__gpt4o-mini__rep2.json	PILOT-2014007043	F	2	4	4137	1886	2401	1469	1.6344	
PILOT-2014007043__F__gpt5.4__rep0.json	PILOT-2014007043	F	0	20	4137	4226	137	1469	0.0933	
PILOT-2014007043__F__gpt5.4__rep1.json	PILOT-2014007043	F	1	20	4137	4022	370	1469	0.2519	
PILOT-2014007043__F__gpt5.4__rep2.json	PILOT-2014007043	F	2	20	4137	4134	106	1469	0.0722	
PILOT-2014007043__F__haiku4.5__rep0.json	PILOT-2014007043	F	0	20	4137	4127	152	1469	0.1035	
PILOT-2014007043__F__haiku4.5__rep1.json	PILOT-2014007043	F	1	20	4137	4127	152	1469	0.1035	
PILOT-2014007043__F__haiku4.5__rep2.json	PILOT-2014007043	F	2	20	4137	4125	154	1469	0.1048	
PILOT-2014007043__F__sonnet4__rep0.json	PILOT-2014007043	F	0	20	4137	4204	127	1469	0.0865	
PILOT-2014007043__F__sonnet4__rep1.json	PILOT-2014007043	F	1	20	4137	3846	359	1469	0.2444	
PILOT-2014007043__F__sonnet4__rep2.json	PILOT-2014007043	F	2	20	4137	3779	655	1469	0.4459	
PILOT-2014007043__G__gpt4o-mini__rep0.json	PILOT-2014007043	G	0	4	4137	2111	2155	1469	1.467	
PILOT-2014007043__G__gpt4o-mini__rep1.json	PILOT-2014007043	G	1	4	4137	2082	2203	1469	1.4997	
PILOT-2014007043__G__gpt4o-mini__rep2.json	PILOT-2014007043	G	2	4	4137	2010	2208	1469	1.5031	
PILOT-2014007043__G__gpt5.4__rep0.json	PILOT-2014007043	G	0	20	4137	4372	351	1469	0.2389	
PILOT-2014007043__G__gpt5.4__rep1.json	PILOT-2014007043	G	1	20	4137	4092	136	1469	0.0926	
PILOT-2014007043__G__gpt5.4__rep2.json	PILOT-2014007043	G	2	6	4137	1869	2338	1469	1.5916	
PILOT-2014007043__G__haiku4.5__rep0.json	PILOT-2014007043	G	0	20	4137	1528	2723	1469	1.8536	
PILOT-2014007043__G__haiku4.5__rep1.json	PILOT-2014007043	G	1	20	4137	4038	738	1469	0.5024	
PILOT-2014007043__G__haiku4.5__rep2.json	PILOT-2014007043	G	2	20	4137	1993	2398	1469	1.6324	
PILOT-2014007043__G__sonnet4__rep0.json	PILOT-2014007043	G	0	20	4137	3610	573	1469	0.3901	
PILOT-2014007043__G__sonnet4__rep1.json	PILOT-2014007043	G	1	20	4137	3604	627	1469	0.4268	
PILOT-2014007043__G__sonnet4__rep2.json	PILOT-2014007043	G	2	20	4137	3604	627	1469	0.4268	
PILOT-2014008375__F__gpt4o-mini__rep0.json	PILOT-2014008375	F	0	4	3234	1828	1597	1633	0.978	
PILOT-2014008375__F__gpt4o-mini__rep1.json	PILOT-2014008375	F	1	3	3234	824	2420	1633	1.4819	
PILOT-2014008375__F__gpt4o-mini__rep2.json	PILOT-2014008375	F	2	4	3234	1830	1603	1633	0.9816	
PILOT-2014008375__F__gpt5.4__rep0.json	PILOT-2014008375	F	0	10	3234	3237	19	1633	0.0116	
PILOT-2014008375__F__gpt5.4__rep1.json	PILOT-2014008375	F	1	10	3234	3237	19	1633	0.0116	
PILOT-2014008375__F__gpt5.4__rep2.json	PILOT-2014008375	F	2	10	3234	3563	345	1633	0.2113	
PILOT-2014008375__F__haiku4.5__rep0.json	PILOT-2014008375	F	0	10	3234	3164	682	1633	0.4176	
PILOT-2014008375__F__haiku4.5__rep1.json	PILOT-2014008375	F	1	10	3234	1468	1814	1633	1.1108	
PILOT-2014008375__F__haiku4.5__rep2.json	PILOT-2014008375	F	2	10	3234	1511	1772	1633	1.0851	
PILOT-2014008375__F__sonnet4__rep0.json	PILOT-2014008375	F	0	10	3234	3375	149	1633	0.0912	
PILOT-2014008375__F__sonnet4__rep1.json	PILOT-2014008375	F	1	10	3234	3375	149	1633	0.0912	
PILOT-2014008375__F__sonnet4__rep2.json	PILOT-2014008375	F	2	10	3234	3434	216	1633	0.1323	
PILOT-2014008375__G__gpt4o-mini__rep0.json	PILOT-2014008375	G	0	3	3234	876	2368	1633	1.4501	
PILOT-2014008375__G__gpt4o-mini__rep1.json	PILOT-2014008375	G	1	2	3234	881	2373	1633	1.4532	
PILOT-2014008375__G__gpt4o-mini__rep2.json	PILOT-2014008375	G	2	4	3234	1776	1586	1633	0.9712	
PILOT-2014008375__G__gpt5.4__rep0.json	PILOT-2014008375	G	0	5	3234	1831	1425	1633	0.8726	
PILOT-2014008375__G__gpt5.4__rep1.json	PILOT-2014008375	G	1	5	3234	1942	1536	1633	0.9406	
PILOT-2014008375__G__gpt5.4__rep2.json	PILOT-2014008375	G	2	10	3234	3540	322	1633	0.1972	
PILOT-2014008375__G__haiku4.5__rep0.json	PILOT-2014008375	G	0	10	3234	1842	1518	1633	0.9296	
PILOT-2014008375__G__haiku4.5__rep1.json	PILOT-2014008375	G	1	10	3234	2919	381	1633	0.2333	
PILOT-2014008375__G__haiku4.5__rep2.json	PILOT-2014008375	G	2	10	3234	2919	381	1633	0.2333	
PILOT-2014008375__G__sonnet4__rep0.json	PILOT-2014008375	G	0	10	3234	3432	206	1633	0.1261	
PILOT-2014008375__G__sonnet4__rep1.json	PILOT-2014008375	G	1	10	3234	3432	206	1633	0.1261	
PILOT-2014008375__G__sonnet4__rep2.json	PILOT-2014008375	G	2	10	3234	3308	82	1633	0.0502	
PILOT-2014009096__F__gpt4o-mini__rep0.json	PILOT-2014009096	F	0	4	5103	3025	2537	3397	0.7468	
PILOT-2014009096__F__gpt4o-mini__rep1.json	PILOT-2014009096	F	1	4	5103	3018	2517	3397	0.7409	
PILOT-2014009096__F__gpt4o-mini__rep2.json	PILOT-2014009096	F	2	4	5103	3014	2520	3397	0.7418	
PILOT-2014009096__F__gpt5.4__rep0.json	PILOT-2014009096	F	0	4	5103	2958	2471	3397	0.7274	
PILOT-2014009096__F__gpt5.4__rep1.json	PILOT-2014009096	F	1	9	5103	5169	337	3397	0.0992	
PILOT-2014009096__F__gpt5.4__rep2.json	PILOT-2014009096	F	2	9	5103	5284	478	3397	0.1407	
PILOT-2014009096__F__haiku4.5__rep0.json	PILOT-2014009096	F	0	5	5103	2903	2437	3397	0.7174	
PILOT-2014009096__F__haiku4.5__rep1.json	PILOT-2014009096	F	1	5	5103	2970	2381	3397	0.7009	
PILOT-2014009096__F__haiku4.5__rep2.json	PILOT-2014009096	F	2	5	5103	3222	2653	3397	0.781	
PILOT-2014009096__F__sonnet4__rep0.json	PILOT-2014009096	F	0	4	5103	3060	2492	3397	0.7336	
PILOT-2014009096__F__sonnet4__rep1.json	PILOT-2014009096	F	1	4	5103	2916	2413	3397	0.7103	
PILOT-2014009096__F__sonnet4__rep2.json	PILOT-2014009096	F	2	4	5103	2916	2413	3397	0.7103	
PILOT-2014009096__G__gpt4o-mini__rep0.json	PILOT-2014009096	G	0	4	5103	3014	2520	3397	0.7418	
PILOT-2014009096__G__gpt4o-mini__rep1.json	PILOT-2014009096	G	1	4	5103	3032	2531	3397	0.7451	
PILOT-2014009096__G__gpt4o-mini__rep2.json	PILOT-2014009096	G	2	4	5103	3019	2517	3397	0.7409	
PILOT-2014009096__G__gpt5.4__rep0.json	PILOT-2014009096	G	0	9	5103	5228	371	3397	0.1092	
PILOT-2014009096__G__gpt5.4__rep1.json	PILOT-2014009096	G	1	9	5103	5148	314	3397	0.0924	
PILOT-2014009096__G__gpt5.4__rep2.json	PILOT-2014009096	G	2	9	5103	5275	415	3397	0.1222	
PILOT-2014009096__G__haiku4.5__rep0.json	PILOT-2014009096	G	0	4	5103	3185	2613	3397	0.7692	
PILOT-2014009096__G__haiku4.5__rep1.json	PILOT-2014009096	G	1	10	5103	3220	2657	3397	0.7822	
PILOT-2014009096__G__haiku4.5__rep2.json	PILOT-2014009096	G	2	10	5103	3087	2732	3397	0.8042	
PILOT-2014009096__G__sonnet4__rep0.json	PILOT-2014009096	G	0	4	5103	2939	2396	3397	0.7053	
PILOT-2014009096__G__sonnet4__rep1.json	PILOT-2014009096	G	1	4	5103	2952	2384	3397	0.7018	
PILOT-2014009096__G__sonnet4__rep2.json	PILOT-2014009096	G	2	4	5103	2952	2384	3397	0.7018	
PILOT-2014009182__F__gpt4o-mini__rep0.json	PILOT-2014009182	F	0	2	5648	2126	3531	778	4.5386	
PILOT-2014009182__F__gpt4o-mini__rep1.json	PILOT-2014009182	F	1	2	5648	2260	3422	778	4.3985	
PILOT-2014009182__F__gpt4o-mini__rep2.json	PILOT-2014009182	F	2	2	5648	1972	3705	778	4.7622	
PILOT-2014009182__F__gpt5.4__rep0.json	PILOT-2014009182	F	0	20	5648	6005	617	778	0.7931	
PILOT-2014009182__F__gpt5.4__rep1.json	PILOT-2014009182	F	1	20	5648	5210	1120	778	1.4396	
PILOT-2014009182__F__gpt5.4__rep2.json	PILOT-2014009182	F	2	20	5648	6317	929	778	1.1941	
PILOT-2014009182__F__haiku4.5__rep0.json	PILOT-2014009182	F	0	20	5648	4926	1389	778	1.7853	
PILOT-2014009182__F__haiku4.5__rep1.json	PILOT-2014009182	F	1	12	5648	4494	2779	778	3.572	
PILOT-2014009182__F__haiku4.5__rep2.json	PILOT-2014009182	F	2	12	5648	4662	2359	778	3.0321	
PILOT-2014009182__F__sonnet4__rep0.json	PILOT-2014009182	F	0	20	5648	5894	506	778	0.6504	
PILOT-2014009182__F__sonnet4__rep1.json	PILOT-2014009182	F	1	20	5648	5941	553	778	0.7108	
PILOT-2014009182__F__sonnet4__rep2.json	PILOT-2014009182	F	2	20	5648	5941	553	778	0.7108	
PILOT-2014009182__G__gpt4o-mini__rep0.json	PILOT-2014009182	G	0	8	5648	3027	2654	778	3.4113	
PILOT-2014009182__G__gpt4o-mini__rep1.json	PILOT-2014009182	G	1	8	5648	3015	2642	778	3.3959	
PILOT-2014009182__G__gpt4o-mini__rep2.json	PILOT-2014009182	G	2	9	5648	3393	2540	778	3.2648	
PILOT-2014009182__G__gpt5.4__rep0.json	PILOT-2014009182	G	0	12	5648	4150	2301	778	2.9576	
PILOT-2014009182__G__gpt5.4__rep1.json	PILOT-2014009182	G	1	20	5648	6266	878	778	1.1285	
PILOT-2014009182__G__gpt5.4__rep2.json	PILOT-2014009182	G	2	12	5648	3913	2198	778	2.8252	
PILOT-2014009182__G__haiku4.5__rep0.json	PILOT-2014009182	G	0	20	5648	6572	1184	778	1.5219	
PILOT-2014009182__G__haiku4.5__rep1.json	PILOT-2014009182	G	1	20	5648	6984	1786	778	2.2956	
PILOT-2014009182__G__haiku4.5__rep2.json	PILOT-2014009182	G	2	20	5648	6914	1526	778	1.9614	
PILOT-2014009182__G__sonnet4__rep0.json	PILOT-2014009182	G	0	20	5648	6530	1142	778	1.4679	
PILOT-2014009182__G__sonnet4__rep1.json	PILOT-2014009182	G	1	20	5648	6034	646	778	0.8303	
PILOT-2014009182__G__sonnet4__rep2.json	PILOT-2014009182	G	2	20	5648	5589	201	778	0.2584	
PILOT-2014009970__F__gpt4o-mini__rep0.json	PILOT-2014009970	F	0	5	2186	1705	828	1005	0.8239	
PILOT-2014009970__F__gpt4o-mini__rep1.json	PILOT-2014009970	F	1	9	2186	2177	104	1005	0.1035	
PILOT-2014009970__F__gpt4o-mini__rep2.json	PILOT-2014009970	F	2	9	2186	2141	69	1005	0.0687	
PILOT-2014009970__F__gpt5.4__rep0.json	PILOT-2014009970	F	0	9	2186	2431	388	1005	0.3861	
PILOT-2014009970__F__gpt5.4__rep1.json	PILOT-2014009970	F	1	9	2186	2504	518	1005	0.5154	
PILOT-2014009970__F__gpt5.4__rep2.json	PILOT-2014009970	F	2	9	2186	3132	1061	1005	1.0557	
PILOT-2014009970__F__haiku4.5__rep0.json	PILOT-2014009970	F	0	9	2186	2987	866	1005	0.8617	
PILOT-2014009970__F__haiku4.5__rep1.json	PILOT-2014009970	F	1	9	2186	3354	1236	1005	1.2299	
PILOT-2014009970__F__haiku4.5__rep2.json	PILOT-2014009970	F	2	9	2186	3124	1004	1005	0.999	
PILOT-2014009970__F__sonnet4__rep0.json	PILOT-2014009970	F	0	9	2186	2182	996	1005	0.991	
PILOT-2014009970__F__sonnet4__rep1.json	PILOT-2014009970	F	1	9	2186	1986	814	1005	0.81	
PILOT-2014009970__F__sonnet4__rep2.json	PILOT-2014009970	F	2	9	2186	2182	996	1005	0.991	
PILOT-2014009970__G__gpt4o-mini__rep0.json	PILOT-2014009970	G	0	9	2186	2157	106	1005	0.1055	
PILOT-2014009970__G__gpt4o-mini__rep1.json	PILOT-2014009970	G	1	9	2186	2407	336	1005	0.3343	
PILOT-2014009970__G__gpt4o-mini__rep2.json	PILOT-2014009970	G	2	9	2186	2221	144	1005	0.1433	
PILOT-2014009970__G__gpt5.4__rep0.json	PILOT-2014009970	G	0	9	2186	3005	938	1005	0.9333	
PILOT-2014009970__G__gpt5.4__rep1.json	PILOT-2014009970	G	1	9	2186	2903	832	1005	0.8279	
PILOT-2014009970__G__gpt5.4__rep2.json	PILOT-2014009970	G	2	9	2186	1335	1020	1005	1.0149	
PILOT-2014009970__G__haiku4.5__rep0.json	PILOT-2014009970	G	0	9	2186	3086	1075	1005	1.0697	
PILOT-2014009970__G__haiku4.5__rep1.json	PILOT-2014009970	G	1	9	2186	3180	1062	1005	1.0567	
PILOT-2014009970__G__haiku4.5__rep2.json	PILOT-2014009970	G	2	9	2186	3239	1121	1005	1.1154	
PILOT-2014009970__G__sonnet4__rep0.json	PILOT-2014009970	G	0	9	2186	2293	230	1005	0.2289	
PILOT-2014009970__G__sonnet4__rep1.json	PILOT-2014009970	G	1	9	2186	2494	431	1005	0.4289	
PILOT-2014009970__G__sonnet4__rep2.json	PILOT-2014009970	G	2	9	2186	1827	680	1005	0.6766	
PILOT-2015000199__F__gpt4o-mini__rep0.json	PILOT-2015000199	F	0	10	9694	2218	7492	3495	2.1436	
PILOT-2015000199__F__gpt4o-mini__rep1.json	PILOT-2015000199	F	1	0			None		None	no_gen
PILOT-2015000199__F__gpt4o-mini__rep2.json	PILOT-2015000199	F	2	10	9694	2280	7495	3495	2.1445	
PILOT-2015000199__F__gpt5.4__rep0.json	PILOT-2015000199	F	0	10	9694	2399	7546	3495	2.1591	
PILOT-2015000199__F__gpt5.4__rep1.json	PILOT-2015000199	F	1	10	9694	2418	7538	3495	2.1568	
PILOT-2015000199__F__gpt5.4__rep2.json	PILOT-2015000199	F	2	10	9694	2461	7548	3495	2.1597	
PILOT-2015000199__F__haiku4.5__rep0.json	PILOT-2015000199	F	0	10	9694	2456	7539	3495	2.1571	
PILOT-2015000199__F__haiku4.5__rep1.json	PILOT-2015000199	F	1	10	9694	1993	7887	3495	2.2567	
PILOT-2015000199__F__haiku4.5__rep2.json	PILOT-2015000199	F	2	10	9694	2573	7495	3495	2.1445	
PILOT-2015000199__F__sonnet4__rep0.json	PILOT-2015000199	F	0	10	9694	2621	7431	3495	2.1262	
PILOT-2015000199__F__sonnet4__rep1.json	PILOT-2015000199	F	1	10	9694	1887	7847	3495	2.2452	
PILOT-2015000199__F__sonnet4__rep2.json	PILOT-2015000199	F	2	10	9694	2453	7532	3495	2.1551	
PILOT-2015000199__G__gpt4o-mini__rep0.json	PILOT-2015000199	G	0	10	9694	2270	7511	3495	2.1491	
PILOT-2015000199__G__gpt4o-mini__rep1.json	PILOT-2015000199	G	1	4	9694	1441	8270	3495	2.3662	
PILOT-2015000199__G__gpt4o-mini__rep2.json	PILOT-2015000199	G	2	10	9694	2304	7473	3495	2.1382	
PILOT-2015000199__G__gpt5.4__rep0.json	PILOT-2015000199	G	0	10	9694	2368	7569	3495	2.1657	
PILOT-2015000199__G__gpt5.4__rep1.json	PILOT-2015000199	G	1	10	9694	2399	7558	3495	2.1625	
PILOT-2015000199__G__gpt5.4__rep2.json	PILOT-2015000199	G	2	10	9694	2497	7497	3495	2.1451	
PILOT-2015000199__G__haiku4.5__rep0.json	PILOT-2015000199	G	0	10	9694	2289	7621	3495	2.1805	
PILOT-2015000199__G__haiku4.5__rep1.json	PILOT-2015000199	G	1	10	9694	2473	7522	3495	2.1522	
PILOT-2015000199__G__haiku4.5__rep2.json	PILOT-2015000199	G	2	10	9694	2446	7557	3495	2.1622	
PILOT-2015000199__G__sonnet4__rep0.json	PILOT-2015000199	G	0	10	9694	2537	7451	3495	2.1319	
PILOT-2015000199__G__sonnet4__rep1.json	PILOT-2015000199	G	1	10	9694	2486	7466	3495	2.1362	
PILOT-2015000199__G__sonnet4__rep2.json	PILOT-2015000199	G	2	10	9694	2552	7463	3495	2.1353	
PILOT-2015004151__F__gpt4o-mini__rep0.json	PILOT-2015004151	F	0	5	939	869	461	675	0.683	
PILOT-2015004151__F__gpt4o-mini__rep1.json	PILOT-2015004151	F	1	8	939	1119	262	675	0.3881	
PILOT-2015004151__F__gpt4o-mini__rep2.json	PILOT-2015004151	F	2	8	939	1169	303	675	0.4489	
PILOT-2015004151__F__gpt5.4__rep0.json	PILOT-2015004151	F	0	8	939	824	345	675	0.5111	
PILOT-2015004151__F__gpt5.4__rep1.json	PILOT-2015004151	F	1	8	939	865	380	675	0.563	
PILOT-2015004151__F__gpt5.4__rep2.json	PILOT-2015004151	F	2	8	939	865	380	675	0.563	
PILOT-2015004151__F__haiku4.5__rep0.json	PILOT-2015004151	F	0	8	939	1204	361	675	0.5348	
PILOT-2015004151__F__haiku4.5__rep1.json	PILOT-2015004151	F	1	8	939	1177	339	675	0.5022	
PILOT-2015004151__F__haiku4.5__rep2.json	PILOT-2015004151	F	2	8	939	1224	367	675	0.5437	
PILOT-2015004151__F__sonnet4__rep0.json	PILOT-2015004151	F	0	8	939	1072	207	675	0.3067	
PILOT-2015004151__F__sonnet4__rep1.json	PILOT-2015004151	F	1	8	939	1031	172	675	0.2548	
PILOT-2015004151__F__sonnet4__rep2.json	PILOT-2015004151	F	2	8	939	1072	207	675	0.3067	
PILOT-2015004151__G__gpt4o-mini__rep0.json	PILOT-2015004151	G	0	8	939	1040	178	675	0.2637	
PILOT-2015004151__G__gpt4o-mini__rep1.json	PILOT-2015004151	G	1	4	939	662	458	675	0.6785	
PILOT-2015004151__G__gpt4o-mini__rep2.json	PILOT-2015004151	G	2	8	939	1059	200	675	0.2963	
PILOT-2015004151__G__gpt5.4__rep0.json	PILOT-2015004151	G	0	8	939	838	359	675	0.5319	
PILOT-2015004151__G__gpt5.4__rep1.json	PILOT-2015004151	G	1	8	939	825	345	675	0.5111	
PILOT-2015004151__G__gpt5.4__rep2.json	PILOT-2015004151	G	2	8	939	851	366	675	0.5422	
PILOT-2015004151__G__haiku4.5__rep0.json	PILOT-2015004151	G	0	8	939	1119	250	675	0.3704	
PILOT-2015004151__G__haiku4.5__rep1.json	PILOT-2015004151	G	1	8	939	1119	250	675	0.3704	
PILOT-2015004151__G__haiku4.5__rep2.json	PILOT-2015004151	G	2	8	939	1119	250	675	0.3704	
PILOT-2015004151__G__sonnet4__rep0.json	PILOT-2015004151	G	0	8	939	1031	172	675	0.2548	
PILOT-2015004151__G__sonnet4__rep1.json	PILOT-2015004151	G	1	8	939	1031	172	675	0.2548	
PILOT-2015004151__G__sonnet4__rep2.json	PILOT-2015004151	G	2	8	939	998	183	675	0.2711	
PILOT-2015004158__F__gpt4o-mini__rep0.json	PILOT-2015004158	F	0	2	2431	545	1909	1096	1.7418	
PILOT-2015004158__F__gpt4o-mini__rep1.json	PILOT-2015004158	F	1	2	2431	533	1916	1096	1.7482	
PILOT-2015004158__F__gpt4o-mini__rep2.json	PILOT-2015004158	F	2	2	2431	532	1917	1096	1.7491	
PILOT-2015004158__F__gpt5.4__rep0.json	PILOT-2015004158	F	0	8	2431	1674	758	1096	0.6916	
PILOT-2015004158__F__gpt5.4__rep1.json	PILOT-2015004158	F	1	9	2431	2912	1163	1096	1.0611	
PILOT-2015004158__F__gpt5.4__rep2.json	PILOT-2015004158	F	2	9	2431	2085	630	1096	0.5748	
PILOT-2015004158__F__haiku4.5__rep0.json	PILOT-2015004158	F	0	9	2431	2038	817	1096	0.7454	
PILOT-2015004158__F__haiku4.5__rep1.json	PILOT-2015004158	F	1	9	2431	2060	499	1096	0.4553	
PILOT-2015004158__F__haiku4.5__rep2.json	PILOT-2015004158	F	2	9	2431	1923	938	1096	0.8558	
PILOT-2015004158__F__sonnet4__rep0.json	PILOT-2015004158	F	0	9	2431	1961	470	1096	0.4288	
PILOT-2015004158__F__sonnet4__rep1.json	PILOT-2015004158	F	1	9	2431	1961	471	1096	0.4297	
PILOT-2015004158__F__sonnet4__rep2.json	PILOT-2015004158	F	2	9	2431	1961	471	1096	0.4297	
PILOT-2015004158__G__gpt4o-mini__rep0.json	PILOT-2015004158	G	0	2	2431	679	1825	1096	1.6651	
PILOT-2015004158__G__gpt4o-mini__rep1.json	PILOT-2015004158	G	1	2	2431	582	1876	1096	1.7117	
PILOT-2015004158__G__gpt4o-mini__rep2.json	PILOT-2015004158	G	2	2	2431	546	1907	1096	1.74	
PILOT-2015004158__G__gpt5.4__rep0.json	PILOT-2015004158	G	0	8	2431	1799	863	1096	0.7874	
PILOT-2015004158__G__gpt5.4__rep1.json	PILOT-2015004158	G	1	8	2431	1740	815	1096	0.7436	
PILOT-2015004158__G__gpt5.4__rep2.json	PILOT-2015004158	G	2	8	2431	1820	880	1096	0.8029	
PILOT-2015004158__G__haiku4.5__rep0.json	PILOT-2015004158	G	0	9	2431	1511	1076	1096	0.9818	
PILOT-2015004158__G__haiku4.5__rep1.json	PILOT-2015004158	G	1	9	2431	1824	899	1096	0.8203	
PILOT-2015004158__G__haiku4.5__rep2.json	PILOT-2015004158	G	2	9	2431	1779	776	1096	0.708	
PILOT-2015004158__G__sonnet4__rep0.json	PILOT-2015004158	G	0	9	2431	1961	471	1096	0.4297	
PILOT-2015004158__G__sonnet4__rep1.json	PILOT-2015004158	G	1	9	2431	1961	470	1096	0.4288	
PILOT-2015004158__G__sonnet4__rep2.json	PILOT-2015004158	G	2	9	2431	1961	470	1096	0.4288	
PILOT-2015004926__F__gpt4o-mini__rep0.json	PILOT-2015004926	F	0	6	5858	2332	3688	2480	1.4871	
PILOT-2015004926__F__gpt4o-mini__rep1.json	PILOT-2015004926	F	1	9	5858	2512	3525	2480	1.4214	
PILOT-2015004926__F__gpt4o-mini__rep2.json	PILOT-2015004926	F	2	10	5858	2491	3628	2480	1.4629	
PILOT-2015004926__F__gpt5.4__rep0.json	PILOT-2015004926	F	0	20	5858	6456	1673	2480	0.6746	
PILOT-2015004926__F__gpt5.4__rep1.json	PILOT-2015004926	F	1	20	5858	6135	627	2480	0.2528	
PILOT-2015004926__F__gpt5.4__rep2.json	PILOT-2015004926	F	2	20	5858	6020	1139	2480	0.4593	
PILOT-2015004926__F__haiku4.5__rep0.json	PILOT-2015004926	F	0	20	5858	1870	4158	2480	1.6766	
PILOT-2015004926__F__haiku4.5__rep1.json	PILOT-2015004926	F	1	20	5858	1686	4328	2480	1.7452	
PILOT-2015004926__F__haiku4.5__rep2.json	PILOT-2015004926	F	2	20	5858	1679	4329	2480	1.7456	
PILOT-2015004926__F__sonnet4__rep0.json	PILOT-2015004926	F	0	20	5858	5812	1114	2480	0.4492	
PILOT-2015004926__F__sonnet4__rep1.json	PILOT-2015004926	F	1	20	5858	3898	2597	2480	1.0472	
PILOT-2015004926__F__sonnet4__rep2.json	PILOT-2015004926	F	2	20	5858	6106	1031	2480	0.4157	
PILOT-2015004926__G__gpt4o-mini__rep0.json	PILOT-2015004926	G	0	9	5858	3240	2926	2480	1.1798	
PILOT-2015004926__G__gpt4o-mini__rep1.json	PILOT-2015004926	G	1	11	5858	3263	2981	2480	1.202	
PILOT-2015004926__G__gpt4o-mini__rep2.json	PILOT-2015004926	G	2	6	5858	1807	4162	2480	1.6782	
PILOT-2015004926__G__gpt5.4__rep0.json	PILOT-2015004926	G	0	15	5858	5436	1363	2480	0.5496	
PILOT-2015004926__G__gpt5.4__rep1.json	PILOT-2015004926	G	1	20	5858	5856	686	2480	0.2766	
PILOT-2015004926__G__gpt5.4__rep2.json	PILOT-2015004926	G	2	15	5858	4897	1507	2480	0.6077	
PILOT-2015004926__G__haiku4.5__rep0.json	PILOT-2015004926	G	0	15	5858	4040	2867	2480	1.156	
PILOT-2015004926__G__haiku4.5__rep1.json	PILOT-2015004926	G	1	15	5858	7147	2420	2480	0.9758	
PILOT-2015004926__G__haiku4.5__rep2.json	PILOT-2015004926	G	2	15	5858	7318	2486	2480	1.0024	
PILOT-2015004926__G__sonnet4__rep0.json	PILOT-2015004926	G	0	20	5858	8800	3678	2480	1.4831	
PILOT-2015004926__G__sonnet4__rep1.json	PILOT-2015004926	G	1	20	5858	8898	3553	2480	1.4327	
PILOT-2015004926__G__sonnet4__rep2.json	PILOT-2015004926	G	2	20	5858	8898	3553	2480	1.4327	
PILOT-2015005752__F__gpt4o-mini__rep0.json	PILOT-2015005752	F	0	5	4135	1771	2510	457	5.4923	
PILOT-2015005752__F__gpt4o-mini__rep1.json	PILOT-2015005752	F	1	5	4135	1370	2809	457	6.1466	
PILOT-2015005752__F__gpt4o-mini__rep2.json	PILOT-2015005752	F	2	5	4135	1421	2771	457	6.0635	
PILOT-2015005752__F__gpt5.4__rep0.json	PILOT-2015005752	F	0	20	4135	4213	976	457	2.1357	
PILOT-2015005752__F__gpt5.4__rep1.json	PILOT-2015005752	F	1	20	4135	4232	391	457	0.8556	
PILOT-2015005752__F__gpt5.4__rep2.json	PILOT-2015005752	F	2	20	4135	4305	462	457	1.0109	
PILOT-2015005752__F__haiku4.5__rep0.json	PILOT-2015005752	F	0	20	4135	5373	1480	457	3.2385	
PILOT-2015005752__F__haiku4.5__rep1.json	PILOT-2015005752	F	1	20	4135	4550	1258	457	2.7527	
PILOT-2015005752__F__haiku4.5__rep2.json	PILOT-2015005752	F	2	20	4135	4560	1383	457	3.0263	
PILOT-2015005752__F__sonnet4__rep0.json	PILOT-2015005752	F	0	20	4135	4398	555	457	1.2144	
PILOT-2015005752__F__sonnet4__rep1.json	PILOT-2015005752	F	1	20	4135	4552	711	457	1.5558	
PILOT-2015005752__F__sonnet4__rep2.json	PILOT-2015005752	F	2	20	4135	4784	943	457	2.0635	
PILOT-2015005752__G__gpt4o-mini__rep0.json	PILOT-2015005752	G	0	5	4135	1449	2710	457	5.93	
PILOT-2015005752__G__gpt4o-mini__rep1.json	PILOT-2015005752	G	1	6	4135	1984	2416	457	5.2867	
PILOT-2015005752__G__gpt4o-mini__rep2.json	PILOT-2015005752	G	2	4	4135	1488	2723	457	5.9584	
PILOT-2015005752__G__gpt5.4__rep0.json	PILOT-2015005752	G	0	20	4135	4309	878	457	1.9212	
PILOT-2015005752__G__gpt5.4__rep1.json	PILOT-2015005752	G	1	20	4135	4232	391	457	0.8556	
PILOT-2015005752__G__gpt5.4__rep2.json	PILOT-2015005752	G	2	20	4135	4237	396	457	0.8665	
PILOT-2015005752__G__haiku4.5__rep0.json	PILOT-2015005752	G	0	20	4135	5449	1512	457	3.3085	
PILOT-2015005752__G__haiku4.5__rep1.json	PILOT-2015005752	G	1	20	4135	5093	1168	457	2.5558	
PILOT-2015005752__G__haiku4.5__rep2.json	PILOT-2015005752	G	2	20	4135	4032	1518	457	3.3217	
PILOT-2015005752__G__sonnet4__rep0.json	PILOT-2015005752	G	0	20	4135	4800	957	457	2.0941	
PILOT-2015005752__G__sonnet4__rep1.json	PILOT-2015005752	G	1	20	4135	4600	759	457	1.6608	
PILOT-2015005752__G__sonnet4__rep2.json	PILOT-2015005752	G	2	20	4135	4384	543	457	1.1882	
PILOT-2015006206__F__gpt4o-mini__rep0.json	PILOT-2015006206	F	0	5	6927	1513	5425	961	5.6452	
PILOT-2015006206__F__gpt4o-mini__rep1.json	PILOT-2015006206	F	1	7	6927	2285	4893	961	5.0916	
PILOT-2015006206__F__gpt4o-mini__rep2.json	PILOT-2015006206	F	2	4	6927	1582	5431	961	5.6514	
PILOT-2015006206__F__gpt5.4__rep0.json	PILOT-2015006206	F	0	26	6927	7715	828	961	0.8616	
PILOT-2015006206__F__gpt5.4__rep1.json	PILOT-2015006206	F	1	26	6927	7487	620	961	0.6452	
PILOT-2015006206__F__gpt5.4__rep2.json	PILOT-2015006206	F	2	26	6927	7218	1381	961	1.437	
PILOT-2015006206__F__haiku4.5__rep0.json	PILOT-2015006206	F	0	26	6927	3928	3329	961	3.4641	
PILOT-2015006206__F__haiku4.5__rep1.json	PILOT-2015006206	F	1	26	6927	8458	1643	961	1.7097	
PILOT-2015006206__F__haiku4.5__rep2.json	PILOT-2015006206	F	2	26	6927	5512	3268	961	3.4006	
PILOT-2015006206__F__sonnet4__rep0.json	PILOT-2015006206	F	0	26	6927	7041	264	961	0.2747	
PILOT-2015006206__F__sonnet4__rep1.json	PILOT-2015006206	F	1	26	6927	7041	264	961	0.2747	
PILOT-2015006206__F__sonnet4__rep2.json	PILOT-2015006206	F	2	26	6927	7059	246	961	0.256	
PILOT-2015006206__G__gpt4o-mini__rep0.json	PILOT-2015006206	G	0	5	6927	1765	5259	961	5.4724	
PILOT-2015006206__G__gpt4o-mini__rep1.json	PILOT-2015006206	G	1	5	6927	1686	5316	961	5.5317	
PILOT-2015006206__G__gpt4o-mini__rep2.json	PILOT-2015006206	G	2	5	6927	1300	5627	961	5.8554	
PILOT-2015006206__G__gpt5.4__rep0.json	PILOT-2015006206	G	0	26	6927	7355	470	961	0.4891	
PILOT-2015006206__G__gpt5.4__rep1.json	PILOT-2015006206	G	1	26	6927	7468	1541	961	1.6035	
PILOT-2015006206__G__gpt5.4__rep2.json	PILOT-2015006206	G	2	26	6927	8759	1872	961	1.948	
PILOT-2015006206__G__haiku4.5__rep0.json	PILOT-2015006206	G	0	26	6927	8277	1499	961	1.5598	
PILOT-2015006206__G__haiku4.5__rep1.json	PILOT-2015006206	G	1	26	6927	7722	944	961	0.9823	
PILOT-2015006206__G__haiku4.5__rep2.json	PILOT-2015006206	G	2	26	6927	7676	863	961	0.898	
PILOT-2015006206__G__sonnet4__rep0.json	PILOT-2015006206	G	0	26	6927	6952	406	961	0.4225	
PILOT-2015006206__G__sonnet4__rep1.json	PILOT-2015006206	G	1	26	6927	7045	268	961	0.2789	
PILOT-2015006206__G__sonnet4__rep2.json	PILOT-2015006206	G	2	26	6927	7063	250	961	0.2601	
PILOT-2015006603__F__gpt4o-mini__rep0.json	PILOT-2015006603	F	0	3	8199	1156	7044	5611	1.2554	
PILOT-2015006603__F__gpt4o-mini__rep1.json	PILOT-2015006603	F	1	7	8199	2056	6217	5611	1.108	
PILOT-2015006603__F__gpt4o-mini__rep2.json	PILOT-2015006603	F	2	3	8199	992	7210	5611	1.285	
PILOT-2015006603__F__gpt5.4__rep0.json	PILOT-2015006603	F	0	24	8199	6657	2146	5611	0.3825	
PILOT-2015006603__F__gpt5.4__rep1.json	PILOT-2015006603	F	1	17	8199	5376	3338	5611	0.5949	
PILOT-2015006603__F__gpt5.4__rep2.json	PILOT-2015006603	F	2	17	8199	5605	3347	5611	0.5965	
PILOT-2015006603__F__haiku4.5__rep0.json	PILOT-2015006603	F	0	33	8199	2312	5973	5611	1.0645	
PILOT-2015006603__F__haiku4.5__rep1.json	PILOT-2015006603	F	1	33	8199	2206	6074	5611	1.0825	
PILOT-2015006603__F__haiku4.5__rep2.json	PILOT-2015006603	F	2	33	8199	2269	6015	5611	1.072	
PILOT-2015006603__F__sonnet4__rep0.json	PILOT-2015006603	F	0	13	8199	5190	3641	5611	0.6489	
PILOT-2015006603__F__sonnet4__rep1.json	PILOT-2015006603	F	1	13	8199	5754	4170	5611	0.7432	
PILOT-2015006603__F__sonnet4__rep2.json	PILOT-2015006603	F	2	13	8199	5234	3685	5611	0.6567	
PILOT-2015006603__G__gpt4o-mini__rep0.json	PILOT-2015006603	G	0	0			None		None	no_gen
PILOT-2015006603__G__gpt4o-mini__rep1.json	PILOT-2015006603	G	1	3	8199	2329	5929	5611	1.0567	
PILOT-2015006603__G__gpt4o-mini__rep2.json	PILOT-2015006603	G	2	0			None		None	no_gen
PILOT-2015006603__G__gpt5.4__rep0.json	PILOT-2015006603	G	0	24	8199	7145	2550	5611	0.4545	
PILOT-2015006603__G__gpt5.4__rep1.json	PILOT-2015006603	G	1	19	8199	6350	3271	5611	0.583	
PILOT-2015006603__G__gpt5.4__rep2.json	PILOT-2015006603	G	2	24	8199	6688	2156	5611	0.3842	
PILOT-2015006603__G__haiku4.5__rep0.json	PILOT-2015006603	G	0	13	8199	5750	3787	5611	0.6749	
PILOT-2015006603__G__haiku4.5__rep1.json	PILOT-2015006603	G	1	33	8199	2080	6150	5611	1.0961	
PILOT-2015006603__G__haiku4.5__rep2.json	PILOT-2015006603	G	2	33	8199	2012	6219	5611	1.1084	
PILOT-2015006603__G__sonnet4__rep0.json	PILOT-2015006603	G	0	13	8199	5178	3650	5611	0.6505	
PILOT-2015006603__G__sonnet4__rep1.json	PILOT-2015006603	G	1	33	8199	9343	1614	5611	0.2876	
PILOT-2015006603__G__sonnet4__rep2.json	PILOT-2015006603	G	2	13	8199	5164	3656	5611	0.6516	
PILOT-2016000830__F__gpt4o-mini__rep0.json	PILOT-2016000830	F	0	0			None		None	no_gen
PILOT-2016000830__F__gpt4o-mini__rep1.json	PILOT-2016000830	F	1	0			None		None	no_gen
PILOT-2016000830__F__gpt4o-mini__rep2.json	PILOT-2016000830	F	2	0			None		None	no_gen
PILOT-2016000830__F__gpt5.4__rep0.json	PILOT-2016000830	F	0	12	3034	2272	1095	4750	0.2305	
PILOT-2016000830__F__gpt5.4__rep1.json	PILOT-2016000830	F	1	14	3034	2901	1107	4750	0.2331	
PILOT-2016000830__F__gpt5.4__rep2.json	PILOT-2016000830	F	2	11	3034	2309	1012	4750	0.2131	
PILOT-2016000830__F__haiku4.5__rep0.json	PILOT-2016000830	F	0	12	3034	2235	1229	4750	0.2587	
PILOT-2016000830__F__haiku4.5__rep1.json	PILOT-2016000830	F	1	11	3034	2692	979	4750	0.2061	
PILOT-2016000830__F__haiku4.5__rep2.json	PILOT-2016000830	F	2	11	3034	3012	1276	4750	0.2686	
PILOT-2016000830__F__sonnet4__rep0.json	PILOT-2016000830	F	0	12	3034	3737	1668	4750	0.3512	
PILOT-2016000830__F__sonnet4__rep1.json	PILOT-2016000830	F	1	12	3034	3641	1639	4750	0.3451	
PILOT-2016000830__F__sonnet4__rep2.json	PILOT-2016000830	F	2	13	3034	3597	1693	4750	0.3564	
PILOT-2016000830__G__gpt4o-mini__rep0.json	PILOT-2016000830	G	0	0			None		None	no_gen
PILOT-2016000830__G__gpt4o-mini__rep1.json	PILOT-2016000830	G	1	0			None		None	no_gen
PILOT-2016000830__G__gpt4o-mini__rep2.json	PILOT-2016000830	G	2	0			None		None	no_gen
PILOT-2016000830__G__gpt5.4__rep0.json	PILOT-2016000830	G	0	11	3034	2532	843	4750	0.1775	
PILOT-2016000830__G__gpt5.4__rep1.json	PILOT-2016000830	G	1	11	3034	2380	1142	4750	0.2404	
PILOT-2016000830__G__gpt5.4__rep2.json	PILOT-2016000830	G	2	11	3034	2356	1057	4750	0.2225	
PILOT-2016000830__G__haiku4.5__rep0.json	PILOT-2016000830	G	0	11	3034	2341	1351	4750	0.2844	
PILOT-2016000830__G__haiku4.5__rep1.json	PILOT-2016000830	G	1	11	3034	2823	1088	4750	0.2291	
PILOT-2016000830__G__haiku4.5__rep2.json	PILOT-2016000830	G	2	11	3034	2292	1375	4750	0.2895	
PILOT-2016000830__G__sonnet4__rep0.json	PILOT-2016000830	G	0	14	3034	3698	1814	4750	0.3819	
PILOT-2016000830__G__sonnet4__rep1.json	PILOT-2016000830	G	1	13	3034	3837	1856	4750	0.3907	
PILOT-2016000830__G__sonnet4__rep2.json	PILOT-2016000830	G	2	12	3034	4337	2274	4750	0.4787	
PILOT-2016000849__F__gpt4o-mini__rep0.json	PILOT-2016000849	F	0	0			None		None	no_gen
PILOT-2016000849__F__gpt4o-mini__rep1.json	PILOT-2016000849	F	1	0			None		None	no_gen
PILOT-2016000849__F__gpt4o-mini__rep2.json	PILOT-2016000849	F	2	0			None		None	no_gen
PILOT-2016000849__F__gpt5.4__rep0.json	PILOT-2016000849	F	0	40	11865	12701	1569	8122	0.1932	
PILOT-2016000849__F__gpt5.4__rep1.json	PILOT-2016000849	F	1	40	11865	11564	547	8122	0.0673	
PILOT-2016000849__F__gpt5.4__rep2.json	PILOT-2016000849	F	2	40	11865	15729	4465	8122	0.5497	
PILOT-2016000849__F__haiku4.5__rep0.json	PILOT-2016000849	F	0	40	11865	9717	4807	8122	0.5918	
PILOT-2016000849__F__haiku4.5__rep1.json	PILOT-2016000849	F	1	40	11865	8357	5875	8122	0.7233	
PILOT-2016000849__F__haiku4.5__rep2.json	PILOT-2016000849	F	2	40	11865	14032	2927	8122	0.3604	
PILOT-2016000849__F__sonnet4__rep0.json	PILOT-2016000849	F	0	40	11865	12767	1662	8122	0.2046	
PILOT-2016000849__F__sonnet4__rep1.json	PILOT-2016000849	F	1	40	11865	12481	1384	8122	0.1704	
PILOT-2016000849__F__sonnet4__rep2.json	PILOT-2016000849	F	2	40	11865	12699	1609	8122	0.1981	
PILOT-2016000849__G__gpt4o-mini__rep0.json	PILOT-2016000849	G	0	0			None		None	no_gen
PILOT-2016000849__G__gpt4o-mini__rep1.json	PILOT-2016000849	G	1	0			None		None	no_gen
PILOT-2016000849__G__gpt4o-mini__rep2.json	PILOT-2016000849	G	2	0			None		None	no_gen
PILOT-2016000849__G__gpt5.4__rep0.json	PILOT-2016000849	G	0	40	11865	12723	1587	8122	0.1954	
PILOT-2016000849__G__gpt5.4__rep1.json	PILOT-2016000849	G	1	40	11865	17944	6658	8122	0.8197	
PILOT-2016000849__G__gpt5.4__rep2.json	PILOT-2016000849	G	2	40	11865	11931	839	8122	0.1033	
PILOT-2016000849__G__haiku4.5__rep0.json	PILOT-2016000849	G	0	40	11865	13283	2454	8122	0.3021	
PILOT-2016000849__G__haiku4.5__rep1.json	PILOT-2016000849	G	1	40	11865	13503	2369	8122	0.2917	
PILOT-2016000849__G__haiku4.5__rep2.json	PILOT-2016000849	G	2	40	11865	13289	2460	8122	0.3029	
PILOT-2016000849__G__sonnet4__rep0.json	PILOT-2016000849	G	0	40	11865	12413	1340	8122	0.165	
PILOT-2016000849__G__sonnet4__rep1.json	PILOT-2016000849	G	1	40	11865	12410	1339	8122	0.1649	
PILOT-2016000849__G__sonnet4__rep2.json	PILOT-2016000849	G	2	40	11865	12630	1551	8122	0.191	
PILOT-2016003042__F__gpt4o-mini__rep0.json	PILOT-2016003042	F	0	9	8708	2979	6012	5799	1.0367	
PILOT-2016003042__F__gpt4o-mini__rep1.json	PILOT-2016003042	F	1	6	8708	1807	7009	5799	1.2087	
PILOT-2016003042__F__gpt4o-mini__rep2.json	PILOT-2016003042	F	2	6	8708	2484	6319	5799	1.0897	
PILOT-2016003042__F__gpt5.4__rep0.json	PILOT-2016003042	F	0	11	8708	3424	5765	5799	0.9941	
PILOT-2016003042__F__gpt5.4__rep1.json	PILOT-2016003042	F	1	11	8708	3438	5780	5799	0.9967	
PILOT-2016003042__F__gpt5.4__rep2.json	PILOT-2016003042	F	2	14	8708	3981	5476	5799	0.9443	
PILOT-2016003042__F__haiku4.5__rep0.json	PILOT-2016003042	F	0	12	8708	3737	5903	5799	1.0179	
PILOT-2016003042__F__haiku4.5__rep1.json	PILOT-2016003042	F	1	25	8708	8051	3233	5799	0.5575	
PILOT-2016003042__F__haiku4.5__rep2.json	PILOT-2016003042	F	2	25	8708	8991	3667	5799	0.6324	
PILOT-2016003042__F__sonnet4__rep0.json	PILOT-2016003042	F	0	11	8708	3437	5599	5799	0.9655	
PILOT-2016003042__F__sonnet4__rep1.json	PILOT-2016003042	F	1	11	8708	3537	5600	5799	0.9657	
PILOT-2016003042__F__sonnet4__rep2.json	PILOT-2016003042	F	2	25	8708	7257	2505	5799	0.432	
PILOT-2016003042__G__gpt4o-mini__rep0.json	PILOT-2016003042	G	0	5	8708	1782	7018	5799	1.2102	
PILOT-2016003042__G__gpt4o-mini__rep1.json	PILOT-2016003042	G	1	7	8708	2658	6410	5799	1.1054	
PILOT-2016003042__G__gpt4o-mini__rep2.json	PILOT-2016003042	G	2	5	8708	1474	7314	5799	1.2613	
PILOT-2016003042__G__gpt5.4__rep0.json	PILOT-2016003042	G	0	11	8708	3428	5770	5799	0.995	
PILOT-2016003042__G__gpt5.4__rep1.json	PILOT-2016003042	G	1	11	8708	3402	5787	5799	0.9979	
PILOT-2016003042__G__gpt5.4__rep2.json	PILOT-2016003042	G	2	25	8708	7291	2531	5799	0.4365	
PILOT-2016003042__G__haiku4.5__rep0.json	PILOT-2016003042	G	0	10	8708	4130	5778	5799	0.9964	
PILOT-2016003042__G__haiku4.5__rep1.json	PILOT-2016003042	G	1	13	8708	4745	5882	5799	1.0143	
PILOT-2016003042__G__haiku4.5__rep2.json	PILOT-2016003042	G	2	11	8708	5062	5976	5799	1.0305	
PILOT-2016003042__G__sonnet4__rep0.json	PILOT-2016003042	G	0	12	8708	3896	5705	5799	0.9838	
PILOT-2016003042__G__sonnet4__rep1.json	PILOT-2016003042	G	1	11	8708	3504	5592	5799	0.9643	
PILOT-2016003042__G__sonnet4__rep2.json	PILOT-2016003042	G	2	25	8708	7611	2699	5799	0.4654	
PILOT-2016004446__F__gpt4o-mini__rep0.json	PILOT-2016004446	F	0	3	1328	1148	506	1051	0.4814	
PILOT-2016004446__F__gpt4o-mini__rep1.json	PILOT-2016004446	F	1	3	1328	1194	473	1051	0.45	
PILOT-2016004446__F__gpt4o-mini__rep2.json	PILOT-2016004446	F	2	3	1328	706	822	1051	0.7821	
PILOT-2016004446__F__gpt5.4__rep0.json	PILOT-2016004446	F	0	4	1328	1205	397	1051	0.3777	
PILOT-2016004446__F__gpt5.4__rep1.json	PILOT-2016004446	F	1	4	1328	1092	501	1051	0.4767	
PILOT-2016004446__F__gpt5.4__rep2.json	PILOT-2016004446	F	2	4	1328	1327	532	1051	0.5062	
PILOT-2016004446__F__haiku4.5__rep0.json	PILOT-2016004446	F	0	4	1328	841	586	1051	0.5576	
PILOT-2016004446__F__haiku4.5__rep1.json	PILOT-2016004446	F	1	4	1328	202	1158	1051	1.1018	
PILOT-2016004446__F__haiku4.5__rep2.json	PILOT-2016004446	F	2	4	1328	845	580	1051	0.5519	
PILOT-2016004446__F__sonnet4__rep0.json	PILOT-2016004446	F	0	4	1328	1553	672	1051	0.6394	
PILOT-2016004446__F__sonnet4__rep1.json	PILOT-2016004446	F	1	4	1328	1572	678	1051	0.6451	
PILOT-2016004446__F__sonnet4__rep2.json	PILOT-2016004446	F	2	4	1328	1640	730	1051	0.6946	
PILOT-2016004446__G__gpt4o-mini__rep0.json	PILOT-2016004446	G	0	3	1328	959	597	1051	0.568	
PILOT-2016004446__G__gpt4o-mini__rep1.json	PILOT-2016004446	G	1	3	1328	1238	347	1051	0.3302	
PILOT-2016004446__G__gpt4o-mini__rep2.json	PILOT-2016004446	G	2	3	1328	1144	344	1051	0.3273	
PILOT-2016004446__G__gpt5.4__rep0.json	PILOT-2016004446	G	0	4	1328	1124	466	1051	0.4434	
PILOT-2016004446__G__gpt5.4__rep1.json	PILOT-2016004446	G	1	4	1328	1172	417	1051	0.3968	
PILOT-2016004446__G__gpt5.4__rep2.json	PILOT-2016004446	G	2	4	1328	1247	504	1051	0.4795	
PILOT-2016004446__G__haiku4.5__rep0.json	PILOT-2016004446	G	0	4	1328	1185	401	1051	0.3815	
PILOT-2016004446__G__haiku4.5__rep1.json	PILOT-2016004446	G	1	0			None		None	no_gen
PILOT-2016004446__G__haiku4.5__rep2.json	PILOT-2016004446	G	2	0			None		None	no_gen
PILOT-2016004446__G__sonnet4__rep0.json	PILOT-2016004446	G	0	4	1328	1616	723	1051	0.6879	
PILOT-2016004446__G__sonnet4__rep1.json	PILOT-2016004446	G	1	4	1328	1475	568	1051	0.5404	
PILOT-2016004446__G__sonnet4__rep2.json	PILOT-2016004446	G	2	4	1328	1266	511	1051	0.4862	
PILOT-2016005844__F__gpt4o-mini__rep0.json	PILOT-2016005844	F	0	4	5051	1340	3719	520	7.1519	
PILOT-2016005844__F__gpt4o-mini__rep1.json	PILOT-2016005844	F	1	4	5051	1399	3687	520	7.0904	
PILOT-2016005844__F__gpt4o-mini__rep2.json	PILOT-2016005844	F	2	4	5051	1303	3823	520	7.3519	
PILOT-2016005844__F__gpt5.4__rep0.json	PILOT-2016005844	F	0	4	5051	1872	3355	520	6.4519	
PILOT-2016005844__F__gpt5.4__rep1.json	PILOT-2016005844	F	1	18	5051	5886	843	520	1.6212	
PILOT-2016005844__F__gpt5.4__rep2.json	PILOT-2016005844	F	2	4	5051	2045	3232	520	6.2154	
PILOT-2016005844__F__haiku4.5__rep0.json	PILOT-2016005844	F	0	18	5051	6249	1290	520	2.4808	
PILOT-2016005844__F__haiku4.5__rep1.json	PILOT-2016005844	F	1	18	5051	6287	1328	520	2.5538	
PILOT-2016005844__F__haiku4.5__rep2.json	PILOT-2016005844	F	2	18	5051	6819	1860	520	3.5769	
PILOT-2016005844__F__sonnet4__rep0.json	PILOT-2016005844	F	0	18	5051	5653	694	520	1.3346	
PILOT-2016005844__F__sonnet4__rep1.json	PILOT-2016005844	F	1	18	5051	5679	720	520	1.3846	
PILOT-2016005844__F__sonnet4__rep2.json	PILOT-2016005844	F	2	18	5051	5741	782	520	1.5038	
PILOT-2016005844__G__gpt4o-mini__rep0.json	PILOT-2016005844	G	0	4	5051	1525	3568	520	6.8615	
PILOT-2016005844__G__gpt4o-mini__rep1.json	PILOT-2016005844	G	1	4	5051	1279	3809	520	7.325	
PILOT-2016005844__G__gpt4o-mini__rep2.json	PILOT-2016005844	G	2	4	5051	1392	3714	520	7.1423	
PILOT-2016005844__G__gpt5.4__rep0.json	PILOT-2016005844	G	0	18	5051	5737	686	520	1.3192	
PILOT-2016005844__G__gpt5.4__rep1.json	PILOT-2016005844	G	1	4	5051	1854	3265	520	6.2788	
PILOT-2016005844__G__gpt5.4__rep2.json	PILOT-2016005844	G	2	18	5051	5784	733	520	1.4096	
PILOT-2016005844__G__haiku4.5__rep0.json	PILOT-2016005844	G	0	18	5051	2464	3206	520	6.1654	
PILOT-2016005844__G__haiku4.5__rep1.json	PILOT-2016005844	G	1	18	5051	1854	3480	520	6.6923	
PILOT-2016005844__G__haiku4.5__rep2.json	PILOT-2016005844	G	2	18	5051	6773	1826	520	3.5115	
PILOT-2016005844__G__sonnet4__rep0.json	PILOT-2016005844	G	0	18	5051	5543	584	520	1.1231	
PILOT-2016005844__G__sonnet4__rep1.json	PILOT-2016005844	G	1	18	5051	5551	592	520	1.1385	
PILOT-2016005844__G__sonnet4__rep2.json	PILOT-2016005844	G	2	18	5051	5553	594	520	1.1423	
PILOT-2016006702__F__gpt4o-mini__rep0.json	PILOT-2016006702	F	0	16	8865	5584	3434	966	3.5549	
PILOT-2016006702__F__gpt4o-mini__rep1.json	PILOT-2016006702	F	1	30	8865	8537	525	966	0.5435	
PILOT-2016006702__F__gpt4o-mini__rep2.json	PILOT-2016006702	F	2	30	8865	8642	633	966	0.6553	
PILOT-2016006702__F__gpt5.4__rep0.json	PILOT-2016006702	F	0	30	8865	9035	1025	966	1.0611	
PILOT-2016006702__F__gpt5.4__rep1.json	PILOT-2016006702	F	1	30	8865	8949	940	966	0.9731	
PILOT-2016006702__F__gpt5.4__rep2.json	PILOT-2016006702	F	2	30	8865	9123	1113	966	1.1522	
PILOT-2016006702__F__haiku4.5__rep0.json	PILOT-2016006702	F	0	30	8865	8979	967	966	1.001	
PILOT-2016006702__F__haiku4.5__rep1.json	PILOT-2016006702	F	1	30	8865	9115	1166	966	1.207	
PILOT-2016006702__F__haiku4.5__rep2.json	PILOT-2016006702	F	2	30	8865	9266	1257	966	1.3012	
PILOT-2016006702__F__sonnet4__rep0.json	PILOT-2016006702	F	0	30	8865	8563	554	966	0.5735	
PILOT-2016006702__F__sonnet4__rep1.json	PILOT-2016006702	F	1	30	8865	8445	485	966	0.5021	
PILOT-2016006702__F__sonnet4__rep2.json	PILOT-2016006702	F	2	30	8865	8549	568	966	0.588	
PILOT-2016006702__G__gpt4o-mini__rep0.json	PILOT-2016006702	G	0	7	8865	3429	5611	966	5.8085	
PILOT-2016006702__G__gpt4o-mini__rep1.json	PILOT-2016006702	G	1	30	8865	8556	539	966	0.558	
PILOT-2016006702__G__gpt4o-mini__rep2.json	PILOT-2016006702	G	2	8	8865	4798	4187	966	4.3344	
PILOT-2016006702__G__gpt5.4__rep0.json	PILOT-2016006702	G	0	30	8865	9270	1260	966	1.3043	
PILOT-2016006702__G__gpt5.4__rep1.json	PILOT-2016006702	G	1	30	8865	8943	934	966	0.9669	
PILOT-2016006702__G__gpt5.4__rep2.json	PILOT-2016006702	G	2	30	8865	8704	694	966	0.7184	
PILOT-2016006702__G__haiku4.5__rep0.json	PILOT-2016006702	G	0	30	8865	9829	1805	966	1.8685	
PILOT-2016006702__G__haiku4.5__rep1.json	PILOT-2016006702	G	1	30	8865	9028	1094	966	1.1325	
PILOT-2016006702__G__haiku4.5__rep2.json	PILOT-2016006702	G	2	30	8865	8995	1042	966	1.0787	
PILOT-2016006702__G__sonnet4__rep0.json	PILOT-2016006702	G	0	30	8865	9501	1487	966	1.5393	
PILOT-2016006702__G__sonnet4__rep1.json	PILOT-2016006702	G	1	30	8865	8499	540	966	0.559	
PILOT-2016006702__G__sonnet4__rep2.json	PILOT-2016006702	G	2	30	8865	8549	568	966	0.588	
PILOT-2016007603__F__gpt4o-mini__rep0.json	PILOT-2016007603	F	0	8	3389	1705	1767	1148	1.5392	
PILOT-2016007603__F__gpt4o-mini__rep1.json	PILOT-2016007603	F	1	8	3389	1601	1848	1148	1.6098	
PILOT-2016007603__F__gpt4o-mini__rep2.json	PILOT-2016007603	F	2	12	3389	2155	1368	1148	1.1916	
PILOT-2016007603__F__gpt5.4__rep0.json	PILOT-2016007603	F	0	12	3389	2229	1430	1148	1.2456	
PILOT-2016007603__F__gpt5.4__rep1.json	PILOT-2016007603	F	1	12	3389	2229	1430	1148	1.2456	
PILOT-2016007603__F__gpt5.4__rep2.json	PILOT-2016007603	F	2	12	3389	2069	1421	1148	1.2378	
PILOT-2016007603__F__haiku4.5__rep0.json	PILOT-2016007603	F	0	12	3389	1839	1790	1148	1.5592	
PILOT-2016007603__F__haiku4.5__rep1.json	PILOT-2016007603	F	1	0			None		None	no_gen
PILOT-2016007603__F__haiku4.5__rep2.json	PILOT-2016007603	F	2	12	3389	2194	1567	1148	1.365	
PILOT-2016007603__F__sonnet4__rep0.json	PILOT-2016007603	F	0	0			None		None	no_gen
PILOT-2016007603__F__sonnet4__rep1.json	PILOT-2016007603	F	1	0			None		None	no_gen
PILOT-2016007603__F__sonnet4__rep2.json	PILOT-2016007603	F	2	0			None		None	no_gen
PILOT-2016007603__G__gpt4o-mini__rep0.json	PILOT-2016007603	G	0	12	3389	2205	1321	1148	1.1507	
PILOT-2016007603__G__gpt4o-mini__rep1.json	PILOT-2016007603	G	1	8	3389	1591	1833	1148	1.5967	
PILOT-2016007603__G__gpt4o-mini__rep2.json	PILOT-2016007603	G	2	8	3389	1672	1801	1148	1.5688	
PILOT-2016007603__G__gpt5.4__rep0.json	PILOT-2016007603	G	0	12	3389	2236	1444	1148	1.2578	
PILOT-2016007603__G__gpt5.4__rep1.json	PILOT-2016007603	G	1	12	3389	2229	1430	1148	1.2456	
PILOT-2016007603__G__gpt5.4__rep2.json	PILOT-2016007603	G	2	12	3389	2229	1430	1148	1.2456	
PILOT-2016007603__G__haiku4.5__rep0.json	PILOT-2016007603	G	0	12	3389	1828	2154	1148	1.8763	
PILOT-2016007603__G__haiku4.5__rep1.json	PILOT-2016007603	G	1	12	3389	2543	1604	1148	1.3972	
PILOT-2016007603__G__haiku4.5__rep2.json	PILOT-2016007603	G	2	12	3389	1463	2169	1148	1.8894	
PILOT-2016007603__G__sonnet4__rep0.json	PILOT-2016007603	G	0	12	3389	2190	1400	1148	1.2195	
PILOT-2016007603__G__sonnet4__rep1.json	PILOT-2016007603	G	1	12	3389	2190	1400	1148	1.2195	
PILOT-2016007603__G__sonnet4__rep2.json	PILOT-2016007603	G	2	12	3389	2119	1453	1148	1.2657	
PILOT-2016007888__F__gpt4o-mini__rep0.json	PILOT-2016007888	F	0	5	5843	1511	4381	861	5.0883	
PILOT-2016007888__F__gpt4o-mini__rep1.json	PILOT-2016007888	F	1	5	5843	1571	4338	861	5.0383	
PILOT-2016007888__F__gpt4o-mini__rep2.json	PILOT-2016007888	F	2	6	5843	2004	3999	861	4.6446	
PILOT-2016007888__F__gpt5.4__rep0.json	PILOT-2016007888	F	0	6	5843	1781	4154	861	4.8246	
PILOT-2016007888__F__gpt5.4__rep1.json	PILOT-2016007888	F	1	6	5843	1602	4315	861	5.0116	
PILOT-2016007888__F__gpt5.4__rep2.json	PILOT-2016007888	F	2	6	5843	1698	4190	861	4.8664	
PILOT-2016007888__F__haiku4.5__rep0.json	PILOT-2016007888	F	0	6	5843	2278	3960	861	4.5993	
PILOT-2016007888__F__haiku4.5__rep1.json	PILOT-2016007888	F	1	13	5843	5516	2251	861	2.6144	
PILOT-2016007888__F__haiku4.5__rep2.json	PILOT-2016007888	F	2	20	5843	6261	601	861	0.698	
PILOT-2016007888__F__sonnet4__rep0.json	PILOT-2016007888	F	0	6	5843	2033	3999	861	4.6446	
PILOT-2016007888__F__sonnet4__rep1.json	PILOT-2016007888	F	1	6	5843	2260	3821	861	4.4379	
PILOT-2016007888__F__sonnet4__rep2.json	PILOT-2016007888	F	2	6	5843	2032	3963	861	4.6028	
PILOT-2016007888__G__gpt4o-mini__rep0.json	PILOT-2016007888	G	0	6	5843	1788	4181	861	4.856	
PILOT-2016007888__G__gpt4o-mini__rep1.json	PILOT-2016007888	G	1	6	5843	1626	4282	861	4.9733	
PILOT-2016007888__G__gpt4o-mini__rep2.json	PILOT-2016007888	G	2	5	5843	1600	4301	861	4.9954	
PILOT-2016007888__G__gpt5.4__rep0.json	PILOT-2016007888	G	0	6	5843	1872	4196	861	4.8734	
PILOT-2016007888__G__gpt5.4__rep1.json	PILOT-2016007888	G	1	6	5843	1625	4237	861	4.921	
PILOT-2016007888__G__gpt5.4__rep2.json	PILOT-2016007888	G	2	20	5843	5933	252	861	0.2927	
PILOT-2016007888__G__haiku4.5__rep0.json	PILOT-2016007888	G	0	20	5843	6929	1291	861	1.4994	
PILOT-2016007888__G__haiku4.5__rep1.json	PILOT-2016007888	G	1	7	5843	2165	4073	861	4.7305	
PILOT-2016007888__G__haiku4.5__rep2.json	PILOT-2016007888	G	2	13	5843	5700	2217	861	2.5749	
PILOT-2016007888__G__sonnet4__rep0.json	PILOT-2016007888	G	0	6	5843	2391	3795	861	4.4077	
PILOT-2016007888__G__sonnet4__rep1.json	PILOT-2016007888	G	1	6	5843	2135	3920	861	4.5528	
PILOT-2016007888__G__sonnet4__rep2.json	PILOT-2016007888	G	2	6	5843	2380	3802	861	4.4158	
PILOT-2017000071__F__gpt4o-mini__rep0.json	PILOT-2017000071	F	0	7	4283	4053	254	577	0.4402	
PILOT-2017000071__F__gpt4o-mini__rep1.json	PILOT-2017000071	F	1	7	4283	4042	252	577	0.4367	
PILOT-2017000071__F__gpt4o-mini__rep2.json	PILOT-2017000071	F	2	7	4283	4064	277	577	0.4801	
PILOT-2017000071__F__gpt5.4__rep0.json	PILOT-2017000071	F	0	7	4283	4580	807	577	1.3986	
PILOT-2017000071__F__gpt5.4__rep1.json	PILOT-2017000071	F	1	7	4283	4194	318	577	0.5511	
PILOT-2017000071__F__gpt5.4__rep2.json	PILOT-2017000071	F	2	7	4283	4475	597	577	1.0347	
PILOT-2017000071__F__haiku4.5__rep0.json	PILOT-2017000071	F	0	7	4283	4608	804	577	1.3934	
PILOT-2017000071__F__haiku4.5__rep1.json	PILOT-2017000071	F	1	7	4283	4839	1033	577	1.7903	
PILOT-2017000071__F__haiku4.5__rep2.json	PILOT-2017000071	F	2	7	4283	4663	865	577	1.4991	
PILOT-2017000071__F__sonnet4__rep0.json	PILOT-2017000071	F	0	7	4283	3785	562	577	0.974	
PILOT-2017000071__F__sonnet4__rep1.json	PILOT-2017000071	F	1	7	4283	4232	454	577	0.7868	
PILOT-2017000071__F__sonnet4__rep2.json	PILOT-2017000071	F	2	7	4283	4092	336	577	0.5823	
PILOT-2017000071__G__gpt4o-mini__rep0.json	PILOT-2017000071	G	0	7	4283	4053	246	577	0.4263	
PILOT-2017000071__G__gpt4o-mini__rep1.json	PILOT-2017000071	G	1	7	4283	4055	234	577	0.4055	
PILOT-2017000071__G__gpt4o-mini__rep2.json	PILOT-2017000071	G	2	7	4283	4069	251	577	0.435	
PILOT-2017000071__G__gpt5.4__rep0.json	PILOT-2017000071	G	0	7	4283	4392	620	577	1.0745	
PILOT-2017000071__G__gpt5.4__rep1.json	PILOT-2017000071	G	1	7	4283	4227	385	577	0.6672	
PILOT-2017000071__G__gpt5.4__rep2.json	PILOT-2017000071	G	2	7	4283	4186	409	577	0.7088	
PILOT-2017000071__G__haiku4.5__rep0.json	PILOT-2017000071	G	0	7	4283	4058	785	577	1.3605	
PILOT-2017000071__G__haiku4.5__rep1.json	PILOT-2017000071	G	1	7	4283	4819	962	577	1.6672	
PILOT-2017000071__G__haiku4.5__rep2.json	PILOT-2017000071	G	2	7	4283	4919	1055	577	1.8284	
PILOT-2017000071__G__sonnet4__rep0.json	PILOT-2017000071	G	0	7	4283	3734	580	577	1.0052	
PILOT-2017000071__G__sonnet4__rep1.json	PILOT-2017000071	G	1	7	4283	3728	584	577	1.0121	
PILOT-2017000071__G__sonnet4__rep2.json	PILOT-2017000071	G	2	7	4283	4159	382	577	0.662	
PILOT-2017000093__F__gpt4o-mini__rep0.json	PILOT-2017000093	F	0	6	8811	3644	5463	2769	1.9729	
PILOT-2017000093__F__gpt4o-mini__rep1.json	PILOT-2017000093	F	1	5	8811	2858	6078	2769	2.195	
PILOT-2017000093__F__gpt4o-mini__rep2.json	PILOT-2017000093	F	2	6	8811	3822	5383	2769	1.944	
PILOT-2017000093__F__gpt5.4__rep0.json	PILOT-2017000093	F	0	21	8811	8750	496	2769	0.1791	
PILOT-2017000093__F__gpt5.4__rep1.json	PILOT-2017000093	F	1	17	8811	8872	2358	2769	0.8516	
PILOT-2017000093__F__gpt5.4__rep2.json	PILOT-2017000093	F	2	21	8811	11005	2697	2769	0.974	
PILOT-2017000093__F__haiku4.5__rep0.json	PILOT-2017000093	F	0	21	8811	10510	2170	2769	0.7837	
PILOT-2017000093__F__haiku4.5__rep1.json	PILOT-2017000093	F	1	21	8811	9742	1436	2769	0.5186	
PILOT-2017000093__F__haiku4.5__rep2.json	PILOT-2017000093	F	2	21	8811	9713	1387	2769	0.5009	
PILOT-2017000093__F__sonnet4__rep0.json	PILOT-2017000093	F	0	21	8811	9556	1279	2769	0.4619	
PILOT-2017000093__F__sonnet4__rep1.json	PILOT-2017000093	F	1	21	8811	10156	1866	2769	0.6739	
PILOT-2017000093__F__sonnet4__rep2.json	PILOT-2017000093	F	2	21	8811	9916	1636	2769	0.5908	
PILOT-2017000093__G__gpt4o-mini__rep0.json	PILOT-2017000093	G	0	6	8811	3905	5492	2769	1.9834	
PILOT-2017000093__G__gpt4o-mini__rep1.json	PILOT-2017000093	G	1	5	8811	2876	6181	2769	2.2322	
PILOT-2017000093__G__gpt4o-mini__rep2.json	PILOT-2017000093	G	2	5	8811	2824	6277	2769	2.2669	
PILOT-2017000093__G__gpt5.4__rep0.json	PILOT-2017000093	G	0	21	8811	9352	1161	2769	0.4193	
PILOT-2017000093__G__gpt5.4__rep1.json	PILOT-2017000093	G	1	19	8811	8938	1487	2769	0.537	
PILOT-2017000093__G__gpt5.4__rep2.json	PILOT-2017000093	G	2	19	8811	9074	1609	2769	0.5811	
PILOT-2017000093__G__haiku4.5__rep0.json	PILOT-2017000093	G	0	21	8811	9825	1514	2769	0.5468	
PILOT-2017000093__G__haiku4.5__rep1.json	PILOT-2017000093	G	1	21	8811	10853	2507	2769	0.9054	
PILOT-2017000093__G__haiku4.5__rep2.json	PILOT-2017000093	G	2	21	8811	10972	2617	2769	0.9451	
PILOT-2017000093__G__sonnet4__rep0.json	PILOT-2017000093	G	0	21	8811	9714	1429	2769	0.5161	
PILOT-2017000093__G__sonnet4__rep1.json	PILOT-2017000093	G	1	21	8811	8947	1339	2769	0.4836	
PILOT-2017000093__G__sonnet4__rep2.json	PILOT-2017000093	G	2	21	8811	9180	943	2769	0.3406	
PILOT-2017001422__F__gpt4o-mini__rep0.json	PILOT-2017001422	F	0	8	4600	2123	3035	357	8.5014	
PILOT-2017001422__F__gpt4o-mini__rep1.json	PILOT-2017001422	F	1	5	4600	1308	3519	357	9.8571	
PILOT-2017001422__F__gpt4o-mini__rep2.json	PILOT-2017001422	F	2	5	4600	1447	3430	357	9.6078	
PILOT-2017001422__F__gpt5.4__rep0.json	PILOT-2017001422	F	0	8	4600	1836	2980	357	8.3473	
PILOT-2017001422__F__gpt5.4__rep1.json	PILOT-2017001422	F	1	8	4600	1765	2909	357	8.1485	
PILOT-2017001422__F__gpt5.4__rep2.json	PILOT-2017001422	F	2	8	4600	1815	3121	357	8.7423	
PILOT-2017001422__F__haiku4.5__rep0.json	PILOT-2017001422	F	0	7	4600	2020	2993	357	8.3838	
PILOT-2017001422__F__haiku4.5__rep1.json	PILOT-2017001422	F	1	7	4600	1241	3480	357	9.7479	
PILOT-2017001422__F__haiku4.5__rep2.json	PILOT-2017001422	F	2	7	4600	1506	3286	357	9.2045	
PILOT-2017001422__F__sonnet4__rep0.json	PILOT-2017001422	F	0	8	4600	1903	3017	357	8.451	
PILOT-2017001422__F__sonnet4__rep1.json	PILOT-2017001422	F	1	8	4600	1917	3077	357	8.619	
PILOT-2017001422__F__sonnet4__rep2.json	PILOT-2017001422	F	2	8	4600	1961	3044	357	8.5266	
PILOT-2017001422__G__gpt4o-mini__rep0.json	PILOT-2017001422	G	0	5	4600	1383	3451	357	9.6667	
PILOT-2017001422__G__gpt4o-mini__rep1.json	PILOT-2017001422	G	1	6	4600	1639	3237	357	9.0672	
PILOT-2017001422__G__gpt4o-mini__rep2.json	PILOT-2017001422	G	2	6	4600	1917	2956	357	8.2801	
PILOT-2017001422__G__gpt5.4__rep0.json	PILOT-2017001422	G	0	8	4600	1765	3153	357	8.8319	
PILOT-2017001422__G__gpt5.4__rep1.json	PILOT-2017001422	G	1	8	4600	1878	2919	357	8.1765	
PILOT-2017001422__G__gpt5.4__rep2.json	PILOT-2017001422	G	2	8	4600	1812	2944	357	8.2465	
PILOT-2017001422__G__haiku4.5__rep0.json	PILOT-2017001422	G	0	8	4600	2157	3037	357	8.507	
PILOT-2017001422__G__haiku4.5__rep1.json	PILOT-2017001422	G	1	8	4600	2356	2995	357	8.3894	
PILOT-2017001422__G__haiku4.5__rep2.json	PILOT-2017001422	G	2	8	4600	2277	2797	357	7.8347	
PILOT-2017001422__G__sonnet4__rep0.json	PILOT-2017001422	G	0	8	4600	1891	3075	357	8.6134	
PILOT-2017001422__G__sonnet4__rep1.json	PILOT-2017001422	G	1	8	4600	1850	3047	357	8.535	
PILOT-2017001422__G__sonnet4__rep2.json	PILOT-2017001422	G	2	8	4600	1961	3044	357	8.5266	
PILOT-2017002001__F__gpt4o-mini__rep0.json	PILOT-2017002001	F	0	2	5707	403	5306	2192	2.4206	
PILOT-2017002001__F__gpt4o-mini__rep1.json	PILOT-2017002001	F	1	3	5707	982	4731	2192	2.1583	
PILOT-2017002001__F__gpt4o-mini__rep2.json	PILOT-2017002001	F	2	3	5707	1125	4583	2192	2.0908	
PILOT-2017002001__F__gpt5.4__rep0.json	PILOT-2017002001	F	0	19	5707	3406	2475	2192	1.1291	
PILOT-2017002001__F__gpt5.4__rep1.json	PILOT-2017002001	F	1	19	5707	4137	2389	2192	1.0899	
PILOT-2017002001__F__gpt5.4__rep2.json	PILOT-2017002001	F	2	19	5707	3972	2533	2192	1.1556	
PILOT-2017002001__F__haiku4.5__rep0.json	PILOT-2017002001	F	0	19	5707	3749	2465	2192	1.1245	
PILOT-2017002001__F__haiku4.5__rep1.json	PILOT-2017002001	F	1	19	5707	2981	2932	2192	1.3376	
PILOT-2017002001__F__haiku4.5__rep2.json	PILOT-2017002001	F	2	19	5707	3889	2507	2192	1.1437	
PILOT-2017002001__F__sonnet4__rep0.json	PILOT-2017002001	F	0	19	5707	3641	2276	2192	1.0383	
PILOT-2017002001__F__sonnet4__rep1.json	PILOT-2017002001	F	1	19	5707	3526	2195	2192	1.0014	
PILOT-2017002001__F__sonnet4__rep2.json	PILOT-2017002001	F	2	19	5707	3526	2195	2192	1.0014	
PILOT-2017002001__G__gpt4o-mini__rep0.json	PILOT-2017002001	G	0	2	5707	266	5441	2192	2.4822	
PILOT-2017002001__G__gpt4o-mini__rep1.json	PILOT-2017002001	G	1	2	5707	298	5409	2192	2.4676	
PILOT-2017002001__G__gpt4o-mini__rep2.json	PILOT-2017002001	G	2	2	5707	435	5272	2192	2.4051	
PILOT-2017002001__G__gpt5.4__rep0.json	PILOT-2017002001	G	0	19	5707	3699	2354	2192	1.0739	
PILOT-2017002001__G__gpt5.4__rep1.json	PILOT-2017002001	G	1	19	5707	4014	2303	2192	1.0506	
PILOT-2017002001__G__gpt5.4__rep2.json	PILOT-2017002001	G	2	19	5707	3885	2314	2192	1.0557	
PILOT-2017002001__G__haiku4.5__rep0.json	PILOT-2017002001	G	0	19	5707	3545	2472	2192	1.1277	
PILOT-2017002001__G__haiku4.5__rep1.json	PILOT-2017002001	G	1	15	5707	2907	3131	2192	1.4284	
PILOT-2017002001__G__haiku4.5__rep2.json	PILOT-2017002001	G	2	19	5707	3585	2524	2192	1.1515	
PILOT-2017002001__G__sonnet4__rep0.json	PILOT-2017002001	G	0	19	5707	3859	2379	2192	1.0853	
PILOT-2017002001__G__sonnet4__rep1.json	PILOT-2017002001	G	1	19	5707	3753	2333	2192	1.0643	
PILOT-2017002001__G__sonnet4__rep2.json	PILOT-2017002001	G	2	26	5707	5284	840	2192	0.3832	
PILOT-2017002029__F__gpt4o-mini__rep0.json	PILOT-2017002029	F	0	4	4351	822	3629	1540	2.3565	
PILOT-2017002029__F__gpt4o-mini__rep1.json	PILOT-2017002029	F	1	5	4351	1403	3099	1540	2.0123	
PILOT-2017002029__F__gpt4o-mini__rep2.json	PILOT-2017002029	F	2	11	4351	2242	2536	1540	1.6468	
PILOT-2017002029__F__gpt5.4__rep0.json	PILOT-2017002029	F	0	28	4351	3912	1166	1540	0.7571	
PILOT-2017002029__F__gpt5.4__rep1.json	PILOT-2017002029	F	1	28	4351	3688	1060	1540	0.6883	
PILOT-2017002029__F__gpt5.4__rep2.json	PILOT-2017002029	F	2	28	4351	3930	1239	1540	0.8045	
PILOT-2017002029__F__haiku4.5__rep0.json	PILOT-2017002029	F	0	28	4351	4662	1619	1540	1.0513	
PILOT-2017002029__F__haiku4.5__rep1.json	PILOT-2017002029	F	1	28	4351	4536	1442	1540	0.9364	
PILOT-2017002029__F__haiku4.5__rep2.json	PILOT-2017002029	F	2	28	4351	4578	1553	1540	1.0084	
PILOT-2017002029__F__sonnet4__rep0.json	PILOT-2017002029	F	0	28	4351	3460	1214	1540	0.7883	
PILOT-2017002029__F__sonnet4__rep1.json	PILOT-2017002029	F	1	28	4351	3404	1213	1540	0.7877	
PILOT-2017002029__F__sonnet4__rep2.json	PILOT-2017002029	F	2	28	4351	3485	1235	1540	0.8019	
PILOT-2017002029__G__gpt4o-mini__rep0.json	PILOT-2017002029	G	0	5	4351	1481	2985	1540	1.9383	
PILOT-2017002029__G__gpt4o-mini__rep1.json	PILOT-2017002029	G	1	5	4351	1453	2992	1540	1.9429	
PILOT-2017002029__G__gpt4o-mini__rep2.json	PILOT-2017002029	G	2	8	4351	1834	2956	1540	1.9195	
PILOT-2017002029__G__gpt5.4__rep0.json	PILOT-2017002029	G	0	28	4351	4128	1432	1540	0.9299	
PILOT-2017002029__G__gpt5.4__rep1.json	PILOT-2017002029	G	1	28	4351	3961	1244	1540	0.8078	
PILOT-2017002029__G__gpt5.4__rep2.json	PILOT-2017002029	G	2	28	4351	4101	1430	1540	0.9286	
PILOT-2017002029__G__haiku4.5__rep0.json	PILOT-2017002029	G	0	28	4351	4191	1363	1540	0.8851	
PILOT-2017002029__G__haiku4.5__rep1.json	PILOT-2017002029	G	1	28	4351	4805	1601	1540	1.0396	
PILOT-2017002029__G__haiku4.5__rep2.json	PILOT-2017002029	G	2	28	4351	4387	1485	1540	0.9643	
PILOT-2017002029__G__sonnet4__rep0.json	PILOT-2017002029	G	0	28	4351	3890	1255	1540	0.8149	
PILOT-2017002029__G__sonnet4__rep1.json	PILOT-2017002029	G	1	28	4351	3924	1268	1540	0.8234	
PILOT-2017002029__G__sonnet4__rep2.json	PILOT-2017002029	G	2	28	4351	3871	1235	1540	0.8019	
PILOT-2017003676__F__gpt4o-mini__rep0.json	PILOT-2017003676	F	0	8	2504	1192	1525	389	3.9203	
PILOT-2017003676__F__gpt4o-mini__rep1.json	PILOT-2017003676	F	1	19	2504	2686	405	389	1.0411	
PILOT-2017003676__F__gpt4o-mini__rep2.json	PILOT-2017003676	F	2	19	2504	2479	261	389	0.671	
PILOT-2017003676__F__gpt5.4__rep0.json	PILOT-2017003676	F	0	19	2504	2823	577	389	1.4833	
PILOT-2017003676__F__gpt5.4__rep1.json	PILOT-2017003676	F	1	19	2504	2795	670	389	1.7224	
PILOT-2017003676__F__gpt5.4__rep2.json	PILOT-2017003676	F	2	19	2504	2381	393	389	1.0103	
PILOT-2017003676__F__haiku4.5__rep0.json	PILOT-2017003676	F	0	19	2504	3565	1257	389	3.2314	
PILOT-2017003676__F__haiku4.5__rep1.json	PILOT-2017003676	F	1	19	2504	3392	1082	389	2.7815	
PILOT-2017003676__F__haiku4.5__rep2.json	PILOT-2017003676	F	2	19	2504	2861	835	389	2.1465	
PILOT-2017003676__F__sonnet4__rep0.json	PILOT-2017003676	F	0	19	2504	3052	898	389	2.3085	
PILOT-2017003676__F__sonnet4__rep1.json	PILOT-2017003676	F	1	19	2504	2990	823	389	2.1157	
PILOT-2017003676__F__sonnet4__rep2.json	PILOT-2017003676	F	2	19	2504	1344	1302	389	3.347	
PILOT-2017003676__G__gpt4o-mini__rep0.json	PILOT-2017003676	G	0	13	2504	1719	1062	389	2.7301	
PILOT-2017003676__G__gpt4o-mini__rep1.json	PILOT-2017003676	G	1	19	2504	1595	1213	389	3.1183	
PILOT-2017003676__G__gpt4o-mini__rep2.json	PILOT-2017003676	G	2	8	2504	1218	1390	389	3.5733	
PILOT-2017003676__G__gpt5.4__rep0.json	PILOT-2017003676	G	0	19	2504	2323	682	389	1.7532	
PILOT-2017003676__G__gpt5.4__rep1.json	PILOT-2017003676	G	1	19	2504	2541	301	389	0.7738	
PILOT-2017003676__G__gpt5.4__rep2.json	PILOT-2017003676	G	2	19	2504	516	2022	389	5.1979	
PILOT-2017003676__G__haiku4.5__rep0.json	PILOT-2017003676	G	0	19	2504	3135	1051	389	2.7018	
PILOT-2017003676__G__haiku4.5__rep1.json	PILOT-2017003676	G	1	19	2504	3175	912	389	2.3445	
PILOT-2017003676__G__haiku4.5__rep2.json	PILOT-2017003676	G	2	19	2504	3173	863	389	2.2185	
PILOT-2017003676__G__sonnet4__rep0.json	PILOT-2017003676	G	0	19	2504	2467	209	389	0.5373	
PILOT-2017003676__G__sonnet4__rep1.json	PILOT-2017003676	G	1	19	2504	2595	325	389	0.8355	
PILOT-2017003676__G__sonnet4__rep2.json	PILOT-2017003676	G	2	19	2504	2573	314	389	0.8072	
PILOT-2017004144__F__gpt4o-mini__rep0.json	PILOT-2017004144	F	0	7	6345	2218	4260	1330	3.203	
PILOT-2017004144__F__gpt4o-mini__rep1.json	PILOT-2017004144	F	1	7	6345	2194	4189	1330	3.1496	
PILOT-2017004144__F__gpt4o-mini__rep2.json	PILOT-2017004144	F	2	4	6345	2155	4457	1330	3.3511	
PILOT-2017004144__F__gpt5.4__rep0.json	PILOT-2017004144	F	0	7	6345	2877	4006	1330	3.012	
PILOT-2017004144__F__gpt5.4__rep1.json	PILOT-2017004144	F	1	7	6345	2424	3948	1330	2.9684	
PILOT-2017004144__F__gpt5.4__rep2.json	PILOT-2017004144	F	2	7	6345	2499	3898	1330	2.9308	
PILOT-2017004144__F__haiku4.5__rep0.json	PILOT-2017004144	F	0	30	6345	7697	1671	1330	1.2564	
PILOT-2017004144__F__haiku4.5__rep1.json	PILOT-2017004144	F	1	30	6345	7697	1671	1330	1.2564	
PILOT-2017004144__F__haiku4.5__rep2.json	PILOT-2017004144	F	2	30	6345	7698	1694	1330	1.2737	
PILOT-2017004144__F__sonnet4__rep0.json	PILOT-2017004144	F	0	30	6345	6592	575	1330	0.4323	
PILOT-2017004144__F__sonnet4__rep1.json	PILOT-2017004144	F	1	30	6345	6721	703	1330	0.5286	
PILOT-2017004144__F__sonnet4__rep2.json	PILOT-2017004144	F	2	30	6345	6417	473	1330	0.3556	
PILOT-2017004144__G__gpt4o-mini__rep0.json	PILOT-2017004144	G	0	7	6345	2190	4220	1330	3.1729	
PILOT-2017004144__G__gpt4o-mini__rep1.json	PILOT-2017004144	G	1	7	6345	2317	4063	1330	3.0549	
PILOT-2017004144__G__gpt4o-mini__rep2.json	PILOT-2017004144	G	2	7	6345	2794	4176	1330	3.1398	
PILOT-2017004144__G__gpt5.4__rep0.json	PILOT-2017004144	G	0	7	6345	2765	3696	1330	2.7789	
PILOT-2017004144__G__gpt5.4__rep1.json	PILOT-2017004144	G	1	7	6345	2777	3689	1330	2.7737	
PILOT-2017004144__G__gpt5.4__rep2.json	PILOT-2017004144	G	2	7	6345	2853	3765	1330	2.8308	
PILOT-2017004144__G__haiku4.5__rep0.json	PILOT-2017004144	G	0	30	6345	7103	1341	1330	1.0083	
PILOT-2017004144__G__haiku4.5__rep1.json	PILOT-2017004144	G	1	30	6345	7107	1345	1330	1.0113	
PILOT-2017004144__G__haiku4.5__rep2.json	PILOT-2017004144	G	2	30	6345	7703	1683	1330	1.2654	
PILOT-2017004144__G__sonnet4__rep0.json	PILOT-2017004144	G	0	30	6345	6394	460	1330	0.3459	
PILOT-2017004144__G__sonnet4__rep1.json	PILOT-2017004144	G	1	30	6345	6810	838	1330	0.6301	
PILOT-2017004144__G__sonnet4__rep2.json	PILOT-2017004144	G	2	30	6345	6398	464	1330	0.3489	
PILOT-2017004286__F__gpt4o-mini__rep0.json	PILOT-2017004286	F	0	4	6980	1934	5108	1533	3.332	
PILOT-2017004286__F__gpt4o-mini__rep1.json	PILOT-2017004286	F	1	3	6980	1335	5662	1533	3.6934	
PILOT-2017004286__F__gpt4o-mini__rep2.json	PILOT-2017004286	F	2	3	6980	1359	5624	1533	3.6686	
PILOT-2017004286__F__gpt5.4__rep0.json	PILOT-2017004286	F	0	26	6980	8263	1356	1533	0.8845	
PILOT-2017004286__F__gpt5.4__rep1.json	PILOT-2017004286	F	1	26	6980	7437	539	1533	0.3516	
PILOT-2017004286__F__gpt5.4__rep2.json	PILOT-2017004286	F	2	26	6980	8033	1103	1533	0.7195	
PILOT-2017004286__F__haiku4.5__rep0.json	PILOT-2017004286	F	0	26	6980	7245	574	1533	0.3744	
PILOT-2017004286__F__haiku4.5__rep1.json	PILOT-2017004286	F	1	26	6980	7685	1169	1533	0.7626	
PILOT-2017004286__F__haiku4.5__rep2.json	PILOT-2017004286	F	2	26	6980	7882	1047	1533	0.683	
PILOT-2017004286__F__sonnet4__rep0.json	PILOT-2017004286	F	0	26	6980	7240	318	1533	0.2074	
PILOT-2017004286__F__sonnet4__rep1.json	PILOT-2017004286	F	1	26	6980	7268	346	1533	0.2257	
PILOT-2017004286__F__sonnet4__rep2.json	PILOT-2017004286	F	2	26	6980	7186	264	1533	0.1722	
PILOT-2017004286__G__gpt4o-mini__rep0.json	PILOT-2017004286	G	0	4	6980	1924	5112	1533	3.3346	
PILOT-2017004286__G__gpt4o-mini__rep1.json	PILOT-2017004286	G	1	4	6980	1888	5114	1533	3.3359	
PILOT-2017004286__G__gpt4o-mini__rep2.json	PILOT-2017004286	G	2	4	6980	1918	5124	1533	3.3425	
PILOT-2017004286__G__gpt5.4__rep0.json	PILOT-2017004286	G	0	26	6980	8072	1145	1533	0.7469	
PILOT-2017004286__G__gpt5.4__rep1.json	PILOT-2017004286	G	1	26	6980	8356	1433	1533	0.9348	
PILOT-2017004286__G__gpt5.4__rep2.json	PILOT-2017004286	G	2	26	6980	6660	1069	1533	0.6973	
PILOT-2017004286__G__haiku4.5__rep0.json	PILOT-2017004286	G	0	26	6980	8494	1766	1533	1.152	
PILOT-2017004286__G__haiku4.5__rep1.json	PILOT-2017004286	G	1	26	6980	1868	5139	1533	3.3523	
PILOT-2017004286__G__haiku4.5__rep2.json	PILOT-2017004286	G	2	26	6980	7557	962	1533	0.6275	
PILOT-2017004286__G__sonnet4__rep0.json	PILOT-2017004286	G	0	26	6980	7239	317	1533	0.2068	
PILOT-2017004286__G__sonnet4__rep1.json	PILOT-2017004286	G	1	26	6980	7402	480	1533	0.3131	
PILOT-2017004286__G__sonnet4__rep2.json	PILOT-2017004286	G	2	26	6980	7698	808	1533	0.5271	
PILOT-2017005259__F__gpt4o-mini__rep0.json	PILOT-2017005259	F	0	8	2205	1585	716	728	0.9835	
PILOT-2017005259__F__gpt4o-mini__rep1.json	PILOT-2017005259	F	1	4	2205	1097	1165	728	1.6003	
PILOT-2017005259__F__gpt4o-mini__rep2.json	PILOT-2017005259	F	2	5	2205	1332	980	728	1.3462	
PILOT-2017005259__F__gpt5.4__rep0.json	PILOT-2017005259	F	0	14	2205	2352	156	728	0.2143	
PILOT-2017005259__F__gpt5.4__rep1.json	PILOT-2017005259	F	1	14	2205	2345	166	728	0.228	
PILOT-2017005259__F__gpt5.4__rep2.json	PILOT-2017005259	F	2	14	2205	2324	128	728	0.1758	
PILOT-2017005259__F__haiku4.5__rep0.json	PILOT-2017005259	F	0	14	2205	3008	803	728	1.103	
PILOT-2017005259__F__haiku4.5__rep1.json	PILOT-2017005259	F	1	14	2205	2916	711	728	0.9766	
PILOT-2017005259__F__haiku4.5__rep2.json	PILOT-2017005259	F	2	14	2205	2569	745	728	1.0234	
PILOT-2017005259__F__sonnet4__rep0.json	PILOT-2017005259	F	0	14	2205	3069	864	728	1.1868	
PILOT-2017005259__F__sonnet4__rep1.json	PILOT-2017005259	F	1	14	2205	2639	764	728	1.0495	
PILOT-2017005259__F__sonnet4__rep2.json	PILOT-2017005259	F	2	14	2205	3002	797	728	1.0948	
PILOT-2017005259__G__gpt4o-mini__rep0.json	PILOT-2017005259	G	0	4	2205	1012	1264	728	1.7363	
PILOT-2017005259__G__gpt4o-mini__rep1.json	PILOT-2017005259	G	1	4	2205	1044	1278	728	1.7555	
PILOT-2017005259__G__gpt4o-mini__rep2.json	PILOT-2017005259	G	2	8	2205	1581	712	728	0.978	
PILOT-2017005259__G__gpt5.4__rep0.json	PILOT-2017005259	G	0	14	2205	2280	84	728	0.1154	
PILOT-2017005259__G__gpt5.4__rep1.json	PILOT-2017005259	G	1	14	2205	2328	123	728	0.169	
PILOT-2017005259__G__gpt5.4__rep2.json	PILOT-2017005259	G	2	14	2205	2352	156	728	0.2143	
PILOT-2017005259__G__haiku4.5__rep0.json	PILOT-2017005259	G	0	14	2205	2861	656	728	0.9011	
PILOT-2017005259__G__haiku4.5__rep1.json	PILOT-2017005259	G	1	14	2205	3068	863	728	1.1854	
PILOT-2017005259__G__haiku4.5__rep2.json	PILOT-2017005259	G	2	14	2205	3165	960	728	1.3187	
PILOT-2017005259__G__sonnet4__rep0.json	PILOT-2017005259	G	0	14	2205	2948	743	728	1.0206	
PILOT-2017005259__G__sonnet4__rep1.json	PILOT-2017005259	G	1	14	2205	2922	717	728	0.9849	
PILOT-2017005259__G__sonnet4__rep2.json	PILOT-2017005259	G	2	14	2205	3119	914	728	1.2555	
PILOT-2017005493__F__gpt4o-mini__rep0.json	PILOT-2017005493	F	0	7	3063	1561	1850	384	4.8177	
PILOT-2017005493__F__gpt4o-mini__rep1.json	PILOT-2017005493	F	1	8	3063	1842	1556	384	4.0521	
PILOT-2017005493__F__gpt4o-mini__rep2.json	PILOT-2017005493	F	2	8	3063	1609	1532	384	3.9896	
PILOT-2017005493__F__gpt5.4__rep0.json	PILOT-2017005493	F	0	20	3063	4120	1074	384	2.7969	
PILOT-2017005493__F__gpt5.4__rep1.json	PILOT-2017005493	F	1	20	3063	4021	983	384	2.5599	
PILOT-2017005493__F__gpt5.4__rep2.json	PILOT-2017005493	F	2	20	3063	3731	686	384	1.7865	
PILOT-2017005493__F__haiku4.5__rep0.json	PILOT-2017005493	F	0	20	3063	5052	2020	384	5.2604	
PILOT-2017005493__F__haiku4.5__rep1.json	PILOT-2017005493	F	1	20	3063	4620	1589	384	4.138	
PILOT-2017005493__F__haiku4.5__rep2.json	PILOT-2017005493	F	2	20	3063	4584	1554	384	4.0469	
PILOT-2017005493__F__sonnet4__rep0.json	PILOT-2017005493	F	0	20	3063	3872	819	384	2.1328	
PILOT-2017005493__F__sonnet4__rep1.json	PILOT-2017005493	F	1	20	3063	3795	753	384	1.9609	
PILOT-2017005493__F__sonnet4__rep2.json	PILOT-2017005493	F	2	20	3063	3677	644	384	1.6771	
PILOT-2017005493__G__gpt4o-mini__rep0.json	PILOT-2017005493	G	0	8	3063	1374	1915	384	4.987	
PILOT-2017005493__G__gpt4o-mini__rep1.json	PILOT-2017005493	G	1	6	3063	1758	1576	384	4.1042	
PILOT-2017005493__G__gpt4o-mini__rep2.json	PILOT-2017005493	G	2	5	3063	1477	1661	384	4.3255	
PILOT-2017005493__G__gpt5.4__rep0.json	PILOT-2017005493	G	0	20	3063	4195	1157	384	3.013	
PILOT-2017005493__G__gpt5.4__rep1.json	PILOT-2017005493	G	1	20	3063	3856	812	384	2.1146	
PILOT-2017005493__G__gpt5.4__rep2.json	PILOT-2017005493	G	2	20	3063	3732	696	384	1.8125	
PILOT-2017005493__G__haiku4.5__rep0.json	PILOT-2017005493	G	0	20	3063	4395	1365	384	3.5547	
PILOT-2017005493__G__haiku4.5__rep1.json	PILOT-2017005493	G	1	20	3063	4519	1525	384	3.9714	
PILOT-2017005493__G__haiku4.5__rep2.json	PILOT-2017005493	G	2	20	3063	4197	1159	384	3.0182	
PILOT-2017005493__G__sonnet4__rep0.json	PILOT-2017005493	G	0	20	3063	3272	758	384	1.974	
PILOT-2017005493__G__sonnet4__rep1.json	PILOT-2017005493	G	1	20	3063	3601	607	384	1.5807	
PILOT-2017005493__G__sonnet4__rep2.json	PILOT-2017005493	G	2	20	3063	3400	540	384	1.4062	
PILOT-2017006188__F__gpt4o-mini__rep0.json	PILOT-2017006188	F	0	0			None		None	no_gen
PILOT-2017006188__F__gpt4o-mini__rep1.json	PILOT-2017006188	F	1	0			None		None	no_gen
PILOT-2017006188__F__gpt4o-mini__rep2.json	PILOT-2017006188	F	2	0			None		None	no_gen
PILOT-2017006188__F__gpt5.4__rep0.json	PILOT-2017006188	F	0	23	6996	5768	2548	552	4.6159	
PILOT-2017006188__F__gpt5.4__rep1.json	PILOT-2017006188	F	1	23	6996	5508	2043	552	3.7011	
PILOT-2017006188__F__gpt5.4__rep2.json	PILOT-2017006188	F	2	23	6996	5660	2079	552	3.7663	
PILOT-2017006188__F__haiku4.5__rep0.json	PILOT-2017006188	F	0	0			None		None	no_gen
PILOT-2017006188__F__haiku4.5__rep1.json	PILOT-2017006188	F	1	0			None		None	no_gen
PILOT-2017006188__F__haiku4.5__rep2.json	PILOT-2017006188	F	2	0			None		None	no_gen
PILOT-2017006188__F__sonnet4__rep0.json	PILOT-2017006188	F	0	0			None		None	no_gen
PILOT-2017006188__F__sonnet4__rep1.json	PILOT-2017006188	F	1	28	6996	5365	1893	552	3.4293	
PILOT-2017006188__F__sonnet4__rep2.json	PILOT-2017006188	F	2	0			None		None	no_gen
PILOT-2017006188__G__gpt4o-mini__rep0.json	PILOT-2017006188	G	0	0			None		None	no_gen
PILOT-2017006188__G__gpt4o-mini__rep1.json	PILOT-2017006188	G	1	0			None		None	no_gen
PILOT-2017006188__G__gpt4o-mini__rep2.json	PILOT-2017006188	G	2	0			None		None	no_gen
PILOT-2017006188__G__gpt5.4__rep0.json	PILOT-2017006188	G	0	17	6996	2969	4364	552	7.9058	
PILOT-2017006188__G__gpt5.4__rep1.json	PILOT-2017006188	G	1	16	6996	2963	4284	552	7.7609	
PILOT-2017006188__G__gpt5.4__rep2.json	PILOT-2017006188	G	2	17	6996	3003	4319	552	7.8243	
PILOT-2017006188__G__haiku4.5__rep0.json	PILOT-2017006188	G	0	0			None		None	no_gen
PILOT-2017006188__G__haiku4.5__rep1.json	PILOT-2017006188	G	1	0			None		None	no_gen
PILOT-2017006188__G__haiku4.5__rep2.json	PILOT-2017006188	G	2	0			None		None	no_gen
PILOT-2017006188__G__sonnet4__rep0.json	PILOT-2017006188	G	0	0			None		None	no_gen
PILOT-2017006188__G__sonnet4__rep1.json	PILOT-2017006188	G	1	0			None		None	no_gen
PILOT-2017006188__G__sonnet4__rep2.json	PILOT-2017006188	G	2	0			None		None	no_gen
PILOT-2017007272__F__gpt4o-mini__rep0.json	PILOT-2017007272	F	0	10	2559	1575	1211	435	2.7839	
PILOT-2017007272__F__gpt4o-mini__rep1.json	PILOT-2017007272	F	1	9	2559	1276	1401	435	3.2207	
PILOT-2017007272__F__gpt4o-mini__rep2.json	PILOT-2017007272	F	2	8	2559	1341	1361	435	3.1287	
PILOT-2017007272__F__gpt5.4__rep0.json	PILOT-2017007272	F	0	14	2559	1816	974	435	2.2391	
PILOT-2017007272__F__gpt5.4__rep1.json	PILOT-2017007272	F	1	20	2559	2775	559	435	1.2851	
PILOT-2017007272__F__gpt5.4__rep2.json	PILOT-2017007272	F	2	14	2559	1944	921	435	2.1172	
PILOT-2017007272__F__haiku4.5__rep0.json	PILOT-2017007272	F	0	20	2559	2723	990	435	2.2759	
PILOT-2017007272__F__haiku4.5__rep1.json	PILOT-2017007272	F	1	20	2559	1390	1472	435	3.3839	
PILOT-2017007272__F__haiku4.5__rep2.json	PILOT-2017007272	F	2	20	2559	1922	1184	435	2.7218	
PILOT-2017007272__F__sonnet4__rep0.json	PILOT-2017007272	F	0	20	2559	2543	1066	435	2.4506	
PILOT-2017007272__F__sonnet4__rep1.json	PILOT-2017007272	F	1	20	2559	2308	973	435	2.2368	
PILOT-2017007272__F__sonnet4__rep2.json	PILOT-2017007272	F	2	20	2559	2231	953	435	2.1908	
PILOT-2017007272__G__gpt4o-mini__rep0.json	PILOT-2017007272	G	0	9	2559	1585	1293	435	2.9724	
PILOT-2017007272__G__gpt4o-mini__rep1.json	PILOT-2017007272	G	1	6	2559	1234	1460	435	3.3563	
PILOT-2017007272__G__gpt4o-mini__rep2.json	PILOT-2017007272	G	2	5	2559	939	1727	435	3.9701	
PILOT-2017007272__G__gpt5.4__rep0.json	PILOT-2017007272	G	0	20	2559	2476	305	435	0.7011	
PILOT-2017007272__G__gpt5.4__rep1.json	PILOT-2017007272	G	1	14	2559	1879	947	435	2.177	
PILOT-2017007272__G__gpt5.4__rep2.json	PILOT-2017007272	G	2	20	2559	2582	407	435	0.9356	
PILOT-2017007272__G__haiku4.5__rep0.json	PILOT-2017007272	G	0	12	2559	1882	1326	435	3.0483	
PILOT-2017007272__G__haiku4.5__rep1.json	PILOT-2017007272	G	1	12	2559	1992	1249	435	2.8713	
PILOT-2017007272__G__haiku4.5__rep2.json	PILOT-2017007272	G	2	12	2559	1798	1352	435	3.108	
PILOT-2017007272__G__sonnet4__rep0.json	PILOT-2017007272	G	0	20	2559	2332	1012	435	2.3264	
PILOT-2017007272__G__sonnet4__rep1.json	PILOT-2017007272	G	1	20	2559	2747	409	435	0.9402	
PILOT-2017007272__G__sonnet4__rep2.json	PILOT-2017007272	G	2	20	2559	2218	962	435	2.2115	
PILOT-2017007595__F__gpt4o-mini__rep0.json	PILOT-2017007595	F	0	5	11101	2130	9066	3372	2.6886	
PILOT-2017007595__F__gpt4o-mini__rep1.json	PILOT-2017007595	F	1	6	11101	2627	8637	3372	2.5614	
PILOT-2017007595__F__gpt4o-mini__rep2.json	PILOT-2017007595	F	2	6	11101	2873	8355	3372	2.4778	
PILOT-2017007595__F__gpt5.4__rep0.json	PILOT-2017007595	F	0	42	11101	13202	2755	3372	0.817	
PILOT-2017007595__F__gpt5.4__rep1.json	PILOT-2017007595	F	1	42	11101	11907	1139	3372	0.3378	
PILOT-2017007595__F__gpt5.4__rep2.json	PILOT-2017007595	F	2	42	11101	12825	1850	3372	0.5486	
PILOT-2017007595__F__haiku4.5__rep0.json	PILOT-2017007595	F	0	42	11101	12307	1457	3372	0.4321	
PILOT-2017007595__F__haiku4.5__rep1.json	PILOT-2017007595	F	1	42	11101	3741	7889	3372	2.3396	
PILOT-2017007595__F__haiku4.5__rep2.json	PILOT-2017007595	F	2	42	11101	7128	5725	3372	1.6978	
PILOT-2017007595__F__sonnet4__rep0.json	PILOT-2017007595	F	0	42	11101	12497	1706	3372	0.5059	
PILOT-2017007595__F__sonnet4__rep1.json	PILOT-2017007595	F	1	42	11101	11760	871	3372	0.2583	
PILOT-2017007595__F__sonnet4__rep2.json	PILOT-2017007595	F	2	42	11101	12181	1292	3372	0.3832	
PILOT-2017007595__G__gpt4o-mini__rep0.json	PILOT-2017007595	G	0	5	11101	2202	9019	3372	2.6747	
PILOT-2017007595__G__gpt4o-mini__rep1.json	PILOT-2017007595	G	1	6	11101	2700	8489	3372	2.5175	
PILOT-2017007595__G__gpt4o-mini__rep2.json	PILOT-2017007595	G	2	5	11101	2071	9095	3372	2.6972	
PILOT-2017007595__G__gpt5.4__rep0.json	PILOT-2017007595	G	0	42	11101	11889	900	3372	0.2669	
PILOT-2017007595__G__gpt5.4__rep1.json	PILOT-2017007595	G	1	42	11101	11192	1107	3372	0.3283	
PILOT-2017007595__G__gpt5.4__rep2.json	PILOT-2017007595	G	2	42	11101	11895	906	3372	0.2687	
PILOT-2017007595__G__haiku4.5__rep0.json	PILOT-2017007595	G	0	42	11101	3755	7792	3372	2.3108	
PILOT-2017007595__G__haiku4.5__rep1.json	PILOT-2017007595	G	1	42	11101	3103	8278	3372	2.4549	
PILOT-2017007595__G__haiku4.5__rep2.json	PILOT-2017007595	G	2	42	11101	3755	7792	3372	2.3108	
PILOT-2017007595__G__sonnet4__rep0.json	PILOT-2017007595	G	0	42	11101	11943	1050	3372	0.3114	
PILOT-2017007595__G__sonnet4__rep1.json	PILOT-2017007595	G	1	42	11101	11767	878	3372	0.2604	
PILOT-2017007595__G__sonnet4__rep2.json	PILOT-2017007595	G	2	42	11101	11945	1052	3372	0.312	
PILOT-2017009415__F__gpt4o-mini__rep0.json	PILOT-2017009415	F	0	7	3715	2496	1503	973	1.5447	
PILOT-2017009415__F__gpt4o-mini__rep1.json	PILOT-2017009415	F	1	6	3715	1900	1936	973	1.9897	
PILOT-2017009415__F__gpt4o-mini__rep2.json	PILOT-2017009415	F	2	6	3715	1835	1944	973	1.9979	
PILOT-2017009415__F__gpt5.4__rep0.json	PILOT-2017009415	F	0	13	3715	3499	324	973	0.333	
PILOT-2017009415__F__gpt5.4__rep1.json	PILOT-2017009415	F	1	13	3715	3650	846	973	0.8695	
PILOT-2017009415__F__gpt5.4__rep2.json	PILOT-2017009415	F	2	13	3715	3610	457	973	0.4697	
PILOT-2017009415__F__haiku4.5__rep0.json	PILOT-2017009415	F	0	13	3715	4702	1050	973	1.0791	
PILOT-2017009415__F__haiku4.5__rep1.json	PILOT-2017009415	F	1	13	3715	5023	1359	973	1.3967	
PILOT-2017009415__F__haiku4.5__rep2.json	PILOT-2017009415	F	2	13	3715	4368	743	973	0.7636	
PILOT-2017009415__F__sonnet4__rep0.json	PILOT-2017009415	F	0	13	3715	4203	572	973	0.5879	
PILOT-2017009415__F__sonnet4__rep1.json	PILOT-2017009415	F	1	13	3715	4099	476	973	0.4892	
PILOT-2017009415__F__sonnet4__rep2.json	PILOT-2017009415	F	2	13	3715	4189	566	973	0.5817	
PILOT-2017009415__G__gpt4o-mini__rep0.json	PILOT-2017009415	G	0	0			None		None	no_gen
PILOT-2017009415__G__gpt4o-mini__rep1.json	PILOT-2017009415	G	1	6	3715	1822	1985	973	2.0401	
PILOT-2017009415__G__gpt4o-mini__rep2.json	PILOT-2017009415	G	2	13	3715	3750	147	973	0.1511	
PILOT-2017009415__G__gpt5.4__rep0.json	PILOT-2017009415	G	0	13	3715	3950	957	973	0.9836	
PILOT-2017009415__G__gpt5.4__rep1.json	PILOT-2017009415	G	1	13	3715	3621	393	973	0.4039	
PILOT-2017009415__G__gpt5.4__rep2.json	PILOT-2017009415	G	2	13	3715	3993	751	973	0.7718	
PILOT-2017009415__G__haiku4.5__rep0.json	PILOT-2017009415	G	0	13	3715	3819	846	973	0.8695	
PILOT-2017009415__G__haiku4.5__rep1.json	PILOT-2017009415	G	1	13	3715	4650	1074	973	1.1038	
PILOT-2017009415__G__haiku4.5__rep2.json	PILOT-2017009415	G	2	13	3715	4320	656	973	0.6742	
PILOT-2017009415__G__sonnet4__rep0.json	PILOT-2017009415	G	0	13	3715	4137	506	973	0.52	
PILOT-2017009415__G__sonnet4__rep1.json	PILOT-2017009415	G	1	13	3715	3860	263	973	0.2703	
PILOT-2017009415__G__sonnet4__rep2.json	PILOT-2017009415	G	2	13	3715	3898	267	973	0.2744	
PILOT-2017010497__F__gpt4o-mini__rep0.json	PILOT-2017010497	F	0	12	5060	3238	2046	1110	1.8432	
PILOT-2017010497__F__gpt4o-mini__rep1.json	PILOT-2017010497	F	1	12	5060	3334	2006	1110	1.8072	
PILOT-2017010497__F__gpt4o-mini__rep2.json	PILOT-2017010497	F	2	13	5060	3539	1748	1110	1.5748	
PILOT-2017010497__F__gpt5.4__rep0.json	PILOT-2017010497	F	0	16	5060	4504	1567	1110	1.4117	
PILOT-2017010497__F__gpt5.4__rep1.json	PILOT-2017010497	F	1	17	5060	3528	2123	1110	1.9126	
PILOT-2017010497__F__gpt5.4__rep2.json	PILOT-2017010497	F	2	17	5060	3595	2152	1110	1.9387	
PILOT-2017010497__F__haiku4.5__rep0.json	PILOT-2017010497	F	0	47	5060	3756	2679	1110	2.4135	
PILOT-2017010497__F__haiku4.5__rep1.json	PILOT-2017010497	F	1	14	5060	5413	2533	1110	2.282	
PILOT-2017010497__F__haiku4.5__rep2.json	PILOT-2017010497	F	2	18	5060	3087	2765	1110	2.491	
PILOT-2017010497__F__sonnet4__rep0.json	PILOT-2017010497	F	0	13	5060	3799	2093	1110	1.8856	
PILOT-2017010497__F__sonnet4__rep1.json	PILOT-2017010497	F	1	13	5060	3407	2152	1110	1.9387	
PILOT-2017010497__F__sonnet4__rep2.json	PILOT-2017010497	F	2	13	5060	4143	2333	1110	2.1018	
PILOT-2017010497__G__gpt4o-mini__rep0.json	PILOT-2017010497	G	0	0			None		None	no_gen
PILOT-2017010497__G__gpt4o-mini__rep1.json	PILOT-2017010497	G	1	8	5060	2399	2814	1110	2.5351	
PILOT-2017010497__G__gpt4o-mini__rep2.json	PILOT-2017010497	G	2	0			None		None	no_gen
PILOT-2017010497__G__gpt5.4__rep0.json	PILOT-2017010497	G	0	13	5060	3599	2012	1110	1.8126	
PILOT-2017010497__G__gpt5.4__rep1.json	PILOT-2017010497	G	1	17	5060	4360	1484	1110	1.3369	
PILOT-2017010497__G__gpt5.4__rep2.json	PILOT-2017010497	G	2	16	5060	4557	1636	1110	1.4739	
PILOT-2017010497__G__haiku4.5__rep0.json	PILOT-2017010497	G	0	13	5060	4004	2230	1110	2.009	
PILOT-2017010497__G__haiku4.5__rep1.json	PILOT-2017010497	G	1	13	5060	4685	2456	1110	2.2126	
PILOT-2017010497__G__haiku4.5__rep2.json	PILOT-2017010497	G	2	13	5060	4584	2454	1110	2.2108	
PILOT-2017010497__G__sonnet4__rep0.json	PILOT-2017010497	G	0	13	5060	4251	2319	1110	2.0892	
PILOT-2017010497__G__sonnet4__rep1.json	PILOT-2017010497	G	1	13	5060	4408	2487	1110	2.2405	
PILOT-2017010497__G__sonnet4__rep2.json	PILOT-2017010497	G	2	13	5060	3483	1959	1110	1.7649	
PILOT-2017010632__F__gpt4o-mini__rep0.json	PILOT-2017010632	F	0	0			None		None	no_gen
PILOT-2017010632__F__gpt4o-mini__rep1.json	PILOT-2017010632	F	1	0			None		None	no_gen
PILOT-2017010632__F__gpt4o-mini__rep2.json	PILOT-2017010632	F	2	2	9700	2009	7699	1340	5.7455	
PILOT-2017010632__F__gpt5.4__rep0.json	PILOT-2017010632	F	0	20	9700	9701	1089	1340	0.8127	
PILOT-2017010632__F__gpt5.4__rep1.json	PILOT-2017010632	F	1	20	9700	9831	1209	1340	0.9022	
PILOT-2017010632__F__gpt5.4__rep2.json	PILOT-2017010632	F	2	20	9700	9785	1219	1340	0.9097	
PILOT-2017010632__F__haiku4.5__rep0.json	PILOT-2017010632	F	0	20	9700	10018	1639	1340	1.2231	
PILOT-2017010632__F__haiku4.5__rep1.json	PILOT-2017010632	F	1	20	9700	10363	2477	1340	1.8485	
PILOT-2017010632__F__haiku4.5__rep2.json	PILOT-2017010632	F	2	20	9700	10552	2143	1340	1.5993	
PILOT-2017010632__F__sonnet4__rep0.json	PILOT-2017010632	F	0	20	9700	10060	1022	1340	0.7627	
PILOT-2017010632__F__sonnet4__rep1.json	PILOT-2017010632	F	1	20	9700	10057	1020	1340	0.7612	
PILOT-2017010632__F__sonnet4__rep2.json	PILOT-2017010632	F	2	20	9700	9770	761	1340	0.5679	
PILOT-2017010632__G__gpt4o-mini__rep0.json	PILOT-2017010632	G	0	2	9700	2412	7290	1340	5.4403	
PILOT-2017010632__G__gpt4o-mini__rep1.json	PILOT-2017010632	G	1	0			None		None	no_gen
PILOT-2017010632__G__gpt4o-mini__rep2.json	PILOT-2017010632	G	2	0			None		None	no_gen
PILOT-2017010632__G__gpt5.4__rep0.json	PILOT-2017010632	G	0	20	9700	10096	1301	1340	0.9709	
PILOT-2017010632__G__gpt5.4__rep1.json	PILOT-2017010632	G	1	2	9700	1976	7724	1340	5.7642	
PILOT-2017010632__G__gpt5.4__rep2.json	PILOT-2017010632	G	2	2	9700	2153	7547	1340	5.6321	
PILOT-2017010632__G__haiku4.5__rep0.json	PILOT-2017010632	G	0	20	9700	10736	2183	1340	1.6291	
PILOT-2017010632__G__haiku4.5__rep1.json	PILOT-2017010632	G	1	20	9700	10053	1503	1340	1.1216	
PILOT-2017010632__G__haiku4.5__rep2.json	PILOT-2017010632	G	2	20	9700	10940	2097	1340	1.5649	
PILOT-2017010632__G__sonnet4__rep0.json	PILOT-2017010632	G	0	20	9700	10296	1287	1340	0.9604	
PILOT-2017010632__G__sonnet4__rep1.json	PILOT-2017010632	G	1	20	9700	9786	747	1340	0.5575	
PILOT-2017010632__G__sonnet4__rep2.json	PILOT-2017010632	G	2	20	9700	9811	1183	1340	0.8828	
PILOT-2018000427__F__gpt4o-mini__rep0.json	PILOT-2018000427	F	0	2	4938	1244	3706	580	6.3897	
PILOT-2018000427__F__gpt4o-mini__rep1.json	PILOT-2018000427	F	1	2	4938	1205	3743	580	6.4534	
PILOT-2018000427__F__gpt4o-mini__rep2.json	PILOT-2018000427	F	2	2	4938	1240	3859	580	6.6534	
PILOT-2018000427__F__gpt5.4__rep0.json	PILOT-2018000427	F	0	2	4938	1388	3782	580	6.5207	
PILOT-2018000427__F__gpt5.4__rep1.json	PILOT-2018000427	F	1	2	4938	1279	3743	580	6.4534	
PILOT-2018000427__F__gpt5.4__rep2.json	PILOT-2018000427	F	2	2	4938	1390	3778	580	6.5138	
PILOT-2018000427__F__haiku4.5__rep0.json	PILOT-2018000427	F	0	2	4938	1357	3812	580	6.5724	
PILOT-2018000427__F__haiku4.5__rep1.json	PILOT-2018000427	F	1	2	4938	1427	3775	580	6.5086	
PILOT-2018000427__F__haiku4.5__rep2.json	PILOT-2018000427	F	2	2	4938	1343	3806	580	6.5621	
PILOT-2018000427__F__sonnet4__rep0.json	PILOT-2018000427	F	0	2	4938	1439	3670	580	6.3276	
PILOT-2018000427__F__sonnet4__rep1.json	PILOT-2018000427	F	1	2	4938	1439	3670	580	6.3276	
PILOT-2018000427__F__sonnet4__rep2.json	PILOT-2018000427	F	2	2	4938	1438	3672	580	6.331	
PILOT-2018000427__G__gpt4o-mini__rep0.json	PILOT-2018000427	G	0	0			None		None	no_gen
PILOT-2018000427__G__gpt4o-mini__rep1.json	PILOT-2018000427	G	1	0			None		None	no_gen
PILOT-2018000427__G__gpt4o-mini__rep2.json	PILOT-2018000427	G	2	0			None		None	no_gen
PILOT-2018000427__G__gpt5.4__rep0.json	PILOT-2018000427	G	0	2	4938	1624	3639	580	6.2741	
PILOT-2018000427__G__gpt5.4__rep1.json	PILOT-2018000427	G	1	2	4938	1279	3743	580	6.4534	
PILOT-2018000427__G__gpt5.4__rep2.json	PILOT-2018000427	G	2	2	4938	1391	3777	580	6.5121	
PILOT-2018000427__G__haiku4.5__rep0.json	PILOT-2018000427	G	0	2	4938	1434	3758	580	6.4793	
PILOT-2018000427__G__haiku4.5__rep1.json	PILOT-2018000427	G	1	2	4938	1391	3783	580	6.5224	
PILOT-2018000427__G__haiku4.5__rep2.json	PILOT-2018000427	G	2	2	4938	1297	3822	580	6.5897	
PILOT-2018000427__G__sonnet4__rep0.json	PILOT-2018000427	G	0	2	4938	1438	3672	580	6.331	
PILOT-2018000427__G__sonnet4__rep1.json	PILOT-2018000427	G	1	2	4938	1438	3672	580	6.331	
PILOT-2018000427__G__sonnet4__rep2.json	PILOT-2018000427	G	2	2	4938	1438	3672	580	6.331	
PILOT-2018001232__F__gpt4o-mini__rep0.json	PILOT-2018001232	F	0	3	3733	583	3158	793	3.9823	
PILOT-2018001232__F__gpt4o-mini__rep1.json	PILOT-2018001232	F	1	2	3733	701	3047	793	3.8424	
PILOT-2018001232__F__gpt4o-mini__rep2.json	PILOT-2018001232	F	2	3	3733	585	3158	793	3.9823	
PILOT-2018001232__F__gpt5.4__rep0.json	PILOT-2018001232	F	0	20	3733	3905	268	793	0.338	
PILOT-2018001232__F__gpt5.4__rep1.json	PILOT-2018001232	F	1	20	3733	3935	298	793	0.3758	
PILOT-2018001232__F__gpt5.4__rep2.json	PILOT-2018001232	F	2	20	3733	4208	571	793	0.7201	
PILOT-2018001232__F__haiku4.5__rep0.json	PILOT-2018001232	F	0	20	3733	3558	802	793	1.0113	
PILOT-2018001232__F__haiku4.5__rep1.json	PILOT-2018001232	F	1	20	3733	3403	632	793	0.797	
PILOT-2018001232__F__haiku4.5__rep2.json	PILOT-2018001232	F	2	20	3733	3403	632	793	0.797	
PILOT-2018001232__F__sonnet4__rep0.json	PILOT-2018001232	F	0	20	3733	3935	298	793	0.3758	
PILOT-2018001232__F__sonnet4__rep1.json	PILOT-2018001232	F	1	20	3733	3935	298	793	0.3758	
PILOT-2018001232__F__sonnet4__rep2.json	PILOT-2018001232	F	2	20	3733	3935	298	793	0.3758	
PILOT-2018001232__G__gpt4o-mini__rep0.json	PILOT-2018001232	G	0	5	3733	1084	2762	793	3.483	
PILOT-2018001232__G__gpt4o-mini__rep1.json	PILOT-2018001232	G	1	16	3733	4083	1185	793	1.4943	
PILOT-2018001232__G__gpt4o-mini__rep2.json	PILOT-2018001232	G	2	2	3733	985	2758	793	3.4779	
PILOT-2018001232__G__gpt5.4__rep0.json	PILOT-2018001232	G	0	20	3733	3935	298	793	0.3758	
PILOT-2018001232__G__gpt5.4__rep1.json	PILOT-2018001232	G	1	20	3733	3935	298	793	0.3758	
PILOT-2018001232__G__gpt5.4__rep2.json	PILOT-2018001232	G	2	20	3733	4118	481	793	0.6066	
PILOT-2018001232__G__haiku4.5__rep0.json	PILOT-2018001232	G	0	20	3733	5033	1335	793	1.6835	
PILOT-2018001232__G__haiku4.5__rep1.json	PILOT-2018001232	G	1	20	3733	5346	1647	793	2.0769	
PILOT-2018001232__G__haiku4.5__rep2.json	PILOT-2018001232	G	2	16	3733	4481	1503	793	1.8953	
PILOT-2018001232__G__sonnet4__rep0.json	PILOT-2018001232	G	0	20	3733	3935	298	793	0.3758	
PILOT-2018001232__G__sonnet4__rep1.json	PILOT-2018001232	G	1	20	3733	3935	298	793	0.3758	
PILOT-2018001232__G__sonnet4__rep2.json	PILOT-2018001232	G	2	20	3733	3935	298	793	0.3758	
PILOT-2018003513__F__gpt4o-mini__rep0.json	PILOT-2018003513	F	0	10	11037	2208	8950	3486	2.5674	
PILOT-2018003513__F__gpt4o-mini__rep1.json	PILOT-2018003513	F	1	7	11037	1906	9210	3486	2.642	
PILOT-2018003513__F__gpt4o-mini__rep2.json	PILOT-2018003513	F	2	11	11037	2134	8906	3486	2.5548	
PILOT-2018003513__F__gpt5.4__rep0.json	PILOT-2018003513	F	0	25	11037	8377	4210	3486	1.2077	
PILOT-2018003513__F__gpt5.4__rep1.json	PILOT-2018003513	F	1	26	11037	5943	5205	3486	1.4931	
PILOT-2018003513__F__gpt5.4__rep2.json	PILOT-2018003513	F	2	25	11037	8750	4317	3486	1.2384	
PILOT-2018003513__F__haiku4.5__rep0.json	PILOT-2018003513	F	0	26	11037	5521	5905	3486	1.6939	
PILOT-2018003513__F__haiku4.5__rep1.json	PILOT-2018003513	F	1	26	11037	3797	7421	3486	2.1288	
PILOT-2018003513__F__haiku4.5__rep2.json	PILOT-2018003513	F	2	26	11037	5143	6041	3486	1.7329	
PILOT-2018003513__F__sonnet4__rep0.json	PILOT-2018003513	F	0	25	11037	5887	5387	3486	1.5453	
PILOT-2018003513__F__sonnet4__rep1.json	PILOT-2018003513	F	1	25	11037	3287	7814	3486	2.2415	
PILOT-2018003513__F__sonnet4__rep2.json	PILOT-2018003513	F	2	25	11037	3464	7686	3486	2.2048	
PILOT-2018003513__G__gpt4o-mini__rep0.json	PILOT-2018003513	G	0	3	11037	969	10069	3486	2.8884	
PILOT-2018003513__G__gpt4o-mini__rep1.json	PILOT-2018003513	G	1	6	11037	1305	9739	3486	2.7937	
PILOT-2018003513__G__gpt4o-mini__rep2.json	PILOT-2018003513	G	2	5	11037	1515	9533	3486	2.7347	
PILOT-2018003513__G__gpt5.4__rep0.json	PILOT-2018003513	G	0	25	11037	5906	5416	3486	1.5536	
PILOT-2018003513__G__gpt5.4__rep1.json	PILOT-2018003513	G	1	25	11037	9130	4349	3486	1.2476	
PILOT-2018003513__G__gpt5.4__rep2.json	PILOT-2018003513	G	2	25	11037	8503	4055	3486	1.1632	
PILOT-2018003513__G__haiku4.5__rep0.json	PILOT-2018003513	G	0	26	11037	5377	5927	3486	1.7002	
PILOT-2018003513__G__haiku4.5__rep1.json	PILOT-2018003513	G	1	25	11037	4026	7304	3486	2.0952	
PILOT-2018003513__G__haiku4.5__rep2.json	PILOT-2018003513	G	2	26	11037	5623	5713	3486	1.6388	
PILOT-2018003513__G__sonnet4__rep0.json	PILOT-2018003513	G	0	25	11037	3550	7612	3486	2.1836	
PILOT-2018003513__G__sonnet4__rep1.json	PILOT-2018003513	G	1	25	11037	3451	7708	3486	2.2111	
PILOT-2018003513__G__sonnet4__rep2.json	PILOT-2018003513	G	2	25	11037	8794	4073	3486	1.1684	
PILOT-2018005420__F__gpt4o-mini__rep0.json	PILOT-2018005420	F	0	25	8113	7963	238	2586	0.092	
PILOT-2018005420__F__gpt4o-mini__rep1.json	PILOT-2018005420	F	1	25	8113	8081	340	2586	0.1315	
PILOT-2018005420__F__gpt4o-mini__rep2.json	PILOT-2018005420	F	2	6	8113	2525	5675	2586	2.1945	
PILOT-2018005420__F__gpt5.4__rep0.json	PILOT-2018005420	F	0	25	8113	8307	594	2586	0.2297	
PILOT-2018005420__F__gpt5.4__rep1.json	PILOT-2018005420	F	1	25	8113	8099	401	2586	0.1551	
PILOT-2018005420__F__gpt5.4__rep2.json	PILOT-2018005420	F	2	25	8113	8727	989	2586	0.3824	
PILOT-2018005420__F__haiku4.5__rep0.json	PILOT-2018005420	F	0	25	8113	9154	1324	2586	0.512	
PILOT-2018005420__F__haiku4.5__rep1.json	PILOT-2018005420	F	1	25	8113	3295	5070	2586	1.9606	
PILOT-2018005420__F__haiku4.5__rep2.json	PILOT-2018005420	F	2	25	8113	8454	630	2586	0.2436	
PILOT-2018005420__F__sonnet4__rep0.json	PILOT-2018005420	F	0	25	8113	8389	591	2586	0.2285	
PILOT-2018005420__F__sonnet4__rep1.json	PILOT-2018005420	F	1	25	8113	8314	516	2586	0.1995	
PILOT-2018005420__F__sonnet4__rep2.json	PILOT-2018005420	F	2	25	8113	8652	855	2586	0.3306	
PILOT-2018005420__G__gpt4o-mini__rep0.json	PILOT-2018005420	G	0	25	8113	8120	419	2586	0.162	
PILOT-2018005420__G__gpt4o-mini__rep1.json	PILOT-2018005420	G	1	6	8113	2391	5754	2586	2.2251	
PILOT-2018005420__G__gpt4o-mini__rep2.json	PILOT-2018005420	G	2	25	8113	8157	360	2586	0.1392	
PILOT-2018005420__G__gpt5.4__rep0.json	PILOT-2018005420	G	0	25	8113	8040	375	2586	0.145	
PILOT-2018005420__G__gpt5.4__rep1.json	PILOT-2018005420	G	1	25	8113	8353	674	2586	0.2606	
PILOT-2018005420__G__gpt5.4__rep2.json	PILOT-2018005420	G	2	25	8113	8071	382	2586	0.1477	
PILOT-2018005420__G__haiku4.5__rep0.json	PILOT-2018005420	G	0	25	8113	8031	377	2586	0.1458	
PILOT-2018005420__G__haiku4.5__rep1.json	PILOT-2018005420	G	1	25	8113	8095	437	2586	0.169	
PILOT-2018005420__G__haiku4.5__rep2.json	PILOT-2018005420	G	2	25	8113	8095	437	2586	0.169	
PILOT-2018005420__G__sonnet4__rep0.json	PILOT-2018005420	G	0	25	8113	8549	745	2586	0.2881	
PILOT-2018005420__G__sonnet4__rep1.json	PILOT-2018005420	G	1	25	8113	8432	634	2586	0.2452	
PILOT-2018005420__G__sonnet4__rep2.json	PILOT-2018005420	G	2	25	8113	8393	595	2586	0.2301	
PILOT-2018005863__F__gpt4o-mini__rep0.json	PILOT-2018005863	F	0	5	8120	2385	5810	1563	3.7172	
PILOT-2018005863__F__gpt4o-mini__rep1.json	PILOT-2018005863	F	1	16	8120	5029	3686	1563	2.3583	
PILOT-2018005863__F__gpt4o-mini__rep2.json	PILOT-2018005863	F	2	10	8120	3749	4491	1563	2.8733	
PILOT-2018005863__F__gpt5.4__rep0.json	PILOT-2018005863	F	0	25	8120	8389	1013	1563	0.6481	
PILOT-2018005863__F__gpt5.4__rep1.json	PILOT-2018005863	F	1	25	8120	9719	2176	1563	1.3922	
PILOT-2018005863__F__gpt5.4__rep2.json	PILOT-2018005863	F	2	25	8120	8086	692	1563	0.4427	
PILOT-2018005863__F__haiku4.5__rep0.json	PILOT-2018005863	F	0	25	8120	8113	785	1563	0.5022	
PILOT-2018005863__F__haiku4.5__rep1.json	PILOT-2018005863	F	1	25	8120	8005	703	1563	0.4498	
PILOT-2018005863__F__haiku4.5__rep2.json	PILOT-2018005863	F	2	25	8120	7998	698	1563	0.4466	
PILOT-2018005863__F__sonnet4__rep0.json	PILOT-2018005863	F	0	25	8120	8315	892	1563	0.5707	
PILOT-2018005863__F__sonnet4__rep1.json	PILOT-2018005863	F	1	25	8120	8038	666	1563	0.4261	
PILOT-2018005863__F__sonnet4__rep2.json	PILOT-2018005863	F	2	25	8120	8832	1321	1563	0.8452	
PILOT-2018005863__G__gpt4o-mini__rep0.json	PILOT-2018005863	G	0	4	8120	2125	6073	1563	3.8855	
PILOT-2018005863__G__gpt4o-mini__rep1.json	PILOT-2018005863	G	1	25	8120	5122	3231	1563	2.0672	
PILOT-2018005863__G__gpt4o-mini__rep2.json	PILOT-2018005863	G	2	22	8120	8726	1735	1563	1.11	
PILOT-2018005863__G__gpt5.4__rep0.json	PILOT-2018005863	G	0	25	8120	8033	763	1563	0.4882	
PILOT-2018005863__G__gpt5.4__rep1.json	PILOT-2018005863	G	1	25	8120	8732	1351	1563	0.8644	
PILOT-2018005863__G__gpt5.4__rep2.json	PILOT-2018005863	G	2	25	8120	7896	617	1563	0.3948	
PILOT-2018005863__G__haiku4.5__rep0.json	PILOT-2018005863	G	0	25	8120	9255	1725	1563	1.1036	
PILOT-2018005863__G__haiku4.5__rep1.json	PILOT-2018005863	G	1	25	8120	8642	1263	1563	0.8081	
PILOT-2018005863__G__haiku4.5__rep2.json	PILOT-2018005863	G	2	25	8120	8275	975	1563	0.6238	
PILOT-2018005863__G__sonnet4__rep0.json	PILOT-2018005863	G	0	25	8120	8657	1144	1563	0.7319	
PILOT-2018005863__G__sonnet4__rep1.json	PILOT-2018005863	G	1	25	8120	9260	1768	1563	1.1312	
PILOT-2018005863__G__sonnet4__rep2.json	PILOT-2018005863	G	2	25	8120	9113	1604	1563	1.0262	
PILOT-2018007886__F__gpt4o-mini__rep0.json	PILOT-2018007886	F	0	6	4635	2781	2609	863	3.0232	
PILOT-2018007886__F__gpt4o-mini__rep1.json	PILOT-2018007886	F	1	5	4635	2094	2785	863	3.2271	
PILOT-2018007886__F__gpt4o-mini__rep2.json	PILOT-2018007886	F	2	5	4635	1867	2792	863	3.2352	
PILOT-2018007886__F__gpt5.4__rep0.json	PILOT-2018007886	F	0	7	4635	3289	2478	863	2.8714	
PILOT-2018007886__F__gpt5.4__rep1.json	PILOT-2018007886	F	1	16	4635	4875	245	863	0.2839	
PILOT-2018007886__F__gpt5.4__rep2.json	PILOT-2018007886	F	2	16	4635	5649	1014	863	1.175	
PILOT-2018007886__F__haiku4.5__rep0.json	PILOT-2018007886	F	0	16	4635	4693	1625	863	1.883	
PILOT-2018007886__F__haiku4.5__rep1.json	PILOT-2018007886	F	1	16	4635	2994	2544	863	2.9479	
PILOT-2018007886__F__haiku4.5__rep2.json	PILOT-2018007886	F	2	6	4635	2819	2491	863	2.8864	
PILOT-2018007886__F__sonnet4__rep0.json	PILOT-2018007886	F	0	16	4635	5263	628	863	0.7277	
PILOT-2018007886__F__sonnet4__rep1.json	PILOT-2018007886	F	1	16	4635	5411	776	863	0.8992	
PILOT-2018007886__F__sonnet4__rep2.json	PILOT-2018007886	F	2	16	4635	5498	863	863	1.0	
PILOT-2018007886__G__gpt4o-mini__rep0.json	PILOT-2018007886	G	0	0			None		None	no_gen
PILOT-2018007886__G__gpt4o-mini__rep1.json	PILOT-2018007886	G	1	0			None		None	no_gen
PILOT-2018007886__G__gpt4o-mini__rep2.json	PILOT-2018007886	G	2	16	4635	5119	484	863	0.5608	
PILOT-2018007886__G__gpt5.4__rep0.json	PILOT-2018007886	G	0	16	4635	5445	810	863	0.9386	
PILOT-2018007886__G__gpt5.4__rep1.json	PILOT-2018007886	G	1	16	4635	5197	562	863	0.6512	
PILOT-2018007886__G__gpt5.4__rep2.json	PILOT-2018007886	G	2	7	4635	3230	2513	863	2.9119	
PILOT-2018007886__G__haiku4.5__rep0.json	PILOT-2018007886	G	0	6	4635	2752	2514	863	2.9131	
PILOT-2018007886__G__haiku4.5__rep1.json	PILOT-2018007886	G	1	16	4635	5276	653	863	0.7567	
PILOT-2018007886__G__haiku4.5__rep2.json	PILOT-2018007886	G	2	16	4635	5332	707	863	0.8192	
PILOT-2018007886__G__sonnet4__rep0.json	PILOT-2018007886	G	0	16	4635	5697	1062	863	1.2306	
PILOT-2018007886__G__sonnet4__rep1.json	PILOT-2018007886	G	1	16	4635	5334	699	863	0.81	
PILOT-2018007886__G__sonnet4__rep2.json	PILOT-2018007886	G	2	16	4635	5669	1034	863	1.1981	
PILOT-2018007979__F__gpt4o-mini__rep0.json	PILOT-2018007979	F	0	3	4163	4115	72	2669	0.027	
PILOT-2018007979__F__gpt4o-mini__rep1.json	PILOT-2018007979	F	1	3	4163	4146	112	2669	0.042	
PILOT-2018007979__F__gpt4o-mini__rep2.json	PILOT-2018007979	F	2	3	4163	4176	133	2669	0.0498	
PILOT-2018007979__F__gpt5.4__rep0.json	PILOT-2018007979	F	0	3	4163	4277	234	2669	0.0877	
PILOT-2018007979__F__gpt5.4__rep1.json	PILOT-2018007979	F	1	3	4163	4225	182	2669	0.0682	
PILOT-2018007979__F__gpt5.4__rep2.json	PILOT-2018007979	F	2	3	4163	4858	730	2669	0.2735	
PILOT-2018007979__F__haiku4.5__rep0.json	PILOT-2018007979	F	0	3	4163	3993	364	2669	0.1364	
PILOT-2018007979__F__haiku4.5__rep1.json	PILOT-2018007979	F	1	3	4163	4019	444	2669	0.1664	
PILOT-2018007979__F__haiku4.5__rep2.json	PILOT-2018007979	F	2	3	4163	4151	540	2669	0.2023	
PILOT-2018007979__F__sonnet4__rep0.json	PILOT-2018007979	F	0	3	4163	4789	734	2669	0.275	
PILOT-2018007979__F__sonnet4__rep1.json	PILOT-2018007979	F	1	3	4163	4308	265	2669	0.0993	
PILOT-2018007979__F__sonnet4__rep2.json	PILOT-2018007979	F	2	3	4163	4372	329	2669	0.1233	
PILOT-2018007979__G__gpt4o-mini__rep0.json	PILOT-2018007979	G	0	3	4163	4394	339	2669	0.127	
PILOT-2018007979__G__gpt4o-mini__rep1.json	PILOT-2018007979	G	1	3	4163	4116	119	2669	0.0446	
PILOT-2018007979__G__gpt4o-mini__rep2.json	PILOT-2018007979	G	2	3	4163	4405	350	2669	0.1311	
PILOT-2018007979__G__gpt5.4__rep0.json	PILOT-2018007979	G	0	3	4163	4667	624	2669	0.2338	
PILOT-2018007979__G__gpt5.4__rep1.json	PILOT-2018007979	G	1	3	4163	4652	606	2669	0.2271	
PILOT-2018007979__G__gpt5.4__rep2.json	PILOT-2018007979	G	2	3	4163	5150	999	2669	0.3743	
PILOT-2018007979__G__haiku4.5__rep0.json	PILOT-2018007979	G	0	3	4163	4190	687	2669	0.2574	
PILOT-2018007979__G__haiku4.5__rep1.json	PILOT-2018007979	G	1	3	4163	4353	820	2669	0.3072	
PILOT-2018007979__G__haiku4.5__rep2.json	PILOT-2018007979	G	2	3	4163	4195	704	2669	0.2638	
PILOT-2018007979__G__sonnet4__rep0.json	PILOT-2018007979	G	0	3	4163	4457	414	2669	0.1551	
PILOT-2018007979__G__sonnet4__rep1.json	PILOT-2018007979	G	1	3	4163	4454	411	2669	0.154	
PILOT-2018007979__G__sonnet4__rep2.json	PILOT-2018007979	G	2	3	4163	4460	417	2669	0.1562	
PILOT-2019001867__F__gpt4o-mini__rep0.json	PILOT-2019001867	F	0	23	10769	10575	563	6264	0.0899	
PILOT-2019001867__F__gpt4o-mini__rep1.json	PILOT-2019001867	F	1	23	10769	10689	108	6264	0.0172	
PILOT-2019001867__F__gpt4o-mini__rep2.json	PILOT-2019001867	F	2	23	10769	10758	185	6264	0.0295	
PILOT-2019001867__F__gpt5.4__rep0.json	PILOT-2019001867	F	0	23	10769	10668	729	6264	0.1164	
PILOT-2019001867__F__gpt5.4__rep1.json	PILOT-2019001867	F	1	23	10769	10694	251	6264	0.0401	
PILOT-2019001867__F__gpt5.4__rep2.json	PILOT-2019001867	F	2	23	10769	10674	832	6264	0.1328	
PILOT-2019001867__F__haiku4.5__rep0.json	PILOT-2019001867	F	0	23	10769	10614	1585	6264	0.253	
PILOT-2019001867__F__haiku4.5__rep1.json	PILOT-2019001867	F	1	23	10769	10604	1575	6264	0.2514	
PILOT-2019001867__F__haiku4.5__rep2.json	PILOT-2019001867	F	2	23	10769	10614	1585	6264	0.253	
PILOT-2019001867__F__sonnet4__rep0.json	PILOT-2019001867	F	0	23	10769	10913	428	6264	0.0683	
PILOT-2019001867__F__sonnet4__rep1.json	PILOT-2019001867	F	1	23	10769	10776	570	6264	0.091	
PILOT-2019001867__F__sonnet4__rep2.json	PILOT-2019001867	F	2	23	10769	10913	428	6264	0.0683	
PILOT-2019001867__G__gpt4o-mini__rep0.json	PILOT-2019001867	G	0	23	10769	10676	184	6264	0.0294	
PILOT-2019001867__G__gpt4o-mini__rep1.json	PILOT-2019001867	G	1	23	10769	10662	168	6264	0.0268	
PILOT-2019001867__G__gpt4o-mini__rep2.json	PILOT-2019001867	G	2	23	10769	10849	1334	6264	0.213	
PILOT-2019001867__G__gpt5.4__rep0.json	PILOT-2019001867	G	0	23	10769	10805	572	6264	0.0913	
PILOT-2019001867__G__gpt5.4__rep1.json	PILOT-2019001867	G	1	23	10769	10690	825	6264	0.1317	
PILOT-2019001867__G__gpt5.4__rep2.json	PILOT-2019001867	G	2	23	10769	10697	819	6264	0.1307	
PILOT-2019001867__G__haiku4.5__rep0.json	PILOT-2019001867	G	0	23	10769	10648	1630	6264	0.2602	
PILOT-2019001867__G__haiku4.5__rep1.json	PILOT-2019001867	G	1	23	10769	10748	1489	6264	0.2377	
PILOT-2019001867__G__haiku4.5__rep2.json	PILOT-2019001867	G	2	23	10769	10547	1494	6264	0.2385	
PILOT-2019001867__G__sonnet4__rep0.json	PILOT-2019001867	G	0	23	10769	10777	565	6264	0.0902	
PILOT-2019001867__G__sonnet4__rep1.json	PILOT-2019001867	G	1	23	10769	10913	388	6264	0.0619	
PILOT-2019001867__G__sonnet4__rep2.json	PILOT-2019001867	G	2	23	10769	10784	299	6264	0.0477	
PILOT-2019002001__F__gpt4o-mini__rep0.json	PILOT-2019002001	F	0	7	6327	2328	4159	2187	1.9017	
PILOT-2019002001__F__gpt4o-mini__rep1.json	PILOT-2019002001	F	1	6	6327	1886	4560	2187	2.085	
PILOT-2019002001__F__gpt4o-mini__rep2.json	PILOT-2019002001	F	2	7	6327	2316	4152	2187	1.8985	
PILOT-2019002001__F__gpt5.4__rep0.json	PILOT-2019002001	F	0	20	6327	7278	1573	2187	0.7193	
PILOT-2019002001__F__gpt5.4__rep1.json	PILOT-2019002001	F	1	20	6327	6448	1359	2187	0.6214	
PILOT-2019002001__F__gpt5.4__rep2.json	PILOT-2019002001	F	2	20	6327	6557	1162	2187	0.5313	
PILOT-2019002001__F__haiku4.5__rep0.json	PILOT-2019002001	F	0	20	6327	9240	3479	2187	1.5908	
PILOT-2019002001__F__haiku4.5__rep1.json	PILOT-2019002001	F	1	20	6327	7472	1814	2187	0.8294	
PILOT-2019002001__F__haiku4.5__rep2.json	PILOT-2019002001	F	2	20	6327	7703	2041	2187	0.9332	
PILOT-2019002001__F__sonnet4__rep0.json	PILOT-2019002001	F	0	20	6327	7244	1635	2187	0.7476	
PILOT-2019002001__F__sonnet4__rep1.json	PILOT-2019002001	F	1	20	6327	6434	782	2187	0.3576	
PILOT-2019002001__F__sonnet4__rep2.json	PILOT-2019002001	F	2	20	6327	6337	686	2187	0.3137	
PILOT-2019002001__G__gpt4o-mini__rep0.json	PILOT-2019002001	G	0	6	6327	1735	4675	2187	2.1376	
PILOT-2019002001__G__gpt4o-mini__rep1.json	PILOT-2019002001	G	1	7	6327	2165	4258	2187	1.947	
PILOT-2019002001__G__gpt4o-mini__rep2.json	PILOT-2019002001	G	2	6	6327	2026	4397	2187	2.0105	
PILOT-2019002001__G__gpt5.4__rep0.json	PILOT-2019002001	G	0	20	6327	6480	890	2187	0.407	
PILOT-2019002001__G__gpt5.4__rep1.json	PILOT-2019002001	G	1	7	6327	2671	4207	2187	1.9236	
PILOT-2019002001__G__gpt5.4__rep2.json	PILOT-2019002001	G	2	2	6327	1166	5264	2187	2.407	
PILOT-2019002001__G__haiku4.5__rep0.json	PILOT-2019002001	G	0	20	6327	8822	3061	2187	1.3996	
PILOT-2019002001__G__haiku4.5__rep1.json	PILOT-2019002001	G	1	20	6327	9653	3887	2187	1.7773	
PILOT-2019002001__G__haiku4.5__rep2.json	PILOT-2019002001	G	2	20	6327	9356	3595	2187	1.6438	
PILOT-2019002001__G__sonnet4__rep0.json	PILOT-2019002001	G	0	20	6327	6366	716	2187	0.3274	
PILOT-2019002001__G__sonnet4__rep1.json	PILOT-2019002001	G	1	20	6327	6274	614	2187	0.2807	
PILOT-2019002001__G__sonnet4__rep2.json	PILOT-2019002001	G	2	20	6327	6364	702	2187	0.321	
PILOT-2019002439__F__gpt4o-mini__rep0.json	PILOT-2019002439	F	0	15	10822	4117	6858	4526	1.5152	
PILOT-2019002439__F__gpt4o-mini__rep1.json	PILOT-2019002439	F	1	5	10822	2681	8305	4526	1.835	
PILOT-2019002439__F__gpt4o-mini__rep2.json	PILOT-2019002439	F	2	10	10822	3672	7490	4526	1.6549	
PILOT-2019002439__F__gpt5.4__rep0.json	PILOT-2019002439	F	0	25	10822	11578	2733	4526	0.6038	
PILOT-2019002439__F__gpt5.4__rep1.json	PILOT-2019002439	F	1	26	10822	12584	2663	4526	0.5884	
PILOT-2019002439__F__gpt5.4__rep2.json	PILOT-2019002439	F	2	26	10822	12714	2787	4526	0.6158	
PILOT-2019002439__F__haiku4.5__rep0.json	PILOT-2019002439	F	0	29	10822	11084	3653	4526	0.8071	
PILOT-2019002439__F__haiku4.5__rep1.json	PILOT-2019002439	F	1	29	10822	11154	3724	4526	0.8228	
PILOT-2019002439__F__haiku4.5__rep2.json	PILOT-2019002439	F	2	29	10822	11013	3612	4526	0.7981	
PILOT-2019002439__F__sonnet4__rep0.json	PILOT-2019002439	F	0	28	10822	9753	2242	4526	0.4954	
PILOT-2019002439__F__sonnet4__rep1.json	PILOT-2019002439	F	1	28	10822	9699	2224	4526	0.4914	
PILOT-2019002439__F__sonnet4__rep2.json	PILOT-2019002439	F	2	28	10822	9649	2240	4526	0.4949	
PILOT-2019002439__G__gpt4o-mini__rep0.json	PILOT-2019002439	G	0	3	10822	2534	8292	4526	1.8321	
PILOT-2019002439__G__gpt4o-mini__rep1.json	PILOT-2019002439	G	1	7	10822	2268	8655	4526	1.9123	
PILOT-2019002439__G__gpt4o-mini__rep2.json	PILOT-2019002439	G	2	17	10822	4569	6662	4526	1.4719	
PILOT-2019002439__G__gpt5.4__rep0.json	PILOT-2019002439	G	0	26	10822	12661	2740	4526	0.6054	
PILOT-2019002439__G__gpt5.4__rep1.json	PILOT-2019002439	G	1	26	10822	12212	2292	4526	0.5064	
PILOT-2019002439__G__gpt5.4__rep2.json	PILOT-2019002439	G	2	25	10822	11924	2520	4526	0.5568	
PILOT-2019002439__G__haiku4.5__rep0.json	PILOT-2019002439	G	0	29	10822	10848	3339	4526	0.7377	
PILOT-2019002439__G__haiku4.5__rep1.json	PILOT-2019002439	G	1	29	10822	13559	2937	4526	0.6489	
PILOT-2019002439__G__haiku4.5__rep2.json	PILOT-2019002439	G	2	29	10822	10998	3587	4526	0.7925	
PILOT-2019002439__G__sonnet4__rep0.json	PILOT-2019002439	G	0	28	10822	9859	2399	4526	0.53	
PILOT-2019002439__G__sonnet4__rep1.json	PILOT-2019002439	G	1	28	10822	9527	2194	4526	0.4848	
PILOT-2019002439__G__sonnet4__rep2.json	PILOT-2019002439	G	2	28	10822	9229	2414	4526	0.5334	
PILOT-2019003829__F__gpt4o-mini__rep0.json	PILOT-2019003829	F	0	8	2276	770	1644	1505	1.0924	
PILOT-2019003829__F__gpt4o-mini__rep1.json	PILOT-2019003829	F	1	6	2276	719	1649	1505	1.0957	
PILOT-2019003829__F__gpt4o-mini__rep2.json	PILOT-2019003829	F	2	6	2276	846	1625	1505	1.0797	
PILOT-2019003829__F__gpt5.4__rep0.json	PILOT-2019003829	F	0	17	2276	1825	526	1505	0.3495	
PILOT-2019003829__F__gpt5.4__rep1.json	PILOT-2019003829	F	1	17	2276	2292	305	1505	0.2027	
PILOT-2019003829__F__gpt5.4__rep2.json	PILOT-2019003829	F	2	17	2276	2252	307	1505	0.204	
PILOT-2019003829__F__haiku4.5__rep0.json	PILOT-2019003829	F	0	17	2276	1878	616	1505	0.4093	
PILOT-2019003829__F__haiku4.5__rep1.json	PILOT-2019003829	F	1	13	2276	2730	1531	1505	1.0173	
PILOT-2019003829__F__haiku4.5__rep2.json	PILOT-2019003829	F	2	13	2276	1980	1301	1505	0.8645	
PILOT-2019003829__F__sonnet4__rep0.json	PILOT-2019003829	F	0	17	2276	2244	567	1505	0.3767	
PILOT-2019003829__F__sonnet4__rep1.json	PILOT-2019003829	F	1	17	2276	2230	552	1505	0.3668	
PILOT-2019003829__F__sonnet4__rep2.json	PILOT-2019003829	F	2	17	2276	2238	560	1505	0.3721	
PILOT-2019003829__G__gpt4o-mini__rep0.json	PILOT-2019003829	G	0	6	2276	965	1586	1505	1.0538	
PILOT-2019003829__G__gpt4o-mini__rep1.json	PILOT-2019003829	G	1	5	2276	590	1748	1505	1.1615	
PILOT-2019003829__G__gpt4o-mini__rep2.json	PILOT-2019003829	G	2	7	2276	759	1624	1505	1.0791	
PILOT-2019003829__G__gpt5.4__rep0.json	PILOT-2019003829	G	0	17	2276	2109	450	1505	0.299	
PILOT-2019003829__G__gpt5.4__rep1.json	PILOT-2019003829	G	1	17	2276	2109	450	1505	0.299	
PILOT-2019003829__G__gpt5.4__rep2.json	PILOT-2019003829	G	2	17	2276	2115	448	1505	0.2977	
PILOT-2019003829__G__haiku4.5__rep0.json	PILOT-2019003829	G	0	17	2276	2858	1243	1505	0.8259	
PILOT-2019003829__G__haiku4.5__rep1.json	PILOT-2019003829	G	1	17	2276	2589	942	1505	0.6259	
PILOT-2019003829__G__haiku4.5__rep2.json	PILOT-2019003829	G	2	17	2276	2803	1141	1505	0.7581	
PILOT-2019003829__G__sonnet4__rep0.json	PILOT-2019003829	G	0	17	2276	2195	506	1505	0.3362	
PILOT-2019003829__G__sonnet4__rep1.json	PILOT-2019003829	G	1	17	2276	2233	540	1505	0.3588	
PILOT-2019003829__G__sonnet4__rep2.json	PILOT-2019003829	G	2	17	2276	2294	599	1505	0.398	
PILOT-2019005007__F__gpt4o-mini__rep0.json	PILOT-2019005007	F	0	2	6403	876	5528	3873	1.4273	
PILOT-2019005007__F__gpt4o-mini__rep1.json	PILOT-2019005007	F	1	7	6403	2352	4238	3873	1.0942	
PILOT-2019005007__F__gpt4o-mini__rep2.json	PILOT-2019005007	F	2	5	6403	1320	5111	3873	1.3196	
PILOT-2019005007__F__gpt5.4__rep0.json	PILOT-2019005007	F	0	25	6403	5430	1505	3873	0.3886	
PILOT-2019005007__F__gpt5.4__rep1.json	PILOT-2019005007	F	1	30	6403	7090	760	3873	0.1962	
PILOT-2019005007__F__gpt5.4__rep2.json	PILOT-2019005007	F	2	30	6403	6399	754	3873	0.1947	
PILOT-2019005007__F__haiku4.5__rep0.json	PILOT-2019005007	F	0	30	6403	5086	2165	3873	0.559	
PILOT-2019005007__F__haiku4.5__rep1.json	PILOT-2019005007	F	1	27	6403	5452	1929	3873	0.4981	
PILOT-2019005007__F__haiku4.5__rep2.json	PILOT-2019005007	F	2	30	6403	5512	1745	3873	0.4506	
PILOT-2019005007__F__sonnet4__rep0.json	PILOT-2019005007	F	0	30	6403	5532	1707	3873	0.4407	
PILOT-2019005007__F__sonnet4__rep1.json	PILOT-2019005007	F	1	27	6403	5852	1658	3873	0.4281	
PILOT-2019005007__F__sonnet4__rep2.json	PILOT-2019005007	F	2	27	6403	5855	1591	3873	0.4108	
PILOT-2019005007__G__gpt4o-mini__rep0.json	PILOT-2019005007	G	0	4	6403	1414	5011	3873	1.2938	
PILOT-2019005007__G__gpt4o-mini__rep1.json	PILOT-2019005007	G	1	5	6403	1699	4761	3873	1.2293	
PILOT-2019005007__G__gpt4o-mini__rep2.json	PILOT-2019005007	G	2	4	6403	1627	4843	3873	1.2505	
PILOT-2019005007__G__gpt5.4__rep0.json	PILOT-2019005007	G	0	28	6403	5933	1963	3873	0.5068	
PILOT-2019005007__G__gpt5.4__rep1.json	PILOT-2019005007	G	1	28	6403	6827	866	3873	0.2236	
PILOT-2019005007__G__gpt5.4__rep2.json	PILOT-2019005007	G	2	25	6403	5979	1940	3873	0.5009	
PILOT-2019005007__G__haiku4.5__rep0.json	PILOT-2019005007	G	0	30	6403	5776	2084	3873	0.5381	
PILOT-2019005007__G__haiku4.5__rep1.json	PILOT-2019005007	G	1	27	6403	5719	1977	3873	0.5105	
PILOT-2019005007__G__haiku4.5__rep2.json	PILOT-2019005007	G	2	30	6403	5813	1791	3873	0.4624	
PILOT-2019005007__G__sonnet4__rep0.json	PILOT-2019005007	G	0	30	6403	6178	1997	3873	0.5156	
PILOT-2019005007__G__sonnet4__rep1.json	PILOT-2019005007	G	1	30	6403	5852	1658	3873	0.4281	
PILOT-2019005007__G__sonnet4__rep2.json	PILOT-2019005007	G	2	27	6403	5897	1630	3873	0.4209	
PILOT-2019005292__F__gpt4o-mini__rep0.json	PILOT-2019005292	F	0	20	11391	9332	2761	2300	1.2004	
PILOT-2019005292__F__gpt4o-mini__rep1.json	PILOT-2019005292	F	1	20	11391	9651	2515	2300	1.0935	
PILOT-2019005292__F__gpt4o-mini__rep2.json	PILOT-2019005292	F	2	20	11391	9642	2538	2300	1.1035	
PILOT-2019005292__F__gpt5.4__rep0.json	PILOT-2019005292	F	0	20	11391	10461	3095	2300	1.3457	
PILOT-2019005292__F__gpt5.4__rep1.json	PILOT-2019005292	F	1	20	11391	9905	2733	2300	1.1883	
PILOT-2019005292__F__gpt5.4__rep2.json	PILOT-2019005292	F	2	20	11391	10509	2791	2300	1.2135	
PILOT-2019005292__F__haiku4.5__rep0.json	PILOT-2019005292	F	0	20	11391	5967	5779	2300	2.5126	
PILOT-2019005292__F__haiku4.5__rep1.json	PILOT-2019005292	F	1	20	11391	5347	6564	2300	2.8539	
PILOT-2019005292__F__haiku4.5__rep2.json	PILOT-2019005292	F	2	20	11391	5568	5956	2300	2.5896	
PILOT-2019005292__F__sonnet4__rep0.json	PILOT-2019005292	F	0	20	11391	9959	2761	2300	1.2004	
PILOT-2019005292__F__sonnet4__rep1.json	PILOT-2019005292	F	1	20	11391	9976	2773	2300	1.2057	
PILOT-2019005292__F__sonnet4__rep2.json	PILOT-2019005292	F	2	20	11391	9959	2762	2300	1.2009	
PILOT-2019005292__G__gpt4o-mini__rep0.json	PILOT-2019005292	G	0	0			None		None	no_gen
PILOT-2019005292__G__gpt4o-mini__rep1.json	PILOT-2019005292	G	1	20	11391	9094	2478	2300	1.0774	
PILOT-2019005292__G__gpt4o-mini__rep2.json	PILOT-2019005292	G	2	20	11391	9049	2447	2300	1.0639	
PILOT-2019005292__G__gpt5.4__rep0.json	PILOT-2019005292	G	0	20	11391	10439	2760	2300	1.2	
PILOT-2019005292__G__gpt5.4__rep1.json	PILOT-2019005292	G	1	20	11391	10943	3572	2300	1.553	
PILOT-2019005292__G__gpt5.4__rep2.json	PILOT-2019005292	G	2	20	11391	10551	2812	2300	1.2226	
PILOT-2019005292__G__haiku4.5__rep0.json	PILOT-2019005292	G	0	20	11391	8231	4018	2300	1.747	
PILOT-2019005292__G__haiku4.5__rep1.json	PILOT-2019005292	G	1	20	11391	5320	6394	2300	2.78	
PILOT-2019005292__G__haiku4.5__rep2.json	PILOT-2019005292	G	2	20	11391	7820	4273	2300	1.8578	
PILOT-2019005292__G__sonnet4__rep0.json	PILOT-2019005292	G	0	0			None		None	no_gen
PILOT-2019005292__G__sonnet4__rep1.json	PILOT-2019005292	G	1	20	11391	9959	2761	2300	1.2004	
PILOT-2019005292__G__sonnet4__rep2.json	PILOT-2019005292	G	2	20	11391	9629	2482	2300	1.0791	
PILOT-2019005776__F__gpt4o-mini__rep0.json	PILOT-2019005776	F	0	10	6941	3031	4391	5443	0.8067	
PILOT-2019005776__F__gpt4o-mini__rep1.json	PILOT-2019005776	F	1	10	6941	2910	4266	5443	0.7838	
PILOT-2019005776__F__gpt4o-mini__rep2.json	PILOT-2019005776	F	2	20	6941	6957	322	5443	0.0592	
PILOT-2019005776__F__gpt5.4__rep0.json	PILOT-2019005776	F	0	20	6941	6690	395	5443	0.0726	
PILOT-2019005776__F__gpt5.4__rep1.json	PILOT-2019005776	F	1	20	6941	6802	331	5443	0.0608	
PILOT-2019005776__F__gpt5.4__rep2.json	PILOT-2019005776	F	2	20	6941	6790	199	5443	0.0366	
PILOT-2019005776__F__haiku4.5__rep0.json	PILOT-2019005776	F	0	20	6941	6980	378	5443	0.0694	
PILOT-2019005776__F__haiku4.5__rep1.json	PILOT-2019005776	F	1	20	6941	6998	373	5443	0.0685	
PILOT-2019005776__F__haiku4.5__rep2.json	PILOT-2019005776	F	2	20	6941	7074	447	5443	0.0821	
PILOT-2019005776__F__sonnet4__rep0.json	PILOT-2019005776	F	0	20	6941	7011	521	5443	0.0957	
PILOT-2019005776__F__sonnet4__rep1.json	PILOT-2019005776	F	1	20	6941	6819	331	5443	0.0608	
PILOT-2019005776__F__sonnet4__rep2.json	PILOT-2019005776	F	2	20	6941	6821	328	5443	0.0603	
PILOT-2019005776__G__gpt4o-mini__rep0.json	PILOT-2019005776	G	0	10	6941	2898	4258	5443	0.7823	
PILOT-2019005776__G__gpt4o-mini__rep1.json	PILOT-2019005776	G	1	10	6941	3107	4386	5443	0.8058	
PILOT-2019005776__G__gpt4o-mini__rep2.json	PILOT-2019005776	G	2	20	6941	6984	349	5443	0.0641	
PILOT-2019005776__G__gpt5.4__rep0.json	PILOT-2019005776	G	0	10	6941	2935	4459	5443	0.8192	
PILOT-2019005776__G__gpt5.4__rep1.json	PILOT-2019005776	G	1	20	6941	6861	320	5443	0.0588	
PILOT-2019005776__G__gpt5.4__rep2.json	PILOT-2019005776	G	2	20	6941	6861	320	5443	0.0588	
PILOT-2019005776__G__haiku4.5__rep0.json	PILOT-2019005776	G	0	20	6941	7004	379	5443	0.0696	
PILOT-2019005776__G__haiku4.5__rep1.json	PILOT-2019005776	G	1	20	6941	6998	435	5443	0.0799	
PILOT-2019005776__G__haiku4.5__rep2.json	PILOT-2019005776	G	2	20	6941	7064	439	5443	0.0807	
PILOT-2019005776__G__sonnet4__rep0.json	PILOT-2019005776	G	0	20	6941	6819	331	5443	0.0608	
PILOT-2019005776__G__sonnet4__rep1.json	PILOT-2019005776	G	1	20	6941	6819	331	5443	0.0608	
PILOT-2019005776__G__sonnet4__rep2.json	PILOT-2019005776	G	2	20	6941	7152	533	5443	0.0979	
PILOT-2019006119__F__gpt4o-mini__rep0.json	PILOT-2019006119	F	0	0			None		None	no_gen
PILOT-2019006119__F__gpt4o-mini__rep1.json	PILOT-2019006119	F	1	0			None		None	no_gen
PILOT-2019006119__F__gpt4o-mini__rep2.json	PILOT-2019006119	F	2	8	2141	2453	472	695	0.6791	
PILOT-2019006119__F__gpt5.4__rep0.json	PILOT-2019006119	F	0	1	2141	241	1915	695	2.7554	
PILOT-2019006119__F__gpt5.4__rep1.json	PILOT-2019006119	F	1	1	2141	241	1915	695	2.7554	
PILOT-2019006119__F__gpt5.4__rep2.json	PILOT-2019006119	F	2	1	2141	241	1915	695	2.7554	
PILOT-2019006119__F__haiku4.5__rep0.json	PILOT-2019006119	F	0	8	2141	2443	517	695	0.7439	
PILOT-2019006119__F__haiku4.5__rep1.json	PILOT-2019006119	F	1	8	2141	2368	459	695	0.6604	
PILOT-2019006119__F__haiku4.5__rep2.json	PILOT-2019006119	F	2	8	2141	2454	544	695	0.7827	
PILOT-2019006119__F__sonnet4__rep0.json	PILOT-2019006119	F	0	8	2141	2357	394	695	0.5669	
PILOT-2019006119__F__sonnet4__rep1.json	PILOT-2019006119	F	1	8	2141	2385	493	695	0.7094	
PILOT-2019006119__F__sonnet4__rep2.json	PILOT-2019006119	F	2	8	2141	2287	362	695	0.5209	
PILOT-2019006119__G__gpt4o-mini__rep0.json	PILOT-2019006119	G	0	8	2141	2229	252	695	0.3626	
PILOT-2019006119__G__gpt4o-mini__rep1.json	PILOT-2019006119	G	1	2	2141	995	1398	695	2.0115	
PILOT-2019006119__G__gpt4o-mini__rep2.json	PILOT-2019006119	G	2	5	2141	1664	849	695	1.2216	
PILOT-2019006119__G__gpt5.4__rep0.json	PILOT-2019006119	G	0	1	2141	264	1890	695	2.7194	
PILOT-2019006119__G__gpt5.4__rep1.json	PILOT-2019006119	G	1	8	2141	2248	366	695	0.5266	
PILOT-2019006119__G__gpt5.4__rep2.json	PILOT-2019006119	G	2	1	2141	363	1837	695	2.6432	
PILOT-2019006119__G__haiku4.5__rep0.json	PILOT-2019006119	G	0	8	2141	2374	424	695	0.6101	
PILOT-2019006119__G__haiku4.5__rep1.json	PILOT-2019006119	G	1	8	2141	2466	540	695	0.777	
PILOT-2019006119__G__haiku4.5__rep2.json	PILOT-2019006119	G	2	8	2141	2496	546	695	0.7856	
PILOT-2019006119__G__sonnet4__rep0.json	PILOT-2019006119	G	0	8	2141	2397	424	695	0.6101	
PILOT-2019006119__G__sonnet4__rep1.json	PILOT-2019006119	G	1	8	2141	2352	381	695	0.5482	
PILOT-2019006119__G__sonnet4__rep2.json	PILOT-2019006119	G	2	8	2141	2403	430	695	0.6187	
PILOT-2020000122__F__gpt4o-mini__rep0.json	PILOT-2020000122	F	0	20	6441	6443	342	11530	0.0297	
PILOT-2020000122__F__gpt4o-mini__rep1.json	PILOT-2020000122	F	1	20	6441	6446	164	11530	0.0142	
PILOT-2020000122__F__gpt4o-mini__rep2.json	PILOT-2020000122	F	2	5	6441	2978	3656	11530	0.3171	
PILOT-2020000122__F__gpt5.4__rep0.json	PILOT-2020000122	F	0	20	6441	6897	624	11530	0.0541	
PILOT-2020000122__F__gpt5.4__rep1.json	PILOT-2020000122	F	1	20	6441	6857	575	11530	0.0499	
PILOT-2020000122__F__gpt5.4__rep2.json	PILOT-2020000122	F	2	20	6441	7109	820	11530	0.0711	
PILOT-2020000122__F__haiku4.5__rep0.json	PILOT-2020000122	F	0	20	6441	8215	1905	11530	0.1652	
PILOT-2020000122__F__haiku4.5__rep1.json	PILOT-2020000122	F	1	20	6441	6681	1069	11530	0.0927	
PILOT-2020000122__F__haiku4.5__rep2.json	PILOT-2020000122	F	2	20	6441	7436	1479	11530	0.1283	
PILOT-2020000122__F__sonnet4__rep0.json	PILOT-2020000122	F	0	20	6441	7269	997	11530	0.0865	
PILOT-2020000122__F__sonnet4__rep1.json	PILOT-2020000122	F	1	20	6441	6767	478	11530	0.0415	
PILOT-2020000122__F__sonnet4__rep2.json	PILOT-2020000122	F	2	20	6441	6830	558	11530	0.0484	
PILOT-2020000122__G__gpt4o-mini__rep0.json	PILOT-2020000122	G	0	20	6441	7495	1153	11530	0.1	
PILOT-2020000122__G__gpt4o-mini__rep1.json	PILOT-2020000122	G	1	4	6441	2843	3709	11530	0.3217	
PILOT-2020000122__G__gpt4o-mini__rep2.json	PILOT-2020000122	G	2	20	6441	7404	1084	11530	0.094	
PILOT-2020000122__G__gpt5.4__rep0.json	PILOT-2020000122	G	0	20	6441	7195	939	11530	0.0814	
PILOT-2020000122__G__gpt5.4__rep1.json	PILOT-2020000122	G	1	20	6441	6684	627	11530	0.0544	
PILOT-2020000122__G__gpt5.4__rep2.json	PILOT-2020000122	G	2	20	6441	7295	1012	11530	0.0878	
PILOT-2020000122__G__haiku4.5__rep0.json	PILOT-2020000122	G	0	20	6441	6652	925	11530	0.0802	
PILOT-2020000122__G__haiku4.5__rep1.json	PILOT-2020000122	G	1	20	6441	6701	991	11530	0.0859	
PILOT-2020000122__G__haiku4.5__rep2.json	PILOT-2020000122	G	2	20	6441	6745	624	11530	0.0541	
PILOT-2020000122__G__sonnet4__rep0.json	PILOT-2020000122	G	0	20	6441	6794	505	11530	0.0438	
PILOT-2020000122__G__sonnet4__rep1.json	PILOT-2020000122	G	1	20	6441	6603	314	11530	0.0272	
PILOT-2020000122__G__sonnet4__rep2.json	PILOT-2020000122	G	2	20	6441	7024	735	11530	0.0637	
PILOT-2020000158__F__gpt4o-mini__rep0.json	PILOT-2020000158	F	0	20	4171	4214	283	461	0.6139	
PILOT-2020000158__F__gpt4o-mini__rep1.json	PILOT-2020000158	F	1	20	4171	4278	341	461	0.7397	
PILOT-2020000158__F__gpt4o-mini__rep2.json	PILOT-2020000158	F	2	8	4171	2385	2024	461	4.3905	
PILOT-2020000158__F__gpt5.4__rep0.json	PILOT-2020000158	F	0	20	4171	4984	1056	461	2.2907	
PILOT-2020000158__F__gpt5.4__rep1.json	PILOT-2020000158	F	1	20	4171	4728	760	461	1.6486	
PILOT-2020000158__F__gpt5.4__rep2.json	PILOT-2020000158	F	2	20	4171	5128	1172	461	2.5423	
PILOT-2020000158__F__haiku4.5__rep0.json	PILOT-2020000158	F	0	20	4171	4383	452	461	0.9805	
PILOT-2020000158__F__haiku4.5__rep1.json	PILOT-2020000158	F	1	20	4171	5181	1247	461	2.705	
PILOT-2020000158__F__haiku4.5__rep2.json	PILOT-2020000158	F	2	20	4171	5142	1209	461	2.6226	
PILOT-2020000158__F__sonnet4__rep0.json	PILOT-2020000158	F	0	20	4171	4262	345	461	0.7484	
PILOT-2020000158__F__sonnet4__rep1.json	PILOT-2020000158	F	1	20	4171	4280	363	461	0.7874	
PILOT-2020000158__F__sonnet4__rep2.json	PILOT-2020000158	F	2	20	4171	4280	363	461	0.7874	
PILOT-2020000158__G__gpt4o-mini__rep0.json	PILOT-2020000158	G	0	8	4171	2302	1940	461	4.2082	
PILOT-2020000158__G__gpt4o-mini__rep1.json	PILOT-2020000158	G	1	20	4171	4250	318	461	0.6898	
PILOT-2020000158__G__gpt4o-mini__rep2.json	PILOT-2020000158	G	2	8	4171	2380	2019	461	4.3796	
PILOT-2020000158__G__gpt5.4__rep0.json	PILOT-2020000158	G	0	20	4171	4788	843	461	1.8286	
PILOT-2020000158__G__gpt5.4__rep1.json	PILOT-2020000158	G	1	20	4171	4782	835	461	1.8113	
PILOT-2020000158__G__gpt5.4__rep2.json	PILOT-2020000158	G	2	20	4171	5065	1113	461	2.4143	
PILOT-2020000158__G__haiku4.5__rep0.json	PILOT-2020000158	G	0	20	4171	4837	892	461	1.9349	
PILOT-2020000158__G__haiku4.5__rep1.json	PILOT-2020000158	G	1	20	4171	5046	1110	461	2.4078	
PILOT-2020000158__G__haiku4.5__rep2.json	PILOT-2020000158	G	2	20	4171	5140	1199	461	2.6009	
PILOT-2020000158__G__sonnet4__rep0.json	PILOT-2020000158	G	0	20	4171	4702	776	461	1.6833	
PILOT-2020000158__G__sonnet4__rep1.json	PILOT-2020000158	G	1	20	4171	4504	560	461	1.2148	
PILOT-2020000158__G__sonnet4__rep2.json	PILOT-2020000158	G	2	20	4171	4380	449	461	0.974	
PILOT-2020000362__F__gpt4o-mini__rep0.json	PILOT-2020000362	F	0	2	5042	1083	3961	4451	0.8899	
PILOT-2020000362__F__gpt4o-mini__rep1.json	PILOT-2020000362	F	1	2	5042	1083	3961	4451	0.8899	
PILOT-2020000362__F__gpt4o-mini__rep2.json	PILOT-2020000362	F	2	2	5042	1083	3961	4451	0.8899	
PILOT-2020000362__F__gpt5.4__rep0.json	PILOT-2020000362	F	0	15	5042	5058	1379	4451	0.3098	
PILOT-2020000362__F__gpt5.4__rep1.json	PILOT-2020000362	F	1	15	5042	5888	1076	4451	0.2417	
PILOT-2020000362__F__gpt5.4__rep2.json	PILOT-2020000362	F	2	15	5042	5652	1485	4451	0.3336	
PILOT-2020000362__F__haiku4.5__rep0.json	PILOT-2020000362	F	0	15	5042	6731	1865	4451	0.419	
PILOT-2020000362__F__haiku4.5__rep1.json	PILOT-2020000362	F	1	15	5042	6443	1628	4451	0.3658	
PILOT-2020000362__F__haiku4.5__rep2.json	PILOT-2020000362	F	2	15	5042	6318	1498	4451	0.3366	
PILOT-2020000362__F__sonnet4__rep0.json	PILOT-2020000362	F	0	15	5042	5230	413	4451	0.0928	
PILOT-2020000362__F__sonnet4__rep1.json	PILOT-2020000362	F	1	15	5042	5066	771	4451	0.1732	
PILOT-2020000362__F__sonnet4__rep2.json	PILOT-2020000362	F	2	15	5042	5174	359	4451	0.0807	
PILOT-2020000362__G__gpt4o-mini__rep0.json	PILOT-2020000362	G	0	1	5042	147	4895	4451	1.0998	
PILOT-2020000362__G__gpt4o-mini__rep1.json	PILOT-2020000362	G	1	2	5042	1083	3961	4451	0.8899	
PILOT-2020000362__G__gpt4o-mini__rep2.json	PILOT-2020000362	G	2	15	5042	4966	154	4451	0.0346	
PILOT-2020000362__G__gpt5.4__rep0.json	PILOT-2020000362	G	0	15	5042	5766	954	4451	0.2143	
PILOT-2020000362__G__gpt5.4__rep1.json	PILOT-2020000362	G	1	15	5042	4880	786	4451	0.1766	
PILOT-2020000362__G__gpt5.4__rep2.json	PILOT-2020000362	G	2	15	5042	4905	812	4451	0.1824	
PILOT-2020000362__G__haiku4.5__rep0.json	PILOT-2020000362	G	0	15	5042	6805	1948	4451	0.4377	
PILOT-2020000362__G__haiku4.5__rep1.json	PILOT-2020000362	G	1	15	5042	6776	1912	4451	0.4296	
PILOT-2020000362__G__haiku4.5__rep2.json	PILOT-2020000362	G	2	15	5042	6174	1367	4451	0.3071	
PILOT-2020000362__G__sonnet4__rep0.json	PILOT-2020000362	G	0	15	5042	5322	508	4451	0.1141	
PILOT-2020000362__G__sonnet4__rep1.json	PILOT-2020000362	G	1	15	5042	5320	506	4451	0.1137	
PILOT-2020000362__G__sonnet4__rep2.json	PILOT-2020000362	G	2	15	5042	5154	339	4451	0.0762	
PILOT-2020000402__F__gpt4o-mini__rep0.json	PILOT-2020000402	F	0	9	3214	3408	236	454	0.5198	
PILOT-2020000402__F__gpt4o-mini__rep1.json	PILOT-2020000402	F	1	9	3214	3277	128	454	0.2819	
PILOT-2020000402__F__gpt4o-mini__rep2.json	PILOT-2020000402	F	2	9	3214	3391	228	454	0.5022	
PILOT-2020000402__F__gpt5.4__rep0.json	PILOT-2020000402	F	0	9	3214	3752	589	454	1.2974	
PILOT-2020000402__F__gpt5.4__rep1.json	PILOT-2020000402	F	1	9	3214	3588	440	454	0.9692	
PILOT-2020000402__F__gpt5.4__rep2.json	PILOT-2020000402	F	2	9	3214	3351	184	454	0.4053	
PILOT-2020000402__F__haiku4.5__rep0.json	PILOT-2020000402	F	0	9	3214	2508	726	454	1.5991	
PILOT-2020000402__F__haiku4.5__rep1.json	PILOT-2020000402	F	1	9	3214	2508	726	454	1.5991	
PILOT-2020000402__F__haiku4.5__rep2.json	PILOT-2020000402	F	2	9	3214	2508	718	454	1.5815	
PILOT-2020000402__F__sonnet4__rep0.json	PILOT-2020000402	F	0	9	3214	3551	396	454	0.8722	
PILOT-2020000402__F__sonnet4__rep1.json	PILOT-2020000402	F	1	9	3214	3557	380	454	0.837	
PILOT-2020000402__F__sonnet4__rep2.json	PILOT-2020000402	F	2	9	3214	3399	244	454	0.5374	
PILOT-2020000402__G__gpt4o-mini__rep0.json	PILOT-2020000402	G	0	9	3214	3261	132	454	0.2907	
PILOT-2020000402__G__gpt4o-mini__rep1.json	PILOT-2020000402	G	1	9	3214	2690	815	454	1.7952	
PILOT-2020000402__G__gpt4o-mini__rep2.json	PILOT-2020000402	G	2	9	3214	2274	988	454	2.1762	
PILOT-2020000402__G__gpt5.4__rep0.json	PILOT-2020000402	G	0	9	3214	3381	395	454	0.87	
PILOT-2020000402__G__gpt5.4__rep1.json	PILOT-2020000402	G	1	9	3214	3196	236	454	0.5198	
PILOT-2020000402__G__gpt5.4__rep2.json	PILOT-2020000402	G	2	9	3214	3725	555	454	1.2225	
PILOT-2020000402__G__haiku4.5__rep0.json	PILOT-2020000402	G	0	9	3214	2382	834	454	1.837	
PILOT-2020000402__G__haiku4.5__rep1.json	PILOT-2020000402	G	1	9	3214	2990	786	454	1.7313	
PILOT-2020000402__G__haiku4.5__rep2.json	PILOT-2020000402	G	2	9	3214	2388	844	454	1.859	
PILOT-2020000402__G__sonnet4__rep0.json	PILOT-2020000402	G	0	9	3214	3725	561	454	1.2357	
PILOT-2020000402__G__sonnet4__rep1.json	PILOT-2020000402	G	1	9	3214	3409	488	454	1.0749	
PILOT-2020000402__G__sonnet4__rep2.json	PILOT-2020000402	G	2	9	3214	3191	280	454	0.6167	
PILOT-2020000676__F__gpt4o-mini__rep0.json	PILOT-2020000676	F	0	20	11143	11438	377	1431	0.2635	
PILOT-2020000676__F__gpt4o-mini__rep1.json	PILOT-2020000676	F	1	4	11143	2734	8445	1431	5.9015	
PILOT-2020000676__F__gpt4o-mini__rep2.json	PILOT-2020000676	F	2	20	11143	11435	343	1431	0.2397	
PILOT-2020000676__F__gpt5.4__rep0.json	PILOT-2020000676	F	0	20	11143	11952	891	1431	0.6226	
PILOT-2020000676__F__gpt5.4__rep1.json	PILOT-2020000676	F	1	20	11143	11952	891	1431	0.6226	
PILOT-2020000676__F__gpt5.4__rep2.json	PILOT-2020000676	F	2	20	11143	11952	891	1431	0.6226	
PILOT-2020000676__F__haiku4.5__rep0.json	PILOT-2020000676	F	0	20	11143	13519	2423	1431	1.6932	
PILOT-2020000676__F__haiku4.5__rep1.json	PILOT-2020000676	F	1	20	11143	13509	2414	1431	1.6869	
PILOT-2020000676__F__haiku4.5__rep2.json	PILOT-2020000676	F	2	20	11143	12124	1038	1431	0.7254	
PILOT-2020000676__F__sonnet4__rep0.json	PILOT-2020000676	F	0	20	11143	11757	696	1431	0.4864	
PILOT-2020000676__F__sonnet4__rep1.json	PILOT-2020000676	F	1	20	11143	11755	694	1431	0.485	
PILOT-2020000676__F__sonnet4__rep2.json	PILOT-2020000676	F	2	20	11143	10987	191	1431	0.1335	
PILOT-2020000676__G__gpt4o-mini__rep0.json	PILOT-2020000676	G	0	6	11143	3557	7665	1431	5.3564	
PILOT-2020000676__G__gpt4o-mini__rep1.json	PILOT-2020000676	G	1	20	11143	11724	654	1431	0.457	
PILOT-2020000676__G__gpt4o-mini__rep2.json	PILOT-2020000676	G	2	3	11143	2302	8844	1431	6.1803	
PILOT-2020000676__G__gpt5.4__rep0.json	PILOT-2020000676	G	0	20	11143	11952	891	1431	0.6226	
PILOT-2020000676__G__gpt5.4__rep1.json	PILOT-2020000676	G	1	20	11143	11952	891	1431	0.6226	
PILOT-2020000676__G__gpt5.4__rep2.json	PILOT-2020000676	G	2	20	11143	11952	891	1431	0.6226	
PILOT-2020000676__G__haiku4.5__rep0.json	PILOT-2020000676	G	0	20	11143	5251	6090	1431	4.2558	
PILOT-2020000676__G__haiku4.5__rep1.json	PILOT-2020000676	G	1	20	11143	10770	825	1431	0.5765	
PILOT-2020000676__G__haiku4.5__rep2.json	PILOT-2020000676	G	2	20	11143	5251	6090	1431	4.2558	
PILOT-2020000676__G__sonnet4__rep0.json	PILOT-2020000676	G	0	20	11143	11706	645	1431	0.4507	
PILOT-2020000676__G__sonnet4__rep1.json	PILOT-2020000676	G	1	20	11143	12027	966	1431	0.6751	
PILOT-2020000676__G__sonnet4__rep2.json	PILOT-2020000676	G	2	20	11143	11694	633	1431	0.4423	
PILOT-2020001769__F__gpt4o-mini__rep0.json	PILOT-2020001769	F	0	21	4930	4303	670	1929	0.3473	
PILOT-2020001769__F__gpt4o-mini__rep1.json	PILOT-2020001769	F	1	5	4930	1869	3306	1929	1.7138	
PILOT-2020001769__F__gpt4o-mini__rep2.json	PILOT-2020001769	F	2	5	4930	1300	3665	1929	1.8999	
PILOT-2020001769__F__gpt5.4__rep0.json	PILOT-2020001769	F	0	21	4930	4331	1459	1929	0.7564	
PILOT-2020001769__F__gpt5.4__rep1.json	PILOT-2020001769	F	1	21	4930	4460	825	1929	0.4277	
PILOT-2020001769__F__gpt5.4__rep2.json	PILOT-2020001769	F	2	21	4930	4289	807	1929	0.4184	
PILOT-2020001769__F__haiku4.5__rep0.json	PILOT-2020001769	F	0	21	4930	2629	2836	1929	1.4702	
PILOT-2020001769__F__haiku4.5__rep1.json	PILOT-2020001769	F	1	21	4930	3470	2241	1929	1.1617	
PILOT-2020001769__F__haiku4.5__rep2.json	PILOT-2020001769	F	2	21	4930	3470	2241	1929	1.1617	
PILOT-2020001769__F__sonnet4__rep0.json	PILOT-2020001769	F	0	21	4930	4316	681	1929	0.353	
PILOT-2020001769__F__sonnet4__rep1.json	PILOT-2020001769	F	1	21	4930	4316	681	1929	0.353	
PILOT-2020001769__F__sonnet4__rep2.json	PILOT-2020001769	F	2	1	4930	114	4816	1929	2.4966	
PILOT-2020001769__G__gpt4o-mini__rep0.json	PILOT-2020001769	G	0	21	4930	4282	692	1929	0.3587	
PILOT-2020001769__G__gpt4o-mini__rep1.json	PILOT-2020001769	G	1	4	4930	1205	3734	1929	1.9357	
PILOT-2020001769__G__gpt4o-mini__rep2.json	PILOT-2020001769	G	2	4	4930	1553	3630	1929	1.8818	
PILOT-2020001769__G__gpt5.4__rep0.json	PILOT-2020001769	G	0	21	4930	4295	730	1929	0.3784	
PILOT-2020001769__G__gpt5.4__rep1.json	PILOT-2020001769	G	1	21	4930	3964	1163	1929	0.6029	
PILOT-2020001769__G__gpt5.4__rep2.json	PILOT-2020001769	G	2	21	4930	5388	1793	1929	0.9295	
PILOT-2020001769__G__haiku4.5__rep0.json	PILOT-2020001769	G	0	21	4930	1601	3338	1929	1.7304	
PILOT-2020001769__G__haiku4.5__rep1.json	PILOT-2020001769	G	1	21	4930	3511	2334	1929	1.21	
PILOT-2020001769__G__haiku4.5__rep2.json	PILOT-2020001769	G	2	21	4930	3342	2551	1929	1.3224	
PILOT-2020001769__G__sonnet4__rep0.json	PILOT-2020001769	G	0	21	4930	4392	862	1929	0.4469	
PILOT-2020001769__G__sonnet4__rep1.json	PILOT-2020001769	G	1	21	4930	4216	792	1929	0.4106	
PILOT-2020001769__G__sonnet4__rep2.json	PILOT-2020001769	G	2	21	4930	4300	674	1929	0.3494	
PILOT-2020002332__F__gpt4o-mini__rep0.json	PILOT-2020002332	F	0	7	6503	2147	4494	2358	1.9059	
PILOT-2020002332__F__gpt4o-mini__rep1.json	PILOT-2020002332	F	1	7	6503	2178	4488	2358	1.9033	
PILOT-2020002332__F__gpt4o-mini__rep2.json	PILOT-2020002332	F	2	1	6503	741	5762	2358	2.4436	
PILOT-2020002332__F__gpt5.4__rep0.json	PILOT-2020002332	F	0	13	6503	3844	3733	2358	1.5831	
PILOT-2020002332__F__gpt5.4__rep1.json	PILOT-2020002332	F	1	25	6503	7558	1375	2358	0.5831	
PILOT-2020002332__F__gpt5.4__rep2.json	PILOT-2020002332	F	2	25	6503	7549	1363	2358	0.578	
PILOT-2020002332__F__haiku4.5__rep0.json	PILOT-2020002332	F	0	25	6503	3697	3097	2358	1.3134	
PILOT-2020002332__F__haiku4.5__rep1.json	PILOT-2020002332	F	1	25	6503	4615	2440	2358	1.0348	
PILOT-2020002332__F__haiku4.5__rep2.json	PILOT-2020002332	F	2	25	6503	4863	2341	2358	0.9928	
PILOT-2020002332__F__sonnet4__rep0.json	PILOT-2020002332	F	0	25	6503	6886	729	2358	0.3092	
PILOT-2020002332__F__sonnet4__rep1.json	PILOT-2020002332	F	1	25	6503	6894	715	2358	0.3032	
PILOT-2020002332__F__sonnet4__rep2.json	PILOT-2020002332	F	2	25	6503	6792	616	2358	0.2612	
PILOT-2020002332__G__gpt4o-mini__rep0.json	PILOT-2020002332	G	0	5	6503	1321	5246	2358	2.2248	
PILOT-2020002332__G__gpt4o-mini__rep1.json	PILOT-2020002332	G	1	7	6503	2198	4543	2358	1.9266	
PILOT-2020002332__G__gpt4o-mini__rep2.json	PILOT-2020002332	G	2	1	6503	803	5742	2358	2.4351	
PILOT-2020002332__G__gpt5.4__rep0.json	PILOT-2020002332	G	0	13	6503	4583	3532	2358	1.4979	
PILOT-2020002332__G__gpt5.4__rep1.json	PILOT-2020002332	G	1	13	6503	2414	4574	2358	1.9398	
PILOT-2020002332__G__gpt5.4__rep2.json	PILOT-2020002332	G	2	13	6503	4750	3367	2358	1.4279	
PILOT-2020002332__G__haiku4.5__rep0.json	PILOT-2020002332	G	0	25	6503	5219	2760	2358	1.1705	
PILOT-2020002332__G__haiku4.5__rep1.json	PILOT-2020002332	G	1	25	6503	3957	3241	2358	1.3745	
PILOT-2020002332__G__haiku4.5__rep2.json	PILOT-2020002332	G	2	25	6503	6402	1671	2358	0.7087	
PILOT-2020002332__G__sonnet4__rep0.json	PILOT-2020002332	G	0	25	6503	6886	729	2358	0.3092	
PILOT-2020002332__G__sonnet4__rep1.json	PILOT-2020002332	G	1	25	6503	6886	729	2358	0.3092	
PILOT-2020002332__G__sonnet4__rep2.json	PILOT-2020002332	G	2	25	6503	6886	729	2358	0.3092	
PILOT-2020002369__F__gpt4o-mini__rep0.json	PILOT-2020002369	F	0	20	3915	3888	143	1148	0.1246	
PILOT-2020002369__F__gpt4o-mini__rep1.json	PILOT-2020002369	F	1	2	3915	1118	2860	1148	2.4913	
PILOT-2020002369__F__gpt4o-mini__rep2.json	PILOT-2020002369	F	2	20	3915	3868	125	1148	0.1089	
PILOT-2020002369__F__gpt5.4__rep0.json	PILOT-2020002369	F	0	20	3915	3966	217	1148	0.189	
PILOT-2020002369__F__gpt5.4__rep1.json	PILOT-2020002369	F	1	20	3915	4110	389	1148	0.3389	
PILOT-2020002369__F__gpt5.4__rep2.json	PILOT-2020002369	F	2	20	3915	4001	252	1148	0.2195	
PILOT-2020002369__F__haiku4.5__rep0.json	PILOT-2020002369	F	0	20	3915	1434	2650	1148	2.3084	
PILOT-2020002369__F__haiku4.5__rep1.json	PILOT-2020002369	F	1	20	3915	3854	95	1148	0.0828	
PILOT-2020002369__F__haiku4.5__rep2.json	PILOT-2020002369	F	2	20	3915	4198	433	1148	0.3772	
PILOT-2020002369__F__sonnet4__rep0.json	PILOT-2020002369	F	0	20	3915	3952	203	1148	0.1768	
PILOT-2020002369__F__sonnet4__rep1.json	PILOT-2020002369	F	1	20	3915	3952	203	1148	0.1768	
PILOT-2020002369__F__sonnet4__rep2.json	PILOT-2020002369	F	2	20	3915	3950	201	1148	0.1751	
PILOT-2020002369__G__gpt4o-mini__rep0.json	PILOT-2020002369	G	0	2	3915	656	3261	1148	2.8406	
PILOT-2020002369__G__gpt4o-mini__rep1.json	PILOT-2020002369	G	1	2	3915	1284	2641	1148	2.3005	
PILOT-2020002369__G__gpt4o-mini__rep2.json	PILOT-2020002369	G	2	20	3915	3856	99	1148	0.0862	
PILOT-2020002369__G__gpt5.4__rep0.json	PILOT-2020002369	G	0	20	3915	4070	321	1148	0.2796	
PILOT-2020002369__G__gpt5.4__rep1.json	PILOT-2020002369	G	1	20	3915	4071	322	1148	0.2805	
PILOT-2020002369__G__gpt5.4__rep2.json	PILOT-2020002369	G	2	20	3915	4071	321	1148	0.2796	
PILOT-2020002369__G__haiku4.5__rep0.json	PILOT-2020002369	G	0	20	3915	3914	149	1148	0.1298	
PILOT-2020002369__G__haiku4.5__rep1.json	PILOT-2020002369	G	1	20	3915	1400	2647	1148	2.3057	
PILOT-2020002369__G__haiku4.5__rep2.json	PILOT-2020002369	G	2	20	3915	3956	191	1148	0.1664	
PILOT-2020002369__G__sonnet4__rep0.json	PILOT-2020002369	G	0	20	3915	3934	185	1148	0.1611	
PILOT-2020002369__G__sonnet4__rep1.json	PILOT-2020002369	G	1	20	3915	3934	185	1148	0.1611	
PILOT-2020002369__G__sonnet4__rep2.json	PILOT-2020002369	G	2	20	3915	3950	201	1148	0.1751	
PILOT-2020002555__F__gpt4o-mini__rep0.json	PILOT-2020002555	F	0	20	5601	6479	1018	591	1.7225	
PILOT-2020002555__F__gpt4o-mini__rep1.json	PILOT-2020002555	F	1	20	5601	5578	152	591	0.2572	
PILOT-2020002555__F__gpt4o-mini__rep2.json	PILOT-2020002555	F	2	20	5601	5618	192	591	0.3249	
PILOT-2020002555__F__gpt5.4__rep0.json	PILOT-2020002555	F	0	20	5601	5858	432	591	0.731	
PILOT-2020002555__F__gpt5.4__rep1.json	PILOT-2020002555	F	1	20	5601	5598	188	591	0.3181	
PILOT-2020002555__F__gpt5.4__rep2.json	PILOT-2020002555	F	2	20	5601	5778	358	591	0.6058	
PILOT-2020002555__F__haiku4.5__rep0.json	PILOT-2020002555	F	0	20	5601	7615	2390	591	4.044	
PILOT-2020002555__F__haiku4.5__rep1.json	PILOT-2020002555	F	1	20	5601	6301	972	591	1.6447	
PILOT-2020002555__F__haiku4.5__rep2.json	PILOT-2020002555	F	2	20	5601	6305	1024	591	1.7327	
PILOT-2020002555__F__sonnet4__rep0.json	PILOT-2020002555	F	0	20	5601	6024	562	591	0.9509	
PILOT-2020002555__F__sonnet4__rep1.json	PILOT-2020002555	F	1	20	5601	6025	563	591	0.9526	
PILOT-2020002555__F__sonnet4__rep2.json	PILOT-2020002555	F	2	20	5601	6025	563	591	0.9526	
PILOT-2020002555__G__gpt4o-mini__rep0.json	PILOT-2020002555	G	0	8	5601	2493	3512	591	5.9425	
PILOT-2020002555__G__gpt4o-mini__rep1.json	PILOT-2020002555	G	1	3	5601	1262	4380	591	7.4112	
PILOT-2020002555__G__gpt4o-mini__rep2.json	PILOT-2020002555	G	2	20	5601	5592	182	591	0.308	
PILOT-2020002555__G__gpt5.4__rep0.json	PILOT-2020002555	G	0	20	5601	5994	568	591	0.9611	
PILOT-2020002555__G__gpt5.4__rep1.json	PILOT-2020002555	G	1	20	5601	5858	432	591	0.731	
PILOT-2020002555__G__gpt5.4__rep2.json	PILOT-2020002555	G	2	20	5601	6110	686	591	1.1607	
PILOT-2020002555__G__haiku4.5__rep0.json	PILOT-2020002555	G	0	20	5601	6667	1219	591	2.0626	
PILOT-2020002555__G__haiku4.5__rep1.json	PILOT-2020002555	G	1	20	5601	5560	246	591	0.4162	
PILOT-2020002555__G__haiku4.5__rep2.json	PILOT-2020002555	G	2	20	5601	6259	1151	591	1.9475	
PILOT-2020002555__G__sonnet4__rep0.json	PILOT-2020002555	G	0	20	5601	5662	236	591	0.3993	
PILOT-2020002555__G__sonnet4__rep1.json	PILOT-2020002555	G	1	20	5601	5919	675	591	1.1421	
PILOT-2020002555__G__sonnet4__rep2.json	PILOT-2020002555	G	2	20	5601	5735	491	591	0.8308	
PILOT-2020002688__F__gpt4o-mini__rep0.json	PILOT-2020002688	F	0	7	10326	4192	6446	4258	1.5139	
PILOT-2020002688__F__gpt4o-mini__rep1.json	PILOT-2020002688	F	1	8	10326	4595	6134	4258	1.4406	
PILOT-2020002688__F__gpt4o-mini__rep2.json	PILOT-2020002688	F	2	8	10326	4669	6085	4258	1.4291	
PILOT-2020002688__F__gpt5.4__rep0.json	PILOT-2020002688	F	0	9	10326	4630	6143	4258	1.4427	
PILOT-2020002688__F__gpt5.4__rep1.json	PILOT-2020002688	F	1	9	10326	4346	6256	4258	1.4692	
PILOT-2020002688__F__gpt5.4__rep2.json	PILOT-2020002688	F	2	9	10326	4516	6176	4258	1.4504	
PILOT-2020002688__F__haiku4.5__rep0.json	PILOT-2020002688	F	0	8	10326	5895	5738	4258	1.3476	
PILOT-2020002688__F__haiku4.5__rep1.json	PILOT-2020002688	F	1	8	10326	5016	6072	4258	1.426	
PILOT-2020002688__F__haiku4.5__rep2.json	PILOT-2020002688	F	2	8	10326	4779	6065	4258	1.4244	
PILOT-2020002688__F__sonnet4__rep0.json	PILOT-2020002688	F	0	9	10326	4580	6022	4258	1.4143	
PILOT-2020002688__F__sonnet4__rep1.json	PILOT-2020002688	F	1	20	10326	8610	2853	4258	0.67	
PILOT-2020002688__F__sonnet4__rep2.json	PILOT-2020002688	F	2	9	10326	6141	5364	4258	1.2597	
PILOT-2020002688__G__gpt4o-mini__rep0.json	PILOT-2020002688	G	0	8	10326	3806	6752	4258	1.5857	
PILOT-2020002688__G__gpt4o-mini__rep1.json	PILOT-2020002688	G	1	8	10326	4141	6267	4258	1.4718	
PILOT-2020002688__G__gpt4o-mini__rep2.json	PILOT-2020002688	G	2	8	10326	4895	5965	4258	1.4009	
PILOT-2020002688__G__gpt5.4__rep0.json	PILOT-2020002688	G	0	9	10326	4500	6188	4258	1.4533	
PILOT-2020002688__G__gpt5.4__rep1.json	PILOT-2020002688	G	1	24	10326	8486	2928	4258	0.6876	
PILOT-2020002688__G__gpt5.4__rep2.json	PILOT-2020002688	G	2	9	10326	4413	6282	4258	1.4753	
PILOT-2020002688__G__haiku4.5__rep0.json	PILOT-2020002688	G	0	8	10326	5762	5738	4258	1.3476	
PILOT-2020002688__G__haiku4.5__rep1.json	PILOT-2020002688	G	1	8	10326	5002	5815	4258	1.3657	
PILOT-2020002688__G__haiku4.5__rep2.json	PILOT-2020002688	G	2	8	10326	5070	5829	4258	1.369	
PILOT-2020002688__G__sonnet4__rep0.json	PILOT-2020002688	G	0	9	10326	5486	5642	4258	1.325	
PILOT-2020002688__G__sonnet4__rep1.json	PILOT-2020002688	G	1	20	10326	8377	3254	4258	0.7642	
PILOT-2020002688__G__sonnet4__rep2.json	PILOT-2020002688	G	2	20	10326	8174	3272	4258	0.7684	
PILOT-2020002729__F__gpt4o-mini__rep0.json	PILOT-2020002729	F	0	10	9752	3878	6245	1304	4.7891	
PILOT-2020002729__F__gpt4o-mini__rep1.json	PILOT-2020002729	F	1	10	9752	3911	6257	1304	4.7983	
PILOT-2020002729__F__gpt4o-mini__rep2.json	PILOT-2020002729	F	2	10	9752	4035	6119	1304	4.6925	
PILOT-2020002729__F__gpt5.4__rep0.json	PILOT-2020002729	F	0	11	9752	5001	5200	1304	3.9877	
PILOT-2020002729__F__gpt5.4__rep1.json	PILOT-2020002729	F	1	11	9752	5120	5102	1304	3.9126	
PILOT-2020002729__F__gpt5.4__rep2.json	PILOT-2020002729	F	2	11	9752	4655	5400	1304	4.1411	
PILOT-2020002729__F__haiku4.5__rep0.json	PILOT-2020002729	F	0	27	9752	6209	4559	1304	3.4962	
PILOT-2020002729__F__haiku4.5__rep1.json	PILOT-2020002729	F	1	27	9752	5339	5270	1304	4.0414	
PILOT-2020002729__F__haiku4.5__rep2.json	PILOT-2020002729	F	2	27	9752	5629	5124	1304	3.9294	
PILOT-2020002729__F__sonnet4__rep0.json	PILOT-2020002729	F	0	27	9752	11347	2101	1304	1.6112	
PILOT-2020002729__F__sonnet4__rep1.json	PILOT-2020002729	F	1	27	9752	10968	1723	1304	1.3213	
PILOT-2020002729__F__sonnet4__rep2.json	PILOT-2020002729	F	2	27	9752	10863	1617	1304	1.24	
PILOT-2020002729__G__gpt4o-mini__rep0.json	PILOT-2020002729	G	0	8	9752	3880	6374	1304	4.888	
PILOT-2020002729__G__gpt4o-mini__rep1.json	PILOT-2020002729	G	1	10	9752	3799	6242	1304	4.7868	
PILOT-2020002729__G__gpt4o-mini__rep2.json	PILOT-2020002729	G	2	10	9752	3870	6126	1304	4.6979	
PILOT-2020002729__G__gpt5.4__rep0.json	PILOT-2020002729	G	0	11	9752	4247	5843	1304	4.4808	
PILOT-2020002729__G__gpt5.4__rep1.json	PILOT-2020002729	G	1	11	9752	4901	5108	1304	3.9172	
PILOT-2020002729__G__gpt5.4__rep2.json	PILOT-2020002729	G	2	11	9752	4381	5681	1304	4.3566	
PILOT-2020002729__G__haiku4.5__rep0.json	PILOT-2020002729	G	0	27	9752	5272	5373	1304	4.1204	
PILOT-2020002729__G__haiku4.5__rep1.json	PILOT-2020002729	G	1	27	9752	5224	5421	1304	4.1572	
PILOT-2020002729__G__haiku4.5__rep2.json	PILOT-2020002729	G	2	27	9752	4971	5388	1304	4.1319	
PILOT-2020002729__G__sonnet4__rep0.json	PILOT-2020002729	G	0	27	9752	10320	1132	1304	0.8681	
PILOT-2020002729__G__sonnet4__rep1.json	PILOT-2020002729	G	1	27	9752	10886	1697	1304	1.3014	
PILOT-2020002729__G__sonnet4__rep2.json	PILOT-2020002729	G	2	27	9752	10619	1437	1304	1.102	
PILOT-2020003998__F__gpt4o-mini__rep0.json	PILOT-2020003998	F	0	12	49574	986	48597	46409	1.0471	
PILOT-2020003998__F__gpt4o-mini__rep1.json	PILOT-2020003998	F	1	10	49574	1214	48368	46409	1.0422	
PILOT-2020003998__F__gpt4o-mini__rep2.json	PILOT-2020003998	F	2	10	49574	1419	48158	46409	1.0377	
PILOT-2020003998__F__gpt5.4__rep0.json	PILOT-2020003998	F	0	14	49574	2274	47321	46409	1.0197	
PILOT-2020003998__F__gpt5.4__rep1.json	PILOT-2020003998	F	1	14	49574	2105	47483	46409	1.0231	
PILOT-2020003998__F__gpt5.4__rep2.json	PILOT-2020003998	F	2	14	49574	2311	47289	46409	1.019	
PILOT-2020003998__F__haiku4.5__rep0.json	PILOT-2020003998	F	0	12	49574	2479	47159	46409	1.0162	
PILOT-2020003998__F__haiku4.5__rep1.json	PILOT-2020003998	F	1	14	49574	1043	48546	46409	1.046	
PILOT-2020003998__F__haiku4.5__rep2.json	PILOT-2020003998	F	2	14	49574	1043	48546	46409	1.046	
PILOT-2020003998__F__sonnet4__rep0.json	PILOT-2020003998	F	0	15	49574	2305	47294	46409	1.0191	
PILOT-2020003998__F__sonnet4__rep1.json	PILOT-2020003998	F	1	15	49574	2424	47178	46409	1.0166	
PILOT-2020003998__F__sonnet4__rep2.json	PILOT-2020003998	F	2	15	49574	2182	47412	46409	1.0216	
PILOT-2020003998__G__gpt4o-mini__rep0.json	PILOT-2020003998	G	0	8	49574	1006	48572	46409	1.0466	
PILOT-2020003998__G__gpt4o-mini__rep1.json	PILOT-2020003998	G	1	5	49574	647	48927	46409	1.0543	
PILOT-2020003998__G__gpt4o-mini__rep2.json	PILOT-2020003998	G	2	12	49574	1356	48230	46409	1.0392	
PILOT-2020003998__G__gpt5.4__rep0.json	PILOT-2020003998	G	0	15	49574	2597	47011	46409	1.013	
PILOT-2020003998__G__gpt5.4__rep1.json	PILOT-2020003998	G	1	14	49574	2808	46812	46409	1.0087	
PILOT-2020003998__G__gpt5.4__rep2.json	PILOT-2020003998	G	2	14	49574	2513	47091	46409	1.0147	
PILOT-2020003998__G__haiku4.5__rep0.json	PILOT-2020003998	G	0	13	49574	2487	47119	46409	1.0153	
PILOT-2020003998__G__haiku4.5__rep1.json	PILOT-2020003998	G	1	14	49574	2610	47000	46409	1.0127	
PILOT-2020003998__G__haiku4.5__rep2.json	PILOT-2020003998	G	2	14	49574	2512	47096	46409	1.0148	
PILOT-2020003998__G__sonnet4__rep0.json	PILOT-2020003998	G	0	15	49574	2324	47275	46409	1.0187	
PILOT-2020003998__G__sonnet4__rep1.json	PILOT-2020003998	G	1	15	49574	2336	47263	46409	1.0184	
PILOT-2020003998__G__sonnet4__rep2.json	PILOT-2020003998	G	2	15	49574	2266	47330	46409	1.0198	
PILOT-2020004768__F__gpt4o-mini__rep0.json	PILOT-2020004768	F	0	5	3302	1017	2395	1332	1.798	
PILOT-2020004768__F__gpt4o-mini__rep1.json	PILOT-2020004768	F	1	5	3302	972	2362	1332	1.7733	
PILOT-2020004768__F__gpt4o-mini__rep2.json	PILOT-2020004768	F	2	5	3302	942	2400	1332	1.8018	
PILOT-2020004768__F__gpt5.4__rep0.json	PILOT-2020004768	F	0	20	3302	3191	1198	1332	0.8994	
PILOT-2020004768__F__gpt5.4__rep1.json	PILOT-2020004768	F	1	30	3302	3802	1540	1332	1.1562	
PILOT-2020004768__F__gpt5.4__rep2.json	PILOT-2020004768	F	2	20	3302	3219	1227	1332	0.9212	
PILOT-2020004768__F__haiku4.5__rep0.json	PILOT-2020004768	F	0	20	3302	2993	978	1332	0.7342	
PILOT-2020004768__F__haiku4.5__rep1.json	PILOT-2020004768	F	1	20	3302	2993	978	1332	0.7342	
PILOT-2020004768__F__haiku4.5__rep2.json	PILOT-2020004768	F	2	20	3302	1349	2032	1332	1.5255	
PILOT-2020004768__F__sonnet4__rep0.json	PILOT-2020004768	F	0	20	3302	3424	1027	1332	0.771	
PILOT-2020004768__F__sonnet4__rep1.json	PILOT-2020004768	F	1	20	3302	3389	991	1332	0.744	
PILOT-2020004768__F__sonnet4__rep2.json	PILOT-2020004768	F	2	20	3302	3126	928	1332	0.6967	
PILOT-2020004768__G__gpt4o-mini__rep0.json	PILOT-2020004768	G	0	5	3302	947	2401	1332	1.8026	
PILOT-2020004768__G__gpt4o-mini__rep1.json	PILOT-2020004768	G	1	5	3302	1008	2359	1332	1.771	
PILOT-2020004768__G__gpt4o-mini__rep2.json	PILOT-2020004768	G	2	5	3302	1107	2332	1332	1.7508	
PILOT-2020004768__G__gpt5.4__rep0.json	PILOT-2020004768	G	0	20	3302	3273	1170	1332	0.8784	
PILOT-2020004768__G__gpt5.4__rep1.json	PILOT-2020004768	G	1	20	3302	3278	1169	1332	0.8776	
PILOT-2020004768__G__gpt5.4__rep2.json	PILOT-2020004768	G	2	30	3302	3220	1227	1332	0.9212	
PILOT-2020004768__G__haiku4.5__rep0.json	PILOT-2020004768	G	0	20	3302	2538	1041	1332	0.7815	
PILOT-2020004768__G__haiku4.5__rep1.json	PILOT-2020004768	G	1	20	3302	2736	753	1332	0.5653	
PILOT-2020004768__G__haiku4.5__rep2.json	PILOT-2020004768	G	2	20	3302	853	2532	1332	1.9009	
PILOT-2020004768__G__sonnet4__rep0.json	PILOT-2020004768	G	0	20	3302	3062	953	1332	0.7155	
PILOT-2020004768__G__sonnet4__rep1.json	PILOT-2020004768	G	1	20	3302	3007	1004	1332	0.7538	
PILOT-2020004768__G__sonnet4__rep2.json	PILOT-2020004768	G	2	20	3302	2968	825	1332	0.6194	
PILOT-2020006264__F__gpt4o-mini__rep0.json	PILOT-2020006264	F	0	2	4312	1781	2842	753	3.7742	
PILOT-2020006264__F__gpt4o-mini__rep1.json	PILOT-2020006264	F	1	2	4312	1781	2842	753	3.7742	
PILOT-2020006264__F__gpt4o-mini__rep2.json	PILOT-2020006264	F	2	2	4312	1627	2736	753	3.6335	
PILOT-2020006264__F__gpt5.4__rep0.json	PILOT-2020006264	F	0	20	4312	4702	726	753	0.9641	
PILOT-2020006264__F__gpt5.4__rep1.json	PILOT-2020006264	F	1	20	4312	4389	408	753	0.5418	
PILOT-2020006264__F__gpt5.4__rep2.json	PILOT-2020006264	F	2	20	4312	4501	672	753	0.8924	
PILOT-2020006264__F__haiku4.5__rep0.json	PILOT-2020006264	F	0	20	4312	7012	2863	753	3.8021	
PILOT-2020006264__F__haiku4.5__rep1.json	PILOT-2020006264	F	1	20	4312	6428	2284	753	3.0332	
PILOT-2020006264__F__haiku4.5__rep2.json	PILOT-2020006264	F	2	20	4312	5683	1542	753	2.0478	
PILOT-2020006264__F__sonnet4__rep0.json	PILOT-2020006264	F	0	0			None		None	no_gen
PILOT-2020006264__F__sonnet4__rep1.json	PILOT-2020006264	F	1	0			None		None	no_gen
PILOT-2020006264__F__sonnet4__rep2.json	PILOT-2020006264	F	2	0			None		None	no_gen
PILOT-2020006264__G__gpt4o-mini__rep0.json	PILOT-2020006264	G	0	20	4312	4306	342	753	0.4542	
PILOT-2020006264__G__gpt4o-mini__rep1.json	PILOT-2020006264	G	1	2	4312	1627	2736	753	3.6335	
PILOT-2020006264__G__gpt4o-mini__rep2.json	PILOT-2020006264	G	2	2	4312	1607	2738	753	3.6361	
PILOT-2020006264__G__gpt5.4__rep0.json	PILOT-2020006264	G	0	20	4312	4636	655	753	0.8699	
PILOT-2020006264__G__gpt5.4__rep1.json	PILOT-2020006264	G	1	20	4312	4971	944	753	1.2537	
PILOT-2020006264__G__gpt5.4__rep2.json	PILOT-2020006264	G	2	20	4312	4400	451	753	0.5989	
PILOT-2020006264__G__haiku4.5__rep0.json	PILOT-2020006264	G	0	20	4312	4561	535	753	0.7105	
PILOT-2020006264__G__haiku4.5__rep1.json	PILOT-2020006264	G	1	20	4312	5685	1600	753	2.1248	
PILOT-2020006264__G__haiku4.5__rep2.json	PILOT-2020006264	G	2	20	4312	4711	684	753	0.9084	
PILOT-2020006264__G__sonnet4__rep0.json	PILOT-2020006264	G	0	20	4312	5238	1196	753	1.5883	
PILOT-2020006264__G__sonnet4__rep1.json	PILOT-2020006264	G	1	20	4312	4306	328	753	0.4356	
PILOT-2020006264__G__sonnet4__rep2.json	PILOT-2020006264	G	2	20	4312	4323	345	753	0.4582	
PILOT-2020006435__F__gpt4o-mini__rep0.json	PILOT-2020006435	F	0	33	5730	5701	766	1021	0.7502	
PILOT-2020006435__F__gpt4o-mini__rep1.json	PILOT-2020006435	F	1	9	5730	1893	3882	1021	3.8022	
PILOT-2020006435__F__gpt4o-mini__rep2.json	PILOT-2020006435	F	2	33	5730	5370	430	1021	0.4212	
PILOT-2020006435__F__gpt5.4__rep0.json	PILOT-2020006435	F	0	33	5730	6116	1204	1021	1.1792	
PILOT-2020006435__F__gpt5.4__rep1.json	PILOT-2020006435	F	1	33	5730	6100	1188	1021	1.1636	
PILOT-2020006435__F__gpt5.4__rep2.json	PILOT-2020006435	F	2	33	5730	6522	1600	1021	1.5671	
PILOT-2020006435__F__haiku4.5__rep0.json	PILOT-2020006435	F	0	33	5730	6516	1594	1021	1.5612	
PILOT-2020006435__F__haiku4.5__rep1.json	PILOT-2020006435	F	1	33	5730	6497	1588	1021	1.5553	
PILOT-2020006435__F__haiku4.5__rep2.json	PILOT-2020006435	F	2	33	5730	6343	1434	1021	1.4045	
PILOT-2020006435__F__sonnet4__rep0.json	PILOT-2020006435	F	0	33	5730	5884	968	1021	0.9481	
PILOT-2020006435__F__sonnet4__rep1.json	PILOT-2020006435	F	1	33	5730	5572	635	1021	0.6219	
PILOT-2020006435__F__sonnet4__rep2.json	PILOT-2020006435	F	2	33	5730	5910	995	1021	0.9745	
PILOT-2020006435__G__gpt4o-mini__rep0.json	PILOT-2020006435	G	0	33	5730	5768	834	1021	0.8168	
PILOT-2020006435__G__gpt4o-mini__rep1.json	PILOT-2020006435	G	1	7	5730	1688	4107	1021	4.0225	
PILOT-2020006435__G__gpt4o-mini__rep2.json	PILOT-2020006435	G	2	3	5730	603	5132	1021	5.0264	
PILOT-2020006435__G__gpt5.4__rep0.json	PILOT-2020006435	G	0	33	5730	6647	1682	1021	1.6474	
PILOT-2020006435__G__gpt5.4__rep1.json	PILOT-2020006435	G	1	33	5730	6188	1276	1021	1.2498	
PILOT-2020006435__G__gpt5.4__rep2.json	PILOT-2020006435	G	2	33	5730	6389	1477	1021	1.4466	
PILOT-2020006435__G__haiku4.5__rep0.json	PILOT-2020006435	G	0	33	5730	6544	1582	1021	1.5495	
PILOT-2020006435__G__haiku4.5__rep1.json	PILOT-2020006435	G	1	33	5730	6351	1390	1021	1.3614	
PILOT-2020006435__G__haiku4.5__rep2.json	PILOT-2020006435	G	2	33	5730	6228	1314	1021	1.287	
PILOT-2020006435__G__sonnet4__rep0.json	PILOT-2020006435	G	0	33	5730	5527	613	1021	0.6004	
PILOT-2020006435__G__sonnet4__rep1.json	PILOT-2020006435	G	1	33	5730	5527	613	1021	0.6004	
PILOT-2020006435__G__sonnet4__rep2.json	PILOT-2020006435	G	2	33	5730	5536	622	1021	0.6092	
PILOT-2021000834__F__gpt4o-mini__rep0.json	PILOT-2021000834	F	0	6	4172	1714	2736	617	4.4344	
PILOT-2021000834__F__gpt4o-mini__rep1.json	PILOT-2021000834	F	1	5	4172	1441	2888	617	4.6807	
PILOT-2021000834__F__gpt4o-mini__rep2.json	PILOT-2021000834	F	2	5	4172	1047	3181	617	5.1556	
PILOT-2021000834__F__gpt5.4__rep0.json	PILOT-2021000834	F	0	20	4172	4360	290	617	0.47	
PILOT-2021000834__F__gpt5.4__rep1.json	PILOT-2021000834	F	1	20	4172	4478	404	617	0.6548	
PILOT-2021000834__F__gpt5.4__rep2.json	PILOT-2021000834	F	2	20	4172	4361	243	617	0.3938	
PILOT-2021000834__F__haiku4.5__rep0.json	PILOT-2021000834	F	0	20	4172	4312	145	617	0.235	
PILOT-2021000834__F__haiku4.5__rep1.json	PILOT-2021000834	F	1	20	4172	4222	153	617	0.248	
PILOT-2021000834__F__haiku4.5__rep2.json	PILOT-2021000834	F	2	20	4172	4268	199	617	0.3225	
PILOT-2021000834__F__sonnet4__rep0.json	PILOT-2021000834	F	0	20	4172	4225	150	617	0.2431	
PILOT-2021000834__F__sonnet4__rep1.json	PILOT-2021000834	F	1	20	4172	4223	147	617	0.2382	
PILOT-2021000834__F__sonnet4__rep2.json	PILOT-2021000834	F	2	20	4172	4470	428	617	0.6937	
PILOT-2021000834__G__gpt4o-mini__rep0.json	PILOT-2021000834	G	0	6	4172	1488	2864	617	4.6418	
PILOT-2021000834__G__gpt4o-mini__rep1.json	PILOT-2021000834	G	1	5	4172	1233	3089	617	5.0065	
PILOT-2021000834__G__gpt4o-mini__rep2.json	PILOT-2021000834	G	2	6	4172	1667	2757	617	4.4684	
PILOT-2021000834__G__gpt5.4__rep0.json	PILOT-2021000834	G	0	20	4172	4606	465	617	0.7536	
PILOT-2021000834__G__gpt5.4__rep1.json	PILOT-2021000834	G	1	20	4172	4467	398	617	0.6451	
PILOT-2021000834__G__gpt5.4__rep2.json	PILOT-2021000834	G	2	20	4172	4438	369	617	0.5981	
PILOT-2021000834__G__haiku4.5__rep0.json	PILOT-2021000834	G	0	20	4172	4690	528	617	0.8558	
PILOT-2021000834__G__haiku4.5__rep1.json	PILOT-2021000834	G	1	20	4172	4322	161	617	0.2609	
PILOT-2021000834__G__haiku4.5__rep2.json	PILOT-2021000834	G	2	20	4172	4340	173	617	0.2804	
PILOT-2021000834__G__sonnet4__rep0.json	PILOT-2021000834	G	0	20	4172	4465	396	617	0.6418	
PILOT-2021000834__G__sonnet4__rep1.json	PILOT-2021000834	G	1	20	4172	4664	580	617	0.94	
PILOT-2021000834__G__sonnet4__rep2.json	PILOT-2021000834	G	2	20	4172	4627	552	617	0.8947	
PILOT-2021001124__F__gpt4o-mini__rep0.json	PILOT-2021001124	F	0	8	6936	5804	1653	6855	0.2411	
PILOT-2021001124__F__gpt4o-mini__rep1.json	PILOT-2021001124	F	1	0			None		None	no_gen
PILOT-2021001124__F__gpt4o-mini__rep2.json	PILOT-2021001124	F	2	0			None		None	no_gen
PILOT-2021001124__F__gpt5.4__rep0.json	PILOT-2021001124	F	0	15	6936	8239	1448	6855	0.2112	
PILOT-2021001124__F__gpt5.4__rep1.json	PILOT-2021001124	F	1	15	6936	6885	2074	6855	0.3026	
PILOT-2021001124__F__gpt5.4__rep2.json	PILOT-2021001124	F	2	15	6936	7378	593	6855	0.0865	
PILOT-2021001124__F__haiku4.5__rep0.json	PILOT-2021001124	F	0	11	6936	7195	1809	6855	0.2639	
PILOT-2021001124__F__haiku4.5__rep1.json	PILOT-2021001124	F	1	11	6936	7800	2240	6855	0.3268	
PILOT-2021001124__F__haiku4.5__rep2.json	PILOT-2021001124	F	2	15	6936	8652	1864	6855	0.2719	
PILOT-2021001124__F__sonnet4__rep0.json	PILOT-2021001124	F	0	11	6936	6845	1977	6855	0.2884	
PILOT-2021001124__F__sonnet4__rep1.json	PILOT-2021001124	F	1	11	6936	7398	2315	6855	0.3377	
PILOT-2021001124__F__sonnet4__rep2.json	PILOT-2021001124	F	2	15	6936	8101	1278	6855	0.1864	
PILOT-2021001124__G__gpt4o-mini__rep0.json	PILOT-2021001124	G	0	9	6936	5743	1689	6855	0.2464	
PILOT-2021001124__G__gpt4o-mini__rep1.json	PILOT-2021001124	G	1	6	6936	4685	2537	6855	0.3701	
PILOT-2021001124__G__gpt4o-mini__rep2.json	PILOT-2021001124	G	2	7	6936	5044	2143	6855	0.3126	
PILOT-2021001124__G__gpt5.4__rep0.json	PILOT-2021001124	G	0	15	6936	6856	445	6855	0.0649	
PILOT-2021001124__G__gpt5.4__rep1.json	PILOT-2021001124	G	1	15	6936	7977	1188	6855	0.1733	
PILOT-2021001124__G__gpt5.4__rep2.json	PILOT-2021001124	G	2	15	6936	7278	812	6855	0.1185	
PILOT-2021001124__G__haiku4.5__rep0.json	PILOT-2021001124	G	0	15	6936	7684	901	6855	0.1314	
PILOT-2021001124__G__haiku4.5__rep1.json	PILOT-2021001124	G	1	15	6936	8724	1936	6855	0.2824	
PILOT-2021001124__G__haiku4.5__rep2.json	PILOT-2021001124	G	2	11	6936	7761	2195	6855	0.3202	
PILOT-2021001124__G__sonnet4__rep0.json	PILOT-2021001124	G	0	11	6936	7940	2728	6855	0.398	
PILOT-2021001124__G__sonnet4__rep1.json	PILOT-2021001124	G	1	11	6936	7249	2241	6855	0.3269	
PILOT-2021001124__G__sonnet4__rep2.json	PILOT-2021001124	G	2	11	6936	7085	2082	6855	0.3037	
PILOT-2021002328__F__gpt4o-mini__rep0.json	PILOT-2021002328	F	0	7	15772	3710	12269	10393	1.1805	
PILOT-2021002328__F__gpt4o-mini__rep1.json	PILOT-2021002328	F	1	10	15772	4395	11529	10393	1.1093	
PILOT-2021002328__F__gpt4o-mini__rep2.json	PILOT-2021002328	F	2	8	15772	3853	12145	10393	1.1686	
PILOT-2021002328__F__gpt5.4__rep0.json	PILOT-2021002328	F	0	14	15772	5076	10871	10393	1.046	
PILOT-2021002328__F__gpt5.4__rep1.json	PILOT-2021002328	F	1	14	15772	5191	10854	10393	1.0444	
PILOT-2021002328__F__gpt5.4__rep2.json	PILOT-2021002328	F	2	14	15772	5214	10796	10393	1.0388	
PILOT-2021002328__F__haiku4.5__rep0.json	PILOT-2021002328	F	0	10	15772	4876	11385	10393	1.0954	
PILOT-2021002328__F__haiku4.5__rep1.json	PILOT-2021002328	F	1	9	15772	4231	11863	10393	1.1414	
PILOT-2021002328__F__haiku4.5__rep2.json	PILOT-2021002328	F	2	9	15772	4252	11717	10393	1.1274	
PILOT-2021002328__F__sonnet4__rep0.json	PILOT-2021002328	F	0	14	15772	4921	10921	10393	1.0508	
PILOT-2021002328__F__sonnet4__rep1.json	PILOT-2021002328	F	1	14	15772	4972	10877	10393	1.0466	
PILOT-2021002328__F__sonnet4__rep2.json	PILOT-2021002328	F	2	14	15772	6179	10778	10393	1.037	
PILOT-2021002328__G__gpt4o-mini__rep0.json	PILOT-2021002328	G	0	0			None		None	no_gen
PILOT-2021002328__G__gpt4o-mini__rep1.json	PILOT-2021002328	G	1	0			None		None	no_gen
PILOT-2021002328__G__gpt4o-mini__rep2.json	PILOT-2021002328	G	2	0			None		None	no_gen
PILOT-2021002328__G__gpt5.4__rep0.json	PILOT-2021002328	G	0	14	15772	4890	11150	10393	1.0728	
PILOT-2021002328__G__gpt5.4__rep1.json	PILOT-2021002328	G	1	14	15772	4934	10933	10393	1.052	
PILOT-2021002328__G__gpt5.4__rep2.json	PILOT-2021002328	G	2	14	15772	5080	10750	10393	1.0344	
PILOT-2021002328__G__haiku4.5__rep0.json	PILOT-2021002328	G	0	11	15772	4681	11565	10393	1.1128	
PILOT-2021002328__G__haiku4.5__rep1.json	PILOT-2021002328	G	1	11	15772	4632	11586	10393	1.1148	
PILOT-2021002328__G__haiku4.5__rep2.json	PILOT-2021002328	G	2	12	15772	4699	11419	10393	1.0987	
PILOT-2021002328__G__sonnet4__rep0.json	PILOT-2021002328	G	0	14	15772	5050	10907	10393	1.0495	
PILOT-2021002328__G__sonnet4__rep1.json	PILOT-2021002328	G	1	14	15772	5149	10822	10393	1.0413	
PILOT-2021002328__G__sonnet4__rep2.json	PILOT-2021002328	G	2	14	15772	4670	11235	10393	1.081	
PILOT-2021003980__F__gpt4o-mini__rep0.json	PILOT-2021003980	F	0	4	6336	1835	4547	844	5.3874	
PILOT-2021003980__F__gpt4o-mini__rep1.json	PILOT-2021003980	F	1	3	6336	1357	5029	844	5.9585	
PILOT-2021003980__F__gpt4o-mini__rep2.json	PILOT-2021003980	F	2	10	6336	3599	3120	844	3.6967	
PILOT-2021003980__F__gpt5.4__rep0.json	PILOT-2021003980	F	0	20	6336	6861	526	844	0.6232	
PILOT-2021003980__F__gpt5.4__rep1.json	PILOT-2021003980	F	1	20	6336	7571	1236	844	1.4645	
PILOT-2021003980__F__gpt5.4__rep2.json	PILOT-2021003980	F	2	20	6336	7490	1155	844	1.3685	
PILOT-2021003980__F__haiku4.5__rep0.json	PILOT-2021003980	F	0	20	6336	9044	2710	844	3.2109	
PILOT-2021003980__F__haiku4.5__rep1.json	PILOT-2021003980	F	1	20	6336	8050	1716	844	2.0332	
PILOT-2021003980__F__haiku4.5__rep2.json	PILOT-2021003980	F	2	20	6336	8062	1728	844	2.0474	
PILOT-2021003980__F__sonnet4__rep0.json	PILOT-2021003980	F	0	0			None		None	no_gen
PILOT-2021003980__F__sonnet4__rep1.json	PILOT-2021003980	F	1	0			None		None	no_gen
PILOT-2021003980__F__sonnet4__rep2.json	PILOT-2021003980	F	2	0			None		None	no_gen
PILOT-2021003980__G__gpt4o-mini__rep0.json	PILOT-2021003980	G	0	7	6336	2656	3840	844	4.5498	
PILOT-2021003980__G__gpt4o-mini__rep1.json	PILOT-2021003980	G	1	5	6336	2905	3682	844	4.3626	
PILOT-2021003980__G__gpt4o-mini__rep2.json	PILOT-2021003980	G	2	6	6336	2517	4122	844	4.8839	
PILOT-2021003980__G__gpt5.4__rep0.json	PILOT-2021003980	G	0	20	6336	6826	499	844	0.5912	
PILOT-2021003980__G__gpt5.4__rep1.json	PILOT-2021003980	G	1	20	6336	6755	2254	844	2.6706	
PILOT-2021003980__G__gpt5.4__rep2.json	PILOT-2021003980	G	2	20	6336	6697	710	844	0.8412	
PILOT-2021003980__G__haiku4.5__rep0.json	PILOT-2021003980	G	0	16	6336	7234	3274	844	3.8791	
PILOT-2021003980__G__haiku4.5__rep1.json	PILOT-2021003980	G	1	20	6336	8751	2417	844	2.8637	
PILOT-2021003980__G__haiku4.5__rep2.json	PILOT-2021003980	G	2	16	6336	7355	3282	844	3.8886	
PILOT-2021003980__G__sonnet4__rep0.json	PILOT-2021003980	G	0	20	6336	7400	1081	844	1.2808	
PILOT-2021003980__G__sonnet4__rep1.json	PILOT-2021003980	G	1	20	6336	7166	831	844	0.9846	
PILOT-2021003980__G__sonnet4__rep2.json	PILOT-2021003980	G	2	20	6336	7189	854	844	1.0118	
PILOT-2022000316__F__gpt4o-mini__rep0.json	PILOT-2022000316	F	0	4	12208	1012	11228	9265	1.2119	
PILOT-2022000316__F__gpt4o-mini__rep1.json	PILOT-2022000316	F	1	6	12208	2855	9433	9265	1.0181	
PILOT-2022000316__F__gpt4o-mini__rep2.json	PILOT-2022000316	F	2	5	12208	1602	10664	9265	1.151	
PILOT-2022000316__F__gpt5.4__rep0.json	PILOT-2022000316	F	0	25	12208	12972	946	9265	0.1021	
PILOT-2022000316__F__gpt5.4__rep1.json	PILOT-2022000316	F	1	25	12208	12229	518	9265	0.0559	
PILOT-2022000316__F__gpt5.4__rep2.json	PILOT-2022000316	F	2	25	12208	12299	495	9265	0.0534	
PILOT-2022000316__F__haiku4.5__rep0.json	PILOT-2022000316	F	0	25	12208	12897	979	9265	0.1057	
PILOT-2022000316__F__haiku4.5__rep1.json	PILOT-2022000316	F	1	25	12208	12889	936	9265	0.101	
PILOT-2022000316__F__haiku4.5__rep2.json	PILOT-2022000316	F	2	25	12208	12942	988	9265	0.1066	
PILOT-2022000316__F__sonnet4__rep0.json	PILOT-2022000316	F	0	25	12208	12983	1008	9265	0.1088	
PILOT-2022000316__F__sonnet4__rep1.json	PILOT-2022000316	F	1	25	12208	13465	1465	9265	0.1581	
PILOT-2022000316__F__sonnet4__rep2.json	PILOT-2022000316	F	2	25	12208	12956	992	9265	0.1071	
PILOT-2022000316__G__gpt4o-mini__rep0.json	PILOT-2022000316	G	0	25	12208	11176	1184	9265	0.1278	
PILOT-2022000316__G__gpt4o-mini__rep1.json	PILOT-2022000316	G	1	4	12208	924	11306	9265	1.2203	
PILOT-2022000316__G__gpt4o-mini__rep2.json	PILOT-2022000316	G	2	4	12208	825	11394	9265	1.2298	
PILOT-2022000316__G__gpt5.4__rep0.json	PILOT-2022000316	G	0	25	12208	12874	879	9265	0.0949	
PILOT-2022000316__G__gpt5.4__rep1.json	PILOT-2022000316	G	1	25	12208	12222	473	9265	0.0511	
PILOT-2022000316__G__gpt5.4__rep2.json	PILOT-2022000316	G	2	25	12208	12205	434	9265	0.0468	
PILOT-2022000316__G__haiku4.5__rep0.json	PILOT-2022000316	G	0	25	12208	12223	439	9265	0.0474	
PILOT-2022000316__G__haiku4.5__rep1.json	PILOT-2022000316	G	1	25	12208	13186	1362	9265	0.147	
PILOT-2022000316__G__haiku4.5__rep2.json	PILOT-2022000316	G	2	25	12208	13141	1272	9265	0.1373	
PILOT-2022000316__G__sonnet4__rep0.json	PILOT-2022000316	G	0	25	12208	12922	964	9265	0.104	
PILOT-2022000316__G__sonnet4__rep1.json	PILOT-2022000316	G	1	25	12208	13734	1738	9265	0.1876	
PILOT-2022000316__G__sonnet4__rep2.json	PILOT-2022000316	G	2	25	12208	12962	996	9265	0.1075	
PILOT-2022001087__F__gpt4o-mini__rep0.json	PILOT-2022001087	F	0	19	9892	6250	3839	2682	1.4314	
PILOT-2022001087__F__gpt4o-mini__rep1.json	PILOT-2022001087	F	1	11	9892	3886	6232	2682	2.3236	
PILOT-2022001087__F__gpt4o-mini__rep2.json	PILOT-2022001087	F	2	24	9892	7554	2380	2682	0.8874	
PILOT-2022001087__F__gpt5.4__rep0.json	PILOT-2022001087	F	0	24	9892	5845	4403	2682	1.6417	
PILOT-2022001087__F__gpt5.4__rep1.json	PILOT-2022001087	F	1	24	9892	7054	3553	2682	1.3248	
PILOT-2022001087__F__gpt5.4__rep2.json	PILOT-2022001087	F	2	24	9892	7863	2377	2682	0.8863	
PILOT-2022001087__F__haiku4.5__rep0.json	PILOT-2022001087	F	0	24	9892	5652	4516	2682	1.6838	
PILOT-2022001087__F__haiku4.5__rep1.json	PILOT-2022001087	F	1	24	9892	6212	4008	2682	1.4944	
PILOT-2022001087__F__haiku4.5__rep2.json	PILOT-2022001087	F	2	24	9892	5805	4461	2682	1.6633	
PILOT-2022001087__F__sonnet4__rep0.json	PILOT-2022001087	F	0	24	9892	6859	3496	2682	1.3035	
PILOT-2022001087__F__sonnet4__rep1.json	PILOT-2022001087	F	1	24	9892	7999	2288	2682	0.8531	
PILOT-2022001087__F__sonnet4__rep2.json	PILOT-2022001087	F	2	24	9892	6965	3499	2682	1.3046	
PILOT-2022001087__G__gpt4o-mini__rep0.json	PILOT-2022001087	G	0	21	9892	6313	3700	2682	1.3796	
PILOT-2022001087__G__gpt4o-mini__rep1.json	PILOT-2022001087	G	1	9	9892	2887	7037	2682	2.6238	
PILOT-2022001087__G__gpt4o-mini__rep2.json	PILOT-2022001087	G	2	24	9892	8245	1786	2682	0.6659	
PILOT-2022001087__G__gpt5.4__rep0.json	PILOT-2022001087	G	0	24	9892	8744	2170	2682	0.8091	
PILOT-2022001087__G__gpt5.4__rep1.json	PILOT-2022001087	G	1	24	9892	8261	1840	2682	0.6861	
PILOT-2022001087__G__gpt5.4__rep2.json	PILOT-2022001087	G	2	24	9892	7820	2649	2682	0.9877	
PILOT-2022001087__G__haiku4.5__rep0.json	PILOT-2022001087	G	0	24	9892	7388	3310	2682	1.2342	
PILOT-2022001087__G__haiku4.5__rep1.json	PILOT-2022001087	G	1	24	9892	4983	5176	2682	1.9299	
PILOT-2022001087__G__haiku4.5__rep2.json	PILOT-2022001087	G	2	24	9892	6158	4057	2682	1.5127	
PILOT-2022001087__G__sonnet4__rep0.json	PILOT-2022001087	G	0	24	9892	7967	2374	2682	0.8852	
PILOT-2022001087__G__sonnet4__rep1.json	PILOT-2022001087	G	1	24	9892	8066	2249	2682	0.8386	
PILOT-2022001087__G__sonnet4__rep2.json	PILOT-2022001087	G	2	24	9892	8924	1897	2682	0.7073	
