file	case	cond	rep	c3	c3_recall	c3_prec	c3_f1	n_claims	reason
PILOT-2009010505__F__gpt4o-mini__rep0.json	PILOT-2009010505	F	0	0.7179	0.8788	0.7744	0.8213	3	
PILOT-2009010505__F__gpt4o-mini__rep1.json	PILOT-2009010505	F	1	0.5929	0.9113	0.6322	0.7383	11	
PILOT-2009010505__F__gpt4o-mini__rep2.json	PILOT-2009010505	F	2	0.6393	0.8788	0.6815	0.7671	3	
PILOT-2009010505__F__gpt5.4__rep0.json	PILOT-2009010505	F	0	0.9249	0.9588	0.966	0.9553	28	
PILOT-2009010505__F__gpt5.4__rep1.json	PILOT-2009010505	F	1	0.9312	0.9588	0.9724	0.9598	28	
PILOT-2009010505__F__gpt5.4__rep2.json	PILOT-2009010505	F	2	0.9254	0.9557	0.9698	0.9565	26	
PILOT-2009010505__F__haiku4.5__rep0.json	PILOT-2009010505	F	0	0.6506	0.955	0.6727	0.7838	28	
PILOT-2009010505__F__haiku4.5__rep1.json	PILOT-2009010505	F	1	0.6638	0.955	0.682	0.7808	28	
PILOT-2009010505__F__haiku4.5__rep2.json	PILOT-2009010505	F	2	0.5654	0.9595	0.5787	0.7176	14	
PILOT-2009010505__F__sonnet4__rep0.json	PILOT-2009010505	F	0	0.8132	0.9588	0.8453	0.879	28	
PILOT-2009010505__F__sonnet4__rep1.json	PILOT-2009010505	F	1	0.767	0.9588	0.7856	0.8532	28	
PILOT-2009010505__F__sonnet4__rep2.json	PILOT-2009010505	F	2	0.9392	0.9588	0.9804	0.9642	28	
PILOT-2009010505__G__gpt4o-mini__rep0.json	PILOT-2009010505	G	0	0.4851	0.7272	0.5139	0.5988	2	
PILOT-2009010505__G__gpt4o-mini__rep1.json	PILOT-2009010505	G	1	0.6435	0.8788	0.6806	0.7644	3	
PILOT-2009010505__G__gpt4o-mini__rep2.json	PILOT-2009010505	G	2	0.6137	0.8788	0.6623	0.7524	3	
PILOT-2009010505__G__gpt5.4__rep0.json	PILOT-2009010505	G	0	0.9254	0.9557	0.9698	0.9565	26	
PILOT-2009010505__G__gpt5.4__rep1.json	PILOT-2009010505	G	1	0.921	0.9557	0.9653	0.9536	26	
PILOT-2009010505__G__gpt5.4__rep2.json	PILOT-2009010505	G	2	0.9192	0.952	0.9672	0.9529	24	
PILOT-2009010505__G__haiku4.5__rep0.json	PILOT-2009010505	G	0	0.9005	0.9588	0.9389	0.9405	28	
PILOT-2009010505__G__haiku4.5__rep1.json	PILOT-2009010505	G	1	0.8175	0.9588	0.8552	0.8847	28	
PILOT-2009010505__G__haiku4.5__rep2.json	PILOT-2009010505	G	2	0.8208	0.9588	0.8523	0.8888	28	
PILOT-2009010505__G__sonnet4__rep0.json	PILOT-2009010505	G	0	0.9173	0.9588	0.9585	0.9509	28	
PILOT-2009010505__G__sonnet4__rep1.json	PILOT-2009010505	G	1	0.9109	0.9588	0.9521	0.9444	28	
PILOT-2009010505__G__sonnet4__rep2.json	PILOT-2009010505	G	2	0.92	0.9588	0.9612	0.9527	28	
PILOT-2010007757__F__gpt4o-mini__rep0.json	PILOT-2010007757	F	0	0.7165	0.967	0.7494	0.8253	7	
PILOT-2010007757__F__gpt4o-mini__rep1.json	PILOT-2010007757	F	1	0.749	0.9275	0.7977	0.8436	7	
PILOT-2010007757__F__gpt4o-mini__rep2.json	PILOT-2010007757	F	2	0.6732	1.0	0.6732	0.8012	3	
PILOT-2010007757__F__gpt5.4__rep0.json	PILOT-2010007757	F	0	0.9355	0.9804	0.9552	0.9584	17	
PILOT-2010007757__F__gpt5.4__rep1.json	PILOT-2010007757	F	1	0.8788	1.0	0.8788	0.9259	3	
PILOT-2010007757__F__gpt5.4__rep2.json	PILOT-2010007757	F	2	0.8788	1.0	0.8788	0.9259	3	
PILOT-2010007757__F__haiku4.5__rep0.json	PILOT-2010007757	F	0	0.9	1.0	0.9	0.9412	3	
PILOT-2010007757__F__haiku4.5__rep1.json	PILOT-2010007757	F	1	0.8802	0.963	0.9172	0.9303	9	
PILOT-2010007757__F__haiku4.5__rep2.json	PILOT-2010007757	F	2	0.7259	1.0	0.7259	0.8155	3	
PILOT-2010007757__F__sonnet4__rep0.json	PILOT-2010007757	F	0	0.9628	0.9804	0.9824	0.979	17	
PILOT-2010007757__F__sonnet4__rep1.json	PILOT-2010007757	F	1	0.9628	0.9804	0.9824	0.979	17	
PILOT-2010007757__F__sonnet4__rep2.json	PILOT-2010007757	F	2	0.9628	0.9804	0.9824	0.979	17	
PILOT-2010007757__G__gpt4o-mini__rep0.json	PILOT-2010007757	G	0	0.75	0.9524	0.7857	0.8565	3	
PILOT-2010007757__G__gpt4o-mini__rep1.json	PILOT-2010007757	G	1	0.8462	1.0	0.8462	0.9	3	
PILOT-2010007757__G__gpt4o-mini__rep2.json	PILOT-2010007757	G	2	0.9167	1.0	0.9167	0.9555	3	
PILOT-2010007757__G__gpt5.4__rep0.json	PILOT-2010007757	G	0	0.9	1.0	0.9	0.9412	3	
PILOT-2010007757__G__gpt5.4__rep1.json	PILOT-2010007757	G	1	0.8788	1.0	0.8788	0.9259	3	
PILOT-2010007757__G__gpt5.4__rep2.json	PILOT-2010007757	G	2	0.9	1.0	0.9	0.9412	3	
PILOT-2010007757__G__haiku4.5__rep0.json	PILOT-2010007757	G	0	0.4792	1.0	0.4792	0.6399	3	
PILOT-2010007757__G__haiku4.5__rep1.json	PILOT-2010007757	G	1	0.6911	0.9744	0.7167	0.8036	13	
PILOT-2010007757__G__haiku4.5__rep2.json	PILOT-2010007757	G	2	0.6992	0.9744	0.7249	0.7978	13	
PILOT-2010007757__G__sonnet4__rep0.json	PILOT-2010007757	G	0	0.9628	0.9804	0.9824	0.979	17	
PILOT-2010007757__G__sonnet4__rep1.json	PILOT-2010007757	G	1	0.9149	0.9804	0.9345	0.951	17	
PILOT-2010007757__G__sonnet4__rep2.json	PILOT-2010007757	G	2	0.851	0.9804	0.8706	0.9072	17	
PILOT-2010008015__F__gpt4o-mini__rep0.json	PILOT-2010008015	F	0	0.6744	0.9733	0.6889	0.7974	5	
PILOT-2010008015__F__gpt4o-mini__rep1.json	PILOT-2010008015	F	1	None				0	no_gen
PILOT-2010008015__F__gpt4o-mini__rep2.json	PILOT-2010008015	F	2	None				0	no_gen
PILOT-2010008015__F__gpt5.4__rep0.json	PILOT-2010008015	F	0	0.9699	0.9764	0.9916	0.983	28	
PILOT-2010008015__F__gpt5.4__rep1.json	PILOT-2010008015	F	1	0.977	0.9812	0.9958	0.9875	28	
PILOT-2010008015__F__gpt5.4__rep2.json	PILOT-2010008015	F	2	0.9767	0.9812	0.9955	0.9874	28	
PILOT-2010008015__F__haiku4.5__rep0.json	PILOT-2010008015	F	0	0.8372	0.9764	0.8543	0.9052	28	
PILOT-2010008015__F__haiku4.5__rep1.json	PILOT-2010008015	F	1	0.8208	0.9764	0.8382	0.8961	28	
PILOT-2010008015__F__haiku4.5__rep2.json	PILOT-2010008015	F	2	0.8286	0.9764	0.8458	0.8996	28	
PILOT-2010008015__F__sonnet4__rep0.json	PILOT-2010008015	F	0	0.954	0.9764	0.9761	0.9726	28	
PILOT-2010008015__F__sonnet4__rep1.json	PILOT-2010008015	F	1	0.9513	0.9764	0.9733	0.9701	28	
PILOT-2010008015__F__sonnet4__rep2.json	PILOT-2010008015	F	2	0.9631	0.9812	0.9819	0.9784	28	
PILOT-2010008015__G__gpt4o-mini__rep0.json	PILOT-2010008015	G	0	None				0	no_gen
PILOT-2010008015__G__gpt4o-mini__rep1.json	PILOT-2010008015	G	1	None				0	no_gen
PILOT-2010008015__G__gpt4o-mini__rep2.json	PILOT-2010008015	G	2	None				0	no_gen
PILOT-2010008015__G__gpt5.4__rep0.json	PILOT-2010008015	G	0	0.9699	0.9764	0.9916	0.983	28	
PILOT-2010008015__G__gpt5.4__rep1.json	PILOT-2010008015	G	1	0.8302	0.9733	0.8482	0.9011	5	
PILOT-2010008015__G__gpt5.4__rep2.json	PILOT-2010008015	G	2	0.8732	1.0	0.8732	0.9269	5	
PILOT-2010008015__G__haiku4.5__rep0.json	PILOT-2010008015	G	0	0.9229	0.9764	0.9441	0.9568	28	
PILOT-2010008015__G__haiku4.5__rep1.json	PILOT-2010008015	G	1	0.8733	0.9764	0.8911	0.9293	28	
PILOT-2010008015__G__haiku4.5__rep2.json	PILOT-2010008015	G	2	0.9236	0.9764	0.9448	0.9576	28	
PILOT-2010008015__G__sonnet4__rep0.json	PILOT-2010008015	G	0	0.9671	0.9764	0.9891	0.9817	28	
PILOT-2010008015__G__sonnet4__rep1.json	PILOT-2010008015	G	1	0.9748	0.9812	0.9936	0.9863	28	
PILOT-2010008015__G__sonnet4__rep2.json	PILOT-2010008015	G	2	0.9748	0.9812	0.9936	0.9863	28	
PILOT-2010010196__F__gpt4o-mini__rep0.json	PILOT-2010010196	F	0	0.8512	0.9285	0.9047	0.9163	2	
PILOT-2010010196__F__gpt4o-mini__rep1.json	PILOT-2010010196	F	1	0.8899	0.975	0.9125	0.9416	2	
PILOT-2010010196__F__gpt4o-mini__rep2.json	PILOT-2010010196	F	2	0.85	0.9035	0.9285	0.9158	2	
PILOT-2010010196__F__gpt5.4__rep0.json	PILOT-2010010196	F	0	0.8979	0.9689	0.9185	0.9327	20	
PILOT-2010010196__F__gpt5.4__rep1.json	PILOT-2010010196	F	1	0.9476	0.9761	0.9645	0.9686	20	
PILOT-2010010196__F__gpt5.4__rep2.json	PILOT-2010010196	F	2	0.9342	0.9761	0.9515	0.9583	20	
PILOT-2010010196__F__haiku4.5__rep0.json	PILOT-2010010196	F	0	0.858	0.9875	0.8705	0.922	4	
PILOT-2010010196__F__haiku4.5__rep1.json	PILOT-2010010196	F	1	0.8884	0.975	0.9046	0.9366	7	
PILOT-2010010196__F__haiku4.5__rep2.json	PILOT-2010010196	F	2	0.8437	0.965	0.8664	0.9112	5	
PILOT-2010010196__F__sonnet4__rep0.json	PILOT-2010010196	F	0	0.9624	0.9975	0.9649	0.9767	20	
PILOT-2010010196__F__sonnet4__rep1.json	PILOT-2010010196	F	1	0.9588	0.9975	0.9613	0.9734	20	
PILOT-2010010196__F__sonnet4__rep2.json	PILOT-2010010196	F	2	0.9912	0.9975	0.9938	0.9954	20	
PILOT-2010010196__G__gpt4o-mini__rep0.json	PILOT-2010010196	G	0	0.7879	0.9285	0.8296	0.8762	2	
PILOT-2010010196__G__gpt4o-mini__rep1.json	PILOT-2010010196	G	1	0.9125	0.975	0.9375	0.9539	2	
PILOT-2010010196__G__gpt4o-mini__rep2.json	PILOT-2010010196	G	2	0.8639	0.975	0.8889	0.9247	2	
PILOT-2010010196__G__gpt5.4__rep0.json	PILOT-2010010196	G	0	0.8861	0.9689	0.9069	0.9275	20	
PILOT-2010010196__G__gpt5.4__rep1.json	PILOT-2010010196	G	1	0.9454	0.9761	0.9623	0.9669	20	
PILOT-2010010196__G__gpt5.4__rep2.json	PILOT-2010010196	G	2	0.9256	0.9975	0.9279	0.9523	20	
PILOT-2010010196__G__haiku4.5__rep0.json	PILOT-2010010196	G	0	0.8498	0.99	0.8598	0.9156	5	
PILOT-2010010196__G__haiku4.5__rep1.json	PILOT-2010010196	G	1	0.9768	0.9972	0.9796	0.9877	18	
PILOT-2010010196__G__haiku4.5__rep2.json	PILOT-2010010196	G	2	0.8498	0.99	0.8598	0.9156	5	
PILOT-2010010196__G__sonnet4__rep0.json	PILOT-2010010196	G	0	0.9791	0.9975	0.9816	0.9889	20	
PILOT-2010010196__G__sonnet4__rep1.json	PILOT-2010010196	G	1	0.9768	0.9972	0.9796	0.9877	18	
PILOT-2010010196__G__sonnet4__rep2.json	PILOT-2010010196	G	2	0.9768	0.9972	0.9796	0.9877	18	
PILOT-2010011970__F__gpt4o-mini__rep0.json	PILOT-2010011970	F	0	0.8376	1.0	0.8376	0.9116	3	
PILOT-2010011970__F__gpt4o-mini__rep1.json	PILOT-2010011970	F	1	0.8731	1.0	0.8731	0.9322	3	
PILOT-2010011970__F__gpt4o-mini__rep2.json	PILOT-2010011970	F	2	0.2385	0.403	0.3693	0.385	3	
PILOT-2010011970__F__gpt5.4__rep0.json	PILOT-2010011970	F	0	None	None	None	None	0	no_aligned_claims
PILOT-2010011970__F__gpt5.4__rep1.json	PILOT-2010011970	F	1	0.4671	0.8029	0.5248	0.6345	4	
PILOT-2010011970__F__gpt5.4__rep2.json	PILOT-2010011970	F	2	0.3214	0.5359	0.4203	0.4699	4	
PILOT-2010011970__F__haiku4.5__rep0.json	PILOT-2010011970	F	0	0.2164	0.403	0.3194	0.3558	3	
PILOT-2010011970__F__haiku4.5__rep1.json	PILOT-2010011970	F	1	0.191	0.403	0.2666	0.3208	3	
PILOT-2010011970__F__haiku4.5__rep2.json	PILOT-2010011970	F	2	0.2317	0.5	0.3017	0.3762	3	
PILOT-2010011970__F__sonnet4__rep0.json	PILOT-2010011970	F	0	0.2915	0.4393	0.4446	0.4295	4	
PILOT-2010011970__F__sonnet4__rep1.json	PILOT-2010011970	F	1	0.4425	0.6086	0.6187	0.6071	4	
PILOT-2010011970__F__sonnet4__rep2.json	PILOT-2010011970	F	2	0.4012	0.4506	0.6447	0.5235	4	
PILOT-2010011970__G__gpt4o-mini__rep0.json	PILOT-2010011970	G	0	0.2833	0.5015	0.3893	0.4378	3	
PILOT-2010011970__G__gpt4o-mini__rep1.json	PILOT-2010011970	G	1	0.8296	1.0	0.8296	0.9019	3	
PILOT-2010011970__G__gpt4o-mini__rep2.json	PILOT-2010011970	G	2	0.2873	0.4864	0.3981	0.4367	3	
PILOT-2010011970__G__gpt5.4__rep0.json	PILOT-2010011970	G	0	0.4099	0.6937	0.6585	0.5563	4	
PILOT-2010011970__G__gpt5.4__rep1.json	PILOT-2010011970	G	1	0.4143	0.5847	0.5143	0.541	4	
PILOT-2010011970__G__gpt5.4__rep2.json	PILOT-2010011970	G	2	0.7997	0.9484	0.8424	0.8877	4	
PILOT-2010011970__G__haiku4.5__rep0.json	PILOT-2010011970	G	0	0.2083	0.5	0.2631	0.3447	3	
PILOT-2010011970__G__haiku4.5__rep1.json	PILOT-2010011970	G	1	0.1891	0.5	0.2333	0.3181	3	
PILOT-2010011970__G__haiku4.5__rep2.json	PILOT-2010011970	G	2	0.208	0.5	0.2628	0.3445	3	
PILOT-2010011970__G__sonnet4__rep0.json	PILOT-2010011970	G	0	0.3582	0.4631	0.4697	0.4651	4	
PILOT-2010011970__G__sonnet4__rep1.json	PILOT-2010011970	G	1	0.1274	0.1591	0.375	0.2232	3	
PILOT-2010011970__G__sonnet4__rep2.json	PILOT-2010011970	G	2	0.3604	0.6086	0.4452	0.5142	4	
PILOT-2011003851__F__gpt4o-mini__rep0.json	PILOT-2011003851	F	0	None				0	no_gen
PILOT-2011003851__F__gpt4o-mini__rep1.json	PILOT-2011003851	F	1	None				0	no_gen
PILOT-2011003851__F__gpt4o-mini__rep2.json	PILOT-2011003851	F	2	None				0	no_gen
PILOT-2011003851__F__gpt5.4__rep0.json	PILOT-2011003851	F	0	0.9097	0.92	0.9879	0.949	20	
PILOT-2011003851__F__gpt5.4__rep1.json	PILOT-2011003851	F	1	0.8887	0.9158	0.9698	0.9363	19	
PILOT-2011003851__F__gpt5.4__rep2.json	PILOT-2011003851	F	2	0.9054	0.92	0.9835	0.9467	20	
PILOT-2011003851__F__haiku4.5__rep0.json	PILOT-2011003851	F	0	0.8114	0.92	0.8711	0.8896	20	
PILOT-2011003851__F__haiku4.5__rep1.json	PILOT-2011003851	F	1	0.7668	0.92	0.8241	0.8605	20	
PILOT-2011003851__F__haiku4.5__rep2.json	PILOT-2011003851	F	2	0.8479	0.92	0.9157	0.9125	20	
PILOT-2011003851__F__sonnet4__rep0.json	PILOT-2011003851	F	0	0.8991	0.9389	0.9561	0.9416	18	
PILOT-2011003851__F__sonnet4__rep1.json	PILOT-2011003851	F	1	0.9001	0.92	0.9771	0.9434	20	
PILOT-2011003851__F__sonnet4__rep2.json	PILOT-2011003851	F	2	0.9001	0.92	0.9771	0.9434	20	
PILOT-2011003851__G__gpt4o-mini__rep0.json	PILOT-2011003851	G	0	0.9117	0.92	0.9908	0.9502	20	
PILOT-2011003851__G__gpt4o-mini__rep1.json	PILOT-2011003851	G	1	0.9117	0.92	0.9908	0.9502	20	
PILOT-2011003851__G__gpt4o-mini__rep2.json	PILOT-2011003851	G	2	0.9175	0.92	0.9971	0.9533	20	
PILOT-2011003851__G__gpt5.4__rep0.json	PILOT-2011003851	G	0	0.908	0.92	0.9867	0.9481	20	
PILOT-2011003851__G__gpt5.4__rep1.json	PILOT-2011003851	G	1	0.898	0.9158	0.9769	0.9414	19	
PILOT-2011003851__G__gpt5.4__rep2.json	PILOT-2011003851	G	2	0.8861	0.9229	0.956	0.9339	18	
PILOT-2011003851__G__haiku4.5__rep0.json	PILOT-2011003851	G	0	0.753	0.92	0.8103	0.8545	20	
PILOT-2011003851__G__haiku4.5__rep1.json	PILOT-2011003851	G	1	0.7883	0.92	0.8498	0.8765	20	
PILOT-2011003851__G__haiku4.5__rep2.json	PILOT-2011003851	G	2	0.7575	0.92	0.8121	0.851	20	
PILOT-2011003851__G__sonnet4__rep0.json	PILOT-2011003851	G	0	0.8931	0.92	0.9702	0.939	20	
PILOT-2011003851__G__sonnet4__rep1.json	PILOT-2011003851	G	1	0.8979	0.92	0.9755	0.9421	20	
PILOT-2011003851__G__sonnet4__rep2.json	PILOT-2011003851	G	2	0.8666	0.903	0.9588	0.9241	14	
PILOT-2011004581__F__gpt4o-mini__rep0.json	PILOT-2011004581	F	0	0.7895	0.9226	0.8387	0.8774	9	
PILOT-2011004581__F__gpt4o-mini__rep1.json	PILOT-2011004581	F	1	0.789	0.978	0.8042	0.8797	10	
PILOT-2011004581__F__gpt4o-mini__rep2.json	PILOT-2011004581	F	2	0.8586	0.9856	0.8702	0.9224	9	
PILOT-2011004581__F__gpt5.4__rep0.json	PILOT-2011004581	F	0	0.8957	0.9882	0.9048	0.943	11	
PILOT-2011004581__F__gpt5.4__rep1.json	PILOT-2011004581	F	1	0.9148	0.9882	0.9257	0.9536	11	
PILOT-2011004581__F__gpt5.4__rep2.json	PILOT-2011004581	F	2	0.8805	0.9882	0.8885	0.9337	11	
PILOT-2011004581__F__haiku4.5__rep0.json	PILOT-2011004581	F	0	0.7507	0.9882	0.7564	0.8482	11	
PILOT-2011004581__F__haiku4.5__rep1.json	PILOT-2011004581	F	1	0.7384	0.9882	0.7448	0.8423	11	
PILOT-2011004581__F__haiku4.5__rep2.json	PILOT-2011004581	F	2	0.7342	0.9882	0.7392	0.8373	11	
PILOT-2011004581__F__sonnet4__rep0.json	PILOT-2011004581	F	0	0.7937	0.9882	0.8007	0.8781	11	
PILOT-2011004581__F__sonnet4__rep1.json	PILOT-2011004581	F	1	0.7801	0.9882	0.7871	0.8705	11	
PILOT-2011004581__F__sonnet4__rep2.json	PILOT-2011004581	F	2	0.7795	0.9882	0.7863	0.8691	11	
PILOT-2011004581__G__gpt4o-mini__rep0.json	PILOT-2011004581	G	0	0.8082	0.9912	0.8137	0.8925	6	
PILOT-2011004581__G__gpt4o-mini__rep1.json	PILOT-2011004581	G	1	0.8518	0.9597	0.8866	0.915	9	
PILOT-2011004581__G__gpt4o-mini__rep2.json	PILOT-2011004581	G	2	0.8783	0.9674	0.905	0.9331	9	
PILOT-2011004581__G__gpt5.4__rep0.json	PILOT-2011004581	G	0	0.9226	0.9882	0.9321	0.9582	11	
PILOT-2011004581__G__gpt5.4__rep1.json	PILOT-2011004581	G	1	0.886	0.9882	0.8968	0.935	11	
PILOT-2011004581__G__gpt5.4__rep2.json	PILOT-2011004581	G	2	0.9129	0.9882	0.9224	0.9511	11	
PILOT-2011004581__G__haiku4.5__rep0.json	PILOT-2011004581	G	0	0.7556	0.9882	0.7626	0.8552	11	
PILOT-2011004581__G__haiku4.5__rep1.json	PILOT-2011004581	G	1	0.8282	0.9882	0.8369	0.8999	11	
PILOT-2011004581__G__haiku4.5__rep2.json	PILOT-2011004581	G	2	0.7622	0.9882	0.769	0.8597	11	
PILOT-2011004581__G__sonnet4__rep0.json	PILOT-2011004581	G	0	0.7439	0.9882	0.7501	0.8415	11	
PILOT-2011004581__G__sonnet4__rep1.json	PILOT-2011004581	G	1	0.7568	0.9882	0.7634	0.8555	11	
PILOT-2011004581__G__sonnet4__rep2.json	PILOT-2011004581	G	2	0.7902	0.9882	0.7979	0.8768	11	
PILOT-2011007474__F__gpt4o-mini__rep0.json	PILOT-2011007474	F	0	None				0	no_gen
PILOT-2011007474__F__gpt4o-mini__rep1.json	PILOT-2011007474	F	1	None				0	no_gen
PILOT-2011007474__F__gpt4o-mini__rep2.json	PILOT-2011007474	F	2	None				0	no_gen
PILOT-2011007474__F__gpt5.4__rep0.json	PILOT-2011007474	F	0	0.9757	0.9948	0.9798	0.9869	12	
PILOT-2011007474__F__gpt5.4__rep1.json	PILOT-2011007474	F	1	0.964	0.9955	0.9675	0.9801	14	
PILOT-2011007474__F__gpt5.4__rep2.json	PILOT-2011007474	F	2	0.9582	0.9955	0.9613	0.9766	14	
PILOT-2011007474__F__haiku4.5__rep0.json	PILOT-2011007474	F	0	0.6512	0.9955	0.654	0.7716	14	
PILOT-2011007474__F__haiku4.5__rep1.json	PILOT-2011007474	F	1	0.6189	0.9813	0.6239	0.7473	14	
PILOT-2011007474__F__haiku4.5__rep2.json	PILOT-2011007474	F	2	0.8662	0.9955	0.8685	0.9061	14	
PILOT-2011007474__F__sonnet4__rep0.json	PILOT-2011007474	F	0	0.9361	0.9591	0.9747	0.9647	14	
PILOT-2011007474__F__sonnet4__rep1.json	PILOT-2011007474	F	1	0.7098	0.9546	0.7488	0.8271	14	
PILOT-2011007474__F__sonnet4__rep2.json	PILOT-2011007474	F	2	0.9854	0.9955	0.9893	0.9923	14	
PILOT-2011007474__G__gpt4o-mini__rep0.json	PILOT-2011007474	G	0	None				0	no_gen
PILOT-2011007474__G__gpt4o-mini__rep1.json	PILOT-2011007474	G	1	None				0	no_gen
PILOT-2011007474__G__gpt4o-mini__rep2.json	PILOT-2011007474	G	2	None				0	no_gen
PILOT-2011007474__G__gpt5.4__rep0.json	PILOT-2011007474	G	0	0.9732	0.9955	0.976	0.985	14	
PILOT-2011007474__G__gpt5.4__rep1.json	PILOT-2011007474	G	1	0.9582	0.9955	0.9613	0.9766	14	
PILOT-2011007474__G__gpt5.4__rep2.json	PILOT-2011007474	G	2	0.9733	0.9904	0.9808	0.9853	13	
PILOT-2011007474__G__haiku4.5__rep0.json	PILOT-2011007474	G	0	0.5003	0.9797	0.5064	0.6487	14	
PILOT-2011007474__G__haiku4.5__rep1.json	PILOT-2011007474	G	1	0.5256	0.9955	0.5272	0.6667	14	
PILOT-2011007474__G__haiku4.5__rep2.json	PILOT-2011007474	G	2	0.7207	0.9955	0.7223	0.8172	14	
PILOT-2011007474__G__sonnet4__rep0.json	PILOT-2011007474	G	0	0.9759	0.9955	0.9788	0.9865	14	
PILOT-2011007474__G__sonnet4__rep1.json	PILOT-2011007474	G	1	0.9614	0.9778	0.9816	0.9785	14	
PILOT-2011007474__G__sonnet4__rep2.json	PILOT-2011007474	G	2	0.9663	0.9955	0.9691	0.9809	14	
PILOT-2011008843__F__gpt4o-mini__rep0.json	PILOT-2011008843	F	0	0.913	1.0	0.913	0.9545	1	
PILOT-2011008843__F__gpt4o-mini__rep1.json	PILOT-2011008843	F	1	0.9933	0.9974	0.9958	0.9965	30	
PILOT-2011008843__F__gpt4o-mini__rep2.json	PILOT-2011008843	F	2	0.9848	1.0	0.9848	0.9922	3	
PILOT-2011008843__F__gpt5.4__rep0.json	PILOT-2011008843	F	0	0.9893	1.0	0.9893	0.9941	18	
PILOT-2011008843__F__gpt5.4__rep1.json	PILOT-2011008843	F	1	0.9449	0.9945	0.9487	0.9695	7	
PILOT-2011008843__F__gpt5.4__rep2.json	PILOT-2011008843	F	2	0.9829	0.9956	0.9871	0.9908	18	
PILOT-2011008843__F__haiku4.5__rep0.json	PILOT-2011008843	F	0	0.8367	0.9808	0.851	0.9111	2	
PILOT-2011008843__F__haiku4.5__rep1.json	PILOT-2011008843	F	1	0.8071	0.9808	0.8205	0.8932	2	
PILOT-2011008843__F__haiku4.5__rep2.json	PILOT-2011008843	F	2	0.7439	0.9913	0.7498	0.8446	9	
PILOT-2011008843__F__sonnet4__rep0.json	PILOT-2011008843	F	0	0.9971	1.0	0.9971	0.9985	30	
PILOT-2011008843__F__sonnet4__rep1.json	PILOT-2011008843	F	1	0.9971	1.0	0.9971	0.9985	30	
PILOT-2011008843__F__sonnet4__rep2.json	PILOT-2011008843	F	2	0.9971	1.0	0.9971	0.9985	30	
PILOT-2011008843__G__gpt4o-mini__rep0.json	PILOT-2011008843	G	0	0.9217	0.9616	0.9572	0.9589	2	
PILOT-2011008843__G__gpt4o-mini__rep1.json	PILOT-2011008843	G	1	0.9402	0.9808	0.958	0.9691	2	
PILOT-2011008843__G__gpt4o-mini__rep2.json	PILOT-2011008843	G	2	0.8685	0.9808	0.884	0.9296	2	
PILOT-2011008843__G__gpt5.4__rep0.json	PILOT-2011008843	G	0	0.967	0.9945	0.9725	0.982	7	
PILOT-2011008843__G__gpt5.4__rep1.json	PILOT-2011008843	G	1	0.9899	1.0	0.9899	0.9944	19	
PILOT-2011008843__G__gpt5.4__rep2.json	PILOT-2011008843	G	2	0.9893	1.0	0.9893	0.9941	18	
PILOT-2011008843__G__haiku4.5__rep0.json	PILOT-2011008843	G	0	0.8244	0.9738	0.8432	0.9037	3	
PILOT-2011008843__G__haiku4.5__rep1.json	PILOT-2011008843	G	1	0.8244	0.9738	0.8432	0.9037	3	
PILOT-2011008843__G__haiku4.5__rep2.json	PILOT-2011008843	G	2	0.8244	0.9738	0.8432	0.9037	3	
PILOT-2011008843__G__sonnet4__rep0.json	PILOT-2011008843	G	0	0.875	1.0	0.875	0.9333	1	
PILOT-2011008843__G__sonnet4__rep1.json	PILOT-2011008843	G	1	0.875	1.0	0.875	0.9333	1	
PILOT-2011008843__G__sonnet4__rep2.json	PILOT-2011008843	G	2	0.9958	1.0	0.9958	0.9978	30	
PILOT-2011009182__F__gpt4o-mini__rep0.json	PILOT-2011009182	F	0	0.9698	0.9905	0.9792	0.983	22	
PILOT-2011009182__F__gpt4o-mini__rep1.json	PILOT-2011009182	F	1	0.7056	1.0	0.7056	0.8134	8	
PILOT-2011009182__F__gpt4o-mini__rep2.json	PILOT-2011009182	F	2	0.7401	1.0	0.7401	0.8434	8	
PILOT-2011009182__F__gpt5.4__rep0.json	PILOT-2011009182	F	0	0.9785	1.0	0.9785	0.9877	23	
PILOT-2011009182__F__gpt5.4__rep1.json	PILOT-2011009182	F	1	0.9817	1.0	0.9817	0.99	18	
PILOT-2011009182__F__gpt5.4__rep2.json	PILOT-2011009182	F	2	0.9817	1.0	0.9817	0.99	18	
PILOT-2011009182__F__haiku4.5__rep0.json	PILOT-2011009182	F	0	0.7513	0.9877	0.76	0.8533	17	
PILOT-2011009182__F__haiku4.5__rep1.json	PILOT-2011009182	F	1	0.7611	0.9877	0.7677	0.8578	17	
PILOT-2011009182__F__haiku4.5__rep2.json	PILOT-2011009182	F	2	0.7049	0.9877	0.7102	0.8212	17	
PILOT-2011009182__F__sonnet4__rep0.json	PILOT-2011009182	F	0	0.6251	0.9909	0.6265	0.739	23	
PILOT-2011009182__F__sonnet4__rep1.json	PILOT-2011009182	F	1	0.7125	0.9909	0.7151	0.8147	23	
PILOT-2011009182__F__sonnet4__rep2.json	PILOT-2011009182	F	2	0.6251	0.9909	0.6265	0.739	23	
PILOT-2011009182__G__gpt4o-mini__rep0.json	PILOT-2011009182	G	0	0.6409	1.0	0.6409	0.7649	7	
PILOT-2011009182__G__gpt4o-mini__rep1.json	PILOT-2011009182	G	1	0.9952	1.0	0.9952	0.9976	7	
PILOT-2011009182__G__gpt4o-mini__rep2.json	PILOT-2011009182	G	2	0.9384	1.0	0.9384	0.9617	8	
PILOT-2011009182__G__gpt5.4__rep0.json	PILOT-2011009182	G	0	0.9754	1.0	0.9754	0.9857	23	
PILOT-2011009182__G__gpt5.4__rep1.json	PILOT-2011009182	G	1	0.9785	1.0	0.9785	0.9877	23	
PILOT-2011009182__G__gpt5.4__rep2.json	PILOT-2011009182	G	2	0.9709	1.0	0.9709	0.9834	17	
PILOT-2011009182__G__haiku4.5__rep0.json	PILOT-2011009182	G	0	0.7275	0.9877	0.7347	0.8306	17	
PILOT-2011009182__G__haiku4.5__rep1.json	PILOT-2011009182	G	1	0.7391	0.9877	0.7464	0.8456	17	
PILOT-2011009182__G__haiku4.5__rep2.json	PILOT-2011009182	G	2	0.771	0.9877	0.7792	0.8671	17	
PILOT-2011009182__G__sonnet4__rep0.json	PILOT-2011009182	G	0	0.6264	0.9877	0.6298	0.7606	17	
PILOT-2011009182__G__sonnet4__rep1.json	PILOT-2011009182	G	1	0.6264	0.9877	0.6298	0.7606	17	
PILOT-2011009182__G__sonnet4__rep2.json	PILOT-2011009182	G	2	0.6264	0.9877	0.6298	0.7606	17	
PILOT-2011011469__F__gpt4o-mini__rep0.json	PILOT-2011011469	F	0	0.8146	1.0	0.8146	0.8938	6	
PILOT-2011011469__F__gpt4o-mini__rep1.json	PILOT-2011011469	F	1	0.9121	1.0	0.9121	0.949	9	
PILOT-2011011469__F__gpt4o-mini__rep2.json	PILOT-2011011469	F	2	0.7939	0.9828	0.8046	0.8636	17	
PILOT-2011011469__F__gpt5.4__rep0.json	PILOT-2011011469	F	0	0.9626	1.0	0.9626	0.9776	17	
PILOT-2011011469__F__gpt5.4__rep1.json	PILOT-2011011469	F	1	0.9642	1.0	0.9642	0.9788	17	
PILOT-2011011469__F__gpt5.4__rep2.json	PILOT-2011011469	F	2	0.9527	0.9828	0.9698	0.9731	17	
PILOT-2011011469__F__haiku4.5__rep0.json	PILOT-2011011469	F	0	0.6388	0.9818	0.6472	0.7575	16	
PILOT-2011011469__F__haiku4.5__rep1.json	PILOT-2011011469	F	1	0.567	0.9886	0.5727	0.6883	11	
PILOT-2011011469__F__haiku4.5__rep2.json	PILOT-2011011469	F	2	0.5677	0.924	0.5773	0.6697	17	
PILOT-2011011469__F__sonnet4__rep0.json	PILOT-2011011469	F	0	0.9635	0.9828	0.9807	0.9802	17	
PILOT-2011011469__F__sonnet4__rep1.json	PILOT-2011011469	F	1	0.9149	0.9828	0.9321	0.9467	17	
PILOT-2011011469__F__sonnet4__rep2.json	PILOT-2011011469	F	2	0.9132	0.9828	0.9304	0.9451	17	
PILOT-2011011469__G__gpt4o-mini__rep0.json	PILOT-2011011469	G	0	0.8589	0.9321	0.8924	0.9087	8	
PILOT-2011011469__G__gpt4o-mini__rep1.json	PILOT-2011011469	G	1	0.6485	0.875	0.6902	0.7621	4	
PILOT-2011011469__G__gpt4o-mini__rep2.json	PILOT-2011011469	G	2	0.8615	1.0	0.8615	0.9239	5	
PILOT-2011011469__G__gpt5.4__rep0.json	PILOT-2011011469	G	0	0.9454	0.9828	0.9626	0.9683	17	
PILOT-2011011469__G__gpt5.4__rep1.json	PILOT-2011011469	G	1	0.8763	0.9412	0.8959	0.9159	17	
PILOT-2011011469__G__gpt5.4__rep2.json	PILOT-2011011469	G	2	0.8101	1.0	0.8101	0.8532	17	
PILOT-2011011469__G__haiku4.5__rep0.json	PILOT-2011011469	G	0	0.6098	0.9818	0.6219	0.7294	16	
PILOT-2011011469__G__haiku4.5__rep1.json	PILOT-2011011469	G	1	0.5095	0.9828	0.5195	0.6492	17	
PILOT-2011011469__G__haiku4.5__rep2.json	PILOT-2011011469	G	2	0.6919	0.9828	0.7011	0.7872	17	
PILOT-2011011469__G__sonnet4__rep0.json	PILOT-2011011469	G	0	0.9516	0.9828	0.9688	0.9723	17	
PILOT-2011011469__G__sonnet4__rep1.json	PILOT-2011011469	G	1	0.9554	0.9828	0.9725	0.975	17	
PILOT-2011011469__G__sonnet4__rep2.json	PILOT-2011011469	G	2	0.9554	0.9828	0.9725	0.975	17	
PILOT-2011012180__F__gpt4o-mini__rep0.json	PILOT-2011012180	F	0	0.9059	0.9206	0.9852	0.9482	7	
PILOT-2011012180__F__gpt4o-mini__rep1.json	PILOT-2011012180	F	1	0.9093	0.9305	0.976	0.9497	8	
PILOT-2011012180__F__gpt4o-mini__rep2.json	PILOT-2011012180	F	2	0.6697	0.7639	0.736	0.7414	6	
PILOT-2011012180__F__gpt5.4__rep0.json	PILOT-2011012180	F	0	0.7201	0.8678	0.8297	0.8242	11	
PILOT-2011012180__F__gpt5.4__rep1.json	PILOT-2011012180	F	1	0.7434	0.8678	0.8568	0.8424	11	
PILOT-2011012180__F__gpt5.4__rep2.json	PILOT-2011012180	F	2	0.7952	0.9105	0.8798	0.875	11	
PILOT-2011012180__F__haiku4.5__rep0.json	PILOT-2011012180	F	0	0.7604	0.9444	0.8054	0.8517	10	
PILOT-2011012180__F__haiku4.5__rep1.json	PILOT-2011012180	F	1	0.7479	0.9363	0.7972	0.8317	20	
PILOT-2011012180__F__haiku4.5__rep2.json	PILOT-2011012180	F	2	0.8404	0.9506	0.8806	0.9043	20	
PILOT-2011012180__F__sonnet4__rep0.json	PILOT-2011012180	F	0	0.8412	0.9506	0.8866	0.9004	20	
PILOT-2011012180__F__sonnet4__rep1.json	PILOT-2011012180	F	1	0.845	0.9506	0.8895	0.9024	20	
PILOT-2011012180__F__sonnet4__rep2.json	PILOT-2011012180	F	2	0.8341	0.948	0.8805	0.8957	19	
PILOT-2011012180__G__gpt4o-mini__rep0.json	PILOT-2011012180	G	0	0.6417	0.9286	0.6729	0.7738	4	
PILOT-2011012180__G__gpt4o-mini__rep1.json	PILOT-2011012180	G	1	0.7892	0.9667	0.8225	0.8534	5	
PILOT-2011012180__G__gpt4o-mini__rep2.json	PILOT-2011012180	G	2	0.7839	0.9167	0.8613	0.8605	7	
PILOT-2011012180__G__gpt5.4__rep0.json	PILOT-2011012180	G	0	0.7749	0.9239	0.8264	0.8536	20	
PILOT-2011012180__G__gpt5.4__rep1.json	PILOT-2011012180	G	1	0.8331	0.9009	0.9086	0.8999	11	
PILOT-2011012180__G__gpt5.4__rep2.json	PILOT-2011012180	G	2	0.8539	0.894	0.944	0.9083	11	
PILOT-2011012180__G__haiku4.5__rep0.json	PILOT-2011012180	G	0	0.6918	0.9163	0.747	0.8038	11	
PILOT-2011012180__G__haiku4.5__rep1.json	PILOT-2011012180	G	1	0.7155	0.9495	0.7503	0.8224	11	
PILOT-2011012180__G__haiku4.5__rep2.json	PILOT-2011012180	G	2	0.6091	0.9079	0.6677	0.7481	10	
PILOT-2011012180__G__sonnet4__rep0.json	PILOT-2011012180	G	0	0.6871	0.9383	0.7358	0.8003	9	
PILOT-2011012180__G__sonnet4__rep1.json	PILOT-2011012180	G	1	0.8945	0.9492	0.9421	0.9408	20	
PILOT-2011012180__G__sonnet4__rep2.json	PILOT-2011012180	G	2	0.7192	0.9383	0.7611	0.8238	9	
PILOT-2011013110__F__gpt4o-mini__rep0.json	PILOT-2011013110	F	0	0.9288	0.942	0.9846	0.962	5	
PILOT-2011013110__F__gpt4o-mini__rep1.json	PILOT-2011013110	F	1	0.8121	0.9818	0.8239	0.8952	5	
PILOT-2011013110__F__gpt4o-mini__rep2.json	PILOT-2011013110	F	2	0.8087	0.9818	0.8205	0.8909	5	
PILOT-2011013110__F__gpt5.4__rep0.json	PILOT-2011013110	F	0	0.897	0.9885	0.908	0.9373	17	
PILOT-2011013110__F__gpt5.4__rep1.json	PILOT-2011013110	F	1	0.9099	0.9917	0.9175	0.9495	11	
PILOT-2011013110__F__gpt5.4__rep2.json	PILOT-2011013110	F	2	0.9003	0.9917	0.9078	0.9425	11	
PILOT-2011013110__F__haiku4.5__rep0.json	PILOT-2011013110	F	0	0.7306	0.987	0.7398	0.8343	7	
PILOT-2011013110__F__haiku4.5__rep1.json	PILOT-2011013110	F	1	0.7578	0.9917	0.7641	0.852	11	
PILOT-2011013110__F__haiku4.5__rep2.json	PILOT-2011013110	F	2	0.8333	0.9917	0.8392	0.8976	11	
PILOT-2011013110__F__sonnet4__rep0.json	PILOT-2011013110	F	0	0.7899	0.9766	0.811	0.8764	17	
PILOT-2011013110__F__sonnet4__rep1.json	PILOT-2011013110	F	1	0.8005	0.9766	0.8221	0.8805	17	
PILOT-2011013110__F__sonnet4__rep2.json	PILOT-2011013110	F	2	0.8231	0.9766	0.8449	0.8983	17	
PILOT-2011013110__G__gpt4o-mini__rep0.json	PILOT-2011013110	G	0	0.9218	0.9541	0.966	0.9587	5	
PILOT-2011013110__G__gpt4o-mini__rep1.json	PILOT-2011013110	G	1	0.8357	0.9849	0.8495	0.8968	6	
PILOT-2011013110__G__gpt4o-mini__rep2.json	PILOT-2011013110	G	2	0.8692	0.9827	0.886	0.9213	8	
PILOT-2011013110__G__gpt5.4__rep0.json	PILOT-2011013110	G	0	0.9077	0.9917	0.9159	0.9391	11	
PILOT-2011013110__G__gpt5.4__rep1.json	PILOT-2011013110	G	1	0.8933	0.9917	0.9016	0.9304	11	
PILOT-2011013110__G__gpt5.4__rep2.json	PILOT-2011013110	G	2	0.8762	0.9917	0.8845	0.9193	11	
PILOT-2011013110__G__haiku4.5__rep0.json	PILOT-2011013110	G	0	0.6489	0.987	0.6557	0.7801	7	
PILOT-2011013110__G__haiku4.5__rep1.json	PILOT-2011013110	G	1	0.6834	0.9917	0.688	0.8016	11	
PILOT-2011013110__G__haiku4.5__rep2.json	PILOT-2011013110	G	2	0.6161	0.987	0.6211	0.7513	7	
PILOT-2011013110__G__sonnet4__rep0.json	PILOT-2011013110	G	0	0.8997	0.9766	0.9218	0.9454	17	
PILOT-2011013110__G__sonnet4__rep1.json	PILOT-2011013110	G	1	0.8706	0.9766	0.8928	0.9278	17	
PILOT-2011013110__G__sonnet4__rep2.json	PILOT-2011013110	G	2	0.8666	0.968	0.8961	0.9261	17	
PILOT-2012000327__F__gpt4o-mini__rep0.json	PILOT-2012000327	F	0	0.828	0.8777	0.9299	0.8984	6	
PILOT-2012000327__F__gpt4o-mini__rep1.json	PILOT-2012000327	F	1	0.8157	0.8659	0.9358	0.8932	6	
PILOT-2012000327__F__gpt4o-mini__rep2.json	PILOT-2012000327	F	2	0.7091	0.839	0.82	0.8241	5	
PILOT-2012000327__F__gpt5.4__rep0.json	PILOT-2012000327	F	0	0.8319	0.9084	0.895	0.8985	9	
PILOT-2012000327__F__gpt5.4__rep1.json	PILOT-2012000327	F	1	0.7701	0.839	0.9055	0.8439	10	
PILOT-2012000327__F__gpt5.4__rep2.json	PILOT-2012000327	F	2	0.8798	0.9084	0.9621	0.9301	9	
PILOT-2012000327__F__haiku4.5__rep0.json	PILOT-2012000327	F	0	0.8964	0.9748	0.9099	0.9353	19	
PILOT-2012000327__F__haiku4.5__rep1.json	PILOT-2012000327	F	1	0.9149	0.975	0.9299	0.9469	21	
PILOT-2012000327__F__haiku4.5__rep2.json	PILOT-2012000327	F	2	0.886	0.9358	0.9322	0.9302	21	
PILOT-2012000327__F__sonnet4__rep0.json	PILOT-2012000327	F	0	0.9064	0.9672	0.9355	0.9404	16	
PILOT-2012000327__F__sonnet4__rep1.json	PILOT-2012000327	F	1	0.9063	0.9484	0.9408	0.9373	23	
PILOT-2012000327__F__sonnet4__rep2.json	PILOT-2012000327	F	2	0.9252	0.969	0.9519	0.9531	21	
PILOT-2012000327__G__gpt4o-mini__rep0.json	PILOT-2012000327	G	0	0.5607	0.8768	0.634	0.7121	4	
PILOT-2012000327__G__gpt4o-mini__rep1.json	PILOT-2012000327	G	1	0.6873	0.869	0.7864	0.7834	5	
PILOT-2012000327__G__gpt4o-mini__rep2.json	PILOT-2012000327	G	2	0.6653	0.8857	0.7426	0.7964	3	
PILOT-2012000327__G__gpt5.4__rep0.json	PILOT-2012000327	G	0	0.8036	0.865	0.8995	0.8783	9	
PILOT-2012000327__G__gpt5.4__rep1.json	PILOT-2012000327	G	1	0.8436	0.8751	0.9486	0.9046	9	
PILOT-2012000327__G__gpt5.4__rep2.json	PILOT-2012000327	G	2	0.7967	0.8318	0.9414	0.8627	10	
PILOT-2012000327__G__haiku4.5__rep0.json	PILOT-2012000327	G	0	0.9132	0.97	0.9368	0.949	19	
PILOT-2012000327__G__haiku4.5__rep1.json	PILOT-2012000327	G	1	0.9016	0.975	0.9173	0.9403	21	
PILOT-2012000327__G__haiku4.5__rep2.json	PILOT-2012000327	G	2	0.8913	0.9384	0.9223	0.9283	19	
PILOT-2012000327__G__sonnet4__rep0.json	PILOT-2012000327	G	0	0.933	0.9644	0.9647	0.962	16	
PILOT-2012000327__G__sonnet4__rep1.json	PILOT-2012000327	G	1	0.8833	0.9672	0.9055	0.9251	16	
PILOT-2012000327__G__sonnet4__rep2.json	PILOT-2012000327	G	2	0.4185	0.4866	0.4528	0.4616	16	
PILOT-2012003288__F__gpt4o-mini__rep0.json	PILOT-2012003288	F	0	0.5258	0.9028	0.5789	0.6826	4	
PILOT-2012003288__F__gpt4o-mini__rep1.json	PILOT-2012003288	F	1	0.6117	0.8222	0.7039	0.7364	5	
PILOT-2012003288__F__gpt4o-mini__rep2.json	PILOT-2012003288	F	2	0.5712	0.8453	0.6649	0.7226	4	
PILOT-2012003288__F__gpt5.4__rep0.json	PILOT-2012003288	F	0	0.9335	0.9517	0.9817	0.9622	13	
PILOT-2012003288__F__gpt5.4__rep1.json	PILOT-2012003288	F	1	0.8976	0.956	0.9416	0.9402	13	
PILOT-2012003288__F__gpt5.4__rep2.json	PILOT-2012003288	F	2	0.8985	0.9517	0.9468	0.9396	13	
PILOT-2012003288__F__haiku4.5__rep0.json	PILOT-2012003288	F	0	0.7341	0.9352	0.792	0.8347	6	
PILOT-2012003288__F__haiku4.5__rep1.json	PILOT-2012003288	F	1	0.748	0.9352	0.8058	0.8464	6	
PILOT-2012003288__F__haiku4.5__rep2.json	PILOT-2012003288	F	2	0.8833	0.9333	0.95	0.9334	5	
PILOT-2012003288__F__sonnet4__rep0.json	PILOT-2012003288	F	0	0.8614	0.956	0.8949	0.9137	13	
PILOT-2012003288__F__sonnet4__rep1.json	PILOT-2012003288	F	1	0.8559	0.956	0.8973	0.9104	13	
PILOT-2012003288__F__sonnet4__rep2.json	PILOT-2012003288	F	2	0.8455	0.956	0.8802	0.9035	13	
PILOT-2012003288__G__gpt4o-mini__rep0.json	PILOT-2012003288	G	0	0.8733	0.8889	0.975	0.9267	5	
PILOT-2012003288__G__gpt4o-mini__rep1.json	PILOT-2012003288	G	1	0.6371	0.9167	0.7099	0.7762	4	
PILOT-2012003288__G__gpt4o-mini__rep2.json	PILOT-2012003288	G	2	0.6665	0.7714	0.8304	0.7808	5	
PILOT-2012003288__G__gpt5.4__rep0.json	PILOT-2012003288	G	0	0.9359	0.9517	0.9838	0.9638	13	
PILOT-2012003288__G__gpt5.4__rep1.json	PILOT-2012003288	G	1	0.8604	0.9517	0.9075	0.9157	13	
PILOT-2012003288__G__gpt5.4__rep2.json	PILOT-2012003288	G	2	0.8518	0.9517	0.9001	0.9114	13	
PILOT-2012003288__G__haiku4.5__rep0.json	PILOT-2012003288	G	0	0.7223	0.8111	0.8235	0.8094	5	
PILOT-2012003288__G__haiku4.5__rep1.json	PILOT-2012003288	G	1	0.6334	0.8518	0.7099	0.755	6	
PILOT-2012003288__G__haiku4.5__rep2.json	PILOT-2012003288	G	2	0.8456	0.8998	0.9152	0.9022	13	
PILOT-2012003288__G__sonnet4__rep0.json	PILOT-2012003288	G	0	0.9025	0.956	0.944	0.942	13	
PILOT-2012003288__G__sonnet4__rep1.json	PILOT-2012003288	G	1	0.9133	0.956	0.9548	0.948	13	
PILOT-2012003288__G__sonnet4__rep2.json	PILOT-2012003288	G	2	0.9223	0.956	0.9637	0.9547	13	
PILOT-2012005674__F__gpt4o-mini__rep0.json	PILOT-2012005674	F	0	0.7909	0.8726	0.8937	0.8822	7	
PILOT-2012005674__F__gpt4o-mini__rep1.json	PILOT-2012005674	F	1	0.8726	0.8726	1.0	0.9313	7	
PILOT-2012005674__F__gpt4o-mini__rep2.json	PILOT-2012005674	F	2	0.7909	0.8726	0.8937	0.8822	7	
PILOT-2012005674__F__gpt5.4__rep0.json	PILOT-2012005674	F	0	0.8807	0.9386	0.9333	0.9288	8	
PILOT-2012005674__F__gpt5.4__rep1.json	PILOT-2012005674	F	1	0.8807	0.9386	0.9333	0.9288	8	
PILOT-2012005674__F__gpt5.4__rep2.json	PILOT-2012005674	F	2	0.9113	0.9774	0.9238	0.9472	7	
PILOT-2012005674__F__haiku4.5__rep0.json	PILOT-2012005674	F	0	0.8908	0.937	0.9526	0.935	37	
PILOT-2012005674__F__haiku4.5__rep1.json	PILOT-2012005674	F	1	0.9023	0.937	0.9636	0.9437	37	
PILOT-2012005674__F__haiku4.5__rep2.json	PILOT-2012005674	F	2	0.9049	0.937	0.9654	0.9453	37	
PILOT-2012005674__F__sonnet4__rep0.json	PILOT-2012005674	F	0	0.9245	0.937	0.9856	0.9557	37	
PILOT-2012005674__F__sonnet4__rep1.json	PILOT-2012005674	F	1	0.9245	0.937	0.9856	0.9557	37	
PILOT-2012005674__F__sonnet4__rep2.json	PILOT-2012005674	F	2	0.9245	0.937	0.9856	0.9557	37	
PILOT-2012005674__G__gpt4o-mini__rep0.json	PILOT-2012005674	G	0	0.8229	0.8437	0.9679	0.9009	7	
PILOT-2012005674__G__gpt4o-mini__rep1.json	PILOT-2012005674	G	1	0.7973	0.8724	0.902	0.8859	5	
PILOT-2012005674__G__gpt4o-mini__rep2.json	PILOT-2012005674	G	2	0.8726	0.8726	1.0	0.9313	7	
PILOT-2012005674__G__gpt5.4__rep0.json	PILOT-2012005674	G	0	0.8807	0.9386	0.9333	0.9288	8	
PILOT-2012005674__G__gpt5.4__rep1.json	PILOT-2012005674	G	1	0.9113	0.9774	0.9238	0.9472	7	
PILOT-2012005674__G__gpt5.4__rep2.json	PILOT-2012005674	G	2	0.9293	0.9774	0.9442	0.9593	7	
PILOT-2012005674__G__haiku4.5__rep0.json	PILOT-2012005674	G	0	0.8768	0.937	0.9372	0.9262	37	
PILOT-2012005674__G__haiku4.5__rep1.json	PILOT-2012005674	G	1	0.8662	0.937	0.9241	0.9201	37	
PILOT-2012005674__G__haiku4.5__rep2.json	PILOT-2012005674	G	2	0.8962	0.937	0.9563	0.9403	37	
PILOT-2012005674__G__sonnet4__rep0.json	PILOT-2012005674	G	0	0.9245	0.937	0.9856	0.9557	37	
PILOT-2012005674__G__sonnet4__rep1.json	PILOT-2012005674	G	1	0.9263	0.9396	0.9848	0.9566	35	
PILOT-2012005674__G__sonnet4__rep2.json	PILOT-2012005674	G	2	0.9263	0.9396	0.9848	0.9566	35	
PILOT-2012006145__F__gpt4o-mini__rep0.json	PILOT-2012006145	F	0	0.916	0.9746	0.9321	0.9464	23	
PILOT-2012006145__F__gpt4o-mini__rep1.json	PILOT-2012006145	F	1	0.7655	0.9907	0.7691	0.8601	9	
PILOT-2012006145__F__gpt4o-mini__rep2.json	PILOT-2012006145	F	2	0.9268	0.9964	0.9298	0.9541	23	
PILOT-2012006145__F__gpt5.4__rep0.json	PILOT-2012006145	F	0	0.9769	1.0	0.9769	0.9867	23	
PILOT-2012006145__F__gpt5.4__rep1.json	PILOT-2012006145	F	1	0.9769	1.0	0.9769	0.9867	23	
PILOT-2012006145__F__gpt5.4__rep2.json	PILOT-2012006145	F	2	0.9702	0.9964	0.9733	0.983	23	
PILOT-2012006145__F__haiku4.5__rep0.json	PILOT-2012006145	F	0	0.9831	1.0	0.9831	0.9906	23	
PILOT-2012006145__F__haiku4.5__rep1.json	PILOT-2012006145	F	1	0.6758	1.0	0.6758	0.8016	5	
PILOT-2012006145__F__haiku4.5__rep2.json	PILOT-2012006145	F	2	0.6365	1.0	0.6365	0.7738	5	
PILOT-2012006145__F__sonnet4__rep0.json	PILOT-2012006145	F	0	0.9906	1.0	0.9906	0.995	23	
PILOT-2012006145__F__sonnet4__rep1.json	PILOT-2012006145	F	1	0.9906	1.0	0.9906	0.995	23	
PILOT-2012006145__F__sonnet4__rep2.json	PILOT-2012006145	F	2	0.9906	1.0	0.9906	0.995	23	
PILOT-2012006145__G__gpt4o-mini__rep0.json	PILOT-2012006145	G	0	0.7056	0.9833	0.7177	0.8096	5	
PILOT-2012006145__G__gpt4o-mini__rep1.json	PILOT-2012006145	G	1	0.9692	0.9964	0.9722	0.983	23	
PILOT-2012006145__G__gpt4o-mini__rep2.json	PILOT-2012006145	G	2	0.7849	1.0	0.7849	0.8722	4	
PILOT-2012006145__G__gpt5.4__rep0.json	PILOT-2012006145	G	0	0.9702	0.9964	0.9733	0.983	23	
PILOT-2012006145__G__gpt5.4__rep1.json	PILOT-2012006145	G	1	0.9702	0.9964	0.9733	0.983	23	
PILOT-2012006145__G__gpt5.4__rep2.json	PILOT-2012006145	G	2	0.9769	1.0	0.9769	0.9867	23	
PILOT-2012006145__G__haiku4.5__rep0.json	PILOT-2012006145	G	0	0.7346	1.0	0.7346	0.8466	2	
PILOT-2012006145__G__haiku4.5__rep1.json	PILOT-2012006145	G	1	0.6618	1.0	0.6618	0.7961	5	
PILOT-2012006145__G__haiku4.5__rep2.json	PILOT-2012006145	G	2	0.7346	1.0	0.7346	0.8466	2	
PILOT-2012006145__G__sonnet4__rep0.json	PILOT-2012006145	G	0	0.9906	1.0	0.9906	0.995	23	
PILOT-2012006145__G__sonnet4__rep1.json	PILOT-2012006145	G	1	0.9906	1.0	0.9906	0.995	23	
PILOT-2012006145__G__sonnet4__rep2.json	PILOT-2012006145	G	2	0.8821	0.9783	0.8908	0.9235	23	
PILOT-2012007524__F__gpt4o-mini__rep0.json	PILOT-2012007524	F	0	None				0	no_gen
PILOT-2012007524__F__gpt4o-mini__rep1.json	PILOT-2012007524	F	1	0.8629	0.9595	0.9021	0.9213	7	
PILOT-2012007524__F__gpt4o-mini__rep2.json	PILOT-2012007524	F	2	None				0	no_gen
PILOT-2012007524__F__gpt5.4__rep0.json	PILOT-2012007524	F	0	0.7319	0.9646	0.753	0.8383	8	
PILOT-2012007524__F__gpt5.4__rep1.json	PILOT-2012007524	F	1	0.6963	0.956	0.7218	0.815	8	
PILOT-2012007524__F__gpt5.4__rep2.json	PILOT-2012007524	F	2	0.7678	0.9646	0.7952	0.8613	8	
PILOT-2012007524__F__haiku4.5__rep0.json	PILOT-2012007524	F	0	0.7857	0.9465	0.8235	0.8759	7	
PILOT-2012007524__F__haiku4.5__rep1.json	PILOT-2012007524	F	1	0.8957	0.9631	0.9275	0.94	20	
PILOT-2012007524__F__haiku4.5__rep2.json	PILOT-2012007524	F	2	0.8662	0.9631	0.8952	0.9167	20	
PILOT-2012007524__F__sonnet4__rep0.json	PILOT-2012007524	F	0	0.9206	0.9631	0.9562	0.9552	20	
PILOT-2012007524__F__sonnet4__rep1.json	PILOT-2012007524	F	1	0.9132	0.9631	0.9488	0.9503	20	
PILOT-2012007524__F__sonnet4__rep2.json	PILOT-2012007524	F	2	0.9381	0.9631	0.9741	0.9662	20	
PILOT-2012007524__G__gpt4o-mini__rep0.json	PILOT-2012007524	G	0	None				0	no_gen
PILOT-2012007524__G__gpt4o-mini__rep1.json	PILOT-2012007524	G	1	None				0	no_gen
PILOT-2012007524__G__gpt4o-mini__rep2.json	PILOT-2012007524	G	2	None				0	no_gen
PILOT-2012007524__G__gpt5.4__rep0.json	PILOT-2012007524	G	0	0.9354	0.9631	0.9708	0.9632	20	
PILOT-2012007524__G__gpt5.4__rep1.json	PILOT-2012007524	G	1	0.8517	0.9732	0.8715	0.9156	8	
PILOT-2012007524__G__gpt5.4__rep2.json	PILOT-2012007524	G	2	0.8932	0.9631	0.9259	0.9393	20	
PILOT-2012007524__G__haiku4.5__rep0.json	PILOT-2012007524	G	0	0.675	0.9546	0.6994	0.8037	7	
PILOT-2012007524__G__haiku4.5__rep1.json	PILOT-2012007524	G	1	0.8564	0.9631	0.8832	0.9132	20	
PILOT-2012007524__G__haiku4.5__rep2.json	PILOT-2012007524	G	2	0.7346	0.9828	0.7462	0.8444	6	
PILOT-2012007524__G__sonnet4__rep0.json	PILOT-2012007524	G	0	0.919	0.9631	0.9545	0.9544	20	
PILOT-2012007524__G__sonnet4__rep1.json	PILOT-2012007524	G	1	0.9137	0.9631	0.9493	0.9507	20	
PILOT-2012007524__G__sonnet4__rep2.json	PILOT-2012007524	G	2	0.9215	0.9631	0.9571	0.9561	20	
PILOT-2012008496__F__gpt4o-mini__rep0.json	PILOT-2012008496	F	0	0.7973	0.9671	0.8173	0.8694	35	
PILOT-2012008496__F__gpt4o-mini__rep1.json	PILOT-2012008496	F	1	0.8495	0.9037	0.9261	0.9138	3	
PILOT-2012008496__F__gpt4o-mini__rep2.json	PILOT-2012008496	F	2	0.6102	0.8483	0.684	0.7473	13	
PILOT-2012008496__F__gpt5.4__rep0.json	PILOT-2012008496	F	0	0.9489	0.9671	0.9818	0.9714	35	
PILOT-2012008496__F__gpt5.4__rep1.json	PILOT-2012008496	F	1	0.9439	0.9651	0.9787	0.9687	33	
PILOT-2012008496__F__gpt5.4__rep2.json	PILOT-2012008496	F	2	0.9444	0.9635	0.979	0.9686	35	
PILOT-2012008496__F__haiku4.5__rep0.json	PILOT-2012008496	F	0	0.5615	0.9699	0.5694	0.7019	30	
PILOT-2012008496__F__haiku4.5__rep1.json	PILOT-2012008496	F	1	0.7577	0.964	0.7783	0.8444	32	
PILOT-2012008496__F__haiku4.5__rep2.json	PILOT-2012008496	F	2	0.675	0.9758	0.6881	0.7992	14	
PILOT-2012008496__F__sonnet4__rep0.json	PILOT-2012008496	F	0	0.8369	0.9671	0.861	0.9023	35	
PILOT-2012008496__F__sonnet4__rep1.json	PILOT-2012008496	F	1	0.8444	0.964	0.8757	0.9074	32	
PILOT-2012008496__F__sonnet4__rep2.json	PILOT-2012008496	F	2	0.8464	0.964	0.8779	0.9095	32	
PILOT-2012008496__G__gpt4o-mini__rep0.json	PILOT-2012008496	G	0	0.7366	0.9603	0.7552	0.8325	7	
PILOT-2012008496__G__gpt4o-mini__rep1.json	PILOT-2012008496	G	1	0.789	0.8852	0.88	0.8669	9	
PILOT-2012008496__G__gpt4o-mini__rep2.json	PILOT-2012008496	G	2	0.7116	0.9216	0.7549	0.8178	12	
PILOT-2012008496__G__gpt5.4__rep0.json	PILOT-2012008496	G	0	0.9533	0.9671	0.9862	0.9741	35	
PILOT-2012008496__G__gpt5.4__rep1.json	PILOT-2012008496	G	1	0.9491	0.9671	0.9818	0.9717	35	
PILOT-2012008496__G__gpt5.4__rep2.json	PILOT-2012008496	G	2	0.9426	0.9635	0.9771	0.9676	35	
PILOT-2012008496__G__haiku4.5__rep0.json	PILOT-2012008496	G	0	0.6957	0.9644	0.7196	0.7968	17	
PILOT-2012008496__G__haiku4.5__rep1.json	PILOT-2012008496	G	1	0.6598	0.9517	0.6837	0.7851	21	
PILOT-2012008496__G__haiku4.5__rep2.json	PILOT-2012008496	G	2	0.6304	0.9699	0.6461	0.7637	30	
PILOT-2012008496__G__sonnet4__rep0.json	PILOT-2012008496	G	0	0.8666	0.9671	0.8954	0.9222	35	
PILOT-2012008496__G__sonnet4__rep1.json	PILOT-2012008496	G	1	0.8491	0.9671	0.8773	0.9115	35	
PILOT-2012008496__G__sonnet4__rep2.json	PILOT-2012008496	G	2	0.8537	0.9671	0.8825	0.9131	35	
PILOT-2012010015__F__gpt4o-mini__rep0.json	PILOT-2012010015	F	0	0.9292	0.9696	0.9565	0.9624	4	
PILOT-2012010015__F__gpt4o-mini__rep1.json	PILOT-2012010015	F	1	0.8796	0.9808	0.8974	0.9353	2	
PILOT-2012010015__F__gpt4o-mini__rep2.json	PILOT-2012010015	F	2	0.9237	0.9792	0.9388	0.9581	4	
PILOT-2012010015__F__gpt5.4__rep0.json	PILOT-2012010015	F	0	0.9487	0.9824	0.9613	0.9708	15	
PILOT-2012010015__F__gpt5.4__rep1.json	PILOT-2012010015	F	1	0.9709	0.9919	0.978	0.9841	15	
PILOT-2012010015__F__gpt5.4__rep2.json	PILOT-2012010015	F	2	0.9746	0.9949	0.9787	0.986	15	
PILOT-2012010015__F__haiku4.5__rep0.json	PILOT-2012010015	F	0	0.947	0.9858	0.9579	0.9696	16	
PILOT-2012010015__F__haiku4.5__rep1.json	PILOT-2012010015	F	1	0.9665	0.9849	0.9786	0.9814	15	
PILOT-2012010015__F__haiku4.5__rep2.json	PILOT-2012010015	F	2	0.8965	0.9858	0.9063	0.934	16	
PILOT-2012010015__F__sonnet4__rep0.json	PILOT-2012010015	F	0	0.9611	0.9882	0.9714	0.9785	16	
PILOT-2012010015__F__sonnet4__rep1.json	PILOT-2012010015	F	1	0.9016	0.9858	0.9121	0.9399	16	
PILOT-2012010015__F__sonnet4__rep2.json	PILOT-2012010015	F	2	0.961	0.9858	0.9722	0.9786	16	
PILOT-2012010015__G__gpt4o-mini__rep0.json	PILOT-2012010015	G	0	0.9207	0.9696	0.9479	0.9576	4	
PILOT-2012010015__G__gpt4o-mini__rep1.json	PILOT-2012010015	G	1	0.8908	0.9904	0.8997	0.9387	4	
PILOT-2012010015__G__gpt4o-mini__rep2.json	PILOT-2012010015	G	2	0.943	0.9696	0.9696	0.9696	4	
PILOT-2012010015__G__gpt5.4__rep0.json	PILOT-2012010015	G	0	0.9751	0.9948	0.9795	0.9863	16	
PILOT-2012010015__G__gpt5.4__rep1.json	PILOT-2012010015	G	1	0.9918	1.0	0.9918	0.9955	30	
PILOT-2012010015__G__gpt5.4__rep2.json	PILOT-2012010015	G	2	0.9734	0.9944	0.9781	0.9854	15	
PILOT-2012010015__G__haiku4.5__rep0.json	PILOT-2012010015	G	0	0.5974	1.0	0.5974	0.7339	4	
PILOT-2012010015__G__haiku4.5__rep1.json	PILOT-2012010015	G	1	0.6969	1.0	0.6969	0.7913	3	
PILOT-2012010015__G__haiku4.5__rep2.json	PILOT-2012010015	G	2	0.7705	1.0	0.7705	0.867	4	
PILOT-2012010015__G__sonnet4__rep0.json	PILOT-2012010015	G	0	0.9626	0.9858	0.9751	0.9797	16	
PILOT-2012010015__G__sonnet4__rep1.json	PILOT-2012010015	G	1	0.9649	0.9882	0.9752	0.9809	16	
PILOT-2012010015__G__sonnet4__rep2.json	PILOT-2012010015	G	2	0.9626	0.9874	0.9735	0.9797	15	
PILOT-2013000789__F__gpt4o-mini__rep0.json	PILOT-2013000789	F	0	0.8386	0.8993	0.923	0.8967	8	
PILOT-2013000789__F__gpt4o-mini__rep1.json	PILOT-2013000789	F	1	0.9026	0.9833	0.9167	0.9433	5	
PILOT-2013000789__F__gpt4o-mini__rep2.json	PILOT-2013000789	F	2	0.8446	0.8935	0.9343	0.8997	6	
PILOT-2013000789__F__gpt5.4__rep0.json	PILOT-2013000789	F	0	0.861	0.9463	0.9083	0.9126	18	
PILOT-2013000789__F__gpt5.4__rep1.json	PILOT-2013000789	F	1	0.7869	0.9374	0.84	0.8559	27	
PILOT-2013000789__F__gpt5.4__rep2.json	PILOT-2013000789	F	2	0.889	0.9382	0.9418	0.9267	18	
PILOT-2013000789__F__haiku4.5__rep0.json	PILOT-2013000789	F	0	0.8644	0.9262	0.9257	0.9165	26	
PILOT-2013000789__F__haiku4.5__rep1.json	PILOT-2013000789	F	1	0.8478	0.911	0.9176	0.9041	26	
PILOT-2013000789__F__haiku4.5__rep2.json	PILOT-2013000789	F	2	0.8631	0.9295	0.9206	0.9164	18	
PILOT-2013000789__F__sonnet4__rep0.json	PILOT-2013000789	F	0	0.8908	0.9345	0.9442	0.9324	32	
PILOT-2013000789__F__sonnet4__rep1.json	PILOT-2013000789	F	1	0.8566	0.9297	0.9149	0.9107	27	
PILOT-2013000789__F__sonnet4__rep2.json	PILOT-2013000789	F	2	0.8868	0.9347	0.9411	0.9295	32	
PILOT-2013000789__G__gpt4o-mini__rep0.json	PILOT-2013000789	G	0	None				0	no_gen
PILOT-2013000789__G__gpt4o-mini__rep1.json	PILOT-2013000789	G	1	0.6826	0.8555	0.794	0.7971	5	
PILOT-2013000789__G__gpt4o-mini__rep2.json	PILOT-2013000789	G	2	0.8226	0.8796	0.9204	0.8858	6	
PILOT-2013000789__G__gpt5.4__rep0.json	PILOT-2013000789	G	0	0.903	0.9433	0.9536	0.9375	27	
PILOT-2013000789__G__gpt5.4__rep1.json	PILOT-2013000789	G	1	0.9035	0.935	0.9634	0.938	27	
PILOT-2013000789__G__gpt5.4__rep2.json	PILOT-2013000789	G	2	0.8956	0.9508	0.9345	0.9336	25	
PILOT-2013000789__G__haiku4.5__rep0.json	PILOT-2013000789	G	0	0.8607	0.9297	0.9184	0.9133	27	
PILOT-2013000789__G__haiku4.5__rep1.json	PILOT-2013000789	G	1	0.809	0.8793	0.9013	0.8738	17	
PILOT-2013000789__G__haiku4.5__rep2.json	PILOT-2013000789	G	2	0.8505	0.9022	0.9355	0.9059	24	
PILOT-2013000789__G__sonnet4__rep0.json	PILOT-2013000789	G	0	0.8018	0.8933	0.9007	0.8717	27	
PILOT-2013000789__G__sonnet4__rep1.json	PILOT-2013000789	G	1	0.8187	0.9112	0.8956	0.8861	27	
PILOT-2013000789__G__sonnet4__rep2.json	PILOT-2013000789	G	2	0.8794	0.9433	0.9226	0.9248	32	
PILOT-2013001277__F__gpt4o-mini__rep0.json	PILOT-2013001277	F	0	0.7891	1.0	0.7891	0.8749	4	
PILOT-2013001277__F__gpt4o-mini__rep1.json	PILOT-2013001277	F	1	0.9802	0.9955	0.9837	0.9893	14	
PILOT-2013001277__F__gpt4o-mini__rep2.json	PILOT-2013001277	F	2	0.9134	0.9955	0.9163	0.9481	14	
PILOT-2013001277__F__gpt5.4__rep0.json	PILOT-2013001277	F	0	0.8928	1.0	0.8928	0.9368	18	
PILOT-2013001277__F__gpt5.4__rep1.json	PILOT-2013001277	F	1	0.8525	0.937	0.9154	0.9059	14	
PILOT-2013001277__F__gpt5.4__rep2.json	PILOT-2013001277	F	2	0.9039	0.978	0.9259	0.9441	13	
PILOT-2013001277__F__haiku4.5__rep0.json	PILOT-2013001277	F	0	0.8244	0.9826	0.8294	0.8865	18	
PILOT-2013001277__F__haiku4.5__rep1.json	PILOT-2013001277	F	1	0.6156	0.8546	0.761	0.7354	17	
PILOT-2013001277__F__haiku4.5__rep2.json	PILOT-2013001277	F	2	0.7776	0.9891	0.7849	0.8506	18	
PILOT-2013001277__F__sonnet4__rep0.json	PILOT-2013001277	F	0	0.8165	0.9955	0.8186	0.8814	14	
PILOT-2013001277__F__sonnet4__rep1.json	PILOT-2013001277	F	1	0.7641	0.9955	0.766	0.8514	14	
PILOT-2013001277__F__sonnet4__rep2.json	PILOT-2013001277	F	2	0.5971	0.9955	0.5999	0.7315	14	
PILOT-2013001277__G__gpt4o-mini__rep0.json	PILOT-2013001277	G	0	0.9494	0.9955	0.9513	0.9692	14	
PILOT-2013001277__G__gpt4o-mini__rep1.json	PILOT-2013001277	G	1	0.6731	0.9965	0.6753	0.7979	18	
PILOT-2013001277__G__gpt4o-mini__rep2.json	PILOT-2013001277	G	2	0.9393	0.9965	0.9406	0.9628	18	
PILOT-2013001277__G__gpt5.4__rep0.json	PILOT-2013001277	G	0	0.9845	1.0	0.9845	0.9917	14	
PILOT-2013001277__G__gpt5.4__rep1.json	PILOT-2013001277	G	1	0.9021	0.9898	0.9123	0.9427	14	
PILOT-2013001277__G__gpt5.4__rep2.json	PILOT-2013001277	G	2	0.8821	0.959	0.9231	0.9208	13	
PILOT-2013001277__G__haiku4.5__rep0.json	PILOT-2013001277	G	0	0.8534	0.9965	0.8552	0.909	18	
PILOT-2013001277__G__haiku4.5__rep1.json	PILOT-2013001277	G	1	0.801	1.0	0.801	0.8706	18	
PILOT-2013001277__G__haiku4.5__rep2.json	PILOT-2013001277	G	2	0.7925	1.0	0.7925	0.8654	18	
PILOT-2013001277__G__sonnet4__rep0.json	PILOT-2013001277	G	0	0.9113	0.9955	0.9133	0.9433	14	
PILOT-2013001277__G__sonnet4__rep1.json	PILOT-2013001277	G	1	0.9606	0.9965	0.9622	0.9761	18	
PILOT-2013001277__G__sonnet4__rep2.json	PILOT-2013001277	G	2	0.9078	0.9955	0.9096	0.9445	14	
PILOT-2013007708__F__gpt4o-mini__rep0.json	PILOT-2013007708	F	0	0.8588	0.9844	0.871	0.9236	8	
PILOT-2013007708__F__gpt4o-mini__rep1.json	PILOT-2013007708	F	1	None				0	no_gen
PILOT-2013007708__F__gpt4o-mini__rep2.json	PILOT-2013007708	F	2	0.6587	0.9358	0.7011	0.7796	7	
PILOT-2013007708__F__gpt5.4__rep0.json	PILOT-2013007708	F	0	0.9727	0.9777	0.995	0.9847	28	
PILOT-2013007708__F__gpt5.4__rep1.json	PILOT-2013007708	F	1	0.9665	0.9777	0.9888	0.9811	28	
PILOT-2013007708__F__gpt5.4__rep2.json	PILOT-2013007708	F	2	0.9665	0.9777	0.9888	0.9811	28	
PILOT-2013007708__F__haiku4.5__rep0.json	PILOT-2013007708	F	0	0.6022	0.9777	0.6185	0.7246	28	
PILOT-2013007708__F__haiku4.5__rep1.json	PILOT-2013007708	F	1	0.6294	0.9777	0.6461	0.738	28	
PILOT-2013007708__F__haiku4.5__rep2.json	PILOT-2013007708	F	2	0.6079	0.9777	0.6173	0.7293	28	
PILOT-2013007708__F__sonnet4__rep0.json	PILOT-2013007708	F	0	0.9163	0.9688	0.9423	0.951	28	
PILOT-2013007708__F__sonnet4__rep1.json	PILOT-2013007708	F	1	0.9331	0.9688	0.9591	0.9608	28	
PILOT-2013007708__F__sonnet4__rep2.json	PILOT-2013007708	F	2	0.9331	0.9688	0.9591	0.9608	28	
PILOT-2013007708__G__gpt4o-mini__rep0.json	PILOT-2013007708	G	0	0.6019	0.7679	0.6229	0.686	7	
PILOT-2013007708__G__gpt4o-mini__rep1.json	PILOT-2013007708	G	1	0.9015	1.0	0.9015	0.9474	5	
PILOT-2013007708__G__gpt4o-mini__rep2.json	PILOT-2013007708	G	2	0.8362	0.9792	0.8524	0.9094	6	
PILOT-2013007708__G__gpt5.4__rep0.json	PILOT-2013007708	G	0	0.9727	0.9777	0.995	0.9847	28	
PILOT-2013007708__G__gpt5.4__rep1.json	PILOT-2013007708	G	1	0.9665	0.9777	0.9888	0.9811	28	
PILOT-2013007708__G__gpt5.4__rep2.json	PILOT-2013007708	G	2	0.9751	0.9777	0.9974	0.9859	28	
PILOT-2013007708__G__haiku4.5__rep0.json	PILOT-2013007708	G	0	0.5649	0.9437	0.5781	0.7085	16	
PILOT-2013007708__G__haiku4.5__rep1.json	PILOT-2013007708	G	1	0.4865	0.9777	0.4921	0.6238	28	
PILOT-2013007708__G__haiku4.5__rep2.json	PILOT-2013007708	G	2	0.5454	0.875	0.5877	0.6899	16	
PILOT-2013007708__G__sonnet4__rep0.json	PILOT-2013007708	G	0	0.9269	0.9688	0.9529	0.9564	28	
PILOT-2013007708__G__sonnet4__rep1.json	PILOT-2013007708	G	1	0.9727	0.9777	0.995	0.9847	28	
PILOT-2013007708__G__sonnet4__rep2.json	PILOT-2013007708	G	2	0.9269	0.9688	0.9529	0.9564	28	
PILOT-2014002407__F__gpt4o-mini__rep0.json	PILOT-2014002407	F	0	0.9591	1.0	0.9591	0.9789	4	
PILOT-2014002407__F__gpt4o-mini__rep1.json	PILOT-2014002407	F	1	0.9471	0.973	0.9687	0.9708	8	
PILOT-2014002407__F__gpt4o-mini__rep2.json	PILOT-2014002407	F	2	0.9591	1.0	0.9591	0.9789	4	
PILOT-2014002407__F__gpt5.4__rep0.json	PILOT-2014002407	F	0	0.952	0.973	0.979	0.9747	8	
PILOT-2014002407__F__gpt5.4__rep1.json	PILOT-2014002407	F	1	0.952	0.973	0.979	0.9747	8	
PILOT-2014002407__F__gpt5.4__rep2.json	PILOT-2014002407	F	2	0.9358	0.973	0.9628	0.9664	8	
PILOT-2014002407__F__haiku4.5__rep0.json	PILOT-2014002407	F	0	0.9367	0.964	0.9727	0.9669	6	
PILOT-2014002407__F__haiku4.5__rep1.json	PILOT-2014002407	F	1	0.0	0.0	0.0	0.0	1	
PILOT-2014002407__F__haiku4.5__rep2.json	PILOT-2014002407	F	2	0.0	0.0	0.0	0.0	1	
PILOT-2014002407__F__sonnet4__rep0.json	PILOT-2014002407	F	0	0.9687	0.973	0.9957	0.9835	8	
PILOT-2014002407__F__sonnet4__rep1.json	PILOT-2014002407	F	1	0.9687	0.973	0.9957	0.9835	8	
PILOT-2014002407__F__sonnet4__rep2.json	PILOT-2014002407	F	2	0.9687	0.973	0.9957	0.9835	8	
PILOT-2014002407__G__gpt4o-mini__rep0.json	PILOT-2014002407	G	0	0.9591	1.0	0.9591	0.9789	4	
PILOT-2014002407__G__gpt4o-mini__rep1.json	PILOT-2014002407	G	1	0.9471	0.973	0.9687	0.9708	8	
PILOT-2014002407__G__gpt4o-mini__rep2.json	PILOT-2014002407	G	2	0.9228	0.946	0.9653	0.9549	8	
PILOT-2014002407__G__gpt5.4__rep0.json	PILOT-2014002407	G	0	0.96	0.973	0.987	0.979	8	
PILOT-2014002407__G__gpt5.4__rep1.json	PILOT-2014002407	G	1	0.952	0.973	0.979	0.9747	8	
PILOT-2014002407__G__gpt5.4__rep2.json	PILOT-2014002407	G	2	0.952	0.973	0.979	0.9747	8	
PILOT-2014002407__G__haiku4.5__rep0.json	PILOT-2014002407	G	0	0.9526	0.973	0.9795	0.9752	8	
PILOT-2014002407__G__haiku4.5__rep1.json	PILOT-2014002407	G	1	0.9526	0.973	0.9795	0.9752	8	
PILOT-2014002407__G__haiku4.5__rep2.json	PILOT-2014002407	G	2	0.9526	0.973	0.9795	0.9752	8	
PILOT-2014002407__G__sonnet4__rep0.json	PILOT-2014002407	G	0	0.9275	0.973	0.9545	0.9607	8	
PILOT-2014002407__G__sonnet4__rep1.json	PILOT-2014002407	G	1	0.9687	0.973	0.9957	0.9835	8	
PILOT-2014002407__G__sonnet4__rep2.json	PILOT-2014002407	G	2	0.9687	0.973	0.9957	0.9835	8	
PILOT-2014002745__F__gpt4o-mini__rep0.json	PILOT-2014002745	F	0	0.8689	0.918	0.947	0.9283	5	
PILOT-2014002745__F__gpt4o-mini__rep1.json	PILOT-2014002745	F	1	0.9521	0.9778	0.9744	0.9752	3	
PILOT-2014002745__F__gpt4o-mini__rep2.json	PILOT-2014002745	F	2	0.938	0.9556	0.9825	0.9672	3	
PILOT-2014002745__F__gpt5.4__rep0.json	PILOT-2014002745	F	0	0.846	0.8615	0.9819	0.914	19	
PILOT-2014002745__F__gpt5.4__rep1.json	PILOT-2014002745	F	1	0.834	0.8615	0.9669	0.9073	19	
PILOT-2014002745__F__gpt5.4__rep2.json	PILOT-2014002745	F	2	0.7083	0.8181	0.8232	0.8033	24	
PILOT-2014002745__F__haiku4.5__rep0.json	PILOT-2014002745	F	0	0.7534	0.8505	0.864	0.8502	24	
PILOT-2014002745__F__haiku4.5__rep1.json	PILOT-2014002745	F	1	0.765	0.8505	0.8788	0.8594	24	
PILOT-2014002745__F__haiku4.5__rep2.json	PILOT-2014002745	F	2	None				0	no_gen
PILOT-2014002745__F__sonnet4__rep0.json	PILOT-2014002745	F	0	0.8278	0.8567	0.9658	0.899	27	
PILOT-2014002745__F__sonnet4__rep1.json	PILOT-2014002745	F	1	0.7982	0.8434	0.9431	0.8811	24	
PILOT-2014002745__F__sonnet4__rep2.json	PILOT-2014002745	F	2	0.6957	0.8342	0.8144	0.8092	24	
PILOT-2014002745__G__gpt4o-mini__rep0.json	PILOT-2014002745	G	0	0.9583	0.99	0.9678	0.9776	21	
PILOT-2014002745__G__gpt4o-mini__rep1.json	PILOT-2014002745	G	1	0.8153	0.8574	0.9074	0.8796	3	
PILOT-2014002745__G__gpt4o-mini__rep2.json	PILOT-2014002745	G	2	0.7583	0.9046	0.8354	0.8595	4	
PILOT-2014002745__G__gpt5.4__rep0.json	PILOT-2014002745	G	0	0.8332	0.8615	0.966	0.9068	19	
PILOT-2014002745__G__gpt5.4__rep1.json	PILOT-2014002745	G	1	0.7645	0.8574	0.8918	0.8582	19	
PILOT-2014002745__G__gpt5.4__rep2.json	PILOT-2014002745	G	2	0.8052	0.8655	0.9307	0.8888	19	
PILOT-2014002745__G__haiku4.5__rep0.json	PILOT-2014002745	G	0	0.6865	0.8264	0.8107	0.7943	18	
PILOT-2014002745__G__haiku4.5__rep1.json	PILOT-2014002745	G	1	0.7225	0.8075	0.8529	0.8243	24	
PILOT-2014002745__G__haiku4.5__rep2.json	PILOT-2014002745	G	2	0.6884	0.84	0.7996	0.7956	18	
PILOT-2014002745__G__sonnet4__rep0.json	PILOT-2014002745	G	0	0.8131	0.869	0.9302	0.8947	24	
PILOT-2014002745__G__sonnet4__rep1.json	PILOT-2014002745	G	1	0.8315	0.869	0.9502	0.9054	24	
PILOT-2014002745__G__sonnet4__rep2.json	PILOT-2014002745	G	2	0.8239	0.869	0.9431	0.9015	24	
PILOT-2014003236__F__gpt4o-mini__rep0.json	PILOT-2014003236	F	0	0.96	1.0	0.96	0.9778	5	
PILOT-2014003236__F__gpt4o-mini__rep1.json	PILOT-2014003236	F	1	0.8733	1.0	0.8733	0.921	5	
PILOT-2014003236__F__gpt4o-mini__rep2.json	PILOT-2014003236	F	2	0.8244	0.9	0.9244	0.9024	5	
PILOT-2014003236__F__gpt5.4__rep0.json	PILOT-2014003236	F	0	0.8375	0.8375	1.0	0.9111	2	
PILOT-2014003236__F__gpt5.4__rep1.json	PILOT-2014003236	F	1	0.7312	0.7451	0.9583	0.8365	4	
PILOT-2014003236__F__gpt5.4__rep2.json	PILOT-2014003236	F	2	0.7243	0.766	0.875	0.8158	4	
PILOT-2014003236__F__haiku4.5__rep0.json	PILOT-2014003236	F	0	0.8844	1.0	0.8844	0.9373	5	
PILOT-2014003236__F__haiku4.5__rep1.json	PILOT-2014003236	F	1	0.9078	0.95	0.9578	0.9491	5	
PILOT-2014003236__F__haiku4.5__rep2.json	PILOT-2014003236	F	2	0.4444	0.6519	0.6667	0.6111	3	
PILOT-2014003236__F__sonnet4__rep0.json	PILOT-2014003236	F	0	0.6967	0.8	0.7833	0.7857	5	
PILOT-2014003236__F__sonnet4__rep1.json	PILOT-2014003236	F	1	0.7183	0.9	0.8183	0.8336	5	
PILOT-2014003236__F__sonnet4__rep2.json	PILOT-2014003236	F	2	0.4952	0.5444	0.5571	0.55	5	
PILOT-2014003236__G__gpt4o-mini__rep0.json	PILOT-2014003236	G	0	0.8533	0.91	0.91	0.91	5	
PILOT-2014003236__G__gpt4o-mini__rep1.json	PILOT-2014003236	G	1	0.84	0.87	0.95	0.9	5	
PILOT-2014003236__G__gpt4o-mini__rep2.json	PILOT-2014003236	G	2	0.8109	0.875	0.875	0.875	5	
PILOT-2014003236__G__gpt5.4__rep0.json	PILOT-2014003236	G	0	0.8375	0.8375	1.0	0.9111	2	
PILOT-2014003236__G__gpt5.4__rep1.json	PILOT-2014003236	G	1	0.8375	0.8375	1.0	0.9111	2	
PILOT-2014003236__G__gpt5.4__rep2.json	PILOT-2014003236	G	2	0.8375	0.8375	1.0	0.9111	2	
PILOT-2014003236__G__haiku4.5__rep0.json	PILOT-2014003236	G	0	0.8578	0.9	0.9578	0.9206	5	
PILOT-2014003236__G__haiku4.5__rep1.json	PILOT-2014003236	G	1	0.363	0.95	0.3658	0.5195	5	
PILOT-2014003236__G__haiku4.5__rep2.json	PILOT-2014003236	G	2	0.9078	0.95	0.9578	0.9491	5	
PILOT-2014003236__G__sonnet4__rep0.json	PILOT-2014003236	G	0	0.5905	0.6778	0.6255	0.6489	5	
PILOT-2014003236__G__sonnet4__rep1.json	PILOT-2014003236	G	1	0.575	0.5833	0.9375	0.6796	4	
PILOT-2014003236__G__sonnet4__rep2.json	PILOT-2014003236	G	2	0.9333	0.963	0.963	0.963	3	
PILOT-2014003587__F__gpt4o-mini__rep0.json	PILOT-2014003587	F	0	0.8787	0.9808	0.8952	0.9353	4	
PILOT-2014003587__F__gpt4o-mini__rep1.json	PILOT-2014003587	F	1	0.9234	0.9564	0.9606	0.958	8	
PILOT-2014003587__F__gpt4o-mini__rep2.json	PILOT-2014003587	F	2	0.7617	0.9488	0.8067	0.8576	9	
PILOT-2014003587__F__gpt5.4__rep0.json	PILOT-2014003587	F	0	0.7593	0.9923	0.7634	0.8466	10	
PILOT-2014003587__F__gpt5.4__rep1.json	PILOT-2014003587	F	1	0.8424	0.9866	0.8485	0.9057	14	
PILOT-2014003587__F__gpt5.4__rep2.json	PILOT-2014003587	F	2	0.8749	0.9416	0.9229	0.9248	17	
PILOT-2014003587__F__haiku4.5__rep0.json	PILOT-2014003587	F	0	0.8738	0.9962	0.8762	0.9239	20	
PILOT-2014003587__F__haiku4.5__rep1.json	PILOT-2014003587	F	1	0.7204	0.9962	0.7235	0.8205	20	
PILOT-2014003587__F__haiku4.5__rep2.json	PILOT-2014003587	F	2	0.895	0.996	0.8982	0.9372	19	
PILOT-2014003587__F__sonnet4__rep0.json	PILOT-2014003587	F	0	0.9709	0.9962	0.9738	0.9838	20	
PILOT-2014003587__F__sonnet4__rep1.json	PILOT-2014003587	F	1	0.9709	0.9962	0.9738	0.9838	20	
PILOT-2014003587__F__sonnet4__rep2.json	PILOT-2014003587	F	2	0.9709	0.9962	0.9738	0.9838	20	
PILOT-2014003587__G__gpt4o-mini__rep0.json	PILOT-2014003587	G	0	0.8804	0.989	0.8897	0.9314	13	
PILOT-2014003587__G__gpt4o-mini__rep1.json	PILOT-2014003587	G	1	0.7834	0.9917	0.7903	0.8625	8	
PILOT-2014003587__G__gpt4o-mini__rep2.json	PILOT-2014003587	G	2	0.9952	0.9952	1.0	0.9976	16	
PILOT-2014003587__G__gpt5.4__rep0.json	PILOT-2014003587	G	0	0.8561	0.9945	0.8599	0.9105	14	
PILOT-2014003587__G__gpt5.4__rep1.json	PILOT-2014003587	G	1	0.872	0.9416	0.92	0.9256	17	
PILOT-2014003587__G__gpt5.4__rep2.json	PILOT-2014003587	G	2	0.9237	0.9962	0.9264	0.957	20	
PILOT-2014003587__G__haiku4.5__rep0.json	PILOT-2014003587	G	0	0.9053	0.996	0.9083	0.945	19	
PILOT-2014003587__G__haiku4.5__rep1.json	PILOT-2014003587	G	1	0.8148	0.9962	0.8177	0.8885	20	
PILOT-2014003587__G__haiku4.5__rep2.json	PILOT-2014003587	G	2	0.8873	0.9962	0.8899	0.9354	20	
PILOT-2014003587__G__sonnet4__rep0.json	PILOT-2014003587	G	0	0.9344	0.9962	0.9374	0.9628	20	
PILOT-2014003587__G__sonnet4__rep1.json	PILOT-2014003587	G	1	0.9266	0.9962	0.9295	0.9579	20	
PILOT-2014003587__G__sonnet4__rep2.json	PILOT-2014003587	G	2	0.9709	0.9962	0.9738	0.9838	20	
PILOT-2014006550__F__gpt4o-mini__rep0.json	PILOT-2014006550	F	0	None				0	no_gen
PILOT-2014006550__F__gpt4o-mini__rep1.json	PILOT-2014006550	F	1	0.7958	0.9456	0.8322	0.8817	8	
PILOT-2014006550__F__gpt4o-mini__rep2.json	PILOT-2014006550	F	2	0.9221	0.9401	0.977	0.9575	13	
PILOT-2014006550__F__gpt5.4__rep0.json	PILOT-2014006550	F	0	0.9714	0.9859	0.9851	0.9849	20	
PILOT-2014006550__F__gpt5.4__rep1.json	PILOT-2014006550	F	1	0.9798	0.9859	0.9938	0.9895	20	
PILOT-2014006550__F__gpt5.4__rep2.json	PILOT-2014006550	F	2	0.9448	0.9797	0.963	0.9703	20	
PILOT-2014006550__F__haiku4.5__rep0.json	PILOT-2014006550	F	0	0.7989	0.9149	0.8524	0.88	20	
PILOT-2014006550__F__haiku4.5__rep1.json	PILOT-2014006550	F	1	0.7069	0.9224	0.7484	0.8221	20	
PILOT-2014006550__F__haiku4.5__rep2.json	PILOT-2014006550	F	2	0.7469	0.8962	0.8058	0.8426	20	
PILOT-2014006550__F__sonnet4__rep0.json	PILOT-2014006550	F	0	0.9859	0.9859	1.0	0.9927	20	
PILOT-2014006550__F__sonnet4__rep1.json	PILOT-2014006550	F	1	0.9859	0.9859	1.0	0.9927	20	
PILOT-2014006550__F__sonnet4__rep2.json	PILOT-2014006550	F	2	0.954	0.9781	0.9746	0.9751	20	
PILOT-2014006550__G__gpt4o-mini__rep0.json	PILOT-2014006550	G	0	0.7525	0.862	0.8532	0.8555	3	
PILOT-2014006550__G__gpt4o-mini__rep1.json	PILOT-2014006550	G	1	0.7674	0.9781	0.7814	0.867	20	
PILOT-2014006550__G__gpt4o-mini__rep2.json	PILOT-2014006550	G	2	0.4883	0.6146	0.552	0.5762	8	
PILOT-2014006550__G__gpt5.4__rep0.json	PILOT-2014006550	G	0	0.974	0.9859	0.9879	0.9864	20	
PILOT-2014006550__G__gpt5.4__rep1.json	PILOT-2014006550	G	1	0.9768	0.9859	0.9907	0.9879	20	
PILOT-2014006550__G__gpt5.4__rep2.json	PILOT-2014006550	G	2	0.9539	0.9788	0.9746	0.9751	20	
PILOT-2014006550__G__haiku4.5__rep0.json	PILOT-2014006550	G	0	0.8554	0.9592	0.8859	0.9187	20	
PILOT-2014006550__G__haiku4.5__rep1.json	PILOT-2014006550	G	1	0.8605	0.952	0.8973	0.921	20	
PILOT-2014006550__G__haiku4.5__rep2.json	PILOT-2014006550	G	2	0.8481	0.9411	0.8919	0.9105	20	
PILOT-2014006550__G__sonnet4__rep0.json	PILOT-2014006550	G	0	0.9275	0.9781	0.9471	0.9585	20	
PILOT-2014006550__G__sonnet4__rep1.json	PILOT-2014006550	G	1	0.9859	0.9859	1.0	0.9927	20	
PILOT-2014006550__G__sonnet4__rep2.json	PILOT-2014006550	G	2	0.9275	0.9781	0.9471	0.9585	20	
PILOT-2014007043__F__gpt4o-mini__rep0.json	PILOT-2014007043	F	0	0.7653	0.9005	0.8353	0.8645	3	
PILOT-2014007043__F__gpt4o-mini__rep1.json	PILOT-2014007043	F	1	0.8532	1.0	0.8532	0.9199	4	
PILOT-2014007043__F__gpt4o-mini__rep2.json	PILOT-2014007043	F	2	0.883	0.9861	0.8969	0.937	4	
PILOT-2014007043__F__gpt5.4__rep0.json	PILOT-2014007043	F	0	0.9944	1.0	0.9944	0.9971	20	
PILOT-2014007043__F__gpt5.4__rep1.json	PILOT-2014007043	F	1	0.9621	0.9677	0.9944	0.9747	20	
PILOT-2014007043__F__gpt5.4__rep2.json	PILOT-2014007043	F	2	0.9924	0.9954	0.9971	0.9961	20	
PILOT-2014007043__F__haiku4.5__rep0.json	PILOT-2014007043	F	0	0.9482	0.9622	0.9743	0.9669	20	
PILOT-2014007043__F__haiku4.5__rep1.json	PILOT-2014007043	F	1	0.9482	0.9622	0.9743	0.9669	20	
PILOT-2014007043__F__haiku4.5__rep2.json	PILOT-2014007043	F	2	0.9482	0.9622	0.9743	0.9669	20	
PILOT-2014007043__F__sonnet4__rep0.json	PILOT-2014007043	F	0	0.9407	0.965	0.964	0.9627	20	
PILOT-2014007043__F__sonnet4__rep1.json	PILOT-2014007043	F	1	0.9098	0.9195	0.9786	0.9289	20	
PILOT-2014007043__F__sonnet4__rep2.json	PILOT-2014007043	F	2	0.8188	0.8751	0.8994	0.8579	20	
PILOT-2014007043__G__gpt4o-mini__rep0.json	PILOT-2014007043	G	0	0.9133	1.0	0.9133	0.9537	4	
PILOT-2014007043__G__gpt4o-mini__rep1.json	PILOT-2014007043	G	1	0.8571	1.0	0.8571	0.9196	4	
PILOT-2014007043__G__gpt4o-mini__rep2.json	PILOT-2014007043	G	2	0.3339	0.5897	0.6081	0.4699	4	
PILOT-2014007043__G__gpt5.4__rep0.json	PILOT-2014007043	G	0	0.973	0.9972	0.9758	0.9826	20	
PILOT-2014007043__G__gpt5.4__rep1.json	PILOT-2014007043	G	1	0.9475	0.9604	0.9754	0.9664	20	
PILOT-2014007043__G__gpt5.4__rep2.json	PILOT-2014007043	G	2	0.6974	0.7354	0.7782	0.7487	6	
PILOT-2014007043__G__haiku4.5__rep0.json	PILOT-2014007043	G	0	0.5457	0.601	0.8012	0.6252	4	
PILOT-2014007043__G__haiku4.5__rep1.json	PILOT-2014007043	G	1	0.9271	0.9556	0.9564	0.9537	17	
PILOT-2014007043__G__haiku4.5__rep2.json	PILOT-2014007043	G	2	0.7035	0.8472	0.7652	0.7966	4	
PILOT-2014007043__G__sonnet4__rep0.json	PILOT-2014007043	G	0	0.9054	0.9101	0.9953	0.9159	20	
PILOT-2014007043__G__sonnet4__rep1.json	PILOT-2014007043	G	1	0.8508	0.8751	0.964	0.881	20	
PILOT-2014007043__G__sonnet4__rep2.json	PILOT-2014007043	G	2	0.8508	0.8751	0.964	0.881	20	
PILOT-2014008375__F__gpt4o-mini__rep0.json	PILOT-2014008375	F	0	0.8443	0.9583	0.8741	0.9112	4	
PILOT-2014008375__F__gpt4o-mini__rep1.json	PILOT-2014008375	F	1	0.7292	1.0	0.7292	0.8302	2	
PILOT-2014008375__F__gpt4o-mini__rep2.json	PILOT-2014008375	F	2	0.8172	0.9583	0.8469	0.89	4	
PILOT-2014008375__F__gpt5.4__rep0.json	PILOT-2014008375	F	0	0.9954	1.0	0.9954	0.9977	10	
PILOT-2014008375__F__gpt5.4__rep1.json	PILOT-2014008375	F	1	0.9954	1.0	0.9954	0.9977	10	
PILOT-2014008375__F__gpt5.4__rep2.json	PILOT-2014008375	F	2	0.9677	1.0	0.9677	0.983	10	
PILOT-2014008375__F__haiku4.5__rep0.json	PILOT-2014008375	F	0	0.9221	0.9548	0.9599	0.9571	8	
PILOT-2014008375__F__haiku4.5__rep1.json	PILOT-2014008375	F	1	0.9315	0.9848	0.9432	0.9632	3	
PILOT-2014008375__F__haiku4.5__rep2.json	PILOT-2014008375	F	2	0.9558	0.9848	0.9697	0.9771	3	
PILOT-2014008375__F__sonnet4__rep0.json	PILOT-2014008375	F	0	0.9562	1.0	0.9562	0.9757	10	
PILOT-2014008375__F__sonnet4__rep1.json	PILOT-2014008375	F	1	0.9562	1.0	0.9562	0.9757	10	
PILOT-2014008375__F__sonnet4__rep2.json	PILOT-2014008375	F	2	0.9312	1.0	0.9312	0.9567	10	
PILOT-2014008375__G__gpt4o-mini__rep0.json	PILOT-2014008375	G	0	0.8896	0.9444	0.9293	0.9367	3	
PILOT-2014008375__G__gpt4o-mini__rep1.json	PILOT-2014008375	G	1	0.8106	1.0	0.8106	0.8883	2	
PILOT-2014008375__G__gpt4o-mini__rep2.json	PILOT-2014008375	G	2	0.8701	0.9469	0.9112	0.9274	4	
PILOT-2014008375__G__gpt5.4__rep0.json	PILOT-2014008375	G	0	0.9909	1.0	0.9909	0.9953	5	
PILOT-2014008375__G__gpt5.4__rep1.json	PILOT-2014008375	G	1	0.9909	1.0	0.9909	0.9953	5	
PILOT-2014008375__G__gpt5.4__rep2.json	PILOT-2014008375	G	2	0.9911	1.0	0.9911	0.9954	10	
PILOT-2014008375__G__haiku4.5__rep0.json	PILOT-2014008375	G	0	0.8738	0.9848	0.8864	0.9323	3	
PILOT-2014008375__G__haiku4.5__rep1.json	PILOT-2014008375	G	1	0.9935	1.0	0.9935	0.9967	7	
PILOT-2014008375__G__haiku4.5__rep2.json	PILOT-2014008375	G	2	0.9935	1.0	0.9935	0.9967	7	
PILOT-2014008375__G__sonnet4__rep0.json	PILOT-2014008375	G	0	0.9312	1.0	0.9312	0.9567	10	
PILOT-2014008375__G__sonnet4__rep1.json	PILOT-2014008375	G	1	0.9312	1.0	0.9312	0.9567	10	
PILOT-2014008375__G__sonnet4__rep2.json	PILOT-2014008375	G	2	0.9954	1.0	0.9954	0.9977	10	
PILOT-2014009096__F__gpt4o-mini__rep0.json	PILOT-2014009096	F	0	0.6145	0.7281	0.7891	0.7545	4	
PILOT-2014009096__F__gpt4o-mini__rep1.json	PILOT-2014009096	F	1	0.6383	0.746	0.8076	0.7727	4	
PILOT-2014009096__F__gpt4o-mini__rep2.json	PILOT-2014009096	F	2	0.626	0.737	0.7984	0.7636	4	
PILOT-2014009096__F__gpt5.4__rep0.json	PILOT-2014009096	F	0	0.6331	0.7543	0.7945	0.7729	4	
PILOT-2014009096__F__gpt5.4__rep1.json	PILOT-2014009096	F	1	0.7749	0.8419	0.8917	0.8654	9	
PILOT-2014009096__F__gpt5.4__rep2.json	PILOT-2014009096	F	2	0.7749	0.8419	0.8917	0.8654	9	
PILOT-2014009096__F__haiku4.5__rep0.json	PILOT-2014009096	F	0	0.6262	0.7134	0.835	0.7675	4	
PILOT-2014009096__F__haiku4.5__rep1.json	PILOT-2014009096	F	1	0.6544	0.7543	0.8248	0.7864	4	
PILOT-2014009096__F__haiku4.5__rep2.json	PILOT-2014009096	F	2	0.6614	0.7632	0.8255	0.792	4	
PILOT-2014009096__F__sonnet4__rep0.json	PILOT-2014009096	F	0	0.6466	0.7543	0.8118	0.7793	4	
PILOT-2014009096__F__sonnet4__rep1.json	PILOT-2014009096	F	1	0.6723	0.7543	0.8551	0.8008	4	
PILOT-2014009096__F__sonnet4__rep2.json	PILOT-2014009096	F	2	0.6723	0.7543	0.8551	0.8008	4	
PILOT-2014009096__G__gpt4o-mini__rep0.json	PILOT-2014009096	G	0	0.626	0.737	0.7984	0.7636	4	
PILOT-2014009096__G__gpt4o-mini__rep1.json	PILOT-2014009096	G	1	0.6143	0.7364	0.7782	0.7535	4	
PILOT-2014009096__G__gpt4o-mini__rep2.json	PILOT-2014009096	G	2	0.626	0.737	0.7984	0.7636	4	
PILOT-2014009096__G__gpt5.4__rep0.json	PILOT-2014009096	G	0	0.7653	0.8419	0.875	0.857	9	
PILOT-2014009096__G__gpt5.4__rep1.json	PILOT-2014009096	G	1	0.7769	0.8419	0.8945	0.8669	9	
PILOT-2014009096__G__gpt5.4__rep2.json	PILOT-2014009096	G	2	0.7688	0.8419	0.8808	0.8601	9	
PILOT-2014009096__G__haiku4.5__rep0.json	PILOT-2014009096	G	0	0.4901	0.7233	0.6129	0.6573	3	
PILOT-2014009096__G__haiku4.5__rep1.json	PILOT-2014009096	G	1	0.6354	0.7543	0.7945	0.7724	4	
PILOT-2014009096__G__haiku4.5__rep2.json	PILOT-2014009096	G	2	0.5356	0.6905	0.703	0.695	4	
PILOT-2014009096__G__sonnet4__rep0.json	PILOT-2014009096	G	0	0.6723	0.7543	0.8551	0.8008	4	
PILOT-2014009096__G__sonnet4__rep1.json	PILOT-2014009096	G	1	0.6683	0.7543	0.8493	0.7984	4	
PILOT-2014009096__G__sonnet4__rep2.json	PILOT-2014009096	G	2	0.6683	0.7543	0.8493	0.7984	4	
PILOT-2014009182__F__gpt4o-mini__rep0.json	PILOT-2014009182	F	0	0.8898	0.9487	0.9359	0.9413	2	
PILOT-2014009182__F__gpt4o-mini__rep1.json	PILOT-2014009182	F	1	0.801	0.9487	0.8407	0.8895	2	
PILOT-2014009182__F__gpt4o-mini__rep2.json	PILOT-2014009182	F	2	0.9487	0.9487	1.0	0.9729	2	
PILOT-2014009182__F__gpt5.4__rep0.json	PILOT-2014009182	F	0	0.9031	0.9711	0.9315	0.9415	20	
PILOT-2014009182__F__gpt5.4__rep1.json	PILOT-2014009182	F	1	0.8663	0.9093	0.9259	0.9136	16	
PILOT-2014009182__F__gpt5.4__rep2.json	PILOT-2014009182	F	2	0.8178	0.9711	0.8462	0.8827	20	
PILOT-2014009182__F__haiku4.5__rep0.json	PILOT-2014009182	F	0	0.7952	0.8842	0.8474	0.8583	12	
PILOT-2014009182__F__haiku4.5__rep1.json	PILOT-2014009182	F	1	0.7306	0.951	0.7567	0.827	12	
PILOT-2014009182__F__haiku4.5__rep2.json	PILOT-2014009182	F	2	0.7313	0.9914	0.7394	0.8365	12	
PILOT-2014009182__F__sonnet4__rep0.json	PILOT-2014009182	F	0	0.9572	0.9711	0.9852	0.9757	20	
PILOT-2014009182__F__sonnet4__rep1.json	PILOT-2014009182	F	1	0.9137	0.9711	0.9413	0.9482	20	
PILOT-2014009182__F__sonnet4__rep2.json	PILOT-2014009182	F	2	0.9137	0.9711	0.9413	0.9482	20	
PILOT-2014009182__G__gpt4o-mini__rep0.json	PILOT-2014009182	G	0	0.9872	0.9872	1.0	0.9932	8	
PILOT-2014009182__G__gpt4o-mini__rep1.json	PILOT-2014009182	G	1	0.9872	0.9872	1.0	0.9932	8	
PILOT-2014009182__G__gpt4o-mini__rep2.json	PILOT-2014009182	G	2	0.9886	0.9886	1.0	0.994	9	
PILOT-2014009182__G__gpt5.4__rep0.json	PILOT-2014009182	G	0	0.7883	0.9914	0.7957	0.8723	12	
PILOT-2014009182__G__gpt5.4__rep1.json	PILOT-2014009182	G	1	0.8526	0.9711	0.881	0.906	20	
PILOT-2014009182__G__gpt5.4__rep2.json	PILOT-2014009182	G	2	0.8736	0.9914	0.8813	0.9266	12	
PILOT-2014009182__G__haiku4.5__rep0.json	PILOT-2014009182	G	0	0.8068	0.9711	0.835	0.879	20	
PILOT-2014009182__G__haiku4.5__rep1.json	PILOT-2014009182	G	1	0.7157	0.9695	0.7452	0.8111	19	
PILOT-2014009182__G__haiku4.5__rep2.json	PILOT-2014009182	G	2	0.7484	0.9711	0.7756	0.832	20	
PILOT-2014009182__G__sonnet4__rep0.json	PILOT-2014009182	G	0	0.8628	0.9711	0.891	0.9156	20	
PILOT-2014009182__G__sonnet4__rep1.json	PILOT-2014009182	G	1	0.8969	0.9711	0.9256	0.9401	20	
PILOT-2014009182__G__sonnet4__rep2.json	PILOT-2014009182	G	2	0.9652	0.9711	0.9936	0.9803	20	
PILOT-2014009970__F__gpt4o-mini__rep0.json	PILOT-2014009970	F	0	0.8132	0.9788	0.8305	0.8907	5	
PILOT-2014009970__F__gpt4o-mini__rep1.json	PILOT-2014009970	F	1	0.9867	0.9952	0.9907	0.9929	9	
PILOT-2014009970__F__gpt4o-mini__rep2.json	PILOT-2014009970	F	2	0.9867	0.9952	0.9907	0.9929	9	
PILOT-2014009970__F__gpt5.4__rep0.json	PILOT-2014009970	F	0	0.9444	0.9828	0.9587	0.9666	9	
PILOT-2014009970__F__gpt5.4__rep1.json	PILOT-2014009970	F	1	0.8632	0.9946	0.8663	0.9201	8	
PILOT-2014009970__F__gpt5.4__rep2.json	PILOT-2014009970	F	2	0.7846	0.9952	0.7864	0.8474	9	
PILOT-2014009970__F__haiku4.5__rep0.json	PILOT-2014009970	F	0	0.7279	0.9952	0.7302	0.8259	9	
PILOT-2014009970__F__haiku4.5__rep1.json	PILOT-2014009970	F	1	0.6917	0.9952	0.693	0.7954	9	
PILOT-2014009970__F__haiku4.5__rep2.json	PILOT-2014009970	F	2	0.6872	0.9952	0.6895	0.8065	9	
PILOT-2014009970__F__sonnet4__rep0.json	PILOT-2014009970	F	0	0.7355	0.9928	0.7382	0.8175	6	
PILOT-2014009970__F__sonnet4__rep1.json	PILOT-2014009970	F	1	0.8086	0.9742	0.8299	0.8709	6	
PILOT-2014009970__F__sonnet4__rep2.json	PILOT-2014009970	F	2	0.7355	0.9928	0.7382	0.8175	6	
PILOT-2014009970__G__gpt4o-mini__rep0.json	PILOT-2014009970	G	0	0.9317	0.9714	0.9546	0.9626	9	
PILOT-2014009970__G__gpt4o-mini__rep1.json	PILOT-2014009970	G	1	0.8656	0.9903	0.8737	0.9041	9	
PILOT-2014009970__G__gpt4o-mini__rep2.json	PILOT-2014009970	G	2	0.9589	0.9793	0.9749	0.977	9	
PILOT-2014009970__G__gpt5.4__rep0.json	PILOT-2014009970	G	0	0.8241	0.9793	0.8423	0.8773	9	
PILOT-2014009970__G__gpt5.4__rep1.json	PILOT-2014009970	G	1	0.7967	0.9952	0.7997	0.8565	9	
PILOT-2014009970__G__gpt5.4__rep2.json	PILOT-2014009970	G	2	0.6687	0.9855	0.6771	0.7583	3	
PILOT-2014009970__G__haiku4.5__rep0.json	PILOT-2014009970	G	0	0.6201	0.9749	0.6291	0.7445	9	
PILOT-2014009970__G__haiku4.5__rep1.json	PILOT-2014009970	G	1	0.6889	0.9952	0.6909	0.809	9	
PILOT-2014009970__G__haiku4.5__rep2.json	PILOT-2014009970	G	2	0.7435	0.9952	0.7454	0.8429	9	
PILOT-2014009970__G__sonnet4__rep0.json	PILOT-2014009970	G	0	0.9491	0.9952	0.9514	0.9704	9	
PILOT-2014009970__G__sonnet4__rep1.json	PILOT-2014009970	G	1	0.9037	0.9952	0.9055	0.9384	9	
PILOT-2014009970__G__sonnet4__rep2.json	PILOT-2014009970	G	2	0.8216	0.9534	0.8518	0.8889	4	
PILOT-2015000199__F__gpt4o-mini__rep0.json	PILOT-2015000199	F	0	0.853	0.866	0.9811	0.9113	10	
PILOT-2015000199__F__gpt4o-mini__rep1.json	PILOT-2015000199	F	1	None				0	no_gen
PILOT-2015000199__F__gpt4o-mini__rep2.json	PILOT-2015000199	F	2	0.8418	0.8756	0.9456	0.9025	10	
PILOT-2015000199__F__gpt5.4__rep0.json	PILOT-2015000199	F	0	0.8251	0.866	0.9427	0.893	10	
PILOT-2015000199__F__gpt5.4__rep1.json	PILOT-2015000199	F	1	0.7931	0.8656	0.8842	0.8669	10	
PILOT-2015000199__F__gpt5.4__rep2.json	PILOT-2015000199	F	2	0.8633	0.9115	0.9433	0.9165	10	
PILOT-2015000199__F__haiku4.5__rep0.json	PILOT-2015000199	F	0	0.8699	0.9089	0.9533	0.9209	10	
PILOT-2015000199__F__haiku4.5__rep1.json	PILOT-2015000199	F	1	0.8109	0.8563	0.9257	0.8796	10	
PILOT-2015000199__F__haiku4.5__rep2.json	PILOT-2015000199	F	2	0.8471	0.9089	0.9214	0.9053	10	
PILOT-2015000199__F__sonnet4__rep0.json	PILOT-2015000199	F	0	0.8424	0.9115	0.9178	0.9032	10	
PILOT-2015000199__F__sonnet4__rep1.json	PILOT-2015000199	F	1	0.8168	0.8706	0.9409	0.8845	10	
PILOT-2015000199__F__sonnet4__rep2.json	PILOT-2015000199	F	2	0.8218	0.9161	0.8939	0.8902	10	
PILOT-2015000199__G__gpt4o-mini__rep0.json	PILOT-2015000199	G	0	0.8982	0.9161	0.9755	0.9363	10	
PILOT-2015000199__G__gpt4o-mini__rep1.json	PILOT-2015000199	G	1	0.9039	0.9039	1.0	0.9405	4	
PILOT-2015000199__G__gpt4o-mini__rep2.json	PILOT-2015000199	G	2	0.9031	0.9161	0.9752	0.9377	10	
PILOT-2015000199__G__gpt5.4__rep0.json	PILOT-2015000199	G	0	0.8454	0.8827	0.9479	0.906	10	
PILOT-2015000199__G__gpt5.4__rep1.json	PILOT-2015000199	G	1	0.8446	0.8994	0.9249	0.9036	10	
PILOT-2015000199__G__gpt5.4__rep2.json	PILOT-2015000199	G	2	0.8087	0.866	0.9094	0.88	10	
PILOT-2015000199__G__haiku4.5__rep0.json	PILOT-2015000199	G	0	0.8573	0.8908	0.9544	0.9129	10	
PILOT-2015000199__G__haiku4.5__rep1.json	PILOT-2015000199	G	1	0.8572	0.9084	0.9251	0.9076	10	
PILOT-2015000199__G__haiku4.5__rep2.json	PILOT-2015000199	G	2	0.8661	0.9044	0.9527	0.9186	10	
PILOT-2015000199__G__sonnet4__rep0.json	PILOT-2015000199	G	0	0.8633	0.9115	0.9384	0.9155	10	
PILOT-2015000199__G__sonnet4__rep1.json	PILOT-2015000199	G	1	0.8742	0.9115	0.9493	0.9218	10	
PILOT-2015000199__G__sonnet4__rep2.json	PILOT-2015000199	G	2	0.824	0.9161	0.9079	0.8931	10	
PILOT-2015004151__F__gpt4o-mini__rep0.json	PILOT-2015004151	F	0	0.4482	0.817	0.5127	0.6146	5	
PILOT-2015004151__F__gpt4o-mini__rep1.json	PILOT-2015004151	F	1	0.6293	0.8231	0.6859	0.7338	8	
PILOT-2015004151__F__gpt4o-mini__rep2.json	PILOT-2015004151	F	2	0.5689	0.8231	0.62	0.6903	8	
PILOT-2015004151__F__gpt5.4__rep0.json	PILOT-2015004151	F	0	0.6266	0.7641	0.7229	0.7367	6	
PILOT-2015004151__F__gpt5.4__rep1.json	PILOT-2015004151	F	1	0.616	0.7641	0.7083	0.7265	6	
PILOT-2015004151__F__gpt5.4__rep2.json	PILOT-2015004151	F	2	0.616	0.7641	0.7083	0.7265	6	
PILOT-2015004151__F__haiku4.5__rep0.json	PILOT-2015004151	F	0	0.5879	0.7669	0.6827	0.7033	8	
PILOT-2015004151__F__haiku4.5__rep1.json	PILOT-2015004151	F	1	0.5879	0.7669	0.6827	0.7033	8	
PILOT-2015004151__F__haiku4.5__rep2.json	PILOT-2015004151	F	2	0.581	0.8231	0.646	0.7044	8	
PILOT-2015004151__F__sonnet4__rep0.json	PILOT-2015004151	F	0	0.6108	0.8231	0.683	0.7327	8	
PILOT-2015004151__F__sonnet4__rep1.json	PILOT-2015004151	F	1	0.6663	0.8231	0.7386	0.7684	8	
PILOT-2015004151__F__sonnet4__rep2.json	PILOT-2015004151	F	2	0.6108	0.8231	0.683	0.7327	8	
PILOT-2015004151__G__gpt4o-mini__rep0.json	PILOT-2015004151	G	0	0.6614	0.8231	0.7333	0.7657	8	
PILOT-2015004151__G__gpt4o-mini__rep1.json	PILOT-2015004151	G	1	0.4637	0.7712	0.5468	0.63	4	
PILOT-2015004151__G__gpt4o-mini__rep2.json	PILOT-2015004151	G	2	0.6485	0.8231	0.7109	0.7525	8	
PILOT-2015004151__G__gpt5.4__rep0.json	PILOT-2015004151	G	0	0.616	0.7641	0.7083	0.7265	6	
PILOT-2015004151__G__gpt5.4__rep1.json	PILOT-2015004151	G	1	0.6266	0.7641	0.7229	0.7367	6	
PILOT-2015004151__G__gpt5.4__rep2.json	PILOT-2015004151	G	2	0.6266	0.7641	0.7229	0.7367	6	
PILOT-2015004151__G__haiku4.5__rep0.json	PILOT-2015004151	G	0	0.6509	0.8231	0.7224	0.756	8	
PILOT-2015004151__G__haiku4.5__rep1.json	PILOT-2015004151	G	1	0.6509	0.8231	0.7224	0.756	8	
PILOT-2015004151__G__haiku4.5__rep2.json	PILOT-2015004151	G	2	0.6509	0.8231	0.7224	0.756	8	
PILOT-2015004151__G__sonnet4__rep0.json	PILOT-2015004151	G	0	0.6663	0.8231	0.7386	0.7684	8	
PILOT-2015004151__G__sonnet4__rep1.json	PILOT-2015004151	G	1	0.6663	0.8231	0.7386	0.7684	8	
PILOT-2015004151__G__sonnet4__rep2.json	PILOT-2015004151	G	2	0.627	0.7978	0.714	0.7432	7	
PILOT-2015004158__F__gpt4o-mini__rep0.json	PILOT-2015004158	F	0	0.7416	1.0	0.7416	0.8517	2	
PILOT-2015004158__F__gpt4o-mini__rep1.json	PILOT-2015004158	F	1	0.6569	1.0	0.6569	0.7929	2	
PILOT-2015004158__F__gpt4o-mini__rep2.json	PILOT-2015004158	F	2	0.6569	1.0	0.6569	0.7929	2	
PILOT-2015004158__F__gpt5.4__rep0.json	PILOT-2015004158	F	0	0.7821	0.8082	0.8475	0.8251	8	
PILOT-2015004158__F__gpt5.4__rep1.json	PILOT-2015004158	F	1	0.7183	0.8473	0.7568	0.7891	9	
PILOT-2015004158__F__gpt5.4__rep2.json	PILOT-2015004158	F	2	0.8136	0.8295	0.8718	0.8486	9	
PILOT-2015004158__F__haiku4.5__rep0.json	PILOT-2015004158	F	0	0.3395	0.4684	0.4281	0.4456	6	
PILOT-2015004158__F__haiku4.5__rep1.json	PILOT-2015004158	F	1	0.8092	0.8388	0.8581	0.8455	9	
PILOT-2015004158__F__haiku4.5__rep2.json	PILOT-2015004158	F	2	0.3869	0.5621	0.4812	0.5159	5	
PILOT-2015004158__F__sonnet4__rep0.json	PILOT-2015004158	F	0	0.8473	0.8473	0.8889	0.8664	9	
PILOT-2015004158__F__sonnet4__rep1.json	PILOT-2015004158	F	1	0.8473	0.8473	0.8889	0.8664	9	
PILOT-2015004158__F__sonnet4__rep2.json	PILOT-2015004158	F	2	0.8473	0.8473	0.8889	0.8664	9	
PILOT-2015004158__G__gpt4o-mini__rep0.json	PILOT-2015004158	G	0	0.6053	1.0	0.6053	0.7537	2	
PILOT-2015004158__G__gpt4o-mini__rep1.json	PILOT-2015004158	G	1	0.6214	1.0	0.6214	0.7664	2	
PILOT-2015004158__G__gpt4o-mini__rep2.json	PILOT-2015004158	G	2	0.6569	1.0	0.6569	0.7929	2	
PILOT-2015004158__G__gpt5.4__rep0.json	PILOT-2015004158	G	0	0.7481	0.8178	0.7968	0.8057	8	
PILOT-2015004158__G__gpt5.4__rep1.json	PILOT-2015004158	G	1	0.7715	0.8178	0.8226	0.8181	8	
PILOT-2015004158__G__gpt5.4__rep2.json	PILOT-2015004158	G	2	0.7402	0.8178	0.7856	0.7972	8	
PILOT-2015004158__G__haiku4.5__rep0.json	PILOT-2015004158	G	0	0.6092	0.6251	0.6508	0.6357	9	
PILOT-2015004158__G__haiku4.5__rep1.json	PILOT-2015004158	G	1	0.7166	0.797	0.7759	0.7806	8	
PILOT-2015004158__G__haiku4.5__rep2.json	PILOT-2015004158	G	2	0.7277	0.7362	0.7692	0.7509	9	
PILOT-2015004158__G__sonnet4__rep0.json	PILOT-2015004158	G	0	0.8473	0.8473	0.8889	0.8664	9	
PILOT-2015004158__G__sonnet4__rep1.json	PILOT-2015004158	G	1	0.8473	0.8473	0.8889	0.8664	9	
PILOT-2015004158__G__sonnet4__rep2.json	PILOT-2015004158	G	2	0.8473	0.8473	0.8889	0.8664	9	
PILOT-2015004926__F__gpt4o-mini__rep0.json	PILOT-2015004926	F	0	0.8932	0.9557	0.9301	0.9419	6	
PILOT-2015004926__F__gpt4o-mini__rep1.json	PILOT-2015004926	F	1	0.8518	0.9574	0.8819	0.9132	9	
PILOT-2015004926__F__gpt4o-mini__rep2.json	PILOT-2015004926	F	2	0.7957	0.8906	0.894	0.8753	10	
PILOT-2015004926__F__gpt5.4__rep0.json	PILOT-2015004926	F	0	0.8169	0.9295	0.8841	0.8853	20	
PILOT-2015004926__F__gpt5.4__rep1.json	PILOT-2015004926	F	1	0.922	0.99	0.9282	0.9532	20	
PILOT-2015004926__F__gpt5.4__rep2.json	PILOT-2015004926	F	2	0.9308	0.9895	0.9374	0.9547	19	
PILOT-2015004926__F__haiku4.5__rep0.json	PILOT-2015004926	F	0	0.838	0.9667	0.8572	0.907	6	
PILOT-2015004926__F__haiku4.5__rep1.json	PILOT-2015004926	F	1	0.8198	0.96	0.843	0.8958	5	
PILOT-2015004926__F__haiku4.5__rep2.json	PILOT-2015004926	F	2	0.8033	0.96	0.8265	0.8861	5	
PILOT-2015004926__F__sonnet4__rep0.json	PILOT-2015004926	F	0	0.8514	0.9416	0.9031	0.91	20	
PILOT-2015004926__F__sonnet4__rep1.json	PILOT-2015004926	F	1	0.8415	0.9201	0.9061	0.9055	17	
PILOT-2015004926__F__sonnet4__rep2.json	PILOT-2015004926	F	2	0.9088	0.953	0.9525	0.949	20	
PILOT-2015004926__G__gpt4o-mini__rep0.json	PILOT-2015004926	G	0	0.862	0.9778	0.8807	0.9234	9	
PILOT-2015004926__G__gpt4o-mini__rep1.json	PILOT-2015004926	G	1	0.8429	0.9642	0.8752	0.913	11	
PILOT-2015004926__G__gpt4o-mini__rep2.json	PILOT-2015004926	G	2	0.8083	0.9622	0.8398	0.8908	6	
PILOT-2015004926__G__gpt5.4__rep0.json	PILOT-2015004926	G	0	0.8824	0.9867	0.8907	0.9256	15	
PILOT-2015004926__G__gpt5.4__rep1.json	PILOT-2015004926	G	1	0.914	0.965	0.9452	0.9469	20	
PILOT-2015004926__G__gpt5.4__rep2.json	PILOT-2015004926	G	2	0.8568	0.929	0.9248	0.9195	15	
PILOT-2015004926__G__haiku4.5__rep0.json	PILOT-2015004926	G	0	0.6656	0.9833	0.6759	0.7905	12	
PILOT-2015004926__G__haiku4.5__rep1.json	PILOT-2015004926	G	1	0.6327	0.9725	0.644	0.7638	15	
PILOT-2015004926__G__haiku4.5__rep2.json	PILOT-2015004926	G	2	0.6216	0.9867	0.6284	0.7521	15	
PILOT-2015004926__G__sonnet4__rep0.json	PILOT-2015004926	G	0	0.7552	0.953	0.7919	0.8088	20	
PILOT-2015004926__G__sonnet4__rep1.json	PILOT-2015004926	G	1	0.7526	0.953	0.7893	0.8076	20	
PILOT-2015004926__G__sonnet4__rep2.json	PILOT-2015004926	G	2	0.7526	0.953	0.7893	0.8076	20	
PILOT-2015005752__F__gpt4o-mini__rep0.json	PILOT-2015005752	F	0	0.7793	0.94	0.7995	0.8629	5	
PILOT-2015005752__F__gpt4o-mini__rep1.json	PILOT-2015005752	F	1	0.8238	0.9214	0.8786	0.8969	5	
PILOT-2015005752__F__gpt4o-mini__rep2.json	PILOT-2015005752	F	2	0.947	1.0	0.947	0.9716	5	
PILOT-2015005752__F__gpt5.4__rep0.json	PILOT-2015005752	F	0	0.9385	0.9644	0.9685	0.9632	18	
PILOT-2015005752__F__gpt5.4__rep1.json	PILOT-2015005752	F	1	0.9506	0.968	0.9796	0.9715	20	
PILOT-2015005752__F__gpt5.4__rep2.json	PILOT-2015005752	F	2	0.943	0.968	0.9709	0.9663	20	
PILOT-2015005752__F__haiku4.5__rep0.json	PILOT-2015005752	F	0	0.7829	0.9658	0.7987	0.8677	20	
PILOT-2015005752__F__haiku4.5__rep1.json	PILOT-2015005752	F	1	0.7378	0.9572	0.7637	0.8389	16	
PILOT-2015005752__F__haiku4.5__rep2.json	PILOT-2015005752	F	2	0.7783	0.9503	0.8011	0.864	16	
PILOT-2015005752__F__sonnet4__rep0.json	PILOT-2015005752	F	0	0.9269	0.968	0.9474	0.9542	20	
PILOT-2015005752__F__sonnet4__rep1.json	PILOT-2015005752	F	1	0.8999	0.968	0.9204	0.9385	20	
PILOT-2015005752__F__sonnet4__rep2.json	PILOT-2015005752	F	2	0.8854	0.968	0.9024	0.9293	20	
PILOT-2015005752__G__gpt4o-mini__rep0.json	PILOT-2015005752	G	0	0.6649	0.7471	0.759	0.7523	5	
PILOT-2015005752__G__gpt4o-mini__rep1.json	PILOT-2015005752	G	1	0.7902	0.95	0.8226	0.8767	6	
PILOT-2015005752__G__gpt4o-mini__rep2.json	PILOT-2015005752	G	2	0.8071	0.925	0.8475	0.8831	4	
PILOT-2015005752__G__gpt5.4__rep0.json	PILOT-2015005752	G	0	0.8958	0.9207	0.9709	0.9394	20	
PILOT-2015005752__G__gpt5.4__rep1.json	PILOT-2015005752	G	1	0.9506	0.968	0.9796	0.9715	20	
PILOT-2015005752__G__gpt5.4__rep2.json	PILOT-2015005752	G	2	0.9506	0.968	0.9796	0.9715	20	
PILOT-2015005752__G__haiku4.5__rep0.json	PILOT-2015005752	G	0	0.7385	0.9636	0.766	0.8361	20	
PILOT-2015005752__G__haiku4.5__rep1.json	PILOT-2015005752	G	1	0.7918	0.9658	0.8183	0.8796	20	
PILOT-2015005752__G__haiku4.5__rep2.json	PILOT-2015005752	G	2	0.7155	0.963	0.7362	0.8241	14	
PILOT-2015005752__G__sonnet4__rep0.json	PILOT-2015005752	G	0	0.8747	0.968	0.8922	0.9218	20	
PILOT-2015005752__G__sonnet4__rep1.json	PILOT-2015005752	G	1	0.8924	0.968	0.9133	0.9341	20	
PILOT-2015005752__G__sonnet4__rep2.json	PILOT-2015005752	G	2	0.9107	0.968	0.9336	0.9473	20	
PILOT-2015006206__F__gpt4o-mini__rep0.json	PILOT-2015006206	F	0	0.949	0.9846	0.9644	0.9734	5	
PILOT-2015006206__F__gpt4o-mini__rep1.json	PILOT-2015006206	F	1	0.7442	0.989	0.7505	0.849	7	
PILOT-2015006206__F__gpt4o-mini__rep2.json	PILOT-2015006206	F	2	0.6962	0.9808	0.7033	0.8146	4	
PILOT-2015006206__F__gpt5.4__rep0.json	PILOT-2015006206	F	0	0.9736	1.0	0.9736	0.9852	26	
PILOT-2015006206__F__gpt5.4__rep1.json	PILOT-2015006206	F	1	0.9481	0.9928	0.9549	0.9715	26	
PILOT-2015006206__F__gpt5.4__rep2.json	PILOT-2015006206	F	2	0.9663	1.0	0.9663	0.9807	23	
PILOT-2015006206__F__haiku4.5__rep0.json	PILOT-2015006206	F	0	0.7933	1.0	0.7933	0.8747	10	
PILOT-2015006206__F__haiku4.5__rep1.json	PILOT-2015006206	F	1	0.8477	1.0	0.8477	0.9041	26	
PILOT-2015006206__F__haiku4.5__rep2.json	PILOT-2015006206	F	2	0.6478	1.0	0.6478	0.7817	13	
PILOT-2015006206__F__sonnet4__rep0.json	PILOT-2015006206	F	0	0.9795	0.9957	0.9833	0.989	26	
PILOT-2015006206__F__sonnet4__rep1.json	PILOT-2015006206	F	1	0.9795	0.9957	0.9833	0.989	26	
PILOT-2015006206__F__sonnet4__rep2.json	PILOT-2015006206	F	2	0.9795	0.9957	0.9833	0.989	26	
PILOT-2015006206__G__gpt4o-mini__rep0.json	PILOT-2015006206	G	0	0.659	0.9846	0.6678	0.7906	5	
PILOT-2015006206__G__gpt4o-mini__rep1.json	PILOT-2015006206	G	1	0.7375	0.9846	0.7453	0.846	5	
PILOT-2015006206__G__gpt4o-mini__rep2.json	PILOT-2015006206	G	2	0.9664	0.9846	0.9818	0.9825	5	
PILOT-2015006206__G__gpt5.4__rep0.json	PILOT-2015006206	G	0	0.9763	0.9957	0.9801	0.9869	26	
PILOT-2015006206__G__gpt5.4__rep1.json	PILOT-2015006206	G	1	0.9629	1.0	0.9629	0.9783	23	
PILOT-2015006206__G__gpt5.4__rep2.json	PILOT-2015006206	G	2	0.9672	1.0	0.9672	0.9808	26	
PILOT-2015006206__G__haiku4.5__rep0.json	PILOT-2015006206	G	0	0.8265	0.9957	0.8303	0.8914	26	
PILOT-2015006206__G__haiku4.5__rep1.json	PILOT-2015006206	G	1	0.9089	0.9957	0.9127	0.9485	26	
PILOT-2015006206__G__haiku4.5__rep2.json	PILOT-2015006206	G	2	0.9224	0.9957	0.9262	0.9544	26	
PILOT-2015006206__G__sonnet4__rep0.json	PILOT-2015006206	G	0	0.9594	0.9765	0.9724	0.9737	26	
PILOT-2015006206__G__sonnet4__rep1.json	PILOT-2015006206	G	1	0.9795	0.9957	0.9833	0.989	26	
PILOT-2015006206__G__sonnet4__rep2.json	PILOT-2015006206	G	2	0.9795	0.9957	0.9833	0.989	26	
PILOT-2015006603__F__gpt4o-mini__rep0.json	PILOT-2015006603	F	0	0.8726	1.0	0.8726	0.9308	3	
PILOT-2015006603__F__gpt4o-mini__rep1.json	PILOT-2015006603	F	1	0.8507	0.9821	0.8686	0.9146	7	
PILOT-2015006603__F__gpt4o-mini__rep2.json	PILOT-2015006603	F	2	0.896	0.9451	0.9451	0.9451	3	
PILOT-2015006603__F__gpt5.4__rep0.json	PILOT-2015006603	F	0	0.9567	0.9982	0.9577	0.9757	24	
PILOT-2015006603__F__gpt5.4__rep1.json	PILOT-2015006603	F	1	0.929	1.0	0.929	0.9596	17	
PILOT-2015006603__F__gpt5.4__rep2.json	PILOT-2015006603	F	2	0.931	1.0	0.931	0.962	17	
PILOT-2015006603__F__haiku4.5__rep0.json	PILOT-2015006603	F	0	0.8241	1.0	0.8241	0.9015	5	
PILOT-2015006603__F__haiku4.5__rep1.json	PILOT-2015006603	F	1	0.8241	1.0	0.8241	0.9015	5	
PILOT-2015006603__F__haiku4.5__rep2.json	PILOT-2015006603	F	2	0.8164	0.9765	0.8317	0.8973	5	
PILOT-2015006603__F__sonnet4__rep0.json	PILOT-2015006603	F	0	0.7963	1.0	0.7963	0.8787	13	
PILOT-2015006603__F__sonnet4__rep1.json	PILOT-2015006603	F	1	0.7021	1.0	0.7021	0.8228	13	
PILOT-2015006603__F__sonnet4__rep2.json	PILOT-2015006603	F	2	0.7817	1.0	0.7817	0.8687	13	
PILOT-2015006603__G__gpt4o-mini__rep0.json	PILOT-2015006603	G	0	None				0	no_gen
PILOT-2015006603__G__gpt4o-mini__rep1.json	PILOT-2015006603	G	1	0.7014	0.9855	0.7088	0.8245	3	
PILOT-2015006603__G__gpt4o-mini__rep2.json	PILOT-2015006603	G	2	None				0	no_gen
PILOT-2015006603__G__gpt5.4__rep0.json	PILOT-2015006603	G	0	0.9226	1.0	0.9226	0.9564	24	
PILOT-2015006603__G__gpt5.4__rep1.json	PILOT-2015006603	G	1	0.8578	1.0	0.8578	0.9198	19	
PILOT-2015006603__G__gpt5.4__rep2.json	PILOT-2015006603	G	2	0.9526	1.0	0.9526	0.9733	24	
PILOT-2015006603__G__haiku4.5__rep0.json	PILOT-2015006603	G	0	0.7215	1.0	0.7215	0.832	13	
PILOT-2015006603__G__haiku4.5__rep1.json	PILOT-2015006603	G	1	0.9081	1.0	0.9081	0.9512	5	
PILOT-2015006603__G__haiku4.5__rep2.json	PILOT-2015006603	G	2	0.8474	1.0	0.8474	0.9149	5	
PILOT-2015006603__G__sonnet4__rep0.json	PILOT-2015006603	G	0	0.7963	1.0	0.7963	0.8787	13	
PILOT-2015006603__G__sonnet4__rep1.json	PILOT-2015006603	G	1	0.8919	1.0	0.8919	0.9364	33	
PILOT-2015006603__G__sonnet4__rep2.json	PILOT-2015006603	G	2	0.7941	1.0	0.7941	0.8774	13	
PILOT-2016000830__F__gpt4o-mini__rep0.json	PILOT-2016000830	F	0	None				0	no_gen
PILOT-2016000830__F__gpt4o-mini__rep1.json	PILOT-2016000830	F	1	None				0	no_gen
PILOT-2016000830__F__gpt4o-mini__rep2.json	PILOT-2016000830	F	2	None				0	no_gen
PILOT-2016000830__F__gpt5.4__rep0.json	PILOT-2016000830	F	0	0.0	0.0	0.0	0.0	1	
PILOT-2016000830__F__gpt5.4__rep1.json	PILOT-2016000830	F	1	0.1759	0.1825	0.3542	0.2403	3	
PILOT-2016000830__F__gpt5.4__rep2.json	PILOT-2016000830	F	2	0.0	0.0	0.0	0.0	1	
PILOT-2016000830__F__haiku4.5__rep0.json	PILOT-2016000830	F	0	0.0135	0.0238	0.0294	0.0263	2	
PILOT-2016000830__F__haiku4.5__rep1.json	PILOT-2016000830	F	1	0.3125	0.3234	0.3846	0.3503	3	
PILOT-2016000830__F__haiku4.5__rep2.json	PILOT-2016000830	F	2	0.3577	0.381	0.3768	0.3788	3	
PILOT-2016000830__F__sonnet4__rep0.json	PILOT-2016000830	F	0	0.3083	0.3393	0.3571	0.3428	3	
PILOT-2016000830__F__sonnet4__rep1.json	PILOT-2016000830	F	1	0.3566	0.381	0.3733	0.3768	3	
PILOT-2016000830__F__sonnet4__rep2.json	PILOT-2016000830	F	2	0.0117	0.0238	0.0217	0.0227	2	
PILOT-2016000830__G__gpt4o-mini__rep0.json	PILOT-2016000830	G	0	None				0	no_gen
PILOT-2016000830__G__gpt4o-mini__rep1.json	PILOT-2016000830	G	1	None				0	no_gen
PILOT-2016000830__G__gpt4o-mini__rep2.json	PILOT-2016000830	G	2	None				0	no_gen
PILOT-2016000830__G__gpt5.4__rep0.json	PILOT-2016000830	G	0	0.0	0.0	0.0	0.0	1	
PILOT-2016000830__G__gpt5.4__rep1.json	PILOT-2016000830	G	1	0.0	0.0	0.0	0.0	1	
PILOT-2016000830__G__gpt5.4__rep2.json	PILOT-2016000830	G	2	0.0	0.0	0.0	0.0	1	
PILOT-2016000830__G__haiku4.5__rep0.json	PILOT-2016000830	G	0	0.0366	0.0714	0.0652	0.0682	2	
PILOT-2016000830__G__haiku4.5__rep1.json	PILOT-2016000830	G	1	0.0366	0.0714	0.0652	0.0682	2	
PILOT-2016000830__G__haiku4.5__rep2.json	PILOT-2016000830	G	2	0.0406	0.0714	0.079	0.075	2	
PILOT-2016000830__G__sonnet4__rep0.json	PILOT-2016000830	G	0	0.2998	0.3075	0.3492	0.327	3	
PILOT-2016000830__G__sonnet4__rep1.json	PILOT-2016000830	G	1	0.0109	0.0238	0.0192	0.0213	2	
PILOT-2016000830__G__sonnet4__rep2.json	PILOT-2016000830	G	2	0.1348	0.3075	0.1448	0.1969	3	
PILOT-2016000849__F__gpt4o-mini__rep0.json	PILOT-2016000849	F	0	None				0	no_gen
PILOT-2016000849__F__gpt4o-mini__rep1.json	PILOT-2016000849	F	1	None				0	no_gen
PILOT-2016000849__F__gpt4o-mini__rep2.json	PILOT-2016000849	F	2	None				0	no_gen
PILOT-2016000849__F__gpt5.4__rep0.json	PILOT-2016000849	F	0	0.9758	0.9907	0.9838	0.987	40	
PILOT-2016000849__F__gpt5.4__rep1.json	PILOT-2016000849	F	1	0.9864	0.9907	0.9948	0.9927	40	
PILOT-2016000849__F__gpt5.4__rep2.json	PILOT-2016000849	F	2	0.8509	0.9907	0.8589	0.9053	40	
PILOT-2016000849__F__haiku4.5__rep0.json	PILOT-2016000849	F	0	0.6835	0.977	0.6919	0.7976	16	
PILOT-2016000849__F__haiku4.5__rep1.json	PILOT-2016000849	F	1	0.6841	0.9727	0.6947	0.7965	15	
PILOT-2016000849__F__haiku4.5__rep2.json	PILOT-2016000849	F	2	0.864	0.9746	0.8769	0.9137	40	
PILOT-2016000849__F__sonnet4__rep0.json	PILOT-2016000849	F	0	0.9411	0.9848	0.9531	0.9668	40	
PILOT-2016000849__F__sonnet4__rep1.json	PILOT-2016000849	F	1	0.9569	0.9848	0.9693	0.9763	40	
PILOT-2016000849__F__sonnet4__rep2.json	PILOT-2016000849	F	2	0.9517	0.9838	0.9651	0.9735	40	
PILOT-2016000849__G__gpt4o-mini__rep0.json	PILOT-2016000849	G	0	None				0	no_gen
PILOT-2016000849__G__gpt4o-mini__rep1.json	PILOT-2016000849	G	1	None				0	no_gen
PILOT-2016000849__G__gpt4o-mini__rep2.json	PILOT-2016000849	G	2	None				0	no_gen
PILOT-2016000849__G__gpt5.4__rep0.json	PILOT-2016000849	G	0	0.9765	0.9915	0.9839	0.9874	40	
PILOT-2016000849__G__gpt5.4__rep1.json	PILOT-2016000849	G	1	0.7551	0.9907	0.7632	0.8361	40	
PILOT-2016000849__G__gpt5.4__rep2.json	PILOT-2016000849	G	2	0.9725	0.9907	0.9805	0.9852	40	
PILOT-2016000849__G__haiku4.5__rep0.json	PILOT-2016000849	G	0	0.8915	0.9813	0.9065	0.9351	39	
PILOT-2016000849__G__haiku4.5__rep1.json	PILOT-2016000849	G	1	0.9045	0.9838	0.9173	0.9431	40	
PILOT-2016000849__G__haiku4.5__rep2.json	PILOT-2016000849	G	2	0.8901	0.9813	0.905	0.9342	39	
PILOT-2016000849__G__sonnet4__rep0.json	PILOT-2016000849	G	0	0.9517	0.9838	0.9651	0.9735	40	
PILOT-2016000849__G__sonnet4__rep1.json	PILOT-2016000849	G	1	0.9517	0.9838	0.9651	0.9735	40	
PILOT-2016000849__G__sonnet4__rep2.json	PILOT-2016000849	G	2	0.94	0.9838	0.9531	0.9663	40	
PILOT-2016003042__F__gpt4o-mini__rep0.json	PILOT-2016003042	F	0	0.7479	0.8214	0.8755	0.8406	8	
PILOT-2016003042__F__gpt4o-mini__rep1.json	PILOT-2016003042	F	1	0.7256	0.8044	0.8214	0.8113	5	
PILOT-2016003042__F__gpt4o-mini__rep2.json	PILOT-2016003042	F	2	0.7795	0.8126	0.9464	0.863	6	
PILOT-2016003042__F__gpt5.4__rep0.json	PILOT-2016003042	F	0	0.6332	0.727	0.8412	0.7543	8	
PILOT-2016003042__F__gpt5.4__rep1.json	PILOT-2016003042	F	1	0.6396	0.7478	0.8372	0.7601	8	
PILOT-2016003042__F__gpt5.4__rep2.json	PILOT-2016003042	F	2	0.639	0.72	0.8756	0.7571	11	
PILOT-2016003042__F__haiku4.5__rep0.json	PILOT-2016003042	F	0	0.5783	0.7758	0.6804	0.7043	9	
PILOT-2016003042__F__haiku4.5__rep1.json	PILOT-2016003042	F	1	0.6471	0.7581	0.794	0.7552	20	
PILOT-2016003042__F__haiku4.5__rep2.json	PILOT-2016003042	F	2	0.5948	0.7671	0.6977	0.7157	20	
PILOT-2016003042__F__sonnet4__rep0.json	PILOT-2016003042	F	0	0.7886	0.8316	0.9066	0.8637	8	
PILOT-2016003042__F__sonnet4__rep1.json	PILOT-2016003042	F	1	0.7574	0.8316	0.8754	0.8458	8	
PILOT-2016003042__F__sonnet4__rep2.json	PILOT-2016003042	F	2	0.7199	0.7746	0.893	0.8107	20	
PILOT-2016003042__G__gpt4o-mini__rep0.json	PILOT-2016003042	G	0	0.6916	0.8005	0.8569	0.8146	4	
PILOT-2016003042__G__gpt4o-mini__rep1.json	PILOT-2016003042	G	1	0.6568	0.793	0.7908	0.7755	7	
PILOT-2016003042__G__gpt4o-mini__rep2.json	PILOT-2016003042	G	2	0.5712	0.6499	0.7818	0.7087	4	
PILOT-2016003042__G__gpt5.4__rep0.json	PILOT-2016003042	G	0	0.6466	0.7478	0.8429	0.7642	8	
PILOT-2016003042__G__gpt5.4__rep1.json	PILOT-2016003042	G	1	0.6491	0.7528	0.8426	0.7665	8	
PILOT-2016003042__G__gpt5.4__rep2.json	PILOT-2016003042	G	2	0.7004	0.7587	0.8729	0.7934	20	
PILOT-2016003042__G__haiku4.5__rep0.json	PILOT-2016003042	G	0	0.6155	0.7961	0.7022	0.7409	9	
PILOT-2016003042__G__haiku4.5__rep1.json	PILOT-2016003042	G	1	0.5888	0.7939	0.688	0.7188	10	
PILOT-2016003042__G__haiku4.5__rep2.json	PILOT-2016003042	G	2	0.4915	0.7975	0.5547	0.6401	9	
PILOT-2016003042__G__sonnet4__rep0.json	PILOT-2016003042	G	0	0.6824	0.802	0.7976	0.7853	9	
PILOT-2016003042__G__sonnet4__rep1.json	PILOT-2016003042	G	1	0.7608	0.8316	0.8798	0.8494	8	
PILOT-2016003042__G__sonnet4__rep2.json	PILOT-2016003042	G	2	0.7381	0.7964	0.8756	0.8219	20	
PILOT-2016004446__F__gpt4o-mini__rep0.json	PILOT-2016004446	F	0	0.4407	0.5673	0.624	0.5929	3	
PILOT-2016004446__F__gpt4o-mini__rep1.json	PILOT-2016004446	F	1	0.4795	0.6095	0.6337	0.621	3	
PILOT-2016004446__F__gpt4o-mini__rep2.json	PILOT-2016004446	F	2	0.3124	0.4428	0.5131	0.4554	3	
PILOT-2016004446__F__gpt5.4__rep0.json	PILOT-2016004446	F	0	0.4318	0.4528	0.6875	0.5373	4	
PILOT-2016004446__F__gpt5.4__rep1.json	PILOT-2016004446	F	1	0.3546	0.3668	0.6761	0.4638	4	
PILOT-2016004446__F__gpt5.4__rep2.json	PILOT-2016004446	F	2	0.3595	0.4395	0.5097	0.466	4	
PILOT-2016004446__F__haiku4.5__rep0.json	PILOT-2016004446	F	0	0.0	0.0	0.0	0.0	1	
PILOT-2016004446__F__haiku4.5__rep1.json	PILOT-2016004446	F	1	0.0	0.0	0.0	0.0	1	
PILOT-2016004446__F__haiku4.5__rep2.json	PILOT-2016004446	F	2	0.0	0.0	0.0	0.0	1	
PILOT-2016004446__F__sonnet4__rep0.json	PILOT-2016004446	F	0	0.3679	0.4439	0.5379	0.4847	4	
PILOT-2016004446__F__sonnet4__rep1.json	PILOT-2016004446	F	1	0.3099	0.3984	0.4328	0.4141	4	
PILOT-2016004446__F__sonnet4__rep2.json	PILOT-2016004446	F	2	0.2936	0.3984	0.4056	0.401	4	
PILOT-2016004446__G__gpt4o-mini__rep0.json	PILOT-2016004446	G	0	0.4571	0.5816	0.6794	0.6135	3	
PILOT-2016004446__G__gpt4o-mini__rep1.json	PILOT-2016004446	G	1	0.545	0.7006	0.6524	0.6672	3	
PILOT-2016004446__G__gpt4o-mini__rep2.json	PILOT-2016004446	G	2	0.5007	0.6095	0.6552	0.6259	3	
PILOT-2016004446__G__gpt5.4__rep0.json	PILOT-2016004446	G	0	0.3589	0.3713	0.6764	0.4667	4	
PILOT-2016004446__G__gpt5.4__rep1.json	PILOT-2016004446	G	1	0.4087	0.4395	0.6712	0.5225	4	
PILOT-2016004446__G__gpt5.4__rep2.json	PILOT-2016004446	G	2	0.4118	0.4395	0.6764	0.5246	4	
PILOT-2016004446__G__haiku4.5__rep0.json	PILOT-2016004446	G	0	0.4083	0.5305	0.5483	0.53	3	
PILOT-2016004446__G__haiku4.5__rep1.json	PILOT-2016004446	G	1	None				0	no_gen
PILOT-2016004446__G__haiku4.5__rep2.json	PILOT-2016004446	G	2	None				0	no_gen
PILOT-2016004446__G__sonnet4__rep0.json	PILOT-2016004446	G	0	0.3162	0.4212	0.4398	0.4302	4	
PILOT-2016004446__G__sonnet4__rep1.json	PILOT-2016004446	G	1	0.373	0.4439	0.532	0.4835	4	
PILOT-2016004446__G__sonnet4__rep2.json	PILOT-2016004446	G	2	0.3691	0.4395	0.557	0.4885	4	
PILOT-2016005844__F__gpt4o-mini__rep0.json	PILOT-2016005844	F	0	0.8782	1.0	0.8782	0.9305	4	
PILOT-2016005844__F__gpt4o-mini__rep1.json	PILOT-2016005844	F	1	0.8519	0.9844	0.8618	0.9187	4	
PILOT-2016005844__F__gpt4o-mini__rep2.json	PILOT-2016005844	F	2	0.8626	0.9844	0.8782	0.9224	4	
PILOT-2016005844__F__gpt5.4__rep0.json	PILOT-2016005844	F	0	0.6068	1.0	0.6068	0.7543	4	
PILOT-2016005844__F__gpt5.4__rep1.json	PILOT-2016005844	F	1	0.9126	1.0	0.9126	0.9454	18	
PILOT-2016005844__F__gpt5.4__rep2.json	PILOT-2016005844	F	2	0.6023	1.0	0.6023	0.751	4	
PILOT-2016005844__F__haiku4.5__rep0.json	PILOT-2016005844	F	0	0.8847	0.9949	0.8898	0.9224	18	
PILOT-2016005844__F__haiku4.5__rep1.json	PILOT-2016005844	F	1	0.7921	0.9949	0.7971	0.8693	18	
PILOT-2016005844__F__haiku4.5__rep2.json	PILOT-2016005844	F	2	0.8985	0.9949	0.9036	0.9313	18	
PILOT-2016005844__F__sonnet4__rep0.json	PILOT-2016005844	F	0	0.9024	0.9949	0.9075	0.9382	18	
PILOT-2016005844__F__sonnet4__rep1.json	PILOT-2016005844	F	1	0.9078	0.9949	0.9129	0.9421	18	
PILOT-2016005844__F__sonnet4__rep2.json	PILOT-2016005844	F	2	0.89	0.9949	0.895	0.9284	18	
PILOT-2016005844__G__gpt4o-mini__rep0.json	PILOT-2016005844	G	0	0.7429	0.9844	0.7552	0.8451	4	
PILOT-2016005844__G__gpt4o-mini__rep1.json	PILOT-2016005844	G	1	0.8831	1.0	0.8831	0.9377	4	
PILOT-2016005844__G__gpt4o-mini__rep2.json	PILOT-2016005844	G	2	0.7741	1.0	0.7741	0.8722	4	
PILOT-2016005844__G__gpt5.4__rep0.json	PILOT-2016005844	G	0	0.9334	1.0	0.9334	0.9593	18	
PILOT-2016005844__G__gpt5.4__rep1.json	PILOT-2016005844	G	1	0.6023	1.0	0.6023	0.751	4	
PILOT-2016005844__G__gpt5.4__rep2.json	PILOT-2016005844	G	2	0.9126	1.0	0.9126	0.9454	18	
PILOT-2016005844__G__haiku4.5__rep0.json	PILOT-2016005844	G	0	0.4419	1.0	0.4419	0.6118	4	
PILOT-2016005844__G__haiku4.5__rep1.json	PILOT-2016005844	G	1	0.5501	1.0	0.5501	0.7087	4	
PILOT-2016005844__G__haiku4.5__rep2.json	PILOT-2016005844	G	2	0.8851	0.9891	0.8907	0.9192	18	
PILOT-2016005844__G__sonnet4__rep0.json	PILOT-2016005844	G	0	0.911	0.9949	0.9161	0.9448	18	
PILOT-2016005844__G__sonnet4__rep1.json	PILOT-2016005844	G	1	0.901	0.9949	0.906	0.9374	18	
PILOT-2016005844__G__sonnet4__rep2.json	PILOT-2016005844	G	2	0.901	0.9949	0.906	0.9374	18	
PILOT-2016006702__F__gpt4o-mini__rep0.json	PILOT-2016006702	F	0	0.9113	0.9227	0.9886	0.9455	16	
PILOT-2016006702__F__gpt4o-mini__rep1.json	PILOT-2016006702	F	1	0.948	0.948	1.0	0.9683	30	
PILOT-2016006702__F__gpt4o-mini__rep2.json	PILOT-2016006702	F	2	0.9032	0.948	0.9551	0.9372	30	
PILOT-2016006702__F__gpt5.4__rep0.json	PILOT-2016006702	F	0	0.9029	0.9472	0.9552	0.9413	30	
PILOT-2016006702__F__gpt5.4__rep1.json	PILOT-2016006702	F	1	0.9146	0.9472	0.9669	0.9492	30	
PILOT-2016006702__F__gpt5.4__rep2.json	PILOT-2016006702	F	2	0.8948	0.9472	0.9466	0.9373	30	
PILOT-2016006702__F__haiku4.5__rep0.json	PILOT-2016006702	F	0	0.886	0.948	0.9366	0.9333	30	
PILOT-2016006702__F__haiku4.5__rep1.json	PILOT-2016006702	F	1	0.8755	0.945	0.9269	0.9262	30	
PILOT-2016006702__F__haiku4.5__rep2.json	PILOT-2016006702	F	2	0.8549	0.9472	0.9052	0.913	30	
PILOT-2016006702__F__sonnet4__rep0.json	PILOT-2016006702	F	0	0.9451	0.9472	0.9974	0.9667	30	
PILOT-2016006702__F__sonnet4__rep1.json	PILOT-2016006702	F	1	0.9472	0.9472	1.0	0.9679	30	
PILOT-2016006702__F__sonnet4__rep2.json	PILOT-2016006702	F	2	0.9451	0.9472	0.9974	0.9667	30	
PILOT-2016006702__G__gpt4o-mini__rep0.json	PILOT-2016006702	G	0	0.7142	0.8458	0.8413	0.8215	7	
PILOT-2016006702__G__gpt4o-mini__rep1.json	PILOT-2016006702	G	1	0.942	0.948	0.9939	0.965	30	
PILOT-2016006702__G__gpt4o-mini__rep2.json	PILOT-2016006702	G	2	0.646	0.8454	0.7236	0.7666	8	
PILOT-2016006702__G__gpt5.4__rep0.json	PILOT-2016006702	G	0	0.8987	0.9472	0.951	0.938	30	
PILOT-2016006702__G__gpt5.4__rep1.json	PILOT-2016006702	G	1	0.9146	0.9472	0.9669	0.9493	30	
PILOT-2016006702__G__gpt5.4__rep2.json	PILOT-2016006702	G	2	0.9472	0.9472	1.0	0.9679	30	
PILOT-2016006702__G__haiku4.5__rep0.json	PILOT-2016006702	G	0	0.7448	0.948	0.7909	0.8349	30	
PILOT-2016006702__G__haiku4.5__rep1.json	PILOT-2016006702	G	1	0.868	0.938	0.9248	0.9212	30	
PILOT-2016006702__G__haiku4.5__rep2.json	PILOT-2016006702	G	2	0.887	0.948	0.9372	0.9332	30	
PILOT-2016006702__G__sonnet4__rep0.json	PILOT-2016006702	G	0	0.8375	0.9472	0.8898	0.8983	30	
PILOT-2016006702__G__sonnet4__rep1.json	PILOT-2016006702	G	1	0.9472	0.9472	1.0	0.9679	30	
PILOT-2016006702__G__sonnet4__rep2.json	PILOT-2016006702	G	2	0.9451	0.9472	0.9974	0.9667	30	
PILOT-2016007603__F__gpt4o-mini__rep0.json	PILOT-2016007603	F	0	0.9394	1.0	0.9394	0.965	8	
PILOT-2016007603__F__gpt4o-mini__rep1.json	PILOT-2016007603	F	1	0.9583	1.0	0.9583	0.9773	8	
PILOT-2016007603__F__gpt4o-mini__rep2.json	PILOT-2016007603	F	2	0.9649	1.0	0.9649	0.9804	12	
PILOT-2016007603__F__gpt5.4__rep0.json	PILOT-2016007603	F	0	0.9727	1.0	0.9727	0.985	12	
PILOT-2016007603__F__gpt5.4__rep1.json	PILOT-2016007603	F	1	0.9727	1.0	0.9727	0.985	12	
PILOT-2016007603__F__gpt5.4__rep2.json	PILOT-2016007603	F	2	0.9722	1.0	0.9722	0.9849	12	
PILOT-2016007603__F__haiku4.5__rep0.json	PILOT-2016007603	F	0	0.9208	1.0	0.9208	0.9528	8	
PILOT-2016007603__F__haiku4.5__rep1.json	PILOT-2016007603	F	1	None				0	no_gen
PILOT-2016007603__F__haiku4.5__rep2.json	PILOT-2016007603	F	2	0.918	1.0	0.918	0.9541	12	
PILOT-2016007603__F__sonnet4__rep0.json	PILOT-2016007603	F	0	None				0	no_gen
PILOT-2016007603__F__sonnet4__rep1.json	PILOT-2016007603	F	1	None				0	no_gen
PILOT-2016007603__F__sonnet4__rep2.json	PILOT-2016007603	F	2	None				0	no_gen
PILOT-2016007603__G__gpt4o-mini__rep0.json	PILOT-2016007603	G	0	0.9281	0.9792	0.9406	0.9556	12	
PILOT-2016007603__G__gpt4o-mini__rep1.json	PILOT-2016007603	G	1	0.9706	1.0	0.9706	0.9844	8	
PILOT-2016007603__G__gpt4o-mini__rep2.json	PILOT-2016007603	G	2	0.9645	1.0	0.9645	0.9808	8	
PILOT-2016007603__G__gpt5.4__rep0.json	PILOT-2016007603	G	0	0.9727	1.0	0.9727	0.985	12	
PILOT-2016007603__G__gpt5.4__rep1.json	PILOT-2016007603	G	1	0.9727	1.0	0.9727	0.985	12	
PILOT-2016007603__G__gpt5.4__rep2.json	PILOT-2016007603	G	2	0.9727	1.0	0.9727	0.985	12	
PILOT-2016007603__G__haiku4.5__rep0.json	PILOT-2016007603	G	0	0.6266	1.0	0.6266	0.7615	6	
PILOT-2016007603__G__haiku4.5__rep1.json	PILOT-2016007603	G	1	0.8086	1.0	0.8086	0.8771	12	
PILOT-2016007603__G__haiku4.5__rep2.json	PILOT-2016007603	G	2	0.7429	1.0	0.7429	0.8428	5	
PILOT-2016007603__G__sonnet4__rep0.json	PILOT-2016007603	G	0	0.9535	1.0	0.9535	0.9727	12	
PILOT-2016007603__G__sonnet4__rep1.json	PILOT-2016007603	G	1	0.9535	1.0	0.9535	0.9727	12	
PILOT-2016007603__G__sonnet4__rep2.json	PILOT-2016007603	G	2	0.9727	1.0	0.9727	0.985	12	
PILOT-2016007888__F__gpt4o-mini__rep0.json	PILOT-2016007888	F	0	0.7238	1.0	0.7238	0.8263	5	
PILOT-2016007888__F__gpt4o-mini__rep1.json	PILOT-2016007888	F	1	0.5899	1.0	0.5899	0.721	5	
PILOT-2016007888__F__gpt4o-mini__rep2.json	PILOT-2016007888	F	2	0.6151	0.9872	0.6261	0.7291	6	
PILOT-2016007888__F__gpt5.4__rep0.json	PILOT-2016007888	F	0	0.9444	1.0	0.9444	0.9667	6	
PILOT-2016007888__F__gpt5.4__rep1.json	PILOT-2016007888	F	1	0.9928	1.0	0.9928	0.9963	6	
PILOT-2016007888__F__gpt5.4__rep2.json	PILOT-2016007888	F	2	0.9744	1.0	0.9744	0.9861	6	
PILOT-2016007888__F__haiku4.5__rep0.json	PILOT-2016007888	F	0	0.5483	0.9924	0.5541	0.6877	6	
PILOT-2016007888__F__haiku4.5__rep1.json	PILOT-2016007888	F	1	0.5979	1.0	0.5979	0.7306	12	
PILOT-2016007888__F__haiku4.5__rep2.json	PILOT-2016007888	F	2	0.9064	1.0	0.9064	0.9413	20	
PILOT-2016007888__F__sonnet4__rep0.json	PILOT-2016007888	F	0	0.6519	1.0	0.6519	0.7755	6	
PILOT-2016007888__F__sonnet4__rep1.json	PILOT-2016007888	F	1	0.5453	1.0	0.5453	0.6772	6	
PILOT-2016007888__F__sonnet4__rep2.json	PILOT-2016007888	F	2	0.5806	1.0	0.5806	0.705	6	
PILOT-2016007888__G__gpt4o-mini__rep0.json	PILOT-2016007888	G	0	0.6724	0.9792	0.6854	0.794	6	
PILOT-2016007888__G__gpt4o-mini__rep1.json	PILOT-2016007888	G	1	0.8348	1.0	0.8348	0.907	6	
PILOT-2016007888__G__gpt4o-mini__rep2.json	PILOT-2016007888	G	2	0.6476	1.0	0.6476	0.7721	5	
PILOT-2016007888__G__gpt5.4__rep0.json	PILOT-2016007888	G	0	0.9324	1.0	0.9324	0.9576	6	
PILOT-2016007888__G__gpt5.4__rep1.json	PILOT-2016007888	G	1	0.9861	1.0	0.9861	0.9928	6	
PILOT-2016007888__G__gpt5.4__rep2.json	PILOT-2016007888	G	2	0.9923	1.0	0.9923	0.9958	20	
PILOT-2016007888__G__haiku4.5__rep0.json	PILOT-2016007888	G	0	0.8576	0.9966	0.8595	0.8966	20	
PILOT-2016007888__G__haiku4.5__rep1.json	PILOT-2016007888	G	1	0.5882	0.9924	0.5922	0.7212	6	
PILOT-2016007888__G__haiku4.5__rep2.json	PILOT-2016007888	G	2	0.5904	0.9948	0.5934	0.7209	13	
PILOT-2016007888__G__sonnet4__rep0.json	PILOT-2016007888	G	0	0.5502	1.0	0.5502	0.6812	6	
PILOT-2016007888__G__sonnet4__rep1.json	PILOT-2016007888	G	1	0.5677	1.0	0.5677	0.6981	6	
PILOT-2016007888__G__sonnet4__rep2.json	PILOT-2016007888	G	2	0.5476	1.0	0.5476	0.6775	6	
PILOT-2017000071__F__gpt4o-mini__rep0.json	PILOT-2017000071	F	0	0.9456	0.9573	0.9857	0.9705	7	
PILOT-2017000071__F__gpt4o-mini__rep1.json	PILOT-2017000071	F	1	0.9218	0.945	0.9734	0.9582	7	
PILOT-2017000071__F__gpt4o-mini__rep2.json	PILOT-2017000071	F	2	0.9696	0.9716	0.9971	0.9836	7	
PILOT-2017000071__F__gpt5.4__rep0.json	PILOT-2017000071	F	0	0.9256	0.9716	0.9492	0.9581	7	
PILOT-2017000071__F__gpt5.4__rep1.json	PILOT-2017000071	F	1	0.9613	0.9803	0.9789	0.979	7	
PILOT-2017000071__F__gpt5.4__rep2.json	PILOT-2017000071	F	2	0.9368	0.9803	0.9504	0.9642	7	
PILOT-2017000071__F__haiku4.5__rep0.json	PILOT-2017000071	F	0	0.8032	0.9573	0.8374	0.8888	7	
PILOT-2017000071__F__haiku4.5__rep1.json	PILOT-2017000071	F	1	0.7922	0.9716	0.818	0.8824	7	
PILOT-2017000071__F__haiku4.5__rep2.json	PILOT-2017000071	F	2	0.8365	0.9716	0.8619	0.9108	7	
PILOT-2017000071__F__sonnet4__rep0.json	PILOT-2017000071	F	0	0.9421	0.9603	0.975	0.9675	5	
PILOT-2017000071__F__sonnet4__rep1.json	PILOT-2017000071	F	1	0.937	0.9741	0.9586	0.9652	7	
PILOT-2017000071__F__sonnet4__rep2.json	PILOT-2017000071	F	2	0.9421	0.9598	0.9776	0.9684	7	
PILOT-2017000071__G__gpt4o-mini__rep0.json	PILOT-2017000071	G	0	0.9436	0.9573	0.9829	0.9693	7	
PILOT-2017000071__G__gpt4o-mini__rep1.json	PILOT-2017000071	G	1	0.9696	0.9716	0.9971	0.9836	7	
PILOT-2017000071__G__gpt4o-mini__rep2.json	PILOT-2017000071	G	2	0.9524	0.9716	0.9808	0.9748	7	
PILOT-2017000071__G__gpt5.4__rep0.json	PILOT-2017000071	G	0	0.9438	0.9716	0.9706	0.9694	7	
PILOT-2017000071__G__gpt5.4__rep1.json	PILOT-2017000071	G	1	0.9513	0.9741	0.974	0.9736	7	
PILOT-2017000071__G__gpt5.4__rep2.json	PILOT-2017000071	G	2	0.9313	0.9741	0.954	0.9618	7	
PILOT-2017000071__G__haiku4.5__rep0.json	PILOT-2017000071	G	0	0.8853	0.9502	0.9304	0.9379	6	
PILOT-2017000071__G__haiku4.5__rep1.json	PILOT-2017000071	G	1	0.7708	0.9573	0.8045	0.8693	7	
PILOT-2017000071__G__haiku4.5__rep2.json	PILOT-2017000071	G	2	0.7373	0.9573	0.7688	0.847	7	
PILOT-2017000071__G__sonnet4__rep0.json	PILOT-2017000071	G	0	0.9526	0.9637	0.9852	0.9741	5	
PILOT-2017000071__G__sonnet4__rep1.json	PILOT-2017000071	G	1	0.958	0.9637	0.9923	0.9774	5	
PILOT-2017000071__G__sonnet4__rep2.json	PILOT-2017000071	G	2	0.9423	0.9741	0.9656	0.9685	7	
PILOT-2017000093__F__gpt4o-mini__rep0.json	PILOT-2017000093	F	0	0.8268	1.0	0.8268	0.8992	6	
PILOT-2017000093__F__gpt4o-mini__rep1.json	PILOT-2017000093	F	1	0.8214	0.9533	0.8647	0.8898	5	
PILOT-2017000093__F__gpt4o-mini__rep2.json	PILOT-2017000093	F	2	0.8177	0.9565	0.8552	0.8922	6	
PILOT-2017000093__F__gpt5.4__rep0.json	PILOT-2017000093	F	0	0.9674	0.9787	0.9854	0.9813	21	
PILOT-2017000093__F__gpt5.4__rep1.json	PILOT-2017000093	F	1	0.8867	0.9737	0.9058	0.9332	17	
PILOT-2017000093__F__gpt5.4__rep2.json	PILOT-2017000093	F	2	0.8716	0.9811	0.8852	0.9213	21	
PILOT-2017000093__F__haiku4.5__rep0.json	PILOT-2017000093	F	0	0.8061	0.9811	0.8177	0.8844	21	
PILOT-2017000093__F__haiku4.5__rep1.json	PILOT-2017000093	F	1	0.8511	0.9811	0.863	0.9135	21	
PILOT-2017000093__F__haiku4.5__rep2.json	PILOT-2017000093	F	2	0.8328	0.9811	0.8451	0.9024	21	
PILOT-2017000093__F__sonnet4__rep0.json	PILOT-2017000093	F	0	0.9113	0.9811	0.9228	0.9479	21	
PILOT-2017000093__F__sonnet4__rep1.json	PILOT-2017000093	F	1	0.8616	0.97	0.8818	0.9203	21	
PILOT-2017000093__F__sonnet4__rep2.json	PILOT-2017000093	F	2	0.9155	0.9811	0.9264	0.951	21	
PILOT-2017000093__G__gpt4o-mini__rep0.json	PILOT-2017000093	G	0	0.8138	0.9954	0.8179	0.8885	6	
PILOT-2017000093__G__gpt4o-mini__rep1.json	PILOT-2017000093	G	1	0.8147	0.9533	0.858	0.8931	5	
PILOT-2017000093__G__gpt4o-mini__rep2.json	PILOT-2017000093	G	2	0.7329	0.9926	0.7371	0.836	5	
PILOT-2017000093__G__gpt5.4__rep0.json	PILOT-2017000093	G	0	0.9415	0.9787	0.9592	0.9676	21	
PILOT-2017000093__G__gpt5.4__rep1.json	PILOT-2017000093	G	1	0.9353	0.9765	0.9549	0.9642	19	
PILOT-2017000093__G__gpt5.4__rep2.json	PILOT-2017000093	G	2	0.911	0.9792	0.9283	0.9479	19	
PILOT-2017000093__G__haiku4.5__rep0.json	PILOT-2017000093	G	0	0.8482	0.9811	0.86	0.9118	21	
PILOT-2017000093__G__haiku4.5__rep1.json	PILOT-2017000093	G	1	0.7756	0.9811	0.7841	0.8636	21	
PILOT-2017000093__G__haiku4.5__rep2.json	PILOT-2017000093	G	2	0.7622	0.9811	0.7731	0.8533	21	
PILOT-2017000093__G__sonnet4__rep0.json	PILOT-2017000093	G	0	0.9288	0.9811	0.9396	0.9585	21	
PILOT-2017000093__G__sonnet4__rep1.json	PILOT-2017000093	G	1	0.8905	0.9633	0.9171	0.9379	19	
PILOT-2017000093__G__sonnet4__rep2.json	PILOT-2017000093	G	2	0.9304	0.97	0.9523	0.96	21	
PILOT-2017001422__F__gpt4o-mini__rep0.json	PILOT-2017001422	F	0	0.9358	0.9844	0.9514	0.966	8	
PILOT-2017001422__F__gpt4o-mini__rep1.json	PILOT-2017001422	F	1	0.7857	0.9436	0.8309	0.8771	5	
PILOT-2017001422__F__gpt4o-mini__rep2.json	PILOT-2017001422	F	2	0.6445	0.9509	0.663	0.7701	5	
PILOT-2017001422__F__gpt5.4__rep0.json	PILOT-2017001422	F	0	0.9192	0.9566	0.9563	0.9547	8	
PILOT-2017001422__F__gpt5.4__rep1.json	PILOT-2017001422	F	1	0.9247	0.9566	0.9625	0.9584	8	
PILOT-2017001422__F__gpt5.4__rep2.json	PILOT-2017001422	F	2	0.8163	0.9106	0.9	0.8969	8	
PILOT-2017001422__F__haiku4.5__rep0.json	PILOT-2017001422	F	0	0.7137	0.9821	0.7284	0.8249	7	
PILOT-2017001422__F__haiku4.5__rep1.json	PILOT-2017001422	F	1	0.9107	0.9667	0.9286	0.9464	5	
PILOT-2017001422__F__haiku4.5__rep2.json	PILOT-2017001422	F	2	0.633	0.8319	0.7723	0.7595	7	
PILOT-2017001422__F__sonnet4__rep0.json	PILOT-2017001422	F	0	0.8047	0.9602	0.8411	0.8893	7	
PILOT-2017001422__F__sonnet4__rep1.json	PILOT-2017001422	F	1	0.7799	0.9647	0.8102	0.8749	7	
PILOT-2017001422__F__sonnet4__rep2.json	PILOT-2017001422	F	2	0.7799	0.9647	0.8102	0.8749	7	
PILOT-2017001422__G__gpt4o-mini__rep0.json	PILOT-2017001422	G	0	0.6889	0.9236	0.7412	0.8107	5	
PILOT-2017001422__G__gpt4o-mini__rep1.json	PILOT-2017001422	G	1	0.7165	1.0	0.7165	0.8292	6	
PILOT-2017001422__G__gpt4o-mini__rep2.json	PILOT-2017001422	G	2	0.7105	1.0	0.7105	0.7908	6	
PILOT-2017001422__G__gpt5.4__rep0.json	PILOT-2017001422	G	0	0.8225	0.9106	0.9071	0.9009	8	
PILOT-2017001422__G__gpt5.4__rep1.json	PILOT-2017001422	G	1	0.919	0.9904	0.9286	0.9547	8	
PILOT-2017001422__G__gpt5.4__rep2.json	PILOT-2017001422	G	2	0.9755	0.9844	0.9911	0.987	8	
PILOT-2017001422__G__haiku4.5__rep0.json	PILOT-2017001422	G	0	0.7482	0.9844	0.7638	0.8482	8	
PILOT-2017001422__G__haiku4.5__rep1.json	PILOT-2017001422	G	1	0.687	0.9844	0.6978	0.8062	8	
PILOT-2017001422__G__haiku4.5__rep2.json	PILOT-2017001422	G	2	0.7795	0.9844	0.7924	0.8714	8	
PILOT-2017001422__G__sonnet4__rep0.json	PILOT-2017001422	G	0	0.7792	0.9602	0.8151	0.8745	7	
PILOT-2017001422__G__sonnet4__rep1.json	PILOT-2017001422	G	1	0.8289	0.9602	0.8648	0.906	7	
PILOT-2017001422__G__sonnet4__rep2.json	PILOT-2017001422	G	2	0.7799	0.9647	0.8102	0.8749	7	
PILOT-2017002001__F__gpt4o-mini__rep0.json	PILOT-2017002001	F	0	0.8167	1.0	0.8167	0.899	2	
PILOT-2017002001__F__gpt4o-mini__rep1.json	PILOT-2017002001	F	1	0.85	0.85	1.0	0.9153	3	
PILOT-2017002001__F__gpt4o-mini__rep2.json	PILOT-2017002001	F	2	0.656	0.85	0.7406	0.773	3	
PILOT-2017002001__F__gpt5.4__rep0.json	PILOT-2017002001	F	0	0.9595	0.9719	0.9876	0.9776	16	
PILOT-2017002001__F__gpt5.4__rep1.json	PILOT-2017002001	F	1	0.8842	0.9588	0.9254	0.9268	19	
PILOT-2017002001__F__gpt5.4__rep2.json	PILOT-2017002001	F	2	0.893	0.975	0.918	0.9319	18	
PILOT-2017002001__F__haiku4.5__rep0.json	PILOT-2017002001	F	0	0.8831	0.9521	0.9271	0.931	18	
PILOT-2017002001__F__haiku4.5__rep1.json	PILOT-2017002001	F	1	0.8874	0.9404	0.9165	0.9202	13	
PILOT-2017002001__F__haiku4.5__rep2.json	PILOT-2017002001	F	2	0.8526	0.9521	0.8948	0.9128	18	
PILOT-2017002001__F__sonnet4__rep0.json	PILOT-2017002001	F	0	0.9587	0.9664	0.9922	0.977	19	
PILOT-2017002001__F__sonnet4__rep1.json	PILOT-2017002001	F	1	0.9664	0.9664	1.0	0.9812	19	
PILOT-2017002001__F__sonnet4__rep2.json	PILOT-2017002001	F	2	0.9664	0.9664	1.0	0.9812	19	
PILOT-2017002001__G__gpt4o-mini__rep0.json	PILOT-2017002001	G	0	1.0	1.0	1.0	1.0	2	
PILOT-2017002001__G__gpt4o-mini__rep1.json	PILOT-2017002001	G	1	0.8	0.875	0.875	0.875	2	
PILOT-2017002001__G__gpt4o-mini__rep2.json	PILOT-2017002001	G	2	0.3693	0.775	0.4143	0.5394	2	
PILOT-2017002001__G__gpt5.4__rep0.json	PILOT-2017002001	G	0	0.962	0.975	0.987	0.9786	18	
PILOT-2017002001__G__gpt5.4__rep1.json	PILOT-2017002001	G	1	0.9333	0.9763	0.957	0.9598	19	
PILOT-2017002001__G__gpt5.4__rep2.json	PILOT-2017002001	G	2	0.9039	0.9577	0.9409	0.9425	19	
PILOT-2017002001__G__haiku4.5__rep0.json	PILOT-2017002001	G	0	0.911	0.9447	0.9569	0.9484	18	
PILOT-2017002001__G__haiku4.5__rep1.json	PILOT-2017002001	G	1	0.673	0.833	0.742	0.7733	13	
PILOT-2017002001__G__haiku4.5__rep2.json	PILOT-2017002001	G	2	0.9087	0.9521	0.952	0.949	18	
PILOT-2017002001__G__sonnet4__rep0.json	PILOT-2017002001	G	0	0.903	0.9664	0.9353	0.9445	19	
PILOT-2017002001__G__sonnet4__rep1.json	PILOT-2017002001	G	1	0.9054	0.9664	0.9389	0.9446	19	
PILOT-2017002001__G__sonnet4__rep2.json	PILOT-2017002001	G	2	0.963	0.972	0.991	0.9793	26	
PILOT-2017002029__F__gpt4o-mini__rep0.json	PILOT-2017002029	F	0	0.4146	0.6875	0.4979	0.5471	4	
PILOT-2017002029__F__gpt4o-mini__rep1.json	PILOT-2017002029	F	1	0.7383	0.8145	0.8562	0.8139	5	
PILOT-2017002029__F__gpt4o-mini__rep2.json	PILOT-2017002029	F	2	0.6323	0.8662	0.6975	0.7426	11	
PILOT-2017002029__F__gpt5.4__rep0.json	PILOT-2017002029	F	0	0.8595	0.8767	0.9709	0.8999	28	
PILOT-2017002029__F__gpt5.4__rep1.json	PILOT-2017002029	F	1	0.8675	0.8767	0.9908	0.9063	28	
PILOT-2017002029__F__gpt5.4__rep2.json	PILOT-2017002029	F	2	0.8632	0.8767	0.9848	0.9033	28	
PILOT-2017002029__F__haiku4.5__rep0.json	PILOT-2017002029	F	0	0.6594	0.8767	0.7183	0.7589	28	
PILOT-2017002029__F__haiku4.5__rep1.json	PILOT-2017002029	F	1	0.7392	0.8767	0.8057	0.8172	28	
PILOT-2017002029__F__haiku4.5__rep2.json	PILOT-2017002029	F	2	0.6982	0.8767	0.7541	0.7821	28	
PILOT-2017002029__F__sonnet4__rep0.json	PILOT-2017002029	F	0	0.8307	0.8619	0.9688	0.8823	25	
PILOT-2017002029__F__sonnet4__rep1.json	PILOT-2017002029	F	1	0.8482	0.8619	0.9863	0.8932	25	
PILOT-2017002029__F__sonnet4__rep2.json	PILOT-2017002029	F	2	0.824	0.8619	0.9621	0.8787	25	
PILOT-2017002029__G__gpt4o-mini__rep0.json	PILOT-2017002029	G	0	0.6262	0.725	0.7573	0.7135	5	
PILOT-2017002029__G__gpt4o-mini__rep1.json	PILOT-2017002029	G	1	0.6664	0.802	0.7614	0.7619	5	
PILOT-2017002029__G__gpt4o-mini__rep2.json	PILOT-2017002029	G	2	0.687	0.8785	0.7599	0.7889	8	
PILOT-2017002029__G__gpt5.4__rep0.json	PILOT-2017002029	G	0	0.8397	0.8767	0.963	0.8897	28	
PILOT-2017002029__G__gpt5.4__rep1.json	PILOT-2017002029	G	1	0.8461	0.8767	0.9694	0.8933	28	
PILOT-2017002029__G__gpt5.4__rep2.json	PILOT-2017002029	G	2	0.8537	0.8767	0.977	0.8982	28	
PILOT-2017002029__G__haiku4.5__rep0.json	PILOT-2017002029	G	0	0.8017	0.8767	0.8824	0.8555	28	
PILOT-2017002029__G__haiku4.5__rep1.json	PILOT-2017002029	G	1	0.6808	0.8767	0.7273	0.7699	28	
PILOT-2017002029__G__haiku4.5__rep2.json	PILOT-2017002029	G	2	0.7603	0.8767	0.834	0.8268	28	
PILOT-2017002029__G__sonnet4__rep0.json	PILOT-2017002029	G	0	0.8547	0.8767	0.9779	0.8987	28	
PILOT-2017002029__G__sonnet4__rep1.json	PILOT-2017002029	G	1	0.8502	0.8767	0.9735	0.8959	28	
PILOT-2017002029__G__sonnet4__rep2.json	PILOT-2017002029	G	2	0.8561	0.8767	0.9794	0.8996	28	
PILOT-2017003676__F__gpt4o-mini__rep0.json	PILOT-2017003676	F	0	0.5947	0.9062	0.6248	0.7321	8	
PILOT-2017003676__F__gpt4o-mini__rep1.json	PILOT-2017003676	F	1	0.9095	0.9497	0.9374	0.9422	19	
PILOT-2017003676__F__gpt4o-mini__rep2.json	PILOT-2017003676	F	2	0.877	0.946	0.9214	0.9255	19	
PILOT-2017003676__F__gpt5.4__rep0.json	PILOT-2017003676	F	0	0.8635	0.9522	0.8956	0.9138	19	
PILOT-2017003676__F__gpt5.4__rep1.json	PILOT-2017003676	F	1	0.8365	0.9496	0.8739	0.8936	18	
PILOT-2017003676__F__gpt5.4__rep2.json	PILOT-2017003676	F	2	0.8887	0.9535	0.9351	0.9306	17	
PILOT-2017003676__F__haiku4.5__rep0.json	PILOT-2017003676	F	0	0.5584	0.9584	0.5755	0.6989	19	
PILOT-2017003676__F__haiku4.5__rep1.json	PILOT-2017003676	F	1	0.5675	0.9584	0.5873	0.7017	19	
PILOT-2017003676__F__haiku4.5__rep2.json	PILOT-2017003676	F	2	0.7065	0.947	0.7337	0.8034	17	
PILOT-2017003676__F__sonnet4__rep0.json	PILOT-2017003676	F	0	0.7222	0.9561	0.7462	0.8164	18	
PILOT-2017003676__F__sonnet4__rep1.json	PILOT-2017003676	F	1	0.6781	0.9561	0.7001	0.7882	18	
PILOT-2017003676__F__sonnet4__rep2.json	PILOT-2017003676	F	2	0.9085	0.9702	0.9383	0.9458	6	
PILOT-2017003676__G__gpt4o-mini__rep0.json	PILOT-2017003676	G	0	0.6556	0.8675	0.73	0.7803	13	
PILOT-2017003676__G__gpt4o-mini__rep1.json	PILOT-2017003676	G	1	0.704	0.8565	0.7583	0.7854	12	
PILOT-2017003676__G__gpt4o-mini__rep2.json	PILOT-2017003676	G	2	0.7245	0.9028	0.7664	0.8203	8	
PILOT-2017003676__G__gpt5.4__rep0.json	PILOT-2017003676	G	0	0.7927	0.9563	0.8284	0.8532	14	
PILOT-2017003676__G__gpt5.4__rep1.json	PILOT-2017003676	G	1	0.8991	0.9522	0.9442	0.94	19	
PILOT-2017003676__G__gpt5.4__rep2.json	PILOT-2017003676	G	2	0.5556	0.8824	0.6	0.7143	1	
PILOT-2017003676__G__haiku4.5__rep0.json	PILOT-2017003676	G	0	0.5976	0.9634	0.6182	0.7319	17	
PILOT-2017003676__G__haiku4.5__rep1.json	PILOT-2017003676	G	1	0.6206	0.946	0.6572	0.7477	19	
PILOT-2017003676__G__haiku4.5__rep2.json	PILOT-2017003676	G	2	0.6144	0.9526	0.6354	0.7376	19	
PILOT-2017003676__G__sonnet4__rep0.json	PILOT-2017003676	G	0	0.8361	0.9014	0.9006	0.8945	19	
PILOT-2017003676__G__sonnet4__rep1.json	PILOT-2017003676	G	1	0.8241	0.9321	0.8719	0.8874	19	
PILOT-2017003676__G__sonnet4__rep2.json	PILOT-2017003676	G	2	0.8373	0.9234	0.8909	0.8959	19	
PILOT-2017004144__F__gpt4o-mini__rep0.json	PILOT-2017004144	F	0	0.7644	0.8087	0.9393	0.8604	7	
PILOT-2017004144__F__gpt4o-mini__rep1.json	PILOT-2017004144	F	1	0.787	0.813	0.9431	0.8719	7	
PILOT-2017004144__F__gpt4o-mini__rep2.json	PILOT-2017004144	F	2	0.7284	0.8516	0.832	0.8346	4	
PILOT-2017004144__F__gpt5.4__rep0.json	PILOT-2017004144	F	0	0.7009	0.8295	0.8165	0.81	7	
PILOT-2017004144__F__gpt5.4__rep1.json	PILOT-2017004144	F	1	0.8834	0.9515	0.8947	0.9081	7	
PILOT-2017004144__F__gpt5.4__rep2.json	PILOT-2017004144	F	2	0.7433	0.8295	0.8499	0.8227	7	
PILOT-2017004144__F__haiku4.5__rep0.json	PILOT-2017004144	F	0	0.8205	0.8658	0.9373	0.8914	30	
PILOT-2017004144__F__haiku4.5__rep1.json	PILOT-2017004144	F	1	0.8205	0.8658	0.9373	0.8914	30	
PILOT-2017004144__F__haiku4.5__rep2.json	PILOT-2017004144	F	2	0.8205	0.8658	0.9373	0.8914	30	
PILOT-2017004144__F__sonnet4__rep0.json	PILOT-2017004144	F	0	0.9475	0.9742	0.9653	0.9665	30	
PILOT-2017004144__F__sonnet4__rep1.json	PILOT-2017004144	F	1	0.8381	0.8658	0.9571	0.9049	30	
PILOT-2017004144__F__sonnet4__rep2.json	PILOT-2017004144	F	2	0.9556	0.9742	0.977	0.9744	30	
PILOT-2017004144__G__gpt4o-mini__rep0.json	PILOT-2017004144	G	0	0.7098	0.8136	0.8262	0.8193	7	
PILOT-2017004144__G__gpt4o-mini__rep1.json	PILOT-2017004144	G	1	0.7718	0.8207	0.9001	0.8517	7	
PILOT-2017004144__G__gpt4o-mini__rep2.json	PILOT-2017004144	G	2	0.5838	0.8295	0.6472	0.7085	7	
PILOT-2017004144__G__gpt5.4__rep0.json	PILOT-2017004144	G	0	0.7115	0.8295	0.8133	0.7963	7	
PILOT-2017004144__G__gpt5.4__rep1.json	PILOT-2017004144	G	1	0.7115	0.8295	0.8133	0.7963	7	
PILOT-2017004144__G__gpt5.4__rep2.json	PILOT-2017004144	G	2	0.6607	0.8295	0.7418	0.7573	7	
PILOT-2017004144__G__haiku4.5__rep0.json	PILOT-2017004144	G	0	0.8477	0.8759	0.9686	0.9161	29	
PILOT-2017004144__G__haiku4.5__rep1.json	PILOT-2017004144	G	1	0.8491	0.8759	0.97	0.917	29	
PILOT-2017004144__G__haiku4.5__rep2.json	PILOT-2017004144	G	2	0.8205	0.8658	0.9373	0.8914	30	
PILOT-2017004144__G__sonnet4__rep0.json	PILOT-2017004144	G	0	0.8445	0.8658	0.9669	0.9107	30	
PILOT-2017004144__G__sonnet4__rep1.json	PILOT-2017004144	G	1	0.8292	0.8691	0.9393	0.8988	30	
PILOT-2017004144__G__sonnet4__rep2.json	PILOT-2017004144	G	2	0.8433	0.8658	0.9654	0.9097	30	
PILOT-2017004286__F__gpt4o-mini__rep0.json	PILOT-2017004286	F	0	0.917	0.9413	0.9725	0.9564	4	
PILOT-2017004286__F__gpt4o-mini__rep1.json	PILOT-2017004286	F	1	0.8642	0.9376	0.9156	0.9262	3	
PILOT-2017004286__F__gpt4o-mini__rep2.json	PILOT-2017004286	F	2	0.9291	0.9633	0.9651	0.9632	3	
PILOT-2017004286__F__gpt5.4__rep0.json	PILOT-2017004286	F	0	0.8434	0.9939	0.8493	0.9091	26	
PILOT-2017004286__F__gpt5.4__rep1.json	PILOT-2017004286	F	1	0.9639	0.9923	0.9712	0.9809	26	
PILOT-2017004286__F__gpt5.4__rep2.json	PILOT-2017004286	F	2	0.8618	0.9952	0.8666	0.9192	26	
PILOT-2017004286__F__haiku4.5__rep0.json	PILOT-2017004286	F	0	0.8981	0.9521	0.9375	0.9426	26	
PILOT-2017004286__F__haiku4.5__rep1.json	PILOT-2017004286	F	1	0.8391	0.9566	0.8685	0.9063	26	
PILOT-2017004286__F__haiku4.5__rep2.json	PILOT-2017004286	F	2	0.8602	0.9859	0.8652	0.9179	26	
PILOT-2017004286__F__sonnet4__rep0.json	PILOT-2017004286	F	0	0.9702	0.9872	0.979	0.9825	26	
PILOT-2017004286__F__sonnet4__rep1.json	PILOT-2017004286	F	1	0.9663	0.9872	0.9751	0.9801	26	
PILOT-2017004286__F__sonnet4__rep2.json	PILOT-2017004286	F	2	0.9702	0.9872	0.979	0.9825	26	
PILOT-2017004286__G__gpt4o-mini__rep0.json	PILOT-2017004286	G	0	0.8315	0.9413	0.8754	0.9067	4	
PILOT-2017004286__G__gpt4o-mini__rep1.json	PILOT-2017004286	G	1	0.9295	0.9917	0.9368	0.9634	4	
PILOT-2017004286__G__gpt4o-mini__rep2.json	PILOT-2017004286	G	2	0.9454	0.9606	0.9839	0.9716	4	
PILOT-2017004286__G__gpt5.4__rep0.json	PILOT-2017004286	G	0	0.8545	0.9939	0.8602	0.9149	26	
PILOT-2017004286__G__gpt5.4__rep1.json	PILOT-2017004286	G	1	0.8256	0.991	0.833	0.8966	26	
PILOT-2017004286__G__gpt5.4__rep2.json	PILOT-2017004286	G	2	0.9521	1.0	0.9521	0.9741	20	
PILOT-2017004286__G__haiku4.5__rep0.json	PILOT-2017004286	G	0	0.8309	0.9829	0.8379	0.8987	26	
PILOT-2017004286__G__haiku4.5__rep1.json	PILOT-2017004286	G	1	0.8988	0.9606	0.9364	0.9462	4	
PILOT-2017004286__G__haiku4.5__rep2.json	PILOT-2017004286	G	2	0.8549	0.9678	0.8791	0.9132	26	
PILOT-2017004286__G__sonnet4__rep0.json	PILOT-2017004286	G	0	0.9633	0.9872	0.9721	0.9789	26	
PILOT-2017004286__G__sonnet4__rep1.json	PILOT-2017004286	G	1	0.9479	0.9872	0.9567	0.9698	26	
PILOT-2017004286__G__sonnet4__rep2.json	PILOT-2017004286	G	2	0.8879	0.9794	0.9001	0.9341	26	
PILOT-2017005259__F__gpt4o-mini__rep0.json	PILOT-2017005259	F	0	1.0	1.0	1.0	1.0	8	
PILOT-2017005259__F__gpt4o-mini__rep1.json	PILOT-2017005259	F	1	0.9211	1.0	0.9211	0.9531	4	
PILOT-2017005259__F__gpt4o-mini__rep2.json	PILOT-2017005259	F	2	1.0	1.0	1.0	1.0	5	
PILOT-2017005259__F__gpt5.4__rep0.json	PILOT-2017005259	F	0	0.9679	1.0	0.9679	0.9819	14	
PILOT-2017005259__F__gpt5.4__rep1.json	PILOT-2017005259	F	1	0.9545	1.0	0.9545	0.9729	14	
PILOT-2017005259__F__gpt5.4__rep2.json	PILOT-2017005259	F	2	0.9679	1.0	0.9679	0.9819	14	
PILOT-2017005259__F__haiku4.5__rep0.json	PILOT-2017005259	F	0	0.768	1.0	0.768	0.8537	14	
PILOT-2017005259__F__haiku4.5__rep1.json	PILOT-2017005259	F	1	0.8033	1.0	0.8033	0.8791	14	
PILOT-2017005259__F__haiku4.5__rep2.json	PILOT-2017005259	F	2	0.8015	1.0	0.8015	0.874	12	
PILOT-2017005259__F__sonnet4__rep0.json	PILOT-2017005259	F	0	0.7691	1.0	0.7691	0.8544	14	
PILOT-2017005259__F__sonnet4__rep1.json	PILOT-2017005259	F	1	0.7177	0.9554	0.7404	0.8221	12	
PILOT-2017005259__F__sonnet4__rep2.json	PILOT-2017005259	F	2	0.7458	1.0	0.7458	0.8408	14	
PILOT-2017005259__G__gpt4o-mini__rep0.json	PILOT-2017005259	G	0	1.0	1.0	1.0	1.0	4	
PILOT-2017005259__G__gpt4o-mini__rep1.json	PILOT-2017005259	G	1	0.9365	1.0	0.9365	0.9661	4	
PILOT-2017005259__G__gpt4o-mini__rep2.json	PILOT-2017005259	G	2	1.0	1.0	1.0	1.0	8	
PILOT-2017005259__G__gpt5.4__rep0.json	PILOT-2017005259	G	0	0.9679	1.0	0.9679	0.9819	14	
PILOT-2017005259__G__gpt5.4__rep1.json	PILOT-2017005259	G	1	0.9679	1.0	0.9679	0.9819	14	
PILOT-2017005259__G__gpt5.4__rep2.json	PILOT-2017005259	G	2	0.9679	1.0	0.9679	0.9819	14	
PILOT-2017005259__G__haiku4.5__rep0.json	PILOT-2017005259	G	0	0.7832	1.0	0.7832	0.8638	14	
PILOT-2017005259__G__haiku4.5__rep1.json	PILOT-2017005259	G	1	0.6777	1.0	0.6777	0.7969	14	
PILOT-2017005259__G__haiku4.5__rep2.json	PILOT-2017005259	G	2	0.6516	1.0	0.6516	0.7716	14	
PILOT-2017005259__G__sonnet4__rep0.json	PILOT-2017005259	G	0	0.7091	1.0	0.7091	0.8194	14	
PILOT-2017005259__G__sonnet4__rep1.json	PILOT-2017005259	G	1	0.7091	1.0	0.7091	0.8194	14	
PILOT-2017005259__G__sonnet4__rep2.json	PILOT-2017005259	G	2	0.657	1.0	0.657	0.7776	14	
PILOT-2017005493__F__gpt4o-mini__rep0.json	PILOT-2017005493	F	0	0.5614	0.9716	0.5726	0.7058	7	
PILOT-2017005493__F__gpt4o-mini__rep1.json	PILOT-2017005493	F	1	0.5808	0.8047	0.6536	0.7018	8	
PILOT-2017005493__F__gpt4o-mini__rep2.json	PILOT-2017005493	F	2	0.8267	0.993	0.8329	0.9025	8	
PILOT-2017005493__F__gpt5.4__rep0.json	PILOT-2017005493	F	0	0.8242	0.9972	0.8251	0.8883	20	
PILOT-2017005493__F__gpt5.4__rep1.json	PILOT-2017005493	F	1	0.8197	0.9901	0.8269	0.8894	20	
PILOT-2017005493__F__gpt5.4__rep2.json	PILOT-2017005493	F	2	0.8741	0.9889	0.8769	0.9206	20	
PILOT-2017005493__F__haiku4.5__rep0.json	PILOT-2017005493	F	0	0.5738	0.9901	0.5773	0.7188	20	
PILOT-2017005493__F__haiku4.5__rep1.json	PILOT-2017005493	F	1	0.634	0.9901	0.6391	0.7672	20	
PILOT-2017005493__F__haiku4.5__rep2.json	PILOT-2017005493	F	2	0.6595	0.9901	0.6636	0.7858	20	
PILOT-2017005493__F__sonnet4__rep0.json	PILOT-2017005493	F	0	0.8514	0.9972	0.853	0.9032	20	
PILOT-2017005493__F__sonnet4__rep1.json	PILOT-2017005493	F	1	0.867	0.9851	0.8754	0.9165	20	
PILOT-2017005493__F__sonnet4__rep2.json	PILOT-2017005493	F	2	0.8748	0.9901	0.8797	0.9245	20	
PILOT-2017005493__G__gpt4o-mini__rep0.json	PILOT-2017005493	G	0	0.6995	0.8721	0.7766	0.8082	8	
PILOT-2017005493__G__gpt4o-mini__rep1.json	PILOT-2017005493	G	1	0.8291	0.9907	0.8358	0.9033	6	
PILOT-2017005493__G__gpt4o-mini__rep2.json	PILOT-2017005493	G	2	0.9002	0.9889	0.9101	0.9461	5	
PILOT-2017005493__G__gpt5.4__rep0.json	PILOT-2017005493	G	0	0.7739	0.9901	0.7781	0.8579	20	
PILOT-2017005493__G__gpt5.4__rep1.json	PILOT-2017005493	G	1	0.8486	0.9901	0.8548	0.9028	20	
PILOT-2017005493__G__gpt5.4__rep2.json	PILOT-2017005493	G	2	0.8605	0.9901	0.8659	0.9159	20	
PILOT-2017005493__G__haiku4.5__rep0.json	PILOT-2017005493	G	0	0.6605	0.9901	0.6654	0.7865	20	
PILOT-2017005493__G__haiku4.5__rep1.json	PILOT-2017005493	G	1	0.6101	0.9879	0.616	0.7468	20	
PILOT-2017005493__G__haiku4.5__rep2.json	PILOT-2017005493	G	2	0.7693	0.9901	0.7739	0.8549	20	
PILOT-2017005493__G__sonnet4__rep0.json	PILOT-2017005493	G	0	0.8614	0.9965	0.8637	0.91	16	
PILOT-2017005493__G__sonnet4__rep1.json	PILOT-2017005493	G	1	0.8767	0.9734	0.8943	0.9254	20	
PILOT-2017005493__G__sonnet4__rep2.json	PILOT-2017005493	G	2	0.9017	0.9971	0.9038	0.9418	19	
PILOT-2017006188__F__gpt4o-mini__rep0.json	PILOT-2017006188	F	0	None				0	no_gen
PILOT-2017006188__F__gpt4o-mini__rep1.json	PILOT-2017006188	F	1	None				0	no_gen
PILOT-2017006188__F__gpt4o-mini__rep2.json	PILOT-2017006188	F	2	None				0	no_gen
PILOT-2017006188__F__gpt5.4__rep0.json	PILOT-2017006188	F	0	0.8578	0.9744	0.8834	0.9086	23	
PILOT-2017006188__F__gpt5.4__rep1.json	PILOT-2017006188	F	1	0.9435	0.9832	0.9558	0.9665	23	
PILOT-2017006188__F__gpt5.4__rep2.json	PILOT-2017006188	F	2	0.93	0.9798	0.9469	0.9595	23	
PILOT-2017006188__F__haiku4.5__rep0.json	PILOT-2017006188	F	0	None				0	no_gen
PILOT-2017006188__F__haiku4.5__rep1.json	PILOT-2017006188	F	1	None				0	no_gen
PILOT-2017006188__F__haiku4.5__rep2.json	PILOT-2017006188	F	2	None				0	no_gen
PILOT-2017006188__F__sonnet4__rep0.json	PILOT-2017006188	F	0	None				0	no_gen
PILOT-2017006188__F__sonnet4__rep1.json	PILOT-2017006188	F	1	0.9573	0.9801	0.9773	0.9754	23	
PILOT-2017006188__F__sonnet4__rep2.json	PILOT-2017006188	F	2	None				0	no_gen
PILOT-2017006188__G__gpt4o-mini__rep0.json	PILOT-2017006188	G	0	None				0	no_gen
PILOT-2017006188__G__gpt4o-mini__rep1.json	PILOT-2017006188	G	1	None				0	no_gen
PILOT-2017006188__G__gpt4o-mini__rep2.json	PILOT-2017006188	G	2	None				0	no_gen
PILOT-2017006188__G__gpt5.4__rep0.json	PILOT-2017006188	G	0	0.8159	0.971	0.8365	0.887	16	
PILOT-2017006188__G__gpt5.4__rep1.json	PILOT-2017006188	G	1	0.9138	0.9779	0.9287	0.9458	16	
PILOT-2017006188__G__gpt5.4__rep2.json	PILOT-2017006188	G	2	0.9236	0.9876	0.9359	0.9531	17	
PILOT-2017006188__G__haiku4.5__rep0.json	PILOT-2017006188	G	0	None				0	no_gen
PILOT-2017006188__G__haiku4.5__rep1.json	PILOT-2017006188	G	1	None				0	no_gen
PILOT-2017006188__G__haiku4.5__rep2.json	PILOT-2017006188	G	2	None				0	no_gen
PILOT-2017006188__G__sonnet4__rep0.json	PILOT-2017006188	G	0	None				0	no_gen
PILOT-2017006188__G__sonnet4__rep1.json	PILOT-2017006188	G	1	None				0	no_gen
PILOT-2017006188__G__sonnet4__rep2.json	PILOT-2017006188	G	2	None				0	no_gen
PILOT-2017007272__F__gpt4o-mini__rep0.json	PILOT-2017007272	F	0	0.7852	0.9727	0.8008	0.8671	10	
PILOT-2017007272__F__gpt4o-mini__rep1.json	PILOT-2017007272	F	1	0.8104	0.9294	0.8548	0.8871	9	
PILOT-2017007272__F__gpt4o-mini__rep2.json	PILOT-2017007272	F	2	0.6951	0.9294	0.741	0.818	8	
PILOT-2017007272__F__gpt5.4__rep0.json	PILOT-2017007272	F	0	0.8663	0.9163	0.9237	0.912	14	
PILOT-2017007272__F__gpt5.4__rep1.json	PILOT-2017007272	F	1	0.8368	0.9539	0.8635	0.8936	20	
PILOT-2017007272__F__gpt5.4__rep2.json	PILOT-2017007272	F	2	0.8803	0.9437	0.9237	0.924	14	
PILOT-2017007272__F__haiku4.5__rep0.json	PILOT-2017007272	F	0	0.7504	0.9714	0.7707	0.8367	14	
PILOT-2017007272__F__haiku4.5__rep1.json	PILOT-2017007272	F	1	0.5399	0.9055	0.5965	0.6886	6	
PILOT-2017007272__F__haiku4.5__rep2.json	PILOT-2017007272	F	2	0.6663	0.9556	0.6979	0.7918	9	
PILOT-2017007272__F__sonnet4__rep0.json	PILOT-2017007272	F	0	0.7896	1.0	0.7896	0.8623	16	
PILOT-2017007272__F__sonnet4__rep1.json	PILOT-2017007272	F	1	0.8306	1.0	0.8306	0.8888	16	
PILOT-2017007272__F__sonnet4__rep2.json	PILOT-2017007272	F	2	0.8433	1.0	0.8433	0.9027	16	
PILOT-2017007272__G__gpt4o-mini__rep0.json	PILOT-2017007272	G	0	0.7055	0.9659	0.7203	0.8166	9	
PILOT-2017007272__G__gpt4o-mini__rep1.json	PILOT-2017007272	G	1	0.6842	1.0	0.6842	0.8056	6	
PILOT-2017007272__G__gpt4o-mini__rep2.json	PILOT-2017007272	G	2	0.6883	0.9	0.7298	0.8006	5	
PILOT-2017007272__G__gpt5.4__rep0.json	PILOT-2017007272	G	0	0.921	0.9539	0.9516	0.9511	20	
PILOT-2017007272__G__gpt5.4__rep1.json	PILOT-2017007272	G	1	0.8675	0.9211	0.9182	0.9128	14	
PILOT-2017007272__G__gpt5.4__rep2.json	PILOT-2017007272	G	2	0.8879	0.9414	0.9276	0.9263	20	
PILOT-2017007272__G__haiku4.5__rep0.json	PILOT-2017007272	G	0	0.5052	0.9318	0.5225	0.6559	8	
PILOT-2017007272__G__haiku4.5__rep1.json	PILOT-2017007272	G	1	0.5403	0.9495	0.5625	0.6929	9	
PILOT-2017007272__G__haiku4.5__rep2.json	PILOT-2017007272	G	2	0.5195	1.0	0.5195	0.6713	7	
PILOT-2017007272__G__sonnet4__rep0.json	PILOT-2017007272	G	0	0.8193	1.0	0.8193	0.8835	16	
PILOT-2017007272__G__sonnet4__rep1.json	PILOT-2017007272	G	1	0.8604	0.9764	0.8781	0.9148	20	
PILOT-2017007272__G__sonnet4__rep2.json	PILOT-2017007272	G	2	0.8451	1.0	0.8451	0.9055	16	
PILOT-2017007595__F__gpt4o-mini__rep0.json	PILOT-2017007595	F	0	0.8899	0.9771	0.9092	0.9413	5	
PILOT-2017007595__F__gpt4o-mini__rep1.json	PILOT-2017007595	F	1	0.8855	0.9809	0.9016	0.9388	6	
PILOT-2017007595__F__gpt4o-mini__rep2.json	PILOT-2017007595	F	2	0.8213	0.9809	0.834	0.901	6	
PILOT-2017007595__F__gpt5.4__rep0.json	PILOT-2017007595	F	0	0.8403	0.9865	0.8429	0.8992	37	
PILOT-2017007595__F__gpt5.4__rep1.json	PILOT-2017007595	F	1	0.9587	0.9918	0.9657	0.9769	42	
PILOT-2017007595__F__gpt5.4__rep2.json	PILOT-2017007595	F	2	0.9478	0.9973	0.9492	0.968	42	
PILOT-2017007595__F__haiku4.5__rep0.json	PILOT-2017007595	F	0	0.8155	0.9581	0.8333	0.8858	42	
PILOT-2017007595__F__haiku4.5__rep1.json	PILOT-2017007595	F	1	0.7966	0.9896	0.8045	0.8859	11	
PILOT-2017007595__F__haiku4.5__rep2.json	PILOT-2017007595	F	2	0.7367	0.9433	0.7588	0.8391	25	
PILOT-2017007595__F__sonnet4__rep0.json	PILOT-2017007595	F	0	0.8838	0.9602	0.9065	0.9293	42	
PILOT-2017007595__F__sonnet4__rep1.json	PILOT-2017007595	F	1	0.9333	0.9891	0.9424	0.9624	42	
PILOT-2017007595__F__sonnet4__rep2.json	PILOT-2017007595	F	2	0.9127	0.9891	0.9212	0.9496	42	
PILOT-2017007595__G__gpt4o-mini__rep0.json	PILOT-2017007595	G	0	0.872	0.9771	0.8903	0.9313	5	
PILOT-2017007595__G__gpt4o-mini__rep1.json	PILOT-2017007595	G	1	0.8086	0.957	0.838	0.8934	6	
PILOT-2017007595__G__gpt4o-mini__rep2.json	PILOT-2017007595	G	2	0.8899	0.9771	0.9092	0.9413	5	
PILOT-2017007595__G__gpt5.4__rep0.json	PILOT-2017007595	G	0	0.9738	1.0	0.9738	0.9854	42	
PILOT-2017007595__G__gpt5.4__rep1.json	PILOT-2017007595	G	1	0.9753	1.0	0.9753	0.9861	37	
PILOT-2017007595__G__gpt5.4__rep2.json	PILOT-2017007595	G	2	0.9749	1.0	0.9749	0.986	42	
PILOT-2017007595__G__haiku4.5__rep0.json	PILOT-2017007595	G	0	0.7986	0.9837	0.8093	0.8868	7	
PILOT-2017007595__G__haiku4.5__rep1.json	PILOT-2017007595	G	1	0.794	0.9809	0.8065	0.8838	6	
PILOT-2017007595__G__haiku4.5__rep2.json	PILOT-2017007595	G	2	0.7986	0.9837	0.8093	0.8868	7	
PILOT-2017007595__G__sonnet4__rep0.json	PILOT-2017007595	G	0	0.9322	0.9891	0.9413	0.9618	42	
PILOT-2017007595__G__sonnet4__rep1.json	PILOT-2017007595	G	1	0.9322	0.9891	0.9413	0.9618	42	
PILOT-2017007595__G__sonnet4__rep2.json	PILOT-2017007595	G	2	0.9301	0.9878	0.9402	0.9606	42	
PILOT-2017009415__F__gpt4o-mini__rep0.json	PILOT-2017009415	F	0	0.5866	0.755	0.7201	0.7085	7	
PILOT-2017009415__F__gpt4o-mini__rep1.json	PILOT-2017009415	F	1	0.7312	0.8751	0.8129	0.8362	6	
PILOT-2017009415__F__gpt4o-mini__rep2.json	PILOT-2017009415	F	2	0.6841	0.7495	0.8491	0.7837	6	
PILOT-2017009415__F__gpt5.4__rep0.json	PILOT-2017009415	F	0	0.9068	0.9524	0.9539	0.946	9	
PILOT-2017009415__F__gpt5.4__rep1.json	PILOT-2017009415	F	1	0.8028	0.9465	0.8545	0.8706	8	
PILOT-2017009415__F__gpt5.4__rep2.json	PILOT-2017009415	F	2	0.8929	0.9469	0.9439	0.9382	9	
PILOT-2017009415__F__haiku4.5__rep0.json	PILOT-2017009415	F	0	0.6554	0.8807	0.6903	0.7654	13	
PILOT-2017009415__F__haiku4.5__rep1.json	PILOT-2017009415	F	1	0.6138	0.8884	0.6424	0.7343	13	
PILOT-2017009415__F__haiku4.5__rep2.json	PILOT-2017009415	F	2	0.8176	0.9478	0.8679	0.8865	13	
PILOT-2017009415__F__sonnet4__rep0.json	PILOT-2017009415	F	0	0.9029	0.9517	0.9492	0.9441	13	
PILOT-2017009415__F__sonnet4__rep1.json	PILOT-2017009415	F	1	0.916	0.9517	0.9635	0.9522	13	
PILOT-2017009415__F__sonnet4__rep2.json	PILOT-2017009415	F	2	0.9043	0.9517	0.9508	0.9451	13	
PILOT-2017009415__G__gpt4o-mini__rep0.json	PILOT-2017009415	G	0	None				0	no_gen
PILOT-2017009415__G__gpt4o-mini__rep1.json	PILOT-2017009415	G	1	0.6495	0.7528	0.8073	0.7734	6	
PILOT-2017009415__G__gpt4o-mini__rep2.json	PILOT-2017009415	G	2	0.8925	0.9169	0.9656	0.9368	13	
PILOT-2017009415__G__gpt5.4__rep0.json	PILOT-2017009415	G	0	0.7603	0.9264	0.8055	0.8494	10	
PILOT-2017009415__G__gpt5.4__rep1.json	PILOT-2017009415	G	1	0.9002	0.9429	0.9509	0.942	11	
PILOT-2017009415__G__gpt5.4__rep2.json	PILOT-2017009415	G	2	0.7159	0.9572	0.7576	0.8219	10	
PILOT-2017009415__G__haiku4.5__rep0.json	PILOT-2017009415	G	0	0.654	0.8799	0.7282	0.7677	10	
PILOT-2017009415__G__haiku4.5__rep1.json	PILOT-2017009415	G	1	0.6655	0.8807	0.7377	0.7825	13	
PILOT-2017009415__G__haiku4.5__rep2.json	PILOT-2017009415	G	2	0.7509	0.8807	0.7943	0.8226	13	
PILOT-2017009415__G__sonnet4__rep0.json	PILOT-2017009415	G	0	0.9107	0.9517	0.9581	0.9486	13	
PILOT-2017009415__G__sonnet4__rep1.json	PILOT-2017009415	G	1	0.9008	0.9269	0.9603	0.9352	13	
PILOT-2017009415__G__sonnet4__rep2.json	PILOT-2017009415	G	2	0.9265	0.9517	0.9745	0.958	13	
PILOT-2017010497__F__gpt4o-mini__rep0.json	PILOT-2017010497	F	0	0.9596	0.9896	0.9661	0.9768	12	
PILOT-2017010497__F__gpt4o-mini__rep1.json	PILOT-2017010497	F	1	0.9645	1.0	0.9645	0.9799	12	
PILOT-2017010497__F__gpt4o-mini__rep2.json	PILOT-2017010497	F	2	0.9515	1.0	0.9515	0.9713	13	
PILOT-2017010497__F__gpt5.4__rep0.json	PILOT-2017010497	F	0	0.9081	0.9659	0.9157	0.9383	16	
PILOT-2017010497__F__gpt5.4__rep1.json	PILOT-2017010497	F	1	0.9291	0.958	0.9711	0.9551	13	
PILOT-2017010497__F__gpt5.4__rep2.json	PILOT-2017010497	F	2	0.9579	1.0	0.9579	0.977	12	
PILOT-2017010497__F__haiku4.5__rep0.json	PILOT-2017010497	F	0	0.6971	1.0	0.6971	0.8135	10	
PILOT-2017010497__F__haiku4.5__rep1.json	PILOT-2017010497	F	1	0.6806	1.0	0.6806	0.8028	13	
PILOT-2017010497__F__haiku4.5__rep2.json	PILOT-2017010497	F	2	None	None	None	None	0	no_aligned_claims
PILOT-2017010497__F__sonnet4__rep0.json	PILOT-2017010497	F	0	0.729	1.0	0.729	0.8365	12	
PILOT-2017010497__F__sonnet4__rep1.json	PILOT-2017010497	F	1	0.9687	1.0	0.9687	0.9826	12	
PILOT-2017010497__F__sonnet4__rep2.json	PILOT-2017010497	F	2	0.7675	1.0	0.7675	0.8518	12	
PILOT-2017010497__G__gpt4o-mini__rep0.json	PILOT-2017010497	G	0	None				0	no_gen
PILOT-2017010497__G__gpt4o-mini__rep1.json	PILOT-2017010497	G	1	0.9629	1.0	0.9629	0.98	8	
PILOT-2017010497__G__gpt4o-mini__rep2.json	PILOT-2017010497	G	2	None				0	no_gen
PILOT-2017010497__G__gpt5.4__rep0.json	PILOT-2017010497	G	0	0.9301	0.958	0.972	0.9562	13	
PILOT-2017010497__G__gpt5.4__rep1.json	PILOT-2017010497	G	1	0.9152	0.9659	0.9269	0.9435	16	
PILOT-2017010497__G__gpt5.4__rep2.json	PILOT-2017010497	G	2	0.8955	0.9659	0.9072	0.9334	16	
PILOT-2017010497__G__haiku4.5__rep0.json	PILOT-2017010497	G	0	0.8048	1.0	0.8048	0.8806	12	
PILOT-2017010497__G__haiku4.5__rep1.json	PILOT-2017010497	G	1	0.7408	1.0	0.7408	0.8456	13	
PILOT-2017010497__G__haiku4.5__rep2.json	PILOT-2017010497	G	2	0.6782	1.0	0.6782	0.8003	12	
PILOT-2017010497__G__sonnet4__rep0.json	PILOT-2017010497	G	0	0.7685	1.0	0.7685	0.8647	12	
PILOT-2017010497__G__sonnet4__rep1.json	PILOT-2017010497	G	1	0.7084	1.0	0.7084	0.8238	12	
PILOT-2017010497__G__sonnet4__rep2.json	PILOT-2017010497	G	2	0.9555	1.0	0.9555	0.9755	12	
PILOT-2017010632__F__gpt4o-mini__rep0.json	PILOT-2017010632	F	0	None				0	no_gen
PILOT-2017010632__F__gpt4o-mini__rep1.json	PILOT-2017010632	F	1	None				0	no_gen
PILOT-2017010632__F__gpt4o-mini__rep2.json	PILOT-2017010632	F	2	0.6029	0.7692	0.625	0.6707	2	
PILOT-2017010632__F__gpt5.4__rep0.json	PILOT-2017010632	F	0	0.9442	0.9613	0.961	0.9579	19	
PILOT-2017010632__F__gpt5.4__rep1.json	PILOT-2017010632	F	1	0.9447	0.9646	0.9584	0.9585	19	
PILOT-2017010632__F__gpt5.4__rep2.json	PILOT-2017010632	F	2	0.9445	0.9613	0.9615	0.9584	19	
PILOT-2017010632__F__haiku4.5__rep0.json	PILOT-2017010632	F	0	0.9185	0.9712	0.9313	0.9426	18	
PILOT-2017010632__F__haiku4.5__rep1.json	PILOT-2017010632	F	1	0.8936	0.9695	0.9072	0.9276	17	
PILOT-2017010632__F__haiku4.5__rep2.json	PILOT-2017010632	F	2	0.8988	0.9712	0.9116	0.9302	18	
PILOT-2017010632__F__sonnet4__rep0.json	PILOT-2017010632	F	0	0.9445	0.9889	0.9556	0.9638	19	
PILOT-2017010632__F__sonnet4__rep1.json	PILOT-2017010632	F	1	0.9445	0.9889	0.9556	0.9638	19	
PILOT-2017010632__F__sonnet4__rep2.json	PILOT-2017010632	F	2	0.9537	0.9856	0.9681	0.9692	19	
PILOT-2017010632__G__gpt4o-mini__rep0.json	PILOT-2017010632	G	0	0.3667	0.7692	0.3873	0.5145	2	
PILOT-2017010632__G__gpt4o-mini__rep1.json	PILOT-2017010632	G	1	None				0	no_gen
PILOT-2017010632__G__gpt4o-mini__rep2.json	PILOT-2017010632	G	2	None				0	no_gen
PILOT-2017010632__G__gpt5.4__rep0.json	PILOT-2017010632	G	0	0.933	0.9646	0.9457	0.9497	19	
PILOT-2017010632__G__gpt5.4__rep1.json	PILOT-2017010632	G	1	0.5875	0.7692	0.6029	0.649	2	
PILOT-2017010632__G__gpt5.4__rep2.json	PILOT-2017010632	G	2	0.4685	0.7692	0.4839	0.5814	2	
PILOT-2017010632__G__haiku4.5__rep0.json	PILOT-2017010632	G	0	0.8413	0.9727	0.8545	0.8985	19	
PILOT-2017010632__G__haiku4.5__rep1.json	PILOT-2017010632	G	1	0.935	0.9646	0.9488	0.9534	19	
PILOT-2017010632__G__haiku4.5__rep2.json	PILOT-2017010632	G	2	0.8209	0.9727	0.8334	0.8829	19	
PILOT-2017010632__G__sonnet4__rep0.json	PILOT-2017010632	G	0	0.9537	0.9856	0.9681	0.9692	19	
PILOT-2017010632__G__sonnet4__rep1.json	PILOT-2017010632	G	1	0.9539	0.9889	0.965	0.9693	19	
PILOT-2017010632__G__sonnet4__rep2.json	PILOT-2017010632	G	2	0.9353	0.9646	0.949	0.953	19	
PILOT-2018000427__F__gpt4o-mini__rep0.json	PILOT-2018000427	F	0	0.9729	0.9861	0.9861	0.9861	2	
PILOT-2018000427__F__gpt4o-mini__rep1.json	PILOT-2018000427	F	1	0.9861	0.9861	1.0	0.9929	2	
PILOT-2018000427__F__gpt4o-mini__rep2.json	PILOT-2018000427	F	2	0.8487	0.9861	0.8606	0.9174	2	
PILOT-2018000427__F__gpt5.4__rep0.json	PILOT-2018000427	F	0	0.7406	0.9236	0.7773	0.8384	2	
PILOT-2018000427__F__gpt5.4__rep1.json	PILOT-2018000427	F	1	0.8772	0.9548	0.9142	0.934	2	
PILOT-2018000427__F__gpt5.4__rep2.json	PILOT-2018000427	F	2	0.7731	0.9548	0.7991	0.864	2	
PILOT-2018000427__F__haiku4.5__rep0.json	PILOT-2018000427	F	0	0.1593	0.4857	0.1905	0.2674	2	
PILOT-2018000427__F__haiku4.5__rep1.json	PILOT-2018000427	F	1	0.2337	0.6285	0.2545	0.3595	2	
PILOT-2018000427__F__haiku4.5__rep2.json	PILOT-2018000427	F	2	0.1625	0.4857	0.1954	0.2708	2	
PILOT-2018000427__F__sonnet4__rep0.json	PILOT-2018000427	F	0	0.7747	0.9861	0.7853	0.8708	2	
PILOT-2018000427__F__sonnet4__rep1.json	PILOT-2018000427	F	1	0.7747	0.9861	0.7853	0.8708	2	
PILOT-2018000427__F__sonnet4__rep2.json	PILOT-2018000427	F	2	0.7747	0.9861	0.7853	0.8708	2	
PILOT-2018000427__G__gpt4o-mini__rep0.json	PILOT-2018000427	G	0	None				0	no_gen
PILOT-2018000427__G__gpt4o-mini__rep1.json	PILOT-2018000427	G	1	None				0	no_gen
PILOT-2018000427__G__gpt4o-mini__rep2.json	PILOT-2018000427	G	2	None				0	no_gen
PILOT-2018000427__G__gpt5.4__rep0.json	PILOT-2018000427	G	0	0.8012	0.9861	0.8123	0.8877	2	
PILOT-2018000427__G__gpt5.4__rep1.json	PILOT-2018000427	G	1	0.8772	0.9548	0.9142	0.934	2	
PILOT-2018000427__G__gpt5.4__rep2.json	PILOT-2018000427	G	2	0.7731	0.9548	0.7991	0.864	2	
PILOT-2018000427__G__haiku4.5__rep0.json	PILOT-2018000427	G	0	0.2254	0.6285	0.2442	0.348	2	
PILOT-2018000427__G__haiku4.5__rep1.json	PILOT-2018000427	G	1	0.7547	0.8923	0.8448	0.8602	2	
PILOT-2018000427__G__haiku4.5__rep2.json	PILOT-2018000427	G	2	0.8092	0.8923	0.9018	0.8939	2	
PILOT-2018000427__G__sonnet4__rep0.json	PILOT-2018000427	G	0	0.7747	0.9861	0.7853	0.8708	2	
PILOT-2018000427__G__sonnet4__rep1.json	PILOT-2018000427	G	1	0.7747	0.9861	0.7853	0.8708	2	
PILOT-2018000427__G__sonnet4__rep2.json	PILOT-2018000427	G	2	0.7747	0.9861	0.7853	0.8708	2	
PILOT-2018001232__F__gpt4o-mini__rep0.json	PILOT-2018001232	F	0	0.5699	0.7111	0.6741	0.6811	3	
PILOT-2018001232__F__gpt4o-mini__rep1.json	PILOT-2018001232	F	1	0.7396	0.9259	0.7863	0.8483	2	
PILOT-2018001232__F__gpt4o-mini__rep2.json	PILOT-2018001232	F	2	0.5699	0.7111	0.6741	0.6811	3	
PILOT-2018001232__F__gpt5.4__rep0.json	PILOT-2018001232	F	0	0.8257	0.8565	0.9692	0.9029	20	
PILOT-2018001232__F__gpt5.4__rep1.json	PILOT-2018001232	F	1	0.8294	0.8565	0.9729	0.9055	20	
PILOT-2018001232__F__gpt5.4__rep2.json	PILOT-2018001232	F	2	0.8175	0.8565	0.9596	0.8976	20	
PILOT-2018001232__F__haiku4.5__rep0.json	PILOT-2018001232	F	0	0.8088	0.8588	0.95	0.891	16	
PILOT-2018001232__F__haiku4.5__rep1.json	PILOT-2018001232	F	1	0.8203	0.8588	0.9615	0.8995	16	
PILOT-2018001232__F__haiku4.5__rep2.json	PILOT-2018001232	F	2	0.8203	0.8588	0.9615	0.8995	16	
PILOT-2018001232__F__sonnet4__rep0.json	PILOT-2018001232	F	0	0.8294	0.8565	0.9729	0.9055	20	
PILOT-2018001232__F__sonnet4__rep1.json	PILOT-2018001232	F	1	0.8294	0.8565	0.9729	0.9055	20	
PILOT-2018001232__F__sonnet4__rep2.json	PILOT-2018001232	F	2	0.8294	0.8565	0.9729	0.9055	20	
PILOT-2018001232__G__gpt4o-mini__rep0.json	PILOT-2018001232	G	0	0.7617	0.8814	0.8529	0.8627	5	
PILOT-2018001232__G__gpt4o-mini__rep1.json	PILOT-2018001232	G	1	0.6215	0.8588	0.6892	0.7619	16	
PILOT-2018001232__G__gpt4o-mini__rep2.json	PILOT-2018001232	G	2	0.7667	1.0	0.7667	0.8643	2	
PILOT-2018001232__G__gpt5.4__rep0.json	PILOT-2018001232	G	0	0.8294	0.8565	0.9729	0.9055	20	
PILOT-2018001232__G__gpt5.4__rep1.json	PILOT-2018001232	G	1	0.8294	0.8565	0.9729	0.9055	20	
PILOT-2018001232__G__gpt5.4__rep2.json	PILOT-2018001232	G	2	0.8297	0.8565	0.9732	0.9056	20	
PILOT-2018001232__G__haiku4.5__rep0.json	PILOT-2018001232	G	0	0.6632	0.8565	0.7531	0.7903	20	
PILOT-2018001232__G__haiku4.5__rep1.json	PILOT-2018001232	G	1	0.672	0.8565	0.7612	0.7966	20	
PILOT-2018001232__G__haiku4.5__rep2.json	PILOT-2018001232	G	2	0.6142	0.8588	0.6876	0.7596	16	
PILOT-2018001232__G__sonnet4__rep0.json	PILOT-2018001232	G	0	0.8294	0.8565	0.9729	0.9055	20	
PILOT-2018001232__G__sonnet4__rep1.json	PILOT-2018001232	G	1	0.8294	0.8565	0.9729	0.9055	20	
PILOT-2018001232__G__sonnet4__rep2.json	PILOT-2018001232	G	2	0.8294	0.8565	0.9729	0.9055	20	
PILOT-2018003513__F__gpt4o-mini__rep0.json	PILOT-2018003513	F	0	0.862	0.8689	0.9087	0.8804	10	
PILOT-2018003513__F__gpt4o-mini__rep1.json	PILOT-2018003513	F	1	0.7032	0.7435	0.8959	0.7525	7	
PILOT-2018003513__F__gpt4o-mini__rep2.json	PILOT-2018003513	F	2	0.8627	0.8661	0.9197	0.885	11	
PILOT-2018003513__F__gpt5.4__rep0.json	PILOT-2018003513	F	0	0.7636	0.7859	0.9778	0.8252	15	
PILOT-2018003513__F__gpt5.4__rep1.json	PILOT-2018003513	F	1	0.8501	0.8526	0.9975	0.8793	15	
PILOT-2018003513__F__gpt5.4__rep2.json	PILOT-2018003513	F	2	0.9005	0.9112	0.9892	0.9322	15	
PILOT-2018003513__F__haiku4.5__rep0.json	PILOT-2018003513	F	0	0.6135	0.7408	0.7944	0.6826	15	
PILOT-2018003513__F__haiku4.5__rep1.json	PILOT-2018003513	F	1	0.5899	0.6559	0.829	0.6537	15	
PILOT-2018003513__F__haiku4.5__rep2.json	PILOT-2018003513	F	2	0.5899	0.6392	0.8544	0.6537	15	
PILOT-2018003513__F__sonnet4__rep0.json	PILOT-2018003513	F	0	0.8226	0.8511	0.9708	0.8606	15	
PILOT-2018003513__F__sonnet4__rep1.json	PILOT-2018003513	F	1	0.6529	0.6746	0.9616	0.7082	14	
PILOT-2018003513__F__sonnet4__rep2.json	PILOT-2018003513	F	2	0.6672	0.6916	0.9594	0.7229	15	
PILOT-2018003513__G__gpt4o-mini__rep0.json	PILOT-2018003513	G	0	1.0	1.0	1.0	1.0	3	
PILOT-2018003513__G__gpt4o-mini__rep1.json	PILOT-2018003513	G	1	0.7211	0.735	0.9167	0.7702	6	
PILOT-2018003513__G__gpt4o-mini__rep2.json	PILOT-2018003513	G	2	0.7735	0.8376	0.8487	0.8391	5	
PILOT-2018003513__G__gpt5.4__rep0.json	PILOT-2018003513	G	0	0.7739	0.7932	0.9707	0.8261	15	
PILOT-2018003513__G__gpt5.4__rep1.json	PILOT-2018003513	G	1	0.8871	0.9141	0.9723	0.9235	15	
PILOT-2018003513__G__gpt5.4__rep2.json	PILOT-2018003513	G	2	0.8475	0.8606	0.9864	0.887	15	
PILOT-2018003513__G__haiku4.5__rep0.json	PILOT-2018003513	G	0	0.5313	0.5622	0.854	0.6165	15	
PILOT-2018003513__G__haiku4.5__rep1.json	PILOT-2018003513	G	1	0.6421	0.6575	0.8444	0.6916	15	
PILOT-2018003513__G__haiku4.5__rep2.json	PILOT-2018003513	G	2	0.6412	0.6487	0.9111	0.6922	15	
PILOT-2018003513__G__sonnet4__rep0.json	PILOT-2018003513	G	0	0.7244	0.7332	0.9905	0.7672	15	
PILOT-2018003513__G__sonnet4__rep1.json	PILOT-2018003513	G	1	0.6827	0.6916	0.9905	0.7369	15	
PILOT-2018003513__G__sonnet4__rep2.json	PILOT-2018003513	G	2	0.9024	0.9141	0.9876	0.9332	15	
PILOT-2018005420__F__gpt4o-mini__rep0.json	PILOT-2018005420	F	0	0.8611	0.8611	1.0	0.9221	25	
PILOT-2018005420__F__gpt4o-mini__rep1.json	PILOT-2018005420	F	1	0.8491	0.8718	0.9718	0.9151	25	
PILOT-2018005420__F__gpt4o-mini__rep2.json	PILOT-2018005420	F	2	0.8475	0.9059	0.9246	0.9143	6	
PILOT-2018005420__F__gpt5.4__rep0.json	PILOT-2018005420	F	0	0.8104	0.8462	0.9478	0.8903	25	
PILOT-2018005420__F__gpt5.4__rep1.json	PILOT-2018005420	F	1	0.8062	0.8341	0.9579	0.8885	25	
PILOT-2018005420__F__gpt5.4__rep2.json	PILOT-2018005420	F	2	0.7803	0.8365	0.9196	0.8713	25	
PILOT-2018005420__F__haiku4.5__rep0.json	PILOT-2018005420	F	0	0.8195	0.8718	0.9393	0.8972	25	
PILOT-2018005420__F__haiku4.5__rep1.json	PILOT-2018005420	F	1	0.9108	0.9841	0.924	0.9529	3	
PILOT-2018005420__F__haiku4.5__rep2.json	PILOT-2018005420	F	2	0.8516	0.8718	0.9742	0.9154	25	
PILOT-2018005420__F__sonnet4__rep0.json	PILOT-2018005420	F	0	0.8082	0.8718	0.9217	0.8888	25	
PILOT-2018005420__F__sonnet4__rep1.json	PILOT-2018005420	F	1	0.8237	0.8718	0.9404	0.8992	25	
PILOT-2018005420__F__sonnet4__rep2.json	PILOT-2018005420	F	2	0.8343	0.8718	0.9556	0.9069	25	
PILOT-2018005420__G__gpt4o-mini__rep0.json	PILOT-2018005420	G	0	0.8105	0.8365	0.9604	0.8909	25	
PILOT-2018005420__G__gpt4o-mini__rep1.json	PILOT-2018005420	G	1	0.8401	0.8401	1.0	0.9083	6	
PILOT-2018005420__G__gpt4o-mini__rep2.json	PILOT-2018005420	G	2	0.8679	0.8718	0.9959	0.9262	25	
PILOT-2018005420__G__gpt5.4__rep0.json	PILOT-2018005420	G	0	0.8093	0.8341	0.9629	0.8906	25	
PILOT-2018005420__G__gpt5.4__rep1.json	PILOT-2018005420	G	1	0.8087	0.8365	0.9583	0.8899	25	
PILOT-2018005420__G__gpt5.4__rep2.json	PILOT-2018005420	G	2	0.8251	0.8441	0.9718	0.9	25	
PILOT-2018005420__G__haiku4.5__rep0.json	PILOT-2018005420	G	0	0.8365	0.8365	1.0	0.9074	25	
PILOT-2018005420__G__haiku4.5__rep1.json	PILOT-2018005420	G	1	0.8365	0.8365	1.0	0.9074	25	
PILOT-2018005420__G__haiku4.5__rep2.json	PILOT-2018005420	G	2	0.8365	0.8365	1.0	0.9074	25	
PILOT-2018005420__G__sonnet4__rep0.json	PILOT-2018005420	G	0	0.8082	0.8718	0.9217	0.8888	25	
PILOT-2018005420__G__sonnet4__rep1.json	PILOT-2018005420	G	1	0.8068	0.8718	0.9203	0.8881	25	
PILOT-2018005420__G__sonnet4__rep2.json	PILOT-2018005420	G	2	0.8082	0.8718	0.9217	0.8888	25	
PILOT-2018005863__F__gpt4o-mini__rep0.json	PILOT-2018005863	F	0	0.9031	0.9264	0.9724	0.9469	5	
PILOT-2018005863__F__gpt4o-mini__rep1.json	PILOT-2018005863	F	1	0.9251	0.9695	0.9551	0.9579	16	
PILOT-2018005863__F__gpt4o-mini__rep2.json	PILOT-2018005863	F	2	0.8936	0.9632	0.9304	0.9403	10	
PILOT-2018005863__F__gpt5.4__rep0.json	PILOT-2018005863	F	0	0.9331	0.958	0.9697	0.9629	25	
PILOT-2018005863__F__gpt5.4__rep1.json	PILOT-2018005863	F	1	0.8736	0.9631	0.9028	0.9266	25	
PILOT-2018005863__F__gpt5.4__rep2.json	PILOT-2018005863	F	2	0.9217	0.9631	0.9537	0.9548	25	
PILOT-2018005863__F__haiku4.5__rep0.json	PILOT-2018005863	F	0	0.9232	0.9631	0.9516	0.9555	25	
PILOT-2018005863__F__haiku4.5__rep1.json	PILOT-2018005863	F	1	0.9333	0.9631	0.9642	0.9616	25	
PILOT-2018005863__F__haiku4.5__rep2.json	PILOT-2018005863	F	2	0.9333	0.9631	0.9642	0.9616	25	
PILOT-2018005863__F__sonnet4__rep0.json	PILOT-2018005863	F	0	0.9083	0.9631	0.9392	0.9477	25	
PILOT-2018005863__F__sonnet4__rep1.json	PILOT-2018005863	F	1	0.9259	0.9631	0.9591	0.959	25	
PILOT-2018005863__F__sonnet4__rep2.json	PILOT-2018005863	F	2	0.8985	0.9631	0.9282	0.9413	25	
PILOT-2018005863__G__gpt4o-mini__rep0.json	PILOT-2018005863	G	0	0.8948	0.925	0.9666	0.9427	4	
PILOT-2018005863__G__gpt4o-mini__rep1.json	PILOT-2018005863	G	1	0.8959	0.9755	0.9202	0.941	15	
PILOT-2018005863__G__gpt4o-mini__rep2.json	PILOT-2018005863	G	2	0.4257	0.5859	0.5231	0.5211	22	
PILOT-2018005863__G__gpt5.4__rep0.json	PILOT-2018005863	G	0	0.9422	0.9631	0.9749	0.968	25	
PILOT-2018005863__G__gpt5.4__rep1.json	PILOT-2018005863	G	1	0.9284	0.958	0.9649	0.9599	25	
PILOT-2018005863__G__gpt5.4__rep2.json	PILOT-2018005863	G	2	0.9522	0.958	0.9934	0.974	25	
PILOT-2018005863__G__haiku4.5__rep0.json	PILOT-2018005863	G	0	0.7966	0.958	0.8229	0.8788	25	
PILOT-2018005863__G__haiku4.5__rep1.json	PILOT-2018005863	G	1	0.8192	0.958	0.8513	0.8952	25	
PILOT-2018005863__G__haiku4.5__rep2.json	PILOT-2018005863	G	2	0.8892	0.958	0.9232	0.9375	25	
PILOT-2018005863__G__sonnet4__rep0.json	PILOT-2018005863	G	0	0.902	0.9631	0.9322	0.9439	25	
PILOT-2018005863__G__sonnet4__rep1.json	PILOT-2018005863	G	1	0.8954	0.9631	0.9251	0.9397	25	
PILOT-2018005863__G__sonnet4__rep2.json	PILOT-2018005863	G	2	0.8972	0.9631	0.927	0.9409	25	
PILOT-2018007886__F__gpt4o-mini__rep0.json	PILOT-2018007886	F	0	0.6744	1.0	0.6744	0.7963	6	
PILOT-2018007886__F__gpt4o-mini__rep1.json	PILOT-2018007886	F	1	0.7638	1.0	0.7638	0.8499	5	
PILOT-2018007886__F__gpt4o-mini__rep2.json	PILOT-2018007886	F	2	0.8555	0.9818	0.8706	0.9187	5	
PILOT-2018007886__F__gpt5.4__rep0.json	PILOT-2018007886	F	0	0.7788	1.0	0.7788	0.8626	7	
PILOT-2018007886__F__gpt5.4__rep1.json	PILOT-2018007886	F	1	0.9444	0.9943	0.9492	0.9646	16	
PILOT-2018007886__F__gpt5.4__rep2.json	PILOT-2018007886	F	2	0.92	1.0	0.92	0.9505	16	
PILOT-2018007886__F__haiku4.5__rep0.json	PILOT-2018007886	F	0	0.8581	1.0	0.8581	0.9094	14	
PILOT-2018007886__F__haiku4.5__rep1.json	PILOT-2018007886	F	1	0.6825	0.9849	0.6886	0.7981	6	
PILOT-2018007886__F__haiku4.5__rep2.json	PILOT-2018007886	F	2	0.696	0.9849	0.704	0.8074	6	
PILOT-2018007886__F__sonnet4__rep0.json	PILOT-2018007886	F	0	0.8961	1.0	0.8961	0.9371	16	
PILOT-2018007886__F__sonnet4__rep1.json	PILOT-2018007886	F	1	0.9015	1.0	0.9015	0.9408	16	
PILOT-2018007886__F__sonnet4__rep2.json	PILOT-2018007886	F	2	0.8928	1.0	0.8928	0.9355	16	
PILOT-2018007886__G__gpt4o-mini__rep0.json	PILOT-2018007886	G	0	None				0	no_gen
PILOT-2018007886__G__gpt4o-mini__rep1.json	PILOT-2018007886	G	1	None				0	no_gen
PILOT-2018007886__G__gpt4o-mini__rep2.json	PILOT-2018007886	G	2	0.9307	1.0	0.9307	0.9607	16	
PILOT-2018007886__G__gpt5.4__rep0.json	PILOT-2018007886	G	0	0.9089	1.0	0.9089	0.9436	16	
PILOT-2018007886__G__gpt5.4__rep1.json	PILOT-2018007886	G	1	0.9243	1.0	0.9243	0.9534	16	
PILOT-2018007886__G__gpt5.4__rep2.json	PILOT-2018007886	G	2	0.7904	1.0	0.7904	0.8706	7	
PILOT-2018007886__G__haiku4.5__rep0.json	PILOT-2018007886	G	0	0.7481	1.0	0.7481	0.8462	6	
PILOT-2018007886__G__haiku4.5__rep1.json	PILOT-2018007886	G	1	0.9001	0.9943	0.9035	0.9389	16	
PILOT-2018007886__G__haiku4.5__rep2.json	PILOT-2018007886	G	2	0.8904	0.9943	0.8934	0.932	16	
PILOT-2018007886__G__sonnet4__rep0.json	PILOT-2018007886	G	0	0.855	1.0	0.855	0.9061	16	
PILOT-2018007886__G__sonnet4__rep1.json	PILOT-2018007886	G	1	0.8935	1.0	0.8935	0.9338	16	
PILOT-2018007886__G__sonnet4__rep2.json	PILOT-2018007886	G	2	0.8825	1.0	0.8825	0.9264	16	
PILOT-2018007979__F__gpt4o-mini__rep0.json	PILOT-2018007979	F	0	0.9391	0.9391	1.0	0.9685	3	
PILOT-2018007979__F__gpt4o-mini__rep1.json	PILOT-2018007979	F	1	0.9107	0.9391	0.9697	0.9531	3	
PILOT-2018007979__F__gpt4o-mini__rep2.json	PILOT-2018007979	F	2	0.9391	0.9391	1.0	0.9685	3	
PILOT-2018007979__F__gpt5.4__rep0.json	PILOT-2018007979	F	0	0.9391	0.9391	1.0	0.9685	3	
PILOT-2018007979__F__gpt5.4__rep1.json	PILOT-2018007979	F	1	0.9124	0.9391	0.9708	0.9542	3	
PILOT-2018007979__F__gpt5.4__rep2.json	PILOT-2018007979	F	2	0.9142	0.9892	0.9231	0.955	3	
PILOT-2018007979__F__haiku4.5__rep0.json	PILOT-2018007979	F	0	0.7991	0.8831	0.891	0.8867	3	
PILOT-2018007979__F__haiku4.5__rep1.json	PILOT-2018007979	F	1	0.797	0.8831	0.8892	0.886	3	
PILOT-2018007979__F__haiku4.5__rep2.json	PILOT-2018007979	F	2	0.6733	0.8457	0.7665	0.8032	3	
PILOT-2018007979__F__sonnet4__rep0.json	PILOT-2018007979	F	0	0.7273	0.9391	0.7636	0.8421	3	
PILOT-2018007979__F__sonnet4__rep1.json	PILOT-2018007979	F	1	0.9065	0.9391	0.9629	0.9507	3	
PILOT-2018007979__F__sonnet4__rep2.json	PILOT-2018007979	F	2	0.8902	0.9391	0.9449	0.9418	3	
PILOT-2018007979__G__gpt4o-mini__rep0.json	PILOT-2018007979	G	0	0.8763	0.9391	0.9287	0.9338	3	
PILOT-2018007979__G__gpt4o-mini__rep1.json	PILOT-2018007979	G	1	0.914	0.9391	0.9716	0.9549	3	
PILOT-2018007979__G__gpt4o-mini__rep2.json	PILOT-2018007979	G	2	0.8318	0.9391	0.8798	0.9079	3	
PILOT-2018007979__G__gpt5.4__rep0.json	PILOT-2018007979	G	0	0.8902	0.9391	0.9449	0.9418	3	
PILOT-2018007979__G__gpt5.4__rep1.json	PILOT-2018007979	G	1	0.914	0.9391	0.9716	0.9549	3	
PILOT-2018007979__G__gpt5.4__rep2.json	PILOT-2018007979	G	2	0.9646	1.0	0.9646	0.9818	3	
PILOT-2018007979__G__haiku4.5__rep0.json	PILOT-2018007979	G	0	0.7467	0.8695	0.8303	0.8448	3	
PILOT-2018007979__G__haiku4.5__rep1.json	PILOT-2018007979	G	1	0.7028	0.8695	0.7798	0.8201	3	
PILOT-2018007979__G__haiku4.5__rep2.json	PILOT-2018007979	G	2	0.7567	0.8831	0.838	0.8588	3	
PILOT-2018007979__G__sonnet4__rep0.json	PILOT-2018007979	G	0	0.8461	0.9391	0.8956	0.9166	3	
PILOT-2018007979__G__sonnet4__rep1.json	PILOT-2018007979	G	1	0.8592	0.9391	0.9107	0.9243	3	
PILOT-2018007979__G__sonnet4__rep2.json	PILOT-2018007979	G	2	0.8592	0.9391	0.9107	0.9243	3	
PILOT-2019001867__F__gpt4o-mini__rep0.json	PILOT-2019001867	F	0	0.9883	0.9903	0.9972	0.9936	23	
PILOT-2019001867__F__gpt4o-mini__rep1.json	PILOT-2019001867	F	1	0.9971	0.9971	1.0	0.9985	23	
PILOT-2019001867__F__gpt4o-mini__rep2.json	PILOT-2019001867	F	2	0.9962	0.9962	1.0	0.9981	23	
PILOT-2019001867__F__gpt5.4__rep0.json	PILOT-2019001867	F	0	0.9711	0.9761	0.9946	0.9819	23	
PILOT-2019001867__F__gpt5.4__rep1.json	PILOT-2019001867	F	1	0.9711	0.9761	0.9946	0.9819	23	
PILOT-2019001867__F__gpt5.4__rep2.json	PILOT-2019001867	F	2	0.9711	0.9761	0.9946	0.9819	23	
PILOT-2019001867__F__haiku4.5__rep0.json	PILOT-2019001867	F	0	0.9623	0.9761	0.9861	0.9766	23	
PILOT-2019001867__F__haiku4.5__rep1.json	PILOT-2019001867	F	1	0.9657	0.9761	0.9895	0.9789	23	
PILOT-2019001867__F__haiku4.5__rep2.json	PILOT-2019001867	F	2	0.9623	0.9761	0.9861	0.9766	23	
PILOT-2019001867__F__sonnet4__rep0.json	PILOT-2019001867	F	0	0.9955	0.9971	0.9983	0.9977	23	
PILOT-2019001867__F__sonnet4__rep1.json	PILOT-2019001867	F	1	0.9874	0.989	0.9983	0.9932	23	
PILOT-2019001867__F__sonnet4__rep2.json	PILOT-2019001867	F	2	0.9955	0.9971	0.9983	0.9977	23	
PILOT-2019001867__G__gpt4o-mini__rep0.json	PILOT-2019001867	G	0	0.9936	0.9936	1.0	0.9967	23	
PILOT-2019001867__G__gpt4o-mini__rep1.json	PILOT-2019001867	G	1	0.9945	0.9945	1.0	0.9971	23	
PILOT-2019001867__G__gpt4o-mini__rep2.json	PILOT-2019001867	G	2	0.9914	0.9958	0.9953	0.9954	23	
PILOT-2019001867__G__gpt5.4__rep0.json	PILOT-2019001867	G	0	0.9854	0.989	0.9956	0.992	23	
PILOT-2019001867__G__gpt5.4__rep1.json	PILOT-2019001867	G	1	0.9711	0.9761	0.9946	0.9819	23	
PILOT-2019001867__G__gpt5.4__rep2.json	PILOT-2019001867	G	2	0.9727	0.9777	0.9946	0.9833	23	
PILOT-2019001867__G__haiku4.5__rep0.json	PILOT-2019001867	G	0	0.9717	0.9761	0.9953	0.9823	23	
PILOT-2019001867__G__haiku4.5__rep1.json	PILOT-2019001867	G	1	0.9854	0.9874	0.9972	0.9919	23	
PILOT-2019001867__G__haiku4.5__rep2.json	PILOT-2019001867	G	2	0.9753	0.9761	0.9991	0.9843	23	
PILOT-2019001867__G__sonnet4__rep0.json	PILOT-2019001867	G	0	0.9874	0.989	0.9983	0.9932	23	
PILOT-2019001867__G__sonnet4__rep1.json	PILOT-2019001867	G	1	0.9955	0.9971	0.9983	0.9977	23	
PILOT-2019001867__G__sonnet4__rep2.json	PILOT-2019001867	G	2	0.9962	0.9971	0.9991	0.9981	23	
PILOT-2019002001__F__gpt4o-mini__rep0.json	PILOT-2019002001	F	0	0.7461	0.7758	0.9422	0.8487	6	
PILOT-2019002001__F__gpt4o-mini__rep1.json	PILOT-2019002001	F	1	0.7649	0.7881	0.9542	0.8606	5	
PILOT-2019002001__F__gpt4o-mini__rep2.json	PILOT-2019002001	F	2	0.7461	0.7758	0.9422	0.8487	6	
PILOT-2019002001__F__gpt5.4__rep0.json	PILOT-2019002001	F	0	0.6874	0.7621	0.8804	0.8075	18	
PILOT-2019002001__F__gpt5.4__rep1.json	PILOT-2019002001	F	1	0.6972	0.7476	0.914	0.8122	16	
PILOT-2019002001__F__gpt5.4__rep2.json	PILOT-2019002001	F	2	0.672	0.7464	0.8782	0.7959	18	
PILOT-2019002001__F__haiku4.5__rep0.json	PILOT-2019002001	F	0	0.5106	0.7529	0.6194	0.6725	18	
PILOT-2019002001__F__haiku4.5__rep1.json	PILOT-2019002001	F	1	0.5838	0.7614	0.72	0.7292	18	
PILOT-2019002001__F__haiku4.5__rep2.json	PILOT-2019002001	F	2	0.5859	0.7614	0.7233	0.731	18	
PILOT-2019002001__F__sonnet4__rep0.json	PILOT-2019002001	F	0	0.5945	0.7466	0.7562	0.7373	18	
PILOT-2019002001__F__sonnet4__rep1.json	PILOT-2019002001	F	1	0.713	0.7621	0.9179	0.8241	18	
PILOT-2019002001__F__sonnet4__rep2.json	PILOT-2019002001	F	2	0.7275	0.7658	0.9359	0.8351	18	
PILOT-2019002001__G__gpt4o-mini__rep0.json	PILOT-2019002001	G	0	0.7649	0.7881	0.9542	0.8606	5	
PILOT-2019002001__G__gpt4o-mini__rep1.json	PILOT-2019002001	G	1	0.7461	0.7758	0.9422	0.8487	6	
PILOT-2019002001__G__gpt4o-mini__rep2.json	PILOT-2019002001	G	2	0.7569	0.7925	0.9307	0.8548	5	
PILOT-2019002001__G__gpt5.4__rep0.json	PILOT-2019002001	G	0	0.7115	0.7621	0.9088	0.8235	18	
PILOT-2019002001__G__gpt5.4__rep1.json	PILOT-2019002001	G	1	0.6726	0.7758	0.8383	0.7953	6	
PILOT-2019002001__G__gpt5.4__rep2.json	PILOT-2019002001	G	2	0.722	0.7908	0.8835	0.8314	2	
PILOT-2019002001__G__haiku4.5__rep0.json	PILOT-2019002001	G	0	0.5188	0.7508	0.6325	0.679	18	
PILOT-2019002001__G__haiku4.5__rep1.json	PILOT-2019002001	G	1	0.4679	0.7529	0.5586	0.6328	18	
PILOT-2019002001__G__haiku4.5__rep2.json	PILOT-2019002001	G	2	0.4798	0.7508	0.5765	0.6427	18	
PILOT-2019002001__G__sonnet4__rep0.json	PILOT-2019002001	G	0	0.7182	0.7621	0.9253	0.8281	18	
PILOT-2019002001__G__sonnet4__rep1.json	PILOT-2019002001	G	1	0.7255	0.7621	0.9368	0.8337	18	
PILOT-2019002001__G__sonnet4__rep2.json	PILOT-2019002001	G	2	0.7235	0.7621	0.9338	0.8322	18	
PILOT-2019002439__F__gpt4o-mini__rep0.json	PILOT-2019002439	F	0	0.9874	0.9943	0.9925	0.9934	15	
PILOT-2019002439__F__gpt4o-mini__rep1.json	PILOT-2019002439	F	1	0.7762	0.989	0.7855	0.8688	5	
PILOT-2019002439__F__gpt4o-mini__rep2.json	PILOT-2019002439	F	2	0.9734	0.9974	0.9756	0.9857	10	
PILOT-2019002439__F__gpt5.4__rep0.json	PILOT-2019002439	F	0	0.948	0.9951	0.951	0.9708	24	
PILOT-2019002439__F__gpt5.4__rep1.json	PILOT-2019002439	F	1	0.942	0.9954	0.9447	0.9667	26	
PILOT-2019002439__F__gpt5.4__rep2.json	PILOT-2019002439	F	2	0.942	0.9981	0.943	0.9665	26	
PILOT-2019002439__F__haiku4.5__rep0.json	PILOT-2019002439	F	0	0.7439	0.9992	0.7446	0.8466	26	
PILOT-2019002439__F__haiku4.5__rep1.json	PILOT-2019002439	F	1	0.8164	0.9992	0.817	0.8924	26	
PILOT-2019002439__F__haiku4.5__rep2.json	PILOT-2019002439	F	2	0.8256	0.9992	0.8262	0.8997	26	
PILOT-2019002439__F__sonnet4__rep0.json	PILOT-2019002439	F	0	0.9737	0.9992	0.9743	0.9856	26	
PILOT-2019002439__F__sonnet4__rep1.json	PILOT-2019002439	F	1	0.9737	0.9992	0.9743	0.9856	26	
PILOT-2019002439__F__sonnet4__rep2.json	PILOT-2019002439	F	2	0.9671	0.9992	0.9677	0.9814	26	
PILOT-2019002439__G__gpt4o-mini__rep0.json	PILOT-2019002439	G	0	0.9675	0.9756	0.9915	0.9833	3	
PILOT-2019002439__G__gpt4o-mini__rep1.json	PILOT-2019002439	G	1	0.65	0.8333	0.65	0.7284	6	
PILOT-2019002439__G__gpt4o-mini__rep2.json	PILOT-2019002439	G	2	0.9666	1.0	0.9666	0.9813	17	
PILOT-2019002439__G__gpt5.4__rep0.json	PILOT-2019002439	G	0	0.9405	0.9954	0.9431	0.9656	26	
PILOT-2019002439__G__gpt5.4__rep1.json	PILOT-2019002439	G	1	0.9494	0.9954	0.9522	0.9715	26	
PILOT-2019002439__G__gpt5.4__rep2.json	PILOT-2019002439	G	2	0.9487	0.9961	0.951	0.9711	25	
PILOT-2019002439__G__haiku4.5__rep0.json	PILOT-2019002439	G	0	0.7796	0.9992	0.7802	0.872	26	
PILOT-2019002439__G__haiku4.5__rep1.json	PILOT-2019002439	G	1	0.7732	0.9975	0.7746	0.8685	28	
PILOT-2019002439__G__haiku4.5__rep2.json	PILOT-2019002439	G	2	0.7691	0.9992	0.7697	0.8652	26	
PILOT-2019002439__G__sonnet4__rep0.json	PILOT-2019002439	G	0	0.9614	0.9992	0.9621	0.9788	26	
PILOT-2019002439__G__sonnet4__rep1.json	PILOT-2019002439	G	1	0.9751	0.9992	0.9758	0.9864	26	
PILOT-2019002439__G__sonnet4__rep2.json	PILOT-2019002439	G	2	0.9741	0.9991	0.9748	0.9859	25	
PILOT-2019003829__F__gpt4o-mini__rep0.json	PILOT-2019003829	F	0	0.6269	0.9444	0.6566	0.7542	6	
PILOT-2019003829__F__gpt4o-mini__rep1.json	PILOT-2019003829	F	1	0.6161	0.9444	0.6402	0.7587	6	
PILOT-2019003829__F__gpt4o-mini__rep2.json	PILOT-2019003829	F	2	0.4641	0.8889	0.5012	0.631	6	
PILOT-2019003829__F__gpt5.4__rep0.json	PILOT-2019003829	F	0	0.8457	0.9583	0.8644	0.8982	12	
PILOT-2019003829__F__gpt5.4__rep1.json	PILOT-2019003829	F	1	0.8423	0.9706	0.8581	0.9014	17	
PILOT-2019003829__F__gpt5.4__rep2.json	PILOT-2019003829	F	2	0.8423	0.9706	0.8581	0.9014	17	
PILOT-2019003829__F__haiku4.5__rep0.json	PILOT-2019003829	F	0	0.8134	0.9488	0.8534	0.8788	14	
PILOT-2019003829__F__haiku4.5__rep1.json	PILOT-2019003829	F	1	0.4507	0.9615	0.4612	0.6158	13	
PILOT-2019003829__F__haiku4.5__rep2.json	PILOT-2019003829	F	2	0.5933	0.9615	0.6139	0.7332	13	
PILOT-2019003829__F__sonnet4__rep0.json	PILOT-2019003829	F	0	0.7855	0.9471	0.8248	0.8621	17	
PILOT-2019003829__F__sonnet4__rep1.json	PILOT-2019003829	F	1	0.7835	0.9471	0.8228	0.8614	17	
PILOT-2019003829__F__sonnet4__rep2.json	PILOT-2019003829	F	2	0.7814	0.9471	0.8206	0.8592	17	
PILOT-2019003829__G__gpt4o-mini__rep0.json	PILOT-2019003829	G	0	0.4613	0.9444	0.4742	0.6301	6	
PILOT-2019003829__G__gpt4o-mini__rep1.json	PILOT-2019003829	G	1	0.4618	0.7333	0.5314	0.6124	5	
PILOT-2019003829__G__gpt4o-mini__rep2.json	PILOT-2019003829	G	2	0.516	0.7143	0.5757	0.6335	7	
PILOT-2019003829__G__gpt5.4__rep0.json	PILOT-2019003829	G	0	0.8188	0.9471	0.8581	0.8866	17	
PILOT-2019003829__G__gpt5.4__rep1.json	PILOT-2019003829	G	1	0.8188	0.9471	0.8581	0.8866	17	
PILOT-2019003829__G__gpt5.4__rep2.json	PILOT-2019003829	G	2	0.8409	0.9569	0.8749	0.9002	17	
PILOT-2019003829__G__haiku4.5__rep0.json	PILOT-2019003829	G	0	0.5561	0.9059	0.5985	0.6901	17	
PILOT-2019003829__G__haiku4.5__rep1.json	PILOT-2019003829	G	1	0.6539	0.9311	0.6918	0.7755	17	
PILOT-2019003829__G__haiku4.5__rep2.json	PILOT-2019003829	G	2	0.5886	0.9171	0.6297	0.727	17	
PILOT-2019003829__G__sonnet4__rep0.json	PILOT-2019003829	G	0	0.7919	0.9471	0.8312	0.8719	17	
PILOT-2019003829__G__sonnet4__rep1.json	PILOT-2019003829	G	1	0.7789	0.9471	0.8182	0.8611	17	
PILOT-2019003829__G__sonnet4__rep2.json	PILOT-2019003829	G	2	0.7666	0.9471	0.8059	0.8497	17	
PILOT-2019005007__F__gpt4o-mini__rep0.json	PILOT-2019005007	F	0	0.7381	1.0	0.7381	0.8458	2	
PILOT-2019005007__F__gpt4o-mini__rep1.json	PILOT-2019005007	F	1	0.6039	1.0	0.6039	0.7448	7	
PILOT-2019005007__F__gpt4o-mini__rep2.json	PILOT-2019005007	F	2	0.7979	1.0	0.7979	0.8685	5	
PILOT-2019005007__F__gpt5.4__rep0.json	PILOT-2019005007	F	0	0.976	1.0	0.976	0.9863	25	
PILOT-2019005007__F__gpt5.4__rep1.json	PILOT-2019005007	F	1	0.9372	1.0	0.9372	0.9627	30	
PILOT-2019005007__F__gpt5.4__rep2.json	PILOT-2019005007	F	2	0.9815	1.0	0.9815	0.9877	27	
PILOT-2019005007__F__haiku4.5__rep0.json	PILOT-2019005007	F	0	0.921	1.0	0.921	0.9505	22	
PILOT-2019005007__F__haiku4.5__rep1.json	PILOT-2019005007	F	1	0.9367	1.0	0.9367	0.9625	23	
PILOT-2019005007__F__haiku4.5__rep2.json	PILOT-2019005007	F	2	0.9695	1.0	0.9695	0.9831	24	
PILOT-2019005007__F__sonnet4__rep0.json	PILOT-2019005007	F	0	0.91	0.9846	0.9254	0.9417	25	
PILOT-2019005007__F__sonnet4__rep1.json	PILOT-2019005007	F	1	0.9232	1.0	0.9232	0.9479	25	
PILOT-2019005007__F__sonnet4__rep2.json	PILOT-2019005007	F	2	0.9232	1.0	0.9232	0.9479	25	
PILOT-2019005007__G__gpt4o-mini__rep0.json	PILOT-2019005007	G	0	0.5813	1.0	0.5813	0.7305	4	
PILOT-2019005007__G__gpt4o-mini__rep1.json	PILOT-2019005007	G	1	0.54	0.95	0.56	0.7	5	
PILOT-2019005007__G__gpt4o-mini__rep2.json	PILOT-2019005007	G	2	0.8139	1.0	0.8139	0.8913	4	
PILOT-2019005007__G__gpt5.4__rep0.json	PILOT-2019005007	G	0	0.9322	1.0	0.9322	0.9596	24	
PILOT-2019005007__G__gpt5.4__rep1.json	PILOT-2019005007	G	1	0.932	1.0	0.932	0.9596	28	
PILOT-2019005007__G__gpt5.4__rep2.json	PILOT-2019005007	G	2	0.94	1.0	0.94	0.96	25	
PILOT-2019005007__G__haiku4.5__rep0.json	PILOT-2019005007	G	0	0.9022	0.9868	0.912	0.9403	24	
PILOT-2019005007__G__haiku4.5__rep1.json	PILOT-2019005007	G	1	0.9478	1.0	0.9478	0.9665	24	
PILOT-2019005007__G__haiku4.5__rep2.json	PILOT-2019005007	G	2	0.9261	1.0	0.9261	0.9533	25	
PILOT-2019005007__G__sonnet4__rep0.json	PILOT-2019005007	G	0	0.8874	1.0	0.8874	0.9268	25	
PILOT-2019005007__G__sonnet4__rep1.json	PILOT-2019005007	G	1	0.9232	1.0	0.9232	0.9479	25	
PILOT-2019005007__G__sonnet4__rep2.json	PILOT-2019005007	G	2	0.9232	1.0	0.9232	0.9479	25	
PILOT-2019005292__F__gpt4o-mini__rep0.json	PILOT-2019005292	F	0	0.9821	0.995	0.9867	0.9903	20	
PILOT-2019005292__F__gpt4o-mini__rep1.json	PILOT-2019005292	F	1	0.9732	0.995	0.9778	0.9854	20	
PILOT-2019005292__F__gpt4o-mini__rep2.json	PILOT-2019005292	F	2	0.9875	1.0	0.9875	0.9933	20	
PILOT-2019005292__F__gpt5.4__rep0.json	PILOT-2019005292	F	0	0.9409	0.9971	0.9427	0.9662	20	
PILOT-2019005292__F__gpt5.4__rep1.json	PILOT-2019005292	F	1	0.9758	1.0	0.9758	0.9868	20	
PILOT-2019005292__F__gpt5.4__rep2.json	PILOT-2019005292	F	2	0.9739	1.0	0.9739	0.9857	20	
PILOT-2019005292__F__haiku4.5__rep0.json	PILOT-2019005292	F	0	0.7732	1.0	0.7732	0.8697	4	
PILOT-2019005292__F__haiku4.5__rep1.json	PILOT-2019005292	F	1	0.7046	0.9856	0.7135	0.8242	7	
PILOT-2019005292__F__haiku4.5__rep2.json	PILOT-2019005292	F	2	0.8122	1.0	0.8122	0.8963	3	
PILOT-2019005292__F__sonnet4__rep0.json	PILOT-2019005292	F	0	0.9728	1.0	0.9728	0.985	20	
PILOT-2019005292__F__sonnet4__rep1.json	PILOT-2019005292	F	1	0.9718	1.0	0.9718	0.9845	20	
PILOT-2019005292__F__sonnet4__rep2.json	PILOT-2019005292	F	2	0.9728	1.0	0.9728	0.985	20	
PILOT-2019005292__G__gpt4o-mini__rep0.json	PILOT-2019005292	G	0	None				0	no_gen
PILOT-2019005292__G__gpt4o-mini__rep1.json	PILOT-2019005292	G	1	0.993	0.9957	0.9971	0.9964	20	
PILOT-2019005292__G__gpt4o-mini__rep2.json	PILOT-2019005292	G	2	1.0	1.0	1.0	1.0	20	
PILOT-2019005292__G__gpt5.4__rep0.json	PILOT-2019005292	G	0	0.9739	1.0	0.9739	0.9857	20	
PILOT-2019005292__G__gpt5.4__rep1.json	PILOT-2019005292	G	1	0.9441	1.0	0.9441	0.9685	20	
PILOT-2019005292__G__gpt5.4__rep2.json	PILOT-2019005292	G	2	0.971	1.0	0.971	0.9839	20	
PILOT-2019005292__G__haiku4.5__rep0.json	PILOT-2019005292	G	0	0.9509	1.0	0.9509	0.9728	16	
PILOT-2019005292__G__haiku4.5__rep1.json	PILOT-2019005292	G	1	0.9649	1.0	0.9649	0.9806	11	
PILOT-2019005292__G__haiku4.5__rep2.json	PILOT-2019005292	G	2	0.9624	1.0	0.9624	0.9793	15	
PILOT-2019005292__G__sonnet4__rep0.json	PILOT-2019005292	G	0	None				0	no_gen
PILOT-2019005292__G__sonnet4__rep1.json	PILOT-2019005292	G	1	0.9728	1.0	0.9728	0.985	20	
PILOT-2019005292__G__sonnet4__rep2.json	PILOT-2019005292	G	2	0.9814	1.0	0.9814	0.9897	20	
PILOT-2019005776__F__gpt4o-mini__rep0.json	PILOT-2019005776	F	0	0.8815	0.9917	0.8875	0.9357	10	
PILOT-2019005776__F__gpt4o-mini__rep1.json	PILOT-2019005776	F	1	0.9385	0.9917	0.9469	0.967	10	
PILOT-2019005776__F__gpt4o-mini__rep2.json	PILOT-2019005776	F	2	0.963	0.9887	0.9743	0.98	20	
PILOT-2019005776__F__gpt5.4__rep0.json	PILOT-2019005776	F	0	0.8762	0.9182	0.9423	0.9295	20	
PILOT-2019005776__F__gpt5.4__rep1.json	PILOT-2019005776	F	1	0.8947	0.9387	0.9447	0.9415	20	
PILOT-2019005776__F__gpt5.4__rep2.json	PILOT-2019005776	F	2	0.98	0.984	0.9952	0.9894	20	
PILOT-2019005776__F__haiku4.5__rep0.json	PILOT-2019005776	F	0	0.935	0.9741	0.9588	0.9653	20	
PILOT-2019005776__F__haiku4.5__rep1.json	PILOT-2019005776	F	1	0.944	0.9773	0.9648	0.9699	20	
PILOT-2019005776__F__haiku4.5__rep2.json	PILOT-2019005776	F	2	0.9361	0.9804	0.9544	0.9652	20	
PILOT-2019005776__F__sonnet4__rep0.json	PILOT-2019005776	F	0	0.9365	0.947	0.9885	0.966	20	
PILOT-2019005776__F__sonnet4__rep1.json	PILOT-2019005776	F	1	0.947	0.947	1.0	0.9722	20	
PILOT-2019005776__F__sonnet4__rep2.json	PILOT-2019005776	F	2	0.947	0.947	1.0	0.9722	20	
PILOT-2019005776__G__gpt4o-mini__rep0.json	PILOT-2019005776	G	0	0.9392	0.9817	0.9544	0.9669	10	
PILOT-2019005776__G__gpt4o-mini__rep1.json	PILOT-2019005776	G	1	0.8815	0.9917	0.8875	0.9357	10	
PILOT-2019005776__G__gpt4o-mini__rep2.json	PILOT-2019005776	G	2	0.9621	0.9887	0.9734	0.9799	20	
PILOT-2019005776__G__gpt5.4__rep0.json	PILOT-2019005776	G	0	0.962	0.9822	0.976	0.9783	10	
PILOT-2019005776__G__gpt5.4__rep1.json	PILOT-2019005776	G	1	0.9739	0.984	0.988	0.9855	20	
PILOT-2019005776__G__gpt5.4__rep2.json	PILOT-2019005776	G	2	0.9739	0.984	0.988	0.9855	20	
PILOT-2019005776__G__haiku4.5__rep0.json	PILOT-2019005776	G	0	0.944	0.9773	0.9648	0.9699	20	
PILOT-2019005776__G__haiku4.5__rep1.json	PILOT-2019005776	G	1	0.9369	0.9723	0.9606	0.9654	20	
PILOT-2019005776__G__haiku4.5__rep2.json	PILOT-2019005776	G	2	0.9367	0.9773	0.9572	0.9656	20	
PILOT-2019005776__G__sonnet4__rep0.json	PILOT-2019005776	G	0	0.947	0.947	1.0	0.9722	20	
PILOT-2019005776__G__sonnet4__rep1.json	PILOT-2019005776	G	1	0.947	0.947	1.0	0.9722	20	
PILOT-2019005776__G__sonnet4__rep2.json	PILOT-2019005776	G	2	0.9732	0.9863	0.9857	0.985	20	
PILOT-2019006119__F__gpt4o-mini__rep0.json	PILOT-2019006119	F	0	None				0	no_gen
PILOT-2019006119__F__gpt4o-mini__rep1.json	PILOT-2019006119	F	1	None				0	no_gen
PILOT-2019006119__F__gpt4o-mini__rep2.json	PILOT-2019006119	F	2	0.8343	0.9532	0.8758	0.8958	8	
PILOT-2019006119__F__gpt5.4__rep0.json	PILOT-2019006119	F	0	0.5833	1.0	0.5833	0.7368	1	
PILOT-2019006119__F__gpt5.4__rep1.json	PILOT-2019006119	F	1	0.5833	1.0	0.5833	0.7368	1	
PILOT-2019006119__F__gpt5.4__rep2.json	PILOT-2019006119	F	2	0.5833	1.0	0.5833	0.7368	1	
PILOT-2019006119__F__haiku4.5__rep0.json	PILOT-2019006119	F	0	0.832	0.9532	0.8727	0.8993	8	
PILOT-2019006119__F__haiku4.5__rep1.json	PILOT-2019006119	F	1	0.8455	0.9532	0.8867	0.9076	8	
PILOT-2019006119__F__haiku4.5__rep2.json	PILOT-2019006119	F	2	0.843	0.9532	0.8835	0.9074	8	
PILOT-2019006119__F__sonnet4__rep0.json	PILOT-2019006119	F	0	0.8499	0.9498	0.8942	0.9115	8	
PILOT-2019006119__F__sonnet4__rep1.json	PILOT-2019006119	F	1	0.8388	0.9498	0.8832	0.8972	8	
PILOT-2019006119__F__sonnet4__rep2.json	PILOT-2019006119	F	2	0.8777	0.9498	0.9216	0.9313	8	
PILOT-2019006119__G__gpt4o-mini__rep0.json	PILOT-2019006119	G	0	0.9107	0.9532	0.9522	0.9508	8	
PILOT-2019006119__G__gpt4o-mini__rep1.json	PILOT-2019006119	G	1	0.7067	0.9729	0.7298	0.8166	2	
PILOT-2019006119__G__gpt4o-mini__rep2.json	PILOT-2019006119	G	2	0.8141	0.9292	0.8788	0.8929	5	
PILOT-2019006119__G__gpt5.4__rep0.json	PILOT-2019006119	G	0	0.6364	1.0	0.6364	0.7778	1	
PILOT-2019006119__G__gpt5.4__rep1.json	PILOT-2019006119	G	1	0.882	0.9512	0.9151	0.9296	8	
PILOT-2019006119__G__gpt5.4__rep2.json	PILOT-2019006119	G	2	0.3043	1.0	0.3043	0.4667	1	
PILOT-2019006119__G__haiku4.5__rep0.json	PILOT-2019006119	G	0	0.8532	0.9532	0.8942	0.912	8	
PILOT-2019006119__G__haiku4.5__rep1.json	PILOT-2019006119	G	1	0.8343	0.9532	0.875	0.8945	8	
PILOT-2019006119__G__haiku4.5__rep2.json	PILOT-2019006119	G	2	0.8369	0.9532	0.8776	0.8972	8	
PILOT-2019006119__G__sonnet4__rep0.json	PILOT-2019006119	G	0	0.8499	0.9498	0.8942	0.9115	8	
PILOT-2019006119__G__sonnet4__rep1.json	PILOT-2019006119	G	1	0.8595	0.9498	0.9034	0.9197	8	
PILOT-2019006119__G__sonnet4__rep2.json	PILOT-2019006119	G	2	0.8553	0.9498	0.8996	0.9132	8	
PILOT-2020000122__F__gpt4o-mini__rep0.json	PILOT-2020000122	F	0	0.8394	0.8747	0.948	0.9087	20	
PILOT-2020000122__F__gpt4o-mini__rep1.json	PILOT-2020000122	F	1	0.889	0.898	0.9861	0.939	20	
PILOT-2020000122__F__gpt4o-mini__rep2.json	PILOT-2020000122	F	2	0.748	0.9523	0.774	0.8533	5	
PILOT-2020000122__F__gpt5.4__rep0.json	PILOT-2020000122	F	0	0.8795	0.8997	0.9763	0.9341	20	
PILOT-2020000122__F__gpt5.4__rep1.json	PILOT-2020000122	F	1	0.8746	0.8984	0.9732	0.9317	20	
PILOT-2020000122__F__gpt5.4__rep2.json	PILOT-2020000122	F	2	0.8653	0.9013	0.9609	0.9259	20	
PILOT-2020000122__F__haiku4.5__rep0.json	PILOT-2020000122	F	0	0.773	0.9063	0.8491	0.8645	20	
PILOT-2020000122__F__haiku4.5__rep1.json	PILOT-2020000122	F	1	0.7685	0.8352	0.9014	0.8641	20	
PILOT-2020000122__F__haiku4.5__rep2.json	PILOT-2020000122	F	2	0.7466	0.8781	0.8407	0.8493	20	
PILOT-2020000122__F__sonnet4__rep0.json	PILOT-2020000122	F	0	0.8574	0.8981	0.9546	0.9204	20	
PILOT-2020000122__F__sonnet4__rep1.json	PILOT-2020000122	F	1	0.8722	0.9013	0.9678	0.93	20	
PILOT-2020000122__F__sonnet4__rep2.json	PILOT-2020000122	F	2	0.8639	0.8981	0.9576	0.9231	20	
PILOT-2020000122__G__gpt4o-mini__rep0.json	PILOT-2020000122	G	0	0.7435	0.9013	0.8032	0.8459	20	
PILOT-2020000122__G__gpt4o-mini__rep1.json	PILOT-2020000122	G	1	0.768	0.95	0.7819	0.8524	4	
PILOT-2020000122__G__gpt4o-mini__rep2.json	PILOT-2020000122	G	2	0.7633	0.8964	0.8304	0.857	20	
PILOT-2020000122__G__gpt5.4__rep0.json	PILOT-2020000122	G	0	0.8397	0.9013	0.9302	0.9094	20	
PILOT-2020000122__G__gpt5.4__rep1.json	PILOT-2020000122	G	1	0.8832	0.8981	0.9818	0.9362	20	
PILOT-2020000122__G__gpt5.4__rep2.json	PILOT-2020000122	G	2	0.8456	0.9013	0.9382	0.914	20	
PILOT-2020000122__G__haiku4.5__rep0.json	PILOT-2020000122	G	0	0.7825	0.8581	0.8986	0.8726	20	
PILOT-2020000122__G__haiku4.5__rep1.json	PILOT-2020000122	G	1	0.7651	0.8416	0.8889	0.8609	20	
PILOT-2020000122__G__haiku4.5__rep2.json	PILOT-2020000122	G	2	0.8595	0.8889	0.9615	0.9216	20	
PILOT-2020000122__G__sonnet4__rep0.json	PILOT-2020000122	G	0	0.8704	0.9013	0.9651	0.9289	20	
PILOT-2020000122__G__sonnet4__rep1.json	PILOT-2020000122	G	1	0.8889	0.9013	0.9845	0.9393	20	
PILOT-2020000122__G__sonnet4__rep2.json	PILOT-2020000122	G	2	0.8676	0.9013	0.9632	0.9272	20	
PILOT-2020000158__F__gpt4o-mini__rep0.json	PILOT-2020000158	F	0	0.9507	0.9785	0.9708	0.9716	20	
PILOT-2020000158__F__gpt4o-mini__rep1.json	PILOT-2020000158	F	1	0.9341	0.9685	0.9608	0.9616	20	
PILOT-2020000158__F__gpt4o-mini__rep2.json	PILOT-2020000158	F	2	0.9583	0.9922	0.9645	0.9773	8	
PILOT-2020000158__F__gpt5.4__rep0.json	PILOT-2020000158	F	0	0.8925	0.9785	0.9114	0.9291	20	
PILOT-2020000158__F__gpt5.4__rep1.json	PILOT-2020000158	F	1	0.9186	0.9785	0.9375	0.9437	20	
PILOT-2020000158__F__gpt5.4__rep2.json	PILOT-2020000158	F	2	0.8769	0.9785	0.8958	0.9212	20	
PILOT-2020000158__F__haiku4.5__rep0.json	PILOT-2020000158	F	0	0.9299	0.9785	0.951	0.957	20	
PILOT-2020000158__F__haiku4.5__rep1.json	PILOT-2020000158	F	1	0.802	0.9685	0.8288	0.8812	20	
PILOT-2020000158__F__haiku4.5__rep2.json	PILOT-2020000158	F	2	0.8192	0.9685	0.8459	0.8927	20	
PILOT-2020000158__F__sonnet4__rep0.json	PILOT-2020000158	F	0	0.9576	0.9785	0.9779	0.9762	20	
PILOT-2020000158__F__sonnet4__rep1.json	PILOT-2020000158	F	1	0.9576	0.9785	0.9779	0.9762	20	
PILOT-2020000158__F__sonnet4__rep2.json	PILOT-2020000158	F	2	0.9576	0.9785	0.9779	0.9762	20	
PILOT-2020000158__G__gpt4o-mini__rep0.json	PILOT-2020000158	G	0	0.9739	0.9922	0.9808	0.9862	8	
PILOT-2020000158__G__gpt4o-mini__rep1.json	PILOT-2020000158	G	1	0.9549	0.9785	0.9752	0.9744	20	
PILOT-2020000158__G__gpt4o-mini__rep2.json	PILOT-2020000158	G	2	0.9583	0.9922	0.9645	0.9773	8	
PILOT-2020000158__G__gpt5.4__rep0.json	PILOT-2020000158	G	0	0.9069	0.9785	0.926	0.9398	20	
PILOT-2020000158__G__gpt5.4__rep1.json	PILOT-2020000158	G	1	0.943	0.9785	0.9638	0.9695	20	
PILOT-2020000158__G__gpt5.4__rep2.json	PILOT-2020000158	G	2	0.9379	0.9785	0.959	0.9666	20	
PILOT-2020000158__G__haiku4.5__rep0.json	PILOT-2020000158	G	0	0.8594	0.9685	0.886	0.9153	20	
PILOT-2020000158__G__haiku4.5__rep1.json	PILOT-2020000158	G	1	0.8419	0.9785	0.863	0.9038	20	
PILOT-2020000158__G__haiku4.5__rep2.json	PILOT-2020000158	G	2	0.7913	0.9785	0.8124	0.8719	20	
PILOT-2020000158__G__sonnet4__rep0.json	PILOT-2020000158	G	0	0.9455	0.9785	0.9653	0.9678	20	
PILOT-2020000158__G__sonnet4__rep1.json	PILOT-2020000158	G	1	0.9455	0.9785	0.9653	0.9678	20	
PILOT-2020000158__G__sonnet4__rep2.json	PILOT-2020000158	G	2	0.9491	0.9785	0.969	0.9704	20	
PILOT-2020000362__F__gpt4o-mini__rep0.json	PILOT-2020000362	F	0	0.8889	0.9375	0.9375	0.9375	2	
PILOT-2020000362__F__gpt4o-mini__rep1.json	PILOT-2020000362	F	1	0.8889	0.9375	0.9375	0.9375	2	
PILOT-2020000362__F__gpt4o-mini__rep2.json	PILOT-2020000362	F	2	0.8889	0.9375	0.9375	0.9375	2	
PILOT-2020000362__F__gpt5.4__rep0.json	PILOT-2020000362	F	0	0.8666	0.9001	0.9643	0.9265	13	
PILOT-2020000362__F__gpt5.4__rep1.json	PILOT-2020000362	F	1	0.8567	0.9018	0.9531	0.92	15	
PILOT-2020000362__F__gpt5.4__rep2.json	PILOT-2020000362	F	2	0.8338	0.8929	0.9385	0.9062	12	
PILOT-2020000362__F__haiku4.5__rep0.json	PILOT-2020000362	F	0	0.7136	0.9018	0.7881	0.8258	15	
PILOT-2020000362__F__haiku4.5__rep1.json	PILOT-2020000362	F	1	0.804	0.9018	0.897	0.8817	15	
PILOT-2020000362__F__haiku4.5__rep2.json	PILOT-2020000362	F	2	0.7762	0.9018	0.8628	0.866	15	
PILOT-2020000362__F__sonnet4__rep0.json	PILOT-2020000362	F	0	0.8727	0.9018	0.9691	0.9303	15	
PILOT-2020000362__F__sonnet4__rep1.json	PILOT-2020000362	F	1	0.8896	0.9013	0.9864	0.9395	14	
PILOT-2020000362__F__sonnet4__rep2.json	PILOT-2020000362	F	2	0.8868	0.9018	0.9832	0.9382	15	
PILOT-2020000362__G__gpt4o-mini__rep0.json	PILOT-2020000362	G	0	0.7778	0.875	0.875	0.875	1	
PILOT-2020000362__G__gpt4o-mini__rep1.json	PILOT-2020000362	G	1	0.8889	0.9375	0.9375	0.9375	2	
PILOT-2020000362__G__gpt4o-mini__rep2.json	PILOT-2020000362	G	2	0.8953	0.9018	0.9917	0.9426	15	
PILOT-2020000362__G__gpt5.4__rep0.json	PILOT-2020000362	G	0	0.8697	0.9018	0.9661	0.9284	15	
PILOT-2020000362__G__gpt5.4__rep1.json	PILOT-2020000362	G	1	0.8633	0.8969	0.9643	0.9248	13	
PILOT-2020000362__G__gpt5.4__rep2.json	PILOT-2020000362	G	2	0.8633	0.8969	0.9643	0.9248	13	
PILOT-2020000362__G__haiku4.5__rep0.json	PILOT-2020000362	G	0	0.7139	0.9018	0.7929	0.8284	15	
PILOT-2020000362__G__haiku4.5__rep1.json	PILOT-2020000362	G	1	0.7298	0.9018	0.8095	0.8344	15	
PILOT-2020000362__G__haiku4.5__rep2.json	PILOT-2020000362	G	2	0.8117	0.9018	0.9044	0.8907	15	
PILOT-2020000362__G__sonnet4__rep0.json	PILOT-2020000362	G	0	0.8727	0.9018	0.9691	0.9303	15	
PILOT-2020000362__G__sonnet4__rep1.json	PILOT-2020000362	G	1	0.876	0.9018	0.9723	0.9322	15	
PILOT-2020000362__G__sonnet4__rep2.json	PILOT-2020000362	G	2	0.8794	0.9018	0.9757	0.9341	15	
PILOT-2020000402__F__gpt4o-mini__rep0.json	PILOT-2020000402	F	0	0.9719	0.9968	0.9744	0.985	9	
PILOT-2020000402__F__gpt4o-mini__rep1.json	PILOT-2020000402	F	1	0.9852	0.9913	0.9937	0.9924	9	
PILOT-2020000402__F__gpt4o-mini__rep2.json	PILOT-2020000402	F	2	0.9795	0.9968	0.9822	0.9893	9	
PILOT-2020000402__F__gpt5.4__rep0.json	PILOT-2020000402	F	0	0.9187	0.9913	0.9254	0.9558	9	
PILOT-2020000402__F__gpt5.4__rep1.json	PILOT-2020000402	F	1	0.9262	0.9944	0.9312	0.9602	9	
PILOT-2020000402__F__gpt5.4__rep2.json	PILOT-2020000402	F	2	0.9383	0.9944	0.9428	0.9665	9	
PILOT-2020000402__F__haiku4.5__rep0.json	PILOT-2020000402	F	0	0.9952	0.9952	1.0	0.9976	6	
PILOT-2020000402__F__haiku4.5__rep1.json	PILOT-2020000402	F	1	0.9952	0.9952	1.0	0.9976	6	
PILOT-2020000402__F__haiku4.5__rep2.json	PILOT-2020000402	F	2	0.9952	0.9952	1.0	0.9976	6	
PILOT-2020000402__F__sonnet4__rep0.json	PILOT-2020000402	F	0	0.9648	0.9968	0.9671	0.9809	9	
PILOT-2020000402__F__sonnet4__rep1.json	PILOT-2020000402	F	1	0.9648	0.9968	0.9671	0.9809	9	
PILOT-2020000402__F__sonnet4__rep2.json	PILOT-2020000402	F	2	0.9795	0.9968	0.9822	0.9893	9	
PILOT-2020000402__G__gpt4o-mini__rep0.json	PILOT-2020000402	G	0	0.905	0.9721	0.9279	0.948	9	
PILOT-2020000402__G__gpt4o-mini__rep1.json	PILOT-2020000402	G	1	0.875	0.9582	0.8997	0.9262	6	
PILOT-2020000402__G__gpt4o-mini__rep2.json	PILOT-2020000402	G	2	0.9666	0.9929	0.9737	0.9829	4	
PILOT-2020000402__G__gpt5.4__rep0.json	PILOT-2020000402	G	0	0.9253	0.9753	0.95	0.9604	9	
PILOT-2020000402__G__gpt5.4__rep1.json	PILOT-2020000402	G	1	0.8749	0.9229	0.9374	0.9256	9	
PILOT-2020000402__G__gpt5.4__rep2.json	PILOT-2020000402	G	2	0.9364	1.0	0.9364	0.9655	9	
PILOT-2020000402__G__haiku4.5__rep0.json	PILOT-2020000402	G	0	0.9207	0.9929	0.9259	0.9569	4	
PILOT-2020000402__G__haiku4.5__rep1.json	PILOT-2020000402	G	1	0.8995	0.9952	0.903	0.9457	6	
PILOT-2020000402__G__haiku4.5__rep2.json	PILOT-2020000402	G	2	0.9207	0.9929	0.9259	0.9569	4	
PILOT-2020000402__G__sonnet4__rep0.json	PILOT-2020000402	G	0	0.9274	0.9913	0.9343	0.961	9	
PILOT-2020000402__G__sonnet4__rep1.json	PILOT-2020000402	G	1	0.6176	0.753	0.7644	0.7233	9	
PILOT-2020000402__G__sonnet4__rep2.json	PILOT-2020000402	G	2	0.6826	0.8213	0.7903	0.7754	7	
PILOT-2020000676__F__gpt4o-mini__rep0.json	PILOT-2020000676	F	0	0.9147	0.937	0.9763	0.9553	20	
PILOT-2020000676__F__gpt4o-mini__rep1.json	PILOT-2020000676	F	1	0.8348	0.9402	0.8805	0.9091	4	
PILOT-2020000676__F__gpt4o-mini__rep2.json	PILOT-2020000676	F	2	0.9279	0.937	0.9908	0.9625	20	
PILOT-2020000676__F__gpt5.4__rep0.json	PILOT-2020000676	F	0	0.9198	0.937	0.9827	0.9581	20	
PILOT-2020000676__F__gpt5.4__rep1.json	PILOT-2020000676	F	1	0.9198	0.937	0.9827	0.9581	20	
PILOT-2020000676__F__gpt5.4__rep2.json	PILOT-2020000676	F	2	0.9198	0.937	0.9827	0.9581	20	
PILOT-2020000676__F__haiku4.5__rep0.json	PILOT-2020000676	F	0	0.7076	0.937	0.7393	0.8244	20	
PILOT-2020000676__F__haiku4.5__rep1.json	PILOT-2020000676	F	1	0.7022	0.937	0.7335	0.821	20	
PILOT-2020000676__F__haiku4.5__rep2.json	PILOT-2020000676	F	2	0.8591	0.937	0.9122	0.92	20	
PILOT-2020000676__F__sonnet4__rep0.json	PILOT-2020000676	F	0	0.9198	0.937	0.9827	0.9581	20	
PILOT-2020000676__F__sonnet4__rep1.json	PILOT-2020000676	F	1	0.9161	0.937	0.979	0.9559	20	
PILOT-2020000676__F__sonnet4__rep2.json	PILOT-2020000676	F	2	0.9161	0.9364	0.9797	0.9561	17	
PILOT-2020000676__G__gpt4o-mini__rep0.json	PILOT-2020000676	G	0	0.9178	0.9418	0.9735	0.9569	6	
PILOT-2020000676__G__gpt4o-mini__rep1.json	PILOT-2020000676	G	1	0.8849	0.937	0.9407	0.9374	20	
PILOT-2020000676__G__gpt4o-mini__rep2.json	PILOT-2020000676	G	2	0.8393	0.9466	0.8814	0.9121	3	
PILOT-2020000676__G__gpt5.4__rep0.json	PILOT-2020000676	G	0	0.9198	0.937	0.9827	0.9581	20	
PILOT-2020000676__G__gpt5.4__rep1.json	PILOT-2020000676	G	1	0.9198	0.937	0.9827	0.9581	20	
PILOT-2020000676__G__gpt5.4__rep2.json	PILOT-2020000676	G	2	0.9198	0.937	0.9827	0.9581	20	
PILOT-2020000676__G__haiku4.5__rep0.json	PILOT-2020000676	G	0	0.7779	0.8224	0.9555	0.8685	6	
PILOT-2020000676__G__haiku4.5__rep1.json	PILOT-2020000676	G	1	0.8793	0.8926	0.9867	0.9324	20	
PILOT-2020000676__G__haiku4.5__rep2.json	PILOT-2020000676	G	2	0.7779	0.8224	0.9555	0.8685	6	
PILOT-2020000676__G__sonnet4__rep0.json	PILOT-2020000676	G	0	0.9093	0.937	0.9722	0.9519	20	
PILOT-2020000676__G__sonnet4__rep1.json	PILOT-2020000676	G	1	0.9159	0.937	0.9788	0.9558	20	
PILOT-2020000676__G__sonnet4__rep2.json	PILOT-2020000676	G	2	0.9093	0.937	0.9722	0.9519	20	
PILOT-2020001769__F__gpt4o-mini__rep0.json	PILOT-2020001769	F	0	0.9154	0.9154	1.0	0.9449	21	
PILOT-2020001769__F__gpt4o-mini__rep1.json	PILOT-2020001769	F	1	0.5125	1.0	0.5125	0.6452	5	
PILOT-2020001769__F__gpt4o-mini__rep2.json	PILOT-2020001769	F	2	0.9867	0.9931	0.9931	0.9931	5	
PILOT-2020001769__F__gpt5.4__rep0.json	PILOT-2020001769	F	0	0.9052	0.9265	0.9787	0.9388	18	
PILOT-2020001769__F__gpt5.4__rep1.json	PILOT-2020001769	F	1	0.9068	0.9137	0.9849	0.9389	21	
PILOT-2020001769__F__gpt5.4__rep2.json	PILOT-2020001769	F	2	0.9137	0.9137	1.0	0.944	21	
PILOT-2020001769__F__haiku4.5__rep0.json	PILOT-2020001769	F	0	0.3596	0.8788	0.3857	0.504	6	
PILOT-2020001769__F__haiku4.5__rep1.json	PILOT-2020001769	F	1	0.4175	0.8028	0.4603	0.5574	11	
PILOT-2020001769__F__haiku4.5__rep2.json	PILOT-2020001769	F	2	0.4175	0.8028	0.4603	0.5574	11	
PILOT-2020001769__F__sonnet4__rep0.json	PILOT-2020001769	F	0	0.9138	0.9154	0.9984	0.9441	21	
PILOT-2020001769__F__sonnet4__rep1.json	PILOT-2020001769	F	1	0.9138	0.9154	0.9984	0.9441	21	
PILOT-2020001769__F__sonnet4__rep2.json	PILOT-2020001769	F	2	0.2069	0.2069	1.0	0.3429	1	
PILOT-2020001769__G__gpt4o-mini__rep0.json	PILOT-2020001769	G	0	0.9154	0.9154	1.0	0.9449	21	
PILOT-2020001769__G__gpt4o-mini__rep1.json	PILOT-2020001769	G	1	1.0	1.0	1.0	1.0	4	
PILOT-2020001769__G__gpt4o-mini__rep2.json	PILOT-2020001769	G	2	0.6552	0.9828	0.6702	0.7853	4	
PILOT-2020001769__G__gpt5.4__rep0.json	PILOT-2020001769	G	0	0.9154	0.9154	1.0	0.9449	21	
PILOT-2020001769__G__gpt5.4__rep1.json	PILOT-2020001769	G	1	0.908	0.9265	0.9815	0.9409	18	
PILOT-2020001769__G__gpt5.4__rep2.json	PILOT-2020001769	G	2	0.801	0.9111	0.8592	0.8494	20	
PILOT-2020001769__G__haiku4.5__rep0.json	PILOT-2020001769	G	0	0.9381	1.0	0.9381	0.9634	5	
PILOT-2020001769__G__haiku4.5__rep1.json	PILOT-2020001769	G	1	0.6233	0.81	0.7411	0.732	14	
PILOT-2020001769__G__haiku4.5__rep2.json	PILOT-2020001769	G	2	0.5039	0.872	0.5399	0.6198	11	
PILOT-2020001769__G__sonnet4__rep0.json	PILOT-2020001769	G	0	0.9067	0.9121	0.9939	0.9401	21	
PILOT-2020001769__G__sonnet4__rep1.json	PILOT-2020001769	G	1	0.9063	0.9094	0.9967	0.9396	20	
PILOT-2020001769__G__sonnet4__rep2.json	PILOT-2020001769	G	2	0.9137	0.9137	1.0	0.944	21	
PILOT-2020002332__F__gpt4o-mini__rep0.json	PILOT-2020002332	F	0	0.7475	0.9643	0.7648	0.8472	7	
PILOT-2020002332__F__gpt4o-mini__rep1.json	PILOT-2020002332	F	1	0.7475	0.9643	0.7648	0.8472	7	
PILOT-2020002332__F__gpt4o-mini__rep2.json	PILOT-2020002332	F	2	0.9697	1.0	0.9697	0.9846	1	
PILOT-2020002332__F__gpt5.4__rep0.json	PILOT-2020002332	F	0	0.8198	0.975	0.8319	0.8913	10	
PILOT-2020002332__F__gpt5.4__rep1.json	PILOT-2020002332	F	1	0.8934	0.9816	0.9067	0.9371	25	
PILOT-2020002332__F__gpt5.4__rep2.json	PILOT-2020002332	F	2	0.8934	0.9816	0.9067	0.9371	25	
PILOT-2020002332__F__haiku4.5__rep0.json	PILOT-2020002332	F	0	0.7883	0.965	0.8104	0.8743	10	
PILOT-2020002332__F__haiku4.5__rep1.json	PILOT-2020002332	F	1	0.8189	0.9682	0.839	0.8919	11	
PILOT-2020002332__F__haiku4.5__rep2.json	PILOT-2020002332	F	2	0.796	0.9569	0.8268	0.8795	12	
PILOT-2020002332__F__sonnet4__rep0.json	PILOT-2020002332	F	0	0.9118	0.9816	0.9251	0.948	25	
PILOT-2020002332__F__sonnet4__rep1.json	PILOT-2020002332	F	1	0.9118	0.9816	0.9251	0.948	25	
PILOT-2020002332__F__sonnet4__rep2.json	PILOT-2020002332	F	2	0.9118	0.9816	0.9251	0.948	25	
PILOT-2020002332__G__gpt4o-mini__rep0.json	PILOT-2020002332	G	0	0.7838	0.9733	0.8002	0.8701	5	
PILOT-2020002332__G__gpt4o-mini__rep1.json	PILOT-2020002332	G	1	0.7287	0.9598	0.7493	0.8368	7	
PILOT-2020002332__G__gpt4o-mini__rep2.json	PILOT-2020002332	G	2	0.9412	1.0	0.9412	0.9697	1	
PILOT-2020002332__G__gpt5.4__rep0.json	PILOT-2020002332	G	0	0.8434	0.9698	0.8622	0.9052	13	
PILOT-2020002332__G__gpt5.4__rep1.json	PILOT-2020002332	G	1	0.6724	1.0	0.6724	0.8028	2	
PILOT-2020002332__G__gpt5.4__rep2.json	PILOT-2020002332	G	2	0.8589	0.9722	0.8767	0.913	13	
PILOT-2020002332__G__haiku4.5__rep0.json	PILOT-2020002332	G	0	0.7318	0.9682	0.7519	0.8371	11	
PILOT-2020002332__G__haiku4.5__rep1.json	PILOT-2020002332	G	1	0.7528	0.965	0.7749	0.8516	10	
PILOT-2020002332__G__haiku4.5__rep2.json	PILOT-2020002332	G	2	0.8906	0.9808	0.9045	0.9345	24	
PILOT-2020002332__G__sonnet4__rep0.json	PILOT-2020002332	G	0	0.9118	0.9816	0.9251	0.948	25	
PILOT-2020002332__G__sonnet4__rep1.json	PILOT-2020002332	G	1	0.9118	0.9816	0.9251	0.948	25	
PILOT-2020002332__G__sonnet4__rep2.json	PILOT-2020002332	G	2	0.9118	0.9816	0.9251	0.948	25	
PILOT-2020002369__F__gpt4o-mini__rep0.json	PILOT-2020002369	F	0	0.9836	0.9953	0.9872	0.9911	20	
PILOT-2020002369__F__gpt4o-mini__rep1.json	PILOT-2020002369	F	1	0.8361	0.9532	0.8718	0.9107	2	
PILOT-2020002369__F__gpt4o-mini__rep2.json	PILOT-2020002369	F	2	0.9836	0.9953	0.9872	0.9911	20	
PILOT-2020002369__F__gpt5.4__rep0.json	PILOT-2020002369	F	0	0.9584	0.9953	0.9611	0.9758	20	
PILOT-2020002369__F__gpt5.4__rep1.json	PILOT-2020002369	F	1	0.948	0.9953	0.9504	0.9683	20	
PILOT-2020002369__F__gpt5.4__rep2.json	PILOT-2020002369	F	2	0.956	0.9953	0.9589	0.9741	20	
PILOT-2020002369__F__haiku4.5__rep0.json	PILOT-2020002369	F	0	0.7043	1.0	0.7043	0.8259	2	
PILOT-2020002369__F__haiku4.5__rep1.json	PILOT-2020002369	F	1	0.9872	0.9953	0.9911	0.9931	20	
PILOT-2020002369__F__haiku4.5__rep2.json	PILOT-2020002369	F	2	0.9704	1.0	0.9704	0.9826	20	
PILOT-2020002369__F__sonnet4__rep0.json	PILOT-2020002369	F	0	0.9653	0.9953	0.9692	0.9807	20	
PILOT-2020002369__F__sonnet4__rep1.json	PILOT-2020002369	F	1	0.9653	0.9953	0.9692	0.9807	20	
PILOT-2020002369__F__sonnet4__rep2.json	PILOT-2020002369	F	2	0.9656	0.9953	0.9689	0.9805	20	
PILOT-2020002369__G__gpt4o-mini__rep0.json	PILOT-2020002369	G	0	0.88	0.975	0.8959	0.9318	2	
PILOT-2020002369__G__gpt4o-mini__rep1.json	PILOT-2020002369	G	1	0.8107	1.0	0.8107	0.8955	2	
PILOT-2020002369__G__gpt4o-mini__rep2.json	PILOT-2020002369	G	2	0.9872	0.9953	0.9911	0.9931	20	
PILOT-2020002369__G__gpt5.4__rep0.json	PILOT-2020002369	G	0	0.9455	0.9953	0.9479	0.9664	20	
PILOT-2020002369__G__gpt5.4__rep1.json	PILOT-2020002369	G	1	0.951	0.9953	0.9534	0.9706	20	
PILOT-2020002369__G__gpt5.4__rep2.json	PILOT-2020002369	G	2	0.9455	0.9953	0.9479	0.9664	20	
PILOT-2020002369__G__haiku4.5__rep0.json	PILOT-2020002369	G	0	0.9877	1.0	0.9877	0.9934	20	
PILOT-2020002369__G__haiku4.5__rep1.json	PILOT-2020002369	G	1	0.8514	1.0	0.8514	0.9193	3	
PILOT-2020002369__G__haiku4.5__rep2.json	PILOT-2020002369	G	2	0.9877	1.0	0.9877	0.9934	20	
PILOT-2020002369__G__sonnet4__rep0.json	PILOT-2020002369	G	0	0.9703	0.9953	0.9736	0.9835	20	
PILOT-2020002369__G__sonnet4__rep1.json	PILOT-2020002369	G	1	0.9703	0.9953	0.9736	0.9835	20	
PILOT-2020002369__G__sonnet4__rep2.json	PILOT-2020002369	G	2	0.9656	0.9953	0.9689	0.9805	20	
PILOT-2020002555__F__gpt4o-mini__rep0.json	PILOT-2020002555	F	0	0.7014	0.8918	0.7652	0.8135	20	
PILOT-2020002555__F__gpt4o-mini__rep1.json	PILOT-2020002555	F	1	0.8918	0.8918	1.0	0.9412	20	
PILOT-2020002555__F__gpt4o-mini__rep2.json	PILOT-2020002555	F	2	0.8786	0.8918	0.9827	0.9327	20	
PILOT-2020002555__F__gpt5.4__rep0.json	PILOT-2020002555	F	0	0.8749	0.8918	0.9823	0.9317	20	
PILOT-2020002555__F__gpt5.4__rep1.json	PILOT-2020002555	F	1	0.8861	0.8888	0.9969	0.9382	20	
PILOT-2020002555__F__gpt5.4__rep2.json	PILOT-2020002555	F	2	0.8798	0.8918	0.9864	0.9346	20	
PILOT-2020002555__F__haiku4.5__rep0.json	PILOT-2020002555	F	0	0.6059	0.7908	0.7073	0.7368	20	
PILOT-2020002555__F__haiku4.5__rep1.json	PILOT-2020002555	F	1	0.8128	0.8888	0.9077	0.8892	20	
PILOT-2020002555__F__haiku4.5__rep2.json	PILOT-2020002555	F	2	0.7192	0.8461	0.8203	0.8226	20	
PILOT-2020002555__F__sonnet4__rep0.json	PILOT-2020002555	F	0	0.873	0.8918	0.9802	0.9305	20	
PILOT-2020002555__F__sonnet4__rep1.json	PILOT-2020002555	F	1	0.873	0.8918	0.9802	0.9305	20	
PILOT-2020002555__F__sonnet4__rep2.json	PILOT-2020002555	F	2	0.873	0.8918	0.9802	0.9305	20	
PILOT-2020002555__G__gpt4o-mini__rep0.json	PILOT-2020002555	G	0	0.6089	0.8628	0.6618	0.7405	8	
PILOT-2020002555__G__gpt4o-mini__rep1.json	PILOT-2020002555	G	1	0.8263	0.9206	0.8819	0.9	3	
PILOT-2020002555__G__gpt4o-mini__rep2.json	PILOT-2020002555	G	2	0.8735	0.8888	0.9809	0.9307	20	
PILOT-2020002555__G__gpt5.4__rep0.json	PILOT-2020002555	G	0	0.8749	0.8918	0.9823	0.9317	20	
PILOT-2020002555__G__gpt5.4__rep1.json	PILOT-2020002555	G	1	0.8749	0.8918	0.9823	0.9317	20	
PILOT-2020002555__G__gpt5.4__rep2.json	PILOT-2020002555	G	2	0.8511	0.8918	0.9523	0.9162	20	
PILOT-2020002555__G__haiku4.5__rep0.json	PILOT-2020002555	G	0	0.7523	0.8918	0.833	0.851	20	
PILOT-2020002555__G__haiku4.5__rep1.json	PILOT-2020002555	G	1	0.8492	0.8572	0.9865	0.9141	20	
PILOT-2020002555__G__haiku4.5__rep2.json	PILOT-2020002555	G	2	0.7353	0.8812	0.8207	0.8416	19	
PILOT-2020002555__G__sonnet4__rep0.json	PILOT-2020002555	G	0	0.889	0.8918	0.997	0.9397	20	
PILOT-2020002555__G__sonnet4__rep1.json	PILOT-2020002555	G	1	0.7856	0.8446	0.8989	0.8641	20	
PILOT-2020002555__G__sonnet4__rep2.json	PILOT-2020002555	G	2	0.8051	0.8446	0.922	0.876	20	
PILOT-2020002688__F__gpt4o-mini__rep0.json	PILOT-2020002688	F	0	0.8188	0.9337	0.8772	0.8986	7	
PILOT-2020002688__F__gpt4o-mini__rep1.json	PILOT-2020002688	F	1	0.7402	0.9896	0.7459	0.8372	8	
PILOT-2020002688__F__gpt4o-mini__rep2.json	PILOT-2020002688	F	2	0.7218	0.9792	0.7371	0.8261	8	
PILOT-2020002688__F__gpt5.4__rep0.json	PILOT-2020002688	F	0	0.9361	1.0	0.9361	0.9652	9	
PILOT-2020002688__F__gpt5.4__rep1.json	PILOT-2020002688	F	1	0.974	1.0	0.974	0.9865	9	
PILOT-2020002688__F__gpt5.4__rep2.json	PILOT-2020002688	F	2	0.952	1.0	0.952	0.9737	9	
PILOT-2020002688__F__haiku4.5__rep0.json	PILOT-2020002688	F	0	0.6651	1.0	0.6651	0.7654	8	
PILOT-2020002688__F__haiku4.5__rep1.json	PILOT-2020002688	F	1	0.7224	1.0	0.7224	0.8268	8	
PILOT-2020002688__F__haiku4.5__rep2.json	PILOT-2020002688	F	2	0.8123	1.0	0.8123	0.874	8	
PILOT-2020002688__F__sonnet4__rep0.json	PILOT-2020002688	F	0	0.9028	1.0	0.9028	0.9455	9	
PILOT-2020002688__F__sonnet4__rep1.json	PILOT-2020002688	F	1	0.8698	0.9957	0.8737	0.9068	20	
PILOT-2020002688__F__sonnet4__rep2.json	PILOT-2020002688	F	2	0.6519	0.9643	0.6705	0.7526	9	
PILOT-2020002688__G__gpt4o-mini__rep0.json	PILOT-2020002688	G	0	0.8494	0.9307	0.9051	0.9118	8	
PILOT-2020002688__G__gpt4o-mini__rep1.json	PILOT-2020002688	G	1	0.936	0.9807	0.9512	0.9638	8	
PILOT-2020002688__G__gpt4o-mini__rep2.json	PILOT-2020002688	G	2	0.7276	0.9896	0.7342	0.8303	8	
PILOT-2020002688__G__gpt5.4__rep0.json	PILOT-2020002688	G	0	0.952	1.0	0.952	0.9737	9	
PILOT-2020002688__G__gpt5.4__rep1.json	PILOT-2020002688	G	1	0.9727	1.0	0.9727	0.9849	24	
PILOT-2020002688__G__gpt5.4__rep2.json	PILOT-2020002688	G	2	0.9798	1.0	0.9798	0.9896	9	
PILOT-2020002688__G__haiku4.5__rep0.json	PILOT-2020002688	G	0	0.6716	1.0	0.6716	0.7762	8	
PILOT-2020002688__G__haiku4.5__rep1.json	PILOT-2020002688	G	1	0.7684	1.0	0.7684	0.8538	8	
PILOT-2020002688__G__haiku4.5__rep2.json	PILOT-2020002688	G	2	0.6785	0.9961	0.6809	0.794	8	
PILOT-2020002688__G__sonnet4__rep0.json	PILOT-2020002688	G	0	0.7322	1.0	0.7322	0.807	9	
PILOT-2020002688__G__sonnet4__rep1.json	PILOT-2020002688	G	1	0.8608	0.9922	0.8662	0.9109	20	
PILOT-2020002688__G__sonnet4__rep2.json	PILOT-2020002688	G	2	0.8734	0.9922	0.8788	0.9199	20	
PILOT-2020002729__F__gpt4o-mini__rep0.json	PILOT-2020002729	F	0	0.8574	0.9411	0.8812	0.9092	10	
PILOT-2020002729__F__gpt4o-mini__rep1.json	PILOT-2020002729	F	1	0.7763	0.9216	0.8168	0.8517	10	
PILOT-2020002729__F__gpt4o-mini__rep2.json	PILOT-2020002729	F	2	0.7749	0.9909	0.7824	0.8571	10	
PILOT-2020002729__F__gpt5.4__rep0.json	PILOT-2020002729	F	0	0.7289	0.9917	0.7358	0.7894	11	
PILOT-2020002729__F__gpt5.4__rep1.json	PILOT-2020002729	F	1	0.7257	0.9917	0.7332	0.7883	11	
PILOT-2020002729__F__gpt5.4__rep2.json	PILOT-2020002729	F	2	0.772	0.9917	0.7789	0.8169	11	
PILOT-2020002729__F__haiku4.5__rep0.json	PILOT-2020002729	F	0	0.6252	0.9823	0.635	0.7451	13	
PILOT-2020002729__F__haiku4.5__rep1.json	PILOT-2020002729	F	1	0.6926	0.9924	0.6989	0.7943	12	
PILOT-2020002729__F__haiku4.5__rep2.json	PILOT-2020002729	F	2	0.6261	0.9091	0.633	0.7309	12	
PILOT-2020002729__F__sonnet4__rep0.json	PILOT-2020002729	F	0	0.8304	0.9966	0.833	0.8911	27	
PILOT-2020002729__F__sonnet4__rep1.json	PILOT-2020002729	F	1	0.8434	0.9966	0.8456	0.8915	27	
PILOT-2020002729__F__sonnet4__rep2.json	PILOT-2020002729	F	2	0.8673	0.9966	0.8699	0.9194	27	
PILOT-2020002729__G__gpt4o-mini__rep0.json	PILOT-2020002729	G	0	0.7002	0.9829	0.7112	0.7971	8	
PILOT-2020002729__G__gpt4o-mini__rep1.json	PILOT-2020002729	G	1	0.8127	0.9366	0.8395	0.8845	10	
PILOT-2020002729__G__gpt4o-mini__rep2.json	PILOT-2020002729	G	2	0.8149	0.9909	0.8225	0.8883	10	
PILOT-2020002729__G__gpt5.4__rep0.json	PILOT-2020002729	G	0	0.7243	0.9917	0.7326	0.8208	11	
PILOT-2020002729__G__gpt5.4__rep1.json	PILOT-2020002729	G	1	0.6564	0.9917	0.6639	0.7312	11	
PILOT-2020002729__G__gpt5.4__rep2.json	PILOT-2020002729	G	2	0.7486	0.9917	0.7561	0.8489	11	
PILOT-2020002729__G__haiku4.5__rep0.json	PILOT-2020002729	G	0	0.6633	0.9091	0.6742	0.7619	12	
PILOT-2020002729__G__haiku4.5__rep1.json	PILOT-2020002729	G	1	0.6743	0.9852	0.6854	0.7685	12	
PILOT-2020002729__G__haiku4.5__rep2.json	PILOT-2020002729	G	2	0.6813	0.9018	0.6958	0.7703	12	
PILOT-2020002729__G__sonnet4__rep0.json	PILOT-2020002729	G	0	0.8647	0.9966	0.8672	0.8988	27	
PILOT-2020002729__G__sonnet4__rep1.json	PILOT-2020002729	G	1	0.8402	0.9966	0.8428	0.8896	27	
PILOT-2020002729__G__sonnet4__rep2.json	PILOT-2020002729	G	2	0.8488	0.9966	0.8516	0.8939	27	
PILOT-2020003998__F__gpt4o-mini__rep0.json	PILOT-2020003998	F	0	None	None	None	None	0	no_aligned_claims
PILOT-2020003998__F__gpt4o-mini__rep1.json	PILOT-2020003998	F	1	None	None	None	None	0	no_aligned_claims
PILOT-2020003998__F__gpt4o-mini__rep2.json	PILOT-2020003998	F	2	None	None	None	None	0	no_aligned_claims
PILOT-2020003998__F__gpt5.4__rep0.json	PILOT-2020003998	F	0	None	None	None	None	0	no_aligned_claims
PILOT-2020003998__F__gpt5.4__rep1.json	PILOT-2020003998	F	1	None	None	None	None	0	no_aligned_claims
PILOT-2020003998__F__gpt5.4__rep2.json	PILOT-2020003998	F	2	None	None	None	None	0	no_aligned_claims
PILOT-2020003998__F__haiku4.5__rep0.json	PILOT-2020003998	F	0	0.0882	0.1578	0.1793	0.1597	12	
PILOT-2020003998__F__haiku4.5__rep1.json	PILOT-2020003998	F	1	0.0021	0.0048	0.0036	0.0041	14	
PILOT-2020003998__F__haiku4.5__rep2.json	PILOT-2020003998	F	2	0.0021	0.0048	0.0036	0.0041	14	
PILOT-2020003998__F__sonnet4__rep0.json	PILOT-2020003998	F	0	None	None	None	None	0	no_aligned_claims
PILOT-2020003998__F__sonnet4__rep1.json	PILOT-2020003998	F	1	None	None	None	None	0	no_aligned_claims
PILOT-2020003998__F__sonnet4__rep2.json	PILOT-2020003998	F	2	None	None	None	None	0	no_aligned_claims
PILOT-2020003998__G__gpt4o-mini__rep0.json	PILOT-2020003998	G	0	None	None	None	None	0	no_aligned_claims
PILOT-2020003998__G__gpt4o-mini__rep1.json	PILOT-2020003998	G	1	None	None	None	None	0	no_aligned_claims
PILOT-2020003998__G__gpt4o-mini__rep2.json	PILOT-2020003998	G	2	None	None	None	None	0	no_aligned_claims
PILOT-2020003998__G__gpt5.4__rep0.json	PILOT-2020003998	G	0	None	None	None	None	0	no_aligned_claims
PILOT-2020003998__G__gpt5.4__rep1.json	PILOT-2020003998	G	1	None	None	None	None	0	no_aligned_claims
PILOT-2020003998__G__gpt5.4__rep2.json	PILOT-2020003998	G	2	None	None	None	None	0	no_aligned_claims
PILOT-2020003998__G__haiku4.5__rep0.json	PILOT-2020003998	G	0	0.0172	0.0305	0.0407	0.0325	13	
PILOT-2020003998__G__haiku4.5__rep1.json	PILOT-2020003998	G	1	0.0161	0.0283	0.0395	0.0304	14	
PILOT-2020003998__G__haiku4.5__rep2.json	PILOT-2020003998	G	2	0.0161	0.0283	0.0395	0.0304	14	
PILOT-2020003998__G__sonnet4__rep0.json	PILOT-2020003998	G	0	None	None	None	None	0	no_aligned_claims
PILOT-2020003998__G__sonnet4__rep1.json	PILOT-2020003998	G	1	None	None	None	None	0	no_aligned_claims
PILOT-2020003998__G__sonnet4__rep2.json	PILOT-2020003998	G	2	None	None	None	None	0	no_aligned_claims
PILOT-2020004768__F__gpt4o-mini__rep0.json	PILOT-2020004768	F	0	0.7802	0.8663	0.855	0.8532	5	
PILOT-2020004768__F__gpt4o-mini__rep1.json	PILOT-2020004768	F	1	0.7744	0.875	0.85	0.8559	5	
PILOT-2020004768__F__gpt4o-mini__rep2.json	PILOT-2020004768	F	2	0.75	0.7833	0.8714	0.8226	5	
PILOT-2020004768__F__gpt5.4__rep0.json	PILOT-2020004768	F	0	0.7015	0.736	0.9249	0.8061	18	
PILOT-2020004768__F__gpt5.4__rep1.json	PILOT-2020004768	F	1	0.662	0.7323	0.8725	0.7715	19	
PILOT-2020004768__F__gpt5.4__rep2.json	PILOT-2020004768	F	2	0.6957	0.7341	0.9208	0.8026	18	
PILOT-2020004768__F__haiku4.5__rep0.json	PILOT-2020004768	F	0	0.7523	0.7753	0.9679	0.8462	18	
PILOT-2020004768__F__haiku4.5__rep1.json	PILOT-2020004768	F	1	0.7523	0.7753	0.9679	0.8462	18	
PILOT-2020004768__F__haiku4.5__rep2.json	PILOT-2020004768	F	2	0.7226	0.7889	0.9065	0.8234	6	
PILOT-2020004768__F__sonnet4__rep0.json	PILOT-2020004768	F	0	0.67	0.7478	0.874	0.7865	20	
PILOT-2020004768__F__sonnet4__rep1.json	PILOT-2020004768	F	1	0.6667	0.7478	0.87	0.7831	20	
PILOT-2020004768__F__sonnet4__rep2.json	PILOT-2020004768	F	2	0.6887	0.7499	0.8952	0.7958	19	
PILOT-2020004768__G__gpt4o-mini__rep0.json	PILOT-2020004768	G	0	0.7715	0.8576	0.855	0.8485	5	
PILOT-2020004768__G__gpt4o-mini__rep1.json	PILOT-2020004768	G	1	0.6654	0.775	0.7803	0.7678	5	
PILOT-2020004768__G__gpt4o-mini__rep2.json	PILOT-2020004768	G	2	0.682	0.8417	0.7603	0.7878	5	
PILOT-2020004768__G__gpt5.4__rep0.json	PILOT-2020004768	G	0	0.7058	0.7389	0.9353	0.812	19	
PILOT-2020004768__G__gpt5.4__rep1.json	PILOT-2020004768	G	1	0.7068	0.7389	0.9364	0.8128	19	
PILOT-2020004768__G__gpt5.4__rep2.json	PILOT-2020004768	G	2	0.7004	0.736	0.9238	0.8053	18	
PILOT-2020004768__G__haiku4.5__rep0.json	PILOT-2020004768	G	0	0.7266	0.7633	0.9396	0.8271	16	
PILOT-2020004768__G__haiku4.5__rep1.json	PILOT-2020004768	G	1	0.7513	0.7734	0.9602	0.8444	18	
PILOT-2020004768__G__haiku4.5__rep2.json	PILOT-2020004768	G	2	0.6736	0.7354	0.8712	0.7832	4	
PILOT-2020004768__G__sonnet4__rep0.json	PILOT-2020004768	G	0	0.7259	0.7543	0.9522	0.8291	19	
PILOT-2020004768__G__sonnet4__rep1.json	PILOT-2020004768	G	1	0.7291	0.7591	0.9495	0.8307	18	
PILOT-2020004768__G__sonnet4__rep2.json	PILOT-2020004768	G	2	0.7103	0.7389	0.9398	0.8151	19	
PILOT-2020006264__F__gpt4o-mini__rep0.json	PILOT-2020006264	F	0	0.9375	0.9714	0.9645	0.9676	2	
PILOT-2020006264__F__gpt4o-mini__rep1.json	PILOT-2020006264	F	1	0.9375	0.9714	0.9645	0.9676	2	
PILOT-2020006264__F__gpt4o-mini__rep2.json	PILOT-2020006264	F	2	0.9375	0.9714	0.9645	0.9676	2	
PILOT-2020006264__F__gpt5.4__rep0.json	PILOT-2020006264	F	0	0.8203	0.8479	0.9708	0.9004	20	
PILOT-2020006264__F__gpt5.4__rep1.json	PILOT-2020006264	F	1	0.8407	0.8479	0.9919	0.9123	20	
PILOT-2020006264__F__gpt5.4__rep2.json	PILOT-2020006264	F	2	0.8196	0.8474	0.9704	0.9	19	
PILOT-2020006264__F__haiku4.5__rep0.json	PILOT-2020006264	F	0	0.421	0.8479	0.451	0.5784	20	
PILOT-2020006264__F__haiku4.5__rep1.json	PILOT-2020006264	F	1	0.5716	0.8479	0.6483	0.7165	20	
PILOT-2020006264__F__haiku4.5__rep2.json	PILOT-2020006264	F	2	0.618	0.8479	0.7046	0.7498	20	
PILOT-2020006264__F__sonnet4__rep0.json	PILOT-2020006264	F	0	None				0	no_gen
PILOT-2020006264__F__sonnet4__rep1.json	PILOT-2020006264	F	1	None				0	no_gen
PILOT-2020006264__F__sonnet4__rep2.json	PILOT-2020006264	F	2	None				0	no_gen
PILOT-2020006264__G__gpt4o-mini__rep0.json	PILOT-2020006264	G	0	0.8358	0.8479	0.9872	0.9098	20	
PILOT-2020006264__G__gpt4o-mini__rep1.json	PILOT-2020006264	G	1	0.9375	0.9714	0.9645	0.9676	2	
PILOT-2020006264__G__gpt4o-mini__rep2.json	PILOT-2020006264	G	2	0.9375	0.9714	0.9645	0.9676	2	
PILOT-2020006264__G__gpt5.4__rep0.json	PILOT-2020006264	G	0	0.8247	0.8479	0.9754	0.9032	20	
PILOT-2020006264__G__gpt5.4__rep1.json	PILOT-2020006264	G	1	0.8154	0.8479	0.9655	0.8973	20	
PILOT-2020006264__G__gpt5.4__rep2.json	PILOT-2020006264	G	2	0.8303	0.8479	0.9816	0.9065	20	
PILOT-2020006264__G__haiku4.5__rep0.json	PILOT-2020006264	G	0	0.8356	0.8479	0.9872	0.9096	20	
PILOT-2020006264__G__haiku4.5__rep1.json	PILOT-2020006264	G	1	0.6477	0.8479	0.7453	0.7686	20	
PILOT-2020006264__G__haiku4.5__rep2.json	PILOT-2020006264	G	2	0.8308	0.8479	0.9818	0.9069	20	
PILOT-2020006264__G__sonnet4__rep0.json	PILOT-2020006264	G	0	0.671	0.8479	0.772	0.7905	20	
PILOT-2020006264__G__sonnet4__rep1.json	PILOT-2020006264	G	1	0.8306	0.8479	0.982	0.9066	20	
PILOT-2020006264__G__sonnet4__rep2.json	PILOT-2020006264	G	2	0.8306	0.8479	0.982	0.9066	20	
PILOT-2020006435__F__gpt4o-mini__rep0.json	PILOT-2020006435	F	0	0.8612	0.8909	0.958	0.9114	29	
PILOT-2020006435__F__gpt4o-mini__rep1.json	PILOT-2020006435	F	1	0.8124	0.845	0.9401	0.8811	8	
PILOT-2020006435__F__gpt4o-mini__rep2.json	PILOT-2020006435	F	2	0.8906	0.8985	0.9837	0.9293	29	
PILOT-2020006435__F__gpt5.4__rep0.json	PILOT-2020006435	F	0	0.856	0.8985	0.9492	0.9086	29	
PILOT-2020006435__F__gpt5.4__rep1.json	PILOT-2020006435	F	1	0.856	0.8985	0.9492	0.9086	29	
PILOT-2020006435__F__gpt5.4__rep2.json	PILOT-2020006435	F	2	0.8485	0.8985	0.9386	0.903	29	
PILOT-2020006435__F__haiku4.5__rep0.json	PILOT-2020006435	F	0	0.8066	0.8946	0.8917	0.8715	29	
PILOT-2020006435__F__haiku4.5__rep1.json	PILOT-2020006435	F	1	0.7666	0.8886	0.8589	0.8363	29	
PILOT-2020006435__F__haiku4.5__rep2.json	PILOT-2020006435	F	2	0.8318	0.8926	0.9262	0.8883	29	
PILOT-2020006435__F__sonnet4__rep0.json	PILOT-2020006435	F	0	0.8718	0.8985	0.965	0.919	29	
PILOT-2020006435__F__sonnet4__rep1.json	PILOT-2020006435	F	1	0.8865	0.8985	0.9797	0.9272	29	
PILOT-2020006435__F__sonnet4__rep2.json	PILOT-2020006435	F	2	0.8718	0.8985	0.965	0.919	29	
PILOT-2020006435__G__gpt4o-mini__rep0.json	PILOT-2020006435	G	0	0.8664	0.8909	0.9631	0.9137	29	
PILOT-2020006435__G__gpt4o-mini__rep1.json	PILOT-2020006435	G	1	0.8366	0.8885	0.9443	0.9077	6	
PILOT-2020006435__G__gpt4o-mini__rep2.json	PILOT-2020006435	G	2	0.9688	1.0	0.9688	0.9839	2	
PILOT-2020006435__G__gpt5.4__rep0.json	PILOT-2020006435	G	0	0.8517	0.8985	0.9449	0.9054	29	
PILOT-2020006435__G__gpt5.4__rep1.json	PILOT-2020006435	G	1	0.8208	0.8985	0.914	0.885	29	
PILOT-2020006435__G__gpt5.4__rep2.json	PILOT-2020006435	G	2	0.8517	0.8985	0.9449	0.9054	29	
PILOT-2020006435__G__haiku4.5__rep0.json	PILOT-2020006435	G	0	0.7891	0.9012	0.8766	0.8532	29	
PILOT-2020006435__G__haiku4.5__rep1.json	PILOT-2020006435	G	1	0.846	0.9012	0.9335	0.9004	29	
PILOT-2020006435__G__haiku4.5__rep2.json	PILOT-2020006435	G	2	0.7752	0.8985	0.8684	0.8484	29	
PILOT-2020006435__G__sonnet4__rep0.json	PILOT-2020006435	G	0	0.8819	0.8985	0.9751	0.9244	29	
PILOT-2020006435__G__sonnet4__rep1.json	PILOT-2020006435	G	1	0.8819	0.8985	0.9751	0.9244	29	
PILOT-2020006435__G__sonnet4__rep2.json	PILOT-2020006435	G	2	0.8865	0.8985	0.9797	0.9272	29	
PILOT-2021000834__F__gpt4o-mini__rep0.json	PILOT-2021000834	F	0	0.6314	0.9815	0.6387	0.7649	6	
PILOT-2021000834__F__gpt4o-mini__rep1.json	PILOT-2021000834	F	1	0.7096	1.0	0.7096	0.8229	5	
PILOT-2021000834__F__gpt4o-mini__rep2.json	PILOT-2021000834	F	2	0.7797	0.9417	0.8167	0.8667	5	
PILOT-2021000834__F__gpt5.4__rep0.json	PILOT-2021000834	F	0	0.8937	0.9378	0.9446	0.9403	20	
PILOT-2021000834__F__gpt5.4__rep1.json	PILOT-2021000834	F	1	0.8756	0.9378	0.9253	0.9295	20	
PILOT-2021000834__F__gpt5.4__rep2.json	PILOT-2021000834	F	2	0.9579	0.9797	0.9742	0.9768	20	
PILOT-2021000834__F__haiku4.5__rep0.json	PILOT-2021000834	F	0	0.9671	1.0	0.9671	0.9809	20	
PILOT-2021000834__F__haiku4.5__rep1.json	PILOT-2021000834	F	1	0.9006	0.9378	0.9524	0.9445	20	
PILOT-2021000834__F__haiku4.5__rep2.json	PILOT-2021000834	F	2	0.8819	0.9378	0.9337	0.933	20	
PILOT-2021000834__F__sonnet4__rep0.json	PILOT-2021000834	F	0	0.909	0.9424	0.957	0.9491	20	
PILOT-2021000834__F__sonnet4__rep1.json	PILOT-2021000834	F	1	0.909	0.9424	0.957	0.9491	20	
PILOT-2021000834__F__sonnet4__rep2.json	PILOT-2021000834	F	2	0.8957	0.9424	0.9421	0.9403	20	
PILOT-2021000834__G__gpt4o-mini__rep0.json	PILOT-2021000834	G	0	0.6613	0.9815	0.6676	0.7934	6	
PILOT-2021000834__G__gpt4o-mini__rep1.json	PILOT-2021000834	G	1	0.8512	1.0	0.8512	0.9143	5	
PILOT-2021000834__G__gpt4o-mini__rep2.json	PILOT-2021000834	G	2	0.639	0.9815	0.6445	0.7724	6	
PILOT-2021000834__G__gpt5.4__rep0.json	PILOT-2021000834	G	0	0.9429	0.9945	0.946	0.9676	20	
PILOT-2021000834__G__gpt5.4__rep1.json	PILOT-2021000834	G	1	0.8869	0.9378	0.9371	0.9358	20	
PILOT-2021000834__G__gpt5.4__rep2.json	PILOT-2021000834	G	2	0.9006	0.9378	0.9524	0.9445	20	
PILOT-2021000834__G__haiku4.5__rep0.json	PILOT-2021000834	G	0	0.8355	0.9873	0.8453	0.904	20	
PILOT-2021000834__G__haiku4.5__rep1.json	PILOT-2021000834	G	1	0.9339	0.9873	0.9437	0.9622	20	
PILOT-2021000834__G__haiku4.5__rep2.json	PILOT-2021000834	G	2	0.9564	1.0	0.9564	0.9749	20	
PILOT-2021000834__G__sonnet4__rep0.json	PILOT-2021000834	G	0	0.8698	0.9424	0.9159	0.926	20	
PILOT-2021000834__G__sonnet4__rep1.json	PILOT-2021000834	G	1	0.892	0.946	0.9345	0.9375	20	
PILOT-2021000834__G__sonnet4__rep2.json	PILOT-2021000834	G	2	0.8829	0.9424	0.9284	0.9322	20	
PILOT-2021001124__F__gpt4o-mini__rep0.json	PILOT-2021001124	F	0	0.7609	1.0	0.7609	0.8599	8	
PILOT-2021001124__F__gpt4o-mini__rep1.json	PILOT-2021001124	F	1	None				0	no_gen
PILOT-2021001124__F__gpt4o-mini__rep2.json	PILOT-2021001124	F	2	None				0	no_gen
PILOT-2021001124__F__gpt5.4__rep0.json	PILOT-2021001124	F	0	0.9256	1.0	0.9256	0.959	15	
PILOT-2021001124__F__gpt5.4__rep1.json	PILOT-2021001124	F	1	0.9382	1.0	0.9382	0.964	12	
PILOT-2021001124__F__gpt5.4__rep2.json	PILOT-2021001124	F	2	0.9556	1.0	0.9556	0.9747	15	
PILOT-2021001124__F__haiku4.5__rep0.json	PILOT-2021001124	F	0	0.6041	1.0	0.6041	0.7413	11	
PILOT-2021001124__F__haiku4.5__rep1.json	PILOT-2021001124	F	1	0.6203	1.0	0.6203	0.7496	11	
PILOT-2021001124__F__haiku4.5__rep2.json	PILOT-2021001124	F	2	0.6989	1.0	0.6989	0.8029	15	
PILOT-2021001124__F__sonnet4__rep0.json	PILOT-2021001124	F	0	0.7723	1.0	0.7723	0.8707	11	
PILOT-2021001124__F__sonnet4__rep1.json	PILOT-2021001124	F	1	0.594	1.0	0.594	0.7422	11	
PILOT-2021001124__F__sonnet4__rep2.json	PILOT-2021001124	F	2	0.7863	1.0	0.7863	0.8734	15	
PILOT-2021001124__G__gpt4o-mini__rep0.json	PILOT-2021001124	G	0	0.8736	1.0	0.8736	0.9304	9	
PILOT-2021001124__G__gpt4o-mini__rep1.json	PILOT-2021001124	G	1	0.9003	1.0	0.9003	0.9468	6	
PILOT-2021001124__G__gpt4o-mini__rep2.json	PILOT-2021001124	G	2	0.8199	1.0	0.8199	0.891	7	
PILOT-2021001124__G__gpt5.4__rep0.json	PILOT-2021001124	G	0	0.9131	0.927	0.9861	0.948	15	
PILOT-2021001124__G__gpt5.4__rep1.json	PILOT-2021001124	G	1	0.8827	1.0	0.8827	0.9353	15	
PILOT-2021001124__G__gpt5.4__rep2.json	PILOT-2021001124	G	2	0.8143	0.8635	0.8662	0.86	15	
PILOT-2021001124__G__haiku4.5__rep0.json	PILOT-2021001124	G	0	0.8832	1.0	0.8832	0.9336	15	
PILOT-2021001124__G__haiku4.5__rep1.json	PILOT-2021001124	G	1	0.6855	1.0	0.6855	0.789	15	
PILOT-2021001124__G__haiku4.5__rep2.json	PILOT-2021001124	G	2	0.5619	1.0	0.5619	0.7055	11	
PILOT-2021001124__G__sonnet4__rep0.json	PILOT-2021001124	G	0	0.5278	1.0	0.5278	0.689	11	
PILOT-2021001124__G__sonnet4__rep1.json	PILOT-2021001124	G	1	0.6431	1.0	0.6431	0.78	11	
PILOT-2021001124__G__sonnet4__rep2.json	PILOT-2021001124	G	2	0.6579	1.0	0.6579	0.7895	11	
PILOT-2021002328__F__gpt4o-mini__rep0.json	PILOT-2021002328	F	0	0.8158	0.9074	0.8965	0.891	7	
PILOT-2021002328__F__gpt4o-mini__rep1.json	PILOT-2021002328	F	1	0.8067	0.9352	0.8622	0.8875	10	
PILOT-2021002328__F__gpt4o-mini__rep2.json	PILOT-2021002328	F	2	0.8327	0.9116	0.9053	0.9023	8	
PILOT-2021002328__F__gpt5.4__rep0.json	PILOT-2021002328	F	0	0.9043	0.9537	0.9506	0.9442	14	
PILOT-2021002328__F__gpt5.4__rep1.json	PILOT-2021002328	F	1	0.9078	0.9537	0.9541	0.9453	14	
PILOT-2021002328__F__gpt5.4__rep2.json	PILOT-2021002328	F	2	0.8989	0.9452	0.9517	0.9413	14	
PILOT-2021002328__F__haiku4.5__rep0.json	PILOT-2021002328	F	0	0.0933	0.2105	0.1278	0.1542	10	
PILOT-2021002328__F__haiku4.5__rep1.json	PILOT-2021002328	F	1	0.1154	0.2612	0.1604	0.1905	9	
PILOT-2021002328__F__haiku4.5__rep2.json	PILOT-2021002328	F	2	0.1139	0.2374	0.1624	0.1835	9	
PILOT-2021002328__F__sonnet4__rep0.json	PILOT-2021002328	F	0	0.9382	0.9495	0.988	0.9635	14	
PILOT-2021002328__F__sonnet4__rep1.json	PILOT-2021002328	F	1	0.9347	0.9495	0.9843	0.9615	14	
PILOT-2021002328__F__sonnet4__rep2.json	PILOT-2021002328	F	2	0.6397	0.922	0.6778	0.7596	14	
PILOT-2021002328__G__gpt4o-mini__rep0.json	PILOT-2021002328	G	0	None				0	no_gen
PILOT-2021002328__G__gpt4o-mini__rep1.json	PILOT-2021002328	G	1	None				0	no_gen
PILOT-2021002328__G__gpt4o-mini__rep2.json	PILOT-2021002328	G	2	None				0	no_gen
PILOT-2021002328__G__gpt5.4__rep0.json	PILOT-2021002328	G	0	0.7915	0.8584	0.9074	0.8572	13	
PILOT-2021002328__G__gpt5.4__rep1.json	PILOT-2021002328	G	1	0.9063	0.944	0.9606	0.9447	14	
PILOT-2021002328__G__gpt5.4__rep2.json	PILOT-2021002328	G	2	0.9475	0.9537	0.9938	0.9685	14	
PILOT-2021002328__G__haiku4.5__rep0.json	PILOT-2021002328	G	0	0.1289	0.2064	0.1611	0.1776	11	
PILOT-2021002328__G__haiku4.5__rep1.json	PILOT-2021002328	G	1	0.1312	0.2155	0.1625	0.1819	11	
PILOT-2021002328__G__haiku4.5__rep2.json	PILOT-2021002328	G	2	0.0747	0.1391	0.1381	0.1273	12	
PILOT-2021002328__G__sonnet4__rep0.json	PILOT-2021002328	G	0	0.9174	0.9514	0.9657	0.95	14	
PILOT-2021002328__G__sonnet4__rep1.json	PILOT-2021002328	G	1	0.9072	0.9514	0.9556	0.9414	14	
PILOT-2021002328__G__sonnet4__rep2.json	PILOT-2021002328	G	2	0.9295	0.9477	0.9814	0.9586	13	
PILOT-2021003980__F__gpt4o-mini__rep0.json	PILOT-2021003980	F	0	0.7613	0.9643	0.7822	0.851	4	
PILOT-2021003980__F__gpt4o-mini__rep1.json	PILOT-2021003980	F	1	0.8532	0.9872	0.8642	0.9145	3	
PILOT-2021003980__F__gpt4o-mini__rep2.json	PILOT-2021003980	F	2	0.8	0.9744	0.814	0.8817	9	
PILOT-2021003980__F__gpt5.4__rep0.json	PILOT-2021003980	F	0	0.9705	1.0	0.9705	0.9835	20	
PILOT-2021003980__F__gpt5.4__rep1.json	PILOT-2021003980	F	1	0.9073	1.0	0.9073	0.9441	20	
PILOT-2021003980__F__gpt5.4__rep2.json	PILOT-2021003980	F	2	0.9573	0.9986	0.958	0.9754	20	
PILOT-2021003980__F__haiku4.5__rep0.json	PILOT-2021003980	F	0	0.7159	0.9986	0.7164	0.8138	20	
PILOT-2021003980__F__haiku4.5__rep1.json	PILOT-2021003980	F	1	0.7254	0.9955	0.7275	0.8245	20	
PILOT-2021003980__F__haiku4.5__rep2.json	PILOT-2021003980	F	2	0.8942	0.9986	0.895	0.9312	20	
PILOT-2021003980__F__sonnet4__rep0.json	PILOT-2021003980	F	0	None				0	no_gen
PILOT-2021003980__F__sonnet4__rep1.json	PILOT-2021003980	F	1	None				0	no_gen
PILOT-2021003980__F__sonnet4__rep2.json	PILOT-2021003980	F	2	None				0	no_gen
PILOT-2021003980__G__gpt4o-mini__rep0.json	PILOT-2021003980	G	0	0.8147	1.0	0.8147	0.8864	7	
PILOT-2021003980__G__gpt4o-mini__rep1.json	PILOT-2021003980	G	1	0.6964	0.9838	0.7089	0.8143	5	
PILOT-2021003980__G__gpt4o-mini__rep2.json	PILOT-2021003980	G	2	0.764	0.9896	0.7713	0.8618	6	
PILOT-2021003980__G__gpt5.4__rep0.json	PILOT-2021003980	G	0	0.9791	1.0	0.9791	0.9885	20	
PILOT-2021003980__G__gpt5.4__rep1.json	PILOT-2021003980	G	1	0.9481	1.0	0.9481	0.9693	17	
PILOT-2021003980__G__gpt5.4__rep2.json	PILOT-2021003980	G	2	0.97	1.0	0.97	0.9831	19	
PILOT-2021003980__G__haiku4.5__rep0.json	PILOT-2021003980	G	0	0.6112	0.9983	0.6122	0.7495	16	
PILOT-2021003980__G__haiku4.5__rep1.json	PILOT-2021003980	G	1	0.682	0.9986	0.6826	0.7931	20	
PILOT-2021003980__G__haiku4.5__rep2.json	PILOT-2021003980	G	2	0.6285	0.9983	0.6295	0.7598	16	
PILOT-2021003980__G__sonnet4__rep0.json	PILOT-2021003980	G	0	0.8992	0.98	0.9078	0.9373	20	
PILOT-2021003980__G__sonnet4__rep1.json	PILOT-2021003980	G	1	0.9547	1.0	0.9547	0.9727	20	
PILOT-2021003980__G__sonnet4__rep2.json	PILOT-2021003980	G	2	0.9593	1.0	0.9593	0.9757	20	
PILOT-2022000316__F__gpt4o-mini__rep0.json	PILOT-2022000316	F	0	0.5653	0.7476	0.6892	0.7023	4	
PILOT-2022000316__F__gpt4o-mini__rep1.json	PILOT-2022000316	F	1	0.7708	0.8699	0.8337	0.851	6	
PILOT-2022000316__F__gpt4o-mini__rep2.json	PILOT-2022000316	F	2	0.5867	0.7267	0.6188	0.6669	5	
PILOT-2022000316__F__gpt5.4__rep0.json	PILOT-2022000316	F	0	0.9198	0.9627	0.9339	0.9444	25	
PILOT-2022000316__F__gpt5.4__rep1.json	PILOT-2022000316	F	1	0.9378	0.9611	0.9712	0.9644	25	
PILOT-2022000316__F__gpt5.4__rep2.json	PILOT-2022000316	F	2	0.9508	0.984	0.9646	0.9716	25	
PILOT-2022000316__F__haiku4.5__rep0.json	PILOT-2022000316	F	0	0.899	0.9454	0.9234	0.9306	25	
PILOT-2022000316__F__haiku4.5__rep1.json	PILOT-2022000316	F	1	0.8986	0.9454	0.9229	0.9301	25	
PILOT-2022000316__F__haiku4.5__rep2.json	PILOT-2022000316	F	2	0.8986	0.9454	0.9229	0.9301	25	
PILOT-2022000316__F__sonnet4__rep0.json	PILOT-2022000316	F	0	0.8952	0.9454	0.9159	0.9264	25	
PILOT-2022000316__F__sonnet4__rep1.json	PILOT-2022000316	F	1	0.8822	0.9461	0.8998	0.9175	25	
PILOT-2022000316__F__sonnet4__rep2.json	PILOT-2022000316	F	2	0.9066	0.9472	0.9299	0.9346	25	
PILOT-2022000316__G__gpt4o-mini__rep0.json	PILOT-2022000316	G	0	0.9863	0.9935	0.9929	0.9929	21	
PILOT-2022000316__G__gpt4o-mini__rep1.json	PILOT-2022000316	G	1	0.7214	1.0	0.7214	0.838	3	
PILOT-2022000316__G__gpt4o-mini__rep2.json	PILOT-2022000316	G	2	0.5994	0.7397	0.7253	0.7323	3	
PILOT-2022000316__G__gpt5.4__rep0.json	PILOT-2022000316	G	0	0.9206	0.9609	0.9364	0.9449	25	
PILOT-2022000316__G__gpt5.4__rep1.json	PILOT-2022000316	G	1	0.9404	0.9656	0.9676	0.9644	25	
PILOT-2022000316__G__gpt5.4__rep2.json	PILOT-2022000316	G	2	0.9372	0.9656	0.962	0.9622	25	
PILOT-2022000316__G__haiku4.5__rep0.json	PILOT-2022000316	G	0	0.9187	0.949	0.9495	0.9485	25	
PILOT-2022000316__G__haiku4.5__rep1.json	PILOT-2022000316	G	1	0.865	0.9387	0.8797	0.9009	25	
PILOT-2022000316__G__haiku4.5__rep2.json	PILOT-2022000316	G	2	0.8721	0.9454	0.8887	0.9095	25	
PILOT-2022000316__G__sonnet4__rep0.json	PILOT-2022000316	G	0	0.9058	0.9443	0.9293	0.9336	25	
PILOT-2022000316__G__sonnet4__rep1.json	PILOT-2022000316	G	1	0.8869	0.949	0.9079	0.9225	25	
PILOT-2022000316__G__sonnet4__rep2.json	PILOT-2022000316	G	2	0.9066	0.9472	0.9299	0.9346	25	
PILOT-2022001087__F__gpt4o-mini__rep0.json	PILOT-2022001087	F	0	0.9499	0.9963	0.9532	0.9736	19	
PILOT-2022001087__F__gpt4o-mini__rep1.json	PILOT-2022001087	F	1	0.9771	0.9854	0.9912	0.988	11	
PILOT-2022001087__F__gpt4o-mini__rep2.json	PILOT-2022001087	F	2	0.9866	0.9907	0.9956	0.993	22	
PILOT-2022001087__F__gpt5.4__rep0.json	PILOT-2022001087	F	0	0.6758	0.7018	0.9621	0.7693	24	
PILOT-2022001087__F__gpt5.4__rep1.json	PILOT-2022001087	F	1	0.7666	0.8207	0.9079	0.8507	24	
PILOT-2022001087__F__gpt5.4__rep2.json	PILOT-2022001087	F	2	0.9082	0.9302	0.9629	0.9448	24	
PILOT-2022001087__F__haiku4.5__rep0.json	PILOT-2022001087	F	0	0.7639	0.7818	0.9735	0.8349	22	
PILOT-2022001087__F__haiku4.5__rep1.json	PILOT-2022001087	F	1	0.7719	0.7931	0.9698	0.8421	24	
PILOT-2022001087__F__haiku4.5__rep2.json	PILOT-2022001087	F	2	0.7597	0.7833	0.9658	0.8321	22	
PILOT-2022001087__F__sonnet4__rep0.json	PILOT-2022001087	F	0	0.7781	0.8578	0.878	0.8658	24	
PILOT-2022001087__F__sonnet4__rep1.json	PILOT-2022001087	F	1	0.8332	0.8967	0.9038	0.9	23	
PILOT-2022001087__F__sonnet4__rep2.json	PILOT-2022001087	F	2	0.7806	0.8414	0.898	0.8673	24	
PILOT-2022001087__G__gpt4o-mini__rep0.json	PILOT-2022001087	G	0	0.9668	0.9903	0.9763	0.9826	21	
PILOT-2022001087__G__gpt4o-mini__rep1.json	PILOT-2022001087	G	1	0.9847	0.9882	0.9962	0.9921	9	
PILOT-2022001087__G__gpt4o-mini__rep2.json	PILOT-2022001087	G	2	0.984	0.9866	0.9972	0.9916	24	
PILOT-2022001087__G__gpt5.4__rep0.json	PILOT-2022001087	G	0	0.8362	0.881	0.933	0.901	24	
PILOT-2022001087__G__gpt5.4__rep1.json	PILOT-2022001087	G	1	0.9674	0.9762	0.989	0.982	24	
PILOT-2022001087__G__gpt5.4__rep2.json	PILOT-2022001087	G	2	0.785	0.8284	0.9147	0.8657	24	
PILOT-2022001087__G__haiku4.5__rep0.json	PILOT-2022001087	G	0	0.8593	0.8955	0.9442	0.9183	24	
PILOT-2022001087__G__haiku4.5__rep1.json	PILOT-2022001087	G	1	0.6404	0.6614	0.9696	0.7501	24	
PILOT-2022001087__G__haiku4.5__rep2.json	PILOT-2022001087	G	2	0.7538	0.786	0.9536	0.8307	24	
PILOT-2022001087__G__sonnet4__rep0.json	PILOT-2022001087	G	0	0.9797	0.9854	0.9939	0.9893	22	
PILOT-2022001087__G__sonnet4__rep1.json	PILOT-2022001087	G	1	0.9691	0.9854	0.9826	0.9831	22	
PILOT-2022001087__G__sonnet4__rep2.json	PILOT-2022001087	G	2	0.9671	0.9866	0.9798	0.9821	24	
