file	case	cond	rep	c1	c1_recall	c1_prec	c1_f1	n_claims	skipped_no_gen	skipped_no_rejected	reason
PILOT-2009010505__F__gpt4o-mini__rep0.json	PILOT-2009010505	F	0	0.0242	0.0323	0.0472	0.038	22	0	0	
PILOT-2009010505__F__gpt4o-mini__rep1.json	PILOT-2009010505	F	1	None	None	None	None	0	22	0	no_aligned_claims
PILOT-2009010505__F__gpt4o-mini__rep2.json	PILOT-2009010505	F	2	None	None	None	None	0	22	0	no_aligned_claims
PILOT-2009010505__F__gpt5.4__rep0.json	PILOT-2009010505	F	0	0.0032	0.0053	0.0081	0.0061	22	0	0	
PILOT-2009010505__F__gpt5.4__rep1.json	PILOT-2009010505	F	1	0.0041	0.0053	0.0157	0.0077	22	0	0	
PILOT-2009010505__F__gpt5.4__rep2.json	PILOT-2009010505	F	2	0.0039	0.0053	0.0134	0.0074	22	0	0	
PILOT-2009010505__F__haiku4.5__rep0.json	PILOT-2009010505	F	0	0.0	0.0	0.0	0.0	22	0	0	
PILOT-2009010505__F__haiku4.5__rep1.json	PILOT-2009010505	F	1	0.0	0.0	0.0	0.0	22	0	0	
PILOT-2009010505__F__haiku4.5__rep2.json	PILOT-2009010505	F	2	0.0004	0.0005	0.0032	0.0008	22	0	0	
PILOT-2009010505__F__sonnet4__rep0.json	PILOT-2009010505	F	0	0.0	0.0	0.0	0.0	22	0	0	
PILOT-2009010505__F__sonnet4__rep1.json	PILOT-2009010505	F	1	0.0	0.0	0.0	0.0	22	0	0	
PILOT-2009010505__F__sonnet4__rep2.json	PILOT-2009010505	F	2	0.0	0.0	0.0	0.0	22	0	0	
PILOT-2009010505__G__gpt4o-mini__rep0.json	PILOT-2009010505	G	0	0.0	0.0	0.0	0.0	2	20	0	
PILOT-2009010505__G__gpt4o-mini__rep1.json	PILOT-2009010505	G	1	None	None	None	None	0	22	0	no_aligned_claims
PILOT-2009010505__G__gpt4o-mini__rep2.json	PILOT-2009010505	G	2	0.0	0.0	0.0	0.0	2	20	0	
PILOT-2009010505__G__gpt5.4__rep0.json	PILOT-2009010505	G	0	0.0172	0.0219	0.0771	0.0328	22	0	0	
PILOT-2009010505__G__gpt5.4__rep1.json	PILOT-2009010505	G	1	0.0	0.0	0.0	0.0	22	0	0	
PILOT-2009010505__G__gpt5.4__rep2.json	PILOT-2009010505	G	2	0.0032	0.0053	0.0081	0.0061	22	0	0	
PILOT-2009010505__G__haiku4.5__rep0.json	PILOT-2009010505	G	0	0.0018	0.0019	0.0165	0.0034	22	0	0	
PILOT-2009010505__G__haiku4.5__rep1.json	PILOT-2009010505	G	1	0.0	0.0	0.0	0.0	22	0	0	
PILOT-2009010505__G__haiku4.5__rep2.json	PILOT-2009010505	G	2	0.0	0.0	0.0	0.0	22	0	0	
PILOT-2009010505__G__sonnet4__rep0.json	PILOT-2009010505	G	0	0.0	0.0	0.0	0.0	22	0	0	
PILOT-2009010505__G__sonnet4__rep1.json	PILOT-2009010505	G	1	0.0	0.0	0.0	0.0	22	0	0	
PILOT-2009010505__G__sonnet4__rep2.json	PILOT-2009010505	G	2	0.0	0.0	0.0	0.0	22	0	0	
PILOT-2010007757__F__gpt4o-mini__rep0.json	PILOT-2010007757	F	0	0.0654	0.1619	0.0953	0.1191	3	0	0	
PILOT-2010007757__F__gpt4o-mini__rep1.json	PILOT-2010007757	F	1	0.0208	0.0952	0.0247	0.0392	3	0	0	
PILOT-2010007757__F__gpt4o-mini__rep2.json	PILOT-2010007757	F	2	0.0583	0.2571	0.0695	0.1067	3	0	0	
PILOT-2010007757__F__gpt5.4__rep0.json	PILOT-2010007757	F	0	0.0513	0.0952	0.0833	0.0889	3	0	0	
PILOT-2010007757__F__gpt5.4__rep1.json	PILOT-2010007757	F	1	0.0741	0.1905	0.0889	0.1212	3	0	0	
PILOT-2010007757__F__gpt5.4__rep2.json	PILOT-2010007757	F	2	0.0741	0.1905	0.0889	0.1212	3	0	0	
PILOT-2010007757__F__haiku4.5__rep0.json	PILOT-2010007757	F	0	0.0476	0.0952	0.0741	0.0833	3	0	0	
PILOT-2010007757__F__haiku4.5__rep1.json	PILOT-2010007757	F	1	0.0476	0.0952	0.0741	0.0833	3	0	0	
PILOT-2010007757__F__haiku4.5__rep2.json	PILOT-2010007757	F	2	0.0476	0.0952	0.0741	0.0833	3	0	0	
PILOT-2010007757__F__sonnet4__rep0.json	PILOT-2010007757	F	0	0.0513	0.0952	0.0833	0.0889	3	0	0	
PILOT-2010007757__F__sonnet4__rep1.json	PILOT-2010007757	F	1	0.0444	0.0952	0.0667	0.0784	3	0	0	
PILOT-2010007757__F__sonnet4__rep2.json	PILOT-2010007757	F	2	0.0513	0.0952	0.0833	0.0889	3	0	0	
PILOT-2010007757__G__gpt4o-mini__rep0.json	PILOT-2010007757	G	0	0.0667	0.0952	0.1333	0.1111	3	0	0	
PILOT-2010007757__G__gpt4o-mini__rep1.json	PILOT-2010007757	G	1	None	None	None	None	0	3	0	no_aligned_claims
PILOT-2010007757__G__gpt4o-mini__rep2.json	PILOT-2010007757	G	2	0.023	0.0952	0.0278	0.043	3	0	0	
PILOT-2010007757__G__gpt5.4__rep0.json	PILOT-2010007757	G	0	0.0741	0.1905	0.0889	0.1212	3	0	0	
PILOT-2010007757__G__gpt5.4__rep1.json	PILOT-2010007757	G	1	0.0741	0.1905	0.0889	0.1212	3	0	0	
PILOT-2010007757__G__gpt5.4__rep2.json	PILOT-2010007757	G	2	0.0741	0.1905	0.0889	0.1212	3	0	0	
PILOT-2010007757__G__haiku4.5__rep0.json	PILOT-2010007757	G	0	0.0513	0.0952	0.0833	0.0889	3	0	0	
PILOT-2010007757__G__haiku4.5__rep1.json	PILOT-2010007757	G	1	0.0476	0.0952	0.0741	0.0833	3	0	0	
PILOT-2010007757__G__haiku4.5__rep2.json	PILOT-2010007757	G	2	0.0513	0.0952	0.0833	0.0889	3	0	0	
PILOT-2010007757__G__sonnet4__rep0.json	PILOT-2010007757	G	0	0.0513	0.0952	0.0833	0.0889	3	0	0	
PILOT-2010007757__G__sonnet4__rep1.json	PILOT-2010007757	G	1	0.0513	0.0952	0.0833	0.0889	3	0	0	
PILOT-2010007757__G__sonnet4__rep2.json	PILOT-2010007757	G	2	0.0513	0.0952	0.0833	0.0889	3	0	0	
PILOT-2010008015__F__gpt4o-mini__rep0.json	PILOT-2010008015	F	0	None	None	None	None	0	1	0	no_aligned_claims
PILOT-2010008015__F__gpt4o-mini__rep1.json	PILOT-2010008015	F	1	0.0	0.0	0.0	0.0	1	0	0	
PILOT-2010008015__F__gpt4o-mini__rep2.json	PILOT-2010008015	F	2	None	None	None	None	0	1	0	no_aligned_claims
PILOT-2010008015__F__gpt5.4__rep0.json	PILOT-2010008015	F	0	0.0816	0.1212	0.2	0.1509	1	0	0	
PILOT-2010008015__F__gpt5.4__rep1.json	PILOT-2010008015	F	1	0.0909	0.1212	0.2667	0.1667	1	0	0	
PILOT-2010008015__F__gpt5.4__rep2.json	PILOT-2010008015	F	2	0.0513	0.1212	0.0816	0.0976	1	0	0	
PILOT-2010008015__F__haiku4.5__rep0.json	PILOT-2010008015	F	0	0.0172	0.0303	0.0385	0.0339	1	0	0	
PILOT-2010008015__F__haiku4.5__rep1.json	PILOT-2010008015	F	1	0.0727	0.1212	0.1538	0.1356	1	0	0	
PILOT-2010008015__F__haiku4.5__rep2.json	PILOT-2010008015	F	2	0.0179	0.0303	0.0417	0.0351	1	0	0	
PILOT-2010008015__F__sonnet4__rep0.json	PILOT-2010008015	F	0	0.0175	0.0303	0.04	0.0345	1	0	0	
PILOT-2010008015__F__sonnet4__rep1.json	PILOT-2010008015	F	1	0.0179	0.0303	0.0417	0.0351	1	0	0	
PILOT-2010008015__F__sonnet4__rep2.json	PILOT-2010008015	F	2	0.0179	0.0303	0.0417	0.0351	1	0	0	
PILOT-2010008015__G__gpt4o-mini__rep0.json	PILOT-2010008015	G	0	0.0179	0.0303	0.0417	0.0351	1	0	0	
PILOT-2010008015__G__gpt4o-mini__rep1.json	PILOT-2010008015	G	1	0.0	0.0	0.0	0.0	1	0	0	
PILOT-2010008015__G__gpt4o-mini__rep2.json	PILOT-2010008015	G	2	0.0	0.0	0.0	0.0	1	0	0	
PILOT-2010008015__G__gpt5.4__rep0.json	PILOT-2010008015	G	0	0.0741	0.1212	0.16	0.1379	1	0	0	
PILOT-2010008015__G__gpt5.4__rep1.json	PILOT-2010008015	G	1	0.0816	0.1212	0.2	0.1509	1	0	0	
PILOT-2010008015__G__gpt5.4__rep2.json	PILOT-2010008015	G	2	0.0816	0.1212	0.2	0.1509	1	0	0	
PILOT-2010008015__G__haiku4.5__rep0.json	PILOT-2010008015	G	0	0.0192	0.0303	0.05	0.0377	1	0	0	
PILOT-2010008015__G__haiku4.5__rep1.json	PILOT-2010008015	G	1	0.0179	0.0303	0.0417	0.0351	1	0	0	
PILOT-2010008015__G__haiku4.5__rep2.json	PILOT-2010008015	G	2	0.0192	0.0303	0.05	0.0377	1	0	0	
PILOT-2010008015__G__sonnet4__rep0.json	PILOT-2010008015	G	0	0.0192	0.0303	0.05	0.0377	1	0	0	
PILOT-2010008015__G__sonnet4__rep1.json	PILOT-2010008015	G	1	0.0196	0.0303	0.0526	0.0385	1	0	0	
PILOT-2010008015__G__sonnet4__rep2.json	PILOT-2010008015	G	2	0.0204	0.0303	0.0588	0.04	1	0	0	
PILOT-2010010196__F__gpt4o-mini__rep0.json	PILOT-2010010196	F	0	None	None	None	None	0	18	0	no_aligned_claims
PILOT-2010010196__F__gpt4o-mini__rep1.json	PILOT-2010010196	F	1	0.0714	0.1667	0.0909	0.1176	3	15	0	
PILOT-2010010196__F__gpt4o-mini__rep2.json	PILOT-2010010196	F	2	0.0	0.0	0.0	0.0	2	16	0	
PILOT-2010010196__F__gpt5.4__rep0.json	PILOT-2010010196	F	0	0.0011	0.0014	0.0056	0.0022	18	0	0	
PILOT-2010010196__F__gpt5.4__rep1.json	PILOT-2010010196	F	1	0.0	0.0	0.0	0.0	16	2	0	
PILOT-2010010196__F__gpt5.4__rep2.json	PILOT-2010010196	F	2	0.0148	0.037	0.0171	0.0234	18	0	0	
PILOT-2010010196__F__haiku4.5__rep0.json	PILOT-2010010196	F	0	0.0	0.0	0.0	0.0	15	3	0	
PILOT-2010010196__F__haiku4.5__rep1.json	PILOT-2010010196	F	1	0.0	0.0	0.0	0.0	18	0	0	
PILOT-2010010196__F__haiku4.5__rep2.json	PILOT-2010010196	F	2	0.0	0.0	0.0	0.0	15	3	0	
PILOT-2010010196__F__sonnet4__rep0.json	PILOT-2010010196	F	0	0.0	0.0	0.0	0.0	18	0	0	
PILOT-2010010196__F__sonnet4__rep1.json	PILOT-2010010196	F	1	0.0	0.0	0.0	0.0	18	0	0	
PILOT-2010010196__F__sonnet4__rep2.json	PILOT-2010010196	F	2	0.0	0.0	0.0	0.0	18	0	0	
PILOT-2010010196__G__gpt4o-mini__rep0.json	PILOT-2010010196	G	0	0.0938	0.25	0.1154	0.1579	2	16	0	
PILOT-2010010196__G__gpt4o-mini__rep1.json	PILOT-2010010196	G	1	0.0416	0.0833	0.0714	0.0769	2	16	0	
PILOT-2010010196__G__gpt4o-mini__rep2.json	PILOT-2010010196	G	2	0.125	0.25	0.1666	0.2	2	16	0	
PILOT-2010010196__G__gpt5.4__rep0.json	PILOT-2010010196	G	0	0.0185	0.037	0.0222	0.0278	18	0	0	
PILOT-2010010196__G__gpt5.4__rep1.json	PILOT-2010010196	G	1	0.0	0.0	0.0	0.0	18	0	0	
PILOT-2010010196__G__gpt5.4__rep2.json	PILOT-2010010196	G	2	0.0167	0.0417	0.0192	0.0263	16	2	0	
PILOT-2010010196__G__haiku4.5__rep0.json	PILOT-2010010196	G	0	0.0	0.0	0.0	0.0	15	3	0	
PILOT-2010010196__G__haiku4.5__rep1.json	PILOT-2010010196	G	1	0.0	0.0	0.0	0.0	16	2	0	
PILOT-2010010196__G__haiku4.5__rep2.json	PILOT-2010010196	G	2	0.0	0.0	0.0	0.0	16	2	0	
PILOT-2010010196__G__sonnet4__rep0.json	PILOT-2010010196	G	0	0.0	0.0	0.0	0.0	18	0	0	
PILOT-2010010196__G__sonnet4__rep1.json	PILOT-2010010196	G	1	0.0	0.0	0.0	0.0	18	0	0	
PILOT-2010010196__G__sonnet4__rep2.json	PILOT-2010010196	G	2	0.0	0.0	0.0	0.0	18	0	0	
PILOT-2010011970__F__gpt4o-mini__rep0.json	PILOT-2010011970	F	0	0.0	0.0	0.0	0.0	3	1	0	
PILOT-2010011970__F__gpt4o-mini__rep1.json	PILOT-2010011970	F	1	0.0	0.0	0.0	0.0	3	1	0	
PILOT-2010011970__F__gpt4o-mini__rep2.json	PILOT-2010011970	F	2	0.0	0.0	0.0	0.0	3	1	0	
PILOT-2010011970__F__gpt5.4__rep0.json	PILOT-2010011970	F	0	0.195	0.7273	0.2088	0.3243	4	0	0	
PILOT-2010011970__F__gpt5.4__rep1.json	PILOT-2010011970	F	1	0.0	0.0	0.0	0.0	1	3	0	
PILOT-2010011970__F__gpt5.4__rep2.json	PILOT-2010011970	F	2	0.0	0.0	0.0	0.0	1	3	0	
PILOT-2010011970__F__haiku4.5__rep0.json	PILOT-2010011970	F	0	0.1945	0.9487	0.1965	0.3255	3	1	0	
PILOT-2010011970__F__haiku4.5__rep1.json	PILOT-2010011970	F	1	0.1555	0.7506	0.1578	0.2599	4	0	0	
PILOT-2010011970__F__haiku4.5__rep2.json	PILOT-2010011970	F	2	0.1991	0.9097	0.2031	0.332	4	0	0	
PILOT-2010011970__F__sonnet4__rep0.json	PILOT-2010011970	F	0	0.0	0.0	0.0	0.0	4	0	0	
PILOT-2010011970__F__sonnet4__rep1.json	PILOT-2010011970	F	1	0.0	0.0	0.0	0.0	4	0	0	
PILOT-2010011970__F__sonnet4__rep2.json	PILOT-2010011970	F	2	0.0	0.0	0.0	0.0	4	0	0	
PILOT-2010011970__G__gpt4o-mini__rep0.json	PILOT-2010011970	G	0	None	None	None	None	0	4	0	no_aligned_claims
PILOT-2010011970__G__gpt4o-mini__rep1.json	PILOT-2010011970	G	1	0.0683	0.1538	0.1094	0.1277	3	1	0	
PILOT-2010011970__G__gpt4o-mini__rep2.json	PILOT-2010011970	G	2	0.125	0.1538	0.4	0.2222	3	1	0	
PILOT-2010011970__G__gpt5.4__rep0.json	PILOT-2010011970	G	0	0.2026	0.7465	0.2171	0.3364	4	0	0	
PILOT-2010011970__G__gpt5.4__rep1.json	PILOT-2010011970	G	1	0.1056	0.4295	0.118	0.1851	4	0	0	
PILOT-2010011970__G__gpt5.4__rep2.json	PILOT-2010011970	G	2	0.1623	0.6923	0.1653	0.2669	4	0	0	
PILOT-2010011970__G__haiku4.5__rep0.json	PILOT-2010011970	G	0	0.2861	0.9551	0.288	0.4253	4	0	0	
PILOT-2010011970__G__haiku4.5__rep1.json	PILOT-2010011970	G	1	0.191	0.8718	0.1965	0.3206	3	1	0	
PILOT-2010011970__G__haiku4.5__rep2.json	PILOT-2010011970	G	2	0.1975	0.9402	0.2	0.3298	3	1	0	
PILOT-2010011970__G__sonnet4__rep0.json	PILOT-2010011970	G	0	0.2689	0.9615	0.2712	0.4215	4	0	0	
PILOT-2010011970__G__sonnet4__rep1.json	PILOT-2010011970	G	1	0.0	0.0	0.0	0.0	4	0	0	
PILOT-2010011970__G__sonnet4__rep2.json	PILOT-2010011970	G	2	0.0	0.0	0.0	0.0	4	0	0	
PILOT-2011003851__F__gpt4o-mini__rep0.json	PILOT-2011003851	F	0	None	None	None	None	0	20	0	no_aligned_claims
PILOT-2011003851__F__gpt4o-mini__rep1.json	PILOT-2011003851	F	1	None	None	None	None	0	20	0	no_aligned_claims
PILOT-2011003851__F__gpt4o-mini__rep2.json	PILOT-2011003851	F	2	None	None	None	None	0	20	0	no_aligned_claims
PILOT-2011003851__F__gpt5.4__rep0.json	PILOT-2011003851	F	0	0.0	0.0	0.0	0.0	19	1	0	
PILOT-2011003851__F__gpt5.4__rep1.json	PILOT-2011003851	F	1	0.0	0.0	0.0	0.0	18	2	0	
PILOT-2011003851__F__gpt5.4__rep2.json	PILOT-2011003851	F	2	0.0104	0.0128	0.0568	0.02	20	0	0	
PILOT-2011003851__F__haiku4.5__rep0.json	PILOT-2011003851	F	0	0.0112	0.0159	0.0437	0.022	3	17	0	
PILOT-2011003851__F__haiku4.5__rep1.json	PILOT-2011003851	F	1	0.0141	0.02	0.0595	0.0269	20	0	0	
PILOT-2011003851__F__haiku4.5__rep2.json	PILOT-2011003851	F	2	0.0056	0.0071	0.0317	0.011	20	0	0	
PILOT-2011003851__F__sonnet4__rep0.json	PILOT-2011003851	F	0	0.0006	0.0008	0.0018	0.0011	20	0	0	
PILOT-2011003851__F__sonnet4__rep1.json	PILOT-2011003851	F	1	0.0	0.0	0.0	0.0	20	0	0	
PILOT-2011003851__F__sonnet4__rep2.json	PILOT-2011003851	F	2	0.0	0.0	0.0	0.0	20	0	0	
PILOT-2011003851__G__gpt4o-mini__rep0.json	PILOT-2011003851	G	0	None	None	None	None	0	20	0	no_aligned_claims
PILOT-2011003851__G__gpt4o-mini__rep1.json	PILOT-2011003851	G	1	None	None	None	None	0	20	0	no_aligned_claims
PILOT-2011003851__G__gpt4o-mini__rep2.json	PILOT-2011003851	G	2	None	None	None	None	0	20	0	no_aligned_claims
PILOT-2011003851__G__gpt5.4__rep0.json	PILOT-2011003851	G	0	0.0131	0.0169	0.0704	0.0252	20	0	0	
PILOT-2011003851__G__gpt5.4__rep1.json	PILOT-2011003851	G	1	0.0	0.0	0.0	0.0	18	2	0	
PILOT-2011003851__G__gpt5.4__rep2.json	PILOT-2011003851	G	2	0.0091	0.0111	0.0515	0.0174	20	0	0	
PILOT-2011003851__G__haiku4.5__rep0.json	PILOT-2011003851	G	0	0.0078	0.0097	0.0419	0.015	20	0	0	
PILOT-2011003851__G__haiku4.5__rep1.json	PILOT-2011003851	G	1	0.0084	0.0119	0.0328	0.0165	4	16	0	
PILOT-2011003851__G__haiku4.5__rep2.json	PILOT-2011003851	G	2	0.0017	0.0024	0.0066	0.0033	20	0	0	
PILOT-2011003851__G__sonnet4__rep0.json	PILOT-2011003851	G	0	0.0016	0.0024	0.0063	0.0031	20	0	0	
PILOT-2011003851__G__sonnet4__rep1.json	PILOT-2011003851	G	1	0.0016	0.0024	0.0059	0.0032	20	0	0	
PILOT-2011003851__G__sonnet4__rep2.json	PILOT-2011003851	G	2	0.0017	0.0024	0.0084	0.0033	20	0	0	
PILOT-2011004581__F__gpt4o-mini__rep0.json	PILOT-2011004581	F	0	0.0262	0.034	0.093	0.0495	9	2	0	
PILOT-2011004581__F__gpt4o-mini__rep1.json	PILOT-2011004581	F	1	0.0666	0.0952	0.1667	0.1179	9	2	0	
PILOT-2011004581__F__gpt4o-mini__rep2.json	PILOT-2011004581	F	2	0.0711	0.1018	0.1717	0.1256	9	2	0	
PILOT-2011004581__F__gpt5.4__rep0.json	PILOT-2011004581	F	0	0.0	0.0	0.0	0.0	11	0	0	
PILOT-2011004581__F__gpt5.4__rep1.json	PILOT-2011004581	F	1	0.0	0.0	0.0	0.0	11	0	0	
PILOT-2011004581__F__gpt5.4__rep2.json	PILOT-2011004581	F	2	0.0	0.0	0.0	0.0	11	0	0	
PILOT-2011004581__F__haiku4.5__rep0.json	PILOT-2011004581	F	0	0.0	0.0	0.0	0.0	11	0	0	
PILOT-2011004581__F__haiku4.5__rep1.json	PILOT-2011004581	F	1	0.0017	0.0032	0.0035	0.0034	11	0	0	
PILOT-2011004581__F__haiku4.5__rep2.json	PILOT-2011004581	F	2	0.0044	0.0077	0.0096	0.0086	11	0	0	
PILOT-2011004581__F__sonnet4__rep0.json	PILOT-2011004581	F	0	0.0	0.0	0.0	0.0	11	0	0	
PILOT-2011004581__F__sonnet4__rep1.json	PILOT-2011004581	F	1	0.0	0.0	0.0	0.0	11	0	0	
PILOT-2011004581__F__sonnet4__rep2.json	PILOT-2011004581	F	2	0.0019	0.0032	0.0043	0.0037	11	0	0	
PILOT-2011004581__G__gpt4o-mini__rep0.json	PILOT-2011004581	G	0	0.0606	0.0825	0.1571	0.1072	7	4	0	
PILOT-2011004581__G__gpt4o-mini__rep1.json	PILOT-2011004581	G	1	0.0	0.0	0.0	0.0	9	2	0	
PILOT-2011004581__G__gpt4o-mini__rep2.json	PILOT-2011004581	G	2	0.0	0.0	0.0	0.0	9	2	0	
PILOT-2011004581__G__gpt5.4__rep0.json	PILOT-2011004581	G	0	0.0	0.0	0.0	0.0	11	0	0	
PILOT-2011004581__G__gpt5.4__rep1.json	PILOT-2011004581	G	1	0.0	0.0	0.0	0.0	11	0	0	
PILOT-2011004581__G__gpt5.4__rep2.json	PILOT-2011004581	G	2	0.0	0.0	0.0	0.0	11	0	0	
PILOT-2011004581__G__haiku4.5__rep0.json	PILOT-2011004581	G	0	0.0	0.0	0.0	0.0	11	0	0	
PILOT-2011004581__G__haiku4.5__rep1.json	PILOT-2011004581	G	1	0.0	0.0	0.0	0.0	11	0	0	
PILOT-2011004581__G__haiku4.5__rep2.json	PILOT-2011004581	G	2	0.0	0.0	0.0	0.0	11	0	0	
PILOT-2011004581__G__sonnet4__rep0.json	PILOT-2011004581	G	0	0.0	0.0	0.0	0.0	11	0	0	
PILOT-2011004581__G__sonnet4__rep1.json	PILOT-2011004581	G	1	0.0	0.0	0.0	0.0	11	0	0	
PILOT-2011004581__G__sonnet4__rep2.json	PILOT-2011004581	G	2	0.0	0.0	0.0	0.0	11	0	0	
PILOT-2011007474__F__gpt4o-mini__rep0.json	PILOT-2011007474	F	0	None	None	None	None	0	14	0	no_aligned_claims
PILOT-2011007474__F__gpt4o-mini__rep1.json	PILOT-2011007474	F	1	None	None	None	None	0	14	0	no_aligned_claims
PILOT-2011007474__F__gpt4o-mini__rep2.json	PILOT-2011007474	F	2	None	None	None	None	0	14	0	no_aligned_claims
PILOT-2011007474__F__gpt5.4__rep0.json	PILOT-2011007474	F	0	0.0	0.0	0.0	0.0	14	0	0	
PILOT-2011007474__F__gpt5.4__rep1.json	PILOT-2011007474	F	1	0.0	0.0	0.0	0.0	14	0	0	
PILOT-2011007474__F__gpt5.4__rep2.json	PILOT-2011007474	F	2	0.0228	0.0283	0.0643	0.0393	14	0	0	
PILOT-2011007474__F__haiku4.5__rep0.json	PILOT-2011007474	F	0	0.0	0.0	0.0	0.0	14	0	0	
PILOT-2011007474__F__haiku4.5__rep1.json	PILOT-2011007474	F	1	0.0	0.0	0.0	0.0	14	0	0	
PILOT-2011007474__F__haiku4.5__rep2.json	PILOT-2011007474	F	2	0.0156	0.0312	0.026	0.0275	14	0	0	
PILOT-2011007474__F__sonnet4__rep0.json	PILOT-2011007474	F	0	0.0013	0.0017	0.0048	0.0026	14	0	0	
PILOT-2011007474__F__sonnet4__rep1.json	PILOT-2011007474	F	1	0.0139	0.0172	0.0476	0.0252	14	0	0	
PILOT-2011007474__F__sonnet4__rep2.json	PILOT-2011007474	F	2	0.0169	0.0241	0.0454	0.0303	14	0	0	
PILOT-2011007474__G__gpt4o-mini__rep0.json	PILOT-2011007474	G	0	None	None	None	None	0	14	0	no_aligned_claims
PILOT-2011007474__G__gpt4o-mini__rep1.json	PILOT-2011007474	G	1	None	None	None	None	0	14	0	no_aligned_claims
PILOT-2011007474__G__gpt4o-mini__rep2.json	PILOT-2011007474	G	2	None	None	None	None	0	14	0	no_aligned_claims
PILOT-2011007474__G__gpt5.4__rep0.json	PILOT-2011007474	G	0	0.0086	0.0097	0.0357	0.0153	14	0	0	
PILOT-2011007474__G__gpt5.4__rep1.json	PILOT-2011007474	G	1	0.017	0.0199	0.0643	0.0303	14	0	0	
PILOT-2011007474__G__gpt5.4__rep2.json	PILOT-2011007474	G	2	0.0	0.0	0.0	0.0	14	0	0	
PILOT-2011007474__G__haiku4.5__rep0.json	PILOT-2011007474	G	0	0.008	0.0124	0.0207	0.0152	14	0	0	
PILOT-2011007474__G__haiku4.5__rep1.json	PILOT-2011007474	G	1	0.0109	0.0179	0.0254	0.0207	14	0	0	
PILOT-2011007474__G__haiku4.5__rep2.json	PILOT-2011007474	G	2	0.0111	0.0192	0.0192	0.0192	14	0	0	
PILOT-2011007474__G__sonnet4__rep0.json	PILOT-2011007474	G	0	0.0171	0.0231	0.0548	0.0311	14	0	0	
PILOT-2011007474__G__sonnet4__rep1.json	PILOT-2011007474	G	1	0.0147	0.0207	0.0416	0.0266	14	0	0	
PILOT-2011007474__G__sonnet4__rep2.json	PILOT-2011007474	G	2	0.0147	0.0207	0.0416	0.0266	14	0	0	
PILOT-2011008843__F__gpt4o-mini__rep0.json	PILOT-2011008843	F	0	0.0253	0.027	0.2857	0.0494	1	0	0	
PILOT-2011008843__F__gpt4o-mini__rep1.json	PILOT-2011008843	F	1	0.0	0.0	0.0	0.0	1	0	0	
PILOT-2011008843__F__gpt4o-mini__rep2.json	PILOT-2011008843	F	2	0.0	0.0	0.0	0.0	1	0	0	
PILOT-2011008843__F__gpt5.4__rep0.json	PILOT-2011008843	F	0	0.0098	0.0135	0.0345	0.0194	1	0	0	
PILOT-2011008843__F__gpt5.4__rep1.json	PILOT-2011008843	F	1	0.0	0.0	0.0	0.0	1	0	0	
PILOT-2011008843__F__gpt5.4__rep2.json	PILOT-2011008843	F	2	0.0	0.0	0.0	0.0	1	0	0	
PILOT-2011008843__F__haiku4.5__rep0.json	PILOT-2011008843	F	0	0.0	0.0	0.0	0.0	1	0	0	
PILOT-2011008843__F__haiku4.5__rep1.json	PILOT-2011008843	F	1	0.0	0.0	0.0	0.0	1	0	0	
PILOT-2011008843__F__haiku4.5__rep2.json	PILOT-2011008843	F	2	0.0	0.0	0.0	0.0	1	0	0	
PILOT-2011008843__F__sonnet4__rep0.json	PILOT-2011008843	F	0	0.0	0.0	0.0	0.0	1	0	0	
PILOT-2011008843__F__sonnet4__rep1.json	PILOT-2011008843	F	1	0.0	0.0	0.0	0.0	1	0	0	
PILOT-2011008843__F__sonnet4__rep2.json	PILOT-2011008843	F	2	0.0	0.0	0.0	0.0	1	0	0	
PILOT-2011008843__G__gpt4o-mini__rep0.json	PILOT-2011008843	G	0	None	None	None	None	0	1	0	no_aligned_claims
PILOT-2011008843__G__gpt4o-mini__rep1.json	PILOT-2011008843	G	1	0.0	0.0	0.0	0.0	1	0	0	
PILOT-2011008843__G__gpt4o-mini__rep2.json	PILOT-2011008843	G	2	None	None	None	None	0	1	0	no_aligned_claims
PILOT-2011008843__G__gpt5.4__rep0.json	PILOT-2011008843	G	0	0.0	0.0	0.0	0.0	1	0	0	
PILOT-2011008843__G__gpt5.4__rep1.json	PILOT-2011008843	G	1	0.0	0.0	0.0	0.0	1	0	0	
PILOT-2011008843__G__gpt5.4__rep2.json	PILOT-2011008843	G	2	0.0	0.0	0.0	0.0	1	0	0	
PILOT-2011008843__G__haiku4.5__rep0.json	PILOT-2011008843	G	0	0.0	0.0	0.0	0.0	1	0	0	
PILOT-2011008843__G__haiku4.5__rep1.json	PILOT-2011008843	G	1	0.0	0.0	0.0	0.0	1	0	0	
PILOT-2011008843__G__haiku4.5__rep2.json	PILOT-2011008843	G	2	0.0	0.0	0.0	0.0	1	0	0	
PILOT-2011008843__G__sonnet4__rep0.json	PILOT-2011008843	G	0	0.0	0.0	0.0	0.0	1	0	0	
PILOT-2011008843__G__sonnet4__rep1.json	PILOT-2011008843	G	1	0.0	0.0	0.0	0.0	1	0	0	
PILOT-2011008843__G__sonnet4__rep2.json	PILOT-2011008843	G	2	0.0	0.0	0.0	0.0	1	0	0	
PILOT-2011009182__F__gpt4o-mini__rep0.json	PILOT-2011009182	F	0	0.0	0.0	0.0	0.0	17	0	0	
PILOT-2011009182__F__gpt4o-mini__rep1.json	PILOT-2011009182	F	1	0.0	0.0	0.0	0.0	17	0	0	
PILOT-2011009182__F__gpt4o-mini__rep2.json	PILOT-2011009182	F	2	0.0	0.0	0.0	0.0	8	9	0	
PILOT-2011009182__F__gpt5.4__rep0.json	PILOT-2011009182	F	0	0.0	0.0	0.0	0.0	17	0	0	
PILOT-2011009182__F__gpt5.4__rep1.json	PILOT-2011009182	F	1	0.0	0.0	0.0	0.0	17	0	0	
PILOT-2011009182__F__gpt5.4__rep2.json	PILOT-2011009182	F	2	0.0	0.0	0.0	0.0	17	0	0	
PILOT-2011009182__F__haiku4.5__rep0.json	PILOT-2011009182	F	0	0.0102	0.0135	0.0458	0.0199	17	0	0	
PILOT-2011009182__F__haiku4.5__rep1.json	PILOT-2011009182	F	1	0.0088	0.0108	0.0541	0.0172	17	0	0	
PILOT-2011009182__F__haiku4.5__rep2.json	PILOT-2011009182	F	2	0.0072	0.0085	0.0462	0.0141	17	0	0	
PILOT-2011009182__F__sonnet4__rep0.json	PILOT-2011009182	F	0	0.0002	0.0003	0.0011	0.0005	17	0	0	
PILOT-2011009182__F__sonnet4__rep1.json	PILOT-2011009182	F	1	0.0002	0.0003	0.0011	0.0005	17	0	0	
PILOT-2011009182__F__sonnet4__rep2.json	PILOT-2011009182	F	2	0.0002	0.0003	0.0011	0.0005	17	0	0	
PILOT-2011009182__G__gpt4o-mini__rep0.json	PILOT-2011009182	G	0	0.0	0.0	0.0	0.0	17	0	0	
PILOT-2011009182__G__gpt4o-mini__rep1.json	PILOT-2011009182	G	1	0.0	0.0	0.0	0.0	17	0	0	
PILOT-2011009182__G__gpt4o-mini__rep2.json	PILOT-2011009182	G	2	0.0013	0.0013	0.0625	0.0026	8	9	0	
PILOT-2011009182__G__gpt5.4__rep0.json	PILOT-2011009182	G	0	0.0	0.0	0.0	0.0	15	2	0	
PILOT-2011009182__G__gpt5.4__rep1.json	PILOT-2011009182	G	1	0.0	0.0	0.0	0.0	17	0	0	
PILOT-2011009182__G__gpt5.4__rep2.json	PILOT-2011009182	G	2	0.0	0.0	0.0	0.0	17	0	0	
PILOT-2011009182__G__haiku4.5__rep0.json	PILOT-2011009182	G	0	0.0082	0.0118	0.0334	0.0161	17	0	0	
PILOT-2011009182__G__haiku4.5__rep1.json	PILOT-2011009182	G	1	0.0	0.0	0.0	0.0	17	0	0	
PILOT-2011009182__G__haiku4.5__rep2.json	PILOT-2011009182	G	2	0.0126	0.0166	0.0664	0.0247	17	0	0	
PILOT-2011009182__G__sonnet4__rep0.json	PILOT-2011009182	G	0	0.0	0.0	0.0	0.0	17	0	0	
PILOT-2011009182__G__sonnet4__rep1.json	PILOT-2011009182	G	1	0.0	0.0	0.0	0.0	17	0	0	
PILOT-2011009182__G__sonnet4__rep2.json	PILOT-2011009182	G	2	0.0	0.0	0.0	0.0	17	0	0	
PILOT-2011011469__F__gpt4o-mini__rep0.json	PILOT-2011011469	F	0	0.0121	0.0148	0.0581	0.0234	6	1	0	
PILOT-2011011469__F__gpt4o-mini__rep1.json	PILOT-2011011469	F	1	0.119	0.2262	0.1726	0.1857	7	0	0	
PILOT-2011011469__F__gpt4o-mini__rep2.json	PILOT-2011011469	F	2	0.1079	0.2207	0.1774	0.1824	6	1	0	
PILOT-2011011469__F__gpt5.4__rep0.json	PILOT-2011011469	F	0	0.0	0.0	0.0	0.0	7	0	0	
PILOT-2011011469__F__gpt5.4__rep1.json	PILOT-2011011469	F	1	0.0	0.0	0.0	0.0	7	0	0	
PILOT-2011011469__F__gpt5.4__rep2.json	PILOT-2011011469	F	2	0.0	0.0	0.0	0.0	7	0	0	
PILOT-2011011469__F__haiku4.5__rep0.json	PILOT-2011011469	F	0	0.0082	0.0099	0.0357	0.0154	7	0	0	
PILOT-2011011469__F__haiku4.5__rep1.json	PILOT-2011011469	F	1	0.0082	0.0099	0.0357	0.0154	7	0	0	
PILOT-2011011469__F__haiku4.5__rep2.json	PILOT-2011011469	F	2	0.0082	0.0099	0.0357	0.0154	7	0	0	
PILOT-2011011469__F__sonnet4__rep0.json	PILOT-2011011469	F	0	0.0075	0.0099	0.026	0.0143	7	0	0	
PILOT-2011011469__F__sonnet4__rep1.json	PILOT-2011011469	F	1	0.0073	0.0099	0.0238	0.0139	7	0	0	
PILOT-2011011469__F__sonnet4__rep2.json	PILOT-2011011469	F	2	0.0075	0.0099	0.026	0.0143	7	0	0	
PILOT-2011011469__G__gpt4o-mini__rep0.json	PILOT-2011011469	G	0	0.0263	0.0555	0.0385	0.0454	6	1	0	
PILOT-2011011469__G__gpt4o-mini__rep1.json	PILOT-2011011469	G	1	None	None	None	None	0	7	0	no_aligned_claims
PILOT-2011011469__G__gpt4o-mini__rep2.json	PILOT-2011011469	G	2	0.1585	0.3377	0.2083	0.2429	6	1	0	
PILOT-2011011469__G__gpt5.4__rep0.json	PILOT-2011011469	G	0	0.0	0.0	0.0	0.0	5	2	0	
PILOT-2011011469__G__gpt5.4__rep1.json	PILOT-2011011469	G	1	0.0	0.0	0.0	0.0	7	0	0	
PILOT-2011011469__G__gpt5.4__rep2.json	PILOT-2011011469	G	2	0.0	0.0	0.0	0.0	7	0	0	
PILOT-2011011469__G__haiku4.5__rep0.json	PILOT-2011011469	G	0	0.0105	0.0176	0.0238	0.0202	7	0	0	
PILOT-2011011469__G__haiku4.5__rep1.json	PILOT-2011011469	G	1	0.0074	0.0115	0.0185	0.0142	6	1	0	
PILOT-2011011469__G__haiku4.5__rep2.json	PILOT-2011011469	G	2	0.0061	0.0099	0.0143	0.0117	7	0	0	
PILOT-2011011469__G__sonnet4__rep0.json	PILOT-2011011469	G	0	0.0075	0.0099	0.026	0.0143	7	0	0	
PILOT-2011011469__G__sonnet4__rep1.json	PILOT-2011011469	G	1	0.0075	0.0099	0.026	0.0143	7	0	0	
PILOT-2011011469__G__sonnet4__rep2.json	PILOT-2011011469	G	2	0.0075	0.0099	0.026	0.0143	7	0	0	
PILOT-2011012180__F__gpt4o-mini__rep0.json	PILOT-2011012180	F	0	0.0147	0.0165	0.0921	0.0276	6	3	0	
PILOT-2011012180__F__gpt4o-mini__rep1.json	PILOT-2011012180	F	1	0.0064	0.0066	0.0833	0.0122	8	1	0	
PILOT-2011012180__F__gpt4o-mini__rep2.json	PILOT-2011012180	F	2	0.0267	0.0571	0.0357	0.044	8	1	0	
PILOT-2011012180__F__gpt5.4__rep0.json	PILOT-2011012180	F	0	0.0237	0.0305	0.108	0.0454	9	0	0	
PILOT-2011012180__F__gpt5.4__rep1.json	PILOT-2011012180	F	1	0.0256	0.0337	0.1272	0.0488	9	0	0	
PILOT-2011012180__F__gpt5.4__rep2.json	PILOT-2011012180	F	2	0.0261	0.0337	0.1159	0.0497	9	0	0	
PILOT-2011012180__F__haiku4.5__rep0.json	PILOT-2011012180	F	0	0.0234	0.0556	0.0342	0.0423	9	0	0	
PILOT-2011012180__F__haiku4.5__rep1.json	PILOT-2011012180	F	1	0.088	0.1448	0.1636	0.1519	9	0	0	
PILOT-2011012180__F__haiku4.5__rep2.json	PILOT-2011012180	F	2	0.0812	0.1331	0.1733	0.1416	9	0	0	
PILOT-2011012180__F__sonnet4__rep0.json	PILOT-2011012180	F	0	0.0	0.0	0.0	0.0	9	0	0	
PILOT-2011012180__F__sonnet4__rep1.json	PILOT-2011012180	F	1	0.0	0.0	0.0	0.0	9	0	0	
PILOT-2011012180__F__sonnet4__rep2.json	PILOT-2011012180	F	2	0.0	0.0	0.0	0.0	9	0	0	
PILOT-2011012180__G__gpt4o-mini__rep0.json	PILOT-2011012180	G	0	0.0	0.0	0.0	0.0	7	2	0	
PILOT-2011012180__G__gpt4o-mini__rep1.json	PILOT-2011012180	G	1	0.0	0.0	0.0	0.0	7	2	0	
PILOT-2011012180__G__gpt4o-mini__rep2.json	PILOT-2011012180	G	2	0.0	0.0	0.0	0.0	9	0	0	
PILOT-2011012180__G__gpt5.4__rep0.json	PILOT-2011012180	G	0	0.0226	0.0273	0.142	0.0435	9	0	0	
PILOT-2011012180__G__gpt5.4__rep1.json	PILOT-2011012180	G	1	0.0097	0.0117	0.0444	0.0185	9	0	0	
PILOT-2011012180__G__gpt5.4__rep2.json	PILOT-2011012180	G	2	0.0119	0.0156	0.0658	0.0229	9	0	0	
PILOT-2011012180__G__haiku4.5__rep0.json	PILOT-2011012180	G	0	0.0492	0.0989	0.0958	0.0899	9	0	0	
PILOT-2011012180__G__haiku4.5__rep1.json	PILOT-2011012180	G	1	0.0808	0.1067	0.2222	0.1396	9	0	0	
PILOT-2011012180__G__haiku4.5__rep2.json	PILOT-2011012180	G	2	0.0465	0.0989	0.0895	0.0855	9	0	0	
PILOT-2011012180__G__sonnet4__rep0.json	PILOT-2011012180	G	0	0.0531	0.0863	0.143	0.0969	9	0	0	
PILOT-2011012180__G__sonnet4__rep1.json	PILOT-2011012180	G	1	0.0	0.0	0.0	0.0	9	0	0	
PILOT-2011012180__G__sonnet4__rep2.json	PILOT-2011012180	G	2	0.0569	0.096	0.1142	0.1012	9	0	0	
PILOT-2011013110__F__gpt4o-mini__rep0.json	PILOT-2011013110	F	0	None	None	None	None	0	11	0	no_aligned_claims
PILOT-2011013110__F__gpt4o-mini__rep1.json	PILOT-2011013110	F	1	0.0074	0.0111	0.0196	0.0142	6	5	0	
PILOT-2011013110__F__gpt4o-mini__rep2.json	PILOT-2011013110	F	2	None	None	None	None	0	11	0	no_aligned_claims
PILOT-2011013110__F__gpt5.4__rep0.json	PILOT-2011013110	F	0	0.0253	0.0306	0.0909	0.0445	11	0	0	
PILOT-2011013110__F__gpt5.4__rep1.json	PILOT-2011013110	F	1	0.0	0.0	0.0	0.0	11	0	0	
PILOT-2011013110__F__gpt5.4__rep2.json	PILOT-2011013110	F	2	0.0	0.0	0.0	0.0	11	0	0	
PILOT-2011013110__F__haiku4.5__rep0.json	PILOT-2011013110	F	0	0.0101	0.0155	0.0305	0.0196	9	2	0	
PILOT-2011013110__F__haiku4.5__rep1.json	PILOT-2011013110	F	1	0.0	0.0	0.0	0.0	7	4	0	
PILOT-2011013110__F__haiku4.5__rep2.json	PILOT-2011013110	F	2	0.0108	0.0174	0.0271	0.0207	11	0	0	
PILOT-2011013110__F__sonnet4__rep0.json	PILOT-2011013110	F	0	0.0294	0.0403	0.0968	0.0558	11	0	0	
PILOT-2011013110__F__sonnet4__rep1.json	PILOT-2011013110	F	1	0.0302	0.0458	0.0782	0.0572	11	0	0	
PILOT-2011013110__F__sonnet4__rep2.json	PILOT-2011013110	F	2	0.0426	0.0662	0.1068	0.0788	11	0	0	
PILOT-2011013110__G__gpt4o-mini__rep0.json	PILOT-2011013110	G	0	0.0054	0.0059	0.05	0.0105	5	6	0	
PILOT-2011013110__G__gpt4o-mini__rep1.json	PILOT-2011013110	G	1	0.0305	0.0867	0.0452	0.0518	7	4	0	
PILOT-2011013110__G__gpt4o-mini__rep2.json	PILOT-2011013110	G	2	0.0116	0.0169	0.0326	0.0223	7	4	0	
PILOT-2011013110__G__gpt5.4__rep0.json	PILOT-2011013110	G	0	0.0	0.0	0.0	0.0	11	0	0	
PILOT-2011013110__G__gpt5.4__rep1.json	PILOT-2011013110	G	1	0.0051	0.014	0.0073	0.0096	11	0	0	
PILOT-2011013110__G__gpt5.4__rep2.json	PILOT-2011013110	G	2	0.0	0.0	0.0	0.0	11	0	0	
PILOT-2011013110__G__haiku4.5__rep0.json	PILOT-2011013110	G	0	0.0075	0.0103	0.026	0.0145	9	2	0	
PILOT-2011013110__G__haiku4.5__rep1.json	PILOT-2011013110	G	1	0.0224	0.0293	0.0968	0.0431	9	2	0	
PILOT-2011013110__G__haiku4.5__rep2.json	PILOT-2011013110	G	2	0.0324	0.0462	0.0894	0.0606	11	0	0	
PILOT-2011013110__G__sonnet4__rep0.json	PILOT-2011013110	G	0	0.0518	0.0837	0.1219	0.0957	11	0	0	
PILOT-2011013110__G__sonnet4__rep1.json	PILOT-2011013110	G	1	0.0563	0.0722	0.1686	0.1003	11	0	0	
PILOT-2011013110__G__sonnet4__rep2.json	PILOT-2011013110	G	2	0.0573	0.0743	0.1665	0.1023	11	0	0	
PILOT-2012000327__F__gpt4o-mini__rep0.json	PILOT-2012000327	F	0	0.0845	0.2285	0.1143	0.1508	6	4	0	
PILOT-2012000327__F__gpt4o-mini__rep1.json	PILOT-2012000327	F	1	0.0608	0.1693	0.0972	0.1123	6	4	0	
PILOT-2012000327__F__gpt4o-mini__rep2.json	PILOT-2012000327	F	2	0.0885	0.2686	0.1171	0.1623	3	7	0	
PILOT-2012000327__F__gpt5.4__rep0.json	PILOT-2012000327	F	0	0.0825	0.222	0.1052	0.1414	9	1	0	
PILOT-2012000327__F__gpt5.4__rep1.json	PILOT-2012000327	F	1	0.1184	0.2926	0.1425	0.1857	10	0	0	
PILOT-2012000327__F__gpt5.4__rep2.json	PILOT-2012000327	F	2	0.0947	0.222	0.1249	0.1584	9	1	0	
PILOT-2012000327__F__haiku4.5__rep0.json	PILOT-2012000327	F	0	0.0271	0.0719	0.0392	0.0502	10	0	0	
PILOT-2012000327__F__haiku4.5__rep1.json	PILOT-2012000327	F	1	0.0275	0.0719	0.0417	0.0511	10	0	0	
PILOT-2012000327__F__haiku4.5__rep2.json	PILOT-2012000327	F	2	0.0258	0.0719	0.037	0.048	10	0	0	
PILOT-2012000327__F__sonnet4__rep0.json	PILOT-2012000327	F	0	0.0288	0.0719	0.0429	0.0528	10	0	0	
PILOT-2012000327__F__sonnet4__rep1.json	PILOT-2012000327	F	1	0.0288	0.0719	0.0429	0.0528	10	0	0	
PILOT-2012000327__F__sonnet4__rep2.json	PILOT-2012000327	F	2	0.0288	0.0719	0.0429	0.0528	10	0	0	
PILOT-2012000327__G__gpt4o-mini__rep0.json	PILOT-2012000327	G	0	0.0806	0.2548	0.0989	0.142	5	5	0	
PILOT-2012000327__G__gpt4o-mini__rep1.json	PILOT-2012000327	G	1	0.1475	0.4673	0.1781	0.257	3	7	0	
PILOT-2012000327__G__gpt4o-mini__rep2.json	PILOT-2012000327	G	2	0.1276	0.2688	0.2007	0.2235	4	6	0	
PILOT-2012000327__G__gpt5.4__rep0.json	PILOT-2012000327	G	0	0.0812	0.2598	0.1036	0.1394	10	0	0	
PILOT-2012000327__G__gpt5.4__rep1.json	PILOT-2012000327	G	1	0.0844	0.222	0.11	0.1446	9	1	0	
PILOT-2012000327__G__gpt5.4__rep2.json	PILOT-2012000327	G	2	0.1018	0.222	0.1365	0.1674	9	1	0	
PILOT-2012000327__G__haiku4.5__rep0.json	PILOT-2012000327	G	0	0.0464	0.131	0.0625	0.0832	10	0	0	
PILOT-2012000327__G__haiku4.5__rep1.json	PILOT-2012000327	G	1	0.0278	0.0719	0.0421	0.0515	10	0	0	
PILOT-2012000327__G__haiku4.5__rep2.json	PILOT-2012000327	G	2	0.0501	0.131	0.0686	0.0892	10	0	0	
PILOT-2012000327__G__sonnet4__rep0.json	PILOT-2012000327	G	0	0.0243	0.0719	0.0336	0.045	10	0	0	
PILOT-2012000327__G__sonnet4__rep1.json	PILOT-2012000327	G	1	0.027	0.0719	0.0396	0.0499	10	0	0	
PILOT-2012000327__G__sonnet4__rep2.json	PILOT-2012000327	G	2	0.0273	0.0719	0.04	0.0505	10	0	0	
PILOT-2012003288__F__gpt4o-mini__rep0.json	PILOT-2012003288	F	0	0.1087	0.2211	0.2736	0.1954	4	0	0	
PILOT-2012003288__F__gpt4o-mini__rep1.json	PILOT-2012003288	F	1	0.0605	0.1541	0.1051	0.1104	4	0	0	
PILOT-2012003288__F__gpt4o-mini__rep2.json	PILOT-2012003288	F	2	0.0691	0.0978	0.1898	0.1214	4	0	0	
PILOT-2012003288__F__gpt5.4__rep0.json	PILOT-2012003288	F	0	0.0179	0.0263	0.0454	0.0333	4	0	0	
PILOT-2012003288__F__gpt5.4__rep1.json	PILOT-2012003288	F	1	0.0749	0.1034	0.2089	0.1325	4	0	0	
PILOT-2012003288__F__gpt5.4__rep2.json	PILOT-2012003288	F	2	0.0341	0.0395	0.125	0.06	4	0	0	
PILOT-2012003288__F__haiku4.5__rep0.json	PILOT-2012003288	F	0	0.0849	0.11	0.2756	0.1522	4	0	0	
PILOT-2012003288__F__haiku4.5__rep1.json	PILOT-2012003288	F	1	0.0286	0.0526	0.05	0.0513	4	0	0	
PILOT-2012003288__F__haiku4.5__rep2.json	PILOT-2012003288	F	2	0.0139	0.0263	0.0263	0.0263	4	0	0	
PILOT-2012003288__F__sonnet4__rep0.json	PILOT-2012003288	F	0	0.0391	0.0478	0.1369	0.0698	4	0	0	
PILOT-2012003288__F__sonnet4__rep1.json	PILOT-2012003288	F	1	0.0394	0.0478	0.1389	0.0704	4	0	0	
PILOT-2012003288__F__sonnet4__rep2.json	PILOT-2012003288	F	2	0.0394	0.0478	0.1389	0.0704	4	0	0	
PILOT-2012003288__G__gpt4o-mini__rep0.json	PILOT-2012003288	G	0	0.1235	0.2378	0.3314	0.2195	4	0	0	
PILOT-2012003288__G__gpt4o-mini__rep1.json	PILOT-2012003288	G	1	0.0527	0.0637	0.1863	0.0942	3	1	0	
PILOT-2012003288__G__gpt4o-mini__rep2.json	PILOT-2012003288	G	2	0.053	0.093	0.099	0.0948	4	0	0	
PILOT-2012003288__G__gpt5.4__rep0.json	PILOT-2012003288	G	0	0.0341	0.0395	0.125	0.06	4	0	0	
PILOT-2012003288__G__gpt5.4__rep1.json	PILOT-2012003288	G	1	0.0441	0.0562	0.1477	0.0792	4	0	0	
PILOT-2012003288__G__gpt5.4__rep2.json	PILOT-2012003288	G	2	0.0698	0.095	0.1964	0.1225	4	0	0	
PILOT-2012003288__G__haiku4.5__rep0.json	PILOT-2012003288	G	0	0.1001	0.1487	0.2397	0.1767	4	0	0	
PILOT-2012003288__G__haiku4.5__rep1.json	PILOT-2012003288	G	1	None	None	None	None	0	4	0	no_aligned_claims
PILOT-2012003288__G__haiku4.5__rep2.json	PILOT-2012003288	G	2	None	None	None	None	0	4	0	no_aligned_claims
PILOT-2012003288__G__sonnet4__rep0.json	PILOT-2012003288	G	0	0.0394	0.0478	0.1389	0.0704	4	0	0	
PILOT-2012003288__G__sonnet4__rep1.json	PILOT-2012003288	G	1	0.0341	0.0395	0.125	0.06	4	0	0	
PILOT-2012003288__G__sonnet4__rep2.json	PILOT-2012003288	G	2	0.0341	0.0395	0.125	0.06	4	0	0	
PILOT-2012005674__F__gpt4o-mini__rep0.json	PILOT-2012005674	F	0	0.1268	0.1818	0.3163	0.2214	7	0	0	
PILOT-2012005674__F__gpt4o-mini__rep1.json	PILOT-2012005674	F	1	0.2034	0.2662	0.4875	0.3316	7	0	0	
PILOT-2012005674__F__gpt4o-mini__rep2.json	PILOT-2012005674	F	2	0.1841	0.2662	0.4001	0.3061	7	0	0	
PILOT-2012005674__F__gpt5.4__rep0.json	PILOT-2012005674	F	0	0.0	0.0	0.0	0.0	7	0	0	
PILOT-2012005674__F__gpt5.4__rep1.json	PILOT-2012005674	F	1	0.0	0.0	0.0	0.0	7	0	0	
PILOT-2012005674__F__gpt5.4__rep2.json	PILOT-2012005674	F	2	0.0	0.0	0.0	0.0	7	0	0	
PILOT-2012005674__F__haiku4.5__rep0.json	PILOT-2012005674	F	0	0.0035	0.0059	0.0083	0.0068	7	0	0	
PILOT-2012005674__F__haiku4.5__rep1.json	PILOT-2012005674	F	1	0.0	0.0	0.0	0.0	7	0	0	
PILOT-2012005674__F__haiku4.5__rep2.json	PILOT-2012005674	F	2	0.0035	0.0059	0.0086	0.0069	7	0	0	
PILOT-2012005674__F__sonnet4__rep0.json	PILOT-2012005674	F	0	0.0079	0.0119	0.0232	0.0154	7	0	0	
PILOT-2012005674__F__sonnet4__rep1.json	PILOT-2012005674	F	1	0.0079	0.0119	0.0232	0.0154	7	0	0	
PILOT-2012005674__F__sonnet4__rep2.json	PILOT-2012005674	F	2	0.0079	0.0119	0.0232	0.0154	7	0	0	
PILOT-2012005674__G__gpt4o-mini__rep0.json	PILOT-2012005674	G	0	0.126	0.171	0.3124	0.2095	7	0	0	
PILOT-2012005674__G__gpt4o-mini__rep1.json	PILOT-2012005674	G	1	0.0686	0.0914	0.2505	0.122	7	0	0	
PILOT-2012005674__G__gpt4o-mini__rep2.json	PILOT-2012005674	G	2	0.0278	0.0379	0.0985	0.051	7	0	0	
PILOT-2012005674__G__gpt5.4__rep0.json	PILOT-2012005674	G	0	0.0	0.0	0.0	0.0	7	0	0	
PILOT-2012005674__G__gpt5.4__rep1.json	PILOT-2012005674	G	1	0.0	0.0	0.0	0.0	2	5	0	
PILOT-2012005674__G__gpt5.4__rep2.json	PILOT-2012005674	G	2	0.0	0.0	0.0	0.0	2	5	0	
PILOT-2012005674__G__haiku4.5__rep0.json	PILOT-2012005674	G	0	0.0037	0.0059	0.0097	0.0073	7	0	0	
PILOT-2012005674__G__haiku4.5__rep1.json	PILOT-2012005674	G	1	0.0	0.0	0.0	0.0	7	0	0	
PILOT-2012005674__G__haiku4.5__rep2.json	PILOT-2012005674	G	2	0.0037	0.0059	0.0097	0.0073	7	0	0	
PILOT-2012005674__G__sonnet4__rep0.json	PILOT-2012005674	G	0	0.025	0.0357	0.0679	0.046	7	0	0	
PILOT-2012005674__G__sonnet4__rep1.json	PILOT-2012005674	G	1	0.0079	0.0119	0.0232	0.0154	7	0	0	
PILOT-2012005674__G__sonnet4__rep2.json	PILOT-2012005674	G	2	0.025	0.0357	0.0679	0.046	7	0	0	
PILOT-2012006145__F__gpt4o-mini__rep0.json	PILOT-2012006145	F	0	0.0	0.0	0.0	0.0	23	0	0	
PILOT-2012006145__F__gpt4o-mini__rep1.json	PILOT-2012006145	F	1	None	None	None	None	0	23	0	no_aligned_claims
PILOT-2012006145__F__gpt4o-mini__rep2.json	PILOT-2012006145	F	2	0.0	0.0	0.0	0.0	23	0	0	
PILOT-2012006145__F__gpt5.4__rep0.json	PILOT-2012006145	F	0	0.0	0.0	0.0	0.0	23	0	0	
PILOT-2012006145__F__gpt5.4__rep1.json	PILOT-2012006145	F	1	0.0	0.0	0.0	0.0	23	0	0	
PILOT-2012006145__F__gpt5.4__rep2.json	PILOT-2012006145	F	2	0.0	0.0	0.0	0.0	23	0	0	
PILOT-2012006145__F__haiku4.5__rep0.json	PILOT-2012006145	F	0	0.0	0.0	0.0	0.0	5	18	0	
PILOT-2012006145__F__haiku4.5__rep1.json	PILOT-2012006145	F	1	0.0	0.0	0.0	0.0	23	0	0	
PILOT-2012006145__F__haiku4.5__rep2.json	PILOT-2012006145	F	2	0.0	0.0	0.0	0.0	2	21	0	
PILOT-2012006145__F__sonnet4__rep0.json	PILOT-2012006145	F	0	0.01	0.0121	0.0348	0.0179	23	0	0	
PILOT-2012006145__F__sonnet4__rep1.json	PILOT-2012006145	F	1	0.01	0.0121	0.0348	0.0179	23	0	0	
PILOT-2012006145__F__sonnet4__rep2.json	PILOT-2012006145	F	2	0.0057	0.0121	0.0097	0.0107	23	0	0	
PILOT-2012006145__G__gpt4o-mini__rep0.json	PILOT-2012006145	G	0	0.0411	0.0516	0.1478	0.0724	23	0	0	
PILOT-2012006145__G__gpt4o-mini__rep1.json	PILOT-2012006145	G	1	0.0388	0.0471	0.1246	0.067	23	0	0	
PILOT-2012006145__G__gpt4o-mini__rep2.json	PILOT-2012006145	G	2	0.0483	0.0672	0.0594	0.0631	11	12	0	
PILOT-2012006145__G__gpt5.4__rep0.json	PILOT-2012006145	G	0	0.0	0.0	0.0	0.0	23	0	0	
PILOT-2012006145__G__gpt5.4__rep1.json	PILOT-2012006145	G	1	0.0	0.0	0.0	0.0	23	0	0	
PILOT-2012006145__G__gpt5.4__rep2.json	PILOT-2012006145	G	2	0.0	0.0	0.0	0.0	23	0	0	
PILOT-2012006145__G__haiku4.5__rep0.json	PILOT-2012006145	G	0	0.0	0.0	0.0	0.0	23	0	0	
PILOT-2012006145__G__haiku4.5__rep1.json	PILOT-2012006145	G	1	0.0	0.0	0.0	0.0	23	0	0	
PILOT-2012006145__G__haiku4.5__rep2.json	PILOT-2012006145	G	2	0.0	0.0	0.0	0.0	23	0	0	
PILOT-2012006145__G__sonnet4__rep0.json	PILOT-2012006145	G	0	0.01	0.0121	0.0348	0.0179	23	0	0	
PILOT-2012006145__G__sonnet4__rep1.json	PILOT-2012006145	G	1	0.01	0.0121	0.0348	0.0179	23	0	0	
PILOT-2012006145__G__sonnet4__rep2.json	PILOT-2012006145	G	2	0.01	0.0121	0.0348	0.0179	23	0	0	
PILOT-2012007524__F__gpt4o-mini__rep0.json	PILOT-2012007524	F	0	0.0	0.0	0.0	0.0	7	0	0	
PILOT-2012007524__F__gpt4o-mini__rep1.json	PILOT-2012007524	F	1	0.0362	0.0447	0.1323	0.0668	4	3	0	
PILOT-2012007524__F__gpt4o-mini__rep2.json	PILOT-2012007524	F	2	0.0364	0.0394	0.2481	0.0679	4	3	0	
PILOT-2012007524__F__gpt5.4__rep0.json	PILOT-2012007524	F	0	0.0021	0.0028	0.0084	0.0042	7	0	0	
PILOT-2012007524__F__gpt5.4__rep1.json	PILOT-2012007524	F	1	0.0061	0.0083	0.0199	0.0117	7	0	0	
PILOT-2012007524__F__gpt5.4__rep2.json	PILOT-2012007524	F	2	0.0022	0.0028	0.0095	0.0043	7	0	0	
PILOT-2012007524__F__haiku4.5__rep0.json	PILOT-2012007524	F	0	0.0197	0.0323	0.0483	0.0373	7	0	0	
PILOT-2012007524__F__haiku4.5__rep1.json	PILOT-2012007524	F	1	0.0197	0.0238	0.1063	0.0375	7	0	0	
PILOT-2012007524__F__haiku4.5__rep2.json	PILOT-2012007524	F	2	0.0218	0.0323	0.0611	0.0411	7	0	0	
PILOT-2012007524__F__sonnet4__rep0.json	PILOT-2012007524	F	0	0.0078	0.0113	0.0251	0.0153	7	0	0	
PILOT-2012007524__F__sonnet4__rep1.json	PILOT-2012007524	F	1	0.0085	0.0113	0.0328	0.0166	7	0	0	
PILOT-2012007524__F__sonnet4__rep2.json	PILOT-2012007524	F	2	0.0081	0.0113	0.0269	0.0158	7	0	0	
PILOT-2012007524__G__gpt4o-mini__rep0.json	PILOT-2012007524	G	0	None	None	None	None	0	7	0	no_aligned_claims
PILOT-2012007524__G__gpt4o-mini__rep1.json	PILOT-2012007524	G	1	None	None	None	None	0	7	0	no_aligned_claims
PILOT-2012007524__G__gpt4o-mini__rep2.json	PILOT-2012007524	G	2	None	None	None	None	0	7	0	no_aligned_claims
PILOT-2012007524__G__gpt5.4__rep0.json	PILOT-2012007524	G	0	0.0125	0.0167	0.041	0.0238	7	0	0	
PILOT-2012007524__G__gpt5.4__rep1.json	PILOT-2012007524	G	1	0.0021	0.0028	0.0087	0.0042	7	0	0	
PILOT-2012007524__G__gpt5.4__rep2.json	PILOT-2012007524	G	2	0.0119	0.0167	0.0363	0.0228	7	0	0	
PILOT-2012007524__G__haiku4.5__rep0.json	PILOT-2012007524	G	0	0.0409	0.0558	0.1473	0.077	7	0	0	
PILOT-2012007524__G__haiku4.5__rep1.json	PILOT-2012007524	G	1	0.0441	0.0614	0.1525	0.0824	7	0	0	
PILOT-2012007524__G__haiku4.5__rep2.json	PILOT-2012007524	G	2	0.0419	0.0643	0.1336	0.0793	7	0	0	
PILOT-2012007524__G__sonnet4__rep0.json	PILOT-2012007524	G	0	0.0045	0.0055	0.0197	0.0087	7	0	0	
PILOT-2012007524__G__sonnet4__rep1.json	PILOT-2012007524	G	1	0.0045	0.0055	0.0204	0.0087	7	0	0	
PILOT-2012007524__G__sonnet4__rep2.json	PILOT-2012007524	G	2	0.0045	0.0055	0.0212	0.0088	7	0	0	
PILOT-2012008496__F__gpt4o-mini__rep0.json	PILOT-2012008496	F	0	0.0	0.0	0.0	0.0	12	6	0	
PILOT-2012008496__F__gpt4o-mini__rep1.json	PILOT-2012008496	F	1	0.0	0.0	0.0	0.0	18	0	0	
PILOT-2012008496__F__gpt4o-mini__rep2.json	PILOT-2012008496	F	2	0.0	0.0	0.0	0.0	12	6	0	
PILOT-2012008496__F__gpt5.4__rep0.json	PILOT-2012008496	F	0	0.0101	0.0833	0.0108	0.0189	18	0	0	
PILOT-2012008496__F__gpt5.4__rep1.json	PILOT-2012008496	F	1	0.0025	0.0278	0.0026	0.0048	18	0	0	
PILOT-2012008496__F__gpt5.4__rep2.json	PILOT-2012008496	F	2	0.0032	0.0357	0.0034	0.0062	14	4	0	
PILOT-2012008496__F__haiku4.5__rep0.json	PILOT-2012008496	F	0	0.0	0.0	0.0	0.0	15	3	0	
PILOT-2012008496__F__haiku4.5__rep1.json	PILOT-2012008496	F	1	0.0	0.0	0.0	0.0	15	3	0	
PILOT-2012008496__F__haiku4.5__rep2.json	PILOT-2012008496	F	2	0.0	0.0	0.0	0.0	15	3	0	
PILOT-2012008496__F__sonnet4__rep0.json	PILOT-2012008496	F	0	0.0	0.0	0.0	0.0	15	3	0	
PILOT-2012008496__F__sonnet4__rep1.json	PILOT-2012008496	F	1	0.0024	0.0278	0.0025	0.0046	18	0	0	
PILOT-2012008496__F__sonnet4__rep2.json	PILOT-2012008496	F	2	0.0	0.0	0.0	0.0	18	0	0	
PILOT-2012008496__G__gpt4o-mini__rep0.json	PILOT-2012008496	G	0	0.0	0.0	0.0	0.0	13	5	0	
PILOT-2012008496__G__gpt4o-mini__rep1.json	PILOT-2012008496	G	1	0.0	0.0	0.0	0.0	12	6	0	
PILOT-2012008496__G__gpt4o-mini__rep2.json	PILOT-2012008496	G	2	0.0	0.0	0.0	0.0	4	14	0	
PILOT-2012008496__G__gpt5.4__rep0.json	PILOT-2012008496	G	0	0.0037	0.0278	0.004	0.0069	18	0	0	
PILOT-2012008496__G__gpt5.4__rep1.json	PILOT-2012008496	G	1	0.0	0.0	0.0	0.0	14	4	0	
PILOT-2012008496__G__gpt5.4__rep2.json	PILOT-2012008496	G	2	0.0	0.0	0.0	0.0	18	0	0	
PILOT-2012008496__G__haiku4.5__rep0.json	PILOT-2012008496	G	0	0.0	0.0	0.0	0.0	18	0	0	
PILOT-2012008496__G__haiku4.5__rep1.json	PILOT-2012008496	G	1	0.0	0.0	0.0	0.0	15	3	0	
PILOT-2012008496__G__haiku4.5__rep2.json	PILOT-2012008496	G	2	0.0	0.0	0.0	0.0	15	3	0	
PILOT-2012008496__G__sonnet4__rep0.json	PILOT-2012008496	G	0	0.0	0.0	0.0	0.0	18	0	0	
PILOT-2012008496__G__sonnet4__rep1.json	PILOT-2012008496	G	1	0.0	0.0	0.0	0.0	15	3	0	
PILOT-2012008496__G__sonnet4__rep2.json	PILOT-2012008496	G	2	0.0	0.0	0.0	0.0	18	0	0	
PILOT-2012010015__F__gpt4o-mini__rep0.json	PILOT-2012010015	F	0	0.0384	0.0833	0.0556	0.0667	4	10	0	
PILOT-2012010015__F__gpt4o-mini__rep1.json	PILOT-2012010015	F	1	0.0556	0.1666	0.0714	0.1	2	12	0	
PILOT-2012010015__F__gpt4o-mini__rep2.json	PILOT-2012010015	F	2	0.0521	0.1333	0.0742	0.0943	4	10	0	
PILOT-2012010015__F__gpt5.4__rep0.json	PILOT-2012010015	F	0	0.0095	0.0238	0.013	0.0168	14	0	0	
PILOT-2012010015__F__gpt5.4__rep1.json	PILOT-2012010015	F	1	0.0149	0.0381	0.0212	0.0269	14	0	0	
PILOT-2012010015__F__gpt5.4__rep2.json	PILOT-2012010015	F	2	0.0102	0.0238	0.0143	0.0179	14	0	0	
PILOT-2012010015__F__haiku4.5__rep0.json	PILOT-2012010015	F	0	0.0143	0.0238	0.0238	0.0238	14	0	0	
PILOT-2012010015__F__haiku4.5__rep1.json	PILOT-2012010015	F	1	0.0194	0.0381	0.031	0.0333	14	0	0	
PILOT-2012010015__F__haiku4.5__rep2.json	PILOT-2012010015	F	2	0.0	0.0	0.0	0.0	10	4	0	
PILOT-2012010015__F__sonnet4__rep0.json	PILOT-2012010015	F	0	0.0079	0.0238	0.0102	0.0143	14	0	0	
PILOT-2012010015__F__sonnet4__rep1.json	PILOT-2012010015	F	1	0.0095	0.0238	0.013	0.0168	14	0	0	
PILOT-2012010015__F__sonnet4__rep2.json	PILOT-2012010015	F	2	0.0095	0.0238	0.013	0.0168	14	0	0	
PILOT-2012010015__G__gpt4o-mini__rep0.json	PILOT-2012010015	G	0	0.0227	0.0417	0.0417	0.0417	4	10	0	
PILOT-2012010015__G__gpt4o-mini__rep1.json	PILOT-2012010015	G	1	0.0417	0.0833	0.0625	0.0714	4	10	0	
PILOT-2012010015__G__gpt4o-mini__rep2.json	PILOT-2012010015	G	2	0.0217	0.0833	0.0263	0.04	4	10	0	
PILOT-2012010015__G__gpt5.4__rep0.json	PILOT-2012010015	G	0	0.0	0.0	0.0	0.0	14	0	0	
PILOT-2012010015__G__gpt5.4__rep1.json	PILOT-2012010015	G	1	0.0051	0.0143	0.0071	0.0095	14	0	0	
PILOT-2012010015__G__gpt5.4__rep2.json	PILOT-2012010015	G	2	0.0102	0.0238	0.0143	0.0179	14	0	0	
PILOT-2012010015__G__haiku4.5__rep0.json	PILOT-2012010015	G	0	0.0	0.0	0.0	0.0	13	1	0	
PILOT-2012010015__G__haiku4.5__rep1.json	PILOT-2012010015	G	1	0.0085	0.0256	0.011	0.0154	13	1	0	
PILOT-2012010015__G__haiku4.5__rep2.json	PILOT-2012010015	G	2	0.0	0.0	0.0	0.0	14	0	0	
PILOT-2012010015__G__sonnet4__rep0.json	PILOT-2012010015	G	0	0.013	0.0238	0.0204	0.022	14	0	0	
PILOT-2012010015__G__sonnet4__rep1.json	PILOT-2012010015	G	1	0.0048	0.0238	0.0055	0.0089	14	0	0	
PILOT-2012010015__G__sonnet4__rep2.json	PILOT-2012010015	G	2	0.0095	0.0238	0.013	0.0168	14	0	0	
PILOT-2013000789__F__gpt4o-mini__rep0.json	PILOT-2013000789	F	0	0.1161	0.4857	0.1165	0.1813	7	4	0	
PILOT-2013000789__F__gpt4o-mini__rep1.json	PILOT-2013000789	F	1	0.0533	0.4286	0.0533	0.0937	7	4	0	
PILOT-2013000789__F__gpt4o-mini__rep2.json	PILOT-2013000789	F	2	0.1007	0.4857	0.1014	0.1629	7	4	0	
PILOT-2013000789__F__gpt5.4__rep0.json	PILOT-2013000789	F	0	0.0785	0.3091	0.0789	0.123	11	0	0	
PILOT-2013000789__F__gpt5.4__rep1.json	PILOT-2013000789	F	1	0.0588	0.3091	0.0592	0.0963	11	0	0	
PILOT-2013000789__F__gpt5.4__rep2.json	PILOT-2013000789	F	2	0.0742	0.3091	0.0746	0.116	11	0	0	
PILOT-2013000789__F__haiku4.5__rep0.json	PILOT-2013000789	F	0	0.1115	0.6	0.1119	0.1795	9	2	0	
PILOT-2013000789__F__haiku4.5__rep1.json	PILOT-2013000789	F	1	0.1108	0.5818	0.1112	0.1803	11	0	0	
PILOT-2013000789__F__haiku4.5__rep2.json	PILOT-2013000789	F	2	0.1116	0.4857	0.1121	0.1737	7	4	0	
PILOT-2013000789__F__sonnet4__rep0.json	PILOT-2013000789	F	0	0.1055	0.6	0.1059	0.1776	11	0	0	
PILOT-2013000789__F__sonnet4__rep1.json	PILOT-2013000789	F	1	0.0797	0.4182	0.0801	0.1325	11	0	0	
PILOT-2013000789__F__sonnet4__rep2.json	PILOT-2013000789	F	2	0.0958	0.5818	0.0961	0.161	11	0	0	
PILOT-2013000789__G__gpt4o-mini__rep0.json	PILOT-2013000789	G	0	0.0735	0.45	0.0739	0.1244	8	3	0	
PILOT-2013000789__G__gpt4o-mini__rep1.json	PILOT-2013000789	G	1	0.1048	0.425	0.1054	0.1641	8	3	0	
PILOT-2013000789__G__gpt4o-mini__rep2.json	PILOT-2013000789	G	2	0.1008	0.425	0.1014	0.1603	8	3	0	
PILOT-2013000789__G__gpt5.4__rep0.json	PILOT-2013000789	G	0	0.1017	0.4	0.1022	0.1611	11	0	0	
PILOT-2013000789__G__gpt5.4__rep1.json	PILOT-2013000789	G	1	0.0731	0.3091	0.0735	0.1171	11	0	0	
PILOT-2013000789__G__gpt5.4__rep2.json	PILOT-2013000789	G	2	0.1216	0.5818	0.1221	0.1944	11	0	0	
PILOT-2013000789__G__haiku4.5__rep0.json	PILOT-2013000789	G	0	0.0893	0.3	0.0897	0.1364	8	3	0	
PILOT-2013000789__G__haiku4.5__rep1.json	PILOT-2013000789	G	1	0.1103	0.54	0.1107	0.1777	10	1	0	
PILOT-2013000789__G__haiku4.5__rep2.json	PILOT-2013000789	G	2	0.1047	0.54	0.1051	0.1691	10	1	0	
PILOT-2013000789__G__sonnet4__rep0.json	PILOT-2013000789	G	0	0.0882	0.4909	0.0887	0.1457	11	0	0	
PILOT-2013000789__G__sonnet4__rep1.json	PILOT-2013000789	G	1	0.0858	0.4909	0.0861	0.1414	11	0	0	
PILOT-2013000789__G__sonnet4__rep2.json	PILOT-2013000789	G	2	0.0707	0.3091	0.071	0.1123	11	0	0	
PILOT-2013001277__F__gpt4o-mini__rep0.json	PILOT-2013001277	F	0	0.0	0.0	0.0	0.0	7	0	0	
PILOT-2013001277__F__gpt4o-mini__rep1.json	PILOT-2013001277	F	1	0.0	0.0	0.0	0.0	7	0	0	
PILOT-2013001277__F__gpt4o-mini__rep2.json	PILOT-2013001277	F	2	0.0	0.0	0.0	0.0	7	0	0	
PILOT-2013001277__F__gpt5.4__rep0.json	PILOT-2013001277	F	0	0.0	0.0	0.0	0.0	7	0	0	
PILOT-2013001277__F__gpt5.4__rep1.json	PILOT-2013001277	F	1	0.0	0.0	0.0	0.0	7	0	0	
PILOT-2013001277__F__gpt5.4__rep2.json	PILOT-2013001277	F	2	0.0	0.0	0.0	0.0	7	0	0	
PILOT-2013001277__F__haiku4.5__rep0.json	PILOT-2013001277	F	0	0.0	0.0	0.0	0.0	7	0	0	
PILOT-2013001277__F__haiku4.5__rep1.json	PILOT-2013001277	F	1	0.0	0.0	0.0	0.0	7	0	0	
PILOT-2013001277__F__haiku4.5__rep2.json	PILOT-2013001277	F	2	0.0	0.0	0.0	0.0	7	0	0	
PILOT-2013001277__F__sonnet4__rep0.json	PILOT-2013001277	F	0	0.0	0.0	0.0	0.0	7	0	0	
PILOT-2013001277__F__sonnet4__rep1.json	PILOT-2013001277	F	1	0.0	0.0	0.0	0.0	7	0	0	
PILOT-2013001277__F__sonnet4__rep2.json	PILOT-2013001277	F	2	0.0	0.0	0.0	0.0	7	0	0	
PILOT-2013001277__G__gpt4o-mini__rep0.json	PILOT-2013001277	G	0	0.0408	0.0952	0.0476	0.0635	7	0	0	
PILOT-2013001277__G__gpt4o-mini__rep1.json	PILOT-2013001277	G	1	0.0	0.0	0.0	0.0	7	0	0	
PILOT-2013001277__G__gpt4o-mini__rep2.json	PILOT-2013001277	G	2	0.0	0.0	0.0	0.0	7	0	0	
PILOT-2013001277__G__gpt5.4__rep0.json	PILOT-2013001277	G	0	0.0	0.0	0.0	0.0	7	0	0	
PILOT-2013001277__G__gpt5.4__rep1.json	PILOT-2013001277	G	1	0.0065	0.1429	0.0065	0.0124	7	0	0	
PILOT-2013001277__G__gpt5.4__rep2.json	PILOT-2013001277	G	2	0.0065	0.1429	0.0065	0.0124	7	0	0	
PILOT-2013001277__G__haiku4.5__rep0.json	PILOT-2013001277	G	0	0.0	0.0	0.0	0.0	5	2	0	
PILOT-2013001277__G__haiku4.5__rep1.json	PILOT-2013001277	G	1	0.0	0.0	0.0	0.0	7	0	0	
PILOT-2013001277__G__haiku4.5__rep2.json	PILOT-2013001277	G	2	0.0	0.0	0.0	0.0	7	0	0	
PILOT-2013001277__G__sonnet4__rep0.json	PILOT-2013001277	G	0	0.0	0.0	0.0	0.0	7	0	0	
PILOT-2013001277__G__sonnet4__rep1.json	PILOT-2013001277	G	1	0.0	0.0	0.0	0.0	7	0	0	
PILOT-2013001277__G__sonnet4__rep2.json	PILOT-2013001277	G	2	0.0	0.0	0.0	0.0	7	0	0	
PILOT-2013007708__F__gpt4o-mini__rep0.json	PILOT-2013007708	F	0	None	None	None	None	0	16	0	no_aligned_claims
PILOT-2013007708__F__gpt4o-mini__rep1.json	PILOT-2013007708	F	1	0.0196	0.0238	0.0667	0.0351	6	10	0	
PILOT-2013007708__F__gpt4o-mini__rep2.json	PILOT-2013007708	F	2	None	None	None	None	0	16	0	no_aligned_claims
PILOT-2013007708__F__gpt5.4__rep0.json	PILOT-2013007708	F	0	0.0	0.0	0.0	0.0	16	0	0	
PILOT-2013007708__F__gpt5.4__rep1.json	PILOT-2013007708	F	1	0.0	0.0	0.0	0.0	16	0	0	
PILOT-2013007708__F__gpt5.4__rep2.json	PILOT-2013007708	F	2	0.0	0.0	0.0	0.0	16	0	0	
PILOT-2013007708__F__haiku4.5__rep0.json	PILOT-2013007708	F	0	0.0	0.0	0.0	0.0	16	0	0	
PILOT-2013007708__F__haiku4.5__rep1.json	PILOT-2013007708	F	1	0.0	0.0	0.0	0.0	16	0	0	
PILOT-2013007708__F__haiku4.5__rep2.json	PILOT-2013007708	F	2	0.0	0.0	0.0	0.0	16	0	0	
PILOT-2013007708__F__sonnet4__rep0.json	PILOT-2013007708	F	0	0.0	0.0	0.0	0.0	16	0	0	
PILOT-2013007708__F__sonnet4__rep1.json	PILOT-2013007708	F	1	0.0	0.0	0.0	0.0	16	0	0	
PILOT-2013007708__F__sonnet4__rep2.json	PILOT-2013007708	F	2	0.0	0.0	0.0	0.0	16	0	0	
PILOT-2013007708__G__gpt4o-mini__rep0.json	PILOT-2013007708	G	0	0.0	0.0	0.0	0.0	16	0	0	
PILOT-2013007708__G__gpt4o-mini__rep1.json	PILOT-2013007708	G	1	0.01	0.1	0.0105	0.019	5	11	0	
PILOT-2013007708__G__gpt4o-mini__rep2.json	PILOT-2013007708	G	2	0.0143	0.0179	0.0458	0.0257	16	0	0	
PILOT-2013007708__G__gpt5.4__rep0.json	PILOT-2013007708	G	0	0.0	0.0	0.0	0.0	16	0	0	
PILOT-2013007708__G__gpt5.4__rep1.json	PILOT-2013007708	G	1	0.0	0.0	0.0	0.0	16	0	0	
PILOT-2013007708__G__gpt5.4__rep2.json	PILOT-2013007708	G	2	0.0	0.0	0.0	0.0	16	0	0	
PILOT-2013007708__G__haiku4.5__rep0.json	PILOT-2013007708	G	0	0.0	0.0	0.0	0.0	14	2	0	
PILOT-2013007708__G__haiku4.5__rep1.json	PILOT-2013007708	G	1	0.0	0.0	0.0	0.0	16	0	0	
PILOT-2013007708__G__haiku4.5__rep2.json	PILOT-2013007708	G	2	0.0	0.0	0.0	0.0	16	0	0	
PILOT-2013007708__G__sonnet4__rep0.json	PILOT-2013007708	G	0	0.0143	0.0179	0.0458	0.0257	16	0	0	
PILOT-2013007708__G__sonnet4__rep1.json	PILOT-2013007708	G	1	0.0	0.0	0.0	0.0	16	0	0	
PILOT-2013007708__G__sonnet4__rep2.json	PILOT-2013007708	G	2	0.0	0.0	0.0	0.0	16	0	0	
PILOT-2014002407__F__gpt4o-mini__rep0.json	PILOT-2014002407	F	0	0.036	0.0402	0.2604	0.0683	4	0	0	
PILOT-2014002407__F__gpt4o-mini__rep1.json	PILOT-2014002407	F	1	0.041	0.0455	0.2771	0.0775	4	0	0	
PILOT-2014002407__F__gpt4o-mini__rep2.json	PILOT-2014002407	F	2	0.041	0.0455	0.2771	0.0775	4	0	0	
PILOT-2014002407__F__gpt5.4__rep0.json	PILOT-2014002407	F	0	0.0478	0.0529	0.3238	0.0909	4	0	0	
PILOT-2014002407__F__gpt5.4__rep1.json	PILOT-2014002407	F	1	0.0146	0.018	0.068	0.0284	4	0	0	
PILOT-2014002407__F__gpt5.4__rep2.json	PILOT-2014002407	F	2	0.0161	0.018	0.1167	0.0312	4	0	0	
PILOT-2014002407__F__haiku4.5__rep0.json	PILOT-2014002407	F	0	0.036	0.0402	0.2604	0.0683	4	0	0	
PILOT-2014002407__F__haiku4.5__rep1.json	PILOT-2014002407	F	1	0.0051	0.0053	0.0833	0.01	4	0	0	
PILOT-2014002407__F__haiku4.5__rep2.json	PILOT-2014002407	F	2	0.036	0.0402	0.2604	0.0683	4	0	0	
PILOT-2014002407__F__sonnet4__rep0.json	PILOT-2014002407	F	0	0.041	0.0455	0.2771	0.0775	4	0	0	
PILOT-2014002407__F__sonnet4__rep1.json	PILOT-2014002407	F	1	0.01	0.0106	0.1	0.0192	4	0	0	
PILOT-2014002407__F__sonnet4__rep2.json	PILOT-2014002407	F	2	0.041	0.0455	0.2771	0.0775	4	0	0	
PILOT-2014002407__G__gpt4o-mini__rep0.json	PILOT-2014002407	G	0	0.041	0.0455	0.2771	0.0775	4	0	0	
PILOT-2014002407__G__gpt4o-mini__rep1.json	PILOT-2014002407	G	1	0.0051	0.0053	0.0833	0.01	4	0	0	
PILOT-2014002407__G__gpt4o-mini__rep2.json	PILOT-2014002407	G	2	0.0051	0.0053	0.0833	0.01	4	0	0	
PILOT-2014002407__G__gpt5.4__rep0.json	PILOT-2014002407	G	0	0.0161	0.018	0.1167	0.0312	4	0	0	
PILOT-2014002407__G__gpt5.4__rep1.json	PILOT-2014002407	G	1	0.0161	0.018	0.1167	0.0312	4	0	0	
PILOT-2014002407__G__gpt5.4__rep2.json	PILOT-2014002407	G	2	0.0315	0.0396	0.1167	0.0591	4	0	0	
PILOT-2014002407__G__haiku4.5__rep0.json	PILOT-2014002407	G	0	0.01	0.0106	0.1	0.0192	4	0	0	
PILOT-2014002407__G__haiku4.5__rep1.json	PILOT-2014002407	G	1	0.01	0.0106	0.1	0.0192	4	0	0	
PILOT-2014002407__G__haiku4.5__rep2.json	PILOT-2014002407	G	2	0.0118	0.0127	0.1458	0.0232	4	0	0	
PILOT-2014002407__G__sonnet4__rep0.json	PILOT-2014002407	G	0	0.0082	0.0106	0.0312	0.0159	4	0	0	
PILOT-2014002407__G__sonnet4__rep1.json	PILOT-2014002407	G	1	0.01	0.0106	0.1	0.0192	4	0	0	
PILOT-2014002407__G__sonnet4__rep2.json	PILOT-2014002407	G	2	0.041	0.0455	0.2771	0.0775	4	0	0	
PILOT-2014002745__F__gpt4o-mini__rep0.json	PILOT-2014002745	F	0	None	None	None	None	0	14	0	no_aligned_claims
PILOT-2014002745__F__gpt4o-mini__rep1.json	PILOT-2014002745	F	1	0.0	0.0	0.0	0.0	1	13	0	
PILOT-2014002745__F__gpt4o-mini__rep2.json	PILOT-2014002745	F	2	None	None	None	None	0	14	0	no_aligned_claims
PILOT-2014002745__F__gpt5.4__rep0.json	PILOT-2014002745	F	0	0.0265	0.1799	0.0285	0.0478	9	5	0	
PILOT-2014002745__F__gpt5.4__rep1.json	PILOT-2014002745	F	1	0.0477	0.3005	0.051	0.0869	9	5	0	
PILOT-2014002745__F__gpt5.4__rep2.json	PILOT-2014002745	F	2	0.0509	0.3376	0.0544	0.093	9	5	0	
PILOT-2014002745__F__haiku4.5__rep0.json	PILOT-2014002745	F	0	0.0291	0.2527	0.0312	0.0543	14	0	0	
PILOT-2014002745__F__haiku4.5__rep1.json	PILOT-2014002745	F	1	0.1104	0.5027	0.1304	0.1829	14	0	0	
PILOT-2014002745__F__haiku4.5__rep2.json	PILOT-2014002745	F	2	0.0506	0.4534	0.0548	0.0928	9	5	0	
PILOT-2014002745__F__sonnet4__rep0.json	PILOT-2014002745	F	0	0.0681	0.3005	0.084	0.1191	9	5	0	
PILOT-2014002745__F__sonnet4__rep1.json	PILOT-2014002745	F	1	0.0825	0.3656	0.0975	0.1397	14	0	0	
PILOT-2014002745__F__sonnet4__rep2.json	PILOT-2014002745	F	2	0.0372	0.2527	0.0412	0.0682	14	0	0	
PILOT-2014002745__G__gpt4o-mini__rep0.json	PILOT-2014002745	G	0	0.0077	0.022	0.0103	0.014	13	1	0	
PILOT-2014002745__G__gpt4o-mini__rep1.json	PILOT-2014002745	G	1	0.0729	0.5	0.0729	0.127	4	10	0	
PILOT-2014002745__G__gpt4o-mini__rep2.json	PILOT-2014002745	G	2	0.0125	0.0357	0.0167	0.0227	8	6	0	
PILOT-2014002745__G__gpt5.4__rep0.json	PILOT-2014002745	G	0	0.0496	0.3931	0.0538	0.0924	9	5	0	
PILOT-2014002745__G__gpt5.4__rep1.json	PILOT-2014002745	G	1	0.0269	0.1799	0.0289	0.0485	9	5	0	
PILOT-2014002745__G__gpt5.4__rep2.json	PILOT-2014002745	G	2	0.0282	0.1799	0.0321	0.0511	9	5	0	
PILOT-2014002745__G__haiku4.5__rep0.json	PILOT-2014002745	G	0	0.0755	0.449	0.0856	0.1332	14	0	0	
PILOT-2014002745__G__haiku4.5__rep1.json	PILOT-2014002745	G	1	0.0689	0.4014	0.0771	0.1228	14	0	0	
PILOT-2014002745__G__haiku4.5__rep2.json	PILOT-2014002745	G	2	0.0799	0.449	0.0898	0.1395	14	0	0	
PILOT-2014002745__G__sonnet4__rep0.json	PILOT-2014002745	G	0	0.0807	0.3418	0.0955	0.1361	14	0	0	
PILOT-2014002745__G__sonnet4__rep1.json	PILOT-2014002745	G	1	0.0807	0.3418	0.0955	0.1361	14	0	0	
PILOT-2014002745__G__sonnet4__rep2.json	PILOT-2014002745	G	2	0.0857	0.3418	0.1005	0.1444	14	0	0	
PILOT-2014003236__F__gpt4o-mini__rep0.json	PILOT-2014003236	F	0	0.0	0.0	0.0	0.0	2	0	0	
PILOT-2014003236__F__gpt4o-mini__rep1.json	PILOT-2014003236	F	1	0.0	0.0	0.0	0.0	2	0	0	
PILOT-2014003236__F__gpt4o-mini__rep2.json	PILOT-2014003236	F	2	0.0	0.0	0.0	0.0	2	0	0	
PILOT-2014003236__F__gpt5.4__rep0.json	PILOT-2014003236	F	0	0.0	0.0	0.0	0.0	2	0	0	
PILOT-2014003236__F__gpt5.4__rep1.json	PILOT-2014003236	F	1	0.0	0.0	0.0	0.0	2	0	0	
PILOT-2014003236__F__gpt5.4__rep2.json	PILOT-2014003236	F	2	0.0	0.0	0.0	0.0	2	0	0	
PILOT-2014003236__F__haiku4.5__rep0.json	PILOT-2014003236	F	0	0.0	0.0	0.0	0.0	2	0	0	
PILOT-2014003236__F__haiku4.5__rep1.json	PILOT-2014003236	F	1	0.0	0.0	0.0	0.0	2	0	0	
PILOT-2014003236__F__haiku4.5__rep2.json	PILOT-2014003236	F	2	0.0	0.0	0.0	0.0	2	0	0	
PILOT-2014003236__F__sonnet4__rep0.json	PILOT-2014003236	F	0	0.0	0.0	0.0	0.0	2	0	0	
PILOT-2014003236__F__sonnet4__rep1.json	PILOT-2014003236	F	1	0.0	0.0	0.0	0.0	2	0	0	
PILOT-2014003236__F__sonnet4__rep2.json	PILOT-2014003236	F	2	0.0	0.0	0.0	0.0	2	0	0	
PILOT-2014003236__G__gpt4o-mini__rep0.json	PILOT-2014003236	G	0	0.0	0.0	0.0	0.0	2	0	0	
PILOT-2014003236__G__gpt4o-mini__rep1.json	PILOT-2014003236	G	1	0.0	0.0	0.0	0.0	2	0	0	
PILOT-2014003236__G__gpt4o-mini__rep2.json	PILOT-2014003236	G	2	0.0	0.0	0.0	0.0	2	0	0	
PILOT-2014003236__G__gpt5.4__rep0.json	PILOT-2014003236	G	0	0.0	0.0	0.0	0.0	2	0	0	
PILOT-2014003236__G__gpt5.4__rep1.json	PILOT-2014003236	G	1	0.0	0.0	0.0	0.0	2	0	0	
PILOT-2014003236__G__gpt5.4__rep2.json	PILOT-2014003236	G	2	0.0	0.0	0.0	0.0	2	0	0	
PILOT-2014003236__G__haiku4.5__rep0.json	PILOT-2014003236	G	0	0.0	0.0	0.0	0.0	2	0	0	
PILOT-2014003236__G__haiku4.5__rep1.json	PILOT-2014003236	G	1	0.0	0.0	0.0	0.0	2	0	0	
PILOT-2014003236__G__haiku4.5__rep2.json	PILOT-2014003236	G	2	0.0	0.0	0.0	0.0	2	0	0	
PILOT-2014003236__G__sonnet4__rep0.json	PILOT-2014003236	G	0	0.0	0.0	0.0	0.0	2	0	0	
PILOT-2014003236__G__sonnet4__rep1.json	PILOT-2014003236	G	1	0.0	0.0	0.0	0.0	2	0	0	
PILOT-2014003236__G__sonnet4__rep2.json	PILOT-2014003236	G	2	0.0	0.0	0.0	0.0	2	0	0	
PILOT-2014003587__F__gpt4o-mini__rep0.json	PILOT-2014003587	F	0	None	None	None	None	0	19	0	no_aligned_claims
PILOT-2014003587__F__gpt4o-mini__rep1.json	PILOT-2014003587	F	1	None	None	None	None	0	19	0	no_aligned_claims
PILOT-2014003587__F__gpt4o-mini__rep2.json	PILOT-2014003587	F	2	None	None	None	None	0	19	0	no_aligned_claims
PILOT-2014003587__F__gpt5.4__rep0.json	PILOT-2014003587	F	0	0.0	0.0	0.0	0.0	19	0	0	
PILOT-2014003587__F__gpt5.4__rep1.json	PILOT-2014003587	F	1	0.0631	0.0818	0.1115	0.0944	16	3	0	
PILOT-2014003587__F__gpt5.4__rep2.json	PILOT-2014003587	F	2	0.0	0.0	0.0	0.0	16	3	0	
PILOT-2014003587__F__haiku4.5__rep0.json	PILOT-2014003587	F	0	0.0	0.0	0.0	0.0	19	0	0	
PILOT-2014003587__F__haiku4.5__rep1.json	PILOT-2014003587	F	1	0.0	0.0	0.0	0.0	19	0	0	
PILOT-2014003587__F__haiku4.5__rep2.json	PILOT-2014003587	F	2	0.0	0.0	0.0	0.0	19	0	0	
PILOT-2014003587__F__sonnet4__rep0.json	PILOT-2014003587	F	0	0.0018	0.0027	0.0053	0.0036	19	0	0	
PILOT-2014003587__F__sonnet4__rep1.json	PILOT-2014003587	F	1	0.0019	0.0027	0.0062	0.0038	19	0	0	
PILOT-2014003587__F__sonnet4__rep2.json	PILOT-2014003587	F	2	0.0018	0.0027	0.0053	0.0036	19	0	0	
PILOT-2014003587__G__gpt4o-mini__rep0.json	PILOT-2014003587	G	0	None	None	None	None	0	19	0	no_aligned_claims
PILOT-2014003587__G__gpt4o-mini__rep1.json	PILOT-2014003587	G	1	None	None	None	None	0	19	0	no_aligned_claims
PILOT-2014003587__G__gpt4o-mini__rep2.json	PILOT-2014003587	G	2	None	None	None	None	0	19	0	no_aligned_claims
PILOT-2014003587__G__gpt5.4__rep0.json	PILOT-2014003587	G	0	0.04	0.064	0.0639	0.0638	19	0	0	
PILOT-2014003587__G__gpt5.4__rep1.json	PILOT-2014003587	G	1	0.0	0.0	0.0	0.0	19	0	0	
PILOT-2014003587__G__gpt5.4__rep2.json	PILOT-2014003587	G	2	0.0	0.0	0.0	0.0	19	0	0	
PILOT-2014003587__G__haiku4.5__rep0.json	PILOT-2014003587	G	0	0.0	0.0	0.0	0.0	19	0	0	
PILOT-2014003587__G__haiku4.5__rep1.json	PILOT-2014003587	G	1	0.0198	0.0246	0.0857	0.037	19	0	0	
PILOT-2014003587__G__haiku4.5__rep2.json	PILOT-2014003587	G	2	0.0407	0.0597	0.1298	0.0749	19	0	0	
PILOT-2014003587__G__sonnet4__rep0.json	PILOT-2014003587	G	0	0.0	0.0	0.0	0.0	19	0	0	
PILOT-2014003587__G__sonnet4__rep1.json	PILOT-2014003587	G	1	0.0037	0.0053	0.0109	0.0071	19	0	0	
PILOT-2014003587__G__sonnet4__rep2.json	PILOT-2014003587	G	2	0.0024	0.0036	0.0066	0.0046	19	0	0	
PILOT-2014006550__F__gpt4o-mini__rep0.json	PILOT-2014006550	F	0	0.0423	0.0496	0.2142	0.0791	8	12	0	
PILOT-2014006550__F__gpt4o-mini__rep1.json	PILOT-2014006550	F	1	0.0119	0.0185	0.0294	0.0227	4	16	0	
PILOT-2014006550__F__gpt4o-mini__rep2.json	PILOT-2014006550	F	2	None	None	None	None	0	20	0	no_aligned_claims
PILOT-2014006550__F__gpt5.4__rep0.json	PILOT-2014006550	F	0	0.0	0.0	0.0	0.0	20	0	0	
PILOT-2014006550__F__gpt5.4__rep1.json	PILOT-2014006550	F	1	0.0	0.0	0.0	0.0	20	0	0	
PILOT-2014006550__F__gpt5.4__rep2.json	PILOT-2014006550	F	2	0.0	0.0	0.0	0.0	20	0	0	
PILOT-2014006550__F__haiku4.5__rep0.json	PILOT-2014006550	F	0	0.0232	0.0326	0.0636	0.0419	20	0	0	
PILOT-2014006550__F__haiku4.5__rep1.json	PILOT-2014006550	F	1	0.0507	0.0721	0.1388	0.091	20	0	0	
PILOT-2014006550__F__haiku4.5__rep2.json	PILOT-2014006550	F	2	0.0234	0.0309	0.0752	0.0419	20	0	0	
PILOT-2014006550__F__sonnet4__rep0.json	PILOT-2014006550	F	0	0.0036	0.0045	0.0167	0.0069	20	0	0	
PILOT-2014006550__F__sonnet4__rep1.json	PILOT-2014006550	F	1	0.0028	0.0045	0.007	0.0054	20	0	0	
PILOT-2014006550__F__sonnet4__rep2.json	PILOT-2014006550	F	2	0.0044	0.0058	0.0149	0.0084	20	0	0	
PILOT-2014006550__G__gpt4o-mini__rep0.json	PILOT-2014006550	G	0	None	None	None	None	0	20	0	no_aligned_claims
PILOT-2014006550__G__gpt4o-mini__rep1.json	PILOT-2014006550	G	1	None	None	None	None	0	20	0	no_aligned_claims
PILOT-2014006550__G__gpt4o-mini__rep2.json	PILOT-2014006550	G	2	None	None	None	None	0	20	0	no_aligned_claims
PILOT-2014006550__G__gpt5.4__rep0.json	PILOT-2014006550	G	0	0.0	0.0	0.0	0.0	20	0	0	
PILOT-2014006550__G__gpt5.4__rep1.json	PILOT-2014006550	G	1	0.004	0.0048	0.0183	0.0077	20	0	0	
PILOT-2014006550__G__gpt5.4__rep2.json	PILOT-2014006550	G	2	0.0024	0.0031	0.0097	0.0046	20	0	0	
PILOT-2014006550__G__haiku4.5__rep0.json	PILOT-2014006550	G	0	0.0414	0.0533	0.128	0.0743	20	0	0	
PILOT-2014006550__G__haiku4.5__rep1.json	PILOT-2014006550	G	1	0.0513	0.0687	0.1789	0.0949	19	1	0	
PILOT-2014006550__G__haiku4.5__rep2.json	PILOT-2014006550	G	2	0.0519	0.0668	0.1572	0.0908	20	0	0	
PILOT-2014006550__G__sonnet4__rep0.json	PILOT-2014006550	G	0	0.001	0.0018	0.002	0.0019	20	0	0	
PILOT-2014006550__G__sonnet4__rep1.json	PILOT-2014006550	G	1	0.001	0.0018	0.002	0.0019	20	0	0	
PILOT-2014006550__G__sonnet4__rep2.json	PILOT-2014006550	G	2	0.0032	0.0045	0.0112	0.0061	20	0	0	
PILOT-2014007043__F__gpt4o-mini__rep0.json	PILOT-2014007043	F	0	0.0	0.0	0.0	0.0	4	1	0	
PILOT-2014007043__F__gpt4o-mini__rep1.json	PILOT-2014007043	F	1	0.0061	0.0073	0.0312	0.0119	4	1	0	
PILOT-2014007043__F__gpt4o-mini__rep2.json	PILOT-2014007043	F	2	0.0445	0.0627	0.1172	0.0817	4	1	0	
PILOT-2014007043__F__gpt5.4__rep0.json	PILOT-2014007043	F	0	0.0247	0.1125	0.1043	0.047	5	0	0	
PILOT-2014007043__F__gpt5.4__rep1.json	PILOT-2014007043	F	1	0.0	0.0	0.0	0.0	5	0	0	
PILOT-2014007043__F__gpt5.4__rep2.json	PILOT-2014007043	F	2	0.0244	0.3118	0.0714	0.0467	5	0	0	
PILOT-2014007043__F__haiku4.5__rep0.json	PILOT-2014007043	F	0	0.0153	0.3	0.0154	0.0293	5	0	0	
PILOT-2014007043__F__haiku4.5__rep1.json	PILOT-2014007043	F	1	0.0263	0.375	0.0264	0.0492	4	1	0	
PILOT-2014007043__F__haiku4.5__rep2.json	PILOT-2014007043	F	2	0.0263	0.375	0.0264	0.0492	4	1	0	
PILOT-2014007043__F__sonnet4__rep0.json	PILOT-2014007043	F	0	0.0161	0.3	0.0162	0.0308	5	0	0	
PILOT-2014007043__F__sonnet4__rep1.json	PILOT-2014007043	F	1	0.0196	0.3059	0.0433	0.0378	5	0	0	
PILOT-2014007043__F__sonnet4__rep2.json	PILOT-2014007043	F	2	0.0211	0.3059	0.0448	0.0406	5	0	0	
PILOT-2014007043__G__gpt4o-mini__rep0.json	PILOT-2014007043	G	0	None	None	None	None	0	5	0	no_aligned_claims
PILOT-2014007043__G__gpt4o-mini__rep1.json	PILOT-2014007043	G	1	None	None	None	None	0	5	0	no_aligned_claims
PILOT-2014007043__G__gpt4o-mini__rep2.json	PILOT-2014007043	G	2	0.0	0.0	0.0	0.0	4	1	0	
PILOT-2014007043__G__gpt5.4__rep0.json	PILOT-2014007043	G	0	0.0286	0.1	0.0333	0.05	5	0	0	
PILOT-2014007043__G__gpt5.4__rep1.json	PILOT-2014007043	G	1	0.0167	0.1	0.0182	0.0308	5	0	0	
PILOT-2014007043__G__gpt5.4__rep2.json	PILOT-2014007043	G	2	0.0053	0.0059	0.04	0.0103	5	0	0	
PILOT-2014007043__G__haiku4.5__rep0.json	PILOT-2014007043	G	0	0.0103	0.0118	0.0571	0.0195	5	0	0	
PILOT-2014007043__G__haiku4.5__rep1.json	PILOT-2014007043	G	1	0.0269	0.1118	0.0753	0.0503	5	0	0	
PILOT-2014007043__G__haiku4.5__rep2.json	PILOT-2014007043	G	2	0.0103	0.0118	0.0571	0.0195	5	0	0	
PILOT-2014007043__G__sonnet4__rep0.json	PILOT-2014007043	G	0	0.0208	0.3059	0.0446	0.0401	5	0	0	
PILOT-2014007043__G__sonnet4__rep1.json	PILOT-2014007043	G	1	0.0161	0.3	0.0162	0.0308	5	0	0	
PILOT-2014007043__G__sonnet4__rep2.json	PILOT-2014007043	G	2	0.0105	0.2	0.0105	0.02	5	0	0	
PILOT-2014008375__F__gpt4o-mini__rep0.json	PILOT-2014008375	F	0	0.0141	0.0147	0.1667	0.027	3	0	0	
PILOT-2014008375__F__gpt4o-mini__rep1.json	PILOT-2014008375	F	1	0.0	0.0	0.0	0.0	3	0	0	
PILOT-2014008375__F__gpt4o-mini__rep2.json	PILOT-2014008375	F	2	0.0606	0.1111	0.0952	0.1026	3	0	0	
PILOT-2014008375__F__gpt5.4__rep0.json	PILOT-2014008375	F	0	0.0118	0.0147	0.05	0.0227	3	0	0	
PILOT-2014008375__F__gpt5.4__rep1.json	PILOT-2014008375	F	1	0.0046	0.0049	0.0667	0.0091	3	0	0	
PILOT-2014008375__F__gpt5.4__rep2.json	PILOT-2014008375	F	2	0.056	0.0716	0.2167	0.0982	3	0	0	
PILOT-2014008375__F__haiku4.5__rep0.json	PILOT-2014008375	F	0	0.0	0.0	0.0	0.0	1	2	0	
PILOT-2014008375__F__haiku4.5__rep1.json	PILOT-2014008375	F	1	0.037	0.0667	0.0667	0.0667	3	0	0	
PILOT-2014008375__F__haiku4.5__rep2.json	PILOT-2014008375	F	2	0.0	0.0	0.0	0.0	1	2	0	
PILOT-2014008375__F__sonnet4__rep0.json	PILOT-2014008375	F	0	0.0599	0.0765	0.1939	0.1058	3	0	0	
PILOT-2014008375__F__sonnet4__rep1.json	PILOT-2014008375	F	1	0.0087	0.0098	0.0606	0.0169	3	0	0	
PILOT-2014008375__F__sonnet4__rep2.json	PILOT-2014008375	F	2	0.0087	0.0098	0.0606	0.0169	3	0	0	
PILOT-2014008375__G__gpt4o-mini__rep0.json	PILOT-2014008375	G	0	0.0	0.0	0.0	0.0	3	0	0	
PILOT-2014008375__G__gpt4o-mini__rep1.json	PILOT-2014008375	G	1	0.0833	0.1111	0.1667	0.1333	3	0	0	
PILOT-2014008375__G__gpt4o-mini__rep2.json	PILOT-2014008375	G	2	0.0606	0.1111	0.0952	0.1026	3	0	0	
PILOT-2014008375__G__gpt5.4__rep0.json	PILOT-2014008375	G	0	0.056	0.0716	0.2167	0.0982	3	0	0	
PILOT-2014008375__G__gpt5.4__rep1.json	PILOT-2014008375	G	1	0.0047	0.0049	0.0833	0.0093	3	0	0	
PILOT-2014008375__G__gpt5.4__rep2.json	PILOT-2014008375	G	2	0.056	0.0716	0.2167	0.0982	3	0	0	
PILOT-2014008375__G__haiku4.5__rep0.json	PILOT-2014008375	G	0	0.037	0.0667	0.0667	0.0667	3	0	0	
PILOT-2014008375__G__haiku4.5__rep1.json	PILOT-2014008375	G	1	0.0	0.0	0.0	0.0	1	2	0	
PILOT-2014008375__G__haiku4.5__rep2.json	PILOT-2014008375	G	2	0.0	0.0	0.0	0.0	1	2	0	
PILOT-2014008375__G__sonnet4__rep0.json	PILOT-2014008375	G	0	0.0598	0.0765	0.1889	0.1056	3	0	0	
PILOT-2014008375__G__sonnet4__rep1.json	PILOT-2014008375	G	1	0.0598	0.0765	0.1889	0.1056	3	0	0	
PILOT-2014008375__G__sonnet4__rep2.json	PILOT-2014008375	G	2	0.0598	0.0765	0.1889	0.1056	3	0	0	
PILOT-2014009096__F__gpt4o-mini__rep0.json	PILOT-2014009096	F	0	0.0565	0.0955	0.0957	0.0955	4	0	0	
PILOT-2014009096__F__gpt4o-mini__rep1.json	PILOT-2014009096	F	1	0.0282	0.057	0.0565	0.0544	4	0	0	
PILOT-2014009096__F__gpt4o-mini__rep2.json	PILOT-2014009096	F	2	0.0297	0.0593	0.0604	0.0574	4	0	0	
PILOT-2014009096__F__gpt5.4__rep0.json	PILOT-2014009096	F	0	0.0338	0.0701	0.0623	0.0649	4	0	0	
PILOT-2014009096__F__gpt5.4__rep1.json	PILOT-2014009096	F	1	0.0236	0.0495	0.0438	0.0457	4	0	0	
PILOT-2014009096__F__gpt5.4__rep2.json	PILOT-2014009096	F	2	0.0242	0.0495	0.0456	0.0468	4	0	0	
PILOT-2014009096__F__haiku4.5__rep0.json	PILOT-2014009096	F	0	0.0072	0.0119	0.0171	0.014	4	0	0	
PILOT-2014009096__F__haiku4.5__rep1.json	PILOT-2014009096	F	1	0.0058	0.0095	0.0139	0.0113	4	0	0	
PILOT-2014009096__F__haiku4.5__rep2.json	PILOT-2014009096	F	2	0.0204	0.0341	0.0477	0.0398	4	0	0	
PILOT-2014009096__F__sonnet4__rep0.json	PILOT-2014009096	F	0	None	None	None	None	0	4	0	no_aligned_claims
PILOT-2014009096__F__sonnet4__rep1.json	PILOT-2014009096	F	1	0.003	0.0047	0.0081	0.006	4	0	0	
PILOT-2014009096__F__sonnet4__rep2.json	PILOT-2014009096	F	2	0.0075	0.0119	0.0184	0.0144	4	0	0	
PILOT-2014009096__G__gpt4o-mini__rep0.json	PILOT-2014009096	G	0	0.0075	0.0123	0.0187	0.0148	4	0	0	
PILOT-2014009096__G__gpt4o-mini__rep1.json	PILOT-2014009096	G	1	0.0439	0.0747	0.0888	0.0811	4	0	0	
PILOT-2014009096__G__gpt4o-mini__rep2.json	PILOT-2014009096	G	2	0.0193	0.0313	0.0454	0.037	4	0	0	
PILOT-2014009096__G__gpt5.4__rep0.json	PILOT-2014009096	G	0	0.0242	0.0495	0.0456	0.0468	4	0	0	
PILOT-2014009096__G__gpt5.4__rep1.json	PILOT-2014009096	G	1	0.0241	0.0495	0.0454	0.0467	4	0	0	
PILOT-2014009096__G__gpt5.4__rep2.json	PILOT-2014009096	G	2	0.0242	0.0495	0.0456	0.0468	4	0	0	
PILOT-2014009096__G__haiku4.5__rep0.json	PILOT-2014009096	G	0	0.0399	0.0717	0.083	0.0763	4	0	0	
PILOT-2014009096__G__haiku4.5__rep1.json	PILOT-2014009096	G	1	0.0251	0.0495	0.05	0.0487	4	0	0	
PILOT-2014009096__G__haiku4.5__rep2.json	PILOT-2014009096	G	2	0.0072	0.0131	0.016	0.0142	4	0	0	
PILOT-2014009096__G__sonnet4__rep0.json	PILOT-2014009096	G	0	0.0029	0.0047	0.0073	0.0058	4	0	0	
PILOT-2014009096__G__sonnet4__rep1.json	PILOT-2014009096	G	1	0.0029	0.0047	0.0073	0.0058	4	0	0	
PILOT-2014009096__G__sonnet4__rep2.json	PILOT-2014009096	G	2	0.0029	0.0047	0.0073	0.0058	4	0	0	
PILOT-2014009182__F__gpt4o-mini__rep0.json	PILOT-2014009182	F	0	0.0019	0.0021	0.0147	0.0037	12	0	0	
PILOT-2014009182__F__gpt4o-mini__rep1.json	PILOT-2014009182	F	1	0.0019	0.0021	0.0147	0.0037	12	0	0	
PILOT-2014009182__F__gpt4o-mini__rep2.json	PILOT-2014009182	F	2	0.1214	0.262	0.1372	0.169	11	1	0	
PILOT-2014009182__F__gpt5.4__rep0.json	PILOT-2014009182	F	0	0.0	0.0	0.0	0.0	9	3	0	
PILOT-2014009182__F__gpt5.4__rep1.json	PILOT-2014009182	F	1	0.0	0.0	0.0	0.0	12	0	0	
PILOT-2014009182__F__gpt5.4__rep2.json	PILOT-2014009182	F	2	0.0	0.0	0.0	0.0	12	0	0	
PILOT-2014009182__F__haiku4.5__rep0.json	PILOT-2014009182	F	0	0.0	0.0	0.0	0.0	12	0	0	
PILOT-2014009182__F__haiku4.5__rep1.json	PILOT-2014009182	F	1	0.0	0.0	0.0	0.0	12	0	0	
PILOT-2014009182__F__haiku4.5__rep2.json	PILOT-2014009182	F	2	0.001	0.0014	0.0038	0.0021	6	6	0	
PILOT-2014009182__F__sonnet4__rep0.json	PILOT-2014009182	F	0	0.0	0.0	0.0	0.0	12	0	0	
PILOT-2014009182__F__sonnet4__rep1.json	PILOT-2014009182	F	1	0.0049	0.0068	0.0165	0.0095	12	0	0	
PILOT-2014009182__F__sonnet4__rep2.json	PILOT-2014009182	F	2	0.0	0.0	0.0	0.0	12	0	0	
PILOT-2014009182__G__gpt4o-mini__rep0.json	PILOT-2014009182	G	0	0.0	0.0	0.0	0.0	12	0	0	
PILOT-2014009182__G__gpt4o-mini__rep1.json	PILOT-2014009182	G	1	0.0	0.0	0.0	0.0	12	0	0	
PILOT-2014009182__G__gpt4o-mini__rep2.json	PILOT-2014009182	G	2	0.0	0.0	0.0	0.0	11	1	0	
PILOT-2014009182__G__gpt5.4__rep0.json	PILOT-2014009182	G	0	0.0	0.0	0.0	0.0	12	0	0	
PILOT-2014009182__G__gpt5.4__rep1.json	PILOT-2014009182	G	1	0.0	0.0	0.0	0.0	12	0	0	
PILOT-2014009182__G__gpt5.4__rep2.json	PILOT-2014009182	G	2	0.0	0.0	0.0	0.0	12	0	0	
PILOT-2014009182__G__haiku4.5__rep0.json	PILOT-2014009182	G	0	0.0	0.0	0.0	0.0	12	0	0	
PILOT-2014009182__G__haiku4.5__rep1.json	PILOT-2014009182	G	1	0.0	0.0	0.0	0.0	12	0	0	
PILOT-2014009182__G__haiku4.5__rep2.json	PILOT-2014009182	G	2	0.0	0.0	0.0	0.0	12	0	0	
PILOT-2014009182__G__sonnet4__rep0.json	PILOT-2014009182	G	0	0.0133	0.0238	0.0256	0.0247	12	0	0	
PILOT-2014009182__G__sonnet4__rep1.json	PILOT-2014009182	G	1	0.0144	0.0252	0.0307	0.0269	12	0	0	
PILOT-2014009182__G__sonnet4__rep2.json	PILOT-2014009182	G	2	0.0	0.0	0.0	0.0	6	6	0	
PILOT-2014009970__F__gpt4o-mini__rep0.json	PILOT-2014009970	F	0	0.0202	0.0278	0.0444	0.0342	9	0	0	
PILOT-2014009970__F__gpt4o-mini__rep1.json	PILOT-2014009970	F	1	0.0	0.0	0.0	0.0	5	4	0	
PILOT-2014009970__F__gpt4o-mini__rep2.json	PILOT-2014009970	F	2	0.0	0.0	0.0	0.0	9	0	0	
PILOT-2014009970__F__gpt5.4__rep0.json	PILOT-2014009970	F	0	0.0202	0.0278	0.0444	0.0342	9	0	0	
PILOT-2014009970__F__gpt5.4__rep1.json	PILOT-2014009970	F	1	0.0	0.0	0.0	0.0	9	0	0	
PILOT-2014009970__F__gpt5.4__rep2.json	PILOT-2014009970	F	2	0.0	0.0	0.0	0.0	9	0	0	
PILOT-2014009970__F__haiku4.5__rep0.json	PILOT-2014009970	F	0	0.0018	0.0026	0.0056	0.0035	9	0	0	
PILOT-2014009970__F__haiku4.5__rep1.json	PILOT-2014009970	F	1	0.011	0.0303	0.018	0.0206	9	0	0	
PILOT-2014009970__F__haiku4.5__rep2.json	PILOT-2014009970	F	2	0.0019	0.0026	0.0063	0.0036	9	0	0	
PILOT-2014009970__F__sonnet4__rep0.json	PILOT-2014009970	F	0	0.0202	0.0278	0.0444	0.0342	9	0	0	
PILOT-2014009970__F__sonnet4__rep1.json	PILOT-2014009970	F	1	0.0	0.0	0.0	0.0	9	0	0	
PILOT-2014009970__F__sonnet4__rep2.json	PILOT-2014009970	F	2	0.0202	0.0278	0.0444	0.0342	9	0	0	
PILOT-2014009970__G__gpt4o-mini__rep0.json	PILOT-2014009970	G	0	0.0	0.0	0.0	0.0	9	0	0	
PILOT-2014009970__G__gpt4o-mini__rep1.json	PILOT-2014009970	G	1	0.054	0.4042	0.057	0.097	8	1	0	
PILOT-2014009970__G__gpt4o-mini__rep2.json	PILOT-2014009970	G	2	0.0	0.0	0.0	0.0	4	5	0	
PILOT-2014009970__G__gpt5.4__rep0.json	PILOT-2014009970	G	0	0.0	0.0	0.0	0.0	6	3	0	
PILOT-2014009970__G__gpt5.4__rep1.json	PILOT-2014009970	G	1	0.0	0.0	0.0	0.0	6	3	0	
PILOT-2014009970__G__gpt5.4__rep2.json	PILOT-2014009970	G	2	0.0	0.0	0.0	0.0	6	3	0	
PILOT-2014009970__G__haiku4.5__rep0.json	PILOT-2014009970	G	0	0.0	0.0	0.0	0.0	9	0	0	
PILOT-2014009970__G__haiku4.5__rep1.json	PILOT-2014009970	G	1	0.0085	0.0278	0.0111	0.0159	9	0	0	
PILOT-2014009970__G__haiku4.5__rep2.json	PILOT-2014009970	G	2	0.0	0.0	0.0	0.0	9	0	0	
PILOT-2014009970__G__sonnet4__rep0.json	PILOT-2014009970	G	0	0.0028	0.0049	0.0061	0.0055	7	2	0	
PILOT-2014009970__G__sonnet4__rep1.json	PILOT-2014009970	G	1	0.0251	0.0356	0.055	0.0431	8	1	0	
PILOT-2014009970__G__sonnet4__rep2.json	PILOT-2014009970	G	2	0.0199	0.0303	0.04	0.0345	9	0	0	
PILOT-2015000199__F__gpt4o-mini__rep0.json	PILOT-2015000199	F	0	0.1291	0.1861	0.3012	0.2182	4	6	0	
PILOT-2015000199__F__gpt4o-mini__rep1.json	PILOT-2015000199	F	1	0.0912	0.1463	0.288	0.1642	5	5	0	
PILOT-2015000199__F__gpt4o-mini__rep2.json	PILOT-2015000199	F	2	0.0271	0.0308	0.15	0.0487	10	0	0	
PILOT-2015000199__F__gpt5.4__rep0.json	PILOT-2015000199	F	0	0.048	0.0665	0.1297	0.0813	10	0	0	
PILOT-2015000199__F__gpt5.4__rep1.json	PILOT-2015000199	F	1	0.0541	0.0821	0.1184	0.0904	10	0	0	
PILOT-2015000199__F__gpt5.4__rep2.json	PILOT-2015000199	F	2	0.0599	0.0807	0.138	0.099	10	0	0	
PILOT-2015000199__F__haiku4.5__rep0.json	PILOT-2015000199	F	0	0.0602	0.112	0.1012	0.1013	10	0	0	
PILOT-2015000199__F__haiku4.5__rep1.json	PILOT-2015000199	F	1	0.0215	0.0277	0.0615	0.0374	10	0	0	
PILOT-2015000199__F__haiku4.5__rep2.json	PILOT-2015000199	F	2	0.0516	0.0914	0.1018	0.0893	10	0	0	
PILOT-2015000199__F__sonnet4__rep0.json	PILOT-2015000199	F	0	0.04	0.0625	0.1122	0.0713	10	0	0	
PILOT-2015000199__F__sonnet4__rep1.json	PILOT-2015000199	F	1	0.03	0.0455	0.1161	0.056	10	0	0	
PILOT-2015000199__F__sonnet4__rep2.json	PILOT-2015000199	F	2	0.0541	0.0946	0.1087	0.0916	10	0	0	
PILOT-2015000199__G__gpt4o-mini__rep0.json	PILOT-2015000199	G	0	0.0446	0.0584	0.1438	0.0761	10	0	0	
PILOT-2015000199__G__gpt4o-mini__rep1.json	PILOT-2015000199	G	1	0.1752	0.2784	0.3592	0.2891	5	5	0	
PILOT-2015000199__G__gpt4o-mini__rep2.json	PILOT-2015000199	G	2	0.0517	0.0602	0.1786	0.0883	6	4	0	
PILOT-2015000199__G__gpt5.4__rep0.json	PILOT-2015000199	G	0	0.0533	0.0906	0.1216	0.0889	10	0	0	
PILOT-2015000199__G__gpt5.4__rep1.json	PILOT-2015000199	G	1	0.0467	0.0665	0.1203	0.0794	10	0	0	
PILOT-2015000199__G__gpt5.4__rep2.json	PILOT-2015000199	G	2	0.0296	0.0391	0.0849	0.0522	9	1	0	
PILOT-2015000199__G__haiku4.5__rep0.json	PILOT-2015000199	G	0	0.0222	0.0384	0.0538	0.0415	10	0	0	
PILOT-2015000199__G__haiku4.5__rep1.json	PILOT-2015000199	G	1	0.0255	0.0428	0.0636	0.0475	10	0	0	
PILOT-2015000199__G__haiku4.5__rep2.json	PILOT-2015000199	G	2	0.0251	0.0419	0.0564	0.0455	10	0	0	
PILOT-2015000199__G__sonnet4__rep0.json	PILOT-2015000199	G	0	0.0516	0.0919	0.1012	0.0875	10	0	0	
PILOT-2015000199__G__sonnet4__rep1.json	PILOT-2015000199	G	1	0.0483	0.0946	0.0822	0.0814	10	0	0	
PILOT-2015000199__G__sonnet4__rep2.json	PILOT-2015000199	G	2	0.0491	0.0937	0.0857	0.0834	10	0	0	
PILOT-2015004151__F__gpt4o-mini__rep0.json	PILOT-2015004151	F	0	0.025	0.1333	0.0267	0.0444	5	1	0	
PILOT-2015004151__F__gpt4o-mini__rep1.json	PILOT-2015004151	F	1	0.0208	0.1111	0.0222	0.037	6	0	0	
PILOT-2015004151__F__gpt4o-mini__rep2.json	PILOT-2015004151	F	2	0.0185	0.1667	0.0192	0.0345	4	2	0	
PILOT-2015004151__F__gpt5.4__rep0.json	PILOT-2015004151	F	0	0.0294	0.1667	0.0312	0.0526	4	2	0	
PILOT-2015004151__F__gpt5.4__rep1.json	PILOT-2015004151	F	1	0.0312	0.1667	0.0333	0.0556	4	2	0	
PILOT-2015004151__F__gpt5.4__rep2.json	PILOT-2015004151	F	2	0.0312	0.1667	0.0333	0.0556	4	2	0	
PILOT-2015004151__F__haiku4.5__rep0.json	PILOT-2015004151	F	0	0.0315	0.3611	0.0327	0.0592	6	0	0	
PILOT-2015004151__F__haiku4.5__rep1.json	PILOT-2015004151	F	1	0.0111	0.1111	0.0115	0.0208	6	0	0	
PILOT-2015004151__F__haiku4.5__rep2.json	PILOT-2015004151	F	2	0.0111	0.1111	0.0115	0.0208	6	0	0	
PILOT-2015004151__F__sonnet4__rep0.json	PILOT-2015004151	F	0	0.0312	0.1667	0.0333	0.0556	4	2	0	
PILOT-2015004151__F__sonnet4__rep1.json	PILOT-2015004151	F	1	0.0331	0.2778	0.0349	0.0592	6	0	0	
PILOT-2015004151__F__sonnet4__rep2.json	PILOT-2015004151	F	2	0.025	0.1333	0.0267	0.0444	5	1	0	
PILOT-2015004151__G__gpt4o-mini__rep0.json	PILOT-2015004151	G	0	0.025	0.1333	0.0267	0.0444	5	1	0	
PILOT-2015004151__G__gpt4o-mini__rep1.json	PILOT-2015004151	G	1	0.0312	0.1667	0.0333	0.0556	4	2	0	
PILOT-2015004151__G__gpt4o-mini__rep2.json	PILOT-2015004151	G	2	0.0312	0.1667	0.0333	0.0556	4	2	0	
PILOT-2015004151__G__gpt5.4__rep0.json	PILOT-2015004151	G	0	0.0312	0.1667	0.0333	0.0556	4	2	0	
PILOT-2015004151__G__gpt5.4__rep1.json	PILOT-2015004151	G	1	0.0312	0.1667	0.0333	0.0556	4	2	0	
PILOT-2015004151__G__gpt5.4__rep2.json	PILOT-2015004151	G	2	0.0294	0.1667	0.0312	0.0526	4	2	0	
PILOT-2015004151__G__haiku4.5__rep0.json	PILOT-2015004151	G	0	0.0145	0.1111	0.0151	0.0267	6	0	0	
PILOT-2015004151__G__haiku4.5__rep1.json	PILOT-2015004151	G	1	0.0145	0.1111	0.0151	0.0267	6	0	0	
PILOT-2015004151__G__haiku4.5__rep2.json	PILOT-2015004151	G	2	0.0145	0.1111	0.0151	0.0267	6	0	0	
PILOT-2015004151__G__sonnet4__rep0.json	PILOT-2015004151	G	0	0.0312	0.1667	0.0333	0.0556	4	2	0	
PILOT-2015004151__G__sonnet4__rep1.json	PILOT-2015004151	G	1	0.0312	0.1667	0.0333	0.0556	4	2	0	
PILOT-2015004151__G__sonnet4__rep2.json	PILOT-2015004151	G	2	0.0286	0.1333	0.0308	0.05	5	1	0	
PILOT-2015004158__F__gpt4o-mini__rep0.json	PILOT-2015004158	F	0	0.0	0.0	0.0	0.0	2	5	0	
PILOT-2015004158__F__gpt4o-mini__rep1.json	PILOT-2015004158	F	1	0.125	0.2159	0.2273	0.2213	2	5	0	
PILOT-2015004158__F__gpt4o-mini__rep2.json	PILOT-2015004158	F	2	0.0	0.0	0.0	0.0	2	5	0	
PILOT-2015004158__F__gpt5.4__rep0.json	PILOT-2015004158	F	0	0.0499	0.076	0.1079	0.0884	7	0	0	
PILOT-2015004158__F__gpt5.4__rep1.json	PILOT-2015004158	F	1	0.0499	0.076	0.1079	0.0884	7	0	0	
PILOT-2015004158__F__gpt5.4__rep2.json	PILOT-2015004158	F	2	0.0499	0.076	0.1079	0.0884	7	0	0	
PILOT-2015004158__F__haiku4.5__rep0.json	PILOT-2015004158	F	0	0.0372	0.072	0.0623	0.0667	6	1	0	
PILOT-2015004158__F__haiku4.5__rep1.json	PILOT-2015004158	F	1	0.0901	0.2045	0.1116	0.1398	7	0	0	
PILOT-2015004158__F__haiku4.5__rep2.json	PILOT-2015004158	F	2	0.0372	0.072	0.0623	0.0667	6	1	0	
PILOT-2015004158__F__sonnet4__rep0.json	PILOT-2015004158	F	0	0.0397	0.0617	0.0794	0.0694	7	0	0	
PILOT-2015004158__F__sonnet4__rep1.json	PILOT-2015004158	F	1	0.0397	0.0617	0.0794	0.0694	7	0	0	
PILOT-2015004158__F__sonnet4__rep2.json	PILOT-2015004158	F	2	0.0397	0.0617	0.0794	0.0694	7	0	0	
PILOT-2015004158__G__gpt4o-mini__rep0.json	PILOT-2015004158	G	0	0.0	0.0	0.0	0.0	2	5	0	
PILOT-2015004158__G__gpt4o-mini__rep1.json	PILOT-2015004158	G	1	0.0	0.0	0.0	0.0	2	5	0	
PILOT-2015004158__G__gpt4o-mini__rep2.json	PILOT-2015004158	G	2	None	None	None	None	0	7	0	no_aligned_claims
PILOT-2015004158__G__gpt5.4__rep0.json	PILOT-2015004158	G	0	0.0216	0.0617	0.0298	0.0401	7	0	0	
PILOT-2015004158__G__gpt5.4__rep1.json	PILOT-2015004158	G	1	0.0499	0.076	0.1079	0.0884	7	0	0	
PILOT-2015004158__G__gpt5.4__rep2.json	PILOT-2015004158	G	2	0.0499	0.076	0.1079	0.0884	7	0	0	
PILOT-2015004158__G__haiku4.5__rep0.json	PILOT-2015004158	G	0	0.0463	0.072	0.0926	0.081	6	1	0	
PILOT-2015004158__G__haiku4.5__rep1.json	PILOT-2015004158	G	1	0.0417	0.0877	0.0705	0.0726	7	0	0	
PILOT-2015004158__G__haiku4.5__rep2.json	PILOT-2015004158	G	2	0.0847	0.2045	0.0979	0.131	7	0	0	
PILOT-2015004158__G__sonnet4__rep0.json	PILOT-2015004158	G	0	0.0397	0.0617	0.0794	0.0694	7	0	0	
PILOT-2015004158__G__sonnet4__rep1.json	PILOT-2015004158	G	1	0.0397	0.0617	0.0794	0.0694	7	0	0	
PILOT-2015004158__G__sonnet4__rep2.json	PILOT-2015004158	G	2	0.0397	0.0617	0.0794	0.0694	7	0	0	
PILOT-2015004926__F__gpt4o-mini__rep0.json	PILOT-2015004926	F	0	0.0776	0.111	0.2011	0.1311	9	6	0	
PILOT-2015004926__F__gpt4o-mini__rep1.json	PILOT-2015004926	F	1	0.0619	0.1145	0.1189	0.1099	11	4	0	
PILOT-2015004926__F__gpt4o-mini__rep2.json	PILOT-2015004926	F	2	0.0184	0.0293	0.0427	0.0347	9	6	0	
PILOT-2015004926__F__gpt5.4__rep0.json	PILOT-2015004926	F	0	0.0012	0.0035	0.0018	0.0023	15	0	0	
PILOT-2015004926__F__gpt5.4__rep1.json	PILOT-2015004926	F	1	0.0163	0.0313	0.028	0.0295	15	0	0	
PILOT-2015004926__F__gpt5.4__rep2.json	PILOT-2015004926	F	2	0.0016	0.004	0.0025	0.0031	13	2	0	
PILOT-2015004926__F__haiku4.5__rep0.json	PILOT-2015004926	F	0	0.0197	0.0387	0.0348	0.0357	15	0	0	
PILOT-2015004926__F__haiku4.5__rep1.json	PILOT-2015004926	F	1	0.0164	0.0387	0.0262	0.0302	15	0	0	
PILOT-2015004926__F__haiku4.5__rep2.json	PILOT-2015004926	F	2	0.0199	0.0422	0.0341	0.0365	15	0	0	
PILOT-2015004926__F__sonnet4__rep0.json	PILOT-2015004926	F	0	0.0	0.0	0.0	0.0	15	0	0	
PILOT-2015004926__F__sonnet4__rep1.json	PILOT-2015004926	F	1	0.0	0.0	0.0	0.0	15	0	0	
PILOT-2015004926__F__sonnet4__rep2.json	PILOT-2015004926	F	2	0.05	0.1074	0.0835	0.0868	15	0	0	
PILOT-2015004926__G__gpt4o-mini__rep0.json	PILOT-2015004926	G	0	0.0341	0.0645	0.0625	0.0618	9	6	0	
PILOT-2015004926__G__gpt4o-mini__rep1.json	PILOT-2015004926	G	1	0.0152	0.0247	0.0354	0.0286	7	8	0	
PILOT-2015004926__G__gpt4o-mini__rep2.json	PILOT-2015004926	G	2	None	None	None	None	0	15	0	no_aligned_claims
PILOT-2015004926__G__gpt5.4__rep0.json	PILOT-2015004926	G	0	0.0133	0.0267	0.019	0.0222	15	0	0	
PILOT-2015004926__G__gpt5.4__rep1.json	PILOT-2015004926	G	1	0.0184	0.0313	0.0352	0.0327	15	0	0	
PILOT-2015004926__G__gpt5.4__rep2.json	PILOT-2015004926	G	2	0.0147	0.0302	0.0212	0.0249	15	0	0	
PILOT-2015004926__G__haiku4.5__rep0.json	PILOT-2015004926	G	0	0.0	0.0	0.0	0.0	13	2	0	
PILOT-2015004926__G__haiku4.5__rep1.json	PILOT-2015004926	G	1	0.0357	0.072	0.0608	0.0644	15	0	0	
PILOT-2015004926__G__haiku4.5__rep2.json	PILOT-2015004926	G	2	0.0388	0.072	0.0734	0.0684	15	0	0	
PILOT-2015004926__G__sonnet4__rep0.json	PILOT-2015004926	G	0	0.0156	0.0205	0.0444	0.0278	15	0	0	
PILOT-2015004926__G__sonnet4__rep1.json	PILOT-2015004926	G	1	0.0	0.0	0.0	0.0	15	0	0	
PILOT-2015004926__G__sonnet4__rep2.json	PILOT-2015004926	G	2	0.0	0.0	0.0	0.0	15	0	0	
PILOT-2015005752__F__gpt4o-mini__rep0.json	PILOT-2015005752	F	0	0.0637	0.0957	0.1042	0.0988	6	1	0	
PILOT-2015005752__F__gpt4o-mini__rep1.json	PILOT-2015005752	F	1	0.038	0.1034	0.0893	0.0693	6	1	0	
PILOT-2015005752__F__gpt4o-mini__rep2.json	PILOT-2015005752	F	2	0.0922	0.1892	0.1543	0.1544	5	2	0	
PILOT-2015005752__F__gpt5.4__rep0.json	PILOT-2015005752	F	0	0.0505	0.0758	0.0794	0.0771	7	0	0	
PILOT-2015005752__F__gpt5.4__rep1.json	PILOT-2015005752	F	1	0.0505	0.0758	0.0794	0.0771	7	0	0	
PILOT-2015005752__F__gpt5.4__rep2.json	PILOT-2015005752	F	2	0.0715	0.1062	0.1211	0.1095	5	2	0	
PILOT-2015005752__F__haiku4.5__rep0.json	PILOT-2015005752	F	0	0.0526	0.078	0.0893	0.0811	7	0	0	
PILOT-2015005752__F__haiku4.5__rep1.json	PILOT-2015005752	F	1	0.0103	0.0154	0.0286	0.02	3	4	0	
PILOT-2015005752__F__haiku4.5__rep2.json	PILOT-2015005752	F	2	0.0725	0.1092	0.1146	0.1113	5	2	0	
PILOT-2015005752__F__sonnet4__rep0.json	PILOT-2015005752	F	0	0.0476	0.0714	0.0714	0.0714	7	0	0	
PILOT-2015005752__F__sonnet4__rep1.json	PILOT-2015005752	F	1	0.0476	0.0714	0.0714	0.0714	7	0	0	
PILOT-2015005752__F__sonnet4__rep2.json	PILOT-2015005752	F	2	0.0476	0.0714	0.0714	0.0714	7	0	0	
PILOT-2015005752__G__gpt4o-mini__rep0.json	PILOT-2015005752	G	0	None	None	None	None	0	7	0	no_aligned_claims
PILOT-2015005752__G__gpt4o-mini__rep1.json	PILOT-2015005752	G	1	None	None	None	None	0	7	0	no_aligned_claims
PILOT-2015005752__G__gpt4o-mini__rep2.json	PILOT-2015005752	G	2	0.0533	0.078	0.1044	0.0824	7	0	0	
PILOT-2015005752__G__gpt5.4__rep0.json	PILOT-2015005752	G	0	0.0511	0.0758	0.0865	0.0782	7	0	0	
PILOT-2015005752__G__gpt5.4__rep1.json	PILOT-2015005752	G	1	0.0561	0.0824	0.1012	0.0875	7	0	0	
PILOT-2015005752__G__gpt5.4__rep2.json	PILOT-2015005752	G	2	0.0511	0.0758	0.0865	0.0782	7	0	0	
PILOT-2015005752__G__haiku4.5__rep0.json	PILOT-2015005752	G	0	0.059	0.1366	0.0982	0.1008	4	3	0	
PILOT-2015005752__G__haiku4.5__rep1.json	PILOT-2015005752	G	1	0.0927	0.1366	0.1667	0.1431	4	3	0	
PILOT-2015005752__G__haiku4.5__rep2.json	PILOT-2015005752	G	2	0.0524	0.078	0.0873	0.0807	7	0	0	
PILOT-2015005752__G__sonnet4__rep0.json	PILOT-2015005752	G	0	0.0476	0.0714	0.0714	0.0714	7	0	0	
PILOT-2015005752__G__sonnet4__rep1.json	PILOT-2015005752	G	1	0.0476	0.0714	0.0714	0.0714	7	0	0	
PILOT-2015005752__G__sonnet4__rep2.json	PILOT-2015005752	G	2	0.0476	0.0714	0.0714	0.0714	7	0	0	
PILOT-2015006206__F__gpt4o-mini__rep0.json	PILOT-2015006206	F	0	0.0417	0.0476	0.2133	0.0754	5	2	0	
PILOT-2015006206__F__gpt4o-mini__rep1.json	PILOT-2015006206	F	1	0.0417	0.0476	0.2133	0.0754	5	2	0	
PILOT-2015006206__F__gpt4o-mini__rep2.json	PILOT-2015006206	F	2	0.0206	0.034	0.0438	0.0383	7	0	0	
PILOT-2015006206__F__gpt5.4__rep0.json	PILOT-2015006206	F	0	0.0168	0.0204	0.0571	0.0301	7	0	0	
PILOT-2015006206__F__gpt5.4__rep1.json	PILOT-2015006206	F	1	0.0168	0.0204	0.0571	0.0301	7	0	0	
PILOT-2015006206__F__gpt5.4__rep2.json	PILOT-2015006206	F	2	0.0168	0.0204	0.0571	0.0301	7	0	0	
PILOT-2015006206__F__haiku4.5__rep0.json	PILOT-2015006206	F	0	0.0168	0.0204	0.0571	0.0301	7	0	0	
PILOT-2015006206__F__haiku4.5__rep1.json	PILOT-2015006206	F	1	0.0077	0.0204	0.0114	0.0147	7	0	0	
PILOT-2015006206__F__haiku4.5__rep2.json	PILOT-2015006206	F	2	0.0087	0.0204	0.0136	0.0163	7	0	0	
PILOT-2015006206__F__sonnet4__rep0.json	PILOT-2015006206	F	0	0.0168	0.0204	0.0571	0.0301	7	0	0	
PILOT-2015006206__F__sonnet4__rep1.json	PILOT-2015006206	F	1	0.0168	0.0204	0.0571	0.0301	7	0	0	
PILOT-2015006206__F__sonnet4__rep2.json	PILOT-2015006206	F	2	0.0168	0.0204	0.0571	0.0301	7	0	0	
PILOT-2015006206__G__gpt4o-mini__rep0.json	PILOT-2015006206	G	0	0.0318	0.0476	0.0767	0.0586	5	2	0	
PILOT-2015006206__G__gpt4o-mini__rep1.json	PILOT-2015006206	G	1	None	None	None	None	0	7	0	no_aligned_claims
PILOT-2015006206__G__gpt4o-mini__rep2.json	PILOT-2015006206	G	2	None	None	None	None	0	7	0	no_aligned_claims
PILOT-2015006206__G__gpt5.4__rep0.json	PILOT-2015006206	G	0	0.0168	0.0204	0.0571	0.0301	7	0	0	
PILOT-2015006206__G__gpt5.4__rep1.json	PILOT-2015006206	G	1	0.0298	0.034	0.1524	0.0539	7	0	0	
PILOT-2015006206__G__gpt5.4__rep2.json	PILOT-2015006206	G	2	0.0294	0.0357	0.1	0.0526	4	3	0	
PILOT-2015006206__G__haiku4.5__rep0.json	PILOT-2015006206	G	0	0.0102	0.0204	0.0179	0.019	7	0	0	
PILOT-2015006206__G__haiku4.5__rep1.json	PILOT-2015006206	G	1	0.0102	0.0204	0.0179	0.019	7	0	0	
PILOT-2015006206__G__haiku4.5__rep2.json	PILOT-2015006206	G	2	0.0205	0.034	0.0464	0.0383	7	0	0	
PILOT-2015006206__G__sonnet4__rep0.json	PILOT-2015006206	G	0	0.0168	0.0204	0.0571	0.0301	7	0	0	
PILOT-2015006206__G__sonnet4__rep1.json	PILOT-2015006206	G	1	0.0168	0.0204	0.0571	0.0301	7	0	0	
PILOT-2015006206__G__sonnet4__rep2.json	PILOT-2015006206	G	2	0.0168	0.0204	0.0571	0.0301	7	0	0	
PILOT-2015006603__F__gpt4o-mini__rep0.json	PILOT-2015006603	F	0	None	None	None	None	0	20	0	no_aligned_claims
PILOT-2015006603__F__gpt4o-mini__rep1.json	PILOT-2015006603	F	1	None	None	None	None	0	20	0	no_aligned_claims
PILOT-2015006603__F__gpt4o-mini__rep2.json	PILOT-2015006603	F	2	0.0773	0.0889	0.3667	0.141	5	15	0	
PILOT-2015006603__F__gpt5.4__rep0.json	PILOT-2015006603	F	0	0.0	0.0	0.0	0.0	14	6	0	
PILOT-2015006603__F__gpt5.4__rep1.json	PILOT-2015006603	F	1	0.0013	0.0014	0.0175	0.0026	19	1	0	
PILOT-2015006603__F__gpt5.4__rep2.json	PILOT-2015006603	F	2	0.0	0.0	0.0	0.0	19	1	0	
PILOT-2015006603__F__haiku4.5__rep0.json	PILOT-2015006603	F	0	0.0066	0.0094	0.0182	0.0124	20	0	0	
PILOT-2015006603__F__haiku4.5__rep1.json	PILOT-2015006603	F	1	0.0157	0.0341	0.0263	0.0296	20	0	0	
PILOT-2015006603__F__haiku4.5__rep2.json	PILOT-2015006603	F	2	0.015	0.0287	0.0273	0.0279	20	0	0	
PILOT-2015006603__F__sonnet4__rep0.json	PILOT-2015006603	F	0	0.0	0.0	0.0	0.0	13	7	0	
PILOT-2015006603__F__sonnet4__rep1.json	PILOT-2015006603	F	1	0.0	0.0	0.0	0.0	20	0	0	
PILOT-2015006603__F__sonnet4__rep2.json	PILOT-2015006603	F	2	0.0	0.0	0.0	0.0	13	7	0	
PILOT-2015006603__G__gpt4o-mini__rep0.json	PILOT-2015006603	G	0	None	None	None	None	0	20	0	no_aligned_claims
PILOT-2015006603__G__gpt4o-mini__rep1.json	PILOT-2015006603	G	1	None	None	None	None	0	20	0	no_aligned_claims
PILOT-2015006603__G__gpt4o-mini__rep2.json	PILOT-2015006603	G	2	None	None	None	None	0	20	0	no_aligned_claims
PILOT-2015006603__G__gpt5.4__rep0.json	PILOT-2015006603	G	0	0.0	0.0	0.0	0.0	14	6	0	
PILOT-2015006603__G__gpt5.4__rep1.json	PILOT-2015006603	G	1	0.0	0.0	0.0	0.0	19	1	0	
PILOT-2015006603__G__gpt5.4__rep2.json	PILOT-2015006603	G	2	0.0	0.0	0.0	0.0	19	1	0	
PILOT-2015006603__G__haiku4.5__rep0.json	PILOT-2015006603	G	0	0.0103	0.0189	0.0164	0.0175	20	0	0	
PILOT-2015006603__G__haiku4.5__rep1.json	PILOT-2015006603	G	1	0.0	0.0	0.0	0.0	20	0	0	
PILOT-2015006603__G__haiku4.5__rep2.json	PILOT-2015006603	G	2	0.0	0.0	0.0	0.0	20	0	0	
PILOT-2015006603__G__sonnet4__rep0.json	PILOT-2015006603	G	0	0.0	0.0	0.0	0.0	20	0	0	
PILOT-2015006603__G__sonnet4__rep1.json	PILOT-2015006603	G	1	0.0	0.0	0.0	0.0	20	0	0	
PILOT-2015006603__G__sonnet4__rep2.json	PILOT-2015006603	G	2	0.0	0.0	0.0	0.0	20	0	0	
PILOT-2016000830__F__gpt4o-mini__rep0.json	PILOT-2016000830	F	0	None	None	None	None	0	2	0	no_aligned_claims
PILOT-2016000830__F__gpt4o-mini__rep1.json	PILOT-2016000830	F	1	None	None	None	None	0	2	0	no_aligned_claims
PILOT-2016000830__F__gpt4o-mini__rep2.json	PILOT-2016000830	F	2	None	None	None	None	0	2	0	no_aligned_claims
PILOT-2016000830__F__gpt5.4__rep0.json	PILOT-2016000830	F	0	0.0457	1.0	0.0457	0.0849	2	0	0	
PILOT-2016000830__F__gpt5.4__rep1.json	PILOT-2016000830	F	1	0.0073	1.0	0.0073	0.0145	1	1	0	
PILOT-2016000830__F__gpt5.4__rep2.json	PILOT-2016000830	F	2	0.0072	1.0	0.0072	0.0143	1	1	0	
PILOT-2016000830__F__haiku4.5__rep0.json	PILOT-2016000830	F	0	0.0381	1.0	0.0381	0.0716	2	0	0	
PILOT-2016000830__F__haiku4.5__rep1.json	PILOT-2016000830	F	1	0.0371	1.0	0.0371	0.0699	2	0	0	
PILOT-2016000830__F__haiku4.5__rep2.json	PILOT-2016000830	F	2	0.0371	1.0	0.0371	0.0699	2	0	0	
PILOT-2016000830__F__sonnet4__rep0.json	PILOT-2016000830	F	0	0.0425	1.0	0.0425	0.0794	2	0	0	
PILOT-2016000830__F__sonnet4__rep1.json	PILOT-2016000830	F	1	0.0351	1.0	0.0351	0.0663	2	0	0	
PILOT-2016000830__F__sonnet4__rep2.json	PILOT-2016000830	F	2	0.0389	1.0	0.0389	0.0731	2	0	0	
PILOT-2016000830__G__gpt4o-mini__rep0.json	PILOT-2016000830	G	0	0.0486	0.5	0.0486	0.0886	2	0	0	
PILOT-2016000830__G__gpt4o-mini__rep1.json	PILOT-2016000830	G	1	None	None	None	None	0	2	0	no_aligned_claims
PILOT-2016000830__G__gpt4o-mini__rep2.json	PILOT-2016000830	G	2	None	None	None	None	0	2	0	no_aligned_claims
PILOT-2016000830__G__gpt5.4__rep0.json	PILOT-2016000830	G	0	0.0072	1.0	0.0072	0.0143	1	1	0	
PILOT-2016000830__G__gpt5.4__rep1.json	PILOT-2016000830	G	1	0.0071	1.0	0.0071	0.0142	1	1	0	
PILOT-2016000830__G__gpt5.4__rep2.json	PILOT-2016000830	G	2	0.0071	1.0	0.0071	0.0142	1	1	0	
PILOT-2016000830__G__haiku4.5__rep0.json	PILOT-2016000830	G	0	0.0489	1.0	0.0489	0.0902	2	0	0	
PILOT-2016000830__G__haiku4.5__rep1.json	PILOT-2016000830	G	1	0.0389	1.0	0.0389	0.0731	2	0	0	
PILOT-2016000830__G__haiku4.5__rep2.json	PILOT-2016000830	G	2	0.0416	1.0	0.0416	0.0777	2	0	0	
PILOT-2016000830__G__sonnet4__rep0.json	PILOT-2016000830	G	0	0.0447	1.0	0.0447	0.0832	2	0	0	
PILOT-2016000830__G__sonnet4__rep1.json	PILOT-2016000830	G	1	0.0473	1.0	0.0473	0.0875	2	0	0	
PILOT-2016000830__G__sonnet4__rep2.json	PILOT-2016000830	G	2	0.0467	1.0	0.0467	0.0866	2	0	0	
PILOT-2016000849__F__gpt4o-mini__rep0.json	PILOT-2016000849	F	0	0.0	0.0	0.0	0.0	3	36	0	
PILOT-2016000849__F__gpt4o-mini__rep1.json	PILOT-2016000849	F	1	None	None	None	None	0	39	0	no_aligned_claims
PILOT-2016000849__F__gpt4o-mini__rep2.json	PILOT-2016000849	F	2	None	None	None	None	0	39	0	no_aligned_claims
PILOT-2016000849__F__gpt5.4__rep0.json	PILOT-2016000849	F	0	0.0	0.0	0.0	0.0	39	0	0	
PILOT-2016000849__F__gpt5.4__rep1.json	PILOT-2016000849	F	1	0.002	0.0034	0.0047	0.0039	39	0	0	
PILOT-2016000849__F__gpt5.4__rep2.json	PILOT-2016000849	F	2	0.0022	0.0027	0.0094	0.0042	39	0	0	
PILOT-2016000849__F__haiku4.5__rep0.json	PILOT-2016000849	F	0	0.0	0.0	0.0	0.0	24	15	0	
PILOT-2016000849__F__haiku4.5__rep1.json	PILOT-2016000849	F	1	0.0038	0.0069	0.0069	0.0069	24	15	0	
PILOT-2016000849__F__haiku4.5__rep2.json	PILOT-2016000849	F	2	0.0026	0.0069	0.0038	0.0049	24	15	0	
PILOT-2016000849__F__sonnet4__rep0.json	PILOT-2016000849	F	0	0.0038	0.0062	0.0094	0.0071	39	0	0	
PILOT-2016000849__F__sonnet4__rep1.json	PILOT-2016000849	F	1	0.0038	0.0062	0.0094	0.0071	39	0	0	
PILOT-2016000849__F__sonnet4__rep2.json	PILOT-2016000849	F	2	0.0038	0.0062	0.0094	0.0071	39	0	0	
PILOT-2016000849__G__gpt4o-mini__rep0.json	PILOT-2016000849	G	0	None	None	None	None	0	39	0	no_aligned_claims
PILOT-2016000849__G__gpt4o-mini__rep1.json	PILOT-2016000849	G	1	None	None	None	None	0	39	0	no_aligned_claims
PILOT-2016000849__G__gpt4o-mini__rep2.json	PILOT-2016000849	G	2	None	None	None	None	0	39	0	no_aligned_claims
PILOT-2016000849__G__gpt5.4__rep0.json	PILOT-2016000849	G	0	0.0038	0.0051	0.0135	0.0073	39	0	0	
PILOT-2016000849__G__gpt5.4__rep1.json	PILOT-2016000849	G	1	0.0	0.0	0.0	0.0	39	0	0	
PILOT-2016000849__G__gpt5.4__rep2.json	PILOT-2016000849	G	2	0.003	0.0052	0.0092	0.0059	39	0	0	
PILOT-2016000849__G__haiku4.5__rep0.json	PILOT-2016000849	G	0	0.0049	0.0097	0.0116	0.0091	25	14	0	
PILOT-2016000849__G__haiku4.5__rep1.json	PILOT-2016000849	G	1	0.0028	0.0076	0.0041	0.0053	22	17	0	
PILOT-2016000849__G__haiku4.5__rep2.json	PILOT-2016000849	G	2	0.0038	0.0069	0.0069	0.0069	24	15	0	
PILOT-2016000849__G__sonnet4__rep0.json	PILOT-2016000849	G	0	0.0038	0.0062	0.0094	0.0071	39	0	0	
PILOT-2016000849__G__sonnet4__rep1.json	PILOT-2016000849	G	1	0.0038	0.0062	0.0094	0.0071	39	0	0	
PILOT-2016000849__G__sonnet4__rep2.json	PILOT-2016000849	G	2	0.0038	0.0062	0.0094	0.0071	39	0	0	
PILOT-2016003042__F__gpt4o-mini__rep0.json	PILOT-2016003042	F	0	None	None	None	None	0	7	0	no_aligned_claims
PILOT-2016003042__F__gpt4o-mini__rep1.json	PILOT-2016003042	F	1	0.0168	0.0312	0.0354	0.0306	7	0	0	
PILOT-2016003042__F__gpt4o-mini__rep2.json	PILOT-2016003042	F	2	0.0169	0.0271	0.0353	0.0307	6	1	0	
PILOT-2016003042__F__gpt5.4__rep0.json	PILOT-2016003042	F	0	0.0346	0.1143	0.0369	0.0557	7	0	0	
PILOT-2016003042__F__gpt5.4__rep1.json	PILOT-2016003042	F	1	0.051	0.1857	0.0553	0.085	7	0	0	
PILOT-2016003042__F__gpt5.4__rep2.json	PILOT-2016003042	F	2	0.0346	0.1143	0.0369	0.0557	7	0	0	
PILOT-2016003042__F__haiku4.5__rep0.json	PILOT-2016003042	F	0	0.0036	0.0187	0.0054	0.007	7	0	0	
PILOT-2016003042__F__haiku4.5__rep1.json	PILOT-2016003042	F	1	0.0233	0.1143	0.0243	0.0401	7	0	0	
PILOT-2016003042__F__haiku4.5__rep2.json	PILOT-2016003042	F	2	0.0216	0.1143	0.0224	0.0375	7	0	0	
PILOT-2016003042__F__sonnet4__rep0.json	PILOT-2016003042	F	0	0.0099	0.0204	0.042	0.0192	7	0	0	
PILOT-2016003042__F__sonnet4__rep1.json	PILOT-2016003042	F	1	0.0099	0.0204	0.042	0.0192	7	0	0	
PILOT-2016003042__F__sonnet4__rep2.json	PILOT-2016003042	F	2	0.0099	0.0204	0.042	0.0192	7	0	0	
PILOT-2016003042__G__gpt4o-mini__rep0.json	PILOT-2016003042	G	0	0.008	0.0333	0.01	0.0154	5	2	0	
PILOT-2016003042__G__gpt4o-mini__rep1.json	PILOT-2016003042	G	1	0.0159	0.0297	0.0399	0.03	5	2	0	
PILOT-2016003042__G__gpt4o-mini__rep2.json	PILOT-2016003042	G	2	0.022	0.0714	0.026	0.0381	7	0	0	
PILOT-2016003042__G__gpt5.4__rep0.json	PILOT-2016003042	G	0	0.0346	0.1143	0.0369	0.0557	7	0	0	
PILOT-2016003042__G__gpt5.4__rep1.json	PILOT-2016003042	G	1	0.0525	0.1679	0.0594	0.0875	7	0	0	
PILOT-2016003042__G__gpt5.4__rep2.json	PILOT-2016003042	G	2	0.051	0.1718	0.0598	0.0867	7	0	0	
PILOT-2016003042__G__haiku4.5__rep0.json	PILOT-2016003042	G	0	0.0265	0.1426	0.0277	0.0464	6	1	0	
PILOT-2016003042__G__haiku4.5__rep1.json	PILOT-2016003042	G	1	0.0229	0.1143	0.0238	0.0394	7	0	0	
PILOT-2016003042__G__haiku4.5__rep2.json	PILOT-2016003042	G	2	0.0238	0.1143	0.0248	0.0408	7	0	0	
PILOT-2016003042__G__sonnet4__rep0.json	PILOT-2016003042	G	0	0.0394	0.1204	0.0714	0.0651	7	0	0	
PILOT-2016003042__G__sonnet4__rep1.json	PILOT-2016003042	G	1	0.0599	0.1704	0.1117	0.1028	7	0	0	
PILOT-2016003042__G__sonnet4__rep2.json	PILOT-2016003042	G	2	0.039	0.1204	0.0561	0.0644	7	0	0	
PILOT-2016004446__F__gpt4o-mini__rep0.json	PILOT-2016004446	F	0	0.0667	0.6444	0.0708	0.122	3	0	0	
PILOT-2016004446__F__gpt4o-mini__rep1.json	PILOT-2016004446	F	1	0.0531	0.3778	0.055	0.0941	3	0	0	
PILOT-2016004446__F__gpt4o-mini__rep2.json	PILOT-2016004446	F	2	0.0444	0.4778	0.0468	0.0831	3	0	0	
PILOT-2016004446__F__gpt5.4__rep0.json	PILOT-2016004446	F	0	0.0635	0.7111	0.0654	0.117	3	0	0	
PILOT-2016004446__F__gpt5.4__rep1.json	PILOT-2016004446	F	1	0.0435	0.2	0.0476	0.0769	3	0	0	
PILOT-2016004446__F__gpt5.4__rep2.json	PILOT-2016004446	F	2	0.0556	0.2667	0.058	0.0952	3	0	0	
PILOT-2016004446__F__haiku4.5__rep0.json	PILOT-2016004446	F	0	0.0847	0.7778	0.0849	0.1502	3	0	0	
PILOT-2016004446__F__haiku4.5__rep1.json	PILOT-2016004446	F	1	0.04	0.2	0.0435	0.0714	3	0	0	
PILOT-2016004446__F__haiku4.5__rep2.json	PILOT-2016004446	F	2	0.085	0.7778	0.0852	0.1508	3	0	0	
PILOT-2016004446__F__sonnet4__rep0.json	PILOT-2016004446	F	0	0.0435	0.2	0.0476	0.0769	3	0	0	
PILOT-2016004446__F__sonnet4__rep1.json	PILOT-2016004446	F	1	0.0435	0.2	0.0476	0.0769	3	0	0	
PILOT-2016004446__F__sonnet4__rep2.json	PILOT-2016004446	F	2	0.0304	0.65	0.031	0.0591	2	1	0	
PILOT-2016004446__G__gpt4o-mini__rep0.json	PILOT-2016004446	G	0	0.0533	0.2667	0.0556	0.092	3	0	0	
PILOT-2016004446__G__gpt4o-mini__rep1.json	PILOT-2016004446	G	1	0.0359	0.5111	0.0383	0.069	3	0	0	
PILOT-2016004446__G__gpt4o-mini__rep2.json	PILOT-2016004446	G	2	0.0141	0.2778	0.0146	0.0276	3	0	0	
PILOT-2016004446__G__gpt5.4__rep0.json	PILOT-2016004446	G	0	0.0556	0.2667	0.058	0.0952	3	0	0	
PILOT-2016004446__G__gpt5.4__rep1.json	PILOT-2016004446	G	1	0.0435	0.2	0.0476	0.0769	3	0	0	
PILOT-2016004446__G__gpt5.4__rep2.json	PILOT-2016004446	G	2	0.0556	0.2667	0.058	0.0952	3	0	0	
PILOT-2016004446__G__haiku4.5__rep0.json	PILOT-2016004446	G	0	0.061	0.7111	0.0623	0.1126	3	0	0	
PILOT-2016004446__G__haiku4.5__rep1.json	PILOT-2016004446	G	1	0.0737	0.7111	0.0756	0.1329	3	0	0	
PILOT-2016004446__G__haiku4.5__rep2.json	PILOT-2016004446	G	2	0.0665	0.6444	0.0706	0.1216	3	0	0	
PILOT-2016004446__G__sonnet4__rep0.json	PILOT-2016004446	G	0	0.0556	0.2667	0.058	0.0952	3	0	0	
PILOT-2016004446__G__sonnet4__rep1.json	PILOT-2016004446	G	1	0.0556	0.2667	0.058	0.0952	3	0	0	
PILOT-2016004446__G__sonnet4__rep2.json	PILOT-2016004446	G	2	0.0435	0.2	0.0476	0.0769	3	0	0	
PILOT-2016005844__F__gpt4o-mini__rep0.json	PILOT-2016005844	F	0	0.0826	0.1265	0.1784	0.1477	4	0	0	
PILOT-2016005844__F__gpt4o-mini__rep1.json	PILOT-2016005844	F	1	None	None	None	None	0	4	0	no_aligned_claims
PILOT-2016005844__F__gpt4o-mini__rep2.json	PILOT-2016005844	F	2	0.0626	0.1265	0.1193	0.1128	4	0	0	
PILOT-2016005844__F__gpt5.4__rep0.json	PILOT-2016005844	F	0	0.0211	0.058	0.0312	0.0406	4	0	0	
PILOT-2016005844__F__gpt5.4__rep1.json	PILOT-2016005844	F	1	0.0104	0.0208	0.0192	0.02	4	0	0	
PILOT-2016005844__F__gpt5.4__rep2.json	PILOT-2016005844	F	2	0.0228	0.067	0.0323	0.0436	4	0	0	
PILOT-2016005844__F__haiku4.5__rep0.json	PILOT-2016005844	F	0	0.0114	0.0387	0.0156	0.0222	4	0	0	
PILOT-2016005844__F__haiku4.5__rep1.json	PILOT-2016005844	F	1	0.0167	0.0387	0.0278	0.0323	4	0	0	
PILOT-2016005844__F__haiku4.5__rep2.json	PILOT-2016005844	F	2	0.0071	0.0193	0.0109	0.0139	4	0	0	
PILOT-2016005844__F__sonnet4__rep0.json	PILOT-2016005844	F	0	0.0	0.0	0.0	0.0	4	0	0	
PILOT-2016005844__F__sonnet4__rep1.json	PILOT-2016005844	F	1	0.0	0.0	0.0	0.0	4	0	0	
PILOT-2016005844__F__sonnet4__rep2.json	PILOT-2016005844	F	2	0.0	0.0	0.0	0.0	4	0	0	
PILOT-2016005844__G__gpt4o-mini__rep0.json	PILOT-2016005844	G	0	0.12	0.186	0.2259	0.2035	4	0	0	
PILOT-2016005844__G__gpt4o-mini__rep1.json	PILOT-2016005844	G	1	0.0	0.0	0.0	0.0	4	0	0	
PILOT-2016005844__G__gpt4o-mini__rep2.json	PILOT-2016005844	G	2	0.131	0.1935	0.325	0.2316	4	0	0	
PILOT-2016005844__G__gpt5.4__rep0.json	PILOT-2016005844	G	0	0.0	0.0	0.0	0.0	4	0	0	
PILOT-2016005844__G__gpt5.4__rep1.json	PILOT-2016005844	G	1	0.0	0.0	0.0	0.0	4	0	0	
PILOT-2016005844__G__gpt5.4__rep2.json	PILOT-2016005844	G	2	0.0	0.0	0.0	0.0	4	0	0	
PILOT-2016005844__G__haiku4.5__rep0.json	PILOT-2016005844	G	0	0.0228	0.0595	0.0344	0.0435	4	0	0	
PILOT-2016005844__G__haiku4.5__rep1.json	PILOT-2016005844	G	1	0.0228	0.0595	0.0344	0.0435	4	0	0	
PILOT-2016005844__G__haiku4.5__rep2.json	PILOT-2016005844	G	2	0.0183	0.0506	0.0268	0.0349	4	0	0	
PILOT-2016005844__G__sonnet4__rep0.json	PILOT-2016005844	G	0	0.0	0.0	0.0	0.0	4	0	0	
PILOT-2016005844__G__sonnet4__rep1.json	PILOT-2016005844	G	1	0.0	0.0	0.0	0.0	4	0	0	
PILOT-2016005844__G__sonnet4__rep2.json	PILOT-2016005844	G	2	0.0	0.0	0.0	0.0	4	0	0	
PILOT-2016006702__F__gpt4o-mini__rep0.json	PILOT-2016006702	F	0	None	None	None	None	0	30	0	no_aligned_claims
PILOT-2016006702__F__gpt4o-mini__rep1.json	PILOT-2016006702	F	1	0.0127	0.0181	0.0524	0.0236	7	23	0	
PILOT-2016006702__F__gpt4o-mini__rep2.json	PILOT-2016006702	F	2	0.0154	0.0213	0.0571	0.0289	7	23	0	
PILOT-2016006702__F__gpt5.4__rep0.json	PILOT-2016006702	F	0	0.0008	0.0009	0.0091	0.0017	30	0	0	
PILOT-2016006702__F__gpt5.4__rep1.json	PILOT-2016006702	F	1	0.002	0.0023	0.01	0.0037	28	2	0	
PILOT-2016006702__F__gpt5.4__rep2.json	PILOT-2016006702	F	2	0.0032	0.0038	0.0205	0.0061	30	0	0	
PILOT-2016006702__F__haiku4.5__rep0.json	PILOT-2016006702	F	0	0.0065	0.0085	0.0225	0.0123	30	0	0	
PILOT-2016006702__F__haiku4.5__rep1.json	PILOT-2016006702	F	1	0.0287	0.0394	0.0834	0.0534	10	20	0	
PILOT-2016006702__F__haiku4.5__rep2.json	PILOT-2016006702	F	2	0.0111	0.0152	0.0354	0.0211	10	20	0	
PILOT-2016006702__F__sonnet4__rep0.json	PILOT-2016006702	F	0	0.0009	0.0009	0.0111	0.0017	30	0	0	
PILOT-2016006702__F__sonnet4__rep1.json	PILOT-2016006702	F	1	0.0031	0.0035	0.0232	0.006	30	0	0	
PILOT-2016006702__F__sonnet4__rep2.json	PILOT-2016006702	F	2	0.0031	0.0035	0.0232	0.006	30	0	0	
PILOT-2016006702__G__gpt4o-mini__rep0.json	PILOT-2016006702	G	0	0.0018	0.0022	0.0091	0.0035	30	0	0	
PILOT-2016006702__G__gpt4o-mini__rep1.json	PILOT-2016006702	G	1	0.0103	0.0135	0.0413	0.0194	30	0	0	
PILOT-2016006702__G__gpt4o-mini__rep2.json	PILOT-2016006702	G	2	0.0	0.0	0.0	0.0	7	23	0	
PILOT-2016006702__G__gpt5.4__rep0.json	PILOT-2016006702	G	0	0.0014	0.0015	0.0111	0.0027	30	0	0	
PILOT-2016006702__G__gpt5.4__rep1.json	PILOT-2016006702	G	1	0.0039	0.0054	0.0199	0.0072	30	0	0	
PILOT-2016006702__G__gpt5.4__rep2.json	PILOT-2016006702	G	2	0.0011	0.0012	0.0121	0.0022	30	0	0	
PILOT-2016006702__G__haiku4.5__rep0.json	PILOT-2016006702	G	0	0.0	0.0	0.0	0.0	30	0	0	
PILOT-2016006702__G__haiku4.5__rep1.json	PILOT-2016006702	G	1	0.0111	0.016	0.032	0.0209	30	0	0	
PILOT-2016006702__G__haiku4.5__rep2.json	PILOT-2016006702	G	2	0.009	0.013	0.0254	0.0169	30	0	0	
PILOT-2016006702__G__sonnet4__rep0.json	PILOT-2016006702	G	0	0.0008	0.0009	0.0063	0.0016	30	0	0	
PILOT-2016006702__G__sonnet4__rep1.json	PILOT-2016006702	G	1	0.011	0.0141	0.0394	0.02	30	0	0	
PILOT-2016006702__G__sonnet4__rep2.json	PILOT-2016006702	G	2	0.0106	0.0134	0.0428	0.0199	30	0	0	
PILOT-2016007603__F__gpt4o-mini__rep0.json	PILOT-2016007603	F	0	0.0147	0.0227	0.0357	0.0278	4	1	0	
PILOT-2016007603__F__gpt4o-mini__rep1.json	PILOT-2016007603	F	1	0.0139	0.0227	0.0312	0.0263	4	1	0	
PILOT-2016007603__F__gpt4o-mini__rep2.json	PILOT-2016007603	F	2	0.0139	0.0227	0.0312	0.0263	4	1	0	
PILOT-2016007603__F__gpt5.4__rep0.json	PILOT-2016007603	F	0	0.0	0.0	0.0	0.0	5	0	0	
PILOT-2016007603__F__gpt5.4__rep1.json	PILOT-2016007603	F	1	0.0	0.0	0.0	0.0	5	0	0	
PILOT-2016007603__F__gpt5.4__rep2.json	PILOT-2016007603	F	2	0.0111	0.0182	0.025	0.0211	5	0	0	
PILOT-2016007603__F__haiku4.5__rep0.json	PILOT-2016007603	F	0	None	None	None	None	0	5	0	no_aligned_claims
PILOT-2016007603__F__haiku4.5__rep1.json	PILOT-2016007603	F	1	None	None	None	None	0	5	0	no_aligned_claims
PILOT-2016007603__F__haiku4.5__rep2.json	PILOT-2016007603	F	2	None	None	None	None	0	5	0	no_aligned_claims
PILOT-2016007603__F__sonnet4__rep0.json	PILOT-2016007603	F	0	0.008	0.0182	0.0133	0.0154	5	0	0	
PILOT-2016007603__F__sonnet4__rep1.json	PILOT-2016007603	F	1	0.008	0.0182	0.0133	0.0154	5	0	0	
PILOT-2016007603__F__sonnet4__rep2.json	PILOT-2016007603	F	2	0.008	0.0182	0.0133	0.0154	5	0	0	
PILOT-2016007603__G__gpt4o-mini__rep0.json	PILOT-2016007603	G	0	0.0	0.0	0.0	0.0	5	0	0	
PILOT-2016007603__G__gpt4o-mini__rep1.json	PILOT-2016007603	G	1	0.0111	0.0182	0.025	0.0211	5	0	0	
PILOT-2016007603__G__gpt4o-mini__rep2.json	PILOT-2016007603	G	2	0.0111	0.0182	0.025	0.0211	5	0	0	
PILOT-2016007603__G__gpt5.4__rep0.json	PILOT-2016007603	G	0	0.0	0.0	0.0	0.0	5	0	0	
PILOT-2016007603__G__gpt5.4__rep1.json	PILOT-2016007603	G	1	0.0	0.0	0.0	0.0	5	0	0	
PILOT-2016007603__G__gpt5.4__rep2.json	PILOT-2016007603	G	2	0.0	0.0	0.0	0.0	5	0	0	
PILOT-2016007603__G__haiku4.5__rep0.json	PILOT-2016007603	G	0	0.0043	0.0182	0.0054	0.0083	5	0	0	
PILOT-2016007603__G__haiku4.5__rep1.json	PILOT-2016007603	G	1	0.0051	0.0227	0.0064	0.01	4	1	0	
PILOT-2016007603__G__haiku4.5__rep2.json	PILOT-2016007603	G	2	0.0047	0.0227	0.0058	0.0092	4	1	0	
PILOT-2016007603__G__sonnet4__rep0.json	PILOT-2016007603	G	0	0.008	0.0182	0.0133	0.0154	5	0	0	
PILOT-2016007603__G__sonnet4__rep1.json	PILOT-2016007603	G	1	0.0111	0.0182	0.025	0.0211	5	0	0	
PILOT-2016007603__G__sonnet4__rep2.json	PILOT-2016007603	G	2	0.008	0.0182	0.0133	0.0154	5	0	0	
PILOT-2016007888__F__gpt4o-mini__rep0.json	PILOT-2016007888	F	0	0.129	0.1834	0.2335	0.1995	6	0	0	
PILOT-2016007888__F__gpt4o-mini__rep1.json	PILOT-2016007888	F	1	None	None	None	None	0	6	0	no_aligned_claims
PILOT-2016007888__F__gpt4o-mini__rep2.json	PILOT-2016007888	F	2	0.0325	0.061	0.0773	0.06	5	1	0	
PILOT-2016007888__F__gpt5.4__rep0.json	PILOT-2016007888	F	0	0.0035	0.0049	0.0119	0.007	6	0	0	
PILOT-2016007888__F__gpt5.4__rep1.json	PILOT-2016007888	F	1	0.0	0.0	0.0	0.0	5	1	0	
PILOT-2016007888__F__gpt5.4__rep2.json	PILOT-2016007888	F	2	0.0019	0.0024	0.0072	0.0037	6	0	0	
PILOT-2016007888__F__haiku4.5__rep0.json	PILOT-2016007888	F	0	0.0033	0.0049	0.0093	0.0064	6	0	0	
PILOT-2016007888__F__haiku4.5__rep1.json	PILOT-2016007888	F	1	0.0051	0.0073	0.0151	0.0099	6	0	0	
PILOT-2016007888__F__haiku4.5__rep2.json	PILOT-2016007888	F	2	0.0	0.0	0.0	0.0	6	0	0	
PILOT-2016007888__F__sonnet4__rep0.json	PILOT-2016007888	F	0	0.0019	0.0024	0.0079	0.0037	6	0	0	
PILOT-2016007888__F__sonnet4__rep1.json	PILOT-2016007888	F	1	0.0018	0.0024	0.0062	0.0035	6	0	0	
PILOT-2016007888__F__sonnet4__rep2.json	PILOT-2016007888	F	2	0.0019	0.0024	0.0079	0.0037	6	0	0	
PILOT-2016007888__G__gpt4o-mini__rep0.json	PILOT-2016007888	G	0	0.0085	0.0111	0.0312	0.0164	4	2	0	
PILOT-2016007888__G__gpt4o-mini__rep1.json	PILOT-2016007888	G	1	0.0086	0.0098	0.0476	0.0163	6	0	0	
PILOT-2016007888__G__gpt4o-mini__rep2.json	PILOT-2016007888	G	2	0.0	0.0	0.0	0.0	5	1	0	
PILOT-2016007888__G__gpt5.4__rep0.json	PILOT-2016007888	G	0	0.0	0.0	0.0	0.0	6	0	0	
PILOT-2016007888__G__gpt5.4__rep1.json	PILOT-2016007888	G	1	0.0	0.0	0.0	0.0	3	3	0	
PILOT-2016007888__G__gpt5.4__rep2.json	PILOT-2016007888	G	2	0.0021	0.0024	0.0119	0.0041	6	0	0	
PILOT-2016007888__G__haiku4.5__rep0.json	PILOT-2016007888	G	0	0.022	0.0319	0.0573	0.0406	6	0	0	
PILOT-2016007888__G__haiku4.5__rep1.json	PILOT-2016007888	G	1	0.0062	0.0098	0.0155	0.012	6	0	0	
PILOT-2016007888__G__haiku4.5__rep2.json	PILOT-2016007888	G	2	0.0459	0.0736	0.098	0.084	2	4	0	
PILOT-2016007888__G__sonnet4__rep0.json	PILOT-2016007888	G	0	0.0018	0.0024	0.0067	0.0036	6	0	0	
PILOT-2016007888__G__sonnet4__rep1.json	PILOT-2016007888	G	1	0.0033	0.0049	0.0098	0.0065	6	0	0	
PILOT-2016007888__G__sonnet4__rep2.json	PILOT-2016007888	G	2	0.0019	0.0024	0.0072	0.0037	6	0	0	
PILOT-2017000071__F__gpt4o-mini__rep0.json	PILOT-2017000071	F	0	None							no_baseline
PILOT-2017000071__F__gpt4o-mini__rep1.json	PILOT-2017000071	F	1	None							no_baseline
PILOT-2017000071__F__gpt4o-mini__rep2.json	PILOT-2017000071	F	2	None							no_baseline
PILOT-2017000071__F__gpt5.4__rep0.json	PILOT-2017000071	F	0	None							no_baseline
PILOT-2017000071__F__gpt5.4__rep1.json	PILOT-2017000071	F	1	None							no_baseline
PILOT-2017000071__F__gpt5.4__rep2.json	PILOT-2017000071	F	2	None							no_baseline
PILOT-2017000071__F__haiku4.5__rep0.json	PILOT-2017000071	F	0	None							no_baseline
PILOT-2017000071__F__haiku4.5__rep1.json	PILOT-2017000071	F	1	None							no_baseline
PILOT-2017000071__F__haiku4.5__rep2.json	PILOT-2017000071	F	2	None							no_baseline
PILOT-2017000071__F__sonnet4__rep0.json	PILOT-2017000071	F	0	None							no_baseline
PILOT-2017000071__F__sonnet4__rep1.json	PILOT-2017000071	F	1	None							no_baseline
PILOT-2017000071__F__sonnet4__rep2.json	PILOT-2017000071	F	2	None							no_baseline
PILOT-2017000071__G__gpt4o-mini__rep0.json	PILOT-2017000071	G	0	None							no_baseline
PILOT-2017000071__G__gpt4o-mini__rep1.json	PILOT-2017000071	G	1	None							no_baseline
PILOT-2017000071__G__gpt4o-mini__rep2.json	PILOT-2017000071	G	2	None							no_baseline
PILOT-2017000071__G__gpt5.4__rep0.json	PILOT-2017000071	G	0	None							no_baseline
PILOT-2017000071__G__gpt5.4__rep1.json	PILOT-2017000071	G	1	None							no_baseline
PILOT-2017000071__G__gpt5.4__rep2.json	PILOT-2017000071	G	2	None							no_baseline
PILOT-2017000071__G__haiku4.5__rep0.json	PILOT-2017000071	G	0	None							no_baseline
PILOT-2017000071__G__haiku4.5__rep1.json	PILOT-2017000071	G	1	None							no_baseline
PILOT-2017000071__G__haiku4.5__rep2.json	PILOT-2017000071	G	2	None							no_baseline
PILOT-2017000071__G__sonnet4__rep0.json	PILOT-2017000071	G	0	None							no_baseline
PILOT-2017000071__G__sonnet4__rep1.json	PILOT-2017000071	G	1	None							no_baseline
PILOT-2017000071__G__sonnet4__rep2.json	PILOT-2017000071	G	2	None							no_baseline
PILOT-2017000093__F__gpt4o-mini__rep0.json	PILOT-2017000093	F	0	None	None	None	None	0	17	0	no_aligned_claims
PILOT-2017000093__F__gpt4o-mini__rep1.json	PILOT-2017000093	F	1	None	None	None	None	0	17	0	no_aligned_claims
PILOT-2017000093__F__gpt4o-mini__rep2.json	PILOT-2017000093	F	2	None	None	None	None	0	17	0	no_aligned_claims
PILOT-2017000093__F__gpt5.4__rep0.json	PILOT-2017000093	F	0	0.0029	0.0034	0.0176	0.0056	17	0	0	
PILOT-2017000093__F__gpt5.4__rep1.json	PILOT-2017000093	F	1	0.0029	0.0034	0.0176	0.0056	17	0	0	
PILOT-2017000093__F__gpt5.4__rep2.json	PILOT-2017000093	F	2	0.0091	0.0202	0.0261	0.0168	17	0	0	
PILOT-2017000093__F__haiku4.5__rep0.json	PILOT-2017000093	F	0	0.0104	0.0141	0.0366	0.0198	17	0	0	
PILOT-2017000093__F__haiku4.5__rep1.json	PILOT-2017000093	F	1	0.0038	0.0047	0.0211	0.0075	17	0	0	
PILOT-2017000093__F__haiku4.5__rep2.json	PILOT-2017000093	F	2	0.0073	0.0104	0.0221	0.0141	17	0	0	
PILOT-2017000093__F__sonnet4__rep0.json	PILOT-2017000093	F	0	0.022	0.0262	0.0769	0.0389	17	0	0	
PILOT-2017000093__F__sonnet4__rep1.json	PILOT-2017000093	F	1	0.0222	0.0262	0.0824	0.0393	17	0	0	
PILOT-2017000093__F__sonnet4__rep2.json	PILOT-2017000093	F	2	0.0055	0.007	0.023	0.0107	17	0	0	
PILOT-2017000093__G__gpt4o-mini__rep0.json	PILOT-2017000093	G	0	0.0575	0.0822	0.1482	0.1055	3	14	0	
PILOT-2017000093__G__gpt4o-mini__rep1.json	PILOT-2017000093	G	1	0.0295	0.0343	0.1842	0.0564	6	11	0	
PILOT-2017000093__G__gpt4o-mini__rep2.json	PILOT-2017000093	G	2	0.0592	0.0688	0.2863	0.1087	6	11	0	
PILOT-2017000093__G__gpt5.4__rep0.json	PILOT-2017000093	G	0	0.0013	0.0023	0.0031	0.0026	17	0	0	
PILOT-2017000093__G__gpt5.4__rep1.json	PILOT-2017000093	G	1	0.0	0.0	0.0	0.0	17	0	0	
PILOT-2017000093__G__gpt5.4__rep2.json	PILOT-2017000093	G	2	0.0024	0.0034	0.0078	0.0047	17	0	0	
PILOT-2017000093__G__haiku4.5__rep0.json	PILOT-2017000093	G	0	0.0048	0.007	0.0153	0.0094	17	0	0	
PILOT-2017000093__G__haiku4.5__rep1.json	PILOT-2017000093	G	1	0.0052	0.007	0.0186	0.0101	17	0	0	
PILOT-2017000093__G__haiku4.5__rep2.json	PILOT-2017000093	G	2	0.3098	0.4258	0.3242	0.3616	17	0	0	
PILOT-2017000093__G__sonnet4__rep0.json	PILOT-2017000093	G	0	0.0103	0.013	0.0433	0.0199	17	0	0	
PILOT-2017000093__G__sonnet4__rep1.json	PILOT-2017000093	G	1	0.0104	0.013	0.0452	0.0201	17	0	0	
PILOT-2017000093__G__sonnet4__rep2.json	PILOT-2017000093	G	2	0.0246	0.0346	0.0919	0.0449	17	0	0	
PILOT-2017001422__F__gpt4o-mini__rep0.json	PILOT-2017001422	F	0	0.0173	0.5	0.0173	0.0333	2	0	0	
PILOT-2017001422__F__gpt4o-mini__rep1.json	PILOT-2017001422	F	1	0.0	0.0	0.0	0.0	2	0	0	
PILOT-2017001422__F__gpt4o-mini__rep2.json	PILOT-2017001422	F	2	0.0	0.0	0.0	0.0	2	0	0	
PILOT-2017001422__F__gpt5.4__rep0.json	PILOT-2017001422	F	0	0.0	0.0	0.0	0.0	2	0	0	
PILOT-2017001422__F__gpt5.4__rep1.json	PILOT-2017001422	F	1	0.0	0.0	0.0	0.0	2	0	0	
PILOT-2017001422__F__gpt5.4__rep2.json	PILOT-2017001422	F	2	0.0	0.0	0.0	0.0	2	0	0	
PILOT-2017001422__F__haiku4.5__rep0.json	PILOT-2017001422	F	0	0.0	0.0	0.0	0.0	2	0	0	
PILOT-2017001422__F__haiku4.5__rep1.json	PILOT-2017001422	F	1	0.0333	0.5	0.0333	0.0625	2	0	0	
PILOT-2017001422__F__haiku4.5__rep2.json	PILOT-2017001422	F	2	0.0227	0.5	0.0227	0.0435	2	0	0	
PILOT-2017001422__F__sonnet4__rep0.json	PILOT-2017001422	F	0	0.0	0.0	0.0	0.0	2	0	0	
PILOT-2017001422__F__sonnet4__rep1.json	PILOT-2017001422	F	1	0.0	0.0	0.0	0.0	2	0	0	
PILOT-2017001422__F__sonnet4__rep2.json	PILOT-2017001422	F	2	0.0	0.0	0.0	0.0	2	0	0	
PILOT-2017001422__G__gpt4o-mini__rep0.json	PILOT-2017001422	G	0	0.0	0.0	0.0	0.0	2	0	0	
PILOT-2017001422__G__gpt4o-mini__rep1.json	PILOT-2017001422	G	1	0.0	0.0	0.0	0.0	2	0	0	
PILOT-2017001422__G__gpt4o-mini__rep2.json	PILOT-2017001422	G	2	0.0	0.0	0.0	0.0	2	0	0	
PILOT-2017001422__G__gpt5.4__rep0.json	PILOT-2017001422	G	0	0.0	0.0	0.0	0.0	2	0	0	
PILOT-2017001422__G__gpt5.4__rep1.json	PILOT-2017001422	G	1	0.0	0.0	0.0	0.0	2	0	0	
PILOT-2017001422__G__gpt5.4__rep2.json	PILOT-2017001422	G	2	0.0	0.0	0.0	0.0	2	0	0	
PILOT-2017001422__G__haiku4.5__rep0.json	PILOT-2017001422	G	0	0.0333	0.5	0.0333	0.0625	2	0	0	
PILOT-2017001422__G__haiku4.5__rep1.json	PILOT-2017001422	G	1	0.0	0.0	0.0	0.0	2	0	0	
PILOT-2017001422__G__haiku4.5__rep2.json	PILOT-2017001422	G	2	0.0	0.0	0.0	0.0	2	0	0	
PILOT-2017001422__G__sonnet4__rep0.json	PILOT-2017001422	G	0	0.0	0.0	0.0	0.0	2	0	0	
PILOT-2017001422__G__sonnet4__rep1.json	PILOT-2017001422	G	1	0.0	0.0	0.0	0.0	2	0	0	
PILOT-2017001422__G__sonnet4__rep2.json	PILOT-2017001422	G	2	0.0	0.0	0.0	0.0	2	0	0	
PILOT-2017002001__F__gpt4o-mini__rep0.json	PILOT-2017002001	F	0	None	None	None	None	0	19	0	no_aligned_claims
PILOT-2017002001__F__gpt4o-mini__rep1.json	PILOT-2017002001	F	1	None	None	None	None	0	19	0	no_aligned_claims
PILOT-2017002001__F__gpt4o-mini__rep2.json	PILOT-2017002001	F	2	0.136	0.4166	0.1667	0.2381	2	17	0	
PILOT-2017002001__F__gpt5.4__rep0.json	PILOT-2017002001	F	0	0.0172	0.0324	0.0278	0.0298	18	1	0	
PILOT-2017002001__F__gpt5.4__rep1.json	PILOT-2017002001	F	1	0.0206	0.0389	0.0333	0.0357	15	4	0	
PILOT-2017002001__F__gpt5.4__rep2.json	PILOT-2017002001	F	2	0.0357	0.0671	0.0509	0.0575	18	1	0	
PILOT-2017002001__F__haiku4.5__rep0.json	PILOT-2017002001	F	0	0.0189	0.0893	0.0208	0.0333	14	5	0	
PILOT-2017002001__F__haiku4.5__rep1.json	PILOT-2017002001	F	1	0.046	0.0881	0.0804	0.0793	18	1	0	
PILOT-2017002001__F__haiku4.5__rep2.json	PILOT-2017002001	F	2	0.0404	0.0871	0.0564	0.0674	19	0	0	
PILOT-2017002001__F__sonnet4__rep0.json	PILOT-2017002001	F	0	0.0163	0.0307	0.0263	0.0282	19	0	0	
PILOT-2017002001__F__sonnet4__rep1.json	PILOT-2017002001	F	1	0.0163	0.0307	0.0263	0.0282	19	0	0	
PILOT-2017002001__F__sonnet4__rep2.json	PILOT-2017002001	F	2	0.0163	0.0307	0.0263	0.0282	19	0	0	
PILOT-2017002001__G__gpt4o-mini__rep0.json	PILOT-2017002001	G	0	None	None	None	None	0	19	0	no_aligned_claims
PILOT-2017002001__G__gpt4o-mini__rep1.json	PILOT-2017002001	G	1	None	None	None	None	0	19	0	no_aligned_claims
PILOT-2017002001__G__gpt4o-mini__rep2.json	PILOT-2017002001	G	2	0.1088	0.2916	0.1483	0.1961	2	17	0	
PILOT-2017002001__G__gpt5.4__rep0.json	PILOT-2017002001	G	0	0.0172	0.0324	0.0278	0.0298	18	1	0	
PILOT-2017002001__G__gpt5.4__rep1.json	PILOT-2017002001	G	1	0.0172	0.0324	0.0278	0.0298	18	1	0	
PILOT-2017002001__G__gpt5.4__rep2.json	PILOT-2017002001	G	2	0.0163	0.0307	0.0263	0.0282	19	0	0	
PILOT-2017002001__G__haiku4.5__rep0.json	PILOT-2017002001	G	0	0.0081	0.0307	0.01	0.0151	19	0	0	
PILOT-2017002001__G__haiku4.5__rep1.json	PILOT-2017002001	G	1	0.0618	0.1078	0.1131	0.1085	14	5	0	
PILOT-2017002001__G__haiku4.5__rep2.json	PILOT-2017002001	G	2	0.0454	0.0764	0.0867	0.0793	18	1	0	
PILOT-2017002001__G__sonnet4__rep0.json	PILOT-2017002001	G	0	0.0163	0.0307	0.0263	0.0282	19	0	0	
PILOT-2017002001__G__sonnet4__rep1.json	PILOT-2017002001	G	1	0.0163	0.0307	0.0263	0.0282	19	0	0	
PILOT-2017002001__G__sonnet4__rep2.json	PILOT-2017002001	G	2	0.0287	0.0498	0.0474	0.0482	19	0	0	
PILOT-2017002029__F__gpt4o-mini__rep0.json	PILOT-2017002029	F	0	0.0125	0.0833	0.0139	0.0238	4	19	0	
PILOT-2017002029__F__gpt4o-mini__rep1.json	PILOT-2017002029	F	1	0.0102	0.0725	0.0104	0.018	23	0	0	
PILOT-2017002029__F__gpt4o-mini__rep2.json	PILOT-2017002029	F	2	0.0	0.0	0.0	0.0	5	18	0	
PILOT-2017002029__F__gpt5.4__rep0.json	PILOT-2017002029	F	0	0.0	0.0	0.0	0.0	23	0	0	
PILOT-2017002029__F__gpt5.4__rep1.json	PILOT-2017002029	F	1	0.0	0.0	0.0	0.0	23	0	0	
PILOT-2017002029__F__gpt5.4__rep2.json	PILOT-2017002029	F	2	0.0	0.0	0.0	0.0	23	0	0	
PILOT-2017002029__F__haiku4.5__rep0.json	PILOT-2017002029	F	0	0.0024	0.0145	0.0027	0.0046	23	0	0	
PILOT-2017002029__F__haiku4.5__rep1.json	PILOT-2017002029	F	1	0.0014	0.0145	0.0016	0.0028	23	0	0	
PILOT-2017002029__F__haiku4.5__rep2.json	PILOT-2017002029	F	2	0.0	0.0	0.0	0.0	23	0	0	
PILOT-2017002029__F__sonnet4__rep0.json	PILOT-2017002029	F	0	0.0	0.0	0.0	0.0	23	0	0	
PILOT-2017002029__F__sonnet4__rep1.json	PILOT-2017002029	F	1	0.0	0.0	0.0	0.0	23	0	0	
PILOT-2017002029__F__sonnet4__rep2.json	PILOT-2017002029	F	2	0.0	0.0	0.0	0.0	23	0	0	
PILOT-2017002029__G__gpt4o-mini__rep0.json	PILOT-2017002029	G	0	0.0	0.0	0.0	0.0	23	0	0	
PILOT-2017002029__G__gpt4o-mini__rep1.json	PILOT-2017002029	G	1	0.0479	0.2333	0.05	0.0822	10	13	0	
PILOT-2017002029__G__gpt4o-mini__rep2.json	PILOT-2017002029	G	2	0.0	0.0	0.0	0.0	4	19	0	
PILOT-2017002029__G__gpt5.4__rep0.json	PILOT-2017002029	G	0	0.0062	0.0435	0.0062	0.0109	23	0	0	
PILOT-2017002029__G__gpt5.4__rep1.json	PILOT-2017002029	G	1	0.0	0.0	0.0	0.0	23	0	0	
PILOT-2017002029__G__gpt5.4__rep2.json	PILOT-2017002029	G	2	0.0	0.0	0.0	0.0	21	2	0	
PILOT-2017002029__G__haiku4.5__rep0.json	PILOT-2017002029	G	0	0.0017	0.0145	0.0018	0.0032	23	0	0	
PILOT-2017002029__G__haiku4.5__rep1.json	PILOT-2017002029	G	1	0.0	0.0	0.0	0.0	23	0	0	
PILOT-2017002029__G__haiku4.5__rep2.json	PILOT-2017002029	G	2	0.0	0.0	0.0	0.0	23	0	0	
PILOT-2017002029__G__sonnet4__rep0.json	PILOT-2017002029	G	0	0.0	0.0	0.0	0.0	23	0	0	
PILOT-2017002029__G__sonnet4__rep1.json	PILOT-2017002029	G	1	0.0	0.0	0.0	0.0	23	0	0	
PILOT-2017002029__G__sonnet4__rep2.json	PILOT-2017002029	G	2	0.0	0.0	0.0	0.0	23	0	0	
PILOT-2017003676__F__gpt4o-mini__rep0.json	PILOT-2017003676	F	0	0.0	0.0	0.0	0.0	5	14	0	
PILOT-2017003676__F__gpt4o-mini__rep1.json	PILOT-2017003676	F	1	0.0125	0.0312	0.0179	0.0227	8	11	0	
PILOT-2017003676__F__gpt4o-mini__rep2.json	PILOT-2017003676	F	2	0.0194	0.048	0.0294	0.0356	9	10	0	
PILOT-2017003676__F__gpt5.4__rep0.json	PILOT-2017003676	F	0	0.0172	0.0245	0.0421	0.0307	19	0	0	
PILOT-2017003676__F__gpt5.4__rep1.json	PILOT-2017003676	F	1	0.0093	0.0149	0.0197	0.0168	19	0	0	
PILOT-2017003676__F__gpt5.4__rep2.json	PILOT-2017003676	F	2	0.0298	0.0485	0.0632	0.0536	11	8	0	
PILOT-2017003676__F__haiku4.5__rep0.json	PILOT-2017003676	F	0	0.0161	0.0303	0.0307	0.0298	19	0	0	
PILOT-2017003676__F__haiku4.5__rep1.json	PILOT-2017003676	F	1	0.0131	0.0245	0.0254	0.024	19	0	0	
PILOT-2017003676__F__haiku4.5__rep2.json	PILOT-2017003676	F	2	0.0453	0.0881	0.0844	0.0785	19	0	0	
PILOT-2017003676__F__sonnet4__rep0.json	PILOT-2017003676	F	0	0.0159	0.0281	0.0346	0.0286	19	0	0	
PILOT-2017003676__F__sonnet4__rep1.json	PILOT-2017003676	F	1	0.0214	0.0376	0.0459	0.0385	19	0	0	
PILOT-2017003676__F__sonnet4__rep2.json	PILOT-2017003676	F	2	0.0205	0.0491	0.0381	0.037	19	0	0	
PILOT-2017003676__G__gpt4o-mini__rep0.json	PILOT-2017003676	G	0	0.0306	0.0626	0.0545	0.0561	8	11	0	
PILOT-2017003676__G__gpt4o-mini__rep1.json	PILOT-2017003676	G	1	0.0076	0.0115	0.0196	0.0145	6	13	0	
PILOT-2017003676__G__gpt4o-mini__rep2.json	PILOT-2017003676	G	2	0.0494	0.097	0.0982	0.0899	4	15	0	
PILOT-2017003676__G__gpt5.4__rep0.json	PILOT-2017003676	G	0	0.0142	0.0253	0.0274	0.0251	18	1	0	
PILOT-2017003676__G__gpt5.4__rep1.json	PILOT-2017003676	G	1	0.0088	0.0149	0.0172	0.016	19	0	0	
PILOT-2017003676__G__gpt5.4__rep2.json	PILOT-2017003676	G	2	0.0388	0.0585	0.0824	0.0678	14	5	0	
PILOT-2017003676__G__haiku4.5__rep0.json	PILOT-2017003676	G	0	0.0117	0.0208	0.0224	0.0215	19	0	0	
PILOT-2017003676__G__haiku4.5__rep1.json	PILOT-2017003676	G	1	0.0135	0.0245	0.0254	0.0246	19	0	0	
PILOT-2017003676__G__haiku4.5__rep2.json	PILOT-2017003676	G	2	0.0265	0.0581	0.04	0.0469	19	0	0	
PILOT-2017003676__G__sonnet4__rep0.json	PILOT-2017003676	G	0	0.0098	0.0149	0.0249	0.0177	19	0	0	
PILOT-2017003676__G__sonnet4__rep1.json	PILOT-2017003676	G	1	0.0099	0.0149	0.0218	0.0176	19	0	0	
PILOT-2017003676__G__sonnet4__rep2.json	PILOT-2017003676	G	2	0.01	0.0149	0.0221	0.0178	19	0	0	
PILOT-2017004144__F__gpt4o-mini__rep0.json	PILOT-2017004144	F	0	0.0072	0.0076	0.0974	0.0141	7	0	0	
PILOT-2017004144__F__gpt4o-mini__rep1.json	PILOT-2017004144	F	1	0.0197	0.0209	0.1571	0.0362	7	0	0	
PILOT-2017004144__F__gpt4o-mini__rep2.json	PILOT-2017004144	F	2	0.0024	0.0027	0.022	0.0048	7	0	0	
PILOT-2017004144__F__gpt5.4__rep0.json	PILOT-2017004144	F	0	0.0	0.0	0.0	0.0	7	0	0	
PILOT-2017004144__F__gpt5.4__rep1.json	PILOT-2017004144	F	1	0.0	0.0	0.0	0.0	7	0	0	
PILOT-2017004144__F__gpt5.4__rep2.json	PILOT-2017004144	F	2	0.0	0.0	0.0	0.0	7	0	0	
PILOT-2017004144__F__haiku4.5__rep0.json	PILOT-2017004144	F	0	0.0	0.0	0.0	0.0	7	0	0	
PILOT-2017004144__F__haiku4.5__rep1.json	PILOT-2017004144	F	1	0.0	0.0	0.0	0.0	7	0	0	
PILOT-2017004144__F__haiku4.5__rep2.json	PILOT-2017004144	F	2	0.0	0.0	0.0	0.0	7	0	0	
PILOT-2017004144__F__sonnet4__rep0.json	PILOT-2017004144	F	0	0.0	0.0	0.0	0.0	7	0	0	
PILOT-2017004144__F__sonnet4__rep1.json	PILOT-2017004144	F	1	0.0068	0.0238	0.0089	0.013	7	0	0	
PILOT-2017004144__F__sonnet4__rep2.json	PILOT-2017004144	F	2	0.0068	0.0238	0.0089	0.013	7	0	0	
PILOT-2017004144__G__gpt4o-mini__rep0.json	PILOT-2017004144	G	0	0.0296	0.0696	0.1042	0.0543	6	1	0	
PILOT-2017004144__G__gpt4o-mini__rep1.json	PILOT-2017004144	G	1	0.024	0.0723	0.0569	0.0444	5	2	0	
PILOT-2017004144__G__gpt4o-mini__rep2.json	PILOT-2017004144	G	2	0.0	0.0	0.0	0.0	3	4	0	
PILOT-2017004144__G__gpt5.4__rep0.json	PILOT-2017004144	G	0	0.0042	0.0143	0.0057	0.0082	7	0	0	
PILOT-2017004144__G__gpt5.4__rep1.json	PILOT-2017004144	G	1	0.0	0.0	0.0	0.0	6	1	0	
PILOT-2017004144__G__gpt5.4__rep2.json	PILOT-2017004144	G	2	0.0	0.0	0.0	0.0	7	0	0	
PILOT-2017004144__G__haiku4.5__rep0.json	PILOT-2017004144	G	0	0.0	0.0	0.0	0.0	7	0	0	
PILOT-2017004144__G__haiku4.5__rep1.json	PILOT-2017004144	G	1	0.0	0.0	0.0	0.0	7	0	0	
PILOT-2017004144__G__haiku4.5__rep2.json	PILOT-2017004144	G	2	0.0	0.0	0.0	0.0	7	0	0	
PILOT-2017004144__G__sonnet4__rep0.json	PILOT-2017004144	G	0	0.0084	0.0286	0.011	0.0159	7	0	0	
PILOT-2017004144__G__sonnet4__rep1.json	PILOT-2017004144	G	1	0.0068	0.0238	0.0089	0.013	7	0	0	
PILOT-2017004144__G__sonnet4__rep2.json	PILOT-2017004144	G	2	0.0068	0.0238	0.0089	0.013	7	0	0	
PILOT-2017004286__F__gpt4o-mini__rep0.json	PILOT-2017004286	F	0	0.0866	0.1612	0.1991	0.1518	4	21	0	
PILOT-2017004286__F__gpt4o-mini__rep1.json	PILOT-2017004286	F	1	None	None	None	None	0	25	0	no_aligned_claims
PILOT-2017004286__F__gpt4o-mini__rep2.json	PILOT-2017004286	F	2	0.1011	0.2719	0.1561	0.1736	3	22	0	
PILOT-2017004286__F__gpt5.4__rep0.json	PILOT-2017004286	F	0	0.0211	0.0298	0.0533	0.0353	25	0	0	
PILOT-2017004286__F__gpt5.4__rep1.json	PILOT-2017004286	F	1	0.0201	0.0286	0.0584	0.0349	25	0	0	
PILOT-2017004286__F__gpt5.4__rep2.json	PILOT-2017004286	F	2	0.0084	0.01	0.0448	0.0156	25	0	0	
PILOT-2017004286__F__haiku4.5__rep0.json	PILOT-2017004286	F	0	0.0	0.0	0.0	0.0	25	0	0	
PILOT-2017004286__F__haiku4.5__rep1.json	PILOT-2017004286	F	1	0.002	0.0034	0.0067	0.004	25	0	0	
PILOT-2017004286__F__haiku4.5__rep2.json	PILOT-2017004286	F	2	0.0095	0.0202	0.0176	0.016	25	0	0	
PILOT-2017004286__F__sonnet4__rep0.json	PILOT-2017004286	F	0	0.0024	0.0027	0.018	0.0045	25	0	0	
PILOT-2017004286__F__sonnet4__rep1.json	PILOT-2017004286	F	1	0.0117	0.0147	0.0547	0.0218	25	0	0	
PILOT-2017004286__F__sonnet4__rep2.json	PILOT-2017004286	F	2	0.0099	0.0168	0.0333	0.0186	25	0	0	
PILOT-2017004286__G__gpt4o-mini__rep0.json	PILOT-2017004286	G	0	0.0557	0.0819	0.155	0.0981	4	21	0	
PILOT-2017004286__G__gpt4o-mini__rep1.json	PILOT-2017004286	G	1	0.079	0.1667	0.1378	0.134	6	19	0	
PILOT-2017004286__G__gpt4o-mini__rep2.json	PILOT-2017004286	G	2	0.0242	0.0301	0.1704	0.0468	3	22	0	
PILOT-2017004286__G__gpt5.4__rep0.json	PILOT-2017004286	G	0	0.0053	0.0061	0.0333	0.0099	25	0	0	
PILOT-2017004286__G__gpt5.4__rep1.json	PILOT-2017004286	G	1	0.0241	0.0331	0.0673	0.0419	25	0	0	
PILOT-2017004286__G__gpt5.4__rep2.json	PILOT-2017004286	G	2	0.0163	0.0209	0.0729	0.03	25	0	0	
PILOT-2017004286__G__haiku4.5__rep0.json	PILOT-2017004286	G	0	0.0182	0.0296	0.0371	0.031	19	6	0	
PILOT-2017004286__G__haiku4.5__rep1.json	PILOT-2017004286	G	1	0.0254	0.0519	0.0506	0.0443	20	5	0	
PILOT-2017004286__G__haiku4.5__rep2.json	PILOT-2017004286	G	2	0.0004	0.0006	0.0014	0.0009	25	0	0	
PILOT-2017004286__G__sonnet4__rep0.json	PILOT-2017004286	G	0	0.0032	0.004	0.0205	0.0062	25	0	0	
PILOT-2017004286__G__sonnet4__rep1.json	PILOT-2017004286	G	1	0.0124	0.0251	0.0271	0.0227	25	0	0	
PILOT-2017004286__G__sonnet4__rep2.json	PILOT-2017004286	G	2	0.0074	0.0095	0.0328	0.0138	25	0	0	
PILOT-2017005259__F__gpt4o-mini__rep0.json	PILOT-2017005259	F	0	0.0	0.0	0.0	0.0	4	8	0	
PILOT-2017005259__F__gpt4o-mini__rep1.json	PILOT-2017005259	F	1	0.0699	0.1242	0.1481	0.125	3	9	0	
PILOT-2017005259__F__gpt4o-mini__rep2.json	PILOT-2017005259	F	2	0.0	0.0	0.0	0.0	12	0	0	
PILOT-2017005259__F__gpt5.4__rep0.json	PILOT-2017005259	F	0	0.0	0.0	0.0	0.0	12	0	0	
PILOT-2017005259__F__gpt5.4__rep1.json	PILOT-2017005259	F	1	0.0	0.0	0.0	0.0	12	0	0	
PILOT-2017005259__F__gpt5.4__rep2.json	PILOT-2017005259	F	2	0.0	0.0	0.0	0.0	12	0	0	
PILOT-2017005259__F__haiku4.5__rep0.json	PILOT-2017005259	F	0	0.0	0.0	0.0	0.0	12	0	0	
PILOT-2017005259__F__haiku4.5__rep1.json	PILOT-2017005259	F	1	0.0	0.0	0.0	0.0	12	0	0	
PILOT-2017005259__F__haiku4.5__rep2.json	PILOT-2017005259	F	2	0.0	0.0	0.0	0.0	12	0	0	
PILOT-2017005259__F__sonnet4__rep0.json	PILOT-2017005259	F	0	0.0176	0.0223	0.0555	0.0318	12	0	0	
PILOT-2017005259__F__sonnet4__rep1.json	PILOT-2017005259	F	1	0.0	0.0	0.0	0.0	12	0	0	
PILOT-2017005259__F__sonnet4__rep2.json	PILOT-2017005259	F	2	0.0	0.0	0.0	0.0	12	0	0	
PILOT-2017005259__G__gpt4o-mini__rep0.json	PILOT-2017005259	G	0	0.0524	0.0932	0.1111	0.0938	4	8	0	
PILOT-2017005259__G__gpt4o-mini__rep1.json	PILOT-2017005259	G	1	0.0	0.0	0.0	0.0	8	4	0	
PILOT-2017005259__G__gpt4o-mini__rep2.json	PILOT-2017005259	G	2	0.0	0.0	0.0	0.0	8	4	0	
PILOT-2017005259__G__gpt5.4__rep0.json	PILOT-2017005259	G	0	0.0049	0.0072	0.0128	0.0093	12	0	0	
PILOT-2017005259__G__gpt5.4__rep1.json	PILOT-2017005259	G	1	0.0	0.0	0.0	0.0	12	0	0	
PILOT-2017005259__G__gpt5.4__rep2.json	PILOT-2017005259	G	2	0.0	0.0	0.0	0.0	12	0	0	
PILOT-2017005259__G__haiku4.5__rep0.json	PILOT-2017005259	G	0	0.0	0.0	0.0	0.0	12	0	0	
PILOT-2017005259__G__haiku4.5__rep1.json	PILOT-2017005259	G	1	0.0	0.0	0.0	0.0	12	0	0	
PILOT-2017005259__G__haiku4.5__rep2.json	PILOT-2017005259	G	2	0.0031	0.0039	0.0139	0.0061	8	4	0	
PILOT-2017005259__G__sonnet4__rep0.json	PILOT-2017005259	G	0	0.0	0.0	0.0	0.0	12	0	0	
PILOT-2017005259__G__sonnet4__rep1.json	PILOT-2017005259	G	1	0.0	0.0	0.0	0.0	12	0	0	
PILOT-2017005259__G__sonnet4__rep2.json	PILOT-2017005259	G	2	0.0	0.0	0.0	0.0	12	0	0	
PILOT-2017005493__F__gpt4o-mini__rep0.json	PILOT-2017005493	F	0	0.0408	0.1071	0.0451	0.0635	7	13	0	
PILOT-2017005493__F__gpt4o-mini__rep1.json	PILOT-2017005493	F	1	0.2006	0.343	0.3079	0.3055	7	13	0	
PILOT-2017005493__F__gpt4o-mini__rep2.json	PILOT-2017005493	F	2	0.01	0.0125	0.025	0.0167	20	0	0	
PILOT-2017005493__F__gpt5.4__rep0.json	PILOT-2017005493	F	0	0.0162	0.0235	0.0352	0.0262	20	0	0	
PILOT-2017005493__F__gpt5.4__rep1.json	PILOT-2017005493	F	1	0.0094	0.0167	0.0177	0.0171	20	0	0	
PILOT-2017005493__F__gpt5.4__rep2.json	PILOT-2017005493	F	2	0.0067	0.0083	0.02	0.0118	20	0	0	
PILOT-2017005493__F__haiku4.5__rep0.json	PILOT-2017005493	F	0	0.0181	0.0346	0.0313	0.0297	20	0	0	
PILOT-2017005493__F__haiku4.5__rep1.json	PILOT-2017005493	F	1	0.0426	0.0853	0.0775	0.0749	20	0	0	
PILOT-2017005493__F__haiku4.5__rep2.json	PILOT-2017005493	F	2	0.0113	0.0273	0.0203	0.0212	20	0	0	
PILOT-2017005493__F__sonnet4__rep0.json	PILOT-2017005493	F	0	0.0423	0.074	0.0615	0.0665	20	0	0	
PILOT-2017005493__F__sonnet4__rep1.json	PILOT-2017005493	F	1	0.0398	0.0499	0.0616	0.0505	20	0	0	
PILOT-2017005493__F__sonnet4__rep2.json	PILOT-2017005493	F	2	0.0227	0.0417	0.048	0.0412	20	0	0	
PILOT-2017005493__G__gpt4o-mini__rep0.json	PILOT-2017005493	G	0	0.1608	0.3188	0.2182	0.2459	8	12	0	
PILOT-2017005493__G__gpt4o-mini__rep1.json	PILOT-2017005493	G	1	0.0	0.0	0.0	0.0	8	12	0	
PILOT-2017005493__G__gpt4o-mini__rep2.json	PILOT-2017005493	G	2	0.0896	0.1352	0.1437	0.1364	8	12	0	
PILOT-2017005493__G__gpt5.4__rep0.json	PILOT-2017005493	G	0	0.041	0.0761	0.0723	0.0654	20	0	0	
PILOT-2017005493__G__gpt5.4__rep1.json	PILOT-2017005493	G	1	0.0167	0.025	0.025	0.025	20	0	0	
PILOT-2017005493__G__gpt5.4__rep2.json	PILOT-2017005493	G	2	0.0167	0.025	0.025	0.025	20	0	0	
PILOT-2017005493__G__haiku4.5__rep0.json	PILOT-2017005493	G	0	0.0141	0.0253	0.0371	0.0256	20	0	0	
PILOT-2017005493__G__haiku4.5__rep1.json	PILOT-2017005493	G	1	0.0108	0.0231	0.0222	0.0198	20	0	0	
PILOT-2017005493__G__haiku4.5__rep2.json	PILOT-2017005493	G	2	0.0181	0.0347	0.038	0.0325	20	0	0	
PILOT-2017005493__G__sonnet4__rep0.json	PILOT-2017005493	G	0	0.0247	0.054	0.0444	0.0414	20	0	0	
PILOT-2017005493__G__sonnet4__rep1.json	PILOT-2017005493	G	1	0.0244	0.0526	0.0372	0.0404	20	0	0	
PILOT-2017005493__G__sonnet4__rep2.json	PILOT-2017005493	G	2	0.0247	0.0464	0.0494	0.0414	20	0	0	
PILOT-2017006188__F__gpt4o-mini__rep0.json	PILOT-2017006188	F	0	None	None	None	None	0	5	0	no_aligned_claims
PILOT-2017006188__F__gpt4o-mini__rep1.json	PILOT-2017006188	F	1	None	None	None	None	0	5	0	no_aligned_claims
PILOT-2017006188__F__gpt4o-mini__rep2.json	PILOT-2017006188	F	2	None	None	None	None	0	5	0	no_aligned_claims
PILOT-2017006188__F__gpt5.4__rep0.json	PILOT-2017006188	F	0	0.0	0.0	0.0	0.0	5	0	0	
PILOT-2017006188__F__gpt5.4__rep1.json	PILOT-2017006188	F	1	0.0	0.0	0.0	0.0	5	0	0	
PILOT-2017006188__F__gpt5.4__rep2.json	PILOT-2017006188	F	2	0.0	0.0	0.0	0.0	5	0	0	
PILOT-2017006188__F__haiku4.5__rep0.json	PILOT-2017006188	F	0	0.0	0.0	0.0	0.0	5	0	0	
PILOT-2017006188__F__haiku4.5__rep1.json	PILOT-2017006188	F	1	0.0	0.0	0.0	0.0	5	0	0	
PILOT-2017006188__F__haiku4.5__rep2.json	PILOT-2017006188	F	2	0.0	0.0	0.0	0.0	5	0	0	
PILOT-2017006188__F__sonnet4__rep0.json	PILOT-2017006188	F	0	0.0	0.0	0.0	0.0	5	0	0	
PILOT-2017006188__F__sonnet4__rep1.json	PILOT-2017006188	F	1	0.0	0.0	0.0	0.0	5	0	0	
PILOT-2017006188__F__sonnet4__rep2.json	PILOT-2017006188	F	2	0.0	0.0	0.0	0.0	5	0	0	
PILOT-2017006188__G__gpt4o-mini__rep0.json	PILOT-2017006188	G	0	None	None	None	None	0	5	0	no_aligned_claims
PILOT-2017006188__G__gpt4o-mini__rep1.json	PILOT-2017006188	G	1	None	None	None	None	0	5	0	no_aligned_claims
PILOT-2017006188__G__gpt4o-mini__rep2.json	PILOT-2017006188	G	2	None	None	None	None	0	5	0	no_aligned_claims
PILOT-2017006188__G__gpt5.4__rep0.json	PILOT-2017006188	G	0	0.0	0.0	0.0	0.0	5	0	0	
PILOT-2017006188__G__gpt5.4__rep1.json	PILOT-2017006188	G	1	0.0	0.0	0.0	0.0	5	0	0	
PILOT-2017006188__G__gpt5.4__rep2.json	PILOT-2017006188	G	2	0.0	0.0	0.0	0.0	5	0	0	
PILOT-2017006188__G__haiku4.5__rep0.json	PILOT-2017006188	G	0	None	None	None	None	0	5	0	no_aligned_claims
PILOT-2017006188__G__haiku4.5__rep1.json	PILOT-2017006188	G	1	None	None	None	None	0	5	0	no_aligned_claims
PILOT-2017006188__G__haiku4.5__rep2.json	PILOT-2017006188	G	2	None	None	None	None	0	5	0	no_aligned_claims
PILOT-2017006188__G__sonnet4__rep0.json	PILOT-2017006188	G	0	0.0	0.0	0.0	0.0	5	0	0	
PILOT-2017006188__G__sonnet4__rep1.json	PILOT-2017006188	G	1	0.0	0.0	0.0	0.0	5	0	0	
PILOT-2017006188__G__sonnet4__rep2.json	PILOT-2017006188	G	2	0.0	0.0	0.0	0.0	5	0	0	
PILOT-2017007272__F__gpt4o-mini__rep0.json	PILOT-2017007272	F	0	0.1261	0.2617	0.195	0.2052	7	2	0	
PILOT-2017007272__F__gpt4o-mini__rep1.json	PILOT-2017007272	F	1	0.075	0.1845	0.0946	0.1234	7	2	0	
PILOT-2017007272__F__gpt4o-mini__rep2.json	PILOT-2017007272	F	2	None	None	None	None	0	9	0	no_aligned_claims
PILOT-2017007272__F__gpt5.4__rep0.json	PILOT-2017007272	F	0	0.08	0.1621	0.1277	0.1247	9	0	0	
PILOT-2017007272__F__gpt5.4__rep1.json	PILOT-2017007272	F	1	0.0742	0.1462	0.1249	0.1193	9	0	0	
PILOT-2017007272__F__gpt5.4__rep2.json	PILOT-2017007272	F	2	0.082	0.1621	0.1303	0.1279	9	0	0	
PILOT-2017007272__F__haiku4.5__rep0.json	PILOT-2017007272	F	0	0.0204	0.0952	0.022	0.0357	7	2	0	
PILOT-2017007272__F__haiku4.5__rep1.json	PILOT-2017007272	F	1	0.0333	0.1111	0.0385	0.0571	5	4	0	
PILOT-2017007272__F__haiku4.5__rep2.json	PILOT-2017007272	F	2	0.021	0.0417	0.0389	0.0394	6	3	0	
PILOT-2017007272__F__sonnet4__rep0.json	PILOT-2017007272	F	0	0.0794	0.1601	0.1247	0.1303	9	0	0	
PILOT-2017007272__F__sonnet4__rep1.json	PILOT-2017007272	F	1	0.0452	0.0607	0.1036	0.075	7	2	0	
PILOT-2017007272__F__sonnet4__rep2.json	PILOT-2017007272	F	2	0.0437	0.0607	0.0987	0.0722	7	2	0	
PILOT-2017007272__G__gpt4o-mini__rep0.json	PILOT-2017007272	G	0	0.0676	0.1586	0.1048	0.112	9	0	0	
PILOT-2017007272__G__gpt4o-mini__rep1.json	PILOT-2017007272	G	1	0.0825	0.2333	0.0989	0.1367	5	4	0	
PILOT-2017007272__G__gpt4o-mini__rep2.json	PILOT-2017007272	G	2	0.0862	0.194	0.1699	0.1442	9	0	0	
PILOT-2017007272__G__gpt5.4__rep0.json	PILOT-2017007272	G	0	0.082	0.1621	0.1303	0.1279	9	0	0	
PILOT-2017007272__G__gpt5.4__rep1.json	PILOT-2017007272	G	1	0.0782	0.1497	0.1261	0.1216	9	0	0	
PILOT-2017007272__G__gpt5.4__rep2.json	PILOT-2017007272	G	2	0.0645	0.1462	0.1104	0.1061	9	0	0	
PILOT-2017007272__G__haiku4.5__rep0.json	PILOT-2017007272	G	0	0.0816	0.2095	0.0946	0.1292	7	2	0	
PILOT-2017007272__G__haiku4.5__rep1.json	PILOT-2017007272	G	1	0.0684	0.1947	0.0838	0.1136	7	2	0	
PILOT-2017007272__G__haiku4.5__rep2.json	PILOT-2017007272	G	2	0.0303	0.1131	0.0362	0.0535	7	2	0	
PILOT-2017007272__G__sonnet4__rep0.json	PILOT-2017007272	G	0	0.111	0.2564	0.1805	0.1813	6	3	0	
PILOT-2017007272__G__sonnet4__rep1.json	PILOT-2017007272	G	1	0.0794	0.1601	0.1254	0.1305	9	0	0	
PILOT-2017007272__G__sonnet4__rep2.json	PILOT-2017007272	G	2	0.0764	0.1522	0.1232	0.1272	9	0	0	
PILOT-2017007595__F__gpt4o-mini__rep0.json	PILOT-2017007595	F	0	0.0212	0.0447	0.036	0.0398	6	29	0	
PILOT-2017007595__F__gpt4o-mini__rep1.json	PILOT-2017007595	F	1	0.0074	0.0081	0.0555	0.0142	6	29	0	
PILOT-2017007595__F__gpt4o-mini__rep2.json	PILOT-2017007595	F	2	0.0192	0.0319	0.0684	0.0361	6	29	0	
PILOT-2017007595__F__gpt5.4__rep0.json	PILOT-2017007595	F	0	0.0019	0.0053	0.003	0.0037	30	5	0	
PILOT-2017007595__F__gpt5.4__rep1.json	PILOT-2017007595	F	1	0.0028	0.008	0.0043	0.0054	30	5	0	
PILOT-2017007595__F__gpt5.4__rep2.json	PILOT-2017007595	F	2	0.0038	0.0108	0.0056	0.0072	30	5	0	
PILOT-2017007595__F__haiku4.5__rep0.json	PILOT-2017007595	F	0	0.0047	0.0119	0.0116	0.0089	35	0	0	
PILOT-2017007595__F__haiku4.5__rep1.json	PILOT-2017007595	F	1	0.0119	0.0467	0.0156	0.0232	7	28	0	
PILOT-2017007595__F__haiku4.5__rep2.json	PILOT-2017007595	F	2	0.0141	0.0544	0.0186	0.0274	6	29	0	
PILOT-2017007595__F__sonnet4__rep0.json	PILOT-2017007595	F	0	0.0032	0.0093	0.0046	0.0061	35	0	0	
PILOT-2017007595__F__sonnet4__rep1.json	PILOT-2017007595	F	1	0.0032	0.0093	0.0046	0.0061	35	0	0	
PILOT-2017007595__F__sonnet4__rep2.json	PILOT-2017007595	F	2	0.0032	0.0093	0.0046	0.0061	35	0	0	
PILOT-2017007595__G__gpt4o-mini__rep0.json	PILOT-2017007595	G	0	0.015	0.0299	0.0364	0.0288	5	30	0	
PILOT-2017007595__G__gpt4o-mini__rep1.json	PILOT-2017007595	G	1	0.0108	0.0134	0.0556	0.0206	9	26	0	
PILOT-2017007595__G__gpt4o-mini__rep2.json	PILOT-2017007595	G	2	0.0094	0.0288	0.0134	0.0181	7	28	0	
PILOT-2017007595__G__gpt5.4__rep0.json	PILOT-2017007595	G	0	0.0104	0.0182	0.0218	0.0193	35	0	0	
PILOT-2017007595__G__gpt5.4__rep1.json	PILOT-2017007595	G	1	0.0104	0.0182	0.0219	0.0193	35	0	0	
PILOT-2017007595__G__gpt5.4__rep2.json	PILOT-2017007595	G	2	0.0041	0.0088	0.0073	0.0077	30	5	0	
PILOT-2017007595__G__haiku4.5__rep0.json	PILOT-2017007595	G	0	0.014	0.0544	0.0185	0.0273	6	29	0	
PILOT-2017007595__G__haiku4.5__rep1.json	PILOT-2017007595	G	1	0.0028	0.0093	0.004	0.0055	35	0	0	
PILOT-2017007595__G__haiku4.5__rep2.json	PILOT-2017007595	G	2	0.0025	0.0093	0.0033	0.0048	35	0	0	
PILOT-2017007595__G__sonnet4__rep0.json	PILOT-2017007595	G	0	0.0031	0.0093	0.0044	0.006	35	0	0	
PILOT-2017007595__G__sonnet4__rep1.json	PILOT-2017007595	G	1	0.0032	0.0093	0.0046	0.0061	35	0	0	
PILOT-2017007595__G__sonnet4__rep2.json	PILOT-2017007595	G	2	0.0073	0.0145	0.0171	0.0133	35	0	0	
PILOT-2017009415__F__gpt4o-mini__rep0.json	PILOT-2017009415	F	0	0.13	0.1571	0.3952	0.2235	6	7	0	
PILOT-2017009415__F__gpt4o-mini__rep1.json	PILOT-2017009415	F	1	0.0443	0.0684	0.1183	0.0805	11	2	0	
PILOT-2017009415__F__gpt4o-mini__rep2.json	PILOT-2017009415	F	2	0.1426	0.2324	0.2548	0.2368	4	9	0	
PILOT-2017009415__F__gpt5.4__rep0.json	PILOT-2017009415	F	0	0.0019	0.0022	0.0118	0.0038	13	0	0	
PILOT-2017009415__F__gpt5.4__rep1.json	PILOT-2017009415	F	1	0.001	0.0011	0.011	0.002	13	0	0	
PILOT-2017009415__F__gpt5.4__rep2.json	PILOT-2017009415	F	2	0.0019	0.0022	0.0128	0.0038	13	0	0	
PILOT-2017009415__F__haiku4.5__rep0.json	PILOT-2017009415	F	0	0.0374	0.055	0.1112	0.0687	11	2	0	
PILOT-2017009415__F__haiku4.5__rep1.json	PILOT-2017009415	F	1	0.0274	0.0319	0.0962	0.0473	13	0	0	
PILOT-2017009415__F__haiku4.5__rep2.json	PILOT-2017009415	F	2	0.0216	0.0268	0.1193	0.0406	11	2	0	
PILOT-2017009415__F__sonnet4__rep0.json	PILOT-2017009415	F	0	0.0019	0.0022	0.0103	0.0037	13	0	0	
PILOT-2017009415__F__sonnet4__rep1.json	PILOT-2017009415	F	1	0.0267	0.0319	0.144	0.0465	13	0	0	
PILOT-2017009415__F__sonnet4__rep2.json	PILOT-2017009415	F	2	0.0086	0.0094	0.0744	0.0165	13	0	0	
PILOT-2017009415__G__gpt4o-mini__rep0.json	PILOT-2017009415	G	0	0.1405	0.1822	0.3818	0.2382	6	7	0	
PILOT-2017009415__G__gpt4o-mini__rep1.json	PILOT-2017009415	G	1	0.0376	0.0436	0.213	0.0671	13	0	0	
PILOT-2017009415__G__gpt4o-mini__rep2.json	PILOT-2017009415	G	2	0.046	0.0542	0.2019	0.0814	11	2	0	
PILOT-2017009415__G__gpt5.4__rep0.json	PILOT-2017009415	G	0	0.0025	0.0029	0.0167	0.0049	10	3	0	
PILOT-2017009415__G__gpt5.4__rep1.json	PILOT-2017009415	G	1	0.0023	0.0026	0.0152	0.0045	11	2	0	
PILOT-2017009415__G__gpt5.4__rep2.json	PILOT-2017009415	G	2	0.0141	0.0181	0.0515	0.0267	10	3	0	
PILOT-2017009415__G__haiku4.5__rep0.json	PILOT-2017009415	G	0	0.046	0.0686	0.1061	0.0803	11	2	0	
PILOT-2017009415__G__haiku4.5__rep1.json	PILOT-2017009415	G	1	0.0348	0.0521	0.0905	0.0633	11	2	0	
PILOT-2017009415__G__haiku4.5__rep2.json	PILOT-2017009415	G	2	0.0364	0.0441	0.1204	0.064	13	0	0	
PILOT-2017009415__G__sonnet4__rep0.json	PILOT-2017009415	G	0	0.0267	0.0319	0.144	0.0465	13	0	0	
PILOT-2017009415__G__sonnet4__rep1.json	PILOT-2017009415	G	1	0.001	0.0011	0.011	0.002	13	0	0	
PILOT-2017009415__G__sonnet4__rep2.json	PILOT-2017009415	G	2	0.0267	0.0319	0.144	0.0465	13	0	0	
PILOT-2017010497__F__gpt4o-mini__rep0.json	PILOT-2017010497	F	0	None	None	None	None	0	13	0	no_aligned_claims
PILOT-2017010497__F__gpt4o-mini__rep1.json	PILOT-2017010497	F	1	None	None	None	None	0	13	0	no_aligned_claims
PILOT-2017010497__F__gpt4o-mini__rep2.json	PILOT-2017010497	F	2	None	None	None	None	0	13	0	no_aligned_claims
PILOT-2017010497__F__gpt5.4__rep0.json	PILOT-2017010497	F	0	0.0086	0.0152	0.0192	0.0161	12	1	0	
PILOT-2017010497__F__gpt5.4__rep1.json	PILOT-2017010497	F	1	0.0	0.0	0.0	0.0	12	1	0	
PILOT-2017010497__F__gpt5.4__rep2.json	PILOT-2017010497	F	2	0.01	0.0119	0.0357	0.0179	12	1	0	
PILOT-2017010497__F__haiku4.5__rep0.json	PILOT-2017010497	F	0	0.0336	0.053	0.0711	0.0593	13	0	0	
PILOT-2017010497__F__haiku4.5__rep1.json	PILOT-2017010497	F	1	0.02	0.0362	0.0363	0.0361	12	1	0	
PILOT-2017010497__F__haiku4.5__rep2.json	PILOT-2017010497	F	2	0.0231	0.038	0.0508	0.0428	13	0	0	
PILOT-2017010497__F__sonnet4__rep0.json	PILOT-2017010497	F	0	0.0061	0.011	0.0115	0.0113	13	0	0	
PILOT-2017010497__F__sonnet4__rep1.json	PILOT-2017010497	F	1	0.0091	0.0119	0.0321	0.0172	13	0	0	
PILOT-2017010497__F__sonnet4__rep2.json	PILOT-2017010497	F	2	0.0061	0.011	0.0115	0.0113	13	0	0	
PILOT-2017010497__G__gpt4o-mini__rep0.json	PILOT-2017010497	G	0	None	None	None	None	0	13	0	no_aligned_claims
PILOT-2017010497__G__gpt4o-mini__rep1.json	PILOT-2017010497	G	1	0.0156	0.02	0.0501	0.0283	13	0	0	
PILOT-2017010497__G__gpt4o-mini__rep2.json	PILOT-2017010497	G	2	None	None	None	None	0	13	0	no_aligned_claims
PILOT-2017010497__G__gpt5.4__rep0.json	PILOT-2017010497	G	0	0.01	0.0119	0.0357	0.0179	12	1	0	
PILOT-2017010497__G__gpt5.4__rep1.json	PILOT-2017010497	G	1	0.0596	0.0651	0.1026	0.0774	13	0	0	
PILOT-2017010497__G__gpt5.4__rep2.json	PILOT-2017010497	G	2	0.0443	0.0541	0.0585	0.0562	13	0	0	
PILOT-2017010497__G__haiku4.5__rep0.json	PILOT-2017010497	G	0	0.0062	0.011	0.0121	0.0115	13	0	0	
PILOT-2017010497__G__haiku4.5__rep1.json	PILOT-2017010497	G	1	0.0071	0.0119	0.0147	0.0132	12	1	0	
PILOT-2017010497__G__haiku4.5__rep2.json	PILOT-2017010497	G	2	0.0049	0.011	0.008	0.0092	13	0	0	
PILOT-2017010497__G__sonnet4__rep0.json	PILOT-2017010497	G	0	0.0074	0.0136	0.0173	0.014	12	1	0	
PILOT-2017010497__G__sonnet4__rep1.json	PILOT-2017010497	G	1	0.0073	0.0125	0.0264	0.0138	13	0	0	
PILOT-2017010497__G__sonnet4__rep2.json	PILOT-2017010497	G	2	0.0074	0.0136	0.0173	0.014	12	1	0	
PILOT-2017010632__F__gpt4o-mini__rep0.json	PILOT-2017010632	F	0	None	None	None	None	0	2	0	no_aligned_claims
PILOT-2017010632__F__gpt4o-mini__rep1.json	PILOT-2017010632	F	1	None	None	None	None	0	2	0	no_aligned_claims
PILOT-2017010632__F__gpt4o-mini__rep2.json	PILOT-2017010632	F	2	0.0663	0.275	0.0743	0.117	2	0	0	
PILOT-2017010632__F__gpt5.4__rep0.json	PILOT-2017010632	F	0	0.0601	0.275	0.0667	0.1073	2	0	0	
PILOT-2017010632__F__gpt5.4__rep1.json	PILOT-2017010632	F	1	0.1288	0.3495	0.3599	0.2281	2	0	0	
PILOT-2017010632__F__gpt5.4__rep2.json	PILOT-2017010632	F	2	0.0601	0.275	0.0667	0.1073	2	0	0	
PILOT-2017010632__F__haiku4.5__rep0.json	PILOT-2017010632	F	0	0.0146	0.0625	0.0182	0.0283	2	0	0	
PILOT-2017010632__F__haiku4.5__rep1.json	PILOT-2017010632	F	1	0.0719	0.2713	0.1443	0.132	2	0	0	
PILOT-2017010632__F__haiku4.5__rep2.json	PILOT-2017010632	F	2	0.0544	0.25	0.061	0.098	2	0	0	
PILOT-2017010632__F__sonnet4__rep0.json	PILOT-2017010632	F	0	0.0901	0.2963	0.2463	0.1613	2	0	0	
PILOT-2017010632__F__sonnet4__rep1.json	PILOT-2017010632	F	1	0.0901	0.2963	0.2463	0.1613	2	0	0	
PILOT-2017010632__F__sonnet4__rep2.json	PILOT-2017010632	F	2	0.0901	0.2963	0.2463	0.1613	2	0	0	
PILOT-2017010632__G__gpt4o-mini__rep0.json	PILOT-2017010632	G	0	None	None	None	None	0	2	0	no_aligned_claims
PILOT-2017010632__G__gpt4o-mini__rep1.json	PILOT-2017010632	G	1	0.1682	0.4559	0.2371	0.2857	2	0	0	
PILOT-2017010632__G__gpt4o-mini__rep2.json	PILOT-2017010632	G	2	0.087	0.3069	0.1294	0.157	2	0	0	
PILOT-2017010632__G__gpt5.4__rep0.json	PILOT-2017010632	G	0	0.0601	0.275	0.0667	0.1073	2	0	0	
PILOT-2017010632__G__gpt5.4__rep1.json	PILOT-2017010632	G	1	0.0844	0.2963	0.2157	0.1522	2	0	0	
PILOT-2017010632__G__gpt5.4__rep2.json	PILOT-2017010632	G	2	0.1111	0.3282	0.4238	0.1999	2	0	0	
PILOT-2017010632__G__haiku4.5__rep0.json	PILOT-2017010632	G	0	0.0696	0.275	0.0785	0.1222	2	0	0	
PILOT-2017010632__G__haiku4.5__rep1.json	PILOT-2017010632	G	1	0.1843	0.4095	0.3286	0.3066	2	0	0	
PILOT-2017010632__G__haiku4.5__rep2.json	PILOT-2017010632	G	2	0.0696	0.275	0.0785	0.1222	2	0	0	
PILOT-2017010632__G__sonnet4__rep0.json	PILOT-2017010632	G	0	0.0647	0.275	0.0723	0.1146	2	0	0	
PILOT-2017010632__G__sonnet4__rep1.json	PILOT-2017010632	G	1	0.067	0.275	0.0754	0.1183	2	0	0	
PILOT-2017010632__G__sonnet4__rep2.json	PILOT-2017010632	G	2	0.0554	0.0782	0.2863	0.1019	2	0	0	
PILOT-2018000427__F__gpt4o-mini__rep0.json	PILOT-2018000427	F	0	None	None	None	None	0	2	0	no_aligned_claims
PILOT-2018000427__F__gpt4o-mini__rep1.json	PILOT-2018000427	F	1	None	None	None	None	0	2	0	no_aligned_claims
PILOT-2018000427__F__gpt4o-mini__rep2.json	PILOT-2018000427	F	2	None	None	None	None	0	2	0	no_aligned_claims
PILOT-2018000427__F__gpt5.4__rep0.json	PILOT-2018000427	F	0	0.0445	0.0588	0.1333	0.0817	2	0	0	
PILOT-2018000427__F__gpt5.4__rep1.json	PILOT-2018000427	F	1	0.0271	0.0294	0.2	0.0513	2	0	0	
PILOT-2018000427__F__gpt5.4__rep2.json	PILOT-2018000427	F	2	0.0271	0.0294	0.2	0.0513	2	0	0	
PILOT-2018000427__F__haiku4.5__rep0.json	PILOT-2018000427	F	0	0.1118	0.1664	0.2203	0.1852	2	0	0	
PILOT-2018000427__F__haiku4.5__rep1.json	PILOT-2018000427	F	1	0.056	0.0782	0.1543	0.1021	2	0	0	
PILOT-2018000427__F__haiku4.5__rep2.json	PILOT-2018000427	F	2	0.1081	0.1517	0.2311	0.1801	2	0	0	
PILOT-2018000427__F__sonnet4__rep0.json	PILOT-2018000427	F	0	0.0242	0.034	0.0741	0.0466	2	0	0	
PILOT-2018000427__F__sonnet4__rep1.json	PILOT-2018000427	F	1	0.0209	0.0294	0.0625	0.04	2	0	0	
PILOT-2018000427__F__sonnet4__rep2.json	PILOT-2018000427	F	2	0.0209	0.0294	0.0625	0.04	2	0	0	
PILOT-2018000427__G__gpt4o-mini__rep0.json	PILOT-2018000427	G	0	None	None	None	None	0	2	0	no_aligned_claims
PILOT-2018000427__G__gpt4o-mini__rep1.json	PILOT-2018000427	G	1	None	None	None	None	0	2	0	no_aligned_claims
PILOT-2018000427__G__gpt4o-mini__rep2.json	PILOT-2018000427	G	2	None	None	None	None	0	2	0	no_aligned_claims
PILOT-2018000427__G__gpt5.4__rep0.json	PILOT-2018000427	G	0	0.0271	0.0294	0.2	0.0513	2	0	0	
PILOT-2018000427__G__gpt5.4__rep1.json	PILOT-2018000427	G	1	0.0	0.0	0.0	0.0	2	0	0	
PILOT-2018000427__G__gpt5.4__rep2.json	PILOT-2018000427	G	2	0.0465	0.0588	0.1538	0.0851	2	0	0	
PILOT-2018000427__G__haiku4.5__rep0.json	PILOT-2018000427	G	0	0.0593	0.0782	0.1771	0.1076	2	0	0	
PILOT-2018000427__G__haiku4.5__rep1.json	PILOT-2018000427	G	1	0.1348	0.1664	0.3132	0.2153	2	0	0	
PILOT-2018000427__G__haiku4.5__rep2.json	PILOT-2018000427	G	2	0.0964	0.1223	0.2481	0.1636	2	0	0	
PILOT-2018000427__G__sonnet4__rep0.json	PILOT-2018000427	G	0	0.02	0.0294	0.0556	0.0384	2	0	0	
PILOT-2018000427__G__sonnet4__rep1.json	PILOT-2018000427	G	1	0.02	0.0294	0.0556	0.0384	2	0	0	
PILOT-2018000427__G__sonnet4__rep2.json	PILOT-2018000427	G	2	0.0209	0.0294	0.0625	0.04	2	0	0	
PILOT-2018001232__F__gpt4o-mini__rep0.json	PILOT-2018001232	F	0	0.0	0.0	0.0	0.0	2	14	0	
PILOT-2018001232__F__gpt4o-mini__rep1.json	PILOT-2018001232	F	1	0.0406	0.0678	0.093	0.078	2	14	0	
PILOT-2018001232__F__gpt4o-mini__rep2.json	PILOT-2018001232	F	2	0.0345	0.0384	0.2	0.0645	2	14	0	
PILOT-2018001232__F__gpt5.4__rep0.json	PILOT-2018001232	F	0	0.0	0.0	0.0	0.0	16	0	0	
PILOT-2018001232__F__gpt5.4__rep1.json	PILOT-2018001232	F	1	0.0	0.0	0.0	0.0	16	0	0	
PILOT-2018001232__F__gpt5.4__rep2.json	PILOT-2018001232	F	2	0.0	0.0	0.0	0.0	16	0	0	
PILOT-2018001232__F__haiku4.5__rep0.json	PILOT-2018001232	F	0	0.0029	0.0066	0.0048	0.0056	16	0	0	
PILOT-2018001232__F__haiku4.5__rep1.json	PILOT-2018001232	F	1	0.0023	0.0051	0.0039	0.0044	15	1	0	
PILOT-2018001232__F__haiku4.5__rep2.json	PILOT-2018001232	F	2	0.0045	0.0097	0.008	0.0087	11	5	0	
PILOT-2018001232__F__sonnet4__rep0.json	PILOT-2018001232	F	0	0.0012	0.0018	0.0031	0.0023	16	0	0	
PILOT-2018001232__F__sonnet4__rep1.json	PILOT-2018001232	F	1	0.0012	0.0018	0.0031	0.0023	16	0	0	
PILOT-2018001232__F__sonnet4__rep2.json	PILOT-2018001232	F	2	0.0012	0.0018	0.0031	0.0023	16	0	0	
PILOT-2018001232__G__gpt4o-mini__rep0.json	PILOT-2018001232	G	0	0.0789	0.1063	0.2253	0.1442	2	14	0	
PILOT-2018001232__G__gpt4o-mini__rep1.json	PILOT-2018001232	G	1	0.0	0.0	0.0	0.0	1	15	0	
PILOT-2018001232__G__gpt4o-mini__rep2.json	PILOT-2018001232	G	2	0.1426	0.2297	0.2445	0.2366	2	14	0	
PILOT-2018001232__G__gpt5.4__rep0.json	PILOT-2018001232	G	0	0.0	0.0	0.0	0.0	16	0	0	
PILOT-2018001232__G__gpt5.4__rep1.json	PILOT-2018001232	G	1	0.0	0.0	0.0	0.0	16	0	0	
PILOT-2018001232__G__gpt5.4__rep2.json	PILOT-2018001232	G	2	0.0098	0.0139	0.0238	0.0174	16	0	0	
PILOT-2018001232__G__haiku4.5__rep0.json	PILOT-2018001232	G	0	0.0102	0.0242	0.0163	0.0192	16	0	0	
PILOT-2018001232__G__haiku4.5__rep1.json	PILOT-2018001232	G	1	0.0076	0.0154	0.014	0.0146	16	0	0	
PILOT-2018001232__G__haiku4.5__rep2.json	PILOT-2018001232	G	2	0.0036	0.0066	0.0074	0.007	16	0	0	
PILOT-2018001232__G__sonnet4__rep0.json	PILOT-2018001232	G	0	0.0038	0.0066	0.0081	0.0073	16	0	0	
PILOT-2018001232__G__sonnet4__rep1.json	PILOT-2018001232	G	1	0.0047	0.0066	0.0143	0.0091	16	0	0	
PILOT-2018001232__G__sonnet4__rep2.json	PILOT-2018001232	G	2	0.0038	0.0066	0.0081	0.0073	16	0	0	
PILOT-2018003513__F__gpt4o-mini__rep0.json	PILOT-2018003513	F	0	0.0247	0.1966	0.1015	0.0462	6	5	0	
PILOT-2018003513__F__gpt4o-mini__rep1.json	PILOT-2018003513	F	1	0.0224	0.1887	0.1346	0.0424	6	5	0	
PILOT-2018003513__F__gpt4o-mini__rep2.json	PILOT-2018003513	F	2	0.0462	0.305	0.143	0.0836	5	6	0	
PILOT-2018003513__F__gpt5.4__rep0.json	PILOT-2018003513	F	0	0.0463	0.0719	0.1057	0.0776	11	0	0	
PILOT-2018003513__F__gpt5.4__rep1.json	PILOT-2018003513	F	1	0.0529	0.1884	0.1096	0.0922	11	0	0	
PILOT-2018003513__F__gpt5.4__rep2.json	PILOT-2018003513	F	2	0.0453	0.0586	0.111	0.0759	11	0	0	
PILOT-2018003513__F__haiku4.5__rep0.json	PILOT-2018003513	F	0	0.0693	0.2341	0.1449	0.1119	11	0	0	
PILOT-2018003513__F__haiku4.5__rep1.json	PILOT-2018003513	F	1	0.0671	0.3176	0.1107	0.1025	11	0	0	
PILOT-2018003513__F__haiku4.5__rep2.json	PILOT-2018003513	F	2	0.0487	0.3177	0.0935	0.0862	11	0	0	
PILOT-2018003513__F__sonnet4__rep0.json	PILOT-2018003513	F	0	0.0426	0.2491	0.1197	0.0751	11	0	0	
PILOT-2018003513__F__sonnet4__rep1.json	PILOT-2018003513	F	1	0.0694	0.3348	0.1353	0.118	11	0	0	
PILOT-2018003513__F__sonnet4__rep2.json	PILOT-2018003513	F	2	0.0512	0.262	0.1227	0.0877	11	0	0	
PILOT-2018003513__G__gpt4o-mini__rep0.json	PILOT-2018003513	G	0	0.0348	0.1871	0.1102	0.0607	7	4	0	
PILOT-2018003513__G__gpt4o-mini__rep1.json	PILOT-2018003513	G	1	0.0136	0.3395	0.0909	0.0264	6	5	0	
PILOT-2018003513__G__gpt4o-mini__rep2.json	PILOT-2018003513	G	2	0.0348	0.1871	0.1102	0.0607	7	4	0	
PILOT-2018003513__G__gpt5.4__rep0.json	PILOT-2018003513	G	0	0.0537	0.2725	0.124	0.0942	11	0	0	
PILOT-2018003513__G__gpt5.4__rep1.json	PILOT-2018003513	G	1	0.0829	0.2606	0.1342	0.1343	11	0	0	
PILOT-2018003513__G__gpt5.4__rep2.json	PILOT-2018003513	G	2	0.0484	0.0725	0.1141	0.0836	11	0	0	
PILOT-2018003513__G__haiku4.5__rep0.json	PILOT-2018003513	G	0	0.1548	0.5359	0.2641	0.2475	10	1	0	
PILOT-2018003513__G__haiku4.5__rep1.json	PILOT-2018003513	G	1	0.1047	0.3264	0.1977	0.1597	10	1	0	
PILOT-2018003513__G__haiku4.5__rep2.json	PILOT-2018003513	G	2	0.1031	0.2607	0.1509	0.152	8	3	0	
PILOT-2018003513__G__sonnet4__rep0.json	PILOT-2018003513	G	0	0.0522	0.336	0.1037	0.0896	10	1	0	
PILOT-2018003513__G__sonnet4__rep1.json	PILOT-2018003513	G	1	0.0472	0.211	0.0985	0.0798	10	1	0	
PILOT-2018003513__G__sonnet4__rep2.json	PILOT-2018003513	G	2	0.0512	0.263	0.1143	0.0864	11	0	0	
PILOT-2018005420__F__gpt4o-mini__rep0.json	PILOT-2018005420	F	0	0.0203	0.0314	0.0937	0.0383	25	0	0	
PILOT-2018005420__F__gpt4o-mini__rep1.json	PILOT-2018005420	F	1	0.0215	0.0328	0.0849	0.0403	25	0	0	
PILOT-2018005420__F__gpt4o-mini__rep2.json	PILOT-2018005420	F	2	0.0206	0.0314	0.0804	0.0386	25	0	0	
PILOT-2018005420__F__gpt5.4__rep0.json	PILOT-2018005420	F	0	0.0505	0.0809	0.1296	0.0909	25	0	0	
PILOT-2018005420__F__gpt5.4__rep1.json	PILOT-2018005420	F	1	0.0524	0.0809	0.1517	0.0941	25	0	0	
PILOT-2018005420__F__gpt5.4__rep2.json	PILOT-2018005420	F	2	0.0524	0.0809	0.1517	0.0941	25	0	0	
PILOT-2018005420__F__haiku4.5__rep0.json	PILOT-2018005420	F	0	0.0054	0.0119	0.0137	0.01	25	0	0	
PILOT-2018005420__F__haiku4.5__rep1.json	PILOT-2018005420	F	1	0.0075	0.0156	0.0168	0.0141	25	0	0	
PILOT-2018005420__F__haiku4.5__rep2.json	PILOT-2018005420	F	2	0.0552	0.0851	0.1511	0.099	24	1	0	
PILOT-2018005420__F__sonnet4__rep0.json	PILOT-2018005420	F	0	0.0318	0.0521	0.0954	0.0593	25	0	0	
PILOT-2018005420__F__sonnet4__rep1.json	PILOT-2018005420	F	1	0.0233	0.0357	0.0906	0.0437	25	0	0	
PILOT-2018005420__F__sonnet4__rep2.json	PILOT-2018005420	F	2	0.0269	0.0421	0.0959	0.0504	25	0	0	
PILOT-2018005420__G__gpt4o-mini__rep0.json	PILOT-2018005420	G	0	0.0153	0.0206	0.0715	0.029	25	0	0	
PILOT-2018005420__G__gpt4o-mini__rep1.json	PILOT-2018005420	G	1	0.021	0.0327	0.0826	0.0393	25	0	0	
PILOT-2018005420__G__gpt4o-mini__rep2.json	PILOT-2018005420	G	2	0.0127	0.0176	0.0524	0.024	25	0	0	
PILOT-2018005420__G__gpt5.4__rep0.json	PILOT-2018005420	G	0	0.0487	0.0787	0.1236	0.0876	25	0	0	
PILOT-2018005420__G__gpt5.4__rep1.json	PILOT-2018005420	G	1	0.0038	0.0042	0.0299	0.0074	25	0	0	
PILOT-2018005420__G__gpt5.4__rep2.json	PILOT-2018005420	G	2	0.0517	0.0958	0.1113	0.093	25	0	0	
PILOT-2018005420__G__haiku4.5__rep0.json	PILOT-2018005420	G	0	0.0547	0.0839	0.1597	0.0984	25	0	0	
PILOT-2018005420__G__haiku4.5__rep1.json	PILOT-2018005420	G	1	0.0549	0.0839	0.1602	0.0987	25	0	0	
PILOT-2018005420__G__haiku4.5__rep2.json	PILOT-2018005420	G	2	0.0547	0.0839	0.1597	0.0984	25	0	0	
PILOT-2018005420__G__sonnet4__rep0.json	PILOT-2018005420	G	0	0.0319	0.0502	0.0895	0.0591	25	0	0	
PILOT-2018005420__G__sonnet4__rep1.json	PILOT-2018005420	G	1	0.0319	0.0502	0.0895	0.0591	25	0	0	
PILOT-2018005420__G__sonnet4__rep2.json	PILOT-2018005420	G	2	0.0022	0.0023	0.0236	0.0042	25	0	0	
PILOT-2018005863__F__gpt4o-mini__rep0.json	PILOT-2018005863	F	0	0.0135	0.0152	0.1171	0.0254	11	14	0	
PILOT-2018005863__F__gpt4o-mini__rep1.json	PILOT-2018005863	F	1	0.0176	0.0176	0.2	0.0324	5	20	0	
PILOT-2018005863__F__gpt4o-mini__rep2.json	PILOT-2018005863	F	2	0.0125	0.0172	0.0496	0.0235	9	16	0	
PILOT-2018005863__F__gpt5.4__rep0.json	PILOT-2018005863	F	0	0.0146	0.0193	0.0786	0.0275	25	0	0	
PILOT-2018005863__F__gpt5.4__rep1.json	PILOT-2018005863	F	1	0.0087	0.0113	0.0542	0.0162	25	0	0	
PILOT-2018005863__F__gpt5.4__rep2.json	PILOT-2018005863	F	2	0.0115	0.014	0.0716	0.0219	25	0	0	
PILOT-2018005863__F__haiku4.5__rep0.json	PILOT-2018005863	F	0	0.0079	0.0104	0.0527	0.0148	25	0	0	
PILOT-2018005863__F__haiku4.5__rep1.json	PILOT-2018005863	F	1	0.0053	0.0067	0.0456	0.0099	25	0	0	
PILOT-2018005863__F__haiku4.5__rep2.json	PILOT-2018005863	F	2	0.012	0.0179	0.0653	0.0228	25	0	0	
PILOT-2018005863__F__sonnet4__rep0.json	PILOT-2018005863	F	0	0.009	0.0108	0.0613	0.0167	25	0	0	
PILOT-2018005863__F__sonnet4__rep1.json	PILOT-2018005863	F	1	0.0062	0.0063	0.0667	0.0115	25	0	0	
PILOT-2018005863__F__sonnet4__rep2.json	PILOT-2018005863	F	2	0.0047	0.0049	0.048	0.0088	25	0	0	
PILOT-2018005863__G__gpt4o-mini__rep0.json	PILOT-2018005863	G	0	0.0181	0.0211	0.14	0.0342	17	8	0	
PILOT-2018005863__G__gpt4o-mini__rep1.json	PILOT-2018005863	G	1	None	None	None	None	0	25	0	no_aligned_claims
PILOT-2018005863__G__gpt4o-mini__rep2.json	PILOT-2018005863	G	2	None	None	None	None	0	25	0	no_aligned_claims
PILOT-2018005863__G__gpt5.4__rep0.json	PILOT-2018005863	G	0	0.0097	0.0109	0.0747	0.0185	25	0	0	
PILOT-2018005863__G__gpt5.4__rep1.json	PILOT-2018005863	G	1	0.0143	0.0187	0.083	0.0271	25	0	0	
PILOT-2018005863__G__gpt5.4__rep2.json	PILOT-2018005863	G	2	0.0169	0.0212	0.1039	0.032	25	0	0	
PILOT-2018005863__G__haiku4.5__rep0.json	PILOT-2018005863	G	0	0.0188	0.0256	0.0944	0.0356	25	0	0	
PILOT-2018005863__G__haiku4.5__rep1.json	PILOT-2018005863	G	1	0.0118	0.0154	0.0717	0.0224	25	0	0	
PILOT-2018005863__G__haiku4.5__rep2.json	PILOT-2018005863	G	2	0.0177	0.0249	0.0813	0.0337	25	0	0	
PILOT-2018005863__G__sonnet4__rep0.json	PILOT-2018005863	G	0	0.0087	0.0103	0.0586	0.0161	25	0	0	
PILOT-2018005863__G__sonnet4__rep1.json	PILOT-2018005863	G	1	0.0062	0.0063	0.0667	0.0115	25	0	0	
PILOT-2018005863__G__sonnet4__rep2.json	PILOT-2018005863	G	2	0.0085	0.0103	0.0581	0.0158	25	0	0	
PILOT-2018007886__F__gpt4o-mini__rep0.json	PILOT-2018007886	F	0	0.0	0.0	0.0	0.0	6	0	0	
PILOT-2018007886__F__gpt4o-mini__rep1.json	PILOT-2018007886	F	1	0.0176	0.0215	0.0923	0.0335	6	0	0	
PILOT-2018007886__F__gpt4o-mini__rep2.json	PILOT-2018007886	F	2	0.0	0.0	0.0	0.0	6	0	0	
PILOT-2018007886__F__gpt5.4__rep0.json	PILOT-2018007886	F	0	0.0	0.0	0.0	0.0	6	0	0	
PILOT-2018007886__F__gpt5.4__rep1.json	PILOT-2018007886	F	1	0.0	0.0	0.0	0.0	6	0	0	
PILOT-2018007886__F__gpt5.4__rep2.json	PILOT-2018007886	F	2	0.0	0.0	0.0	0.0	6	0	0	
PILOT-2018007886__F__haiku4.5__rep0.json	PILOT-2018007886	F	0	0.0074	0.009	0.0333	0.0142	6	0	0	
PILOT-2018007886__F__haiku4.5__rep1.json	PILOT-2018007886	F	1	0.0174	0.0225	0.0521	0.0314	6	0	0	
PILOT-2018007886__F__haiku4.5__rep2.json	PILOT-2018007886	F	2	0.0074	0.009	0.0333	0.0142	6	0	0	
PILOT-2018007886__F__sonnet4__rep0.json	PILOT-2018007886	F	0	0.0	0.0	0.0	0.0	6	0	0	
PILOT-2018007886__F__sonnet4__rep1.json	PILOT-2018007886	F	1	0.0	0.0	0.0	0.0	6	0	0	
PILOT-2018007886__F__sonnet4__rep2.json	PILOT-2018007886	F	2	0.0	0.0	0.0	0.0	6	0	0	
PILOT-2018007886__G__gpt4o-mini__rep0.json	PILOT-2018007886	G	0	None	None	None	None	0	6	0	no_aligned_claims
PILOT-2018007886__G__gpt4o-mini__rep1.json	PILOT-2018007886	G	1	0.0318	0.0379	0.1689	0.0598	5	1	0	
PILOT-2018007886__G__gpt4o-mini__rep2.json	PILOT-2018007886	G	2	None	None	None	None	0	6	0	no_aligned_claims
PILOT-2018007886__G__gpt5.4__rep0.json	PILOT-2018007886	G	0	0.0	0.0	0.0	0.0	6	0	0	
PILOT-2018007886__G__gpt5.4__rep1.json	PILOT-2018007886	G	1	0.0125	0.0135	0.0833	0.0233	6	0	0	
PILOT-2018007886__G__gpt5.4__rep2.json	PILOT-2018007886	G	2	0.0	0.0	0.0	0.0	6	0	0	
PILOT-2018007886__G__haiku4.5__rep0.json	PILOT-2018007886	G	0	0.0076	0.009	0.037	0.0145	6	0	0	
PILOT-2018007886__G__haiku4.5__rep1.json	PILOT-2018007886	G	1	0.0104	0.0135	0.0357	0.0196	6	0	0	
PILOT-2018007886__G__haiku4.5__rep2.json	PILOT-2018007886	G	2	0.0098	0.0135	0.0294	0.0185	6	0	0	
PILOT-2018007886__G__sonnet4__rep0.json	PILOT-2018007886	G	0	0.0	0.0	0.0	0.0	6	0	0	
PILOT-2018007886__G__sonnet4__rep1.json	PILOT-2018007886	G	1	0.0301	0.0336	0.1548	0.0553	6	0	0	
PILOT-2018007886__G__sonnet4__rep2.json	PILOT-2018007886	G	2	0.0	0.0	0.0	0.0	6	0	0	
PILOT-2018007979__F__gpt4o-mini__rep0.json	PILOT-2018007979	F	0	0.0	0.0	0.0	0.0	3	0	0	
PILOT-2018007979__F__gpt4o-mini__rep1.json	PILOT-2018007979	F	1	0.0	0.0	0.0	0.0	3	0	0	
PILOT-2018007979__F__gpt4o-mini__rep2.json	PILOT-2018007979	F	2	0.0	0.0	0.0	0.0	3	0	0	
PILOT-2018007979__F__gpt5.4__rep0.json	PILOT-2018007979	F	0	0.0	0.0	0.0	0.0	3	0	0	
PILOT-2018007979__F__gpt5.4__rep1.json	PILOT-2018007979	F	1	0.0	0.0	0.0	0.0	3	0	0	
PILOT-2018007979__F__gpt5.4__rep2.json	PILOT-2018007979	F	2	0.0	0.0	0.0	0.0	3	0	0	
PILOT-2018007979__F__haiku4.5__rep0.json	PILOT-2018007979	F	0	0.0854	0.1199	0.2039	0.151	3	0	0	
PILOT-2018007979__F__haiku4.5__rep1.json	PILOT-2018007979	F	1	0.043	0.0622	0.1191	0.0798	3	0	0	
PILOT-2018007979__F__haiku4.5__rep2.json	PILOT-2018007979	F	2	0.0774	0.1058	0.1964	0.1374	3	0	0	
PILOT-2018007979__F__sonnet4__rep0.json	PILOT-2018007979	F	0	0.0169	0.0205	0.0836	0.0328	3	0	0	
PILOT-2018007979__F__sonnet4__rep1.json	PILOT-2018007979	F	1	0.0163	0.0205	0.0707	0.0317	3	0	0	
PILOT-2018007979__F__sonnet4__rep2.json	PILOT-2018007979	F	2	0.0	0.0	0.0	0.0	3	0	0	
PILOT-2018007979__G__gpt4o-mini__rep0.json	PILOT-2018007979	G	0	0.0026	0.003	0.0175	0.0051	3	0	0	
PILOT-2018007979__G__gpt4o-mini__rep1.json	PILOT-2018007979	G	1	0.033	0.0391	0.1585	0.0627	3	0	0	
PILOT-2018007979__G__gpt4o-mini__rep2.json	PILOT-2018007979	G	2	None	None	None	None	0	3	0	no_aligned_claims
PILOT-2018007979__G__gpt5.4__rep0.json	PILOT-2018007979	G	0	0.0	0.0	0.0	0.0	3	0	0	
PILOT-2018007979__G__gpt5.4__rep1.json	PILOT-2018007979	G	1	0.0	0.0	0.0	0.0	3	0	0	
PILOT-2018007979__G__gpt5.4__rep2.json	PILOT-2018007979	G	2	0.0	0.0	0.0	0.0	3	0	0	
PILOT-2018007979__G__haiku4.5__rep0.json	PILOT-2018007979	G	0	0.0414	0.0691	0.079	0.0737	3	0	0	
PILOT-2018007979__G__haiku4.5__rep1.json	PILOT-2018007979	G	1	0.0182	0.0205	0.131	0.0354	3	0	0	
PILOT-2018007979__G__haiku4.5__rep2.json	PILOT-2018007979	G	2	0.0702	0.0881	0.2285	0.1263	3	0	0	
PILOT-2018007979__G__sonnet4__rep0.json	PILOT-2018007979	G	0	0.0	0.0	0.0	0.0	3	0	0	
PILOT-2018007979__G__sonnet4__rep1.json	PILOT-2018007979	G	1	0.0	0.0	0.0	0.0	3	0	0	
PILOT-2018007979__G__sonnet4__rep2.json	PILOT-2018007979	G	2	0.0	0.0	0.0	0.0	3	0	0	
PILOT-2019001867__F__gpt4o-mini__rep0.json	PILOT-2019001867	F	0	None	None	None	None	0	23	0	no_aligned_claims
PILOT-2019001867__F__gpt4o-mini__rep1.json	PILOT-2019001867	F	1	None	None	None	None	0	23	0	no_aligned_claims
PILOT-2019001867__F__gpt4o-mini__rep2.json	PILOT-2019001867	F	2	0.0032	0.0033	0.0439	0.0061	23	0	0	
PILOT-2019001867__F__gpt5.4__rep0.json	PILOT-2019001867	F	0	0.0281	0.0309	0.0785	0.0383	23	0	0	
PILOT-2019001867__F__gpt5.4__rep1.json	PILOT-2019001867	F	1	0.0324	0.0352	0.1013	0.0469	23	0	0	
PILOT-2019001867__F__gpt5.4__rep2.json	PILOT-2019001867	F	2	0.027	0.029	0.0767	0.0372	23	0	0	
PILOT-2019001867__F__haiku4.5__rep0.json	PILOT-2019001867	F	0	0.0247	0.0266	0.0517	0.0328	23	0	0	
PILOT-2019001867__F__haiku4.5__rep1.json	PILOT-2019001867	F	1	0.025	0.0266	0.0525	0.033	23	0	0	
PILOT-2019001867__F__haiku4.5__rep2.json	PILOT-2019001867	F	2	0.0256	0.0283	0.0506	0.0336	23	0	0	
PILOT-2019001867__F__sonnet4__rep0.json	PILOT-2019001867	F	0	0.0009	0.0011	0.01	0.0018	23	0	0	
PILOT-2019001867__F__sonnet4__rep1.json	PILOT-2019001867	F	1	0.0009	0.0011	0.01	0.0018	23	0	0	
PILOT-2019001867__F__sonnet4__rep2.json	PILOT-2019001867	F	2	0.0009	0.0011	0.01	0.0018	23	0	0	
PILOT-2019001867__G__gpt4o-mini__rep0.json	PILOT-2019001867	G	0	0.0006	0.0007	0.0149	0.0012	23	0	0	
PILOT-2019001867__G__gpt4o-mini__rep1.json	PILOT-2019001867	G	1	0.0045	0.0057	0.0179	0.0083	23	0	0	
PILOT-2019001867__G__gpt4o-mini__rep2.json	PILOT-2019001867	G	2	0.0006	0.0007	0.0149	0.0012	23	0	0	
PILOT-2019001867__G__gpt5.4__rep0.json	PILOT-2019001867	G	0	0.0214	0.0241	0.0748	0.032	23	0	0	
PILOT-2019001867__G__gpt5.4__rep1.json	PILOT-2019001867	G	1	0.0269	0.029	0.0738	0.037	23	0	0	
PILOT-2019001867__G__gpt5.4__rep2.json	PILOT-2019001867	G	2	0.0035	0.0037	0.0413	0.0067	23	0	0	
PILOT-2019001867__G__haiku4.5__rep0.json	PILOT-2019001867	G	0	0.0193	0.0222	0.0462	0.0279	23	0	0	
PILOT-2019001867__G__haiku4.5__rep1.json	PILOT-2019001867	G	1	0.0185	0.0211	0.0465	0.0271	23	0	0	
PILOT-2019001867__G__haiku4.5__rep2.json	PILOT-2019001867	G	2	0.0185	0.0211	0.0465	0.0271	23	0	0	
PILOT-2019001867__G__sonnet4__rep0.json	PILOT-2019001867	G	0	0.0012	0.0013	0.0123	0.0023	23	0	0	
PILOT-2019001867__G__sonnet4__rep1.json	PILOT-2019001867	G	1	0.0012	0.0013	0.0123	0.0023	23	0	0	
PILOT-2019001867__G__sonnet4__rep2.json	PILOT-2019001867	G	2	0.0012	0.0013	0.0123	0.0023	23	0	0	
PILOT-2019002001__F__gpt4o-mini__rep0.json	PILOT-2019002001	F	0	None	None	None	None	0	18	0	no_aligned_claims
PILOT-2019002001__F__gpt4o-mini__rep1.json	PILOT-2019002001	F	1	0.035	0.0609	0.0583	0.0596	5	13	0	
PILOT-2019002001__F__gpt4o-mini__rep2.json	PILOT-2019002001	F	2	0.035	0.0609	0.0583	0.0596	5	13	0	
PILOT-2019002001__F__gpt5.4__rep0.json	PILOT-2019002001	F	0	0.0154	0.033	0.0228	0.027	18	0	0	
PILOT-2019002001__F__gpt5.4__rep1.json	PILOT-2019002001	F	1	0.0218	0.0458	0.0342	0.0391	18	0	0	
PILOT-2019002001__F__gpt5.4__rep2.json	PILOT-2019002001	F	2	0.0674	0.1244	0.1164	0.1172	18	0	0	
PILOT-2019002001__F__haiku4.5__rep0.json	PILOT-2019002001	F	0	0.0357	0.0821	0.0554	0.0643	18	0	0	
PILOT-2019002001__F__haiku4.5__rep1.json	PILOT-2019002001	F	1	0.0307	0.0671	0.0481	0.0551	18	0	0	
PILOT-2019002001__F__haiku4.5__rep2.json	PILOT-2019002001	F	2	0.0351	0.0821	0.0543	0.0632	18	0	0	
PILOT-2019002001__F__sonnet4__rep0.json	PILOT-2019002001	F	0	0.0195	0.0363	0.0325	0.034	18	0	0	
PILOT-2019002001__F__sonnet4__rep1.json	PILOT-2019002001	F	1	0.0215	0.0459	0.0338	0.0384	18	0	0	
PILOT-2019002001__F__sonnet4__rep2.json	PILOT-2019002001	F	2	0.0193	0.0363	0.0314	0.0336	18	0	0	
PILOT-2019002001__G__gpt4o-mini__rep0.json	PILOT-2019002001	G	0	0.0292	0.0507	0.0486	0.0496	6	12	0	
PILOT-2019002001__G__gpt4o-mini__rep1.json	PILOT-2019002001	G	1	0.029	0.0581	0.045	0.0507	5	13	0	
PILOT-2019002001__G__gpt4o-mini__rep2.json	PILOT-2019002001	G	2	0.035	0.0609	0.0583	0.0596	5	13	0	
PILOT-2019002001__G__gpt5.4__rep0.json	PILOT-2019002001	G	0	0.0405	0.0844	0.0634	0.0714	10	8	0	
PILOT-2019002001__G__gpt5.4__rep1.json	PILOT-2019002001	G	1	0.0242	0.0484	0.0375	0.0423	6	12	0	
PILOT-2019002001__G__gpt5.4__rep2.json	PILOT-2019002001	G	2	0.0198	0.0507	0.0271	0.0353	6	12	0	
PILOT-2019002001__G__haiku4.5__rep0.json	PILOT-2019002001	G	0	0.0368	0.0932	0.054	0.0664	18	0	0	
PILOT-2019002001__G__haiku4.5__rep1.json	PILOT-2019002001	G	1	0.0311	0.0693	0.0493	0.0566	18	0	0	
PILOT-2019002001__G__haiku4.5__rep2.json	PILOT-2019002001	G	2	0.0348	0.0821	0.0552	0.0629	18	0	0	
PILOT-2019002001__G__sonnet4__rep0.json	PILOT-2019002001	G	0	0.0178	0.033	0.0287	0.0306	18	0	0	
PILOT-2019002001__G__sonnet4__rep1.json	PILOT-2019002001	G	1	0.0198	0.0372	0.0328	0.0346	18	0	0	
PILOT-2019002001__G__sonnet4__rep2.json	PILOT-2019002001	G	2	0.0178	0.033	0.0287	0.0306	18	0	0	
PILOT-2019002439__F__gpt4o-mini__rep0.json	PILOT-2019002439	F	0	0.0267	0.0331	0.0952	0.0451	21	4	0	
PILOT-2019002439__F__gpt4o-mini__rep1.json	PILOT-2019002439	F	1	0.0057	0.0083	0.0167	0.0111	4	21	0	
PILOT-2019002439__F__gpt4o-mini__rep2.json	PILOT-2019002439	F	2	0.0	0.0	0.0	0.0	14	11	0	
PILOT-2019002439__F__gpt5.4__rep0.json	PILOT-2019002439	F	0	0.0028	0.0041	0.0085	0.0054	25	0	0	
PILOT-2019002439__F__gpt5.4__rep1.json	PILOT-2019002439	F	1	0.0023	0.0037	0.0057	0.0045	25	0	0	
PILOT-2019002439__F__gpt5.4__rep2.json	PILOT-2019002439	F	2	0.0041	0.0059	0.0119	0.0078	25	0	0	
PILOT-2019002439__F__haiku4.5__rep0.json	PILOT-2019002439	F	0	0.0334	0.0462	0.1158	0.0628	25	0	0	
PILOT-2019002439__F__haiku4.5__rep1.json	PILOT-2019002439	F	1	0.0071	0.0095	0.0241	0.0135	25	0	0	
PILOT-2019002439__F__haiku4.5__rep2.json	PILOT-2019002439	F	2	0.0073	0.0124	0.0159	0.0135	25	0	0	
PILOT-2019002439__F__sonnet4__rep0.json	PILOT-2019002439	F	0	0.0003	0.0004	0.0012	0.0006	23	2	0	
PILOT-2019002439__F__sonnet4__rep1.json	PILOT-2019002439	F	1	0.0	0.0	0.0	0.0	23	2	0	
PILOT-2019002439__F__sonnet4__rep2.json	PILOT-2019002439	F	2	0.0061	0.0071	0.0373	0.0117	25	0	0	
PILOT-2019002439__G__gpt4o-mini__rep0.json	PILOT-2019002439	G	0	None	None	None	None	0	25	0	no_aligned_claims
PILOT-2019002439__G__gpt4o-mini__rep1.json	PILOT-2019002439	G	1	0.0	0.0	0.0	0.0	12	13	0	
PILOT-2019002439__G__gpt4o-mini__rep2.json	PILOT-2019002439	G	2	None	None	None	None	0	25	0	no_aligned_claims
PILOT-2019002439__G__gpt5.4__rep0.json	PILOT-2019002439	G	0	0.0037	0.0056	0.0103	0.0071	25	0	0	
PILOT-2019002439__G__gpt5.4__rep1.json	PILOT-2019002439	G	1	0.0026	0.0037	0.0079	0.005	25	0	0	
PILOT-2019002439__G__gpt5.4__rep2.json	PILOT-2019002439	G	2	0.0041	0.0059	0.0115	0.0078	25	0	0	
PILOT-2019002439__G__haiku4.5__rep0.json	PILOT-2019002439	G	0	0.0171	0.0232	0.0539	0.0314	23	2	0	
PILOT-2019002439__G__haiku4.5__rep1.json	PILOT-2019002439	G	1	0.0052	0.0064	0.0221	0.0098	23	2	0	
PILOT-2019002439__G__haiku4.5__rep2.json	PILOT-2019002439	G	2	0.0115	0.0152	0.04	0.0219	23	2	0	
PILOT-2019002439__G__sonnet4__rep0.json	PILOT-2019002439	G	0	0.0006	0.0008	0.0025	0.0012	23	2	0	
PILOT-2019002439__G__sonnet4__rep1.json	PILOT-2019002439	G	1	0.0006	0.0008	0.0024	0.0012	23	2	0	
PILOT-2019002439__G__sonnet4__rep2.json	PILOT-2019002439	G	2	0.0006	0.0008	0.0024	0.0012	23	2	0	
PILOT-2019003829__F__gpt4o-mini__rep0.json	PILOT-2019003829	F	0	0.0818	0.1825	0.1165	0.139	7	0	0	
PILOT-2019003829__F__gpt4o-mini__rep1.json	PILOT-2019003829	F	1	0.0458	0.1746	0.0624	0.0821	7	0	0	
PILOT-2019003829__F__gpt4o-mini__rep2.json	PILOT-2019003829	F	2	0.1	0.25	0.1	0.1429	4	3	0	
PILOT-2019003829__F__gpt5.4__rep0.json	PILOT-2019003829	F	0	0.0168	0.0408	0.0238	0.0301	7	0	0	
PILOT-2019003829__F__gpt5.4__rep1.json	PILOT-2019003829	F	1	0.0136	0.0408	0.0179	0.0248	7	0	0	
PILOT-2019003829__F__gpt5.4__rep2.json	PILOT-2019003829	F	2	0.1176	0.2857	0.1667	0.2105	1	6	0	
PILOT-2019003829__F__haiku4.5__rep0.json	PILOT-2019003829	F	0	0.0	0.0	0.0	0.0	7	0	0	
PILOT-2019003829__F__haiku4.5__rep1.json	PILOT-2019003829	F	1	0.0	0.0	0.0	0.0	7	0	0	
PILOT-2019003829__F__haiku4.5__rep2.json	PILOT-2019003829	F	2	0.0	0.0	0.0	0.0	5	2	0	
PILOT-2019003829__F__sonnet4__rep0.json	PILOT-2019003829	F	0	0.0	0.0	0.0	0.0	7	0	0	
PILOT-2019003829__F__sonnet4__rep1.json	PILOT-2019003829	F	1	0.0	0.0	0.0	0.0	7	0	0	
PILOT-2019003829__F__sonnet4__rep2.json	PILOT-2019003829	F	2	0.0204	0.0476	0.0317	0.0381	7	0	0	
PILOT-2019003829__G__gpt4o-mini__rep0.json	PILOT-2019003829	G	0	0.125	0.2191	0.1673	0.1891	5	2	0	
PILOT-2019003829__G__gpt4o-mini__rep1.json	PILOT-2019003829	G	1	0.2569	0.5655	0.3281	0.3815	4	3	0	
PILOT-2019003829__G__gpt4o-mini__rep2.json	PILOT-2019003829	G	2	0.0357	0.0612	0.0536	0.0571	7	0	0	
PILOT-2019003829__G__gpt5.4__rep0.json	PILOT-2019003829	G	0	0.0168	0.0408	0.0238	0.0301	7	0	0	
PILOT-2019003829__G__gpt5.4__rep1.json	PILOT-2019003829	G	1	0.0168	0.0408	0.0238	0.0301	7	0	0	
PILOT-2019003829__G__gpt5.4__rep2.json	PILOT-2019003829	G	2	0.0168	0.0408	0.0238	0.0301	7	0	0	
PILOT-2019003829__G__haiku4.5__rep0.json	PILOT-2019003829	G	0	0.0	0.0	0.0	0.0	7	0	0	
PILOT-2019003829__G__haiku4.5__rep1.json	PILOT-2019003829	G	1	0.0	0.0	0.0	0.0	7	0	0	
PILOT-2019003829__G__haiku4.5__rep2.json	PILOT-2019003829	G	2	0.0	0.0	0.0	0.0	7	0	0	
PILOT-2019003829__G__sonnet4__rep0.json	PILOT-2019003829	G	0	0.0	0.0	0.0	0.0	7	0	0	
PILOT-2019003829__G__sonnet4__rep1.json	PILOT-2019003829	G	1	0.0	0.0	0.0	0.0	7	0	0	
PILOT-2019003829__G__sonnet4__rep2.json	PILOT-2019003829	G	2	0.0	0.0	0.0	0.0	7	0	0	
PILOT-2019005007__F__gpt4o-mini__rep0.json	PILOT-2019005007	F	0	0.0	0.0	0.0	0.0	4	20	0	
PILOT-2019005007__F__gpt4o-mini__rep1.json	PILOT-2019005007	F	1	0.0667	0.1283	0.1026	0.114	5	19	0	
PILOT-2019005007__F__gpt4o-mini__rep2.json	PILOT-2019005007	F	2	0.0	0.0	0.0	0.0	4	20	0	
PILOT-2019005007__F__gpt5.4__rep0.json	PILOT-2019005007	F	0	0.0167	0.0238	0.0333	0.0278	24	0	0	
PILOT-2019005007__F__gpt5.4__rep1.json	PILOT-2019005007	F	1	0.0	0.0	0.0	0.0	23	1	0	
PILOT-2019005007__F__gpt5.4__rep2.json	PILOT-2019005007	F	2	0.0167	0.0238	0.0333	0.0278	24	0	0	
PILOT-2019005007__F__haiku4.5__rep0.json	PILOT-2019005007	F	0	0.0	0.0	0.0	0.0	23	1	0	
PILOT-2019005007__F__haiku4.5__rep1.json	PILOT-2019005007	F	1	0.0	0.0	0.0	0.0	19	5	0	
PILOT-2019005007__F__haiku4.5__rep2.json	PILOT-2019005007	F	2	0.001	0.005	0.0013	0.002	20	4	0	
PILOT-2019005007__F__sonnet4__rep0.json	PILOT-2019005007	F	0	0.0	0.0	0.0	0.0	24	0	0	
PILOT-2019005007__F__sonnet4__rep1.json	PILOT-2019005007	F	1	0.0	0.0	0.0	0.0	24	0	0	
PILOT-2019005007__F__sonnet4__rep2.json	PILOT-2019005007	F	2	0.0	0.0	0.0	0.0	24	0	0	
PILOT-2019005007__G__gpt4o-mini__rep0.json	PILOT-2019005007	G	0	0.0936	0.2099	0.1508	0.1658	4	20	0	
PILOT-2019005007__G__gpt4o-mini__rep1.json	PILOT-2019005007	G	1	0.0	0.0	0.0	0.0	2	22	0	
PILOT-2019005007__G__gpt4o-mini__rep2.json	PILOT-2019005007	G	2	0.0	0.0	0.0	0.0	4	20	0	
PILOT-2019005007__G__gpt5.4__rep0.json	PILOT-2019005007	G	0	0.0	0.0	0.0	0.0	23	1	0	
PILOT-2019005007__G__gpt5.4__rep1.json	PILOT-2019005007	G	1	0.0	0.0	0.0	0.0	20	4	0	
PILOT-2019005007__G__gpt5.4__rep2.json	PILOT-2019005007	G	2	0.0064	0.0084	0.0202	0.0119	24	0	0	
PILOT-2019005007__G__haiku4.5__rep0.json	PILOT-2019005007	G	0	0.0	0.0	0.0	0.0	20	4	0	
PILOT-2019005007__G__haiku4.5__rep1.json	PILOT-2019005007	G	1	0.0	0.0	0.0	0.0	20	4	0	
PILOT-2019005007__G__haiku4.5__rep2.json	PILOT-2019005007	G	2	0.0	0.0	0.0	0.0	23	1	0	
PILOT-2019005007__G__sonnet4__rep0.json	PILOT-2019005007	G	0	0.0021	0.0061	0.0032	0.0042	24	0	0	
PILOT-2019005007__G__sonnet4__rep1.json	PILOT-2019005007	G	1	0.0	0.0	0.0	0.0	24	0	0	
PILOT-2019005007__G__sonnet4__rep2.json	PILOT-2019005007	G	2	0.0	0.0	0.0	0.0	24	0	0	
PILOT-2019005292__F__gpt4o-mini__rep0.json	PILOT-2019005292	F	0	0.0184	0.02	0.1547	0.0347	20	0	0	
PILOT-2019005292__F__gpt4o-mini__rep1.json	PILOT-2019005292	F	1	0.0047	0.0053	0.0354	0.009	12	8	0	
PILOT-2019005292__F__gpt4o-mini__rep2.json	PILOT-2019005292	F	2	0.0087	0.0094	0.0935	0.0168	20	0	0	
PILOT-2019005292__F__gpt5.4__rep0.json	PILOT-2019005292	F	0	0.0063	0.0106	0.0144	0.0122	20	0	0	
PILOT-2019005292__F__gpt5.4__rep1.json	PILOT-2019005292	F	1	0.0069	0.0073	0.0688	0.0131	20	0	0	
PILOT-2019005292__F__gpt5.4__rep2.json	PILOT-2019005292	F	2	0.0179	0.0265	0.0446	0.0329	20	0	0	
PILOT-2019005292__F__haiku4.5__rep0.json	PILOT-2019005292	F	0	0.0136	0.017	0.0634	0.0268	3	17	0	
PILOT-2019005292__F__haiku4.5__rep1.json	PILOT-2019005292	F	1	0.0137	0.017	0.0647	0.0269	3	17	0	
PILOT-2019005292__F__haiku4.5__rep2.json	PILOT-2019005292	F	2	0.0152	0.0252	0.0383	0.0285	20	0	0	
PILOT-2019005292__F__sonnet4__rep0.json	PILOT-2019005292	F	0	0.0009	0.0011	0.0037	0.0017	20	0	0	
PILOT-2019005292__F__sonnet4__rep1.json	PILOT-2019005292	F	1	0.0009	0.0011	0.0037	0.0017	20	0	0	
PILOT-2019005292__F__sonnet4__rep2.json	PILOT-2019005292	F	2	0.0009	0.0011	0.0037	0.0017	20	0	0	
PILOT-2019005292__G__gpt4o-mini__rep0.json	PILOT-2019005292	G	0	None	None	None	None	0	20	0	no_aligned_claims
PILOT-2019005292__G__gpt4o-mini__rep1.json	PILOT-2019005292	G	1	None	None	None	None	0	20	0	no_aligned_claims
PILOT-2019005292__G__gpt4o-mini__rep2.json	PILOT-2019005292	G	2	0.0124	0.0177	0.0417	0.0241	4	16	0	
PILOT-2019005292__G__gpt5.4__rep0.json	PILOT-2019005292	G	0	0.0019	0.003	0.0051	0.0038	20	0	0	
PILOT-2019005292__G__gpt5.4__rep1.json	PILOT-2019005292	G	1	0.0019	0.003	0.0051	0.0038	20	0	0	
PILOT-2019005292__G__gpt5.4__rep2.json	PILOT-2019005292	G	2	0.0037	0.006	0.0086	0.0071	20	0	0	
PILOT-2019005292__G__haiku4.5__rep0.json	PILOT-2019005292	G	0	0.0156	0.0178	0.1055	0.0295	20	0	0	
PILOT-2019005292__G__haiku4.5__rep1.json	PILOT-2019005292	G	1	0.0215	0.0284	0.0675	0.0397	15	5	0	
PILOT-2019005292__G__haiku4.5__rep2.json	PILOT-2019005292	G	2	0.0064	0.0093	0.0204	0.0125	18	2	0	
PILOT-2019005292__G__sonnet4__rep0.json	PILOT-2019005292	G	0	0.0009	0.0011	0.0037	0.0017	20	0	0	
PILOT-2019005292__G__sonnet4__rep1.json	PILOT-2019005292	G	1	0.0	0.0	0.0	0.0	20	0	0	
PILOT-2019005292__G__sonnet4__rep2.json	PILOT-2019005292	G	2	0.0	0.0	0.0	0.0	20	0	0	
PILOT-2019005776__F__gpt4o-mini__rep0.json	PILOT-2019005776	F	0	0.013	0.0152	0.0833	0.0256	1	0	0	
PILOT-2019005776__F__gpt4o-mini__rep1.json	PILOT-2019005776	F	1	0.0111	0.0152	0.04	0.022	1	0	0	
PILOT-2019005776__F__gpt4o-mini__rep2.json	PILOT-2019005776	F	2	0.0704	0.0758	0.5	0.1316	1	0	0	
PILOT-2019005776__F__gpt5.4__rep0.json	PILOT-2019005776	F	0	0.1111	0.1515	0.2941	0.2	1	0	0	
PILOT-2019005776__F__gpt5.4__rep1.json	PILOT-2019005776	F	1	0.0685	0.0758	0.4167	0.1282	1	0	0	
PILOT-2019005776__F__gpt5.4__rep2.json	PILOT-2019005776	F	2	0.0886	0.1061	0.35	0.1628	1	0	0	
PILOT-2019005776__F__haiku4.5__rep0.json	PILOT-2019005776	F	0	0.0411	0.0455	0.3	0.0789	1	0	0	
PILOT-2019005776__F__haiku4.5__rep1.json	PILOT-2019005776	F	1	0.0411	0.0455	0.3	0.0789	1	0	0	
PILOT-2019005776__F__haiku4.5__rep2.json	PILOT-2019005776	F	2	0.0423	0.0455	0.375	0.0811	1	0	0	
PILOT-2019005776__F__sonnet4__rep0.json	PILOT-2019005776	F	0	0.0704	0.0758	0.5	0.1316	1	0	0	
PILOT-2019005776__F__sonnet4__rep1.json	PILOT-2019005776	F	1	0.0704	0.0758	0.5	0.1316	1	0	0	
PILOT-2019005776__F__sonnet4__rep2.json	PILOT-2019005776	F	2	0.0704	0.0758	0.5	0.1316	1	0	0	
PILOT-2019005776__G__gpt4o-mini__rep0.json	PILOT-2019005776	G	0	0.0405	0.0455	0.2727	0.0779	1	0	0	
PILOT-2019005776__G__gpt4o-mini__rep1.json	PILOT-2019005776	G	1	0.0417	0.0455	0.3333	0.08	1	0	0	
PILOT-2019005776__G__gpt4o-mini__rep2.json	PILOT-2019005776	G	2	0.0115	0.0152	0.0455	0.0227	1	0	0	
PILOT-2019005776__G__gpt5.4__rep0.json	PILOT-2019005776	G	0	0.1099	0.1515	0.2857	0.198	1	0	0	
PILOT-2019005776__G__gpt5.4__rep1.json	PILOT-2019005776	G	1	0.1111	0.1515	0.2941	0.2	1	0	0	
PILOT-2019005776__G__gpt5.4__rep2.json	PILOT-2019005776	G	2	0.1124	0.1515	0.303	0.202	1	0	0	
PILOT-2019005776__G__haiku4.5__rep0.json	PILOT-2019005776	G	0	0.0411	0.0455	0.3	0.0789	1	0	0	
PILOT-2019005776__G__haiku4.5__rep1.json	PILOT-2019005776	G	1	0.0411	0.0455	0.3	0.0789	1	0	0	
PILOT-2019005776__G__haiku4.5__rep2.json	PILOT-2019005776	G	2	0.0411	0.0455	0.3	0.0789	1	0	0	
PILOT-2019005776__G__sonnet4__rep0.json	PILOT-2019005776	G	0	0.0563	0.0606	0.4444	0.1067	1	0	0	
PILOT-2019005776__G__sonnet4__rep1.json	PILOT-2019005776	G	1	0.0704	0.0758	0.5	0.1316	1	0	0	
PILOT-2019005776__G__sonnet4__rep2.json	PILOT-2019005776	G	2	0.0704	0.0758	0.5	0.1316	1	0	0	
PILOT-2019006119__F__gpt4o-mini__rep0.json	PILOT-2019006119	F	0	None	None	None	None	0	1	0	no_aligned_claims
PILOT-2019006119__F__gpt4o-mini__rep1.json	PILOT-2019006119	F	1	None	None	None	None	0	1	0	no_aligned_claims
PILOT-2019006119__F__gpt4o-mini__rep2.json	PILOT-2019006119	F	2	None	None	None	None	0	1	0	no_aligned_claims
PILOT-2019006119__F__gpt5.4__rep0.json	PILOT-2019006119	F	0	0.0	0.0	0.0	0.0	1	0	0	
PILOT-2019006119__F__gpt5.4__rep1.json	PILOT-2019006119	F	1	0.0	0.0	0.0	0.0	1	0	0	
PILOT-2019006119__F__gpt5.4__rep2.json	PILOT-2019006119	F	2	0.0	0.0	0.0	0.0	1	0	0	
PILOT-2019006119__F__haiku4.5__rep0.json	PILOT-2019006119	F	0	0.0	0.0	0.0	0.0	1	0	0	
PILOT-2019006119__F__haiku4.5__rep1.json	PILOT-2019006119	F	1	None	None	None	None	0	1	0	no_aligned_claims
PILOT-2019006119__F__haiku4.5__rep2.json	PILOT-2019006119	F	2	None	None	None	None	0	1	0	no_aligned_claims
PILOT-2019006119__F__sonnet4__rep0.json	PILOT-2019006119	F	0	0.0	0.0	0.0	0.0	1	0	0	
PILOT-2019006119__F__sonnet4__rep1.json	PILOT-2019006119	F	1	0.0	0.0	0.0	0.0	1	0	0	
PILOT-2019006119__F__sonnet4__rep2.json	PILOT-2019006119	F	2	0.0	0.0	0.0	0.0	1	0	0	
PILOT-2019006119__G__gpt4o-mini__rep0.json	PILOT-2019006119	G	0	0.0	0.0	0.0	0.0	1	0	0	
PILOT-2019006119__G__gpt4o-mini__rep1.json	PILOT-2019006119	G	1	0.0	0.0	0.0	0.0	1	0	0	
PILOT-2019006119__G__gpt4o-mini__rep2.json	PILOT-2019006119	G	2	0.0	0.0	0.0	0.0	1	0	0	
PILOT-2019006119__G__gpt5.4__rep0.json	PILOT-2019006119	G	0	0.0	0.0	0.0	0.0	1	0	0	
PILOT-2019006119__G__gpt5.4__rep1.json	PILOT-2019006119	G	1	0.0	0.0	0.0	0.0	1	0	0	
PILOT-2019006119__G__gpt5.4__rep2.json	PILOT-2019006119	G	2	0.0	0.0	0.0	0.0	1	0	0	
PILOT-2019006119__G__haiku4.5__rep0.json	PILOT-2019006119	G	0	0.0	0.0	0.0	0.0	1	0	0	
PILOT-2019006119__G__haiku4.5__rep1.json	PILOT-2019006119	G	1	None	None	None	None	0	1	0	no_aligned_claims
PILOT-2019006119__G__haiku4.5__rep2.json	PILOT-2019006119	G	2	0.0	0.0	0.0	0.0	1	0	0	
PILOT-2019006119__G__sonnet4__rep0.json	PILOT-2019006119	G	0	0.0	0.0	0.0	0.0	1	0	0	
PILOT-2019006119__G__sonnet4__rep1.json	PILOT-2019006119	G	1	0.0	0.0	0.0	0.0	1	0	0	
PILOT-2019006119__G__sonnet4__rep2.json	PILOT-2019006119	G	2	0.0	0.0	0.0	0.0	1	0	0	
PILOT-2020000122__F__gpt4o-mini__rep0.json	PILOT-2020000122	F	0	0.0819	0.1329	0.227	0.1511	9	10	0	
PILOT-2020000122__F__gpt4o-mini__rep1.json	PILOT-2020000122	F	1	0.0098	0.0242	0.0389	0.0185	9	10	0	
PILOT-2020000122__F__gpt4o-mini__rep2.json	PILOT-2020000122	F	2	0.05	0.0563	0.3929	0.0931	3	16	0	
PILOT-2020000122__F__gpt5.4__rep0.json	PILOT-2020000122	F	0	0.0144	0.0262	0.0422	0.0273	14	5	0	
PILOT-2020000122__F__gpt5.4__rep1.json	PILOT-2020000122	F	1	0.0054	0.008	0.0157	0.0103	19	0	0	
PILOT-2020000122__F__gpt5.4__rep2.json	PILOT-2020000122	F	2	0.0028	0.0037	0.0103	0.0054	19	0	0	
PILOT-2020000122__F__haiku4.5__rep0.json	PILOT-2020000122	F	0	0.0109	0.0283	0.0247	0.0208	19	0	0	
PILOT-2020000122__F__haiku4.5__rep1.json	PILOT-2020000122	F	1	0.0884	0.1578	0.1676	0.1548	19	0	0	
PILOT-2020000122__F__haiku4.5__rep2.json	PILOT-2020000122	F	2	0.0239	0.0552	0.0485	0.0449	19	0	0	
PILOT-2020000122__F__sonnet4__rep0.json	PILOT-2020000122	F	0	0.0009	0.001	0.0139	0.0019	18	1	0	
PILOT-2020000122__F__sonnet4__rep1.json	PILOT-2020000122	F	1	0.0071	0.0136	0.0168	0.0135	19	0	0	
PILOT-2020000122__F__sonnet4__rep2.json	PILOT-2020000122	F	2	0.0028	0.004	0.0089	0.0054	19	0	0	
PILOT-2020000122__G__gpt4o-mini__rep0.json	PILOT-2020000122	G	0	0.0341	0.0641	0.1014	0.0654	8	11	0	
PILOT-2020000122__G__gpt4o-mini__rep1.json	PILOT-2020000122	G	1	0.0098	0.0311	0.0449	0.0187	7	12	0	
PILOT-2020000122__G__gpt4o-mini__rep2.json	PILOT-2020000122	G	2	0.0324	0.0493	0.1108	0.0604	19	0	0	
PILOT-2020000122__G__gpt5.4__rep0.json	PILOT-2020000122	G	0	0.0113	0.0176	0.0371	0.0216	19	0	0	
PILOT-2020000122__G__gpt5.4__rep1.json	PILOT-2020000122	G	1	0.0077	0.0106	0.0236	0.0146	19	0	0	
PILOT-2020000122__G__gpt5.4__rep2.json	PILOT-2020000122	G	2	0.0252	0.0417	0.0633	0.0468	19	0	0	
PILOT-2020000122__G__haiku4.5__rep0.json	PILOT-2020000122	G	0	0.0557	0.0887	0.135	0.1015	19	0	0	
PILOT-2020000122__G__haiku4.5__rep1.json	PILOT-2020000122	G	1	0.0244	0.046	0.0542	0.0454	19	0	0	
PILOT-2020000122__G__haiku4.5__rep2.json	PILOT-2020000122	G	2	0.0425	0.0817	0.0874	0.0785	19	0	0	
PILOT-2020000122__G__sonnet4__rep0.json	PILOT-2020000122	G	0	0.0008	0.0009	0.0038	0.0015	19	0	0	
PILOT-2020000122__G__sonnet4__rep1.json	PILOT-2020000122	G	1	0.0016	0.0019	0.0096	0.0032	19	0	0	
PILOT-2020000122__G__sonnet4__rep2.json	PILOT-2020000122	G	2	0.0016	0.0019	0.0081	0.0031	19	0	0	
PILOT-2020000158__F__gpt4o-mini__rep0.json	PILOT-2020000158	F	0	0.0	0.0	0.0	0.0	20	0	0	
PILOT-2020000158__F__gpt4o-mini__rep1.json	PILOT-2020000158	F	1	0.0	0.0	0.0	0.0	20	0	0	
PILOT-2020000158__F__gpt4o-mini__rep2.json	PILOT-2020000158	F	2	0.0	0.0	0.0	0.0	20	0	0	
PILOT-2020000158__F__gpt5.4__rep0.json	PILOT-2020000158	F	0	0.0338	0.0342	0.14	0.0541	20	0	0	
PILOT-2020000158__F__gpt5.4__rep1.json	PILOT-2020000158	F	1	0.0005	0.0014	0.0009	0.0011	20	0	0	
PILOT-2020000158__F__gpt5.4__rep2.json	PILOT-2020000158	F	2	0.0055	0.0064	0.0422	0.0106	20	0	0	
PILOT-2020000158__F__haiku4.5__rep0.json	PILOT-2020000158	F	0	0.0101	0.0121	0.0582	0.0192	20	0	0	
PILOT-2020000158__F__haiku4.5__rep1.json	PILOT-2020000158	F	1	0.0	0.0	0.0	0.0	20	0	0	
PILOT-2020000158__F__haiku4.5__rep2.json	PILOT-2020000158	F	2	0.0477	0.0656	0.1293	0.0796	20	0	0	
PILOT-2020000158__F__sonnet4__rep0.json	PILOT-2020000158	F	0	0.0163	0.02	0.0471	0.0281	20	0	0	
PILOT-2020000158__F__sonnet4__rep1.json	PILOT-2020000158	F	1	0.0046	0.005	0.04	0.0089	20	0	0	
PILOT-2020000158__F__sonnet4__rep2.json	PILOT-2020000158	F	2	0.0046	0.005	0.04	0.0089	20	0	0	
PILOT-2020000158__G__gpt4o-mini__rep0.json	PILOT-2020000158	G	0	0.0	0.0	0.0	0.0	20	0	0	
PILOT-2020000158__G__gpt4o-mini__rep1.json	PILOT-2020000158	G	1	0.0	0.0	0.0	0.0	20	0	0	
PILOT-2020000158__G__gpt4o-mini__rep2.json	PILOT-2020000158	G	2	0.0	0.0	0.0	0.0	2	18	0	
PILOT-2020000158__G__gpt5.4__rep0.json	PILOT-2020000158	G	0	0.0	0.0	0.0	0.0	20	0	0	
PILOT-2020000158__G__gpt5.4__rep1.json	PILOT-2020000158	G	1	0.0	0.0	0.0	0.0	20	0	0	
PILOT-2020000158__G__gpt5.4__rep2.json	PILOT-2020000158	G	2	0.0297	0.0306	0.1009	0.0463	20	0	0	
PILOT-2020000158__G__haiku4.5__rep0.json	PILOT-2020000158	G	0	0.0082	0.0092	0.06	0.0158	20	0	0	
PILOT-2020000158__G__haiku4.5__rep1.json	PILOT-2020000158	G	1	0.0175	0.02	0.083	0.0319	20	0	0	
PILOT-2020000158__G__haiku4.5__rep2.json	PILOT-2020000158	G	2	0.0032	0.0042	0.0121	0.0062	20	0	0	
PILOT-2020000158__G__sonnet4__rep0.json	PILOT-2020000158	G	0	0.0	0.0	0.0	0.0	20	0	0	
PILOT-2020000158__G__sonnet4__rep1.json	PILOT-2020000158	G	1	0.0	0.0	0.0	0.0	20	0	0	
PILOT-2020000158__G__sonnet4__rep2.json	PILOT-2020000158	G	2	0.0	0.0	0.0	0.0	20	0	0	
PILOT-2020000362__F__gpt4o-mini__rep0.json	PILOT-2020000362	F	0	None	None	None	None	0	15	0	no_aligned_claims
PILOT-2020000362__F__gpt4o-mini__rep1.json	PILOT-2020000362	F	1	None	None	None	None	0	15	0	no_aligned_claims
PILOT-2020000362__F__gpt4o-mini__rep2.json	PILOT-2020000362	F	2	None	None	None	None	0	15	0	no_aligned_claims
PILOT-2020000362__F__gpt5.4__rep0.json	PILOT-2020000362	F	0	0.0038	0.0051	0.0133	0.0073	15	0	0	
PILOT-2020000362__F__gpt5.4__rep1.json	PILOT-2020000362	F	1	0.0044	0.0061	0.0139	0.0085	13	2	0	
PILOT-2020000362__F__gpt5.4__rep2.json	PILOT-2020000362	F	2	0.0052	0.0074	0.0171	0.0102	15	0	0	
PILOT-2020000362__F__haiku4.5__rep0.json	PILOT-2020000362	F	0	0.006	0.0104	0.0158	0.0118	15	0	0	
PILOT-2020000362__F__haiku4.5__rep1.json	PILOT-2020000362	F	1	0.0057	0.0097	0.0155	0.0112	15	0	0	
PILOT-2020000362__F__haiku4.5__rep2.json	PILOT-2020000362	F	2	0.0077	0.0141	0.0186	0.015	15	0	0	
PILOT-2020000362__F__sonnet4__rep0.json	PILOT-2020000362	F	0	0.0066	0.0082	0.0338	0.0127	15	0	0	
PILOT-2020000362__F__sonnet4__rep1.json	PILOT-2020000362	F	1	0.0073	0.0097	0.0267	0.0141	15	0	0	
PILOT-2020000362__F__sonnet4__rep2.json	PILOT-2020000362	F	2	0.0051	0.0067	0.0222	0.01	15	0	0	
PILOT-2020000362__G__gpt4o-mini__rep0.json	PILOT-2020000362	G	0	0.0	0.0	0.0	0.0	3	12	0	
PILOT-2020000362__G__gpt4o-mini__rep1.json	PILOT-2020000362	G	1	0.0	0.0	0.0	0.0	2	13	0	
PILOT-2020000362__G__gpt4o-mini__rep2.json	PILOT-2020000362	G	2	None	None	None	None	0	15	0	no_aligned_claims
PILOT-2020000362__G__gpt5.4__rep0.json	PILOT-2020000362	G	0	0.0051	0.0067	0.0222	0.01	15	0	0	
PILOT-2020000362__G__gpt5.4__rep1.json	PILOT-2020000362	G	1	0.0038	0.0051	0.0133	0.0073	15	0	0	
PILOT-2020000362__G__gpt5.4__rep2.json	PILOT-2020000362	G	2	0.0038	0.0051	0.0133	0.0073	15	0	0	
PILOT-2020000362__G__haiku4.5__rep0.json	PILOT-2020000362	G	0	0.008	0.0141	0.0196	0.0155	15	0	0	
PILOT-2020000362__G__haiku4.5__rep1.json	PILOT-2020000362	G	1	0.0239	0.0428	0.053	0.0459	15	0	0	
PILOT-2020000362__G__haiku4.5__rep2.json	PILOT-2020000362	G	2	0.0078	0.0142	0.0189	0.0152	15	0	0	
PILOT-2020000362__G__sonnet4__rep0.json	PILOT-2020000362	G	0	0.0066	0.0082	0.0338	0.0127	15	0	0	
PILOT-2020000362__G__sonnet4__rep1.json	PILOT-2020000362	G	1	0.0368	0.0578	0.063	0.0547	15	0	0	
PILOT-2020000362__G__sonnet4__rep2.json	PILOT-2020000362	G	2	0.0074	0.0097	0.0275	0.0143	15	0	0	
PILOT-2020000402__F__gpt4o-mini__rep0.json	PILOT-2020000402	F	0	0.0494	0.0837	0.0893	0.086	6	0	0	
PILOT-2020000402__F__gpt4o-mini__rep1.json	PILOT-2020000402	F	1	0.0525	0.0948	0.0893	0.0906	6	0	0	
PILOT-2020000402__F__gpt4o-mini__rep2.json	PILOT-2020000402	F	2	0.0	0.0	0.0	0.0	6	0	0	
PILOT-2020000402__F__gpt5.4__rep0.json	PILOT-2020000402	F	0	0.0278	0.0418	0.0667	0.0514	6	0	0	
PILOT-2020000402__F__gpt5.4__rep1.json	PILOT-2020000402	F	1	0.0304	0.0418	0.0833	0.0556	6	0	0	
PILOT-2020000402__F__gpt5.4__rep2.json	PILOT-2020000402	F	2	0.0306	0.0454	0.0782	0.0568	6	0	0	
PILOT-2020000402__F__haiku4.5__rep0.json	PILOT-2020000402	F	0	0.0	0.0	0.0	0.0	4	2	0	
PILOT-2020000402__F__haiku4.5__rep1.json	PILOT-2020000402	F	1	0.0	0.0	0.0	0.0	4	2	0	
PILOT-2020000402__F__haiku4.5__rep2.json	PILOT-2020000402	F	2	0.0	0.0	0.0	0.0	3	3	0	
PILOT-2020000402__F__sonnet4__rep0.json	PILOT-2020000402	F	0	0.0159	0.0209	0.0556	0.0304	6	0	0	
PILOT-2020000402__F__sonnet4__rep1.json	PILOT-2020000402	F	1	0.0159	0.0209	0.0556	0.0304	6	0	0	
PILOT-2020000402__F__sonnet4__rep2.json	PILOT-2020000402	F	2	0.0159	0.0209	0.0556	0.0304	6	0	0	
PILOT-2020000402__G__gpt4o-mini__rep0.json	PILOT-2020000402	G	0	0.029	0.0418	0.0741	0.0534	6	0	0	
PILOT-2020000402__G__gpt4o-mini__rep1.json	PILOT-2020000402	G	1	0.0544	0.0948	0.0951	0.0935	6	0	0	
PILOT-2020000402__G__gpt4o-mini__rep2.json	PILOT-2020000402	G	2	0.0667	0.1003	0.2399	0.1184	6	0	0	
PILOT-2020000402__G__gpt5.4__rep0.json	PILOT-2020000402	G	0	0.267	0.3151	0.3503	0.3296	6	0	0	
PILOT-2020000402__G__gpt5.4__rep1.json	PILOT-2020000402	G	1	0.0159	0.0209	0.0556	0.0304	6	0	0	
PILOT-2020000402__G__gpt5.4__rep2.json	PILOT-2020000402	G	2	0.0304	0.0418	0.0833	0.0556	6	0	0	
PILOT-2020000402__G__haiku4.5__rep0.json	PILOT-2020000402	G	0	0.0	0.0	0.0	0.0	4	2	0	
PILOT-2020000402__G__haiku4.5__rep1.json	PILOT-2020000402	G	1	0.0159	0.0209	0.0556	0.0304	6	0	0	
PILOT-2020000402__G__haiku4.5__rep2.json	PILOT-2020000402	G	2	0.0	0.0	0.0	0.0	4	2	0	
PILOT-2020000402__G__sonnet4__rep0.json	PILOT-2020000402	G	0	0.0159	0.0209	0.0556	0.0304	6	0	0	
PILOT-2020000402__G__sonnet4__rep1.json	PILOT-2020000402	G	1	0.0159	0.0209	0.0556	0.0304	6	0	0	
PILOT-2020000402__G__sonnet4__rep2.json	PILOT-2020000402	G	2	0.0159	0.0209	0.0556	0.0304	6	0	0	
PILOT-2020000676__F__gpt4o-mini__rep0.json	PILOT-2020000676	F	0	0.0	0.0	0.0	0.0	6	0	0	
PILOT-2020000676__F__gpt4o-mini__rep1.json	PILOT-2020000676	F	1	0.0	0.0	0.0	0.0	2	4	0	
PILOT-2020000676__F__gpt4o-mini__rep2.json	PILOT-2020000676	F	2	0.0	0.0	0.0	0.0	2	4	0	
PILOT-2020000676__F__gpt5.4__rep0.json	PILOT-2020000676	F	0	0.0	0.0	0.0	0.0	6	0	0	
PILOT-2020000676__F__gpt5.4__rep1.json	PILOT-2020000676	F	1	0.0	0.0	0.0	0.0	6	0	0	
PILOT-2020000676__F__gpt5.4__rep2.json	PILOT-2020000676	F	2	0.0	0.0	0.0	0.0	6	0	0	
PILOT-2020000676__F__haiku4.5__rep0.json	PILOT-2020000676	F	0	0.0	0.0	0.0	0.0	6	0	0	
PILOT-2020000676__F__haiku4.5__rep1.json	PILOT-2020000676	F	1	0.0	0.0	0.0	0.0	6	0	0	
PILOT-2020000676__F__haiku4.5__rep2.json	PILOT-2020000676	F	2	0.0	0.0	0.0	0.0	6	0	0	
PILOT-2020000676__F__sonnet4__rep0.json	PILOT-2020000676	F	0	0.0	0.0	0.0	0.0	6	0	0	
PILOT-2020000676__F__sonnet4__rep1.json	PILOT-2020000676	F	1	0.0	0.0	0.0	0.0	3	3	0	
PILOT-2020000676__F__sonnet4__rep2.json	PILOT-2020000676	F	2	0.0	0.0	0.0	0.0	6	0	0	
PILOT-2020000676__G__gpt4o-mini__rep0.json	PILOT-2020000676	G	0	0.0	0.0	0.0	0.0	6	0	0	
PILOT-2020000676__G__gpt4o-mini__rep1.json	PILOT-2020000676	G	1	0.0	0.0	0.0	0.0	6	0	0	
PILOT-2020000676__G__gpt4o-mini__rep2.json	PILOT-2020000676	G	2	0.0	0.0	0.0	0.0	6	0	0	
PILOT-2020000676__G__gpt5.4__rep0.json	PILOT-2020000676	G	0	0.0	0.0	0.0	0.0	6	0	0	
PILOT-2020000676__G__gpt5.4__rep1.json	PILOT-2020000676	G	1	0.0	0.0	0.0	0.0	6	0	0	
PILOT-2020000676__G__gpt5.4__rep2.json	PILOT-2020000676	G	2	0.0	0.0	0.0	0.0	6	0	0	
PILOT-2020000676__G__haiku4.5__rep0.json	PILOT-2020000676	G	0	0.0	0.0	0.0	0.0	6	0	0	
PILOT-2020000676__G__haiku4.5__rep1.json	PILOT-2020000676	G	1	0.0	0.0	0.0	0.0	6	0	0	
PILOT-2020000676__G__haiku4.5__rep2.json	PILOT-2020000676	G	2	0.0	0.0	0.0	0.0	3	3	0	
PILOT-2020000676__G__sonnet4__rep0.json	PILOT-2020000676	G	0	0.0	0.0	0.0	0.0	6	0	0	
PILOT-2020000676__G__sonnet4__rep1.json	PILOT-2020000676	G	1	0.0	0.0	0.0	0.0	6	0	0	
PILOT-2020000676__G__sonnet4__rep2.json	PILOT-2020000676	G	2	0.0177	0.5	0.0177	0.0341	6	0	0	
PILOT-2020001769__F__gpt4o-mini__rep0.json	PILOT-2020001769	F	0	0.0	0.0	0.0	0.0	4	6	0	
PILOT-2020001769__F__gpt4o-mini__rep1.json	PILOT-2020001769	F	1	0.0	0.0	0.0	0.0	4	6	0	
PILOT-2020001769__F__gpt4o-mini__rep2.json	PILOT-2020001769	F	2	0.0	0.0	0.0	0.0	4	6	0	
PILOT-2020001769__F__gpt5.4__rep0.json	PILOT-2020001769	F	0	0.0	0.0	0.0	0.0	10	0	0	
PILOT-2020001769__F__gpt5.4__rep1.json	PILOT-2020001769	F	1	0.0	0.0	0.0	0.0	10	0	0	
PILOT-2020001769__F__gpt5.4__rep2.json	PILOT-2020001769	F	2	0.0	0.0	0.0	0.0	9	1	0	
PILOT-2020001769__F__haiku4.5__rep0.json	PILOT-2020001769	F	0	0.0	0.0	0.0	0.0	4	6	0	
PILOT-2020001769__F__haiku4.5__rep1.json	PILOT-2020001769	F	1	0.0276	0.6	0.0276	0.0517	10	0	0	
PILOT-2020001769__F__haiku4.5__rep2.json	PILOT-2020001769	F	2	0.0071	0.1	0.0071	0.0133	10	0	0	
PILOT-2020001769__F__sonnet4__rep0.json	PILOT-2020001769	F	0	0.0	0.0	0.0	0.0	10	0	0	
PILOT-2020001769__F__sonnet4__rep1.json	PILOT-2020001769	F	1	None	None	None	None	0	10	0	no_aligned_claims
PILOT-2020001769__F__sonnet4__rep2.json	PILOT-2020001769	F	2	0.0	0.0	0.0	0.0	10	0	0	
PILOT-2020001769__G__gpt4o-mini__rep0.json	PILOT-2020001769	G	0	0.0	0.0	0.0	0.0	10	0	0	
PILOT-2020001769__G__gpt4o-mini__rep1.json	PILOT-2020001769	G	1	0.0096	0.0833	0.0104	0.0185	4	6	0	
PILOT-2020001769__G__gpt4o-mini__rep2.json	PILOT-2020001769	G	2	0.0	0.0	0.0	0.0	4	6	0	
PILOT-2020001769__G__gpt5.4__rep0.json	PILOT-2020001769	G	0	0.0	0.0	0.0	0.0	10	0	0	
PILOT-2020001769__G__gpt5.4__rep1.json	PILOT-2020001769	G	1	0.0	0.0	0.0	0.0	7	3	0	
PILOT-2020001769__G__gpt5.4__rep2.json	PILOT-2020001769	G	2	0.0	0.0	0.0	0.0	8	2	0	
PILOT-2020001769__G__haiku4.5__rep0.json	PILOT-2020001769	G	0	0.0	0.0	0.0	0.0	9	1	0	
PILOT-2020001769__G__haiku4.5__rep1.json	PILOT-2020001769	G	1	0.0	0.0	0.0	0.0	6	4	0	
PILOT-2020001769__G__haiku4.5__rep2.json	PILOT-2020001769	G	2	0.0	0.0	0.0	0.0	8	2	0	
PILOT-2020001769__G__sonnet4__rep0.json	PILOT-2020001769	G	0	0.0	0.0	0.0	0.0	10	0	0	
PILOT-2020001769__G__sonnet4__rep1.json	PILOT-2020001769	G	1	0.0	0.0	0.0	0.0	10	0	0	
PILOT-2020001769__G__sonnet4__rep2.json	PILOT-2020001769	G	2	0.0	0.0	0.0	0.0	10	0	0	
PILOT-2020002332__F__gpt4o-mini__rep0.json	PILOT-2020002332	F	0	None	None	None	None	0	25	0	no_aligned_claims
PILOT-2020002332__F__gpt4o-mini__rep1.json	PILOT-2020002332	F	1	0.0077	0.0089	0.042	0.0145	25	0	0	
PILOT-2020002332__F__gpt4o-mini__rep2.json	PILOT-2020002332	F	2	0.0798	0.1205	0.2096	0.1434	7	18	0	
PILOT-2020002332__F__gpt5.4__rep0.json	PILOT-2020002332	F	0	0.0349	0.0519	0.0888	0.0613	13	12	0	
PILOT-2020002332__F__gpt5.4__rep1.json	PILOT-2020002332	F	1	0.0311	0.0463	0.0755	0.0541	25	0	0	
PILOT-2020002332__F__gpt5.4__rep2.json	PILOT-2020002332	F	2	0.0311	0.0463	0.0755	0.0541	25	0	0	
PILOT-2020002332__F__haiku4.5__rep0.json	PILOT-2020002332	F	0	0.0302	0.0427	0.0977	0.0549	24	1	0	
PILOT-2020002332__F__haiku4.5__rep1.json	PILOT-2020002332	F	1	0.07	0.1029	0.1792	0.1239	10	15	0	
PILOT-2020002332__F__haiku4.5__rep2.json	PILOT-2020002332	F	2	0.0231	0.0337	0.0651	0.0414	25	0	0	
PILOT-2020002332__F__sonnet4__rep0.json	PILOT-2020002332	F	0	0.0266	0.0463	0.0583	0.0471	25	0	0	
PILOT-2020002332__F__sonnet4__rep1.json	PILOT-2020002332	F	1	0.0358	0.0521	0.0915	0.0625	25	0	0	
PILOT-2020002332__F__sonnet4__rep2.json	PILOT-2020002332	F	2	0.0363	0.0524	0.1015	0.0638	25	0	0	
PILOT-2020002332__G__gpt4o-mini__rep0.json	PILOT-2020002332	G	0	None	None	None	None	0	25	0	no_aligned_claims
PILOT-2020002332__G__gpt4o-mini__rep1.json	PILOT-2020002332	G	1	0.0317	0.0362	0.1725	0.0588	12	13	0	
PILOT-2020002332__G__gpt4o-mini__rep2.json	PILOT-2020002332	G	2	0.0249	0.0284	0.1117	0.044	25	0	0	
PILOT-2020002332__G__gpt5.4__rep0.json	PILOT-2020002332	G	0	0.0133	0.0169	0.0588	0.0263	1	24	0	
PILOT-2020002332__G__gpt5.4__rep1.json	PILOT-2020002332	G	1	0.028	0.0412	0.0717	0.0496	25	0	0	
PILOT-2020002332__G__gpt5.4__rep2.json	PILOT-2020002332	G	2	0.0296	0.0438	0.0736	0.0519	25	0	0	
PILOT-2020002332__G__haiku4.5__rep0.json	PILOT-2020002332	G	0	0.0383	0.0542	0.1118	0.0684	24	1	0	
PILOT-2020002332__G__haiku4.5__rep1.json	PILOT-2020002332	G	1	0.0226	0.0298	0.0761	0.0417	24	1	0	
PILOT-2020002332__G__haiku4.5__rep2.json	PILOT-2020002332	G	2	0.0319	0.0446	0.1011	0.0576	25	0	0	
PILOT-2020002332__G__sonnet4__rep0.json	PILOT-2020002332	G	0	0.028	0.0412	0.0717	0.0496	25	0	0	
PILOT-2020002332__G__sonnet4__rep1.json	PILOT-2020002332	G	1	0.028	0.0412	0.0717	0.0496	25	0	0	
PILOT-2020002332__G__sonnet4__rep2.json	PILOT-2020002332	G	2	0.028	0.0412	0.0717	0.0496	25	0	0	
PILOT-2020002369__F__gpt4o-mini__rep0.json	PILOT-2020002369	F	0	0.0046	0.0056	0.0214	0.0088	20	0	0	
PILOT-2020002369__F__gpt4o-mini__rep1.json	PILOT-2020002369	F	1	0.0462	0.0558	0.2143	0.0884	2	18	0	
PILOT-2020002369__F__gpt4o-mini__rep2.json	PILOT-2020002369	F	2	0.0478	0.0558	0.25	0.0911	2	18	0	
PILOT-2020002369__F__gpt5.4__rep0.json	PILOT-2020002369	F	0	0.0146	0.0245	0.032	0.0264	20	0	0	
PILOT-2020002369__F__gpt5.4__rep1.json	PILOT-2020002369	F	1	0.0142	0.0245	0.0307	0.0259	20	0	0	
PILOT-2020002369__F__gpt5.4__rep2.json	PILOT-2020002369	F	2	0.0158	0.026	0.0326	0.0278	20	0	0	
PILOT-2020002369__F__haiku4.5__rep0.json	PILOT-2020002369	F	0	0.0035	0.0037	0.0333	0.0067	20	0	0	
PILOT-2020002369__F__haiku4.5__rep1.json	PILOT-2020002369	F	1	0.0	0.0	0.0	0.0	20	0	0	
PILOT-2020002369__F__haiku4.5__rep2.json	PILOT-2020002369	F	2	0.0045	0.0067	0.0111	0.0083	20	0	0	
PILOT-2020002369__F__sonnet4__rep0.json	PILOT-2020002369	F	0	0.0078	0.0104	0.0333	0.0147	20	0	0	
PILOT-2020002369__F__sonnet4__rep1.json	PILOT-2020002369	F	1	0.0106	0.0142	0.0417	0.02	20	0	0	
PILOT-2020002369__F__sonnet4__rep2.json	PILOT-2020002369	F	2	0.0328	0.0354	0.0833	0.048	20	0	0	
PILOT-2020002369__G__gpt4o-mini__rep0.json	PILOT-2020002369	G	0	0.0449	0.0558	0.1875	0.0858	2	18	0	
PILOT-2020002369__G__gpt4o-mini__rep1.json	PILOT-2020002369	G	1	0.0081	0.0094	0.0414	0.0153	20	0	0	
PILOT-2020002369__G__gpt4o-mini__rep2.json	PILOT-2020002369	G	2	0.0493	0.0558	0.3	0.094	2	18	0	
PILOT-2020002369__G__gpt5.4__rep0.json	PILOT-2020002369	G	0	0.0131	0.0245	0.0268	0.0239	20	0	0	
PILOT-2020002369__G__gpt5.4__rep1.json	PILOT-2020002369	G	1	0.0135	0.0235	0.0293	0.0247	20	0	0	
PILOT-2020002369__G__gpt5.4__rep2.json	PILOT-2020002369	G	2	0.0146	0.0245	0.032	0.0264	20	0	0	
PILOT-2020002369__G__haiku4.5__rep0.json	PILOT-2020002369	G	0	0.0048	0.0056	0.025	0.0091	20	0	0	
PILOT-2020002369__G__haiku4.5__rep1.json	PILOT-2020002369	G	1	0.0041	0.0056	0.0136	0.0079	20	0	0	
PILOT-2020002369__G__haiku4.5__rep2.json	PILOT-2020002369	G	2	0.006	0.007	0.0312	0.0114	16	4	0	
PILOT-2020002369__G__sonnet4__rep0.json	PILOT-2020002369	G	0	0.0252	0.0323	0.09	0.0451	20	0	0	
PILOT-2020002369__G__sonnet4__rep1.json	PILOT-2020002369	G	1	0.0048	0.0056	0.025	0.0091	20	0	0	
PILOT-2020002369__G__sonnet4__rep2.json	PILOT-2020002369	G	2	0.0048	0.0056	0.025	0.0091	20	0	0	
PILOT-2020002555__F__gpt4o-mini__rep0.json	PILOT-2020002555	F	0	0.0547	0.0916	0.1156	0.1009	7	13	0	
PILOT-2020002555__F__gpt4o-mini__rep1.json	PILOT-2020002555	F	1	0.0347	0.0848	0.0928	0.0609	19	1	0	
PILOT-2020002555__F__gpt4o-mini__rep2.json	PILOT-2020002555	F	2	0.041	0.0629	0.1139	0.075	20	0	0	
PILOT-2020002555__F__gpt5.4__rep0.json	PILOT-2020002555	F	0	0.0095	0.0141	0.0253	0.0179	20	0	0	
PILOT-2020002555__F__gpt5.4__rep1.json	PILOT-2020002555	F	1	0.0569	0.1053	0.091	0.0887	20	0	0	
PILOT-2020002555__F__gpt5.4__rep2.json	PILOT-2020002555	F	2	0.008	0.012	0.021	0.015	20	0	0	
PILOT-2020002555__F__haiku4.5__rep0.json	PILOT-2020002555	F	0	0.0153	0.0245	0.037	0.0289	20	0	0	
PILOT-2020002555__F__haiku4.5__rep1.json	PILOT-2020002555	F	1	0.0153	0.0245	0.037	0.0289	20	0	0	
PILOT-2020002555__F__haiku4.5__rep2.json	PILOT-2020002555	F	2	0.0157	0.0247	0.0386	0.0298	20	0	0	
PILOT-2020002555__F__sonnet4__rep0.json	PILOT-2020002555	F	0	0.008	0.012	0.0203	0.0149	20	0	0	
PILOT-2020002555__F__sonnet4__rep1.json	PILOT-2020002555	F	1	0.008	0.012	0.0203	0.0149	20	0	0	
PILOT-2020002555__F__sonnet4__rep2.json	PILOT-2020002555	F	2	0.008	0.012	0.0202	0.0149	20	0	0	
PILOT-2020002555__G__gpt4o-mini__rep0.json	PILOT-2020002555	G	0	0.0777	0.1538	0.1671	0.1338	8	12	0	
PILOT-2020002555__G__gpt4o-mini__rep1.json	PILOT-2020002555	G	1	0.2156	0.75	0.2643	0.3385	10	10	0	
PILOT-2020002555__G__gpt4o-mini__rep2.json	PILOT-2020002555	G	2	0.0283	0.0432	0.0706	0.0507	20	0	0	
PILOT-2020002555__G__gpt5.4__rep0.json	PILOT-2020002555	G	0	0.008	0.012	0.021	0.015	20	0	0	
PILOT-2020002555__G__gpt5.4__rep1.json	PILOT-2020002555	G	1	0.0099	0.0141	0.0346	0.0187	20	0	0	
PILOT-2020002555__G__gpt5.4__rep2.json	PILOT-2020002555	G	2	0.008	0.012	0.0206	0.015	20	0	0	
PILOT-2020002555__G__haiku4.5__rep0.json	PILOT-2020002555	G	0	0.019	0.0354	0.0466	0.0356	18	2	0	
PILOT-2020002555__G__haiku4.5__rep1.json	PILOT-2020002555	G	1	0.008	0.012	0.0201	0.0149	20	0	0	
PILOT-2020002555__G__haiku4.5__rep2.json	PILOT-2020002555	G	2	0.0071	0.012	0.0176	0.0133	20	0	0	
PILOT-2020002555__G__sonnet4__rep0.json	PILOT-2020002555	G	0	0.0561	0.11	0.0693	0.0799	20	0	0	
PILOT-2020002555__G__sonnet4__rep1.json	PILOT-2020002555	G	1	0.0561	0.11	0.0693	0.0799	20	0	0	
PILOT-2020002555__G__sonnet4__rep2.json	PILOT-2020002555	G	2	0.0089	0.0133	0.0229	0.0166	18	2	0	
PILOT-2020002688__F__gpt4o-mini__rep0.json	PILOT-2020002688	F	0	0.1075	0.1694	0.1406	0.1498	8	0	0	
PILOT-2020002688__F__gpt4o-mini__rep1.json	PILOT-2020002688	F	1	0.1037	0.1502	0.1584	0.1473	8	0	0	
PILOT-2020002688__F__gpt4o-mini__rep2.json	PILOT-2020002688	F	2	0.0479	0.0721	0.1019	0.0833	8	0	0	
PILOT-2020002688__F__gpt5.4__rep0.json	PILOT-2020002688	F	0	0.0012	0.0014	0.0078	0.0024	8	0	0	
PILOT-2020002688__F__gpt5.4__rep1.json	PILOT-2020002688	F	1	0.0012	0.0014	0.0063	0.0023	8	0	0	
PILOT-2020002688__F__gpt5.4__rep2.json	PILOT-2020002688	F	2	0.0012	0.0014	0.0069	0.0024	8	0	0	
PILOT-2020002688__F__haiku4.5__rep0.json	PILOT-2020002688	F	0	0.0163	0.0261	0.0454	0.0312	8	0	0	
PILOT-2020002688__F__haiku4.5__rep1.json	PILOT-2020002688	F	1	0.0465	0.1125	0.056	0.0701	8	0	0	
PILOT-2020002688__F__haiku4.5__rep2.json	PILOT-2020002688	F	2	0.0319	0.0475	0.0889	0.0593	8	0	0	
PILOT-2020002688__F__sonnet4__rep0.json	PILOT-2020002688	F	0	0.009	0.0164	0.0214	0.0171	8	0	0	
PILOT-2020002688__F__sonnet4__rep1.json	PILOT-2020002688	F	1	0.0089	0.0164	0.0208	0.0168	8	0	0	
PILOT-2020002688__F__sonnet4__rep2.json	PILOT-2020002688	F	2	0.0089	0.0164	0.0222	0.0169	8	0	0	
PILOT-2020002688__G__gpt4o-mini__rep0.json	PILOT-2020002688	G	0	0.0051	0.0062	0.026	0.0099	8	0	0	
PILOT-2020002688__G__gpt4o-mini__rep1.json	PILOT-2020002688	G	1	None	None	None	None	0	8	0	no_aligned_claims
PILOT-2020002688__G__gpt4o-mini__rep2.json	PILOT-2020002688	G	2	0.0575	0.082	0.1279	0.0974	8	0	0	
PILOT-2020002688__G__gpt5.4__rep0.json	PILOT-2020002688	G	0	0.003	0.0036	0.0164	0.0059	8	0	0	
PILOT-2020002688__G__gpt5.4__rep1.json	PILOT-2020002688	G	1	0.0012	0.0014	0.0069	0.0024	8	0	0	
PILOT-2020002688__G__gpt5.4__rep2.json	PILOT-2020002688	G	2	0.0012	0.0014	0.0078	0.0024	8	0	0	
PILOT-2020002688__G__haiku4.5__rep0.json	PILOT-2020002688	G	0	0.013	0.0183	0.0372	0.0245	8	0	0	
PILOT-2020002688__G__haiku4.5__rep1.json	PILOT-2020002688	G	1	0.0221	0.0361	0.0577	0.0412	8	0	0	
PILOT-2020002688__G__haiku4.5__rep2.json	PILOT-2020002688	G	2	0.0089	0.0111	0.0403	0.0174	8	0	0	
PILOT-2020002688__G__sonnet4__rep0.json	PILOT-2020002688	G	0	0.0091	0.0164	0.0283	0.0173	8	0	0	
PILOT-2020002688__G__sonnet4__rep1.json	PILOT-2020002688	G	1	0.0146	0.0226	0.0662	0.0279	8	0	0	
PILOT-2020002688__G__sonnet4__rep2.json	PILOT-2020002688	G	2	0.0091	0.0164	0.0283	0.0173	8	0	0	
PILOT-2020002729__F__gpt4o-mini__rep0.json	PILOT-2020002729	F	0	0.0069	0.008	0.0582	0.0134	10	1	0	
PILOT-2020002729__F__gpt4o-mini__rep1.json	PILOT-2020002729	F	1	0.0253	0.0295	0.1579	0.0482	10	1	0	
PILOT-2020002729__F__gpt4o-mini__rep2.json	PILOT-2020002729	F	2	0.0293	0.0408	0.094	0.0526	10	1	0	
PILOT-2020002729__F__gpt5.4__rep0.json	PILOT-2020002729	F	0	0.0	0.0	0.0	0.0	11	0	0	
PILOT-2020002729__F__gpt5.4__rep1.json	PILOT-2020002729	F	1	0.0	0.0	0.0	0.0	11	0	0	
PILOT-2020002729__F__gpt5.4__rep2.json	PILOT-2020002729	F	2	0.0	0.0	0.0	0.0	11	0	0	
PILOT-2020002729__F__haiku4.5__rep0.json	PILOT-2020002729	F	0	0.0324	0.0456	0.0848	0.0575	11	0	0	
PILOT-2020002729__F__haiku4.5__rep1.json	PILOT-2020002729	F	1	0.0164	0.0205	0.0664	0.0308	11	0	0	
PILOT-2020002729__F__haiku4.5__rep2.json	PILOT-2020002729	F	2	0.0051	0.0066	0.02	0.0099	11	0	0	
PILOT-2020002729__F__sonnet4__rep0.json	PILOT-2020002729	F	0	0.0	0.0	0.0	0.0	11	0	0	
PILOT-2020002729__F__sonnet4__rep1.json	PILOT-2020002729	F	1	0.0	0.0	0.0	0.0	11	0	0	
PILOT-2020002729__F__sonnet4__rep2.json	PILOT-2020002729	F	2	0.0	0.0	0.0	0.0	11	0	0	
PILOT-2020002729__G__gpt4o-mini__rep0.json	PILOT-2020002729	G	0	None	None	None	None	0	11	0	no_aligned_claims
PILOT-2020002729__G__gpt4o-mini__rep1.json	PILOT-2020002729	G	1	0.014	0.019	0.0552	0.027	10	1	0	
PILOT-2020002729__G__gpt4o-mini__rep2.json	PILOT-2020002729	G	2	None	None	None	None	0	11	0	no_aligned_claims
PILOT-2020002729__G__gpt5.4__rep0.json	PILOT-2020002729	G	0	0.0	0.0	0.0	0.0	11	0	0	
PILOT-2020002729__G__gpt5.4__rep1.json	PILOT-2020002729	G	1	0.0	0.0	0.0	0.0	11	0	0	
PILOT-2020002729__G__gpt5.4__rep2.json	PILOT-2020002729	G	2	0.0	0.0	0.0	0.0	11	0	0	
PILOT-2020002729__G__haiku4.5__rep0.json	PILOT-2020002729	G	0	0.0103	0.0144	0.0288	0.0191	11	0	0	
PILOT-2020002729__G__haiku4.5__rep1.json	PILOT-2020002729	G	1	0.0129	0.0186	0.036	0.0243	11	0	0	
PILOT-2020002729__G__haiku4.5__rep2.json	PILOT-2020002729	G	2	0.0153	0.0216	0.047	0.0289	11	0	0	
PILOT-2020002729__G__sonnet4__rep0.json	PILOT-2020002729	G	0	0.0058	0.0066	0.0357	0.0112	11	0	0	
PILOT-2020002729__G__sonnet4__rep1.json	PILOT-2020002729	G	1	0.0069	0.008	0.0427	0.0135	11	0	0	
PILOT-2020002729__G__sonnet4__rep2.json	PILOT-2020002729	G	2	0.007	0.008	0.0433	0.0135	11	0	0	
PILOT-2020003998__F__gpt4o-mini__rep0.json	PILOT-2020003998	F	0	None							no_baseline
PILOT-2020003998__F__gpt4o-mini__rep1.json	PILOT-2020003998	F	1	None							no_baseline
PILOT-2020003998__F__gpt4o-mini__rep2.json	PILOT-2020003998	F	2	None							no_baseline
PILOT-2020003998__F__gpt5.4__rep0.json	PILOT-2020003998	F	0	None							no_baseline
PILOT-2020003998__F__gpt5.4__rep1.json	PILOT-2020003998	F	1	None							no_baseline
PILOT-2020003998__F__gpt5.4__rep2.json	PILOT-2020003998	F	2	None							no_baseline
PILOT-2020003998__F__haiku4.5__rep0.json	PILOT-2020003998	F	0	None							no_baseline
PILOT-2020003998__F__haiku4.5__rep1.json	PILOT-2020003998	F	1	None							no_baseline
PILOT-2020003998__F__haiku4.5__rep2.json	PILOT-2020003998	F	2	None							no_baseline
PILOT-2020003998__F__sonnet4__rep0.json	PILOT-2020003998	F	0	None							no_baseline
PILOT-2020003998__F__sonnet4__rep1.json	PILOT-2020003998	F	1	None							no_baseline
PILOT-2020003998__F__sonnet4__rep2.json	PILOT-2020003998	F	2	None							no_baseline
PILOT-2020003998__G__gpt4o-mini__rep0.json	PILOT-2020003998	G	0	None							no_baseline
PILOT-2020003998__G__gpt4o-mini__rep1.json	PILOT-2020003998	G	1	None							no_baseline
PILOT-2020003998__G__gpt4o-mini__rep2.json	PILOT-2020003998	G	2	None							no_baseline
PILOT-2020003998__G__gpt5.4__rep0.json	PILOT-2020003998	G	0	None							no_baseline
PILOT-2020003998__G__gpt5.4__rep1.json	PILOT-2020003998	G	1	None							no_baseline
PILOT-2020003998__G__gpt5.4__rep2.json	PILOT-2020003998	G	2	None							no_baseline
PILOT-2020003998__G__haiku4.5__rep0.json	PILOT-2020003998	G	0	None							no_baseline
PILOT-2020003998__G__haiku4.5__rep1.json	PILOT-2020003998	G	1	None							no_baseline
PILOT-2020003998__G__haiku4.5__rep2.json	PILOT-2020003998	G	2	None							no_baseline
PILOT-2020003998__G__sonnet4__rep0.json	PILOT-2020003998	G	0	None							no_baseline
PILOT-2020003998__G__sonnet4__rep1.json	PILOT-2020003998	G	1	None							no_baseline
PILOT-2020003998__G__sonnet4__rep2.json	PILOT-2020003998	G	2	None							no_baseline
PILOT-2020004768__F__gpt4o-mini__rep0.json	PILOT-2020004768	F	0	0.0769	0.1053	0.2222	0.1429	1	11	0	
PILOT-2020004768__F__gpt4o-mini__rep1.json	PILOT-2020004768	F	1	None	None	None	None	0	12	0	no_aligned_claims
PILOT-2020004768__F__gpt4o-mini__rep2.json	PILOT-2020004768	F	2	None	None	None	None	0	12	0	no_aligned_claims
PILOT-2020004768__F__gpt5.4__rep0.json	PILOT-2020004768	F	0	0.0196	0.1219	0.0206	0.0348	12	0	0	
PILOT-2020004768__F__gpt5.4__rep1.json	PILOT-2020004768	F	1	0.0196	0.1219	0.0206	0.0347	12	0	0	
PILOT-2020004768__F__gpt5.4__rep2.json	PILOT-2020004768	F	2	0.0176	0.11	0.0189	0.0318	12	0	0	
PILOT-2020004768__F__haiku4.5__rep0.json	PILOT-2020004768	F	0	0.0405	0.1579	0.0517	0.0779	1	11	0	
PILOT-2020004768__F__haiku4.5__rep1.json	PILOT-2020004768	F	1	0.0348	0.109	0.0411	0.0591	8	4	0	
PILOT-2020004768__F__haiku4.5__rep2.json	PILOT-2020004768	F	2	0.0065	0.0158	0.01	0.0122	10	2	0	
PILOT-2020004768__F__sonnet4__rep0.json	PILOT-2020004768	F	0	0.0201	0.1219	0.0217	0.0359	12	0	0	
PILOT-2020004768__F__sonnet4__rep1.json	PILOT-2020004768	F	1	0.0	0.0	0.0	0.0	12	0	0	
PILOT-2020004768__F__sonnet4__rep2.json	PILOT-2020004768	F	2	0.0213	0.1219	0.0245	0.0381	12	0	0	
PILOT-2020004768__G__gpt4o-mini__rep0.json	PILOT-2020004768	G	0	0.0606	0.1053	0.125	0.1143	1	11	0	
PILOT-2020004768__G__gpt4o-mini__rep1.json	PILOT-2020004768	G	1	None	None	None	None	0	12	0	no_aligned_claims
PILOT-2020004768__G__gpt4o-mini__rep2.json	PILOT-2020004768	G	2	0.0606	0.1053	0.125	0.1143	1	11	0	
PILOT-2020004768__G__gpt5.4__rep0.json	PILOT-2020004768	G	0	0.0207	0.1263	0.0219	0.0368	12	0	0	
PILOT-2020004768__G__gpt5.4__rep1.json	PILOT-2020004768	G	1	0.0196	0.1144	0.0214	0.0354	12	0	0	
PILOT-2020004768__G__gpt5.4__rep2.json	PILOT-2020004768	G	2	0.0207	0.1263	0.0219	0.0368	12	0	0	
PILOT-2020004768__G__haiku4.5__rep0.json	PILOT-2020004768	G	0	0.117	0.4574	0.1508	0.2021	3	9	0	
PILOT-2020004768__G__haiku4.5__rep1.json	PILOT-2020004768	G	1	0.117	0.4574	0.1508	0.2021	3	9	0	
PILOT-2020004768__G__haiku4.5__rep2.json	PILOT-2020004768	G	2	0.0094	0.0263	0.0135	0.0179	6	6	0	
PILOT-2020004768__G__sonnet4__rep0.json	PILOT-2020004768	G	0	0.0197	0.1219	0.0209	0.0351	12	0	0	
PILOT-2020004768__G__sonnet4__rep1.json	PILOT-2020004768	G	1	0.0205	0.1219	0.0221	0.0364	12	0	0	
PILOT-2020004768__G__sonnet4__rep2.json	PILOT-2020004768	G	2	0.0205	0.1219	0.0221	0.0364	12	0	0	
PILOT-2020006264__F__gpt4o-mini__rep0.json	PILOT-2020006264	F	0	0.037	0.0406	0.3166	0.0712	2	18	0	
PILOT-2020006264__F__gpt4o-mini__rep1.json	PILOT-2020006264	F	1	0.0824	0.105	0.2823	0.1518	2	18	0	
PILOT-2020006264__F__gpt4o-mini__rep2.json	PILOT-2020006264	F	2	0.0731	0.0902	0.2782	0.1361	2	18	0	
PILOT-2020006264__F__gpt5.4__rep0.json	PILOT-2020006264	F	0	0.0088	0.0117	0.0302	0.0164	16	4	0	
PILOT-2020006264__F__gpt5.4__rep1.json	PILOT-2020006264	F	1	0.0104	0.0153	0.0293	0.0196	20	0	0	
PILOT-2020006264__F__gpt5.4__rep2.json	PILOT-2020006264	F	2	0.0076	0.0111	0.02	0.0141	20	0	0	
PILOT-2020006264__F__haiku4.5__rep0.json	PILOT-2020006264	F	0	0.0085	0.0109	0.0278	0.0156	20	0	0	
PILOT-2020006264__F__haiku4.5__rep1.json	PILOT-2020006264	F	1	0.0088	0.0111	0.0305	0.0162	20	0	0	
PILOT-2020006264__F__haiku4.5__rep2.json	PILOT-2020006264	F	2	0.0088	0.0111	0.0305	0.0162	20	0	0	
PILOT-2020006264__F__sonnet4__rep0.json	PILOT-2020006264	F	0	0.0091	0.0111	0.0342	0.0167	20	0	0	
PILOT-2020006264__F__sonnet4__rep1.json	PILOT-2020006264	F	1	0.0021	0.0023	0.0158	0.0041	20	0	0	
PILOT-2020006264__F__sonnet4__rep2.json	PILOT-2020006264	F	2	0.0091	0.0111	0.0342	0.0167	20	0	0	
PILOT-2020006264__G__gpt4o-mini__rep0.json	PILOT-2020006264	G	0	0.011	0.0117	0.1556	0.0217	2	18	0	
PILOT-2020006264__G__gpt4o-mini__rep1.json	PILOT-2020006264	G	1	0.011	0.0117	0.1556	0.0217	2	18	0	
PILOT-2020006264__G__gpt4o-mini__rep2.json	PILOT-2020006264	G	2	0.0851	0.1093	0.2782	0.1563	2	18	0	
PILOT-2020006264__G__gpt5.4__rep0.json	PILOT-2020006264	G	0	0.0037	0.0046	0.0168	0.0072	20	0	0	
PILOT-2020006264__G__gpt5.4__rep1.json	PILOT-2020006264	G	1	0.0103	0.017	0.0221	0.019	20	0	0	
PILOT-2020006264__G__gpt5.4__rep2.json	PILOT-2020006264	G	2	0.0042	0.0055	0.0169	0.0082	20	0	0	
PILOT-2020006264__G__haiku4.5__rep0.json	PILOT-2020006264	G	0	0.0065	0.0111	0.0141	0.0122	20	0	0	
PILOT-2020006264__G__haiku4.5__rep1.json	PILOT-2020006264	G	1	0.0015	0.0023	0.0039	0.0029	20	0	0	
PILOT-2020006264__G__haiku4.5__rep2.json	PILOT-2020006264	G	2	0.0684	0.1842	0.0953	0.119	20	0	0	
PILOT-2020006264__G__sonnet4__rep0.json	PILOT-2020006264	G	0	0.0027	0.0032	0.0163	0.0053	20	0	0	
PILOT-2020006264__G__sonnet4__rep1.json	PILOT-2020006264	G	1	0.0027	0.0032	0.0163	0.0053	20	0	0	
PILOT-2020006264__G__sonnet4__rep2.json	PILOT-2020006264	G	2	0.0027	0.0032	0.0163	0.0053	20	0	0	
PILOT-2020006435__F__gpt4o-mini__rep0.json	PILOT-2020006435	F	0	0.0048	0.0417	0.0052	0.0093	8	14	0	
PILOT-2020006435__F__gpt4o-mini__rep1.json	PILOT-2020006435	F	1	0.003	0.0151	0.0035	0.0057	22	0	0	
PILOT-2020006435__F__gpt4o-mini__rep2.json	PILOT-2020006435	F	2	0.0037	0.0185	0.0043	0.0069	18	4	0	
PILOT-2020006435__F__gpt5.4__rep0.json	PILOT-2020006435	F	0	0.003	0.0151	0.0035	0.0057	22	0	0	
PILOT-2020006435__F__gpt5.4__rep1.json	PILOT-2020006435	F	1	0.003	0.0151	0.0035	0.0057	22	0	0	
PILOT-2020006435__F__gpt5.4__rep2.json	PILOT-2020006435	F	2	0.003	0.0151	0.0035	0.0057	22	0	0	
PILOT-2020006435__F__haiku4.5__rep0.json	PILOT-2020006435	F	0	0.003	0.0151	0.0035	0.0057	22	0	0	
PILOT-2020006435__F__haiku4.5__rep1.json	PILOT-2020006435	F	1	0.0012	0.0151	0.0013	0.0024	22	0	0	
PILOT-2020006435__F__haiku4.5__rep2.json	PILOT-2020006435	F	2	0.0013	0.0151	0.0014	0.0025	22	0	0	
PILOT-2020006435__F__sonnet4__rep0.json	PILOT-2020006435	F	0	0.003	0.0151	0.0035	0.0057	22	0	0	
PILOT-2020006435__F__sonnet4__rep1.json	PILOT-2020006435	F	1	0.003	0.0151	0.0035	0.0057	22	0	0	
PILOT-2020006435__F__sonnet4__rep2.json	PILOT-2020006435	F	2	0.003	0.0151	0.0035	0.0057	22	0	0	
PILOT-2020006435__G__gpt4o-mini__rep0.json	PILOT-2020006435	G	0	0.0095	0.0476	0.011	0.0179	7	15	0	
PILOT-2020006435__G__gpt4o-mini__rep1.json	PILOT-2020006435	G	1	0.0	0.0	0.0	0.0	3	19	0	
PILOT-2020006435__G__gpt4o-mini__rep2.json	PILOT-2020006435	G	2	0.003	0.0151	0.0035	0.0057	22	0	0	
PILOT-2020006435__G__gpt5.4__rep0.json	PILOT-2020006435	G	0	0.0018	0.0151	0.002	0.0035	22	0	0	
PILOT-2020006435__G__gpt5.4__rep1.json	PILOT-2020006435	G	1	0.0018	0.0151	0.0019	0.0034	22	0	0	
PILOT-2020006435__G__gpt5.4__rep2.json	PILOT-2020006435	G	2	0.003	0.0151	0.0035	0.0057	22	0	0	
PILOT-2020006435__G__haiku4.5__rep0.json	PILOT-2020006435	G	0	0.003	0.0151	0.0035	0.0057	22	0	0	
PILOT-2020006435__G__haiku4.5__rep1.json	PILOT-2020006435	G	1	0.003	0.0151	0.0035	0.0057	22	0	0	
PILOT-2020006435__G__haiku4.5__rep2.json	PILOT-2020006435	G	2	0.0094	0.1212	0.0096	0.0177	22	0	0	
PILOT-2020006435__G__sonnet4__rep0.json	PILOT-2020006435	G	0	0.003	0.0151	0.0035	0.0057	22	0	0	
PILOT-2020006435__G__sonnet4__rep1.json	PILOT-2020006435	G	1	0.003	0.0151	0.0035	0.0057	22	0	0	
PILOT-2020006435__G__sonnet4__rep2.json	PILOT-2020006435	G	2	0.003	0.0151	0.0035	0.0057	22	0	0	
PILOT-2021000834__F__gpt4o-mini__rep0.json	PILOT-2021000834	F	0	0.0062	0.0333	0.0072	0.0119	6	1	0	
PILOT-2021000834__F__gpt4o-mini__rep1.json	PILOT-2021000834	F	1	None	None	None	None	0	7	0	no_aligned_claims
PILOT-2021000834__F__gpt4o-mini__rep2.json	PILOT-2021000834	F	2	0.0966	0.1583	0.1944	0.1636	6	1	0	
PILOT-2021000834__F__gpt5.4__rep0.json	PILOT-2021000834	F	0	0.0996	0.1516	0.2238	0.1701	7	0	0	
PILOT-2021000834__F__gpt5.4__rep1.json	PILOT-2021000834	F	1	0.0999	0.1516	0.2244	0.1706	7	0	0	
PILOT-2021000834__F__gpt5.4__rep2.json	PILOT-2021000834	F	2	0.0997	0.1516	0.2239	0.1702	7	0	0	
PILOT-2021000834__F__haiku4.5__rep0.json	PILOT-2021000834	F	0	0.1031	0.1516	0.244	0.1767	7	0	0	
PILOT-2021000834__F__haiku4.5__rep1.json	PILOT-2021000834	F	1	0.1031	0.1516	0.244	0.1767	7	0	0	
PILOT-2021000834__F__haiku4.5__rep2.json	PILOT-2021000834	F	2	0.1031	0.1516	0.244	0.1767	7	0	0	
PILOT-2021000834__F__sonnet4__rep0.json	PILOT-2021000834	F	0	0.0685	0.0944	0.1775	0.1192	7	0	0	
PILOT-2021000834__F__sonnet4__rep1.json	PILOT-2021000834	F	1	0.0884	0.1516	0.1924	0.1529	7	0	0	
PILOT-2021000834__F__sonnet4__rep2.json	PILOT-2021000834	F	2	0.0998	0.1516	0.2242	0.1704	7	0	0	
PILOT-2021000834__G__gpt4o-mini__rep0.json	PILOT-2021000834	G	0	0.0615	0.0977	0.1389	0.1057	6	1	0	
PILOT-2021000834__G__gpt4o-mini__rep1.json	PILOT-2021000834	G	1	0.0523	0.0977	0.1204	0.0927	6	1	0	
PILOT-2021000834__G__gpt4o-mini__rep2.json	PILOT-2021000834	G	2	0.0325	0.0977	0.0685	0.0607	6	1	0	
PILOT-2021000834__G__gpt5.4__rep0.json	PILOT-2021000834	G	0	0.0576	0.0754	0.181	0.1024	7	0	0	
PILOT-2021000834__G__gpt5.4__rep1.json	PILOT-2021000834	G	1	0.0576	0.0754	0.181	0.1024	7	0	0	
PILOT-2021000834__G__gpt5.4__rep2.json	PILOT-2021000834	G	2	0.0997	0.1516	0.2238	0.1702	7	0	0	
PILOT-2021000834__G__haiku4.5__rep0.json	PILOT-2021000834	G	0	0.0563	0.0829	0.1444	0.102	7	0	0	
PILOT-2021000834__G__haiku4.5__rep1.json	PILOT-2021000834	G	1	0.0724	0.1095	0.1548	0.1279	7	0	0	
PILOT-2021000834__G__haiku4.5__rep2.json	PILOT-2021000834	G	2	0.0689	0.102	0.1571	0.1221	7	0	0	
PILOT-2021000834__G__sonnet4__rep0.json	PILOT-2021000834	G	0	0.0553	0.0679	0.1778	0.0979	7	0	0	
PILOT-2021000834__G__sonnet4__rep1.json	PILOT-2021000834	G	1	0.091	0.1155	0.2492	0.155	7	0	0	
PILOT-2021000834__G__sonnet4__rep2.json	PILOT-2021000834	G	2	0.1105	0.1536	0.2635	0.1893	7	0	0	
PILOT-2021001124__F__gpt4o-mini__rep0.json	PILOT-2021001124	F	0	None	None	None	None	0	11	0	no_aligned_claims
PILOT-2021001124__F__gpt4o-mini__rep1.json	PILOT-2021001124	F	1	None	None	None	None	0	11	0	no_aligned_claims
PILOT-2021001124__F__gpt4o-mini__rep2.json	PILOT-2021001124	F	2	None	None	None	None	0	11	0	no_aligned_claims
PILOT-2021001124__F__gpt5.4__rep0.json	PILOT-2021001124	F	0	0.0063	0.0091	0.0195	0.0124	11	0	0	
PILOT-2021001124__F__gpt5.4__rep1.json	PILOT-2021001124	F	1	0.0014	0.0019	0.0053	0.0028	11	0	0	
PILOT-2021001124__F__gpt5.4__rep2.json	PILOT-2021001124	F	2	0.0068	0.0091	0.0235	0.0131	11	0	0	
PILOT-2021001124__F__haiku4.5__rep0.json	PILOT-2021001124	F	0	0.0	0.0	0.0	0.0	11	0	0	
PILOT-2021001124__F__haiku4.5__rep1.json	PILOT-2021001124	F	1	0.0	0.0	0.0	0.0	11	0	0	
PILOT-2021001124__F__haiku4.5__rep2.json	PILOT-2021001124	F	2	0.0	0.0	0.0	0.0	11	0	0	
PILOT-2021001124__F__sonnet4__rep0.json	PILOT-2021001124	F	0	0.0076	0.0089	0.0496	0.0148	11	0	0	
PILOT-2021001124__F__sonnet4__rep1.json	PILOT-2021001124	F	1	0.0093	0.0107	0.0617	0.0182	11	0	0	
PILOT-2021001124__F__sonnet4__rep2.json	PILOT-2021001124	F	2	0.0017	0.0019	0.0152	0.0033	11	0	0	
PILOT-2021001124__G__gpt4o-mini__rep0.json	PILOT-2021001124	G	0	None	None	None	None	0	11	0	no_aligned_claims
PILOT-2021001124__G__gpt4o-mini__rep1.json	PILOT-2021001124	G	1	0.025	0.0284	0.0781	0.0417	8	3	0	
PILOT-2021001124__G__gpt4o-mini__rep2.json	PILOT-2021001124	G	2	0.0168	0.0217	0.0648	0.0321	7	4	0	
PILOT-2021001124__G__gpt5.4__rep0.json	PILOT-2021001124	G	0	0.0027	0.0041	0.0079	0.0054	11	0	0	
PILOT-2021001124__G__gpt5.4__rep1.json	PILOT-2021001124	G	1	0.0014	0.0019	0.0059	0.0028	11	0	0	
PILOT-2021001124__G__gpt5.4__rep2.json	PILOT-2021001124	G	2	0.0015	0.0019	0.0063	0.0029	11	0	0	
PILOT-2021001124__G__haiku4.5__rep0.json	PILOT-2021001124	G	0	0.016	0.0274	0.0357	0.0305	11	0	0	
PILOT-2021001124__G__haiku4.5__rep1.json	PILOT-2021001124	G	1	0.0054	0.0095	0.012	0.0105	11	0	0	
PILOT-2021001124__G__haiku4.5__rep2.json	PILOT-2021001124	G	2	0.0114	0.0183	0.0387	0.0218	11	0	0	
PILOT-2021001124__G__sonnet4__rep0.json	PILOT-2021001124	G	0	0.0078	0.0089	0.0545	0.015	11	0	0	
PILOT-2021001124__G__sonnet4__rep1.json	PILOT-2021001124	G	1	0.0092	0.0107	0.0585	0.018	11	0	0	
PILOT-2021001124__G__sonnet4__rep2.json	PILOT-2021001124	G	2	0.0	0.0	0.0	0.0	11	0	0	
PILOT-2021002328__F__gpt4o-mini__rep0.json	PILOT-2021002328	F	0	None	None	None	None	0	14	0	no_aligned_claims
PILOT-2021002328__F__gpt4o-mini__rep1.json	PILOT-2021002328	F	1	None	None	None	None	0	14	0	no_aligned_claims
PILOT-2021002328__F__gpt4o-mini__rep2.json	PILOT-2021002328	F	2	None	None	None	None	0	14	0	no_aligned_claims
PILOT-2021002328__F__gpt5.4__rep0.json	PILOT-2021002328	F	0	0.016	0.0249	0.0324	0.0278	14	0	0	
PILOT-2021002328__F__gpt5.4__rep1.json	PILOT-2021002328	F	1	0.0316	0.0442	0.0725	0.0539	14	0	0	
PILOT-2021002328__F__gpt5.4__rep2.json	PILOT-2021002328	F	2	0.0211	0.0336	0.0338	0.0337	14	0	0	
PILOT-2021002328__F__haiku4.5__rep0.json	PILOT-2021002328	F	0	0.0103	0.023	0.0197	0.0195	14	0	0	
PILOT-2021002328__F__haiku4.5__rep1.json	PILOT-2021002328	F	1	0.002	0.003	0.0059	0.004	14	0	0	
PILOT-2021002328__F__haiku4.5__rep2.json	PILOT-2021002328	F	2	0.0045	0.0124	0.0083	0.0087	14	0	0	
PILOT-2021002328__F__sonnet4__rep0.json	PILOT-2021002328	F	0	0.0087	0.0149	0.0181	0.0163	14	0	0	
PILOT-2021002328__F__sonnet4__rep1.json	PILOT-2021002328	F	1	0.014	0.0252	0.0276	0.0264	14	0	0	
PILOT-2021002328__F__sonnet4__rep2.json	PILOT-2021002328	F	2	0.0097	0.0176	0.0187	0.0181	14	0	0	
PILOT-2021002328__G__gpt4o-mini__rep0.json	PILOT-2021002328	G	0	None	None	None	None	0	14	0	no_aligned_claims
PILOT-2021002328__G__gpt4o-mini__rep1.json	PILOT-2021002328	G	1	None	None	None	None	0	14	0	no_aligned_claims
PILOT-2021002328__G__gpt4o-mini__rep2.json	PILOT-2021002328	G	2	None	None	None	None	0	14	0	no_aligned_claims
PILOT-2021002328__G__gpt5.4__rep0.json	PILOT-2021002328	G	0	0.0042	0.0109	0.0096	0.0082	14	0	0	
PILOT-2021002328__G__gpt5.4__rep1.json	PILOT-2021002328	G	1	0.022	0.0366	0.0387	0.0365	14	0	0	
PILOT-2021002328__G__gpt5.4__rep2.json	PILOT-2021002328	G	2	0.0101	0.0351	0.0134	0.0185	14	0	0	
PILOT-2021002328__G__haiku4.5__rep0.json	PILOT-2021002328	G	0	0.0	0.0	0.0	0.0	11	3	0	
PILOT-2021002328__G__haiku4.5__rep1.json	PILOT-2021002328	G	1	0.0013	0.0019	0.0036	0.0025	11	3	0	
PILOT-2021002328__G__haiku4.5__rep2.json	PILOT-2021002328	G	2	0.0	0.0	0.0	0.0	11	3	0	
PILOT-2021002328__G__sonnet4__rep0.json	PILOT-2021002328	G	0	0.0023	0.003	0.0084	0.0044	14	0	0	
PILOT-2021002328__G__sonnet4__rep1.json	PILOT-2021002328	G	1	0.0023	0.003	0.0084	0.0044	14	0	0	
PILOT-2021002328__G__sonnet4__rep2.json	PILOT-2021002328	G	2	0.0034	0.0045	0.0149	0.0066	14	0	0	
PILOT-2021003980__F__gpt4o-mini__rep0.json	PILOT-2021003980	F	0	0.0093	0.0104	0.0555	0.0175	6	10	0	
PILOT-2021003980__F__gpt4o-mini__rep1.json	PILOT-2021003980	F	1	0.0714	0.0826	0.2844	0.128	4	12	0	
PILOT-2021003980__F__gpt4o-mini__rep2.json	PILOT-2021003980	F	2	0.0448	0.1058	0.167	0.0788	12	4	0	
PILOT-2021003980__F__gpt5.4__rep0.json	PILOT-2021003980	F	0	0.0	0.0	0.0	0.0	16	0	0	
PILOT-2021003980__F__gpt5.4__rep1.json	PILOT-2021003980	F	1	0.0	0.0	0.0	0.0	16	0	0	
PILOT-2021003980__F__gpt5.4__rep2.json	PILOT-2021003980	F	2	0.0	0.0	0.0	0.0	16	0	0	
PILOT-2021003980__F__haiku4.5__rep0.json	PILOT-2021003980	F	0	0.0049	0.007	0.0147	0.0095	16	0	0	
PILOT-2021003980__F__haiku4.5__rep1.json	PILOT-2021003980	F	1	0.0056	0.0075	0.0203	0.0109	4	12	0	
PILOT-2021003980__F__haiku4.5__rep2.json	PILOT-2021003980	F	2	0.0046	0.0058	0.0194	0.0088	16	0	0	
PILOT-2021003980__F__sonnet4__rep0.json	PILOT-2021003980	F	0	0.0022	0.0033	0.0067	0.0043	16	0	0	
PILOT-2021003980__F__sonnet4__rep1.json	PILOT-2021003980	F	1	0.0008	0.0014	0.0017	0.0015	16	0	0	
PILOT-2021003980__F__sonnet4__rep2.json	PILOT-2021003980	F	2	0.0008	0.0014	0.0017	0.0015	16	0	0	
PILOT-2021003980__G__gpt4o-mini__rep0.json	PILOT-2021003980	G	0	0.0152	0.0196	0.0556	0.029	3	13	0	
PILOT-2021003980__G__gpt4o-mini__rep1.json	PILOT-2021003980	G	1	None	None	None	None	0	16	0	no_aligned_claims
PILOT-2021003980__G__gpt4o-mini__rep2.json	PILOT-2021003980	G	2	0.046	0.0543	0.2137	0.0854	4	12	0	
PILOT-2021003980__G__gpt5.4__rep0.json	PILOT-2021003980	G	0	0.0	0.0	0.0	0.0	16	0	0	
PILOT-2021003980__G__gpt5.4__rep1.json	PILOT-2021003980	G	1	0.0	0.0	0.0	0.0	16	0	0	
PILOT-2021003980__G__gpt5.4__rep2.json	PILOT-2021003980	G	2	0.0	0.0	0.0	0.0	16	0	0	
PILOT-2021003980__G__haiku4.5__rep0.json	PILOT-2021003980	G	0	0.0029	0.0045	0.0077	0.0056	16	0	0	
PILOT-2021003980__G__haiku4.5__rep1.json	PILOT-2021003980	G	1	0.0028	0.0045	0.0075	0.0055	16	0	0	
PILOT-2021003980__G__haiku4.5__rep2.json	PILOT-2021003980	G	2	0.0061	0.0084	0.0213	0.0118	16	0	0	
PILOT-2021003980__G__sonnet4__rep0.json	PILOT-2021003980	G	0	0.0008	0.0014	0.0017	0.0015	16	0	0	
PILOT-2021003980__G__sonnet4__rep1.json	PILOT-2021003980	G	1	0.001	0.0014	0.0031	0.0019	16	0	0	
PILOT-2021003980__G__sonnet4__rep2.json	PILOT-2021003980	G	2	0.0008	0.0014	0.0017	0.0015	16	0	0	
PILOT-2022000316__F__gpt4o-mini__rep0.json	PILOT-2022000316	F	0	0.488	0.9167	0.489	0.6135	4	21	0	
PILOT-2022000316__F__gpt4o-mini__rep1.json	PILOT-2022000316	F	1	0.1882	0.388	0.3094	0.3052	5	20	0	
PILOT-2022000316__F__gpt4o-mini__rep2.json	PILOT-2022000316	F	2	0.1409	0.3274	0.2727	0.2304	4	21	0	
PILOT-2022000316__F__gpt5.4__rep0.json	PILOT-2022000316	F	0	0.027	0.0876	0.0456	0.0437	25	0	0	
PILOT-2022000316__F__gpt5.4__rep1.json	PILOT-2022000316	F	1	0.028	0.0926	0.0593	0.0477	25	0	0	
PILOT-2022000316__F__gpt5.4__rep2.json	PILOT-2022000316	F	2	0.0299	0.0926	0.065	0.0501	25	0	0	
PILOT-2022000316__F__haiku4.5__rep0.json	PILOT-2022000316	F	0	0.0157	0.1788	0.1294	0.0307	4	21	0	
PILOT-2022000316__F__haiku4.5__rep1.json	PILOT-2022000316	F	1	0.1043	0.2662	0.2209	0.1704	7	18	0	
PILOT-2022000316__F__haiku4.5__rep2.json	PILOT-2022000316	F	2	0.0172	0.0792	0.0291	0.0315	25	0	0	
PILOT-2022000316__F__sonnet4__rep0.json	PILOT-2022000316	F	0	0.0318	0.0905	0.058	0.0535	25	0	0	
PILOT-2022000316__F__sonnet4__rep1.json	PILOT-2022000316	F	1	0.0302	0.0926	0.0636	0.0505	25	0	0	
PILOT-2022000316__F__sonnet4__rep2.json	PILOT-2022000316	F	2	0.0272	0.0905	0.0534	0.0455	25	0	0	
PILOT-2022000316__G__gpt4o-mini__rep0.json	PILOT-2022000316	G	0	0.0	0.0	0.0	0.0	3	22	0	
PILOT-2022000316__G__gpt4o-mini__rep1.json	PILOT-2022000316	G	1	0.1559	0.2399	0.3202	0.2618	3	22	0	
PILOT-2022000316__G__gpt4o-mini__rep2.json	PILOT-2022000316	G	2	0.2068	0.3828	0.3266	0.3277	3	22	0	
PILOT-2022000316__G__gpt5.4__rep0.json	PILOT-2022000316	G	0	0.0336	0.0793	0.0672	0.0558	25	0	0	
PILOT-2022000316__G__gpt5.4__rep1.json	PILOT-2022000316	G	1	0.0289	0.0821	0.046	0.0499	25	0	0	
PILOT-2022000316__G__gpt5.4__rep2.json	PILOT-2022000316	G	2	0.031	0.0793	0.0514	0.0521	25	0	0	
PILOT-2022000316__G__haiku4.5__rep0.json	PILOT-2022000316	G	0	0.102	0.2712	0.2425	0.1665	7	18	0	
PILOT-2022000316__G__haiku4.5__rep1.json	PILOT-2022000316	G	1	0.102	0.2712	0.2425	0.1665	7	18	0	
PILOT-2022000316__G__haiku4.5__rep2.json	PILOT-2022000316	G	2	0.102	0.2712	0.2425	0.1665	7	18	0	
PILOT-2022000316__G__sonnet4__rep0.json	PILOT-2022000316	G	0	0.031	0.094	0.0637	0.0519	25	0	0	
PILOT-2022000316__G__sonnet4__rep1.json	PILOT-2022000316	G	1	0.0335	0.0807	0.0664	0.0564	25	0	0	
PILOT-2022000316__G__sonnet4__rep2.json	PILOT-2022000316	G	2	0.031	0.094	0.0637	0.0519	25	0	0	
PILOT-2022001087__F__gpt4o-mini__rep0.json	PILOT-2022001087	F	0	0.0625	0.0717	0.2281	0.1088	20	0	0	
PILOT-2022001087__F__gpt4o-mini__rep1.json	PILOT-2022001087	F	1	0.0202	0.0231	0.1217	0.0381	12	8	0	
PILOT-2022001087__F__gpt4o-mini__rep2.json	PILOT-2022001087	F	2	0.0328	0.0472	0.0736	0.0566	13	7	0	
PILOT-2022001087__F__gpt5.4__rep0.json	PILOT-2022001087	F	0	0.0471	0.0574	0.115	0.0761	20	0	0	
PILOT-2022001087__F__gpt5.4__rep1.json	PILOT-2022001087	F	1	0.0119	0.0159	0.0431	0.022	20	0	0	
PILOT-2022001087__F__gpt5.4__rep2.json	PILOT-2022001087	F	2	0.0128	0.0167	0.0508	0.0238	20	0	0	
PILOT-2022001087__F__haiku4.5__rep0.json	PILOT-2022001087	F	0	0.4633	0.5752	0.5813	0.5644	20	0	0	
PILOT-2022001087__F__haiku4.5__rep1.json	PILOT-2022001087	F	1	0.3044	0.3412	0.4538	0.3762	20	0	0	
PILOT-2022001087__F__haiku4.5__rep2.json	PILOT-2022001087	F	2	0.3209	0.3656	0.4579	0.3979	20	0	0	
PILOT-2022001087__F__sonnet4__rep0.json	PILOT-2022001087	F	0	0.0227	0.0308	0.0544	0.039	20	0	0	
PILOT-2022001087__F__sonnet4__rep1.json	PILOT-2022001087	F	1	0.0051	0.0062	0.0271	0.0096	20	0	0	
PILOT-2022001087__F__sonnet4__rep2.json	PILOT-2022001087	F	2	0.0231	0.0295	0.0623	0.0394	20	0	0	
PILOT-2022001087__G__gpt4o-mini__rep0.json	PILOT-2022001087	G	0	0.0709	0.0877	0.2434	0.1256	20	0	0	
PILOT-2022001087__G__gpt4o-mini__rep1.json	PILOT-2022001087	G	1	0.0461	0.0577	0.2041	0.084	20	0	0	
PILOT-2022001087__G__gpt4o-mini__rep2.json	PILOT-2022001087	G	2	0.1026	0.1332	0.2523	0.1717	14	6	0	
PILOT-2022001087__G__gpt5.4__rep0.json	PILOT-2022001087	G	0	0.0523	0.0736	0.1004	0.0816	20	0	0	
PILOT-2022001087__G__gpt5.4__rep1.json	PILOT-2022001087	G	1	0.0318	0.0412	0.0741	0.0519	18	2	0	
PILOT-2022001087__G__gpt5.4__rep2.json	PILOT-2022001087	G	2	0.0672	0.0887	0.1221	0.0965	20	0	0	
PILOT-2022001087__G__haiku4.5__rep0.json	PILOT-2022001087	G	0	0.1357	0.1775	0.3169	0.2216	20	0	0	
PILOT-2022001087__G__haiku4.5__rep1.json	PILOT-2022001087	G	1	0.1751	0.2205	0.3657	0.2708	20	0	0	
PILOT-2022001087__G__haiku4.5__rep2.json	PILOT-2022001087	G	2	0.1347	0.1752	0.3157	0.2199	20	0	0	
PILOT-2022001087__G__sonnet4__rep0.json	PILOT-2022001087	G	0	0.0035	0.0047	0.0116	0.0067	18	2	0	
PILOT-2022001087__G__sonnet4__rep1.json	PILOT-2022001087	G	1	0.0373	0.0493	0.1305	0.0661	20	0	0	
PILOT-2022001087__G__sonnet4__rep2.json	PILOT-2022001087	G	2	0.005	0.0062	0.0263	0.0094	20	0	0	
