file	case	cond	rep	n_claims_parsed	pre_chars	gen_chars	editdist_pre_gen	denom	c2	reason
PILOT-2009010505__F__gpt4o-mini__rep0.json	PILOT-2009010505	F	0	28	7717	8542	1612	4264	0.378	
PILOT-2009010505__F__gpt4o-mini__rep1.json	PILOT-2009010505	F	1	0			None		None	no_gen
PILOT-2009010505__F__gpt4o-mini__rep2.json	PILOT-2009010505	F	2	0			None		None	no_gen
PILOT-2009010505__F__gpt5.4__rep0.json	PILOT-2009010505	F	0	28	7717	8205	1187	4264	0.2784	
PILOT-2009010505__F__gpt5.4__rep1.json	PILOT-2009010505	F	1	23	7717	7185	2144	4264	0.5028	
PILOT-2009010505__F__gpt5.4__rep2.json	PILOT-2009010505	F	2	28	7717	7681	686	4264	0.1609	
PILOT-2009010505__F__haiku4.5__rep0.json	PILOT-2009010505	F	0	29	7717	9501	2458	4264	0.5765	
PILOT-2009010505__F__haiku4.5__rep1.json	PILOT-2009010505	F	1	28	7717	10249	3074	4264	0.7209	
PILOT-2009010505__F__haiku4.5__rep2.json	PILOT-2009010505	F	2	28	7717	11696	4509	4264	1.0575	
PILOT-2009010505__F__sonnet4__rep0.json	PILOT-2009010505	F	0	28	7717	7713	716	4264	0.1679	
PILOT-2009010505__F__sonnet4__rep1.json	PILOT-2009010505	F	1	28	7717	9823	2697	4264	0.6325	
PILOT-2009010505__F__sonnet4__rep2.json	PILOT-2009010505	F	2	28	7717	7783	781	4264	0.1832	
PILOT-2009010505__G__gpt4o-mini__rep0.json	PILOT-2009010505	G	0	2	7717	614	7104	4264	1.666	
PILOT-2009010505__G__gpt4o-mini__rep1.json	PILOT-2009010505	G	1	0			None		None	no_gen
PILOT-2009010505__G__gpt4o-mini__rep2.json	PILOT-2009010505	G	2	2	7717	662	7060	4264	1.6557	
PILOT-2009010505__G__gpt5.4__rep0.json	PILOT-2009010505	G	0	24	7717	7274	2081	4264	0.488	
PILOT-2009010505__G__gpt5.4__rep1.json	PILOT-2009010505	G	1	28	7717	7673	1571	4264	0.3684	
PILOT-2009010505__G__gpt5.4__rep2.json	PILOT-2009010505	G	2	23	7717	7034	2211	4264	0.5185	
PILOT-2009010505__G__haiku4.5__rep0.json	PILOT-2009010505	G	0	27	7717	9087	2842	4264	0.6665	
PILOT-2009010505__G__haiku4.5__rep1.json	PILOT-2009010505	G	1	27	7717	10206	3880	4264	0.9099	
PILOT-2009010505__G__haiku4.5__rep2.json	PILOT-2009010505	G	2	32	7717	11705	4528	4264	1.0619	
PILOT-2009010505__G__sonnet4__rep0.json	PILOT-2009010505	G	0	28	7717	8699	1578	4264	0.3701	
PILOT-2009010505__G__sonnet4__rep1.json	PILOT-2009010505	G	1	28	7717	8043	1031	4264	0.2418	
PILOT-2009010505__G__sonnet4__rep2.json	PILOT-2009010505	G	2	28	7717	8133	1116	4264	0.2617	
PILOT-2010007757__F__gpt4o-mini__rep0.json	PILOT-2010007757	F	0	3	4313	388	3928	2367	1.6595	
PILOT-2010007757__F__gpt4o-mini__rep1.json	PILOT-2010007757	F	1	3	4313	603	3729	2367	1.5754	
PILOT-2010007757__F__gpt4o-mini__rep2.json	PILOT-2010007757	F	2	3	4313	588	3757	2367	1.5872	
PILOT-2010007757__F__gpt5.4__rep0.json	PILOT-2010007757	F	0	3	4313	479	3847	2367	1.6253	
PILOT-2010007757__F__gpt5.4__rep1.json	PILOT-2010007757	F	1	17	4313	2323	2224	2367	0.9396	
PILOT-2010007757__F__gpt5.4__rep2.json	PILOT-2010007757	F	2	3	4313	376	3948	2367	1.6679	
PILOT-2010007757__F__haiku4.5__rep0.json	PILOT-2010007757	F	0	3	4313	392	3926	2367	1.6586	
PILOT-2010007757__F__haiku4.5__rep1.json	PILOT-2010007757	F	1	3	4313	392	3926	2367	1.6586	
PILOT-2010007757__F__haiku4.5__rep2.json	PILOT-2010007757	F	2	3	4313	400	3919	2367	1.6557	
PILOT-2010007757__F__sonnet4__rep0.json	PILOT-2010007757	F	0	17	4313	2360	2279	2367	0.9628	
PILOT-2010007757__F__sonnet4__rep1.json	PILOT-2010007757	F	1	17	4313	2379	2292	2367	0.9683	
PILOT-2010007757__F__sonnet4__rep2.json	PILOT-2010007757	F	2	17	4313	2292	2261	2367	0.9552	
PILOT-2010007757__G__gpt4o-mini__rep0.json	PILOT-2010007757	G	0	3	4313	467	3860	2367	1.6308	
PILOT-2010007757__G__gpt4o-mini__rep1.json	PILOT-2010007757	G	1	0			None		None	no_gen
PILOT-2010007757__G__gpt4o-mini__rep2.json	PILOT-2010007757	G	2	15	4313	3198	2419	2367	1.022	
PILOT-2010007757__G__gpt5.4__rep0.json	PILOT-2010007757	G	0	3	4313	376	3948	2367	1.6679	
PILOT-2010007757__G__gpt5.4__rep1.json	PILOT-2010007757	G	1	17	4313	2324	2217	2367	0.9366	
PILOT-2010007757__G__gpt5.4__rep2.json	PILOT-2010007757	G	2	17	4313	2318	2255	2367	0.9527	
PILOT-2010007757__G__haiku4.5__rep0.json	PILOT-2010007757	G	0	3	4313	427	3893	2367	1.6447	
PILOT-2010007757__G__haiku4.5__rep1.json	PILOT-2010007757	G	1	3	4313	438	3883	2367	1.6405	
PILOT-2010007757__G__haiku4.5__rep2.json	PILOT-2010007757	G	2	3	4313	433	3886	2367	1.6417	
PILOT-2010007757__G__sonnet4__rep0.json	PILOT-2010007757	G	0	17	4313	2314	2274	2367	0.9607	
PILOT-2010007757__G__sonnet4__rep1.json	PILOT-2010007757	G	1	17	4313	2334	2269	2367	0.9586	
PILOT-2010007757__G__sonnet4__rep2.json	PILOT-2010007757	G	2	17	4313	2336	2267	2367	0.9578	
PILOT-2010008015__F__gpt4o-mini__rep0.json	PILOT-2010008015	F	0	0			None		None	no_gen
PILOT-2010008015__F__gpt4o-mini__rep1.json	PILOT-2010008015	F	1	4	6611	899	5721	1458	3.9239	
PILOT-2010008015__F__gpt4o-mini__rep2.json	PILOT-2010008015	F	2	0			None		None	no_gen
PILOT-2010008015__F__gpt5.4__rep0.json	PILOT-2010008015	F	0	28	6611	6602	381	1458	0.2613	
PILOT-2010008015__F__gpt5.4__rep1.json	PILOT-2010008015	F	1	5	6611	1167	5456	1458	3.7421	
PILOT-2010008015__F__gpt5.4__rep2.json	PILOT-2010008015	F	2	28	6611	6792	572	1458	0.3923	
PILOT-2010008015__F__haiku4.5__rep0.json	PILOT-2010008015	F	0	28	6611	7872	1624	1458	1.1139	
PILOT-2010008015__F__haiku4.5__rep1.json	PILOT-2010008015	F	1	28	6611	6921	1142	1458	0.7833	
PILOT-2010008015__F__haiku4.5__rep2.json	PILOT-2010008015	F	2	28	6611	7107	873	1458	0.5988	
PILOT-2010008015__F__sonnet4__rep0.json	PILOT-2010008015	F	0	28	6611	6628	422	1458	0.2894	
PILOT-2010008015__F__sonnet4__rep1.json	PILOT-2010008015	F	1	28	6611	6611	405	1458	0.2778	
PILOT-2010008015__F__sonnet4__rep2.json	PILOT-2010008015	F	2	28	6611	6607	401	1458	0.275	
PILOT-2010008015__G__gpt4o-mini__rep0.json	PILOT-2010008015	G	0	5	6611	1599	5088	1458	3.4897	
PILOT-2010008015__G__gpt4o-mini__rep1.json	PILOT-2010008015	G	1	5	6611	1642	5043	1458	3.4588	
PILOT-2010008015__G__gpt4o-mini__rep2.json	PILOT-2010008015	G	2	28	6611	6983	698	1458	0.4787	
PILOT-2010008015__G__gpt5.4__rep0.json	PILOT-2010008015	G	0	5	6611	1247	5387	1458	3.6948	
PILOT-2010008015__G__gpt5.4__rep1.json	PILOT-2010008015	G	1	28	6611	6547	330	1458	0.2263	
PILOT-2010008015__G__gpt5.4__rep2.json	PILOT-2010008015	G	2	5	6611	1285	5351	1458	3.6701	
PILOT-2010008015__G__haiku4.5__rep0.json	PILOT-2010008015	G	0	28	6611	6950	729	1458	0.5	
PILOT-2010008015__G__haiku4.5__rep1.json	PILOT-2010008015	G	1	28	6611	6941	708	1458	0.4856	
PILOT-2010008015__G__haiku4.5__rep2.json	PILOT-2010008015	G	2	28	6611	6837	611	1458	0.4191	
PILOT-2010008015__G__sonnet4__rep0.json	PILOT-2010008015	G	0	28	6611	6715	525	1458	0.3601	
PILOT-2010008015__G__sonnet4__rep1.json	PILOT-2010008015	G	1	28	6611	6563	352	1458	0.2414	
PILOT-2010008015__G__sonnet4__rep2.json	PILOT-2010008015	G	2	28	6611	6571	364	1458	0.2497	
PILOT-2010010196__F__gpt4o-mini__rep0.json	PILOT-2010010196	F	0	0			None		None	no_gen
PILOT-2010010196__F__gpt4o-mini__rep1.json	PILOT-2010010196	F	1	3	3592	863	2772	2523	1.0987	
PILOT-2010010196__F__gpt4o-mini__rep2.json	PILOT-2010010196	F	2	2	3592	745	2868	2523	1.1367	
PILOT-2010010196__F__gpt5.4__rep0.json	PILOT-2010010196	F	0	20	3592	3927	344	2523	0.1363	
PILOT-2010010196__F__gpt5.4__rep1.json	PILOT-2010010196	F	1	20	3592	3685	396	2523	0.157	
PILOT-2010010196__F__gpt5.4__rep2.json	PILOT-2010010196	F	2	20	3592	3882	315	2523	0.1249	
PILOT-2010010196__F__haiku4.5__rep0.json	PILOT-2010010196	F	0	20	3592	3482	455	2523	0.1803	
PILOT-2010010196__F__haiku4.5__rep1.json	PILOT-2010010196	F	1	20	3592	3788	248	2523	0.0983	
PILOT-2010010196__F__haiku4.5__rep2.json	PILOT-2010010196	F	2	20	3592	3482	455	2523	0.1803	
PILOT-2010010196__F__sonnet4__rep0.json	PILOT-2010010196	F	0	20	3592	3726	185	2523	0.0733	
PILOT-2010010196__F__sonnet4__rep1.json	PILOT-2010010196	F	1	20	3592	3720	179	2523	0.0709	
PILOT-2010010196__F__sonnet4__rep2.json	PILOT-2010010196	F	2	20	3592	3720	179	2523	0.0709	
PILOT-2010010196__G__gpt4o-mini__rep0.json	PILOT-2010010196	G	0	2	3592	660	2971	2523	1.1776	
PILOT-2010010196__G__gpt4o-mini__rep1.json	PILOT-2010010196	G	1	2	3592	643	2987	2523	1.1839	
PILOT-2010010196__G__gpt4o-mini__rep2.json	PILOT-2010010196	G	2	2	3592	670	2936	2523	1.1637	
PILOT-2010010196__G__gpt5.4__rep0.json	PILOT-2010010196	G	0	20	3592	3917	348	2523	0.1379	
PILOT-2010010196__G__gpt5.4__rep1.json	PILOT-2010010196	G	1	20	3592	3832	240	2523	0.0951	
PILOT-2010010196__G__gpt5.4__rep2.json	PILOT-2010010196	G	2	20	3592	3762	483	2523	0.1914	
PILOT-2010010196__G__haiku4.5__rep0.json	PILOT-2010010196	G	0	20	3592	3484	459	2523	0.1819	
PILOT-2010010196__G__haiku4.5__rep1.json	PILOT-2010010196	G	1	20	3592	3761	354	2523	0.1403	
PILOT-2010010196__G__haiku4.5__rep2.json	PILOT-2010010196	G	2	20	3592	3765	358	2523	0.1419	
PILOT-2010010196__G__sonnet4__rep0.json	PILOT-2010010196	G	0	20	3592	3720	179	2523	0.0709	
PILOT-2010010196__G__sonnet4__rep1.json	PILOT-2010010196	G	1	20	3592	3726	185	2523	0.0733	
PILOT-2010010196__G__sonnet4__rep2.json	PILOT-2010010196	G	2	20	3592	3720	179	2523	0.0709	
PILOT-2010011970__F__gpt4o-mini__rep0.json	PILOT-2010011970	F	0	3	1664	1795	355	1178	0.3014	
PILOT-2010011970__F__gpt4o-mini__rep1.json	PILOT-2010011970	F	1	3	1664	1684	404	1178	0.343	
PILOT-2010011970__F__gpt4o-mini__rep2.json	PILOT-2010011970	F	2	3	1664	1561	292	1178	0.2479	
PILOT-2010011970__F__gpt5.4__rep0.json	PILOT-2010011970	F	0	8	1664	3912	2291	1178	1.9448	
PILOT-2010011970__F__gpt5.4__rep1.json	PILOT-2010011970	F	1	6	1664	2065	503	1178	0.427	
PILOT-2010011970__F__gpt5.4__rep2.json	PILOT-2010011970	F	2	6	1664	2370	783	1178	0.6647	
PILOT-2010011970__F__haiku4.5__rep0.json	PILOT-2010011970	F	0	8	1664	5265	3647	1178	3.0959	
PILOT-2010011970__F__haiku4.5__rep1.json	PILOT-2010011970	F	1	8	1664	5823	4201	1178	3.5662	
PILOT-2010011970__F__haiku4.5__rep2.json	PILOT-2010011970	F	2	8	1664	5004	3382	1178	2.871	
PILOT-2010011970__F__sonnet4__rep0.json	PILOT-2010011970	F	0	8	1664	3502	1879	1178	1.5951	
PILOT-2010011970__F__sonnet4__rep1.json	PILOT-2010011970	F	1	7	1664	3105	1489	1178	1.264	
PILOT-2010011970__F__sonnet4__rep2.json	PILOT-2010011970	F	2	7	1664	3086	1471	1178	1.2487	
PILOT-2010011970__G__gpt4o-mini__rep0.json	PILOT-2010011970	G	0	0			None		None	no_gen
PILOT-2010011970__G__gpt4o-mini__rep1.json	PILOT-2010011970	G	1	3	1664	1701	563	1178	0.4779	
PILOT-2010011970__G__gpt4o-mini__rep2.json	PILOT-2010011970	G	2	3	1664	1483	257	1178	0.2182	
PILOT-2010011970__G__gpt5.4__rep0.json	PILOT-2010011970	G	0	8	1664	3713	2092	1178	1.7759	
PILOT-2010011970__G__gpt5.4__rep1.json	PILOT-2010011970	G	1	8	1664	4527	2905	1178	2.466	
PILOT-2010011970__G__gpt5.4__rep2.json	PILOT-2010011970	G	2	9	1664	4614	2993	1178	2.5407	
PILOT-2010011970__G__haiku4.5__rep0.json	PILOT-2010011970	G	0	8	1664	5124	3504	1178	2.9745	
PILOT-2010011970__G__haiku4.5__rep1.json	PILOT-2010011970	G	1	8	1664	4672	3054	1178	2.5925	
PILOT-2010011970__G__haiku4.5__rep2.json	PILOT-2010011970	G	2	8	1664	5288	3669	1178	3.1146	
PILOT-2010011970__G__sonnet4__rep0.json	PILOT-2010011970	G	0	8	1664	3979	2358	1178	2.0017	
PILOT-2010011970__G__sonnet4__rep1.json	PILOT-2010011970	G	1	7	1664	3095	1480	1178	1.2564	
PILOT-2010011970__G__sonnet4__rep2.json	PILOT-2010011970	G	2	8	1664	4155	2531	1178	2.1486	
PILOT-2011003851__F__gpt4o-mini__rep0.json	PILOT-2011003851	F	0	0			None		None	no_gen
PILOT-2011003851__F__gpt4o-mini__rep1.json	PILOT-2011003851	F	1	0			None		None	no_gen
PILOT-2011003851__F__gpt4o-mini__rep2.json	PILOT-2011003851	F	2	0			None		None	no_gen
PILOT-2011003851__F__gpt5.4__rep0.json	PILOT-2011003851	F	0	20	11846	12197	2658	4592	0.5788	
PILOT-2011003851__F__gpt5.4__rep1.json	PILOT-2011003851	F	1	20	11846	11401	3003	4592	0.654	
PILOT-2011003851__F__gpt5.4__rep2.json	PILOT-2011003851	F	2	20	11846	11248	999	4592	0.2176	
PILOT-2011003851__F__haiku4.5__rep0.json	PILOT-2011003851	F	0	20	11846	3252	8664	4592	1.8868	
PILOT-2011003851__F__haiku4.5__rep1.json	PILOT-2011003851	F	1	20	11846	12051	1737	4592	0.3783	
PILOT-2011003851__F__haiku4.5__rep2.json	PILOT-2011003851	F	2	20	11846	12160	1836	4592	0.3998	
PILOT-2011003851__F__sonnet4__rep0.json	PILOT-2011003851	F	0	20	11846	11592	1160	4592	0.2526	
PILOT-2011003851__F__sonnet4__rep1.json	PILOT-2011003851	F	1	20	11846	12049	1458	4592	0.3175	
PILOT-2011003851__F__sonnet4__rep2.json	PILOT-2011003851	F	2	20	11846	11556	997	4592	0.2171	
PILOT-2011003851__G__gpt4o-mini__rep0.json	PILOT-2011003851	G	0	0			None		None	no_gen
PILOT-2011003851__G__gpt4o-mini__rep1.json	PILOT-2011003851	G	1	0			None		None	no_gen
PILOT-2011003851__G__gpt4o-mini__rep2.json	PILOT-2011003851	G	2	0			None		None	no_gen
PILOT-2011003851__G__gpt5.4__rep0.json	PILOT-2011003851	G	0	20	11846	11793	1528	4592	0.3328	
PILOT-2011003851__G__gpt5.4__rep1.json	PILOT-2011003851	G	1	20	11846	11366	3073	4592	0.6692	
PILOT-2011003851__G__gpt5.4__rep2.json	PILOT-2011003851	G	2	20	11846	11143	894	4592	0.1947	
PILOT-2011003851__G__haiku4.5__rep0.json	PILOT-2011003851	G	0	20	11846	12284	1940	4592	0.4225	
PILOT-2011003851__G__haiku4.5__rep1.json	PILOT-2011003851	G	1	20	11846	3731	8241	4592	1.7946	
PILOT-2011003851__G__haiku4.5__rep2.json	PILOT-2011003851	G	2	20	11846	11592	1282	4592	0.2792	
PILOT-2011003851__G__sonnet4__rep0.json	PILOT-2011003851	G	0	20	11846	11639	1206	4592	0.2626	
PILOT-2011003851__G__sonnet4__rep1.json	PILOT-2011003851	G	1	20	11846	11811	1292	4592	0.2814	
PILOT-2011003851__G__sonnet4__rep2.json	PILOT-2011003851	G	2	20	11846	11886	1396	4592	0.304	
PILOT-2011004581__F__gpt4o-mini__rep0.json	PILOT-2011004581	F	0	9	3341	2779	972	3160	0.3076	
PILOT-2011004581__F__gpt4o-mini__rep1.json	PILOT-2011004581	F	1	9	3341	2601	872	3160	0.2759	
PILOT-2011004581__F__gpt4o-mini__rep2.json	PILOT-2011004581	F	2	9	3341	2742	1028	3160	0.3253	
PILOT-2011004581__F__gpt5.4__rep0.json	PILOT-2011004581	F	0	11	3341	3456	337	3160	0.1066	
PILOT-2011004581__F__gpt5.4__rep1.json	PILOT-2011004581	F	1	11	3341	3644	529	3160	0.1674	
PILOT-2011004581__F__gpt5.4__rep2.json	PILOT-2011004581	F	2	11	3341	3765	590	3160	0.1867	
PILOT-2011004581__F__haiku4.5__rep0.json	PILOT-2011004581	F	0	11	3341	4216	1044	3160	0.3304	
PILOT-2011004581__F__haiku4.5__rep1.json	PILOT-2011004581	F	1	11	3341	4117	963	3160	0.3047	
PILOT-2011004581__F__haiku4.5__rep2.json	PILOT-2011004581	F	2	11	3341	4107	939	3160	0.2972	
PILOT-2011004581__F__sonnet4__rep0.json	PILOT-2011004581	F	0	11	3341	3915	774	3160	0.2449	
PILOT-2011004581__F__sonnet4__rep1.json	PILOT-2011004581	F	1	11	3341	3755	630	3160	0.1994	
PILOT-2011004581__F__sonnet4__rep2.json	PILOT-2011004581	F	2	11	3341	3892	750	3160	0.2373	
PILOT-2011004581__G__gpt4o-mini__rep0.json	PILOT-2011004581	G	0	7	3341	2116	1482	3160	0.469	
PILOT-2011004581__G__gpt4o-mini__rep1.json	PILOT-2011004581	G	1	9	3341	2659	896	3160	0.2835	
PILOT-2011004581__G__gpt4o-mini__rep2.json	PILOT-2011004581	G	2	9	3341	3100	1169	3160	0.3699	
PILOT-2011004581__G__gpt5.4__rep0.json	PILOT-2011004581	G	0	11	3341	3768	612	3160	0.1937	
PILOT-2011004581__G__gpt5.4__rep1.json	PILOT-2011004581	G	1	11	3341	3657	555	3160	0.1756	
PILOT-2011004581__G__gpt5.4__rep2.json	PILOT-2011004581	G	2	11	3341	3767	623	3160	0.1972	
PILOT-2011004581__G__haiku4.5__rep0.json	PILOT-2011004581	G	0	11	3341	4105	961	3160	0.3041	
PILOT-2011004581__G__haiku4.5__rep1.json	PILOT-2011004581	G	1	11	3341	3786	658	3160	0.2082	
PILOT-2011004581__G__haiku4.5__rep2.json	PILOT-2011004581	G	2	11	3341	4019	838	3160	0.2652	
PILOT-2011004581__G__sonnet4__rep0.json	PILOT-2011004581	G	0	11	3341	3801	665	3160	0.2104	
PILOT-2011004581__G__sonnet4__rep1.json	PILOT-2011004581	G	1	11	3341	3931	762	3160	0.2411	
PILOT-2011004581__G__sonnet4__rep2.json	PILOT-2011004581	G	2	11	3341	4138	960	3160	0.3038	
PILOT-2011007474__F__gpt4o-mini__rep0.json	PILOT-2011007474	F	0	0			None		None	no_gen
PILOT-2011007474__F__gpt4o-mini__rep1.json	PILOT-2011007474	F	1	0			None		None	no_gen
PILOT-2011007474__F__gpt4o-mini__rep2.json	PILOT-2011007474	F	2	0			None		None	no_gen
PILOT-2011007474__F__gpt5.4__rep0.json	PILOT-2011007474	F	0	14	4898	2920	2423	2042	1.1866	
PILOT-2011007474__F__gpt5.4__rep1.json	PILOT-2011007474	F	1	14	4898	2626	2452	2042	1.2008	
PILOT-2011007474__F__gpt5.4__rep2.json	PILOT-2011007474	F	2	14	4898	3047	2445	2042	1.1974	
PILOT-2011007474__F__haiku4.5__rep0.json	PILOT-2011007474	F	0	14	4898	3187	2663	2042	1.3041	
PILOT-2011007474__F__haiku4.5__rep1.json	PILOT-2011007474	F	1	14	4898	3431	2834	2042	1.3879	
PILOT-2011007474__F__haiku4.5__rep2.json	PILOT-2011007474	F	2	14	4898	4281	2866	2042	1.4035	
PILOT-2011007474__F__sonnet4__rep0.json	PILOT-2011007474	F	0	14	4898	2609	2412	2042	1.1812	
PILOT-2011007474__F__sonnet4__rep1.json	PILOT-2011007474	F	1	14	4898	2619	2431	2042	1.1905	
PILOT-2011007474__F__sonnet4__rep2.json	PILOT-2011007474	F	2	14	4898	2574	2387	2042	1.169	
PILOT-2011007474__G__gpt4o-mini__rep0.json	PILOT-2011007474	G	0	0			None		None	no_gen
PILOT-2011007474__G__gpt4o-mini__rep1.json	PILOT-2011007474	G	1	0			None		None	no_gen
PILOT-2011007474__G__gpt4o-mini__rep2.json	PILOT-2011007474	G	2	0			None		None	no_gen
PILOT-2011007474__G__gpt5.4__rep0.json	PILOT-2011007474	G	0	14	4898	2726	2396	2042	1.1734	
PILOT-2011007474__G__gpt5.4__rep1.json	PILOT-2011007474	G	1	14	4898	2661	2453	2042	1.2013	
PILOT-2011007474__G__gpt5.4__rep2.json	PILOT-2011007474	G	2	14	4898	2648	2332	2042	1.142	
PILOT-2011007474__G__haiku4.5__rep0.json	PILOT-2011007474	G	0	14	4898	3771	2811	2042	1.3766	
PILOT-2011007474__G__haiku4.5__rep1.json	PILOT-2011007474	G	1	14	4898	4169	2961	2042	1.45	
PILOT-2011007474__G__haiku4.5__rep2.json	PILOT-2011007474	G	2	14	4898	3938	2864	2042	1.4025	
PILOT-2011007474__G__sonnet4__rep0.json	PILOT-2011007474	G	0	14	4898	2697	2426	2042	1.1881	
PILOT-2011007474__G__sonnet4__rep1.json	PILOT-2011007474	G	1	14	4898	2862	2483	2042	1.216	
PILOT-2011007474__G__sonnet4__rep2.json	PILOT-2011007474	G	2	14	4898	2862	2483	2042	1.216	
PILOT-2011008843__F__gpt4o-mini__rep0.json	PILOT-2011008843	F	0	2	10128	1251	8877	4255	2.0863	
PILOT-2011008843__F__gpt4o-mini__rep1.json	PILOT-2011008843	F	1	2	10128	1387	8741	4255	2.0543	
PILOT-2011008843__F__gpt4o-mini__rep2.json	PILOT-2011008843	F	2	2	10128	1525	8605	4255	2.0223	
PILOT-2011008843__F__gpt5.4__rep0.json	PILOT-2011008843	F	0	19	10128	6147	4431	4255	1.0414	
PILOT-2011008843__F__gpt5.4__rep1.json	PILOT-2011008843	F	1	18	10128	6300	4098	4255	0.9631	
PILOT-2011008843__F__gpt5.4__rep2.json	PILOT-2011008843	F	2	19	10128	6149	4329	4255	1.0174	
PILOT-2011008843__F__haiku4.5__rep0.json	PILOT-2011008843	F	0	19	10128	6728	4088	4255	0.9608	
PILOT-2011008843__F__haiku4.5__rep1.json	PILOT-2011008843	F	1	19	10128	6728	4088	4255	0.9608	
PILOT-2011008843__F__haiku4.5__rep2.json	PILOT-2011008843	F	2	19	10128	6668	4096	4255	0.9626	
PILOT-2011008843__F__sonnet4__rep0.json	PILOT-2011008843	F	0	22	10128	7099	3319	4255	0.78	
PILOT-2011008843__F__sonnet4__rep1.json	PILOT-2011008843	F	1	22	10128	7244	3413	4255	0.8021	
PILOT-2011008843__F__sonnet4__rep2.json	PILOT-2011008843	F	2	22	10128	7095	3315	4255	0.7791	
PILOT-2011008843__G__gpt4o-mini__rep0.json	PILOT-2011008843	G	0	0			None		None	no_gen
PILOT-2011008843__G__gpt4o-mini__rep1.json	PILOT-2011008843	G	1	2	10128	1395	8733	4255	2.0524	
PILOT-2011008843__G__gpt4o-mini__rep2.json	PILOT-2011008843	G	2	0			None		None	no_gen
PILOT-2011008843__G__gpt5.4__rep0.json	PILOT-2011008843	G	0	18	10128	6669	4401	4255	1.0343	
PILOT-2011008843__G__gpt5.4__rep1.json	PILOT-2011008843	G	1	19	10128	6191	4287	4255	1.0075	
PILOT-2011008843__G__gpt5.4__rep2.json	PILOT-2011008843	G	2	18	10128	6213	4248	4255	0.9984	
PILOT-2011008843__G__haiku4.5__rep0.json	PILOT-2011008843	G	0	19	10128	7028	3984	4255	0.9363	
PILOT-2011008843__G__haiku4.5__rep1.json	PILOT-2011008843	G	1	30	10128	10409	515	4255	0.121	
PILOT-2011008843__G__haiku4.5__rep2.json	PILOT-2011008843	G	2	30	10128	10409	515	4255	0.121	
PILOT-2011008843__G__sonnet4__rep0.json	PILOT-2011008843	G	0	1	10128	724	9404	4255	2.2101	
PILOT-2011008843__G__sonnet4__rep1.json	PILOT-2011008843	G	1	25	10128	8310	2398	4255	0.5636	
PILOT-2011008843__G__sonnet4__rep2.json	PILOT-2011008843	G	2	25	10128	8294	2382	4255	0.5598	
PILOT-2011009182__F__gpt4o-mini__rep0.json	PILOT-2011009182	F	0	23	11499	13381	1933	3718	0.5199	
PILOT-2011009182__F__gpt4o-mini__rep1.json	PILOT-2011009182	F	1	23	11499	11749	328	3718	0.0882	
PILOT-2011009182__F__gpt4o-mini__rep2.json	PILOT-2011009182	F	2	8	11499	4849	7288	3718	1.9602	
PILOT-2011009182__F__gpt5.4__rep0.json	PILOT-2011009182	F	0	23	11499	12065	643	3718	0.1729	
PILOT-2011009182__F__gpt5.4__rep1.json	PILOT-2011009182	F	1	18	11499	10315	2136	3718	0.5745	
PILOT-2011009182__F__gpt5.4__rep2.json	PILOT-2011009182	F	2	23	11499	11938	1626	3718	0.4373	
PILOT-2011009182__F__haiku4.5__rep0.json	PILOT-2011009182	F	0	17	11499	10791	3441	3718	0.9255	
PILOT-2011009182__F__haiku4.5__rep1.json	PILOT-2011009182	F	1	17	11499	10608	3231	3718	0.869	
PILOT-2011009182__F__haiku4.5__rep2.json	PILOT-2011009182	F	2	22	11499	12330	1877	3718	0.5048	
PILOT-2011009182__F__sonnet4__rep0.json	PILOT-2011009182	F	0	23	11499	10057	2422	3718	0.6514	
PILOT-2011009182__F__sonnet4__rep1.json	PILOT-2011009182	F	1	23	11499	11951	529	3718	0.1423	
PILOT-2011009182__F__sonnet4__rep2.json	PILOT-2011009182	F	2	23	11499	10057	2422	3718	0.6514	
PILOT-2011009182__G__gpt4o-mini__rep0.json	PILOT-2011009182	G	0	22	11499	12124	1678	3718	0.4513	
PILOT-2011009182__G__gpt4o-mini__rep1.json	PILOT-2011009182	G	1	23	11499	13824	2376	3718	0.6391	
PILOT-2011009182__G__gpt4o-mini__rep2.json	PILOT-2011009182	G	2	8	11499	4211	7289	3718	1.9605	
PILOT-2011009182__G__gpt5.4__rep0.json	PILOT-2011009182	G	0	17	11499	8273	3768	3718	1.0134	
PILOT-2011009182__G__gpt5.4__rep1.json	PILOT-2011009182	G	1	23	11499	11949	522	3718	0.1404	
PILOT-2011009182__G__gpt5.4__rep2.json	PILOT-2011009182	G	2	23	11499	11769	347	3718	0.0933	
PILOT-2011009182__G__haiku4.5__rep0.json	PILOT-2011009182	G	0	17	11499	11680	4032	3718	1.0845	
PILOT-2011009182__G__haiku4.5__rep1.json	PILOT-2011009182	G	1	17	11499	10965	3732	3718	1.0038	
PILOT-2011009182__G__haiku4.5__rep2.json	PILOT-2011009182	G	2	21	11499	12469	2789	3718	0.7501	
PILOT-2011009182__G__sonnet4__rep0.json	PILOT-2011009182	G	0	23	11499	19940	9098	3718	2.447	
PILOT-2011009182__G__sonnet4__rep1.json	PILOT-2011009182	G	1	23	11499	10433	3109	3718	0.8362	
PILOT-2011009182__G__sonnet4__rep2.json	PILOT-2011009182	G	2	23	11499	13640	2192	3718	0.5896	
PILOT-2011011469__F__gpt4o-mini__rep0.json	PILOT-2011011469	F	0	10	2785	2284	613	1905	0.3218	
PILOT-2011011469__F__gpt4o-mini__rep1.json	PILOT-2011011469	F	1	9	2785	2208	937	1905	0.4919	
PILOT-2011011469__F__gpt4o-mini__rep2.json	PILOT-2011011469	F	2	10	2785	2579	911	1905	0.4782	
PILOT-2011011469__F__gpt5.4__rep0.json	PILOT-2011011469	F	0	17	2785	3826	1114	1905	0.5848	
PILOT-2011011469__F__gpt5.4__rep1.json	PILOT-2011011469	F	1	17	2785	2967	290	1905	0.1522	
PILOT-2011011469__F__gpt5.4__rep2.json	PILOT-2011011469	F	2	17	2785	3245	552	1905	0.2898	
PILOT-2011011469__F__haiku4.5__rep0.json	PILOT-2011011469	F	0	17	2785	3703	984	1905	0.5165	
PILOT-2011011469__F__haiku4.5__rep1.json	PILOT-2011011469	F	1	17	2785	3939	1196	1905	0.6278	
PILOT-2011011469__F__haiku4.5__rep2.json	PILOT-2011011469	F	2	17	2785	3856	1112	1905	0.5837	
PILOT-2011011469__F__sonnet4__rep0.json	PILOT-2011011469	F	0	17	2785	3197	450	1905	0.2362	
PILOT-2011011469__F__sonnet4__rep1.json	PILOT-2011011469	F	1	17	2785	3258	538	1905	0.2824	
PILOT-2011011469__F__sonnet4__rep2.json	PILOT-2011011469	F	2	17	2785	2906	186	1905	0.0976	
PILOT-2011011469__G__gpt4o-mini__rep0.json	PILOT-2011011469	G	0	6	2785	1313	1603	1905	0.8415	
PILOT-2011011469__G__gpt4o-mini__rep1.json	PILOT-2011011469	G	1	0			None		None	no_gen
PILOT-2011011469__G__gpt4o-mini__rep2.json	PILOT-2011011469	G	2	9	2785	2255	850	1905	0.4462	
PILOT-2011011469__G__gpt5.4__rep0.json	PILOT-2011011469	G	0	17	2785	2826	465	1905	0.2441	
PILOT-2011011469__G__gpt5.4__rep1.json	PILOT-2011011469	G	1	17	2785	3009	340	1905	0.1785	
PILOT-2011011469__G__gpt5.4__rep2.json	PILOT-2011011469	G	2	17	2785	3020	327	1905	0.1717	
PILOT-2011011469__G__haiku4.5__rep0.json	PILOT-2011011469	G	0	17	2785	3620	878	1905	0.4609	
PILOT-2011011469__G__haiku4.5__rep1.json	PILOT-2011011469	G	1	17	2785	3382	813	1905	0.4268	
PILOT-2011011469__G__haiku4.5__rep2.json	PILOT-2011011469	G	2	17	2785	3524	781	1905	0.41	
PILOT-2011011469__G__sonnet4__rep0.json	PILOT-2011011469	G	0	17	2785	2996	303	1905	0.1591	
PILOT-2011011469__G__sonnet4__rep1.json	PILOT-2011011469	G	1	17	2785	2995	302	1905	0.1585	
PILOT-2011011469__G__sonnet4__rep2.json	PILOT-2011011469	G	2	17	2785	2998	305	1905	0.1601	
PILOT-2011012180__F__gpt4o-mini__rep0.json	PILOT-2011012180	F	0	6	5334	2208	3172	5571	0.5694	
PILOT-2011012180__F__gpt4o-mini__rep1.json	PILOT-2011012180	F	1	8	5334	2724	2763	5571	0.496	
PILOT-2011012180__F__gpt4o-mini__rep2.json	PILOT-2011012180	F	2	8	5334	2659	2832	5571	0.5083	
PILOT-2011012180__F__gpt5.4__rep0.json	PILOT-2011012180	F	0	11	5334	3191	2647	5571	0.4751	
PILOT-2011012180__F__gpt5.4__rep1.json	PILOT-2011012180	F	1	11	5334	3046	2574	5571	0.462	
PILOT-2011012180__F__gpt5.4__rep2.json	PILOT-2011012180	F	2	11	5334	3119	2670	5571	0.4793	
PILOT-2011012180__F__haiku4.5__rep0.json	PILOT-2011012180	F	0	11	5334	3663	2783	5571	0.4996	
PILOT-2011012180__F__haiku4.5__rep1.json	PILOT-2011012180	F	1	20	5334	5779	1099	5571	0.1973	
PILOT-2011012180__F__haiku4.5__rep2.json	PILOT-2011012180	F	2	10	5334	3188	2844	5571	0.5105	
PILOT-2011012180__F__sonnet4__rep0.json	PILOT-2011012180	F	0	20	5334	5333	816	5571	0.1465	
PILOT-2011012180__F__sonnet4__rep1.json	PILOT-2011012180	F	1	20	5334	5517	769	5571	0.138	
PILOT-2011012180__F__sonnet4__rep2.json	PILOT-2011012180	F	2	20	5334	5612	798	5571	0.1432	
PILOT-2011012180__G__gpt4o-mini__rep0.json	PILOT-2011012180	G	0	7	5334	2647	2946	5571	0.5288	
PILOT-2011012180__G__gpt4o-mini__rep1.json	PILOT-2011012180	G	1	7	5334	2547	3019	5571	0.5419	
PILOT-2011012180__G__gpt4o-mini__rep2.json	PILOT-2011012180	G	2	9	5334	3047	2588	5571	0.4645	
PILOT-2011012180__G__gpt5.4__rep0.json	PILOT-2011012180	G	0	11	5334	2905	2537	5571	0.4554	
PILOT-2011012180__G__gpt5.4__rep1.json	PILOT-2011012180	G	1	11	5334	3231	2573	5571	0.4619	
PILOT-2011012180__G__gpt5.4__rep2.json	PILOT-2011012180	G	2	11	5334	2909	2553	5571	0.4583	
PILOT-2011012180__G__haiku4.5__rep0.json	PILOT-2011012180	G	0	11	5334	3647	2793	5571	0.5013	
PILOT-2011012180__G__haiku4.5__rep1.json	PILOT-2011012180	G	1	9	5334	3150	2735	5571	0.4909	
PILOT-2011012180__G__haiku4.5__rep2.json	PILOT-2011012180	G	2	20	5334	5661	908	5571	0.163	
PILOT-2011012180__G__sonnet4__rep0.json	PILOT-2011012180	G	0	20	5334	5344	610	5571	0.1095	
PILOT-2011012180__G__sonnet4__rep1.json	PILOT-2011012180	G	1	20	5334	5498	760	5571	0.1364	
PILOT-2011012180__G__sonnet4__rep2.json	PILOT-2011012180	G	2	9	5334	2981	2736	5571	0.4911	
PILOT-2011013110__F__gpt4o-mini__rep0.json	PILOT-2011013110	F	0	0			None		None	no_gen
PILOT-2011013110__F__gpt4o-mini__rep1.json	PILOT-2011013110	F	1	6	8131	3299	5064	4100	1.2351	
PILOT-2011013110__F__gpt4o-mini__rep2.json	PILOT-2011013110	F	2	0			None		None	no_gen
PILOT-2011013110__F__gpt5.4__rep0.json	PILOT-2011013110	F	0	17	8131	8528	563	4100	0.1373	
PILOT-2011013110__F__gpt5.4__rep1.json	PILOT-2011013110	F	1	11	8131	5481	3257	4100	0.7944	
PILOT-2011013110__F__gpt5.4__rep2.json	PILOT-2011013110	F	2	17	8131	9949	1902	4100	0.4639	
PILOT-2011013110__F__haiku4.5__rep0.json	PILOT-2011013110	F	0	9	8131	5761	3888	4100	0.9483	
PILOT-2011013110__F__haiku4.5__rep1.json	PILOT-2011013110	F	1	11	8131	5049	4152	4100	1.0127	
PILOT-2011013110__F__haiku4.5__rep2.json	PILOT-2011013110	F	2	11	8131	6381	3548	4100	0.8654	
PILOT-2011013110__F__sonnet4__rep0.json	PILOT-2011013110	F	0	17	8131	8947	1129	4100	0.2754	
PILOT-2011013110__F__sonnet4__rep1.json	PILOT-2011013110	F	1	17	8131	9319	1501	4100	0.3661	
PILOT-2011013110__F__sonnet4__rep2.json	PILOT-2011013110	F	2	17	8131	9164	1350	4100	0.3293	
PILOT-2011013110__G__gpt4o-mini__rep0.json	PILOT-2011013110	G	0	5	8131	3122	5035	4100	1.228	
PILOT-2011013110__G__gpt4o-mini__rep1.json	PILOT-2011013110	G	1	7	8131	3724	4530	4100	1.1049	
PILOT-2011013110__G__gpt4o-mini__rep2.json	PILOT-2011013110	G	2	7	8131	4365	4153	4100	1.0129	
PILOT-2011013110__G__gpt5.4__rep0.json	PILOT-2011013110	G	0	11	8131	5745	3364	4100	0.8205	
PILOT-2011013110__G__gpt5.4__rep1.json	PILOT-2011013110	G	1	11	8131	5404	3433	4100	0.8373	
PILOT-2011013110__G__gpt5.4__rep2.json	PILOT-2011013110	G	2	11	8131	5307	3478	4100	0.8483	
PILOT-2011013110__G__haiku4.5__rep0.json	PILOT-2011013110	G	0	9	8131	5148	4001	4100	0.9759	
PILOT-2011013110__G__haiku4.5__rep1.json	PILOT-2011013110	G	1	9	8131	4974	4243	4100	1.0349	
PILOT-2011013110__G__haiku4.5__rep2.json	PILOT-2011013110	G	2	11	8131	6048	3314	4100	0.8083	
PILOT-2011013110__G__sonnet4__rep0.json	PILOT-2011013110	G	0	17	8131	8892	1114	4100	0.2717	
PILOT-2011013110__G__sonnet4__rep1.json	PILOT-2011013110	G	1	17	8131	8820	1041	4100	0.2539	
PILOT-2011013110__G__sonnet4__rep2.json	PILOT-2011013110	G	2	17	8131	8685	907	4100	0.2212	
PILOT-2012000327__F__gpt4o-mini__rep0.json	PILOT-2012000327	F	0	6	8317	2978	5852	5828	1.0041	
PILOT-2012000327__F__gpt4o-mini__rep1.json	PILOT-2012000327	F	1	6	8317	3328	5236	5828	0.8984	
PILOT-2012000327__F__gpt4o-mini__rep2.json	PILOT-2012000327	F	2	3	8317	2135	6645	5828	1.1402	
PILOT-2012000327__F__gpt5.4__rep0.json	PILOT-2012000327	F	0	17	8317	3501	5293	5828	0.9082	
PILOT-2012000327__F__gpt5.4__rep1.json	PILOT-2012000327	F	1	17	8317	5545	3513	5828	0.6028	
PILOT-2012000327__F__gpt5.4__rep2.json	PILOT-2012000327	F	2	17	8317	3300	5219	5828	0.8955	
PILOT-2012000327__F__haiku4.5__rep0.json	PILOT-2012000327	F	0	24	8317	8022	1691	5828	0.2902	
PILOT-2012000327__F__haiku4.5__rep1.json	PILOT-2012000327	F	1	24	8317	7270	2389	5828	0.4099	
PILOT-2012000327__F__haiku4.5__rep2.json	PILOT-2012000327	F	2	24	8317	8095	1794	5828	0.3078	
PILOT-2012000327__F__sonnet4__rep0.json	PILOT-2012000327	F	0	17	8317	6439	3987	5828	0.6841	
PILOT-2012000327__F__sonnet4__rep1.json	PILOT-2012000327	F	1	17	8317	6439	3987	5828	0.6841	
PILOT-2012000327__F__sonnet4__rep2.json	PILOT-2012000327	F	2	17	8317	6439	3987	5828	0.6841	
PILOT-2012000327__G__gpt4o-mini__rep0.json	PILOT-2012000327	G	0	5	8317	2549	6255	5828	1.0733	
PILOT-2012000327__G__gpt4o-mini__rep1.json	PILOT-2012000327	G	1	3	8317	2112	6647	5828	1.1405	
PILOT-2012000327__G__gpt4o-mini__rep2.json	PILOT-2012000327	G	2	4	8317	2557	6089	5828	1.0448	
PILOT-2012000327__G__gpt5.4__rep0.json	PILOT-2012000327	G	0	17	8317	3592	5134	5828	0.8809	
PILOT-2012000327__G__gpt5.4__rep1.json	PILOT-2012000327	G	1	17	8317	3462	5286	5828	0.907	
PILOT-2012000327__G__gpt5.4__rep2.json	PILOT-2012000327	G	2	17	8317	3219	5209	5828	0.8938	
PILOT-2012000327__G__haiku4.5__rep0.json	PILOT-2012000327	G	0	24	8317	7918	1765	5828	0.3028	
PILOT-2012000327__G__haiku4.5__rep1.json	PILOT-2012000327	G	1	22	8317	8669	1779	5828	0.3053	
PILOT-2012000327__G__haiku4.5__rep2.json	PILOT-2012000327	G	2	22	8317	7803	1661	5828	0.285	
PILOT-2012000327__G__sonnet4__rep0.json	PILOT-2012000327	G	0	17	8317	6476	4050	5828	0.6949	
PILOT-2012000327__G__sonnet4__rep1.json	PILOT-2012000327	G	1	17	8317	6417	4011	5828	0.6882	
PILOT-2012000327__G__sonnet4__rep2.json	PILOT-2012000327	G	2	17	8317	6214	3808	5828	0.6534	
PILOT-2012003288__F__gpt4o-mini__rep0.json	PILOT-2012003288	F	0	5	3274	1453	1938	714	2.7143	
PILOT-2012003288__F__gpt4o-mini__rep1.json	PILOT-2012003288	F	1	5	3274	1651	1886	714	2.6415	
PILOT-2012003288__F__gpt4o-mini__rep2.json	PILOT-2012003288	F	2	5	3274	1501	1958	714	2.7423	
PILOT-2012003288__F__gpt5.4__rep0.json	PILOT-2012003288	F	0	13	3274	3301	602	714	0.8431	
PILOT-2012003288__F__gpt5.4__rep1.json	PILOT-2012003288	F	1	13	3274	3116	456	714	0.6387	
PILOT-2012003288__F__gpt5.4__rep2.json	PILOT-2012003288	F	2	13	3274	3351	653	714	0.9146	
PILOT-2012003288__F__haiku4.5__rep0.json	PILOT-2012003288	F	0	13	3274	1969	1503	714	2.105	
PILOT-2012003288__F__haiku4.5__rep1.json	PILOT-2012003288	F	1	13	3274	2445	1250	714	1.7507	
PILOT-2012003288__F__haiku4.5__rep2.json	PILOT-2012003288	F	2	13	3274	2123	1501	714	2.1022	
PILOT-2012003288__F__sonnet4__rep0.json	PILOT-2012003288	F	0	13	3274	3146	445	714	0.6232	
PILOT-2012003288__F__sonnet4__rep1.json	PILOT-2012003288	F	1	13	3274	3155	439	714	0.6148	
PILOT-2012003288__F__sonnet4__rep2.json	PILOT-2012003288	F	2	13	3274	3180	462	714	0.6471	
PILOT-2012003288__G__gpt4o-mini__rep0.json	PILOT-2012003288	G	0	5	3274	1315	2005	714	2.8081	
PILOT-2012003288__G__gpt4o-mini__rep1.json	PILOT-2012003288	G	1	5	3274	1334	2078	714	2.9104	
PILOT-2012003288__G__gpt4o-mini__rep2.json	PILOT-2012003288	G	2	5	3274	1584	1863	714	2.6092	
PILOT-2012003288__G__gpt5.4__rep0.json	PILOT-2012003288	G	0	13	3274	3265	557	714	0.7801	
PILOT-2012003288__G__gpt5.4__rep1.json	PILOT-2012003288	G	1	13	3274	3224	531	714	0.7437	
PILOT-2012003288__G__gpt5.4__rep2.json	PILOT-2012003288	G	2	13	3274	3353	647	714	0.9062	
PILOT-2012003288__G__haiku4.5__rep0.json	PILOT-2012003288	G	0	13	3274	3073	442	714	0.619	
PILOT-2012003288__G__haiku4.5__rep1.json	PILOT-2012003288	G	1	13	3274	2016	1332	714	1.8655	
PILOT-2012003288__G__haiku4.5__rep2.json	PILOT-2012003288	G	2	13	3274	898	2404	714	3.3669	
PILOT-2012003288__G__sonnet4__rep0.json	PILOT-2012003288	G	0	13	3274	3156	441	714	0.6176	
PILOT-2012003288__G__sonnet4__rep1.json	PILOT-2012003288	G	1	13	3274	3296	552	714	0.7731	
PILOT-2012003288__G__sonnet4__rep2.json	PILOT-2012003288	G	2	13	3274	3345	601	714	0.8417	
PILOT-2012005674__F__gpt4o-mini__rep0.json	PILOT-2012005674	F	0	7	9954	1827	8174	5845	1.3985	
PILOT-2012005674__F__gpt4o-mini__rep1.json	PILOT-2012005674	F	1	7	9954	1711	8269	5845	1.4147	
PILOT-2012005674__F__gpt4o-mini__rep2.json	PILOT-2012005674	F	2	7	9954	1774	8220	5845	1.4063	
PILOT-2012005674__F__gpt5.4__rep0.json	PILOT-2012005674	F	0	10	9954	2440	7597	5845	1.2997	
PILOT-2012005674__F__gpt5.4__rep1.json	PILOT-2012005674	F	1	10	9954	2440	7597	5845	1.2997	
PILOT-2012005674__F__gpt5.4__rep2.json	PILOT-2012005674	F	2	10	9954	3009	7128	5845	1.2195	
PILOT-2012005674__F__haiku4.5__rep0.json	PILOT-2012005674	F	0	37	9954	10094	1311	5845	0.2243	
PILOT-2012005674__F__haiku4.5__rep1.json	PILOT-2012005674	F	1	37	9954	10700	1781	5845	0.3047	
PILOT-2012005674__F__haiku4.5__rep2.json	PILOT-2012005674	F	2	37	9954	10133	1358	5845	0.2323	
PILOT-2012005674__F__sonnet4__rep0.json	PILOT-2012005674	F	0	37	9954	9703	987	5845	0.1689	
PILOT-2012005674__F__sonnet4__rep1.json	PILOT-2012005674	F	1	37	9954	9703	987	5845	0.1689	
PILOT-2012005674__F__sonnet4__rep2.json	PILOT-2012005674	F	2	37	9954	9703	987	5845	0.1689	
PILOT-2012005674__G__gpt4o-mini__rep0.json	PILOT-2012005674	G	0	7	9954	1787	8208	5845	1.4043	
PILOT-2012005674__G__gpt4o-mini__rep1.json	PILOT-2012005674	G	1	7	9954	1863	8137	5845	1.3921	
PILOT-2012005674__G__gpt4o-mini__rep2.json	PILOT-2012005674	G	2	7	9954	1854	8157	5845	1.3956	
PILOT-2012005674__G__gpt5.4__rep0.json	PILOT-2012005674	G	0	7	9954	2261	7731	5845	1.3227	
PILOT-2012005674__G__gpt5.4__rep1.json	PILOT-2012005674	G	1	10	9954	1703	8259	5845	1.413	
PILOT-2012005674__G__gpt5.4__rep2.json	PILOT-2012005674	G	2	10	9954	1691	8265	5845	1.414	
PILOT-2012005674__G__haiku4.5__rep0.json	PILOT-2012005674	G	0	37	9954	10405	1631	5845	0.279	
PILOT-2012005674__G__haiku4.5__rep1.json	PILOT-2012005674	G	1	37	9954	10205	1433	5845	0.2452	
PILOT-2012005674__G__haiku4.5__rep2.json	PILOT-2012005674	G	2	37	9954	10177	1395	5845	0.2387	
PILOT-2012005674__G__sonnet4__rep0.json	PILOT-2012005674	G	0	37	9954	9547	831	5845	0.1422	
PILOT-2012005674__G__sonnet4__rep1.json	PILOT-2012005674	G	1	37	9954	9703	987	5845	0.1689	
PILOT-2012005674__G__sonnet4__rep2.json	PILOT-2012005674	G	2	37	9954	9563	847	5845	0.1449	
PILOT-2012006145__F__gpt4o-mini__rep0.json	PILOT-2012006145	F	0	23	6066	3285	3075	2446	1.2572	
PILOT-2012006145__F__gpt4o-mini__rep1.json	PILOT-2012006145	F	1	0			None		None	no_gen
PILOT-2012006145__F__gpt4o-mini__rep2.json	PILOT-2012006145	F	2	23	6066	3449	3060	2446	1.251	
PILOT-2012006145__F__gpt5.4__rep0.json	PILOT-2012006145	F	0	23	6066	3215	3035	2446	1.2408	
PILOT-2012006145__F__gpt5.4__rep1.json	PILOT-2012006145	F	1	23	6066	3215	3035	2446	1.2408	
PILOT-2012006145__F__gpt5.4__rep2.json	PILOT-2012006145	F	2	23	6066	3215	3035	2446	1.2408	
PILOT-2012006145__F__haiku4.5__rep0.json	PILOT-2012006145	F	0	23	6066	775	5321	2446	2.1754	
PILOT-2012006145__F__haiku4.5__rep1.json	PILOT-2012006145	F	1	23	6066	3165	2985	2446	1.2204	
PILOT-2012006145__F__haiku4.5__rep2.json	PILOT-2012006145	F	2	23	6066	425	5644	2446	2.3074	
PILOT-2012006145__F__sonnet4__rep0.json	PILOT-2012006145	F	0	23	6066	3150	2970	2446	1.2142	
PILOT-2012006145__F__sonnet4__rep1.json	PILOT-2012006145	F	1	23	6066	3150	2970	2446	1.2142	
PILOT-2012006145__F__sonnet4__rep2.json	PILOT-2012006145	F	2	23	6066	3258	3076	2446	1.2576	
PILOT-2012006145__G__gpt4o-mini__rep0.json	PILOT-2012006145	G	0	23	6066	3221	3021	2446	1.2351	
PILOT-2012006145__G__gpt4o-mini__rep1.json	PILOT-2012006145	G	1	23	6066	3149	3158	2446	1.2911	
PILOT-2012006145__G__gpt4o-mini__rep2.json	PILOT-2012006145	G	2	11	6066	1557	4513	2446	1.8451	
PILOT-2012006145__G__gpt5.4__rep0.json	PILOT-2012006145	G	0	23	6066	3215	3035	2446	1.2408	
PILOT-2012006145__G__gpt5.4__rep1.json	PILOT-2012006145	G	1	23	6066	3216	3034	2446	1.2404	
PILOT-2012006145__G__gpt5.4__rep2.json	PILOT-2012006145	G	2	23	6066	3216	3034	2446	1.2404	
PILOT-2012006145__G__haiku4.5__rep0.json	PILOT-2012006145	G	0	23	6066	3209	3029	2446	1.2383	
PILOT-2012006145__G__haiku4.5__rep1.json	PILOT-2012006145	G	1	23	6066	3165	2985	2446	1.2204	
PILOT-2012006145__G__haiku4.5__rep2.json	PILOT-2012006145	G	2	23	6066	3165	2985	2446	1.2204	
PILOT-2012006145__G__sonnet4__rep0.json	PILOT-2012006145	G	0	23	6066	3150	2970	2446	1.2142	
PILOT-2012006145__G__sonnet4__rep1.json	PILOT-2012006145	G	1	23	6066	3150	2970	2446	1.2142	
PILOT-2012006145__G__sonnet4__rep2.json	PILOT-2012006145	G	2	23	6066	3150	2970	2446	1.2142	
PILOT-2012007524__F__gpt4o-mini__rep0.json	PILOT-2012007524	F	0	7	7153	2978	4366	1361	3.2079	
PILOT-2012007524__F__gpt4o-mini__rep1.json	PILOT-2012007524	F	1	4	7153	2204	5027	1361	3.6936	
PILOT-2012007524__F__gpt4o-mini__rep2.json	PILOT-2012007524	F	2	4	7153	1867	5343	1361	3.9258	
PILOT-2012007524__F__gpt5.4__rep0.json	PILOT-2012007524	F	0	7	7153	3031	4323	1361	3.1763	
PILOT-2012007524__F__gpt5.4__rep1.json	PILOT-2012007524	F	1	7	7153	3206	4372	1361	3.2123	
PILOT-2012007524__F__gpt5.4__rep2.json	PILOT-2012007524	F	2	7	7153	3506	4166	1361	3.061	
PILOT-2012007524__F__haiku4.5__rep0.json	PILOT-2012007524	F	0	7	7153	3809	4399	1361	3.2322	
PILOT-2012007524__F__haiku4.5__rep1.json	PILOT-2012007524	F	1	20	7153	7330	572	1361	0.4203	
PILOT-2012007524__F__haiku4.5__rep2.json	PILOT-2012007524	F	2	7	7153	3857	4253	1361	3.1249	
PILOT-2012007524__F__sonnet4__rep0.json	PILOT-2012007524	F	0	20	7153	7722	951	1361	0.6988	
PILOT-2012007524__F__sonnet4__rep1.json	PILOT-2012007524	F	1	20	7153	7513	776	1361	0.5702	
PILOT-2012007524__F__sonnet4__rep2.json	PILOT-2012007524	F	2	20	7153	7738	991	1361	0.7281	
PILOT-2012007524__G__gpt4o-mini__rep0.json	PILOT-2012007524	G	0	0			None		None	no_gen
PILOT-2012007524__G__gpt4o-mini__rep1.json	PILOT-2012007524	G	1	0			None		None	no_gen
PILOT-2012007524__G__gpt4o-mini__rep2.json	PILOT-2012007524	G	2	0			None		None	no_gen
PILOT-2012007524__G__gpt5.4__rep0.json	PILOT-2012007524	G	0	8	7153	4032	4122	1361	3.0287	
PILOT-2012007524__G__gpt5.4__rep1.json	PILOT-2012007524	G	1	20	7153	7621	871	1361	0.64	
PILOT-2012007524__G__gpt5.4__rep2.json	PILOT-2012007524	G	2	7	7153	3093	4464	1361	3.2799	
PILOT-2012007524__G__haiku4.5__rep0.json	PILOT-2012007524	G	0	20	7153	7619	857	1361	0.6297	
PILOT-2012007524__G__haiku4.5__rep1.json	PILOT-2012007524	G	1	7	7153	3361	4357	1361	3.2013	
PILOT-2012007524__G__haiku4.5__rep2.json	PILOT-2012007524	G	2	20	7153	7742	983	1361	0.7223	
PILOT-2012007524__G__sonnet4__rep0.json	PILOT-2012007524	G	0	20	7153	7243	506	1361	0.3718	
PILOT-2012007524__G__sonnet4__rep1.json	PILOT-2012007524	G	1	20	7153	7213	476	1361	0.3497	
PILOT-2012007524__G__sonnet4__rep2.json	PILOT-2012007524	G	2	20	7153	7281	532	1361	0.3909	
PILOT-2012008496__F__gpt4o-mini__rep0.json	PILOT-2012008496	F	0	13	10184	3397	6861	5108	1.3432	
PILOT-2012008496__F__gpt4o-mini__rep1.json	PILOT-2012008496	F	1	35	10184	10102	320	5108	0.0626	
PILOT-2012008496__F__gpt4o-mini__rep2.json	PILOT-2012008496	F	2	12	10184	3368	6956	5108	1.3618	
PILOT-2012008496__F__gpt5.4__rep0.json	PILOT-2012008496	F	0	35	10184	10210	664	5108	0.13	
PILOT-2012008496__F__gpt5.4__rep1.json	PILOT-2012008496	F	1	35	10184	10331	548	5108	0.1073	
PILOT-2012008496__F__gpt5.4__rep2.json	PILOT-2012008496	F	2	30	10184	6369	3952	5108	0.7737	
PILOT-2012008496__F__haiku4.5__rep0.json	PILOT-2012008496	F	0	35	10184	14066	4396	5108	0.8606	
PILOT-2012008496__F__haiku4.5__rep1.json	PILOT-2012008496	F	1	35	10184	12457	2889	5108	0.5656	
PILOT-2012008496__F__haiku4.5__rep2.json	PILOT-2012008496	F	2	35	10184	12185	2671	5108	0.5229	
PILOT-2012008496__F__sonnet4__rep0.json	PILOT-2012008496	F	0	35	10184	12087	2655	5108	0.5198	
PILOT-2012008496__F__sonnet4__rep1.json	PILOT-2012008496	F	1	35	10184	10298	803	5108	0.1572	
PILOT-2012008496__F__sonnet4__rep2.json	PILOT-2012008496	F	2	35	10184	10154	388	5108	0.076	
PILOT-2012008496__G__gpt4o-mini__rep0.json	PILOT-2012008496	G	0	13	10184	4181	6564	5108	1.285	
PILOT-2012008496__G__gpt4o-mini__rep1.json	PILOT-2012008496	G	1	12	10184	3672	6811	5108	1.3334	
PILOT-2012008496__G__gpt4o-mini__rep2.json	PILOT-2012008496	G	2	4	10184	2327	7873	5108	1.5413	
PILOT-2012008496__G__gpt5.4__rep0.json	PILOT-2012008496	G	0	30	10184	7124	3585	5108	0.7018	
PILOT-2012008496__G__gpt5.4__rep1.json	PILOT-2012008496	G	1	35	10184	9675	773	5108	0.1513	
PILOT-2012008496__G__gpt5.4__rep2.json	PILOT-2012008496	G	2	35	10184	10464	664	5108	0.13	
PILOT-2012008496__G__haiku4.5__rep0.json	PILOT-2012008496	G	0	35	10184	15205	5228	5108	1.0235	
PILOT-2012008496__G__haiku4.5__rep1.json	PILOT-2012008496	G	1	35	10184	11854	2408	5108	0.4714	
PILOT-2012008496__G__haiku4.5__rep2.json	PILOT-2012008496	G	2	35	10184	11544	2203	5108	0.4313	
PILOT-2012008496__G__sonnet4__rep0.json	PILOT-2012008496	G	0	35	10184	10444	678	5108	0.1327	
PILOT-2012008496__G__sonnet4__rep1.json	PILOT-2012008496	G	1	35	10184	10872	1745	5108	0.3416	
PILOT-2012008496__G__sonnet4__rep2.json	PILOT-2012008496	G	2	35	10184	11423	1518	5108	0.2972	
PILOT-2012010015__F__gpt4o-mini__rep0.json	PILOT-2012010015	F	0	4	5606	1109	4513	672	6.7158	
PILOT-2012010015__F__gpt4o-mini__rep1.json	PILOT-2012010015	F	1	2	5606	841	4785	672	7.1205	
PILOT-2012010015__F__gpt4o-mini__rep2.json	PILOT-2012010015	F	2	4	5606	1091	4549	672	6.7693	
PILOT-2012010015__F__gpt5.4__rep0.json	PILOT-2012010015	F	0	16	5606	3053	2804	672	4.1726	
PILOT-2012010015__F__gpt5.4__rep1.json	PILOT-2012010015	F	1	16	5606	3083	2845	672	4.2336	
PILOT-2012010015__F__gpt5.4__rep2.json	PILOT-2012010015	F	2	16	5606	3058	2805	672	4.1741	
PILOT-2012010015__F__haiku4.5__rep0.json	PILOT-2012010015	F	0	16	5606	3448	2859	672	4.2545	
PILOT-2012010015__F__haiku4.5__rep1.json	PILOT-2012010015	F	1	16	5606	3392	2839	672	4.2247	
PILOT-2012010015__F__haiku4.5__rep2.json	PILOT-2012010015	F	2	16	5606	2425	3482	672	5.1815	
PILOT-2012010015__F__sonnet4__rep0.json	PILOT-2012010015	F	0	16	5606	3361	2771	672	4.1235	
PILOT-2012010015__F__sonnet4__rep1.json	PILOT-2012010015	F	1	16	5606	3299	2799	672	4.1652	
PILOT-2012010015__F__sonnet4__rep2.json	PILOT-2012010015	F	2	16	5606	3061	2805	672	4.1741	
PILOT-2012010015__G__gpt4o-mini__rep0.json	PILOT-2012010015	G	0	4	5606	1109	4509	672	6.7098	
PILOT-2012010015__G__gpt4o-mini__rep1.json	PILOT-2012010015	G	1	4	5606	1108	4507	672	6.7068	
PILOT-2012010015__G__gpt4o-mini__rep2.json	PILOT-2012010015	G	2	4	5606	1136	4512	672	6.7143	
PILOT-2012010015__G__gpt5.4__rep0.json	PILOT-2012010015	G	0	16	5606	3106	2796	672	4.1607	
PILOT-2012010015__G__gpt5.4__rep1.json	PILOT-2012010015	G	1	16	5606	3122	2845	672	4.2336	
PILOT-2012010015__G__gpt5.4__rep2.json	PILOT-2012010015	G	2	16	5606	3063	2794	672	4.1577	
PILOT-2012010015__G__haiku4.5__rep0.json	PILOT-2012010015	G	0	16	5606	3213	2672	672	3.9762	
PILOT-2012010015__G__haiku4.5__rep1.json	PILOT-2012010015	G	1	16	5606	3146	2670	672	3.9732	
PILOT-2012010015__G__haiku4.5__rep2.json	PILOT-2012010015	G	2	16	5606	3325	2593	672	3.8586	
PILOT-2012010015__G__sonnet4__rep0.json	PILOT-2012010015	G	0	16	5606	3161	2648	672	3.9405	
PILOT-2012010015__G__sonnet4__rep1.json	PILOT-2012010015	G	1	16	5606	3545	2824	672	4.2024	
PILOT-2012010015__G__sonnet4__rep2.json	PILOT-2012010015	G	2	16	5606	3161	2661	672	3.9598	
PILOT-2013000789__F__gpt4o-mini__rep0.json	PILOT-2013000789	F	0	8	4195	1317	3023	2549	1.186	
PILOT-2013000789__F__gpt4o-mini__rep1.json	PILOT-2013000789	F	1	7	4195	1293	3049	2549	1.1962	
PILOT-2013000789__F__gpt4o-mini__rep2.json	PILOT-2013000789	F	2	7	4195	1197	3127	2549	1.2268	
PILOT-2013000789__F__gpt5.4__rep0.json	PILOT-2013000789	F	0	27	4195	3528	1339	2549	0.5253	
PILOT-2013000789__F__gpt5.4__rep1.json	PILOT-2013000789	F	1	18	4195	2448	2075	2549	0.814	
PILOT-2013000789__F__gpt5.4__rep2.json	PILOT-2013000789	F	2	18	4195	2575	1981	2549	0.7772	
PILOT-2013000789__F__haiku4.5__rep0.json	PILOT-2013000789	F	0	27	4195	2314	2252	2549	0.8835	
PILOT-2013000789__F__haiku4.5__rep1.json	PILOT-2013000789	F	1	27	4195	3484	1406	2549	0.5516	
PILOT-2013000789__F__haiku4.5__rep2.json	PILOT-2013000789	F	2	27	4195	2142	2378	2549	0.9329	
PILOT-2013000789__F__sonnet4__rep0.json	PILOT-2013000789	F	0	27	4195	3576	1409	2549	0.5528	
PILOT-2013000789__F__sonnet4__rep1.json	PILOT-2013000789	F	1	27	4195	3609	1377	2549	0.5402	
PILOT-2013000789__F__sonnet4__rep2.json	PILOT-2013000789	F	2	27	4195	3820	1551	2549	0.6085	
PILOT-2013000789__G__gpt4o-mini__rep0.json	PILOT-2013000789	G	0	8	4195	1260	3081	2549	1.2087	
PILOT-2013000789__G__gpt4o-mini__rep1.json	PILOT-2013000789	G	1	8	4195	1249	3062	2549	1.2013	
PILOT-2013000789__G__gpt4o-mini__rep2.json	PILOT-2013000789	G	2	9	4195	1251	3063	2549	1.2016	
PILOT-2013000789__G__gpt5.4__rep0.json	PILOT-2013000789	G	0	18	4195	2499	1998	2549	0.7838	
PILOT-2013000789__G__gpt5.4__rep1.json	PILOT-2013000789	G	1	18	4195	2461	2063	2549	0.8093	
PILOT-2013000789__G__gpt5.4__rep2.json	PILOT-2013000789	G	2	18	4195	2569	2031	2549	0.7968	
PILOT-2013000789__G__haiku4.5__rep0.json	PILOT-2013000789	G	0	27	4195	2137	2452	2549	0.9619	
PILOT-2013000789__G__haiku4.5__rep1.json	PILOT-2013000789	G	1	27	4195	3253	1476	2549	0.5791	
PILOT-2013000789__G__haiku4.5__rep2.json	PILOT-2013000789	G	2	27	4195	3322	1496	2549	0.5869	
PILOT-2013000789__G__sonnet4__rep0.json	PILOT-2013000789	G	0	27	4195	3634	1407	2549	0.552	
PILOT-2013000789__G__sonnet4__rep1.json	PILOT-2013000789	G	1	27	4195	3674	1416	2549	0.5555	
PILOT-2013000789__G__sonnet4__rep2.json	PILOT-2013000789	G	2	32	4195	4015	962	2549	0.3774	
PILOT-2013001277__F__gpt4o-mini__rep0.json	PILOT-2013001277	F	0	13	3226	2708	1301	945	1.3767	
PILOT-2013001277__F__gpt4o-mini__rep1.json	PILOT-2013001277	F	1	14	3226	3143	1344	945	1.4222	
PILOT-2013001277__F__gpt4o-mini__rep2.json	PILOT-2013001277	F	2	12	3226	3027	1543	945	1.6328	
PILOT-2013001277__F__gpt5.4__rep0.json	PILOT-2013001277	F	0	14	3226	2613	979	945	1.036	
PILOT-2013001277__F__gpt5.4__rep1.json	PILOT-2013001277	F	1	14	3226	2730	1042	945	1.1026	
PILOT-2013001277__F__gpt5.4__rep2.json	PILOT-2013001277	F	2	14	3226	2832	1166	945	1.2339	
PILOT-2013001277__F__haiku4.5__rep0.json	PILOT-2013001277	F	0	18	3226	4352	1230	945	1.3016	
PILOT-2013001277__F__haiku4.5__rep1.json	PILOT-2013001277	F	1	18	3226	4489	1370	945	1.4497	
PILOT-2013001277__F__haiku4.5__rep2.json	PILOT-2013001277	F	2	18	3226	4353	1231	945	1.3026	
PILOT-2013001277__F__sonnet4__rep0.json	PILOT-2013001277	F	0	18	3226	3805	705	945	0.746	
PILOT-2013001277__F__sonnet4__rep1.json	PILOT-2013001277	F	1	18	3226	3167	566	945	0.5989	
PILOT-2013001277__F__sonnet4__rep2.json	PILOT-2013001277	F	2	14	3226	3003	1424	945	1.5069	
PILOT-2013001277__G__gpt4o-mini__rep0.json	PILOT-2013001277	G	0	18	3226	4009	935	945	0.9894	
PILOT-2013001277__G__gpt4o-mini__rep1.json	PILOT-2013001277	G	1	18	3226	3133	324	945	0.3429	
PILOT-2013001277__G__gpt4o-mini__rep2.json	PILOT-2013001277	G	2	18	3226	4602	1480	945	1.5661	
PILOT-2013001277__G__gpt5.4__rep0.json	PILOT-2013001277	G	0	14	3226	2714	1204	945	1.2741	
PILOT-2013001277__G__gpt5.4__rep1.json	PILOT-2013001277	G	1	14	3226	2452	1123	945	1.1884	
PILOT-2013001277__G__gpt5.4__rep2.json	PILOT-2013001277	G	2	14	3226	2786	1412	945	1.4942	
PILOT-2013001277__G__haiku4.5__rep0.json	PILOT-2013001277	G	0	18	3226	3933	1219	945	1.2899	
PILOT-2013001277__G__haiku4.5__rep1.json	PILOT-2013001277	G	1	14	3226	2956	1290	945	1.3651	
PILOT-2013001277__G__haiku4.5__rep2.json	PILOT-2013001277	G	2	18	3226	4361	1260	945	1.3333	
PILOT-2013001277__G__sonnet4__rep0.json	PILOT-2013001277	G	0	18	3226	3393	303	945	0.3206	
PILOT-2013001277__G__sonnet4__rep1.json	PILOT-2013001277	G	1	14	3226	2597	959	945	1.0148	
PILOT-2013001277__G__sonnet4__rep2.json	PILOT-2013001277	G	2	14	3226	3705	1628	945	1.7228	
PILOT-2013007708__F__gpt4o-mini__rep0.json	PILOT-2013007708	F	0	0			None		None	no_gen
PILOT-2013007708__F__gpt4o-mini__rep1.json	PILOT-2013007708	F	1	6	3817	2157	1883	3149	0.598	
PILOT-2013007708__F__gpt4o-mini__rep2.json	PILOT-2013007708	F	2	0			None		None	no_gen
PILOT-2013007708__F__gpt5.4__rep0.json	PILOT-2013007708	F	0	28	3817	3819	172	3149	0.0546	
PILOT-2013007708__F__gpt5.4__rep1.json	PILOT-2013007708	F	1	28	3817	3772	563	3149	0.1788	
PILOT-2013007708__F__gpt5.4__rep2.json	PILOT-2013007708	F	2	28	3817	3948	269	3149	0.0854	
PILOT-2013007708__F__haiku4.5__rep0.json	PILOT-2013007708	F	0	28	3817	5272	1532	3149	0.4865	
PILOT-2013007708__F__haiku4.5__rep1.json	PILOT-2013007708	F	1	28	3817	4746	1008	3149	0.3201	
PILOT-2013007708__F__haiku4.5__rep2.json	PILOT-2013007708	F	2	28	3817	5730	1990	3149	0.6319	
PILOT-2013007708__F__sonnet4__rep0.json	PILOT-2013007708	F	0	28	3817	3882	203	3149	0.0645	
PILOT-2013007708__F__sonnet4__rep1.json	PILOT-2013007708	F	1	28	3817	3880	201	3149	0.0638	
PILOT-2013007708__F__sonnet4__rep2.json	PILOT-2013007708	F	2	28	3817	3878	199	3149	0.0632	
PILOT-2013007708__G__gpt4o-mini__rep0.json	PILOT-2013007708	G	0	28	3817	3759	186	3149	0.0591	
PILOT-2013007708__G__gpt4o-mini__rep1.json	PILOT-2013007708	G	1	5	3817	1256	2651	3149	0.8419	
PILOT-2013007708__G__gpt4o-mini__rep2.json	PILOT-2013007708	G	2	28	3817	4009	393	3149	0.1248	
PILOT-2013007708__G__gpt5.4__rep0.json	PILOT-2013007708	G	0	28	3817	3819	172	3149	0.0546	
PILOT-2013007708__G__gpt5.4__rep1.json	PILOT-2013007708	G	1	28	3817	3914	235	3149	0.0746	
PILOT-2013007708__G__gpt5.4__rep2.json	PILOT-2013007708	G	2	28	3817	3962	281	3149	0.0892	
PILOT-2013007708__G__haiku4.5__rep0.json	PILOT-2013007708	G	0	28	3817	4804	1936	3149	0.6148	
PILOT-2013007708__G__haiku4.5__rep1.json	PILOT-2013007708	G	1	28	3817	6232	2492	3149	0.7914	
PILOT-2013007708__G__haiku4.5__rep2.json	PILOT-2013007708	G	2	28	3817	6172	2463	3149	0.7822	
PILOT-2013007708__G__sonnet4__rep0.json	PILOT-2013007708	G	0	28	3817	3890	221	3149	0.0702	
PILOT-2013007708__G__sonnet4__rep1.json	PILOT-2013007708	G	1	28	3817	3880	201	3149	0.0638	
PILOT-2013007708__G__sonnet4__rep2.json	PILOT-2013007708	G	2	28	3817	3880	201	3149	0.0638	
PILOT-2014002407__F__gpt4o-mini__rep0.json	PILOT-2014002407	F	0	5	3806	3320	606	702	0.8632	
PILOT-2014002407__F__gpt4o-mini__rep1.json	PILOT-2014002407	F	1	8	3806	3814	202	702	0.2877	
PILOT-2014002407__F__gpt4o-mini__rep2.json	PILOT-2014002407	F	2	8	3806	3808	212	702	0.302	
PILOT-2014002407__F__gpt5.4__rep0.json	PILOT-2014002407	F	0	8	3806	3808	217	702	0.3091	
PILOT-2014002407__F__gpt5.4__rep1.json	PILOT-2014002407	F	1	8	3806	4064	470	702	0.6695	
PILOT-2014002407__F__gpt5.4__rep2.json	PILOT-2014002407	F	2	8	3806	3802	208	702	0.2963	
PILOT-2014002407__F__haiku4.5__rep0.json	PILOT-2014002407	F	0	8	3806	3885	301	702	0.4288	
PILOT-2014002407__F__haiku4.5__rep1.json	PILOT-2014002407	F	1	8	3806	3824	240	702	0.3419	
PILOT-2014002407__F__haiku4.5__rep2.json	PILOT-2014002407	F	2	8	3806	3761	177	702	0.2521	
PILOT-2014002407__F__sonnet4__rep0.json	PILOT-2014002407	F	0	8	3806	3810	216	702	0.3077	
PILOT-2014002407__F__sonnet4__rep1.json	PILOT-2014002407	F	1	8	3806	3765	171	702	0.2436	
PILOT-2014002407__F__sonnet4__rep2.json	PILOT-2014002407	F	2	8	3806	3810	216	702	0.3077	
PILOT-2014002407__G__gpt4o-mini__rep0.json	PILOT-2014002407	G	0	8	3806	3813	205	702	0.292	
PILOT-2014002407__G__gpt4o-mini__rep1.json	PILOT-2014002407	G	1	8	3806	3700	140	702	0.1994	
PILOT-2014002407__G__gpt4o-mini__rep2.json	PILOT-2014002407	G	2	8	3806	3718	122	702	0.1738	
PILOT-2014002407__G__gpt5.4__rep0.json	PILOT-2014002407	G	0	8	3806	3802	208	702	0.2963	
PILOT-2014002407__G__gpt5.4__rep1.json	PILOT-2014002407	G	1	8	3806	3802	208	702	0.2963	
PILOT-2014002407__G__gpt5.4__rep2.json	PILOT-2014002407	G	2	8	3806	4182	588	702	0.8376	
PILOT-2014002407__G__haiku4.5__rep0.json	PILOT-2014002407	G	0	8	3806	3765	171	702	0.2436	
PILOT-2014002407__G__haiku4.5__rep1.json	PILOT-2014002407	G	1	8	3806	3761	177	702	0.2521	
PILOT-2014002407__G__haiku4.5__rep2.json	PILOT-2014002407	G	2	8	3806	3776	112	702	0.1595	
PILOT-2014002407__G__sonnet4__rep0.json	PILOT-2014002407	G	0	8	3806	4069	475	702	0.6766	
PILOT-2014002407__G__sonnet4__rep1.json	PILOT-2014002407	G	1	8	3806	3765	171	702	0.2436	
PILOT-2014002407__G__sonnet4__rep2.json	PILOT-2014002407	G	2	8	3806	3810	216	702	0.3077	
PILOT-2014002745__F__gpt4o-mini__rep0.json	PILOT-2014002745	F	0	0			None		None	no_gen
PILOT-2014002745__F__gpt4o-mini__rep1.json	PILOT-2014002745	F	1	2	5510	826	4687	4481	1.046	
PILOT-2014002745__F__gpt4o-mini__rep2.json	PILOT-2014002745	F	2	0			None		None	no_gen
PILOT-2014002745__F__gpt5.4__rep0.json	PILOT-2014002745	F	0	27	5510	4440	1661	4481	0.3707	
PILOT-2014002745__F__gpt5.4__rep1.json	PILOT-2014002745	F	1	27	5510	4759	1731	4481	0.3863	
PILOT-2014002745__F__gpt5.4__rep2.json	PILOT-2014002745	F	2	27	5510	4705	1707	4481	0.3809	
PILOT-2014002745__F__haiku4.5__rep0.json	PILOT-2014002745	F	0	27	5510	5729	1960	4481	0.4374	
PILOT-2014002745__F__haiku4.5__rep1.json	PILOT-2014002745	F	1	27	5510	5729	1942	4481	0.4334	
PILOT-2014002745__F__haiku4.5__rep2.json	PILOT-2014002745	F	2	27	5510	5178	2176	4481	0.4856	
PILOT-2014002745__F__sonnet4__rep0.json	PILOT-2014002745	F	0	27	5510	4248	1546	4481	0.345	
PILOT-2014002745__F__sonnet4__rep1.json	PILOT-2014002745	F	1	27	5510	4709	1270	4481	0.2834	
PILOT-2014002745__F__sonnet4__rep2.json	PILOT-2014002745	F	2	27	5510	5250	1393	4481	0.3109	
PILOT-2014002745__G__gpt4o-mini__rep0.json	PILOT-2014002745	G	0	20	5510	3853	1667	4481	0.372	
PILOT-2014002745__G__gpt4o-mini__rep1.json	PILOT-2014002745	G	1	5	5510	1539	4049	4481	0.9036	
PILOT-2014002745__G__gpt4o-mini__rep2.json	PILOT-2014002745	G	2	11	5510	2432	3086	4481	0.6887	
PILOT-2014002745__G__gpt5.4__rep0.json	PILOT-2014002745	G	0	27	5510	4777	1808	4481	0.4035	
PILOT-2014002745__G__gpt5.4__rep1.json	PILOT-2014002745	G	1	27	5510	4393	1632	4481	0.3642	
PILOT-2014002745__G__gpt5.4__rep2.json	PILOT-2014002745	G	2	27	5510	4466	1547	4481	0.3452	
PILOT-2014002745__G__haiku4.5__rep0.json	PILOT-2014002745	G	0	27	5510	5033	1330	4481	0.2968	
PILOT-2014002745__G__haiku4.5__rep1.json	PILOT-2014002745	G	1	27	5510	5113	1315	4481	0.2935	
PILOT-2014002745__G__haiku4.5__rep2.json	PILOT-2014002745	G	2	27	5510	5142	1433	4481	0.3198	
PILOT-2014002745__G__sonnet4__rep0.json	PILOT-2014002745	G	0	27	5510	4967	1161	4481	0.2591	
PILOT-2014002745__G__sonnet4__rep1.json	PILOT-2014002745	G	1	27	5510	4938	1154	4481	0.2575	
PILOT-2014002745__G__sonnet4__rep2.json	PILOT-2014002745	G	2	27	5510	4896	1118	4481	0.2495	
PILOT-2014003236__F__gpt4o-mini__rep0.json	PILOT-2014003236	F	0	5	564	683	133	413	0.322	
PILOT-2014003236__F__gpt4o-mini__rep1.json	PILOT-2014003236	F	1	5	564	613	93	413	0.2252	
PILOT-2014003236__F__gpt4o-mini__rep2.json	PILOT-2014003236	F	2	5	564	605	111	413	0.2688	
PILOT-2014003236__F__gpt5.4__rep0.json	PILOT-2014003236	F	0	5	564	651	145	413	0.3511	
PILOT-2014003236__F__gpt5.4__rep1.json	PILOT-2014003236	F	1	5	564	676	129	413	0.3123	
PILOT-2014003236__F__gpt5.4__rep2.json	PILOT-2014003236	F	2	5	564	671	124	413	0.3002	
PILOT-2014003236__F__haiku4.5__rep0.json	PILOT-2014003236	F	0	5	564	643	133	413	0.322	
PILOT-2014003236__F__haiku4.5__rep1.json	PILOT-2014003236	F	1	5	564	648	223	413	0.54	
PILOT-2014003236__F__haiku4.5__rep2.json	PILOT-2014003236	F	2	5	564	1179	624	413	1.5109	
PILOT-2014003236__F__sonnet4__rep0.json	PILOT-2014003236	F	0	5	564	542	40	413	0.0969	
PILOT-2014003236__F__sonnet4__rep1.json	PILOT-2014003236	F	1	5	564	562	105	413	0.2542	
PILOT-2014003236__F__sonnet4__rep2.json	PILOT-2014003236	F	2	5	564	700	177	413	0.4286	
PILOT-2014003236__G__gpt4o-mini__rep0.json	PILOT-2014003236	G	0	5	564	638	137	413	0.3317	
PILOT-2014003236__G__gpt4o-mini__rep1.json	PILOT-2014003236	G	1	5	564	671	111	413	0.2688	
PILOT-2014003236__G__gpt4o-mini__rep2.json	PILOT-2014003236	G	2	5	564	592	28	413	0.0678	
PILOT-2014003236__G__gpt5.4__rep0.json	PILOT-2014003236	G	0	5	564	651	145	413	0.3511	
PILOT-2014003236__G__gpt5.4__rep1.json	PILOT-2014003236	G	1	5	564	656	137	413	0.3317	
PILOT-2014003236__G__gpt5.4__rep2.json	PILOT-2014003236	G	2	5	564	415	152	413	0.368	
PILOT-2014003236__G__haiku4.5__rep0.json	PILOT-2014003236	G	0	5	564	654	143	413	0.3462	
PILOT-2014003236__G__haiku4.5__rep1.json	PILOT-2014003236	G	1	5	564	679	188	413	0.4552	
PILOT-2014003236__G__haiku4.5__rep2.json	PILOT-2014003236	G	2	5	564	629	207	413	0.5012	
PILOT-2014003236__G__sonnet4__rep0.json	PILOT-2014003236	G	0	5	564	741	178	413	0.431	
PILOT-2014003236__G__sonnet4__rep1.json	PILOT-2014003236	G	1	5	564	512	135	413	0.3269	
PILOT-2014003236__G__sonnet4__rep2.json	PILOT-2014003236	G	2	6	564	636	197	413	0.477	
PILOT-2014003587__F__gpt4o-mini__rep0.json	PILOT-2014003587	F	0	0			None		None	no_gen
PILOT-2014003587__F__gpt4o-mini__rep1.json	PILOT-2014003587	F	1	0			None		None	no_gen
PILOT-2014003587__F__gpt4o-mini__rep2.json	PILOT-2014003587	F	2	0			None		None	no_gen
PILOT-2014003587__F__gpt5.4__rep0.json	PILOT-2014003587	F	0	20	4305	5390	1161	1705	0.6809	
PILOT-2014003587__F__gpt5.4__rep1.json	PILOT-2014003587	F	1	20	4305	4296	771	1705	0.4522	
PILOT-2014003587__F__gpt5.4__rep2.json	PILOT-2014003587	F	2	20	4305	4998	1161	1705	0.6809	
PILOT-2014003587__F__haiku4.5__rep0.json	PILOT-2014003587	F	0	20	4305	5735	1649	1705	0.9672	
PILOT-2014003587__F__haiku4.5__rep1.json	PILOT-2014003587	F	1	20	4305	6053	1824	1705	1.0698	
PILOT-2014003587__F__haiku4.5__rep2.json	PILOT-2014003587	F	2	20	4305	6026	1797	1705	1.054	
PILOT-2014003587__F__sonnet4__rep0.json	PILOT-2014003587	F	0	20	4305	4640	403	1705	0.2364	
PILOT-2014003587__F__sonnet4__rep1.json	PILOT-2014003587	F	1	20	4305	4621	383	1705	0.2246	
PILOT-2014003587__F__sonnet4__rep2.json	PILOT-2014003587	F	2	20	4305	4637	400	1705	0.2346	
PILOT-2014003587__G__gpt4o-mini__rep0.json	PILOT-2014003587	G	0	0			None		None	no_gen
PILOT-2014003587__G__gpt4o-mini__rep1.json	PILOT-2014003587	G	1	0			None		None	no_gen
PILOT-2014003587__G__gpt4o-mini__rep2.json	PILOT-2014003587	G	2	0			None		None	no_gen
PILOT-2014003587__G__gpt5.4__rep0.json	PILOT-2014003587	G	0	20	4305	4818	1003	1705	0.5883	
PILOT-2014003587__G__gpt5.4__rep1.json	PILOT-2014003587	G	1	20	4305	4885	656	1705	0.3848	
PILOT-2014003587__G__gpt5.4__rep2.json	PILOT-2014003587	G	2	20	4305	4999	756	1705	0.4434	
PILOT-2014003587__G__haiku4.5__rep0.json	PILOT-2014003587	G	0	20	4305	5960	1731	1705	1.0152	
PILOT-2014003587__G__haiku4.5__rep1.json	PILOT-2014003587	G	1	20	4305	5230	1002	1705	0.5877	
PILOT-2014003587__G__haiku4.5__rep2.json	PILOT-2014003587	G	2	20	4305	5034	1002	1705	0.5877	
PILOT-2014003587__G__sonnet4__rep0.json	PILOT-2014003587	G	0	20	4305	4697	451	1705	0.2645	
PILOT-2014003587__G__sonnet4__rep1.json	PILOT-2014003587	G	1	20	4305	4473	226	1705	0.1326	
PILOT-2014003587__G__sonnet4__rep2.json	PILOT-2014003587	G	2	20	4305	4751	503	1705	0.295	
PILOT-2014006550__F__gpt4o-mini__rep0.json	PILOT-2014006550	F	0	8	6560	3453	3233	1375	2.3513	
PILOT-2014006550__F__gpt4o-mini__rep1.json	PILOT-2014006550	F	1	4	6560	2588	4057	1375	2.9505	
PILOT-2014006550__F__gpt4o-mini__rep2.json	PILOT-2014006550	F	2	0			None		None	no_gen
PILOT-2014006550__F__gpt5.4__rep0.json	PILOT-2014006550	F	0	20	6560	7221	853	1375	0.6204	
PILOT-2014006550__F__gpt5.4__rep1.json	PILOT-2014006550	F	1	20	6560	7449	1081	1375	0.7862	
PILOT-2014006550__F__gpt5.4__rep2.json	PILOT-2014006550	F	2	20	6560	6882	514	1375	0.3738	
PILOT-2014006550__F__haiku4.5__rep0.json	PILOT-2014006550	F	0	20	6560	7225	1021	1375	0.7425	
PILOT-2014006550__F__haiku4.5__rep1.json	PILOT-2014006550	F	1	20	6560	7413	1289	1375	0.9375	
PILOT-2014006550__F__haiku4.5__rep2.json	PILOT-2014006550	F	2	20	6560	7055	894	1375	0.6502	
PILOT-2014006550__F__sonnet4__rep0.json	PILOT-2014006550	F	0	20	6560	7121	757	1375	0.5505	
PILOT-2014006550__F__sonnet4__rep1.json	PILOT-2014006550	F	1	20	6560	7266	901	1375	0.6553	
PILOT-2014006550__F__sonnet4__rep2.json	PILOT-2014006550	F	2	20	6560	7179	815	1375	0.5927	
PILOT-2014006550__G__gpt4o-mini__rep0.json	PILOT-2014006550	G	0	0			None		None	no_gen
PILOT-2014006550__G__gpt4o-mini__rep1.json	PILOT-2014006550	G	1	0			None		None	no_gen
PILOT-2014006550__G__gpt4o-mini__rep2.json	PILOT-2014006550	G	2	0			None		None	no_gen
PILOT-2014006550__G__gpt5.4__rep0.json	PILOT-2014006550	G	0	20	6560	6983	628	1375	0.4567	
PILOT-2014006550__G__gpt5.4__rep1.json	PILOT-2014006550	G	1	20	6560	6770	428	1375	0.3113	
PILOT-2014006550__G__gpt5.4__rep2.json	PILOT-2014006550	G	2	20	6560	6885	520	1375	0.3782	
PILOT-2014006550__G__haiku4.5__rep0.json	PILOT-2014006550	G	0	20	6560	7341	1138	1375	0.8276	
PILOT-2014006550__G__haiku4.5__rep1.json	PILOT-2014006550	G	1	19	6560	7454	1708	1375	1.2422	
PILOT-2014006550__G__haiku4.5__rep2.json	PILOT-2014006550	G	2	20	6560	7163	1090	1375	0.7927	
PILOT-2014006550__G__sonnet4__rep0.json	PILOT-2014006550	G	0	20	6560	7238	873	1375	0.6349	
PILOT-2014006550__G__sonnet4__rep1.json	PILOT-2014006550	G	1	20	6560	7230	865	1375	0.6291	
PILOT-2014006550__G__sonnet4__rep2.json	PILOT-2014006550	G	2	20	6560	7180	815	1375	0.5927	
PILOT-2014007043__F__gpt4o-mini__rep0.json	PILOT-2014007043	F	0	4	4137	2078	2142	1469	1.4581	
PILOT-2014007043__F__gpt4o-mini__rep1.json	PILOT-2014007043	F	1	4	4137	2032	2406	1469	1.6378	
PILOT-2014007043__F__gpt4o-mini__rep2.json	PILOT-2014007043	F	2	5	4137	2052	2176	1469	1.4813	
PILOT-2014007043__F__gpt5.4__rep0.json	PILOT-2014007043	F	0	6	4137	2091	2093	1469	1.4248	
PILOT-2014007043__F__gpt5.4__rep1.json	PILOT-2014007043	F	1	6	4137	2223	2027	1469	1.3799	
PILOT-2014007043__F__gpt5.4__rep2.json	PILOT-2014007043	F	2	6	4137	1857	2323	1469	1.5813	
PILOT-2014007043__F__haiku4.5__rep0.json	PILOT-2014007043	F	0	6	4137	1926	2451	1469	1.6685	
PILOT-2014007043__F__haiku4.5__rep1.json	PILOT-2014007043	F	1	6	4137	1621	2609	1469	1.776	
PILOT-2014007043__F__haiku4.5__rep2.json	PILOT-2014007043	F	2	6	4137	1622	2608	1469	1.7754	
PILOT-2014007043__F__sonnet4__rep0.json	PILOT-2014007043	F	0	20	4137	3580	603	1469	0.4105	
PILOT-2014007043__F__sonnet4__rep1.json	PILOT-2014007043	F	1	20	4137	3594	625	1469	0.4255	
PILOT-2014007043__F__sonnet4__rep2.json	PILOT-2014007043	F	2	20	4137	3620	645	1469	0.4391	
PILOT-2014007043__G__gpt4o-mini__rep0.json	PILOT-2014007043	G	0	0			None		None	no_gen
PILOT-2014007043__G__gpt4o-mini__rep1.json	PILOT-2014007043	G	1	0			None		None	no_gen
PILOT-2014007043__G__gpt4o-mini__rep2.json	PILOT-2014007043	G	2	4	4137	2268	2127	1469	1.4479	
PILOT-2014007043__G__gpt5.4__rep0.json	PILOT-2014007043	G	0	20	4137	4172	197	1469	0.1341	
PILOT-2014007043__G__gpt5.4__rep1.json	PILOT-2014007043	G	1	6	4137	2291	1972	1469	1.3424	
PILOT-2014007043__G__gpt5.4__rep2.json	PILOT-2014007043	G	2	6	4137	2127	2056	1469	1.3996	
PILOT-2014007043__G__haiku4.5__rep0.json	PILOT-2014007043	G	0	20	4137	4482	424	1469	0.2886	
PILOT-2014007043__G__haiku4.5__rep1.json	PILOT-2014007043	G	1	20	4137	4090	117	1469	0.0796	
PILOT-2014007043__G__haiku4.5__rep2.json	PILOT-2014007043	G	2	20	4137	4398	814	1469	0.5541	
PILOT-2014007043__G__sonnet4__rep0.json	PILOT-2014007043	G	0	20	4137	3588	593	1469	0.4037	
PILOT-2014007043__G__sonnet4__rep1.json	PILOT-2014007043	G	1	20	4137	3580	603	1469	0.4105	
PILOT-2014007043__G__sonnet4__rep2.json	PILOT-2014007043	G	2	20	4137	3839	366	1469	0.2491	
PILOT-2014008375__F__gpt4o-mini__rep0.json	PILOT-2014008375	F	0	4	3234	1678	1574	1633	0.9639	
PILOT-2014008375__F__gpt4o-mini__rep1.json	PILOT-2014008375	F	1	3	3234	989	2255	1633	1.3809	
PILOT-2014008375__F__gpt4o-mini__rep2.json	PILOT-2014008375	F	2	3	3234	960	2294	1633	1.4048	
PILOT-2014008375__F__gpt5.4__rep0.json	PILOT-2014008375	F	0	5	3234	1960	1554	1633	0.9516	
PILOT-2014008375__F__gpt5.4__rep1.json	PILOT-2014008375	F	1	10	3234	3242	20	1633	0.0122	
PILOT-2014008375__F__gpt5.4__rep2.json	PILOT-2014008375	F	2	10	3234	3262	46	1633	0.0282	
PILOT-2014008375__F__haiku4.5__rep0.json	PILOT-2014008375	F	0	10	3234	3157	383	1633	0.2345	
PILOT-2014008375__F__haiku4.5__rep1.json	PILOT-2014008375	F	1	10	3234	1906	1484	1633	0.9088	
PILOT-2014008375__F__haiku4.5__rep2.json	PILOT-2014008375	F	2	10	3234	2903	649	1633	0.3974	
PILOT-2014008375__F__sonnet4__rep0.json	PILOT-2014008375	F	0	10	3234	2565	867	1633	0.5309	
PILOT-2014008375__F__sonnet4__rep1.json	PILOT-2014008375	F	1	10	3234	2441	949	1633	0.5811	
PILOT-2014008375__F__sonnet4__rep2.json	PILOT-2014008375	F	2	10	3234	2441	949	1633	0.5811	
PILOT-2014008375__G__gpt4o-mini__rep0.json	PILOT-2014008375	G	0	5	3234	1213	2106	1633	1.2897	
PILOT-2014008375__G__gpt4o-mini__rep1.json	PILOT-2014008375	G	1	4	3234	1874	1440	1633	0.8818	
PILOT-2014008375__G__gpt4o-mini__rep2.json	PILOT-2014008375	G	2	3	3234	960	2286	1633	1.3999	
PILOT-2014008375__G__gpt5.4__rep0.json	PILOT-2014008375	G	0	5	3234	1840	1434	1633	0.8781	
PILOT-2014008375__G__gpt5.4__rep1.json	PILOT-2014008375	G	1	5	3234	1831	1425	1633	0.8726	
PILOT-2014008375__G__gpt5.4__rep2.json	PILOT-2014008375	G	2	5	3234	1840	1434	1633	0.8781	
PILOT-2014008375__G__haiku4.5__rep0.json	PILOT-2014008375	G	0	10	3234	3353	203	1633	0.1243	
PILOT-2014008375__G__haiku4.5__rep1.json	PILOT-2014008375	G	1	10	3234	2913	387	1633	0.237	
PILOT-2014008375__G__haiku4.5__rep2.json	PILOT-2014008375	G	2	10	3234	3114	354	1633	0.2168	
PILOT-2014008375__G__sonnet4__rep0.json	PILOT-2014008375	G	0	10	3234	2452	942	1633	0.5769	
PILOT-2014008375__G__sonnet4__rep1.json	PILOT-2014008375	G	1	10	3234	3319	93	1633	0.057	
PILOT-2014008375__G__sonnet4__rep2.json	PILOT-2014008375	G	2	10	3234	3319	93	1633	0.057	
PILOT-2014009096__F__gpt4o-mini__rep0.json	PILOT-2014009096	F	0	4	5103	2759	2729	3397	0.8034	
PILOT-2014009096__F__gpt4o-mini__rep1.json	PILOT-2014009096	F	1	4	5103	3017	2531	3397	0.7451	
PILOT-2014009096__F__gpt4o-mini__rep2.json	PILOT-2014009096	F	2	4	5103	3049	2542	3397	0.7483	
PILOT-2014009096__F__gpt5.4__rep0.json	PILOT-2014009096	F	0	9	5103	5125	349	3397	0.1027	
PILOT-2014009096__F__gpt5.4__rep1.json	PILOT-2014009096	F	1	9	5103	5168	338	3397	0.0995	
PILOT-2014009096__F__gpt5.4__rep2.json	PILOT-2014009096	F	2	4	5103	2958	2483	3397	0.7309	
PILOT-2014009096__F__haiku4.5__rep0.json	PILOT-2014009096	F	0	4	5103	3076	2380	3397	0.7006	
PILOT-2014009096__F__haiku4.5__rep1.json	PILOT-2014009096	F	1	4	5103	3227	2649	3397	0.7798	
PILOT-2014009096__F__haiku4.5__rep2.json	PILOT-2014009096	F	2	4	5103	3119	2476	3397	0.7289	
PILOT-2014009096__F__sonnet4__rep0.json	PILOT-2014009096	F	0	0			None		None	no_gen
PILOT-2014009096__F__sonnet4__rep1.json	PILOT-2014009096	F	1	4	5103	2916	2413	3397	0.7103	
PILOT-2014009096__F__sonnet4__rep2.json	PILOT-2014009096	F	2	4	5103	2912	2418	3397	0.7118	
PILOT-2014009096__G__gpt4o-mini__rep0.json	PILOT-2014009096	G	0	4	5103	3014	2521	3397	0.7421	
PILOT-2014009096__G__gpt4o-mini__rep1.json	PILOT-2014009096	G	1	4	5103	2956	2588	3397	0.7618	
PILOT-2014009096__G__gpt4o-mini__rep2.json	PILOT-2014009096	G	2	4	5103	2903	2412	3397	0.71	
PILOT-2014009096__G__gpt5.4__rep0.json	PILOT-2014009096	G	0	9	5103	5116	334	3397	0.0983	
PILOT-2014009096__G__gpt5.4__rep1.json	PILOT-2014009096	G	1	4	5103	2969	2462	3397	0.7248	
PILOT-2014009096__G__gpt5.4__rep2.json	PILOT-2014009096	G	2	4	5103	2958	2471	3397	0.7274	
PILOT-2014009096__G__haiku4.5__rep0.json	PILOT-2014009096	G	0	5	5103	2930	2453	3397	0.7221	
PILOT-2014009096__G__haiku4.5__rep1.json	PILOT-2014009096	G	1	10	5103	3015	2456	3397	0.723	
PILOT-2014009096__G__haiku4.5__rep2.json	PILOT-2014009096	G	2	5	5103	2911	2374	3397	0.6989	
PILOT-2014009096__G__sonnet4__rep0.json	PILOT-2014009096	G	0	4	5103	3115	2547	3397	0.7498	
PILOT-2014009096__G__sonnet4__rep1.json	PILOT-2014009096	G	1	4	5103	3120	2552	3397	0.7513	
PILOT-2014009096__G__sonnet4__rep2.json	PILOT-2014009096	G	2	4	5103	3120	2552	3397	0.7513	
PILOT-2014009182__F__gpt4o-mini__rep0.json	PILOT-2014009182	F	0	20	5648	5531	171	778	0.2198	
PILOT-2014009182__F__gpt4o-mini__rep1.json	PILOT-2014009182	F	1	20	5648	5603	243	778	0.3123	
PILOT-2014009182__F__gpt4o-mini__rep2.json	PILOT-2014009182	F	2	19	5648	5479	238	778	0.3059	
PILOT-2014009182__F__gpt5.4__rep0.json	PILOT-2014009182	F	0	20	5648	5527	709	778	0.9113	
PILOT-2014009182__F__gpt5.4__rep1.json	PILOT-2014009182	F	1	20	5648	6436	1048	778	1.347	
PILOT-2014009182__F__gpt5.4__rep2.json	PILOT-2014009182	F	2	20	5648	6073	685	778	0.8805	
PILOT-2014009182__F__haiku4.5__rep0.json	PILOT-2014009182	F	0	12	5648	4528	2266	778	2.9126	
PILOT-2014009182__F__haiku4.5__rep1.json	PILOT-2014009182	F	1	20	5648	6558	1170	778	1.5039	
PILOT-2014009182__F__haiku4.5__rep2.json	PILOT-2014009182	F	2	20	5648	5017	1060	778	1.3625	
PILOT-2014009182__F__sonnet4__rep0.json	PILOT-2014009182	F	0	20	5648	6337	949	778	1.2198	
PILOT-2014009182__F__sonnet4__rep1.json	PILOT-2014009182	F	1	20	5648	6036	980	778	1.2596	
PILOT-2014009182__F__sonnet4__rep2.json	PILOT-2014009182	F	2	20	5648	6384	1349	778	1.7339	
PILOT-2014009182__G__gpt4o-mini__rep0.json	PILOT-2014009182	G	0	20	5648	5577	217	778	0.2789	
PILOT-2014009182__G__gpt4o-mini__rep1.json	PILOT-2014009182	G	1	20	5648	5840	474	778	0.6093	
PILOT-2014009182__G__gpt4o-mini__rep2.json	PILOT-2014009182	G	2	11	5648	3628	2324	778	2.9871	
PILOT-2014009182__G__gpt5.4__rep0.json	PILOT-2014009182	G	0	12	5648	3800	2271	778	2.919	
PILOT-2014009182__G__gpt5.4__rep1.json	PILOT-2014009182	G	1	12	5648	3604	2154	778	2.7686	
PILOT-2014009182__G__gpt5.4__rep2.json	PILOT-2014009182	G	2	12	5648	3818	2284	778	2.9357	
PILOT-2014009182__G__haiku4.5__rep0.json	PILOT-2014009182	G	0	20	5648	6267	1098	778	1.4113	
PILOT-2014009182__G__haiku4.5__rep1.json	PILOT-2014009182	G	1	12	5648	4183	2295	778	2.9499	
PILOT-2014009182__G__haiku4.5__rep2.json	PILOT-2014009182	G	2	20	5648	6251	1104	778	1.419	
PILOT-2014009182__G__sonnet4__rep0.json	PILOT-2014009182	G	0	20	5648	6119	731	778	0.9396	
PILOT-2014009182__G__sonnet4__rep1.json	PILOT-2014009182	G	1	20	5648	6122	734	778	0.9434	
PILOT-2014009182__G__sonnet4__rep2.json	PILOT-2014009182	G	2	20	5648	5111	1144	778	1.4704	
PILOT-2014009970__F__gpt4o-mini__rep0.json	PILOT-2014009970	F	0	9	2186	2216	144	1005	0.1433	
PILOT-2014009970__F__gpt4o-mini__rep1.json	PILOT-2014009970	F	1	5	2186	2227	846	1005	0.8418	
PILOT-2014009970__F__gpt4o-mini__rep2.json	PILOT-2014009970	F	2	9	2186	3141	1025	1005	1.0199	
PILOT-2014009970__F__gpt5.4__rep0.json	PILOT-2014009970	F	0	9	2186	2530	459	1005	0.4567	
PILOT-2014009970__F__gpt5.4__rep1.json	PILOT-2014009970	F	1	9	2186	2751	680	1005	0.6766	
PILOT-2014009970__F__gpt5.4__rep2.json	PILOT-2014009970	F	2	9	2186	2829	758	1005	0.7542	
PILOT-2014009970__F__haiku4.5__rep0.json	PILOT-2014009970	F	0	9	2186	3180	1070	1005	1.0647	
PILOT-2014009970__F__haiku4.5__rep1.json	PILOT-2014009970	F	1	9	2186	3055	945	1005	0.9403	
PILOT-2014009970__F__haiku4.5__rep2.json	PILOT-2014009970	F	2	9	2186	3001	890	1005	0.8856	
PILOT-2014009970__F__sonnet4__rep0.json	PILOT-2014009970	F	0	9	2186	2417	346	1005	0.3443	
PILOT-2014009970__F__sonnet4__rep1.json	PILOT-2014009970	F	1	9	2186	2371	300	1005	0.2985	
PILOT-2014009970__F__sonnet4__rep2.json	PILOT-2014009970	F	2	9	2186	2480	409	1005	0.407	
PILOT-2014009970__G__gpt4o-mini__rep0.json	PILOT-2014009970	G	0	9	2186	2512	394	1005	0.392	
PILOT-2014009970__G__gpt4o-mini__rep1.json	PILOT-2014009970	G	1	8	2186	2685	720	1005	0.7164	
PILOT-2014009970__G__gpt4o-mini__rep2.json	PILOT-2014009970	G	2	4	2186	1384	1085	1005	1.0796	
PILOT-2014009970__G__gpt5.4__rep0.json	PILOT-2014009970	G	0	9	2186	2028	181	1005	0.1801	
PILOT-2014009970__G__gpt5.4__rep1.json	PILOT-2014009970	G	1	9	2186	2029	175	1005	0.1741	
PILOT-2014009970__G__gpt5.4__rep2.json	PILOT-2014009970	G	2	9	2186	2052	165	1005	0.1642	
PILOT-2014009970__G__haiku4.5__rep0.json	PILOT-2014009970	G	0	9	2186	3177	1059	1005	1.0537	
PILOT-2014009970__G__haiku4.5__rep1.json	PILOT-2014009970	G	1	9	2186	3084	966	1005	0.9612	
PILOT-2014009970__G__haiku4.5__rep2.json	PILOT-2014009970	G	2	9	2186	3352	1234	1005	1.2279	
PILOT-2014009970__G__sonnet4__rep0.json	PILOT-2014009970	G	0	9	2186	2022	779	1005	0.7751	
PILOT-2014009970__G__sonnet4__rep1.json	PILOT-2014009970	G	1	9	2186	2449	828	1005	0.8239	
PILOT-2014009970__G__sonnet4__rep2.json	PILOT-2014009970	G	2	9	2186	2548	485	1005	0.4826	
PILOT-2015000199__F__gpt4o-mini__rep0.json	PILOT-2015000199	F	0	4	9694	1465	8268	3495	2.3657	
PILOT-2015000199__F__gpt4o-mini__rep1.json	PILOT-2015000199	F	1	5	9694	1658	8067	3495	2.3082	
PILOT-2015000199__F__gpt4o-mini__rep2.json	PILOT-2015000199	F	2	10	9694	2262	7452	3495	2.1322	
PILOT-2015000199__F__gpt5.4__rep0.json	PILOT-2015000199	F	0	10	9694	2227	7588	3495	2.1711	
PILOT-2015000199__F__gpt5.4__rep1.json	PILOT-2015000199	F	1	10	9694	2328	7622	3495	2.1808	
PILOT-2015000199__F__gpt5.4__rep2.json	PILOT-2015000199	F	2	10	9694	2539	7384	3495	2.1127	
PILOT-2015000199__F__haiku4.5__rep0.json	PILOT-2015000199	F	0	10	9694	2445	7587	3495	2.1708	
PILOT-2015000199__F__haiku4.5__rep1.json	PILOT-2015000199	F	1	10	9694	2298	7620	3495	2.1803	
PILOT-2015000199__F__haiku4.5__rep2.json	PILOT-2015000199	F	2	10	9694	2391	7603	3495	2.1754	
PILOT-2015000199__F__sonnet4__rep0.json	PILOT-2015000199	F	0	10	9694	2573	7407	3495	2.1193	
PILOT-2015000199__F__sonnet4__rep1.json	PILOT-2015000199	F	1	10	9694	2474	7491	3495	2.1433	
PILOT-2015000199__F__sonnet4__rep2.json	PILOT-2015000199	F	2	10	9694	2419	7558	3495	2.1625	
PILOT-2015000199__G__gpt4o-mini__rep0.json	PILOT-2015000199	G	0	10	9694	2232	7504	3495	2.1471	
PILOT-2015000199__G__gpt4o-mini__rep1.json	PILOT-2015000199	G	1	5	9694	1522	8195	3495	2.3448	
PILOT-2015000199__G__gpt4o-mini__rep2.json	PILOT-2015000199	G	2	6	9694	2409	7397	3495	2.1165	
PILOT-2015000199__G__gpt5.4__rep0.json	PILOT-2015000199	G	0	10	9694	2329	7525	3495	2.1531	
PILOT-2015000199__G__gpt5.4__rep1.json	PILOT-2015000199	G	1	24	9694	8943	903	3495	0.2584	
PILOT-2015000199__G__gpt5.4__rep2.json	PILOT-2015000199	G	2	10	9694	2221	7695	3495	2.2017	
PILOT-2015000199__G__haiku4.5__rep0.json	PILOT-2015000199	G	0	10	9694	2413	7600	3495	2.1745	
PILOT-2015000199__G__haiku4.5__rep1.json	PILOT-2015000199	G	1	10	9694	2400	7603	3495	2.1754	
PILOT-2015000199__G__haiku4.5__rep2.json	PILOT-2015000199	G	2	10	9694	2524	7518	3495	2.1511	
PILOT-2015000199__G__sonnet4__rep0.json	PILOT-2015000199	G	0	10	9694	2482	7530	3495	2.1545	
PILOT-2015000199__G__sonnet4__rep1.json	PILOT-2015000199	G	1	10	9694	2682	7389	3495	2.1142	
PILOT-2015000199__G__sonnet4__rep2.json	PILOT-2015000199	G	2	10	9694	2684	7407	3495	2.1193	
PILOT-2015004151__F__gpt4o-mini__rep0.json	PILOT-2015004151	F	0	5	939	854	428	675	0.6341	
PILOT-2015004151__F__gpt4o-mini__rep1.json	PILOT-2015004151	F	1	8	939	1046	184	675	0.2726	
PILOT-2015004151__F__gpt4o-mini__rep2.json	PILOT-2015004151	F	2	4	939	734	477	675	0.7067	
PILOT-2015004151__F__gpt5.4__rep0.json	PILOT-2015004151	F	0	8	939	839	359	675	0.5319	
PILOT-2015004151__F__gpt5.4__rep1.json	PILOT-2015004151	F	1	8	939	824	345	675	0.5111	
PILOT-2015004151__F__gpt5.4__rep2.json	PILOT-2015004151	F	2	8	939	825	345	675	0.5111	
PILOT-2015004151__F__haiku4.5__rep0.json	PILOT-2015004151	F	0	8	939	1260	436	675	0.6459	
PILOT-2015004151__F__haiku4.5__rep1.json	PILOT-2015004151	F	1	8	939	1213	342	675	0.5067	
PILOT-2015004151__F__haiku4.5__rep2.json	PILOT-2015004151	F	2	8	939	1205	352	675	0.5215	
PILOT-2015004151__F__sonnet4__rep0.json	PILOT-2015004151	F	0	8	939	824	324	675	0.48	
PILOT-2015004151__F__sonnet4__rep1.json	PILOT-2015004151	F	1	8	939	1016	152	675	0.2252	
PILOT-2015004151__F__sonnet4__rep2.json	PILOT-2015004151	F	2	8	939	921	225	675	0.3333	
PILOT-2015004151__G__gpt4o-mini__rep0.json	PILOT-2015004151	G	0	5	939	857	443	675	0.6563	
PILOT-2015004151__G__gpt4o-mini__rep1.json	PILOT-2015004151	G	1	4	939	666	460	675	0.6815	
PILOT-2015004151__G__gpt4o-mini__rep2.json	PILOT-2015004151	G	2	4	939	696	479	675	0.7096	
PILOT-2015004151__G__gpt5.4__rep0.json	PILOT-2015004151	G	0	8	939	766	303	675	0.4489	
PILOT-2015004151__G__gpt5.4__rep1.json	PILOT-2015004151	G	1	8	939	824	345	675	0.5111	
PILOT-2015004151__G__gpt5.4__rep2.json	PILOT-2015004151	G	2	8	939	860	374	675	0.5541	
PILOT-2015004151__G__haiku4.5__rep0.json	PILOT-2015004151	G	0	8	939	1115	242	675	0.3585	
PILOT-2015004151__G__haiku4.5__rep1.json	PILOT-2015004151	G	1	8	939	1115	242	675	0.3585	
PILOT-2015004151__G__haiku4.5__rep2.json	PILOT-2015004151	G	2	8	939	1115	242	675	0.3585	
PILOT-2015004151__G__sonnet4__rep0.json	PILOT-2015004151	G	0	8	939	824	322	675	0.477	
PILOT-2015004151__G__sonnet4__rep1.json	PILOT-2015004151	G	1	8	939	824	322	675	0.477	
PILOT-2015004151__G__sonnet4__rep2.json	PILOT-2015004151	G	2	8	939	907	219	675	0.3244	
PILOT-2015004158__F__gpt4o-mini__rep0.json	PILOT-2015004158	F	0	2	2431	629	1857	1096	1.6943	
PILOT-2015004158__F__gpt4o-mini__rep1.json	PILOT-2015004158	F	1	2	2431	389	2045	1096	1.8659	
PILOT-2015004158__F__gpt4o-mini__rep2.json	PILOT-2015004158	F	2	2	2431	524	1920	1096	1.7518	
PILOT-2015004158__F__gpt5.4__rep0.json	PILOT-2015004158	F	0	8	2431	2199	902	1096	0.823	
PILOT-2015004158__F__gpt5.4__rep1.json	PILOT-2015004158	F	1	8	2431	1778	801	1096	0.7308	
PILOT-2015004158__F__gpt5.4__rep2.json	PILOT-2015004158	F	2	8	2431	1819	837	1096	0.7637	
PILOT-2015004158__F__haiku4.5__rep0.json	PILOT-2015004158	F	0	8	2431	1755	1149	1096	1.0484	
PILOT-2015004158__F__haiku4.5__rep1.json	PILOT-2015004158	F	1	9	2431	1957	847	1096	0.7728	
PILOT-2015004158__F__haiku4.5__rep2.json	PILOT-2015004158	F	2	9	2431	1955	849	1096	0.7746	
PILOT-2015004158__F__sonnet4__rep0.json	PILOT-2015004158	F	0	9	2431	1961	471	1096	0.4297	
PILOT-2015004158__F__sonnet4__rep1.json	PILOT-2015004158	F	1	9	2431	1961	471	1096	0.4297	
PILOT-2015004158__F__sonnet4__rep2.json	PILOT-2015004158	F	2	9	2431	1961	472	1096	0.4307	
PILOT-2015004158__G__gpt4o-mini__rep0.json	PILOT-2015004158	G	0	2	2431	618	1853	1096	1.6907	
PILOT-2015004158__G__gpt4o-mini__rep1.json	PILOT-2015004158	G	1	2	2431	627	1847	1096	1.6852	
PILOT-2015004158__G__gpt4o-mini__rep2.json	PILOT-2015004158	G	2	0			None		None	no_gen
PILOT-2015004158__G__gpt5.4__rep0.json	PILOT-2015004158	G	0	9	2431	3256	1321	1096	1.2053	
PILOT-2015004158__G__gpt5.4__rep1.json	PILOT-2015004158	G	1	9	2431	2078	575	1096	0.5246	
PILOT-2015004158__G__gpt5.4__rep2.json	PILOT-2015004158	G	2	9	2431	2220	713	1096	0.6505	
PILOT-2015004158__G__haiku4.5__rep0.json	PILOT-2015004158	G	0	9	2431	1777	778	1096	0.7099	
PILOT-2015004158__G__haiku4.5__rep1.json	PILOT-2015004158	G	1	9	2431	1699	837	1096	0.7637	
PILOT-2015004158__G__haiku4.5__rep2.json	PILOT-2015004158	G	2	9	2431	1616	1072	1096	0.9781	
PILOT-2015004158__G__sonnet4__rep0.json	PILOT-2015004158	G	0	9	2431	1961	471	1096	0.4297	
PILOT-2015004158__G__sonnet4__rep1.json	PILOT-2015004158	G	1	9	2431	1961	471	1096	0.4297	
PILOT-2015004158__G__sonnet4__rep2.json	PILOT-2015004158	G	2	9	2431	1961	471	1096	0.4297	
PILOT-2015004926__F__gpt4o-mini__rep0.json	PILOT-2015004926	F	0	9	5858	1871	3991	2480	1.6093	
PILOT-2015004926__F__gpt4o-mini__rep1.json	PILOT-2015004926	F	1	11	5858	3703	2617	2480	1.0552	
PILOT-2015004926__F__gpt4o-mini__rep2.json	PILOT-2015004926	F	2	9	5858	3631	2681	2480	1.081	
PILOT-2015004926__F__gpt5.4__rep0.json	PILOT-2015004926	F	0	15	5858	5647	1505	2480	0.6069	
PILOT-2015004926__F__gpt5.4__rep1.json	PILOT-2015004926	F	1	15	5858	5191	1184	2480	0.4774	
PILOT-2015004926__F__gpt5.4__rep2.json	PILOT-2015004926	F	2	15	5858	4908	1352	2480	0.5452	
PILOT-2015004926__F__haiku4.5__rep0.json	PILOT-2015004926	F	0	20	5858	8108	2507	2480	1.0109	
PILOT-2015004926__F__haiku4.5__rep1.json	PILOT-2015004926	F	1	19	5858	7128	1826	2480	0.7363	
PILOT-2015004926__F__haiku4.5__rep2.json	PILOT-2015004926	F	2	20	5858	6955	1428	2480	0.5758	
PILOT-2015004926__F__sonnet4__rep0.json	PILOT-2015004926	F	0	20	5858	8219	2645	2480	1.0665	
PILOT-2015004926__F__sonnet4__rep1.json	PILOT-2015004926	F	1	20	5858	8219	2645	2480	1.0665	
PILOT-2015004926__F__sonnet4__rep2.json	PILOT-2015004926	F	2	15	5858	6753	2177	2480	0.8778	
PILOT-2015004926__G__gpt4o-mini__rep0.json	PILOT-2015004926	G	0	9	5858	3378	2849	2480	1.1488	
PILOT-2015004926__G__gpt4o-mini__rep1.json	PILOT-2015004926	G	1	7	5858	2685	3230	2480	1.3024	
PILOT-2015004926__G__gpt4o-mini__rep2.json	PILOT-2015004926	G	2	0			None		None	no_gen
PILOT-2015004926__G__gpt5.4__rep0.json	PILOT-2015004926	G	0	15	5858	5009	1102	2480	0.4444	
PILOT-2015004926__G__gpt5.4__rep1.json	PILOT-2015004926	G	1	15	5858	5237	1195	2480	0.4819	
PILOT-2015004926__G__gpt5.4__rep2.json	PILOT-2015004926	G	2	15	5858	5201	1229	2480	0.4956	
PILOT-2015004926__G__haiku4.5__rep0.json	PILOT-2015004926	G	0	20	5858	7438	1993	2480	0.8036	
PILOT-2015004926__G__haiku4.5__rep1.json	PILOT-2015004926	G	1	20	5858	7669	2089	2480	0.8423	
PILOT-2015004926__G__haiku4.5__rep2.json	PILOT-2015004926	G	2	20	5858	7608	2065	2480	0.8327	
PILOT-2015004926__G__sonnet4__rep0.json	PILOT-2015004926	G	0	15	5858	5557	1350	2480	0.5444	
PILOT-2015004926__G__sonnet4__rep1.json	PILOT-2015004926	G	1	15	5858	5917	1495	2480	0.6028	
PILOT-2015004926__G__sonnet4__rep2.json	PILOT-2015004926	G	2	20	5858	6206	670	2480	0.2702	
PILOT-2015005752__F__gpt4o-mini__rep0.json	PILOT-2015005752	F	0	6	4135	1569	2673	457	5.849	
PILOT-2015005752__F__gpt4o-mini__rep1.json	PILOT-2015005752	F	1	6	4135	1669	2570	457	5.6236	
PILOT-2015005752__F__gpt4o-mini__rep2.json	PILOT-2015005752	F	2	5	4135	1559	2680	457	5.8643	
PILOT-2015005752__F__gpt5.4__rep0.json	PILOT-2015005752	F	0	18	4135	3960	709	457	1.5514	
PILOT-2015005752__F__gpt5.4__rep1.json	PILOT-2015005752	F	1	20	4135	4684	841	457	1.8403	
PILOT-2015005752__F__gpt5.4__rep2.json	PILOT-2015005752	F	2	20	4135	4246	750	457	1.6411	
PILOT-2015005752__F__haiku4.5__rep0.json	PILOT-2015005752	F	0	20	4135	5203	1332	457	2.9147	
PILOT-2015005752__F__haiku4.5__rep1.json	PILOT-2015005752	F	1	20	4135	5141	1737	457	3.8009	
PILOT-2015005752__F__haiku4.5__rep2.json	PILOT-2015005752	F	2	20	4135	4877	1339	457	2.93	
PILOT-2015005752__F__sonnet4__rep0.json	PILOT-2015005752	F	0	20	4135	4385	544	457	1.1904	
PILOT-2015005752__F__sonnet4__rep1.json	PILOT-2015005752	F	1	20	4135	4461	618	457	1.3523	
PILOT-2015005752__F__sonnet4__rep2.json	PILOT-2015005752	F	2	20	4135	4385	544	457	1.1904	
PILOT-2015005752__G__gpt4o-mini__rep0.json	PILOT-2015005752	G	0	0			None		None	no_gen
PILOT-2015005752__G__gpt4o-mini__rep1.json	PILOT-2015005752	G	1	0			None		None	no_gen
PILOT-2015005752__G__gpt4o-mini__rep2.json	PILOT-2015005752	G	2	20	4135	4077	242	457	0.5295	
PILOT-2015005752__G__gpt5.4__rep0.json	PILOT-2015005752	G	0	20	4135	4180	339	457	0.7418	
PILOT-2015005752__G__gpt5.4__rep1.json	PILOT-2015005752	G	1	20	4135	3920	695	457	1.5208	
PILOT-2015005752__G__gpt5.4__rep2.json	PILOT-2015005752	G	2	20	4135	3923	692	457	1.5142	
PILOT-2015005752__G__haiku4.5__rep0.json	PILOT-2015005752	G	0	20	4135	4160	1333	457	2.9168	
PILOT-2015005752__G__haiku4.5__rep1.json	PILOT-2015005752	G	1	20	4135	4447	1168	457	2.5558	
PILOT-2015005752__G__haiku4.5__rep2.json	PILOT-2015005752	G	2	20	4135	4809	974	457	2.1313	
PILOT-2015005752__G__sonnet4__rep0.json	PILOT-2015005752	G	0	20	4135	4474	633	457	1.3851	
PILOT-2015005752__G__sonnet4__rep1.json	PILOT-2015005752	G	1	20	4135	4658	817	457	1.7877	
PILOT-2015005752__G__sonnet4__rep2.json	PILOT-2015005752	G	2	20	4135	4471	630	457	1.3786	
PILOT-2015006206__F__gpt4o-mini__rep0.json	PILOT-2015006206	F	0	5	6927	1416	5548	961	5.7732	
PILOT-2015006206__F__gpt4o-mini__rep1.json	PILOT-2015006206	F	1	5	6927	1414	5540	961	5.7648	
PILOT-2015006206__F__gpt4o-mini__rep2.json	PILOT-2015006206	F	2	7	6927	2600	4715	961	4.9063	
PILOT-2015006206__F__gpt5.4__rep0.json	PILOT-2015006206	F	0	26	6927	7720	793	961	0.8252	
PILOT-2015006206__F__gpt5.4__rep1.json	PILOT-2015006206	F	1	26	6927	7735	848	961	0.8824	
PILOT-2015006206__F__gpt5.4__rep2.json	PILOT-2015006206	F	2	26	6927	7721	834	961	0.8678	
PILOT-2015006206__F__haiku4.5__rep0.json	PILOT-2015006206	F	0	26	6927	7803	990	961	1.0302	
PILOT-2015006206__F__haiku4.5__rep1.json	PILOT-2015006206	F	1	26	6927	8660	1846	961	1.9209	
PILOT-2015006206__F__haiku4.5__rep2.json	PILOT-2015006206	F	2	26	6927	8543	1709	961	1.7784	
PILOT-2015006206__F__sonnet4__rep0.json	PILOT-2015006206	F	0	26	6927	7072	295	961	0.307	
PILOT-2015006206__F__sonnet4__rep1.json	PILOT-2015006206	F	1	26	6927	7090	277	961	0.2882	
PILOT-2015006206__F__sonnet4__rep2.json	PILOT-2015006206	F	2	26	6927	7090	277	961	0.2882	
PILOT-2015006206__G__gpt4o-mini__rep0.json	PILOT-2015006206	G	0	5	6927	1781	5230	961	5.4422	
PILOT-2015006206__G__gpt4o-mini__rep1.json	PILOT-2015006206	G	1	0			None		None	no_gen
PILOT-2015006206__G__gpt4o-mini__rep2.json	PILOT-2015006206	G	2	0			None		None	no_gen
PILOT-2015006206__G__gpt5.4__rep0.json	PILOT-2015006206	G	0	26	6927	7778	891	961	0.9272	
PILOT-2015006206__G__gpt5.4__rep1.json	PILOT-2015006206	G	1	26	6927	7388	557	961	0.5796	
PILOT-2015006206__G__gpt5.4__rep2.json	PILOT-2015006206	G	2	26	6927	8153	2037	961	2.1197	
PILOT-2015006206__G__haiku4.5__rep0.json	PILOT-2015006206	G	0	26	6927	8587	1732	961	1.8023	
PILOT-2015006206__G__haiku4.5__rep1.json	PILOT-2015006206	G	1	26	6927	7940	1154	961	1.2008	
PILOT-2015006206__G__haiku4.5__rep2.json	PILOT-2015006206	G	2	26	6927	7199	386	961	0.4017	
PILOT-2015006206__G__sonnet4__rep0.json	PILOT-2015006206	G	0	26	6927	7135	358	961	0.3725	
PILOT-2015006206__G__sonnet4__rep1.json	PILOT-2015006206	G	1	26	6927	6947	170	961	0.1769	
PILOT-2015006206__G__sonnet4__rep2.json	PILOT-2015006206	G	2	26	6927	6947	170	961	0.1769	
PILOT-2015006603__F__gpt4o-mini__rep0.json	PILOT-2015006603	F	0	0			None		None	no_gen
PILOT-2015006603__F__gpt4o-mini__rep1.json	PILOT-2015006603	F	1	0			None		None	no_gen
PILOT-2015006603__F__gpt4o-mini__rep2.json	PILOT-2015006603	F	2	5	8199	1484	6730	5611	1.1994	
PILOT-2015006603__F__gpt5.4__rep0.json	PILOT-2015006603	F	0	14	8199	5748	3907	5611	0.6963	
PILOT-2015006603__F__gpt5.4__rep1.json	PILOT-2015006603	F	1	19	8199	6849	2912	5611	0.519	
PILOT-2015006603__F__gpt5.4__rep2.json	PILOT-2015006603	F	2	19	8199	5718	2921	5611	0.5206	
PILOT-2015006603__F__haiku4.5__rep0.json	PILOT-2015006603	F	0	33	8199	8836	1165	5611	0.2076	
PILOT-2015006603__F__haiku4.5__rep1.json	PILOT-2015006603	F	1	33	8199	10152	2419	5611	0.4311	
PILOT-2015006603__F__haiku4.5__rep2.json	PILOT-2015006603	F	2	33	8199	9860	2131	5611	0.3798	
PILOT-2015006603__F__sonnet4__rep0.json	PILOT-2015006603	F	0	13	8199	5895	3978	5611	0.709	
PILOT-2015006603__F__sonnet4__rep1.json	PILOT-2015006603	F	1	33	8199	10020	2290	5611	0.4081	
PILOT-2015006603__F__sonnet4__rep2.json	PILOT-2015006603	F	2	13	8199	5863	3886	5611	0.6926	
PILOT-2015006603__G__gpt4o-mini__rep0.json	PILOT-2015006603	G	0	0			None		None	no_gen
PILOT-2015006603__G__gpt4o-mini__rep1.json	PILOT-2015006603	G	1	0			None		None	no_gen
PILOT-2015006603__G__gpt4o-mini__rep2.json	PILOT-2015006603	G	2	0			None		None	no_gen
PILOT-2015006603__G__gpt5.4__rep0.json	PILOT-2015006603	G	0	14	8199	4806	3644	5611	0.6494	
PILOT-2015006603__G__gpt5.4__rep1.json	PILOT-2015006603	G	1	19	8199	6596	3164	5611	0.5639	
PILOT-2015006603__G__gpt5.4__rep2.json	PILOT-2015006603	G	2	19	8199	6439	3161	5611	0.5634	
PILOT-2015006603__G__haiku4.5__rep0.json	PILOT-2015006603	G	0	33	8199	9536	1929	5611	0.3438	
PILOT-2015006603__G__haiku4.5__rep1.json	PILOT-2015006603	G	1	33	8199	9903	2224	5611	0.3964	
PILOT-2015006603__G__haiku4.5__rep2.json	PILOT-2015006603	G	2	33	8199	9776	2119	5611	0.3777	
PILOT-2015006603__G__sonnet4__rep0.json	PILOT-2015006603	G	0	33	8199	8952	1224	5611	0.2181	
PILOT-2015006603__G__sonnet4__rep1.json	PILOT-2015006603	G	1	33	8199	9364	1635	5611	0.2914	
PILOT-2015006603__G__sonnet4__rep2.json	PILOT-2015006603	G	2	33	8199	9468	1739	5611	0.3099	
PILOT-2016000830__F__gpt4o-mini__rep0.json	PILOT-2016000830	F	0	0			None		None	no_gen
PILOT-2016000830__F__gpt4o-mini__rep1.json	PILOT-2016000830	F	1	0			None		None	no_gen
PILOT-2016000830__F__gpt4o-mini__rep2.json	PILOT-2016000830	F	2	0			None		None	no_gen
PILOT-2016000830__F__gpt5.4__rep0.json	PILOT-2016000830	F	0	14	3034	2831	1072	4750	0.2257	
PILOT-2016000830__F__gpt5.4__rep1.json	PILOT-2016000830	F	1	11	3034	2615	1257	4750	0.2646	
PILOT-2016000830__F__gpt5.4__rep2.json	PILOT-2016000830	F	2	11	3034	3322	1600	4750	0.3368	
PILOT-2016000830__F__haiku4.5__rep0.json	PILOT-2016000830	F	0	11	3034	3111	1307	4750	0.2752	
PILOT-2016000830__F__haiku4.5__rep1.json	PILOT-2016000830	F	1	11	3034	3122	1313	4750	0.2764	
PILOT-2016000830__F__haiku4.5__rep2.json	PILOT-2016000830	F	2	11	3034	3146	1332	4750	0.2804	
PILOT-2016000830__F__sonnet4__rep0.json	PILOT-2016000830	F	0	14	3034	3137	1433	4750	0.3017	
PILOT-2016000830__F__sonnet4__rep1.json	PILOT-2016000830	F	1	13	3034	3441	1632	4750	0.3436	
PILOT-2016000830__F__sonnet4__rep2.json	PILOT-2016000830	F	2	12	3034	3002	1224	4750	0.2577	
PILOT-2016000830__G__gpt4o-mini__rep0.json	PILOT-2016000830	G	0	12	3034	2142	1216	4750	0.256	
PILOT-2016000830__G__gpt4o-mini__rep1.json	PILOT-2016000830	G	1	0			None		None	no_gen
PILOT-2016000830__G__gpt4o-mini__rep2.json	PILOT-2016000830	G	2	0			None		None	no_gen
PILOT-2016000830__G__gpt5.4__rep0.json	PILOT-2016000830	G	0	12	3034	2834	1178	4750	0.248	
PILOT-2016000830__G__gpt5.4__rep1.json	PILOT-2016000830	G	1	11	3034	2796	1083	4750	0.228	
PILOT-2016000830__G__gpt5.4__rep2.json	PILOT-2016000830	G	2	11	3034	2415	1313	4750	0.2764	
PILOT-2016000830__G__haiku4.5__rep0.json	PILOT-2016000830	G	0	11	3034	2087	1176	4750	0.2476	
PILOT-2016000830__G__haiku4.5__rep1.json	PILOT-2016000830	G	1	11	3034	3061	1973	4750	0.4154	
PILOT-2016000830__G__haiku4.5__rep2.json	PILOT-2016000830	G	2	11	3034	2838	1135	4750	0.2389	
PILOT-2016000830__G__sonnet4__rep0.json	PILOT-2016000830	G	0	12	3034	3047	1391	4750	0.2928	
PILOT-2016000830__G__sonnet4__rep1.json	PILOT-2016000830	G	1	12	3034	2990	1268	4750	0.2669	
PILOT-2016000830__G__sonnet4__rep2.json	PILOT-2016000830	G	2	14	3034	3323	1299	4750	0.2735	
PILOT-2016000849__F__gpt4o-mini__rep0.json	PILOT-2016000849	F	0	3	11865	1211	10661	8122	1.3126	
PILOT-2016000849__F__gpt4o-mini__rep1.json	PILOT-2016000849	F	1	0			None		None	no_gen
PILOT-2016000849__F__gpt4o-mini__rep2.json	PILOT-2016000849	F	2	0			None		None	no_gen
PILOT-2016000849__F__gpt5.4__rep0.json	PILOT-2016000849	F	0	40	11865	12765	1631	8122	0.2008	
PILOT-2016000849__F__gpt5.4__rep1.json	PILOT-2016000849	F	1	40	11865	12732	1574	8122	0.1938	
PILOT-2016000849__F__gpt5.4__rep2.json	PILOT-2016000849	F	2	40	11865	12454	1333	8122	0.1641	
PILOT-2016000849__F__haiku4.5__rep0.json	PILOT-2016000849	F	0	40	11865	8121	5072	8122	0.6245	
PILOT-2016000849__F__haiku4.5__rep1.json	PILOT-2016000849	F	1	40	11865	8357	5121	8122	0.6305	
PILOT-2016000849__F__haiku4.5__rep2.json	PILOT-2016000849	F	2	40	11865	8308	5242	8122	0.6454	
PILOT-2016000849__F__sonnet4__rep0.json	PILOT-2016000849	F	0	40	11865	12470	1400	8122	0.1724	
PILOT-2016000849__F__sonnet4__rep1.json	PILOT-2016000849	F	1	40	11865	12600	1522	8122	0.1874	
PILOT-2016000849__F__sonnet4__rep2.json	PILOT-2016000849	F	2	40	11865	12575	1495	8122	0.1841	
PILOT-2016000849__G__gpt4o-mini__rep0.json	PILOT-2016000849	G	0	0			None		None	no_gen
PILOT-2016000849__G__gpt4o-mini__rep1.json	PILOT-2016000849	G	1	0			None		None	no_gen
PILOT-2016000849__G__gpt4o-mini__rep2.json	PILOT-2016000849	G	2	0			None		None	no_gen
PILOT-2016000849__G__gpt5.4__rep0.json	PILOT-2016000849	G	0	40	11865	11937	833	8122	0.1026	
PILOT-2016000849__G__gpt5.4__rep1.json	PILOT-2016000849	G	1	40	11865	12687	1556	8122	0.1916	
PILOT-2016000849__G__gpt5.4__rep2.json	PILOT-2016000849	G	2	40	11865	13149	1993	8122	0.2454	
PILOT-2016000849__G__haiku4.5__rep0.json	PILOT-2016000849	G	0	40	11865	8388	4982	8122	0.6134	
PILOT-2016000849__G__haiku4.5__rep1.json	PILOT-2016000849	G	1	40	11865	8100	5400	8122	0.6649	
PILOT-2016000849__G__haiku4.5__rep2.json	PILOT-2016000849	G	2	40	11865	8276	5136	8122	0.6324	
PILOT-2016000849__G__sonnet4__rep0.json	PILOT-2016000849	G	0	40	11865	12448	1368	8122	0.1684	
PILOT-2016000849__G__sonnet4__rep1.json	PILOT-2016000849	G	1	40	11865	12643	1564	8122	0.1926	
PILOT-2016000849__G__sonnet4__rep2.json	PILOT-2016000849	G	2	40	11865	12640	1563	8122	0.1924	
PILOT-2016003042__F__gpt4o-mini__rep0.json	PILOT-2016003042	F	0	0			None		None	no_gen
PILOT-2016003042__F__gpt4o-mini__rep1.json	PILOT-2016003042	F	1	9	8708	3060	5954	5799	1.0267	
PILOT-2016003042__F__gpt4o-mini__rep2.json	PILOT-2016003042	F	2	8	8708	2727	6163	5799	1.0628	
PILOT-2016003042__F__gpt5.4__rep0.json	PILOT-2016003042	F	0	11	8708	3443	5770	5799	0.995	
PILOT-2016003042__F__gpt5.4__rep1.json	PILOT-2016003042	F	1	11	8708	3566	5807	5799	1.0014	
PILOT-2016003042__F__gpt5.4__rep2.json	PILOT-2016003042	F	2	11	8708	3304	5818	5799	1.0033	
PILOT-2016003042__F__haiku4.5__rep0.json	PILOT-2016003042	F	0	12	8708	4971	5909	5799	1.019	
PILOT-2016003042__F__haiku4.5__rep1.json	PILOT-2016003042	F	1	11	8708	4129	5765	5799	0.9941	
PILOT-2016003042__F__haiku4.5__rep2.json	PILOT-2016003042	F	2	12	8708	4569	5900	5799	1.0174	
PILOT-2016003042__F__sonnet4__rep0.json	PILOT-2016003042	F	0	11	8708	3497	5607	5799	0.9669	
PILOT-2016003042__F__sonnet4__rep1.json	PILOT-2016003042	F	1	11	8708	3451	5596	5799	0.965	
PILOT-2016003042__F__sonnet4__rep2.json	PILOT-2016003042	F	2	11	8708	3464	5598	5799	0.9653	
PILOT-2016003042__G__gpt4o-mini__rep0.json	PILOT-2016003042	G	0	7	8708	2745	6281	5799	1.0831	
PILOT-2016003042__G__gpt4o-mini__rep1.json	PILOT-2016003042	G	1	7	8708	2392	6382	5799	1.1005	
PILOT-2016003042__G__gpt4o-mini__rep2.json	PILOT-2016003042	G	2	9	8708	3086	5955	5799	1.0269	
PILOT-2016003042__G__gpt5.4__rep0.json	PILOT-2016003042	G	0	11	8708	3327	5838	5799	1.0067	
PILOT-2016003042__G__gpt5.4__rep1.json	PILOT-2016003042	G	1	11	8708	3548	5805	5799	1.001	
PILOT-2016003042__G__gpt5.4__rep2.json	PILOT-2016003042	G	2	11	8708	3264	5922	5799	1.0212	
PILOT-2016003042__G__haiku4.5__rep0.json	PILOT-2016003042	G	0	25	8708	4191	5817	5799	1.0031	
PILOT-2016003042__G__haiku4.5__rep1.json	PILOT-2016003042	G	1	11	8708	4794	5770	5799	0.995	
PILOT-2016003042__G__haiku4.5__rep2.json	PILOT-2016003042	G	2	11	8708	4162	5757	5799	0.9928	
PILOT-2016003042__G__sonnet4__rep0.json	PILOT-2016003042	G	0	11	8708	3211	5773	5799	0.9955	
PILOT-2016003042__G__sonnet4__rep1.json	PILOT-2016003042	G	1	11	8708	3195	5814	5799	1.0026	
PILOT-2016003042__G__sonnet4__rep2.json	PILOT-2016003042	G	2	11	8708	3223	5787	5799	0.9979	
PILOT-2016004446__F__gpt4o-mini__rep0.json	PILOT-2016004446	F	0	3	1328	1070	367	1051	0.3492	
PILOT-2016004446__F__gpt4o-mini__rep1.json	PILOT-2016004446	F	1	3	1328	1184	275	1051	0.2617	
PILOT-2016004446__F__gpt4o-mini__rep2.json	PILOT-2016004446	F	2	3	1328	1219	372	1051	0.3539	
PILOT-2016004446__F__gpt5.4__rep0.json	PILOT-2016004446	F	0	3	1328	1270	414	1051	0.3939	
PILOT-2016004446__F__gpt5.4__rep1.json	PILOT-2016004446	F	1	4	1328	1173	414	1051	0.3939	
PILOT-2016004446__F__gpt5.4__rep2.json	PILOT-2016004446	F	2	4	1328	1110	510	1051	0.4853	
PILOT-2016004446__F__haiku4.5__rep0.json	PILOT-2016004446	F	0	4	1328	981	529	1051	0.5033	
PILOT-2016004446__F__haiku4.5__rep1.json	PILOT-2016004446	F	1	4	1328	1254	311	1051	0.2959	
PILOT-2016004446__F__haiku4.5__rep2.json	PILOT-2016004446	F	2	4	1328	1027	572	1051	0.5442	
PILOT-2016004446__F__sonnet4__rep0.json	PILOT-2016004446	F	0	4	1328	1263	437	1051	0.4158	
PILOT-2016004446__F__sonnet4__rep1.json	PILOT-2016004446	F	1	4	1328	1300	456	1051	0.4339	
PILOT-2016004446__F__sonnet4__rep2.json	PILOT-2016004446	F	2	3	1328	1084	380	1051	0.3616	
PILOT-2016004446__G__gpt4o-mini__rep0.json	PILOT-2016004446	G	0	3	1328	1131	389	1051	0.3701	
PILOT-2016004446__G__gpt4o-mini__rep1.json	PILOT-2016004446	G	1	3	1328	1107	325	1051	0.3092	
PILOT-2016004446__G__gpt4o-mini__rep2.json	PILOT-2016004446	G	2	3	1328	1272	455	1051	0.4329	
PILOT-2016004446__G__gpt5.4__rep0.json	PILOT-2016004446	G	0	4	1328	1118	511	1051	0.4862	
PILOT-2016004446__G__gpt5.4__rep1.json	PILOT-2016004446	G	1	4	1328	1195	384	1051	0.3654	
PILOT-2016004446__G__gpt5.4__rep2.json	PILOT-2016004446	G	2	4	1328	1093	502	1051	0.4776	
PILOT-2016004446__G__haiku4.5__rep0.json	PILOT-2016004446	G	0	4	1328	1417	536	1051	0.51	
PILOT-2016004446__G__haiku4.5__rep1.json	PILOT-2016004446	G	1	4	1328	1233	429	1051	0.4082	
PILOT-2016004446__G__haiku4.5__rep2.json	PILOT-2016004446	G	2	4	1328	1290	460	1051	0.4377	
PILOT-2016004446__G__sonnet4__rep0.json	PILOT-2016004446	G	0	4	1328	1313	503	1051	0.4786	
PILOT-2016004446__G__sonnet4__rep1.json	PILOT-2016004446	G	1	4	1328	1190	468	1051	0.4453	
PILOT-2016004446__G__sonnet4__rep2.json	PILOT-2016004446	G	2	4	1328	1459	596	1051	0.5671	
PILOT-2016005844__F__gpt4o-mini__rep0.json	PILOT-2016005844	F	0	4	5051	1429	3658	520	7.0346	
PILOT-2016005844__F__gpt4o-mini__rep1.json	PILOT-2016005844	F	1	0			None		None	no_gen
PILOT-2016005844__F__gpt4o-mini__rep2.json	PILOT-2016005844	F	2	4	5051	2173	3249	520	6.2481	
PILOT-2016005844__F__gpt5.4__rep0.json	PILOT-2016005844	F	0	18	5051	5850	807	520	1.5519	
PILOT-2016005844__F__gpt5.4__rep1.json	PILOT-2016005844	F	1	18	5051	5289	246	520	0.4731	
PILOT-2016005844__F__gpt5.4__rep2.json	PILOT-2016005844	F	2	18	5051	5941	912	520	1.7538	
PILOT-2016005844__F__haiku4.5__rep0.json	PILOT-2016005844	F	0	18	5051	5989	1030	520	1.9808	
PILOT-2016005844__F__haiku4.5__rep1.json	PILOT-2016005844	F	1	18	5051	5689	730	520	1.4038	
PILOT-2016005844__F__haiku4.5__rep2.json	PILOT-2016005844	F	2	18	5051	8039	3022	520	5.8115	
PILOT-2016005844__F__sonnet4__rep0.json	PILOT-2016005844	F	0	18	5051	5573	614	520	1.1808	
PILOT-2016005844__F__sonnet4__rep1.json	PILOT-2016005844	F	1	18	5051	5515	556	520	1.0692	
PILOT-2016005844__F__sonnet4__rep2.json	PILOT-2016005844	F	2	18	5051	5701	742	520	1.4269	
PILOT-2016005844__G__gpt4o-mini__rep0.json	PILOT-2016005844	G	0	4	5051	1299	3818	520	7.3423	
PILOT-2016005844__G__gpt4o-mini__rep1.json	PILOT-2016005844	G	1	4	5051	1376	3763	520	7.2365	
PILOT-2016005844__G__gpt4o-mini__rep2.json	PILOT-2016005844	G	2	4	5051	1286	3820	520	7.3462	
PILOT-2016005844__G__gpt5.4__rep0.json	PILOT-2016005844	G	0	18	5051	5419	376	520	0.7231	
PILOT-2016005844__G__gpt5.4__rep1.json	PILOT-2016005844	G	1	18	5051	5277	234	520	0.45	
PILOT-2016005844__G__gpt5.4__rep2.json	PILOT-2016005844	G	2	18	5051	5511	468	520	0.9	
PILOT-2016005844__G__haiku4.5__rep0.json	PILOT-2016005844	G	0	18	5051	5906	899	520	1.7288	
PILOT-2016005844__G__haiku4.5__rep1.json	PILOT-2016005844	G	1	18	5051	5802	843	520	1.6212	
PILOT-2016005844__G__haiku4.5__rep2.json	PILOT-2016005844	G	2	18	5051	6474	1515	520	2.9135	
PILOT-2016005844__G__sonnet4__rep0.json	PILOT-2016005844	G	0	18	5051	5581	622	520	1.1962	
PILOT-2016005844__G__sonnet4__rep1.json	PILOT-2016005844	G	1	18	5051	5583	624	520	1.2	
PILOT-2016005844__G__sonnet4__rep2.json	PILOT-2016005844	G	2	18	5051	5717	758	520	1.4577	
PILOT-2016006702__F__gpt4o-mini__rep0.json	PILOT-2016006702	F	0	0			None		None	no_gen
PILOT-2016006702__F__gpt4o-mini__rep1.json	PILOT-2016006702	F	1	7	8865	3400	5553	966	5.7484	
PILOT-2016006702__F__gpt4o-mini__rep2.json	PILOT-2016006702	F	2	7	8865	3324	5625	966	5.823	
PILOT-2016006702__F__gpt5.4__rep0.json	PILOT-2016006702	F	0	30	8865	9044	1035	966	1.0714	
PILOT-2016006702__F__gpt5.4__rep1.json	PILOT-2016006702	F	1	30	8865	9003	1399	966	1.4482	
PILOT-2016006702__F__gpt5.4__rep2.json	PILOT-2016006702	F	2	30	8865	8714	705	966	0.7298	
PILOT-2016006702__F__haiku4.5__rep0.json	PILOT-2016006702	F	0	30	8865	9608	1596	966	1.6522	
PILOT-2016006702__F__haiku4.5__rep1.json	PILOT-2016006702	F	1	30	8865	5825	4193	966	4.3406	
PILOT-2016006702__F__haiku4.5__rep2.json	PILOT-2016006702	F	2	30	8865	6341	3968	966	4.1077	
PILOT-2016006702__F__sonnet4__rep0.json	PILOT-2016006702	F	0	30	8865	8649	640	966	0.6625	
PILOT-2016006702__F__sonnet4__rep1.json	PILOT-2016006702	F	1	30	8865	8499	540	966	0.559	
PILOT-2016006702__F__sonnet4__rep2.json	PILOT-2016006702	F	2	30	8865	8499	540	966	0.559	
PILOT-2016006702__G__gpt4o-mini__rep0.json	PILOT-2016006702	G	0	30	8865	8699	701	966	0.7257	
PILOT-2016006702__G__gpt4o-mini__rep1.json	PILOT-2016006702	G	1	30	8865	8988	957	966	0.9907	
PILOT-2016006702__G__gpt4o-mini__rep2.json	PILOT-2016006702	G	2	7	8865	3707	5297	966	5.4834	
PILOT-2016006702__G__gpt5.4__rep0.json	PILOT-2016006702	G	0	30	8865	8686	685	966	0.7091	
PILOT-2016006702__G__gpt5.4__rep1.json	PILOT-2016006702	G	1	30	8865	9228	1206	966	1.2484	
PILOT-2016006702__G__gpt5.4__rep2.json	PILOT-2016006702	G	2	30	8865	8938	929	966	0.9617	
PILOT-2016006702__G__haiku4.5__rep0.json	PILOT-2016006702	G	0	30	8865	10101	2055	966	2.1273	
PILOT-2016006702__G__haiku4.5__rep1.json	PILOT-2016006702	G	1	30	8865	9531	1519	966	1.5725	
PILOT-2016006702__G__haiku4.5__rep2.json	PILOT-2016006702	G	2	30	8865	9707	1669	966	1.7277	
PILOT-2016006702__G__sonnet4__rep0.json	PILOT-2016006702	G	0	30	8865	8563	554	966	0.5735	
PILOT-2016006702__G__sonnet4__rep1.json	PILOT-2016006702	G	1	30	8865	9119	1172	966	1.2133	
PILOT-2016006702__G__sonnet4__rep2.json	PILOT-2016006702	G	2	30	8865	9109	1162	966	1.2029	
PILOT-2016007603__F__gpt4o-mini__rep0.json	PILOT-2016007603	F	0	8	3389	1574	1862	1148	1.622	
PILOT-2016007603__F__gpt4o-mini__rep1.json	PILOT-2016007603	F	1	8	3389	1565	1895	1148	1.6507	
PILOT-2016007603__F__gpt4o-mini__rep2.json	PILOT-2016007603	F	2	8	3389	1565	1895	1148	1.6507	
PILOT-2016007603__F__gpt5.4__rep0.json	PILOT-2016007603	F	0	12	3389	2229	1430	1148	1.2456	
PILOT-2016007603__F__gpt5.4__rep1.json	PILOT-2016007603	F	1	12	3389	2229	1430	1148	1.2456	
PILOT-2016007603__F__gpt5.4__rep2.json	PILOT-2016007603	F	2	12	3389	2063	1410	1148	1.2282	
PILOT-2016007603__F__haiku4.5__rep0.json	PILOT-2016007603	F	0	0			None		None	no_gen
PILOT-2016007603__F__haiku4.5__rep1.json	PILOT-2016007603	F	1	0			None		None	no_gen
PILOT-2016007603__F__haiku4.5__rep2.json	PILOT-2016007603	F	2	0			None		None	no_gen
PILOT-2016007603__F__sonnet4__rep0.json	PILOT-2016007603	F	0	12	3389	2122	1437	1148	1.2517	
PILOT-2016007603__F__sonnet4__rep1.json	PILOT-2016007603	F	1	12	3389	2122	1437	1148	1.2517	
PILOT-2016007603__F__sonnet4__rep2.json	PILOT-2016007603	F	2	12	3389	2190	1400	1148	1.2195	
PILOT-2016007603__G__gpt4o-mini__rep0.json	PILOT-2016007603	G	0	12	3389	2109	1429	1148	1.2448	
PILOT-2016007603__G__gpt4o-mini__rep1.json	PILOT-2016007603	G	1	12	3389	2065	1411	1148	1.2291	
PILOT-2016007603__G__gpt4o-mini__rep2.json	PILOT-2016007603	G	2	12	3389	2174	1361	1148	1.1855	
PILOT-2016007603__G__gpt5.4__rep0.json	PILOT-2016007603	G	0	12	3389	2178	1393	1148	1.2134	
PILOT-2016007603__G__gpt5.4__rep1.json	PILOT-2016007603	G	1	12	3389	2237	1443	1148	1.257	
PILOT-2016007603__G__gpt5.4__rep2.json	PILOT-2016007603	G	2	12	3389	2229	1430	1148	1.2456	
PILOT-2016007603__G__haiku4.5__rep0.json	PILOT-2016007603	G	0	12	3389	2854	1628	1148	1.4181	
PILOT-2016007603__G__haiku4.5__rep1.json	PILOT-2016007603	G	1	12	3389	1856	1960	1148	1.7073	
PILOT-2016007603__G__haiku4.5__rep2.json	PILOT-2016007603	G	2	12	3389	1983	1911	1148	1.6646	
PILOT-2016007603__G__sonnet4__rep0.json	PILOT-2016007603	G	0	12	3389	2122	1437	1148	1.2517	
PILOT-2016007603__G__sonnet4__rep1.json	PILOT-2016007603	G	1	12	3389	2194	1505	1148	1.311	
PILOT-2016007603__G__sonnet4__rep2.json	PILOT-2016007603	G	2	12	3389	2122	1437	1148	1.2517	
PILOT-2016007888__F__gpt4o-mini__rep0.json	PILOT-2016007888	F	0	6	5843	1819	4137	861	4.8049	
PILOT-2016007888__F__gpt4o-mini__rep1.json	PILOT-2016007888	F	1	0			None		None	no_gen
PILOT-2016007888__F__gpt4o-mini__rep2.json	PILOT-2016007888	F	2	5	5843	1661	4256	861	4.9431	
PILOT-2016007888__F__gpt5.4__rep0.json	PILOT-2016007888	F	0	6	5843	1752	4297	861	4.9907	
PILOT-2016007888__F__gpt5.4__rep1.json	PILOT-2016007888	F	1	6	5843	2068	4069	861	4.7259	
PILOT-2016007888__F__gpt5.4__rep2.json	PILOT-2016007888	F	2	6	5843	1734	4264	861	4.9524	
PILOT-2016007888__F__haiku4.5__rep0.json	PILOT-2016007888	F	0	7	5843	2543	3878	861	4.5041	
PILOT-2016007888__F__haiku4.5__rep1.json	PILOT-2016007888	F	1	13	5843	6048	2285	861	2.6539	
PILOT-2016007888__F__haiku4.5__rep2.json	PILOT-2016007888	F	2	13	5843	5244	1968	861	2.2857	
PILOT-2016007888__F__sonnet4__rep0.json	PILOT-2016007888	F	0	6	5843	2339	3771	861	4.3798	
PILOT-2016007888__F__sonnet4__rep1.json	PILOT-2016007888	F	1	20	5843	6434	754	861	0.8757	
PILOT-2016007888__F__sonnet4__rep2.json	PILOT-2016007888	F	2	6	5843	2331	3797	861	4.41	
PILOT-2016007888__G__gpt4o-mini__rep0.json	PILOT-2016007888	G	0	4	5843	1814	4131	861	4.7979	
PILOT-2016007888__G__gpt4o-mini__rep1.json	PILOT-2016007888	G	1	6	5843	1628	4244	861	4.9292	
PILOT-2016007888__G__gpt4o-mini__rep2.json	PILOT-2016007888	G	2	5	5843	1705	4212	861	4.892	
PILOT-2016007888__G__gpt5.4__rep0.json	PILOT-2016007888	G	0	6	5843	1872	4196	861	4.8734	
PILOT-2016007888__G__gpt5.4__rep1.json	PILOT-2016007888	G	1	6	5843	1332	4535	861	5.2671	
PILOT-2016007888__G__gpt5.4__rep2.json	PILOT-2016007888	G	2	6	5843	1701	4295	861	4.9884	
PILOT-2016007888__G__haiku4.5__rep0.json	PILOT-2016007888	G	0	13	5843	5521	2181	861	2.5331	
PILOT-2016007888__G__haiku4.5__rep1.json	PILOT-2016007888	G	1	20	5843	7100	1465	861	1.7015	
PILOT-2016007888__G__haiku4.5__rep2.json	PILOT-2016007888	G	2	13	5843	4216	2634	861	3.0592	
PILOT-2016007888__G__sonnet4__rep0.json	PILOT-2016007888	G	0	20	5843	6477	798	861	0.9268	
PILOT-2016007888__G__sonnet4__rep1.json	PILOT-2016007888	G	1	20	5843	6335	656	861	0.7619	
PILOT-2016007888__G__sonnet4__rep2.json	PILOT-2016007888	G	2	20	5843	6395	715	861	0.8304	
PILOT-2017000071__F__gpt4o-mini__rep0.json	PILOT-2017000071	F	0	7	4283	4053	245	577	0.4246	
PILOT-2017000071__F__gpt4o-mini__rep1.json	PILOT-2017000071	F	1	7	4283	4062	301	577	0.5217	
PILOT-2017000071__F__gpt4o-mini__rep2.json	PILOT-2017000071	F	2	7	4283	4061	274	577	0.4749	
PILOT-2017000071__F__gpt5.4__rep0.json	PILOT-2017000071	F	0	7	4283	4224	383	577	0.6638	
PILOT-2017000071__F__gpt5.4__rep1.json	PILOT-2017000071	F	1	7	4283	3943	378	577	0.6551	
PILOT-2017000071__F__gpt5.4__rep2.json	PILOT-2017000071	F	2	7	4283	4032	278	577	0.4818	
PILOT-2017000071__F__haiku4.5__rep0.json	PILOT-2017000071	F	0	7	4283	4025	312	577	0.5407	
PILOT-2017000071__F__haiku4.5__rep1.json	PILOT-2017000071	F	1	7	4283	4025	312	577	0.5407	
PILOT-2017000071__F__haiku4.5__rep2.json	PILOT-2017000071	F	2	7	4283	4025	312	577	0.5407	
PILOT-2017000071__F__sonnet4__rep0.json	PILOT-2017000071	F	0	7	4283	4089	339	577	0.5875	
PILOT-2017000071__F__sonnet4__rep1.json	PILOT-2017000071	F	1	7	4283	4245	481	577	0.8336	
PILOT-2017000071__F__sonnet4__rep2.json	PILOT-2017000071	F	2	7	4283	4330	557	577	0.9653	
PILOT-2017000071__G__gpt4o-mini__rep0.json	PILOT-2017000071	G	0	7	4283	4193	363	577	0.6291	
PILOT-2017000071__G__gpt4o-mini__rep1.json	PILOT-2017000071	G	1	7	4283	4055	233	577	0.4038	
PILOT-2017000071__G__gpt4o-mini__rep2.json	PILOT-2017000071	G	2	7	4283	4110	303	577	0.5251	
PILOT-2017000071__G__gpt5.4__rep0.json	PILOT-2017000071	G	0	7	4283	4234	393	577	0.6811	
PILOT-2017000071__G__gpt5.4__rep1.json	PILOT-2017000071	G	1	7	4283	4214	375	577	0.6499	
PILOT-2017000071__G__gpt5.4__rep2.json	PILOT-2017000071	G	2	7	4283	4231	395	577	0.6846	
PILOT-2017000071__G__haiku4.5__rep0.json	PILOT-2017000071	G	0	7	4283	4040	318	577	0.5511	
PILOT-2017000071__G__haiku4.5__rep1.json	PILOT-2017000071	G	1	7	4283	4471	685	577	1.1872	
PILOT-2017000071__G__haiku4.5__rep2.json	PILOT-2017000071	G	2	7	4283	4025	367	577	0.636	
PILOT-2017000071__G__sonnet4__rep0.json	PILOT-2017000071	G	0	7	4283	4227	459	577	0.7955	
PILOT-2017000071__G__sonnet4__rep1.json	PILOT-2017000071	G	1	7	4283	4255	491	577	0.851	
PILOT-2017000071__G__sonnet4__rep2.json	PILOT-2017000071	G	2	7	4283	4142	374	577	0.6482	
PILOT-2017000093__F__gpt4o-mini__rep0.json	PILOT-2017000093	F	0	0			None		None	no_gen
PILOT-2017000093__F__gpt4o-mini__rep1.json	PILOT-2017000093	F	1	0			None		None	no_gen
PILOT-2017000093__F__gpt4o-mini__rep2.json	PILOT-2017000093	F	2	0			None		None	no_gen
PILOT-2017000093__F__gpt5.4__rep0.json	PILOT-2017000093	F	0	21	8811	9058	879	2769	0.3174	
PILOT-2017000093__F__gpt5.4__rep1.json	PILOT-2017000093	F	1	21	8811	10530	2313	2769	0.8353	
PILOT-2017000093__F__gpt5.4__rep2.json	PILOT-2017000093	F	2	21	8811	9253	1056	2769	0.3814	
PILOT-2017000093__F__haiku4.5__rep0.json	PILOT-2017000093	F	0	21	8811	10087	1774	2769	0.6407	
PILOT-2017000093__F__haiku4.5__rep1.json	PILOT-2017000093	F	1	21	8811	9519	1224	2769	0.442	
PILOT-2017000093__F__haiku4.5__rep2.json	PILOT-2017000093	F	2	21	8811	10324	1976	2769	0.7136	
PILOT-2017000093__F__sonnet4__rep0.json	PILOT-2017000093	F	0	21	8811	9560	1278	2769	0.4615	
PILOT-2017000093__F__sonnet4__rep1.json	PILOT-2017000093	F	1	21	8811	9395	1128	2769	0.4074	
PILOT-2017000093__F__sonnet4__rep2.json	PILOT-2017000093	F	2	21	8811	9586	1257	2769	0.454	
PILOT-2017000093__G__gpt4o-mini__rep0.json	PILOT-2017000093	G	0	3	8811	2471	6531	2769	2.3586	
PILOT-2017000093__G__gpt4o-mini__rep1.json	PILOT-2017000093	G	1	6	8811	3340	5591	2769	2.0191	
PILOT-2017000093__G__gpt4o-mini__rep2.json	PILOT-2017000093	G	2	6	8811	3342	5650	2769	2.0404	
PILOT-2017000093__G__gpt5.4__rep0.json	PILOT-2017000093	G	0	21	8811	10951	2657	2769	0.9596	
PILOT-2017000093__G__gpt5.4__rep1.json	PILOT-2017000093	G	1	21	8811	9746	1551	2769	0.5601	
PILOT-2017000093__G__gpt5.4__rep2.json	PILOT-2017000093	G	2	21	8811	10682	2465	2769	0.8902	
PILOT-2017000093__G__haiku4.5__rep0.json	PILOT-2017000093	G	0	21	8811	10258	1918	2769	0.6927	
PILOT-2017000093__G__haiku4.5__rep1.json	PILOT-2017000093	G	1	21	8811	10001	1677	2769	0.6056	
PILOT-2017000093__G__haiku4.5__rep2.json	PILOT-2017000093	G	2	21	8811	8380	3534	2769	1.2763	
PILOT-2017000093__G__sonnet4__rep0.json	PILOT-2017000093	G	0	21	8811	9632	1308	2769	0.4724	
PILOT-2017000093__G__sonnet4__rep1.json	PILOT-2017000093	G	1	19	8811	9110	1461	2769	0.5276	
PILOT-2017000093__G__sonnet4__rep2.json	PILOT-2017000093	G	2	21	8811	9239	944	2769	0.3409	
PILOT-2017001422__F__gpt4o-mini__rep0.json	PILOT-2017001422	F	0	8	4600	1799	2938	357	8.2297	
PILOT-2017001422__F__gpt4o-mini__rep1.json	PILOT-2017001422	F	1	5	4600	1194	3516	357	9.8487	
PILOT-2017001422__F__gpt4o-mini__rep2.json	PILOT-2017001422	F	2	6	4600	1491	3452	357	9.6695	
PILOT-2017001422__F__gpt5.4__rep0.json	PILOT-2017001422	F	0	8	4600	1776	3132	357	8.7731	
PILOT-2017001422__F__gpt5.4__rep1.json	PILOT-2017001422	F	1	8	4600	1876	2877	357	8.0588	
PILOT-2017001422__F__gpt5.4__rep2.json	PILOT-2017001422	F	2	8	4600	1753	2986	357	8.3641	
PILOT-2017001422__F__haiku4.5__rep0.json	PILOT-2017001422	F	0	7	4600	1958	2989	357	8.3725	
PILOT-2017001422__F__haiku4.5__rep1.json	PILOT-2017001422	F	1	7	4600	1781	3003	357	8.4118	
PILOT-2017001422__F__haiku4.5__rep2.json	PILOT-2017001422	F	2	7	4600	1959	3140	357	8.7955	
PILOT-2017001422__F__sonnet4__rep0.json	PILOT-2017001422	F	0	8	4600	1865	3011	357	8.4342	
PILOT-2017001422__F__sonnet4__rep1.json	PILOT-2017001422	F	1	8	4600	2053	2840	357	7.9552	
PILOT-2017001422__F__sonnet4__rep2.json	PILOT-2017001422	F	2	8	4600	2081	2913	357	8.1597	
PILOT-2017001422__G__gpt4o-mini__rep0.json	PILOT-2017001422	G	0	6	4600	1538	3389	357	9.493	
PILOT-2017001422__G__gpt4o-mini__rep1.json	PILOT-2017001422	G	1	6	4600	1743	3226	357	9.0364	
PILOT-2017001422__G__gpt4o-mini__rep2.json	PILOT-2017001422	G	2	6	4600	1483	3360	357	9.4118	
PILOT-2017001422__G__gpt5.4__rep0.json	PILOT-2017001422	G	0	8	4600	1952	2875	357	8.0532	
PILOT-2017001422__G__gpt5.4__rep1.json	PILOT-2017001422	G	1	8	4600	1848	3122	357	8.7451	
PILOT-2017001422__G__gpt5.4__rep2.json	PILOT-2017001422	G	2	8	4600	1882	3049	357	8.5406	
PILOT-2017001422__G__haiku4.5__rep0.json	PILOT-2017001422	G	0	8	4600	2155	3029	357	8.4846	
PILOT-2017001422__G__haiku4.5__rep1.json	PILOT-2017001422	G	1	8	4600	2204	2869	357	8.0364	
PILOT-2017001422__G__haiku4.5__rep2.json	PILOT-2017001422	G	2	8	4600	2168	2891	357	8.098	
PILOT-2017001422__G__sonnet4__rep0.json	PILOT-2017001422	G	0	8	4600	1678	3009	357	8.4286	
PILOT-2017001422__G__sonnet4__rep1.json	PILOT-2017001422	G	1	8	4600	1624	3019	357	8.4566	
PILOT-2017001422__G__sonnet4__rep2.json	PILOT-2017001422	G	2	8	4600	1932	3171	357	8.8824	
PILOT-2017002001__F__gpt4o-mini__rep0.json	PILOT-2017002001	F	0	0			None		None	no_gen
PILOT-2017002001__F__gpt4o-mini__rep1.json	PILOT-2017002001	F	1	0			None		None	no_gen
PILOT-2017002001__F__gpt4o-mini__rep2.json	PILOT-2017002001	F	2	2	5707	290	5418	2192	2.4717	
PILOT-2017002001__F__gpt5.4__rep0.json	PILOT-2017002001	F	0	19	5707	3699	2559	2192	1.1674	
PILOT-2017002001__F__gpt5.4__rep1.json	PILOT-2017002001	F	1	26	5707	4884	1259	2192	0.5744	
PILOT-2017002001__F__gpt5.4__rep2.json	PILOT-2017002001	F	2	19	5707	3925	2467	2192	1.1255	
PILOT-2017002001__F__haiku4.5__rep0.json	PILOT-2017002001	F	0	14	5707	3566	2745	2192	1.2523	
PILOT-2017002001__F__haiku4.5__rep1.json	PILOT-2017002001	F	1	19	5707	3965	2517	2192	1.1483	
PILOT-2017002001__F__haiku4.5__rep2.json	PILOT-2017002001	F	2	19	5707	4182	2426	2192	1.1068	
PILOT-2017002001__F__sonnet4__rep0.json	PILOT-2017002001	F	0	19	5707	3642	2277	2192	1.0388	
PILOT-2017002001__F__sonnet4__rep1.json	PILOT-2017002001	F	1	19	5707	3642	2277	2192	1.0388	
PILOT-2017002001__F__sonnet4__rep2.json	PILOT-2017002001	F	2	19	5707	3642	2277	2192	1.0388	
PILOT-2017002001__G__gpt4o-mini__rep0.json	PILOT-2017002001	G	0	0			None		None	no_gen
PILOT-2017002001__G__gpt4o-mini__rep1.json	PILOT-2017002001	G	1	0			None		None	no_gen
PILOT-2017002001__G__gpt4o-mini__rep2.json	PILOT-2017002001	G	2	2	5707	297	5410	2192	2.4681	
PILOT-2017002001__G__gpt5.4__rep0.json	PILOT-2017002001	G	0	19	5707	4232	2356	2192	1.0748	
PILOT-2017002001__G__gpt5.4__rep1.json	PILOT-2017002001	G	1	19	5707	3599	2257	2192	1.0297	
PILOT-2017002001__G__gpt5.4__rep2.json	PILOT-2017002001	G	2	19	5707	4202	2502	2192	1.1414	
PILOT-2017002001__G__haiku4.5__rep0.json	PILOT-2017002001	G	0	19	5707	4610	2562	2192	1.1688	
PILOT-2017002001__G__haiku4.5__rep1.json	PILOT-2017002001	G	1	15	5707	3226	2867	2192	1.3079	
PILOT-2017002001__G__haiku4.5__rep2.json	PILOT-2017002001	G	2	19	5707	3848	2483	2192	1.1328	
PILOT-2017002001__G__sonnet4__rep0.json	PILOT-2017002001	G	0	19	5707	3744	2378	2192	1.0849	
PILOT-2017002001__G__sonnet4__rep1.json	PILOT-2017002001	G	1	19	5707	3744	2378	2192	1.0849	
PILOT-2017002001__G__sonnet4__rep2.json	PILOT-2017002001	G	2	19	5707	3794	2354	2192	1.0739	
PILOT-2017002029__F__gpt4o-mini__rep0.json	PILOT-2017002029	F	0	4	4351	1297	3157	1540	2.05	
PILOT-2017002029__F__gpt4o-mini__rep1.json	PILOT-2017002029	F	1	28	4351	3784	1153	1540	0.7487	
PILOT-2017002029__F__gpt4o-mini__rep2.json	PILOT-2017002029	F	2	5	4351	1513	2936	1540	1.9065	
PILOT-2017002029__F__gpt5.4__rep0.json	PILOT-2017002029	F	0	28	4351	3781	1115	1540	0.724	
PILOT-2017002029__F__gpt5.4__rep1.json	PILOT-2017002029	F	1	28	4351	3715	1075	1540	0.6981	
PILOT-2017002029__F__gpt5.4__rep2.json	PILOT-2017002029	F	2	28	4351	4021	1166	1540	0.7571	
PILOT-2017002029__F__haiku4.5__rep0.json	PILOT-2017002029	F	0	28	4351	4051	1230	1540	0.7987	
PILOT-2017002029__F__haiku4.5__rep1.json	PILOT-2017002029	F	1	28	4351	4823	1663	1540	1.0799	
PILOT-2017002029__F__haiku4.5__rep2.json	PILOT-2017002029	F	2	28	4351	3922	1252	1540	0.813	
PILOT-2017002029__F__sonnet4__rep0.json	PILOT-2017002029	F	0	28	4351	3592	988	1540	0.6416	
PILOT-2017002029__F__sonnet4__rep1.json	PILOT-2017002029	F	1	28	4351	3609	981	1540	0.637	
PILOT-2017002029__F__sonnet4__rep2.json	PILOT-2017002029	F	2	28	4351	3592	988	1540	0.6416	
PILOT-2017002029__G__gpt4o-mini__rep0.json	PILOT-2017002029	G	0	28	4351	4117	1184	1540	0.7688	
PILOT-2017002029__G__gpt4o-mini__rep1.json	PILOT-2017002029	G	1	11	4351	2090	2657	1540	1.7253	
PILOT-2017002029__G__gpt4o-mini__rep2.json	PILOT-2017002029	G	2	5	4351	1425	3046	1540	1.9779	
PILOT-2017002029__G__gpt5.4__rep0.json	PILOT-2017002029	G	0	28	4351	3831	1072	1540	0.6961	
PILOT-2017002029__G__gpt5.4__rep1.json	PILOT-2017002029	G	1	28	4351	3958	1115	1540	0.724	
PILOT-2017002029__G__gpt5.4__rep2.json	PILOT-2017002029	G	2	28	4351	3746	1281	1540	0.8318	
PILOT-2017002029__G__haiku4.5__rep0.json	PILOT-2017002029	G	0	28	4351	4931	1663	1540	1.0799	
PILOT-2017002029__G__haiku4.5__rep1.json	PILOT-2017002029	G	1	28	4351	4873	1658	1540	1.0766	
PILOT-2017002029__G__haiku4.5__rep2.json	PILOT-2017002029	G	2	28	4351	4968	1737	1540	1.1279	
PILOT-2017002029__G__sonnet4__rep0.json	PILOT-2017002029	G	0	28	4351	3893	1284	1540	0.8338	
PILOT-2017002029__G__sonnet4__rep1.json	PILOT-2017002029	G	1	28	4351	3812	1149	1540	0.7461	
PILOT-2017002029__G__sonnet4__rep2.json	PILOT-2017002029	G	2	28	4351	3839	1187	1540	0.7708	
PILOT-2017003676__F__gpt4o-mini__rep0.json	PILOT-2017003676	F	0	5	2504	1089	1478	389	3.7995	
PILOT-2017003676__F__gpt4o-mini__rep1.json	PILOT-2017003676	F	1	8	2504	1656	1342	389	3.4499	
PILOT-2017003676__F__gpt4o-mini__rep2.json	PILOT-2017003676	F	2	9	2504	1757	1328	389	3.4139	
PILOT-2017003676__F__gpt5.4__rep0.json	PILOT-2017003676	F	0	19	2504	2698	439	389	1.1285	
PILOT-2017003676__F__gpt5.4__rep1.json	PILOT-2017003676	F	1	19	2504	2684	424	389	1.09	
PILOT-2017003676__F__gpt5.4__rep2.json	PILOT-2017003676	F	2	19	2504	1956	904	389	2.3239	
PILOT-2017003676__F__haiku4.5__rep0.json	PILOT-2017003676	F	0	19	2504	3234	944	389	2.4267	
PILOT-2017003676__F__haiku4.5__rep1.json	PILOT-2017003676	F	1	19	2504	3180	888	389	2.2828	
PILOT-2017003676__F__haiku4.5__rep2.json	PILOT-2017003676	F	2	19	2504	3255	1004	389	2.581	
PILOT-2017003676__F__sonnet4__rep0.json	PILOT-2017003676	F	0	19	2504	2786	487	389	1.2519	
PILOT-2017003676__F__sonnet4__rep1.json	PILOT-2017003676	F	1	19	2504	2631	351	389	0.9023	
PILOT-2017003676__F__sonnet4__rep2.json	PILOT-2017003676	F	2	19	2504	2808	531	389	1.365	
PILOT-2017003676__G__gpt4o-mini__rep0.json	PILOT-2017003676	G	0	8	2504	1736	1210	389	3.1105	
PILOT-2017003676__G__gpt4o-mini__rep1.json	PILOT-2017003676	G	1	6	2504	1150	1608	389	4.1337	
PILOT-2017003676__G__gpt4o-mini__rep2.json	PILOT-2017003676	G	2	4	2504	809	1796	389	4.617	
PILOT-2017003676__G__gpt5.4__rep0.json	PILOT-2017003676	G	0	19	2504	2575	383	389	0.9846	
PILOT-2017003676__G__gpt5.4__rep1.json	PILOT-2017003676	G	1	19	2504	2721	461	389	1.1851	
PILOT-2017003676__G__gpt5.4__rep2.json	PILOT-2017003676	G	2	19	2504	2127	623	389	1.6015	
PILOT-2017003676__G__haiku4.5__rep0.json	PILOT-2017003676	G	0	19	2504	3381	1072	389	2.7558	
PILOT-2017003676__G__haiku4.5__rep1.json	PILOT-2017003676	G	1	19	2504	3179	884	389	2.2725	
PILOT-2017003676__G__haiku4.5__rep2.json	PILOT-2017003676	G	2	19	2504	3577	1296	389	3.3316	
PILOT-2017003676__G__sonnet4__rep0.json	PILOT-2017003676	G	0	19	2504	2715	443	389	1.1388	
PILOT-2017003676__G__sonnet4__rep1.json	PILOT-2017003676	G	1	19	2504	2857	572	389	1.4704	
PILOT-2017003676__G__sonnet4__rep2.json	PILOT-2017003676	G	2	19	2504	2881	592	389	1.5219	
PILOT-2017004144__F__gpt4o-mini__rep0.json	PILOT-2017004144	F	0	7	6345	2212	4162	1330	3.1293	
PILOT-2017004144__F__gpt4o-mini__rep1.json	PILOT-2017004144	F	1	7	6345	2218	4166	1330	3.1323	
PILOT-2017004144__F__gpt4o-mini__rep2.json	PILOT-2017004144	F	2	7	6345	2242	4131	1330	3.106	
PILOT-2017004144__F__gpt5.4__rep0.json	PILOT-2017004144	F	0	7	6345	2749	3706	1330	2.7865	
PILOT-2017004144__F__gpt5.4__rep1.json	PILOT-2017004144	F	1	7	6345	3255	3843	1330	2.8895	
PILOT-2017004144__F__gpt5.4__rep2.json	PILOT-2017004144	F	2	7	6345	2232	4137	1330	3.1105	
PILOT-2017004144__F__haiku4.5__rep0.json	PILOT-2017004144	F	0	30	6345	7696	1672	1330	1.2571	
PILOT-2017004144__F__haiku4.5__rep1.json	PILOT-2017004144	F	1	30	6345	7697	1671	1330	1.2564	
PILOT-2017004144__F__haiku4.5__rep2.json	PILOT-2017004144	F	2	30	6345	7697	1671	1330	1.2564	
PILOT-2017004144__F__sonnet4__rep0.json	PILOT-2017004144	F	0	30	6345	7037	1035	1330	0.7782	
PILOT-2017004144__F__sonnet4__rep1.json	PILOT-2017004144	F	1	7	6345	2512	4121	1330	3.0985	
PILOT-2017004144__F__sonnet4__rep2.json	PILOT-2017004144	F	2	7	6345	2460	4257	1330	3.2008	
PILOT-2017004144__G__gpt4o-mini__rep0.json	PILOT-2017004144	G	0	6	6345	1422	4986	1330	3.7489	
PILOT-2017004144__G__gpt4o-mini__rep1.json	PILOT-2017004144	G	1	5	6345	1412	4957	1330	3.7271	
PILOT-2017004144__G__gpt4o-mini__rep2.json	PILOT-2017004144	G	2	3	6345	1475	4903	1330	3.6865	
PILOT-2017004144__G__gpt5.4__rep0.json	PILOT-2017004144	G	0	7	6345	2381	4185	1330	3.1466	
PILOT-2017004144__G__gpt5.4__rep1.json	PILOT-2017004144	G	1	7	6345	2040	4321	1330	3.2489	
PILOT-2017004144__G__gpt5.4__rep2.json	PILOT-2017004144	G	2	7	6345	3413	3736	1330	2.809	
PILOT-2017004144__G__haiku4.5__rep0.json	PILOT-2017004144	G	0	30	6345	7751	1727	1330	1.2985	
PILOT-2017004144__G__haiku4.5__rep1.json	PILOT-2017004144	G	1	30	6345	7696	1672	1330	1.2571	
PILOT-2017004144__G__haiku4.5__rep2.json	PILOT-2017004144	G	2	30	6345	7696	1672	1330	1.2571	
PILOT-2017004144__G__sonnet4__rep0.json	PILOT-2017004144	G	0	7	6345	2474	4170	1330	3.1353	
PILOT-2017004144__G__sonnet4__rep1.json	PILOT-2017004144	G	1	7	6345	2491	4125	1330	3.1015	
PILOT-2017004144__G__sonnet4__rep2.json	PILOT-2017004144	G	2	7	6345	2487	4130	1330	3.1053	
PILOT-2017004286__F__gpt4o-mini__rep0.json	PILOT-2017004286	F	0	4	6980	1895	5145	1533	3.3562	
PILOT-2017004286__F__gpt4o-mini__rep1.json	PILOT-2017004286	F	1	0			None		None	no_gen
PILOT-2017004286__F__gpt4o-mini__rep2.json	PILOT-2017004286	F	2	3	6980	1267	5721	1533	3.7319	
PILOT-2017004286__F__gpt5.4__rep0.json	PILOT-2017004286	F	0	26	6980	7423	516	1533	0.3366	
PILOT-2017004286__F__gpt5.4__rep1.json	PILOT-2017004286	F	1	26	6980	7416	510	1533	0.3327	
PILOT-2017004286__F__gpt5.4__rep2.json	PILOT-2017004286	F	2	26	6980	7241	347	1533	0.2264	
PILOT-2017004286__F__haiku4.5__rep0.json	PILOT-2017004286	F	0	26	6980	9101	2208	1533	1.4403	
PILOT-2017004286__F__haiku4.5__rep1.json	PILOT-2017004286	F	1	26	6980	9130	2191	1533	1.4292	
PILOT-2017004286__F__haiku4.5__rep2.json	PILOT-2017004286	F	2	26	6980	9032	2153	1533	1.4044	
PILOT-2017004286__F__sonnet4__rep0.json	PILOT-2017004286	F	0	26	6980	7880	956	1533	0.6236	
PILOT-2017004286__F__sonnet4__rep1.json	PILOT-2017004286	F	1	26	6980	7174	258	1533	0.1683	
PILOT-2017004286__F__sonnet4__rep2.json	PILOT-2017004286	F	2	26	6980	7146	242	1533	0.1579	
PILOT-2017004286__G__gpt4o-mini__rep0.json	PILOT-2017004286	G	0	4	6980	1931	5108	1533	3.332	
PILOT-2017004286__G__gpt4o-mini__rep1.json	PILOT-2017004286	G	1	6	6980	2751	4340	1533	2.8311	
PILOT-2017004286__G__gpt4o-mini__rep2.json	PILOT-2017004286	G	2	3	6980	1559	5423	1533	3.5375	
PILOT-2017004286__G__gpt5.4__rep0.json	PILOT-2017004286	G	0	26	6980	7451	546	1533	0.3562	
PILOT-2017004286__G__gpt5.4__rep1.json	PILOT-2017004286	G	1	26	6980	7454	585	1533	0.3816	
PILOT-2017004286__G__gpt5.4__rep2.json	PILOT-2017004286	G	2	26	6980	7200	306	1533	0.1996	
PILOT-2017004286__G__haiku4.5__rep0.json	PILOT-2017004286	G	0	26	6980	6500	1429	1533	0.9322	
PILOT-2017004286__G__haiku4.5__rep1.json	PILOT-2017004286	G	1	26	6980	6785	2216	1533	1.4455	
PILOT-2017004286__G__haiku4.5__rep2.json	PILOT-2017004286	G	2	26	6980	8861	1940	1533	1.2655	
PILOT-2017004286__G__sonnet4__rep0.json	PILOT-2017004286	G	0	26	6980	7828	905	1533	0.5903	
PILOT-2017004286__G__sonnet4__rep1.json	PILOT-2017004286	G	1	26	6980	7409	501	1533	0.3268	
PILOT-2017004286__G__sonnet4__rep2.json	PILOT-2017004286	G	2	26	6980	7284	362	1533	0.2361	
PILOT-2017005259__F__gpt4o-mini__rep0.json	PILOT-2017005259	F	0	4	2205	1095	1162	728	1.5962	
PILOT-2017005259__F__gpt4o-mini__rep1.json	PILOT-2017005259	F	1	3	2205	721	1533	728	2.1058	
PILOT-2017005259__F__gpt4o-mini__rep2.json	PILOT-2017005259	F	2	14	2205	2257	52	728	0.0714	
PILOT-2017005259__F__gpt5.4__rep0.json	PILOT-2017005259	F	0	14	2205	2325	129	728	0.1772	
PILOT-2017005259__F__gpt5.4__rep1.json	PILOT-2017005259	F	1	14	2205	2341	145	728	0.1992	
PILOT-2017005259__F__gpt5.4__rep2.json	PILOT-2017005259	F	2	14	2205	2417	221	728	0.3036	
PILOT-2017005259__F__haiku4.5__rep0.json	PILOT-2017005259	F	0	14	2205	2934	729	728	1.0014	
PILOT-2017005259__F__haiku4.5__rep1.json	PILOT-2017005259	F	1	14	2205	3063	858	728	1.1786	
PILOT-2017005259__F__haiku4.5__rep2.json	PILOT-2017005259	F	2	14	2205	3021	816	728	1.1209	
PILOT-2017005259__F__sonnet4__rep0.json	PILOT-2017005259	F	0	14	2205	2431	232	728	0.3187	
PILOT-2017005259__F__sonnet4__rep1.json	PILOT-2017005259	F	1	14	2205	3525	1331	728	1.8283	
PILOT-2017005259__F__sonnet4__rep2.json	PILOT-2017005259	F	2	14	2205	2938	733	728	1.0069	
PILOT-2017005259__G__gpt4o-mini__rep0.json	PILOT-2017005259	G	0	4	2205	1111	1192	728	1.6374	
PILOT-2017005259__G__gpt4o-mini__rep1.json	PILOT-2017005259	G	1	8	2205	1537	672	728	0.9231	
PILOT-2017005259__G__gpt4o-mini__rep2.json	PILOT-2017005259	G	2	8	2205	1537	674	728	0.9258	
PILOT-2017005259__G__gpt5.4__rep0.json	PILOT-2017005259	G	0	14	2205	2372	181	728	0.2486	
PILOT-2017005259__G__gpt5.4__rep1.json	PILOT-2017005259	G	1	14	2205	2326	130	728	0.1786	
PILOT-2017005259__G__gpt5.4__rep2.json	PILOT-2017005259	G	2	14	2205	2355	159	728	0.2184	
PILOT-2017005259__G__haiku4.5__rep0.json	PILOT-2017005259	G	0	14	2205	3295	1185	728	1.6277	
PILOT-2017005259__G__haiku4.5__rep1.json	PILOT-2017005259	G	1	16	2205	3030	825	728	1.1332	
PILOT-2017005259__G__haiku4.5__rep2.json	PILOT-2017005259	G	2	14	2205	2109	693	728	0.9519	
PILOT-2017005259__G__sonnet4__rep0.json	PILOT-2017005259	G	0	14	2205	2996	791	728	1.0865	
PILOT-2017005259__G__sonnet4__rep1.json	PILOT-2017005259	G	1	14	2205	2947	742	728	1.0192	
PILOT-2017005259__G__sonnet4__rep2.json	PILOT-2017005259	G	2	14	2205	2978	773	728	1.0618	
PILOT-2017005493__F__gpt4o-mini__rep0.json	PILOT-2017005493	F	0	7	3063	1496	1862	384	4.849	
PILOT-2017005493__F__gpt4o-mini__rep1.json	PILOT-2017005493	F	1	7	3063	1263	1988	384	5.1771	
PILOT-2017005493__F__gpt4o-mini__rep2.json	PILOT-2017005493	F	2	20	3063	3345	303	384	0.7891	
PILOT-2017005493__F__gpt5.4__rep0.json	PILOT-2017005493	F	0	20	3063	3920	877	384	2.2839	
PILOT-2017005493__F__gpt5.4__rep1.json	PILOT-2017005493	F	1	20	3063	4006	954	384	2.4844	
PILOT-2017005493__F__gpt5.4__rep2.json	PILOT-2017005493	F	2	20	3063	4398	1353	384	3.5234	
PILOT-2017005493__F__haiku4.5__rep0.json	PILOT-2017005493	F	0	20	3063	4373	1333	384	3.4714	
PILOT-2017005493__F__haiku4.5__rep1.json	PILOT-2017005493	F	1	20	3063	3925	883	384	2.2995	
PILOT-2017005493__F__haiku4.5__rep2.json	PILOT-2017005493	F	2	20	3063	4548	1527	384	3.9766	
PILOT-2017005493__F__sonnet4__rep0.json	PILOT-2017005493	F	0	20	3063	3835	791	384	2.0599	
PILOT-2017005493__F__sonnet4__rep1.json	PILOT-2017005493	F	1	20	3063	3212	305	384	0.7943	
PILOT-2017005493__F__sonnet4__rep2.json	PILOT-2017005493	F	2	20	3063	3431	399	384	1.0391	
PILOT-2017005493__G__gpt4o-mini__rep0.json	PILOT-2017005493	G	0	8	3063	1587	1617	384	4.2109	
PILOT-2017005493__G__gpt4o-mini__rep1.json	PILOT-2017005493	G	1	8	3063	2335	1079	384	2.8099	
PILOT-2017005493__G__gpt4o-mini__rep2.json	PILOT-2017005493	G	2	8	3063	1480	1802	384	4.6927	
PILOT-2017005493__G__gpt5.4__rep0.json	PILOT-2017005493	G	0	20	3063	3712	671	384	1.7474	
PILOT-2017005493__G__gpt5.4__rep1.json	PILOT-2017005493	G	1	20	3063	3807	763	384	1.987	
PILOT-2017005493__G__gpt5.4__rep2.json	PILOT-2017005493	G	2	20	3063	3909	873	384	2.2734	
PILOT-2017005493__G__haiku4.5__rep0.json	PILOT-2017005493	G	0	20	3063	3991	949	384	2.4714	
PILOT-2017005493__G__haiku4.5__rep1.json	PILOT-2017005493	G	1	20	3063	4041	1008	384	2.625	
PILOT-2017005493__G__haiku4.5__rep2.json	PILOT-2017005493	G	2	20	3063	4472	1448	384	3.7708	
PILOT-2017005493__G__sonnet4__rep0.json	PILOT-2017005493	G	0	20	3063	3676	703	384	1.8307	
PILOT-2017005493__G__sonnet4__rep1.json	PILOT-2017005493	G	1	20	3063	3660	687	384	1.7891	
PILOT-2017005493__G__sonnet4__rep2.json	PILOT-2017005493	G	2	20	3063	3658	674	384	1.7552	
PILOT-2017006188__F__gpt4o-mini__rep0.json	PILOT-2017006188	F	0	0			None		None	no_gen
PILOT-2017006188__F__gpt4o-mini__rep1.json	PILOT-2017006188	F	1	0			None		None	no_gen
PILOT-2017006188__F__gpt4o-mini__rep2.json	PILOT-2017006188	F	2	0			None		None	no_gen
PILOT-2017006188__F__gpt5.4__rep0.json	PILOT-2017006188	F	0	17	6996	3018	4172	552	7.558	
PILOT-2017006188__F__gpt5.4__rep1.json	PILOT-2017006188	F	1	17	6996	3041	4340	552	7.8623	
PILOT-2017006188__F__gpt5.4__rep2.json	PILOT-2017006188	F	2	23	6996	5428	1946	552	3.5254	
PILOT-2017006188__F__haiku4.5__rep0.json	PILOT-2017006188	F	0	16	6996	3148	4322	552	7.8297	
PILOT-2017006188__F__haiku4.5__rep1.json	PILOT-2017006188	F	1	16	6996	3440	4338	552	7.8587	
PILOT-2017006188__F__haiku4.5__rep2.json	PILOT-2017006188	F	2	16	6996	3200	4271	552	7.7373	
PILOT-2017006188__F__sonnet4__rep0.json	PILOT-2017006188	F	0	28	6996	6673	603	552	1.0924	
PILOT-2017006188__F__sonnet4__rep1.json	PILOT-2017006188	F	1	27	6996	6732	551	552	0.9982	
PILOT-2017006188__F__sonnet4__rep2.json	PILOT-2017006188	F	2	28	6996	6704	586	552	1.0616	
PILOT-2017006188__G__gpt4o-mini__rep0.json	PILOT-2017006188	G	0	0			None		None	no_gen
PILOT-2017006188__G__gpt4o-mini__rep1.json	PILOT-2017006188	G	1	0			None		None	no_gen
PILOT-2017006188__G__gpt4o-mini__rep2.json	PILOT-2017006188	G	2	0			None		None	no_gen
PILOT-2017006188__G__gpt5.4__rep0.json	PILOT-2017006188	G	0	17	6996	3274	4023	552	7.288	
PILOT-2017006188__G__gpt5.4__rep1.json	PILOT-2017006188	G	1	17	6996	2732	4392	552	7.9565	
PILOT-2017006188__G__gpt5.4__rep2.json	PILOT-2017006188	G	2	23	6996	5797	2530	552	4.5833	
PILOT-2017006188__G__haiku4.5__rep0.json	PILOT-2017006188	G	0	0			None		None	no_gen
PILOT-2017006188__G__haiku4.5__rep1.json	PILOT-2017006188	G	1	0			None		None	no_gen
PILOT-2017006188__G__haiku4.5__rep2.json	PILOT-2017006188	G	2	0			None		None	no_gen
PILOT-2017006188__G__sonnet4__rep0.json	PILOT-2017006188	G	0	16	6996	2894	4214	552	7.6341	
PILOT-2017006188__G__sonnet4__rep1.json	PILOT-2017006188	G	1	16	6996	3307	4382	552	7.9384	
PILOT-2017006188__G__sonnet4__rep2.json	PILOT-2017006188	G	2	16	6996	2730	4333	552	7.8496	
PILOT-2017007272__F__gpt4o-mini__rep0.json	PILOT-2017007272	F	0	8	2559	1181	1476	435	3.3931	
PILOT-2017007272__F__gpt4o-mini__rep1.json	PILOT-2017007272	F	1	9	2559	1572	1247	435	2.8667	
PILOT-2017007272__F__gpt4o-mini__rep2.json	PILOT-2017007272	F	2	0			None		None	no_gen
PILOT-2017007272__F__gpt5.4__rep0.json	PILOT-2017007272	F	0	20	2559	2647	486	435	1.1172	
PILOT-2017007272__F__gpt5.4__rep1.json	PILOT-2017007272	F	1	11	2559	1505	1187	435	2.7287	
PILOT-2017007272__F__gpt5.4__rep2.json	PILOT-2017007272	F	2	11	2559	1587	1242	435	2.8552	
PILOT-2017007272__F__haiku4.5__rep0.json	PILOT-2017007272	F	0	20	2559	2953	1062	435	2.4414	
PILOT-2017007272__F__haiku4.5__rep1.json	PILOT-2017007272	F	1	20	2559	2542	1001	435	2.3011	
PILOT-2017007272__F__haiku4.5__rep2.json	PILOT-2017007272	F	2	20	2559	2210	937	435	2.154	
PILOT-2017007272__F__sonnet4__rep0.json	PILOT-2017007272	F	0	20	2559	2877	511	435	1.1747	
PILOT-2017007272__F__sonnet4__rep1.json	PILOT-2017007272	F	1	20	2559	2347	1077	435	2.4759	
PILOT-2017007272__F__sonnet4__rep2.json	PILOT-2017007272	F	2	20	2559	2033	791	435	1.8184	
PILOT-2017007272__G__gpt4o-mini__rep0.json	PILOT-2017007272	G	0	12	2559	2033	1183	435	2.7195	
PILOT-2017007272__G__gpt4o-mini__rep1.json	PILOT-2017007272	G	1	7	2559	1235	1519	435	3.492	
PILOT-2017007272__G__gpt4o-mini__rep2.json	PILOT-2017007272	G	2	14	2559	2152	1222	435	2.8092	
PILOT-2017007272__G__gpt5.4__rep0.json	PILOT-2017007272	G	0	13	2559	1742	990	435	2.2759	
PILOT-2017007272__G__gpt5.4__rep1.json	PILOT-2017007272	G	1	11	2559	1501	1192	435	2.7402	
PILOT-2017007272__G__gpt5.4__rep2.json	PILOT-2017007272	G	2	11	2559	1732	1115	435	2.5632	
PILOT-2017007272__G__haiku4.5__rep0.json	PILOT-2017007272	G	0	20	2559	2405	711	435	1.6345	
PILOT-2017007272__G__haiku4.5__rep1.json	PILOT-2017007272	G	1	20	2559	2604	810	435	1.8621	
PILOT-2017007272__G__haiku4.5__rep2.json	PILOT-2017007272	G	2	20	2559	2790	779	435	1.7908	
PILOT-2017007272__G__sonnet4__rep0.json	PILOT-2017007272	G	0	20	2559	2840	891	435	2.0483	
PILOT-2017007272__G__sonnet4__rep1.json	PILOT-2017007272	G	1	20	2559	3129	756	435	1.7379	
PILOT-2017007272__G__sonnet4__rep2.json	PILOT-2017007272	G	2	20	2559	2889	440	435	1.0115	
PILOT-2017007595__F__gpt4o-mini__rep0.json	PILOT-2017007595	F	0	6	11101	2669	8579	3372	2.5442	
PILOT-2017007595__F__gpt4o-mini__rep1.json	PILOT-2017007595	F	1	6	11101	2660	8560	3372	2.5386	
PILOT-2017007595__F__gpt4o-mini__rep2.json	PILOT-2017007595	F	2	6	11101	2635	8539	3372	2.5323	
PILOT-2017007595__F__gpt5.4__rep0.json	PILOT-2017007595	F	0	42	11101	11580	1478	3372	0.4383	
PILOT-2017007595__F__gpt5.4__rep1.json	PILOT-2017007595	F	1	42	11101	11778	1604	3372	0.4757	
PILOT-2017007595__F__gpt5.4__rep2.json	PILOT-2017007595	F	2	42	11101	12037	1563	3372	0.4635	
PILOT-2017007595__F__haiku4.5__rep0.json	PILOT-2017007595	F	0	42	11101	12916	2119	3372	0.6284	
PILOT-2017007595__F__haiku4.5__rep1.json	PILOT-2017007595	F	1	42	11101	4441	7708	3372	2.2859	
PILOT-2017007595__F__haiku4.5__rep2.json	PILOT-2017007595	F	2	42	11101	3391	8272	3372	2.4531	
PILOT-2017007595__F__sonnet4__rep0.json	PILOT-2017007595	F	0	42	11101	11422	555	3372	0.1646	
PILOT-2017007595__F__sonnet4__rep1.json	PILOT-2017007595	F	1	42	11101	11760	871	3372	0.2583	
PILOT-2017007595__F__sonnet4__rep2.json	PILOT-2017007595	F	2	42	11101	11760	871	3372	0.2583	
PILOT-2017007595__G__gpt4o-mini__rep0.json	PILOT-2017007595	G	0	5	11101	2194	8973	3372	2.661	
PILOT-2017007595__G__gpt4o-mini__rep1.json	PILOT-2017007595	G	1	9	11101	3445	7894	3372	2.341	
PILOT-2017007595__G__gpt4o-mini__rep2.json	PILOT-2017007595	G	2	7	11101	3041	8374	3372	2.4834	
PILOT-2017007595__G__gpt5.4__rep0.json	PILOT-2017007595	G	0	42	11101	11912	980	3372	0.2906	
PILOT-2017007595__G__gpt5.4__rep1.json	PILOT-2017007595	G	1	42	11101	11775	839	3372	0.2488	
PILOT-2017007595__G__gpt5.4__rep2.json	PILOT-2017007595	G	2	42	11101	11581	1450	3372	0.43	
PILOT-2017007595__G__haiku4.5__rep0.json	PILOT-2017007595	G	0	42	11101	3260	8188	3372	2.4282	
PILOT-2017007595__G__haiku4.5__rep1.json	PILOT-2017007595	G	1	42	11101	11788	912	3372	0.2705	
PILOT-2017007595__G__haiku4.5__rep2.json	PILOT-2017007595	G	2	42	11101	11796	931	3372	0.2761	
PILOT-2017007595__G__sonnet4__rep0.json	PILOT-2017007595	G	0	42	11101	12108	1215	3372	0.3603	
PILOT-2017007595__G__sonnet4__rep1.json	PILOT-2017007595	G	1	42	11101	11414	549	3372	0.1628	
PILOT-2017007595__G__sonnet4__rep2.json	PILOT-2017007595	G	2	42	11101	12154	1261	3372	0.374	
PILOT-2017009415__F__gpt4o-mini__rep0.json	PILOT-2017009415	F	0	6	3715	1874	1967	973	2.0216	
PILOT-2017009415__F__gpt4o-mini__rep1.json	PILOT-2017009415	F	1	11	3715	3909	830	973	0.853	
PILOT-2017009415__F__gpt4o-mini__rep2.json	PILOT-2017009415	F	2	4	3715	1943	1945	973	1.999	
PILOT-2017009415__F__gpt5.4__rep0.json	PILOT-2017009415	F	0	13	3715	4110	481	973	0.4943	
PILOT-2017009415__F__gpt5.4__rep1.json	PILOT-2017009415	F	1	13	3715	4019	388	973	0.3988	
PILOT-2017009415__F__gpt5.4__rep2.json	PILOT-2017009415	F	2	13	3715	4024	395	973	0.406	
PILOT-2017009415__F__haiku4.5__rep0.json	PILOT-2017009415	F	0	13	3715	4140	956	973	0.9825	
PILOT-2017009415__F__haiku4.5__rep1.json	PILOT-2017009415	F	1	13	3715	4039	462	973	0.4748	
PILOT-2017009415__F__haiku4.5__rep2.json	PILOT-2017009415	F	2	13	3715	3647	491	973	0.5046	
PILOT-2017009415__F__sonnet4__rep0.json	PILOT-2017009415	F	0	13	3715	4271	640	973	0.6578	
PILOT-2017009415__F__sonnet4__rep1.json	PILOT-2017009415	F	1	13	3715	3756	176	973	0.1809	
PILOT-2017009415__F__sonnet4__rep2.json	PILOT-2017009415	F	2	13	3715	3945	318	973	0.3268	
PILOT-2017009415__G__gpt4o-mini__rep0.json	PILOT-2017009415	G	0	6	3715	1877	1938	973	1.9918	
PILOT-2017009415__G__gpt4o-mini__rep1.json	PILOT-2017009415	G	1	13	3715	3679	105	973	0.1079	
PILOT-2017009415__G__gpt4o-mini__rep2.json	PILOT-2017009415	G	2	11	3715	3384	452	973	0.4645	
PILOT-2017009415__G__gpt5.4__rep0.json	PILOT-2017009415	G	0	13	3715	3591	413	973	0.4245	
PILOT-2017009415__G__gpt5.4__rep1.json	PILOT-2017009415	G	1	13	3715	3733	634	973	0.6516	
PILOT-2017009415__G__gpt5.4__rep2.json	PILOT-2017009415	G	2	13	3715	4342	1119	973	1.1501	
PILOT-2017009415__G__haiku4.5__rep0.json	PILOT-2017009415	G	0	13	3715	3684	524	973	0.5385	
PILOT-2017009415__G__haiku4.5__rep1.json	PILOT-2017009415	G	1	13	3715	3697	510	973	0.5242	
PILOT-2017009415__G__haiku4.5__rep2.json	PILOT-2017009415	G	2	13	3715	3750	179	973	0.184	
PILOT-2017009415__G__sonnet4__rep0.json	PILOT-2017009415	G	0	13	3715	3766	186	973	0.1912	
PILOT-2017009415__G__sonnet4__rep1.json	PILOT-2017009415	G	1	13	3715	3789	158	973	0.1624	
PILOT-2017009415__G__sonnet4__rep2.json	PILOT-2017009415	G	2	13	3715	3758	178	973	0.1829	
PILOT-2017010497__F__gpt4o-mini__rep0.json	PILOT-2017010497	F	0	0			None		None	no_gen
PILOT-2017010497__F__gpt4o-mini__rep1.json	PILOT-2017010497	F	1	0			None		None	no_gen
PILOT-2017010497__F__gpt4o-mini__rep2.json	PILOT-2017010497	F	2	0			None		None	no_gen
PILOT-2017010497__F__gpt5.4__rep0.json	PILOT-2017010497	F	0	13	5060	4389	2416	1110	2.1766	
PILOT-2017010497__F__gpt5.4__rep1.json	PILOT-2017010497	F	1	13	5060	3729	2249	1110	2.0261	
PILOT-2017010497__F__gpt5.4__rep2.json	PILOT-2017010497	F	2	13	5060	3435	2181	1110	1.9649	
PILOT-2017010497__F__haiku4.5__rep0.json	PILOT-2017010497	F	0	13	5060	4303	2285	1110	2.0586	
PILOT-2017010497__F__haiku4.5__rep1.json	PILOT-2017010497	F	1	13	5060	4088	2423	1110	2.1829	
PILOT-2017010497__F__haiku4.5__rep2.json	PILOT-2017010497	F	2	13	5060	4245	2226	1110	2.0054	
PILOT-2017010497__F__sonnet4__rep0.json	PILOT-2017010497	F	0	16	5060	4632	1491	1110	1.3432	
PILOT-2017010497__F__sonnet4__rep1.json	PILOT-2017010497	F	1	13	5060	3534	1863	1110	1.6784	
PILOT-2017010497__F__sonnet4__rep2.json	PILOT-2017010497	F	2	16	5060	4656	1507	1110	1.3577	
PILOT-2017010497__G__gpt4o-mini__rep0.json	PILOT-2017010497	G	0	0			None		None	no_gen
PILOT-2017010497__G__gpt4o-mini__rep1.json	PILOT-2017010497	G	1	13	5060	3458	1835	1110	1.6532	
PILOT-2017010497__G__gpt4o-mini__rep2.json	PILOT-2017010497	G	2	0			None		None	no_gen
PILOT-2017010497__G__gpt5.4__rep0.json	PILOT-2017010497	G	0	13	5060	3420	2190	1110	1.973	
PILOT-2017010497__G__gpt5.4__rep1.json	PILOT-2017010497	G	1	13	5060	3521	2116	1110	1.9063	
PILOT-2017010497__G__gpt5.4__rep2.json	PILOT-2017010497	G	2	13	5060	3459	2045	1110	1.8423	
PILOT-2017010497__G__haiku4.5__rep0.json	PILOT-2017010497	G	0	13	5060	4439	2271	1110	2.0459	
PILOT-2017010497__G__haiku4.5__rep1.json	PILOT-2017010497	G	1	13	5060	4093	2326	1110	2.0955	
PILOT-2017010497__G__haiku4.5__rep2.json	PILOT-2017010497	G	2	13	5060	4544	2319	1110	2.0892	
PILOT-2017010497__G__sonnet4__rep0.json	PILOT-2017010497	G	0	17	5060	3924	2184	1110	1.9676	
PILOT-2017010497__G__sonnet4__rep1.json	PILOT-2017010497	G	1	13	5060	3966	1922	1110	1.7315	
PILOT-2017010497__G__sonnet4__rep2.json	PILOT-2017010497	G	2	16	5060	4387	1585	1110	1.4279	
PILOT-2017010632__F__gpt4o-mini__rep0.json	PILOT-2017010632	F	0	0			None		None	no_gen
PILOT-2017010632__F__gpt4o-mini__rep1.json	PILOT-2017010632	F	1	0			None		None	no_gen
PILOT-2017010632__F__gpt4o-mini__rep2.json	PILOT-2017010632	F	2	2	9700	2176	7528	1340	5.6179	
PILOT-2017010632__F__gpt5.4__rep0.json	PILOT-2017010632	F	0	20	9700	10109	1070	1340	0.7985	
PILOT-2017010632__F__gpt5.4__rep1.json	PILOT-2017010632	F	1	20	9700	9803	1060	1340	0.791	
PILOT-2017010632__F__gpt5.4__rep2.json	PILOT-2017010632	F	2	2	9700	2268	7432	1340	5.5463	
PILOT-2017010632__F__haiku4.5__rep0.json	PILOT-2017010632	F	0	20	9700	11547	2683	1340	2.0022	
PILOT-2017010632__F__haiku4.5__rep1.json	PILOT-2017010632	F	1	20	9700	10074	1412	1340	1.0537	
PILOT-2017010632__F__haiku4.5__rep2.json	PILOT-2017010632	F	2	20	9700	10282	1622	1340	1.2104	
PILOT-2017010632__F__sonnet4__rep0.json	PILOT-2017010632	F	0	20	9700	9635	1203	1340	0.8978	
PILOT-2017010632__F__sonnet4__rep1.json	PILOT-2017010632	F	1	20	9700	9641	1209	1340	0.9022	
PILOT-2017010632__F__sonnet4__rep2.json	PILOT-2017010632	F	2	20	9700	9641	1209	1340	0.9022	
PILOT-2017010632__G__gpt4o-mini__rep0.json	PILOT-2017010632	G	0	0			None		None	no_gen
PILOT-2017010632__G__gpt4o-mini__rep1.json	PILOT-2017010632	G	1	2	9700	2129	7574	1340	5.6522	
PILOT-2017010632__G__gpt4o-mini__rep2.json	PILOT-2017010632	G	2	2	9700	2258	7477	1340	5.5799	
PILOT-2017010632__G__gpt5.4__rep0.json	PILOT-2017010632	G	0	20	9700	10114	1075	1340	0.8022	
PILOT-2017010632__G__gpt5.4__rep1.json	PILOT-2017010632	G	1	20	9700	9738	1081	1340	0.8067	
PILOT-2017010632__G__gpt5.4__rep2.json	PILOT-2017010632	G	2	20	9700	9522	1421	1340	1.0604	
PILOT-2017010632__G__haiku4.5__rep0.json	PILOT-2017010632	G	0	20	9700	3607	6437	1340	4.8037	
PILOT-2017010632__G__haiku4.5__rep1.json	PILOT-2017010632	G	1	20	9700	3288	6629	1340	4.947	
PILOT-2017010632__G__haiku4.5__rep2.json	PILOT-2017010632	G	2	20	9700	5268	5218	1340	3.894	
PILOT-2017010632__G__sonnet4__rep0.json	PILOT-2017010632	G	0	20	9700	9913	1144	1340	0.8537	
PILOT-2017010632__G__sonnet4__rep1.json	PILOT-2017010632	G	1	20	9700	9921	1293	1340	0.9649	
PILOT-2017010632__G__sonnet4__rep2.json	PILOT-2017010632	G	2	20	9700	10066	1273	1340	0.95	
PILOT-2018000427__F__gpt4o-mini__rep0.json	PILOT-2018000427	F	0	0			None		None	no_gen
PILOT-2018000427__F__gpt4o-mini__rep1.json	PILOT-2018000427	F	1	0			None		None	no_gen
PILOT-2018000427__F__gpt4o-mini__rep2.json	PILOT-2018000427	F	2	0			None		None	no_gen
PILOT-2018000427__F__gpt5.4__rep0.json	PILOT-2018000427	F	0	2	4938	1278	3742	580	6.4517	
PILOT-2018000427__F__gpt5.4__rep1.json	PILOT-2018000427	F	1	2	4938	1247	3711	580	6.3983	
PILOT-2018000427__F__gpt5.4__rep2.json	PILOT-2018000427	F	2	2	4938	1247	3711	580	6.3983	
PILOT-2018000427__F__haiku4.5__rep0.json	PILOT-2018000427	F	0	12	4938	3545	1707	580	2.9431	
PILOT-2018000427__F__haiku4.5__rep1.json	PILOT-2018000427	F	1	12	4938	3624	1712	580	2.9517	
PILOT-2018000427__F__haiku4.5__rep2.json	PILOT-2018000427	F	2	12	4938	3555	1704	580	2.9379	
PILOT-2018000427__F__sonnet4__rep0.json	PILOT-2018000427	F	0	2	4938	1505	3712	580	6.4	
PILOT-2018000427__F__sonnet4__rep1.json	PILOT-2018000427	F	1	2	4938	1439	3670	580	6.3276	
PILOT-2018000427__F__sonnet4__rep2.json	PILOT-2018000427	F	2	2	4938	1439	3670	580	6.3276	
PILOT-2018000427__G__gpt4o-mini__rep0.json	PILOT-2018000427	G	0	0			None		None	no_gen
PILOT-2018000427__G__gpt4o-mini__rep1.json	PILOT-2018000427	G	1	0			None		None	no_gen
PILOT-2018000427__G__gpt4o-mini__rep2.json	PILOT-2018000427	G	2	0			None		None	no_gen
PILOT-2018000427__G__gpt5.4__rep0.json	PILOT-2018000427	G	0	2	4938	1297	3664	580	6.3172	
PILOT-2018000427__G__gpt5.4__rep1.json	PILOT-2018000427	G	1	2	4938	1454	3707	580	6.3914	
PILOT-2018000427__G__gpt5.4__rep2.json	PILOT-2018000427	G	2	2	4938	1270	3734	580	6.4379	
PILOT-2018000427__G__haiku4.5__rep0.json	PILOT-2018000427	G	0	12	4938	3875	1778	580	3.0655	
PILOT-2018000427__G__haiku4.5__rep1.json	PILOT-2018000427	G	1	12	4938	3535	1690	580	2.9138	
PILOT-2018000427__G__haiku4.5__rep2.json	PILOT-2018000427	G	2	2	4938	1407	3773	580	6.5052	
PILOT-2018000427__G__sonnet4__rep0.json	PILOT-2018000427	G	0	2	4938	1430	3699	580	6.3776	
PILOT-2018000427__G__sonnet4__rep1.json	PILOT-2018000427	G	1	2	4938	1549	3657	580	6.3052	
PILOT-2018000427__G__sonnet4__rep2.json	PILOT-2018000427	G	2	2	4938	1409	3735	580	6.4397	
PILOT-2018001232__F__gpt4o-mini__rep0.json	PILOT-2018001232	F	0	2	3733	854	2886	793	3.6393	
PILOT-2018001232__F__gpt4o-mini__rep1.json	PILOT-2018001232	F	1	2	3733	885	2900	793	3.657	
PILOT-2018001232__F__gpt4o-mini__rep2.json	PILOT-2018001232	F	2	2	3733	650	3092	793	3.8991	
PILOT-2018001232__F__gpt5.4__rep0.json	PILOT-2018001232	F	0	20	3733	3895	258	793	0.3253	
PILOT-2018001232__F__gpt5.4__rep1.json	PILOT-2018001232	F	1	20	3733	3905	268	793	0.338	
PILOT-2018001232__F__gpt5.4__rep2.json	PILOT-2018001232	F	2	20	3733	3935	298	793	0.3758	
PILOT-2018001232__F__haiku4.5__rep0.json	PILOT-2018001232	F	0	20	3733	4720	1083	793	1.3657	
PILOT-2018001232__F__haiku4.5__rep1.json	PILOT-2018001232	F	1	15	3733	3639	1014	793	1.2787	
PILOT-2018001232__F__haiku4.5__rep2.json	PILOT-2018001232	F	2	20	3733	3504	1067	793	1.3455	
PILOT-2018001232__F__sonnet4__rep0.json	PILOT-2018001232	F	0	20	3733	3935	298	793	0.3758	
PILOT-2018001232__F__sonnet4__rep1.json	PILOT-2018001232	F	1	20	3733	3935	298	793	0.3758	
PILOT-2018001232__F__sonnet4__rep2.json	PILOT-2018001232	F	2	20	3733	3935	298	793	0.3758	
PILOT-2018001232__G__gpt4o-mini__rep0.json	PILOT-2018001232	G	0	5	3733	1190	2662	793	3.3569	
PILOT-2018001232__G__gpt4o-mini__rep1.json	PILOT-2018001232	G	1	4	3733	632	3114	793	3.9269	
PILOT-2018001232__G__gpt4o-mini__rep2.json	PILOT-2018001232	G	2	2	3733	783	2978	793	3.7554	
PILOT-2018001232__G__gpt5.4__rep0.json	PILOT-2018001232	G	0	20	3733	3935	298	793	0.3758	
PILOT-2018001232__G__gpt5.4__rep1.json	PILOT-2018001232	G	1	20	3733	4294	657	793	0.8285	
PILOT-2018001232__G__gpt5.4__rep2.json	PILOT-2018001232	G	2	20	3733	5035	1440	793	1.8159	
PILOT-2018001232__G__haiku4.5__rep0.json	PILOT-2018001232	G	0	20	3733	4235	1258	793	1.5864	
PILOT-2018001232__G__haiku4.5__rep1.json	PILOT-2018001232	G	1	20	3733	4955	1259	793	1.5876	
PILOT-2018001232__G__haiku4.5__rep2.json	PILOT-2018001232	G	2	20	3733	5091	1393	793	1.7566	
PILOT-2018001232__G__sonnet4__rep0.json	PILOT-2018001232	G	0	20	3733	4180	543	793	0.6847	
PILOT-2018001232__G__sonnet4__rep1.json	PILOT-2018001232	G	1	20	3733	3865	228	793	0.2875	
PILOT-2018001232__G__sonnet4__rep2.json	PILOT-2018001232	G	2	20	3733	4180	543	793	0.6847	
PILOT-2018003513__F__gpt4o-mini__rep0.json	PILOT-2018003513	F	0	7	11037	2203	8900	3486	2.5531	
PILOT-2018003513__F__gpt4o-mini__rep1.json	PILOT-2018003513	F	1	10	11037	2030	9030	3486	2.5904	
PILOT-2018003513__F__gpt4o-mini__rep2.json	PILOT-2018003513	F	2	6	11037	1349	9728	3486	2.7906	
PILOT-2018003513__F__gpt5.4__rep0.json	PILOT-2018003513	F	0	25	11037	8910	4123	3486	1.1827	
PILOT-2018003513__F__gpt5.4__rep1.json	PILOT-2018003513	F	1	25	11037	3949	7499	3486	2.1512	
PILOT-2018003513__F__gpt5.4__rep2.json	PILOT-2018003513	F	2	25	11037	8917	4165	3486	1.1948	
PILOT-2018003513__F__haiku4.5__rep0.json	PILOT-2018003513	F	0	25	11037	6044	5301	3486	1.5207	
PILOT-2018003513__F__haiku4.5__rep1.json	PILOT-2018003513	F	1	26	11037	5711	5502	3486	1.5783	
PILOT-2018003513__F__haiku4.5__rep2.json	PILOT-2018003513	F	2	25	11037	5387	6130	3486	1.7585	
PILOT-2018003513__F__sonnet4__rep0.json	PILOT-2018003513	F	0	25	11037	3601	7604	3486	2.1813	
PILOT-2018003513__F__sonnet4__rep1.json	PILOT-2018003513	F	1	25	11037	3532	7704	3486	2.21	
PILOT-2018003513__F__sonnet4__rep2.json	PILOT-2018003513	F	2	25	11037	3572	7617	3486	2.185	
PILOT-2018003513__G__gpt4o-mini__rep0.json	PILOT-2018003513	G	0	11	11037	2371	8798	3486	2.5238	
PILOT-2018003513__G__gpt4o-mini__rep1.json	PILOT-2018003513	G	1	7	11037	1796	9251	3486	2.6538	
PILOT-2018003513__G__gpt4o-mini__rep2.json	PILOT-2018003513	G	2	10	11037	2272	8860	3486	2.5416	
PILOT-2018003513__G__gpt5.4__rep0.json	PILOT-2018003513	G	0	25	11037	5342	5817	3486	1.6687	
PILOT-2018003513__G__gpt5.4__rep1.json	PILOT-2018003513	G	1	25	11037	3772	7610	3486	2.183	
PILOT-2018003513__G__gpt5.4__rep2.json	PILOT-2018003513	G	2	25	11037	8839	4122	3486	1.1824	
PILOT-2018003513__G__haiku4.5__rep0.json	PILOT-2018003513	G	0	26	11037	3229	7870	3486	2.2576	
PILOT-2018003513__G__haiku4.5__rep1.json	PILOT-2018003513	G	1	25	11037	3555	7556	3486	2.1675	
PILOT-2018003513__G__haiku4.5__rep2.json	PILOT-2018003513	G	2	26	11037	3351	7751	3486	2.2235	
PILOT-2018003513__G__sonnet4__rep0.json	PILOT-2018003513	G	0	25	11037	3441	7744	3486	2.2215	
PILOT-2018003513__G__sonnet4__rep1.json	PILOT-2018003513	G	1	25	11037	5441	5651	3486	1.6211	
PILOT-2018003513__G__sonnet4__rep2.json	PILOT-2018003513	G	2	25	11037	3558	7599	3486	2.1799	
PILOT-2018005420__F__gpt4o-mini__rep0.json	PILOT-2018005420	F	0	25	8113	8045	262	2586	0.1013	
PILOT-2018005420__F__gpt4o-mini__rep1.json	PILOT-2018005420	F	1	25	8113	8120	323	2586	0.1249	
PILOT-2018005420__F__gpt4o-mini__rep2.json	PILOT-2018005420	F	2	25	8113	8092	323	2586	0.1249	
PILOT-2018005420__F__gpt5.4__rep0.json	PILOT-2018005420	F	0	25	8113	8529	825	2586	0.319	
PILOT-2018005420__F__gpt5.4__rep1.json	PILOT-2018005420	F	1	25	8113	8074	401	2586	0.1551	
PILOT-2018005420__F__gpt5.4__rep2.json	PILOT-2018005420	F	2	25	8113	8099	401	2586	0.1551	
PILOT-2018005420__F__haiku4.5__rep0.json	PILOT-2018005420	F	0	25	8113	8820	991	2586	0.3832	
PILOT-2018005420__F__haiku4.5__rep1.json	PILOT-2018005420	F	1	25	8113	8310	513	2586	0.1984	
PILOT-2018005420__F__haiku4.5__rep2.json	PILOT-2018005420	F	2	25	8113	7164	1464	2586	0.5661	
PILOT-2018005420__F__sonnet4__rep0.json	PILOT-2018005420	F	0	25	8113	8623	819	2586	0.3167	
PILOT-2018005420__F__sonnet4__rep1.json	PILOT-2018005420	F	1	25	8113	8157	360	2586	0.1392	
PILOT-2018005420__F__sonnet4__rep2.json	PILOT-2018005420	F	2	25	8113	8175	378	2586	0.1462	
PILOT-2018005420__G__gpt4o-mini__rep0.json	PILOT-2018005420	G	0	25	8113	8102	305	2586	0.1179	
PILOT-2018005420__G__gpt4o-mini__rep1.json	PILOT-2018005420	G	1	25	8113	8125	328	2586	0.1268	
PILOT-2018005420__G__gpt4o-mini__rep2.json	PILOT-2018005420	G	2	25	8113	8242	445	2586	0.1721	
PILOT-2018005420__G__gpt5.4__rep0.json	PILOT-2018005420	G	0	25	8113	8520	812	2586	0.314	
PILOT-2018005420__G__gpt5.4__rep1.json	PILOT-2018005420	G	1	25	8113	8141	357	2586	0.1381	
PILOT-2018005420__G__gpt5.4__rep2.json	PILOT-2018005420	G	2	25	8113	8901	1233	2586	0.4768	
PILOT-2018005420__G__haiku4.5__rep0.json	PILOT-2018005420	G	0	25	8113	8003	355	2586	0.1373	
PILOT-2018005420__G__haiku4.5__rep1.json	PILOT-2018005420	G	1	25	8113	7975	360	2586	0.1392	
PILOT-2018005420__G__haiku4.5__rep2.json	PILOT-2018005420	G	2	25	8113	8003	355	2586	0.1373	
PILOT-2018005420__G__sonnet4__rep0.json	PILOT-2018005420	G	0	25	8113	8466	669	2586	0.2587	
PILOT-2018005420__G__sonnet4__rep1.json	PILOT-2018005420	G	1	25	8113	8466	669	2586	0.2587	
PILOT-2018005420__G__sonnet4__rep2.json	PILOT-2018005420	G	2	25	8113	8083	286	2586	0.1106	
PILOT-2018005863__F__gpt4o-mini__rep0.json	PILOT-2018005863	F	0	11	8120	4294	4534	1563	2.9008	
PILOT-2018005863__F__gpt4o-mini__rep1.json	PILOT-2018005863	F	1	5	8120	2007	6209	1563	3.9725	
PILOT-2018005863__F__gpt4o-mini__rep2.json	PILOT-2018005863	F	2	9	8120	3906	4682	1563	2.9955	
PILOT-2018005863__F__gpt5.4__rep0.json	PILOT-2018005863	F	0	25	8120	8151	810	1563	0.5182	
PILOT-2018005863__F__gpt5.4__rep1.json	PILOT-2018005863	F	1	25	8120	8090	817	1563	0.5227	
PILOT-2018005863__F__gpt5.4__rep2.json	PILOT-2018005863	F	2	25	8120	8232	876	1563	0.5605	
PILOT-2018005863__F__haiku4.5__rep0.json	PILOT-2018005863	F	0	25	8120	8130	830	1563	0.531	
PILOT-2018005863__F__haiku4.5__rep1.json	PILOT-2018005863	F	1	25	8120	8119	674	1563	0.4312	
PILOT-2018005863__F__haiku4.5__rep2.json	PILOT-2018005863	F	2	25	8120	9071	1590	1563	1.0173	
PILOT-2018005863__F__sonnet4__rep0.json	PILOT-2018005863	F	0	25	8120	8025	615	1563	0.3935	
PILOT-2018005863__F__sonnet4__rep1.json	PILOT-2018005863	F	1	25	8120	8240	831	1563	0.5317	
PILOT-2018005863__F__sonnet4__rep2.json	PILOT-2018005863	F	2	25	8120	8370	934	1563	0.5976	
PILOT-2018005863__G__gpt4o-mini__rep0.json	PILOT-2018005863	G	0	17	8120	5907	2751	1563	1.7601	
PILOT-2018005863__G__gpt4o-mini__rep1.json	PILOT-2018005863	G	1	0			None		None	no_gen
PILOT-2018005863__G__gpt4o-mini__rep2.json	PILOT-2018005863	G	2	0			None		None	no_gen
PILOT-2018005863__G__gpt5.4__rep0.json	PILOT-2018005863	G	0	25	8120	7928	645	1563	0.4127	
PILOT-2018005863__G__gpt5.4__rep1.json	PILOT-2018005863	G	1	25	8120	8109	842	1563	0.5387	
PILOT-2018005863__G__gpt5.4__rep2.json	PILOT-2018005863	G	2	25	8120	8254	925	1563	0.5918	
PILOT-2018005863__G__haiku4.5__rep0.json	PILOT-2018005863	G	0	25	8120	8853	1465	1563	0.9373	
PILOT-2018005863__G__haiku4.5__rep1.json	PILOT-2018005863	G	1	25	8120	9092	1485	1563	0.9501	
PILOT-2018005863__G__haiku4.5__rep2.json	PILOT-2018005863	G	2	25	8120	9272	1949	1563	1.247	
PILOT-2018005863__G__sonnet4__rep0.json	PILOT-2018005863	G	0	25	8120	8444	1059	1563	0.6775	
PILOT-2018005863__G__sonnet4__rep1.json	PILOT-2018005863	G	1	25	8120	8165	790	1563	0.5054	
PILOT-2018005863__G__sonnet4__rep2.json	PILOT-2018005863	G	2	25	8120	8242	857	1563	0.5483	
PILOT-2018007886__F__gpt4o-mini__rep0.json	PILOT-2018007886	F	0	7	4635	2389	2392	863	2.7717	
PILOT-2018007886__F__gpt4o-mini__rep1.json	PILOT-2018007886	F	1	7	4635	2774	2527	863	2.9282	
PILOT-2018007886__F__gpt4o-mini__rep2.json	PILOT-2018007886	F	2	6	4635	2727	2658	863	3.08	
PILOT-2018007886__F__gpt5.4__rep0.json	PILOT-2018007886	F	0	16	4635	5341	706	863	0.8181	
PILOT-2018007886__F__gpt5.4__rep1.json	PILOT-2018007886	F	1	7	4635	3286	2498	863	2.8946	
PILOT-2018007886__F__gpt5.4__rep2.json	PILOT-2018007886	F	2	16	4635	4777	142	863	0.1645	
PILOT-2018007886__F__haiku4.5__rep0.json	PILOT-2018007886	F	0	6	4635	2810	2500	863	2.8969	
PILOT-2018007886__F__haiku4.5__rep1.json	PILOT-2018007886	F	1	6	4635	2597	2631	863	3.0487	
PILOT-2018007886__F__haiku4.5__rep2.json	PILOT-2018007886	F	2	6	4635	2840	2505	863	2.9027	
PILOT-2018007886__F__sonnet4__rep0.json	PILOT-2018007886	F	0	6	4635	2946	2537	863	2.9397	
PILOT-2018007886__F__sonnet4__rep1.json	PILOT-2018007886	F	1	16	4635	5674	1039	863	1.2039	
PILOT-2018007886__F__sonnet4__rep2.json	PILOT-2018007886	F	2	16	4635	5549	914	863	1.0591	
PILOT-2018007886__G__gpt4o-mini__rep0.json	PILOT-2018007886	G	0	0			None		None	no_gen
PILOT-2018007886__G__gpt4o-mini__rep1.json	PILOT-2018007886	G	1	5	4635	2058	2846	863	3.2978	
PILOT-2018007886__G__gpt4o-mini__rep2.json	PILOT-2018007886	G	2	0			None		None	no_gen
PILOT-2018007886__G__gpt5.4__rep0.json	PILOT-2018007886	G	0	7	4635	3213	2438	863	2.825	
PILOT-2018007886__G__gpt5.4__rep1.json	PILOT-2018007886	G	1	7	4635	2912	2451	863	2.8401	
PILOT-2018007886__G__gpt5.4__rep2.json	PILOT-2018007886	G	2	16	4635	5339	704	863	0.8158	
PILOT-2018007886__G__haiku4.5__rep0.json	PILOT-2018007886	G	0	6	4635	2745	2512	863	2.9108	
PILOT-2018007886__G__haiku4.5__rep1.json	PILOT-2018007886	G	1	6	4635	2797	2573	863	2.9815	
PILOT-2018007886__G__haiku4.5__rep2.json	PILOT-2018007886	G	2	6	4635	2811	2619	863	3.0348	
PILOT-2018007886__G__sonnet4__rep0.json	PILOT-2018007886	G	0	16	4635	5611	976	863	1.1309	
PILOT-2018007886__G__sonnet4__rep1.json	PILOT-2018007886	G	1	16	4635	5054	444	863	0.5145	
PILOT-2018007886__G__sonnet4__rep2.json	PILOT-2018007886	G	2	16	4635	5208	573	863	0.664	
PILOT-2018007979__F__gpt4o-mini__rep0.json	PILOT-2018007979	F	0	3	4163	4122	83	2669	0.0311	
PILOT-2018007979__F__gpt4o-mini__rep1.json	PILOT-2018007979	F	1	3	4163	4139	96	2669	0.036	
PILOT-2018007979__F__gpt4o-mini__rep2.json	PILOT-2018007979	F	2	3	4163	4115	72	2669	0.027	
PILOT-2018007979__F__gpt5.4__rep0.json	PILOT-2018007979	F	0	3	4163	4886	747	2669	0.2799	
PILOT-2018007979__F__gpt5.4__rep1.json	PILOT-2018007979	F	1	3	4163	4331	168	2669	0.0629	
PILOT-2018007979__F__gpt5.4__rep2.json	PILOT-2018007979	F	2	3	4163	4715	552	2669	0.2068	
PILOT-2018007979__F__haiku4.5__rep0.json	PILOT-2018007979	F	0	3	4163	4180	649	2669	0.2432	
PILOT-2018007979__F__haiku4.5__rep1.json	PILOT-2018007979	F	1	3	4163	4509	815	2669	0.3054	
PILOT-2018007979__F__haiku4.5__rep2.json	PILOT-2018007979	F	2	3	4163	4033	519	2669	0.1945	
PILOT-2018007979__F__sonnet4__rep0.json	PILOT-2018007979	F	0	3	4163	4429	386	2669	0.1446	
PILOT-2018007979__F__sonnet4__rep1.json	PILOT-2018007979	F	1	3	4163	4528	485	2669	0.1817	
PILOT-2018007979__F__sonnet4__rep2.json	PILOT-2018007979	F	2	3	4163	4460	417	2669	0.1562	
PILOT-2018007979__G__gpt4o-mini__rep0.json	PILOT-2018007979	G	0	3	4163	4227	184	2669	0.0689	
PILOT-2018007979__G__gpt4o-mini__rep1.json	PILOT-2018007979	G	1	3	4163	3749	898	2669	0.3365	
PILOT-2018007979__G__gpt4o-mini__rep2.json	PILOT-2018007979	G	2	0			None		None	no_gen
PILOT-2018007979__G__gpt5.4__rep0.json	PILOT-2018007979	G	0	3	4163	4712	549	2669	0.2057	
PILOT-2018007979__G__gpt5.4__rep1.json	PILOT-2018007979	G	1	3	4163	4811	747	2669	0.2799	
PILOT-2018007979__G__gpt5.4__rep2.json	PILOT-2018007979	G	2	3	4163	4712	549	2669	0.2057	
PILOT-2018007979__G__haiku4.5__rep0.json	PILOT-2018007979	G	0	3	4163	4836	1070	2669	0.4009	
PILOT-2018007979__G__haiku4.5__rep1.json	PILOT-2018007979	G	1	3	4163	4247	204	2669	0.0764	
PILOT-2018007979__G__haiku4.5__rep2.json	PILOT-2018007979	G	2	3	4163	3942	367	2669	0.1375	
PILOT-2018007979__G__sonnet4__rep0.json	PILOT-2018007979	G	0	3	4163	4460	417	2669	0.1562	
PILOT-2018007979__G__sonnet4__rep1.json	PILOT-2018007979	G	1	3	4163	4427	384	2669	0.1439	
PILOT-2018007979__G__sonnet4__rep2.json	PILOT-2018007979	G	2	3	4163	4460	417	2669	0.1562	
PILOT-2019001867__F__gpt4o-mini__rep0.json	PILOT-2019001867	F	0	0			None		None	no_gen
PILOT-2019001867__F__gpt4o-mini__rep1.json	PILOT-2019001867	F	1	0			None		None	no_gen
PILOT-2019001867__F__gpt4o-mini__rep2.json	PILOT-2019001867	F	2	23	10769	10690	133	6264	0.0212	
PILOT-2019001867__F__gpt5.4__rep0.json	PILOT-2019001867	F	0	23	10769	10685	841	6264	0.1343	
PILOT-2019001867__F__gpt5.4__rep1.json	PILOT-2019001867	F	1	23	10769	10690	831	6264	0.1327	
PILOT-2019001867__F__gpt5.4__rep2.json	PILOT-2019001867	F	2	23	10769	10692	884	6264	0.1411	
PILOT-2019001867__F__haiku4.5__rep0.json	PILOT-2019001867	F	0	23	10769	10555	1486	6264	0.2372	
PILOT-2019001867__F__haiku4.5__rep1.json	PILOT-2019001867	F	1	23	10769	10547	1494	6264	0.2385	
PILOT-2019001867__F__haiku4.5__rep2.json	PILOT-2019001867	F	2	23	10769	10548	1494	6264	0.2385	
PILOT-2019001867__F__sonnet4__rep0.json	PILOT-2019001867	F	0	23	10769	10913	428	6264	0.0683	
PILOT-2019001867__F__sonnet4__rep1.json	PILOT-2019001867	F	1	23	10769	10913	428	6264	0.0683	
PILOT-2019001867__F__sonnet4__rep2.json	PILOT-2019001867	F	2	23	10769	10913	428	6264	0.0683	
PILOT-2019001867__G__gpt4o-mini__rep0.json	PILOT-2019001867	G	0	23	10769	10687	131	6264	0.0209	
PILOT-2019001867__G__gpt4o-mini__rep1.json	PILOT-2019001867	G	1	23	10769	10608	581	6264	0.0928	
PILOT-2019001867__G__gpt4o-mini__rep2.json	PILOT-2019001867	G	2	23	10769	10687	131	6264	0.0209	
PILOT-2019001867__G__gpt5.4__rep0.json	PILOT-2019001867	G	0	23	10769	10688	263	6264	0.042	
PILOT-2019001867__G__gpt5.4__rep1.json	PILOT-2019001867	G	1	23	10769	11301	989	6264	0.1579	
PILOT-2019001867__G__gpt5.4__rep2.json	PILOT-2019001867	G	2	23	10769	10931	393	6264	0.0627	
PILOT-2019001867__G__haiku4.5__rep0.json	PILOT-2019001867	G	0	23	10769	10666	1525	6264	0.2435	
PILOT-2019001867__G__haiku4.5__rep1.json	PILOT-2019001867	G	1	23	10769	10674	1507	6264	0.2406	
PILOT-2019001867__G__haiku4.5__rep2.json	PILOT-2019001867	G	2	23	10769	10674	1507	6264	0.2406	
PILOT-2019001867__G__sonnet4__rep0.json	PILOT-2019001867	G	0	23	10769	10784	299	6264	0.0477	
PILOT-2019001867__G__sonnet4__rep1.json	PILOT-2019001867	G	1	23	10769	10784	299	6264	0.0477	
PILOT-2019001867__G__sonnet4__rep2.json	PILOT-2019001867	G	2	23	10769	10784	299	6264	0.0477	
PILOT-2019002001__F__gpt4o-mini__rep0.json	PILOT-2019002001	F	0	0			None		None	no_gen
PILOT-2019002001__F__gpt4o-mini__rep1.json	PILOT-2019002001	F	1	6	6327	1877	4568	2187	2.0887	
PILOT-2019002001__F__gpt4o-mini__rep2.json	PILOT-2019002001	F	2	6	6327	1886	4560	2187	2.085	
PILOT-2019002001__F__gpt5.4__rep0.json	PILOT-2019002001	F	0	20	6327	7233	1435	2187	0.6561	
PILOT-2019002001__F__gpt5.4__rep1.json	PILOT-2019002001	F	1	20	6327	7030	1325	2187	0.6059	
PILOT-2019002001__F__gpt5.4__rep2.json	PILOT-2019002001	F	2	20	6327	6804	1326	2187	0.6063	
PILOT-2019002001__F__haiku4.5__rep0.json	PILOT-2019002001	F	0	20	6327	7064	1419	2187	0.6488	
PILOT-2019002001__F__haiku4.5__rep1.json	PILOT-2019002001	F	1	20	6327	7344	1680	2187	0.7682	
PILOT-2019002001__F__haiku4.5__rep2.json	PILOT-2019002001	F	2	20	6327	7293	1671	2187	0.7641	
PILOT-2019002001__F__sonnet4__rep0.json	PILOT-2019002001	F	0	20	6327	6199	554	2187	0.2533	
PILOT-2019002001__F__sonnet4__rep1.json	PILOT-2019002001	F	1	20	6327	8374	2652	2187	1.2126	
PILOT-2019002001__F__sonnet4__rep2.json	PILOT-2019002001	F	2	20	6327	6601	937	2187	0.4284	
PILOT-2019002001__G__gpt4o-mini__rep0.json	PILOT-2019002001	G	0	7	6327	2316	4152	2187	1.8985	
PILOT-2019002001__G__gpt4o-mini__rep1.json	PILOT-2019002001	G	1	5	6327	2328	4102	2187	1.8756	
PILOT-2019002001__G__gpt4o-mini__rep2.json	PILOT-2019002001	G	2	6	6327	1877	4568	2187	2.0887	
PILOT-2019002001__G__gpt5.4__rep0.json	PILOT-2019002001	G	0	11	6327	4332	2843	2187	1.3	
PILOT-2019002001__G__gpt5.4__rep1.json	PILOT-2019002001	G	1	6	6327	3426	3730	2187	1.7055	
PILOT-2019002001__G__gpt5.4__rep2.json	PILOT-2019002001	G	2	7	6327	2883	4042	2187	1.8482	
PILOT-2019002001__G__haiku4.5__rep0.json	PILOT-2019002001	G	0	20	6327	8551	2953	2187	1.3503	
PILOT-2019002001__G__haiku4.5__rep1.json	PILOT-2019002001	G	1	20	6327	7801	2098	2187	0.9593	
PILOT-2019002001__G__haiku4.5__rep2.json	PILOT-2019002001	G	2	20	6327	7423	1769	2187	0.8089	
PILOT-2019002001__G__sonnet4__rep0.json	PILOT-2019002001	G	0	20	6327	6795	1133	2187	0.5181	
PILOT-2019002001__G__sonnet4__rep1.json	PILOT-2019002001	G	1	20	6327	6266	606	2187	0.2771	
PILOT-2019002001__G__sonnet4__rep2.json	PILOT-2019002001	G	2	20	6327	6143	502	2187	0.2295	
PILOT-2019002439__F__gpt4o-mini__rep0.json	PILOT-2019002439	F	0	28	10822	7123	3862	4526	0.8533	
PILOT-2019002439__F__gpt4o-mini__rep1.json	PILOT-2019002439	F	1	4	10822	2625	8333	4526	1.8411	
PILOT-2019002439__F__gpt4o-mini__rep2.json	PILOT-2019002439	F	2	17	10822	4483	6571	4526	1.4518	
PILOT-2019002439__F__gpt5.4__rep0.json	PILOT-2019002439	F	0	25	10822	11857	2468	4526	0.5453	
PILOT-2019002439__F__gpt5.4__rep1.json	PILOT-2019002439	F	1	26	10822	12499	2580	4526	0.57	
PILOT-2019002439__F__gpt5.4__rep2.json	PILOT-2019002439	F	2	25	10822	11810	2118	4526	0.468	
PILOT-2019002439__F__haiku4.5__rep0.json	PILOT-2019002439	F	0	25	10822	11615	2508	4526	0.5541	
PILOT-2019002439__F__haiku4.5__rep1.json	PILOT-2019002439	F	1	29	10822	11935	1350	4526	0.2983	
PILOT-2019002439__F__haiku4.5__rep2.json	PILOT-2019002439	F	2	29	10822	11330	1738	4526	0.384	
PILOT-2019002439__F__sonnet4__rep0.json	PILOT-2019002439	F	0	28	10822	9685	2208	4526	0.4878	
PILOT-2019002439__F__sonnet4__rep1.json	PILOT-2019002439	F	1	28	10822	9334	2208	4526	0.4878	
PILOT-2019002439__F__sonnet4__rep2.json	PILOT-2019002439	F	2	28	10822	10562	631	4526	0.1394	
PILOT-2019002439__G__gpt4o-mini__rep0.json	PILOT-2019002439	G	0	0			None		None	no_gen
PILOT-2019002439__G__gpt4o-mini__rep1.json	PILOT-2019002439	G	1	15	10822	3951	6872	4526	1.5183	
PILOT-2019002439__G__gpt4o-mini__rep2.json	PILOT-2019002439	G	2	0			None		None	no_gen
PILOT-2019002439__G__gpt5.4__rep0.json	PILOT-2019002439	G	0	26	10822	12179	2311	4526	0.5106	
PILOT-2019002439__G__gpt5.4__rep1.json	PILOT-2019002439	G	1	26	10822	11973	2053	4526	0.4536	
PILOT-2019002439__G__gpt5.4__rep2.json	PILOT-2019002439	G	2	25	10822	11531	2234	4526	0.4936	
PILOT-2019002439__G__haiku4.5__rep0.json	PILOT-2019002439	G	0	29	10822	10129	2676	4526	0.5913	
PILOT-2019002439__G__haiku4.5__rep1.json	PILOT-2019002439	G	1	29	10822	9522	2430	4526	0.5369	
PILOT-2019002439__G__haiku4.5__rep2.json	PILOT-2019002439	G	2	29	10822	9645	2573	4526	0.5685	
PILOT-2019002439__G__sonnet4__rep0.json	PILOT-2019002439	G	0	28	10822	9761	2263	4526	0.5	
PILOT-2019002439__G__sonnet4__rep1.json	PILOT-2019002439	G	1	28	10822	9837	2266	4526	0.5007	
PILOT-2019002439__G__sonnet4__rep2.json	PILOT-2019002439	G	2	28	10822	9837	2266	4526	0.5007	
PILOT-2019003829__F__gpt4o-mini__rep0.json	PILOT-2019003829	F	0	7	2276	770	1587	1505	1.0545	
PILOT-2019003829__F__gpt4o-mini__rep1.json	PILOT-2019003829	F	1	8	2276	1314	1472	1505	0.9781	
PILOT-2019003829__F__gpt4o-mini__rep2.json	PILOT-2019003829	F	2	23	2276	1620	926	1505	0.6153	
PILOT-2019003829__F__gpt5.4__rep0.json	PILOT-2019003829	F	0	13	2276	1514	1049	1505	0.697	
PILOT-2019003829__F__gpt5.4__rep1.json	PILOT-2019003829	F	1	17	2276	2135	474	1505	0.315	
PILOT-2019003829__F__gpt5.4__rep2.json	PILOT-2019003829	F	2	13	2276	529	1755	1505	1.1661	
PILOT-2019003829__F__haiku4.5__rep0.json	PILOT-2019003829	F	0	17	2276	2678	948	1505	0.6299	
PILOT-2019003829__F__haiku4.5__rep1.json	PILOT-2019003829	F	1	17	2276	3230	1433	1505	0.9522	
PILOT-2019003829__F__haiku4.5__rep2.json	PILOT-2019003829	F	2	17	2276	3116	1487	1505	0.988	
PILOT-2019003829__F__sonnet4__rep0.json	PILOT-2019003829	F	0	17	2276	2234	556	1505	0.3694	
PILOT-2019003829__F__sonnet4__rep1.json	PILOT-2019003829	F	1	17	2276	2238	544	1505	0.3615	
PILOT-2019003829__F__sonnet4__rep2.json	PILOT-2019003829	F	2	17	2276	2063	404	1505	0.2684	
PILOT-2019003829__G__gpt4o-mini__rep0.json	PILOT-2019003829	G	0	7	2276	723	1612	1505	1.0711	
PILOT-2019003829__G__gpt4o-mini__rep1.json	PILOT-2019003829	G	1	5	2276	644	1700	1505	1.1296	
PILOT-2019003829__G__gpt4o-mini__rep2.json	PILOT-2019003829	G	2	7	2276	837	1556	1505	1.0339	
PILOT-2019003829__G__gpt5.4__rep0.json	PILOT-2019003829	G	0	17	2276	2287	606	1505	0.4027	
PILOT-2019003829__G__gpt5.4__rep1.json	PILOT-2019003829	G	1	17	2276	2121	462	1505	0.307	
PILOT-2019003829__G__gpt5.4__rep2.json	PILOT-2019003829	G	2	17	2276	2358	661	1505	0.4392	
PILOT-2019003829__G__haiku4.5__rep0.json	PILOT-2019003829	G	0	17	2276	2705	936	1505	0.6219	
PILOT-2019003829__G__haiku4.5__rep1.json	PILOT-2019003829	G	1	17	2276	2571	741	1505	0.4924	
PILOT-2019003829__G__haiku4.5__rep2.json	PILOT-2019003829	G	2	11	2276	2153	1462	1505	0.9714	
PILOT-2019003829__G__sonnet4__rep0.json	PILOT-2019003829	G	0	17	2276	2215	537	1505	0.3568	
PILOT-2019003829__G__sonnet4__rep1.json	PILOT-2019003829	G	1	17	2276	2220	530	1505	0.3522	
PILOT-2019003829__G__sonnet4__rep2.json	PILOT-2019003829	G	2	17	2276	2129	467	1505	0.3103	
PILOT-2019005007__F__gpt4o-mini__rep0.json	PILOT-2019005007	F	0	5	6403	1717	4745	3873	1.2251	
PILOT-2019005007__F__gpt4o-mini__rep1.json	PILOT-2019005007	F	1	5	6403	1458	4955	3873	1.2794	
PILOT-2019005007__F__gpt4o-mini__rep2.json	PILOT-2019005007	F	2	4	6403	1496	4950	3873	1.2781	
PILOT-2019005007__F__gpt5.4__rep0.json	PILOT-2019005007	F	0	30	6403	7198	903	3873	0.2332	
PILOT-2019005007__F__gpt5.4__rep1.json	PILOT-2019005007	F	1	30	6403	6867	1222	3873	0.3155	
PILOT-2019005007__F__gpt5.4__rep2.json	PILOT-2019005007	F	2	28	6403	6636	797	3873	0.2058	
PILOT-2019005007__F__haiku4.5__rep0.json	PILOT-2019005007	F	0	30	6403	8171	2361	3873	0.6096	
PILOT-2019005007__F__haiku4.5__rep1.json	PILOT-2019005007	F	1	30	6403	4545	2691	3873	0.6948	
PILOT-2019005007__F__haiku4.5__rep2.json	PILOT-2019005007	F	2	30	6403	6483	1433	3873	0.37	
PILOT-2019005007__F__sonnet4__rep0.json	PILOT-2019005007	F	0	30	6403	5812	1618	3873	0.4178	
PILOT-2019005007__F__sonnet4__rep1.json	PILOT-2019005007	F	1	30	6403	5816	1622	3873	0.4188	
PILOT-2019005007__F__sonnet4__rep2.json	PILOT-2019005007	F	2	27	6403	5821	1627	3873	0.4201	
PILOT-2019005007__G__gpt4o-mini__rep0.json	PILOT-2019005007	G	0	4	6403	1541	4889	3873	1.2623	
PILOT-2019005007__G__gpt4o-mini__rep1.json	PILOT-2019005007	G	1	4	6403	1373	5131	3873	1.3248	
PILOT-2019005007__G__gpt4o-mini__rep2.json	PILOT-2019005007	G	2	4	6403	1520	4911	3873	1.268	
PILOT-2019005007__G__gpt5.4__rep0.json	PILOT-2019005007	G	0	25	6403	6025	2201	3873	0.5683	
PILOT-2019005007__G__gpt5.4__rep1.json	PILOT-2019005007	G	1	25	6403	5326	1993	3873	0.5146	
PILOT-2019005007__G__gpt5.4__rep2.json	PILOT-2019005007	G	2	25	6403	5479	1286	3873	0.332	
PILOT-2019005007__G__haiku4.5__rep0.json	PILOT-2019005007	G	0	27	6403	4965	2314	3873	0.5975	
PILOT-2019005007__G__haiku4.5__rep1.json	PILOT-2019005007	G	1	30	6403	7611	2807	3873	0.7248	
PILOT-2019005007__G__haiku4.5__rep2.json	PILOT-2019005007	G	2	30	6403	7618	3373	3873	0.8709	
PILOT-2019005007__G__sonnet4__rep0.json	PILOT-2019005007	G	0	30	6403	5842	1690	3873	0.4364	
PILOT-2019005007__G__sonnet4__rep1.json	PILOT-2019005007	G	1	27	6403	5852	1658	3873	0.4281	
PILOT-2019005007__G__sonnet4__rep2.json	PILOT-2019005007	G	2	30	6403	5841	1673	3873	0.432	
PILOT-2019005292__F__gpt4o-mini__rep0.json	PILOT-2019005292	F	0	20	11391	8883	2571	2300	1.1178	
PILOT-2019005292__F__gpt4o-mini__rep1.json	PILOT-2019005292	F	1	12	11391	5919	5876	2300	2.5548	
PILOT-2019005292__F__gpt4o-mini__rep2.json	PILOT-2019005292	F	2	20	11391	9332	2754	2300	1.1974	
PILOT-2019005292__F__gpt5.4__rep0.json	PILOT-2019005292	F	0	20	11391	12482	4801	2300	2.0874	
PILOT-2019005292__F__gpt5.4__rep1.json	PILOT-2019005292	F	1	20	11391	10302	3015	2300	1.3109	
PILOT-2019005292__F__gpt5.4__rep2.json	PILOT-2019005292	F	2	20	11391	11645	4268	2300	1.8557	
PILOT-2019005292__F__haiku4.5__rep0.json	PILOT-2019005292	F	0	20	11391	5505	5996	2300	2.607	
PILOT-2019005292__F__haiku4.5__rep1.json	PILOT-2019005292	F	1	20	11391	5609	5912	2300	2.5704	
PILOT-2019005292__F__haiku4.5__rep2.json	PILOT-2019005292	F	2	20	11391	11088	3692	2300	1.6052	
PILOT-2019005292__F__sonnet4__rep0.json	PILOT-2019005292	F	0	20	11391	10897	3362	2300	1.4617	
PILOT-2019005292__F__sonnet4__rep1.json	PILOT-2019005292	F	1	20	11391	9940	2748	2300	1.1948	
PILOT-2019005292__F__sonnet4__rep2.json	PILOT-2019005292	F	2	20	11391	9959	2761	2300	1.2004	
PILOT-2019005292__G__gpt4o-mini__rep0.json	PILOT-2019005292	G	0	0			None		None	no_gen
PILOT-2019005292__G__gpt4o-mini__rep1.json	PILOT-2019005292	G	1	0			None		None	no_gen
PILOT-2019005292__G__gpt4o-mini__rep2.json	PILOT-2019005292	G	2	4	11391	4716	6804	2300	2.9583	
PILOT-2019005292__G__gpt5.4__rep0.json	PILOT-2019005292	G	0	20	11391	10927	3145	2300	1.3674	
PILOT-2019005292__G__gpt5.4__rep1.json	PILOT-2019005292	G	1	20	11391	10945	3163	2300	1.3752	
PILOT-2019005292__G__gpt5.4__rep2.json	PILOT-2019005292	G	2	20	11391	11340	3535	2300	1.537	
PILOT-2019005292__G__haiku4.5__rep0.json	PILOT-2019005292	G	0	20	11391	9897	2824	2300	1.2278	
PILOT-2019005292__G__haiku4.5__rep1.json	PILOT-2019005292	G	1	20	11391	7978	4277	2300	1.8596	
PILOT-2019005292__G__haiku4.5__rep2.json	PILOT-2019005292	G	2	20	11391	9617	3095	2300	1.3457	
PILOT-2019005292__G__sonnet4__rep0.json	PILOT-2019005292	G	0	20	11391	10440	3075	2300	1.337	
PILOT-2019005292__G__sonnet4__rep1.json	PILOT-2019005292	G	1	20	11391	10205	2509	2300	1.0909	
PILOT-2019005292__G__sonnet4__rep2.json	PILOT-2019005292	G	2	20	11391	9930	2734	2300	1.1887	
PILOT-2019005776__F__gpt4o-mini__rep0.json	PILOT-2019005776	F	0	20	6941	7007	370	5443	0.068	
PILOT-2019005776__F__gpt4o-mini__rep1.json	PILOT-2019005776	F	1	20	6941	6955	326	5443	0.0599	
PILOT-2019005776__F__gpt4o-mini__rep2.json	PILOT-2019005776	F	2	10	6941	2697	4327	5443	0.795	
PILOT-2019005776__F__gpt5.4__rep0.json	PILOT-2019005776	F	0	20	6941	6864	323	5443	0.0593	
PILOT-2019005776__F__gpt5.4__rep1.json	PILOT-2019005776	F	1	20	6941	6790	199	5443	0.0366	
PILOT-2019005776__F__gpt5.4__rep2.json	PILOT-2019005776	F	2	20	6941	6818	221	5443	0.0406	
PILOT-2019005776__F__haiku4.5__rep0.json	PILOT-2019005776	F	0	20	6941	7001	391	5443	0.0718	
PILOT-2019005776__F__haiku4.5__rep1.json	PILOT-2019005776	F	1	20	6941	7007	397	5443	0.0729	
PILOT-2019005776__F__haiku4.5__rep2.json	PILOT-2019005776	F	2	20	6941	6946	336	5443	0.0617	
PILOT-2019005776__F__sonnet4__rep0.json	PILOT-2019005776	F	0	20	6941	6821	202	5443	0.0371	
PILOT-2019005776__F__sonnet4__rep1.json	PILOT-2019005776	F	1	20	6941	6821	328	5443	0.0603	
PILOT-2019005776__F__sonnet4__rep2.json	PILOT-2019005776	F	2	20	6941	6821	202	5443	0.0371	
PILOT-2019005776__G__gpt4o-mini__rep0.json	PILOT-2019005776	G	0	20	6941	6974	339	5443	0.0623	
PILOT-2019005776__G__gpt4o-mini__rep1.json	PILOT-2019005776	G	1	20	6941	6969	334	5443	0.0614	
PILOT-2019005776__G__gpt4o-mini__rep2.json	PILOT-2019005776	G	2	10	6941	2998	4358	5443	0.8007	
PILOT-2019005776__G__gpt5.4__rep0.json	PILOT-2019005776	G	0	20	6941	6876	334	5443	0.0614	
PILOT-2019005776__G__gpt5.4__rep1.json	PILOT-2019005776	G	1	20	6941	6812	1098	5443	0.2017	
PILOT-2019005776__G__gpt5.4__rep2.json	PILOT-2019005776	G	2	20	6941	6861	320	5443	0.0588	
PILOT-2019005776__G__haiku4.5__rep0.json	PILOT-2019005776	G	0	20	6941	6995	381	5443	0.07	
PILOT-2019005776__G__haiku4.5__rep1.json	PILOT-2019005776	G	1	20	6941	7011	399	5443	0.0733	
PILOT-2019005776__G__haiku4.5__rep2.json	PILOT-2019005776	G	2	20	6941	7012	393	5443	0.0722	
PILOT-2019005776__G__sonnet4__rep0.json	PILOT-2019005776	G	0	20	6941	7005	368	5443	0.0676	
PILOT-2019005776__G__sonnet4__rep1.json	PILOT-2019005776	G	1	20	6941	6821	202	5443	0.0371	
PILOT-2019005776__G__sonnet4__rep2.json	PILOT-2019005776	G	2	20	6941	6821	202	5443	0.0371	
PILOT-2019006119__F__gpt4o-mini__rep0.json	PILOT-2019006119	F	0	0			None		None	no_gen
PILOT-2019006119__F__gpt4o-mini__rep1.json	PILOT-2019006119	F	1	0			None		None	no_gen
PILOT-2019006119__F__gpt4o-mini__rep2.json	PILOT-2019006119	F	2	0			None		None	no_gen
PILOT-2019006119__F__gpt5.4__rep0.json	PILOT-2019006119	F	0	1	2141	211	1932	695	2.7799	
PILOT-2019006119__F__gpt5.4__rep1.json	PILOT-2019006119	F	1	1	2141	251	1893	695	2.7237	
PILOT-2019006119__F__gpt5.4__rep2.json	PILOT-2019006119	F	2	1	2141	241	1915	695	2.7554	
PILOT-2019006119__F__haiku4.5__rep0.json	PILOT-2019006119	F	0	8	2141	2486	526	695	0.7568	
PILOT-2019006119__F__haiku4.5__rep1.json	PILOT-2019006119	F	1	8	2141	2150	489	695	0.7036	
PILOT-2019006119__F__haiku4.5__rep2.json	PILOT-2019006119	F	2	8	2141	2197	540	695	0.777	
PILOT-2019006119__F__sonnet4__rep0.json	PILOT-2019006119	F	0	8	2141	2414	563	695	0.8101	
PILOT-2019006119__F__sonnet4__rep1.json	PILOT-2019006119	F	1	8	2141	2483	611	695	0.8791	
PILOT-2019006119__F__sonnet4__rep2.json	PILOT-2019006119	F	2	8	2141	2387	502	695	0.7223	
PILOT-2019006119__G__gpt4o-mini__rep0.json	PILOT-2019006119	G	0	1	2141	271	1887	695	2.7151	
PILOT-2019006119__G__gpt4o-mini__rep1.json	PILOT-2019006119	G	1	1	2141	409	1803	695	2.5942	
PILOT-2019006119__G__gpt4o-mini__rep2.json	PILOT-2019006119	G	2	5	2141	1653	772	695	1.1108	
PILOT-2019006119__G__gpt5.4__rep0.json	PILOT-2019006119	G	0	1	2141	241	1915	695	2.7554	
PILOT-2019006119__G__gpt5.4__rep1.json	PILOT-2019006119	G	1	1	2141	251	1910	695	2.7482	
PILOT-2019006119__G__gpt5.4__rep2.json	PILOT-2019006119	G	2	1	2141	311	1856	695	2.6705	
PILOT-2019006119__G__haiku4.5__rep0.json	PILOT-2019006119	G	0	8	2141	2481	542	695	0.7799	
PILOT-2019006119__G__haiku4.5__rep1.json	PILOT-2019006119	G	1	8	2141	2094	433	695	0.623	
PILOT-2019006119__G__haiku4.5__rep2.json	PILOT-2019006119	G	2	8	2141	2463	505	695	0.7266	
PILOT-2019006119__G__sonnet4__rep0.json	PILOT-2019006119	G	0	8	2141	2379	461	695	0.6633	
PILOT-2019006119__G__sonnet4__rep1.json	PILOT-2019006119	G	1	8	2141	2313	373	695	0.5367	
PILOT-2019006119__G__sonnet4__rep2.json	PILOT-2019006119	G	2	8	2141	2370	394	695	0.5669	
PILOT-2020000122__F__gpt4o-mini__rep0.json	PILOT-2020000122	F	0	9	6441	2966	3734	11530	0.3239	
PILOT-2020000122__F__gpt4o-mini__rep1.json	PILOT-2020000122	F	1	9	6441	2924	3612	11530	0.3133	
PILOT-2020000122__F__gpt4o-mini__rep2.json	PILOT-2020000122	F	2	3	6441	2242	4249	11530	0.3685	
PILOT-2020000122__F__gpt5.4__rep0.json	PILOT-2020000122	F	0	20	6441	5766	1435	11530	0.1245	
PILOT-2020000122__F__gpt5.4__rep1.json	PILOT-2020000122	F	1	20	6441	6978	715	11530	0.062	
PILOT-2020000122__F__gpt5.4__rep2.json	PILOT-2020000122	F	2	20	6441	6856	571	11530	0.0495	
PILOT-2020000122__F__haiku4.5__rep0.json	PILOT-2020000122	F	0	20	6441	9106	2756	11530	0.239	
PILOT-2020000122__F__haiku4.5__rep1.json	PILOT-2020000122	F	1	20	6441	7886	1830	11530	0.1587	
PILOT-2020000122__F__haiku4.5__rep2.json	PILOT-2020000122	F	2	20	6441	8864	2522	11530	0.2187	
PILOT-2020000122__F__sonnet4__rep0.json	PILOT-2020000122	F	0	20	6441	6294	343	11530	0.0297	
PILOT-2020000122__F__sonnet4__rep1.json	PILOT-2020000122	F	1	20	6441	6799	510	11530	0.0442	
PILOT-2020000122__F__sonnet4__rep2.json	PILOT-2020000122	F	2	20	6441	6891	599	11530	0.052	
PILOT-2020000122__G__gpt4o-mini__rep0.json	PILOT-2020000122	G	0	8	6441	3116	3922	11530	0.3402	
PILOT-2020000122__G__gpt4o-mini__rep1.json	PILOT-2020000122	G	1	7	6441	2992	3919	11530	0.3399	
PILOT-2020000122__G__gpt4o-mini__rep2.json	PILOT-2020000122	G	2	20	6441	6546	303	11530	0.0263	
PILOT-2020000122__G__gpt5.4__rep0.json	PILOT-2020000122	G	0	20	6441	6799	520	11530	0.0451	
PILOT-2020000122__G__gpt5.4__rep1.json	PILOT-2020000122	G	1	20	6441	7123	865	11530	0.075	
PILOT-2020000122__G__gpt5.4__rep2.json	PILOT-2020000122	G	2	20	6441	6955	720	11530	0.0624	
PILOT-2020000122__G__haiku4.5__rep0.json	PILOT-2020000122	G	0	20	6441	7185	934	11530	0.081	
PILOT-2020000122__G__haiku4.5__rep1.json	PILOT-2020000122	G	1	20	6441	8496	2169	11530	0.1881	
PILOT-2020000122__G__haiku4.5__rep2.json	PILOT-2020000122	G	2	20	6441	8330	2026	11530	0.1757	
PILOT-2020000122__G__sonnet4__rep0.json	PILOT-2020000122	G	0	20	6441	6972	683	11530	0.0592	
PILOT-2020000122__G__sonnet4__rep1.json	PILOT-2020000122	G	1	20	6441	6674	385	11530	0.0334	
PILOT-2020000122__G__sonnet4__rep2.json	PILOT-2020000122	G	2	20	6441	6577	288	11530	0.025	
PILOT-2020000158__F__gpt4o-mini__rep0.json	PILOT-2020000158	F	0	20	4171	4221	290	461	0.6291	
PILOT-2020000158__F__gpt4o-mini__rep1.json	PILOT-2020000158	F	1	20	4171	4213	282	461	0.6117	
PILOT-2020000158__F__gpt4o-mini__rep2.json	PILOT-2020000158	F	2	20	4171	5419	1391	461	3.0174	
PILOT-2020000158__F__gpt5.4__rep0.json	PILOT-2020000158	F	0	20	4171	4282	488	461	1.0586	
PILOT-2020000158__F__gpt5.4__rep1.json	PILOT-2020000158	F	1	20	4171	4853	899	461	1.9501	
PILOT-2020000158__F__gpt5.4__rep2.json	PILOT-2020000158	F	2	20	4171	4443	512	461	1.1106	
PILOT-2020000158__F__haiku4.5__rep0.json	PILOT-2020000158	F	0	20	4171	4474	543	461	1.1779	
PILOT-2020000158__F__haiku4.5__rep1.json	PILOT-2020000158	F	1	20	4171	5028	1092	461	2.3688	
PILOT-2020000158__F__haiku4.5__rep2.json	PILOT-2020000158	F	2	20	4171	4421	497	461	1.0781	
PILOT-2020000158__F__sonnet4__rep0.json	PILOT-2020000158	F	0	20	4171	4844	911	461	1.9761	
PILOT-2020000158__F__sonnet4__rep1.json	PILOT-2020000158	F	1	20	4171	4921	972	461	2.1085	
PILOT-2020000158__F__sonnet4__rep2.json	PILOT-2020000158	F	2	20	4171	4921	972	461	2.1085	
PILOT-2020000158__G__gpt4o-mini__rep0.json	PILOT-2020000158	G	0	20	4171	4247	315	461	0.6833	
PILOT-2020000158__G__gpt4o-mini__rep1.json	PILOT-2020000158	G	1	20	4171	4214	283	461	0.6139	
PILOT-2020000158__G__gpt4o-mini__rep2.json	PILOT-2020000158	G	2	2	4171	958	3214	461	6.9718	
PILOT-2020000158__G__gpt5.4__rep0.json	PILOT-2020000158	G	0	20	4171	4605	653	461	1.4165	
PILOT-2020000158__G__gpt5.4__rep1.json	PILOT-2020000158	G	1	20	4171	4365	422	461	0.9154	
PILOT-2020000158__G__gpt5.4__rep2.json	PILOT-2020000158	G	2	20	4171	4767	954	461	2.0694	
PILOT-2020000158__G__haiku4.5__rep0.json	PILOT-2020000158	G	0	20	4171	4219	290	461	0.6291	
PILOT-2020000158__G__haiku4.5__rep1.json	PILOT-2020000158	G	1	20	4171	4512	639	461	1.3861	
PILOT-2020000158__G__haiku4.5__rep2.json	PILOT-2020000158	G	2	20	4171	4822	886	461	1.9219	
PILOT-2020000158__G__sonnet4__rep0.json	PILOT-2020000158	G	0	20	4171	4224	293	461	0.6356	
PILOT-2020000158__G__sonnet4__rep1.json	PILOT-2020000158	G	1	20	4171	4316	381	461	0.8265	
PILOT-2020000158__G__sonnet4__rep2.json	PILOT-2020000158	G	2	20	4171	4372	423	461	0.9176	
PILOT-2020000362__F__gpt4o-mini__rep0.json	PILOT-2020000362	F	0	0			None		None	no_gen
PILOT-2020000362__F__gpt4o-mini__rep1.json	PILOT-2020000362	F	1	0			None		None	no_gen
PILOT-2020000362__F__gpt4o-mini__rep2.json	PILOT-2020000362	F	2	0			None		None	no_gen
PILOT-2020000362__F__gpt5.4__rep0.json	PILOT-2020000362	F	0	15	5042	5626	811	4451	0.1822	
PILOT-2020000362__F__gpt5.4__rep1.json	PILOT-2020000362	F	1	15	5042	5046	1370	4451	0.3078	
PILOT-2020000362__F__gpt5.4__rep2.json	PILOT-2020000362	F	2	15	5042	5926	1114	4451	0.2503	
PILOT-2020000362__F__haiku4.5__rep0.json	PILOT-2020000362	F	0	15	5042	7005	2141	4451	0.481	
PILOT-2020000362__F__haiku4.5__rep1.json	PILOT-2020000362	F	1	15	5042	6923	2057	4451	0.4621	
PILOT-2020000362__F__haiku4.5__rep2.json	PILOT-2020000362	F	2	15	5042	6599	1755	4451	0.3943	
PILOT-2020000362__F__sonnet4__rep0.json	PILOT-2020000362	F	0	15	5042	5074	257	4451	0.0577	
PILOT-2020000362__F__sonnet4__rep1.json	PILOT-2020000362	F	1	15	5042	5430	618	4451	0.1388	
PILOT-2020000362__F__sonnet4__rep2.json	PILOT-2020000362	F	2	15	5042	5154	339	4451	0.0762	
PILOT-2020000362__G__gpt4o-mini__rep0.json	PILOT-2020000362	G	0	3	5042	1888	3187	4451	0.716	
PILOT-2020000362__G__gpt4o-mini__rep1.json	PILOT-2020000362	G	1	2	5042	1083	3961	4451	0.8899	
PILOT-2020000362__G__gpt4o-mini__rep2.json	PILOT-2020000362	G	2	0			None		None	no_gen
PILOT-2020000362__G__gpt5.4__rep0.json	PILOT-2020000362	G	0	15	5042	5221	414	4451	0.093	
PILOT-2020000362__G__gpt5.4__rep1.json	PILOT-2020000362	G	1	15	5042	5774	958	4451	0.2152	
PILOT-2020000362__G__gpt5.4__rep2.json	PILOT-2020000362	G	2	15	5042	5741	925	4451	0.2078	
PILOT-2020000362__G__haiku4.5__rep0.json	PILOT-2020000362	G	0	15	5042	6948	2090	4451	0.4696	
PILOT-2020000362__G__haiku4.5__rep1.json	PILOT-2020000362	G	1	15	5042	6712	1893	4451	0.4253	
PILOT-2020000362__G__haiku4.5__rep2.json	PILOT-2020000362	G	2	15	5042	7065	2203	4451	0.4949	
PILOT-2020000362__G__sonnet4__rep0.json	PILOT-2020000362	G	0	15	5042	5074	257	4451	0.0577	
PILOT-2020000362__G__sonnet4__rep1.json	PILOT-2020000362	G	1	15	5042	5280	652	4451	0.1465	
PILOT-2020000362__G__sonnet4__rep2.json	PILOT-2020000362	G	2	15	5042	5322	508	4451	0.1141	
PILOT-2020000402__F__gpt4o-mini__rep0.json	PILOT-2020000402	F	0	9	3214	3516	371	454	0.8172	
PILOT-2020000402__F__gpt4o-mini__rep1.json	PILOT-2020000402	F	1	9	3214	3368	208	454	0.4581	
PILOT-2020000402__F__gpt4o-mini__rep2.json	PILOT-2020000402	F	2	9	3214	3415	237	454	0.522	
PILOT-2020000402__F__gpt5.4__rep0.json	PILOT-2020000402	F	0	9	3214	3362	192	454	0.4229	
PILOT-2020000402__F__gpt5.4__rep1.json	PILOT-2020000402	F	1	9	3214	3442	285	454	0.6278	
PILOT-2020000402__F__gpt5.4__rep2.json	PILOT-2020000402	F	2	9	3214	3492	324	454	0.7137	
PILOT-2020000402__F__haiku4.5__rep0.json	PILOT-2020000402	F	0	9	3214	2860	647	454	1.4251	
PILOT-2020000402__F__haiku4.5__rep1.json	PILOT-2020000402	F	1	9	3214	2860	647	454	1.4251	
PILOT-2020000402__F__haiku4.5__rep2.json	PILOT-2020000402	F	2	9	3214	2619	660	454	1.4537	
PILOT-2020000402__F__sonnet4__rep0.json	PILOT-2020000402	F	0	9	3214	3562	396	454	0.8722	
PILOT-2020000402__F__sonnet4__rep1.json	PILOT-2020000402	F	1	9	3214	3562	396	454	0.8722	
PILOT-2020000402__F__sonnet4__rep2.json	PILOT-2020000402	F	2	9	3214	3538	374	454	0.8238	
PILOT-2020000402__G__gpt4o-mini__rep0.json	PILOT-2020000402	G	0	9	3214	3400	229	454	0.5044	
PILOT-2020000402__G__gpt4o-mini__rep1.json	PILOT-2020000402	G	1	9	3214	3463	284	454	0.6256	
PILOT-2020000402__G__gpt4o-mini__rep2.json	PILOT-2020000402	G	2	9	3214	3252	128	454	0.2819	
PILOT-2020000402__G__gpt5.4__rep0.json	PILOT-2020000402	G	0	9	3214	3406	536	454	1.1806	
PILOT-2020000402__G__gpt5.4__rep1.json	PILOT-2020000402	G	1	9	3214	3327	166	454	0.3656	
PILOT-2020000402__G__gpt5.4__rep2.json	PILOT-2020000402	G	2	9	3214	3482	297	454	0.6542	
PILOT-2020000402__G__haiku4.5__rep0.json	PILOT-2020000402	G	0	9	3214	2866	668	454	1.4714	
PILOT-2020000402__G__haiku4.5__rep1.json	PILOT-2020000402	G	1	9	3214	3550	403	454	0.8877	
PILOT-2020000402__G__haiku4.5__rep2.json	PILOT-2020000402	G	2	9	3214	2866	653	454	1.4383	
PILOT-2020000402__G__sonnet4__rep0.json	PILOT-2020000402	G	0	9	3214	3429	263	454	0.5793	
PILOT-2020000402__G__sonnet4__rep1.json	PILOT-2020000402	G	1	9	3214	3452	286	454	0.63	
PILOT-2020000402__G__sonnet4__rep2.json	PILOT-2020000402	G	2	9	3214	3495	329	454	0.7247	
PILOT-2020000676__F__gpt4o-mini__rep0.json	PILOT-2020000676	F	0	20	11143	11188	211	1431	0.1474	
PILOT-2020000676__F__gpt4o-mini__rep1.json	PILOT-2020000676	F	1	6	11143	4648	6570	1431	4.5912	
PILOT-2020000676__F__gpt4o-mini__rep2.json	PILOT-2020000676	F	2	2	11143	2849	8294	1431	5.7959	
PILOT-2020000676__F__gpt5.4__rep0.json	PILOT-2020000676	F	0	20	11143	11790	729	1431	0.5094	
PILOT-2020000676__F__gpt5.4__rep1.json	PILOT-2020000676	F	1	20	11143	11952	891	1431	0.6226	
PILOT-2020000676__F__gpt5.4__rep2.json	PILOT-2020000676	F	2	20	11143	10955	1438	1431	1.0049	
PILOT-2020000676__F__haiku4.5__rep0.json	PILOT-2020000676	F	0	20	11143	12346	1337	1431	0.9343	
PILOT-2020000676__F__haiku4.5__rep1.json	PILOT-2020000676	F	1	20	11143	12122	1035	1431	0.7233	
PILOT-2020000676__F__haiku4.5__rep2.json	PILOT-2020000676	F	2	20	11143	11391	330	1431	0.2306	
PILOT-2020000676__F__sonnet4__rep0.json	PILOT-2020000676	F	0	20	11143	11634	573	1431	0.4004	
PILOT-2020000676__F__sonnet4__rep1.json	PILOT-2020000676	F	1	20	11143	10987	188	1431	0.1314	
PILOT-2020000676__F__sonnet4__rep2.json	PILOT-2020000676	F	2	20	11143	11958	897	1431	0.6268	
PILOT-2020000676__G__gpt4o-mini__rep0.json	PILOT-2020000676	G	0	20	11143	11165	122	1431	0.0853	
PILOT-2020000676__G__gpt4o-mini__rep1.json	PILOT-2020000676	G	1	20	11143	11585	524	1431	0.3662	
PILOT-2020000676__G__gpt4o-mini__rep2.json	PILOT-2020000676	G	2	20	11143	11766	697	1431	0.4871	
PILOT-2020000676__G__gpt5.4__rep0.json	PILOT-2020000676	G	0	20	11143	11952	891	1431	0.6226	
PILOT-2020000676__G__gpt5.4__rep1.json	PILOT-2020000676	G	1	20	11143	11952	891	1431	0.6226	
PILOT-2020000676__G__gpt5.4__rep2.json	PILOT-2020000676	G	2	20	11143	11952	891	1431	0.6226	
PILOT-2020000676__G__haiku4.5__rep0.json	PILOT-2020000676	G	0	20	11143	11655	569	1431	0.3976	
PILOT-2020000676__G__haiku4.5__rep1.json	PILOT-2020000676	G	1	20	11143	11879	792	1431	0.5535	
PILOT-2020000676__G__haiku4.5__rep2.json	PILOT-2020000676	G	2	20	11143	5150	6721	1431	4.6967	
PILOT-2020000676__G__sonnet4__rep0.json	PILOT-2020000676	G	0	20	11143	11610	549	1431	0.3836	
PILOT-2020000676__G__sonnet4__rep1.json	PILOT-2020000676	G	1	20	11143	11407	346	1431	0.2418	
PILOT-2020000676__G__sonnet4__rep2.json	PILOT-2020000676	G	2	20	11143	10993	188	1431	0.1314	
PILOT-2020001769__F__gpt4o-mini__rep0.json	PILOT-2020001769	F	0	4	4930	1347	3669	1929	1.902	
PILOT-2020001769__F__gpt4o-mini__rep1.json	PILOT-2020001769	F	1	4	4930	1428	3610	1929	1.8714	
PILOT-2020001769__F__gpt4o-mini__rep2.json	PILOT-2020001769	F	2	4	4930	1206	3729	1929	1.9331	
PILOT-2020001769__F__gpt5.4__rep0.json	PILOT-2020001769	F	0	21	4930	5419	1913	1929	0.9917	
PILOT-2020001769__F__gpt5.4__rep1.json	PILOT-2020001769	F	1	21	4930	4511	920	1929	0.4769	
PILOT-2020001769__F__gpt5.4__rep2.json	PILOT-2020001769	F	2	21	4930	4554	1028	1929	0.5329	
PILOT-2020001769__F__haiku4.5__rep0.json	PILOT-2020001769	F	0	21	4930	2166	3083	1929	1.5982	
PILOT-2020001769__F__haiku4.5__rep1.json	PILOT-2020001769	F	1	21	4930	2384	3004	1929	1.5573	
PILOT-2020001769__F__haiku4.5__rep2.json	PILOT-2020001769	F	2	21	4930	4212	984	1929	0.5101	
PILOT-2020001769__F__sonnet4__rep0.json	PILOT-2020001769	F	0	21	4930	4304	672	1929	0.3484	
PILOT-2020001769__F__sonnet4__rep1.json	PILOT-2020001769	F	1	0			None		None	no_gen
PILOT-2020001769__F__sonnet4__rep2.json	PILOT-2020001769	F	2	21	4930	4287	649	1929	0.3364	
PILOT-2020001769__G__gpt4o-mini__rep0.json	PILOT-2020001769	G	0	21	4930	4534	875	1929	0.4536	
PILOT-2020001769__G__gpt4o-mini__rep1.json	PILOT-2020001769	G	1	4	4930	1476	3615	1929	1.874	
PILOT-2020001769__G__gpt4o-mini__rep2.json	PILOT-2020001769	G	2	4	4930	1315	3738	1929	1.9378	
PILOT-2020001769__G__gpt5.4__rep0.json	PILOT-2020001769	G	0	21	4930	4267	860	1929	0.4458	
PILOT-2020001769__G__gpt5.4__rep1.json	PILOT-2020001769	G	1	21	4930	3164	1894	1929	0.9819	
PILOT-2020001769__G__gpt5.4__rep2.json	PILOT-2020001769	G	2	21	4930	4189	1183	1929	0.6133	
PILOT-2020001769__G__haiku4.5__rep0.json	PILOT-2020001769	G	0	21	4930	4596	1119	1929	0.5801	
PILOT-2020001769__G__haiku4.5__rep1.json	PILOT-2020001769	G	1	21	4930	3439	1946	1929	1.0088	
PILOT-2020001769__G__haiku4.5__rep2.json	PILOT-2020001769	G	2	21	4930	4033	1162	1929	0.6024	
PILOT-2020001769__G__sonnet4__rep0.json	PILOT-2020001769	G	0	21	4930	4341	709	1929	0.3675	
PILOT-2020001769__G__sonnet4__rep1.json	PILOT-2020001769	G	1	21	4930	4348	716	1929	0.3712	
PILOT-2020001769__G__sonnet4__rep2.json	PILOT-2020001769	G	2	21	4930	4326	695	1929	0.3603	
PILOT-2020002332__F__gpt4o-mini__rep0.json	PILOT-2020002332	F	0	0			None		None	no_gen
PILOT-2020002332__F__gpt4o-mini__rep1.json	PILOT-2020002332	F	1	25	6503	6918	685	2358	0.2905	
PILOT-2020002332__F__gpt4o-mini__rep2.json	PILOT-2020002332	F	2	7	6503	2190	4467	2358	1.8944	
PILOT-2020002332__F__gpt5.4__rep0.json	PILOT-2020002332	F	0	13	6503	4105	3233	2358	1.3711	
PILOT-2020002332__F__gpt5.4__rep1.json	PILOT-2020002332	F	1	25	6503	7631	1445	2358	0.6128	
PILOT-2020002332__F__gpt5.4__rep2.json	PILOT-2020002332	F	2	25	6503	7545	1359	2358	0.5763	
PILOT-2020002332__F__haiku4.5__rep0.json	PILOT-2020002332	F	0	25	6503	6304	1559	2358	0.6612	
PILOT-2020002332__F__haiku4.5__rep1.json	PILOT-2020002332	F	1	25	6503	3837	2971	2358	1.26	
PILOT-2020002332__F__haiku4.5__rep2.json	PILOT-2020002332	F	2	25	6503	7663	1500	2358	0.6361	
PILOT-2020002332__F__sonnet4__rep0.json	PILOT-2020002332	F	0	25	6503	8013	1788	2358	0.7583	
PILOT-2020002332__F__sonnet4__rep1.json	PILOT-2020002332	F	1	25	6503	6933	766	2358	0.3249	
PILOT-2020002332__F__sonnet4__rep2.json	PILOT-2020002332	F	2	25	6503	7097	940	2358	0.3986	
PILOT-2020002332__G__gpt4o-mini__rep0.json	PILOT-2020002332	G	0	0			None		None	no_gen
PILOT-2020002332__G__gpt4o-mini__rep1.json	PILOT-2020002332	G	1	12	6503	4715	2276	2358	0.9652	
PILOT-2020002332__G__gpt4o-mini__rep2.json	PILOT-2020002332	G	2	25	6503	7046	826	2358	0.3503	
PILOT-2020002332__G__gpt5.4__rep0.json	PILOT-2020002332	G	0	1	6503	783	5733	2358	2.4313	
PILOT-2020002332__G__gpt5.4__rep1.json	PILOT-2020002332	G	1	25	6503	8183	1992	2358	0.8448	
PILOT-2020002332__G__gpt5.4__rep2.json	PILOT-2020002332	G	2	25	6503	7459	1276	2358	0.5411	
PILOT-2020002332__G__haiku4.5__rep0.json	PILOT-2020002332	G	0	25	6503	6415	1698	2358	0.7201	
PILOT-2020002332__G__haiku4.5__rep1.json	PILOT-2020002332	G	1	25	6503	6259	1609	2358	0.6824	
PILOT-2020002332__G__haiku4.5__rep2.json	PILOT-2020002332	G	2	25	6503	7062	975	2358	0.4135	
PILOT-2020002332__G__sonnet4__rep0.json	PILOT-2020002332	G	0	25	6503	6993	835	2358	0.3541	
PILOT-2020002332__G__sonnet4__rep1.json	PILOT-2020002332	G	1	25	6503	6885	726	2358	0.3079	
PILOT-2020002332__G__sonnet4__rep2.json	PILOT-2020002332	G	2	25	6503	6885	726	2358	0.3079	
PILOT-2020002369__F__gpt4o-mini__rep0.json	PILOT-2020002369	F	0	20	3915	3888	144	1148	0.1254	
PILOT-2020002369__F__gpt4o-mini__rep1.json	PILOT-2020002369	F	1	2	3915	1118	2860	1148	2.4913	
PILOT-2020002369__F__gpt4o-mini__rep2.json	PILOT-2020002369	F	2	2	3915	1132	2852	1148	2.4843	
PILOT-2020002369__F__gpt5.4__rep0.json	PILOT-2020002369	F	0	20	3915	4054	305	1148	0.2657	
PILOT-2020002369__F__gpt5.4__rep1.json	PILOT-2020002369	F	1	20	3915	4072	323	1148	0.2814	
PILOT-2020002369__F__gpt5.4__rep2.json	PILOT-2020002369	F	2	20	3915	4099	365	1148	0.3179	
PILOT-2020002369__F__haiku4.5__rep0.json	PILOT-2020002369	F	0	20	3915	3850	89	1148	0.0775	
PILOT-2020002369__F__haiku4.5__rep1.json	PILOT-2020002369	F	1	20	3915	4006	241	1148	0.2099	
PILOT-2020002369__F__haiku4.5__rep2.json	PILOT-2020002369	F	2	20	3915	3942	178	1148	0.1551	
PILOT-2020002369__F__sonnet4__rep0.json	PILOT-2020002369	F	0	20	3915	3900	139	1148	0.1211	
PILOT-2020002369__F__sonnet4__rep1.json	PILOT-2020002369	F	1	20	3915	4022	258	1148	0.2247	
PILOT-2020002369__F__sonnet4__rep2.json	PILOT-2020002369	F	2	20	3915	3765	274	1148	0.2387	
PILOT-2020002369__G__gpt4o-mini__rep0.json	PILOT-2020002369	G	0	2	3915	1172	2850	1148	2.4826	
PILOT-2020002369__G__gpt4o-mini__rep1.json	PILOT-2020002369	G	1	20	3915	3895	151	1148	0.1315	
PILOT-2020002369__G__gpt4o-mini__rep2.json	PILOT-2020002369	G	2	2	3915	1094	2860	1148	2.4913	
PILOT-2020002369__G__gpt5.4__rep0.json	PILOT-2020002369	G	0	20	3915	4151	392	1148	0.3415	
PILOT-2020002369__G__gpt5.4__rep1.json	PILOT-2020002369	G	1	20	3915	4074	324	1148	0.2822	
PILOT-2020002369__G__gpt5.4__rep2.json	PILOT-2020002369	G	2	20	3915	4075	326	1148	0.284	
PILOT-2020002369__G__haiku4.5__rep0.json	PILOT-2020002369	G	0	20	3915	3900	141	1148	0.1228	
PILOT-2020002369__G__haiku4.5__rep1.json	PILOT-2020002369	G	1	20	3915	4088	329	1148	0.2866	
PILOT-2020002369__G__haiku4.5__rep2.json	PILOT-2020002369	G	2	20	3915	3568	473	1148	0.412	
PILOT-2020002369__G__sonnet4__rep0.json	PILOT-2020002369	G	0	20	3915	3908	159	1148	0.1385	
PILOT-2020002369__G__sonnet4__rep1.json	PILOT-2020002369	G	1	20	3915	3900	141	1148	0.1228	
PILOT-2020002369__G__sonnet4__rep2.json	PILOT-2020002369	G	2	20	3915	3900	141	1148	0.1228	
PILOT-2020002555__F__gpt4o-mini__rep0.json	PILOT-2020002555	F	0	7	5601	2146	3620	591	6.1252	
PILOT-2020002555__F__gpt4o-mini__rep1.json	PILOT-2020002555	F	1	19	5601	5447	331	591	0.5601	
PILOT-2020002555__F__gpt4o-mini__rep2.json	PILOT-2020002555	F	2	20	5601	5675	267	591	0.4518	
PILOT-2020002555__F__gpt5.4__rep0.json	PILOT-2020002555	F	0	20	5601	5986	560	591	0.9475	
PILOT-2020002555__F__gpt5.4__rep1.json	PILOT-2020002555	F	1	20	5601	5914	724	591	1.225	
PILOT-2020002555__F__gpt5.4__rep2.json	PILOT-2020002555	F	2	20	5601	5858	432	591	0.731	
PILOT-2020002555__F__haiku4.5__rep0.json	PILOT-2020002555	F	0	20	5601	6296	903	591	1.5279	
PILOT-2020002555__F__haiku4.5__rep1.json	PILOT-2020002555	F	1	20	5601	6076	686	591	1.1607	
PILOT-2020002555__F__haiku4.5__rep2.json	PILOT-2020002555	F	2	20	5601	6733	1307	591	2.2115	
PILOT-2020002555__F__sonnet4__rep0.json	PILOT-2020002555	F	0	20	5601	6025	563	591	0.9526	
PILOT-2020002555__F__sonnet4__rep1.json	PILOT-2020002555	F	1	20	5601	6025	563	591	0.9526	
PILOT-2020002555__F__sonnet4__rep2.json	PILOT-2020002555	F	2	20	5601	6021	564	591	0.9543	
PILOT-2020002555__G__gpt4o-mini__rep0.json	PILOT-2020002555	G	0	8	5601	2255	3488	591	5.9019	
PILOT-2020002555__G__gpt4o-mini__rep1.json	PILOT-2020002555	G	1	10	5601	4139	2056	591	3.4788	
PILOT-2020002555__G__gpt4o-mini__rep2.json	PILOT-2020002555	G	2	20	5601	5669	291	591	0.4924	
PILOT-2020002555__G__gpt5.4__rep0.json	PILOT-2020002555	G	0	20	5601	5858	432	591	0.731	
PILOT-2020002555__G__gpt5.4__rep1.json	PILOT-2020002555	G	1	20	5601	5642	216	591	0.3655	
PILOT-2020002555__G__gpt5.4__rep2.json	PILOT-2020002555	G	2	20	5601	5947	521	591	0.8816	
PILOT-2020002555__G__haiku4.5__rep0.json	PILOT-2020002555	G	0	20	5601	6328	1217	591	2.0592	
PILOT-2020002555__G__haiku4.5__rep1.json	PILOT-2020002555	G	1	20	5601	6211	785	591	1.3283	
PILOT-2020002555__G__haiku4.5__rep2.json	PILOT-2020002555	G	2	20	5601	7231	1768	591	2.9915	
PILOT-2020002555__G__sonnet4__rep0.json	PILOT-2020002555	G	0	20	5601	5889	731	591	1.2369	
PILOT-2020002555__G__sonnet4__rep1.json	PILOT-2020002555	G	1	20	5601	5889	731	591	1.2369	
PILOT-2020002555__G__sonnet4__rep2.json	PILOT-2020002555	G	2	20	5601	5510	933	591	1.5787	
PILOT-2020002688__F__gpt4o-mini__rep0.json	PILOT-2020002688	F	0	8	10326	4105	6648	4258	1.5613	
PILOT-2020002688__F__gpt4o-mini__rep1.json	PILOT-2020002688	F	1	8	10326	3981	6687	4258	1.5705	
PILOT-2020002688__F__gpt4o-mini__rep2.json	PILOT-2020002688	F	2	8	10326	4458	6198	4258	1.4556	
PILOT-2020002688__F__gpt5.4__rep0.json	PILOT-2020002688	F	0	9	10326	4789	5954	4258	1.3983	
PILOT-2020002688__F__gpt5.4__rep1.json	PILOT-2020002688	F	1	9	10326	4888	5964	4258	1.4007	
PILOT-2020002688__F__gpt5.4__rep2.json	PILOT-2020002688	F	2	9	10326	4568	6166	4258	1.4481	
PILOT-2020002688__F__haiku4.5__rep0.json	PILOT-2020002688	F	0	8	10326	5275	5859	4258	1.376	
PILOT-2020002688__F__haiku4.5__rep1.json	PILOT-2020002688	F	1	8	10326	5964	5521	4258	1.2966	
PILOT-2020002688__F__haiku4.5__rep2.json	PILOT-2020002688	F	2	8	10326	5191	5873	4258	1.3793	
PILOT-2020002688__F__sonnet4__rep0.json	PILOT-2020002688	F	0	9	10326	5286	5673	4258	1.3323	
PILOT-2020002688__F__sonnet4__rep1.json	PILOT-2020002688	F	1	9	10326	5197	5790	4258	1.3598	
PILOT-2020002688__F__sonnet4__rep2.json	PILOT-2020002688	F	2	9	10326	5095	5863	4258	1.3769	
PILOT-2020002688__G__gpt4o-mini__rep0.json	PILOT-2020002688	G	0	8	10326	4747	6075	4258	1.4267	
PILOT-2020002688__G__gpt4o-mini__rep1.json	PILOT-2020002688	G	1	0			None		None	no_gen
PILOT-2020002688__G__gpt4o-mini__rep2.json	PILOT-2020002688	G	2	8	10326	4249	6509	4258	1.5287	
PILOT-2020002688__G__gpt5.4__rep0.json	PILOT-2020002688	G	0	24	10326	8605	2897	4258	0.6804	
PILOT-2020002688__G__gpt5.4__rep1.json	PILOT-2020002688	G	1	9	10326	5060	5847	4258	1.3732	
PILOT-2020002688__G__gpt5.4__rep2.json	PILOT-2020002688	G	2	9	10326	4732	6007	4258	1.4108	
PILOT-2020002688__G__haiku4.5__rep0.json	PILOT-2020002688	G	0	8	10326	5253	6015	4258	1.4126	
PILOT-2020002688__G__haiku4.5__rep1.json	PILOT-2020002688	G	1	9	10326	5203	5889	4258	1.383	
PILOT-2020002688__G__haiku4.5__rep2.json	PILOT-2020002688	G	2	8	10326	5187	5872	4258	1.3791	
PILOT-2020002688__G__sonnet4__rep0.json	PILOT-2020002688	G	0	9	10326	5244	5624	4258	1.3208	
PILOT-2020002688__G__sonnet4__rep1.json	PILOT-2020002688	G	1	9	10326	5194	5674	4258	1.3326	
PILOT-2020002688__G__sonnet4__rep2.json	PILOT-2020002688	G	2	9	10326	4883	5737	4258	1.3473	
PILOT-2020002729__F__gpt4o-mini__rep0.json	PILOT-2020002729	F	0	10	9752	3772	6154	1304	4.7193	
PILOT-2020002729__F__gpt4o-mini__rep1.json	PILOT-2020002729	F	1	10	9752	3781	6196	1304	4.7515	
PILOT-2020002729__F__gpt4o-mini__rep2.json	PILOT-2020002729	F	2	10	9752	4088	6136	1304	4.7055	
PILOT-2020002729__F__gpt5.4__rep0.json	PILOT-2020002729	F	0	11	9752	4207	5768	1304	4.4233	
PILOT-2020002729__F__gpt5.4__rep1.json	PILOT-2020002729	F	1	11	9752	4550	5546	1304	4.2531	
PILOT-2020002729__F__gpt5.4__rep2.json	PILOT-2020002729	F	2	11	9752	4151	5846	1304	4.4831	
PILOT-2020002729__F__haiku4.5__rep0.json	PILOT-2020002729	F	0	27	9752	5289	5344	1304	4.0982	
PILOT-2020002729__F__haiku4.5__rep1.json	PILOT-2020002729	F	1	27	9752	5993	4570	1304	3.5046	
PILOT-2020002729__F__haiku4.5__rep2.json	PILOT-2020002729	F	2	27	9752	5410	5218	1304	4.0015	
PILOT-2020002729__F__sonnet4__rep0.json	PILOT-2020002729	F	0	27	9752	10057	823	1304	0.6311	
PILOT-2020002729__F__sonnet4__rep1.json	PILOT-2020002729	F	1	27	9752	10951	1705	1304	1.3075	
PILOT-2020002729__F__sonnet4__rep2.json	PILOT-2020002729	F	2	27	9752	10475	1236	1304	0.9479	
PILOT-2020002729__G__gpt4o-mini__rep0.json	PILOT-2020002729	G	0	0			None		None	no_gen
PILOT-2020002729__G__gpt4o-mini__rep1.json	PILOT-2020002729	G	1	10	9752	4271	5936	1304	4.5521	
PILOT-2020002729__G__gpt4o-mini__rep2.json	PILOT-2020002729	G	2	0			None		None	no_gen
PILOT-2020002729__G__gpt5.4__rep0.json	PILOT-2020002729	G	0	11	9752	5556	5016	1304	3.8466	
PILOT-2020002729__G__gpt5.4__rep1.json	PILOT-2020002729	G	1	11	9752	5394	5008	1304	3.8405	
PILOT-2020002729__G__gpt5.4__rep2.json	PILOT-2020002729	G	2	11	9752	5483	5031	1304	3.8581	
PILOT-2020002729__G__haiku4.5__rep0.json	PILOT-2020002729	G	0	27	9752	5680	5150	1304	3.9494	
PILOT-2020002729__G__haiku4.5__rep1.json	PILOT-2020002729	G	1	27	9752	5521	5201	1304	3.9885	
PILOT-2020002729__G__haiku4.5__rep2.json	PILOT-2020002729	G	2	27	9752	5588	5194	1304	3.9831	
PILOT-2020002729__G__sonnet4__rep0.json	PILOT-2020002729	G	0	27	9752	10322	1140	1304	0.8742	
PILOT-2020002729__G__sonnet4__rep1.json	PILOT-2020002729	G	1	27	9752	10012	830	1304	0.6365	
PILOT-2020002729__G__sonnet4__rep2.json	PILOT-2020002729	G	2	27	9752	10096	914	1304	0.7009	
PILOT-2020003998__F__gpt4o-mini__rep0.json	PILOT-2020003998	F	0	12	49574	1498	48086	46409	1.0361	
PILOT-2020003998__F__gpt4o-mini__rep1.json	PILOT-2020003998	F	1	2	49574	484	49090	46409	1.0578	
PILOT-2020003998__F__gpt4o-mini__rep2.json	PILOT-2020003998	F	2	5	49574	805	48770	46409	1.0509	
PILOT-2020003998__F__gpt5.4__rep0.json	PILOT-2020003998	F	0	14	49574	2196	47393	46409	1.0212	
PILOT-2020003998__F__gpt5.4__rep1.json	PILOT-2020003998	F	1	14	49574	2621	46987	46409	1.0125	
PILOT-2020003998__F__gpt5.4__rep2.json	PILOT-2020003998	F	2	14	49574	2771	46850	46409	1.0095	
PILOT-2020003998__F__haiku4.5__rep0.json	PILOT-2020003998	F	0	14	49574	3217	46432	46409	1.0005	
PILOT-2020003998__F__haiku4.5__rep1.json	PILOT-2020003998	F	1	14	49574	2945	46689	46409	1.006	
PILOT-2020003998__F__haiku4.5__rep2.json	PILOT-2020003998	F	2	13	49574	2968	46674	46409	1.0057	
PILOT-2020003998__F__sonnet4__rep0.json	PILOT-2020003998	F	0	15	49574	2266	47329	46409	1.0198	
PILOT-2020003998__F__sonnet4__rep1.json	PILOT-2020003998	F	1	15	49574	2292	47306	46409	1.0193	
PILOT-2020003998__F__sonnet4__rep2.json	PILOT-2020003998	F	2	15	49574	2252	47345	46409	1.0202	
PILOT-2020003998__G__gpt4o-mini__rep0.json	PILOT-2020003998	G	0	4	49574	618	48956	46409	1.0549	
PILOT-2020003998__G__gpt4o-mini__rep1.json	PILOT-2020003998	G	1	12	49574	1655	47930	46409	1.0328	
PILOT-2020003998__G__gpt4o-mini__rep2.json	PILOT-2020003998	G	2	5	49574	664	48910	46409	1.0539	
PILOT-2020003998__G__gpt5.4__rep0.json	PILOT-2020003998	G	0	14	49574	2376	47223	46409	1.0175	
PILOT-2020003998__G__gpt5.4__rep1.json	PILOT-2020003998	G	1	14	49574	2394	47205	46409	1.0172	
PILOT-2020003998__G__gpt5.4__rep2.json	PILOT-2020003998	G	2	14	49574	2140	47454	46409	1.0225	
PILOT-2020003998__G__haiku4.5__rep0.json	PILOT-2020003998	G	0	12	49574	2505	47109	46409	1.0151	
PILOT-2020003998__G__haiku4.5__rep1.json	PILOT-2020003998	G	1	14	49574	2046	47541	46409	1.0244	
PILOT-2020003998__G__haiku4.5__rep2.json	PILOT-2020003998	G	2	12	49574	3481	46197	46409	0.9954	
PILOT-2020003998__G__sonnet4__rep0.json	PILOT-2020003998	G	0	15	49574	2263	47335	46409	1.02	
PILOT-2020003998__G__sonnet4__rep1.json	PILOT-2020003998	G	1	15	49574	2509	47097	46409	1.0148	
PILOT-2020003998__G__sonnet4__rep2.json	PILOT-2020003998	G	2	15	49574	2276	47322	46409	1.0197	
PILOT-2020004768__F__gpt4o-mini__rep0.json	PILOT-2020004768	F	0	5	3302	1149	2315	1332	1.738	
PILOT-2020004768__F__gpt4o-mini__rep1.json	PILOT-2020004768	F	1	0			None		None	no_gen
PILOT-2020004768__F__gpt4o-mini__rep2.json	PILOT-2020004768	F	2	0			None		None	no_gen
PILOT-2020004768__F__gpt5.4__rep0.json	PILOT-2020004768	F	0	20	3302	3275	1176	1332	0.8829	
PILOT-2020004768__F__gpt5.4__rep1.json	PILOT-2020004768	F	1	20	3302	3205	1102	1332	0.8273	
PILOT-2020004768__F__gpt5.4__rep2.json	PILOT-2020004768	F	2	20	3302	3286	1183	1332	0.8881	
PILOT-2020004768__F__haiku4.5__rep0.json	PILOT-2020004768	F	0	20	3302	1082	2275	1332	1.708	
PILOT-2020004768__F__haiku4.5__rep1.json	PILOT-2020004768	F	1	20	3302	2154	1390	1332	1.0435	
PILOT-2020004768__F__haiku4.5__rep2.json	PILOT-2020004768	F	2	20	3302	2543	1154	1332	0.8664	
PILOT-2020004768__F__sonnet4__rep0.json	PILOT-2020004768	F	0	20	3302	3190	841	1332	0.6314	
PILOT-2020004768__F__sonnet4__rep1.json	PILOT-2020004768	F	1	20	3302	3136	670	1332	0.503	
PILOT-2020004768__F__sonnet4__rep2.json	PILOT-2020004768	F	2	20	3302	2993	754	1332	0.5661	
PILOT-2020004768__G__gpt4o-mini__rep0.json	PILOT-2020004768	G	0	5	3302	946	2388	1332	1.7928	
PILOT-2020004768__G__gpt4o-mini__rep1.json	PILOT-2020004768	G	1	0			None		None	no_gen
PILOT-2020004768__G__gpt4o-mini__rep2.json	PILOT-2020004768	G	2	5	3302	983	2384	1332	1.7898	
PILOT-2020004768__G__gpt5.4__rep0.json	PILOT-2020004768	G	0	20	3302	3297	1183	1332	0.8881	
PILOT-2020004768__G__gpt5.4__rep1.json	PILOT-2020004768	G	1	20	3302	3222	1120	1332	0.8408	
PILOT-2020004768__G__gpt5.4__rep2.json	PILOT-2020004768	G	2	20	3302	3246	1148	1332	0.8619	
PILOT-2020004768__G__haiku4.5__rep0.json	PILOT-2020004768	G	0	20	3302	951	2437	1332	1.8296	
PILOT-2020004768__G__haiku4.5__rep1.json	PILOT-2020004768	G	1	20	3302	922	2462	1332	1.8483	
PILOT-2020004768__G__haiku4.5__rep2.json	PILOT-2020004768	G	2	19	3302	1190	2279	1332	1.711	
PILOT-2020004768__G__sonnet4__rep0.json	PILOT-2020004768	G	0	20	3302	3321	973	1332	0.7305	
PILOT-2020004768__G__sonnet4__rep1.json	PILOT-2020004768	G	1	20	3302	3173	836	1332	0.6276	
PILOT-2020004768__G__sonnet4__rep2.json	PILOT-2020004768	G	2	20	3302	3173	836	1332	0.6276	
PILOT-2020006264__F__gpt4o-mini__rep0.json	PILOT-2020006264	F	0	2	4312	1637	2747	753	3.6481	
PILOT-2020006264__F__gpt4o-mini__rep1.json	PILOT-2020006264	F	1	2	4312	1743	2848	753	3.7822	
PILOT-2020006264__F__gpt4o-mini__rep2.json	PILOT-2020006264	F	2	2	4312	1762	2847	753	3.7809	
PILOT-2020006264__F__gpt5.4__rep0.json	PILOT-2020006264	F	0	20	4312	4240	740	753	0.9827	
PILOT-2020006264__F__gpt5.4__rep1.json	PILOT-2020006264	F	1	20	4312	4830	846	753	1.1235	
PILOT-2020006264__F__gpt5.4__rep2.json	PILOT-2020006264	F	2	20	4312	4818	837	753	1.1116	
PILOT-2020006264__F__haiku4.5__rep0.json	PILOT-2020006264	F	0	20	4312	4545	569	753	0.7556	
PILOT-2020006264__F__haiku4.5__rep1.json	PILOT-2020006264	F	1	20	4312	4328	347	753	0.4608	
PILOT-2020006264__F__haiku4.5__rep2.json	PILOT-2020006264	F	2	20	4312	4328	347	753	0.4608	
PILOT-2020006264__F__sonnet4__rep0.json	PILOT-2020006264	F	0	20	4312	4343	361	753	0.4794	
PILOT-2020006264__F__sonnet4__rep1.json	PILOT-2020006264	F	1	20	4312	4264	288	753	0.3825	
PILOT-2020006264__F__sonnet4__rep2.json	PILOT-2020006264	F	2	20	4312	4343	361	753	0.4794	
PILOT-2020006264__G__gpt4o-mini__rep0.json	PILOT-2020006264	G	0	2	4312	1627	2736	753	3.6335	
PILOT-2020006264__G__gpt4o-mini__rep1.json	PILOT-2020006264	G	1	2	4312	1627	2736	753	3.6335	
PILOT-2020006264__G__gpt4o-mini__rep2.json	PILOT-2020006264	G	2	2	4312	1781	2842	753	3.7742	
PILOT-2020006264__G__gpt5.4__rep0.json	PILOT-2020006264	G	0	20	4312	4634	654	753	0.8685	
PILOT-2020006264__G__gpt5.4__rep1.json	PILOT-2020006264	G	1	20	4312	5124	1105	753	1.4675	
PILOT-2020006264__G__gpt5.4__rep2.json	PILOT-2020006264	G	2	20	4312	4583	607	753	0.8061	
PILOT-2020006264__G__haiku4.5__rep0.json	PILOT-2020006264	G	0	20	4312	7157	3004	753	3.9894	
PILOT-2020006264__G__haiku4.5__rep1.json	PILOT-2020006264	G	1	20	4312	7354	3204	753	4.255	
PILOT-2020006264__G__haiku4.5__rep2.json	PILOT-2020006264	G	2	20	4312	5731	1710	753	2.2709	
PILOT-2020006264__G__sonnet4__rep0.json	PILOT-2020006264	G	0	20	4312	4294	316	753	0.4197	
PILOT-2020006264__G__sonnet4__rep1.json	PILOT-2020006264	G	1	20	4312	4294	316	753	0.4197	
PILOT-2020006264__G__sonnet4__rep2.json	PILOT-2020006264	G	2	20	4312	4294	316	753	0.4197	
PILOT-2020006435__F__gpt4o-mini__rep0.json	PILOT-2020006435	F	0	9	5730	2630	3469	1021	3.3976	
PILOT-2020006435__F__gpt4o-mini__rep1.json	PILOT-2020006435	F	1	33	5730	6021	1079	1021	1.0568	
PILOT-2020006435__F__gpt4o-mini__rep2.json	PILOT-2020006435	F	2	29	5730	4833	1025	1021	1.0039	
PILOT-2020006435__F__gpt5.4__rep0.json	PILOT-2020006435	F	0	33	5730	6233	1318	1021	1.2909	
PILOT-2020006435__F__gpt5.4__rep1.json	PILOT-2020006435	F	1	33	5730	6105	1158	1021	1.1342	
PILOT-2020006435__F__gpt5.4__rep2.json	PILOT-2020006435	F	2	33	5730	6647	1684	1021	1.6494	
PILOT-2020006435__F__haiku4.5__rep0.json	PILOT-2020006435	F	0	33	5730	7622	2530	1021	2.478	
PILOT-2020006435__F__haiku4.5__rep1.json	PILOT-2020006435	F	1	33	5730	8030	2945	1021	2.8844	
PILOT-2020006435__F__haiku4.5__rep2.json	PILOT-2020006435	F	2	33	5730	6399	1445	1021	1.4153	
PILOT-2020006435__F__sonnet4__rep0.json	PILOT-2020006435	F	0	33	5730	5910	984	1021	0.9638	
PILOT-2020006435__F__sonnet4__rep1.json	PILOT-2020006435	F	1	33	5730	5904	978	1021	0.9579	
PILOT-2020006435__F__sonnet4__rep2.json	PILOT-2020006435	F	2	33	5730	5896	970	1021	0.95	
PILOT-2020006435__G__gpt4o-mini__rep0.json	PILOT-2020006435	G	0	10	5730	2623	3551	1021	3.478	
PILOT-2020006435__G__gpt4o-mini__rep1.json	PILOT-2020006435	G	1	4	5730	867	4872	1021	4.7718	
PILOT-2020006435__G__gpt4o-mini__rep2.json	PILOT-2020006435	G	2	33	5730	5584	646	1021	0.6327	
PILOT-2020006435__G__gpt5.4__rep0.json	PILOT-2020006435	G	0	33	5730	5847	926	1021	0.907	
PILOT-2020006435__G__gpt5.4__rep1.json	PILOT-2020006435	G	1	33	5730	6347	1402	1021	1.3732	
PILOT-2020006435__G__gpt5.4__rep2.json	PILOT-2020006435	G	2	33	5730	6501	1587	1021	1.5544	
PILOT-2020006435__G__haiku4.5__rep0.json	PILOT-2020006435	G	0	33	5730	6457	1518	1021	1.4868	
PILOT-2020006435__G__haiku4.5__rep1.json	PILOT-2020006435	G	1	33	5730	6420	1481	1021	1.4505	
PILOT-2020006435__G__haiku4.5__rep2.json	PILOT-2020006435	G	2	33	5730	6563	1600	1021	1.5671	
PILOT-2020006435__G__sonnet4__rep0.json	PILOT-2020006435	G	0	33	5730	5910	982	1021	0.9618	
PILOT-2020006435__G__sonnet4__rep1.json	PILOT-2020006435	G	1	33	5730	5540	603	1021	0.5906	
PILOT-2020006435__G__sonnet4__rep2.json	PILOT-2020006435	G	2	33	5730	5503	589	1021	0.5769	
PILOT-2021000834__F__gpt4o-mini__rep0.json	PILOT-2021000834	F	0	6	4172	1659	2825	617	4.5786	
PILOT-2021000834__F__gpt4o-mini__rep1.json	PILOT-2021000834	F	1	0			None		None	no_gen
PILOT-2021000834__F__gpt4o-mini__rep2.json	PILOT-2021000834	F	2	6	4172	1060	3137	617	5.0843	
PILOT-2021000834__F__gpt5.4__rep0.json	PILOT-2021000834	F	0	20	4172	4472	395	617	0.6402	
PILOT-2021000834__F__gpt5.4__rep1.json	PILOT-2021000834	F	1	20	4172	4412	336	617	0.5446	
PILOT-2021000834__F__gpt5.4__rep2.json	PILOT-2021000834	F	2	20	4172	4443	373	617	0.6045	
PILOT-2021000834__F__haiku4.5__rep0.json	PILOT-2021000834	F	0	20	4172	4348	272	617	0.4408	
PILOT-2021000834__F__haiku4.5__rep1.json	PILOT-2021000834	F	1	20	4172	4268	199	617	0.3225	
PILOT-2021000834__F__haiku4.5__rep2.json	PILOT-2021000834	F	2	20	4172	4216	146	617	0.2366	
PILOT-2021000834__F__sonnet4__rep0.json	PILOT-2021000834	F	0	20	4172	4527	418	617	0.6775	
PILOT-2021000834__F__sonnet4__rep1.json	PILOT-2021000834	F	1	20	4172	5127	1041	617	1.6872	
PILOT-2021000834__F__sonnet4__rep2.json	PILOT-2021000834	F	2	20	4172	4643	566	617	0.9173	
PILOT-2021000834__G__gpt4o-mini__rep0.json	PILOT-2021000834	G	0	6	4172	1215	3018	617	4.8914	
PILOT-2021000834__G__gpt4o-mini__rep1.json	PILOT-2021000834	G	1	6	4172	1118	3089	617	5.0065	
PILOT-2021000834__G__gpt4o-mini__rep2.json	PILOT-2021000834	G	2	6	4172	1395	2896	617	4.6937	
PILOT-2021000834__G__gpt5.4__rep0.json	PILOT-2021000834	G	0	20	4172	4494	352	617	0.5705	
PILOT-2021000834__G__gpt5.4__rep1.json	PILOT-2021000834	G	1	20	4172	4494	352	617	0.5705	
PILOT-2021000834__G__gpt5.4__rep2.json	PILOT-2021000834	G	2	7	4172	1393	2907	617	4.7115	
PILOT-2021000834__G__haiku4.5__rep0.json	PILOT-2021000834	G	0	20	4172	4487	328	617	0.5316	
PILOT-2021000834__G__haiku4.5__rep1.json	PILOT-2021000834	G	1	20	4172	4378	218	617	0.3533	
PILOT-2021000834__G__haiku4.5__rep2.json	PILOT-2021000834	G	2	20	4172	4711	549	617	0.8898	
PILOT-2021000834__G__sonnet4__rep0.json	PILOT-2021000834	G	0	20	4172	4458	297	617	0.4814	
PILOT-2021000834__G__sonnet4__rep1.json	PILOT-2021000834	G	1	20	4172	4503	348	617	0.564	
PILOT-2021000834__G__sonnet4__rep2.json	PILOT-2021000834	G	2	20	4172	4569	414	617	0.671	
PILOT-2021001124__F__gpt4o-mini__rep0.json	PILOT-2021001124	F	0	0			None		None	no_gen
PILOT-2021001124__F__gpt4o-mini__rep1.json	PILOT-2021001124	F	1	0			None		None	no_gen
PILOT-2021001124__F__gpt4o-mini__rep2.json	PILOT-2021001124	F	2	0			None		None	no_gen
PILOT-2021001124__F__gpt5.4__rep0.json	PILOT-2021001124	F	0	15	6936	9162	2377	6855	0.3468	
PILOT-2021001124__F__gpt5.4__rep1.json	PILOT-2021001124	F	1	15	6936	8066	1279	6855	0.1866	
PILOT-2021001124__F__gpt5.4__rep2.json	PILOT-2021001124	F	2	15	6936	8514	1727	6855	0.2519	
PILOT-2021001124__F__haiku4.5__rep0.json	PILOT-2021001124	F	0	11	6936	8254	2544	6855	0.3711	
PILOT-2021001124__F__haiku4.5__rep1.json	PILOT-2021001124	F	1	11	6936	7404	1969	6855	0.2872	
PILOT-2021001124__F__haiku4.5__rep2.json	PILOT-2021001124	F	2	11	6936	8431	2656	6855	0.3875	
PILOT-2021001124__F__sonnet4__rep0.json	PILOT-2021001124	F	0	15	6936	7460	672	6855	0.098	
PILOT-2021001124__F__sonnet4__rep1.json	PILOT-2021001124	F	1	15	6936	7824	1041	6855	0.1519	
PILOT-2021001124__F__sonnet4__rep2.json	PILOT-2021001124	F	2	15	6936	7814	1031	6855	0.1504	
PILOT-2021001124__G__gpt4o-mini__rep0.json	PILOT-2021001124	G	0	0			None		None	no_gen
PILOT-2021001124__G__gpt4o-mini__rep1.json	PILOT-2021001124	G	1	8	6936	5302	1940	6855	0.283	
PILOT-2021001124__G__gpt4o-mini__rep2.json	PILOT-2021001124	G	2	7	6936	5776	1819	6855	0.2654	
PILOT-2021001124__G__gpt5.4__rep0.json	PILOT-2021001124	G	0	15	6936	9220	2416	6855	0.3524	
PILOT-2021001124__G__gpt5.4__rep1.json	PILOT-2021001124	G	1	15	6936	7893	1108	6855	0.1616	
PILOT-2021001124__G__gpt5.4__rep2.json	PILOT-2021001124	G	2	15	6936	8007	1224	6855	0.1786	
PILOT-2021001124__G__haiku4.5__rep0.json	PILOT-2021001124	G	0	11	6936	8679	3347	6855	0.4883	
PILOT-2021001124__G__haiku4.5__rep1.json	PILOT-2021001124	G	1	11	6936	8081	2685	6855	0.3917	
PILOT-2021001124__G__haiku4.5__rep2.json	PILOT-2021001124	G	2	11	6936	7639	2083	6855	0.3039	
PILOT-2021001124__G__sonnet4__rep0.json	PILOT-2021001124	G	0	15	6936	7699	911	6855	0.1329	
PILOT-2021001124__G__sonnet4__rep1.json	PILOT-2021001124	G	1	15	6936	7696	913	6855	0.1332	
PILOT-2021001124__G__sonnet4__rep2.json	PILOT-2021001124	G	2	15	6936	7693	905	6855	0.132	
PILOT-2021002328__F__gpt4o-mini__rep0.json	PILOT-2021002328	F	0	0			None		None	no_gen
PILOT-2021002328__F__gpt4o-mini__rep1.json	PILOT-2021002328	F	1	0			None		None	no_gen
PILOT-2021002328__F__gpt4o-mini__rep2.json	PILOT-2021002328	F	2	0			None		None	no_gen
PILOT-2021002328__F__gpt5.4__rep0.json	PILOT-2021002328	F	0	14	15772	5273	10919	10393	1.0506	
PILOT-2021002328__F__gpt5.4__rep1.json	PILOT-2021002328	F	1	14	15772	5015	10864	10393	1.0453	
PILOT-2021002328__F__gpt5.4__rep2.json	PILOT-2021002328	F	2	14	15772	5366	10657	10393	1.0254	
PILOT-2021002328__F__haiku4.5__rep0.json	PILOT-2021002328	F	0	40	15772	15684	1583	10393	0.1523	
PILOT-2021002328__F__haiku4.5__rep1.json	PILOT-2021002328	F	1	40	15772	15376	1191	10393	0.1146	
PILOT-2021002328__F__haiku4.5__rep2.json	PILOT-2021002328	F	2	40	15772	15428	1151	10393	0.1107	
PILOT-2021002328__F__sonnet4__rep0.json	PILOT-2021002328	F	0	14	15772	4978	10979	10393	1.0564	
PILOT-2021002328__F__sonnet4__rep1.json	PILOT-2021002328	F	1	14	15772	5261	10793	10393	1.0385	
PILOT-2021002328__F__sonnet4__rep2.json	PILOT-2021002328	F	2	14	15772	5095	10905	10393	1.0493	
PILOT-2021002328__G__gpt4o-mini__rep0.json	PILOT-2021002328	G	0	0			None		None	no_gen
PILOT-2021002328__G__gpt4o-mini__rep1.json	PILOT-2021002328	G	1	0			None		None	no_gen
PILOT-2021002328__G__gpt4o-mini__rep2.json	PILOT-2021002328	G	2	0			None		None	no_gen
PILOT-2021002328__G__gpt5.4__rep0.json	PILOT-2021002328	G	0	14	15772	5416	10967	10393	1.0552	
PILOT-2021002328__G__gpt5.4__rep1.json	PILOT-2021002328	G	1	14	15772	5198	10834	10393	1.0424	
PILOT-2021002328__G__gpt5.4__rep2.json	PILOT-2021002328	G	2	14	15772	5939	10543	10393	1.0144	
PILOT-2021002328__G__haiku4.5__rep0.json	PILOT-2021002328	G	0	40	15772	4896	11349	10393	1.092	
PILOT-2021002328__G__haiku4.5__rep1.json	PILOT-2021002328	G	1	40	15772	4920	11344	10393	1.0915	
PILOT-2021002328__G__haiku4.5__rep2.json	PILOT-2021002328	G	2	40	15772	4886	11353	10393	1.0924	
PILOT-2021002328__G__sonnet4__rep0.json	PILOT-2021002328	G	0	14	15772	5047	10909	10393	1.0496	
PILOT-2021002328__G__sonnet4__rep1.json	PILOT-2021002328	G	1	14	15772	5130	10826	10393	1.0417	
PILOT-2021002328__G__sonnet4__rep2.json	PILOT-2021002328	G	2	14	15772	5667	10921	10393	1.0508	
PILOT-2021003980__F__gpt4o-mini__rep0.json	PILOT-2021003980	F	0	6	6336	2425	4201	844	4.9775	
PILOT-2021003980__F__gpt4o-mini__rep1.json	PILOT-2021003980	F	1	4	6336	2561	3925	844	4.6505	
PILOT-2021003980__F__gpt4o-mini__rep2.json	PILOT-2021003980	F	2	12	6336	4220	2173	844	2.5746	
PILOT-2021003980__F__gpt5.4__rep0.json	PILOT-2021003980	F	0	20	6336	7117	782	844	0.9265	
PILOT-2021003980__F__gpt5.4__rep1.json	PILOT-2021003980	F	1	20	6336	6723	388	844	0.4597	
PILOT-2021003980__F__gpt5.4__rep2.json	PILOT-2021003980	F	2	20	6336	7554	1219	844	1.4443	
PILOT-2021003980__F__haiku4.5__rep0.json	PILOT-2021003980	F	0	16	6336	7254	3214	844	3.8081	
PILOT-2021003980__F__haiku4.5__rep1.json	PILOT-2021003980	F	1	20	6336	2932	3915	844	4.6386	
PILOT-2021003980__F__haiku4.5__rep2.json	PILOT-2021003980	F	2	20	6336	7895	1561	844	1.8495	
PILOT-2021003980__F__sonnet4__rep0.json	PILOT-2021003980	F	0	20	6336	7179	845	844	1.0012	
PILOT-2021003980__F__sonnet4__rep1.json	PILOT-2021003980	F	1	20	6336	7181	846	844	1.0024	
PILOT-2021003980__F__sonnet4__rep2.json	PILOT-2021003980	F	2	20	6336	7181	847	844	1.0036	
PILOT-2021003980__G__gpt4o-mini__rep0.json	PILOT-2021003980	G	0	3	6336	1561	4778	844	5.6611	
PILOT-2021003980__G__gpt4o-mini__rep1.json	PILOT-2021003980	G	1	0			None		None	no_gen
PILOT-2021003980__G__gpt4o-mini__rep2.json	PILOT-2021003980	G	2	4	6336	1873	4511	844	5.3448	
PILOT-2021003980__G__gpt5.4__rep0.json	PILOT-2021003980	G	0	16	6336	5089	1805	844	2.1386	
PILOT-2021003980__G__gpt5.4__rep1.json	PILOT-2021003980	G	1	16	6336	5775	2191	844	2.596	
PILOT-2021003980__G__gpt5.4__rep2.json	PILOT-2021003980	G	2	20	6336	7633	1306	844	1.5474	
PILOT-2021003980__G__haiku4.5__rep0.json	PILOT-2021003980	G	0	20	6336	8298	1964	844	2.327	
PILOT-2021003980__G__haiku4.5__rep1.json	PILOT-2021003980	G	1	20	6336	8674	2340	844	2.7725	
PILOT-2021003980__G__haiku4.5__rep2.json	PILOT-2021003980	G	2	20	6336	8420	2086	844	2.4716	
PILOT-2021003980__G__sonnet4__rep0.json	PILOT-2021003980	G	0	20	6336	7177	843	844	0.9988	
PILOT-2021003980__G__sonnet4__rep1.json	PILOT-2021003980	G	1	20	6336	6812	478	844	0.5664	
PILOT-2021003980__G__sonnet4__rep2.json	PILOT-2021003980	G	2	20	6336	7189	854	844	1.0118	
PILOT-2022000316__F__gpt4o-mini__rep0.json	PILOT-2022000316	F	0	4	12208	279	11937	9265	1.2884	
PILOT-2022000316__F__gpt4o-mini__rep1.json	PILOT-2022000316	F	1	5	12208	1938	10332	9265	1.1152	
PILOT-2022000316__F__gpt4o-mini__rep2.json	PILOT-2022000316	F	2	4	12208	982	11227	9265	1.2118	
PILOT-2022000316__F__gpt5.4__rep0.json	PILOT-2022000316	F	0	25	12208	12946	970	9265	0.1047	
PILOT-2022000316__F__gpt5.4__rep1.json	PILOT-2022000316	F	1	25	12208	12860	897	9265	0.0968	
PILOT-2022000316__F__gpt5.4__rep2.json	PILOT-2022000316	F	2	25	12208	12839	869	9265	0.0938	
PILOT-2022000316__F__haiku4.5__rep0.json	PILOT-2022000316	F	0	25	12208	3170	9255	9265	0.9989	
PILOT-2022000316__F__haiku4.5__rep1.json	PILOT-2022000316	F	1	25	12208	3351	9035	9265	0.9752	
PILOT-2022000316__F__haiku4.5__rep2.json	PILOT-2022000316	F	2	25	12208	13884	1905	9265	0.2056	
PILOT-2022000316__F__sonnet4__rep0.json	PILOT-2022000316	F	0	25	12208	12283	528	9265	0.057	
PILOT-2022000316__F__sonnet4__rep1.json	PILOT-2022000316	F	1	25	12208	12907	926	9265	0.0999	
PILOT-2022000316__F__sonnet4__rep2.json	PILOT-2022000316	F	2	25	12208	12941	962	9265	0.1038	
PILOT-2022000316__G__gpt4o-mini__rep0.json	PILOT-2022000316	G	0	4	12208	1027	11209	9265	1.2098	
PILOT-2022000316__G__gpt4o-mini__rep1.json	PILOT-2022000316	G	1	4	12208	801	11422	9265	1.2328	
PILOT-2022000316__G__gpt4o-mini__rep2.json	PILOT-2022000316	G	2	4	12208	829	11394	9265	1.2298	
PILOT-2022000316__G__gpt5.4__rep0.json	PILOT-2022000316	G	0	25	12208	12271	533	9265	0.0575	
PILOT-2022000316__G__gpt5.4__rep1.json	PILOT-2022000316	G	1	25	12208	12638	905	9265	0.0977	
PILOT-2022000316__G__gpt5.4__rep2.json	PILOT-2022000316	G	2	25	12208	12665	929	9265	0.1003	
PILOT-2022000316__G__haiku4.5__rep0.json	PILOT-2022000316	G	0	25	12208	3995	8572	9265	0.9252	
PILOT-2022000316__G__haiku4.5__rep1.json	PILOT-2022000316	G	1	25	12208	3995	8572	9265	0.9252	
PILOT-2022000316__G__haiku4.5__rep2.json	PILOT-2022000316	G	2	25	12208	3995	8572	9265	0.9252	
PILOT-2022000316__G__sonnet4__rep0.json	PILOT-2022000316	G	0	25	12208	12981	1017	9265	0.1098	
PILOT-2022000316__G__sonnet4__rep1.json	PILOT-2022000316	G	1	25	12208	12216	532	9265	0.0574	
PILOT-2022000316__G__sonnet4__rep2.json	PILOT-2022000316	G	2	25	12208	12927	974	9265	0.1051	
PILOT-2022001087__F__gpt4o-mini__rep0.json	PILOT-2022001087	F	0	24	9892	8019	1926	2682	0.7181	
PILOT-2022001087__F__gpt4o-mini__rep1.json	PILOT-2022001087	F	1	12	9892	4076	5859	2682	2.1846	
PILOT-2022001087__F__gpt4o-mini__rep2.json	PILOT-2022001087	F	2	13	9892	4539	5461	2682	2.0362	
PILOT-2022001087__F__gpt5.4__rep0.json	PILOT-2022001087	F	0	24	9892	7995	1990	2682	0.742	
PILOT-2022001087__F__gpt5.4__rep1.json	PILOT-2022001087	F	1	24	9892	8403	1689	2682	0.6298	
PILOT-2022001087__F__gpt5.4__rep2.json	PILOT-2022001087	F	2	24	9892	8415	1715	2682	0.6394	
PILOT-2022001087__F__haiku4.5__rep0.json	PILOT-2022001087	F	0	24	9892	4707	5496	2682	2.0492	
PILOT-2022001087__F__haiku4.5__rep1.json	PILOT-2022001087	F	1	24	9892	6327	3814	2682	1.4221	
PILOT-2022001087__F__haiku4.5__rep2.json	PILOT-2022001087	F	2	24	9892	6211	4005	2682	1.4933	
PILOT-2022001087__F__sonnet4__rep0.json	PILOT-2022001087	F	0	24	9892	8586	1662	2682	0.6197	
PILOT-2022001087__F__sonnet4__rep1.json	PILOT-2022001087	F	1	24	9892	8125	2106	2682	0.7852	
PILOT-2022001087__F__sonnet4__rep2.json	PILOT-2022001087	F	2	24	9892	8528	1818	2682	0.6779	
PILOT-2022001087__G__gpt4o-mini__rep0.json	PILOT-2022001087	G	0	24	9892	8263	2023	2682	0.7543	
PILOT-2022001087__G__gpt4o-mini__rep1.json	PILOT-2022001087	G	1	24	9892	8209	1897	2682	0.7073	
PILOT-2022001087__G__gpt4o-mini__rep2.json	PILOT-2022001087	G	2	14	9892	4359	5631	2682	2.0996	
PILOT-2022001087__G__gpt5.4__rep0.json	PILOT-2022001087	G	0	24	9892	8001	2037	2682	0.7595	
PILOT-2022001087__G__gpt5.4__rep1.json	PILOT-2022001087	G	1	24	9892	7959	2327	2682	0.8676	
PILOT-2022001087__G__gpt5.4__rep2.json	PILOT-2022001087	G	2	24	9892	7792	2228	2682	0.8307	
PILOT-2022001087__G__haiku4.5__rep0.json	PILOT-2022001087	G	0	24	9892	8197	2816	2682	1.05	
PILOT-2022001087__G__haiku4.5__rep1.json	PILOT-2022001087	G	1	24	9892	7382	3293	2682	1.2278	
PILOT-2022001087__G__haiku4.5__rep2.json	PILOT-2022001087	G	2	24	9892	8150	2818	2682	1.0507	
PILOT-2022001087__G__sonnet4__rep0.json	PILOT-2022001087	G	0	24	9892	7024	2987	2682	1.1137	
PILOT-2022001087__G__sonnet4__rep1.json	PILOT-2022001087	G	1	24	9892	7418	2755	2682	1.0272	
PILOT-2022001087__G__sonnet4__rep2.json	PILOT-2022001087	G	2	24	9892	7968	2062	2682	0.7688	
