file	case	cond	rep	c3	c3_recall	c3_prec	c3_f1	n_claims	reason
PILOT-2009010505__F__gpt4o-mini__rep0.json	PILOT-2009010505	F	0	0.729	0.9398	0.7626	0.8367	28	
PILOT-2009010505__F__gpt4o-mini__rep1.json	PILOT-2009010505	F	1	None				0	no_gen
PILOT-2009010505__F__gpt4o-mini__rep2.json	PILOT-2009010505	F	2	None				0	no_gen
PILOT-2009010505__F__gpt5.4__rep0.json	PILOT-2009010505	F	0	0.9308	0.9588	0.9719	0.9596	28	
PILOT-2009010505__F__gpt5.4__rep1.json	PILOT-2009010505	F	1	0.8221	0.9499	0.8569	0.894	23	
PILOT-2009010505__F__gpt5.4__rep2.json	PILOT-2009010505	F	2	0.9387	0.9588	0.9799	0.9646	28	
PILOT-2009010505__F__haiku4.5__rep0.json	PILOT-2009010505	F	0	0.7285	0.9588	0.7583	0.8297	28	
PILOT-2009010505__F__haiku4.5__rep1.json	PILOT-2009010505	F	1	0.7227	0.9588	0.7429	0.8259	28	
PILOT-2009010505__F__haiku4.5__rep2.json	PILOT-2009010505	F	2	0.5892	0.9588	0.6061	0.7336	28	
PILOT-2009010505__F__sonnet4__rep0.json	PILOT-2009010505	F	0	0.9451	0.9588	0.9862	0.9683	28	
PILOT-2009010505__F__sonnet4__rep1.json	PILOT-2009010505	F	1	0.6196	0.9588	0.6376	0.7572	28	
PILOT-2009010505__F__sonnet4__rep2.json	PILOT-2009010505	F	2	0.9376	0.9588	0.9788	0.964	28	
PILOT-2009010505__G__gpt4o-mini__rep0.json	PILOT-2009010505	G	0	0.5948	0.8182	0.6582	0.7291	2	
PILOT-2009010505__G__gpt4o-mini__rep1.json	PILOT-2009010505	G	1	None				0	no_gen
PILOT-2009010505__G__gpt4o-mini__rep2.json	PILOT-2009010505	G	2	0.6077	0.8182	0.6805	0.7419	2	
PILOT-2009010505__G__gpt5.4__rep0.json	PILOT-2009010505	G	0	0.8596	0.952	0.9007	0.918	24	
PILOT-2009010505__G__gpt5.4__rep1.json	PILOT-2009010505	G	1	0.928	0.9557	0.9723	0.9581	26	
PILOT-2009010505__G__gpt5.4__rep2.json	PILOT-2009010505	G	2	0.9157	0.9499	0.9658	0.9509	23	
PILOT-2009010505__G__haiku4.5__rep0.json	PILOT-2009010505	G	0	0.7059	0.9539	0.7317	0.8228	25	
PILOT-2009010505__G__haiku4.5__rep1.json	PILOT-2009010505	G	1	0.6657	0.9539	0.6855	0.792	25	
PILOT-2009010505__G__haiku4.5__rep2.json	PILOT-2009010505	G	2	0.6267	0.9588	0.6452	0.7649	28	
PILOT-2009010505__G__sonnet4__rep0.json	PILOT-2009010505	G	0	0.8305	0.9588	0.8633	0.8926	28	
PILOT-2009010505__G__sonnet4__rep1.json	PILOT-2009010505	G	1	0.9173	0.9588	0.9585	0.9509	28	
PILOT-2009010505__G__sonnet4__rep2.json	PILOT-2009010505	G	2	0.9255	0.9588	0.9666	0.9565	28	
PILOT-2010007757__F__gpt4o-mini__rep0.json	PILOT-2010007757	F	0	0.8611	1.0	0.8611	0.9123	3	
PILOT-2010007757__F__gpt4o-mini__rep1.json	PILOT-2010007757	F	1	0.6111	1.0	0.6111	0.745	3	
PILOT-2010007757__F__gpt4o-mini__rep2.json	PILOT-2010007757	F	2	0.6014	1.0	0.6014	0.7441	3	
PILOT-2010007757__F__gpt5.4__rep0.json	PILOT-2010007757	F	0	0.7148	1.0	0.7148	0.8328	3	
PILOT-2010007757__F__gpt5.4__rep1.json	PILOT-2010007757	F	1	0.9488	0.9804	0.9684	0.9698	17	
PILOT-2010007757__F__gpt5.4__rep2.json	PILOT-2010007757	F	2	0.8788	1.0	0.8788	0.9259	3	
PILOT-2010007757__F__haiku4.5__rep0.json	PILOT-2010007757	F	0	0.7333	1.0	0.7333	0.8301	3	
PILOT-2010007757__F__haiku4.5__rep1.json	PILOT-2010007757	F	1	0.7333	1.0	0.7333	0.8301	3	
PILOT-2010007757__F__haiku4.5__rep2.json	PILOT-2010007757	F	2	0.7333	1.0	0.7333	0.8301	3	
PILOT-2010007757__F__sonnet4__rep0.json	PILOT-2010007757	F	0	0.901	0.9804	0.9206	0.9438	17	
PILOT-2010007757__F__sonnet4__rep1.json	PILOT-2010007757	F	1	0.8879	0.9804	0.9075	0.9358	17	
PILOT-2010007757__F__sonnet4__rep2.json	PILOT-2010007757	F	2	0.9346	0.9804	0.9542	0.9634	17	
PILOT-2010007757__G__gpt4o-mini__rep0.json	PILOT-2010007757	G	0	0.6398	0.9524	0.662	0.7662	3	
PILOT-2010007757__G__gpt4o-mini__rep1.json	PILOT-2010007757	G	1	None				0	no_gen
PILOT-2010007757__G__gpt4o-mini__rep2.json	PILOT-2010007757	G	2	0.5125	0.9644	0.5269	0.6675	15	
PILOT-2010007757__G__gpt5.4__rep0.json	PILOT-2010007757	G	0	0.8788	1.0	0.8788	0.9259	3	
PILOT-2010007757__G__gpt5.4__rep1.json	PILOT-2010007757	G	1	0.9488	0.9804	0.9684	0.9698	17	
PILOT-2010007757__G__gpt5.4__rep2.json	PILOT-2010007757	G	2	0.9265	0.9804	0.9461	0.9563	17	
PILOT-2010007757__G__haiku4.5__rep0.json	PILOT-2010007757	G	0	0.7407	1.0	0.7407	0.8301	3	
PILOT-2010007757__G__haiku4.5__rep1.json	PILOT-2010007757	G	1	0.6677	1.0	0.6677	0.8004	3	
PILOT-2010007757__G__haiku4.5__rep2.json	PILOT-2010007757	G	2	0.7037	1.0	0.7037	0.7917	3	
PILOT-2010007757__G__sonnet4__rep0.json	PILOT-2010007757	G	0	0.9096	0.9804	0.9292	0.9486	17	
PILOT-2010007757__G__sonnet4__rep1.json	PILOT-2010007757	G	1	0.9096	0.9804	0.9292	0.9486	17	
PILOT-2010007757__G__sonnet4__rep2.json	PILOT-2010007757	G	2	0.9096	0.9804	0.9292	0.9486	17	
PILOT-2010008015__F__gpt4o-mini__rep0.json	PILOT-2010008015	F	0	None				0	no_gen
PILOT-2010008015__F__gpt4o-mini__rep1.json	PILOT-2010008015	F	1	0.7708	1.0	0.7708	0.8619	4	
PILOT-2010008015__F__gpt4o-mini__rep2.json	PILOT-2010008015	F	2	None				0	no_gen
PILOT-2010008015__F__gpt5.4__rep0.json	PILOT-2010008015	F	0	0.9522	0.98	0.9707	0.973	28	
PILOT-2010008015__F__gpt5.4__rep1.json	PILOT-2010008015	F	1	0.9319	0.9733	0.95	0.9613	5	
PILOT-2010008015__F__gpt5.4__rep2.json	PILOT-2010008015	F	2	0.9646	0.98	0.9831	0.9801	28	
PILOT-2010008015__F__haiku4.5__rep0.json	PILOT-2010008015	F	0	0.7965	0.9764	0.8115	0.8776	28	
PILOT-2010008015__F__haiku4.5__rep1.json	PILOT-2010008015	F	1	0.9001	0.9805	0.9189	0.9403	27	
PILOT-2010008015__F__haiku4.5__rep2.json	PILOT-2010008015	F	2	0.9196	0.9764	0.9404	0.9531	28	
PILOT-2010008015__F__sonnet4__rep0.json	PILOT-2010008015	F	0	0.9599	0.9764	0.9819	0.9772	28	
PILOT-2010008015__F__sonnet4__rep1.json	PILOT-2010008015	F	1	0.9623	0.9764	0.9844	0.9789	28	
PILOT-2010008015__F__sonnet4__rep2.json	PILOT-2010008015	F	2	0.9637	0.9764	0.9858	0.9798	28	
PILOT-2010008015__G__gpt4o-mini__rep0.json	PILOT-2010008015	G	0	0.6401	0.9733	0.6499	0.7747	5	
PILOT-2010008015__G__gpt4o-mini__rep1.json	PILOT-2010008015	G	1	0.5933	0.9733	0.6031	0.7387	5	
PILOT-2010008015__G__gpt4o-mini__rep2.json	PILOT-2010008015	G	2	0.8631	0.9752	0.8827	0.9219	28	
PILOT-2010008015__G__gpt5.4__rep0.json	PILOT-2010008015	G	0	0.8285	0.9733	0.8446	0.8982	5	
PILOT-2010008015__G__gpt5.4__rep1.json	PILOT-2010008015	G	1	0.969	0.9764	0.9911	0.9828	28	
PILOT-2010008015__G__gpt5.4__rep2.json	PILOT-2010008015	G	2	0.7998	0.9733	0.8179	0.8818	5	
PILOT-2010008015__G__haiku4.5__rep0.json	PILOT-2010008015	G	0	0.9265	0.9764	0.9478	0.9576	28	
PILOT-2010008015__G__haiku4.5__rep1.json	PILOT-2010008015	G	1	0.9379	0.9764	0.9592	0.9655	28	
PILOT-2010008015__G__haiku4.5__rep2.json	PILOT-2010008015	G	2	0.9335	0.9764	0.9547	0.9621	28	
PILOT-2010008015__G__sonnet4__rep0.json	PILOT-2010008015	G	0	0.9429	0.9764	0.9647	0.9676	28	
PILOT-2010008015__G__sonnet4__rep1.json	PILOT-2010008015	G	1	0.9676	0.9812	0.9864	0.9818	28	
PILOT-2010008015__G__sonnet4__rep2.json	PILOT-2010008015	G	2	0.9637	0.9764	0.9858	0.9798	28	
PILOT-2010010196__F__gpt4o-mini__rep0.json	PILOT-2010010196	F	0	None				0	no_gen
PILOT-2010010196__F__gpt4o-mini__rep1.json	PILOT-2010010196	F	1	0.8056	0.9524	0.8413	0.8857	3	
PILOT-2010010196__F__gpt4o-mini__rep2.json	PILOT-2010010196	F	2	0.8435	1.0	0.8435	0.9137	2	
PILOT-2010010196__F__gpt5.4__rep0.json	PILOT-2010010196	F	0	0.9343	0.9975	0.936	0.9604	20	
PILOT-2010010196__F__gpt5.4__rep1.json	PILOT-2010010196	F	1	0.9404	0.9972	0.9432	0.9652	18	
PILOT-2010010196__F__gpt5.4__rep2.json	PILOT-2010010196	F	2	0.9454	0.9761	0.9623	0.9669	20	
PILOT-2010010196__F__haiku4.5__rep0.json	PILOT-2010010196	F	0	0.9643	0.9971	0.9672	0.9803	17	
PILOT-2010010196__F__haiku4.5__rep1.json	PILOT-2010010196	F	1	0.9657	0.9975	0.9682	0.9807	20	
PILOT-2010010196__F__haiku4.5__rep2.json	PILOT-2010010196	F	2	0.9643	0.9971	0.9672	0.9803	17	
PILOT-2010010196__F__sonnet4__rep0.json	PILOT-2010010196	F	0	0.9791	0.9975	0.9816	0.9889	20	
PILOT-2010010196__F__sonnet4__rep1.json	PILOT-2010010196	F	1	0.9791	0.9975	0.9816	0.9889	20	
PILOT-2010010196__F__sonnet4__rep2.json	PILOT-2010010196	F	2	0.9791	0.9975	0.9816	0.9889	20	
PILOT-2010010196__G__gpt4o-mini__rep0.json	PILOT-2010010196	G	0	0.8413	0.975	0.8639	0.9125	2	
PILOT-2010010196__G__gpt4o-mini__rep1.json	PILOT-2010010196	G	1	0.8274	0.9035	0.9035	0.9035	2	
PILOT-2010010196__G__gpt4o-mini__rep2.json	PILOT-2010010196	G	2	0.8083	0.9035	0.875	0.8872	2	
PILOT-2010010196__G__gpt5.4__rep0.json	PILOT-2010010196	G	0	0.9454	0.9761	0.9623	0.9669	20	
PILOT-2010010196__G__gpt5.4__rep1.json	PILOT-2010010196	G	1	0.9784	1.0	0.9784	0.9885	20	
PILOT-2010010196__G__gpt5.4__rep2.json	PILOT-2010010196	G	2	0.913	0.9734	0.9317	0.9453	18	
PILOT-2010010196__G__haiku4.5__rep0.json	PILOT-2010010196	G	0	0.9603	0.9971	0.9632	0.9778	17	
PILOT-2010010196__G__haiku4.5__rep1.json	PILOT-2010010196	G	1	0.9387	0.9972	0.9415	0.965	18	
PILOT-2010010196__G__haiku4.5__rep2.json	PILOT-2010010196	G	2	0.9387	0.9972	0.9415	0.965	18	
PILOT-2010010196__G__sonnet4__rep0.json	PILOT-2010010196	G	0	0.9791	0.9975	0.9816	0.9889	20	
PILOT-2010010196__G__sonnet4__rep1.json	PILOT-2010010196	G	1	0.9791	0.9975	0.9816	0.9889	20	
PILOT-2010010196__G__sonnet4__rep2.json	PILOT-2010010196	G	2	0.9791	0.9975	0.9816	0.9889	20	
PILOT-2010011970__F__gpt4o-mini__rep0.json	PILOT-2010011970	F	0	0.8731	1.0	0.8731	0.9322	3	
PILOT-2010011970__F__gpt4o-mini__rep1.json	PILOT-2010011970	F	1	0.8731	1.0	0.8731	0.9322	3	
PILOT-2010011970__F__gpt4o-mini__rep2.json	PILOT-2010011970	F	2	0.9116	1.0	0.9116	0.9538	3	
PILOT-2010011970__F__gpt5.4__rep0.json	PILOT-2010011970	F	0	0.3808	0.6468	0.4828	0.5514	4	
PILOT-2010011970__F__gpt5.4__rep1.json	PILOT-2010011970	F	1	0.8889	0.8889	1.0	0.9412	1	
PILOT-2010011970__F__gpt5.4__rep2.json	PILOT-2010011970	F	2	0.7273	0.8889	0.8	0.8421	1	
PILOT-2010011970__F__haiku4.5__rep0.json	PILOT-2010011970	F	0	0.2143	0.5318	0.2641	0.3529	3	
PILOT-2010011970__F__haiku4.5__rep1.json	PILOT-2010011970	F	1	0.1872	0.5359	0.2325	0.3151	4	
PILOT-2010011970__F__haiku4.5__rep2.json	PILOT-2010011970	F	2	0.2195	0.5014	0.28	0.3586	4	
PILOT-2010011970__F__sonnet4__rep0.json	PILOT-2010011970	F	0	0.7445	0.9722	0.7723	0.851	4	
PILOT-2010011970__F__sonnet4__rep1.json	PILOT-2010011970	F	1	0.6889	0.9722	0.7041	0.8157	4	
PILOT-2010011970__F__sonnet4__rep2.json	PILOT-2010011970	F	2	0.7629	0.9722	0.781	0.8653	4	
PILOT-2010011970__G__gpt4o-mini__rep0.json	PILOT-2010011970	G	0	None				0	no_gen
PILOT-2010011970__G__gpt4o-mini__rep1.json	PILOT-2010011970	G	1	0.7578	0.903	0.8251	0.8621	3	
PILOT-2010011970__G__gpt4o-mini__rep2.json	PILOT-2010011970	G	2	0.8674	0.9515	0.9075	0.929	3	
PILOT-2010011970__G__gpt5.4__rep0.json	PILOT-2010011970	G	0	0.3205	0.5378	0.4428	0.4853	4	
PILOT-2010011970__G__gpt5.4__rep1.json	PILOT-2010011970	G	1	0.4736	0.7665	0.5507	0.6408	4	
PILOT-2010011970__G__gpt5.4__rep2.json	PILOT-2010011970	G	2	0.4143	0.5847	0.5143	0.541	4	
PILOT-2010011970__G__haiku4.5__rep0.json	PILOT-2010011970	G	0	0.152	0.3625	0.1938	0.2526	4	
PILOT-2010011970__G__haiku4.5__rep1.json	PILOT-2010011970	G	1	0.1829	0.3864	0.2576	0.309	3	
PILOT-2010011970__G__haiku4.5__rep2.json	PILOT-2010011970	G	2	0.2014	0.5	0.2521	0.3352	3	
PILOT-2010011970__G__sonnet4__rep0.json	PILOT-2010011970	G	0	0.2553	0.4333	0.4115	0.4065	4	
PILOT-2010011970__G__sonnet4__rep1.json	PILOT-2010011970	G	1	0.7041	0.9722	0.7223	0.8262	4	
PILOT-2010011970__G__sonnet4__rep2.json	PILOT-2010011970	G	2	0.7822	0.9722	0.81	0.8765	4	
PILOT-2011003851__F__gpt4o-mini__rep0.json	PILOT-2011003851	F	0	None				0	no_gen
PILOT-2011003851__F__gpt4o-mini__rep1.json	PILOT-2011003851	F	1	None				0	no_gen
PILOT-2011003851__F__gpt4o-mini__rep2.json	PILOT-2011003851	F	2	None				0	no_gen
PILOT-2011003851__F__gpt5.4__rep0.json	PILOT-2011003851	F	0	0.8897	0.9158	0.9709	0.937	19	
PILOT-2011003851__F__gpt5.4__rep1.json	PILOT-2011003851	F	1	0.8954	0.9229	0.9693	0.9401	18	
PILOT-2011003851__F__gpt5.4__rep2.json	PILOT-2011003851	F	2	0.9054	0.92	0.9835	0.9467	20	
PILOT-2011003851__F__haiku4.5__rep0.json	PILOT-2011003851	F	0	0.7939	0.9417	0.8369	0.884	3	
PILOT-2011003851__F__haiku4.5__rep1.json	PILOT-2011003851	F	1	0.8814	0.92	0.9504	0.9318	20	
PILOT-2011003851__F__haiku4.5__rep2.json	PILOT-2011003851	F	2	0.8572	0.92	0.9268	0.9186	20	
PILOT-2011003851__F__sonnet4__rep0.json	PILOT-2011003851	F	0	0.9006	0.92	0.9772	0.9436	20	
PILOT-2011003851__F__sonnet4__rep1.json	PILOT-2011003851	F	1	0.9006	0.92	0.9772	0.9436	20	
PILOT-2011003851__F__sonnet4__rep2.json	PILOT-2011003851	F	2	0.9044	0.92	0.9827	0.946	20	
PILOT-2011003851__G__gpt4o-mini__rep0.json	PILOT-2011003851	G	0	None				0	no_gen
PILOT-2011003851__G__gpt4o-mini__rep1.json	PILOT-2011003851	G	1	None				0	no_gen
PILOT-2011003851__G__gpt4o-mini__rep2.json	PILOT-2011003851	G	2	None				0	no_gen
PILOT-2011003851__G__gpt5.4__rep0.json	PILOT-2011003851	G	0	0.8785	0.92	0.9529	0.9315	20	
PILOT-2011003851__G__gpt5.4__rep1.json	PILOT-2011003851	G	1	0.8954	0.9229	0.9693	0.9401	18	
PILOT-2011003851__G__gpt5.4__rep2.json	PILOT-2011003851	G	2	0.9097	0.92	0.9879	0.949	20	
PILOT-2011003851__G__haiku4.5__rep0.json	PILOT-2011003851	G	0	0.8456	0.92	0.9116	0.9112	20	
PILOT-2011003851__G__haiku4.5__rep1.json	PILOT-2011003851	G	1	0.7595	0.8938	0.8377	0.8611	4	
PILOT-2011003851__G__haiku4.5__rep2.json	PILOT-2011003851	G	2	0.8954	0.92	0.9712	0.9404	20	
PILOT-2011003851__G__sonnet4__rep0.json	PILOT-2011003851	G	0	0.9031	0.92	0.9814	0.9452	20	
PILOT-2011003851__G__sonnet4__rep1.json	PILOT-2011003851	G	1	0.899	0.92	0.9761	0.9428	20	
PILOT-2011003851__G__sonnet4__rep2.json	PILOT-2011003851	G	2	0.8968	0.92	0.9724	0.9412	20	
PILOT-2011004581__F__gpt4o-mini__rep0.json	PILOT-2011004581	F	0	0.8482	0.9856	0.8595	0.9156	9	
PILOT-2011004581__F__gpt4o-mini__rep1.json	PILOT-2011004581	F	1	0.9347	0.9856	0.9491	0.9644	9	
PILOT-2011004581__F__gpt4o-mini__rep2.json	PILOT-2011004581	F	2	0.7774	0.9594	0.809	0.8624	9	
PILOT-2011004581__F__gpt5.4__rep0.json	PILOT-2011004581	F	0	0.9051	0.9882	0.9156	0.9476	11	
PILOT-2011004581__F__gpt5.4__rep1.json	PILOT-2011004581	F	1	0.9238	0.9882	0.9318	0.9563	11	
PILOT-2011004581__F__gpt5.4__rep2.json	PILOT-2011004581	F	2	0.8531	0.9882	0.8607	0.9184	11	
PILOT-2011004581__F__haiku4.5__rep0.json	PILOT-2011004581	F	0	0.74	0.9882	0.7463	0.8446	11	
PILOT-2011004581__F__haiku4.5__rep1.json	PILOT-2011004581	F	1	0.6956	0.9882	0.7018	0.8104	11	
PILOT-2011004581__F__haiku4.5__rep2.json	PILOT-2011004581	F	2	0.7517	0.9882	0.7579	0.8522	11	
PILOT-2011004581__F__sonnet4__rep0.json	PILOT-2011004581	F	0	0.7649	0.9882	0.7713	0.861	11	
PILOT-2011004581__F__sonnet4__rep1.json	PILOT-2011004581	F	1	0.7905	0.9882	0.7965	0.877	11	
PILOT-2011004581__F__sonnet4__rep2.json	PILOT-2011004581	F	2	0.7883	0.9882	0.7953	0.8782	11	
PILOT-2011004581__G__gpt4o-mini__rep0.json	PILOT-2011004581	G	0	0.8763	0.9712	0.9012	0.9324	7	
PILOT-2011004581__G__gpt4o-mini__rep1.json	PILOT-2011004581	G	1	0.9045	0.9856	0.9178	0.9478	9	
PILOT-2011004581__G__gpt4o-mini__rep2.json	PILOT-2011004581	G	2	0.7667	0.9856	0.7755	0.8652	9	
PILOT-2011004581__G__gpt5.4__rep0.json	PILOT-2011004581	G	0	0.8861	0.9882	0.8937	0.9364	11	
PILOT-2011004581__G__gpt5.4__rep1.json	PILOT-2011004581	G	1	0.9282	0.9882	0.9382	0.9611	11	
PILOT-2011004581__G__gpt5.4__rep2.json	PILOT-2011004581	G	2	0.8363	0.9882	0.8431	0.9021	11	
PILOT-2011004581__G__haiku4.5__rep0.json	PILOT-2011004581	G	0	0.7965	0.9882	0.8028	0.8774	11	
PILOT-2011004581__G__haiku4.5__rep1.json	PILOT-2011004581	G	1	0.8097	0.9882	0.8172	0.8888	11	
PILOT-2011004581__G__haiku4.5__rep2.json	PILOT-2011004581	G	2	0.7236	0.9882	0.7299	0.8289	11	
PILOT-2011004581__G__sonnet4__rep0.json	PILOT-2011004581	G	0	0.8015	0.9882	0.8086	0.8862	11	
PILOT-2011004581__G__sonnet4__rep1.json	PILOT-2011004581	G	1	0.7234	0.9882	0.7303	0.8275	11	
PILOT-2011004581__G__sonnet4__rep2.json	PILOT-2011004581	G	2	0.769	0.9882	0.7756	0.8642	11	
PILOT-2011007474__F__gpt4o-mini__rep0.json	PILOT-2011007474	F	0	None				0	no_gen
PILOT-2011007474__F__gpt4o-mini__rep1.json	PILOT-2011007474	F	1	None				0	no_gen
PILOT-2011007474__F__gpt4o-mini__rep2.json	PILOT-2011007474	F	2	None				0	no_gen
PILOT-2011007474__F__gpt5.4__rep0.json	PILOT-2011007474	F	0	0.9707	0.9955	0.9735	0.9836	14	
PILOT-2011007474__F__gpt5.4__rep1.json	PILOT-2011007474	F	1	0.9777	0.9955	0.9821	0.9875	14	
PILOT-2011007474__F__gpt5.4__rep2.json	PILOT-2011007474	F	2	0.8187	0.9955	0.8215	0.8872	14	
PILOT-2011007474__F__haiku4.5__rep0.json	PILOT-2011007474	F	0	0.8487	0.9955	0.8501	0.8927	14	
PILOT-2011007474__F__haiku4.5__rep1.json	PILOT-2011007474	F	1	0.8478	0.9955	0.8494	0.8941	14	
PILOT-2011007474__F__haiku4.5__rep2.json	PILOT-2011007474	F	2	0.4645	0.9797	0.4688	0.6251	14	
PILOT-2011007474__F__sonnet4__rep0.json	PILOT-2011007474	F	0	0.976	0.9955	0.9792	0.9868	14	
PILOT-2011007474__F__sonnet4__rep1.json	PILOT-2011007474	F	1	0.9827	0.9955	0.9866	0.9908	14	
PILOT-2011007474__F__sonnet4__rep2.json	PILOT-2011007474	F	2	0.9821	0.9955	0.985	0.9898	14	
PILOT-2011007474__G__gpt4o-mini__rep0.json	PILOT-2011007474	G	0	None				0	no_gen
PILOT-2011007474__G__gpt4o-mini__rep1.json	PILOT-2011007474	G	1	None				0	no_gen
PILOT-2011007474__G__gpt4o-mini__rep2.json	PILOT-2011007474	G	2	None				0	no_gen
PILOT-2011007474__G__gpt5.4__rep0.json	PILOT-2011007474	G	0	0.976	0.9955	0.9792	0.9868	14	
PILOT-2011007474__G__gpt5.4__rep1.json	PILOT-2011007474	G	1	0.9792	0.9955	0.9827	0.9887	14	
PILOT-2011007474__G__gpt5.4__rep2.json	PILOT-2011007474	G	2	0.9819	0.9955	0.9854	0.9903	14	
PILOT-2011007474__G__haiku4.5__rep0.json	PILOT-2011007474	G	0	0.6334	0.9955	0.6351	0.7439	14	
PILOT-2011007474__G__haiku4.5__rep1.json	PILOT-2011007474	G	1	0.5316	0.9955	0.5332	0.677	14	
PILOT-2011007474__G__haiku4.5__rep2.json	PILOT-2011007474	G	2	0.5095	0.9797	0.5151	0.6632	14	
PILOT-2011007474__G__sonnet4__rep0.json	PILOT-2011007474	G	0	0.9707	0.9955	0.9735	0.9836	14	
PILOT-2011007474__G__sonnet4__rep1.json	PILOT-2011007474	G	1	0.9643	0.9955	0.9671	0.9796	14	
PILOT-2011007474__G__sonnet4__rep2.json	PILOT-2011007474	G	2	0.9643	0.9955	0.9671	0.9796	14	
PILOT-2011008843__F__gpt4o-mini__rep0.json	PILOT-2011008843	F	0	0.9194	0.9808	0.9373	0.958	2	
PILOT-2011008843__F__gpt4o-mini__rep1.json	PILOT-2011008843	F	1	0.8685	0.9808	0.884	0.9296	2	
PILOT-2011008843__F__gpt4o-mini__rep2.json	PILOT-2011008843	F	2	0.8367	0.9808	0.851	0.9111	2	
PILOT-2011008843__F__gpt5.4__rep0.json	PILOT-2011008843	F	0	0.9829	0.9956	0.9871	0.9908	18	
PILOT-2011008843__F__gpt5.4__rep1.json	PILOT-2011008843	F	1	0.9847	1.0	0.9847	0.9911	18	
PILOT-2011008843__F__gpt5.4__rep2.json	PILOT-2011008843	F	2	0.9893	1.0	0.9893	0.9941	18	
PILOT-2011008843__F__haiku4.5__rep0.json	PILOT-2011008843	F	0	0.9388	0.9959	0.9418	0.9602	19	
PILOT-2011008843__F__haiku4.5__rep1.json	PILOT-2011008843	F	1	0.9388	0.9959	0.9418	0.9602	19	
PILOT-2011008843__F__haiku4.5__rep2.json	PILOT-2011008843	F	2	0.952	0.9959	0.9547	0.9726	19	
PILOT-2011008843__F__sonnet4__rep0.json	PILOT-2011008843	F	0	0.996	1.0	0.996	0.9979	22	
PILOT-2011008843__F__sonnet4__rep1.json	PILOT-2011008843	F	1	0.9928	1.0	0.9928	0.9962	22	
PILOT-2011008843__F__sonnet4__rep2.json	PILOT-2011008843	F	2	0.996	1.0	0.996	0.9979	22	
PILOT-2011008843__G__gpt4o-mini__rep0.json	PILOT-2011008843	G	0	None				0	no_gen
PILOT-2011008843__G__gpt4o-mini__rep1.json	PILOT-2011008843	G	1	0.8685	0.9808	0.884	0.9296	2	
PILOT-2011008843__G__gpt4o-mini__rep2.json	PILOT-2011008843	G	2	None				0	no_gen
PILOT-2011008843__G__gpt5.4__rep0.json	PILOT-2011008843	G	0	0.9711	1.0	0.9711	0.9842	18	
PILOT-2011008843__G__gpt5.4__rep1.json	PILOT-2011008843	G	1	0.9893	1.0	0.9893	0.9941	18	
PILOT-2011008843__G__gpt5.4__rep2.json	PILOT-2011008843	G	2	0.9979	0.9979	1.0	0.9989	18	
PILOT-2011008843__G__haiku4.5__rep0.json	PILOT-2011008843	G	0	0.9134	0.9959	0.9161	0.9496	19	
PILOT-2011008843__G__haiku4.5__rep1.json	PILOT-2011008843	G	1	0.9807	0.9974	0.9824	0.9893	30	
PILOT-2011008843__G__haiku4.5__rep2.json	PILOT-2011008843	G	2	0.9807	0.9974	0.9824	0.9893	30	
PILOT-2011008843__G__sonnet4__rep0.json	PILOT-2011008843	G	0	0.913	1.0	0.913	0.9545	1	
PILOT-2011008843__G__sonnet4__rep1.json	PILOT-2011008843	G	1	0.9937	1.0	0.9937	0.9967	25	
PILOT-2011008843__G__sonnet4__rep2.json	PILOT-2011008843	G	2	0.9937	1.0	0.9937	0.9967	25	
PILOT-2011009182__F__gpt4o-mini__rep0.json	PILOT-2011009182	F	0	0.6764	0.9909	0.6794	0.8008	23	
PILOT-2011009182__F__gpt4o-mini__rep1.json	PILOT-2011009182	F	1	0.9614	0.9909	0.9705	0.9757	23	
PILOT-2011009182__F__gpt4o-mini__rep2.json	PILOT-2011009182	F	2	0.6975	1.0	0.6975	0.8125	8	
PILOT-2011009182__F__gpt5.4__rep0.json	PILOT-2011009182	F	0	0.9766	0.9909	0.9857	0.9874	23	
PILOT-2011009182__F__gpt5.4__rep1.json	PILOT-2011009182	F	1	0.9623	1.0	0.9623	0.9782	18	
PILOT-2011009182__F__gpt5.4__rep2.json	PILOT-2011009182	F	2	0.9681	0.9905	0.9775	0.9822	22	
PILOT-2011009182__F__haiku4.5__rep0.json	PILOT-2011009182	F	0	0.7625	0.9877	0.7748	0.858	17	
PILOT-2011009182__F__haiku4.5__rep1.json	PILOT-2011009182	F	1	0.7811	0.9877	0.7933	0.8684	17	
PILOT-2011009182__F__haiku4.5__rep2.json	PILOT-2011009182	F	2	0.8545	0.9905	0.864	0.9153	22	
PILOT-2011009182__F__sonnet4__rep0.json	PILOT-2011009182	F	0	0.9742	0.9884	0.9858	0.9857	18	
PILOT-2011009182__F__sonnet4__rep1.json	PILOT-2011009182	F	1	0.9798	0.9909	0.9889	0.9888	23	
PILOT-2011009182__F__sonnet4__rep2.json	PILOT-2011009182	F	2	0.9742	0.9884	0.9858	0.9857	18	
PILOT-2011009182__G__gpt4o-mini__rep0.json	PILOT-2011009182	G	0	0.7602	0.9905	0.7661	0.857	22	
PILOT-2011009182__G__gpt4o-mini__rep1.json	PILOT-2011009182	G	1	0.6914	0.9909	0.6953	0.8101	23	
PILOT-2011009182__G__gpt4o-mini__rep2.json	PILOT-2011009182	G	2	0.9375	1.0	0.9375	0.9583	8	
PILOT-2011009182__G__gpt5.4__rep0.json	PILOT-2011009182	G	0	0.9473	0.9861	0.9612	0.9717	15	
PILOT-2011009182__G__gpt5.4__rep1.json	PILOT-2011009182	G	1	0.9857	1.0	0.9857	0.9922	23	
PILOT-2011009182__G__gpt5.4__rep2.json	PILOT-2011009182	G	2	0.9831	0.9909	0.9922	0.9911	23	
PILOT-2011009182__G__haiku4.5__rep0.json	PILOT-2011009182	G	0	0.6816	0.9877	0.6939	0.7977	17	
PILOT-2011009182__G__haiku4.5__rep1.json	PILOT-2011009182	G	1	0.7672	0.9877	0.7753	0.8592	17	
PILOT-2011009182__G__haiku4.5__rep2.json	PILOT-2011009182	G	2	0.7471	0.9901	0.7533	0.8502	21	
PILOT-2011009182__G__sonnet4__rep0.json	PILOT-2011009182	G	0	0.6064	0.9692	0.6295	0.7268	23	
PILOT-2011009182__G__sonnet4__rep1.json	PILOT-2011009182	G	1	0.8265	0.9877	0.8346	0.8947	17	
PILOT-2011009182__G__sonnet4__rep2.json	PILOT-2011009182	G	2	0.8443	0.9909	0.8499	0.9105	23	
PILOT-2011011469__F__gpt4o-mini__rep0.json	PILOT-2011011469	F	0	0.7678	0.9167	0.7726	0.8351	10	
PILOT-2011011469__F__gpt4o-mini__rep1.json	PILOT-2011011469	F	1	0.7405	0.8571	0.7774	0.8117	9	
PILOT-2011011469__F__gpt4o-mini__rep2.json	PILOT-2011011469	F	2	0.5249	0.8095	0.5574	0.6526	10	
PILOT-2011011469__F__gpt5.4__rep0.json	PILOT-2011011469	F	0	0.9626	1.0	0.9626	0.9776	17	
PILOT-2011011469__F__gpt5.4__rep1.json	PILOT-2011011469	F	1	0.8529	0.924	0.8896	0.9028	17	
PILOT-2011011469__F__gpt5.4__rep2.json	PILOT-2011011469	F	2	0.8543	0.9828	0.8641	0.9149	17	
PILOT-2011011469__F__haiku4.5__rep0.json	PILOT-2011011469	F	0	0.5395	0.9828	0.5495	0.6676	17	
PILOT-2011011469__F__haiku4.5__rep1.json	PILOT-2011011469	F	1	0.4651	0.9828	0.4743	0.6066	17	
PILOT-2011011469__F__haiku4.5__rep2.json	PILOT-2011011469	F	2	0.4805	0.9828	0.4872	0.629	17	
PILOT-2011011469__F__sonnet4__rep0.json	PILOT-2011011469	F	0	0.8789	0.9828	0.8885	0.9233	17	
PILOT-2011011469__F__sonnet4__rep1.json	PILOT-2011011469	F	1	0.7595	0.9828	0.7766	0.8281	17	
PILOT-2011011469__F__sonnet4__rep2.json	PILOT-2011011469	F	2	0.9488	0.9828	0.966	0.9718	17	
PILOT-2011011469__G__gpt4o-mini__rep0.json	PILOT-2011011469	G	0	0.6863	0.9762	0.7002	0.808	6	
PILOT-2011011469__G__gpt4o-mini__rep1.json	PILOT-2011011469	G	1	None				0	no_gen
PILOT-2011011469__G__gpt4o-mini__rep2.json	PILOT-2011011469	G	2	0.5442	0.7196	0.5687	0.6258	9	
PILOT-2011011469__G__gpt5.4__rep0.json	PILOT-2011011469	G	0	0.9464	0.9806	0.9658	0.9698	15	
PILOT-2011011469__G__gpt5.4__rep1.json	PILOT-2011011469	G	1	0.8115	0.8946	0.8581	0.8722	17	
PILOT-2011011469__G__gpt5.4__rep2.json	PILOT-2011011469	G	2	0.9642	0.9828	0.9814	0.9806	17	
PILOT-2011011469__G__haiku4.5__rep0.json	PILOT-2011011469	G	0	0.6779	0.9828	0.6871	0.7758	17	
PILOT-2011011469__G__haiku4.5__rep1.json	PILOT-2011011469	G	1	0.689	0.9818	0.6981	0.7697	16	
PILOT-2011011469__G__haiku4.5__rep2.json	PILOT-2011011469	G	2	0.7376	0.9828	0.7502	0.8274	17	
PILOT-2011011469__G__sonnet4__rep0.json	PILOT-2011011469	G	0	0.9149	0.9828	0.932	0.9456	17	
PILOT-2011011469__G__sonnet4__rep1.json	PILOT-2011011469	G	1	0.9091	0.9828	0.9263	0.941	17	
PILOT-2011011469__G__sonnet4__rep2.json	PILOT-2011011469	G	2	0.9091	0.9828	0.9263	0.941	17	
PILOT-2011012180__F__gpt4o-mini__rep0.json	PILOT-2011012180	F	0	0.8883	0.8981	0.9883	0.9377	6	
PILOT-2011012180__F__gpt4o-mini__rep1.json	PILOT-2011012180	F	1	0.8903	0.9305	0.941	0.9355	8	
PILOT-2011012180__F__gpt4o-mini__rep2.json	PILOT-2011012180	F	2	0.8644	0.9132	0.9242	0.918	8	
PILOT-2011012180__F__gpt5.4__rep0.json	PILOT-2011012180	F	0	0.7827	0.9315	0.8334	0.872	11	
PILOT-2011012180__F__gpt5.4__rep1.json	PILOT-2011012180	F	1	0.8125	0.8807	0.9058	0.887	11	
PILOT-2011012180__F__gpt5.4__rep2.json	PILOT-2011012180	F	2	0.7448	0.888	0.845	0.8477	11	
PILOT-2011012180__F__haiku4.5__rep0.json	PILOT-2011012180	F	0	0.7068	0.9365	0.7501	0.8146	11	
PILOT-2011012180__F__haiku4.5__rep1.json	PILOT-2011012180	F	1	0.7458	0.9141	0.802	0.8375	20	
PILOT-2011012180__F__haiku4.5__rep2.json	PILOT-2011012180	F	2	0.7151	0.8895	0.7959	0.8209	10	
PILOT-2011012180__F__sonnet4__rep0.json	PILOT-2011012180	F	0	0.844	0.948	0.8866	0.9064	19	
PILOT-2011012180__F__sonnet4__rep1.json	PILOT-2011012180	F	1	0.8336	0.9506	0.8741	0.9	20	
PILOT-2011012180__F__sonnet4__rep2.json	PILOT-2011012180	F	2	0.8287	0.9506	0.8692	0.8961	20	
PILOT-2011012180__G__gpt4o-mini__rep0.json	PILOT-2011012180	G	0	0.8583	0.9206	0.917	0.9178	7	
PILOT-2011012180__G__gpt4o-mini__rep1.json	PILOT-2011012180	G	1	0.8893	0.9206	0.9646	0.9383	7	
PILOT-2011012180__G__gpt4o-mini__rep2.json	PILOT-2011012180	G	2	0.8887	0.9383	0.9319	0.9346	9	
PILOT-2011012180__G__gpt5.4__rep0.json	PILOT-2011012180	G	0	0.8667	0.8975	0.9643	0.9185	11	
PILOT-2011012180__G__gpt5.4__rep1.json	PILOT-2011012180	G	1	0.8142	0.8903	0.8934	0.8878	11	
PILOT-2011012180__G__gpt5.4__rep2.json	PILOT-2011012180	G	2	0.8848	0.8975	0.9824	0.9281	11	
PILOT-2011012180__G__haiku4.5__rep0.json	PILOT-2011012180	G	0	0.6333	0.947	0.6774	0.7578	11	
PILOT-2011012180__G__haiku4.5__rep1.json	PILOT-2011012180	G	1	0.7856	0.9383	0.8264	0.8748	9	
PILOT-2011012180__G__haiku4.5__rep2.json	PILOT-2011012180	G	2	0.7916	0.9492	0.8374	0.8638	20	
PILOT-2011012180__G__sonnet4__rep0.json	PILOT-2011012180	G	0	0.8736	0.9506	0.9181	0.9224	20	
PILOT-2011012180__G__sonnet4__rep1.json	PILOT-2011012180	G	1	0.8593	0.9506	0.9031	0.9183	20	
PILOT-2011012180__G__sonnet4__rep2.json	PILOT-2011012180	G	2	0.6597	0.9383	0.7139	0.7833	9	
PILOT-2011013110__F__gpt4o-mini__rep0.json	PILOT-2011013110	F	0	None				0	no_gen
PILOT-2011013110__F__gpt4o-mini__rep1.json	PILOT-2011013110	F	1	0.8153	1.0	0.8153	0.8891	6	
PILOT-2011013110__F__gpt4o-mini__rep2.json	PILOT-2011013110	F	2	None				0	no_gen
PILOT-2011013110__F__gpt5.4__rep0.json	PILOT-2011013110	F	0	0.9292	0.9885	0.9389	0.9614	17	
PILOT-2011013110__F__gpt5.4__rep1.json	PILOT-2011013110	F	1	0.9565	0.9917	0.9628	0.9763	11	
PILOT-2011013110__F__gpt5.4__rep2.json	PILOT-2011013110	F	2	0.8935	0.9938	0.8997	0.9366	17	
PILOT-2011013110__F__haiku4.5__rep0.json	PILOT-2011013110	F	0	0.6768	0.9899	0.6829	0.7972	9	
PILOT-2011013110__F__haiku4.5__rep1.json	PILOT-2011013110	F	1	0.6562	0.987	0.6646	0.7823	7	
PILOT-2011013110__F__haiku4.5__rep2.json	PILOT-2011013110	F	2	0.7374	0.9917	0.7421	0.8372	11	
PILOT-2011013110__F__sonnet4__rep0.json	PILOT-2011013110	F	0	0.8608	0.9766	0.883	0.9219	17	
PILOT-2011013110__F__sonnet4__rep1.json	PILOT-2011013110	F	1	0.8471	0.9766	0.8693	0.914	17	
PILOT-2011013110__F__sonnet4__rep2.json	PILOT-2011013110	F	2	0.8427	0.9658	0.8709	0.9099	17	
PILOT-2011013110__G__gpt4o-mini__rep0.json	PILOT-2011013110	G	0	0.9371	0.9541	0.9814	0.9667	5	
PILOT-2011013110__G__gpt4o-mini__rep1.json	PILOT-2011013110	G	1	0.8231	0.9394	0.8408	0.877	7	
PILOT-2011013110__G__gpt4o-mini__rep2.json	PILOT-2011013110	G	2	0.721	0.9805	0.7346	0.8262	7	
PILOT-2011013110__G__gpt5.4__rep0.json	PILOT-2011013110	G	0	0.8527	0.9917	0.859	0.908	11	
PILOT-2011013110__G__gpt5.4__rep1.json	PILOT-2011013110	G	1	0.9522	0.9917	0.9597	0.9736	11	
PILOT-2011013110__G__gpt5.4__rep2.json	PILOT-2011013110	G	2	0.9515	0.9917	0.959	0.9744	11	
PILOT-2011013110__G__haiku4.5__rep0.json	PILOT-2011013110	G	0	0.739	0.9899	0.7467	0.8404	9	
PILOT-2011013110__G__haiku4.5__rep1.json	PILOT-2011013110	G	1	0.7595	0.9899	0.7661	0.854	9	
PILOT-2011013110__G__haiku4.5__rep2.json	PILOT-2011013110	G	2	0.7753	0.9917	0.7817	0.8616	11	
PILOT-2011013110__G__sonnet4__rep0.json	PILOT-2011013110	G	0	0.8608	0.9766	0.883	0.923	17	
PILOT-2011013110__G__sonnet4__rep1.json	PILOT-2011013110	G	1	0.8636	0.9654	0.8961	0.9246	17	
PILOT-2011013110__G__sonnet4__rep2.json	PILOT-2011013110	G	2	0.8676	0.9654	0.9001	0.927	17	
PILOT-2012000327__F__gpt4o-mini__rep0.json	PILOT-2012000327	F	0	0.7414	0.8825	0.8206	0.8453	6	
PILOT-2012000327__F__gpt4o-mini__rep1.json	PILOT-2012000327	F	1	0.8096	0.9201	0.8775	0.8828	6	
PILOT-2012000327__F__gpt4o-mini__rep2.json	PILOT-2012000327	F	2	0.5285	0.8358	0.605	0.6907	3	
PILOT-2012000327__F__gpt5.4__rep0.json	PILOT-2012000327	F	0	0.8435	0.9084	0.9103	0.9063	9	
PILOT-2012000327__F__gpt5.4__rep1.json	PILOT-2012000327	F	1	0.9106	0.9627	0.9387	0.9475	16	
PILOT-2012000327__F__gpt5.4__rep2.json	PILOT-2012000327	F	2	0.8589	0.9084	0.9367	0.9174	9	
PILOT-2012000327__F__haiku4.5__rep0.json	PILOT-2012000327	F	0	0.9146	0.9728	0.934	0.949	21	
PILOT-2012000327__F__haiku4.5__rep1.json	PILOT-2012000327	F	1	0.9257	0.97	0.9459	0.9554	19	
PILOT-2012000327__F__haiku4.5__rep2.json	PILOT-2012000327	F	2	0.9209	0.9728	0.9392	0.9521	21	
PILOT-2012000327__F__sonnet4__rep0.json	PILOT-2012000327	F	0	0.9064	0.9672	0.9355	0.9404	16	
PILOT-2012000327__F__sonnet4__rep1.json	PILOT-2012000327	F	1	0.9064	0.9672	0.9355	0.9404	16	
PILOT-2012000327__F__sonnet4__rep2.json	PILOT-2012000327	F	2	0.9064	0.9672	0.9355	0.9404	16	
PILOT-2012000327__G__gpt4o-mini__rep0.json	PILOT-2012000327	G	0	0.6696	0.8472	0.7564	0.7902	5	
PILOT-2012000327__G__gpt4o-mini__rep1.json	PILOT-2012000327	G	1	0.5854	0.8857	0.6473	0.737	3	
PILOT-2012000327__G__gpt4o-mini__rep2.json	PILOT-2012000327	G	2	0.7966	0.8924	0.8824	0.8798	4	
PILOT-2012000327__G__gpt5.4__rep0.json	PILOT-2012000327	G	0	0.7766	0.839	0.9128	0.8474	10	
PILOT-2012000327__G__gpt5.4__rep1.json	PILOT-2012000327	G	1	0.855	0.9084	0.924	0.9131	9	
PILOT-2012000327__G__gpt5.4__rep2.json	PILOT-2012000327	G	2	0.8726	0.9084	0.9539	0.9262	9	
PILOT-2012000327__G__haiku4.5__rep0.json	PILOT-2012000327	G	0	0.9238	0.9772	0.9417	0.9553	21	
PILOT-2012000327__G__haiku4.5__rep1.json	PILOT-2012000327	G	1	0.8877	0.9728	0.906	0.923	21	
PILOT-2012000327__G__haiku4.5__rep2.json	PILOT-2012000327	G	2	0.93	0.975	0.9503	0.9588	21	
PILOT-2012000327__G__sonnet4__rep0.json	PILOT-2012000327	G	0	0.8858	0.9644	0.9165	0.9292	16	
PILOT-2012000327__G__sonnet4__rep1.json	PILOT-2012000327	G	1	0.9009	0.9615	0.9352	0.9371	16	
PILOT-2012000327__G__sonnet4__rep2.json	PILOT-2012000327	G	2	0.9033	0.9615	0.9376	0.9396	16	
PILOT-2012003288__F__gpt4o-mini__rep0.json	PILOT-2012003288	F	0	0.756	0.8047	0.8714	0.8333	5	
PILOT-2012003288__F__gpt4o-mini__rep1.json	PILOT-2012003288	F	1	0.6515	0.8222	0.7567	0.7682	5	
PILOT-2012003288__F__gpt4o-mini__rep2.json	PILOT-2012003288	F	2	0.8047	0.9333	0.8713	0.882	5	
PILOT-2012003288__F__gpt5.4__rep0.json	PILOT-2012003288	F	0	0.843	0.956	0.887	0.9025	13	
PILOT-2012003288__F__gpt5.4__rep1.json	PILOT-2012003288	F	1	0.9082	0.9432	0.965	0.945	13	
PILOT-2012003288__F__gpt5.4__rep2.json	PILOT-2012003288	F	2	0.8617	0.9517	0.91	0.9132	13	
PILOT-2012003288__F__haiku4.5__rep0.json	PILOT-2012003288	F	0	0.7908	0.932	0.8503	0.8778	7	
PILOT-2012003288__F__haiku4.5__rep1.json	PILOT-2012003288	F	1	0.6629	0.9524	0.6894	0.7864	7	
PILOT-2012003288__F__haiku4.5__rep2.json	PILOT-2012003288	F	2	0.6552	0.9444	0.6803	0.7771	6	
PILOT-2012003288__F__sonnet4__rep0.json	PILOT-2012003288	F	0	0.9073	0.9517	0.9523	0.9458	13	
PILOT-2012003288__F__sonnet4__rep1.json	PILOT-2012003288	F	1	0.9113	0.956	0.9527	0.9488	13	
PILOT-2012003288__F__sonnet4__rep2.json	PILOT-2012003288	F	2	0.905	0.956	0.9465	0.9451	13	
PILOT-2012003288__G__gpt4o-mini__rep0.json	PILOT-2012003288	G	0	0.7004	0.7492	0.8714	0.801	5	
PILOT-2012003288__G__gpt4o-mini__rep1.json	PILOT-2012003288	G	1	0.8608	0.9333	0.9208	0.9214	5	
PILOT-2012003288__G__gpt4o-mini__rep2.json	PILOT-2012003288	G	2	0.7572	0.9222	0.835	0.8498	5	
PILOT-2012003288__G__gpt5.4__rep0.json	PILOT-2012003288	G	0	0.8568	0.9517	0.8981	0.9118	13	
PILOT-2012003288__G__gpt5.4__rep1.json	PILOT-2012003288	G	1	0.8956	0.9517	0.9413	0.9376	13	
PILOT-2012003288__G__gpt5.4__rep2.json	PILOT-2012003288	G	2	0.8905	0.9432	0.9462	0.9362	13	
PILOT-2012003288__G__haiku4.5__rep0.json	PILOT-2012003288	G	0	0.8063	0.8889	0.8832	0.8774	13	
PILOT-2012003288__G__haiku4.5__rep1.json	PILOT-2012003288	G	1	0.9489	0.9489	1.0	0.9711	8	
PILOT-2012003288__G__haiku4.5__rep2.json	PILOT-2012003288	G	2	0.9196	0.9722	0.9474	0.9579	2	
PILOT-2012003288__G__sonnet4__rep0.json	PILOT-2012003288	G	0	0.9229	0.956	0.9643	0.9554	13	
PILOT-2012003288__G__sonnet4__rep1.json	PILOT-2012003288	G	1	0.9051	0.956	0.9386	0.9426	13	
PILOT-2012003288__G__sonnet4__rep2.json	PILOT-2012003288	G	2	0.885	0.956	0.9176	0.9286	13	
PILOT-2012005674__F__gpt4o-mini__rep0.json	PILOT-2012005674	F	0	0.9774	0.9774	1.0	0.9878	7	
PILOT-2012005674__F__gpt4o-mini__rep1.json	PILOT-2012005674	F	1	0.8726	0.8726	1.0	0.9313	7	
PILOT-2012005674__F__gpt4o-mini__rep2.json	PILOT-2012005674	F	2	0.8726	0.8726	1.0	0.9313	7	
PILOT-2012005674__F__gpt5.4__rep0.json	PILOT-2012005674	F	0	0.8807	0.9386	0.9333	0.9288	8	
PILOT-2012005674__F__gpt5.4__rep1.json	PILOT-2012005674	F	1	0.8807	0.9386	0.9333	0.9288	8	
PILOT-2012005674__F__gpt5.4__rep2.json	PILOT-2012005674	F	2	0.8831	0.9294	0.9466	0.931	10	
PILOT-2012005674__F__haiku4.5__rep0.json	PILOT-2012005674	F	0	0.8593	0.937	0.9197	0.9128	37	
PILOT-2012005674__F__haiku4.5__rep1.json	PILOT-2012005674	F	1	0.8614	0.937	0.9223	0.9203	37	
PILOT-2012005674__F__haiku4.5__rep2.json	PILOT-2012005674	F	2	0.8652	0.937	0.9231	0.9188	37	
PILOT-2012005674__F__sonnet4__rep0.json	PILOT-2012005674	F	0	0.9245	0.937	0.9856	0.9557	37	
PILOT-2012005674__F__sonnet4__rep1.json	PILOT-2012005674	F	1	0.9245	0.937	0.9856	0.9557	37	
PILOT-2012005674__F__sonnet4__rep2.json	PILOT-2012005674	F	2	0.9245	0.937	0.9856	0.9557	37	
PILOT-2012005674__G__gpt4o-mini__rep0.json	PILOT-2012005674	G	0	0.8552	0.9089	0.93	0.9185	7	
PILOT-2012005674__G__gpt4o-mini__rep1.json	PILOT-2012005674	G	1	0.8462	0.9486	0.8899	0.9092	7	
PILOT-2012005674__G__gpt4o-mini__rep2.json	PILOT-2012005674	G	2	0.9192	0.9774	0.9356	0.9549	7	
PILOT-2012005674__G__gpt5.4__rep0.json	PILOT-2012005674	G	0	0.9113	0.9774	0.9238	0.9472	7	
PILOT-2012005674__G__gpt5.4__rep1.json	PILOT-2012005674	G	1	0.6819	0.8363	0.8221	0.8102	3	
PILOT-2012005674__G__gpt5.4__rep2.json	PILOT-2012005674	G	2	0.6819	0.8363	0.8221	0.8102	3	
PILOT-2012005674__G__haiku4.5__rep0.json	PILOT-2012005674	G	0	0.8852	0.937	0.9432	0.9323	37	
PILOT-2012005674__G__haiku4.5__rep1.json	PILOT-2012005674	G	1	0.8636	0.937	0.9242	0.9188	37	
PILOT-2012005674__G__haiku4.5__rep2.json	PILOT-2012005674	G	2	0.8878	0.937	0.9488	0.9339	37	
PILOT-2012005674__G__sonnet4__rep0.json	PILOT-2012005674	G	0	0.9245	0.937	0.9856	0.9557	37	
PILOT-2012005674__G__sonnet4__rep1.json	PILOT-2012005674	G	1	0.9245	0.937	0.9856	0.9557	37	
PILOT-2012005674__G__sonnet4__rep2.json	PILOT-2012005674	G	2	0.9245	0.937	0.9856	0.9557	37	
PILOT-2012006145__F__gpt4o-mini__rep0.json	PILOT-2012006145	F	0	0.9607	0.9964	0.9638	0.9762	23	
PILOT-2012006145__F__gpt4o-mini__rep1.json	PILOT-2012006145	F	1	None				0	no_gen
PILOT-2012006145__F__gpt4o-mini__rep2.json	PILOT-2012006145	F	2	0.9435	0.9964	0.9451	0.9674	23	
PILOT-2012006145__F__gpt5.4__rep0.json	PILOT-2012006145	F	0	0.9702	0.9964	0.9733	0.983	23	
PILOT-2012006145__F__gpt5.4__rep1.json	PILOT-2012006145	F	1	0.9702	0.9964	0.9733	0.983	23	
PILOT-2012006145__F__gpt5.4__rep2.json	PILOT-2012006145	F	2	0.9702	0.9964	0.9733	0.983	23	
PILOT-2012006145__F__haiku4.5__rep0.json	PILOT-2012006145	F	0	0.7139	1.0	0.7139	0.8307	5	
PILOT-2012006145__F__haiku4.5__rep1.json	PILOT-2012006145	F	1	0.9764	0.9964	0.9795	0.987	23	
PILOT-2012006145__F__haiku4.5__rep2.json	PILOT-2012006145	F	2	0.8055	1.0	0.8055	0.8921	2	
PILOT-2012006145__F__sonnet4__rep0.json	PILOT-2012006145	F	0	0.9906	1.0	0.9906	0.995	23	
PILOT-2012006145__F__sonnet4__rep1.json	PILOT-2012006145	F	1	0.9906	1.0	0.9906	0.995	23	
PILOT-2012006145__F__sonnet4__rep2.json	PILOT-2012006145	F	2	0.9831	1.0	0.9831	0.9906	23	
PILOT-2012006145__G__gpt4o-mini__rep0.json	PILOT-2012006145	G	0	0.9404	0.984	0.9528	0.9666	23	
PILOT-2012006145__G__gpt4o-mini__rep1.json	PILOT-2012006145	G	1	0.931	0.9928	0.9383	0.9604	23	
PILOT-2012006145__G__gpt4o-mini__rep2.json	PILOT-2012006145	G	2	0.8183	0.8879	0.8653	0.8582	11	
PILOT-2012006145__G__gpt5.4__rep0.json	PILOT-2012006145	G	0	0.9702	0.9964	0.9733	0.983	23	
PILOT-2012006145__G__gpt5.4__rep1.json	PILOT-2012006145	G	1	0.9769	1.0	0.9769	0.9867	23	
PILOT-2012006145__G__gpt5.4__rep2.json	PILOT-2012006145	G	2	0.9769	1.0	0.9769	0.9867	23	
PILOT-2012006145__G__haiku4.5__rep0.json	PILOT-2012006145	G	0	0.9702	0.9964	0.9733	0.983	23	
PILOT-2012006145__G__haiku4.5__rep1.json	PILOT-2012006145	G	1	0.9764	0.9964	0.9795	0.987	23	
PILOT-2012006145__G__haiku4.5__rep2.json	PILOT-2012006145	G	2	0.9764	0.9964	0.9795	0.987	23	
PILOT-2012006145__G__sonnet4__rep0.json	PILOT-2012006145	G	0	0.9906	1.0	0.9906	0.995	23	
PILOT-2012006145__G__sonnet4__rep1.json	PILOT-2012006145	G	1	0.9906	1.0	0.9906	0.995	23	
PILOT-2012006145__G__sonnet4__rep2.json	PILOT-2012006145	G	2	0.9906	1.0	0.9906	0.995	23	
PILOT-2012007524__F__gpt4o-mini__rep0.json	PILOT-2012007524	F	0	0.8922	0.9595	0.9308	0.9399	7	
PILOT-2012007524__F__gpt4o-mini__rep1.json	PILOT-2012007524	F	1	0.8	0.961	0.8314	0.8831	4	
PILOT-2012007524__F__gpt4o-mini__rep2.json	PILOT-2012007524	F	2	0.8836	0.9166	0.9627	0.9364	4	
PILOT-2012007524__F__gpt5.4__rep0.json	PILOT-2012007524	F	0	0.8702	0.95	0.9155	0.9254	7	
PILOT-2012007524__F__gpt5.4__rep1.json	PILOT-2012007524	F	1	0.8882	0.9595	0.9251	0.9354	7	
PILOT-2012007524__F__gpt5.4__rep2.json	PILOT-2012007524	F	2	0.8264	0.9595	0.8656	0.8986	7	
PILOT-2012007524__F__haiku4.5__rep0.json	PILOT-2012007524	F	0	0.6115	0.9497	0.6339	0.7579	7	
PILOT-2012007524__F__haiku4.5__rep1.json	PILOT-2012007524	F	1	0.9192	0.9631	0.9534	0.9537	20	
PILOT-2012007524__F__haiku4.5__rep2.json	PILOT-2012007524	F	2	0.6654	0.9546	0.6898	0.7951	7	
PILOT-2012007524__F__sonnet4__rep0.json	PILOT-2012007524	F	0	0.9086	0.9631	0.9444	0.9474	20	
PILOT-2012007524__F__sonnet4__rep1.json	PILOT-2012007524	F	1	0.9109	0.9631	0.9467	0.9486	20	
PILOT-2012007524__F__sonnet4__rep2.json	PILOT-2012007524	F	2	0.8919	0.9631	0.927	0.9355	20	
PILOT-2012007524__G__gpt4o-mini__rep0.json	PILOT-2012007524	G	0	None				0	no_gen
PILOT-2012007524__G__gpt4o-mini__rep1.json	PILOT-2012007524	G	1	None				0	no_gen
PILOT-2012007524__G__gpt4o-mini__rep2.json	PILOT-2012007524	G	2	None				0	no_gen
PILOT-2012007524__G__gpt5.4__rep0.json	PILOT-2012007524	G	0	0.7844	0.9646	0.8117	0.8738	8	
PILOT-2012007524__G__gpt5.4__rep1.json	PILOT-2012007524	G	1	0.9006	0.9598	0.9382	0.9417	20	
PILOT-2012007524__G__gpt5.4__rep2.json	PILOT-2012007524	G	2	0.9033	0.9595	0.9425	0.9444	7	
PILOT-2012007524__G__haiku4.5__rep0.json	PILOT-2012007524	G	0	0.9096	0.9631	0.9434	0.9492	20	
PILOT-2012007524__G__haiku4.5__rep1.json	PILOT-2012007524	G	1	0.7894	0.9546	0.824	0.8798	7	
PILOT-2012007524__G__haiku4.5__rep2.json	PILOT-2012007524	G	2	0.8654	0.9614	0.8949	0.9204	20	
PILOT-2012007524__G__sonnet4__rep0.json	PILOT-2012007524	G	0	0.9457	0.9631	0.9815	0.9699	20	
PILOT-2012007524__G__sonnet4__rep1.json	PILOT-2012007524	G	1	0.9468	0.9631	0.9827	0.9707	20	
PILOT-2012007524__G__sonnet4__rep2.json	PILOT-2012007524	G	2	0.9457	0.9631	0.9815	0.9699	20	
PILOT-2012008496__F__gpt4o-mini__rep0.json	PILOT-2012008496	F	0	0.9202	0.9676	0.9487	0.9523	12	
PILOT-2012008496__F__gpt4o-mini__rep1.json	PILOT-2012008496	F	1	0.9395	0.9652	0.9741	0.9652	35	
PILOT-2012008496__F__gpt4o-mini__rep2.json	PILOT-2012008496	F	2	0.9274	0.9413	0.9827	0.9596	12	
PILOT-2012008496__F__gpt5.4__rep0.json	PILOT-2012008496	F	0	0.9272	0.9401	0.9757	0.9557	35	
PILOT-2012008496__F__gpt5.4__rep1.json	PILOT-2012008496	F	1	0.9452	0.9671	0.9778	0.9694	35	
PILOT-2012008496__F__gpt5.4__rep2.json	PILOT-2012008496	F	2	0.9457	0.9658	0.9797	0.9695	26	
PILOT-2012008496__F__haiku4.5__rep0.json	PILOT-2012008496	F	0	0.6247	0.964	0.6437	0.7521	32	
PILOT-2012008496__F__haiku4.5__rep1.json	PILOT-2012008496	F	1	0.7229	0.964	0.7447	0.8279	32	
PILOT-2012008496__F__haiku4.5__rep2.json	PILOT-2012008496	F	2	0.6814	0.964	0.7017	0.7988	32	
PILOT-2012008496__F__sonnet4__rep0.json	PILOT-2012008496	F	0	0.7778	0.964	0.8069	0.8608	32	
PILOT-2012008496__F__sonnet4__rep1.json	PILOT-2012008496	F	1	0.9275	0.9401	0.9824	0.9572	35	
PILOT-2012008496__F__sonnet4__rep2.json	PILOT-2012008496	F	2	0.9671	0.9671	1.0	0.9816	35	
PILOT-2012008496__G__gpt4o-mini__rep0.json	PILOT-2012008496	G	0	0.634	0.9517	0.6551	0.7654	13	
PILOT-2012008496__G__gpt4o-mini__rep1.json	PILOT-2012008496	G	1	0.7707	0.9491	0.8019	0.8615	12	
PILOT-2012008496__G__gpt4o-mini__rep2.json	PILOT-2012008496	G	2	0.7643	0.9167	0.807	0.858	4	
PILOT-2012008496__G__gpt5.4__rep0.json	PILOT-2012008496	G	0	0.9644	0.9703	0.9939	0.9802	30	
PILOT-2012008496__G__gpt5.4__rep1.json	PILOT-2012008496	G	1	0.9543	0.9718	0.9824	0.9746	31	
PILOT-2012008496__G__gpt5.4__rep2.json	PILOT-2012008496	G	2	0.9471	0.9671	0.9799	0.9705	35	
PILOT-2012008496__G__haiku4.5__rep0.json	PILOT-2012008496	G	0	0.6181	0.9671	0.6346	0.7508	35	
PILOT-2012008496__G__haiku4.5__rep1.json	PILOT-2012008496	G	1	0.7329	0.964	0.7547	0.8331	32	
PILOT-2012008496__G__haiku4.5__rep2.json	PILOT-2012008496	G	2	0.8505	0.964	0.8814	0.9135	32	
PILOT-2012008496__G__sonnet4__rep0.json	PILOT-2012008496	G	0	0.9561	0.9671	0.9881	0.9753	35	
PILOT-2012008496__G__sonnet4__rep1.json	PILOT-2012008496	G	1	0.8602	0.964	0.8917	0.9173	32	
PILOT-2012008496__G__sonnet4__rep2.json	PILOT-2012008496	G	2	0.867	0.9671	0.8962	0.9234	35	
PILOT-2012010015__F__gpt4o-mini__rep0.json	PILOT-2012010015	F	0	0.9519	0.9696	0.9792	0.9743	4	
PILOT-2012010015__F__gpt4o-mini__rep1.json	PILOT-2012010015	F	1	0.8201	0.9808	0.8379	0.8974	2	
PILOT-2012010015__F__gpt4o-mini__rep2.json	PILOT-2012010015	F	2	0.9111	0.9599	0.9465	0.9526	4	
PILOT-2012010015__F__gpt5.4__rep0.json	PILOT-2012010015	F	0	0.9601	0.9849	0.9734	0.9783	15	
PILOT-2012010015__F__gpt5.4__rep1.json	PILOT-2012010015	F	1	0.9685	0.9893	0.9779	0.9828	15	
PILOT-2012010015__F__gpt5.4__rep2.json	PILOT-2012010015	F	2	0.9709	0.9919	0.978	0.9841	15	
PILOT-2012010015__F__haiku4.5__rep0.json	PILOT-2012010015	F	0	0.9164	0.9858	0.9292	0.952	16	
PILOT-2012010015__F__haiku4.5__rep1.json	PILOT-2012010015	F	1	0.9244	0.9858	0.9366	0.9563	16	
PILOT-2012010015__F__haiku4.5__rep2.json	PILOT-2012010015	F	2	0.8233	0.9939	0.8286	0.8894	11	
PILOT-2012010015__F__sonnet4__rep0.json	PILOT-2012010015	F	0	0.9562	0.9858	0.9691	0.9751	16	
PILOT-2012010015__F__sonnet4__rep1.json	PILOT-2012010015	F	1	0.9541	0.9858	0.9666	0.9739	16	
PILOT-2012010015__F__sonnet4__rep2.json	PILOT-2012010015	F	2	0.9601	0.9849	0.9734	0.9783	15	
PILOT-2012010015__G__gpt4o-mini__rep0.json	PILOT-2012010015	G	0	0.9519	0.9696	0.9792	0.9743	4	
PILOT-2012010015__G__gpt4o-mini__rep1.json	PILOT-2012010015	G	1	0.9292	0.9696	0.9565	0.9624	4	
PILOT-2012010015__G__gpt4o-mini__rep2.json	PILOT-2012010015	G	2	0.9203	0.9696	0.9468	0.9577	4	
PILOT-2012010015__G__gpt5.4__rep0.json	PILOT-2012010015	G	0	0.9244	0.9667	0.9481	0.952	15	
PILOT-2012010015__G__gpt5.4__rep1.json	PILOT-2012010015	G	1	0.9734	0.9944	0.9781	0.9854	15	
PILOT-2012010015__G__gpt5.4__rep2.json	PILOT-2012010015	G	2	0.9812	0.9974	0.9835	0.9897	15	
PILOT-2012010015__G__haiku4.5__rep0.json	PILOT-2012010015	G	0	0.9297	0.99	0.9366	0.9562	15	
PILOT-2012010015__G__haiku4.5__rep1.json	PILOT-2012010015	G	1	0.9338	0.9874	0.943	0.9618	15	
PILOT-2012010015__G__haiku4.5__rep2.json	PILOT-2012010015	G	2	0.9378	0.9906	0.9459	0.9602	16	
PILOT-2012010015__G__sonnet4__rep0.json	PILOT-2012010015	G	0	0.9697	0.9858	0.9822	0.9838	16	
PILOT-2012010015__G__sonnet4__rep1.json	PILOT-2012010015	G	1	0.9175	0.9882	0.9271	0.9498	16	
PILOT-2012010015__G__sonnet4__rep2.json	PILOT-2012010015	G	2	0.9697	0.9858	0.9822	0.9838	16	
PILOT-2013000789__F__gpt4o-mini__rep0.json	PILOT-2013000789	F	0	0.8443	0.9097	0.9156	0.8991	8	
PILOT-2013000789__F__gpt4o-mini__rep1.json	PILOT-2013000789	F	1	0.6732	0.9332	0.7214	0.7992	7	
PILOT-2013000789__F__gpt4o-mini__rep2.json	PILOT-2013000789	F	2	0.8493	0.9206	0.9161	0.9022	7	
PILOT-2013000789__F__gpt5.4__rep0.json	PILOT-2013000789	F	0	0.9169	0.9464	0.9662	0.946	27	
PILOT-2013000789__F__gpt5.4__rep1.json	PILOT-2013000789	F	1	0.8985	0.9428	0.9494	0.934	18	
PILOT-2013000789__F__gpt5.4__rep2.json	PILOT-2013000789	F	2	0.906	0.9645	0.9359	0.9388	18	
PILOT-2013000789__F__haiku4.5__rep0.json	PILOT-2013000789	F	0	0.8295	0.8967	0.8991	0.8888	17	
PILOT-2013000789__F__haiku4.5__rep1.json	PILOT-2013000789	F	1	0.8328	0.8871	0.9147	0.8862	27	
PILOT-2013000789__F__haiku4.5__rep2.json	PILOT-2013000789	F	2	0.8481	0.9073	0.9101	0.8984	15	
PILOT-2013000789__F__sonnet4__rep0.json	PILOT-2013000789	F	0	0.7752	0.8783	0.8639	0.861	27	
PILOT-2013000789__F__sonnet4__rep1.json	PILOT-2013000789	F	1	0.7998	0.8919	0.8789	0.8762	27	
PILOT-2013000789__F__sonnet4__rep2.json	PILOT-2013000789	F	2	0.7808	0.8871	0.8605	0.8534	27	
PILOT-2013000789__G__gpt4o-mini__rep0.json	PILOT-2013000789	G	0	0.8667	0.9201	0.9232	0.9133	8	
PILOT-2013000789__G__gpt4o-mini__rep1.json	PILOT-2013000789	G	1	0.8503	0.9097	0.9236	0.9032	8	
PILOT-2013000789__G__gpt4o-mini__rep2.json	PILOT-2013000789	G	2	0.8799	0.9197	0.9474	0.9238	9	
PILOT-2013000789__G__gpt5.4__rep0.json	PILOT-2013000789	G	0	0.8966	0.9463	0.9427	0.9324	18	
PILOT-2013000789__G__gpt5.4__rep1.json	PILOT-2013000789	G	1	0.9036	0.9602	0.9372	0.9378	18	
PILOT-2013000789__G__gpt5.4__rep2.json	PILOT-2013000789	G	2	0.8573	0.9256	0.9163	0.9058	18	
PILOT-2013000789__G__haiku4.5__rep0.json	PILOT-2013000789	G	0	0.8614	0.9454	0.9101	0.9121	15	
PILOT-2013000789__G__haiku4.5__rep1.json	PILOT-2013000789	G	1	0.8638	0.9033	0.9419	0.9111	26	
PILOT-2013000789__G__haiku4.5__rep2.json	PILOT-2013000789	G	2	0.8726	0.9226	0.9315	0.9181	26	
PILOT-2013000789__G__sonnet4__rep0.json	PILOT-2013000789	G	0	0.8562	0.9328	0.9141	0.9118	27	
PILOT-2013000789__G__sonnet4__rep1.json	PILOT-2013000789	G	1	0.8568	0.9328	0.9116	0.9113	27	
PILOT-2013000789__G__sonnet4__rep2.json	PILOT-2013000789	G	2	0.9184	0.9548	0.9588	0.9496	32	
PILOT-2013001277__F__gpt4o-mini__rep0.json	PILOT-2013001277	F	0	0.8763	0.9952	0.8794	0.9283	13	
PILOT-2013001277__F__gpt4o-mini__rep1.json	PILOT-2013001277	F	1	0.7368	0.9955	0.7399	0.8341	14	
PILOT-2013001277__F__gpt4o-mini__rep2.json	PILOT-2013001277	F	2	0.6301	1.0	0.6301	0.7619	12	
PILOT-2013001277__F__gpt5.4__rep0.json	PILOT-2013001277	F	0	0.9524	1.0	0.9524	0.9714	14	
PILOT-2013001277__F__gpt5.4__rep1.json	PILOT-2013001277	F	1	0.9074	1.0	0.9074	0.9457	14	
PILOT-2013001277__F__gpt5.4__rep2.json	PILOT-2013001277	F	2	0.871	1.0	0.871	0.9121	14	
PILOT-2013001277__F__haiku4.5__rep0.json	PILOT-2013001277	F	0	0.7483	0.9965	0.7493	0.831	18	
PILOT-2013001277__F__haiku4.5__rep1.json	PILOT-2013001277	F	1	0.7193	0.9826	0.7222	0.8069	18	
PILOT-2013001277__F__haiku4.5__rep2.json	PILOT-2013001277	F	2	0.7392	0.9965	0.7402	0.8228	18	
PILOT-2013001277__F__sonnet4__rep0.json	PILOT-2013001277	F	0	0.9448	0.9965	0.9479	0.9672	18	
PILOT-2013001277__F__sonnet4__rep1.json	PILOT-2013001277	F	1	0.9569	0.9961	0.9603	0.9737	16	
PILOT-2013001277__F__sonnet4__rep2.json	PILOT-2013001277	F	2	0.8385	0.9955	0.8424	0.8961	14	
PILOT-2013001277__G__gpt4o-mini__rep0.json	PILOT-2013001277	G	0	0.6727	0.9861	0.681	0.7983	18	
PILOT-2013001277__G__gpt4o-mini__rep1.json	PILOT-2013001277	G	1	0.962	0.9861	0.975	0.9784	17	
PILOT-2013001277__G__gpt4o-mini__rep2.json	PILOT-2013001277	G	2	0.6307	0.9965	0.6329	0.7662	18	
PILOT-2013001277__G__gpt5.4__rep0.json	PILOT-2013001277	G	0	0.8429	0.9463	0.8872	0.9066	14	
PILOT-2013001277__G__gpt5.4__rep1.json	PILOT-2013001277	G	1	0.8857	0.944	0.9345	0.9276	14	
PILOT-2013001277__G__gpt5.4__rep2.json	PILOT-2013001277	G	2	0.8217	0.9619	0.8598	0.8912	14	
PILOT-2013001277__G__haiku4.5__rep0.json	PILOT-2013001277	G	0	0.726	0.9586	0.7351	0.81	16	
PILOT-2013001277__G__haiku4.5__rep1.json	PILOT-2013001277	G	1	0.7848	0.9955	0.7871	0.8577	14	
PILOT-2013001277__G__haiku4.5__rep2.json	PILOT-2013001277	G	2	0.7586	0.9903	0.7675	0.8374	18	
PILOT-2013001277__G__sonnet4__rep0.json	PILOT-2013001277	G	0	0.9638	0.9965	0.9654	0.9783	18	
PILOT-2013001277__G__sonnet4__rep1.json	PILOT-2013001277	G	1	0.9494	0.9955	0.9513	0.9692	14	
PILOT-2013001277__G__sonnet4__rep2.json	PILOT-2013001277	G	2	0.6118	0.9955	0.6137	0.7348	14	
PILOT-2013007708__F__gpt4o-mini__rep0.json	PILOT-2013007708	F	0	None				0	no_gen
PILOT-2013007708__F__gpt4o-mini__rep1.json	PILOT-2013007708	F	1	0.6543	0.9792	0.6673	0.7835	6	
PILOT-2013007708__F__gpt4o-mini__rep2.json	PILOT-2013007708	F	2	None				0	no_gen
PILOT-2013007708__F__gpt5.4__rep0.json	PILOT-2013007708	F	0	0.9727	0.9777	0.995	0.9847	28	
PILOT-2013007708__F__gpt5.4__rep1.json	PILOT-2013007708	F	1	0.9746	0.9824	0.9923	0.9857	26	
PILOT-2013007708__F__gpt5.4__rep2.json	PILOT-2013007708	F	2	0.9646	0.9777	0.987	0.9801	28	
PILOT-2013007708__F__haiku4.5__rep0.json	PILOT-2013007708	F	0	0.6558	0.9777	0.6658	0.7477	28	
PILOT-2013007708__F__haiku4.5__rep1.json	PILOT-2013007708	F	1	0.7553	0.9777	0.7653	0.827	28	
PILOT-2013007708__F__haiku4.5__rep2.json	PILOT-2013007708	F	2	0.5725	0.9777	0.5807	0.6971	28	
PILOT-2013007708__F__sonnet4__rep0.json	PILOT-2013007708	F	0	0.9751	0.9777	0.9974	0.9859	28	
PILOT-2013007708__F__sonnet4__rep1.json	PILOT-2013007708	F	1	0.9751	0.9777	0.9974	0.9859	28	
PILOT-2013007708__F__sonnet4__rep2.json	PILOT-2013007708	F	2	0.9727	0.9777	0.995	0.9847	28	
PILOT-2013007708__G__gpt4o-mini__rep0.json	PILOT-2013007708	G	0	0.9724	0.9724	1.0	0.9845	28	
PILOT-2013007708__G__gpt4o-mini__rep1.json	PILOT-2013007708	G	1	0.5483	0.7867	0.632	0.6965	5	
PILOT-2013007708__G__gpt4o-mini__rep2.json	PILOT-2013007708	G	2	0.8469	0.9688	0.867	0.9062	28	
PILOT-2013007708__G__gpt5.4__rep0.json	PILOT-2013007708	G	0	0.9751	0.9777	0.9974	0.9859	28	
PILOT-2013007708__G__gpt5.4__rep1.json	PILOT-2013007708	G	1	0.9727	0.9777	0.995	0.9847	28	
PILOT-2013007708__G__gpt5.4__rep2.json	PILOT-2013007708	G	2	0.9705	0.9777	0.9928	0.9835	28	
PILOT-2013007708__G__haiku4.5__rep0.json	PILOT-2013007708	G	0	0.4708	0.9653	0.484	0.6074	18	
PILOT-2013007708__G__haiku4.5__rep1.json	PILOT-2013007708	G	1	0.4792	0.9777	0.4845	0.6169	28	
PILOT-2013007708__G__haiku4.5__rep2.json	PILOT-2013007708	G	2	0.4868	0.9515	0.5001	0.6295	28	
PILOT-2013007708__G__sonnet4__rep0.json	PILOT-2013007708	G	0	0.9522	0.9688	0.9782	0.9718	28	
PILOT-2013007708__G__sonnet4__rep1.json	PILOT-2013007708	G	1	0.9751	0.9777	0.9974	0.9859	28	
PILOT-2013007708__G__sonnet4__rep2.json	PILOT-2013007708	G	2	0.9751	0.9777	0.9974	0.9859	28	
PILOT-2014002407__F__gpt4o-mini__rep0.json	PILOT-2014002407	F	0	0.9339	0.9818	0.9491	0.965	5	
PILOT-2014002407__F__gpt4o-mini__rep1.json	PILOT-2014002407	F	1	0.9795	1.0	0.9795	0.9895	8	
PILOT-2014002407__F__gpt4o-mini__rep2.json	PILOT-2014002407	F	2	0.9309	0.973	0.9526	0.9625	8	
PILOT-2014002407__F__gpt5.4__rep0.json	PILOT-2014002407	F	0	0.952	0.973	0.979	0.9747	8	
PILOT-2014002407__F__gpt5.4__rep1.json	PILOT-2014002407	F	1	0.952	0.973	0.979	0.9747	8	
PILOT-2014002407__F__gpt5.4__rep2.json	PILOT-2014002407	F	2	0.952	0.973	0.979	0.9747	8	
PILOT-2014002407__F__haiku4.5__rep0.json	PILOT-2014002407	F	0	0.9396	0.973	0.9666	0.9684	8	
PILOT-2014002407__F__haiku4.5__rep1.json	PILOT-2014002407	F	1	0.9453	0.973	0.9723	0.9706	8	
PILOT-2014002407__F__haiku4.5__rep2.json	PILOT-2014002407	F	2	0.9526	0.973	0.9795	0.9752	8	
PILOT-2014002407__F__sonnet4__rep0.json	PILOT-2014002407	F	0	0.9526	0.973	0.9795	0.9752	8	
PILOT-2014002407__F__sonnet4__rep1.json	PILOT-2014002407	F	1	0.9687	0.973	0.9957	0.9835	8	
PILOT-2014002407__F__sonnet4__rep2.json	PILOT-2014002407	F	2	0.9526	0.973	0.9795	0.9752	8	
PILOT-2014002407__G__gpt4o-mini__rep0.json	PILOT-2014002407	G	0	0.9747	0.9952	0.9795	0.987	8	
PILOT-2014002407__G__gpt4o-mini__rep1.json	PILOT-2014002407	G	1	0.9228	0.946	0.9653	0.9549	8	
PILOT-2014002407__G__gpt4o-mini__rep2.json	PILOT-2014002407	G	2	0.9471	0.973	0.9687	0.9708	8	
PILOT-2014002407__G__gpt5.4__rep0.json	PILOT-2014002407	G	0	0.952	0.973	0.979	0.9747	8	
PILOT-2014002407__G__gpt5.4__rep1.json	PILOT-2014002407	G	1	0.952	0.973	0.979	0.9747	8	
PILOT-2014002407__G__gpt5.4__rep2.json	PILOT-2014002407	G	2	0.952	0.973	0.979	0.9747	8	
PILOT-2014002407__G__haiku4.5__rep0.json	PILOT-2014002407	G	0	0.9687	0.973	0.9957	0.9835	8	
PILOT-2014002407__G__haiku4.5__rep1.json	PILOT-2014002407	G	1	0.9687	0.973	0.9957	0.9835	8	
PILOT-2014002407__G__haiku4.5__rep2.json	PILOT-2014002407	G	2	0.9641	0.973	0.9911	0.9812	8	
PILOT-2014002407__G__sonnet4__rep0.json	PILOT-2014002407	G	0	0.9132	0.973	0.9402	0.9517	8	
PILOT-2014002407__G__sonnet4__rep1.json	PILOT-2014002407	G	1	0.9687	0.973	0.9957	0.9835	8	
PILOT-2014002407__G__sonnet4__rep2.json	PILOT-2014002407	G	2	0.9526	0.973	0.9795	0.9752	8	
PILOT-2014002745__F__gpt4o-mini__rep0.json	PILOT-2014002745	F	0	None				0	no_gen
PILOT-2014002745__F__gpt4o-mini__rep1.json	PILOT-2014002745	F	1	1.0	1.0	1.0	1.0	2	
PILOT-2014002745__F__gpt4o-mini__rep2.json	PILOT-2014002745	F	2	None				0	no_gen
PILOT-2014002745__F__gpt5.4__rep0.json	PILOT-2014002745	F	0	0.8393	0.8655	0.969	0.9102	19	
PILOT-2014002745__F__gpt5.4__rep1.json	PILOT-2014002745	F	1	0.784	0.8714	0.9033	0.8724	19	
PILOT-2014002745__F__gpt5.4__rep2.json	PILOT-2014002745	F	2	0.777	0.8655	0.8995	0.8677	19	
PILOT-2014002745__F__haiku4.5__rep0.json	PILOT-2014002745	F	0	0.7428	0.8404	0.8755	0.8398	24	
PILOT-2014002745__F__haiku4.5__rep1.json	PILOT-2014002745	F	1	0.7323	0.8309	0.8672	0.8329	24	
PILOT-2014002745__F__haiku4.5__rep2.json	PILOT-2014002745	F	2	0.7177	0.8303	0.852	0.822	19	
PILOT-2014002745__F__sonnet4__rep0.json	PILOT-2014002745	F	0	0.8415	0.8673	0.9691	0.912	19	
PILOT-2014002745__F__sonnet4__rep1.json	PILOT-2014002745	F	1	0.8044	0.8387	0.9549	0.8849	24	
PILOT-2014002745__F__sonnet4__rep2.json	PILOT-2014002745	F	2	0.7653	0.8249	0.9237	0.8562	27	
PILOT-2014002745__G__gpt4o-mini__rep0.json	PILOT-2014002745	G	0	0.8369	0.8402	0.9962	0.9034	20	
PILOT-2014002745__G__gpt4o-mini__rep1.json	PILOT-2014002745	G	1	0.9313	0.9313	1.0	0.9629	5	
PILOT-2014002745__G__gpt4o-mini__rep2.json	PILOT-2014002745	G	2	0.8213	0.8394	0.9748	0.891	11	
PILOT-2014002745__G__gpt5.4__rep0.json	PILOT-2014002745	G	0	0.7503	0.844	0.8803	0.8471	19	
PILOT-2014002745__G__gpt5.4__rep1.json	PILOT-2014002745	G	1	0.834	0.8615	0.9669	0.9073	19	
PILOT-2014002745__G__gpt5.4__rep2.json	PILOT-2014002745	G	2	0.8285	0.8615	0.9611	0.9039	19	
PILOT-2014002745__G__haiku4.5__rep0.json	PILOT-2014002745	G	0	0.693	0.7498	0.8099	0.7744	27	
PILOT-2014002745__G__haiku4.5__rep1.json	PILOT-2014002745	G	1	0.7175	0.8043	0.8483	0.8203	24	
PILOT-2014002745__G__haiku4.5__rep2.json	PILOT-2014002745	G	2	0.7628	0.8505	0.8788	0.8589	24	
PILOT-2014002745__G__sonnet4__rep0.json	PILOT-2014002745	G	0	0.8283	0.869	0.9482	0.9043	24	
PILOT-2014002745__G__sonnet4__rep1.json	PILOT-2014002745	G	1	0.8118	0.8621	0.9371	0.8939	24	
PILOT-2014002745__G__sonnet4__rep2.json	PILOT-2014002745	G	2	0.8169	0.8621	0.9431	0.8969	24	
PILOT-2014003236__F__gpt4o-mini__rep0.json	PILOT-2014003236	F	0	0.6722	0.9	0.7165	0.7944	5	
PILOT-2014003236__F__gpt4o-mini__rep1.json	PILOT-2014003236	F	1	0.8244	0.9	0.9244	0.9024	5	
PILOT-2014003236__F__gpt4o-mini__rep2.json	PILOT-2014003236	F	2	0.7539	0.8556	0.8822	0.858	5	
PILOT-2014003236__F__gpt5.4__rep0.json	PILOT-2014003236	F	0	0.8244	0.9	0.9244	0.9024	5	
PILOT-2014003236__F__gpt5.4__rep1.json	PILOT-2014003236	F	1	0.9244	1.0	0.9244	0.9595	5	
PILOT-2014003236__F__gpt5.4__rep2.json	PILOT-2014003236	F	2	0.9244	1.0	0.9244	0.9595	5	
PILOT-2014003236__F__haiku4.5__rep0.json	PILOT-2014003236	F	0	0.81	0.9278	0.8778	0.8825	5	
PILOT-2014003236__F__haiku4.5__rep1.json	PILOT-2014003236	F	1	0.725	1.0	0.725	0.8308	4	
PILOT-2014003236__F__haiku4.5__rep2.json	PILOT-2014003236	F	2	0.3719	0.95	0.3748	0.5207	5	
PILOT-2014003236__F__sonnet4__rep0.json	PILOT-2014003236	F	0	0.86	0.8778	0.9778	0.9206	5	
PILOT-2014003236__F__sonnet4__rep1.json	PILOT-2014003236	F	1	0.7244	0.78	0.8911	0.8206	5	
PILOT-2014003236__F__sonnet4__rep2.json	PILOT-2014003236	F	2	0.7183	0.9	0.8183	0.8336	5	
PILOT-2014003236__G__gpt4o-mini__rep0.json	PILOT-2014003236	G	0	0.6597	0.9156	0.709	0.7897	5	
PILOT-2014003236__G__gpt4o-mini__rep1.json	PILOT-2014003236	G	1	0.8149	1.0	0.8149	0.8898	5	
PILOT-2014003236__G__gpt4o-mini__rep2.json	PILOT-2014003236	G	2	0.9778	1.0	0.9778	0.9882	5	
PILOT-2014003236__G__gpt5.4__rep0.json	PILOT-2014003236	G	0	0.8244	0.9	0.9244	0.9024	5	
PILOT-2014003236__G__gpt5.4__rep1.json	PILOT-2014003236	G	1	0.8244	0.9	0.9244	0.9024	5	
PILOT-2014003236__G__gpt5.4__rep2.json	PILOT-2014003236	G	2	0.8007	0.8007	1.0	0.8886	4	
PILOT-2014003236__G__haiku4.5__rep0.json	PILOT-2014003236	G	0	0.8041	0.9278	0.8719	0.8772	5	
PILOT-2014003236__G__haiku4.5__rep1.json	PILOT-2014003236	G	1	0.74	0.8778	0.8578	0.8349	5	
PILOT-2014003236__G__haiku4.5__rep2.json	PILOT-2014003236	G	2	0.8361	1.0	0.8361	0.8907	4	
PILOT-2014003236__G__sonnet4__rep0.json	PILOT-2014003236	G	0	0.8183	1.0	0.8183	0.8907	5	
PILOT-2014003236__G__sonnet4__rep1.json	PILOT-2014003236	G	1	0.8546	0.9375	0.8921	0.9125	4	
PILOT-2014003236__G__sonnet4__rep2.json	PILOT-2014003236	G	2	0.5952	0.7	0.8286	0.7079	5	
PILOT-2014003587__F__gpt4o-mini__rep0.json	PILOT-2014003587	F	0	None				0	no_gen
PILOT-2014003587__F__gpt4o-mini__rep1.json	PILOT-2014003587	F	1	None				0	no_gen
PILOT-2014003587__F__gpt4o-mini__rep2.json	PILOT-2014003587	F	2	None				0	no_gen
PILOT-2014003587__F__gpt5.4__rep0.json	PILOT-2014003587	F	0	0.938	0.9962	0.9401	0.9638	20	
PILOT-2014003587__F__gpt5.4__rep1.json	PILOT-2014003587	F	1	0.8856	0.9619	0.9114	0.9328	17	
PILOT-2014003587__F__gpt5.4__rep2.json	PILOT-2014003587	F	2	0.8639	0.9955	0.8665	0.9193	17	
PILOT-2014003587__F__haiku4.5__rep0.json	PILOT-2014003587	F	0	0.7424	0.996	0.7458	0.843	19	
PILOT-2014003587__F__haiku4.5__rep1.json	PILOT-2014003587	F	1	0.764	0.9962	0.7667	0.8573	20	
PILOT-2014003587__F__haiku4.5__rep2.json	PILOT-2014003587	F	2	0.7343	0.9962	0.7376	0.8342	20	
PILOT-2014003587__F__sonnet4__rep0.json	PILOT-2014003587	F	0	0.9709	0.9962	0.9738	0.9838	20	
PILOT-2014003587__F__sonnet4__rep1.json	PILOT-2014003587	F	1	0.9729	0.9962	0.9757	0.985	20	
PILOT-2014003587__F__sonnet4__rep2.json	PILOT-2014003587	F	2	0.9709	0.9962	0.9738	0.9838	20	
PILOT-2014003587__G__gpt4o-mini__rep0.json	PILOT-2014003587	G	0	None				0	no_gen
PILOT-2014003587__G__gpt4o-mini__rep1.json	PILOT-2014003587	G	1	None				0	no_gen
PILOT-2014003587__G__gpt4o-mini__rep2.json	PILOT-2014003587	G	2	None				0	no_gen
PILOT-2014003587__G__gpt5.4__rep0.json	PILOT-2014003587	G	0	0.828	0.9046	0.9223	0.8882	20	
PILOT-2014003587__G__gpt5.4__rep1.json	PILOT-2014003587	G	1	0.9519	0.9962	0.9546	0.9735	20	
PILOT-2014003587__G__gpt5.4__rep2.json	PILOT-2014003587	G	2	0.8898	0.9962	0.8925	0.9363	20	
PILOT-2014003587__G__haiku4.5__rep0.json	PILOT-2014003587	G	0	0.7528	0.9962	0.7557	0.8455	20	
PILOT-2014003587__G__haiku4.5__rep1.json	PILOT-2014003587	G	1	0.7854	0.9923	0.7901	0.874	20	
PILOT-2014003587__G__haiku4.5__rep2.json	PILOT-2014003587	G	2	0.7977	0.9531	0.8299	0.8827	19	
PILOT-2014003587__G__sonnet4__rep0.json	PILOT-2014003587	G	0	0.9691	0.9962	0.972	0.9826	20	
PILOT-2014003587__G__sonnet4__rep1.json	PILOT-2014003587	G	1	0.9651	0.9962	0.9679	0.9791	20	
PILOT-2014003587__G__sonnet4__rep2.json	PILOT-2014003587	G	2	0.9445	0.9962	0.9474	0.9681	20	
PILOT-2014006550__F__gpt4o-mini__rep0.json	PILOT-2014006550	F	0	0.8412	0.9584	0.8755	0.913	8	
PILOT-2014006550__F__gpt4o-mini__rep1.json	PILOT-2014006550	F	1	0.8065	0.9919	0.8124	0.8911	4	
PILOT-2014006550__F__gpt4o-mini__rep2.json	PILOT-2014006550	F	2	None				0	no_gen
PILOT-2014006550__F__gpt5.4__rep0.json	PILOT-2014006550	F	0	0.9713	0.9859	0.9851	0.9849	20	
PILOT-2014006550__F__gpt5.4__rep1.json	PILOT-2014006550	F	1	0.9377	0.9859	0.9513	0.9663	20	
PILOT-2014006550__F__gpt5.4__rep2.json	PILOT-2014006550	F	2	0.9768	0.9859	0.9908	0.9879	20	
PILOT-2014006550__F__haiku4.5__rep0.json	PILOT-2014006550	F	0	0.9077	0.963	0.9378	0.9479	20	
PILOT-2014006550__F__haiku4.5__rep1.json	PILOT-2014006550	F	1	0.8276	0.9435	0.8672	0.8991	20	
PILOT-2014006550__F__haiku4.5__rep2.json	PILOT-2014006550	F	2	0.9032	0.9583	0.9366	0.9442	20	
PILOT-2014006550__F__sonnet4__rep0.json	PILOT-2014006550	F	0	0.9273	0.9781	0.9471	0.9598	20	
PILOT-2014006550__F__sonnet4__rep1.json	PILOT-2014006550	F	1	0.9295	0.9781	0.9491	0.9595	20	
PILOT-2014006550__F__sonnet4__rep2.json	PILOT-2014006550	F	2	0.9208	0.9781	0.9406	0.9555	20	
PILOT-2014006550__G__gpt4o-mini__rep0.json	PILOT-2014006550	G	0	None				0	no_gen
PILOT-2014006550__G__gpt4o-mini__rep1.json	PILOT-2014006550	G	1	None				0	no_gen
PILOT-2014006550__G__gpt4o-mini__rep2.json	PILOT-2014006550	G	2	None				0	no_gen
PILOT-2014006550__G__gpt5.4__rep0.json	PILOT-2014006550	G	0	0.9484	0.9859	0.9623	0.9726	20	
PILOT-2014006550__G__gpt5.4__rep1.json	PILOT-2014006550	G	1	0.9649	0.9764	0.9872	0.9814	20	
PILOT-2014006550__G__gpt5.4__rep2.json	PILOT-2014006550	G	2	0.9738	0.9843	0.9891	0.9863	20	
PILOT-2014006550__G__haiku4.5__rep0.json	PILOT-2014006550	G	0	0.8757	0.9611	0.9082	0.9308	20	
PILOT-2014006550__G__haiku4.5__rep1.json	PILOT-2014006550	G	1	0.8323	0.9611	0.8627	0.9052	19	
PILOT-2014006550__G__haiku4.5__rep2.json	PILOT-2014006550	G	2	0.8748	0.9595	0.9067	0.9286	20	
PILOT-2014006550__G__sonnet4__rep0.json	PILOT-2014006550	G	0	0.9316	0.9781	0.9512	0.9613	20	
PILOT-2014006550__G__sonnet4__rep1.json	PILOT-2014006550	G	1	0.9316	0.9781	0.9512	0.9613	20	
PILOT-2014006550__G__sonnet4__rep2.json	PILOT-2014006550	G	2	0.9294	0.9781	0.949	0.9599	20	
PILOT-2014007043__F__gpt4o-mini__rep0.json	PILOT-2014007043	F	0	0.8976	1.0	0.8976	0.9441	4	
PILOT-2014007043__F__gpt4o-mini__rep1.json	PILOT-2014007043	F	1	0.8797	1.0	0.8797	0.9332	4	
PILOT-2014007043__F__gpt4o-mini__rep2.json	PILOT-2014007043	F	2	0.8491	0.9056	0.9237	0.9122	5	
PILOT-2014007043__F__gpt5.4__rep0.json	PILOT-2014007043	F	0	0.9763	0.9846	0.9907	0.9876	6	
PILOT-2014007043__F__gpt5.4__rep1.json	PILOT-2014007043	F	1	0.9815	1.0	0.9815	0.9902	6	
PILOT-2014007043__F__gpt5.4__rep2.json	PILOT-2014007043	F	2	0.7047	0.7416	0.7843	0.7535	6	
PILOT-2014007043__F__haiku4.5__rep0.json	PILOT-2014007043	F	0	0.6025	0.7264	0.7853	0.6899	6	
PILOT-2014007043__F__haiku4.5__rep1.json	PILOT-2014007043	F	1	0.6444	0.7033	0.805	0.7335	4	
PILOT-2014007043__F__haiku4.5__rep2.json	PILOT-2014007043	F	2	0.6444	0.7033	0.805	0.7335	4	
PILOT-2014007043__F__sonnet4__rep0.json	PILOT-2014007043	F	0	0.8654	0.8751	0.9786	0.8889	20	
PILOT-2014007043__F__sonnet4__rep1.json	PILOT-2014007043	F	1	0.8213	0.8548	0.9165	0.8613	20	
PILOT-2014007043__F__sonnet4__rep2.json	PILOT-2014007043	F	2	0.8369	0.8742	0.9503	0.875	20	
PILOT-2014007043__G__gpt4o-mini__rep0.json	PILOT-2014007043	G	0	None				0	no_gen
PILOT-2014007043__G__gpt4o-mini__rep1.json	PILOT-2014007043	G	1	None				0	no_gen
PILOT-2014007043__G__gpt4o-mini__rep2.json	PILOT-2014007043	G	2	0.8195	1.0	0.8195	0.8902	4	
PILOT-2014007043__G__gpt5.4__rep0.json	PILOT-2014007043	G	0	0.9499	0.9622	0.976	0.9677	20	
PILOT-2014007043__G__gpt5.4__rep1.json	PILOT-2014007043	G	1	0.9101	0.9907	0.9194	0.9421	6	
PILOT-2014007043__G__gpt5.4__rep2.json	PILOT-2014007043	G	2	0.994	1.0	0.994	0.997	6	
PILOT-2014007043__G__haiku4.5__rep0.json	PILOT-2014007043	G	0	0.8438	0.915	0.8788	0.8921	20	
PILOT-2014007043__G__haiku4.5__rep1.json	PILOT-2014007043	G	1	0.9499	0.9622	0.976	0.9677	20	
PILOT-2014007043__G__haiku4.5__rep2.json	PILOT-2014007043	G	2	0.8215	0.9011	0.8638	0.8718	20	
PILOT-2014007043__G__sonnet4__rep0.json	PILOT-2014007043	G	0	0.8623	0.8742	0.9757	0.8896	20	
PILOT-2014007043__G__sonnet4__rep1.json	PILOT-2014007043	G	1	0.8654	0.8751	0.9786	0.8889	20	
PILOT-2014007043__G__sonnet4__rep2.json	PILOT-2014007043	G	2	0.9098	0.9195	0.9786	0.9289	20	
PILOT-2014008375__F__gpt4o-mini__rep0.json	PILOT-2014008375	F	0	1.0	1.0	1.0	1.0	4	
PILOT-2014008375__F__gpt4o-mini__rep1.json	PILOT-2014008375	F	1	0.8333	1.0	0.8333	0.8942	3	
PILOT-2014008375__F__gpt4o-mini__rep2.json	PILOT-2014008375	F	2	0.8123	1.0	0.8123	0.8925	3	
PILOT-2014008375__F__gpt5.4__rep0.json	PILOT-2014008375	F	0	0.9826	1.0	0.9826	0.9909	5	
PILOT-2014008375__F__gpt5.4__rep1.json	PILOT-2014008375	F	1	0.9954	1.0	0.9954	0.9977	10	
PILOT-2014008375__F__gpt5.4__rep2.json	PILOT-2014008375	F	2	0.9677	1.0	0.9677	0.983	10	
PILOT-2014008375__F__haiku4.5__rep0.json	PILOT-2014008375	F	0	0.8984	0.9886	0.9097	0.9368	8	
PILOT-2014008375__F__haiku4.5__rep1.json	PILOT-2014008375	F	1	0.8745	1.0	0.8745	0.924	8	
PILOT-2014008375__F__haiku4.5__rep2.json	PILOT-2014008375	F	2	0.9088	0.9621	0.9304	0.9443	8	
PILOT-2014008375__F__sonnet4__rep0.json	PILOT-2014008375	F	0	0.9235	1.0	0.9235	0.9518	9	
PILOT-2014008375__F__sonnet4__rep1.json	PILOT-2014008375	F	1	0.9949	1.0	0.9949	0.9974	9	
PILOT-2014008375__F__sonnet4__rep2.json	PILOT-2014008375	F	2	0.9949	1.0	0.9949	0.9974	9	
PILOT-2014008375__G__gpt4o-mini__rep0.json	PILOT-2014008375	G	0	0.6374	0.8	0.6374	0.7069	5	
PILOT-2014008375__G__gpt4o-mini__rep1.json	PILOT-2014008375	G	1	0.8515	0.9583	0.8812	0.9173	4	
PILOT-2014008375__G__gpt4o-mini__rep2.json	PILOT-2014008375	G	2	0.8261	1.0	0.8261	0.8999	3	
PILOT-2014008375__G__gpt5.4__rep0.json	PILOT-2014008375	G	0	0.9623	1.0	0.9623	0.98	5	
PILOT-2014008375__G__gpt5.4__rep1.json	PILOT-2014008375	G	1	0.9909	1.0	0.9909	0.9953	5	
PILOT-2014008375__G__gpt5.4__rep2.json	PILOT-2014008375	G	2	0.9623	1.0	0.9623	0.98	5	
PILOT-2014008375__G__haiku4.5__rep0.json	PILOT-2014008375	G	0	0.8794	1.0	0.8794	0.9305	10	
PILOT-2014008375__G__haiku4.5__rep1.json	PILOT-2014008375	G	1	0.9805	0.987	0.9935	0.9899	7	
PILOT-2014008375__G__haiku4.5__rep2.json	PILOT-2014008375	G	2	0.923	0.9886	0.9344	0.9545	8	
PILOT-2014008375__G__sonnet4__rep0.json	PILOT-2014008375	G	0	0.9791	1.0	0.9791	0.9889	9	
PILOT-2014008375__G__sonnet4__rep1.json	PILOT-2014008375	G	1	0.9812	1.0	0.9812	0.99	10	
PILOT-2014008375__G__sonnet4__rep2.json	PILOT-2014008375	G	2	0.9812	1.0	0.9812	0.99	10	
PILOT-2014009096__F__gpt4o-mini__rep0.json	PILOT-2014009096	F	0	0.5795	0.6956	0.7815	0.7318	4	
PILOT-2014009096__F__gpt4o-mini__rep1.json	PILOT-2014009096	F	1	0.6136	0.737	0.7775	0.7535	4	
PILOT-2014009096__F__gpt4o-mini__rep2.json	PILOT-2014009096	F	2	0.6048	0.7319	0.7714	0.7479	4	
PILOT-2014009096__F__gpt5.4__rep0.json	PILOT-2014009096	F	0	0.757	0.8269	0.8782	0.8511	9	
PILOT-2014009096__F__gpt5.4__rep1.json	PILOT-2014009096	F	1	0.7749	0.8419	0.8917	0.8654	9	
PILOT-2014009096__F__gpt5.4__rep2.json	PILOT-2014009096	F	2	0.6164	0.7543	0.7679	0.7601	4	
PILOT-2014009096__F__haiku4.5__rep0.json	PILOT-2014009096	F	0	0.6466	0.7543	0.8118	0.7793	4	
PILOT-2014009096__F__haiku4.5__rep1.json	PILOT-2014009096	F	1	0.6368	0.7543	0.7961	0.7722	4	
PILOT-2014009096__F__haiku4.5__rep2.json	PILOT-2014009096	F	2	0.6366	0.7287	0.8286	0.7732	4	
PILOT-2014009096__F__sonnet4__rep0.json	PILOT-2014009096	F	0	None				0	no_gen
PILOT-2014009096__F__sonnet4__rep1.json	PILOT-2014009096	F	1	0.6723	0.7543	0.8551	0.8008	4	
PILOT-2014009096__F__sonnet4__rep2.json	PILOT-2014009096	F	2	0.6723	0.7543	0.8551	0.8008	4	
PILOT-2014009096__G__gpt4o-mini__rep0.json	PILOT-2014009096	G	0	0.626	0.737	0.7984	0.7636	4	
PILOT-2014009096__G__gpt4o-mini__rep1.json	PILOT-2014009096	G	1	0.5624	0.6847	0.7581	0.7172	4	
PILOT-2014009096__G__gpt4o-mini__rep2.json	PILOT-2014009096	G	2	0.6477	0.737	0.8358	0.7826	4	
PILOT-2014009096__G__gpt5.4__rep0.json	PILOT-2014009096	G	0	0.7749	0.8419	0.8917	0.8654	9	
PILOT-2014009096__G__gpt5.4__rep1.json	PILOT-2014009096	G	1	0.6367	0.7543	0.7998	0.7753	4	
PILOT-2014009096__G__gpt5.4__rep2.json	PILOT-2014009096	G	2	0.6331	0.7543	0.7945	0.7729	4	
PILOT-2014009096__G__haiku4.5__rep0.json	PILOT-2014009096	G	0	0.6522	0.7287	0.8567	0.7869	4	
PILOT-2014009096__G__haiku4.5__rep1.json	PILOT-2014009096	G	1	0.6446	0.7543	0.8091	0.7793	4	
PILOT-2014009096__G__haiku4.5__rep2.json	PILOT-2014009096	G	2	0.6857	0.7543	0.8824	0.8121	4	
PILOT-2014009096__G__sonnet4__rep0.json	PILOT-2014009096	G	0	0.6366	0.7543	0.7957	0.7698	4	
PILOT-2014009096__G__sonnet4__rep1.json	PILOT-2014009096	G	1	0.6366	0.7543	0.7957	0.7698	4	
PILOT-2014009096__G__sonnet4__rep2.json	PILOT-2014009096	G	2	0.6366	0.7543	0.7957	0.7698	4	
PILOT-2014009182__F__gpt4o-mini__rep0.json	PILOT-2014009182	F	0	0.9503	0.9576	0.9861	0.97	20	
PILOT-2014009182__F__gpt4o-mini__rep1.json	PILOT-2014009182	F	1	0.9466	0.9576	0.9824	0.9681	20	
PILOT-2014009182__F__gpt4o-mini__rep2.json	PILOT-2014009182	F	2	0.7978	0.8461	0.8675	0.8523	19	
PILOT-2014009182__F__gpt5.4__rep0.json	PILOT-2014009182	F	0	0.8334	0.966	0.8663	0.8946	17	
PILOT-2014009182__F__gpt5.4__rep1.json	PILOT-2014009182	F	1	0.8617	0.9711	0.8895	0.9139	20	
PILOT-2014009182__F__gpt5.4__rep2.json	PILOT-2014009182	F	2	0.8739	0.9711	0.9023	0.9232	20	
PILOT-2014009182__F__haiku4.5__rep0.json	PILOT-2014009182	F	0	0.7856	0.9914	0.7942	0.8692	12	
PILOT-2014009182__F__haiku4.5__rep1.json	PILOT-2014009182	F	1	0.8427	0.9711	0.8714	0.905	20	
PILOT-2014009182__F__haiku4.5__rep2.json	PILOT-2014009182	F	2	0.8269	0.9469	0.8688	0.8877	13	
PILOT-2014009182__F__sonnet4__rep0.json	PILOT-2014009182	F	0	0.8298	0.9711	0.8583	0.8998	20	
PILOT-2014009182__F__sonnet4__rep1.json	PILOT-2014009182	F	1	0.8335	0.9864	0.8461	0.8939	18	
PILOT-2014009182__F__sonnet4__rep2.json	PILOT-2014009182	F	2	0.7591	0.9864	0.7716	0.8488	18	
PILOT-2014009182__G__gpt4o-mini__rep0.json	PILOT-2014009182	G	0	0.9466	0.9576	0.9824	0.9681	20	
PILOT-2014009182__G__gpt4o-mini__rep1.json	PILOT-2014009182	G	1	0.9042	0.96	0.9368	0.9411	20	
PILOT-2014009182__G__gpt4o-mini__rep2.json	PILOT-2014009182	G	2	0.9751	0.9907	0.9831	0.9866	11	
PILOT-2014009182__G__gpt5.4__rep0.json	PILOT-2014009182	G	0	0.9746	0.9914	0.9819	0.9863	12	
PILOT-2014009182__G__gpt5.4__rep1.json	PILOT-2014009182	G	1	0.9816	0.9914	0.9893	0.9902	12	
PILOT-2014009182__G__gpt5.4__rep2.json	PILOT-2014009182	G	2	0.9164	0.9914	0.9241	0.9497	12	
PILOT-2014009182__G__haiku4.5__rep0.json	PILOT-2014009182	G	0	0.8288	0.9695	0.8589	0.8935	19	
PILOT-2014009182__G__haiku4.5__rep1.json	PILOT-2014009182	G	1	0.8535	0.9914	0.8621	0.9158	12	
PILOT-2014009182__G__haiku4.5__rep2.json	PILOT-2014009182	G	2	0.8472	0.9695	0.8763	0.905	19	
PILOT-2014009182__G__sonnet4__rep0.json	PILOT-2014009182	G	0	0.8783	0.9711	0.9065	0.9275	20	
PILOT-2014009182__G__sonnet4__rep1.json	PILOT-2014009182	G	1	0.8811	0.9711	0.9096	0.9295	20	
PILOT-2014009182__G__sonnet4__rep2.json	PILOT-2014009182	G	2	0.8571	0.9587	0.8956	0.9152	14	
PILOT-2014009970__F__gpt4o-mini__rep0.json	PILOT-2014009970	F	0	0.9466	0.9952	0.9507	0.9707	9	
PILOT-2014009970__F__gpt4o-mini__rep1.json	PILOT-2014009970	F	1	0.6242	0.9788	0.6347	0.7622	5	
PILOT-2014009970__F__gpt4o-mini__rep2.json	PILOT-2014009970	F	2	0.6106	0.9952	0.6132	0.7473	9	
PILOT-2014009970__F__gpt5.4__rep0.json	PILOT-2014009970	F	0	0.963	0.9952	0.9653	0.9778	9	
PILOT-2014009970__F__gpt5.4__rep1.json	PILOT-2014009970	F	1	0.8681	0.9952	0.8704	0.9212	9	
PILOT-2014009970__F__gpt5.4__rep2.json	PILOT-2014009970	F	2	0.8853	0.9952	0.8871	0.9215	9	
PILOT-2014009970__F__haiku4.5__rep0.json	PILOT-2014009970	F	0	0.6633	0.9952	0.6653	0.775	9	
PILOT-2014009970__F__haiku4.5__rep1.json	PILOT-2014009970	F	1	0.6973	0.9952	0.6998	0.8057	9	
PILOT-2014009970__F__haiku4.5__rep2.json	PILOT-2014009970	F	2	0.7115	0.9952	0.7143	0.8175	9	
PILOT-2014009970__F__sonnet4__rep0.json	PILOT-2014009970	F	0	0.9448	0.9952	0.9469	0.9672	9	
PILOT-2014009970__F__sonnet4__rep1.json	PILOT-2014009970	F	1	0.9608	0.9952	0.963	0.9762	9	
PILOT-2014009970__F__sonnet4__rep2.json	PILOT-2014009970	F	2	0.9411	0.9952	0.9429	0.9643	9	
PILOT-2014009970__G__gpt4o-mini__rep0.json	PILOT-2014009970	G	0	0.882	0.9952	0.8847	0.9243	9	
PILOT-2014009970__G__gpt4o-mini__rep1.json	PILOT-2014009970	G	1	0.2837	0.5689	0.3343	0.4079	8	
PILOT-2014009970__G__gpt4o-mini__rep2.json	PILOT-2014009970	G	2	0.6399	0.9534	0.6568	0.7722	4	
PILOT-2014009970__G__gpt5.4__rep0.json	PILOT-2014009970	G	0	0.9206	0.9689	0.9479	0.9539	6	
PILOT-2014009970__G__gpt5.4__rep1.json	PILOT-2014009970	G	1	0.9444	0.9928	0.9479	0.9667	6	
PILOT-2014009970__G__gpt5.4__rep2.json	PILOT-2014009970	G	2	0.9444	0.9928	0.9479	0.9667	6	
PILOT-2014009970__G__haiku4.5__rep0.json	PILOT-2014009970	G	0	0.6189	0.9952	0.6212	0.7499	9	
PILOT-2014009970__G__haiku4.5__rep1.json	PILOT-2014009970	G	1	0.7189	0.9952	0.7212	0.8239	9	
PILOT-2014009970__G__haiku4.5__rep2.json	PILOT-2014009970	G	2	0.6141	0.9952	0.6166	0.7441	9	
PILOT-2014009970__G__sonnet4__rep0.json	PILOT-2014009970	G	0	0.9421	0.9938	0.9444	0.9637	7	
PILOT-2014009970__G__sonnet4__rep1.json	PILOT-2014009970	G	1	0.9005	0.9946	0.9024	0.9405	8	
PILOT-2014009970__G__sonnet4__rep2.json	PILOT-2014009970	G	2	0.9253	0.9952	0.9269	0.9539	9	
PILOT-2015000199__F__gpt4o-mini__rep0.json	PILOT-2015000199	F	0	0.7329	0.8079	0.8768	0.8388	4	
PILOT-2015000199__F__gpt4o-mini__rep1.json	PILOT-2015000199	F	1	0.7278	0.7845	0.9015	0.8311	5	
PILOT-2015000199__F__gpt4o-mini__rep2.json	PILOT-2015000199	F	2	0.8845	0.8994	0.9833	0.9301	10	
PILOT-2015000199__F__gpt5.4__rep0.json	PILOT-2015000199	F	0	0.8335	0.8706	0.951	0.8988	10	
PILOT-2015000199__F__gpt5.4__rep1.json	PILOT-2015000199	F	1	0.7982	0.8539	0.9159	0.873	10	
PILOT-2015000199__F__gpt5.4__rep2.json	PILOT-2015000199	F	2	0.732	0.8615	0.812	0.8223	10	
PILOT-2015000199__F__haiku4.5__rep0.json	PILOT-2015000199	F	0	0.8427	0.8999	0.9251	0.9032	10	
PILOT-2015000199__F__haiku4.5__rep1.json	PILOT-2015000199	F	1	0.8535	0.8908	0.9455	0.9098	10	
PILOT-2015000199__F__haiku4.5__rep2.json	PILOT-2015000199	F	2	0.8582	0.9089	0.9318	0.912	10	
PILOT-2015000199__F__sonnet4__rep0.json	PILOT-2015000199	F	0	0.8009	0.9115	0.876	0.8768	10	
PILOT-2015000199__F__sonnet4__rep1.json	PILOT-2015000199	F	1	0.8493	0.9161	0.9332	0.9076	10	
PILOT-2015000199__F__sonnet4__rep2.json	PILOT-2015000199	F	2	0.8366	0.9161	0.9138	0.8996	10	
PILOT-2015000199__G__gpt4o-mini__rep0.json	PILOT-2015000199	G	0	0.8649	0.8827	0.9776	0.9187	10	
PILOT-2015000199__G__gpt4o-mini__rep1.json	PILOT-2015000199	G	1	0.6665	0.7087	0.9164	0.7941	5	
PILOT-2015000199__G__gpt4o-mini__rep2.json	PILOT-2015000199	G	2	0.7824	0.828	0.9148	0.86	6	
PILOT-2015000199__G__gpt5.4__rep0.json	PILOT-2015000199	G	0	0.7976	0.8563	0.8971	0.8692	10	
PILOT-2015000199__G__gpt5.4__rep1.json	PILOT-2015000199	G	1	0.8815	0.9	0.9752	0.9296	24	
PILOT-2015000199__G__gpt5.4__rep2.json	PILOT-2015000199	G	2	0.8085	0.88	0.8769	0.8721	9	
PILOT-2015000199__G__haiku4.5__rep0.json	PILOT-2015000199	G	0	0.8431	0.9018	0.9207	0.9026	10	
PILOT-2015000199__G__haiku4.5__rep1.json	PILOT-2015000199	G	1	0.8399	0.9018	0.9175	0.9007	10	
PILOT-2015000199__G__haiku4.5__rep2.json	PILOT-2015000199	G	2	0.8456	0.9044	0.9262	0.9047	10	
PILOT-2015000199__G__sonnet4__rep0.json	PILOT-2015000199	G	0	0.8087	0.9161	0.8859	0.883	10	
PILOT-2015000199__G__sonnet4__rep1.json	PILOT-2015000199	G	1	0.7874	0.9115	0.8614	0.8679	10	
PILOT-2015000199__G__sonnet4__rep2.json	PILOT-2015000199	G	2	0.7812	0.9161	0.8533	0.864	10	
PILOT-2015004151__F__gpt4o-mini__rep0.json	PILOT-2015004151	F	0	0.4421	0.767	0.5152	0.6058	5	
PILOT-2015004151__F__gpt4o-mini__rep1.json	PILOT-2015004151	F	1	0.6655	0.8439	0.7248	0.7692	8	
PILOT-2015004151__F__gpt4o-mini__rep2.json	PILOT-2015004151	F	2	0.4756	0.8129	0.5463	0.6441	4	
PILOT-2015004151__F__gpt5.4__rep0.json	PILOT-2015004151	F	0	0.616	0.7641	0.7083	0.7265	6	
PILOT-2015004151__F__gpt5.4__rep1.json	PILOT-2015004151	F	1	0.6266	0.7641	0.7229	0.7367	6	
PILOT-2015004151__F__gpt5.4__rep2.json	PILOT-2015004151	F	2	0.6266	0.7641	0.7229	0.7367	6	
PILOT-2015004151__F__haiku4.5__rep0.json	PILOT-2015004151	F	0	0.5816	0.7669	0.6744	0.6953	8	
PILOT-2015004151__F__haiku4.5__rep1.json	PILOT-2015004151	F	1	0.6285	0.8231	0.6917	0.7323	8	
PILOT-2015004151__F__haiku4.5__rep2.json	PILOT-2015004151	F	2	0.5879	0.7669	0.6827	0.7033	8	
PILOT-2015004151__F__sonnet4__rep0.json	PILOT-2015004151	F	0	0.616	0.7641	0.7083	0.7265	6	
PILOT-2015004151__F__sonnet4__rep1.json	PILOT-2015004151	F	1	0.6756	0.8231	0.7517	0.7769	8	
PILOT-2015004151__F__sonnet4__rep2.json	PILOT-2015004151	F	2	0.6709	0.7978	0.75	0.7656	7	
PILOT-2015004151__G__gpt4o-mini__rep0.json	PILOT-2015004151	G	0	0.4509	0.817	0.5175	0.6183	5	
PILOT-2015004151__G__gpt4o-mini__rep1.json	PILOT-2015004151	G	1	0.4681	0.7712	0.5397	0.6315	4	
PILOT-2015004151__G__gpt4o-mini__rep2.json	PILOT-2015004151	G	2	0.4364	0.7712	0.5079	0.6036	4	
PILOT-2015004151__G__gpt5.4__rep0.json	PILOT-2015004151	G	0	0.6612	0.7641	0.7822	0.769	6	
PILOT-2015004151__G__gpt5.4__rep1.json	PILOT-2015004151	G	1	0.6266	0.7641	0.7229	0.7367	6	
PILOT-2015004151__G__gpt5.4__rep2.json	PILOT-2015004151	G	2	0.616	0.7641	0.7083	0.7265	6	
PILOT-2015004151__G__haiku4.5__rep0.json	PILOT-2015004151	G	0	0.6703	0.8439	0.738	0.7738	8	
PILOT-2015004151__G__haiku4.5__rep1.json	PILOT-2015004151	G	1	0.6703	0.8439	0.738	0.7738	8	
PILOT-2015004151__G__haiku4.5__rep2.json	PILOT-2015004151	G	2	0.6703	0.8439	0.738	0.7738	8	
PILOT-2015004151__G__sonnet4__rep0.json	PILOT-2015004151	G	0	0.616	0.7641	0.7083	0.7265	6	
PILOT-2015004151__G__sonnet4__rep1.json	PILOT-2015004151	G	1	0.616	0.7641	0.7083	0.7265	6	
PILOT-2015004151__G__sonnet4__rep2.json	PILOT-2015004151	G	2	0.6905	0.7978	0.7775	0.784	7	
PILOT-2015004158__F__gpt4o-mini__rep0.json	PILOT-2015004158	F	0	0.6214	1.0	0.6214	0.7664	2	
PILOT-2015004158__F__gpt4o-mini__rep1.json	PILOT-2015004158	F	1	0.8013	0.8712	0.9091	0.8894	2	
PILOT-2015004158__F__gpt4o-mini__rep2.json	PILOT-2015004158	F	2	0.7929	1.0	0.7929	0.8844	2	
PILOT-2015004158__F__gpt5.4__rep0.json	PILOT-2015004158	F	0	0.7111	0.8178	0.7683	0.7815	8	
PILOT-2015004158__F__gpt5.4__rep1.json	PILOT-2015004158	F	1	0.7569	0.8178	0.808	0.8092	8	
PILOT-2015004158__F__gpt5.4__rep2.json	PILOT-2015004158	F	2	0.7403	0.8178	0.7914	0.8002	8	
PILOT-2015004158__F__haiku4.5__rep0.json	PILOT-2015004158	F	0	0.7256	0.8037	0.7751	0.7807	7	
PILOT-2015004158__F__haiku4.5__rep1.json	PILOT-2015004158	F	1	0.6922	0.7362	0.7306	0.7302	9	
PILOT-2015004158__F__haiku4.5__rep2.json	PILOT-2015004158	F	2	0.7787	0.8282	0.822	0.8215	8	
PILOT-2015004158__F__sonnet4__rep0.json	PILOT-2015004158	F	0	0.8473	0.8473	0.8889	0.8664	9	
PILOT-2015004158__F__sonnet4__rep1.json	PILOT-2015004158	F	1	0.8473	0.8473	0.8889	0.8664	9	
PILOT-2015004158__F__sonnet4__rep2.json	PILOT-2015004158	F	2	0.8314	0.8388	0.8803	0.8579	9	
PILOT-2015004158__G__gpt4o-mini__rep0.json	PILOT-2015004158	G	0	0.6214	1.0	0.6214	0.7664	2	
PILOT-2015004158__G__gpt4o-mini__rep1.json	PILOT-2015004158	G	1	0.5895	1.0	0.5895	0.7416	2	
PILOT-2015004158__G__gpt4o-mini__rep2.json	PILOT-2015004158	G	2	None				0	no_gen
PILOT-2015004158__G__gpt5.4__rep0.json	PILOT-2015004158	G	0	0.6945	0.8473	0.718	0.7744	9	
PILOT-2015004158__G__gpt5.4__rep1.json	PILOT-2015004158	G	1	0.7666	0.8295	0.8248	0.8213	9	
PILOT-2015004158__G__gpt5.4__rep2.json	PILOT-2015004158	G	2	0.7666	0.8295	0.8248	0.8213	9	
PILOT-2015004158__G__haiku4.5__rep0.json	PILOT-2015004158	G	0	0.8186	0.8282	0.8654	0.8447	8	
PILOT-2015004158__G__haiku4.5__rep1.json	PILOT-2015004158	G	1	0.6968	0.7177	0.7436	0.729	9	
PILOT-2015004158__G__haiku4.5__rep2.json	PILOT-2015004158	G	2	0.5608	0.6251	0.595	0.6064	9	
PILOT-2015004158__G__sonnet4__rep0.json	PILOT-2015004158	G	0	0.8473	0.8473	0.8889	0.8664	9	
PILOT-2015004158__G__sonnet4__rep1.json	PILOT-2015004158	G	1	0.8473	0.8473	0.8889	0.8664	9	
PILOT-2015004158__G__sonnet4__rep2.json	PILOT-2015004158	G	2	0.8473	0.8473	0.8889	0.8664	9	
PILOT-2015004926__F__gpt4o-mini__rep0.json	PILOT-2015004926	F	0	0.9219	0.9373	0.9782	0.9562	9	
PILOT-2015004926__F__gpt4o-mini__rep1.json	PILOT-2015004926	F	1	0.768	0.96	0.7918	0.8573	11	
PILOT-2015004926__F__gpt4o-mini__rep2.json	PILOT-2015004926	F	2	0.7634	0.9719	0.7735	0.8543	9	
PILOT-2015004926__F__gpt5.4__rep0.json	PILOT-2015004926	F	0	0.8879	0.9867	0.8951	0.9343	15	
PILOT-2015004926__F__gpt5.4__rep1.json	PILOT-2015004926	F	1	0.9163	0.9867	0.9246	0.9508	15	
PILOT-2015004926__F__gpt5.4__rep2.json	PILOT-2015004926	F	2	0.9243	0.9846	0.9339	0.9543	13	
PILOT-2015004926__F__haiku4.5__rep0.json	PILOT-2015004926	F	0	0.6278	0.9755	0.6409	0.7625	20	
PILOT-2015004926__F__haiku4.5__rep1.json	PILOT-2015004926	F	1	0.7442	0.9742	0.7606	0.8448	19	
PILOT-2015004926__F__haiku4.5__rep2.json	PILOT-2015004926	F	2	0.766	0.9738	0.7828	0.8588	20	
PILOT-2015004926__F__sonnet4__rep0.json	PILOT-2015004926	F	0	0.7846	0.99	0.7923	0.8677	20	
PILOT-2015004926__F__sonnet4__rep1.json	PILOT-2015004926	F	1	0.7846	0.99	0.7923	0.8677	20	
PILOT-2015004926__F__sonnet4__rep2.json	PILOT-2015004926	F	2	0.7188	0.9535	0.7521	0.7909	15	
PILOT-2015004926__G__gpt4o-mini__rep0.json	PILOT-2015004926	G	0	0.7924	0.9541	0.8207	0.878	9	
PILOT-2015004926__G__gpt4o-mini__rep1.json	PILOT-2015004926	G	1	0.9	0.9639	0.9277	0.9441	7	
PILOT-2015004926__G__gpt4o-mini__rep2.json	PILOT-2015004926	G	2	None				0	no_gen
PILOT-2015004926__G__gpt5.4__rep0.json	PILOT-2015004926	G	0	0.9313	0.9717	0.9546	0.96	15	
PILOT-2015004926__G__gpt5.4__rep1.json	PILOT-2015004926	G	1	0.911	0.9867	0.9193	0.9476	15	
PILOT-2015004926__G__gpt5.4__rep2.json	PILOT-2015004926	G	2	0.8825	0.9717	0.9057	0.93	15	
PILOT-2015004926__G__haiku4.5__rep0.json	PILOT-2015004926	G	0	0.7622	0.9827	0.7729	0.8549	18	
PILOT-2015004926__G__haiku4.5__rep1.json	PILOT-2015004926	G	1	0.7083	0.9688	0.7261	0.8188	20	
PILOT-2015004926__G__haiku4.5__rep2.json	PILOT-2015004926	G	2	0.7143	0.9605	0.7395	0.8238	20	
PILOT-2015004926__G__sonnet4__rep0.json	PILOT-2015004926	G	0	0.8903	0.9867	0.9006	0.9379	15	
PILOT-2015004926__G__sonnet4__rep1.json	PILOT-2015004926	G	1	0.7742	0.9867	0.7831	0.8641	15	
PILOT-2015004926__G__sonnet4__rep2.json	PILOT-2015004926	G	2	0.9586	0.99	0.9663	0.9772	20	
PILOT-2015005752__F__gpt4o-mini__rep0.json	PILOT-2015005752	F	0	0.8597	0.95	0.9097	0.9216	6	
PILOT-2015005752__F__gpt4o-mini__rep1.json	PILOT-2015005752	F	1	0.7258	0.95	0.7527	0.827	6	
PILOT-2015005752__F__gpt4o-mini__rep2.json	PILOT-2015005752	F	2	0.7594	0.94	0.7917	0.8561	5	
PILOT-2015005752__F__gpt5.4__rep0.json	PILOT-2015005752	F	0	0.9485	0.9644	0.9841	0.9706	18	
PILOT-2015005752__F__gpt5.4__rep1.json	PILOT-2015005752	F	1	0.9002	0.968	0.9281	0.9407	20	
PILOT-2015005752__F__gpt5.4__rep2.json	PILOT-2015005752	F	2	0.9118	0.9644	0.9363	0.9478	18	
PILOT-2015005752__F__haiku4.5__rep0.json	PILOT-2015005752	F	0	0.8029	0.9636	0.8228	0.8829	20	
PILOT-2015005752__F__haiku4.5__rep1.json	PILOT-2015005752	F	1	0.6976	0.9572	0.723	0.8144	16	
PILOT-2015005752__F__haiku4.5__rep2.json	PILOT-2015005752	F	2	0.7385	0.9544	0.7617	0.8374	15	
PILOT-2015005752__F__sonnet4__rep0.json	PILOT-2015005752	F	0	0.9039	0.968	0.9243	0.9411	20	
PILOT-2015005752__F__sonnet4__rep1.json	PILOT-2015005752	F	1	0.9058	0.968	0.9263	0.9424	20	
PILOT-2015005752__F__sonnet4__rep2.json	PILOT-2015005752	F	2	0.9039	0.968	0.9243	0.9411	20	
PILOT-2015005752__G__gpt4o-mini__rep0.json	PILOT-2015005752	G	0	None				0	no_gen
PILOT-2015005752__G__gpt4o-mini__rep1.json	PILOT-2015005752	G	1	None				0	no_gen
PILOT-2015005752__G__gpt4o-mini__rep2.json	PILOT-2015005752	G	2	0.9618	0.9658	0.995	0.9783	20	
PILOT-2015005752__G__gpt5.4__rep0.json	PILOT-2015005752	G	0	0.9521	0.968	0.9841	0.9732	20	
PILOT-2015005752__G__gpt5.4__rep1.json	PILOT-2015005752	G	1	0.9451	0.9644	0.9773	0.9683	18	
PILOT-2015005752__G__gpt5.4__rep2.json	PILOT-2015005752	G	2	0.9451	0.9644	0.9773	0.9683	18	
PILOT-2015005752__G__haiku4.5__rep0.json	PILOT-2015005752	G	0	0.7354	0.9544	0.7636	0.8387	15	
PILOT-2015005752__G__haiku4.5__rep1.json	PILOT-2015005752	G	1	0.7757	0.9572	0.8034	0.8625	16	
PILOT-2015005752__G__haiku4.5__rep2.json	PILOT-2015005752	G	2	0.8984	0.9658	0.9188	0.9391	20	
PILOT-2015005752__G__sonnet4__rep0.json	PILOT-2015005752	G	0	0.8966	0.968	0.9164	0.9355	20	
PILOT-2015005752__G__sonnet4__rep1.json	PILOT-2015005752	G	1	0.8851	0.968	0.9049	0.9282	20	
PILOT-2015005752__G__sonnet4__rep2.json	PILOT-2015005752	G	2	0.8983	0.968	0.9188	0.9375	20	
PILOT-2015006206__F__gpt4o-mini__rep0.json	PILOT-2015006206	F	0	0.9344	0.9846	0.9498	0.9651	5	
PILOT-2015006206__F__gpt4o-mini__rep1.json	PILOT-2015006206	F	1	0.9344	0.9846	0.9498	0.9651	5	
PILOT-2015006206__F__gpt4o-mini__rep2.json	PILOT-2015006206	F	2	0.6603	0.989	0.6653	0.7906	7	
PILOT-2015006206__F__gpt5.4__rep0.json	PILOT-2015006206	F	0	0.9771	1.0	0.9771	0.9871	26	
PILOT-2015006206__F__gpt5.4__rep1.json	PILOT-2015006206	F	1	0.9736	1.0	0.9736	0.9852	26	
PILOT-2015006206__F__gpt5.4__rep2.json	PILOT-2015006206	F	2	0.9736	1.0	0.9736	0.9852	26	
PILOT-2015006206__F__haiku4.5__rep0.json	PILOT-2015006206	F	0	0.9131	0.9957	0.9169	0.9502	26	
PILOT-2015006206__F__haiku4.5__rep1.json	PILOT-2015006206	F	1	0.8454	0.9957	0.8493	0.904	26	
PILOT-2015006206__F__haiku4.5__rep2.json	PILOT-2015006206	F	2	0.8534	0.9957	0.8572	0.9108	26	
PILOT-2015006206__F__sonnet4__rep0.json	PILOT-2015006206	F	0	0.9758	0.9957	0.9796	0.987	26	
PILOT-2015006206__F__sonnet4__rep1.json	PILOT-2015006206	F	1	0.9758	0.9957	0.9796	0.987	26	
PILOT-2015006206__F__sonnet4__rep2.json	PILOT-2015006206	F	2	0.9758	0.9957	0.9796	0.987	26	
PILOT-2015006206__G__gpt4o-mini__rep0.json	PILOT-2015006206	G	0	0.7539	0.9846	0.7628	0.8584	5	
PILOT-2015006206__G__gpt4o-mini__rep1.json	PILOT-2015006206	G	1	None				0	no_gen
PILOT-2015006206__G__gpt4o-mini__rep2.json	PILOT-2015006206	G	2	None				0	no_gen
PILOT-2015006206__G__gpt5.4__rep0.json	PILOT-2015006206	G	0	0.9771	1.0	0.9771	0.9871	26	
PILOT-2015006206__G__gpt5.4__rep1.json	PILOT-2015006206	G	1	0.9658	0.9928	0.9725	0.9816	26	
PILOT-2015006206__G__gpt5.4__rep2.json	PILOT-2015006206	G	2	0.9669	1.0	0.9669	0.9804	23	
PILOT-2015006206__G__haiku4.5__rep0.json	PILOT-2015006206	G	0	0.8	0.9957	0.8038	0.8802	26	
PILOT-2015006206__G__haiku4.5__rep1.json	PILOT-2015006206	G	1	0.8275	0.9957	0.8313	0.8964	26	
PILOT-2015006206__G__haiku4.5__rep2.json	PILOT-2015006206	G	2	0.9365	0.9957	0.9403	0.9631	26	
PILOT-2015006206__G__sonnet4__rep0.json	PILOT-2015006206	G	0	0.9571	0.9957	0.9609	0.9764	26	
PILOT-2015006206__G__sonnet4__rep1.json	PILOT-2015006206	G	1	0.9795	0.9957	0.9833	0.989	26	
PILOT-2015006206__G__sonnet4__rep2.json	PILOT-2015006206	G	2	0.9795	0.9957	0.9833	0.989	26	
PILOT-2015006603__F__gpt4o-mini__rep0.json	PILOT-2015006603	F	0	None				0	no_gen
PILOT-2015006603__F__gpt4o-mini__rep1.json	PILOT-2015006603	F	1	None				0	no_gen
PILOT-2015006603__F__gpt4o-mini__rep2.json	PILOT-2015006603	F	2	0.8377	0.9458	0.8837	0.9104	5	
PILOT-2015006603__F__gpt5.4__rep0.json	PILOT-2015006603	F	0	0.8829	1.0	0.8829	0.9342	14	
PILOT-2015006603__F__gpt5.4__rep1.json	PILOT-2015006603	F	1	0.8259	1.0	0.8259	0.8912	19	
PILOT-2015006603__F__gpt5.4__rep2.json	PILOT-2015006603	F	2	0.9484	1.0	0.9484	0.9713	19	
PILOT-2015006603__F__haiku4.5__rep0.json	PILOT-2015006603	F	0	0.9623	0.9964	0.9646	0.9784	33	
PILOT-2015006603__F__haiku4.5__rep1.json	PILOT-2015006603	F	1	0.8635	1.0	0.8635	0.9155	33	
PILOT-2015006603__F__haiku4.5__rep2.json	PILOT-2015006603	F	2	0.8679	1.0	0.8679	0.919	33	
PILOT-2015006603__F__sonnet4__rep0.json	PILOT-2015006603	F	0	0.641	1.0	0.641	0.7745	13	
PILOT-2015006603__F__sonnet4__rep1.json	PILOT-2015006603	F	1	0.8511	1.0	0.8511	0.9066	33	
PILOT-2015006603__F__sonnet4__rep2.json	PILOT-2015006603	F	2	0.6507	1.0	0.6507	0.7779	13	
PILOT-2015006603__G__gpt4o-mini__rep0.json	PILOT-2015006603	G	0	None				0	no_gen
PILOT-2015006603__G__gpt4o-mini__rep1.json	PILOT-2015006603	G	1	None				0	no_gen
PILOT-2015006603__G__gpt4o-mini__rep2.json	PILOT-2015006603	G	2	None				0	no_gen
PILOT-2015006603__G__gpt5.4__rep0.json	PILOT-2015006603	G	0	0.9187	1.0	0.9187	0.9541	14	
PILOT-2015006603__G__gpt5.4__rep1.json	PILOT-2015006603	G	1	0.837	1.0	0.837	0.9036	19	
PILOT-2015006603__G__gpt5.4__rep2.json	PILOT-2015006603	G	2	0.872	1.0	0.872	0.9269	19	
PILOT-2015006603__G__haiku4.5__rep0.json	PILOT-2015006603	G	0	0.9198	0.9981	0.9208	0.9546	33	
PILOT-2015006603__G__haiku4.5__rep1.json	PILOT-2015006603	G	1	0.9548	1.0	0.9548	0.9724	33	
PILOT-2015006603__G__haiku4.5__rep2.json	PILOT-2015006603	G	2	0.9561	1.0	0.9561	0.9734	33	
PILOT-2015006603__G__sonnet4__rep0.json	PILOT-2015006603	G	0	0.9094	1.0	0.9094	0.9448	33	
PILOT-2015006603__G__sonnet4__rep1.json	PILOT-2015006603	G	1	0.8798	1.0	0.8798	0.9271	33	
PILOT-2015006603__G__sonnet4__rep2.json	PILOT-2015006603	G	2	0.8718	1.0	0.8718	0.9221	33	
PILOT-2016000830__F__gpt4o-mini__rep0.json	PILOT-2016000830	F	0	None				0	no_gen
PILOT-2016000830__F__gpt4o-mini__rep1.json	PILOT-2016000830	F	1	None				0	no_gen
PILOT-2016000830__F__gpt4o-mini__rep2.json	PILOT-2016000830	F	2	None				0	no_gen
PILOT-2016000830__F__gpt5.4__rep0.json	PILOT-2016000830	F	0	0.1944	0.2143	0.3889	0.2735	3	
PILOT-2016000830__F__gpt5.4__rep1.json	PILOT-2016000830	F	1	0.0	0.0	0.0	0.0	1	
PILOT-2016000830__F__gpt5.4__rep2.json	PILOT-2016000830	F	2	0.0	0.0	0.0	0.0	1	
PILOT-2016000830__F__haiku4.5__rep0.json	PILOT-2016000830	F	0	0.3577	0.381	0.3768	0.3788	3	
PILOT-2016000830__F__haiku4.5__rep1.json	PILOT-2016000830	F	1	0.3571	0.381	0.375	0.3778	3	
PILOT-2016000830__F__haiku4.5__rep2.json	PILOT-2016000830	F	2	0.3571	0.381	0.375	0.3778	3	
PILOT-2016000830__F__sonnet4__rep0.json	PILOT-2016000830	F	0	0.3088	0.3234	0.3667	0.3436	3	
PILOT-2016000830__F__sonnet4__rep1.json	PILOT-2016000830	F	1	0.3105	0.3393	0.3619	0.3468	3	
PILOT-2016000830__F__sonnet4__rep2.json	PILOT-2016000830	F	2	0.3333	0.3333	0.3333	0.3333	3	
PILOT-2016000830__G__gpt4o-mini__rep0.json	PILOT-2016000830	G	0	0.6667	0.6667	0.6667	0.6667	3	
PILOT-2016000830__G__gpt4o-mini__rep1.json	PILOT-2016000830	G	1	None				0	no_gen
PILOT-2016000830__G__gpt4o-mini__rep2.json	PILOT-2016000830	G	2	None				0	no_gen
PILOT-2016000830__G__gpt5.4__rep0.json	PILOT-2016000830	G	0	0.0	0.0	0.0	0.0	1	
PILOT-2016000830__G__gpt5.4__rep1.json	PILOT-2016000830	G	1	0.0	0.0	0.0	0.0	1	
PILOT-2016000830__G__gpt5.4__rep2.json	PILOT-2016000830	G	2	0.0	0.0	0.0	0.0	1	
PILOT-2016000830__G__haiku4.5__rep0.json	PILOT-2016000830	G	0	0.0323	0.0476	0.0833	0.0606	2	
PILOT-2016000830__G__haiku4.5__rep1.json	PILOT-2016000830	G	1	0.1725	0.381	0.1916	0.2506	3	
PILOT-2016000830__G__haiku4.5__rep2.json	PILOT-2016000830	G	2	0.3167	0.3393	0.3788	0.3576	3	
PILOT-2016000830__G__sonnet4__rep0.json	PILOT-2016000830	G	0	0.3333	0.3333	0.3333	0.3333	3	
PILOT-2016000830__G__sonnet4__rep1.json	PILOT-2016000830	G	1	0.3333	0.3333	0.3333	0.3333	3	
PILOT-2016000830__G__sonnet4__rep2.json	PILOT-2016000830	G	2	0.2917	0.2917	0.3333	0.3111	3	
PILOT-2016000849__F__gpt4o-mini__rep0.json	PILOT-2016000849	F	0	0.7232	0.9524	0.7413	0.8325	3	
PILOT-2016000849__F__gpt4o-mini__rep1.json	PILOT-2016000849	F	1	None				0	no_gen
PILOT-2016000849__F__gpt4o-mini__rep2.json	PILOT-2016000849	F	2	None				0	no_gen
PILOT-2016000849__F__gpt5.4__rep0.json	PILOT-2016000849	F	0	0.9749	0.9907	0.9829	0.9865	40	
PILOT-2016000849__F__gpt5.4__rep1.json	PILOT-2016000849	F	1	0.9639	0.9907	0.9715	0.9801	40	
PILOT-2016000849__F__gpt5.4__rep2.json	PILOT-2016000849	F	2	0.9773	0.9907	0.9853	0.9877	40	
PILOT-2016000849__F__haiku4.5__rep0.json	PILOT-2016000849	F	0	0.9434	0.9845	0.9566	0.9692	24	
PILOT-2016000849__F__haiku4.5__rep1.json	PILOT-2016000849	F	1	0.9387	0.9845	0.9518	0.9667	24	
PILOT-2016000849__F__haiku4.5__rep2.json	PILOT-2016000849	F	2	0.9348	0.9845	0.948	0.9644	24	
PILOT-2016000849__F__sonnet4__rep0.json	PILOT-2016000849	F	0	0.9517	0.9838	0.9651	0.9735	40	
PILOT-2016000849__F__sonnet4__rep1.json	PILOT-2016000849	F	1	0.9517	0.9838	0.9651	0.9735	40	
PILOT-2016000849__F__sonnet4__rep2.json	PILOT-2016000849	F	2	0.9517	0.9838	0.9651	0.9735	40	
PILOT-2016000849__G__gpt4o-mini__rep0.json	PILOT-2016000849	G	0	None				0	no_gen
PILOT-2016000849__G__gpt4o-mini__rep1.json	PILOT-2016000849	G	1	None				0	no_gen
PILOT-2016000849__G__gpt4o-mini__rep2.json	PILOT-2016000849	G	2	None				0	no_gen
PILOT-2016000849__G__gpt5.4__rep0.json	PILOT-2016000849	G	0	0.9725	0.9907	0.9805	0.9852	40	
PILOT-2016000849__G__gpt5.4__rep1.json	PILOT-2016000849	G	1	0.9758	0.9907	0.9838	0.987	40	
PILOT-2016000849__G__gpt5.4__rep2.json	PILOT-2016000849	G	2	0.9678	0.9907	0.9754	0.9822	40	
PILOT-2016000849__G__haiku4.5__rep0.json	PILOT-2016000849	G	0	0.947	0.9851	0.9597	0.9714	25	
PILOT-2016000849__G__haiku4.5__rep1.json	PILOT-2016000849	G	1	0.9328	0.9831	0.9473	0.9633	22	
PILOT-2016000849__G__haiku4.5__rep2.json	PILOT-2016000849	G	2	0.9447	0.9845	0.958	0.9702	24	
PILOT-2016000849__G__sonnet4__rep0.json	PILOT-2016000849	G	0	0.9203	0.9838	0.9332	0.9547	40	
PILOT-2016000849__G__sonnet4__rep1.json	PILOT-2016000849	G	1	0.9388	0.9838	0.9522	0.9661	40	
PILOT-2016000849__G__sonnet4__rep2.json	PILOT-2016000849	G	2	0.9388	0.9838	0.9522	0.9661	40	
PILOT-2016003042__F__gpt4o-mini__rep0.json	PILOT-2016003042	F	0	None				0	no_gen
PILOT-2016003042__F__gpt4o-mini__rep1.json	PILOT-2016003042	F	1	0.6716	0.792	0.7782	0.774	8	
PILOT-2016003042__F__gpt4o-mini__rep2.json	PILOT-2016003042	F	2	0.6968	0.7623	0.8456	0.7915	7	
PILOT-2016003042__F__gpt5.4__rep0.json	PILOT-2016003042	F	0	0.6723	0.7478	0.8666	0.7773	8	
PILOT-2016003042__F__gpt5.4__rep1.json	PILOT-2016003042	F	1	0.6258	0.727	0.8312	0.7493	8	
PILOT-2016003042__F__gpt5.4__rep2.json	PILOT-2016003042	F	2	0.6544	0.7374	0.8522	0.7652	8	
PILOT-2016003042__F__haiku4.5__rep0.json	PILOT-2016003042	F	0	0.5346	0.8503	0.5801	0.6831	9	
PILOT-2016003042__F__haiku4.5__rep1.json	PILOT-2016003042	F	1	0.6015	0.8117	0.6816	0.7272	9	
PILOT-2016003042__F__haiku4.5__rep2.json	PILOT-2016003042	F	2	0.5211	0.7758	0.6084	0.6645	9	
PILOT-2016003042__F__sonnet4__rep0.json	PILOT-2016003042	F	0	0.784	0.8316	0.9003	0.8601	8	
PILOT-2016003042__F__sonnet4__rep1.json	PILOT-2016003042	F	1	0.7886	0.8316	0.9066	0.8637	8	
PILOT-2016003042__F__sonnet4__rep2.json	PILOT-2016003042	F	2	0.7886	0.8316	0.9066	0.8637	8	
PILOT-2016003042__G__gpt4o-mini__rep0.json	PILOT-2016003042	G	0	0.6506	0.8303	0.7221	0.7577	6	
PILOT-2016003042__G__gpt4o-mini__rep1.json	PILOT-2016003042	G	1	0.7045	0.7586	0.8542	0.792	6	
PILOT-2016003042__G__gpt4o-mini__rep2.json	PILOT-2016003042	G	2	0.7284	0.803	0.893	0.8284	9	
PILOT-2016003042__G__gpt5.4__rep0.json	PILOT-2016003042	G	0	0.6736	0.7478	0.8683	0.7794	8	
PILOT-2016003042__G__gpt5.4__rep1.json	PILOT-2016003042	G	1	0.6596	0.7528	0.8525	0.772	8	
PILOT-2016003042__G__gpt5.4__rep2.json	PILOT-2016003042	G	2	0.6255	0.7428	0.8285	0.7491	8	
PILOT-2016003042__G__haiku4.5__rep0.json	PILOT-2016003042	G	0	0.4819	0.7391	0.608	0.628	8	
PILOT-2016003042__G__haiku4.5__rep1.json	PILOT-2016003042	G	1	0.587	0.7855	0.6865	0.7195	9	
PILOT-2016003042__G__haiku4.5__rep2.json	PILOT-2016003042	G	2	0.5895	0.7758	0.6861	0.7118	9	
PILOT-2016003042__G__sonnet4__rep0.json	PILOT-2016003042	G	0	0.7074	0.7478	0.9102	0.801	8	
PILOT-2016003042__G__sonnet4__rep1.json	PILOT-2016003042	G	1	0.6565	0.7478	0.8565	0.7711	8	
PILOT-2016003042__G__sonnet4__rep2.json	PILOT-2016003042	G	2	0.6862	0.7478	0.8841	0.7877	8	
PILOT-2016004446__F__gpt4o-mini__rep0.json	PILOT-2016004446	F	0	0.4449	0.4986	0.6032	0.5459	3	
PILOT-2016004446__F__gpt4o-mini__rep1.json	PILOT-2016004446	F	1	0.4897	0.6162	0.6652	0.6386	3	
PILOT-2016004446__F__gpt4o-mini__rep2.json	PILOT-2016004446	F	2	0.4844	0.6281	0.6292	0.6174	3	
PILOT-2016004446__F__gpt5.4__rep0.json	PILOT-2016004446	F	0	0.4777	0.6025	0.5835	0.5856	3	
PILOT-2016004446__F__gpt5.4__rep1.json	PILOT-2016004446	F	1	0.4239	0.4484	0.6821	0.5323	4	
PILOT-2016004446__F__gpt5.4__rep2.json	PILOT-2016004446	F	2	0.3589	0.3713	0.6764	0.4667	4	
PILOT-2016004446__F__haiku4.5__rep0.json	PILOT-2016004446	F	0	0.4214	0.4699	0.7885	0.5649	3	
PILOT-2016004446__F__haiku4.5__rep1.json	PILOT-2016004446	F	1	0.6158	0.7696	0.756	0.7559	3	
PILOT-2016004446__F__haiku4.5__rep2.json	PILOT-2016004446	F	2	0.4214	0.4699	0.7885	0.5649	3	
PILOT-2016004446__F__sonnet4__rep0.json	PILOT-2016004446	F	0	0.4171	0.4528	0.6322	0.5241	4	
PILOT-2016004446__F__sonnet4__rep1.json	PILOT-2016004446	F	1	0.408	0.4528	0.5988	0.5145	4	
PILOT-2016004446__F__sonnet4__rep2.json	PILOT-2016004446	F	2	0.0444	0.0741	0.0833	0.0784	3	
PILOT-2016004446__G__gpt4o-mini__rep0.json	PILOT-2016004446	G	0	0.4709	0.5919	0.6579	0.6223	3	
PILOT-2016004446__G__gpt4o-mini__rep1.json	PILOT-2016004446	G	1	0.5363	0.6398	0.6888	0.6622	3	
PILOT-2016004446__G__gpt4o-mini__rep2.json	PILOT-2016004446	G	2	0.4645	0.6525	0.5836	0.6119	3	
PILOT-2016004446__G__gpt5.4__rep0.json	PILOT-2016004446	G	0	0.3589	0.3713	0.6764	0.4667	4	
PILOT-2016004446__G__gpt5.4__rep1.json	PILOT-2016004446	G	1	0.4623	0.4756	0.7188	0.5635	4	
PILOT-2016004446__G__gpt5.4__rep2.json	PILOT-2016004446	G	2	0.3546	0.3668	0.6761	0.4638	4	
PILOT-2016004446__G__haiku4.5__rep0.json	PILOT-2016004446	G	0	0.2881	0.3751	0.3845	0.3768	4	
PILOT-2016004446__G__haiku4.5__rep1.json	PILOT-2016004446	G	1	0.3767	0.4433	0.5215	0.4789	4	
PILOT-2016004446__G__haiku4.5__rep2.json	PILOT-2016004446	G	2	0.3511	0.4206	0.4894	0.4518	4	
PILOT-2016004446__G__sonnet4__rep0.json	PILOT-2016004446	G	0	0.3552	0.3846	0.5988	0.4566	4	
PILOT-2016004446__G__sonnet4__rep1.json	PILOT-2016004446	G	1	0.3633	0.3757	0.6766	0.4695	4	
PILOT-2016004446__G__sonnet4__rep2.json	PILOT-2016004446	G	2	0.3888	0.4528	0.5712	0.5022	4	
PILOT-2016005844__F__gpt4o-mini__rep0.json	PILOT-2016005844	F	0	0.812	0.9844	0.8219	0.8957	4	
PILOT-2016005844__F__gpt4o-mini__rep1.json	PILOT-2016005844	F	1	None				0	no_gen
PILOT-2016005844__F__gpt4o-mini__rep2.json	PILOT-2016005844	F	2	0.744	0.9844	0.7472	0.8269	4	
PILOT-2016005844__F__gpt5.4__rep0.json	PILOT-2016005844	F	0	0.9364	1.0	0.9364	0.9617	18	
PILOT-2016005844__F__gpt5.4__rep1.json	PILOT-2016005844	F	1	0.9734	1.0	0.9734	0.9848	18	
PILOT-2016005844__F__gpt5.4__rep2.json	PILOT-2016005844	F	2	0.9116	1.0	0.9116	0.9447	18	
PILOT-2016005844__F__haiku4.5__rep0.json	PILOT-2016005844	F	0	0.8839	0.9949	0.8889	0.9215	18	
PILOT-2016005844__F__haiku4.5__rep1.json	PILOT-2016005844	F	1	0.9024	0.9949	0.9075	0.9382	18	
PILOT-2016005844__F__haiku4.5__rep2.json	PILOT-2016005844	F	2	0.5747	0.9949	0.5757	0.7237	18	
PILOT-2016005844__F__sonnet4__rep0.json	PILOT-2016005844	F	0	0.9173	0.9949	0.9224	0.9491	18	
PILOT-2016005844__F__sonnet4__rep1.json	PILOT-2016005844	F	1	0.911	0.9949	0.9161	0.9448	18	
PILOT-2016005844__F__sonnet4__rep2.json	PILOT-2016005844	F	2	0.8986	0.9949	0.9037	0.9356	18	
PILOT-2016005844__G__gpt4o-mini__rep0.json	PILOT-2016005844	G	0	0.7955	0.9844	0.8044	0.8852	4	
PILOT-2016005844__G__gpt4o-mini__rep1.json	PILOT-2016005844	G	1	0.778	1.0	0.778	0.869	4	
PILOT-2016005844__G__gpt4o-mini__rep2.json	PILOT-2016005844	G	2	0.9036	1.0	0.9036	0.9493	4	
PILOT-2016005844__G__gpt5.4__rep0.json	PILOT-2016005844	G	0	0.9618	1.0	0.9618	0.9769	18	
PILOT-2016005844__G__gpt5.4__rep1.json	PILOT-2016005844	G	1	0.9734	1.0	0.9734	0.9848	18	
PILOT-2016005844__G__gpt5.4__rep2.json	PILOT-2016005844	G	2	0.9189	1.0	0.9189	0.9487	18	
PILOT-2016005844__G__haiku4.5__rep0.json	PILOT-2016005844	G	0	0.8282	0.9915	0.8322	0.8913	18	
PILOT-2016005844__G__haiku4.5__rep1.json	PILOT-2016005844	G	1	0.8652	0.9915	0.8709	0.9152	18	
PILOT-2016005844__G__haiku4.5__rep2.json	PILOT-2016005844	G	2	0.7599	0.9915	0.7656	0.8449	18	
PILOT-2016005844__G__sonnet4__rep0.json	PILOT-2016005844	G	0	0.901	0.9949	0.906	0.9374	18	
PILOT-2016005844__G__sonnet4__rep1.json	PILOT-2016005844	G	1	0.9217	0.9949	0.9267	0.953	18	
PILOT-2016005844__G__sonnet4__rep2.json	PILOT-2016005844	G	2	0.8932	0.9949	0.8983	0.9312	18	
PILOT-2016006702__F__gpt4o-mini__rep0.json	PILOT-2016006702	F	0	None				0	no_gen
PILOT-2016006702__F__gpt4o-mini__rep1.json	PILOT-2016006702	F	1	0.8188	0.8448	0.974	0.8869	7	
PILOT-2016006702__F__gpt4o-mini__rep2.json	PILOT-2016006702	F	2	0.7287	0.8448	0.8506	0.8294	7	
PILOT-2016006702__F__gpt5.4__rep0.json	PILOT-2016006702	F	0	0.9097	0.9472	0.9625	0.9458	30	
PILOT-2016006702__F__gpt5.4__rep1.json	PILOT-2016006702	F	1	0.8793	0.9434	0.9344	0.9265	28	
PILOT-2016006702__F__gpt5.4__rep2.json	PILOT-2016006702	F	2	0.9425	0.9472	0.9949	0.9654	30	
PILOT-2016006702__F__haiku4.5__rep0.json	PILOT-2016006702	F	0	0.8246	0.948	0.8734	0.8934	30	
PILOT-2016006702__F__haiku4.5__rep1.json	PILOT-2016006702	F	1	0.7025	0.9717	0.7258	0.8226	10	
PILOT-2016006702__F__haiku4.5__rep2.json	PILOT-2016006702	F	2	0.7086	0.9717	0.7289	0.8272	10	
PILOT-2016006702__F__sonnet4__rep0.json	PILOT-2016006702	F	0	0.9451	0.9472	0.9974	0.9667	30	
PILOT-2016006702__F__sonnet4__rep1.json	PILOT-2016006702	F	1	0.9472	0.9472	1.0	0.9679	30	
PILOT-2016006702__F__sonnet4__rep2.json	PILOT-2016006702	F	2	0.9472	0.9472	1.0	0.9679	30	
PILOT-2016006702__G__gpt4o-mini__rep0.json	PILOT-2016006702	G	0	0.9378	0.948	0.9897	0.9623	30	
PILOT-2016006702__G__gpt4o-mini__rep1.json	PILOT-2016006702	G	1	0.8532	0.9472	0.9012	0.9048	30	
PILOT-2016006702__G__gpt4o-mini__rep2.json	PILOT-2016006702	G	2	0.7007	0.8495	0.8119	0.8094	7	
PILOT-2016006702__G__gpt5.4__rep0.json	PILOT-2016006702	G	0	0.9459	0.9472	0.9982	0.9671	30	
PILOT-2016006702__G__gpt5.4__rep1.json	PILOT-2016006702	G	1	0.8962	0.9472	0.9485	0.9385	30	
PILOT-2016006702__G__gpt5.4__rep2.json	PILOT-2016006702	G	2	0.9124	0.9472	0.9647	0.9475	30	
PILOT-2016006702__G__haiku4.5__rep0.json	PILOT-2016006702	G	0	0.7203	0.948	0.7659	0.8148	30	
PILOT-2016006702__G__haiku4.5__rep1.json	PILOT-2016006702	G	1	0.8566	0.948	0.9059	0.9136	30	
PILOT-2016006702__G__haiku4.5__rep2.json	PILOT-2016006702	G	2	0.7542	0.948	0.8001	0.8411	30	
PILOT-2016006702__G__sonnet4__rep0.json	PILOT-2016006702	G	0	0.9451	0.9472	0.9974	0.9667	30	
PILOT-2016006702__G__sonnet4__rep1.json	PILOT-2016006702	G	1	0.8861	0.9472	0.9384	0.9331	30	
PILOT-2016006702__G__sonnet4__rep2.json	PILOT-2016006702	G	2	0.8919	0.9472	0.9442	0.9362	30	
PILOT-2016007603__F__gpt4o-mini__rep0.json	PILOT-2016007603	F	0	0.9775	1.0	0.9775	0.9881	8	
PILOT-2016007603__F__gpt4o-mini__rep1.json	PILOT-2016007603	F	1	0.9737	1.0	0.9737	0.9853	8	
PILOT-2016007603__F__gpt4o-mini__rep2.json	PILOT-2016007603	F	2	0.9737	1.0	0.9737	0.9853	8	
PILOT-2016007603__F__gpt5.4__rep0.json	PILOT-2016007603	F	0	0.9727	1.0	0.9727	0.985	12	
PILOT-2016007603__F__gpt5.4__rep1.json	PILOT-2016007603	F	1	0.9727	1.0	0.9727	0.985	12	
PILOT-2016007603__F__gpt5.4__rep2.json	PILOT-2016007603	F	2	0.9722	1.0	0.9722	0.9849	12	
PILOT-2016007603__F__haiku4.5__rep0.json	PILOT-2016007603	F	0	None				0	no_gen
PILOT-2016007603__F__haiku4.5__rep1.json	PILOT-2016007603	F	1	None				0	no_gen
PILOT-2016007603__F__haiku4.5__rep2.json	PILOT-2016007603	F	2	None				0	no_gen
PILOT-2016007603__F__sonnet4__rep0.json	PILOT-2016007603	F	0	0.9616	1.0	0.9616	0.9783	12	
PILOT-2016007603__F__sonnet4__rep1.json	PILOT-2016007603	F	1	0.9616	1.0	0.9616	0.9783	12	
PILOT-2016007603__F__sonnet4__rep2.json	PILOT-2016007603	F	2	0.9535	1.0	0.9535	0.9727	12	
PILOT-2016007603__G__gpt4o-mini__rep0.json	PILOT-2016007603	G	0	0.922	0.9688	0.9399	0.9512	12	
PILOT-2016007603__G__gpt4o-mini__rep1.json	PILOT-2016007603	G	1	0.9773	1.0	0.9773	0.9875	12	
PILOT-2016007603__G__gpt4o-mini__rep2.json	PILOT-2016007603	G	2	0.9587	1.0	0.9587	0.9763	12	
PILOT-2016007603__G__gpt5.4__rep0.json	PILOT-2016007603	G	0	0.9727	1.0	0.9727	0.985	12	
PILOT-2016007603__G__gpt5.4__rep1.json	PILOT-2016007603	G	1	0.9727	1.0	0.9727	0.985	12	
PILOT-2016007603__G__gpt5.4__rep2.json	PILOT-2016007603	G	2	0.9727	1.0	0.9727	0.985	12	
PILOT-2016007603__G__haiku4.5__rep0.json	PILOT-2016007603	G	0	0.7757	1.0	0.7757	0.8543	12	
PILOT-2016007603__G__haiku4.5__rep1.json	PILOT-2016007603	G	1	0.9077	0.9917	0.9115	0.9434	8	
PILOT-2016007603__G__haiku4.5__rep2.json	PILOT-2016007603	G	2	0.8955	0.9917	0.899	0.9339	8	
PILOT-2016007603__G__sonnet4__rep0.json	PILOT-2016007603	G	0	0.9616	1.0	0.9616	0.9783	12	
PILOT-2016007603__G__sonnet4__rep1.json	PILOT-2016007603	G	1	0.8953	1.0	0.8953	0.9345	12	
PILOT-2016007603__G__sonnet4__rep2.json	PILOT-2016007603	G	2	0.9616	1.0	0.9616	0.9783	12	
PILOT-2016007888__F__gpt4o-mini__rep0.json	PILOT-2016007888	F	0	0.5401	0.8387	0.607	0.6799	6	
PILOT-2016007888__F__gpt4o-mini__rep1.json	PILOT-2016007888	F	1	None				0	no_gen
PILOT-2016007888__F__gpt4o-mini__rep2.json	PILOT-2016007888	F	2	0.6103	1.0	0.6103	0.7427	5	
PILOT-2016007888__F__gpt5.4__rep0.json	PILOT-2016007888	F	0	0.9691	1.0	0.9691	0.983	6	
PILOT-2016007888__F__gpt5.4__rep1.json	PILOT-2016007888	F	1	0.6071	1.0	0.6071	0.6833	5	
PILOT-2016007888__F__gpt5.4__rep2.json	PILOT-2016007888	F	2	0.9744	1.0	0.9744	0.9861	6	
PILOT-2016007888__F__haiku4.5__rep0.json	PILOT-2016007888	F	0	0.6487	1.0	0.6487	0.759	7	
PILOT-2016007888__F__haiku4.5__rep1.json	PILOT-2016007888	F	1	0.596	1.0	0.596	0.7324	13	
PILOT-2016007888__F__haiku4.5__rep2.json	PILOT-2016007888	F	2	0.7697	1.0	0.7697	0.8292	13	
PILOT-2016007888__F__sonnet4__rep0.json	PILOT-2016007888	F	0	0.5956	1.0	0.5956	0.724	6	
PILOT-2016007888__F__sonnet4__rep1.json	PILOT-2016007888	F	1	0.8649	1.0	0.8649	0.9061	20	
PILOT-2016007888__F__sonnet4__rep2.json	PILOT-2016007888	F	2	0.5713	1.0	0.5713	0.706	6	
PILOT-2016007888__G__gpt4o-mini__rep0.json	PILOT-2016007888	G	0	0.7285	1.0	0.7285	0.8376	4	
PILOT-2016007888__G__gpt4o-mini__rep1.json	PILOT-2016007888	G	1	0.9928	1.0	0.9928	0.9963	6	
PILOT-2016007888__G__gpt4o-mini__rep2.json	PILOT-2016007888	G	2	0.7991	1.0	0.7991	0.8804	5	
PILOT-2016007888__G__gpt5.4__rep0.json	PILOT-2016007888	G	0	0.9324	1.0	0.9324	0.9576	6	
PILOT-2016007888__G__gpt5.4__rep1.json	PILOT-2016007888	G	1	0.8889	1.0	0.8889	0.9333	3	
PILOT-2016007888__G__gpt5.4__rep2.json	PILOT-2016007888	G	2	0.9744	1.0	0.9744	0.9861	6	
PILOT-2016007888__G__haiku4.5__rep0.json	PILOT-2016007888	G	0	0.6565	0.9948	0.6601	0.7753	13	
PILOT-2016007888__G__haiku4.5__rep1.json	PILOT-2016007888	G	1	0.7874	0.9874	0.796	0.8584	20	
PILOT-2016007888__G__haiku4.5__rep2.json	PILOT-2016007888	G	2	0.5129	0.7603	0.5907	0.6557	8	
PILOT-2016007888__G__sonnet4__rep0.json	PILOT-2016007888	G	0	0.8745	1.0	0.8745	0.9146	20	
PILOT-2016007888__G__sonnet4__rep1.json	PILOT-2016007888	G	1	0.8889	1.0	0.8889	0.9285	20	
PILOT-2016007888__G__sonnet4__rep2.json	PILOT-2016007888	G	2	0.8704	1.0	0.8704	0.9105	20	
PILOT-2017000071__F__gpt4o-mini__rep0.json	PILOT-2017000071	F	0	0.9456	0.9573	0.9857	0.9705	7	
PILOT-2017000071__F__gpt4o-mini__rep1.json	PILOT-2017000071	F	1	0.9456	0.9573	0.9857	0.9705	7	
PILOT-2017000071__F__gpt4o-mini__rep2.json	PILOT-2017000071	F	2	0.9716	0.9716	1.0	0.9848	7	
PILOT-2017000071__F__gpt5.4__rep0.json	PILOT-2017000071	F	0	0.9482	0.9741	0.9734	0.972	7	
PILOT-2017000071__F__gpt5.4__rep1.json	PILOT-2017000071	F	1	0.9546	0.9603	0.9922	0.9754	5	
PILOT-2017000071__F__gpt5.4__rep2.json	PILOT-2017000071	F	2	0.9586	0.9716	0.987	0.978	7	
PILOT-2017000071__F__haiku4.5__rep0.json	PILOT-2017000071	F	0	0.9586	0.9716	0.987	0.978	7	
PILOT-2017000071__F__haiku4.5__rep1.json	PILOT-2017000071	F	1	0.9586	0.9716	0.987	0.978	7	
PILOT-2017000071__F__haiku4.5__rep2.json	PILOT-2017000071	F	2	0.9586	0.9716	0.987	0.978	7	
PILOT-2017000071__F__sonnet4__rep0.json	PILOT-2017000071	F	0	0.9397	0.9573	0.9775	0.967	7	
PILOT-2017000071__F__sonnet4__rep1.json	PILOT-2017000071	F	1	0.9089	0.9586	0.9458	0.9496	7	
PILOT-2017000071__F__sonnet4__rep2.json	PILOT-2017000071	F	2	0.9382	0.9716	0.963	0.966	7	
PILOT-2017000071__G__gpt4o-mini__rep0.json	PILOT-2017000071	G	0	0.924	0.9716	0.9524	0.9562	7	
PILOT-2017000071__G__gpt4o-mini__rep1.json	PILOT-2017000071	G	1	0.9716	0.9716	1.0	0.9848	7	
PILOT-2017000071__G__gpt4o-mini__rep2.json	PILOT-2017000071	G	2	0.9586	0.9716	0.987	0.978	7	
PILOT-2017000071__G__gpt5.4__rep0.json	PILOT-2017000071	G	0	0.9462	0.9741	0.9707	0.9709	7	
PILOT-2017000071__G__gpt5.4__rep1.json	PILOT-2017000071	G	1	0.957	0.9741	0.9815	0.977	7	
PILOT-2017000071__G__gpt5.4__rep2.json	PILOT-2017000071	G	2	0.9386	0.9716	0.967	0.9662	7	
PILOT-2017000071__G__haiku4.5__rep0.json	PILOT-2017000071	G	0	0.9359	0.9573	0.974	0.9644	7	
PILOT-2017000071__G__haiku4.5__rep1.json	PILOT-2017000071	G	1	0.8638	0.9716	0.8912	0.9199	7	
PILOT-2017000071__G__haiku4.5__rep2.json	PILOT-2017000071	G	2	0.9586	0.9716	0.987	0.978	7	
PILOT-2017000071__G__sonnet4__rep0.json	PILOT-2017000071	G	0	0.9419	0.9716	0.9679	0.9683	7	
PILOT-2017000071__G__sonnet4__rep1.json	PILOT-2017000071	G	1	0.907	0.9586	0.9433	0.9485	7	
PILOT-2017000071__G__sonnet4__rep2.json	PILOT-2017000071	G	2	0.9438	0.9716	0.9706	0.9694	7	
PILOT-2017000093__F__gpt4o-mini__rep0.json	PILOT-2017000093	F	0	None				0	no_gen
PILOT-2017000093__F__gpt4o-mini__rep1.json	PILOT-2017000093	F	1	None				0	no_gen
PILOT-2017000093__F__gpt4o-mini__rep2.json	PILOT-2017000093	F	2	None				0	no_gen
PILOT-2017000093__F__gpt5.4__rep0.json	PILOT-2017000093	F	0	0.9567	0.9787	0.9744	0.9759	21	
PILOT-2017000093__F__gpt5.4__rep1.json	PILOT-2017000093	F	1	0.8628	0.9787	0.8805	0.9176	21	
PILOT-2017000093__F__gpt5.4__rep2.json	PILOT-2017000093	F	2	0.9153	0.9787	0.933	0.9505	21	
PILOT-2017000093__F__haiku4.5__rep0.json	PILOT-2017000093	F	0	0.8081	0.9811	0.8175	0.8803	21	
PILOT-2017000093__F__haiku4.5__rep1.json	PILOT-2017000093	F	1	0.8941	0.9811	0.9052	0.9373	21	
PILOT-2017000093__F__haiku4.5__rep2.json	PILOT-2017000093	F	2	0.7972	0.9811	0.8078	0.8752	21	
PILOT-2017000093__F__sonnet4__rep0.json	PILOT-2017000093	F	0	0.8049	0.97	0.8275	0.8823	21	
PILOT-2017000093__F__sonnet4__rep1.json	PILOT-2017000093	F	1	0.8152	0.97	0.8378	0.8891	21	
PILOT-2017000093__F__sonnet4__rep2.json	PILOT-2017000093	F	2	0.9084	0.9811	0.9194	0.9463	21	
PILOT-2017000093__G__gpt4o-mini__rep0.json	PILOT-2017000093	G	0	0.8291	0.9776	0.8438	0.9053	3	
PILOT-2017000093__G__gpt4o-mini__rep1.json	PILOT-2017000093	G	1	0.8317	0.9499	0.8757	0.9023	6	
PILOT-2017000093__G__gpt4o-mini__rep2.json	PILOT-2017000093	G	2	0.8196	0.9394	0.8787	0.8935	6	
PILOT-2017000093__G__gpt5.4__rep0.json	PILOT-2017000093	G	0	0.8813	0.9811	0.8942	0.931	21	
PILOT-2017000093__G__gpt5.4__rep1.json	PILOT-2017000093	G	1	0.9316	0.9811	0.9453	0.9617	21	
PILOT-2017000093__G__gpt5.4__rep2.json	PILOT-2017000093	G	2	0.8716	0.9787	0.8854	0.9231	21	
PILOT-2017000093__G__haiku4.5__rep0.json	PILOT-2017000093	G	0	0.8416	0.9811	0.8516	0.9039	21	
PILOT-2017000093__G__haiku4.5__rep1.json	PILOT-2017000093	G	1	0.8516	0.9811	0.8615	0.9078	21	
PILOT-2017000093__G__haiku4.5__rep2.json	PILOT-2017000093	G	2	0.3081	0.4573	0.3167	0.3732	21	
PILOT-2017000093__G__sonnet4__rep0.json	PILOT-2017000093	G	0	0.9036	0.9811	0.9143	0.9435	21	
PILOT-2017000093__G__sonnet4__rep1.json	PILOT-2017000093	G	1	0.9078	0.9792	0.9212	0.9472	19	
PILOT-2017000093__G__sonnet4__rep2.json	PILOT-2017000093	G	2	0.8462	0.9811	0.8604	0.9108	21	
PILOT-2017001422__F__gpt4o-mini__rep0.json	PILOT-2017001422	F	0	0.9844	0.9844	1.0	0.9917	8	
PILOT-2017001422__F__gpt4o-mini__rep1.json	PILOT-2017001422	F	1	0.8891	1.0	0.8891	0.9339	5	
PILOT-2017001422__F__gpt4o-mini__rep2.json	PILOT-2017001422	F	2	0.564	0.851	0.6232	0.702	6	
PILOT-2017001422__F__gpt5.4__rep0.json	PILOT-2017001422	F	0	0.8631	0.9327	0.9304	0.9253	8	
PILOT-2017001422__F__gpt5.4__rep1.json	PILOT-2017001422	F	1	0.9208	0.9904	0.9304	0.9574	8	
PILOT-2017001422__F__gpt5.4__rep2.json	PILOT-2017001422	F	2	0.8903	0.9484	0.942	0.9395	8	
PILOT-2017001422__F__haiku4.5__rep0.json	PILOT-2017001422	F	0	0.7547	0.9821	0.7694	0.855	7	
PILOT-2017001422__F__haiku4.5__rep1.json	PILOT-2017001422	F	1	0.9184	0.9583	0.949	0.9522	7	
PILOT-2017001422__F__haiku4.5__rep2.json	PILOT-2017001422	F	2	0.8161	0.9583	0.8456	0.8932	7	
PILOT-2017001422__F__sonnet4__rep0.json	PILOT-2017001422	F	0	0.7423	0.9602	0.7764	0.8483	7	
PILOT-2017001422__F__sonnet4__rep1.json	PILOT-2017001422	F	1	0.7212	0.9566	0.755	0.8316	8	
PILOT-2017001422__F__sonnet4__rep2.json	PILOT-2017001422	F	2	0.788	0.9566	0.8257	0.8799	8	
PILOT-2017001422__G__gpt4o-mini__rep0.json	PILOT-2017001422	G	0	0.7027	0.9667	0.7214	0.814	6	
PILOT-2017001422__G__gpt4o-mini__rep1.json	PILOT-2017001422	G	1	0.6076	1.0	0.6076	0.7332	6	
PILOT-2017001422__G__gpt4o-mini__rep2.json	PILOT-2017001422	G	2	0.9151	1.0	0.9151	0.9535	6	
PILOT-2017001422__G__gpt5.4__rep0.json	PILOT-2017001422	G	0	0.8604	0.9943	0.8661	0.9175	8	
PILOT-2017001422__G__gpt5.4__rep1.json	PILOT-2017001422	G	1	0.8881	0.9327	0.9554	0.9392	8	
PILOT-2017001422__G__gpt5.4__rep2.json	PILOT-2017001422	G	2	0.869	0.9523	0.9167	0.9236	8	
PILOT-2017001422__G__haiku4.5__rep0.json	PILOT-2017001422	G	0	0.741	0.9844	0.7539	0.8441	8	
PILOT-2017001422__G__haiku4.5__rep1.json	PILOT-2017001422	G	1	0.7203	0.9844	0.734	0.8309	8	
PILOT-2017001422__G__haiku4.5__rep2.json	PILOT-2017001422	G	2	0.7021	0.9844	0.7149	0.8165	8	
PILOT-2017001422__G__sonnet4__rep0.json	PILOT-2017001422	G	0	0.9018	0.9602	0.9388	0.9467	7	
PILOT-2017001422__G__sonnet4__rep1.json	PILOT-2017001422	G	1	0.9471	0.9647	0.9796	0.9713	7	
PILOT-2017001422__G__sonnet4__rep2.json	PILOT-2017001422	G	2	0.7942	0.9557	0.8338	0.8833	7	
PILOT-2017002001__F__gpt4o-mini__rep0.json	PILOT-2017002001	F	0	None				0	no_gen
PILOT-2017002001__F__gpt4o-mini__rep1.json	PILOT-2017002001	F	1	None				0	no_gen
PILOT-2017002001__F__gpt4o-mini__rep2.json	PILOT-2017002001	F	2	0.7167	0.875	0.7916	0.8296	2	
PILOT-2017002001__F__gpt5.4__rep0.json	PILOT-2017002001	F	0	0.9183	0.9646	0.9537	0.949	18	
PILOT-2017002001__F__gpt5.4__rep1.json	PILOT-2017002001	F	1	0.915	0.9669	0.9481	0.9488	22	
PILOT-2017002001__F__gpt5.4__rep2.json	PILOT-2017002001	F	2	0.8715	0.9472	0.9144	0.9173	18	
PILOT-2017002001__F__haiku4.5__rep0.json	PILOT-2017002001	F	0	0.6847	0.9857	0.6861	0.7969	14	
PILOT-2017002001__F__haiku4.5__rep1.json	PILOT-2017002001	F	1	0.7998	0.9507	0.8367	0.8794	18	
PILOT-2017002001__F__haiku4.5__rep2.json	PILOT-2017002001	F	2	0.765	0.9445	0.8054	0.8538	19	
PILOT-2017002001__F__sonnet4__rep0.json	PILOT-2017002001	F	0	0.9587	0.9664	0.9922	0.977	19	
PILOT-2017002001__F__sonnet4__rep1.json	PILOT-2017002001	F	1	0.9587	0.9664	0.9922	0.977	19	
PILOT-2017002001__F__sonnet4__rep2.json	PILOT-2017002001	F	2	0.9587	0.9664	0.9922	0.977	19	
PILOT-2017002001__G__gpt4o-mini__rep0.json	PILOT-2017002001	G	0	None				0	no_gen
PILOT-2017002001__G__gpt4o-mini__rep1.json	PILOT-2017002001	G	1	None				0	no_gen
PILOT-2017002001__G__gpt4o-mini__rep2.json	PILOT-2017002001	G	2	0.7084	0.775	0.9	0.8286	2	
PILOT-2017002001__G__gpt5.4__rep0.json	PILOT-2017002001	G	0	0.8106	0.975	0.8356	0.8829	18	
PILOT-2017002001__G__gpt5.4__rep1.json	PILOT-2017002001	G	1	0.9555	0.9646	0.9909	0.9754	18	
PILOT-2017002001__G__gpt5.4__rep2.json	PILOT-2017002001	G	2	0.8453	0.9664	0.8776	0.9058	19	
PILOT-2017002001__G__haiku4.5__rep0.json	PILOT-2017002001	G	0	0.7052	0.9664	0.7175	0.813	19	
PILOT-2017002001__G__haiku4.5__rep1.json	PILOT-2017002001	G	1	0.8267	0.9455	0.8792	0.9007	14	
PILOT-2017002001__G__haiku4.5__rep2.json	PILOT-2017002001	G	2	0.8395	0.9521	0.8817	0.9058	18	
PILOT-2017002001__G__sonnet4__rep0.json	PILOT-2017002001	G	0	0.9542	0.9664	0.9877	0.9742	19	
PILOT-2017002001__G__sonnet4__rep1.json	PILOT-2017002001	G	1	0.9542	0.9664	0.9877	0.9742	19	
PILOT-2017002001__G__sonnet4__rep2.json	PILOT-2017002001	G	2	0.8843	0.9533	0.9258	0.9314	19	
PILOT-2017002029__F__gpt4o-mini__rep0.json	PILOT-2017002029	F	0	0.6486	0.8125	0.7388	0.7466	4	
PILOT-2017002029__F__gpt4o-mini__rep1.json	PILOT-2017002029	F	1	0.8058	0.8704	0.9067	0.8641	28	
PILOT-2017002029__F__gpt4o-mini__rep2.json	PILOT-2017002029	F	2	0.6103	0.7728	0.7153	0.7113	5	
PILOT-2017002029__F__gpt5.4__rep0.json	PILOT-2017002029	F	0	0.8675	0.8767	0.9908	0.9063	28	
PILOT-2017002029__F__gpt5.4__rep1.json	PILOT-2017002029	F	1	0.8675	0.8767	0.9908	0.9063	28	
PILOT-2017002029__F__gpt5.4__rep2.json	PILOT-2017002029	F	2	0.8536	0.8767	0.9636	0.8975	28	
PILOT-2017002029__F__haiku4.5__rep0.json	PILOT-2017002029	F	0	0.7883	0.8767	0.8757	0.8486	28	
PILOT-2017002029__F__haiku4.5__rep1.json	PILOT-2017002029	F	1	0.6738	0.8767	0.7179	0.7627	28	
PILOT-2017002029__F__haiku4.5__rep2.json	PILOT-2017002029	F	2	0.837	0.8767	0.952	0.8842	28	
PILOT-2017002029__F__sonnet4__rep0.json	PILOT-2017002029	F	0	0.8675	0.8767	0.9908	0.9063	28	
PILOT-2017002029__F__sonnet4__rep1.json	PILOT-2017002029	F	1	0.8675	0.8767	0.9908	0.9063	28	
PILOT-2017002029__F__sonnet4__rep2.json	PILOT-2017002029	F	2	0.8675	0.8767	0.9908	0.9063	28	
PILOT-2017002029__G__gpt4o-mini__rep0.json	PILOT-2017002029	G	0	0.8028	0.8767	0.8819	0.8598	28	
PILOT-2017002029__G__gpt4o-mini__rep1.json	PILOT-2017002029	G	1	0.5742	0.7818	0.6559	0.6955	11	
PILOT-2017002029__G__gpt4o-mini__rep2.json	PILOT-2017002029	G	2	0.654	0.8228	0.6987	0.7517	5	
PILOT-2017002029__G__gpt5.4__rep0.json	PILOT-2017002029	G	0	0.8529	0.8767	0.9584	0.8952	28	
PILOT-2017002029__G__gpt5.4__rep1.json	PILOT-2017002029	G	1	0.8602	0.8767	0.9626	0.8998	28	
PILOT-2017002029__G__gpt5.4__rep2.json	PILOT-2017002029	G	2	0.8087	0.8672	0.9236	0.8664	26	
PILOT-2017002029__G__haiku4.5__rep0.json	PILOT-2017002029	G	0	0.602	0.8767	0.6429	0.7122	28	
PILOT-2017002029__G__haiku4.5__rep1.json	PILOT-2017002029	G	1	0.6771	0.8767	0.7348	0.7674	28	
PILOT-2017002029__G__haiku4.5__rep2.json	PILOT-2017002029	G	2	0.5949	0.8767	0.6438	0.7127	28	
PILOT-2017002029__G__sonnet4__rep0.json	PILOT-2017002029	G	0	0.7801	0.835	0.9028	0.8395	28	
PILOT-2017002029__G__sonnet4__rep1.json	PILOT-2017002029	G	1	0.8581	0.8767	0.973	0.8996	28	
PILOT-2017002029__G__sonnet4__rep2.json	PILOT-2017002029	G	2	0.8625	0.8767	0.9775	0.9021	28	
PILOT-2017003676__F__gpt4o-mini__rep0.json	PILOT-2017003676	F	0	0.5709	1.0	0.5709	0.6886	5	
PILOT-2017003676__F__gpt4o-mini__rep1.json	PILOT-2017003676	F	1	0.4434	0.9583	0.4535	0.5891	8	
PILOT-2017003676__F__gpt4o-mini__rep2.json	PILOT-2017003676	F	2	0.4524	0.9815	0.4602	0.6142	9	
PILOT-2017003676__F__gpt5.4__rep0.json	PILOT-2017003676	F	0	0.8661	0.9584	0.9077	0.917	19	
PILOT-2017003676__F__gpt5.4__rep1.json	PILOT-2017003676	F	1	0.8802	0.9584	0.912	0.9271	19	
PILOT-2017003676__F__gpt5.4__rep2.json	PILOT-2017003676	F	2	0.8487	0.9434	0.8839	0.9092	11	
PILOT-2017003676__F__haiku4.5__rep0.json	PILOT-2017003676	F	0	0.6069	0.9584	0.6263	0.736	19	
PILOT-2017003676__F__haiku4.5__rep1.json	PILOT-2017003676	F	1	0.6187	0.9584	0.6368	0.7306	19	
PILOT-2017003676__F__haiku4.5__rep2.json	PILOT-2017003676	F	2	0.6859	0.946	0.718	0.7806	19	
PILOT-2017003676__F__sonnet4__rep0.json	PILOT-2017003676	F	0	0.7766	0.9584	0.8123	0.8488	19	
PILOT-2017003676__F__sonnet4__rep1.json	PILOT-2017003676	F	1	0.8023	0.9497	0.8347	0.8746	19	
PILOT-2017003676__F__sonnet4__rep2.json	PILOT-2017003676	F	2	0.7771	0.9497	0.8141	0.8491	19	
PILOT-2017003676__G__gpt4o-mini__rep0.json	PILOT-2017003676	G	0	0.5762	0.9792	0.5809	0.6956	8	
PILOT-2017003676__G__gpt4o-mini__rep1.json	PILOT-2017003676	G	1	0.5662	0.9722	0.5737	0.7159	6	
PILOT-2017003676__G__gpt4o-mini__rep2.json	PILOT-2017003676	G	2	0.6022	0.9853	0.6139	0.7381	4	
PILOT-2017003676__G__gpt5.4__rep0.json	PILOT-2017003676	G	0	0.9154	0.9496	0.9622	0.9486	18	
PILOT-2017003676__G__gpt5.4__rep1.json	PILOT-2017003676	G	1	0.8744	0.9584	0.9063	0.9231	19	
PILOT-2017003676__G__gpt5.4__rep2.json	PILOT-2017003676	G	2	0.8624	0.9436	0.9188	0.9177	14	
PILOT-2017003676__G__haiku4.5__rep0.json	PILOT-2017003676	G	0	0.6116	0.9584	0.6313	0.7381	19	
PILOT-2017003676__G__haiku4.5__rep1.json	PILOT-2017003676	G	1	0.6733	0.9584	0.6964	0.7789	19	
PILOT-2017003676__G__haiku4.5__rep2.json	PILOT-2017003676	G	2	0.5943	0.9438	0.6187	0.7216	19	
PILOT-2017003676__G__sonnet4__rep0.json	PILOT-2017003676	G	0	0.8037	0.9234	0.8416	0.8717	19	
PILOT-2017003676__G__sonnet4__rep1.json	PILOT-2017003676	G	1	0.7894	0.9321	0.8372	0.8629	19	
PILOT-2017003676__G__sonnet4__rep2.json	PILOT-2017003676	G	2	0.8081	0.9584	0.8471	0.8795	19	
PILOT-2017004144__F__gpt4o-mini__rep0.json	PILOT-2017004144	F	0	0.7742	0.8217	0.9102	0.8604	7	
PILOT-2017004144__F__gpt4o-mini__rep1.json	PILOT-2017004144	F	1	0.7553	0.8179	0.8794	0.8352	7	
PILOT-2017004144__F__gpt4o-mini__rep2.json	PILOT-2017004144	F	2	0.7879	0.8256	0.9143	0.8623	7	
PILOT-2017004144__F__gpt5.4__rep0.json	PILOT-2017004144	F	0	0.7115	0.8295	0.8133	0.7963	7	
PILOT-2017004144__F__gpt5.4__rep1.json	PILOT-2017004144	F	1	0.6951	0.8295	0.822	0.8087	7	
PILOT-2017004144__F__gpt5.4__rep2.json	PILOT-2017004144	F	2	0.7998	0.8295	0.9286	0.8733	7	
PILOT-2017004144__F__haiku4.5__rep0.json	PILOT-2017004144	F	0	0.8205	0.8658	0.9373	0.8914	30	
PILOT-2017004144__F__haiku4.5__rep1.json	PILOT-2017004144	F	1	0.8205	0.8658	0.9373	0.8914	30	
PILOT-2017004144__F__haiku4.5__rep2.json	PILOT-2017004144	F	2	0.8205	0.8658	0.9373	0.8914	30	
PILOT-2017004144__F__sonnet4__rep0.json	PILOT-2017004144	F	0	0.839	0.8691	0.959	0.9082	30	
PILOT-2017004144__F__sonnet4__rep1.json	PILOT-2017004144	F	1	0.7522	0.8295	0.8978	0.8535	7	
PILOT-2017004144__F__sonnet4__rep2.json	PILOT-2017004144	F	2	0.7616	0.8295	0.9071	0.8593	7	
PILOT-2017004144__G__gpt4o-mini__rep0.json	PILOT-2017004144	G	0	0.6401	0.778	0.7963	0.7741	6	
PILOT-2017004144__G__gpt4o-mini__rep1.json	PILOT-2017004144	G	1	0.7767	0.7958	0.9543	0.866	5	
PILOT-2017004144__G__gpt4o-mini__rep2.json	PILOT-2017004144	G	2	0.6698	0.8021	0.7436	0.7611	3	
PILOT-2017004144__G__gpt5.4__rep0.json	PILOT-2017004144	G	0	0.7526	0.8295	0.884	0.8475	7	
PILOT-2017004144__G__gpt5.4__rep1.json	PILOT-2017004144	G	1	0.8725	0.8725	1.0	0.93	6	
PILOT-2017004144__G__gpt5.4__rep2.json	PILOT-2017004144	G	2	0.6682	0.8295	0.7679	0.7722	7	
PILOT-2017004144__G__haiku4.5__rep0.json	PILOT-2017004144	G	0	0.8198	0.8658	0.9365	0.8909	30	
PILOT-2017004144__G__haiku4.5__rep1.json	PILOT-2017004144	G	1	0.8205	0.8658	0.9373	0.8914	30	
PILOT-2017004144__G__haiku4.5__rep2.json	PILOT-2017004144	G	2	0.8205	0.8658	0.9373	0.8914	30	
PILOT-2017004144__G__sonnet4__rep0.json	PILOT-2017004144	G	0	0.7243	0.8136	0.8606	0.8287	7	
PILOT-2017004144__G__sonnet4__rep1.json	PILOT-2017004144	G	1	0.7753	0.8295	0.9263	0.8677	7	
PILOT-2017004144__G__sonnet4__rep2.json	PILOT-2017004144	G	2	0.7753	0.8295	0.9263	0.8677	7	
PILOT-2017004286__F__gpt4o-mini__rep0.json	PILOT-2017004286	F	0	0.8681	0.9413	0.917	0.9288	4	
PILOT-2017004286__F__gpt4o-mini__rep1.json	PILOT-2017004286	F	1	None				0	no_gen
PILOT-2017004286__F__gpt4o-mini__rep2.json	PILOT-2017004286	F	2	0.788	0.8351	0.9262	0.8724	3	
PILOT-2017004286__F__gpt5.4__rep0.json	PILOT-2017004286	F	0	0.952	0.9859	0.9618	0.9729	26	
PILOT-2017004286__F__gpt5.4__rep1.json	PILOT-2017004286	F	1	0.9619	0.9933	0.9675	0.9789	26	
PILOT-2017004286__F__gpt5.4__rep2.json	PILOT-2017004286	F	2	0.9585	0.9794	0.9746	0.9763	26	
PILOT-2017004286__F__haiku4.5__rep0.json	PILOT-2017004286	F	0	0.7818	0.9859	0.7868	0.8647	26	
PILOT-2017004286__F__haiku4.5__rep1.json	PILOT-2017004286	F	1	0.791	0.9872	0.7959	0.875	26	
PILOT-2017004286__F__haiku4.5__rep2.json	PILOT-2017004286	F	2	0.7712	0.9829	0.7767	0.8616	26	
PILOT-2017004286__F__sonnet4__rep0.json	PILOT-2017004286	F	0	0.88	0.9872	0.8848	0.929	26	
PILOT-2017004286__F__sonnet4__rep1.json	PILOT-2017004286	F	1	0.9659	0.9826	0.9788	0.9802	26	
PILOT-2017004286__F__sonnet4__rep2.json	PILOT-2017004286	F	2	0.9628	0.9794	0.9789	0.9786	26	
PILOT-2017004286__G__gpt4o-mini__rep0.json	PILOT-2017004286	G	0	0.8489	0.9221	0.9113	0.9165	4	
PILOT-2017004286__G__gpt4o-mini__rep1.json	PILOT-2017004286	G	1	0.8223	0.9401	0.8665	0.8996	6	
PILOT-2017004286__G__gpt4o-mini__rep2.json	PILOT-2017004286	G	2	0.9762	1.0	0.9762	0.9877	3	
PILOT-2017004286__G__gpt5.4__rep0.json	PILOT-2017004286	G	0	0.9503	0.9811	0.9649	0.972	26	
PILOT-2017004286__G__gpt5.4__rep1.json	PILOT-2017004286	G	1	0.9238	0.9861	0.9338	0.9547	26	
PILOT-2017004286__G__gpt5.4__rep2.json	PILOT-2017004286	G	2	0.9494	0.9824	0.963	0.9708	26	
PILOT-2017004286__G__haiku4.5__rep0.json	PILOT-2017004286	G	0	0.8774	0.9666	0.8973	0.9276	20	
PILOT-2017004286__G__haiku4.5__rep1.json	PILOT-2017004286	G	1	0.832	0.9707	0.8475	0.8991	20	
PILOT-2017004286__G__haiku4.5__rep2.json	PILOT-2017004286	G	2	0.7934	0.9872	0.7998	0.8782	26	
PILOT-2017004286__G__sonnet4__rep0.json	PILOT-2017004286	G	0	0.905	0.9872	0.9081	0.9427	26	
PILOT-2017004286__G__sonnet4__rep1.json	PILOT-2017004286	G	1	0.9565	0.9794	0.9719	0.975	26	
PILOT-2017004286__G__sonnet4__rep2.json	PILOT-2017004286	G	2	0.9664	0.9872	0.9752	0.9804	26	
PILOT-2017005259__F__gpt4o-mini__rep0.json	PILOT-2017005259	F	0	0.9211	1.0	0.9211	0.9531	4	
PILOT-2017005259__F__gpt4o-mini__rep1.json	PILOT-2017005259	F	1	1.0	1.0	1.0	1.0	3	
PILOT-2017005259__F__gpt4o-mini__rep2.json	PILOT-2017005259	F	2	0.9945	1.0	0.9945	0.9971	14	
PILOT-2017005259__F__gpt5.4__rep0.json	PILOT-2017005259	F	0	0.9679	1.0	0.9679	0.9819	14	
PILOT-2017005259__F__gpt5.4__rep1.json	PILOT-2017005259	F	1	0.9679	1.0	0.9679	0.9819	14	
PILOT-2017005259__F__gpt5.4__rep2.json	PILOT-2017005259	F	2	0.944	1.0	0.944	0.9676	14	
PILOT-2017005259__F__haiku4.5__rep0.json	PILOT-2017005259	F	0	0.7876	1.0	0.7876	0.8635	14	
PILOT-2017005259__F__haiku4.5__rep1.json	PILOT-2017005259	F	1	0.7408	1.0	0.7408	0.8391	14	
PILOT-2017005259__F__haiku4.5__rep2.json	PILOT-2017005259	F	2	0.7468	1.0	0.7468	0.8407	14	
PILOT-2017005259__F__sonnet4__rep0.json	PILOT-2017005259	F	0	0.9179	1.0	0.9179	0.9501	14	
PILOT-2017005259__F__sonnet4__rep1.json	PILOT-2017005259	F	1	0.6395	1.0	0.6395	0.7585	14	
PILOT-2017005259__F__sonnet4__rep2.json	PILOT-2017005259	F	2	0.7719	1.0	0.7719	0.8623	14	
PILOT-2017005259__G__gpt4o-mini__rep0.json	PILOT-2017005259	G	0	0.9531	1.0	0.9531	0.9741	4	
PILOT-2017005259__G__gpt4o-mini__rep1.json	PILOT-2017005259	G	1	1.0	1.0	1.0	1.0	8	
PILOT-2017005259__G__gpt4o-mini__rep2.json	PILOT-2017005259	G	2	1.0	1.0	1.0	1.0	8	
PILOT-2017005259__G__gpt5.4__rep0.json	PILOT-2017005259	G	0	0.962	1.0	0.962	0.978	14	
PILOT-2017005259__G__gpt5.4__rep1.json	PILOT-2017005259	G	1	0.9679	1.0	0.9679	0.9819	14	
PILOT-2017005259__G__gpt5.4__rep2.json	PILOT-2017005259	G	2	0.9679	1.0	0.9679	0.9819	14	
PILOT-2017005259__G__haiku4.5__rep0.json	PILOT-2017005259	G	0	0.6847	0.9558	0.6963	0.7881	14	
PILOT-2017005259__G__haiku4.5__rep1.json	PILOT-2017005259	G	1	0.77	0.9911	0.7789	0.8416	14	
PILOT-2017005259__G__haiku4.5__rep2.json	PILOT-2017005259	G	2	0.8118	0.9923	0.8195	0.8777	10	
PILOT-2017005259__G__sonnet4__rep0.json	PILOT-2017005259	G	0	0.7278	1.0	0.7278	0.8309	14	
PILOT-2017005259__G__sonnet4__rep1.json	PILOT-2017005259	G	1	0.7484	1.0	0.7484	0.8458	14	
PILOT-2017005259__G__sonnet4__rep2.json	PILOT-2017005259	G	2	0.7647	1.0	0.7647	0.8588	14	
PILOT-2017005493__F__gpt4o-mini__rep0.json	PILOT-2017005493	F	0	0.7658	0.9635	0.7765	0.8508	7	
PILOT-2017005493__F__gpt4o-mini__rep1.json	PILOT-2017005493	F	1	0.6838	0.8528	0.7731	0.8016	7	
PILOT-2017005493__F__gpt4o-mini__rep2.json	PILOT-2017005493	F	2	0.9132	0.9901	0.9204	0.9469	20	
PILOT-2017005493__F__gpt5.4__rep0.json	PILOT-2017005493	F	0	0.7519	0.9901	0.7591	0.8462	20	
PILOT-2017005493__F__gpt5.4__rep1.json	PILOT-2017005493	F	1	0.831	0.9972	0.8332	0.8947	20	
PILOT-2017005493__F__gpt5.4__rep2.json	PILOT-2017005493	F	2	0.7022	0.9972	0.7037	0.8141	20	
PILOT-2017005493__F__haiku4.5__rep0.json	PILOT-2017005493	F	0	0.6662	0.9901	0.6736	0.7877	20	
PILOT-2017005493__F__haiku4.5__rep1.json	PILOT-2017005493	F	1	0.7954	0.9901	0.7983	0.8691	20	
PILOT-2017005493__F__haiku4.5__rep2.json	PILOT-2017005493	F	2	0.7444	0.9879	0.7478	0.836	20	
PILOT-2017005493__F__sonnet4__rep0.json	PILOT-2017005493	F	0	0.8801	0.9972	0.8816	0.9298	20	
PILOT-2017005493__F__sonnet4__rep1.json	PILOT-2017005493	F	1	0.9286	0.9556	0.9723	0.9481	20	
PILOT-2017005493__F__sonnet4__rep2.json	PILOT-2017005493	F	2	0.8964	0.9901	0.9013	0.938	20	
PILOT-2017005493__G__gpt4o-mini__rep0.json	PILOT-2017005493	G	0	0.754	0.8799	0.8187	0.8385	8	
PILOT-2017005493__G__gpt4o-mini__rep1.json	PILOT-2017005493	G	1	0.7227	0.993	0.7273	0.8303	8	
PILOT-2017005493__G__gpt4o-mini__rep2.json	PILOT-2017005493	G	2	0.713	0.9367	0.7634	0.8259	8	
PILOT-2017005493__G__gpt5.4__rep0.json	PILOT-2017005493	G	0	0.8379	0.9901	0.8453	0.9004	20	
PILOT-2017005493__G__gpt5.4__rep1.json	PILOT-2017005493	G	1	0.834	0.9901	0.8416	0.8979	20	
PILOT-2017005493__G__gpt5.4__rep2.json	PILOT-2017005493	G	2	0.8607	0.9901	0.8683	0.9153	20	
PILOT-2017005493__G__haiku4.5__rep0.json	PILOT-2017005493	G	0	0.7769	0.9901	0.7826	0.8594	20	
PILOT-2017005493__G__haiku4.5__rep1.json	PILOT-2017005493	G	1	0.7896	0.9901	0.7935	0.8653	20	
PILOT-2017005493__G__haiku4.5__rep2.json	PILOT-2017005493	G	2	0.7488	0.9879	0.754	0.8405	20	
PILOT-2017005493__G__sonnet4__rep0.json	PILOT-2017005493	G	0	0.8602	0.9734	0.8805	0.9135	20	
PILOT-2017005493__G__sonnet4__rep1.json	PILOT-2017005493	G	1	0.8571	0.9734	0.878	0.9114	20	
PILOT-2017005493__G__sonnet4__rep2.json	PILOT-2017005493	G	2	0.8687	0.9806	0.8876	0.917	20	
PILOT-2017006188__F__gpt4o-mini__rep0.json	PILOT-2017006188	F	0	None				0	no_gen
PILOT-2017006188__F__gpt4o-mini__rep1.json	PILOT-2017006188	F	1	None				0	no_gen
PILOT-2017006188__F__gpt4o-mini__rep2.json	PILOT-2017006188	F	2	None				0	no_gen
PILOT-2017006188__F__gpt5.4__rep0.json	PILOT-2017006188	F	0	0.8509	0.9792	0.8681	0.8996	17	
PILOT-2017006188__F__gpt5.4__rep1.json	PILOT-2017006188	F	1	0.7689	0.9662	0.7926	0.8421	16	
PILOT-2017006188__F__gpt5.4__rep2.json	PILOT-2017006188	F	2	0.966	0.9846	0.9814	0.9815	23	
PILOT-2017006188__F__haiku4.5__rep0.json	PILOT-2017006188	F	0	0.8576	0.9647	0.874	0.909	16	
PILOT-2017006188__F__haiku4.5__rep1.json	PILOT-2017006188	F	1	0.7555	0.9647	0.7704	0.8446	16	
PILOT-2017006188__F__haiku4.5__rep2.json	PILOT-2017006188	F	2	0.844	0.968	0.8617	0.9038	16	
PILOT-2017006188__F__sonnet4__rep0.json	PILOT-2017006188	F	0	0.9637	0.983	0.9806	0.9791	27	
PILOT-2017006188__F__sonnet4__rep1.json	PILOT-2017006188	F	1	0.9753	0.9947	0.9806	0.986	27	
PILOT-2017006188__F__sonnet4__rep2.json	PILOT-2017006188	F	2	0.9624	0.983	0.978	0.9782	27	
PILOT-2017006188__G__gpt4o-mini__rep0.json	PILOT-2017006188	G	0	None				0	no_gen
PILOT-2017006188__G__gpt4o-mini__rep1.json	PILOT-2017006188	G	1	None				0	no_gen
PILOT-2017006188__G__gpt4o-mini__rep2.json	PILOT-2017006188	G	2	None				0	no_gen
PILOT-2017006188__G__gpt5.4__rep0.json	PILOT-2017006188	G	0	0.826	0.9823	0.8343	0.8784	17	
PILOT-2017006188__G__gpt5.4__rep1.json	PILOT-2017006188	G	1	0.8882	0.9651	0.9174	0.9334	17	
PILOT-2017006188__G__gpt5.4__rep2.json	PILOT-2017006188	G	2	0.8245	0.9634	0.8552	0.8876	23	
PILOT-2017006188__G__haiku4.5__rep0.json	PILOT-2017006188	G	0	None				0	no_gen
PILOT-2017006188__G__haiku4.5__rep1.json	PILOT-2017006188	G	1	None				0	no_gen
PILOT-2017006188__G__haiku4.5__rep2.json	PILOT-2017006188	G	2	None				0	no_gen
PILOT-2017006188__G__sonnet4__rep0.json	PILOT-2017006188	G	0	0.9094	0.9611	0.9372	0.9371	16	
PILOT-2017006188__G__sonnet4__rep1.json	PILOT-2017006188	G	1	0.7775	0.9644	0.8011	0.8598	16	
PILOT-2017006188__G__sonnet4__rep2.json	PILOT-2017006188	G	2	0.9303	0.9644	0.958	0.9577	16	
PILOT-2017007272__F__gpt4o-mini__rep0.json	PILOT-2017007272	F	0	0.7726	0.9347	0.8082	0.8594	8	
PILOT-2017007272__F__gpt4o-mini__rep1.json	PILOT-2017007272	F	1	0.7767	0.976	0.7922	0.8654	9	
PILOT-2017007272__F__gpt4o-mini__rep2.json	PILOT-2017007272	F	2	None				0	no_gen
PILOT-2017007272__F__gpt5.4__rep0.json	PILOT-2017007272	F	0	0.8499	0.9477	0.8889	0.9036	20	
PILOT-2017007272__F__gpt5.4__rep1.json	PILOT-2017007272	F	1	0.9052	0.9638	0.925	0.9392	11	
PILOT-2017007272__F__gpt5.4__rep2.json	PILOT-2017007272	F	2	0.7808	0.936	0.8176	0.854	11	
PILOT-2017007272__F__haiku4.5__rep0.json	PILOT-2017007272	F	0	0.6904	0.9867	0.6983	0.7871	15	
PILOT-2017007272__F__haiku4.5__rep1.json	PILOT-2017007272	F	1	0.7653	0.9673	0.7832	0.8484	14	
PILOT-2017007272__F__haiku4.5__rep2.json	PILOT-2017007272	F	2	0.8134	0.9806	0.8278	0.8855	15	
PILOT-2017007272__F__sonnet4__rep0.json	PILOT-2017007272	F	0	0.8458	0.9764	0.8636	0.9034	20	
PILOT-2017007272__F__sonnet4__rep1.json	PILOT-2017007272	F	1	0.8369	1.0	0.8369	0.8998	16	
PILOT-2017007272__F__sonnet4__rep2.json	PILOT-2017007272	F	2	0.9039	1.0	0.9039	0.9418	16	
PILOT-2017007272__G__gpt4o-mini__rep0.json	PILOT-2017007272	G	0	0.7213	0.9744	0.7309	0.8271	12	
PILOT-2017007272__G__gpt4o-mini__rep1.json	PILOT-2017007272	G	1	0.7723	0.9692	0.7866	0.8627	7	
PILOT-2017007272__G__gpt4o-mini__rep2.json	PILOT-2017007272	G	2	0.6632	0.9773	0.6728	0.7814	12	
PILOT-2017007272__G__gpt5.4__rep0.json	PILOT-2017007272	G	0	0.856	0.9099	0.9179	0.9052	13	
PILOT-2017007272__G__gpt5.4__rep1.json	PILOT-2017007272	G	1	0.8876	0.9473	0.9222	0.9236	11	
PILOT-2017007272__G__gpt5.4__rep2.json	PILOT-2017007272	G	2	0.7931	0.9525	0.8111	0.8584	11	
PILOT-2017007272__G__haiku4.5__rep0.json	PILOT-2017007272	G	0	0.7611	0.927	0.7937	0.8412	15	
PILOT-2017007272__G__haiku4.5__rep1.json	PILOT-2017007272	G	1	0.7746	0.9543	0.8041	0.857	16	
PILOT-2017007272__G__haiku4.5__rep2.json	PILOT-2017007272	G	2	0.7692	0.9765	0.7859	0.8522	17	
PILOT-2017007272__G__sonnet4__rep0.json	PILOT-2017007272	G	0	0.8418	0.9829	0.8528	0.9041	17	
PILOT-2017007272__G__sonnet4__rep1.json	PILOT-2017007272	G	1	0.7778	0.9764	0.7956	0.8577	20	
PILOT-2017007272__G__sonnet4__rep2.json	PILOT-2017007272	G	2	0.8615	0.9855	0.8709	0.915	20	
PILOT-2017007595__F__gpt4o-mini__rep0.json	PILOT-2017007595	F	0	0.8855	0.9809	0.9016	0.9388	6	
PILOT-2017007595__F__gpt4o-mini__rep1.json	PILOT-2017007595	F	1	0.8973	0.9809	0.9143	0.9456	6	
PILOT-2017007595__F__gpt4o-mini__rep2.json	PILOT-2017007595	F	2	0.8924	0.9809	0.9085	0.9427	6	
PILOT-2017007595__F__gpt5.4__rep0.json	PILOT-2017007595	F	0	0.9355	0.9876	0.9451	0.9628	37	
PILOT-2017007595__F__gpt5.4__rep1.json	PILOT-2017007595	F	1	0.9592	1.0	0.9592	0.9766	37	
PILOT-2017007595__F__gpt5.4__rep2.json	PILOT-2017007595	F	2	0.9458	1.0	0.9458	0.9675	37	
PILOT-2017007595__F__haiku4.5__rep0.json	PILOT-2017007595	F	0	0.8305	0.9593	0.8485	0.8945	42	
PILOT-2017007595__F__haiku4.5__rep1.json	PILOT-2017007595	F	1	0.7298	0.9837	0.74	0.8405	7	
PILOT-2017007595__F__haiku4.5__rep2.json	PILOT-2017007595	F	2	0.8282	0.9722	0.8486	0.9054	6	
PILOT-2017007595__F__sonnet4__rep0.json	PILOT-2017007595	F	0	0.9695	0.9891	0.9787	0.9833	42	
PILOT-2017007595__F__sonnet4__rep1.json	PILOT-2017007595	F	1	0.9333	0.9891	0.9424	0.9624	42	
PILOT-2017007595__F__sonnet4__rep2.json	PILOT-2017007595	F	2	0.9333	0.9891	0.9424	0.9624	42	
PILOT-2017007595__G__gpt4o-mini__rep0.json	PILOT-2017007595	G	0	0.8677	0.9569	0.9025	0.9286	5	
PILOT-2017007595__G__gpt4o-mini__rep1.json	PILOT-2017007595	G	1	0.8741	0.9873	0.8849	0.9315	9	
PILOT-2017007595__G__gpt4o-mini__rep2.json	PILOT-2017007595	G	2	0.855	0.9921	0.8614	0.9206	7	
PILOT-2017007595__G__gpt5.4__rep0.json	PILOT-2017007595	G	0	0.9659	1.0	0.9659	0.9816	42	
PILOT-2017007595__G__gpt5.4__rep1.json	PILOT-2017007595	G	1	0.9677	1.0	0.9677	0.9826	42	
PILOT-2017007595__G__gpt5.4__rep2.json	PILOT-2017007595	G	2	0.9654	1.0	0.9654	0.9808	37	
PILOT-2017007595__G__haiku4.5__rep0.json	PILOT-2017007595	G	0	0.7382	0.9809	0.7486	0.8469	6	
PILOT-2017007595__G__haiku4.5__rep1.json	PILOT-2017007595	G	1	0.9461	0.9878	0.9557	0.9692	42	
PILOT-2017007595__G__haiku4.5__rep2.json	PILOT-2017007595	G	2	0.9529	0.9891	0.9616	0.973	42	
PILOT-2017007595__G__sonnet4__rep0.json	PILOT-2017007595	G	0	0.8891	0.9891	0.8982	0.9356	42	
PILOT-2017007595__G__sonnet4__rep1.json	PILOT-2017007595	G	1	0.9706	0.9891	0.9797	0.9838	42	
PILOT-2017007595__G__sonnet4__rep2.json	PILOT-2017007595	G	2	0.8939	0.9891	0.903	0.9397	42	
PILOT-2017009415__F__gpt4o-mini__rep0.json	PILOT-2017009415	F	0	0.6289	0.6979	0.8098	0.7373	6	
PILOT-2017009415__F__gpt4o-mini__rep1.json	PILOT-2017009415	F	1	0.6292	0.833	0.6838	0.7408	11	
PILOT-2017009415__F__gpt4o-mini__rep2.json	PILOT-2017009415	F	2	0.7432	0.8841	0.8366	0.849	4	
PILOT-2017009415__F__gpt5.4__rep0.json	PILOT-2017009415	F	0	0.9404	0.972	0.9684	0.9659	13	
PILOT-2017009415__F__gpt5.4__rep1.json	PILOT-2017009415	F	1	0.9287	0.9517	0.9762	0.9596	13	
PILOT-2017009415__F__gpt5.4__rep2.json	PILOT-2017009415	F	2	0.9484	0.972	0.9764	0.9701	13	
PILOT-2017009415__F__haiku4.5__rep0.json	PILOT-2017009415	F	0	0.6988	0.8551	0.7571	0.7951	11	
PILOT-2017009415__F__haiku4.5__rep1.json	PILOT-2017009415	F	1	0.7964	0.8884	0.8806	0.8656	13	
PILOT-2017009415__F__haiku4.5__rep2.json	PILOT-2017009415	F	2	0.9176	0.9344	0.9815	0.9531	11	
PILOT-2017009415__F__sonnet4__rep0.json	PILOT-2017009415	F	0	0.8966	0.9517	0.9429	0.9406	13	
PILOT-2017009415__F__sonnet4__rep1.json	PILOT-2017009415	F	1	0.8528	0.8807	0.9375	0.9005	13	
PILOT-2017009415__F__sonnet4__rep2.json	PILOT-2017009415	F	2	0.9363	0.9517	0.9843	0.9637	13	
PILOT-2017009415__G__gpt4o-mini__rep0.json	PILOT-2017009415	G	0	0.6749	0.734	0.8589	0.7799	6	
PILOT-2017009415__G__gpt4o-mini__rep1.json	PILOT-2017009415	G	1	0.8665	0.8807	0.9513	0.908	13	
PILOT-2017009415__G__gpt4o-mini__rep2.json	PILOT-2017009415	G	2	0.8269	0.8545	0.9298	0.8826	11	
PILOT-2017009415__G__gpt5.4__rep0.json	PILOT-2017009415	G	0	0.8982	0.9372	0.9599	0.9421	10	
PILOT-2017009415__G__gpt5.4__rep1.json	PILOT-2017009415	G	1	0.9234	0.9611	0.9611	0.9561	11	
PILOT-2017009415__G__gpt5.4__rep2.json	PILOT-2017009415	G	2	0.7072	0.9522	0.7451	0.8127	10	
PILOT-2017009415__G__haiku4.5__rep0.json	PILOT-2017009415	G	0	0.8044	0.8468	0.8787	0.8575	11	
PILOT-2017009415__G__haiku4.5__rep1.json	PILOT-2017009415	G	1	0.8076	0.8551	0.88	0.8635	11	
PILOT-2017009415__G__haiku4.5__rep2.json	PILOT-2017009415	G	2	0.8573	0.8774	0.9449	0.9031	13	
PILOT-2017009415__G__sonnet4__rep0.json	PILOT-2017009415	G	0	0.8506	0.8807	0.9354	0.8991	13	
PILOT-2017009415__G__sonnet4__rep1.json	PILOT-2017009415	G	1	0.9299	0.9517	0.9779	0.9598	13	
PILOT-2017009415__G__sonnet4__rep2.json	PILOT-2017009415	G	2	0.8506	0.8807	0.9354	0.8991	13	
PILOT-2017010497__F__gpt4o-mini__rep0.json	PILOT-2017010497	F	0	None				0	no_gen
PILOT-2017010497__F__gpt4o-mini__rep1.json	PILOT-2017010497	F	1	None				0	no_gen
PILOT-2017010497__F__gpt4o-mini__rep2.json	PILOT-2017010497	F	2	None				0	no_gen
PILOT-2017010497__F__gpt5.4__rep0.json	PILOT-2017010497	F	0	0.8073	1.0	0.8073	0.8887	12	
PILOT-2017010497__F__gpt5.4__rep1.json	PILOT-2017010497	F	1	0.9254	1.0	0.9254	0.9583	12	
PILOT-2017010497__F__gpt5.4__rep2.json	PILOT-2017010497	F	2	0.9687	1.0	0.9687	0.9826	12	
PILOT-2017010497__F__haiku4.5__rep0.json	PILOT-2017010497	F	0	0.8356	1.0	0.8356	0.9041	13	
PILOT-2017010497__F__haiku4.5__rep1.json	PILOT-2017010497	F	1	0.7885	1.0	0.7885	0.8749	12	
PILOT-2017010497__F__haiku4.5__rep2.json	PILOT-2017010497	F	2	0.8359	1.0	0.8359	0.9053	13	
PILOT-2017010497__F__sonnet4__rep0.json	PILOT-2017010497	F	0	0.8412	1.0	0.8412	0.9031	16	
PILOT-2017010497__F__sonnet4__rep1.json	PILOT-2017010497	F	1	0.9644	1.0	0.9644	0.981	13	
PILOT-2017010497__F__sonnet4__rep2.json	PILOT-2017010497	F	2	0.8588	1.0	0.8588	0.9145	16	
PILOT-2017010497__G__gpt4o-mini__rep0.json	PILOT-2017010497	G	0	None				0	no_gen
PILOT-2017010497__G__gpt4o-mini__rep1.json	PILOT-2017010497	G	1	0.9796	1.0	0.9796	0.9891	13	
PILOT-2017010497__G__gpt4o-mini__rep2.json	PILOT-2017010497	G	2	None				0	no_gen
PILOT-2017010497__G__gpt5.4__rep0.json	PILOT-2017010497	G	0	0.9687	1.0	0.9687	0.9826	12	
PILOT-2017010497__G__gpt5.4__rep1.json	PILOT-2017010497	G	1	0.9326	0.958	0.9746	0.9573	13	
PILOT-2017010497__G__gpt5.4__rep2.json	PILOT-2017010497	G	2	0.9337	0.958	0.9657	0.9568	13	
PILOT-2017010497__G__haiku4.5__rep0.json	PILOT-2017010497	G	0	0.7561	1.0	0.7561	0.8573	13	
PILOT-2017010497__G__haiku4.5__rep1.json	PILOT-2017010497	G	1	0.7669	1.0	0.7669	0.8655	12	
PILOT-2017010497__G__haiku4.5__rep2.json	PILOT-2017010497	G	2	0.7437	1.0	0.7437	0.8376	13	
PILOT-2017010497__G__sonnet4__rep0.json	PILOT-2017010497	G	0	0.7628	1.0	0.7628	0.8533	12	
PILOT-2017010497__G__sonnet4__rep1.json	PILOT-2017010497	G	1	0.796	1.0	0.796	0.8736	13	
PILOT-2017010497__G__sonnet4__rep2.json	PILOT-2017010497	G	2	0.8454	1.0	0.8454	0.9061	15	
PILOT-2017010632__F__gpt4o-mini__rep0.json	PILOT-2017010632	F	0	None				0	no_gen
PILOT-2017010632__F__gpt4o-mini__rep1.json	PILOT-2017010632	F	1	None				0	no_gen
PILOT-2017010632__F__gpt4o-mini__rep2.json	PILOT-2017010632	F	2	0.4539	0.7692	0.4775	0.5853	2	
PILOT-2017010632__F__gpt5.4__rep0.json	PILOT-2017010632	F	0	0.9434	0.9646	0.9566	0.9567	19	
PILOT-2017010632__F__gpt5.4__rep1.json	PILOT-2017010632	F	1	0.9422	0.9613	0.9582	0.9552	19	
PILOT-2017010632__F__gpt5.4__rep2.json	PILOT-2017010632	F	2	0.5416	0.7692	0.5611	0.6334	2	
PILOT-2017010632__F__haiku4.5__rep0.json	PILOT-2017010632	F	0	0.8424	0.986	0.8556	0.9015	19	
PILOT-2017010632__F__haiku4.5__rep1.json	PILOT-2017010632	F	1	0.9417	0.9768	0.9541	0.9595	19	
PILOT-2017010632__F__haiku4.5__rep2.json	PILOT-2017010632	F	2	0.943	0.9768	0.9555	0.9601	19	
PILOT-2017010632__F__sonnet4__rep0.json	PILOT-2017010632	F	0	0.9423	0.9646	0.9563	0.9575	19	
PILOT-2017010632__F__sonnet4__rep1.json	PILOT-2017010632	F	1	0.9451	0.9646	0.959	0.959	19	
PILOT-2017010632__F__sonnet4__rep2.json	PILOT-2017010632	F	2	0.9451	0.9646	0.959	0.959	19	
PILOT-2017010632__G__gpt4o-mini__rep0.json	PILOT-2017010632	G	0	None				0	no_gen
PILOT-2017010632__G__gpt4o-mini__rep1.json	PILOT-2017010632	G	1	0.251	0.5192	0.3388	0.3981	2	
PILOT-2017010632__G__gpt4o-mini__rep2.json	PILOT-2017010632	G	2	0.4666	0.7692	0.4886	0.5918	2	
PILOT-2017010632__G__gpt5.4__rep0.json	PILOT-2017010632	G	0	0.9407	0.9646	0.9538	0.9552	19	
PILOT-2017010632__G__gpt5.4__rep1.json	PILOT-2017010632	G	1	0.9444	0.9646	0.9579	0.958	19	
PILOT-2017010632__G__gpt5.4__rep2.json	PILOT-2017010632	G	2	0.9401	0.9592	0.9574	0.9542	18	
PILOT-2017010632__G__haiku4.5__rep0.json	PILOT-2017010632	G	0	0.5228	0.832	0.5832	0.6635	4	
PILOT-2017010632__G__haiku4.5__rep1.json	PILOT-2017010632	G	1	0.4991	0.7792	0.62	0.6516	4	
PILOT-2017010632__G__haiku4.5__rep2.json	PILOT-2017010632	G	2	0.6184	0.8656	0.6713	0.7326	5	
PILOT-2017010632__G__sonnet4__rep0.json	PILOT-2017010632	G	0	0.9331	0.9646	0.9467	0.9513	19	
PILOT-2017010632__G__sonnet4__rep1.json	PILOT-2017010632	G	1	0.9318	0.9646	0.9455	0.9506	19	
PILOT-2017010632__G__sonnet4__rep2.json	PILOT-2017010632	G	2	0.9558	0.9856	0.9702	0.9713	19	
PILOT-2018000427__F__gpt4o-mini__rep0.json	PILOT-2018000427	F	0	None				0	no_gen
PILOT-2018000427__F__gpt4o-mini__rep1.json	PILOT-2018000427	F	1	None				0	no_gen
PILOT-2018000427__F__gpt4o-mini__rep2.json	PILOT-2018000427	F	2	None				0	no_gen
PILOT-2018000427__F__gpt5.4__rep0.json	PILOT-2018000427	F	0	0.8772	0.9548	0.9142	0.934	2	
PILOT-2018000427__F__gpt5.4__rep1.json	PILOT-2018000427	F	1	0.9606	0.9861	0.9729	0.9794	2	
PILOT-2018000427__F__gpt5.4__rep2.json	PILOT-2018000427	F	2	0.9606	0.9861	0.9729	0.9794	2	
PILOT-2018000427__F__haiku4.5__rep0.json	PILOT-2018000427	F	0	0.945	0.9571	0.9855	0.9698	12	
PILOT-2018000427__F__haiku4.5__rep1.json	PILOT-2018000427	F	1	0.9378	0.9623	0.9711	0.9652	12	
PILOT-2018000427__F__haiku4.5__rep2.json	PILOT-2018000427	F	2	0.945	0.9571	0.9855	0.9698	12	
PILOT-2018000427__F__sonnet4__rep0.json	PILOT-2018000427	F	0	0.7368	0.9861	0.7456	0.8478	2	
PILOT-2018000427__F__sonnet4__rep1.json	PILOT-2018000427	F	1	0.7747	0.9861	0.7853	0.8708	2	
PILOT-2018000427__F__sonnet4__rep2.json	PILOT-2018000427	F	2	0.7747	0.9861	0.7853	0.8708	2	
PILOT-2018000427__G__gpt4o-mini__rep0.json	PILOT-2018000427	G	0	None				0	no_gen
PILOT-2018000427__G__gpt4o-mini__rep1.json	PILOT-2018000427	G	1	None				0	no_gen
PILOT-2018000427__G__gpt4o-mini__rep2.json	PILOT-2018000427	G	2	None				0	no_gen
PILOT-2018000427__G__gpt5.4__rep0.json	PILOT-2018000427	G	0	0.9606	0.9861	0.9729	0.9794	2	
PILOT-2018000427__G__gpt5.4__rep1.json	PILOT-2018000427	G	1	0.8889	0.9861	0.8978	0.9375	2	
PILOT-2018000427__G__gpt5.4__rep2.json	PILOT-2018000427	G	2	0.905	0.9861	0.9174	0.9501	2	
PILOT-2018000427__G__haiku4.5__rep0.json	PILOT-2018000427	G	0	0.9128	0.9675	0.9427	0.9517	12	
PILOT-2018000427__G__haiku4.5__rep1.json	PILOT-2018000427	G	1	0.9352	0.9466	0.9845	0.9631	12	
PILOT-2018000427__G__haiku4.5__rep2.json	PILOT-2018000427	G	2	0.7763	0.9236	0.839	0.8733	2	
PILOT-2018000427__G__sonnet4__rep0.json	PILOT-2018000427	G	0	0.7747	0.9861	0.7853	0.8708	2	
PILOT-2018000427__G__sonnet4__rep1.json	PILOT-2018000427	G	1	0.7202	0.9861	0.7283	0.8371	2	
PILOT-2018000427__G__sonnet4__rep2.json	PILOT-2018000427	G	2	0.7645	0.9861	0.7747	0.8648	2	
PILOT-2018001232__F__gpt4o-mini__rep0.json	PILOT-2018001232	F	0	0.7952	1.0	0.7952	0.8858	2	
PILOT-2018001232__F__gpt4o-mini__rep1.json	PILOT-2018001232	F	1	0.8198	1.0	0.8198	0.9	2	
PILOT-2018001232__F__gpt4o-mini__rep2.json	PILOT-2018001232	F	2	1.0	1.0	1.0	1.0	2	
PILOT-2018001232__F__gpt5.4__rep0.json	PILOT-2018001232	F	0	0.8257	0.8565	0.9692	0.9029	20	
PILOT-2018001232__F__gpt5.4__rep1.json	PILOT-2018001232	F	1	0.8257	0.8565	0.9692	0.9029	20	
PILOT-2018001232__F__gpt5.4__rep2.json	PILOT-2018001232	F	2	0.8294	0.8565	0.9729	0.9055	20	
PILOT-2018001232__F__haiku4.5__rep0.json	PILOT-2018001232	F	0	0.7267	0.8565	0.8473	0.8307	20	
PILOT-2018001232__F__haiku4.5__rep1.json	PILOT-2018001232	F	1	0.7807	0.8577	0.9177	0.8708	15	
PILOT-2018001232__F__haiku4.5__rep2.json	PILOT-2018001232	F	2	0.7925	0.8718	0.916	0.8784	15	
PILOT-2018001232__F__sonnet4__rep0.json	PILOT-2018001232	F	0	0.8294	0.8565	0.9729	0.9055	20	
PILOT-2018001232__F__sonnet4__rep1.json	PILOT-2018001232	F	1	0.8294	0.8565	0.9729	0.9055	20	
PILOT-2018001232__F__sonnet4__rep2.json	PILOT-2018001232	F	2	0.8294	0.8565	0.9729	0.9055	20	
PILOT-2018001232__G__gpt4o-mini__rep0.json	PILOT-2018001232	G	0	0.7987	0.9178	0.8592	0.8843	5	
PILOT-2018001232__G__gpt4o-mini__rep1.json	PILOT-2018001232	G	1	0.6306	0.7333	0.7639	0.7375	4	
PILOT-2018001232__G__gpt4o-mini__rep2.json	PILOT-2018001232	G	2	0.8438	1.0	0.8438	0.9149	2	
PILOT-2018001232__G__gpt5.4__rep0.json	PILOT-2018001232	G	0	0.8294	0.8565	0.9729	0.9055	20	
PILOT-2018001232__G__gpt5.4__rep1.json	PILOT-2018001232	G	1	0.8001	0.8565	0.9396	0.8846	20	
PILOT-2018001232__G__gpt5.4__rep2.json	PILOT-2018001232	G	2	0.7989	0.8565	0.9336	0.8857	20	
PILOT-2018001232__G__haiku4.5__rep0.json	PILOT-2018001232	G	0	0.6692	0.841	0.7826	0.786	16	
PILOT-2018001232__G__haiku4.5__rep1.json	PILOT-2018001232	G	1	0.6621	0.8565	0.7516	0.792	20	
PILOT-2018001232__G__haiku4.5__rep2.json	PILOT-2018001232	G	2	0.6596	0.8565	0.7471	0.7851	20	
PILOT-2018001232__G__sonnet4__rep0.json	PILOT-2018001232	G	0	0.8257	0.8565	0.9692	0.9029	20	
PILOT-2018001232__G__sonnet4__rep1.json	PILOT-2018001232	G	1	0.8257	0.8565	0.9692	0.9029	20	
PILOT-2018001232__G__sonnet4__rep2.json	PILOT-2018001232	G	2	0.8257	0.8565	0.9692	0.9029	20	
PILOT-2018003513__F__gpt4o-mini__rep0.json	PILOT-2018003513	F	0	0.6976	0.7548	0.7359	0.7405	7	
PILOT-2018003513__F__gpt4o-mini__rep1.json	PILOT-2018003513	F	1	0.862	0.8689	0.9087	0.8804	10	
PILOT-2018003513__F__gpt4o-mini__rep2.json	PILOT-2018003513	F	2	0.5505	0.5941	0.8125	0.6121	6	
PILOT-2018003513__F__gpt5.4__rep0.json	PILOT-2018003513	F	0	0.9068	0.9141	0.992	0.9356	15	
PILOT-2018003513__F__gpt5.4__rep1.json	PILOT-2018003513	F	1	0.7111	0.7375	0.973	0.771	15	
PILOT-2018003513__F__gpt5.4__rep2.json	PILOT-2018003513	F	2	0.9041	0.9149	0.9892	0.9341	15	
PILOT-2018003513__F__haiku4.5__rep0.json	PILOT-2018003513	F	0	0.7328	0.7806	0.7905	0.7713	15	
PILOT-2018003513__F__haiku4.5__rep1.json	PILOT-2018003513	F	1	0.6846	0.7154	0.844	0.7307	15	
PILOT-2018003513__F__haiku4.5__rep2.json	PILOT-2018003513	F	2	0.6401	0.6575	0.8314	0.6861	15	
PILOT-2018003513__F__sonnet4__rep0.json	PILOT-2018003513	F	0	0.6908	0.711	0.9183	0.7326	15	
PILOT-2018003513__F__sonnet4__rep1.json	PILOT-2018003513	F	1	0.6628	0.6916	0.955	0.7205	15	
PILOT-2018003513__F__sonnet4__rep2.json	PILOT-2018003513	F	2	0.693	0.711	0.9238	0.7357	15	
PILOT-2018003513__G__gpt4o-mini__rep0.json	PILOT-2018003513	G	0	0.8741	0.8774	0.9197	0.891	11	
PILOT-2018003513__G__gpt4o-mini__rep1.json	PILOT-2018003513	G	1	0.6132	0.6354	0.7725	0.663	7	
PILOT-2018003513__G__gpt4o-mini__rep2.json	PILOT-2018003513	G	2	0.8615	0.8652	0.9117	0.8802	10	
PILOT-2018003513__G__gpt5.4__rep0.json	PILOT-2018003513	G	0	0.7794	0.786	0.9928	0.8204	15	
PILOT-2018003513__G__gpt5.4__rep1.json	PILOT-2018003513	G	1	0.7087	0.7236	0.9845	0.771	15	
PILOT-2018003513__G__gpt5.4__rep2.json	PILOT-2018003513	G	2	0.8902	0.9058	0.9837	0.9266	15	
PILOT-2018003513__G__haiku4.5__rep0.json	PILOT-2018003513	G	0	0.5326	0.5577	0.7959	0.6005	14	
PILOT-2018003513__G__haiku4.5__rep1.json	PILOT-2018003513	G	1	0.6351	0.6351	0.8571	0.6707	14	
PILOT-2018003513__G__haiku4.5__rep2.json	PILOT-2018003513	G	2	0.7378	0.7615	0.8803	0.7817	12	
PILOT-2018003513__G__sonnet4__rep0.json	PILOT-2018003513	G	0	0.6661	0.6925	0.9402	0.7164	14	
PILOT-2018003513__G__sonnet4__rep1.json	PILOT-2018003513	G	1	0.7983	0.801	0.9974	0.838	14	
PILOT-2018003513__G__sonnet4__rep2.json	PILOT-2018003513	G	2	0.7222	0.7332	0.9883	0.7661	15	
PILOT-2018005420__F__gpt4o-mini__rep0.json	PILOT-2018005420	F	0	0.8621	0.8641	0.9975	0.9228	25	
PILOT-2018005420__F__gpt4o-mini__rep1.json	PILOT-2018005420	F	1	0.851	0.8718	0.975	0.9163	25	
PILOT-2018005420__F__gpt4o-mini__rep2.json	PILOT-2018005420	F	2	0.851	0.8718	0.975	0.9163	25	
PILOT-2018005420__F__gpt5.4__rep0.json	PILOT-2018005420	F	0	0.7781	0.8341	0.9191	0.8701	25	
PILOT-2018005420__F__gpt5.4__rep1.json	PILOT-2018005420	F	1	0.8062	0.8341	0.9579	0.8885	25	
PILOT-2018005420__F__gpt5.4__rep2.json	PILOT-2018005420	F	2	0.8062	0.8341	0.9579	0.8885	25	
PILOT-2018005420__F__haiku4.5__rep0.json	PILOT-2018005420	F	0	0.8322	0.8718	0.9555	0.9057	25	
PILOT-2018005420__F__haiku4.5__rep1.json	PILOT-2018005420	F	1	0.8621	0.8718	0.9886	0.9228	25	
PILOT-2018005420__F__haiku4.5__rep2.json	PILOT-2018005420	F	2	0.7981	0.8272	0.9561	0.8838	24	
PILOT-2018005420__F__sonnet4__rep0.json	PILOT-2018005420	F	0	0.803	0.8718	0.9159	0.8859	25	
PILOT-2018005420__F__sonnet4__rep1.json	PILOT-2018005420	F	1	0.8491	0.8718	0.9718	0.9151	25	
PILOT-2018005420__F__sonnet4__rep2.json	PILOT-2018005420	F	2	0.8428	0.8718	0.9642	0.9115	25	
PILOT-2018005420__G__gpt4o-mini__rep0.json	PILOT-2018005420	G	0	0.8578	0.8718	0.984	0.9205	25	
PILOT-2018005420__G__gpt4o-mini__rep1.json	PILOT-2018005420	G	1	0.8491	0.8718	0.9718	0.9151	25	
PILOT-2018005420__G__gpt4o-mini__rep2.json	PILOT-2018005420	G	2	0.8455	0.8718	0.9701	0.9133	25	
PILOT-2018005420__G__gpt5.4__rep0.json	PILOT-2018005420	G	0	0.7828	0.8365	0.9224	0.8729	25	
PILOT-2018005420__G__gpt5.4__rep1.json	PILOT-2018005420	G	1	0.862	0.8697	0.992	0.923	25	
PILOT-2018005420__G__gpt5.4__rep2.json	PILOT-2018005420	G	2	0.7756	0.8341	0.9174	0.8678	25	
PILOT-2018005420__G__haiku4.5__rep0.json	PILOT-2018005420	G	0	0.8341	0.8341	1.0	0.9061	25	
PILOT-2018005420__G__haiku4.5__rep1.json	PILOT-2018005420	G	1	0.8341	0.8341	1.0	0.9061	25	
PILOT-2018005420__G__haiku4.5__rep2.json	PILOT-2018005420	G	2	0.8341	0.8341	1.0	0.9061	25	
PILOT-2018005420__G__sonnet4__rep0.json	PILOT-2018005420	G	0	0.842	0.8718	0.9634	0.911	25	
PILOT-2018005420__G__sonnet4__rep1.json	PILOT-2018005420	G	1	0.842	0.8718	0.9634	0.911	25	
PILOT-2018005420__G__sonnet4__rep2.json	PILOT-2018005420	G	2	0.8698	0.8718	0.9979	0.9272	25	
PILOT-2018005863__F__gpt4o-mini__rep0.json	PILOT-2018005863	F	0	0.8785	0.9527	0.9183	0.9316	11	
PILOT-2018005863__F__gpt4o-mini__rep1.json	PILOT-2018005863	F	1	0.9146	0.96	0.9546	0.9537	5	
PILOT-2018005863__F__gpt4o-mini__rep2.json	PILOT-2018005863	F	2	0.8319	0.9582	0.8599	0.9035	9	
PILOT-2018005863__F__gpt5.4__rep0.json	PILOT-2018005863	F	0	0.917	0.958	0.9528	0.9536	25	
PILOT-2018005863__F__gpt5.4__rep1.json	PILOT-2018005863	F	1	0.9511	0.9631	0.988	0.9736	25	
PILOT-2018005863__F__gpt5.4__rep2.json	PILOT-2018005863	F	2	0.9355	0.958	0.9743	0.9643	25	
PILOT-2018005863__F__haiku4.5__rep0.json	PILOT-2018005863	F	0	0.9199	0.9631	0.9498	0.9544	25	
PILOT-2018005863__F__haiku4.5__rep1.json	PILOT-2018005863	F	1	0.9313	0.9631	0.9622	0.9602	25	
PILOT-2018005863__F__haiku4.5__rep2.json	PILOT-2018005863	F	2	0.8756	0.9631	0.8987	0.926	25	
PILOT-2018005863__F__sonnet4__rep0.json	PILOT-2018005863	F	0	0.9252	0.9631	0.9572	0.9578	25	
PILOT-2018005863__F__sonnet4__rep1.json	PILOT-2018005863	F	1	0.9084	0.9631	0.9382	0.9473	25	
PILOT-2018005863__F__sonnet4__rep2.json	PILOT-2018005863	F	2	0.9043	0.9631	0.9351	0.9448	25	
PILOT-2018005863__G__gpt4o-mini__rep0.json	PILOT-2018005863	G	0	0.9063	0.9446	0.9617	0.9487	17	
PILOT-2018005863__G__gpt4o-mini__rep1.json	PILOT-2018005863	G	1	None				0	no_gen
PILOT-2018005863__G__gpt4o-mini__rep2.json	PILOT-2018005863	G	2	None				0	no_gen
PILOT-2018005863__G__gpt5.4__rep0.json	PILOT-2018005863	G	0	0.9492	0.958	0.9903	0.9724	25	
PILOT-2018005863__G__gpt5.4__rep1.json	PILOT-2018005863	G	1	0.9178	0.958	0.9557	0.9535	25	
PILOT-2018005863__G__gpt5.4__rep2.json	PILOT-2018005863	G	2	0.93	0.958	0.9678	0.9614	25	
PILOT-2018005863__G__haiku4.5__rep0.json	PILOT-2018005863	G	0	0.8548	0.958	0.8853	0.9173	25	
PILOT-2018005863__G__haiku4.5__rep1.json	PILOT-2018005863	G	1	0.835	0.958	0.8662	0.906	25	
PILOT-2018005863__G__haiku4.5__rep2.json	PILOT-2018005863	G	2	0.8092	0.958	0.8382	0.8908	25	
PILOT-2018005863__G__sonnet4__rep0.json	PILOT-2018005863	G	0	0.9071	0.9631	0.9394	0.9483	25	
PILOT-2018005863__G__sonnet4__rep1.json	PILOT-2018005863	G	1	0.9241	0.9631	0.9562	0.9578	25	
PILOT-2018005863__G__sonnet4__rep2.json	PILOT-2018005863	G	2	0.9053	0.9631	0.9351	0.9457	25	
PILOT-2018007886__F__gpt4o-mini__rep0.json	PILOT-2018007886	F	0	0.915	1.0	0.915	0.9481	7	
PILOT-2018007886__F__gpt4o-mini__rep1.json	PILOT-2018007886	F	1	0.734	1.0	0.734	0.8403	7	
PILOT-2018007886__F__gpt4o-mini__rep2.json	PILOT-2018007886	F	2	0.6916	1.0	0.6916	0.8087	6	
PILOT-2018007886__F__gpt5.4__rep0.json	PILOT-2018007886	F	0	0.9247	1.0	0.9247	0.9541	16	
PILOT-2018007886__F__gpt5.4__rep1.json	PILOT-2018007886	F	1	0.7731	1.0	0.7731	0.8571	7	
PILOT-2018007886__F__gpt5.4__rep2.json	PILOT-2018007886	F	2	0.9821	1.0	0.9821	0.9896	16	
PILOT-2018007886__F__haiku4.5__rep0.json	PILOT-2018007886	F	0	0.7324	1.0	0.7324	0.8297	6	
PILOT-2018007886__F__haiku4.5__rep1.json	PILOT-2018007886	F	1	0.7707	0.9849	0.7799	0.8629	6	
PILOT-2018007886__F__haiku4.5__rep2.json	PILOT-2018007886	F	2	0.7136	1.0	0.7136	0.818	6	
PILOT-2018007886__F__sonnet4__rep0.json	PILOT-2018007886	F	0	0.705	1.0	0.705	0.8195	6	
PILOT-2018007886__F__sonnet4__rep1.json	PILOT-2018007886	F	1	0.8674	1.0	0.8674	0.9156	16	
PILOT-2018007886__F__sonnet4__rep2.json	PILOT-2018007886	F	2	0.8852	1.0	0.8852	0.9305	16	
PILOT-2018007886__G__gpt4o-mini__rep0.json	PILOT-2018007886	G	0	None				0	no_gen
PILOT-2018007886__G__gpt4o-mini__rep1.json	PILOT-2018007886	G	1	0.798	1.0	0.798	0.8707	5	
PILOT-2018007886__G__gpt4o-mini__rep2.json	PILOT-2018007886	G	2	None				0	no_gen
PILOT-2018007886__G__gpt5.4__rep0.json	PILOT-2018007886	G	0	0.7525	1.0	0.7525	0.8491	7	
PILOT-2018007886__G__gpt5.4__rep1.json	PILOT-2018007886	G	1	0.8037	1.0	0.8037	0.8785	7	
PILOT-2018007886__G__gpt5.4__rep2.json	PILOT-2018007886	G	2	0.9087	1.0	0.9087	0.9448	16	
PILOT-2018007886__G__haiku4.5__rep0.json	PILOT-2018007886	G	0	0.7468	1.0	0.7468	0.8455	6	
PILOT-2018007886__G__haiku4.5__rep1.json	PILOT-2018007886	G	1	0.7033	0.9849	0.7102	0.8158	6	
PILOT-2018007886__G__haiku4.5__rep2.json	PILOT-2018007886	G	2	0.7294	0.9849	0.7356	0.8351	6	
PILOT-2018007886__G__sonnet4__rep0.json	PILOT-2018007886	G	0	0.8674	1.0	0.8674	0.9164	16	
PILOT-2018007886__G__sonnet4__rep1.json	PILOT-2018007886	G	1	0.9167	0.9943	0.9214	0.952	16	
PILOT-2018007886__G__sonnet4__rep2.json	PILOT-2018007886	G	2	0.912	1.0	0.912	0.9477	16	
PILOT-2018007979__F__gpt4o-mini__rep0.json	PILOT-2018007979	F	0	0.9196	0.9391	0.9792	0.9581	3	
PILOT-2018007979__F__gpt4o-mini__rep1.json	PILOT-2018007979	F	1	0.9391	0.9391	1.0	0.9685	3	
PILOT-2018007979__F__gpt4o-mini__rep2.json	PILOT-2018007979	F	2	0.9391	0.9391	1.0	0.9685	3	
PILOT-2018007979__F__gpt5.4__rep0.json	PILOT-2018007979	F	0	0.924	1.0	0.924	0.9604	3	
PILOT-2018007979__F__gpt5.4__rep1.json	PILOT-2018007979	F	1	1.0	1.0	1.0	1.0	3	
PILOT-2018007979__F__gpt5.4__rep2.json	PILOT-2018007979	F	2	0.948	1.0	0.948	0.9733	3	
PILOT-2018007979__F__haiku4.5__rep0.json	PILOT-2018007979	F	0	0.6915	0.8616	0.7757	0.8157	3	
PILOT-2018007979__F__haiku4.5__rep1.json	PILOT-2018007979	F	1	0.7312	0.9176	0.7817	0.8427	3	
PILOT-2018007979__F__haiku4.5__rep2.json	PILOT-2018007979	F	2	0.7554	0.8616	0.8505	0.8541	3	
PILOT-2018007979__F__sonnet4__rep0.json	PILOT-2018007979	F	0	0.8257	0.9391	0.8728	0.9045	3	
PILOT-2018007979__F__sonnet4__rep1.json	PILOT-2018007979	F	1	0.8336	0.9391	0.8813	0.9092	3	
PILOT-2018007979__F__sonnet4__rep2.json	PILOT-2018007979	F	2	0.8592	0.9391	0.9107	0.9243	3	
PILOT-2018007979__G__gpt4o-mini__rep0.json	PILOT-2018007979	G	0	0.9107	0.9391	0.9697	0.9531	3	
PILOT-2018007979__G__gpt4o-mini__rep1.json	PILOT-2018007979	G	1	0.9391	0.9391	1.0	0.9685	3	
PILOT-2018007979__G__gpt4o-mini__rep2.json	PILOT-2018007979	G	2	None				0	no_gen
PILOT-2018007979__G__gpt5.4__rep0.json	PILOT-2018007979	G	0	0.948	1.0	0.948	0.9733	3	
PILOT-2018007979__G__gpt5.4__rep1.json	PILOT-2018007979	G	1	0.922	0.9725	0.9466	0.9594	3	
PILOT-2018007979__G__gpt5.4__rep2.json	PILOT-2018007979	G	2	0.948	1.0	0.948	0.9733	3	
PILOT-2018007979__G__haiku4.5__rep0.json	PILOT-2018007979	G	0	0.7093	0.8961	0.7661	0.8223	3	
PILOT-2018007979__G__haiku4.5__rep1.json	PILOT-2018007979	G	1	0.9219	0.9391	0.9809	0.9593	3	
PILOT-2018007979__G__haiku4.5__rep2.json	PILOT-2018007979	G	2	0.8124	0.8831	0.9073	0.8945	3	
PILOT-2018007979__G__sonnet4__rep0.json	PILOT-2018007979	G	0	0.8592	0.9391	0.9107	0.9243	3	
PILOT-2018007979__G__sonnet4__rep1.json	PILOT-2018007979	G	1	0.8257	0.9391	0.8728	0.9045	3	
PILOT-2018007979__G__sonnet4__rep2.json	PILOT-2018007979	G	2	0.8592	0.9391	0.9107	0.9243	3	
PILOT-2019001867__F__gpt4o-mini__rep0.json	PILOT-2019001867	F	0	None				0	no_gen
PILOT-2019001867__F__gpt4o-mini__rep1.json	PILOT-2019001867	F	1	None				0	no_gen
PILOT-2019001867__F__gpt4o-mini__rep2.json	PILOT-2019001867	F	2	0.9971	0.9971	1.0	0.9985	23	
PILOT-2019001867__F__gpt5.4__rep0.json	PILOT-2019001867	F	0	0.9667	0.9761	0.9902	0.9796	23	
PILOT-2019001867__F__gpt5.4__rep1.json	PILOT-2019001867	F	1	0.9711	0.9761	0.9946	0.9819	23	
PILOT-2019001867__F__gpt5.4__rep2.json	PILOT-2019001867	F	2	0.9667	0.9761	0.9902	0.9796	23	
PILOT-2019001867__F__haiku4.5__rep0.json	PILOT-2019001867	F	0	0.9753	0.9761	0.9991	0.9843	23	
PILOT-2019001867__F__haiku4.5__rep1.json	PILOT-2019001867	F	1	0.9753	0.9761	0.9991	0.9843	23	
PILOT-2019001867__F__haiku4.5__rep2.json	PILOT-2019001867	F	2	0.9753	0.9761	0.9991	0.9843	23	
PILOT-2019001867__F__sonnet4__rep0.json	PILOT-2019001867	F	0	0.9955	0.9971	0.9983	0.9977	23	
PILOT-2019001867__F__sonnet4__rep1.json	PILOT-2019001867	F	1	0.9955	0.9971	0.9983	0.9977	23	
PILOT-2019001867__F__sonnet4__rep2.json	PILOT-2019001867	F	2	0.9955	0.9971	0.9983	0.9977	23	
PILOT-2019001867__G__gpt4o-mini__rep0.json	PILOT-2019001867	G	0	0.9971	0.9971	1.0	0.9985	23	
PILOT-2019001867__G__gpt4o-mini__rep1.json	PILOT-2019001867	G	1	0.9899	0.9919	0.9972	0.9944	23	
PILOT-2019001867__G__gpt4o-mini__rep2.json	PILOT-2019001867	G	2	0.9971	0.9971	1.0	0.9985	23	
PILOT-2019001867__G__gpt5.4__rep0.json	PILOT-2019001867	G	0	0.9776	0.9809	0.9951	0.9866	23	
PILOT-2019001867__G__gpt5.4__rep1.json	PILOT-2019001867	G	1	0.9681	0.9761	0.9914	0.9802	23	
PILOT-2019001867__G__gpt5.4__rep2.json	PILOT-2019001867	G	2	0.9904	0.9971	0.9931	0.995	23	
PILOT-2019001867__G__haiku4.5__rep0.json	PILOT-2019001867	G	0	0.9784	0.9809	0.9959	0.987	23	
PILOT-2019001867__G__haiku4.5__rep1.json	PILOT-2019001867	G	1	0.9784	0.9809	0.9959	0.987	23	
PILOT-2019001867__G__haiku4.5__rep2.json	PILOT-2019001867	G	2	0.9784	0.9809	0.9959	0.987	23	
PILOT-2019001867__G__sonnet4__rep0.json	PILOT-2019001867	G	0	0.9962	0.9971	0.9991	0.9981	23	
PILOT-2019001867__G__sonnet4__rep1.json	PILOT-2019001867	G	1	0.9962	0.9971	0.9991	0.9981	23	
PILOT-2019001867__G__sonnet4__rep2.json	PILOT-2019001867	G	2	0.9962	0.9971	0.9991	0.9981	23	
PILOT-2019002001__F__gpt4o-mini__rep0.json	PILOT-2019002001	F	0	None				0	no_gen
PILOT-2019002001__F__gpt4o-mini__rep1.json	PILOT-2019002001	F	1	0.7649	0.7881	0.9542	0.8606	5	
PILOT-2019002001__F__gpt4o-mini__rep2.json	PILOT-2019002001	F	2	0.7649	0.7881	0.9542	0.8606	5	
PILOT-2019002001__F__gpt5.4__rep0.json	PILOT-2019002001	F	0	0.7892	0.8868	0.8859	0.8727	18	
PILOT-2019002001__F__gpt5.4__rep1.json	PILOT-2019002001	F	1	0.6708	0.7662	0.8518	0.7986	18	
PILOT-2019002001__F__gpt5.4__rep2.json	PILOT-2019002001	F	2	0.6971	0.7507	0.9084	0.8126	18	
PILOT-2019002001__F__haiku4.5__rep0.json	PILOT-2019002001	F	0	0.5681	0.753	0.7042	0.7189	18	
PILOT-2019002001__F__haiku4.5__rep1.json	PILOT-2019002001	F	1	0.5704	0.755	0.7081	0.7231	18	
PILOT-2019002001__F__haiku4.5__rep2.json	PILOT-2019002001	F	2	0.565	0.755	0.701	0.7183	18	
PILOT-2019002001__F__sonnet4__rep0.json	PILOT-2019002001	F	0	0.7291	0.7621	0.9423	0.8362	18	
PILOT-2019002001__F__sonnet4__rep1.json	PILOT-2019002001	F	1	0.6399	0.7621	0.7978	0.7684	18	
PILOT-2019002001__F__sonnet4__rep2.json	PILOT-2019002001	F	2	0.7101	0.7621	0.9135	0.8218	18	
PILOT-2019002001__G__gpt4o-mini__rep0.json	PILOT-2019002001	G	0	0.7461	0.7758	0.9422	0.8487	6	
PILOT-2019002001__G__gpt4o-mini__rep1.json	PILOT-2019002001	G	1	0.6887	0.7104	0.9588	0.7993	5	
PILOT-2019002001__G__gpt4o-mini__rep2.json	PILOT-2019002001	G	2	0.7649	0.7881	0.9542	0.8606	5	
PILOT-2019002001__G__gpt5.4__rep0.json	PILOT-2019002001	G	0	0.6217	0.7353	0.8025	0.756	10	
PILOT-2019002001__G__gpt5.4__rep1.json	PILOT-2019002001	G	1	0.6537	0.7204	0.8883	0.7771	6	
PILOT-2019002001__G__gpt5.4__rep2.json	PILOT-2019002001	G	2	0.7035	0.763	0.8808	0.8145	6	
PILOT-2019002001__G__haiku4.5__rep0.json	PILOT-2019002001	G	0	0.5049	0.745	0.6206	0.6649	18	
PILOT-2019002001__G__haiku4.5__rep1.json	PILOT-2019002001	G	1	0.5658	0.7614	0.6943	0.718	18	
PILOT-2019002001__G__haiku4.5__rep2.json	PILOT-2019002001	G	2	0.5889	0.7551	0.7309	0.7344	18	
PILOT-2019002001__G__sonnet4__rep0.json	PILOT-2019002001	G	0	0.7124	0.7621	0.9172	0.8237	18	
PILOT-2019002001__G__sonnet4__rep1.json	PILOT-2019002001	G	1	0.7255	0.7621	0.9368	0.8337	18	
PILOT-2019002001__G__sonnet4__rep2.json	PILOT-2019002001	G	2	0.737	0.7621	0.9551	0.8416	18	
PILOT-2019002439__F__gpt4o-mini__rep0.json	PILOT-2019002439	F	0	0.9875	0.994	0.9929	0.9934	24	
PILOT-2019002439__F__gpt4o-mini__rep1.json	PILOT-2019002439	F	1	0.8002	0.9724	0.8191	0.8869	4	
PILOT-2019002439__F__gpt4o-mini__rep2.json	PILOT-2019002439	F	2	0.9812	0.995	0.9853	0.9897	17	
PILOT-2019002439__F__gpt5.4__rep0.json	PILOT-2019002439	F	0	0.9507	0.9953	0.9536	0.9724	25	
PILOT-2019002439__F__gpt5.4__rep1.json	PILOT-2019002439	F	1	0.9448	0.9954	0.9476	0.9685	26	
PILOT-2019002439__F__gpt5.4__rep2.json	PILOT-2019002439	F	2	0.9339	0.9893	0.9403	0.962	25	
PILOT-2019002439__F__haiku4.5__rep0.json	PILOT-2019002439	F	0	0.8066	0.9755	0.8203	0.8883	25	
PILOT-2019002439__F__haiku4.5__rep1.json	PILOT-2019002439	F	1	0.9352	0.9975	0.9371	0.9634	28	
PILOT-2019002439__F__haiku4.5__rep2.json	PILOT-2019002439	F	2	0.9312	0.9764	0.9453	0.9584	26	
PILOT-2019002439__F__sonnet4__rep0.json	PILOT-2019002439	F	0	0.9737	0.9992	0.9743	0.9856	26	
PILOT-2019002439__F__sonnet4__rep1.json	PILOT-2019002439	F	1	0.9869	0.9992	0.9877	0.9932	26	
PILOT-2019002439__F__sonnet4__rep2.json	PILOT-2019002439	F	2	0.9787	0.9893	0.9872	0.9882	27	
PILOT-2019002439__G__gpt4o-mini__rep0.json	PILOT-2019002439	G	0	None				0	no_gen
PILOT-2019002439__G__gpt4o-mini__rep1.json	PILOT-2019002439	G	1	1.0	1.0	1.0	1.0	15	
PILOT-2019002439__G__gpt4o-mini__rep2.json	PILOT-2019002439	G	2	None				0	no_gen
PILOT-2019002439__G__gpt5.4__rep0.json	PILOT-2019002439	G	0	0.9416	0.9897	0.9469	0.966	26	
PILOT-2019002439__G__gpt5.4__rep1.json	PILOT-2019002439	G	1	0.9533	0.9963	0.9555	0.9738	26	
PILOT-2019002439__G__gpt5.4__rep2.json	PILOT-2019002439	G	2	0.9572	0.9913	0.9628	0.9761	25	
PILOT-2019002439__G__haiku4.5__rep0.json	PILOT-2019002439	G	0	0.8845	0.9679	0.9029	0.9277	25	
PILOT-2019002439__G__haiku4.5__rep1.json	PILOT-2019002439	G	1	0.97	0.9992	0.9707	0.9836	26	
PILOT-2019002439__G__haiku4.5__rep2.json	PILOT-2019002439	G	2	0.9465	0.9992	0.9473	0.9699	26	
PILOT-2019002439__G__sonnet4__rep0.json	PILOT-2019002439	G	0	0.9737	0.9992	0.9743	0.9856	26	
PILOT-2019002439__G__sonnet4__rep1.json	PILOT-2019002439	G	1	0.9723	0.9992	0.9729	0.9847	26	
PILOT-2019002439__G__sonnet4__rep2.json	PILOT-2019002439	G	2	0.9723	0.9992	0.9729	0.9847	26	
PILOT-2019003829__F__gpt4o-mini__rep0.json	PILOT-2019003829	F	0	0.6036	0.8333	0.6682	0.7395	7	
PILOT-2019003829__F__gpt4o-mini__rep1.json	PILOT-2019003829	F	1	0.5881	0.875	0.6075	0.6939	8	
PILOT-2019003829__F__gpt4o-mini__rep2.json	PILOT-2019003829	F	2	0.722	0.8591	0.7856	0.7895	11	
PILOT-2019003829__F__gpt5.4__rep0.json	PILOT-2019003829	F	0	0.7938	0.9615	0.8144	0.871	13	
PILOT-2019003829__F__gpt5.4__rep1.json	PILOT-2019003829	F	1	0.8188	0.9471	0.8581	0.8866	17	
PILOT-2019003829__F__gpt5.4__rep2.json	PILOT-2019003829	F	2	0.8148	1.0	0.8148	0.8718	3	
PILOT-2019003829__F__haiku4.5__rep0.json	PILOT-2019003829	F	0	0.6877	0.9353	0.723	0.7961	17	
PILOT-2019003829__F__haiku4.5__rep1.json	PILOT-2019003829	F	1	0.5248	0.9353	0.5561	0.6689	17	
PILOT-2019003829__F__haiku4.5__rep2.json	PILOT-2019003829	F	2	0.5377	0.933	0.5739	0.6759	15	
PILOT-2019003829__F__sonnet4__rep0.json	PILOT-2019003829	F	0	0.7835	0.9471	0.8228	0.8614	17	
PILOT-2019003829__F__sonnet4__rep1.json	PILOT-2019003829	F	1	0.7665	0.9471	0.8058	0.8523	17	
PILOT-2019003829__F__sonnet4__rep2.json	PILOT-2019003829	F	2	0.8662	0.9471	0.9055	0.9193	17	
PILOT-2019003829__G__gpt4o-mini__rep0.json	PILOT-2019003829	G	0	0.4791	0.7056	0.5421	0.6013	6	
PILOT-2019003829__G__gpt4o-mini__rep1.json	PILOT-2019003829	G	1	0.2639	0.5633	0.3668	0.4047	5	
PILOT-2019003829__G__gpt4o-mini__rep2.json	PILOT-2019003829	G	2	0.5775	0.8809	0.6136	0.7137	7	
PILOT-2019003829__G__gpt5.4__rep0.json	PILOT-2019003829	G	0	0.7639	0.9471	0.8007	0.8464	17	
PILOT-2019003829__G__gpt5.4__rep1.json	PILOT-2019003829	G	1	0.8188	0.9471	0.8581	0.8866	17	
PILOT-2019003829__G__gpt5.4__rep2.json	PILOT-2019003829	G	2	0.7639	0.9471	0.8007	0.8464	17	
PILOT-2019003829__G__haiku4.5__rep0.json	PILOT-2019003829	G	0	0.6522	0.9382	0.6957	0.7681	17	
PILOT-2019003829__G__haiku4.5__rep1.json	PILOT-2019003829	G	1	0.7041	0.9382	0.7476	0.8111	17	
PILOT-2019003829__G__haiku4.5__rep2.json	PILOT-2019003829	G	2	0.4022	0.9545	0.4132	0.5714	11	
PILOT-2019003829__G__sonnet4__rep0.json	PILOT-2019003829	G	0	0.7894	0.9471	0.8287	0.867	17	
PILOT-2019003829__G__sonnet4__rep1.json	PILOT-2019003829	G	1	0.7861	0.9471	0.8254	0.864	17	
PILOT-2019003829__G__sonnet4__rep2.json	PILOT-2019003829	G	2	0.8188	0.9471	0.8581	0.8866	17	
PILOT-2019005007__F__gpt4o-mini__rep0.json	PILOT-2019005007	F	0	0.5404	1.0	0.5404	0.6977	5	
PILOT-2019005007__F__gpt4o-mini__rep1.json	PILOT-2019005007	F	1	0.7318	0.9556	0.7608	0.8404	5	
PILOT-2019005007__F__gpt4o-mini__rep2.json	PILOT-2019005007	F	2	0.4717	1.0	0.4717	0.635	4	
PILOT-2019005007__F__gpt5.4__rep0.json	PILOT-2019005007	F	0	0.9658	1.0	0.9658	0.977	30	
PILOT-2019005007__F__gpt5.4__rep1.json	PILOT-2019005007	F	1	0.962	1.0	0.962	0.9744	27	
PILOT-2019005007__F__gpt5.4__rep2.json	PILOT-2019005007	F	2	0.9702	1.0	0.9702	0.981	28	
PILOT-2019005007__F__haiku4.5__rep0.json	PILOT-2019005007	F	0	0.8044	1.0	0.8044	0.8796	27	
PILOT-2019005007__F__haiku4.5__rep1.json	PILOT-2019005007	F	1	0.9374	1.0	0.9374	0.9598	20	
PILOT-2019005007__F__haiku4.5__rep2.json	PILOT-2019005007	F	2	0.931	1.0	0.931	0.9554	24	
PILOT-2019005007__F__sonnet4__rep0.json	PILOT-2019005007	F	0	0.9232	1.0	0.9232	0.9479	25	
PILOT-2019005007__F__sonnet4__rep1.json	PILOT-2019005007	F	1	0.9232	1.0	0.9232	0.9479	25	
PILOT-2019005007__F__sonnet4__rep2.json	PILOT-2019005007	F	2	0.9232	1.0	0.9232	0.9479	25	
PILOT-2019005007__G__gpt4o-mini__rep0.json	PILOT-2019005007	G	0	0.717	0.9833	0.7263	0.8327	4	
PILOT-2019005007__G__gpt4o-mini__rep1.json	PILOT-2019005007	G	1	0.604	1.0	0.604	0.7483	4	
PILOT-2019005007__G__gpt4o-mini__rep2.json	PILOT-2019005007	G	2	0.5606	0.9375	0.5642	0.6896	4	
PILOT-2019005007__G__gpt5.4__rep0.json	PILOT-2019005007	G	0	0.9218	1.0	0.9218	0.955	24	
PILOT-2019005007__G__gpt5.4__rep1.json	PILOT-2019005007	G	1	0.8833	1.0	0.8833	0.9259	20	
PILOT-2019005007__G__gpt5.4__rep2.json	PILOT-2019005007	G	2	0.9529	1.0	0.9529	0.9691	25	
PILOT-2019005007__G__haiku4.5__rep0.json	PILOT-2019005007	G	0	0.9437	1.0	0.9437	0.9665	21	
PILOT-2019005007__G__haiku4.5__rep1.json	PILOT-2019005007	G	1	0.7661	1.0	0.7661	0.8527	24	
PILOT-2019005007__G__haiku4.5__rep2.json	PILOT-2019005007	G	2	0.6631	1.0	0.6631	0.7934	24	
PILOT-2019005007__G__sonnet4__rep0.json	PILOT-2019005007	G	0	0.928	1.0	0.928	0.952	25	
PILOT-2019005007__G__sonnet4__rep1.json	PILOT-2019005007	G	1	0.9232	1.0	0.9232	0.9479	25	
PILOT-2019005007__G__sonnet4__rep2.json	PILOT-2019005007	G	2	0.9208	1.0	0.9208	0.9455	25	
PILOT-2019005292__F__gpt4o-mini__rep0.json	PILOT-2019005292	F	0	0.9919	0.995	0.9964	0.9957	20	
PILOT-2019005292__F__gpt4o-mini__rep1.json	PILOT-2019005292	F	1	0.9695	1.0	0.9695	0.9832	12	
PILOT-2019005292__F__gpt4o-mini__rep2.json	PILOT-2019005292	F	2	0.9855	0.9971	0.9877	0.9919	20	
PILOT-2019005292__F__gpt5.4__rep0.json	PILOT-2019005292	F	0	0.8487	1.0	0.8487	0.9041	20	
PILOT-2019005292__F__gpt5.4__rep1.json	PILOT-2019005292	F	1	0.9506	1.0	0.9506	0.9725	20	
PILOT-2019005292__F__gpt5.4__rep2.json	PILOT-2019005292	F	2	0.8781	0.9971	0.8796	0.9241	20	
PILOT-2019005292__F__haiku4.5__rep0.json	PILOT-2019005292	F	0	0.8317	1.0	0.8317	0.9081	3	
PILOT-2019005292__F__haiku4.5__rep1.json	PILOT-2019005292	F	1	0.8317	1.0	0.8317	0.9081	3	
PILOT-2019005292__F__haiku4.5__rep2.json	PILOT-2019005292	F	2	0.8519	0.9908	0.8554	0.9042	20	
PILOT-2019005292__F__sonnet4__rep0.json	PILOT-2019005292	F	0	0.9011	1.0	0.9011	0.9379	20	
PILOT-2019005292__F__sonnet4__rep1.json	PILOT-2019005292	F	1	0.9728	1.0	0.9728	0.985	20	
PILOT-2019005292__F__sonnet4__rep2.json	PILOT-2019005292	F	2	0.9728	1.0	0.9728	0.985	20	
PILOT-2019005292__G__gpt4o-mini__rep0.json	PILOT-2019005292	G	0	None				0	no_gen
PILOT-2019005292__G__gpt4o-mini__rep1.json	PILOT-2019005292	G	1	None				0	no_gen
PILOT-2019005292__G__gpt4o-mini__rep2.json	PILOT-2019005292	G	2	0.6567	1.0	0.6567	0.7826	4	
PILOT-2019005292__G__gpt5.4__rep0.json	PILOT-2019005292	G	0	0.9647	1.0	0.9647	0.98	20	
PILOT-2019005292__G__gpt5.4__rep1.json	PILOT-2019005292	G	1	0.9647	1.0	0.9647	0.98	20	
PILOT-2019005292__G__gpt5.4__rep2.json	PILOT-2019005292	G	2	0.9422	0.9971	0.9437	0.967	20	
PILOT-2019005292__G__haiku4.5__rep0.json	PILOT-2019005292	G	0	0.9487	0.995	0.9528	0.9708	20	
PILOT-2019005292__G__haiku4.5__rep1.json	PILOT-2019005292	G	1	0.9663	1.0	0.9663	0.9816	15	
PILOT-2019005292__G__haiku4.5__rep2.json	PILOT-2019005292	G	2	0.8933	1.0	0.8933	0.9329	18	
PILOT-2019005292__G__sonnet4__rep0.json	PILOT-2019005292	G	0	0.9304	1.0	0.9304	0.9617	20	
PILOT-2019005292__G__sonnet4__rep1.json	PILOT-2019005292	G	1	0.9728	1.0	0.9728	0.985	20	
PILOT-2019005292__G__sonnet4__rep2.json	PILOT-2019005292	G	2	0.9728	1.0	0.9728	0.985	20	
PILOT-2019005776__F__gpt4o-mini__rep0.json	PILOT-2019005776	F	0	0.963	0.9887	0.9743	0.98	20	
PILOT-2019005776__F__gpt4o-mini__rep1.json	PILOT-2019005776	F	1	0.9825	0.9887	0.9938	0.9908	20	
PILOT-2019005776__F__gpt4o-mini__rep2.json	PILOT-2019005776	F	2	0.8389	0.9083	0.9159	0.912	10	
PILOT-2019005776__F__gpt5.4__rep0.json	PILOT-2019005776	F	0	0.9739	0.984	0.988	0.9855	20	
PILOT-2019005776__F__gpt5.4__rep1.json	PILOT-2019005776	F	1	0.98	0.984	0.9952	0.9894	20	
PILOT-2019005776__F__gpt5.4__rep2.json	PILOT-2019005776	F	2	0.9783	0.984	0.9932	0.9884	20	
PILOT-2019005776__F__haiku4.5__rep0.json	PILOT-2019005776	F	0	0.9279	0.9691	0.9547	0.9607	20	
PILOT-2019005776__F__haiku4.5__rep1.json	PILOT-2019005776	F	1	0.9279	0.9691	0.9547	0.9607	20	
PILOT-2019005776__F__haiku4.5__rep2.json	PILOT-2019005776	F	2	0.9393	0.9691	0.9665	0.9674	20	
PILOT-2019005776__F__sonnet4__rep0.json	PILOT-2019005776	F	0	0.9863	0.9863	1.0	0.993	20	
PILOT-2019005776__F__sonnet4__rep1.json	PILOT-2019005776	F	1	0.947	0.947	1.0	0.9722	20	
PILOT-2019005776__F__sonnet4__rep2.json	PILOT-2019005776	F	2	0.9863	0.9863	1.0	0.993	20	
PILOT-2019005776__G__gpt4o-mini__rep0.json	PILOT-2019005776	G	0	0.9744	0.9887	0.9857	0.9867	20	
PILOT-2019005776__G__gpt4o-mini__rep1.json	PILOT-2019005776	G	1	0.9744	0.9887	0.9857	0.9867	20	
PILOT-2019005776__G__gpt4o-mini__rep2.json	PILOT-2019005776	G	2	0.9484	0.9917	0.9567	0.9725	10	
PILOT-2019005776__G__gpt5.4__rep0.json	PILOT-2019005776	G	0	0.9739	0.984	0.988	0.9855	20	
PILOT-2019005776__G__gpt5.4__rep1.json	PILOT-2019005776	G	1	0.8455	0.8967	0.9141	0.9026	20	
PILOT-2019005776__G__gpt5.4__rep2.json	PILOT-2019005776	G	2	0.9739	0.984	0.988	0.9855	20	
PILOT-2019005776__G__haiku4.5__rep0.json	PILOT-2019005776	G	0	0.9322	0.971	0.9585	0.9637	20	
PILOT-2019005776__G__haiku4.5__rep1.json	PILOT-2019005776	G	1	0.9251	0.966	0.9543	0.9591	20	
PILOT-2019005776__G__haiku4.5__rep2.json	PILOT-2019005776	G	2	0.9369	0.9723	0.9606	0.9654	20	
PILOT-2019005776__G__sonnet4__rep0.json	PILOT-2019005776	G	0	0.981	0.9887	0.9923	0.9902	20	
PILOT-2019005776__G__sonnet4__rep1.json	PILOT-2019005776	G	1	0.9863	0.9863	1.0	0.993	20	
PILOT-2019005776__G__sonnet4__rep2.json	PILOT-2019005776	G	2	0.9863	0.9863	1.0	0.993	20	
PILOT-2019006119__F__gpt4o-mini__rep0.json	PILOT-2019006119	F	0	None				0	no_gen
PILOT-2019006119__F__gpt4o-mini__rep1.json	PILOT-2019006119	F	1	None				0	no_gen
PILOT-2019006119__F__gpt4o-mini__rep2.json	PILOT-2019006119	F	2	None				0	no_gen
PILOT-2019006119__F__gpt5.4__rep0.json	PILOT-2019006119	F	0	0.6364	1.0	0.6364	0.7778	1	
PILOT-2019006119__F__gpt5.4__rep1.json	PILOT-2019006119	F	1	0.5	1.0	0.5	0.6667	1	
PILOT-2019006119__F__gpt5.4__rep2.json	PILOT-2019006119	F	2	0.5833	1.0	0.5833	0.7368	1	
PILOT-2019006119__F__haiku4.5__rep0.json	PILOT-2019006119	F	0	0.837	0.9532	0.8782	0.895	8	
PILOT-2019006119__F__haiku4.5__rep1.json	PILOT-2019006119	F	1	0.8822	0.9465	0.929	0.9342	7	
PILOT-2019006119__F__haiku4.5__rep2.json	PILOT-2019006119	F	2	0.8795	0.9465	0.926	0.9325	7	
PILOT-2019006119__F__sonnet4__rep0.json	PILOT-2019006119	F	0	0.814	0.921	0.8822	0.8864	8	
PILOT-2019006119__F__sonnet4__rep1.json	PILOT-2019006119	F	1	0.8043	0.921	0.8725	0.8768	8	
PILOT-2019006119__F__sonnet4__rep2.json	PILOT-2019006119	F	2	0.8456	0.9498	0.8884	0.9073	8	
PILOT-2019006119__G__gpt4o-mini__rep0.json	PILOT-2019006119	G	0	0.7	1.0	0.7	0.8235	1	
PILOT-2019006119__G__gpt4o-mini__rep1.json	PILOT-2019006119	G	1	0.3182	1.0	0.3182	0.4828	1	
PILOT-2019006119__G__gpt4o-mini__rep2.json	PILOT-2019006119	G	2	0.8211	0.9558	0.8618	0.8951	5	
PILOT-2019006119__G__gpt5.4__rep0.json	PILOT-2019006119	G	0	0.5833	1.0	0.5833	0.7368	1	
PILOT-2019006119__G__gpt5.4__rep1.json	PILOT-2019006119	G	1	0.5385	1.0	0.5385	0.7	1	
PILOT-2019006119__G__gpt5.4__rep2.json	PILOT-2019006119	G	2	0.5	1.0	0.5	0.6667	1	
PILOT-2019006119__G__haiku4.5__rep0.json	PILOT-2019006119	G	0	0.8291	0.9532	0.87	0.8928	8	
PILOT-2019006119__G__haiku4.5__rep1.json	PILOT-2019006119	G	1	0.8892	0.9465	0.9357	0.9386	7	
PILOT-2019006119__G__haiku4.5__rep2.json	PILOT-2019006119	G	2	0.8194	0.9532	0.8604	0.8886	8	
PILOT-2019006119__G__sonnet4__rep0.json	PILOT-2019006119	G	0	0.8258	0.9243	0.8917	0.8961	8	
PILOT-2019006119__G__sonnet4__rep1.json	PILOT-2019006119	G	1	0.8834	0.9532	0.9249	0.9346	8	
PILOT-2019006119__G__sonnet4__rep2.json	PILOT-2019006119	G	2	0.8735	0.9532	0.9139	0.9287	8	
PILOT-2020000122__F__gpt4o-mini__rep0.json	PILOT-2020000122	F	0	0.7381	0.8368	0.8532	0.8434	9	
PILOT-2020000122__F__gpt4o-mini__rep1.json	PILOT-2020000122	F	1	0.8787	0.8925	0.9794	0.9324	9	
PILOT-2020000122__F__gpt4o-mini__rep2.json	PILOT-2020000122	F	2	0.937	1.0	0.937	0.9668	3	
PILOT-2020000122__F__gpt5.4__rep0.json	PILOT-2020000122	F	0	0.8714	0.901	0.9655	0.929	15	
PILOT-2020000122__F__gpt5.4__rep1.json	PILOT-2020000122	F	1	0.8664	0.9013	0.962	0.9266	20	
PILOT-2020000122__F__gpt5.4__rep2.json	PILOT-2020000122	F	2	0.8766	0.9013	0.9722	0.9323	20	
PILOT-2020000122__F__haiku4.5__rep0.json	PILOT-2020000122	F	0	0.6158	0.8951	0.6605	0.751	20	
PILOT-2020000122__F__haiku4.5__rep1.json	PILOT-2020000122	F	1	0.7196	0.8784	0.8018	0.8341	20	
PILOT-2020000122__F__haiku4.5__rep2.json	PILOT-2020000122	F	2	0.6259	0.898	0.6668	0.7567	20	
PILOT-2020000122__F__sonnet4__rep0.json	PILOT-2020000122	F	0	0.8925	0.9027	0.9866	0.9415	19	
PILOT-2020000122__F__sonnet4__rep1.json	PILOT-2020000122	F	1	0.8591	0.9013	0.9498	0.9213	20	
PILOT-2020000122__F__sonnet4__rep2.json	PILOT-2020000122	F	2	0.8473	0.9013	0.9379	0.9143	20	
PILOT-2020000122__G__gpt4o-mini__rep0.json	PILOT-2020000122	G	0	0.7668	0.8894	0.8422	0.8624	8	
PILOT-2020000122__G__gpt4o-mini__rep1.json	PILOT-2020000122	G	1	0.6623	0.8855	0.7087	0.7829	7	
PILOT-2020000122__G__gpt4o-mini__rep2.json	PILOT-2020000122	G	2	0.8719	0.8951	0.97	0.9296	20	
PILOT-2020000122__G__gpt5.4__rep0.json	PILOT-2020000122	G	0	0.871	0.8951	0.9715	0.9291	20	
PILOT-2020000122__G__gpt5.4__rep1.json	PILOT-2020000122	G	1	0.8666	0.898	0.9642	0.9261	20	
PILOT-2020000122__G__gpt5.4__rep2.json	PILOT-2020000122	G	2	0.8396	0.8935	0.9363	0.9096	20	
PILOT-2020000122__G__haiku4.5__rep0.json	PILOT-2020000122	G	0	0.7827	0.8752	0.8781	0.8736	20	
PILOT-2020000122__G__haiku4.5__rep1.json	PILOT-2020000122	G	1	0.7319	0.9013	0.7999	0.8369	20	
PILOT-2020000122__G__haiku4.5__rep2.json	PILOT-2020000122	G	2	0.6869	0.9034	0.7449	0.8115	20	
PILOT-2020000122__G__sonnet4__rep0.json	PILOT-2020000122	G	0	0.8743	0.9013	0.9699	0.9314	20	
PILOT-2020000122__G__sonnet4__rep1.json	PILOT-2020000122	G	1	0.8839	0.9013	0.9795	0.9367	20	
PILOT-2020000122__G__sonnet4__rep2.json	PILOT-2020000122	G	2	0.8879	0.9013	0.9835	0.9387	20	
PILOT-2020000158__F__gpt4o-mini__rep0.json	PILOT-2020000158	F	0	0.9549	0.9785	0.9752	0.9744	20	
PILOT-2020000158__F__gpt4o-mini__rep1.json	PILOT-2020000158	F	1	0.9642	0.9785	0.9853	0.9803	20	
PILOT-2020000158__F__gpt4o-mini__rep2.json	PILOT-2020000158	F	2	0.7182	0.9785	0.7274	0.8316	20	
PILOT-2020000158__F__gpt5.4__rep0.json	PILOT-2020000158	F	0	0.9338	0.9685	0.9646	0.9643	20	
PILOT-2020000158__F__gpt5.4__rep1.json	PILOT-2020000158	F	1	0.9181	0.9785	0.937	0.9431	20	
PILOT-2020000158__F__gpt5.4__rep2.json	PILOT-2020000158	F	2	0.9424	0.9785	0.9625	0.9672	20	
PILOT-2020000158__F__haiku4.5__rep0.json	PILOT-2020000158	F	0	0.9047	0.9685	0.9312	0.9425	20	
PILOT-2020000158__F__haiku4.5__rep1.json	PILOT-2020000158	F	1	0.815	0.9785	0.8361	0.8824	20	
PILOT-2020000158__F__haiku4.5__rep2.json	PILOT-2020000158	F	2	0.8905	0.9685	0.9136	0.9339	20	
PILOT-2020000158__F__sonnet4__rep0.json	PILOT-2020000158	F	0	0.8805	0.9785	0.9004	0.929	20	
PILOT-2020000158__F__sonnet4__rep1.json	PILOT-2020000158	F	1	0.856	0.9685	0.8826	0.9131	20	
PILOT-2020000158__F__sonnet4__rep2.json	PILOT-2020000158	F	2	0.856	0.9685	0.8826	0.9131	20	
PILOT-2020000158__G__gpt4o-mini__rep0.json	PILOT-2020000158	G	0	0.9341	0.9685	0.9608	0.9616	20	
PILOT-2020000158__G__gpt4o-mini__rep1.json	PILOT-2020000158	G	1	0.9378	0.9685	0.965	0.964	20	
PILOT-2020000158__G__gpt4o-mini__rep2.json	PILOT-2020000158	G	2	0.7793	0.9688	0.8013	0.876	2	
PILOT-2020000158__G__gpt5.4__rep0.json	PILOT-2020000158	G	0	0.9549	0.9785	0.9752	0.9744	20	
PILOT-2020000158__G__gpt5.4__rep1.json	PILOT-2020000158	G	1	0.9629	0.9785	0.984	0.98	20	
PILOT-2020000158__G__gpt5.4__rep2.json	PILOT-2020000158	G	2	0.9081	0.9685	0.937	0.9379	20	
PILOT-2020000158__G__haiku4.5__rep0.json	PILOT-2020000158	G	0	0.9404	0.9685	0.9681	0.9652	20	
PILOT-2020000158__G__haiku4.5__rep1.json	PILOT-2020000158	G	1	0.8791	0.9645	0.9119	0.9275	20	
PILOT-2020000158__G__haiku4.5__rep2.json	PILOT-2020000158	G	2	0.8456	0.9785	0.8667	0.9042	20	
PILOT-2020000158__G__sonnet4__rep0.json	PILOT-2020000158	G	0	0.9596	0.9785	0.9801	0.9775	20	
PILOT-2020000158__G__sonnet4__rep1.json	PILOT-2020000158	G	1	0.9423	0.9785	0.962	0.9654	20	
PILOT-2020000158__G__sonnet4__rep2.json	PILOT-2020000158	G	2	0.9491	0.9785	0.969	0.9704	20	
PILOT-2020000362__F__gpt4o-mini__rep0.json	PILOT-2020000362	F	0	None				0	no_gen
PILOT-2020000362__F__gpt4o-mini__rep1.json	PILOT-2020000362	F	1	None				0	no_gen
PILOT-2020000362__F__gpt4o-mini__rep2.json	PILOT-2020000362	F	2	None				0	no_gen
PILOT-2020000362__F__gpt5.4__rep0.json	PILOT-2020000362	F	0	0.8727	0.9018	0.9691	0.9303	15	
PILOT-2020000362__F__gpt5.4__rep1.json	PILOT-2020000362	F	1	0.8666	0.9001	0.9643	0.9265	13	
PILOT-2020000362__F__gpt5.4__rep2.json	PILOT-2020000362	F	2	0.8641	0.9018	0.9605	0.9249	15	
PILOT-2020000362__F__haiku4.5__rep0.json	PILOT-2020000362	F	0	0.7035	0.9018	0.7826	0.8176	15	
PILOT-2020000362__F__haiku4.5__rep1.json	PILOT-2020000362	F	1	0.7207	0.9018	0.8001	0.8311	15	
PILOT-2020000362__F__haiku4.5__rep2.json	PILOT-2020000362	F	2	0.752	0.8953	0.8398	0.8463	15	
PILOT-2020000362__F__sonnet4__rep0.json	PILOT-2020000362	F	0	0.8868	0.9018	0.9832	0.9382	15	
PILOT-2020000362__F__sonnet4__rep1.json	PILOT-2020000362	F	1	0.8683	0.9018	0.9647	0.9276	15	
PILOT-2020000362__F__sonnet4__rep2.json	PILOT-2020000362	F	2	0.8794	0.9018	0.9757	0.9341	15	
PILOT-2020000362__G__gpt4o-mini__rep0.json	PILOT-2020000362	G	0	0.9259	0.9583	0.9583	0.9583	3	
PILOT-2020000362__G__gpt4o-mini__rep1.json	PILOT-2020000362	G	1	0.8889	0.9375	0.9375	0.9375	2	
PILOT-2020000362__G__gpt4o-mini__rep2.json	PILOT-2020000362	G	2	None				0	no_gen
PILOT-2020000362__G__gpt5.4__rep0.json	PILOT-2020000362	G	0	0.8868	0.9018	0.9832	0.9382	15	
PILOT-2020000362__G__gpt5.4__rep1.json	PILOT-2020000362	G	1	0.8668	0.9018	0.9632	0.9266	15	
PILOT-2020000362__G__gpt5.4__rep2.json	PILOT-2020000362	G	2	0.8727	0.9018	0.9691	0.9303	15	
PILOT-2020000362__G__haiku4.5__rep0.json	PILOT-2020000362	G	0	0.6834	0.9018	0.7599	0.8042	15	
PILOT-2020000362__G__haiku4.5__rep1.json	PILOT-2020000362	G	1	0.6949	0.9018	0.7691	0.8152	15	
PILOT-2020000362__G__haiku4.5__rep2.json	PILOT-2020000362	G	2	0.7039	0.9018	0.7843	0.8182	15	
PILOT-2020000362__G__sonnet4__rep0.json	PILOT-2020000362	G	0	0.8868	0.9018	0.9832	0.9382	15	
PILOT-2020000362__G__sonnet4__rep1.json	PILOT-2020000362	G	1	0.8453	0.8654	0.9546	0.9044	15	
PILOT-2020000362__G__sonnet4__rep2.json	PILOT-2020000362	G	2	0.8727	0.9018	0.9691	0.9303	15	
PILOT-2020000402__F__gpt4o-mini__rep0.json	PILOT-2020000402	F	0	0.8101	0.9386	0.8463	0.8879	9	
PILOT-2020000402__F__gpt4o-mini__rep1.json	PILOT-2020000402	F	1	0.8867	0.9666	0.9052	0.9311	9	
PILOT-2020000402__F__gpt4o-mini__rep2.json	PILOT-2020000402	F	2	0.9323	0.9913	0.9398	0.9634	9	
PILOT-2020000402__F__gpt5.4__rep0.json	PILOT-2020000402	F	0	0.961	0.9944	0.966	0.9796	9	
PILOT-2020000402__F__gpt5.4__rep1.json	PILOT-2020000402	F	1	0.9552	0.9944	0.9602	0.9766	9	
PILOT-2020000402__F__gpt5.4__rep2.json	PILOT-2020000402	F	2	0.9497	0.9944	0.9547	0.9736	9	
PILOT-2020000402__F__haiku4.5__rep0.json	PILOT-2020000402	F	0	0.9472	0.9952	0.9506	0.9713	6	
PILOT-2020000402__F__haiku4.5__rep1.json	PILOT-2020000402	F	1	0.9472	0.9952	0.9506	0.9713	6	
PILOT-2020000402__F__haiku4.5__rep2.json	PILOT-2020000402	F	2	0.9366	0.9943	0.9407	0.9656	5	
PILOT-2020000402__F__sonnet4__rep0.json	PILOT-2020000402	F	0	0.9595	0.9968	0.9618	0.9782	9	
PILOT-2020000402__F__sonnet4__rep1.json	PILOT-2020000402	F	1	0.9595	0.9968	0.9618	0.9782	9	
PILOT-2020000402__F__sonnet4__rep2.json	PILOT-2020000402	F	2	0.9638	0.9913	0.9713	0.9808	9	
PILOT-2020000402__G__gpt4o-mini__rep0.json	PILOT-2020000402	G	0	0.9534	0.9913	0.9609	0.9754	9	
PILOT-2020000402__G__gpt4o-mini__rep1.json	PILOT-2020000402	G	1	0.9371	0.9968	0.9399	0.9671	9	
PILOT-2020000402__G__gpt4o-mini__rep2.json	PILOT-2020000402	G	2	0.9409	0.9744	0.9593	0.9664	9	
PILOT-2020000402__G__gpt5.4__rep0.json	PILOT-2020000402	G	0	0.757	0.824	0.9318	0.8192	9	
PILOT-2020000402__G__gpt5.4__rep1.json	PILOT-2020000402	G	1	0.9787	0.9944	0.9832	0.9887	9	
PILOT-2020000402__G__gpt5.4__rep2.json	PILOT-2020000402	G	2	0.9271	1.0	0.9271	0.9602	9	
PILOT-2020000402__G__haiku4.5__rep0.json	PILOT-2020000402	G	0	0.9472	0.9952	0.9506	0.9713	6	
PILOT-2020000402__G__haiku4.5__rep1.json	PILOT-2020000402	G	1	0.9542	0.9913	0.9615	0.9753	9	
PILOT-2020000402__G__haiku4.5__rep2.json	PILOT-2020000402	G	2	0.9472	0.9952	0.9506	0.9713	6	
PILOT-2020000402__G__sonnet4__rep0.json	PILOT-2020000402	G	0	0.9742	0.9968	0.9769	0.9865	9	
PILOT-2020000402__G__sonnet4__rep1.json	PILOT-2020000402	G	1	0.9797	0.9968	0.9825	0.9895	9	
PILOT-2020000402__G__sonnet4__rep2.json	PILOT-2020000402	G	2	0.9795	0.9968	0.9822	0.9893	9	
PILOT-2020000676__F__gpt4o-mini__rep0.json	PILOT-2020000676	F	0	0.9322	0.937	0.9952	0.9647	20	
PILOT-2020000676__F__gpt4o-mini__rep1.json	PILOT-2020000676	F	1	0.814	0.9435	0.8481	0.8906	6	
PILOT-2020000676__F__gpt4o-mini__rep2.json	PILOT-2020000676	F	2	0.9333	1.0	0.9333	0.9655	2	
PILOT-2020000676__F__gpt5.4__rep0.json	PILOT-2020000676	F	0	0.9198	0.937	0.9827	0.9581	20	
PILOT-2020000676__F__gpt5.4__rep1.json	PILOT-2020000676	F	1	0.9198	0.937	0.9827	0.9581	20	
PILOT-2020000676__F__gpt5.4__rep2.json	PILOT-2020000676	F	2	0.9205	0.9408	0.9797	0.9584	17	
PILOT-2020000676__F__haiku4.5__rep0.json	PILOT-2020000676	F	0	0.8763	0.937	0.934	0.9327	20	
PILOT-2020000676__F__haiku4.5__rep1.json	PILOT-2020000676	F	1	0.8576	0.937	0.9149	0.9179	20	
PILOT-2020000676__F__haiku4.5__rep2.json	PILOT-2020000676	F	2	0.9161	0.937	0.979	0.9559	20	
PILOT-2020000676__F__sonnet4__rep0.json	PILOT-2020000676	F	0	0.9161	0.937	0.979	0.9559	20	
PILOT-2020000676__F__sonnet4__rep1.json	PILOT-2020000676	F	1	0.9161	0.9364	0.9797	0.9561	17	
PILOT-2020000676__F__sonnet4__rep2.json	PILOT-2020000676	F	2	0.9126	0.937	0.9755	0.9539	20	
PILOT-2020000676__G__gpt4o-mini__rep0.json	PILOT-2020000676	G	0	0.9281	0.937	0.9896	0.9622	20	
PILOT-2020000676__G__gpt4o-mini__rep1.json	PILOT-2020000676	G	1	0.8887	0.937	0.947	0.9403	20	
PILOT-2020000676__G__gpt4o-mini__rep2.json	PILOT-2020000676	G	2	0.8763	0.937	0.9325	0.9321	20	
PILOT-2020000676__G__gpt5.4__rep0.json	PILOT-2020000676	G	0	0.9198	0.937	0.9827	0.9581	20	
PILOT-2020000676__G__gpt5.4__rep1.json	PILOT-2020000676	G	1	0.9198	0.937	0.9827	0.9581	20	
PILOT-2020000676__G__gpt5.4__rep2.json	PILOT-2020000676	G	2	0.9198	0.937	0.9827	0.9581	20	
PILOT-2020000676__G__haiku4.5__rep0.json	PILOT-2020000676	G	0	0.8987	0.937	0.9587	0.9456	20	
PILOT-2020000676__G__haiku4.5__rep1.json	PILOT-2020000676	G	1	0.878	0.937	0.9357	0.9305	20	
PILOT-2020000676__G__haiku4.5__rep2.json	PILOT-2020000676	G	2	0.7939	1.0	0.7939	0.8849	3	
PILOT-2020000676__G__sonnet4__rep0.json	PILOT-2020000676	G	0	0.9198	0.937	0.9827	0.9581	20	
PILOT-2020000676__G__sonnet4__rep1.json	PILOT-2020000676	G	1	0.9198	0.937	0.9827	0.9581	20	
PILOT-2020000676__G__sonnet4__rep2.json	PILOT-2020000676	G	2	0.7787	0.7959	0.8327	0.8126	20	
PILOT-2020001769__F__gpt4o-mini__rep0.json	PILOT-2020001769	F	0	0.7583	0.9914	0.7664	0.859	4	
PILOT-2020001769__F__gpt4o-mini__rep1.json	PILOT-2020001769	F	1	0.6508	1.0	0.6508	0.7702	4	
PILOT-2020001769__F__gpt4o-mini__rep2.json	PILOT-2020001769	F	2	1.0	1.0	1.0	1.0	4	
PILOT-2020001769__F__gpt5.4__rep0.json	PILOT-2020001769	F	0	0.8096	0.9154	0.8942	0.8608	21	
PILOT-2020001769__F__gpt5.4__rep1.json	PILOT-2020001769	F	1	0.9004	0.9154	0.966	0.9291	21	
PILOT-2020001769__F__gpt5.4__rep2.json	PILOT-2020001769	F	2	0.8916	0.9094	0.9811	0.9299	20	
PILOT-2020001769__F__haiku4.5__rep0.json	PILOT-2020001769	F	0	0.4487	1.0	0.4487	0.599	5	
PILOT-2020001769__F__haiku4.5__rep1.json	PILOT-2020001769	F	1	0.097	0.2381	0.097	0.1326	21	
PILOT-2020001769__F__haiku4.5__rep2.json	PILOT-2020001769	F	2	0.8157	0.8201	0.9003	0.8473	21	
PILOT-2020001769__F__sonnet4__rep0.json	PILOT-2020001769	F	0	0.9154	0.9154	1.0	0.9449	21	
PILOT-2020001769__F__sonnet4__rep1.json	PILOT-2020001769	F	1	None				0	no_gen
PILOT-2020001769__F__sonnet4__rep2.json	PILOT-2020001769	F	2	0.9154	0.9154	1.0	0.9449	21	
PILOT-2020001769__G__gpt4o-mini__rep0.json	PILOT-2020001769	G	0	0.8568	0.9154	0.9241	0.9039	21	
PILOT-2020001769__G__gpt4o-mini__rep1.json	PILOT-2020001769	G	1	0.6651	1.0	0.6651	0.7842	4	
PILOT-2020001769__G__gpt4o-mini__rep2.json	PILOT-2020001769	G	2	0.8979	1.0	0.8979	0.9457	4	
PILOT-2020001769__G__gpt5.4__rep0.json	PILOT-2020001769	G	0	0.9095	0.9111	0.9983	0.9413	20	
PILOT-2020001769__G__gpt5.4__rep1.json	PILOT-2020001769	G	1	0.8793	0.8815	0.9978	0.9217	15	
PILOT-2020001769__G__gpt5.4__rep2.json	PILOT-2020001769	G	2	0.9214	0.9304	0.991	0.9496	19	
PILOT-2020001769__G__haiku4.5__rep0.json	PILOT-2020001769	G	0	0.7745	0.8969	0.8295	0.8386	19	
PILOT-2020001769__G__haiku4.5__rep1.json	PILOT-2020001769	G	1	0.7201	0.9223	0.7617	0.8013	13	
PILOT-2020001769__G__haiku4.5__rep2.json	PILOT-2020001769	G	2	0.917	0.9265	0.9905	0.9468	18	
PILOT-2020001769__G__sonnet4__rep0.json	PILOT-2020001769	G	0	0.9109	0.9154	0.9955	0.9425	21	
PILOT-2020001769__G__sonnet4__rep1.json	PILOT-2020001769	G	1	0.9096	0.9154	0.9942	0.9418	21	
PILOT-2020001769__G__sonnet4__rep2.json	PILOT-2020001769	G	2	0.9108	0.9137	0.9968	0.9424	21	
PILOT-2020002332__F__gpt4o-mini__rep0.json	PILOT-2020002332	F	0	None				0	no_gen
PILOT-2020002332__F__gpt4o-mini__rep1.json	PILOT-2020002332	F	1	0.9226	0.9816	0.9351	0.9543	25	
PILOT-2020002332__F__gpt4o-mini__rep2.json	PILOT-2020002332	F	2	0.7475	0.9643	0.7648	0.8472	7	
PILOT-2020002332__F__gpt5.4__rep0.json	PILOT-2020002332	F	0	0.8819	0.9722	0.8997	0.9295	13	
PILOT-2020002332__F__gpt5.4__rep1.json	PILOT-2020002332	F	1	0.8884	0.9816	0.9017	0.9335	25	
PILOT-2020002332__F__gpt5.4__rep2.json	PILOT-2020002332	F	2	0.8934	0.9816	0.9067	0.9371	25	
PILOT-2020002332__F__haiku4.5__rep0.json	PILOT-2020002332	F	0	0.8917	0.9808	0.9045	0.9362	24	
PILOT-2020002332__F__haiku4.5__rep1.json	PILOT-2020002332	F	1	0.7785	0.965	0.8006	0.8685	10	
PILOT-2020002332__F__haiku4.5__rep2.json	PILOT-2020002332	F	2	0.8856	0.9816	0.8989	0.9318	25	
PILOT-2020002332__F__sonnet4__rep0.json	PILOT-2020002332	F	0	0.7833	0.9816	0.7931	0.8627	25	
PILOT-2020002332__F__sonnet4__rep1.json	PILOT-2020002332	F	1	0.8519	0.9816	0.8634	0.9127	25	
PILOT-2020002332__F__sonnet4__rep2.json	PILOT-2020002332	F	2	0.9043	0.9816	0.9169	0.9439	25	
PILOT-2020002332__G__gpt4o-mini__rep0.json	PILOT-2020002332	G	0	None				0	no_gen
PILOT-2020002332__G__gpt4o-mini__rep1.json	PILOT-2020002332	G	1	0.8599	0.9907	0.8692	0.9227	12	
PILOT-2020002332__G__gpt4o-mini__rep2.json	PILOT-2020002332	G	2	0.8193	0.9527	0.8549	0.8954	25	
PILOT-2020002332__G__gpt5.4__rep0.json	PILOT-2020002332	G	0	0.8857	0.9688	0.9118	0.9394	1	
PILOT-2020002332__G__gpt5.4__rep1.json	PILOT-2020002332	G	1	0.8689	0.9816	0.8821	0.9211	25	
PILOT-2020002332__G__gpt5.4__rep2.json	PILOT-2020002332	G	2	0.8871	0.9816	0.9004	0.9329	25	
PILOT-2020002332__G__haiku4.5__rep0.json	PILOT-2020002332	G	0	0.8794	0.9759	0.8971	0.9277	24	
PILOT-2020002332__G__haiku4.5__rep1.json	PILOT-2020002332	G	1	0.8975	0.9759	0.9151	0.9386	24	
PILOT-2020002332__G__haiku4.5__rep2.json	PILOT-2020002332	G	2	0.8868	0.9768	0.9037	0.9328	25	
PILOT-2020002332__G__sonnet4__rep0.json	PILOT-2020002332	G	0	0.9016	0.9816	0.9149	0.9422	25	
PILOT-2020002332__G__sonnet4__rep1.json	PILOT-2020002332	G	1	0.9118	0.9816	0.9251	0.948	25	
PILOT-2020002332__G__sonnet4__rep2.json	PILOT-2020002332	G	2	0.9118	0.9816	0.9251	0.948	25	
PILOT-2020002369__F__gpt4o-mini__rep0.json	PILOT-2020002369	F	0	0.9836	0.9953	0.9872	0.9911	20	
PILOT-2020002369__F__gpt4o-mini__rep1.json	PILOT-2020002369	F	1	0.8361	0.9532	0.8718	0.9107	2	
PILOT-2020002369__F__gpt4o-mini__rep2.json	PILOT-2020002369	F	2	0.8361	0.9532	0.8718	0.9107	2	
PILOT-2020002369__F__gpt5.4__rep0.json	PILOT-2020002369	F	0	0.9482	0.9953	0.9506	0.9686	20	
PILOT-2020002369__F__gpt5.4__rep1.json	PILOT-2020002369	F	1	0.9482	0.9953	0.9506	0.9686	20	
PILOT-2020002369__F__gpt5.4__rep2.json	PILOT-2020002369	F	2	0.9489	0.9865	0.9559	0.9691	20	
PILOT-2020002369__F__haiku4.5__rep0.json	PILOT-2020002369	F	0	0.9911	0.9953	0.9953	0.9953	20	
PILOT-2020002369__F__haiku4.5__rep1.json	PILOT-2020002369	F	1	0.9877	1.0	0.9877	0.9934	20	
PILOT-2020002369__F__haiku4.5__rep2.json	PILOT-2020002369	F	2	0.9777	1.0	0.9777	0.9879	20	
PILOT-2020002369__F__sonnet4__rep0.json	PILOT-2020002369	F	0	0.9772	0.9953	0.9811	0.9876	20	
PILOT-2020002369__F__sonnet4__rep1.json	PILOT-2020002369	F	1	0.9647	0.9953	0.9686	0.9805	20	
PILOT-2020002369__F__sonnet4__rep2.json	PILOT-2020002369	F	2	0.9563	0.9745	0.9811	0.9744	20	
PILOT-2020002369__G__gpt4o-mini__rep0.json	PILOT-2020002369	G	0	0.8361	0.9532	0.8718	0.9107	2	
PILOT-2020002369__G__gpt4o-mini__rep1.json	PILOT-2020002369	G	1	0.9836	0.9953	0.9872	0.9911	20	
PILOT-2020002369__G__gpt4o-mini__rep2.json	PILOT-2020002369	G	2	0.8718	0.9532	0.9107	0.9315	2	
PILOT-2020002369__G__gpt5.4__rep0.json	PILOT-2020002369	G	0	0.9421	0.9953	0.9443	0.9638	20	
PILOT-2020002369__G__gpt5.4__rep1.json	PILOT-2020002369	G	1	0.951	0.9953	0.9534	0.9706	20	
PILOT-2020002369__G__gpt5.4__rep2.json	PILOT-2020002369	G	2	0.9522	0.9953	0.9547	0.9714	20	
PILOT-2020002369__G__haiku4.5__rep0.json	PILOT-2020002369	G	0	0.9836	0.9953	0.9872	0.9911	20	
PILOT-2020002369__G__haiku4.5__rep1.json	PILOT-2020002369	G	1	0.9745	0.9953	0.9773	0.9853	20	
PILOT-2020002369__G__haiku4.5__rep2.json	PILOT-2020002369	G	2	0.9795	0.9942	0.984	0.9888	16	
PILOT-2020002369__G__sonnet4__rep0.json	PILOT-2020002369	G	0	0.9772	0.9953	0.9811	0.9876	20	
PILOT-2020002369__G__sonnet4__rep1.json	PILOT-2020002369	G	1	0.9836	0.9953	0.9872	0.9911	20	
PILOT-2020002369__G__sonnet4__rep2.json	PILOT-2020002369	G	2	0.9836	0.9953	0.9872	0.9911	20	
PILOT-2020002555__F__gpt4o-mini__rep0.json	PILOT-2020002555	F	0	0.7438	0.8935	0.8153	0.8424	7	
PILOT-2020002555__F__gpt4o-mini__rep1.json	PILOT-2020002555	F	1	0.8266	0.8517	0.9345	0.8881	19	
PILOT-2020002555__F__gpt4o-mini__rep2.json	PILOT-2020002555	F	2	0.8553	0.8918	0.9561	0.9197	20	
PILOT-2020002555__F__gpt5.4__rep0.json	PILOT-2020002555	F	0	0.8721	0.8918	0.9793	0.9299	20	
PILOT-2020002555__F__gpt5.4__rep1.json	PILOT-2020002555	F	1	0.7812	0.821	0.893	0.852	20	
PILOT-2020002555__F__gpt5.4__rep2.json	PILOT-2020002555	F	2	0.8749	0.8918	0.9823	0.9317	20	
PILOT-2020002555__F__haiku4.5__rep0.json	PILOT-2020002555	F	0	0.8334	0.8918	0.9344	0.9057	20	
PILOT-2020002555__F__haiku4.5__rep1.json	PILOT-2020002555	F	1	0.8613	0.8918	0.966	0.9232	20	
PILOT-2020002555__F__haiku4.5__rep2.json	PILOT-2020002555	F	2	0.8039	0.8918	0.9004	0.8869	20	
PILOT-2020002555__F__sonnet4__rep0.json	PILOT-2020002555	F	0	0.873	0.8918	0.9802	0.9305	20	
PILOT-2020002555__F__sonnet4__rep1.json	PILOT-2020002555	F	1	0.873	0.8918	0.9802	0.9305	20	
PILOT-2020002555__F__sonnet4__rep2.json	PILOT-2020002555	F	2	0.873	0.8918	0.9802	0.9305	20	
PILOT-2020002555__G__gpt4o-mini__rep0.json	PILOT-2020002555	G	0	0.677	0.827	0.773	0.7951	8	
PILOT-2020002555__G__gpt4o-mini__rep1.json	PILOT-2020002555	G	1	0.2236	0.3563	0.2605	0.2863	10	
PILOT-2020002555__G__gpt4o-mini__rep2.json	PILOT-2020002555	G	2	0.889	0.8918	0.997	0.9397	20	
PILOT-2020002555__G__gpt5.4__rep0.json	PILOT-2020002555	G	0	0.8749	0.8918	0.9823	0.9317	20	
PILOT-2020002555__G__gpt5.4__rep1.json	PILOT-2020002555	G	1	0.8838	0.8918	0.9915	0.9369	20	
PILOT-2020002555__G__gpt5.4__rep2.json	PILOT-2020002555	G	2	0.8749	0.8918	0.9823	0.9317	20	
PILOT-2020002555__G__haiku4.5__rep0.json	PILOT-2020002555	G	0	0.773	0.8935	0.8577	0.8642	18	
PILOT-2020002555__G__haiku4.5__rep1.json	PILOT-2020002555	G	1	0.8631	0.8918	0.9699	0.9239	20	
PILOT-2020002555__G__haiku4.5__rep2.json	PILOT-2020002555	G	2	0.7344	0.8918	0.8153	0.8413	20	
PILOT-2020002555__G__sonnet4__rep0.json	PILOT-2020002555	G	0	0.7998	0.8264	0.9116	0.8639	20	
PILOT-2020002555__G__sonnet4__rep1.json	PILOT-2020002555	G	1	0.7998	0.8264	0.9116	0.8639	20	
PILOT-2020002555__G__sonnet4__rep2.json	PILOT-2020002555	G	2	0.8686	0.8884	0.9792	0.9279	18	
PILOT-2020002688__F__gpt4o-mini__rep0.json	PILOT-2020002688	F	0	0.5478	0.8506	0.603	0.6826	8	
PILOT-2020002688__F__gpt4o-mini__rep1.json	PILOT-2020002688	F	1	0.6048	0.8875	0.6911	0.735	8	
PILOT-2020002688__F__gpt4o-mini__rep2.json	PILOT-2020002688	F	2	0.7842	0.9613	0.8125	0.8746	8	
PILOT-2020002688__F__gpt5.4__rep0.json	PILOT-2020002688	F	0	0.8803	1.0	0.8803	0.9318	9	
PILOT-2020002688__F__gpt5.4__rep1.json	PILOT-2020002688	F	1	0.886	1.0	0.886	0.9349	9	
PILOT-2020002688__F__gpt5.4__rep2.json	PILOT-2020002688	F	2	0.9471	1.0	0.9471	0.9704	9	
PILOT-2020002688__F__haiku4.5__rep0.json	PILOT-2020002688	F	0	0.6896	0.9807	0.7001	0.7896	8	
PILOT-2020002688__F__haiku4.5__rep1.json	PILOT-2020002688	F	1	0.5156	0.8765	0.5301	0.6325	8	
PILOT-2020002688__F__haiku4.5__rep2.json	PILOT-2020002688	F	2	0.6266	0.9693	0.6427	0.7573	8	
PILOT-2020002688__F__sonnet4__rep0.json	PILOT-2020002688	F	0	0.7374	0.9921	0.7409	0.8154	9	
PILOT-2020002688__F__sonnet4__rep1.json	PILOT-2020002688	F	1	0.7383	0.9921	0.7421	0.8378	9	
PILOT-2020002688__F__sonnet4__rep2.json	PILOT-2020002688	F	2	0.7313	0.9921	0.7351	0.8304	9	
PILOT-2020002688__G__gpt4o-mini__rep0.json	PILOT-2020002688	G	0	0.7001	0.9732	0.7181	0.808	8	
PILOT-2020002688__G__gpt4o-mini__rep1.json	PILOT-2020002688	G	1	None				0	no_gen
PILOT-2020002688__G__gpt4o-mini__rep2.json	PILOT-2020002688	G	2	0.6647	0.9536	0.6921	0.79	8	
PILOT-2020002688__G__gpt5.4__rep0.json	PILOT-2020002688	G	0	0.9604	1.0	0.9604	0.9779	24	
PILOT-2020002688__G__gpt5.4__rep1.json	PILOT-2020002688	G	1	0.7838	1.0	0.7838	0.8641	9	
PILOT-2020002688__G__gpt5.4__rep2.json	PILOT-2020002688	G	2	0.9028	1.0	0.9028	0.9455	9	
PILOT-2020002688__G__haiku4.5__rep0.json	PILOT-2020002688	G	0	0.6728	0.9857	0.6817	0.787	8	
PILOT-2020002688__G__haiku4.5__rep1.json	PILOT-2020002688	G	1	0.6701	0.955	0.6961	0.7903	9	
PILOT-2020002688__G__haiku4.5__rep2.json	PILOT-2020002688	G	2	0.6777	1.0	0.6777	0.7836	8	
PILOT-2020002688__G__sonnet4__rep0.json	PILOT-2020002688	G	0	0.7095	0.9921	0.7129	0.7908	9	
PILOT-2020002688__G__sonnet4__rep1.json	PILOT-2020002688	G	1	0.694	0.9854	0.7033	0.781	9	
PILOT-2020002688__G__sonnet4__rep2.json	PILOT-2020002688	G	2	0.8564	0.9921	0.8599	0.9164	9	
PILOT-2020002729__F__gpt4o-mini__rep0.json	PILOT-2020002729	F	0	0.7848	0.9864	0.7961	0.8544	10	
PILOT-2020002729__F__gpt4o-mini__rep1.json	PILOT-2020002729	F	1	0.7892	0.9766	0.809	0.8726	10	
PILOT-2020002729__F__gpt4o-mini__rep2.json	PILOT-2020002729	F	2	0.6882	0.9715	0.7087	0.7874	10	
PILOT-2020002729__F__gpt5.4__rep0.json	PILOT-2020002729	F	0	0.7526	0.9917	0.7601	0.8384	11	
PILOT-2020002729__F__gpt5.4__rep1.json	PILOT-2020002729	F	1	0.6812	0.9917	0.6887	0.768	11	
PILOT-2020002729__F__gpt5.4__rep2.json	PILOT-2020002729	F	2	0.7616	0.9917	0.7691	0.8469	11	
PILOT-2020002729__F__haiku4.5__rep0.json	PILOT-2020002729	F	0	0.6537	0.9707	0.6706	0.7699	12	
PILOT-2020002729__F__haiku4.5__rep1.json	PILOT-2020002729	F	1	0.7011	0.993	0.7069	0.7978	13	
PILOT-2020002729__F__haiku4.5__rep2.json	PILOT-2020002729	F	2	0.6482	0.9924	0.6524	0.7585	12	
PILOT-2020002729__F__sonnet4__rep0.json	PILOT-2020002729	F	0	0.8837	0.9966	0.8865	0.9241	27	
PILOT-2020002729__F__sonnet4__rep1.json	PILOT-2020002729	F	1	0.8522	0.9966	0.8547	0.9005	27	
PILOT-2020002729__F__sonnet4__rep2.json	PILOT-2020002729	F	2	0.8819	0.9966	0.8845	0.9278	27	
PILOT-2020002729__G__gpt4o-mini__rep0.json	PILOT-2020002729	G	0	None				0	no_gen
PILOT-2020002729__G__gpt4o-mini__rep1.json	PILOT-2020002729	G	1	0.7124	0.9909	0.7188	0.795	10	
PILOT-2020002729__G__gpt4o-mini__rep2.json	PILOT-2020002729	G	2	None				0	no_gen
PILOT-2020002729__G__gpt5.4__rep0.json	PILOT-2020002729	G	0	0.6362	0.9917	0.6416	0.7183	11	
PILOT-2020002729__G__gpt5.4__rep1.json	PILOT-2020002729	G	1	0.6406	0.9917	0.6481	0.7229	11	
PILOT-2020002729__G__gpt5.4__rep2.json	PILOT-2020002729	G	2	0.6269	0.9917	0.6344	0.7128	11	
PILOT-2020002729__G__haiku4.5__rep0.json	PILOT-2020002729	G	0	0.627	0.9924	0.6312	0.7481	12	
PILOT-2020002729__G__haiku4.5__rep1.json	PILOT-2020002729	G	1	0.6413	0.9924	0.6466	0.7569	12	
PILOT-2020002729__G__haiku4.5__rep2.json	PILOT-2020002729	G	2	0.6584	0.9924	0.6633	0.7622	12	
PILOT-2020002729__G__sonnet4__rep0.json	PILOT-2020002729	G	0	0.864	0.9966	0.8666	0.9048	27	
PILOT-2020002729__G__sonnet4__rep1.json	PILOT-2020002729	G	1	0.8919	0.9966	0.8945	0.9261	27	
PILOT-2020002729__G__sonnet4__rep2.json	PILOT-2020002729	G	2	0.8875	0.9966	0.8899	0.9237	27	
PILOT-2020003998__F__gpt4o-mini__rep0.json	PILOT-2020003998	F	0	None	None	None	None	0	no_aligned_claims
PILOT-2020003998__F__gpt4o-mini__rep1.json	PILOT-2020003998	F	1	None	None	None	None	0	no_aligned_claims
PILOT-2020003998__F__gpt4o-mini__rep2.json	PILOT-2020003998	F	2	None	None	None	None	0	no_aligned_claims
PILOT-2020003998__F__gpt5.4__rep0.json	PILOT-2020003998	F	0	None	None	None	None	0	no_aligned_claims
PILOT-2020003998__F__gpt5.4__rep1.json	PILOT-2020003998	F	1	None	None	None	None	0	no_aligned_claims
PILOT-2020003998__F__gpt5.4__rep2.json	PILOT-2020003998	F	2	None	None	None	None	0	no_aligned_claims
PILOT-2020003998__F__haiku4.5__rep0.json	PILOT-2020003998	F	0	None	None	None	None	0	no_aligned_claims
PILOT-2020003998__F__haiku4.5__rep1.json	PILOT-2020003998	F	1	None	None	None	None	0	no_aligned_claims
PILOT-2020003998__F__haiku4.5__rep2.json	PILOT-2020003998	F	2	None	None	None	None	0	no_aligned_claims
PILOT-2020003998__F__sonnet4__rep0.json	PILOT-2020003998	F	0	None	None	None	None	0	no_aligned_claims
PILOT-2020003998__F__sonnet4__rep1.json	PILOT-2020003998	F	1	None	None	None	None	0	no_aligned_claims
PILOT-2020003998__F__sonnet4__rep2.json	PILOT-2020003998	F	2	None	None	None	None	0	no_aligned_claims
PILOT-2020003998__G__gpt4o-mini__rep0.json	PILOT-2020003998	G	0	None	None	None	None	0	no_aligned_claims
PILOT-2020003998__G__gpt4o-mini__rep1.json	PILOT-2020003998	G	1	None	None	None	None	0	no_aligned_claims
PILOT-2020003998__G__gpt4o-mini__rep2.json	PILOT-2020003998	G	2	None	None	None	None	0	no_aligned_claims
PILOT-2020003998__G__gpt5.4__rep0.json	PILOT-2020003998	G	0	None	None	None	None	0	no_aligned_claims
PILOT-2020003998__G__gpt5.4__rep1.json	PILOT-2020003998	G	1	None	None	None	None	0	no_aligned_claims
PILOT-2020003998__G__gpt5.4__rep2.json	PILOT-2020003998	G	2	None	None	None	None	0	no_aligned_claims
PILOT-2020003998__G__haiku4.5__rep0.json	PILOT-2020003998	G	0	None	None	None	None	0	no_aligned_claims
PILOT-2020003998__G__haiku4.5__rep1.json	PILOT-2020003998	G	1	None	None	None	None	0	no_aligned_claims
PILOT-2020003998__G__haiku4.5__rep2.json	PILOT-2020003998	G	2	None	None	None	None	0	no_aligned_claims
PILOT-2020003998__G__sonnet4__rep0.json	PILOT-2020003998	G	0	None	None	None	None	0	no_aligned_claims
PILOT-2020003998__G__sonnet4__rep1.json	PILOT-2020003998	G	1	None	None	None	None	0	no_aligned_claims
PILOT-2020003998__G__sonnet4__rep2.json	PILOT-2020003998	G	2	0.0286	0.0667	0.0476	0.0556	1	
PILOT-2020004768__F__gpt4o-mini__rep0.json	PILOT-2020004768	F	0	0.6666	0.85	0.7267	0.7808	5	
PILOT-2020004768__F__gpt4o-mini__rep1.json	PILOT-2020004768	F	1	None				0	no_gen
PILOT-2020004768__F__gpt4o-mini__rep2.json	PILOT-2020004768	F	2	None				0	no_gen
PILOT-2020004768__F__gpt5.4__rep0.json	PILOT-2020004768	F	0	0.6986	0.7323	0.9278	0.805	19	
PILOT-2020004768__F__gpt5.4__rep1.json	PILOT-2020004768	F	1	0.7048	0.7389	0.9344	0.8113	19	
PILOT-2020004768__F__gpt5.4__rep2.json	PILOT-2020004768	F	2	0.7267	0.7608	0.9492	0.8298	19	
PILOT-2020004768__F__haiku4.5__rep0.json	PILOT-2020004768	F	0	0.8241	0.9445	0.8796	0.8976	3	
PILOT-2020004768__F__haiku4.5__rep1.json	PILOT-2020004768	F	1	0.737	0.7857	0.9275	0.8346	14	
PILOT-2020004768__F__haiku4.5__rep2.json	PILOT-2020004768	F	2	0.7193	0.7698	0.9199	0.8216	15	
PILOT-2020004768__F__sonnet4__rep0.json	PILOT-2020004768	F	0	0.7162	0.7603	0.9268	0.8221	20	
PILOT-2020004768__F__sonnet4__rep1.json	PILOT-2020004768	F	1	0.7299	0.7899	0.9194	0.8324	20	
PILOT-2020004768__F__sonnet4__rep2.json	PILOT-2020004768	F	2	0.7318	0.7652	0.9439	0.8325	19	
PILOT-2020004768__G__gpt4o-mini__rep0.json	PILOT-2020004768	G	0	0.8556	0.875	0.975	0.9176	5	
PILOT-2020004768__G__gpt4o-mini__rep1.json	PILOT-2020004768	G	1	None				0	no_gen
PILOT-2020004768__G__gpt4o-mini__rep2.json	PILOT-2020004768	G	2	0.794	0.875	0.875	0.875	5	
PILOT-2020004768__G__gpt5.4__rep0.json	PILOT-2020004768	G	0	0.7007	0.7323	0.9299	0.8065	19	
PILOT-2020004768__G__gpt5.4__rep1.json	PILOT-2020004768	G	1	0.7369	0.7608	0.9619	0.8364	19	
PILOT-2020004768__G__gpt5.4__rep2.json	PILOT-2020004768	G	2	0.6996	0.7323	0.9288	0.8057	19	
PILOT-2020004768__G__haiku4.5__rep0.json	PILOT-2020004768	G	0	0.5984	0.7217	0.76	0.7003	5	
PILOT-2020004768__G__haiku4.5__rep1.json	PILOT-2020004768	G	1	0.5984	0.7217	0.76	0.7003	5	
PILOT-2020004768__G__haiku4.5__rep2.json	PILOT-2020004768	G	2	0.6323	0.7881	0.7902	0.7554	7	
PILOT-2020004768__G__sonnet4__rep0.json	PILOT-2020004768	G	0	0.7094	0.7603	0.9264	0.8173	20	
PILOT-2020004768__G__sonnet4__rep1.json	PILOT-2020004768	G	1	0.7127	0.7478	0.9346	0.818	20	
PILOT-2020004768__G__sonnet4__rep2.json	PILOT-2020004768	G	2	0.7127	0.7478	0.9346	0.818	20	
PILOT-2020006264__F__gpt4o-mini__rep0.json	PILOT-2020006264	F	0	0.9375	0.9714	0.9645	0.9676	2	
PILOT-2020006264__F__gpt4o-mini__rep1.json	PILOT-2020006264	F	1	0.9375	0.9714	0.9645	0.9676	2	
PILOT-2020006264__F__gpt4o-mini__rep2.json	PILOT-2020006264	F	2	0.906	0.9714	0.9315	0.9506	2	
PILOT-2020006264__F__gpt5.4__rep0.json	PILOT-2020006264	F	0	0.7803	0.8429	0.9168	0.8722	16	
PILOT-2020006264__F__gpt5.4__rep1.json	PILOT-2020006264	F	1	0.8145	0.8433	0.968	0.897	20	
PILOT-2020006264__F__gpt5.4__rep2.json	PILOT-2020006264	F	2	0.8225	0.8479	0.973	0.9018	20	
PILOT-2020006264__F__haiku4.5__rep0.json	PILOT-2020006264	F	0	0.8324	0.8479	0.9822	0.9069	20	
PILOT-2020006264__F__haiku4.5__rep1.json	PILOT-2020006264	F	1	0.8445	0.8479	0.9964	0.9145	20	
PILOT-2020006264__F__haiku4.5__rep2.json	PILOT-2020006264	F	2	0.8445	0.8479	0.9964	0.9145	20	
PILOT-2020006264__F__sonnet4__rep0.json	PILOT-2020006264	F	0	0.8445	0.8479	0.9964	0.9145	20	
PILOT-2020006264__F__sonnet4__rep1.json	PILOT-2020006264	F	1	0.8356	0.8479	0.9872	0.9096	20	
PILOT-2020006264__F__sonnet4__rep2.json	PILOT-2020006264	F	2	0.8445	0.8479	0.9964	0.9145	20	
PILOT-2020006264__G__gpt4o-mini__rep0.json	PILOT-2020006264	G	0	0.9375	0.9714	0.9645	0.9676	2	
PILOT-2020006264__G__gpt4o-mini__rep1.json	PILOT-2020006264	G	1	0.9375	0.9714	0.9645	0.9676	2	
PILOT-2020006264__G__gpt4o-mini__rep2.json	PILOT-2020006264	G	2	0.9375	0.9714	0.9645	0.9676	2	
PILOT-2020006264__G__gpt5.4__rep0.json	PILOT-2020006264	G	0	0.8247	0.8479	0.9754	0.9032	20	
PILOT-2020006264__G__gpt5.4__rep1.json	PILOT-2020006264	G	1	0.8055	0.8433	0.9585	0.8912	20	
PILOT-2020006264__G__gpt5.4__rep2.json	PILOT-2020006264	G	2	0.8193	0.8479	0.9697	0.8998	20	
PILOT-2020006264__G__haiku4.5__rep0.json	PILOT-2020006264	G	0	0.5176	0.8479	0.5824	0.6628	20	
PILOT-2020006264__G__haiku4.5__rep1.json	PILOT-2020006264	G	1	0.516	0.8479	0.5827	0.6656	20	
PILOT-2020006264__G__haiku4.5__rep2.json	PILOT-2020006264	G	2	0.6804	0.7811	0.8495	0.7994	20	
PILOT-2020006264__G__sonnet4__rep0.json	PILOT-2020006264	G	0	0.8331	0.8479	0.9845	0.908	20	
PILOT-2020006264__G__sonnet4__rep1.json	PILOT-2020006264	G	1	0.8331	0.8479	0.9845	0.908	20	
PILOT-2020006264__G__sonnet4__rep2.json	PILOT-2020006264	G	2	0.8331	0.8479	0.9845	0.908	20	
PILOT-2020006435__F__gpt4o-mini__rep0.json	PILOT-2020006435	F	0	0.8145	0.9164	0.8772	0.8922	8	
PILOT-2020006435__F__gpt4o-mini__rep1.json	PILOT-2020006435	F	1	0.8476	0.8909	0.9444	0.903	29	
PILOT-2020006435__F__gpt4o-mini__rep2.json	PILOT-2020006435	F	2	0.86	0.8734	0.9722	0.9092	25	
PILOT-2020006435__F__gpt5.4__rep0.json	PILOT-2020006435	F	0	0.8689	0.8985	0.962	0.9164	29	
PILOT-2020006435__F__gpt5.4__rep1.json	PILOT-2020006435	F	1	0.8561	0.8985	0.9493	0.9086	29	
PILOT-2020006435__F__gpt5.4__rep2.json	PILOT-2020006435	F	2	0.8404	0.8909	0.9372	0.8977	29	
PILOT-2020006435__F__haiku4.5__rep0.json	PILOT-2020006435	F	0	0.6421	0.8985	0.7143	0.7473	29	
PILOT-2020006435__F__haiku4.5__rep1.json	PILOT-2020006435	F	1	0.6206	0.8909	0.6858	0.7299	29	
PILOT-2020006435__F__haiku4.5__rep2.json	PILOT-2020006435	F	2	0.8344	0.8946	0.9226	0.8914	29	
PILOT-2020006435__F__sonnet4__rep0.json	PILOT-2020006435	F	0	0.8718	0.8985	0.965	0.919	29	
PILOT-2020006435__F__sonnet4__rep1.json	PILOT-2020006435	F	1	0.8718	0.8985	0.965	0.919	29	
PILOT-2020006435__F__sonnet4__rep2.json	PILOT-2020006435	F	2	0.8718	0.8985	0.965	0.919	29	
PILOT-2020006435__G__gpt4o-mini__rep0.json	PILOT-2020006435	G	0	0.7166	0.8344	0.8579	0.8197	9	
PILOT-2020006435__G__gpt4o-mini__rep1.json	PILOT-2020006435	G	1	0.8958	0.9167	0.9792	0.9416	3	
PILOT-2020006435__G__gpt4o-mini__rep2.json	PILOT-2020006435	G	2	0.8847	0.8985	0.9778	0.9263	29	
PILOT-2020006435__G__gpt5.4__rep0.json	PILOT-2020006435	G	0	0.8289	0.8985	0.9203	0.8863	29	
PILOT-2020006435__G__gpt5.4__rep1.json	PILOT-2020006435	G	1	0.8536	0.8985	0.945	0.9067	29	
PILOT-2020006435__G__gpt5.4__rep2.json	PILOT-2020006435	G	2	0.8517	0.8985	0.9449	0.9054	29	
PILOT-2020006435__G__haiku4.5__rep0.json	PILOT-2020006435	G	0	0.8316	0.8985	0.9233	0.8905	29	
PILOT-2020006435__G__haiku4.5__rep1.json	PILOT-2020006435	G	1	0.7743	0.8985	0.8674	0.8409	29	
PILOT-2020006435__G__haiku4.5__rep2.json	PILOT-2020006435	G	2	0.8166	0.8985	0.8968	0.8819	29	
PILOT-2020006435__G__sonnet4__rep0.json	PILOT-2020006435	G	0	0.8718	0.8985	0.965	0.919	29	
PILOT-2020006435__G__sonnet4__rep1.json	PILOT-2020006435	G	1	0.8811	0.8985	0.9742	0.9243	29	
PILOT-2020006435__G__sonnet4__rep2.json	PILOT-2020006435	G	2	0.8811	0.8985	0.9742	0.9243	29	
PILOT-2021000834__F__gpt4o-mini__rep0.json	PILOT-2021000834	F	0	0.6438	0.9815	0.6494	0.7758	6	
PILOT-2021000834__F__gpt4o-mini__rep1.json	PILOT-2021000834	F	1	None				0	no_gen
PILOT-2021000834__F__gpt4o-mini__rep2.json	PILOT-2021000834	F	2	0.86	0.9329	0.9144	0.9231	6	
PILOT-2021000834__F__gpt5.4__rep0.json	PILOT-2021000834	F	0	0.897	0.9424	0.9436	0.9413	20	
PILOT-2021000834__F__gpt5.4__rep1.json	PILOT-2021000834	F	1	0.9002	0.9424	0.9471	0.9436	20	
PILOT-2021000834__F__gpt5.4__rep2.json	PILOT-2021000834	F	2	0.8902	0.9378	0.9408	0.9379	20	
PILOT-2021000834__F__haiku4.5__rep0.json	PILOT-2021000834	F	0	0.8768	0.9378	0.9279	0.9299	20	
PILOT-2021000834__F__haiku4.5__rep1.json	PILOT-2021000834	F	1	0.8819	0.9378	0.9337	0.933	20	
PILOT-2021000834__F__haiku4.5__rep2.json	PILOT-2021000834	F	2	0.9006	0.9378	0.9524	0.9445	20	
PILOT-2021000834__F__sonnet4__rep0.json	PILOT-2021000834	F	0	0.9258	0.9705	0.9473	0.9572	20	
PILOT-2021000834__F__sonnet4__rep1.json	PILOT-2021000834	F	1	0.8204	0.946	0.8573	0.8881	20	
PILOT-2021000834__F__sonnet4__rep2.json	PILOT-2021000834	F	2	0.8879	0.9424	0.9337	0.9358	20	
PILOT-2021000834__G__gpt4o-mini__rep0.json	PILOT-2021000834	G	0	0.8195	0.9329	0.8739	0.9005	6	
PILOT-2021000834__G__gpt4o-mini__rep1.json	PILOT-2021000834	G	1	0.8614	0.9329	0.9204	0.9241	6	
PILOT-2021000834__G__gpt4o-mini__rep2.json	PILOT-2021000834	G	2	0.7713	0.9329	0.8121	0.8555	6	
PILOT-2021000834__G__gpt5.4__rep0.json	PILOT-2021000834	G	0	0.9792	0.9945	0.9828	0.9878	20	
PILOT-2021000834__G__gpt5.4__rep1.json	PILOT-2021000834	G	1	0.9792	0.9945	0.9828	0.9878	20	
PILOT-2021000834__G__gpt5.4__rep2.json	PILOT-2021000834	G	2	0.88	0.9425	0.927	0.9317	7	
PILOT-2021000834__G__haiku4.5__rep0.json	PILOT-2021000834	G	0	0.9489	0.9873	0.9587	0.9706	20	
PILOT-2021000834__G__haiku4.5__rep1.json	PILOT-2021000834	G	1	0.9586	0.984	0.9704	0.9767	20	
PILOT-2021000834__G__haiku4.5__rep2.json	PILOT-2021000834	G	2	0.8891	0.9873	0.8989	0.9326	20	
PILOT-2021000834__G__sonnet4__rep0.json	PILOT-2021000834	G	0	0.9596	0.9873	0.9694	0.9774	20	
PILOT-2021000834__G__sonnet4__rep1.json	PILOT-2021000834	G	1	0.932	0.9873	0.9418	0.9615	20	
PILOT-2021000834__G__sonnet4__rep2.json	PILOT-2021000834	G	2	0.9141	0.9873	0.9219	0.951	20	
PILOT-2021001124__F__gpt4o-mini__rep0.json	PILOT-2021001124	F	0	None				0	no_gen
PILOT-2021001124__F__gpt4o-mini__rep1.json	PILOT-2021001124	F	1	None				0	no_gen
PILOT-2021001124__F__gpt4o-mini__rep2.json	PILOT-2021001124	F	2	None				0	no_gen
PILOT-2021001124__F__gpt5.4__rep0.json	PILOT-2021001124	F	0	0.7581	1.0	0.7581	0.8465	15	
PILOT-2021001124__F__gpt5.4__rep1.json	PILOT-2021001124	F	1	0.9457	1.0	0.9457	0.9701	15	
PILOT-2021001124__F__gpt5.4__rep2.json	PILOT-2021001124	F	2	0.8921	1.0	0.8921	0.9395	15	
PILOT-2021001124__F__haiku4.5__rep0.json	PILOT-2021001124	F	0	0.6006	1.0	0.6006	0.7395	11	
PILOT-2021001124__F__haiku4.5__rep1.json	PILOT-2021001124	F	1	0.6214	1.0	0.6214	0.7537	11	
PILOT-2021001124__F__haiku4.5__rep2.json	PILOT-2021001124	F	2	0.5417	1.0	0.5417	0.6888	11	
PILOT-2021001124__F__sonnet4__rep0.json	PILOT-2021001124	F	0	0.8819	1.0	0.8819	0.9352	15	
PILOT-2021001124__F__sonnet4__rep1.json	PILOT-2021001124	F	1	0.7773	1.0	0.7773	0.8572	15	
PILOT-2021001124__F__sonnet4__rep2.json	PILOT-2021001124	F	2	0.7732	1.0	0.7732	0.8555	15	
PILOT-2021001124__G__gpt4o-mini__rep0.json	PILOT-2021001124	G	0	None				0	no_gen
PILOT-2021001124__G__gpt4o-mini__rep1.json	PILOT-2021001124	G	1	0.8447	0.9643	0.8708	0.9108	8	
PILOT-2021001124__G__gpt4o-mini__rep2.json	PILOT-2021001124	G	2	0.767	1.0	0.767	0.8644	7	
PILOT-2021001124__G__gpt5.4__rep0.json	PILOT-2021001124	G	0	0.8572	1.0	0.8572	0.9168	15	
PILOT-2021001124__G__gpt5.4__rep1.json	PILOT-2021001124	G	1	0.9315	1.0	0.9315	0.9614	15	
PILOT-2021001124__G__gpt5.4__rep2.json	PILOT-2021001124	G	2	0.9242	1.0	0.9242	0.9565	15	
PILOT-2021001124__G__haiku4.5__rep0.json	PILOT-2021001124	G	0	0.5966	1.0	0.5966	0.7459	11	
PILOT-2021001124__G__haiku4.5__rep1.json	PILOT-2021001124	G	1	0.6372	1.0	0.6372	0.7727	11	
PILOT-2021001124__G__haiku4.5__rep2.json	PILOT-2021001124	G	2	0.7064	1.0	0.7064	0.8168	11	
PILOT-2021001124__G__sonnet4__rep0.json	PILOT-2021001124	G	0	0.7917	1.0	0.7917	0.8651	15	
PILOT-2021001124__G__sonnet4__rep1.json	PILOT-2021001124	G	1	0.7706	1.0	0.7706	0.8555	15	
PILOT-2021001124__G__sonnet4__rep2.json	PILOT-2021001124	G	2	0.8125	1.0	0.8125	0.8904	15	
PILOT-2021002328__F__gpt4o-mini__rep0.json	PILOT-2021002328	F	0	None				0	no_gen
PILOT-2021002328__F__gpt4o-mini__rep1.json	PILOT-2021002328	F	1	None				0	no_gen
PILOT-2021002328__F__gpt4o-mini__rep2.json	PILOT-2021002328	F	2	None				0	no_gen
PILOT-2021002328__F__gpt5.4__rep0.json	PILOT-2021002328	F	0	0.8709	0.9491	0.9206	0.9228	14	
PILOT-2021002328__F__gpt5.4__rep1.json	PILOT-2021002328	F	1	0.8948	0.9463	0.9474	0.9383	14	
PILOT-2021002328__F__gpt5.4__rep2.json	PILOT-2021002328	F	2	0.8718	0.9188	0.9427	0.9238	14	
PILOT-2021002328__F__haiku4.5__rep0.json	PILOT-2021002328	F	0	0.9061	0.9371	0.9647	0.944	40	
PILOT-2021002328__F__haiku4.5__rep1.json	PILOT-2021002328	F	1	0.897	0.9363	0.9565	0.9381	40	
PILOT-2021002328__F__haiku4.5__rep2.json	PILOT-2021002328	F	2	0.9057	0.9392	0.9608	0.9428	40	
PILOT-2021002328__F__sonnet4__rep0.json	PILOT-2021002328	F	0	0.9148	0.9514	0.9629	0.9503	14	
PILOT-2021002328__F__sonnet4__rep1.json	PILOT-2021002328	F	1	0.8838	0.9495	0.9335	0.9298	14	
PILOT-2021002328__F__sonnet4__rep2.json	PILOT-2021002328	F	2	0.8983	0.9514	0.9463	0.9398	14	
PILOT-2021002328__G__gpt4o-mini__rep0.json	PILOT-2021002328	G	0	None				0	no_gen
PILOT-2021002328__G__gpt4o-mini__rep1.json	PILOT-2021002328	G	1	None				0	no_gen
PILOT-2021002328__G__gpt4o-mini__rep2.json	PILOT-2021002328	G	2	None				0	no_gen
PILOT-2021002328__G__gpt5.4__rep0.json	PILOT-2021002328	G	0	0.8084	0.9537	0.848	0.885	14	
PILOT-2021002328__G__gpt5.4__rep1.json	PILOT-2021002328	G	1	0.8701	0.9169	0.9373	0.9207	14	
PILOT-2021002328__G__gpt5.4__rep2.json	PILOT-2021002328	G	2	0.795	0.9188	0.8483	0.8666	14	
PILOT-2021002328__G__haiku4.5__rep0.json	PILOT-2021002328	G	0	0.7572	0.9411	0.8014	0.8554	11	
PILOT-2021002328__G__haiku4.5__rep1.json	PILOT-2021002328	G	1	0.773	0.9411	0.8205	0.8664	11	
PILOT-2021002328__G__haiku4.5__rep2.json	PILOT-2021002328	G	2	0.7711	0.9411	0.8153	0.8646	11	
PILOT-2021002328__G__sonnet4__rep0.json	PILOT-2021002328	G	0	0.9258	0.9537	0.9721	0.9553	14	
PILOT-2021002328__G__sonnet4__rep1.json	PILOT-2021002328	G	1	0.9131	0.9537	0.9594	0.9459	14	
PILOT-2021002328__G__sonnet4__rep2.json	PILOT-2021002328	G	2	0.7864	0.9514	0.8216	0.8641	14	
PILOT-2021003980__F__gpt4o-mini__rep0.json	PILOT-2021003980	F	0	0.8167	0.9896	0.8232	0.8967	6	
PILOT-2021003980__F__gpt4o-mini__rep1.json	PILOT-2021003980	F	1	0.7893	0.9932	0.796	0.8673	4	
PILOT-2021003980__F__gpt4o-mini__rep2.json	PILOT-2021003980	F	2	0.8912	0.9356	0.9083	0.9167	12	
PILOT-2021003980__F__gpt5.4__rep0.json	PILOT-2021003980	F	0	0.9426	1.0	0.9426	0.9664	20	
PILOT-2021003980__F__gpt5.4__rep1.json	PILOT-2021003980	F	1	0.9831	1.0	0.9831	0.9911	20	
PILOT-2021003980__F__gpt5.4__rep2.json	PILOT-2021003980	F	2	0.9321	1.0	0.9321	0.958	20	
PILOT-2021003980__F__haiku4.5__rep0.json	PILOT-2021003980	F	0	0.5719	0.9983	0.5727	0.7232	16	
PILOT-2021003980__F__haiku4.5__rep1.json	PILOT-2021003980	F	1	0.7717	0.9932	0.7757	0.8637	4	
PILOT-2021003980__F__haiku4.5__rep2.json	PILOT-2021003980	F	2	0.8689	0.9986	0.8697	0.9146	20	
PILOT-2021003980__F__sonnet4__rep0.json	PILOT-2021003980	F	0	0.9596	0.9986	0.9603	0.9762	20	
PILOT-2021003980__F__sonnet4__rep1.json	PILOT-2021003980	F	1	0.9606	1.0	0.9606	0.9769	20	
PILOT-2021003980__F__sonnet4__rep2.json	PILOT-2021003980	F	2	0.9606	1.0	0.9606	0.9769	20	
PILOT-2021003980__G__gpt4o-mini__rep0.json	PILOT-2021003980	G	0	0.8748	1.0	0.8748	0.9316	3	
PILOT-2021003980__G__gpt4o-mini__rep1.json	PILOT-2021003980	G	1	None				0	no_gen
PILOT-2021003980__G__gpt4o-mini__rep2.json	PILOT-2021003980	G	2	0.8835	1.0	0.8835	0.9375	4	
PILOT-2021003980__G__gpt5.4__rep0.json	PILOT-2021003980	G	0	0.9682	1.0	0.9682	0.9826	16	
PILOT-2021003980__G__gpt5.4__rep1.json	PILOT-2021003980	G	1	0.9407	1.0	0.9407	0.9644	16	
PILOT-2021003980__G__gpt5.4__rep2.json	PILOT-2021003980	G	2	0.9607	1.0	0.9607	0.9774	20	
PILOT-2021003980__G__haiku4.5__rep0.json	PILOT-2021003980	G	0	0.7331	0.9986	0.7337	0.8325	20	
PILOT-2021003980__G__haiku4.5__rep1.json	PILOT-2021003980	G	1	0.7223	0.9955	0.7247	0.8225	20	
PILOT-2021003980__G__haiku4.5__rep2.json	PILOT-2021003980	G	2	0.7073	0.9986	0.7081	0.8157	20	
PILOT-2021003980__G__sonnet4__rep0.json	PILOT-2021003980	G	0	0.9606	1.0	0.9606	0.9769	20	
PILOT-2021003980__G__sonnet4__rep1.json	PILOT-2021003980	G	1	0.9652	1.0	0.9652	0.9802	20	
PILOT-2021003980__G__sonnet4__rep2.json	PILOT-2021003980	G	2	0.9606	1.0	0.9606	0.9769	20	
PILOT-2022000316__F__gpt4o-mini__rep0.json	PILOT-2022000316	F	0	0.1607	0.1607	0.25	0.1956	4	
PILOT-2022000316__F__gpt4o-mini__rep1.json	PILOT-2022000316	F	1	0.6829	0.8224	0.7685	0.7927	5	
PILOT-2022000316__F__gpt4o-mini__rep2.json	PILOT-2022000316	F	2	0.771	0.8191	0.9519	0.8685	4	
PILOT-2022000316__F__gpt5.4__rep0.json	PILOT-2022000316	F	0	0.9059	0.9461	0.9276	0.9334	25	
PILOT-2022000316__F__gpt5.4__rep1.json	PILOT-2022000316	F	1	0.906	0.9443	0.9296	0.9338	25	
PILOT-2022000316__F__gpt5.4__rep2.json	PILOT-2022000316	F	2	0.899	0.9461	0.9162	0.9274	25	
PILOT-2022000316__F__haiku4.5__rep0.json	PILOT-2022000316	F	0	0.7289	0.9107	0.7358	0.7979	4	
PILOT-2022000316__F__haiku4.5__rep1.json	PILOT-2022000316	F	1	0.7239	0.8374	0.8143	0.8232	7	
PILOT-2022000316__F__haiku4.5__rep2.json	PILOT-2022000316	F	2	0.861	0.9472	0.8723	0.897	25	
PILOT-2022000316__F__sonnet4__rep0.json	PILOT-2022000316	F	0	0.9199	0.949	0.9489	0.9475	25	
PILOT-2022000316__F__sonnet4__rep1.json	PILOT-2022000316	F	1	0.9089	0.949	0.9308	0.9364	25	
PILOT-2022000316__F__sonnet4__rep2.json	PILOT-2022000316	F	2	0.9035	0.9461	0.9218	0.9303	25	
PILOT-2022000316__G__gpt4o-mini__rep0.json	PILOT-2022000316	G	0	0.6544	1.0	0.6544	0.786	3	
PILOT-2022000316__G__gpt4o-mini__rep1.json	PILOT-2022000316	G	1	0.7502	0.8619	0.8475	0.8545	3	
PILOT-2022000316__G__gpt4o-mini__rep2.json	PILOT-2022000316	G	2	0.5994	0.7397	0.7253	0.7323	3	
PILOT-2022000316__G__gpt5.4__rep0.json	PILOT-2022000316	G	0	0.9203	0.949	0.9528	0.9497	25	
PILOT-2022000316__G__gpt5.4__rep1.json	PILOT-2022000316	G	1	0.8905	0.9416	0.9205	0.9277	25	
PILOT-2022000316__G__gpt5.4__rep2.json	PILOT-2022000316	G	2	0.9026	0.9472	0.9334	0.9379	25	
PILOT-2022000316__G__haiku4.5__rep0.json	PILOT-2022000316	G	0	0.6734	0.8374	0.7313	0.7698	7	
PILOT-2022000316__G__haiku4.5__rep1.json	PILOT-2022000316	G	1	0.6734	0.8374	0.7313	0.7698	7	
PILOT-2022000316__G__haiku4.5__rep2.json	PILOT-2022000316	G	2	0.6734	0.8374	0.7313	0.7698	7	
PILOT-2022000316__G__sonnet4__rep0.json	PILOT-2022000316	G	0	0.9091	0.9472	0.9325	0.9361	25	
PILOT-2022000316__G__sonnet4__rep1.json	PILOT-2022000316	G	1	0.9262	0.9472	0.9628	0.9533	25	
PILOT-2022000316__G__sonnet4__rep2.json	PILOT-2022000316	G	2	0.9083	0.9443	0.9319	0.935	25	
PILOT-2022001087__F__gpt4o-mini__rep0.json	PILOT-2022001087	F	0	0.9866	0.9866	1.0	0.993	24	
PILOT-2022001087__F__gpt4o-mini__rep1.json	PILOT-2022001087	F	1	0.9915	0.9941	0.9971	0.9956	12	
PILOT-2022001087__F__gpt4o-mini__rep2.json	PILOT-2022001087	F	2	0.9338	0.9836	0.9464	0.9618	13	
PILOT-2022001087__F__gpt5.4__rep0.json	PILOT-2022001087	F	0	0.9609	0.9736	0.9841	0.9785	24	
PILOT-2022001087__F__gpt5.4__rep1.json	PILOT-2022001087	F	1	0.9719	0.9866	0.985	0.9852	24	
PILOT-2022001087__F__gpt5.4__rep2.json	PILOT-2022001087	F	2	0.9826	0.9866	0.9957	0.9909	24	
PILOT-2022001087__F__haiku4.5__rep0.json	PILOT-2022001087	F	0	0.6332	0.6461	0.9817	0.7425	22	
PILOT-2022001087__F__haiku4.5__rep1.json	PILOT-2022001087	F	1	0.8289	0.8289	1.0	0.8754	24	
PILOT-2022001087__F__haiku4.5__rep2.json	PILOT-2022001087	F	2	0.7628	0.7916	0.9585	0.8361	24	
PILOT-2022001087__F__sonnet4__rep0.json	PILOT-2022001087	F	0	0.9756	0.9837	0.9904	0.9868	24	
PILOT-2022001087__F__sonnet4__rep1.json	PILOT-2022001087	F	1	0.9781	0.986	0.9915	0.9884	23	
PILOT-2022001087__F__sonnet4__rep2.json	PILOT-2022001087	F	2	0.9464	0.9696	0.9691	0.9687	24	
PILOT-2022001087__G__gpt4o-mini__rep0.json	PILOT-2022001087	G	0	0.9358	0.9866	0.9483	0.9659	24	
PILOT-2022001087__G__gpt4o-mini__rep1.json	PILOT-2022001087	G	1	0.9512	0.9808	0.9677	0.9721	24	
PILOT-2022001087__G__gpt4o-mini__rep2.json	PILOT-2022001087	G	2	0.9899	0.9899	1.0	0.9948	14	
PILOT-2022001087__G__gpt5.4__rep0.json	PILOT-2022001087	G	0	0.9521	0.9596	0.9874	0.9726	24	
PILOT-2022001087__G__gpt5.4__rep1.json	PILOT-2022001087	G	1	0.9824	0.9854	0.9968	0.9908	22	
PILOT-2022001087__G__gpt5.4__rep2.json	PILOT-2022001087	G	2	0.94	0.9522	0.9779	0.9636	24	
PILOT-2022001087__G__haiku4.5__rep0.json	PILOT-2022001087	G	0	0.8589	0.8951	0.9442	0.918	22	
PILOT-2022001087__G__haiku4.5__rep1.json	PILOT-2022001087	G	1	0.8593	0.8955	0.9442	0.9183	24	
PILOT-2022001087__G__haiku4.5__rep2.json	PILOT-2022001087	G	2	0.8589	0.8951	0.9442	0.918	22	
PILOT-2022001087__G__sonnet4__rep0.json	PILOT-2022001087	G	0	0.9747	0.9839	0.9902	0.9866	20	
PILOT-2022001087__G__sonnet4__rep1.json	PILOT-2022001087	G	1	0.974	0.9847	0.9893	0.9863	21	
PILOT-2022001087__G__sonnet4__rep2.json	PILOT-2022001087	G	2	0.9805	0.986	0.9941	0.9898	23	
