file	case	cond	rep	n_claims_parsed	pre_chars	gen_chars	editdist_pre_gen	denom	c2	reason
PILOT-2009010505__A__gpt4o-mini__rep0.json	PILOT-2009010505	A	0	3	7717	1012	6714	4264	1.5746	
PILOT-2009010505__A__gpt4o-mini__rep1.json	PILOT-2009010505	A	1	13	7717	3395	4796	4264	1.1248	
PILOT-2009010505__A__gpt4o-mini__rep2.json	PILOT-2009010505	A	2	15	7717	3935	4491	4264	1.0532	
PILOT-2009010505__A__gpt5.4__rep0.json	PILOT-2009010505	A	0	26	7717	8105	2390	4264	0.5605	
PILOT-2009010505__A__gpt5.4__rep1.json	PILOT-2009010505	A	1	28	7717	8207	1189	4264	0.2788	
PILOT-2009010505__A__gpt5.4__rep2.json	PILOT-2009010505	A	2	25	7717	7046	2221	4264	0.5209	
PILOT-2009010505__A__haiku4.5__rep0.json	PILOT-2009010505	A	0	30	7717	12324	5119	4264	1.2005	
PILOT-2009010505__A__haiku4.5__rep1.json	PILOT-2009010505	A	1	27	7717	10792	3861	4264	0.9055	
PILOT-2009010505__A__haiku4.5__rep2.json	PILOT-2009010505	A	2	28	7717	10507	4424	4264	1.0375	
PILOT-2009010505__A__sonnet4__rep0.json	PILOT-2009010505	A	0	28	7717	7701	692	4264	0.1623	
PILOT-2009010505__A__sonnet4__rep1.json	PILOT-2009010505	A	1	28	7717	7639	630	4264	0.1477	
PILOT-2009010505__A__sonnet4__rep2.json	PILOT-2009010505	A	2	28	7717	7723	711	4264	0.1667	
PILOT-2009010505__B__gpt4o-mini__rep0.json	PILOT-2009010505	B	0	2	7717	775	6944	4264	1.6285	
PILOT-2009010505__B__gpt4o-mini__rep1.json	PILOT-2009010505	B	1	17	7717	5049	4393	4264	1.0303	
PILOT-2009010505__B__gpt4o-mini__rep2.json	PILOT-2009010505	B	2	15	7717	4635	4605	4264	1.08	
PILOT-2009010505__B__gpt5.4__rep0.json	PILOT-2009010505	B	0	23	7717	7368	2472	4264	0.5797	
PILOT-2009010505__B__gpt5.4__rep1.json	PILOT-2009010505	B	1	23	7717	7286	2439	4264	0.572	
PILOT-2009010505__B__gpt5.4__rep2.json	PILOT-2009010505	B	2	27	7717	7838	1406	4264	0.3297	
PILOT-2009010505__B__haiku4.5__rep0.json	PILOT-2009010505	B	0	28	7717	10462	3301	4264	0.7742	
PILOT-2009010505__B__haiku4.5__rep1.json	PILOT-2009010505	B	1	27	7717	10438	3541	4264	0.8304	
PILOT-2009010505__B__haiku4.5__rep2.json	PILOT-2009010505	B	2	28	7717	10313	3192	4264	0.7486	
PILOT-2009010505__B__sonnet4__rep0.json	PILOT-2009010505	B	0	28	7717	8509	1489	4264	0.3492	
PILOT-2009010505__B__sonnet4__rep1.json	PILOT-2009010505	B	1	28	7717	10122	2941	4264	0.6897	
PILOT-2009010505__B__sonnet4__rep2.json	PILOT-2009010505	B	2	28	7717	9423	2284	4264	0.5356	
PILOT-2009010505__C__gpt4o-mini__rep0.json	PILOT-2009010505	C	0	3	7717	1001	6722	4264	1.5765	
PILOT-2009010505__C__gpt4o-mini__rep1.json	PILOT-2009010505	C	1	3	7717	979	6743	4264	1.5814	
PILOT-2009010505__C__gpt4o-mini__rep2.json	PILOT-2009010505	C	2	15	7717	4577	4513	4264	1.0584	
PILOT-2009010505__C__gpt5.4__rep0.json	PILOT-2009010505	C	0	28	7717	7881	867	4264	0.2033	
PILOT-2009010505__C__gpt5.4__rep1.json	PILOT-2009010505	C	1	24	7717	7984	2468	4264	0.5788	
PILOT-2009010505__C__gpt5.4__rep2.json	PILOT-2009010505	C	2	24	7717	7606	2133	4264	0.5002	
PILOT-2009010505__C__haiku4.5__rep0.json	PILOT-2009010505	C	0	28	7717	10613	3474	4264	0.8147	
PILOT-2009010505__C__haiku4.5__rep1.json	PILOT-2009010505	C	1	28	7717	12391	5301	4264	1.2432	
PILOT-2009010505__C__haiku4.5__rep2.json	PILOT-2009010505	C	2	28	7717	9967	2871	4264	0.6733	
PILOT-2009010505__C__sonnet4__rep0.json	PILOT-2009010505	C	0	28	7717	7700	689	4264	0.1616	
PILOT-2009010505__C__sonnet4__rep1.json	PILOT-2009010505	C	1	28	7717	7730	718	4264	0.1684	
PILOT-2009010505__C__sonnet4__rep2.json	PILOT-2009010505	C	2	28	7717	7724	712	4264	0.167	
PILOT-2009010505__D__gpt4o-mini__rep0.json	PILOT-2009010505	D	0	13	7717	3850	4788	4264	1.1229	
PILOT-2009010505__D__gpt4o-mini__rep1.json	PILOT-2009010505	D	1	25	7717	7122	1669	4264	0.3914	
PILOT-2009010505__D__gpt4o-mini__rep2.json	PILOT-2009010505	D	2	28	7717	9169	2079	4264	0.4876	
PILOT-2009010505__D__gpt5.4__rep0.json	PILOT-2009010505	D	0	25	7717	7298	2451	4264	0.5748	
PILOT-2009010505__D__gpt5.4__rep1.json	PILOT-2009010505	D	1	28	7717	9007	1920	4264	0.4503	
PILOT-2009010505__D__gpt5.4__rep2.json	PILOT-2009010505	D	2	28	7717	8205	1187	4264	0.2784	
PILOT-2009010505__D__haiku4.5__rep0.json	PILOT-2009010505	D	0	28	7717	10558	4401	4264	1.0321	
PILOT-2009010505__D__haiku4.5__rep1.json	PILOT-2009010505	D	1	28	7717	12697	5508	4264	1.2917	
PILOT-2009010505__D__haiku4.5__rep2.json	PILOT-2009010505	D	2	28	7717	11403	4213	4264	0.988	
PILOT-2009010505__D__sonnet4__rep0.json	PILOT-2009010505	D	0	28	7717	9261	2105	4264	0.4937	
PILOT-2009010505__D__sonnet4__rep1.json	PILOT-2009010505	D	1	28	7717	8602	1497	4264	0.3511	
PILOT-2009010505__D__sonnet4__rep2.json	PILOT-2009010505	D	2	28	7717	8725	1576	4264	0.3696	
PILOT-2009010505__E__gpt4o-mini__rep0.json	PILOT-2009010505	E	0	3	7717	1006	6720	4264	1.576	
PILOT-2009010505__E__gpt4o-mini__rep1.json	PILOT-2009010505	E	1	3	7717	979	6743	4264	1.5814	
PILOT-2009010505__E__gpt4o-mini__rep2.json	PILOT-2009010505	E	2	11	7717	3309	4962	4264	1.1637	
PILOT-2009010505__E__gpt5.4__rep0.json	PILOT-2009010505	E	0	28	7717	8205	1187	4264	0.2784	
PILOT-2009010505__E__gpt5.4__rep1.json	PILOT-2009010505	E	1	28	7717	8205	1187	4264	0.2784	
PILOT-2009010505__E__gpt5.4__rep2.json	PILOT-2009010505	E	2	24	7717	7274	1993	4264	0.4674	
PILOT-2009010505__E__haiku4.5__rep0.json	PILOT-2009010505	E	0	32	7717	8627	1607	4264	0.3769	
PILOT-2009010505__E__haiku4.5__rep1.json	PILOT-2009010505	E	1	32	7717	10266	3259	4264	0.7643	
PILOT-2009010505__E__haiku4.5__rep2.json	PILOT-2009010505	E	2	27	7717	8490	3350	4264	0.7856	
PILOT-2009010505__E__sonnet4__rep0.json	PILOT-2009010505	E	0	28	7717	7525	524	4264	0.1229	
PILOT-2009010505__E__sonnet4__rep1.json	PILOT-2009010505	E	1	28	7717	7859	845	4264	0.1982	
PILOT-2009010505__E__sonnet4__rep2.json	PILOT-2009010505	E	2	28	7717	7525	524	4264	0.1229	
PILOT-2009010505__F__gpt4o-mini__rep0.json	PILOT-2009010505	F	0	5	7717	1393	6380	4264	1.4962	
PILOT-2009010505__F__gpt4o-mini__rep1.json	PILOT-2009010505	F	1	0			None		None	no_gen
PILOT-2009010505__F__gpt4o-mini__rep2.json	PILOT-2009010505	F	2	0			None		None	no_gen
PILOT-2009010505__F__gpt5.4__rep0.json	PILOT-2009010505	F	0	24	7717	7422	2140	4264	0.5019	
PILOT-2009010505__F__gpt5.4__rep1.json	PILOT-2009010505	F	1	24	7717	8022	2485	4264	0.5828	
PILOT-2009010505__F__gpt5.4__rep2.json	PILOT-2009010505	F	2	24	7717	7232	1951	4264	0.4576	
PILOT-2009010505__F__haiku4.5__rep0.json	PILOT-2009010505	F	0	32	7717	10336	3196	4264	0.7495	
PILOT-2009010505__F__haiku4.5__rep1.json	PILOT-2009010505	F	1	29	7717	9887	3170	4264	0.7434	
PILOT-2009010505__F__haiku4.5__rep2.json	PILOT-2009010505	F	2	32	7717	9697	2962	4264	0.6947	
PILOT-2009010505__F__sonnet4__rep0.json	PILOT-2009010505	F	0	32	7717	7809	2967	4264	0.6958	
PILOT-2009010505__F__sonnet4__rep1.json	PILOT-2009010505	F	1	32	7717	9891	2740	4264	0.6426	
PILOT-2009010505__F__sonnet4__rep2.json	PILOT-2009010505	F	2	32	7717	9324	2149	4264	0.504	
PILOT-2009010505__G__gpt4o-mini__rep0.json	PILOT-2009010505	G	0	0			None		None	no_gen
PILOT-2009010505__G__gpt4o-mini__rep1.json	PILOT-2009010505	G	1	2	7717	691	7030	4264	1.6487	
PILOT-2009010505__G__gpt4o-mini__rep2.json	PILOT-2009010505	G	2	0			None		None	no_gen
PILOT-2009010505__G__gpt5.4__rep0.json	PILOT-2009010505	G	0	26	7717	7262	1981	4264	0.4646	
PILOT-2009010505__G__gpt5.4__rep1.json	PILOT-2009010505	G	1	24	7717	7232	1951	4264	0.4576	
PILOT-2009010505__G__gpt5.4__rep2.json	PILOT-2009010505	G	2	24	7717	7270	1989	4264	0.4665	
PILOT-2009010505__G__haiku4.5__rep0.json	PILOT-2009010505	G	0	26	7717	9913	3595	4264	0.8431	
PILOT-2009010505__G__haiku4.5__rep1.json	PILOT-2009010505	G	1	29	7717	9643	2506	4264	0.5877	
PILOT-2009010505__G__haiku4.5__rep2.json	PILOT-2009010505	G	2	32	7717	11057	3881	4264	0.9102	
PILOT-2009010505__G__sonnet4__rep0.json	PILOT-2009010505	G	0	28	7717	7826	812	4264	0.1904	
PILOT-2009010505__G__sonnet4__rep1.json	PILOT-2009010505	G	1	28	7717	8175	1159	4264	0.2718	
PILOT-2009010505__G__sonnet4__rep2.json	PILOT-2009010505	G	2	28	7717	8023	1009	4264	0.2366	
PILOT-2009010505__baseline__gpt4o-mini__rep0.json	PILOT-2009010505	baseline	0	14	7717	4013	4556	4264	1.0685	
PILOT-2009010505__baseline__gpt4o-mini__rep1.json	PILOT-2009010505	baseline	1	11	7717	3789	4791	4264	1.1236	
PILOT-2009010505__baseline__gpt4o-mini__rep2.json	PILOT-2009010505	baseline	2	13	7717	3743	4610	4264	1.0811	
PILOT-2009010505__baseline__gpt5.4__rep0.json	PILOT-2009010505	baseline	0	28	7717	7905	897	4264	0.2104	
PILOT-2009010505__baseline__gpt5.4__rep1.json	PILOT-2009010505	baseline	1	24	7717	6816	2451	4264	0.5748	
PILOT-2009010505__baseline__gpt5.4__rep2.json	PILOT-2009010505	baseline	2	24	7717	6984	1851	4264	0.4341	
PILOT-2009010505__baseline__haiku4.5__rep0.json	PILOT-2009010505	baseline	0	32	7717	13497	6307	4264	1.4791	
PILOT-2009010505__baseline__haiku4.5__rep1.json	PILOT-2009010505	baseline	1	29	7717	7474	2640	4264	0.6191	
PILOT-2009010505__baseline__haiku4.5__rep2.json	PILOT-2009010505	baseline	2	27	7717	11624	4701	4264	1.1025	
PILOT-2009010505__baseline__sonnet4__rep0.json	PILOT-2009010505	baseline	0	28	7717	7639	630	4264	0.1477	
PILOT-2009010505__baseline__sonnet4__rep1.json	PILOT-2009010505	baseline	1	28	7717	7964	952	4264	0.2233	
PILOT-2009010505__baseline__sonnet4__rep2.json	PILOT-2009010505	baseline	2	28	7717	7620	613	4264	0.1438	
PILOT-2010007757__A__gpt4o-mini__rep0.json	PILOT-2010007757	A	0	7	4313	1222	3193	2367	1.349	
PILOT-2010007757__A__gpt4o-mini__rep1.json	PILOT-2010007757	A	1	3	4313	327	3986	2367	1.684	
PILOT-2010007757__A__gpt4o-mini__rep2.json	PILOT-2010007757	A	2	3	4313	456	3859	2367	1.6303	
PILOT-2010007757__A__gpt5.4__rep0.json	PILOT-2010007757	A	0	17	4313	2330	2206	2367	0.932	
PILOT-2010007757__A__gpt5.4__rep1.json	PILOT-2010007757	A	1	17	4313	2439	2143	2367	0.9054	
PILOT-2010007757__A__gpt5.4__rep2.json	PILOT-2010007757	A	2	17	4313	2332	2066	2367	0.8728	
PILOT-2010007757__A__haiku4.5__rep0.json	PILOT-2010007757	A	0	3	4313	478	3846	2367	1.6248	
PILOT-2010007757__A__haiku4.5__rep1.json	PILOT-2010007757	A	1	3	4313	572	3758	2367	1.5877	
PILOT-2010007757__A__haiku4.5__rep2.json	PILOT-2010007757	A	2	3	4313	587	3741	2367	1.5805	
PILOT-2010007757__A__sonnet4__rep0.json	PILOT-2010007757	A	0	17	4313	2135	2178	2367	0.9202	
PILOT-2010007757__A__sonnet4__rep1.json	PILOT-2010007757	A	1	17	4313	2547	2189	2367	0.9248	
PILOT-2010007757__A__sonnet4__rep2.json	PILOT-2010007757	A	2	17	4313	2311	2308	2367	0.9751	
PILOT-2010007757__B__gpt4o-mini__rep0.json	PILOT-2010007757	B	0	3	4313	543	3783	2367	1.5982	
PILOT-2010007757__B__gpt4o-mini__rep1.json	PILOT-2010007757	B	1	3	4313	578	3762	2367	1.5894	
PILOT-2010007757__B__gpt4o-mini__rep2.json	PILOT-2010007757	B	2	3	4313	603	3742	2367	1.5809	
PILOT-2010007757__B__gpt5.4__rep0.json	PILOT-2010007757	B	0	3	4313	537	3800	2367	1.6054	
PILOT-2010007757__B__gpt5.4__rep1.json	PILOT-2010007757	B	1	3	4313	529	3799	2367	1.605	
PILOT-2010007757__B__gpt5.4__rep2.json	PILOT-2010007757	B	2	3	4313	537	3800	2367	1.6054	
PILOT-2010007757__B__haiku4.5__rep0.json	PILOT-2010007757	B	0	17	4313	2514	2489	2367	1.0515	
PILOT-2010007757__B__haiku4.5__rep1.json	PILOT-2010007757	B	1	17	4313	2287	2527	2367	1.0676	
PILOT-2010007757__B__haiku4.5__rep2.json	PILOT-2010007757	B	2	15	4313	2582	2347	2367	0.9916	
PILOT-2010007757__B__sonnet4__rep0.json	PILOT-2010007757	B	0	17	4313	2277	2203	2367	0.9307	
PILOT-2010007757__B__sonnet4__rep1.json	PILOT-2010007757	B	1	17	4313	2277	2203	2367	0.9307	
PILOT-2010007757__B__sonnet4__rep2.json	PILOT-2010007757	B	2	17	4313	2277	2203	2367	0.9307	
PILOT-2010007757__C__gpt4o-mini__rep0.json	PILOT-2010007757	C	0	12	4313	2188	2511	2367	1.0608	
PILOT-2010007757__C__gpt4o-mini__rep1.json	PILOT-2010007757	C	1	9	4313	1487	3041	2367	1.2847	
PILOT-2010007757__C__gpt4o-mini__rep2.json	PILOT-2010007757	C	2	14	4313	2213	2509	2367	1.06	
PILOT-2010007757__C__gpt5.4__rep0.json	PILOT-2010007757	C	0	17	4313	2304	2109	2367	0.891	
PILOT-2010007757__C__gpt5.4__rep1.json	PILOT-2010007757	C	1	17	4313	2304	2109	2367	0.891	
PILOT-2010007757__C__gpt5.4__rep2.json	PILOT-2010007757	C	2	17	4313	2304	2109	2367	0.891	
PILOT-2010007757__C__haiku4.5__rep0.json	PILOT-2010007757	C	0	17	4313	2325	2537	2367	1.0718	
PILOT-2010007757__C__haiku4.5__rep1.json	PILOT-2010007757	C	1	32	4313	4492	1555	2367	0.6569	
PILOT-2010007757__C__haiku4.5__rep2.json	PILOT-2010007757	C	2	17	4313	2351	2528	2367	1.068	
PILOT-2010007757__C__sonnet4__rep0.json	PILOT-2010007757	C	0	17	4313	2266	2208	2367	0.9328	
PILOT-2010007757__C__sonnet4__rep1.json	PILOT-2010007757	C	1	17	4313	2266	2208	2367	0.9328	
PILOT-2010007757__C__sonnet4__rep2.json	PILOT-2010007757	C	2	17	4313	2134	2362	2367	0.9979	
PILOT-2010007757__D__gpt4o-mini__rep0.json	PILOT-2010007757	D	0	8	4313	1443	3092	2367	1.3063	
PILOT-2010007757__D__gpt4o-mini__rep1.json	PILOT-2010007757	D	1	13	4313	2095	2585	2367	1.0921	
PILOT-2010007757__D__gpt4o-mini__rep2.json	PILOT-2010007757	D	2	13	4313	2274	2567	2367	1.0845	
PILOT-2010007757__D__gpt5.4__rep0.json	PILOT-2010007757	D	0	17	4313	2168	2193	2367	0.9265	
PILOT-2010007757__D__gpt5.4__rep1.json	PILOT-2010007757	D	1	17	4313	2173	2333	2367	0.9856	
PILOT-2010007757__D__gpt5.4__rep2.json	PILOT-2010007757	D	2	17	4313	2168	2193	2367	0.9265	
PILOT-2010007757__D__haiku4.5__rep0.json	PILOT-2010007757	D	0	13	4313	1601	2867	2367	1.2112	
PILOT-2010007757__D__haiku4.5__rep1.json	PILOT-2010007757	D	1	17	4313	1787	2923	2367	1.2349	
PILOT-2010007757__D__haiku4.5__rep2.json	PILOT-2010007757	D	2	17	4313	2028	2579	2367	1.0896	
PILOT-2010007757__D__sonnet4__rep0.json	PILOT-2010007757	D	0	17	4313	2345	2276	2367	0.9616	
PILOT-2010007757__D__sonnet4__rep1.json	PILOT-2010007757	D	1	17	4313	2346	2275	2367	0.9611	
PILOT-2010007757__D__sonnet4__rep2.json	PILOT-2010007757	D	2	17	4313	2334	2274	2367	0.9607	
PILOT-2010007757__E__gpt4o-mini__rep0.json	PILOT-2010007757	E	0	14	4313	2140	2523	2367	1.0659	
PILOT-2010007757__E__gpt4o-mini__rep1.json	PILOT-2010007757	E	1	3	4313	397	3920	2367	1.6561	
PILOT-2010007757__E__gpt4o-mini__rep2.json	PILOT-2010007757	E	2	10	4313	1439	2967	2367	1.2535	
PILOT-2010007757__E__gpt5.4__rep0.json	PILOT-2010007757	E	0	32	4313	4319	356	2367	0.1504	
PILOT-2010007757__E__gpt5.4__rep1.json	PILOT-2010007757	E	1	3	4313	348	3967	2367	1.676	
PILOT-2010007757__E__gpt5.4__rep2.json	PILOT-2010007757	E	2	3	4313	484	3842	2367	1.6232	
PILOT-2010007757__E__haiku4.5__rep0.json	PILOT-2010007757	E	0	3	4313	634	3697	2367	1.5619	
PILOT-2010007757__E__haiku4.5__rep1.json	PILOT-2010007757	E	1	3	4313	652	3686	2367	1.5572	
PILOT-2010007757__E__haiku4.5__rep2.json	PILOT-2010007757	E	2	3	4313	634	3697	2367	1.5619	
PILOT-2010007757__E__sonnet4__rep0.json	PILOT-2010007757	E	0	17	4313	2129	2363	2367	0.9983	
PILOT-2010007757__E__sonnet4__rep1.json	PILOT-2010007757	E	1	17	4313	2146	2364	2367	0.9987	
PILOT-2010007757__E__sonnet4__rep2.json	PILOT-2010007757	E	2	17	4313	2329	2293	2367	0.9687	
PILOT-2010007757__F__gpt4o-mini__rep0.json	PILOT-2010007757	F	0	3	4313	542	3783	2367	1.5982	
PILOT-2010007757__F__gpt4o-mini__rep1.json	PILOT-2010007757	F	1	3	4313	512	3807	2367	1.6084	
PILOT-2010007757__F__gpt4o-mini__rep2.json	PILOT-2010007757	F	2	3	4313	542	3783	2367	1.5982	
PILOT-2010007757__F__gpt5.4__rep0.json	PILOT-2010007757	F	0	17	4313	2295	2189	2367	0.9248	
PILOT-2010007757__F__gpt5.4__rep1.json	PILOT-2010007757	F	1	3	4313	348	3967	2367	1.676	
PILOT-2010007757__F__gpt5.4__rep2.json	PILOT-2010007757	F	2	3	4313	348	3967	2367	1.676	
PILOT-2010007757__F__haiku4.5__rep0.json	PILOT-2010007757	F	0	3	4313	430	3888	2367	1.6426	
PILOT-2010007757__F__haiku4.5__rep1.json	PILOT-2010007757	F	1	13	4313	1945	2512	2367	1.0613	
PILOT-2010007757__F__haiku4.5__rep2.json	PILOT-2010007757	F	2	3	4313	422	3896	2367	1.646	
PILOT-2010007757__F__sonnet4__rep0.json	PILOT-2010007757	F	0	3	4313	443	3879	2367	1.6388	
PILOT-2010007757__F__sonnet4__rep1.json	PILOT-2010007757	F	1	3	4313	389	3926	2367	1.6586	
PILOT-2010007757__F__sonnet4__rep2.json	PILOT-2010007757	F	2	17	4313	2163	2193	2367	0.9265	
PILOT-2010007757__G__gpt4o-mini__rep0.json	PILOT-2010007757	G	0	10	4313	1408	3016	2367	1.2742	
PILOT-2010007757__G__gpt4o-mini__rep1.json	PILOT-2010007757	G	1	12	4313	2127	2486	2367	1.0503	
PILOT-2010007757__G__gpt4o-mini__rep2.json	PILOT-2010007757	G	2	14	4313	2010	2556	2367	1.0798	
PILOT-2010007757__G__gpt5.4__rep0.json	PILOT-2010007757	G	0	3	4313	484	3842	2367	1.6232	
PILOT-2010007757__G__gpt5.4__rep1.json	PILOT-2010007757	G	1	17	4313	2304	2095	2367	0.8851	
PILOT-2010007757__G__gpt5.4__rep2.json	PILOT-2010007757	G	2	3	4313	484	3842	2367	1.6232	
PILOT-2010007757__G__haiku4.5__rep0.json	PILOT-2010007757	G	0	3	4313	397	3920	2367	1.6561	
PILOT-2010007757__G__haiku4.5__rep1.json	PILOT-2010007757	G	1	17	4313	2606	2262	2367	0.9556	
PILOT-2010007757__G__haiku4.5__rep2.json	PILOT-2010007757	G	2	3	4313	462	3860	2367	1.6308	
PILOT-2010007757__G__sonnet4__rep0.json	PILOT-2010007757	G	0	17	4313	2383	2290	2367	0.9675	
PILOT-2010007757__G__sonnet4__rep1.json	PILOT-2010007757	G	1	17	4313	2628	2221	2367	0.9383	
PILOT-2010007757__G__sonnet4__rep2.json	PILOT-2010007757	G	2	17	4313	2617	2276	2367	0.9616	
PILOT-2010007757__baseline__gpt4o-mini__rep0.json	PILOT-2010007757	baseline	0	13	4313	2210	2563	2367	1.0828	
PILOT-2010007757__baseline__gpt4o-mini__rep1.json	PILOT-2010007757	baseline	1	7	4313	1817	2896	2367	1.2235	
PILOT-2010007757__baseline__gpt4o-mini__rep2.json	PILOT-2010007757	baseline	2	8	4313	1417	3147	2367	1.3295	
PILOT-2010007757__baseline__gpt5.4__rep0.json	PILOT-2010007757	baseline	0	17	4313	2418	2217	2367	0.9366	
PILOT-2010007757__baseline__gpt5.4__rep1.json	PILOT-2010007757	baseline	1	3	4313	484	3842	2367	1.6232	
PILOT-2010007757__baseline__gpt5.4__rep2.json	PILOT-2010007757	baseline	2	17	4313	2304	2109	2367	0.891	
PILOT-2010007757__baseline__haiku4.5__rep0.json	PILOT-2010007757	baseline	0	3	4313	652	3689	2367	1.5585	
PILOT-2010007757__baseline__haiku4.5__rep1.json	PILOT-2010007757	baseline	1	3	4313	652	3689	2367	1.5585	
PILOT-2010007757__baseline__haiku4.5__rep2.json	PILOT-2010007757	baseline	2	14	4313	1753	2873	2367	1.2138	
PILOT-2010007757__baseline__sonnet4__rep0.json	PILOT-2010007757	baseline	0	17	4313	2233	2231	2367	0.9425	
PILOT-2010007757__baseline__sonnet4__rep1.json	PILOT-2010007757	baseline	1	17	4313	2188	2235	2367	0.9442	
PILOT-2010007757__baseline__sonnet4__rep2.json	PILOT-2010007757	baseline	2	17	4313	2320	2270	2367	0.959	
PILOT-2010008015__A__gpt4o-mini__rep0.json	PILOT-2010008015	A	0	4	6611	967	5661	1458	3.8827	
PILOT-2010008015__A__gpt4o-mini__rep1.json	PILOT-2010008015	A	1	4	6611	801	5822	1458	3.9931	
PILOT-2010008015__A__gpt4o-mini__rep2.json	PILOT-2010008015	A	2	4	6611	925	5698	1458	3.9081	
PILOT-2010008015__A__gpt5.4__rep0.json	PILOT-2010008015	A	0	28	6611	6513	295	1458	0.2023	
PILOT-2010008015__A__gpt5.4__rep1.json	PILOT-2010008015	A	1	5	6611	1217	5407	1458	3.7085	
PILOT-2010008015__A__gpt5.4__rep2.json	PILOT-2010008015	A	2	28	6611	6623	401	1458	0.275	
PILOT-2010008015__A__haiku4.5__rep0.json	PILOT-2010008015	A	0	28	6611	7379	1145	1458	0.7853	
PILOT-2010008015__A__haiku4.5__rep1.json	PILOT-2010008015	A	1	28	6611	7080	924	1458	0.6337	
PILOT-2010008015__A__haiku4.5__rep2.json	PILOT-2010008015	A	2	28	6611	7095	866	1458	0.594	
PILOT-2010008015__A__sonnet4__rep0.json	PILOT-2010008015	A	0	28	6611	6487	285	1458	0.1955	
PILOT-2010008015__A__sonnet4__rep1.json	PILOT-2010008015	A	1	28	6611	6487	285	1458	0.1955	
PILOT-2010008015__A__sonnet4__rep2.json	PILOT-2010008015	A	2	28	6611	6487	285	1458	0.1955	
PILOT-2010008015__B__gpt4o-mini__rep0.json	PILOT-2010008015	B	0	7	6611	1973	4745	1458	3.2545	
PILOT-2010008015__B__gpt4o-mini__rep1.json	PILOT-2010008015	B	1	6	6611	1684	5004	1458	3.4321	
PILOT-2010008015__B__gpt4o-mini__rep2.json	PILOT-2010008015	B	2	6	6611	1762	4965	1458	3.4053	
PILOT-2010008015__B__gpt5.4__rep0.json	PILOT-2010008015	B	0	28	6611	6211	570	1458	0.3909	
PILOT-2010008015__B__gpt5.4__rep1.json	PILOT-2010008015	B	1	28	6611	6317	629	1458	0.4314	
PILOT-2010008015__B__gpt5.4__rep2.json	PILOT-2010008015	B	2	28	6611	6155	518	1458	0.3553	
PILOT-2010008015__B__haiku4.5__rep0.json	PILOT-2010008015	B	0	28	6611	7679	1727	1458	1.1845	
PILOT-2010008015__B__haiku4.5__rep1.json	PILOT-2010008015	B	1	28	6611	7237	1018	1458	0.6982	
PILOT-2010008015__B__haiku4.5__rep2.json	PILOT-2010008015	B	2	28	6611	7950	2117	1458	1.452	
PILOT-2010008015__B__sonnet4__rep0.json	PILOT-2010008015	B	0	28	6611	7015	740	1458	0.5075	
PILOT-2010008015__B__sonnet4__rep1.json	PILOT-2010008015	B	1	28	6611	6770	545	1458	0.3738	
PILOT-2010008015__B__sonnet4__rep2.json	PILOT-2010008015	B	2	28	6611	6730	505	1458	0.3464	
PILOT-2010008015__C__gpt4o-mini__rep0.json	PILOT-2010008015	C	0	4	6611	1031	5600	1458	3.8409	
PILOT-2010008015__C__gpt4o-mini__rep1.json	PILOT-2010008015	C	1	4	6611	1008	5623	1458	3.8567	
PILOT-2010008015__C__gpt4o-mini__rep2.json	PILOT-2010008015	C	2	4	6611	932	5691	1458	3.9033	
PILOT-2010008015__C__gpt5.4__rep0.json	PILOT-2010008015	C	0	5	6611	1262	5374	1458	3.6859	
PILOT-2010008015__C__gpt5.4__rep1.json	PILOT-2010008015	C	1	5	6611	1256	5376	1458	3.6872	
PILOT-2010008015__C__gpt5.4__rep2.json	PILOT-2010008015	C	2	28	6611	6547	330	1458	0.2263	
PILOT-2010008015__C__haiku4.5__rep0.json	PILOT-2010008015	C	0	28	6611	7800	1542	1458	1.0576	
PILOT-2010008015__C__haiku4.5__rep1.json	PILOT-2010008015	C	1	28	6611	7619	1512	1458	1.037	
PILOT-2010008015__C__haiku4.5__rep2.json	PILOT-2010008015	C	2	28	6611	7831	1551	1458	1.0638	
PILOT-2010008015__C__sonnet4__rep0.json	PILOT-2010008015	C	0	28	6611	6660	450	1458	0.3086	
PILOT-2010008015__C__sonnet4__rep1.json	PILOT-2010008015	C	1	28	6611	6616	410	1458	0.2812	
PILOT-2010008015__C__sonnet4__rep2.json	PILOT-2010008015	C	2	28	6611	6628	422	1458	0.2894	
PILOT-2010008015__D__gpt4o-mini__rep0.json	PILOT-2010008015	D	0	4	6611	1026	5605	1458	3.8443	
PILOT-2010008015__D__gpt4o-mini__rep1.json	PILOT-2010008015	D	1	4	6611	921	5702	1458	3.9108	
PILOT-2010008015__D__gpt4o-mini__rep2.json	PILOT-2010008015	D	2	4	6611	1083	5556	1458	3.8107	
PILOT-2010008015__D__gpt5.4__rep0.json	PILOT-2010008015	D	0	5	6611	1269	5367	1458	3.6811	
PILOT-2010008015__D__gpt5.4__rep1.json	PILOT-2010008015	D	1	28	6611	6484	255	1458	0.1749	
PILOT-2010008015__D__gpt5.4__rep2.json	PILOT-2010008015	D	2	28	6611	6500	283	1458	0.1941	
PILOT-2010008015__D__haiku4.5__rep0.json	PILOT-2010008015	D	0	28	6611	7572	1340	1458	0.9191	
PILOT-2010008015__D__haiku4.5__rep1.json	PILOT-2010008015	D	1	28	6611	7438	1225	1458	0.8402	
PILOT-2010008015__D__haiku4.5__rep2.json	PILOT-2010008015	D	2	28	6611	7606	1379	1458	0.9458	
PILOT-2010008015__D__sonnet4__rep0.json	PILOT-2010008015	D	0	28	6611	6561	367	1458	0.2517	
PILOT-2010008015__D__sonnet4__rep1.json	PILOT-2010008015	D	1	28	6611	6655	438	1458	0.3004	
PILOT-2010008015__D__sonnet4__rep2.json	PILOT-2010008015	D	2	28	6611	6646	427	1458	0.2929	
PILOT-2010008015__E__gpt4o-mini__rep0.json	PILOT-2010008015	E	0	28	6611	7231	908	1458	0.6228	
PILOT-2010008015__E__gpt4o-mini__rep1.json	PILOT-2010008015	E	1	28	6611	6675	384	1458	0.2634	
PILOT-2010008015__E__gpt4o-mini__rep2.json	PILOT-2010008015	E	2	28	6611	6997	745	1458	0.511	
PILOT-2010008015__E__gpt5.4__rep0.json	PILOT-2010008015	E	0	28	6611	6475	230	1458	0.1578	
PILOT-2010008015__E__gpt5.4__rep1.json	PILOT-2010008015	E	1	28	6611	6475	230	1458	0.1578	
PILOT-2010008015__E__gpt5.4__rep2.json	PILOT-2010008015	E	2	28	6611	6617	367	1458	0.2517	
PILOT-2010008015__E__haiku4.5__rep0.json	PILOT-2010008015	E	0	28	6611	8451	2524	1458	1.7311	
PILOT-2010008015__E__haiku4.5__rep1.json	PILOT-2010008015	E	1	28	6611	7888	1638	1458	1.1235	
PILOT-2010008015__E__haiku4.5__rep2.json	PILOT-2010008015	E	2	28	6611	7317	1382	1458	0.9479	
PILOT-2010008015__E__sonnet4__rep0.json	PILOT-2010008015	E	0	28	6611	6628	383	1458	0.2627	
PILOT-2010008015__E__sonnet4__rep1.json	PILOT-2010008015	E	1	28	6611	6650	444	1458	0.3045	
PILOT-2010008015__E__sonnet4__rep2.json	PILOT-2010008015	E	2	28	6611	6975	742	1458	0.5089	
PILOT-2010008015__F__gpt4o-mini__rep0.json	PILOT-2010008015	F	0	4	6611	934	5688	1458	3.9012	
PILOT-2010008015__F__gpt4o-mini__rep1.json	PILOT-2010008015	F	1	4	6611	977	5644	1458	3.8711	
PILOT-2010008015__F__gpt4o-mini__rep2.json	PILOT-2010008015	F	2	4	6611	934	5688	1458	3.9012	
PILOT-2010008015__F__gpt5.4__rep0.json	PILOT-2010008015	F	0	28	6611	6500	283	1458	0.1941	
PILOT-2010008015__F__gpt5.4__rep1.json	PILOT-2010008015	F	1	28	6611	6602	379	1458	0.2599	
PILOT-2010008015__F__gpt5.4__rep2.json	PILOT-2010008015	F	2	28	6611	6544	313	1458	0.2147	
PILOT-2010008015__F__haiku4.5__rep0.json	PILOT-2010008015	F	0	28	6611	7106	991	1458	0.6797	
PILOT-2010008015__F__haiku4.5__rep1.json	PILOT-2010008015	F	1	28	6611	7563	1287	1458	0.8827	
PILOT-2010008015__F__haiku4.5__rep2.json	PILOT-2010008015	F	2	28	6611	7169	926	1458	0.6351	
PILOT-2010008015__F__sonnet4__rep0.json	PILOT-2010008015	F	0	28	6611	6590	392	1458	0.2689	
PILOT-2010008015__F__sonnet4__rep1.json	PILOT-2010008015	F	1	28	6611	6997	787	1458	0.5398	
PILOT-2010008015__F__sonnet4__rep2.json	PILOT-2010008015	F	2	28	6611	7181	960	1458	0.6584	
PILOT-2010008015__G__gpt4o-mini__rep0.json	PILOT-2010008015	G	0	4	6611	954	5673	1458	3.8909	
PILOT-2010008015__G__gpt4o-mini__rep1.json	PILOT-2010008015	G	1	5	6611	1527	5122	1458	3.513	
PILOT-2010008015__G__gpt4o-mini__rep2.json	PILOT-2010008015	G	2	5	6611	1448	5180	1458	3.5528	
PILOT-2010008015__G__gpt5.4__rep0.json	PILOT-2010008015	G	0	5	6611	1263	5371	1458	3.6838	
PILOT-2010008015__G__gpt5.4__rep1.json	PILOT-2010008015	G	1	5	6611	1236	5398	1458	3.7023	
PILOT-2010008015__G__gpt5.4__rep2.json	PILOT-2010008015	G	2	28	6611	6556	338	1458	0.2318	
PILOT-2010008015__G__haiku4.5__rep0.json	PILOT-2010008015	G	0	28	6611	7142	1062	1458	0.7284	
PILOT-2010008015__G__haiku4.5__rep1.json	PILOT-2010008015	G	1	28	6611	7622	1313	1458	0.9005	
PILOT-2010008015__G__haiku4.5__rep2.json	PILOT-2010008015	G	2	28	6611	7412	1224	1458	0.8395	
PILOT-2010008015__G__sonnet4__rep0.json	PILOT-2010008015	G	0	28	6611	6791	584	1458	0.4005	
PILOT-2010008015__G__sonnet4__rep1.json	PILOT-2010008015	G	1	28	6611	6531	325	1458	0.2229	
PILOT-2010008015__G__sonnet4__rep2.json	PILOT-2010008015	G	2	28	6611	6595	912	1458	0.6255	
PILOT-2010008015__baseline__gpt4o-mini__rep0.json	PILOT-2010008015	baseline	0	4	6611	952	5674	1458	3.8916	
PILOT-2010008015__baseline__gpt4o-mini__rep1.json	PILOT-2010008015	baseline	1	4	6611	993	5637	1458	3.8663	
PILOT-2010008015__baseline__gpt4o-mini__rep2.json	PILOT-2010008015	baseline	2	4	6611	992	5637	1458	3.8663	
PILOT-2010008015__baseline__gpt5.4__rep0.json	PILOT-2010008015	baseline	0	28	6611	6490	272	1458	0.1866	
PILOT-2010008015__baseline__gpt5.4__rep1.json	PILOT-2010008015	baseline	1	28	6611	6566	348	1458	0.2387	
PILOT-2010008015__baseline__gpt5.4__rep2.json	PILOT-2010008015	baseline	2	28	6611	6591	369	1458	0.2531	
PILOT-2010008015__baseline__haiku4.5__rep0.json	PILOT-2010008015	baseline	0	28	6611	8165	1922	1458	1.3182	
PILOT-2010008015__baseline__haiku4.5__rep1.json	PILOT-2010008015	baseline	1	28	6611	3100	4006	1458	2.7476	
PILOT-2010008015__baseline__haiku4.5__rep2.json	PILOT-2010008015	baseline	2	28	6611	7712	1437	1458	0.9856	
PILOT-2010008015__baseline__sonnet4__rep0.json	PILOT-2010008015	baseline	0	28	6611	6618	399	1458	0.2737	
PILOT-2010008015__baseline__sonnet4__rep1.json	PILOT-2010008015	baseline	1	28	6611	6660	450	1458	0.3086	
PILOT-2010008015__baseline__sonnet4__rep2.json	PILOT-2010008015	baseline	2	28	6611	6710	500	1458	0.3429	
PILOT-2010010196__A__gpt4o-mini__rep0.json	PILOT-2010010196	A	0	2	3592	386	3214	2523	1.2739	
PILOT-2010010196__A__gpt4o-mini__rep1.json	PILOT-2010010196	A	1	2	3592	370	3227	2523	1.279	
PILOT-2010010196__A__gpt4o-mini__rep2.json	PILOT-2010010196	A	2	2	3592	406	3199	2523	1.2679	
PILOT-2010010196__A__gpt5.4__rep0.json	PILOT-2010010196	A	0	20	3592	3570	543	2523	0.2152	
PILOT-2010010196__A__gpt5.4__rep1.json	PILOT-2010010196	A	1	20	3592	3546	519	2523	0.2057	
PILOT-2010010196__A__gpt5.4__rep2.json	PILOT-2010010196	A	2	20	3592	3145	629	2523	0.2493	
PILOT-2010010196__A__haiku4.5__rep0.json	PILOT-2010010196	A	0	20	3592	3269	754	2523	0.2989	
PILOT-2010010196__A__haiku4.5__rep1.json	PILOT-2010010196	A	1	20	3592	1270	2389	2523	0.9469	
PILOT-2010010196__A__haiku4.5__rep2.json	PILOT-2010010196	A	2	20	3592	1285	2383	2523	0.9445	
PILOT-2010010196__A__sonnet4__rep0.json	PILOT-2010010196	A	0	20	3592	3920	437	2523	0.1732	
PILOT-2010010196__A__sonnet4__rep1.json	PILOT-2010010196	A	1	20	3592	3920	437	2523	0.1732	
PILOT-2010010196__A__sonnet4__rep2.json	PILOT-2010010196	A	2	20	3592	3920	437	2523	0.1732	
PILOT-2010010196__B__gpt4o-mini__rep0.json	PILOT-2010010196	B	0	4	3592	1400	2264	2523	0.8973	
PILOT-2010010196__B__gpt4o-mini__rep1.json	PILOT-2010010196	B	1	3	3592	1374	2303	2523	0.9128	
PILOT-2010010196__B__gpt4o-mini__rep2.json	PILOT-2010010196	B	2	4	3592	1668	2251	2523	0.8922	
PILOT-2010010196__B__gpt5.4__rep0.json	PILOT-2010010196	B	0	20	3592	3873	283	2523	0.1122	
PILOT-2010010196__B__gpt5.4__rep1.json	PILOT-2010010196	B	1	20	3592	3791	273	2523	0.1082	
PILOT-2010010196__B__gpt5.4__rep2.json	PILOT-2010010196	B	2	20	3592	3717	177	2523	0.0702	
PILOT-2010010196__B__haiku4.5__rep0.json	PILOT-2010010196	B	0	20	3592	3732	294	2523	0.1165	
PILOT-2010010196__B__haiku4.5__rep1.json	PILOT-2010010196	B	1	20	3592	3956	416	2523	0.1649	
PILOT-2010010196__B__haiku4.5__rep2.json	PILOT-2010010196	B	2	20	3592	2015	1820	2523	0.7214	
PILOT-2010010196__B__sonnet4__rep0.json	PILOT-2010010196	B	0	20	3592	3828	287	2523	0.1138	
PILOT-2010010196__B__sonnet4__rep1.json	PILOT-2010010196	B	1	20	3592	3875	342	2523	0.1356	
PILOT-2010010196__B__sonnet4__rep2.json	PILOT-2010010196	B	2	20	3592	3814	273	2523	0.1082	
PILOT-2010010196__C__gpt4o-mini__rep0.json	PILOT-2010010196	C	0	2	3592	653	2947	2523	1.1681	
PILOT-2010010196__C__gpt4o-mini__rep1.json	PILOT-2010010196	C	1	2	3592	654	2944	2523	1.1669	
PILOT-2010010196__C__gpt4o-mini__rep2.json	PILOT-2010010196	C	2	2	3592	654	2944	2523	1.1669	
PILOT-2010010196__C__gpt5.4__rep0.json	PILOT-2010010196	C	0	20	3592	3891	374	2523	0.1482	
PILOT-2010010196__C__gpt5.4__rep1.json	PILOT-2010010196	C	1	20	3592	3882	343	2523	0.1359	
PILOT-2010010196__C__gpt5.4__rep2.json	PILOT-2010010196	C	2	20	3592	3895	305	2523	0.1209	
PILOT-2010010196__C__haiku4.5__rep0.json	PILOT-2010010196	C	0	20	3592	3538	386	2523	0.153	
PILOT-2010010196__C__haiku4.5__rep1.json	PILOT-2010010196	C	1	20	3592	3588	412	2523	0.1633	
PILOT-2010010196__C__haiku4.5__rep2.json	PILOT-2010010196	C	2	20	3592	3477	475	2523	0.1883	
PILOT-2010010196__C__sonnet4__rep0.json	PILOT-2010010196	C	0	20	3592	3823	282	2523	0.1118	
PILOT-2010010196__C__sonnet4__rep1.json	PILOT-2010010196	C	1	20	3592	3823	282	2523	0.1118	
PILOT-2010010196__C__sonnet4__rep2.json	PILOT-2010010196	C	2	20	3592	3823	282	2523	0.1118	
PILOT-2010010196__D__gpt4o-mini__rep0.json	PILOT-2010010196	D	0	2	3592	653	2947	2523	1.1681	
PILOT-2010010196__D__gpt4o-mini__rep1.json	PILOT-2010010196	D	1	2	3592	653	2947	2523	1.1681	
PILOT-2010010196__D__gpt4o-mini__rep2.json	PILOT-2010010196	D	2	2	3592	653	2947	2523	1.1681	
PILOT-2010010196__D__gpt5.4__rep0.json	PILOT-2010010196	D	0	20	3592	3882	315	2523	0.1249	
PILOT-2010010196__D__gpt5.4__rep1.json	PILOT-2010010196	D	1	20	3592	3909	342	2523	0.1356	
PILOT-2010010196__D__gpt5.4__rep2.json	PILOT-2010010196	D	2	20	3592	3840	251	2523	0.0995	
PILOT-2010010196__D__haiku4.5__rep0.json	PILOT-2010010196	D	0	20	3592	3750	609	2523	0.2414	
PILOT-2010010196__D__haiku4.5__rep1.json	PILOT-2010010196	D	1	20	3592	2036	1987	2523	0.7876	
PILOT-2010010196__D__haiku4.5__rep2.json	PILOT-2010010196	D	2	20	3592	3637	513	2523	0.2033	
PILOT-2010010196__D__sonnet4__rep0.json	PILOT-2010010196	D	0	20	3592	3838	297	2523	0.1177	
PILOT-2010010196__D__sonnet4__rep1.json	PILOT-2010010196	D	1	20	3592	4019	478	2523	0.1895	
PILOT-2010010196__D__sonnet4__rep2.json	PILOT-2010010196	D	2	20	3592	3953	412	2523	0.1633	
PILOT-2010010196__E__gpt4o-mini__rep0.json	PILOT-2010010196	E	0	5	3592	1662	2077	2523	0.8232	
PILOT-2010010196__E__gpt4o-mini__rep1.json	PILOT-2010010196	E	1	3	3592	1434	2211	2523	0.8763	
PILOT-2010010196__E__gpt4o-mini__rep2.json	PILOT-2010010196	E	2	2	3592	663	2936	2523	1.1637	
PILOT-2010010196__E__gpt5.4__rep0.json	PILOT-2010010196	E	0	20	3592	3929	339	2523	0.1344	
PILOT-2010010196__E__gpt5.4__rep1.json	PILOT-2010010196	E	1	20	3592	3971	415	2523	0.1645	
PILOT-2010010196__E__gpt5.4__rep2.json	PILOT-2010010196	E	2	20	3592	3916	349	2523	0.1383	
PILOT-2010010196__E__haiku4.5__rep0.json	PILOT-2010010196	E	0	20	3592	3424	517	2523	0.2049	
PILOT-2010010196__E__haiku4.5__rep1.json	PILOT-2010010196	E	1	20	3592	2008	1928	2523	0.7642	
PILOT-2010010196__E__haiku4.5__rep2.json	PILOT-2010010196	E	2	20	3592	2054	1937	2523	0.7677	
PILOT-2010010196__E__sonnet4__rep0.json	PILOT-2010010196	E	0	20	3592	4270	729	2523	0.2889	
PILOT-2010010196__E__sonnet4__rep1.json	PILOT-2010010196	E	1	20	3592	3869	328	2523	0.13	
PILOT-2010010196__E__sonnet4__rep2.json	PILOT-2010010196	E	2	20	3592	3869	328	2523	0.13	
PILOT-2010010196__F__gpt4o-mini__rep0.json	PILOT-2010010196	F	0	2	3592	687	2947	2523	1.1681	
PILOT-2010010196__F__gpt4o-mini__rep1.json	PILOT-2010010196	F	1	2	3592	671	2964	2523	1.1748	
PILOT-2010010196__F__gpt4o-mini__rep2.json	PILOT-2010010196	F	2	2	3592	647	2951	2523	1.1696	
PILOT-2010010196__F__gpt5.4__rep0.json	PILOT-2010010196	F	0	20	3592	3871	354	2523	0.1403	
PILOT-2010010196__F__gpt5.4__rep1.json	PILOT-2010010196	F	1	20	3592	4163	572	2523	0.2267	
PILOT-2010010196__F__gpt5.4__rep2.json	PILOT-2010010196	F	2	20	3592	3723	183	2523	0.0725	
PILOT-2010010196__F__haiku4.5__rep0.json	PILOT-2010010196	F	0	20	3592	3428	518	2523	0.2053	
PILOT-2010010196__F__haiku4.5__rep1.json	PILOT-2010010196	F	1	20	3592	3426	518	2523	0.2053	
PILOT-2010010196__F__haiku4.5__rep2.json	PILOT-2010010196	F	2	20	3592	3426	518	2523	0.2053	
PILOT-2010010196__F__sonnet4__rep0.json	PILOT-2010010196	F	0	20	3592	3775	234	2523	0.0927	
PILOT-2010010196__F__sonnet4__rep1.json	PILOT-2010010196	F	1	20	3592	3775	234	2523	0.0927	
PILOT-2010010196__F__sonnet4__rep2.json	PILOT-2010010196	F	2	20	3592	3775	234	2523	0.0927	
PILOT-2010010196__G__gpt4o-mini__rep0.json	PILOT-2010010196	G	0	2	3592	687	2947	2523	1.1681	
PILOT-2010010196__G__gpt4o-mini__rep1.json	PILOT-2010010196	G	1	2	3592	657	2943	2523	1.1665	
PILOT-2010010196__G__gpt4o-mini__rep2.json	PILOT-2010010196	G	2	2	3592	665	2935	2523	1.1633	
PILOT-2010010196__G__gpt5.4__rep0.json	PILOT-2010010196	G	0	20	3592	3889	371	2523	0.147	
PILOT-2010010196__G__gpt5.4__rep1.json	PILOT-2010010196	G	1	20	3592	3686	139	2523	0.0551	
PILOT-2010010196__G__gpt5.4__rep2.json	PILOT-2010010196	G	2	20	3592	3823	254	2523	0.1007	
PILOT-2010010196__G__haiku4.5__rep0.json	PILOT-2010010196	G	0	20	3592	3459	433	2523	0.1716	
PILOT-2010010196__G__haiku4.5__rep1.json	PILOT-2010010196	G	1	20	3592	3491	465	2523	0.1843	
PILOT-2010010196__G__haiku4.5__rep2.json	PILOT-2010010196	G	2	20	3592	3491	465	2523	0.1843	
PILOT-2010010196__G__sonnet4__rep0.json	PILOT-2010010196	G	0	20	3592	3781	240	2523	0.0951	
PILOT-2010010196__G__sonnet4__rep1.json	PILOT-2010010196	G	1	20	3592	3458	431	2523	0.1708	
PILOT-2010010196__G__sonnet4__rep2.json	PILOT-2010010196	G	2	20	3592	3781	240	2523	0.0951	
PILOT-2010010196__baseline__gpt4o-mini__rep0.json	PILOT-2010010196	baseline	0	2	3592	653	2947	2523	1.1681	
PILOT-2010010196__baseline__gpt4o-mini__rep1.json	PILOT-2010010196	baseline	1	2	3592	629	2968	2523	1.1764	
PILOT-2010010196__baseline__gpt4o-mini__rep2.json	PILOT-2010010196	baseline	2	2	3592	653	2947	2523	1.1681	
PILOT-2010010196__baseline__gpt5.4__rep0.json	PILOT-2010010196	baseline	0	20	3592	3858	291	2523	0.1153	
PILOT-2010010196__baseline__gpt5.4__rep1.json	PILOT-2010010196	baseline	1	20	3592	3569	218	2523	0.0864	
PILOT-2010010196__baseline__gpt5.4__rep2.json	PILOT-2010010196	baseline	2	20	3592	3847	258	2523	0.1023	
PILOT-2010010196__baseline__haiku4.5__rep0.json	PILOT-2010010196	baseline	0	20	3592	3541	388	2523	0.1538	
PILOT-2010010196__baseline__haiku4.5__rep1.json	PILOT-2010010196	baseline	1	20	3592	3541	388	2523	0.1538	
PILOT-2010010196__baseline__haiku4.5__rep2.json	PILOT-2010010196	baseline	2	20	3592	3477	475	2523	0.1883	
PILOT-2010010196__baseline__sonnet4__rep0.json	PILOT-2010010196	baseline	0	20	3592	3823	282	2523	0.1118	
PILOT-2010010196__baseline__sonnet4__rep1.json	PILOT-2010010196	baseline	1	20	3592	3823	282	2523	0.1118	
PILOT-2010010196__baseline__sonnet4__rep2.json	PILOT-2010010196	baseline	2	20	3592	3869	328	2523	0.13	
PILOT-2010011970__A__gpt4o-mini__rep0.json	PILOT-2010011970	A	0	4	1664	2769	1251	1178	1.062	
PILOT-2010011970__A__gpt4o-mini__rep1.json	PILOT-2010011970	A	1	4	1664	2657	1299	1178	1.1027	
PILOT-2010011970__A__gpt4o-mini__rep2.json	PILOT-2010011970	A	2	6	1664	3338	1749	1178	1.4847	
PILOT-2010011970__A__gpt5.4__rep0.json	PILOT-2010011970	A	0	6	1664	2207	670	1178	0.5688	
PILOT-2010011970__A__gpt5.4__rep1.json	PILOT-2010011970	A	1	9	1664	3924	2311	1178	1.9618	
PILOT-2010011970__A__gpt5.4__rep2.json	PILOT-2010011970	A	2	9	1664	5071	3449	1178	2.9278	
PILOT-2010011970__A__haiku4.5__rep0.json	PILOT-2010011970	A	0	0			None		None	no_gen
PILOT-2010011970__A__haiku4.5__rep1.json	PILOT-2010011970	A	1	0			None		None	no_gen
PILOT-2010011970__A__haiku4.5__rep2.json	PILOT-2010011970	A	2	0			None		None	no_gen
PILOT-2010011970__A__sonnet4__rep0.json	PILOT-2010011970	A	0	8	1664	4665	3043	1178	2.5832	
PILOT-2010011970__A__sonnet4__rep1.json	PILOT-2010011970	A	1	8	1664	4428	2807	1178	2.3829	
PILOT-2010011970__A__sonnet4__rep2.json	PILOT-2010011970	A	2	8	1664	4430	2809	1178	2.3846	
PILOT-2010011970__B__gpt4o-mini__rep0.json	PILOT-2010011970	B	0	4	1664	1907	612	1178	0.5195	
PILOT-2010011970__B__gpt4o-mini__rep1.json	PILOT-2010011970	B	1	3	1664	2253	788	1178	0.6689	
PILOT-2010011970__B__gpt4o-mini__rep2.json	PILOT-2010011970	B	2	4	1664	1847	552	1178	0.4686	
PILOT-2010011970__B__gpt5.4__rep0.json	PILOT-2010011970	B	0	8	1664	3457	1891	1178	1.6053	
PILOT-2010011970__B__gpt5.4__rep1.json	PILOT-2010011970	B	1	6	1664	2312	730	1178	0.6197	
PILOT-2010011970__B__gpt5.4__rep2.json	PILOT-2010011970	B	2	6	1664	2178	623	1178	0.5289	
PILOT-2010011970__B__haiku4.5__rep0.json	PILOT-2010011970	B	0	0			None		None	no_gen
PILOT-2010011970__B__haiku4.5__rep1.json	PILOT-2010011970	B	1	0			None		None	no_gen
PILOT-2010011970__B__haiku4.5__rep2.json	PILOT-2010011970	B	2	0			None		None	no_gen
PILOT-2010011970__B__sonnet4__rep0.json	PILOT-2010011970	B	0	8	1664	4502	2881	1178	2.4457	
PILOT-2010011970__B__sonnet4__rep1.json	PILOT-2010011970	B	1	8	1664	4540	2919	1178	2.4779	
PILOT-2010011970__B__sonnet4__rep2.json	PILOT-2010011970	B	2	8	1664	4691	3070	1178	2.6061	
PILOT-2010011970__C__gpt4o-mini__rep0.json	PILOT-2010011970	C	0	3	1664	2473	1183	1178	1.0042	
PILOT-2010011970__C__gpt4o-mini__rep1.json	PILOT-2010011970	C	1	3	1664	2349	853	1178	0.7241	
PILOT-2010011970__C__gpt4o-mini__rep2.json	PILOT-2010011970	C	2	4	1664	2763	1260	1178	1.0696	
PILOT-2010011970__C__gpt5.4__rep0.json	PILOT-2010011970	C	0	8	1664	2311	735	1178	0.6239	
PILOT-2010011970__C__gpt5.4__rep1.json	PILOT-2010011970	C	1	8	1664	4494	2873	1178	2.4389	
PILOT-2010011970__C__gpt5.4__rep2.json	PILOT-2010011970	C	2	9	1664	4674	3053	1178	2.5917	
PILOT-2010011970__C__haiku4.5__rep0.json	PILOT-2010011970	C	0	0			None		None	no_gen
PILOT-2010011970__C__haiku4.5__rep1.json	PILOT-2010011970	C	1	0			None		None	no_gen
PILOT-2010011970__C__haiku4.5__rep2.json	PILOT-2010011970	C	2	0			None		None	no_gen
PILOT-2010011970__C__sonnet4__rep0.json	PILOT-2010011970	C	0	8	1664	4486	2865	1178	2.4321	
PILOT-2010011970__C__sonnet4__rep1.json	PILOT-2010011970	C	1	9	1664	4476	2855	1178	2.4236	
PILOT-2010011970__C__sonnet4__rep2.json	PILOT-2010011970	C	2	8	1664	4546	2925	1178	2.483	
PILOT-2010011970__D__gpt4o-mini__rep0.json	PILOT-2010011970	D	0	4	1664	2534	1501	1178	1.2742	
PILOT-2010011970__D__gpt4o-mini__rep1.json	PILOT-2010011970	D	1	3	1664	2073	725	1178	0.6154	
PILOT-2010011970__D__gpt4o-mini__rep2.json	PILOT-2010011970	D	2	4	1664	2853	1494	1178	1.2683	
PILOT-2010011970__D__gpt5.4__rep0.json	PILOT-2010011970	D	0	8	1664	4648	3026	1178	2.5688	
PILOT-2010011970__D__gpt5.4__rep1.json	PILOT-2010011970	D	1	8	1664	2302	738	1178	0.6265	
PILOT-2010011970__D__gpt5.4__rep2.json	PILOT-2010011970	D	2	9	1664	4182	2577	1178	2.1876	
PILOT-2010011970__D__haiku4.5__rep0.json	PILOT-2010011970	D	0	8	1664	5315	3825	1178	3.247	
PILOT-2010011970__D__haiku4.5__rep1.json	PILOT-2010011970	D	1	8	1664	5744	4126	1178	3.5025	
PILOT-2010011970__D__haiku4.5__rep2.json	PILOT-2010011970	D	2	8	1664	5361	3744	1178	3.1783	
PILOT-2010011970__D__sonnet4__rep0.json	PILOT-2010011970	D	0	8	1664	4082	2460	1178	2.0883	
PILOT-2010011970__D__sonnet4__rep1.json	PILOT-2010011970	D	1	9	1664	4661	3040	1178	2.5806	
PILOT-2010011970__D__sonnet4__rep2.json	PILOT-2010011970	D	2	8	1664	4329	2708	1178	2.2988	
PILOT-2010011970__E__gpt4o-mini__rep0.json	PILOT-2010011970	E	0	4	1664	2356	854	1178	0.725	
PILOT-2010011970__E__gpt4o-mini__rep1.json	PILOT-2010011970	E	1	3	1664	2611	1666	1178	1.4143	
PILOT-2010011970__E__gpt4o-mini__rep2.json	PILOT-2010011970	E	2	3	1664	2010	633	1178	0.5374	
PILOT-2010011970__E__gpt5.4__rep0.json	PILOT-2010011970	E	0	9	1664	4286	2665	1178	2.2623	
PILOT-2010011970__E__gpt5.4__rep1.json	PILOT-2010011970	E	1	7	1664	2418	856	1178	0.7267	
PILOT-2010011970__E__gpt5.4__rep2.json	PILOT-2010011970	E	2	8	1664	2477	890	1178	0.7555	
PILOT-2010011970__E__haiku4.5__rep0.json	PILOT-2010011970	E	0	8	1664	5139	3520	1178	2.9881	
PILOT-2010011970__E__haiku4.5__rep1.json	PILOT-2010011970	E	1	8	1664	5357	3779	1178	3.208	
PILOT-2010011970__E__haiku4.5__rep2.json	PILOT-2010011970	E	2	8	1664	4580	2962	1178	2.5144	
PILOT-2010011970__E__sonnet4__rep0.json	PILOT-2010011970	E	0	8	1664	4199	2582	1178	2.1919	
PILOT-2010011970__E__sonnet4__rep1.json	PILOT-2010011970	E	1	8	1664	4300	2683	1178	2.2776	
PILOT-2010011970__E__sonnet4__rep2.json	PILOT-2010011970	E	2	7	1664	2661	1071	1178	0.9092	
PILOT-2010011970__F__gpt4o-mini__rep0.json	PILOT-2010011970	F	0	3	1664	2047	1379	1178	1.1706	
PILOT-2010011970__F__gpt4o-mini__rep1.json	PILOT-2010011970	F	1	4	1664	2619	1610	1178	1.3667	
PILOT-2010011970__F__gpt4o-mini__rep2.json	PILOT-2010011970	F	2	3	1664	2162	1362	1178	1.1562	
PILOT-2010011970__F__gpt5.4__rep0.json	PILOT-2010011970	F	0	6	1664	2274	693	1178	0.5883	
PILOT-2010011970__F__gpt5.4__rep1.json	PILOT-2010011970	F	1	7	1664	2304	740	1178	0.6282	
PILOT-2010011970__F__gpt5.4__rep2.json	PILOT-2010011970	F	2	6	1664	2288	706	1178	0.5993	
PILOT-2010011970__F__haiku4.5__rep0.json	PILOT-2010011970	F	0	8	1664	4747	3126	1178	2.6537	
PILOT-2010011970__F__haiku4.5__rep1.json	PILOT-2010011970	F	1	8	1664	4996	3377	1178	2.8667	
PILOT-2010011970__F__haiku4.5__rep2.json	PILOT-2010011970	F	2	8	1664	4666	3096	1178	2.6282	
PILOT-2010011970__F__sonnet4__rep0.json	PILOT-2010011970	F	0	8	1664	3577	1954	1178	1.6587	
PILOT-2010011970__F__sonnet4__rep1.json	PILOT-2010011970	F	1	9	1664	3889	2264	1178	1.9219	
PILOT-2010011970__F__sonnet4__rep2.json	PILOT-2010011970	F	2	8	1664	4427	2802	1178	2.3786	
PILOT-2010011970__G__gpt4o-mini__rep0.json	PILOT-2010011970	G	0	3	1664	1777	1231	1178	1.045	
PILOT-2010011970__G__gpt4o-mini__rep1.json	PILOT-2010011970	G	1	3	1664	1974	1051	1178	0.8922	
PILOT-2010011970__G__gpt4o-mini__rep2.json	PILOT-2010011970	G	2	4	1664	2350	923	1178	0.7835	
PILOT-2010011970__G__gpt5.4__rep0.json	PILOT-2010011970	G	0	8	1664	2303	739	1178	0.6273	
PILOT-2010011970__G__gpt5.4__rep1.json	PILOT-2010011970	G	1	8	1664	2159	601	1178	0.5102	
PILOT-2010011970__G__gpt5.4__rep2.json	PILOT-2010011970	G	2	8	1664	2198	641	1178	0.5441	
PILOT-2010011970__G__haiku4.5__rep0.json	PILOT-2010011970	G	0	8	1664	4883	3265	1178	2.7716	
PILOT-2010011970__G__haiku4.5__rep1.json	PILOT-2010011970	G	1	8	1664	4650	3033	1178	2.5747	
PILOT-2010011970__G__haiku4.5__rep2.json	PILOT-2010011970	G	2	8	1664	6030	4411	1178	3.7445	
PILOT-2010011970__G__sonnet4__rep0.json	PILOT-2010011970	G	0	8	1664	4371	2746	1178	2.3311	
PILOT-2010011970__G__sonnet4__rep1.json	PILOT-2010011970	G	1	9	1664	4034	2414	1178	2.0492	
PILOT-2010011970__G__sonnet4__rep2.json	PILOT-2010011970	G	2	8	1664	3932	2311	1178	1.9618	
PILOT-2010011970__baseline__gpt4o-mini__rep0.json	PILOT-2010011970	baseline	0	3	1664	2758	1308	1178	1.1104	
PILOT-2010011970__baseline__gpt4o-mini__rep1.json	PILOT-2010011970	baseline	1	3	1664	2631	1163	1178	0.9873	
PILOT-2010011970__baseline__gpt4o-mini__rep2.json	PILOT-2010011970	baseline	2	4	1664	3009	1852	1178	1.5722	
PILOT-2010011970__baseline__gpt5.4__rep0.json	PILOT-2010011970	baseline	0	9	1664	4282	2661	1178	2.2589	
PILOT-2010011970__baseline__gpt5.4__rep1.json	PILOT-2010011970	baseline	1	8	1664	2597	1027	1178	0.8718	
PILOT-2010011970__baseline__gpt5.4__rep2.json	PILOT-2010011970	baseline	2	7	1664	2239	668	1178	0.5671	
PILOT-2010011970__baseline__haiku4.5__rep0.json	PILOT-2010011970	baseline	0	0			None		None	no_gen
PILOT-2010011970__baseline__haiku4.5__rep1.json	PILOT-2010011970	baseline	1	0			None		None	no_gen
PILOT-2010011970__baseline__haiku4.5__rep2.json	PILOT-2010011970	baseline	2	0			None		None	no_gen
PILOT-2010011970__baseline__sonnet4__rep0.json	PILOT-2010011970	baseline	0	8	1664	4383	2761	1178	2.3438	
PILOT-2010011970__baseline__sonnet4__rep1.json	PILOT-2010011970	baseline	1	8	1664	4844	3222	1178	2.7351	
PILOT-2010011970__baseline__sonnet4__rep2.json	PILOT-2010011970	baseline	2	8	1664	4798	3176	1178	2.6961	
PILOT-2011003851__A__gpt4o-mini__rep0.json	PILOT-2011003851	A	0	20	11846	11159	1481	4592	0.3225	
PILOT-2011003851__A__gpt4o-mini__rep1.json	PILOT-2011003851	A	1	20	11846	13178	3315	4592	0.7219	
PILOT-2011003851__A__gpt4o-mini__rep2.json	PILOT-2011003851	A	2	20	11846	11045	1381	4592	0.3007	
PILOT-2011003851__A__gpt5.4__rep0.json	PILOT-2011003851	A	0	20	11846	10835	1196	4592	0.2605	
PILOT-2011003851__A__gpt5.4__rep1.json	PILOT-2011003851	A	1	20	11846	11161	1516	4592	0.3301	
PILOT-2011003851__A__gpt5.4__rep2.json	PILOT-2011003851	A	2	20	11846	11099	1460	4592	0.3179	
PILOT-2011003851__A__haiku4.5__rep0.json	PILOT-2011003851	A	0	20	11846	12385	2091	4592	0.4554	
PILOT-2011003851__A__haiku4.5__rep1.json	PILOT-2011003851	A	1	20	11846	12925	2717	4592	0.5917	
PILOT-2011003851__A__haiku4.5__rep2.json	PILOT-2011003851	A	2	20	11846	11913	1744	4592	0.3798	
PILOT-2011003851__A__sonnet4__rep0.json	PILOT-2011003851	A	0	20	11846	10874	1239	4592	0.2698	
PILOT-2011003851__A__sonnet4__rep1.json	PILOT-2011003851	A	1	20	11846	10919	1225	4592	0.2668	
PILOT-2011003851__A__sonnet4__rep2.json	PILOT-2011003851	A	2	20	11846	10874	1239	4592	0.2698	
PILOT-2011003851__B__gpt4o-mini__rep0.json	PILOT-2011003851	B	0	9	11846	6579	5896	4592	1.284	
PILOT-2011003851__B__gpt4o-mini__rep1.json	PILOT-2011003851	B	1	20	11846	11906	1574	4592	0.3428	
PILOT-2011003851__B__gpt4o-mini__rep2.json	PILOT-2011003851	B	2	20	11846	12660	2240	4592	0.4878	
PILOT-2011003851__B__gpt5.4__rep0.json	PILOT-2011003851	B	0	20	11846	11248	999	4592	0.2176	
PILOT-2011003851__B__gpt5.4__rep1.json	PILOT-2011003851	B	1	20	11846	11467	1218	4592	0.2652	
PILOT-2011003851__B__gpt5.4__rep2.json	PILOT-2011003851	B	2	20	11846	11248	999	4592	0.2176	
PILOT-2011003851__B__haiku4.5__rep0.json	PILOT-2011003851	B	0	20	11846	12598	2101	4592	0.4575	
PILOT-2011003851__B__haiku4.5__rep1.json	PILOT-2011003851	B	1	20	11846	13285	2678	4592	0.5832	
PILOT-2011003851__B__haiku4.5__rep2.json	PILOT-2011003851	B	2	20	11846	13017	2484	4592	0.5409	
PILOT-2011003851__B__sonnet4__rep0.json	PILOT-2011003851	B	0	20	11846	11333	991	4592	0.2158	
PILOT-2011003851__B__sonnet4__rep1.json	PILOT-2011003851	B	1	20	11846	11333	991	4592	0.2158	
PILOT-2011003851__B__sonnet4__rep2.json	PILOT-2011003851	B	2	20	11846	11333	991	4592	0.2158	
PILOT-2011003851__C__gpt4o-mini__rep0.json	PILOT-2011003851	C	0	20	11846	12098	1653	4592	0.36	
PILOT-2011003851__C__gpt4o-mini__rep1.json	PILOT-2011003851	C	1	20	11846	11863	1480	4592	0.3223	
PILOT-2011003851__C__gpt4o-mini__rep2.json	PILOT-2011003851	C	2	20	11846	11363	1071	4592	0.2332	
PILOT-2011003851__C__gpt5.4__rep0.json	PILOT-2011003851	C	0	20	11846	11248	999	4592	0.2176	
PILOT-2011003851__C__gpt5.4__rep1.json	PILOT-2011003851	C	1	20	11846	11143	894	4592	0.1947	
PILOT-2011003851__C__gpt5.4__rep2.json	PILOT-2011003851	C	2	20	11846	11248	999	4592	0.2176	
PILOT-2011003851__C__haiku4.5__rep0.json	PILOT-2011003851	C	0	20	11846	12623	2060	4592	0.4486	
PILOT-2011003851__C__haiku4.5__rep1.json	PILOT-2011003851	C	1	20	11846	12446	1897	4592	0.4131	
PILOT-2011003851__C__haiku4.5__rep2.json	PILOT-2011003851	C	2	20	11846	12705	2148	4592	0.4678	
PILOT-2011003851__C__sonnet4__rep0.json	PILOT-2011003851	C	0	20	11846	11186	927	4592	0.2019	
PILOT-2011003851__C__sonnet4__rep1.json	PILOT-2011003851	C	1	20	11846	11186	927	4592	0.2019	
PILOT-2011003851__C__sonnet4__rep2.json	PILOT-2011003851	C	2	20	11846	11186	927	4592	0.2019	
PILOT-2011003851__D__gpt4o-mini__rep0.json	PILOT-2011003851	D	0	20	11846	12018	1598	4592	0.348	
PILOT-2011003851__D__gpt4o-mini__rep1.json	PILOT-2011003851	D	1	20	11846	11264	998	4592	0.2173	
PILOT-2011003851__D__gpt4o-mini__rep2.json	PILOT-2011003851	D	2	20	11846	11743	1451	4592	0.316	
PILOT-2011003851__D__gpt5.4__rep0.json	PILOT-2011003851	D	0	20	11846	11143	894	4592	0.1947	
PILOT-2011003851__D__gpt5.4__rep1.json	PILOT-2011003851	D	1	20	11846	11434	1251	4592	0.2724	
PILOT-2011003851__D__gpt5.4__rep2.json	PILOT-2011003851	D	2	20	11846	11143	894	4592	0.1947	
PILOT-2011003851__D__haiku4.5__rep0.json	PILOT-2011003851	D	0	20	11846	12662	2102	4592	0.4578	
PILOT-2011003851__D__haiku4.5__rep1.json	PILOT-2011003851	D	1	20	11846	11890	1534	4592	0.3341	
PILOT-2011003851__D__haiku4.5__rep2.json	PILOT-2011003851	D	2	20	11846	12109	1649	4592	0.3591	
PILOT-2011003851__D__sonnet4__rep0.json	PILOT-2011003851	D	0	20	11846	11264	1005	4592	0.2189	
PILOT-2011003851__D__sonnet4__rep1.json	PILOT-2011003851	D	1	20	11846	11264	1005	4592	0.2189	
PILOT-2011003851__D__sonnet4__rep2.json	PILOT-2011003851	D	2	20	11846	11183	880	4592	0.1916	
PILOT-2011003851__E__gpt4o-mini__rep0.json	PILOT-2011003851	E	0	20	11846	12792	2118	4592	0.4612	
PILOT-2011003851__E__gpt4o-mini__rep1.json	PILOT-2011003851	E	1	20	11846	11626	1339	4592	0.2916	
PILOT-2011003851__E__gpt4o-mini__rep2.json	PILOT-2011003851	E	2	20	11846	11368	876	4592	0.1908	
PILOT-2011003851__E__gpt5.4__rep0.json	PILOT-2011003851	E	0	20	11846	11143	894	4592	0.1947	
PILOT-2011003851__E__gpt5.4__rep1.json	PILOT-2011003851	E	1	20	11846	11143	894	4592	0.1947	
PILOT-2011003851__E__gpt5.4__rep2.json	PILOT-2011003851	E	2	20	11846	11143	894	4592	0.1947	
PILOT-2011003851__E__haiku4.5__rep0.json	PILOT-2011003851	E	0	20	11846	12586	2165	4592	0.4715	
PILOT-2011003851__E__haiku4.5__rep1.json	PILOT-2011003851	E	1	20	11846	11978	1590	4592	0.3463	
PILOT-2011003851__E__haiku4.5__rep2.json	PILOT-2011003851	E	2	20	11846	12636	2084	4592	0.4538	
PILOT-2011003851__E__sonnet4__rep0.json	PILOT-2011003851	E	0	20	11846	12265	1930	4592	0.4203	
PILOT-2011003851__E__sonnet4__rep1.json	PILOT-2011003851	E	1	20	11846	11186	927	4592	0.2019	
PILOT-2011003851__E__sonnet4__rep2.json	PILOT-2011003851	E	2	20	11846	11186	927	4592	0.2019	
PILOT-2011003851__F__gpt4o-mini__rep0.json	PILOT-2011003851	F	0	0			None		None	no_gen
PILOT-2011003851__F__gpt4o-mini__rep1.json	PILOT-2011003851	F	1	0			None		None	no_gen
PILOT-2011003851__F__gpt4o-mini__rep2.json	PILOT-2011003851	F	2	0			None		None	no_gen
PILOT-2011003851__F__gpt5.4__rep0.json	PILOT-2011003851	F	0	20	11846	11252	989	4592	0.2154	
PILOT-2011003851__F__gpt5.4__rep1.json	PILOT-2011003851	F	1	20	11846	11248	999	4592	0.2176	
PILOT-2011003851__F__gpt5.4__rep2.json	PILOT-2011003851	F	2	20	11846	11248	999	4592	0.2176	
PILOT-2011003851__F__haiku4.5__rep0.json	PILOT-2011003851	F	0	20	11846	11644	1246	4592	0.2713	
PILOT-2011003851__F__haiku4.5__rep1.json	PILOT-2011003851	F	1	20	11846	12525	2096	4592	0.4564	
PILOT-2011003851__F__haiku4.5__rep2.json	PILOT-2011003851	F	2	20	11846	11677	1319	4592	0.2872	
PILOT-2011003851__F__sonnet4__rep0.json	PILOT-2011003851	F	0	20	11846	11333	991	4592	0.2158	
PILOT-2011003851__F__sonnet4__rep1.json	PILOT-2011003851	F	1	20	11846	11264	1005	4592	0.2189	
PILOT-2011003851__F__sonnet4__rep2.json	PILOT-2011003851	F	2	20	11846	11264	1005	4592	0.2189	
PILOT-2011003851__G__gpt4o-mini__rep0.json	PILOT-2011003851	G	0	20	11846	11691	1299	4592	0.2829	
PILOT-2011003851__G__gpt4o-mini__rep1.json	PILOT-2011003851	G	1	20	11846	11363	1071	4592	0.2332	
PILOT-2011003851__G__gpt4o-mini__rep2.json	PILOT-2011003851	G	2	20	11846	11936	1542	4592	0.3358	
PILOT-2011003851__G__gpt5.4__rep0.json	PILOT-2011003851	G	0	20	11846	11773	1337	4592	0.2912	
PILOT-2011003851__G__gpt5.4__rep1.json	PILOT-2011003851	G	1	20	11846	11254	985	4592	0.2145	
PILOT-2011003851__G__gpt5.4__rep2.json	PILOT-2011003851	G	2	20	11846	11434	1251	4592	0.2724	
PILOT-2011003851__G__haiku4.5__rep0.json	PILOT-2011003851	G	0	20	11846	11969	1592	4592	0.3467	
PILOT-2011003851__G__haiku4.5__rep1.json	PILOT-2011003851	G	1	20	11846	13664	2911	4592	0.6339	
PILOT-2011003851__G__haiku4.5__rep2.json	PILOT-2011003851	G	2	20	11846	12902	2268	4592	0.4939	
PILOT-2011003851__G__sonnet4__rep0.json	PILOT-2011003851	G	0	20	11846	11264	1005	4592	0.2189	
PILOT-2011003851__G__sonnet4__rep1.json	PILOT-2011003851	G	1	20	11846	11264	1005	4592	0.2189	
PILOT-2011003851__G__sonnet4__rep2.json	PILOT-2011003851	G	2	20	11846	11264	1005	4592	0.2189	
PILOT-2011003851__baseline__gpt4o-mini__rep0.json	PILOT-2011003851	baseline	0	20	11846	11487	1176	4592	0.2561	
PILOT-2011003851__baseline__gpt4o-mini__rep1.json	PILOT-2011003851	baseline	1	20	11846	11997	1390	4592	0.3027	
PILOT-2011003851__baseline__gpt4o-mini__rep2.json	PILOT-2011003851	baseline	2	20	11846	12743	2188	4592	0.4765	
PILOT-2011003851__baseline__gpt5.4__rep0.json	PILOT-2011003851	baseline	0	20	11846	11248	999	4592	0.2176	
PILOT-2011003851__baseline__gpt5.4__rep1.json	PILOT-2011003851	baseline	1	20	11846	11631	1382	4592	0.301	
PILOT-2011003851__baseline__gpt5.4__rep2.json	PILOT-2011003851	baseline	2	20	11846	11143	894	4592	0.1947	
PILOT-2011003851__baseline__haiku4.5__rep0.json	PILOT-2011003851	baseline	0	20	11846	14272	3590	4592	0.7818	
PILOT-2011003851__baseline__haiku4.5__rep1.json	PILOT-2011003851	baseline	1	20	11846	12709	2207	4592	0.4806	
PILOT-2011003851__baseline__haiku4.5__rep2.json	PILOT-2011003851	baseline	2	20	11846	12789	2330	4592	0.5074	
PILOT-2011003851__baseline__sonnet4__rep0.json	PILOT-2011003851	baseline	0	20	11846	11186	927	4592	0.2019	
PILOT-2011003851__baseline__sonnet4__rep1.json	PILOT-2011003851	baseline	1	20	11846	11231	913	4592	0.1988	
PILOT-2011003851__baseline__sonnet4__rep2.json	PILOT-2011003851	baseline	2	20	11846	11186	927	4592	0.2019	
PILOT-2011004581__A__gpt4o-mini__rep0.json	PILOT-2011004581	A	0	7	3341	2915	1448	3160	0.4582	
PILOT-2011004581__A__gpt4o-mini__rep1.json	PILOT-2011004581	A	1	7	3341	2578	1315	3160	0.4161	
PILOT-2011004581__A__gpt4o-mini__rep2.json	PILOT-2011004581	A	2	7	3341	3014	1535	3160	0.4858	
PILOT-2011004581__A__gpt5.4__rep0.json	PILOT-2011004581	A	0	11	3341	3835	679	3160	0.2149	
PILOT-2011004581__A__gpt5.4__rep1.json	PILOT-2011004581	A	1	11	3341	3804	648	3160	0.2051	
PILOT-2011004581__A__gpt5.4__rep2.json	PILOT-2011004581	A	2	11	3341	3743	599	3160	0.1896	
PILOT-2011004581__A__haiku4.5__rep0.json	PILOT-2011004581	A	0	11	3341	4135	1000	3160	0.3165	
PILOT-2011004581__A__haiku4.5__rep1.json	PILOT-2011004581	A	1	11	3341	4147	989	3160	0.313	
PILOT-2011004581__A__haiku4.5__rep2.json	PILOT-2011004581	A	2	11	3341	4364	1195	3160	0.3782	
PILOT-2011004581__A__sonnet4__rep0.json	PILOT-2011004581	A	0	11	3341	4060	875	3160	0.2769	
PILOT-2011004581__A__sonnet4__rep1.json	PILOT-2011004581	A	1	11	3341	3982	799	3160	0.2528	
PILOT-2011004581__A__sonnet4__rep2.json	PILOT-2011004581	A	2	11	3341	4057	872	3160	0.2759	
PILOT-2011004581__B__gpt4o-mini__rep0.json	PILOT-2011004581	B	0	8	3341	2509	957	3160	0.3028	
PILOT-2011004581__B__gpt4o-mini__rep1.json	PILOT-2011004581	B	1	4	3341	1825	1704	3160	0.5392	
PILOT-2011004581__B__gpt4o-mini__rep2.json	PILOT-2011004581	B	2	4	3341	1695	1760	3160	0.557	
PILOT-2011004581__B__gpt5.4__rep0.json	PILOT-2011004581	B	0	11	3341	3680	549	3160	0.1737	
PILOT-2011004581__B__gpt5.4__rep1.json	PILOT-2011004581	B	1	11	3341	3510	395	3160	0.125	
PILOT-2011004581__B__gpt5.4__rep2.json	PILOT-2011004581	B	2	11	3341	4941	1817	3160	0.575	
PILOT-2011004581__B__haiku4.5__rep0.json	PILOT-2011004581	B	0	11	3341	4094	905	3160	0.2864	
PILOT-2011004581__B__haiku4.5__rep1.json	PILOT-2011004581	B	1	11	3341	4023	895	3160	0.2832	
PILOT-2011004581__B__haiku4.5__rep2.json	PILOT-2011004581	B	2	11	3341	3961	831	3160	0.263	
PILOT-2011004581__B__sonnet4__rep0.json	PILOT-2011004581	B	0	11	3341	3884	739	3160	0.2339	
PILOT-2011004581__B__sonnet4__rep1.json	PILOT-2011004581	B	1	11	3341	4014	866	3160	0.2741	
PILOT-2011004581__B__sonnet4__rep2.json	PILOT-2011004581	B	2	11	3341	3837	697	3160	0.2206	
PILOT-2011004581__C__gpt4o-mini__rep0.json	PILOT-2011004581	C	0	8	3341	2503	1016	3160	0.3215	
PILOT-2011004581__C__gpt4o-mini__rep1.json	PILOT-2011004581	C	1	6	3341	2514	1305	3160	0.413	
PILOT-2011004581__C__gpt4o-mini__rep2.json	PILOT-2011004581	C	2	8	3341	3164	1282	3160	0.4057	
PILOT-2011004581__C__gpt5.4__rep0.json	PILOT-2011004581	C	0	11	3341	3514	399	3160	0.1263	
PILOT-2011004581__C__gpt5.4__rep1.json	PILOT-2011004581	C	1	11	3341	3673	544	3160	0.1722	
PILOT-2011004581__C__gpt5.4__rep2.json	PILOT-2011004581	C	2	11	3341	3577	462	3160	0.1462	
PILOT-2011004581__C__haiku4.5__rep0.json	PILOT-2011004581	C	0	11	3341	4209	1078	3160	0.3411	
PILOT-2011004581__C__haiku4.5__rep1.json	PILOT-2011004581	C	1	11	3341	4137	978	3160	0.3095	
PILOT-2011004581__C__haiku4.5__rep2.json	PILOT-2011004581	C	2	11	3341	4075	937	3160	0.2965	
PILOT-2011004581__C__sonnet4__rep0.json	PILOT-2011004581	C	0	11	3341	4157	1018	3160	0.3222	
PILOT-2011004581__C__sonnet4__rep1.json	PILOT-2011004581	C	1	11	3341	4110	972	3160	0.3076	
PILOT-2011004581__C__sonnet4__rep2.json	PILOT-2011004581	C	2	11	3341	3576	472	3160	0.1494	
PILOT-2011004581__D__gpt4o-mini__rep0.json	PILOT-2011004581	D	0	6	3341	2470	1335	3160	0.4225	
PILOT-2011004581__D__gpt4o-mini__rep1.json	PILOT-2011004581	D	1	6	3341	2812	1449	3160	0.4585	
PILOT-2011004581__D__gpt4o-mini__rep2.json	PILOT-2011004581	D	2	6	3341	2864	1447	3160	0.4579	
PILOT-2011004581__D__gpt5.4__rep0.json	PILOT-2011004581	D	0	11	3341	3660	518	3160	0.1639	
PILOT-2011004581__D__gpt5.4__rep1.json	PILOT-2011004581	D	1	11	3341	3644	502	3160	0.1589	
PILOT-2011004581__D__gpt5.4__rep2.json	PILOT-2011004581	D	2	11	3341	3655	516	3160	0.1633	
PILOT-2011004581__D__haiku4.5__rep0.json	PILOT-2011004581	D	0	11	3341	3923	781	3160	0.2472	
PILOT-2011004581__D__haiku4.5__rep1.json	PILOT-2011004581	D	1	11	3341	4813	1621	3160	0.513	
PILOT-2011004581__D__haiku4.5__rep2.json	PILOT-2011004581	D	2	11	3341	4286	1113	3160	0.3522	
PILOT-2011004581__D__sonnet4__rep0.json	PILOT-2011004581	D	0	11	3341	4341	1167	3160	0.3693	
PILOT-2011004581__D__sonnet4__rep1.json	PILOT-2011004581	D	1	11	3341	3763	644	3160	0.2038	
PILOT-2011004581__D__sonnet4__rep2.json	PILOT-2011004581	D	2	11	3341	4352	1177	3160	0.3725	
PILOT-2011004581__E__gpt4o-mini__rep0.json	PILOT-2011004581	E	0	6	3341	2172	1274	3160	0.4032	
PILOT-2011004581__E__gpt4o-mini__rep1.json	PILOT-2011004581	E	1	7	3341	2821	1435	3160	0.4541	
PILOT-2011004581__E__gpt4o-mini__rep2.json	PILOT-2011004581	E	2	7	3341	2715	1290	3160	0.4082	
PILOT-2011004581__E__gpt5.4__rep0.json	PILOT-2011004581	E	0	11	3341	3934	754	3160	0.2386	
PILOT-2011004581__E__gpt5.4__rep1.json	PILOT-2011004581	E	1	11	3341	3982	803	3160	0.2541	
PILOT-2011004581__E__gpt5.4__rep2.json	PILOT-2011004581	E	2	11	3341	3724	582	3160	0.1842	
PILOT-2011004581__E__haiku4.5__rep0.json	PILOT-2011004581	E	0	11	3341	4124	945	3160	0.2991	
PILOT-2011004581__E__haiku4.5__rep1.json	PILOT-2011004581	E	1	11	3341	3953	822	3160	0.2601	
PILOT-2011004581__E__haiku4.5__rep2.json	PILOT-2011004581	E	2	11	3341	3839	683	3160	0.2161	
PILOT-2011004581__E__sonnet4__rep0.json	PILOT-2011004581	E	0	11	3341	3888	730	3160	0.231	
PILOT-2011004581__E__sonnet4__rep1.json	PILOT-2011004581	E	1	11	3341	3871	714	3160	0.2259	
PILOT-2011004581__E__sonnet4__rep2.json	PILOT-2011004581	E	2	11	3341	3777	640	3160	0.2025	
PILOT-2011004581__F__gpt4o-mini__rep0.json	PILOT-2011004581	F	0	8	3341	3286	1405	3160	0.4446	
PILOT-2011004581__F__gpt4o-mini__rep1.json	PILOT-2011004581	F	1	8	3341	2956	1096	3160	0.3468	
PILOT-2011004581__F__gpt4o-mini__rep2.json	PILOT-2011004581	F	2	6	3341	2463	1561	3160	0.494	
PILOT-2011004581__F__gpt5.4__rep0.json	PILOT-2011004581	F	0	11	3341	3656	512	3160	0.162	
PILOT-2011004581__F__gpt5.4__rep1.json	PILOT-2011004581	F	1	11	3341	3825	669	3160	0.2117	
PILOT-2011004581__F__gpt5.4__rep2.json	PILOT-2011004581	F	2	11	3341	3922	763	3160	0.2415	
PILOT-2011004581__F__haiku4.5__rep0.json	PILOT-2011004581	F	0	11	3341	4618	1403	3160	0.444	
PILOT-2011004581__F__haiku4.5__rep1.json	PILOT-2011004581	F	1	11	3341	4246	1102	3160	0.3487	
PILOT-2011004581__F__haiku4.5__rep2.json	PILOT-2011004581	F	2	11	3341	4711	1508	3160	0.4772	
PILOT-2011004581__F__sonnet4__rep0.json	PILOT-2011004581	F	0	11	3341	3723	593	3160	0.1877	
PILOT-2011004581__F__sonnet4__rep1.json	PILOT-2011004581	F	1	11	3341	3993	857	3160	0.2712	
PILOT-2011004581__F__sonnet4__rep2.json	PILOT-2011004581	F	2	11	3341	3867	724	3160	0.2291	
PILOT-2011004581__G__gpt4o-mini__rep0.json	PILOT-2011004581	G	0	4	3341	1445	1970	3160	0.6234	
PILOT-2011004581__G__gpt4o-mini__rep1.json	PILOT-2011004581	G	1	7	3341	2365	1191	3160	0.3769	
PILOT-2011004581__G__gpt4o-mini__rep2.json	PILOT-2011004581	G	2	7	3341	2852	1400	3160	0.443	
PILOT-2011004581__G__gpt5.4__rep0.json	PILOT-2011004581	G	0	11	3341	3599	484	3160	0.1532	
PILOT-2011004581__G__gpt5.4__rep1.json	PILOT-2011004581	G	1	11	3341	3368	266	3160	0.0842	
PILOT-2011004581__G__gpt5.4__rep2.json	PILOT-2011004581	G	2	11	3341	3638	496	3160	0.157	
PILOT-2011004581__G__haiku4.5__rep0.json	PILOT-2011004581	G	0	11	3341	4222	1027	3160	0.325	
PILOT-2011004581__G__haiku4.5__rep1.json	PILOT-2011004581	G	1	11	3341	4227	1039	3160	0.3288	
PILOT-2011004581__G__haiku4.5__rep2.json	PILOT-2011004581	G	2	11	3341	4097	930	3160	0.2943	
PILOT-2011004581__G__sonnet4__rep0.json	PILOT-2011004581	G	0	11	3341	3823	692	3160	0.219	
PILOT-2011004581__G__sonnet4__rep1.json	PILOT-2011004581	G	1	11	3341	3967	835	3160	0.2642	
PILOT-2011004581__G__sonnet4__rep2.json	PILOT-2011004581	G	2	11	3341	3656	536	3160	0.1696	
PILOT-2011004581__baseline__gpt4o-mini__rep0.json	PILOT-2011004581	baseline	0	7	3341	2954	1538	3160	0.4867	
PILOT-2011004581__baseline__gpt4o-mini__rep1.json	PILOT-2011004581	baseline	1	7	3341	2623	1287	3160	0.4073	
PILOT-2011004581__baseline__gpt4o-mini__rep2.json	PILOT-2011004581	baseline	2	8	3341	3176	1300	3160	0.4114	
PILOT-2011004581__baseline__gpt5.4__rep0.json	PILOT-2011004581	baseline	0	11	3341	3783	643	3160	0.2035	
PILOT-2011004581__baseline__gpt5.4__rep1.json	PILOT-2011004581	baseline	1	11	3341	3775	633	3160	0.2003	
PILOT-2011004581__baseline__gpt5.4__rep2.json	PILOT-2011004581	baseline	2	11	3341	3770	619	3160	0.1959	
PILOT-2011004581__baseline__haiku4.5__rep0.json	PILOT-2011004581	baseline	0	11	3341	4337	1201	3160	0.3801	
PILOT-2011004581__baseline__haiku4.5__rep1.json	PILOT-2011004581	baseline	1	11	3341	3791	663	3160	0.2098	
PILOT-2011004581__baseline__haiku4.5__rep2.json	PILOT-2011004581	baseline	2	11	3341	4123	967	3160	0.306	
PILOT-2011004581__baseline__sonnet4__rep0.json	PILOT-2011004581	baseline	0	11	3341	3946	800	3160	0.2532	
PILOT-2011004581__baseline__sonnet4__rep1.json	PILOT-2011004581	baseline	1	11	3341	3927	798	3160	0.2525	
PILOT-2011004581__baseline__sonnet4__rep2.json	PILOT-2011004581	baseline	2	11	3341	4019	836	3160	0.2646	
PILOT-2011007474__A__gpt4o-mini__rep0.json	PILOT-2011007474	A	0	8	4898	2235	2939	2042	1.4393	
PILOT-2011007474__A__gpt4o-mini__rep1.json	PILOT-2011007474	A	1	0			None		None	no_gen
PILOT-2011007474__A__gpt4o-mini__rep2.json	PILOT-2011007474	A	2	0			None		None	no_gen
PILOT-2011007474__A__gpt5.4__rep0.json	PILOT-2011007474	A	0	14	4898	2639	2600	2042	1.2733	
PILOT-2011007474__A__gpt5.4__rep1.json	PILOT-2011007474	A	1	14	4898	2601	2584	2042	1.2654	
PILOT-2011007474__A__gpt5.4__rep2.json	PILOT-2011007474	A	2	14	4898	2597	2478	2042	1.2135	
PILOT-2011007474__A__haiku4.5__rep0.json	PILOT-2011007474	A	0	14	4898	3744	2858	2042	1.3996	
PILOT-2011007474__A__haiku4.5__rep1.json	PILOT-2011007474	A	1	14	4898	1824	3382	2042	1.6562	
PILOT-2011007474__A__haiku4.5__rep2.json	PILOT-2011007474	A	2	14	4898	3654	2807	2042	1.3746	
PILOT-2011007474__A__sonnet4__rep0.json	PILOT-2011007474	A	0	14	4898	2492	2466	2042	1.2076	
PILOT-2011007474__A__sonnet4__rep1.json	PILOT-2011007474	A	1	14	4898	2492	2466	2042	1.2076	
PILOT-2011007474__A__sonnet4__rep2.json	PILOT-2011007474	A	2	14	4898	2471	2529	2042	1.2385	
PILOT-2011007474__B__gpt4o-mini__rep0.json	PILOT-2011007474	B	0	4	4898	1643	3409	2042	1.6694	
PILOT-2011007474__B__gpt4o-mini__rep1.json	PILOT-2011007474	B	1	0			None		None	no_gen
PILOT-2011007474__B__gpt4o-mini__rep2.json	PILOT-2011007474	B	2	0			None		None	no_gen
PILOT-2011007474__B__gpt5.4__rep0.json	PILOT-2011007474	B	0	14	4898	3110	2437	2042	1.1934	
PILOT-2011007474__B__gpt5.4__rep1.json	PILOT-2011007474	B	1	14	4898	2648	2462	2042	1.2057	
PILOT-2011007474__B__gpt5.4__rep2.json	PILOT-2011007474	B	2	14	4898	2905	2470	2042	1.2096	
PILOT-2011007474__B__haiku4.5__rep0.json	PILOT-2011007474	B	0	14	4898	3984	2684	2042	1.3144	
PILOT-2011007474__B__haiku4.5__rep1.json	PILOT-2011007474	B	1	14	4898	3850	2855	2042	1.3981	
PILOT-2011007474__B__haiku4.5__rep2.json	PILOT-2011007474	B	2	14	4898	4235	2887	2042	1.4138	
PILOT-2011007474__B__sonnet4__rep0.json	PILOT-2011007474	B	0	14	4898	2748	2458	2042	1.2037	
PILOT-2011007474__B__sonnet4__rep1.json	PILOT-2011007474	B	1	14	4898	2637	2445	2042	1.1974	
PILOT-2011007474__B__sonnet4__rep2.json	PILOT-2011007474	B	2	14	4898	3006	2601	2042	1.2738	
PILOT-2011007474__C__gpt4o-mini__rep0.json	PILOT-2011007474	C	0	14	4898	2904	2440	2042	1.1949	
PILOT-2011007474__C__gpt4o-mini__rep1.json	PILOT-2011007474	C	1	8	4898	2679	2794	2042	1.3683	
PILOT-2011007474__C__gpt4o-mini__rep2.json	PILOT-2011007474	C	2	14	4898	3652	2602	2042	1.2742	
PILOT-2011007474__C__gpt5.4__rep0.json	PILOT-2011007474	C	0	14	4898	2690	2425	2042	1.1876	
PILOT-2011007474__C__gpt5.4__rep1.json	PILOT-2011007474	C	1	14	4898	3089	2374	2042	1.1626	
PILOT-2011007474__C__gpt5.4__rep2.json	PILOT-2011007474	C	2	14	4898	2794	2431	2042	1.1905	
PILOT-2011007474__C__haiku4.5__rep0.json	PILOT-2011007474	C	0	14	4898	4078	2746	2042	1.3448	
PILOT-2011007474__C__haiku4.5__rep1.json	PILOT-2011007474	C	1	14	4898	4036	2904	2042	1.4221	
PILOT-2011007474__C__haiku4.5__rep2.json	PILOT-2011007474	C	2	14	4898	3662	2708	2042	1.3262	
PILOT-2011007474__C__sonnet4__rep0.json	PILOT-2011007474	C	0	14	4898	2881	2499	2042	1.2238	
PILOT-2011007474__C__sonnet4__rep1.json	PILOT-2011007474	C	1	14	4898	2492	2466	2042	1.2076	
PILOT-2011007474__C__sonnet4__rep2.json	PILOT-2011007474	C	2	14	4898	2759	2387	2042	1.169	
PILOT-2011007474__D__gpt4o-mini__rep0.json	PILOT-2011007474	D	0	0			None		None	no_gen
PILOT-2011007474__D__gpt4o-mini__rep1.json	PILOT-2011007474	D	1	0			None		None	no_gen
PILOT-2011007474__D__gpt4o-mini__rep2.json	PILOT-2011007474	D	2	0			None		None	no_gen
PILOT-2011007474__D__gpt5.4__rep0.json	PILOT-2011007474	D	0	14	4898	2493	2617	2042	1.2816	
PILOT-2011007474__D__gpt5.4__rep1.json	PILOT-2011007474	D	1	14	4898	2493	2617	2042	1.2816	
PILOT-2011007474__D__gpt5.4__rep2.json	PILOT-2011007474	D	2	14	4898	2895	2473	2042	1.2111	
PILOT-2011007474__D__haiku4.5__rep0.json	PILOT-2011007474	D	0	14	4898	4617	2961	2042	1.45	
PILOT-2011007474__D__haiku4.5__rep1.json	PILOT-2011007474	D	1	14	4898	3999	2792	2042	1.3673	
PILOT-2011007474__D__haiku4.5__rep2.json	PILOT-2011007474	D	2	14	4898	3603	2870	2042	1.4055	
PILOT-2011007474__D__sonnet4__rep0.json	PILOT-2011007474	D	0	14	4898	2682	2470	2042	1.2096	
PILOT-2011007474__D__sonnet4__rep1.json	PILOT-2011007474	D	1	14	4898	2591	2340	2042	1.1459	
PILOT-2011007474__D__sonnet4__rep2.json	PILOT-2011007474	D	2	14	4898	2584	2333	2042	1.1425	
PILOT-2011007474__E__gpt4o-mini__rep0.json	PILOT-2011007474	E	0	14	4898	2683	2446	2042	1.1978	
PILOT-2011007474__E__gpt4o-mini__rep1.json	PILOT-2011007474	E	1	0			None		None	no_gen
PILOT-2011007474__E__gpt4o-mini__rep2.json	PILOT-2011007474	E	2	14	4898	2795	2525	2042	1.2365	
PILOT-2011007474__E__gpt5.4__rep0.json	PILOT-2011007474	E	0	14	4898	2762	2406	2042	1.1783	
PILOT-2011007474__E__gpt5.4__rep1.json	PILOT-2011007474	E	1	14	4898	2884	2528	2042	1.238	
PILOT-2011007474__E__gpt5.4__rep2.json	PILOT-2011007474	E	2	14	4898	2799	2435	2042	1.1925	
PILOT-2011007474__E__haiku4.5__rep0.json	PILOT-2011007474	E	0	14	4898	3901	2746	2042	1.3448	
PILOT-2011007474__E__haiku4.5__rep1.json	PILOT-2011007474	E	1	14	4898	3552	2829	2042	1.3854	
PILOT-2011007474__E__haiku4.5__rep2.json	PILOT-2011007474	E	2	14	4898	3778	2831	2042	1.3864	
PILOT-2011007474__E__sonnet4__rep0.json	PILOT-2011007474	E	0	14	4898	2672	2415	2042	1.1827	
PILOT-2011007474__E__sonnet4__rep1.json	PILOT-2011007474	E	1	14	4898	2839	2545	2042	1.2463	
PILOT-2011007474__E__sonnet4__rep2.json	PILOT-2011007474	E	2	14	4898	2514	2555	2042	1.2512	
PILOT-2011007474__F__gpt4o-mini__rep0.json	PILOT-2011007474	F	0	0			None		None	no_gen
PILOT-2011007474__F__gpt4o-mini__rep1.json	PILOT-2011007474	F	1	0			None		None	no_gen
PILOT-2011007474__F__gpt4o-mini__rep2.json	PILOT-2011007474	F	2	0			None		None	no_gen
PILOT-2011007474__F__gpt5.4__rep0.json	PILOT-2011007474	F	0	14	4898	2560	2422	2042	1.1861	
PILOT-2011007474__F__gpt5.4__rep1.json	PILOT-2011007474	F	1	14	4898	2650	2464	2042	1.2067	
PILOT-2011007474__F__gpt5.4__rep2.json	PILOT-2011007474	F	2	14	4898	2493	2617	2042	1.2816	
PILOT-2011007474__F__haiku4.5__rep0.json	PILOT-2011007474	F	0	14	4898	2013	3277	2042	1.6048	
PILOT-2011007474__F__haiku4.5__rep1.json	PILOT-2011007474	F	1	14	4898	2015	3266	2042	1.5994	
PILOT-2011007474__F__haiku4.5__rep2.json	PILOT-2011007474	F	2	14	4898	3326	2771	2042	1.357	
PILOT-2011007474__F__sonnet4__rep0.json	PILOT-2011007474	F	0	14	4898	2759	2387	2042	1.169	
PILOT-2011007474__F__sonnet4__rep1.json	PILOT-2011007474	F	1	14	4898	2763	2386	2042	1.1685	
PILOT-2011007474__F__sonnet4__rep2.json	PILOT-2011007474	F	2	14	4898	2763	2386	2042	1.1685	
PILOT-2011007474__G__gpt4o-mini__rep0.json	PILOT-2011007474	G	0	0			None		None	no_gen
PILOT-2011007474__G__gpt4o-mini__rep1.json	PILOT-2011007474	G	1	0			None		None	no_gen
PILOT-2011007474__G__gpt4o-mini__rep2.json	PILOT-2011007474	G	2	0			None		None	no_gen
PILOT-2011007474__G__gpt5.4__rep0.json	PILOT-2011007474	G	0	14	4898	2564	2409	2042	1.1797	
PILOT-2011007474__G__gpt5.4__rep1.json	PILOT-2011007474	G	1	14	4898	2548	2393	2042	1.1719	
PILOT-2011007474__G__gpt5.4__rep2.json	PILOT-2011007474	G	2	14	4898	2548	2393	2042	1.1719	
PILOT-2011007474__G__haiku4.5__rep0.json	PILOT-2011007474	G	0	22	4898	4798	1481	2042	0.7253	
PILOT-2011007474__G__haiku4.5__rep1.json	PILOT-2011007474	G	1	14	4898	3568	2907	2042	1.4236	
PILOT-2011007474__G__haiku4.5__rep2.json	PILOT-2011007474	G	2	22	4898	4975	1483	2042	0.7262	
PILOT-2011007474__G__sonnet4__rep0.json	PILOT-2011007474	G	0	14	4898	2640	2384	2042	1.1675	
PILOT-2011007474__G__sonnet4__rep1.json	PILOT-2011007474	G	1	14	4898	2640	2384	2042	1.1675	
PILOT-2011007474__G__sonnet4__rep2.json	PILOT-2011007474	G	2	14	4898	2797	2445	2042	1.1974	
PILOT-2011007474__baseline__gpt4o-mini__rep0.json	PILOT-2011007474	baseline	0	0			None		None	no_gen
PILOT-2011007474__baseline__gpt4o-mini__rep1.json	PILOT-2011007474	baseline	1	0			None		None	no_gen
PILOT-2011007474__baseline__gpt4o-mini__rep2.json	PILOT-2011007474	baseline	2	0			None		None	no_gen
PILOT-2011007474__baseline__gpt5.4__rep0.json	PILOT-2011007474	baseline	0	14	4898	2648	2462	2042	1.2057	
PILOT-2011007474__baseline__gpt5.4__rep1.json	PILOT-2011007474	baseline	1	14	4898	2648	2462	2042	1.2057	
PILOT-2011007474__baseline__gpt5.4__rep2.json	PILOT-2011007474	baseline	2	14	4898	2368	2648	2042	1.2968	
PILOT-2011007474__baseline__haiku4.5__rep0.json	PILOT-2011007474	baseline	0	14	4898	3771	2776	2042	1.3595	
PILOT-2011007474__baseline__haiku4.5__rep1.json	PILOT-2011007474	baseline	1	14	4898	3804	2901	2042	1.4207	
PILOT-2011007474__baseline__haiku4.5__rep2.json	PILOT-2011007474	baseline	2	14	4898	4357	2998	2042	1.4682	
PILOT-2011007474__baseline__sonnet4__rep0.json	PILOT-2011007474	baseline	0	14	4898	2769	2392	2042	1.1714	
PILOT-2011007474__baseline__sonnet4__rep1.json	PILOT-2011007474	baseline	1	14	4898	2676	2256	2042	1.1048	
PILOT-2011007474__baseline__sonnet4__rep2.json	PILOT-2011007474	baseline	2	14	4898	2584	2333	2042	1.1425	
PILOT-2011008843__A__gpt4o-mini__rep0.json	PILOT-2011008843	A	0	30	10128	10408	514	4255	0.1208	
PILOT-2011008843__A__gpt4o-mini__rep1.json	PILOT-2011008843	A	1	30	10128	10035	141	4255	0.0331	
PILOT-2011008843__A__gpt4o-mini__rep2.json	PILOT-2011008843	A	2	30	10128	10028	134	4255	0.0315	
PILOT-2011008843__A__gpt5.4__rep0.json	PILOT-2011008843	A	0	7	10128	2692	7437	4255	1.7478	
PILOT-2011008843__A__gpt5.4__rep1.json	PILOT-2011008843	A	1	7	10128	2595	7534	4255	1.7706	
PILOT-2011008843__A__gpt5.4__rep2.json	PILOT-2011008843	A	2	7	10128	2788	7341	4255	1.7253	
PILOT-2011008843__A__haiku4.5__rep0.json	PILOT-2011008843	A	0	30	10128	4877	5511	4255	1.2952	
PILOT-2011008843__A__haiku4.5__rep1.json	PILOT-2011008843	A	1	16	10128	4121	6188	4255	1.4543	
PILOT-2011008843__A__haiku4.5__rep2.json	PILOT-2011008843	A	2	19	10128	2230	7900	4255	1.8566	
PILOT-2011008843__A__sonnet4__rep0.json	PILOT-2011008843	A	0	30	10128	10306	402	4255	0.0945	
PILOT-2011008843__A__sonnet4__rep1.json	PILOT-2011008843	A	1	7	10128	3134	7013	4255	1.6482	
PILOT-2011008843__A__sonnet4__rep2.json	PILOT-2011008843	A	2	20	10128	6737	3719	4255	0.874	
PILOT-2011008843__B__gpt4o-mini__rep0.json	PILOT-2011008843	B	0	30	10128	10028	134	4255	0.0315	
PILOT-2011008843__B__gpt4o-mini__rep1.json	PILOT-2011008843	B	1	4	10128	1334	8795	4255	2.067	
PILOT-2011008843__B__gpt4o-mini__rep2.json	PILOT-2011008843	B	2	2	10128	820	9308	4255	2.1875	
PILOT-2011008843__B__gpt5.4__rep0.json	PILOT-2011008843	B	0	30	10128	9978	600	4255	0.141	
PILOT-2011008843__B__gpt5.4__rep1.json	PILOT-2011008843	B	1	30	10128	10051	147	4255	0.0345	
PILOT-2011008843__B__gpt5.4__rep2.json	PILOT-2011008843	B	2	30	10128	10090	488	4255	0.1147	
PILOT-2011008843__B__haiku4.5__rep0.json	PILOT-2011008843	B	0	1	10128	716	9412	4255	2.212	
PILOT-2011008843__B__haiku4.5__rep1.json	PILOT-2011008843	B	1	1	10128	716	9412	4255	2.212	
PILOT-2011008843__B__haiku4.5__rep2.json	PILOT-2011008843	B	2	1	10128	717	9411	4255	2.2118	
PILOT-2011008843__B__sonnet4__rep0.json	PILOT-2011008843	B	0	30	10128	10135	231	4255	0.0543	
PILOT-2011008843__B__sonnet4__rep1.json	PILOT-2011008843	B	1	1	10128	816	9312	4255	2.1885	
PILOT-2011008843__B__sonnet4__rep2.json	PILOT-2011008843	B	2	1	10128	816	9312	4255	2.1885	
PILOT-2011008843__C__gpt4o-mini__rep0.json	PILOT-2011008843	C	0	4	10128	1422	8711	4255	2.0472	
PILOT-2011008843__C__gpt4o-mini__rep1.json	PILOT-2011008843	C	1	2	10128	1245	8883	4255	2.0877	
PILOT-2011008843__C__gpt4o-mini__rep2.json	PILOT-2011008843	C	2	2	10128	1257	8871	4255	2.0848	
PILOT-2011008843__C__gpt5.4__rep0.json	PILOT-2011008843	C	0	18	10128	6050	4148	4255	0.9749	
PILOT-2011008843__C__gpt5.4__rep1.json	PILOT-2011008843	C	1	18	10128	5963	4243	4255	0.9972	
PILOT-2011008843__C__gpt5.4__rep2.json	PILOT-2011008843	C	2	19	10128	6517	4084	4255	0.9598	
PILOT-2011008843__C__haiku4.5__rep0.json	PILOT-2011008843	C	0	18	10128	5210	5398	4255	1.2686	
PILOT-2011008843__C__haiku4.5__rep1.json	PILOT-2011008843	C	1	22	10128	5005	5475	4255	1.2867	
PILOT-2011008843__C__haiku4.5__rep2.json	PILOT-2011008843	C	2	19	10128	4856	5617	4255	1.3201	
PILOT-2011008843__C__sonnet4__rep0.json	PILOT-2011008843	C	0	7	10128	2792	7353	4255	1.7281	
PILOT-2011008843__C__sonnet4__rep1.json	PILOT-2011008843	C	1	7	10128	3134	7013	4255	1.6482	
PILOT-2011008843__C__sonnet4__rep2.json	PILOT-2011008843	C	2	20	10128	6685	3874	4255	0.9105	
PILOT-2011008843__D__gpt4o-mini__rep0.json	PILOT-2011008843	D	0	30	10128	10304	404	4255	0.0949	
PILOT-2011008843__D__gpt4o-mini__rep1.json	PILOT-2011008843	D	1	2	10128	1561	8583	4255	2.0172	
PILOT-2011008843__D__gpt4o-mini__rep2.json	PILOT-2011008843	D	2	2	10128	855	9273	4255	2.1793	
PILOT-2011008843__D__gpt5.4__rep0.json	PILOT-2011008843	D	0	19	10128	6350	4104	4255	0.9645	
PILOT-2011008843__D__gpt5.4__rep1.json	PILOT-2011008843	D	1	7	10128	2589	7540	4255	1.772	
PILOT-2011008843__D__gpt5.4__rep2.json	PILOT-2011008843	D	2	18	10128	6030	4170	4255	0.98	
PILOT-2011008843__D__haiku4.5__rep0.json	PILOT-2011008843	D	0	18	10128	4683	5653	4255	1.3286	
PILOT-2011008843__D__haiku4.5__rep1.json	PILOT-2011008843	D	1	19	10128	2326	7809	4255	1.8353	
PILOT-2011008843__D__haiku4.5__rep2.json	PILOT-2011008843	D	2	18	10128	5027	5471	4255	1.2858	
PILOT-2011008843__D__sonnet4__rep0.json	PILOT-2011008843	D	0	30	10128	10928	1024	4255	0.2407	
PILOT-2011008843__D__sonnet4__rep1.json	PILOT-2011008843	D	1	30	10128	6735	3915	4255	0.9201	
PILOT-2011008843__D__sonnet4__rep2.json	PILOT-2011008843	D	2	7	10128	3012	7188	4255	1.6893	
PILOT-2011008843__E__gpt4o-mini__rep0.json	PILOT-2011008843	E	0	1	10128	877	9251	4255	2.1741	
PILOT-2011008843__E__gpt4o-mini__rep1.json	PILOT-2011008843	E	1	1	10128	1059	9069	4255	2.1314	
PILOT-2011008843__E__gpt4o-mini__rep2.json	PILOT-2011008843	E	2	1	10128	877	9251	4255	2.1741	
PILOT-2011008843__E__gpt5.4__rep0.json	PILOT-2011008843	E	0	19	10128	6419	3991	4255	0.938	
PILOT-2011008843__E__gpt5.4__rep1.json	PILOT-2011008843	E	1	5	10128	1605	8523	4255	2.0031	
PILOT-2011008843__E__gpt5.4__rep2.json	PILOT-2011008843	E	2	19	10128	6419	3991	4255	0.938	
PILOT-2011008843__E__haiku4.5__rep0.json	PILOT-2011008843	E	0	18	10128	1517	8612	4255	2.024	
PILOT-2011008843__E__haiku4.5__rep1.json	PILOT-2011008843	E	1	18	10128	1517	8612	4255	2.024	
PILOT-2011008843__E__haiku4.5__rep2.json	PILOT-2011008843	E	2	18	10128	1517	8612	4255	2.024	
PILOT-2011008843__E__sonnet4__rep0.json	PILOT-2011008843	E	0	1	10128	706	9422	4255	2.2143	
PILOT-2011008843__E__sonnet4__rep1.json	PILOT-2011008843	E	1	1	10128	706	9422	4255	2.2143	
PILOT-2011008843__E__sonnet4__rep2.json	PILOT-2011008843	E	2	1	10128	706	9422	4255	2.2143	
PILOT-2011008843__F__gpt4o-mini__rep0.json	PILOT-2011008843	F	0	6	10128	2604	7525	4255	1.7685	
PILOT-2011008843__F__gpt4o-mini__rep1.json	PILOT-2011008843	F	1	2	10128	1231	8897	4255	2.091	
PILOT-2011008843__F__gpt4o-mini__rep2.json	PILOT-2011008843	F	2	7	10128	2816	7331	4255	1.7229	
PILOT-2011008843__F__gpt5.4__rep0.json	PILOT-2011008843	F	0	18	10128	5959	4239	4255	0.9962	
PILOT-2011008843__F__gpt5.4__rep1.json	PILOT-2011008843	F	1	18	10128	5959	4239	4255	0.9962	
PILOT-2011008843__F__gpt5.4__rep2.json	PILOT-2011008843	F	2	19	10128	6222	3976	4255	0.9344	
PILOT-2011008843__F__haiku4.5__rep0.json	PILOT-2011008843	F	0	19	10128	5107	5396	4255	1.2682	
PILOT-2011008843__F__haiku4.5__rep1.json	PILOT-2011008843	F	1	19	10128	4640	5656	4255	1.3293	
PILOT-2011008843__F__haiku4.5__rep2.json	PILOT-2011008843	F	2	19	10128	4995	5432	4255	1.2766	
PILOT-2011008843__F__sonnet4__rep0.json	PILOT-2011008843	F	0	20	10128	6584	3818	4255	0.8973	
PILOT-2011008843__F__sonnet4__rep1.json	PILOT-2011008843	F	1	20	10128	6584	3818	4255	0.8973	
PILOT-2011008843__F__sonnet4__rep2.json	PILOT-2011008843	F	2	20	10128	6584	3818	4255	0.8973	
PILOT-2011008843__G__gpt4o-mini__rep0.json	PILOT-2011008843	G	0	1	10128	893	9235	4255	2.1704	
PILOT-2011008843__G__gpt4o-mini__rep1.json	PILOT-2011008843	G	1	1	10128	722	9406	4255	2.2106	
PILOT-2011008843__G__gpt4o-mini__rep2.json	PILOT-2011008843	G	2	1	10128	600	9528	4255	2.2392	
PILOT-2011008843__G__gpt5.4__rep0.json	PILOT-2011008843	G	0	19	10128	6145	4333	4255	1.0183	
PILOT-2011008843__G__gpt5.4__rep1.json	PILOT-2011008843	G	1	7	10128	2590	7539	4255	1.7718	
PILOT-2011008843__G__gpt5.4__rep2.json	PILOT-2011008843	G	2	7	10128	2780	7349	4255	1.7271	
PILOT-2011008843__G__haiku4.5__rep0.json	PILOT-2011008843	G	0	19	10128	4794	5570	4255	1.309	
PILOT-2011008843__G__haiku4.5__rep1.json	PILOT-2011008843	G	1	18	10128	4462	5842	4255	1.373	
PILOT-2011008843__G__haiku4.5__rep2.json	PILOT-2011008843	G	2	30	10128	10995	1085	4255	0.255	
PILOT-2011008843__G__sonnet4__rep0.json	PILOT-2011008843	G	0	30	10128	10153	249	4255	0.0585	
PILOT-2011008843__G__sonnet4__rep1.json	PILOT-2011008843	G	1	30	10128	8128	2216	4255	0.5208	
PILOT-2011008843__G__sonnet4__rep2.json	PILOT-2011008843	G	2	1	10128	724	9404	4255	2.2101	
PILOT-2011008843__baseline__gpt4o-mini__rep0.json	PILOT-2011008843	baseline	0	1	10128	626	9502	4255	2.2331	
PILOT-2011008843__baseline__gpt4o-mini__rep1.json	PILOT-2011008843	baseline	1	30	10128	10035	141	4255	0.0331	
PILOT-2011008843__baseline__gpt4o-mini__rep2.json	PILOT-2011008843	baseline	2	30	10128	10372	478	4255	0.1123	
PILOT-2011008843__baseline__gpt5.4__rep0.json	PILOT-2011008843	baseline	0	7	10128	2696	7433	4255	1.7469	
PILOT-2011008843__baseline__gpt5.4__rep1.json	PILOT-2011008843	baseline	1	19	10128	6221	3975	4255	0.9342	
PILOT-2011008843__baseline__gpt5.4__rep2.json	PILOT-2011008843	baseline	2	7	10128	2595	7534	4255	1.7706	
PILOT-2011008843__baseline__haiku4.5__rep0.json	PILOT-2011008843	baseline	0	19	10128	2230	7900	4255	1.8566	
PILOT-2011008843__baseline__haiku4.5__rep1.json	PILOT-2011008843	baseline	1	19	10128	1475	8654	4255	2.0338	
PILOT-2011008843__baseline__haiku4.5__rep2.json	PILOT-2011008843	baseline	2	19	10128	5049	5308	4255	1.2475	
PILOT-2011008843__baseline__sonnet4__rep0.json	PILOT-2011008843	baseline	0	7	10128	3134	7013	4255	1.6482	
PILOT-2011008843__baseline__sonnet4__rep1.json	PILOT-2011008843	baseline	1	7	10128	3134	7013	4255	1.6482	
PILOT-2011008843__baseline__sonnet4__rep2.json	PILOT-2011008843	baseline	2	7	10128	3134	7013	4255	1.6482	
PILOT-2011009182__A__gpt4o-mini__rep0.json	PILOT-2011009182	A	0	8	11499	4498	7523	3718	2.0234	
PILOT-2011009182__A__gpt4o-mini__rep1.json	PILOT-2011009182	A	1	8	11499	3945	7565	3718	2.0347	
PILOT-2011009182__A__gpt4o-mini__rep2.json	PILOT-2011009182	A	2	8	11499	4273	7641	3718	2.0551	
PILOT-2011009182__A__gpt5.4__rep0.json	PILOT-2011009182	A	0	17	11499	10030	2674	3718	0.7192	
PILOT-2011009182__A__gpt5.4__rep1.json	PILOT-2011009182	A	1	18	11499	10703	2229	3718	0.5995	
PILOT-2011009182__A__gpt5.4__rep2.json	PILOT-2011009182	A	2	23	11499	12477	1063	3718	0.2859	
PILOT-2011009182__A__haiku4.5__rep0.json	PILOT-2011009182	A	0	17	11499	10804	4130	3718	1.1108	
PILOT-2011009182__A__haiku4.5__rep1.json	PILOT-2011009182	A	1	17	11499	10413	3311	3718	0.8905	
PILOT-2011009182__A__haiku4.5__rep2.json	PILOT-2011009182	A	2	17	11499	10452	3536	3718	0.951	
PILOT-2011009182__A__sonnet4__rep0.json	PILOT-2011009182	A	0	23	11499	12242	802	3718	0.2157	
PILOT-2011009182__A__sonnet4__rep1.json	PILOT-2011009182	A	1	23	11499	19795	8640	3718	2.3238	
PILOT-2011009182__A__sonnet4__rep2.json	PILOT-2011009182	A	2	23	11499	11461	39	3718	0.0105	
PILOT-2011009182__B__gpt4o-mini__rep0.json	PILOT-2011009182	B	0	8	11499	4835	7267	3718	1.9545	
PILOT-2011009182__B__gpt4o-mini__rep1.json	PILOT-2011009182	B	1	8	11499	4926	7208	3718	1.9387	
PILOT-2011009182__B__gpt4o-mini__rep2.json	PILOT-2011009182	B	2	8	11499	4917	7214	3718	1.9403	
PILOT-2011009182__B__gpt5.4__rep0.json	PILOT-2011009182	B	0	23	11499	12473	1046	3718	0.2813	
PILOT-2011009182__B__gpt5.4__rep1.json	PILOT-2011009182	B	1	23	11499	12063	636	3718	0.1711	
PILOT-2011009182__B__gpt5.4__rep2.json	PILOT-2011009182	B	2	17	11499	9362	2521	3718	0.6781	
PILOT-2011009182__B__haiku4.5__rep0.json	PILOT-2011009182	B	0	18	11499	12248	3911	3718	1.0519	
PILOT-2011009182__B__haiku4.5__rep1.json	PILOT-2011009182	B	1	17	11499	11132	3701	3718	0.9954	
PILOT-2011009182__B__haiku4.5__rep2.json	PILOT-2011009182	B	2	17	11499	11048	3783	3718	1.0175	
PILOT-2011009182__B__sonnet4__rep0.json	PILOT-2011009182	B	0	23	11499	11739	317	3718	0.0853	
PILOT-2011009182__B__sonnet4__rep1.json	PILOT-2011009182	B	1	23	11499	15925	4477	3718	1.2041	
PILOT-2011009182__B__sonnet4__rep2.json	PILOT-2011009182	B	2	23	11499	16841	5393	3718	1.4505	
PILOT-2011009182__C__gpt4o-mini__rep0.json	PILOT-2011009182	C	0	8	11499	4250	7395	3718	1.989	
PILOT-2011009182__C__gpt4o-mini__rep1.json	PILOT-2011009182	C	1	8	11499	4979	7195	3718	1.9352	
PILOT-2011009182__C__gpt4o-mini__rep2.json	PILOT-2011009182	C	2	8	11499	4399	7282	3718	1.9586	
PILOT-2011009182__C__gpt5.4__rep0.json	PILOT-2011009182	C	0	17	11499	10012	2668	3718	0.7176	
PILOT-2011009182__C__gpt5.4__rep1.json	PILOT-2011009182	C	1	23	11499	13095	1668	3718	0.4486	
PILOT-2011009182__C__gpt5.4__rep2.json	PILOT-2011009182	C	2	23	11499	12495	1068	3718	0.2873	
PILOT-2011009182__C__haiku4.5__rep0.json	PILOT-2011009182	C	0	17	11499	10779	3564	3718	0.9586	
PILOT-2011009182__C__haiku4.5__rep1.json	PILOT-2011009182	C	1	17	11499	11617	4201	3718	1.1299	
PILOT-2011009182__C__haiku4.5__rep2.json	PILOT-2011009182	C	2	17	11499	11200	3877	3718	1.0428	
PILOT-2011009182__C__sonnet4__rep0.json	PILOT-2011009182	C	0	23	11499	11973	551	3718	0.1482	
PILOT-2011009182__C__sonnet4__rep1.json	PILOT-2011009182	C	1	23	11499	20025	8993	3718	2.4188	
PILOT-2011009182__C__sonnet4__rep2.json	PILOT-2011009182	C	2	23	11499	20039	9043	3718	2.4322	
PILOT-2011009182__D__gpt4o-mini__rep0.json	PILOT-2011009182	D	0	8	11499	4753	7327	3718	1.9707	
PILOT-2011009182__D__gpt4o-mini__rep1.json	PILOT-2011009182	D	1	8	11499	4287	7412	3718	1.9935	
PILOT-2011009182__D__gpt4o-mini__rep2.json	PILOT-2011009182	D	2	8	11499	4163	7496	3718	2.0161	
PILOT-2011009182__D__gpt5.4__rep0.json	PILOT-2011009182	D	0	23	11499	12483	1056	3718	0.284	
PILOT-2011009182__D__gpt5.4__rep1.json	PILOT-2011009182	D	1	23	11499	11855	432	3718	0.1162	
PILOT-2011009182__D__gpt5.4__rep2.json	PILOT-2011009182	D	2	23	11499	12483	1056	3718	0.284	
PILOT-2011009182__D__haiku4.5__rep0.json	PILOT-2011009182	D	0	18	11499	11780	3699	3718	0.9949	
PILOT-2011009182__D__haiku4.5__rep1.json	PILOT-2011009182	D	1	23	11499	14435	3003	3718	0.8077	
PILOT-2011009182__D__haiku4.5__rep2.json	PILOT-2011009182	D	2	17	11499	11423	4071	3718	1.0949	
PILOT-2011009182__D__sonnet4__rep0.json	PILOT-2011009182	D	0	23	11499	16688	5240	3718	1.4094	
PILOT-2011009182__D__sonnet4__rep1.json	PILOT-2011009182	D	1	18	11499	12003	3639	3718	0.9788	
PILOT-2011009182__D__sonnet4__rep2.json	PILOT-2011009182	D	2	23	11499	16277	4829	3718	1.2988	
PILOT-2011009182__E__gpt4o-mini__rep0.json	PILOT-2011009182	E	0	8	11499	4358	7314	3718	1.9672	
PILOT-2011009182__E__gpt4o-mini__rep1.json	PILOT-2011009182	E	1	8	11499	4861	7259	3718	1.9524	
PILOT-2011009182__E__gpt4o-mini__rep2.json	PILOT-2011009182	E	2	8	11499	4841	7249	3718	1.9497	
PILOT-2011009182__E__gpt5.4__rep0.json	PILOT-2011009182	E	0	18	11499	10601	2113	3718	0.5683	
PILOT-2011009182__E__gpt5.4__rep1.json	PILOT-2011009182	E	1	23	11499	11631	209	3718	0.0562	
PILOT-2011009182__E__gpt5.4__rep2.json	PILOT-2011009182	E	2	23	11499	11631	208	3718	0.0559	
PILOT-2011009182__E__haiku4.5__rep0.json	PILOT-2011009182	E	0	17	11499	11270	3726	3718	1.0022	
PILOT-2011009182__E__haiku4.5__rep1.json	PILOT-2011009182	E	1	17	11499	11353	4057	3718	1.0912	
PILOT-2011009182__E__haiku4.5__rep2.json	PILOT-2011009182	E	2	17	11499	10635	3293	3718	0.8857	
PILOT-2011009182__E__sonnet4__rep0.json	PILOT-2011009182	E	0	23	11499	15925	4477	3718	1.2041	
PILOT-2011009182__E__sonnet4__rep1.json	PILOT-2011009182	E	1	23	11499	15925	4477	3718	1.2041	
PILOT-2011009182__E__sonnet4__rep2.json	PILOT-2011009182	E	2	23	11499	15925	4477	3718	1.2041	
PILOT-2011009182__F__gpt4o-mini__rep0.json	PILOT-2011009182	F	0	8	11499	4247	7392	3718	1.9882	
PILOT-2011009182__F__gpt4o-mini__rep1.json	PILOT-2011009182	F	1	8	11499	4246	7429	3718	1.9981	
PILOT-2011009182__F__gpt4o-mini__rep2.json	PILOT-2011009182	F	2	8	11499	4889	7233	3718	1.9454	
PILOT-2011009182__F__gpt5.4__rep0.json	PILOT-2011009182	F	0	23	11499	12483	1056	3718	0.284	
PILOT-2011009182__F__gpt5.4__rep1.json	PILOT-2011009182	F	1	23	11499	12012	1695	3718	0.4559	
PILOT-2011009182__F__gpt5.4__rep2.json	PILOT-2011009182	F	2	17	11499	9354	2512	3718	0.6756	
PILOT-2011009182__F__haiku4.5__rep0.json	PILOT-2011009182	F	0	17	11499	10891	3415	3718	0.9185	
PILOT-2011009182__F__haiku4.5__rep1.json	PILOT-2011009182	F	1	17	11499	11045	3561	3718	0.9578	
PILOT-2011009182__F__haiku4.5__rep2.json	PILOT-2011009182	F	2	17	11499	10965	3502	3718	0.9419	
PILOT-2011009182__F__sonnet4__rep0.json	PILOT-2011009182	F	0	23	11499	12493	1071	3718	0.2881	
PILOT-2011009182__F__sonnet4__rep1.json	PILOT-2011009182	F	1	23	11499	16629	5181	3718	1.3935	
PILOT-2011009182__F__sonnet4__rep2.json	PILOT-2011009182	F	2	23	11499	14045	2597	3718	0.6985	
PILOT-2011009182__G__gpt4o-mini__rep0.json	PILOT-2011009182	G	0	8	11499	4865	7264	3718	1.9537	
PILOT-2011009182__G__gpt4o-mini__rep1.json	PILOT-2011009182	G	1	8	11499	4268	7407	3718	1.9922	
PILOT-2011009182__G__gpt4o-mini__rep2.json	PILOT-2011009182	G	2	8	11499	4255	7410	3718	1.993	
PILOT-2011009182__G__gpt5.4__rep0.json	PILOT-2011009182	G	0	23	11499	12569	1142	3718	0.3072	
PILOT-2011009182__G__gpt5.4__rep1.json	PILOT-2011009182	G	1	23	11499	11631	209	3718	0.0562	
PILOT-2011009182__G__gpt5.4__rep2.json	PILOT-2011009182	G	2	23	11499	11769	347	3718	0.0933	
PILOT-2011009182__G__haiku4.5__rep0.json	PILOT-2011009182	G	0	17	11499	10744	3282	3718	0.8827	
PILOT-2011009182__G__haiku4.5__rep1.json	PILOT-2011009182	G	1	17	11499	11346	3840	3718	1.0328	
PILOT-2011009182__G__haiku4.5__rep2.json	PILOT-2011009182	G	2	17	11499	12662	4869	3718	1.3096	
PILOT-2011009182__G__sonnet4__rep0.json	PILOT-2011009182	G	0	23	11499	11938	1626	3718	0.4373	
PILOT-2011009182__G__sonnet4__rep1.json	PILOT-2011009182	G	1	23	11499	11860	2749	3718	0.7394	
PILOT-2011009182__G__sonnet4__rep2.json	PILOT-2011009182	G	2	23	11499	4145	7423	3718	1.9965	
PILOT-2011009182__baseline__gpt4o-mini__rep0.json	PILOT-2011009182	baseline	0	8	11499	4619	7386	3718	1.9866	
PILOT-2011009182__baseline__gpt4o-mini__rep1.json	PILOT-2011009182	baseline	1	8	11499	4889	7254	3718	1.951	
PILOT-2011009182__baseline__gpt4o-mini__rep2.json	PILOT-2011009182	baseline	2	8	11499	4814	7273	3718	1.9562	
PILOT-2011009182__baseline__gpt5.4__rep0.json	PILOT-2011009182	baseline	0	23	11499	13011	1584	3718	0.426	
PILOT-2011009182__baseline__gpt5.4__rep1.json	PILOT-2011009182	baseline	1	23	11499	12473	1046	3718	0.2813	
PILOT-2011009182__baseline__gpt5.4__rep2.json	PILOT-2011009182	baseline	2	23	11499	12483	1056	3718	0.284	
PILOT-2011009182__baseline__haiku4.5__rep0.json	PILOT-2011009182	baseline	0	17	11499	11139	3969	3718	1.0675	
PILOT-2011009182__baseline__haiku4.5__rep1.json	PILOT-2011009182	baseline	1	17	11499	11031	3791	3718	1.0196	
PILOT-2011009182__baseline__haiku4.5__rep2.json	PILOT-2011009182	baseline	2	17	11499	11078	3765	3718	1.0126	
PILOT-2011009182__baseline__sonnet4__rep0.json	PILOT-2011009182	baseline	0	23	11499	20025	8993	3718	2.4188	
PILOT-2011009182__baseline__sonnet4__rep1.json	PILOT-2011009182	baseline	1	23	11499	15925	4477	3718	1.2041	
PILOT-2011009182__baseline__sonnet4__rep2.json	PILOT-2011009182	baseline	2	23	11499	16810	5362	3718	1.4422	
PILOT-2011011469__A__gpt4o-mini__rep0.json	PILOT-2011011469	A	0	9	2785	2241	890	1905	0.4672	
PILOT-2011011469__A__gpt4o-mini__rep1.json	PILOT-2011011469	A	1	6	2785	1155	1709	1905	0.8971	
PILOT-2011011469__A__gpt4o-mini__rep2.json	PILOT-2011011469	A	2	6	2785	1178	1769	1905	0.9286	
PILOT-2011011469__A__gpt5.4__rep0.json	PILOT-2011011469	A	0	17	2785	2994	312	1905	0.1638	
PILOT-2011011469__A__gpt5.4__rep1.json	PILOT-2011011469	A	1	17	2785	3239	498	1905	0.2614	
PILOT-2011011469__A__gpt5.4__rep2.json	PILOT-2011011469	A	2	17	2785	3194	504	1905	0.2646	
PILOT-2011011469__A__haiku4.5__rep0.json	PILOT-2011011469	A	0	17	2785	3870	1219	1905	0.6399	
PILOT-2011011469__A__haiku4.5__rep1.json	PILOT-2011011469	A	1	17	2785	4091	1442	1905	0.757	
PILOT-2011011469__A__haiku4.5__rep2.json	PILOT-2011011469	A	2	17	2785	3706	1090	1905	0.5722	
PILOT-2011011469__A__sonnet4__rep0.json	PILOT-2011011469	A	0	17	2785	3263	533	1905	0.2798	
PILOT-2011011469__A__sonnet4__rep1.json	PILOT-2011011469	A	1	17	2785	3316	584	1905	0.3066	
PILOT-2011011469__A__sonnet4__rep2.json	PILOT-2011011469	A	2	17	2785	3418	684	1905	0.3591	
PILOT-2011011469__B__gpt4o-mini__rep0.json	PILOT-2011011469	B	0	9	2785	2348	882	1905	0.463	
PILOT-2011011469__B__gpt4o-mini__rep1.json	PILOT-2011011469	B	1	7	2785	1451	1534	1905	0.8052	
PILOT-2011011469__B__gpt4o-mini__rep2.json	PILOT-2011011469	B	2	10	2785	2553	827	1905	0.4341	
PILOT-2011011469__B__gpt5.4__rep0.json	PILOT-2011011469	B	0	17	2785	3027	334	1905	0.1753	
PILOT-2011011469__B__gpt5.4__rep1.json	PILOT-2011011469	B	1	17	2785	2840	143	1905	0.0751	
PILOT-2011011469__B__gpt5.4__rep2.json	PILOT-2011011469	B	2	17	2785	3058	339	1905	0.178	
PILOT-2011011469__B__haiku4.5__rep0.json	PILOT-2011011469	B	0	17	2785	2457	1331	1905	0.6987	
PILOT-2011011469__B__haiku4.5__rep1.json	PILOT-2011011469	B	1	17	2785	4011	1272	1905	0.6677	
PILOT-2011011469__B__haiku4.5__rep2.json	PILOT-2011011469	B	2	17	2785	4125	1382	1905	0.7255	
PILOT-2011011469__B__sonnet4__rep0.json	PILOT-2011011469	B	0	17	2785	3023	303	1905	0.1591	
PILOT-2011011469__B__sonnet4__rep1.json	PILOT-2011011469	B	1	17	2785	3025	305	1905	0.1601	
PILOT-2011011469__B__sonnet4__rep2.json	PILOT-2011011469	B	2	17	2785	3269	549	1905	0.2882	
PILOT-2011011469__C__gpt4o-mini__rep0.json	PILOT-2011011469	C	0	6	2785	1502	1587	1905	0.8331	
PILOT-2011011469__C__gpt4o-mini__rep1.json	PILOT-2011011469	C	1	5	2785	1206	1804	1905	0.947	
PILOT-2011011469__C__gpt4o-mini__rep2.json	PILOT-2011011469	C	2	6	2785	1288	1701	1905	0.8929	
PILOT-2011011469__C__gpt5.4__rep0.json	PILOT-2011011469	C	0	17	2785	2862	142	1905	0.0745	
PILOT-2011011469__C__gpt5.4__rep1.json	PILOT-2011011469	C	1	17	2785	2930	206	1905	0.1081	
PILOT-2011011469__C__gpt5.4__rep2.json	PILOT-2011011469	C	2	17	2785	2996	276	1905	0.1449	
PILOT-2011011469__C__haiku4.5__rep0.json	PILOT-2011011469	C	0	17	2785	3631	887	1905	0.4656	
PILOT-2011011469__C__haiku4.5__rep1.json	PILOT-2011011469	C	1	17	2785	3603	860	1905	0.4514	
PILOT-2011011469__C__haiku4.5__rep2.json	PILOT-2011011469	C	2	17	2785	3430	851	1905	0.4467	
PILOT-2011011469__C__sonnet4__rep0.json	PILOT-2011011469	C	0	17	2785	2983	263	1905	0.1381	
PILOT-2011011469__C__sonnet4__rep1.json	PILOT-2011011469	C	1	17	2785	2904	211	1905	0.1108	
PILOT-2011011469__C__sonnet4__rep2.json	PILOT-2011011469	C	2	17	2785	2950	231	1905	0.1213	
PILOT-2011011469__D__gpt4o-mini__rep0.json	PILOT-2011011469	D	0	6	2785	1334	1534	1905	0.8052	
PILOT-2011011469__D__gpt4o-mini__rep1.json	PILOT-2011011469	D	1	10	2785	2492	757	1905	0.3974	
PILOT-2011011469__D__gpt4o-mini__rep2.json	PILOT-2011011469	D	2	7	2785	1375	1555	1905	0.8163	
PILOT-2011011469__D__gpt5.4__rep0.json	PILOT-2011011469	D	0	17	2785	3435	738	1905	0.3874	
PILOT-2011011469__D__gpt5.4__rep1.json	PILOT-2011011469	D	1	17	2785	3784	1089	1905	0.5717	
PILOT-2011011469__D__gpt5.4__rep2.json	PILOT-2011011469	D	2	17	2785	3238	554	1905	0.2908	
PILOT-2011011469__D__haiku4.5__rep0.json	PILOT-2011011469	D	0	17	2785	3828	1085	1905	0.5696	
PILOT-2011011469__D__haiku4.5__rep1.json	PILOT-2011011469	D	1	17	2785	3740	997	1905	0.5234	
PILOT-2011011469__D__haiku4.5__rep2.json	PILOT-2011011469	D	2	17	2785	3732	1061	1905	0.557	
PILOT-2011011469__D__sonnet4__rep0.json	PILOT-2011011469	D	0	17	2785	3074	381	1905	0.2	
PILOT-2011011469__D__sonnet4__rep1.json	PILOT-2011011469	D	1	17	2785	2944	225	1905	0.1181	
PILOT-2011011469__D__sonnet4__rep2.json	PILOT-2011011469	D	2	17	2785	2893	177	1905	0.0929	
PILOT-2011011469__E__gpt4o-mini__rep0.json	PILOT-2011011469	E	0	6	2785	1426	1632	1905	0.8567	
PILOT-2011011469__E__gpt4o-mini__rep1.json	PILOT-2011011469	E	1	6	2785	1435	1616	1905	0.8483	
PILOT-2011011469__E__gpt4o-mini__rep2.json	PILOT-2011011469	E	2	3	2785	816	2082	1905	1.0929	
PILOT-2011011469__E__gpt5.4__rep0.json	PILOT-2011011469	E	0	17	2785	2915	194	1905	0.1018	
PILOT-2011011469__E__gpt5.4__rep1.json	PILOT-2011011469	E	1	17	2785	2827	150	1905	0.0787	
PILOT-2011011469__E__gpt5.4__rep2.json	PILOT-2011011469	E	2	17	2785	2829	136	1905	0.0714	
PILOT-2011011469__E__haiku4.5__rep0.json	PILOT-2011011469	E	0	17	2785	2587	835	1905	0.4383	
PILOT-2011011469__E__haiku4.5__rep1.json	PILOT-2011011469	E	1	17	2785	3762	1088	1905	0.5711	
PILOT-2011011469__E__haiku4.5__rep2.json	PILOT-2011011469	E	2	17	2785	2937	924	1905	0.485	
PILOT-2011011469__E__sonnet4__rep0.json	PILOT-2011011469	E	0	17	2785	2973	255	1905	0.1339	
PILOT-2011011469__E__sonnet4__rep1.json	PILOT-2011011469	E	1	17	2785	2872	179	1905	0.094	
PILOT-2011011469__E__sonnet4__rep2.json	PILOT-2011011469	E	2	17	2785	2944	228	1905	0.1197	
PILOT-2011011469__F__gpt4o-mini__rep0.json	PILOT-2011011469	F	0	7	2785	1324	1607	1905	0.8436	
PILOT-2011011469__F__gpt4o-mini__rep1.json	PILOT-2011011469	F	1	5	2785	1300	1576	1905	0.8273	
PILOT-2011011469__F__gpt4o-mini__rep2.json	PILOT-2011011469	F	2	7	2785	1307	1548	1905	0.8126	
PILOT-2011011469__F__gpt5.4__rep0.json	PILOT-2011011469	F	0	17	2785	2976	283	1905	0.1486	
PILOT-2011011469__F__gpt5.4__rep1.json	PILOT-2011011469	F	1	17	2785	2827	150	1905	0.0787	
PILOT-2011011469__F__gpt5.4__rep2.json	PILOT-2011011469	F	2	17	2785	2963	290	1905	0.1522	
PILOT-2011011469__F__haiku4.5__rep0.json	PILOT-2011011469	F	0	17	2785	2352	875	1905	0.4593	
PILOT-2011011469__F__haiku4.5__rep1.json	PILOT-2011011469	F	1	17	2785	2677	684	1905	0.3591	
PILOT-2011011469__F__haiku4.5__rep2.json	PILOT-2011011469	F	2	17	2785	2870	739	1905	0.3879	
PILOT-2011011469__F__sonnet4__rep0.json	PILOT-2011011469	F	0	17	2785	3215	495	1905	0.2598	
PILOT-2011011469__F__sonnet4__rep1.json	PILOT-2011011469	F	1	17	2785	2983	236	1905	0.1239	
PILOT-2011011469__F__sonnet4__rep2.json	PILOT-2011011469	F	2	17	2785	2983	236	1905	0.1239	
PILOT-2011011469__G__gpt4o-mini__rep0.json	PILOT-2011011469	G	0	14	2785	2865	464	1905	0.2436	
PILOT-2011011469__G__gpt4o-mini__rep1.json	PILOT-2011011469	G	1	6	2785	1417	1515	1905	0.7953	
PILOT-2011011469__G__gpt4o-mini__rep2.json	PILOT-2011011469	G	2	6	2785	1381	1591	1905	0.8352	
PILOT-2011011469__G__gpt5.4__rep0.json	PILOT-2011011469	G	0	17	2785	2873	200	1905	0.105	
PILOT-2011011469__G__gpt5.4__rep1.json	PILOT-2011011469	G	1	17	2785	3485	792	1905	0.4157	
PILOT-2011011469__G__gpt5.4__rep2.json	PILOT-2011011469	G	2	17	2785	2873	200	1905	0.105	
PILOT-2011011469__G__haiku4.5__rep0.json	PILOT-2011011469	G	0	17	2785	3405	692	1905	0.3633	
PILOT-2011011469__G__haiku4.5__rep1.json	PILOT-2011011469	G	1	17	2785	3891	1147	1905	0.6021	
PILOT-2011011469__G__haiku4.5__rep2.json	PILOT-2011011469	G	2	17	2785	3638	944	1905	0.4955	
PILOT-2011011469__G__sonnet4__rep0.json	PILOT-2011011469	G	0	17	2785	2793	100	1905	0.0525	
PILOT-2011011469__G__sonnet4__rep1.json	PILOT-2011011469	G	1	17	2785	2888	168	1905	0.0882	
PILOT-2011011469__G__sonnet4__rep2.json	PILOT-2011011469	G	2	17	2785	2981	288	1905	0.1512	
PILOT-2011011469__baseline__gpt4o-mini__rep0.json	PILOT-2011011469	baseline	0	7	2785	1311	1544	1905	0.8105	
PILOT-2011011469__baseline__gpt4o-mini__rep1.json	PILOT-2011011469	baseline	1	7	2785	1407	1480	1905	0.7769	
PILOT-2011011469__baseline__gpt4o-mini__rep2.json	PILOT-2011011469	baseline	2	5	2785	1313	1574	1905	0.8262	
PILOT-2011011469__baseline__gpt5.4__rep0.json	PILOT-2011011469	baseline	0	17	2785	3161	441	1905	0.2315	
PILOT-2011011469__baseline__gpt5.4__rep1.json	PILOT-2011011469	baseline	1	17	2785	3186	462	1905	0.2425	
PILOT-2011011469__baseline__gpt5.4__rep2.json	PILOT-2011011469	baseline	2	17	2785	2958	234	1905	0.1228	
PILOT-2011011469__baseline__haiku4.5__rep0.json	PILOT-2011011469	baseline	0	17	2785	3992	1256	1905	0.6593	
PILOT-2011011469__baseline__haiku4.5__rep1.json	PILOT-2011011469	baseline	1	17	2785	3370	633	1905	0.3323	
PILOT-2011011469__baseline__haiku4.5__rep2.json	PILOT-2011011469	baseline	2	17	2785	3526	789	1905	0.4142	
PILOT-2011011469__baseline__sonnet4__rep0.json	PILOT-2011011469	baseline	0	17	2785	3071	354	1905	0.1858	
PILOT-2011011469__baseline__sonnet4__rep1.json	PILOT-2011011469	baseline	1	17	2785	2973	254	1905	0.1333	
PILOT-2011011469__baseline__sonnet4__rep2.json	PILOT-2011011469	baseline	2	17	2785	3072	326	1905	0.1711	
PILOT-2011012180__A__gpt4o-mini__rep0.json	PILOT-2011012180	A	0	9	5334	2867	2689	5571	0.4827	
PILOT-2011012180__A__gpt4o-mini__rep1.json	PILOT-2011012180	A	1	6	5334	2665	2923	5571	0.5247	
PILOT-2011012180__A__gpt4o-mini__rep2.json	PILOT-2011012180	A	2	6	5334	2491	3007	5571	0.5398	
PILOT-2011012180__A__gpt5.4__rep0.json	PILOT-2011012180	A	0	11	5334	3033	2555	5571	0.4586	
PILOT-2011012180__A__gpt5.4__rep1.json	PILOT-2011012180	A	1	20	5334	5340	686	5571	0.1231	
PILOT-2011012180__A__gpt5.4__rep2.json	PILOT-2011012180	A	2	11	5334	3018	2491	5571	0.4471	
PILOT-2011012180__A__haiku4.5__rep0.json	PILOT-2011012180	A	0	9	5334	3514	2748	5571	0.4933	
PILOT-2011012180__A__haiku4.5__rep1.json	PILOT-2011012180	A	1	20	5334	6129	1369	5571	0.2457	
PILOT-2011012180__A__haiku4.5__rep2.json	PILOT-2011012180	A	2	20	5334	5745	994	5571	0.1784	
PILOT-2011012180__A__sonnet4__rep0.json	PILOT-2011012180	A	0	20	5334	5345	611	5571	0.1097	
PILOT-2011012180__A__sonnet4__rep1.json	PILOT-2011012180	A	1	20	5334	5429	695	5571	0.1248	
PILOT-2011012180__A__sonnet4__rep2.json	PILOT-2011012180	A	2	20	5334	5414	691	5571	0.124	
PILOT-2011012180__B__gpt4o-mini__rep0.json	PILOT-2011012180	B	0	6	5334	2403	3097	5571	0.5559	
PILOT-2011012180__B__gpt4o-mini__rep1.json	PILOT-2011012180	B	1	7	5334	2507	3028	5571	0.5435	
PILOT-2011012180__B__gpt4o-mini__rep2.json	PILOT-2011012180	B	2	7	5334	2455	2997	5571	0.538	
PILOT-2011012180__B__gpt5.4__rep0.json	PILOT-2011012180	B	0	11	5334	2942	2482	5571	0.4455	
PILOT-2011012180__B__gpt5.4__rep1.json	PILOT-2011012180	B	1	11	5334	3117	2511	5571	0.4507	
PILOT-2011012180__B__gpt5.4__rep2.json	PILOT-2011012180	B	2	11	5334	3163	2602	5571	0.4671	
PILOT-2011012180__B__haiku4.5__rep0.json	PILOT-2011012180	B	0	20	5334	5810	1020	5571	0.1831	
PILOT-2011012180__B__haiku4.5__rep1.json	PILOT-2011012180	B	1	20	5334	6296	1472	5571	0.2642	
PILOT-2011012180__B__haiku4.5__rep2.json	PILOT-2011012180	B	2	20	5334	5466	732	5571	0.1314	
PILOT-2011012180__B__sonnet4__rep0.json	PILOT-2011012180	B	0	20	5334	5285	551	5571	0.0989	
PILOT-2011012180__B__sonnet4__rep1.json	PILOT-2011012180	B	1	20	5334	5277	543	5571	0.0975	
PILOT-2011012180__B__sonnet4__rep2.json	PILOT-2011012180	B	2	20	5334	5342	546	5571	0.098	
PILOT-2011012180__C__gpt4o-mini__rep0.json	PILOT-2011012180	C	0	6	5334	2407	3106	5571	0.5575	
PILOT-2011012180__C__gpt4o-mini__rep1.json	PILOT-2011012180	C	1	7	5334	2703	2843	5571	0.5103	
PILOT-2011012180__C__gpt4o-mini__rep2.json	PILOT-2011012180	C	2	6	5334	2686	2938	5571	0.5274	
PILOT-2011012180__C__gpt5.4__rep0.json	PILOT-2011012180	C	0	11	5334	3136	2543	5571	0.4565	
PILOT-2011012180__C__gpt5.4__rep1.json	PILOT-2011012180	C	1	20	5334	5401	674	5571	0.121	
PILOT-2011012180__C__gpt5.4__rep2.json	PILOT-2011012180	C	2	11	5334	2966	2582	5571	0.4635	
PILOT-2011012180__C__haiku4.5__rep0.json	PILOT-2011012180	C	0	15	5334	4777	2029	5571	0.3642	
PILOT-2011012180__C__haiku4.5__rep1.json	PILOT-2011012180	C	1	11	5334	3687	2707	5571	0.4859	
PILOT-2011012180__C__haiku4.5__rep2.json	PILOT-2011012180	C	2	20	5334	6055	1313	5571	0.2357	
PILOT-2011012180__C__sonnet4__rep0.json	PILOT-2011012180	C	0	20	5334	5485	751	5571	0.1348	
PILOT-2011012180__C__sonnet4__rep1.json	PILOT-2011012180	C	1	20	5334	5470	747	5571	0.1341	
PILOT-2011012180__C__sonnet4__rep2.json	PILOT-2011012180	C	2	20	5334	5741	940	5571	0.1687	
PILOT-2011012180__D__gpt4o-mini__rep0.json	PILOT-2011012180	D	0	8	5334	2789	2787	5571	0.5003	
PILOT-2011012180__D__gpt4o-mini__rep1.json	PILOT-2011012180	D	1	9	5334	2810	2638	5571	0.4735	
PILOT-2011012180__D__gpt4o-mini__rep2.json	PILOT-2011012180	D	2	8	5334	2662	2852	5571	0.5119	
PILOT-2011012180__D__gpt5.4__rep0.json	PILOT-2011012180	D	0	11	5334	3225	2648	5571	0.4753	
PILOT-2011012180__D__gpt5.4__rep1.json	PILOT-2011012180	D	1	11	5334	3173	2598	5571	0.4663	
PILOT-2011012180__D__gpt5.4__rep2.json	PILOT-2011012180	D	2	11	5334	3334	2541	5571	0.4561	
PILOT-2011012180__D__haiku4.5__rep0.json	PILOT-2011012180	D	0	11	5334	3595	2719	5571	0.4881	
PILOT-2011012180__D__haiku4.5__rep1.json	PILOT-2011012180	D	1	11	5334	3466	2746	5571	0.4929	
PILOT-2011012180__D__haiku4.5__rep2.json	PILOT-2011012180	D	2	10	5334	3717	2734	5571	0.4908	
PILOT-2011012180__D__sonnet4__rep0.json	PILOT-2011012180	D	0	20	5334	5461	675	5571	0.1212	
PILOT-2011012180__D__sonnet4__rep1.json	PILOT-2011012180	D	1	20	5334	5459	709	5571	0.1273	
PILOT-2011012180__D__sonnet4__rep2.json	PILOT-2011012180	D	2	20	5334	5396	773	5571	0.1388	
PILOT-2011012180__E__gpt4o-mini__rep0.json	PILOT-2011012180	E	0	7	5334	2891	2821	5571	0.5064	
PILOT-2011012180__E__gpt4o-mini__rep1.json	PILOT-2011012180	E	1	7	5334	2888	2797	5571	0.5021	
PILOT-2011012180__E__gpt4o-mini__rep2.json	PILOT-2011012180	E	2	7	5334	2956	2777	5571	0.4985	
PILOT-2011012180__E__gpt5.4__rep0.json	PILOT-2011012180	E	0	11	5334	3130	2541	5571	0.4561	
PILOT-2011012180__E__gpt5.4__rep1.json	PILOT-2011012180	E	1	11	5334	3320	2777	5571	0.4985	
PILOT-2011012180__E__gpt5.4__rep2.json	PILOT-2011012180	E	2	11	5334	3061	2506	5571	0.4498	
PILOT-2011012180__E__haiku4.5__rep0.json	PILOT-2011012180	E	0	9	5334	3295	2789	5571	0.5006	
PILOT-2011012180__E__haiku4.5__rep1.json	PILOT-2011012180	E	1	9	5334	3259	2751	5571	0.4938	
PILOT-2011012180__E__haiku4.5__rep2.json	PILOT-2011012180	E	2	9	5334	3370	2700	5571	0.4847	
PILOT-2011012180__E__sonnet4__rep0.json	PILOT-2011012180	E	0	20	5334	5414	691	5571	0.124	
PILOT-2011012180__E__sonnet4__rep1.json	PILOT-2011012180	E	1	20	5334	5620	886	5571	0.159	
PILOT-2011012180__E__sonnet4__rep2.json	PILOT-2011012180	E	2	20	5334	5414	691	5571	0.124	
PILOT-2011012180__F__gpt4o-mini__rep0.json	PILOT-2011012180	F	0	6	5334	2386	3108	5571	0.5579	
PILOT-2011012180__F__gpt4o-mini__rep1.json	PILOT-2011012180	F	1	9	5334	2844	2666	5571	0.4785	
PILOT-2011012180__F__gpt4o-mini__rep2.json	PILOT-2011012180	F	2	9	5334	2860	2678	5571	0.4807	
PILOT-2011012180__F__gpt5.4__rep0.json	PILOT-2011012180	F	0	11	5334	3117	2596	5571	0.466	
PILOT-2011012180__F__gpt5.4__rep1.json	PILOT-2011012180	F	1	20	5334	5516	784	5571	0.1407	
PILOT-2011012180__F__gpt5.4__rep2.json	PILOT-2011012180	F	2	11	5334	3083	2542	5571	0.4563	
PILOT-2011012180__F__haiku4.5__rep0.json	PILOT-2011012180	F	0	9	5334	3589	2635	5571	0.473	
PILOT-2011012180__F__haiku4.5__rep1.json	PILOT-2011012180	F	1	20	5334	5901	1088	5571	0.1953	
PILOT-2011012180__F__haiku4.5__rep2.json	PILOT-2011012180	F	2	20	5334	5603	865	5571	0.1553	
PILOT-2011012180__F__sonnet4__rep0.json	PILOT-2011012180	F	0	20	5334	5346	604	5571	0.1084	
PILOT-2011012180__F__sonnet4__rep1.json	PILOT-2011012180	F	1	20	5334	5341	545	5571	0.0978	
PILOT-2011012180__F__sonnet4__rep2.json	PILOT-2011012180	F	2	20	5334	5429	695	5571	0.1248	
PILOT-2011012180__G__gpt4o-mini__rep0.json	PILOT-2011012180	G	0	7	5334	2457	2997	5571	0.538	
PILOT-2011012180__G__gpt4o-mini__rep1.json	PILOT-2011012180	G	1	9	5334	2810	2638	5571	0.4735	
PILOT-2011012180__G__gpt4o-mini__rep2.json	PILOT-2011012180	G	2	7	5334	2519	3025	5571	0.543	
PILOT-2011012180__G__gpt5.4__rep0.json	PILOT-2011012180	G	0	11	5334	3012	2565	5571	0.4604	
PILOT-2011012180__G__gpt5.4__rep1.json	PILOT-2011012180	G	1	20	5334	5466	807	5571	0.1449	
PILOT-2011012180__G__gpt5.4__rep2.json	PILOT-2011012180	G	2	11	5334	3006	2605	5571	0.4676	
PILOT-2011012180__G__haiku4.5__rep0.json	PILOT-2011012180	G	0	20	5334	6130	1374	5571	0.2466	
PILOT-2011012180__G__haiku4.5__rep1.json	PILOT-2011012180	G	1	20	5334	5803	1053	5571	0.189	
PILOT-2011012180__G__haiku4.5__rep2.json	PILOT-2011012180	G	2	20	5334	3440	2580	5571	0.4631	
PILOT-2011012180__G__sonnet4__rep0.json	PILOT-2011012180	G	0	20	5334	5567	829	5571	0.1488	
PILOT-2011012180__G__sonnet4__rep1.json	PILOT-2011012180	G	1	20	5334	5216	719	5571	0.1291	
PILOT-2011012180__G__sonnet4__rep2.json	PILOT-2011012180	G	2	20	5334	5651	864	5571	0.1551	
PILOT-2011012180__baseline__gpt4o-mini__rep0.json	PILOT-2011012180	baseline	0	9	5334	2876	2689	5571	0.4827	
PILOT-2011012180__baseline__gpt4o-mini__rep1.json	PILOT-2011012180	baseline	1	7	5334	2833	2807	5571	0.5039	
PILOT-2011012180__baseline__gpt4o-mini__rep2.json	PILOT-2011012180	baseline	2	6	5334	2696	2938	5571	0.5274	
PILOT-2011012180__baseline__gpt5.4__rep0.json	PILOT-2011012180	baseline	0	11	5334	3306	2566	5571	0.4606	
PILOT-2011012180__baseline__gpt5.4__rep1.json	PILOT-2011012180	baseline	1	11	5334	3243	2634	5571	0.4728	
PILOT-2011012180__baseline__gpt5.4__rep2.json	PILOT-2011012180	baseline	2	20	5334	5390	726	5571	0.1303	
PILOT-2011012180__baseline__haiku4.5__rep0.json	PILOT-2011012180	baseline	0	20	5334	6149	1367	5571	0.2454	
PILOT-2011012180__baseline__haiku4.5__rep1.json	PILOT-2011012180	baseline	1	20	5334	5486	787	5571	0.1413	
PILOT-2011012180__baseline__haiku4.5__rep2.json	PILOT-2011012180	baseline	2	20	5334	6084	1276	5571	0.229	
PILOT-2011012180__baseline__sonnet4__rep0.json	PILOT-2011012180	baseline	0	20	5334	5429	695	5571	0.1248	
PILOT-2011012180__baseline__sonnet4__rep1.json	PILOT-2011012180	baseline	1	20	5334	5414	691	5571	0.124	
PILOT-2011012180__baseline__sonnet4__rep2.json	PILOT-2011012180	baseline	2	20	5334	5414	691	5571	0.124	
PILOT-2011013110__A__gpt4o-mini__rep0.json	PILOT-2011013110	A	0	5	8131	2814	5329	4100	1.2998	
PILOT-2011013110__A__gpt4o-mini__rep1.json	PILOT-2011013110	A	1	5	8131	3014	5154	4100	1.2571	
PILOT-2011013110__A__gpt4o-mini__rep2.json	PILOT-2011013110	A	2	5	8131	2815	5359	4100	1.3071	
PILOT-2011013110__A__gpt5.4__rep0.json	PILOT-2011013110	A	0	17	8131	8130	487	4100	0.1188	
PILOT-2011013110__A__gpt5.4__rep1.json	PILOT-2011013110	A	1	17	8131	8791	1060	4100	0.2585	
PILOT-2011013110__A__gpt5.4__rep2.json	PILOT-2011013110	A	2	11	8131	5332	3586	4100	0.8746	
PILOT-2011013110__A__haiku4.5__rep0.json	PILOT-2011013110	A	0	17	8131	9159	1923	4100	0.469	
PILOT-2011013110__A__haiku4.5__rep1.json	PILOT-2011013110	A	1	17	8131	8994	1527	4100	0.3724	
PILOT-2011013110__A__haiku4.5__rep2.json	PILOT-2011013110	A	2	8	8131	4657	4328	4100	1.0556	
PILOT-2011013110__A__sonnet4__rep0.json	PILOT-2011013110	A	0	17	8131	8227	671	4100	0.1637	
PILOT-2011013110__A__sonnet4__rep1.json	PILOT-2011013110	A	1	17	8131	8295	739	4100	0.1802	
PILOT-2011013110__A__sonnet4__rep2.json	PILOT-2011013110	A	2	17	8131	8227	671	4100	0.1637	
PILOT-2011013110__B__gpt4o-mini__rep0.json	PILOT-2011013110	B	0	6	8131	3747	4613	4100	1.1251	
PILOT-2011013110__B__gpt4o-mini__rep1.json	PILOT-2011013110	B	1	7	8131	4237	4211	4100	1.0271	
PILOT-2011013110__B__gpt4o-mini__rep2.json	PILOT-2011013110	B	2	7	8131	4496	4054	4100	0.9888	
PILOT-2011013110__B__gpt5.4__rep0.json	PILOT-2011013110	B	0	11	8131	5208	3291	4100	0.8027	
PILOT-2011013110__B__gpt5.4__rep1.json	PILOT-2011013110	B	1	11	8131	6331	3303	4100	0.8056	
PILOT-2011013110__B__gpt5.4__rep2.json	PILOT-2011013110	B	2	11	8131	6065	3360	4100	0.8195	
PILOT-2011013110__B__haiku4.5__rep0.json	PILOT-2011013110	B	0	17	8131	8972	1117	4100	0.2724	
PILOT-2011013110__B__haiku4.5__rep1.json	PILOT-2011013110	B	1	10	8131	5751	3765	4100	0.9183	
PILOT-2011013110__B__haiku4.5__rep2.json	PILOT-2011013110	B	2	9	8131	5245	4248	4100	1.0361	
PILOT-2011013110__B__sonnet4__rep0.json	PILOT-2011013110	B	0	17	8131	9749	1872	4100	0.4566	
PILOT-2011013110__B__sonnet4__rep1.json	PILOT-2011013110	B	1	17	8131	9218	1345	4100	0.328	
PILOT-2011013110__B__sonnet4__rep2.json	PILOT-2011013110	B	2	11	8131	5835	3565	4100	0.8695	
PILOT-2011013110__C__gpt4o-mini__rep0.json	PILOT-2011013110	C	0	5	8131	3074	5282	4100	1.2883	
PILOT-2011013110__C__gpt4o-mini__rep1.json	PILOT-2011013110	C	1	5	8131	3140	5208	4100	1.2702	
PILOT-2011013110__C__gpt4o-mini__rep2.json	PILOT-2011013110	C	2	5	8131	3173	5203	4100	1.269	
PILOT-2011013110__C__gpt5.4__rep0.json	PILOT-2011013110	C	0	17	8131	8519	676	4100	0.1649	
PILOT-2011013110__C__gpt5.4__rep1.json	PILOT-2011013110	C	1	11	8131	6033	3345	4100	0.8159	
PILOT-2011013110__C__gpt5.4__rep2.json	PILOT-2011013110	C	2	11	8131	6089	3241	4100	0.7905	
PILOT-2011013110__C__haiku4.5__rep0.json	PILOT-2011013110	C	0	9	8131	5030	4220	4100	1.0293	
PILOT-2011013110__C__haiku4.5__rep1.json	PILOT-2011013110	C	1	11	8131	5909	3454	4100	0.8424	
PILOT-2011013110__C__haiku4.5__rep2.json	PILOT-2011013110	C	2	11	8131	5480	3533	4100	0.8617	
PILOT-2011013110__C__sonnet4__rep0.json	PILOT-2011013110	C	0	17	8131	9199	1326	4100	0.3234	
PILOT-2011013110__C__sonnet4__rep1.json	PILOT-2011013110	C	1	17	8131	9199	1327	4100	0.3237	
PILOT-2011013110__C__sonnet4__rep2.json	PILOT-2011013110	C	2	17	8131	9095	1223	4100	0.2983	
PILOT-2011013110__D__gpt4o-mini__rep0.json	PILOT-2011013110	D	0	6	8131	4062	4415	4100	1.0768	
PILOT-2011013110__D__gpt4o-mini__rep1.json	PILOT-2011013110	D	1	5	8131	2926	5384	4100	1.3132	
PILOT-2011013110__D__gpt4o-mini__rep2.json	PILOT-2011013110	D	2	6	8131	3950	4485	4100	1.0939	
PILOT-2011013110__D__gpt5.4__rep0.json	PILOT-2011013110	D	0	11	8131	5697	3466	4100	0.8454	
PILOT-2011013110__D__gpt5.4__rep1.json	PILOT-2011013110	D	1	11	8131	6047	3390	4100	0.8268	
PILOT-2011013110__D__gpt5.4__rep2.json	PILOT-2011013110	D	2	11	8131	5651	3332	4100	0.8127	
PILOT-2011013110__D__haiku4.5__rep0.json	PILOT-2011013110	D	0	17	8131	9081	1226	4100	0.299	
PILOT-2011013110__D__haiku4.5__rep1.json	PILOT-2011013110	D	1	17	8131	9012	1173	4100	0.2861	
PILOT-2011013110__D__haiku4.5__rep2.json	PILOT-2011013110	D	2	11	8131	5451	3684	4100	0.8985	
PILOT-2011013110__D__sonnet4__rep0.json	PILOT-2011013110	D	0	17	8131	9110	1236	4100	0.3015	
PILOT-2011013110__D__sonnet4__rep1.json	PILOT-2011013110	D	1	17	8131	8954	1136	4100	0.2771	
PILOT-2011013110__D__sonnet4__rep2.json	PILOT-2011013110	D	2	17	8131	9280	1405	4100	0.3427	
PILOT-2011013110__E__gpt4o-mini__rep0.json	PILOT-2011013110	E	0	6	8131	4212	4351	4100	1.0612	
PILOT-2011013110__E__gpt4o-mini__rep1.json	PILOT-2011013110	E	1	6	8131	3709	4489	4100	1.0949	
PILOT-2011013110__E__gpt4o-mini__rep2.json	PILOT-2011013110	E	2	6	8131	4119	4406	4100	1.0746	
PILOT-2011013110__E__gpt5.4__rep0.json	PILOT-2011013110	E	0	17	8131	8508	662	4100	0.1615	
PILOT-2011013110__E__gpt5.4__rep1.json	PILOT-2011013110	E	1	11	8131	5981	3356	4100	0.8185	
PILOT-2011013110__E__gpt5.4__rep2.json	PILOT-2011013110	E	2	11	8131	5547	3255	4100	0.7939	
PILOT-2011013110__E__haiku4.5__rep0.json	PILOT-2011013110	E	0	9	8131	5382	4141	4100	1.01	
PILOT-2011013110__E__haiku4.5__rep1.json	PILOT-2011013110	E	1	11	8131	4193	4837	4100	1.1798	
PILOT-2011013110__E__haiku4.5__rep2.json	PILOT-2011013110	E	2	11	8131	5594	3816	4100	0.9307	
PILOT-2011013110__E__sonnet4__rep0.json	PILOT-2011013110	E	0	17	8131	8986	1168	4100	0.2849	
PILOT-2011013110__E__sonnet4__rep1.json	PILOT-2011013110	E	1	17	8131	9524	1647	4100	0.4017	
PILOT-2011013110__E__sonnet4__rep2.json	PILOT-2011013110	E	2	17	8131	9341	1469	4100	0.3583	
PILOT-2011013110__F__gpt4o-mini__rep0.json	PILOT-2011013110	F	0	7	8131	4611	3938	4100	0.9605	
PILOT-2011013110__F__gpt4o-mini__rep1.json	PILOT-2011013110	F	1	6	8131	4044	4482	4100	1.0932	
PILOT-2011013110__F__gpt4o-mini__rep2.json	PILOT-2011013110	F	2	7	8131	4508	4003	4100	0.9763	
PILOT-2011013110__F__gpt5.4__rep0.json	PILOT-2011013110	F	0	11	8131	5913	3095	4100	0.7549	
PILOT-2011013110__F__gpt5.4__rep1.json	PILOT-2011013110	F	1	11	8131	6313	3325	4100	0.811	
PILOT-2011013110__F__gpt5.4__rep2.json	PILOT-2011013110	F	2	11	8131	5799	3168	4100	0.7727	
PILOT-2011013110__F__haiku4.5__rep0.json	PILOT-2011013110	F	0	11	8131	4742	4484	4100	1.0937	
PILOT-2011013110__F__haiku4.5__rep1.json	PILOT-2011013110	F	1	11	8131	5683	3545	4100	0.8646	
PILOT-2011013110__F__haiku4.5__rep2.json	PILOT-2011013110	F	2	11	8131	5590	4001	4100	0.9759	
PILOT-2011013110__F__sonnet4__rep0.json	PILOT-2011013110	F	0	17	8131	9160	1288	4100	0.3141	
PILOT-2011013110__F__sonnet4__rep1.json	PILOT-2011013110	F	1	17	8131	9215	1343	4100	0.3276	
PILOT-2011013110__F__sonnet4__rep2.json	PILOT-2011013110	F	2	17	8131	9374	1501	4100	0.3661	
PILOT-2011013110__G__gpt4o-mini__rep0.json	PILOT-2011013110	G	0	5	8131	3181	5204	4100	1.2693	
PILOT-2011013110__G__gpt4o-mini__rep1.json	PILOT-2011013110	G	1	5	8131	3825	4642	4100	1.1322	
PILOT-2011013110__G__gpt4o-mini__rep2.json	PILOT-2011013110	G	2	5	8131	3260	5131	4100	1.2515	
PILOT-2011013110__G__gpt5.4__rep0.json	PILOT-2011013110	G	0	11	8131	6025	3278	4100	0.7995	
PILOT-2011013110__G__gpt5.4__rep1.json	PILOT-2011013110	G	1	17	8131	8409	590	4100	0.1439	
PILOT-2011013110__G__gpt5.4__rep2.json	PILOT-2011013110	G	2	17	8131	9420	1441	4100	0.3515	
PILOT-2011013110__G__haiku4.5__rep0.json	PILOT-2011013110	G	0	11	8131	5720	3777	4100	0.9212	
PILOT-2011013110__G__haiku4.5__rep1.json	PILOT-2011013110	G	1	11	8131	5731	3694	4100	0.901	
PILOT-2011013110__G__haiku4.5__rep2.json	PILOT-2011013110	G	2	17	8131	9176	1317	4100	0.3212	
PILOT-2011013110__G__sonnet4__rep0.json	PILOT-2011013110	G	0	17	8131	8688	870	4100	0.2122	
PILOT-2011013110__G__sonnet4__rep1.json	PILOT-2011013110	G	1	17	8131	8688	870	4100	0.2122	
PILOT-2011013110__G__sonnet4__rep2.json	PILOT-2011013110	G	2	17	8131	9566	1694	4100	0.4132	
PILOT-2011013110__baseline__gpt4o-mini__rep0.json	PILOT-2011013110	baseline	0	4	8131	2831	5469	4100	1.3339	
PILOT-2011013110__baseline__gpt4o-mini__rep1.json	PILOT-2011013110	baseline	1	6	8131	4183	4385	4100	1.0695	
PILOT-2011013110__baseline__gpt4o-mini__rep2.json	PILOT-2011013110	baseline	2	5	8131	3050	5321	4100	1.2978	
PILOT-2011013110__baseline__gpt5.4__rep0.json	PILOT-2011013110	baseline	0	11	8131	5511	3561	4100	0.8685	
PILOT-2011013110__baseline__gpt5.4__rep1.json	PILOT-2011013110	baseline	1	11	8131	5938	3101	4100	0.7563	
PILOT-2011013110__baseline__gpt5.4__rep2.json	PILOT-2011013110	baseline	2	11	8131	5710	3249	4100	0.7924	
PILOT-2011013110__baseline__haiku4.5__rep0.json	PILOT-2011013110	baseline	0	11	8131	5753	3813	4100	0.93	
PILOT-2011013110__baseline__haiku4.5__rep1.json	PILOT-2011013110	baseline	1	9	8131	5069	4219	4100	1.029	
PILOT-2011013110__baseline__haiku4.5__rep2.json	PILOT-2011013110	baseline	2	17	8131	4352	4581	4100	1.1173	
PILOT-2011013110__baseline__sonnet4__rep0.json	PILOT-2011013110	baseline	0	17	8131	8837	965	4100	0.2354	
PILOT-2011013110__baseline__sonnet4__rep1.json	PILOT-2011013110	baseline	1	17	8131	9060	1185	4100	0.289	
PILOT-2011013110__baseline__sonnet4__rep2.json	PILOT-2011013110	baseline	2	17	8131	9581	1708	4100	0.4166	
PILOT-2012000327__A__gpt4o-mini__rep0.json	PILOT-2012000327	A	0	5	8317	2405	6034	5828	1.0353	
PILOT-2012000327__A__gpt4o-mini__rep1.json	PILOT-2012000327	A	1	5	8317	2439	6081	5828	1.0434	
PILOT-2012000327__A__gpt4o-mini__rep2.json	PILOT-2012000327	A	2	5	8317	2491	6168	5828	1.0583	
PILOT-2012000327__A__gpt5.4__rep0.json	PILOT-2012000327	A	0	17	8317	3212	5413	5828	0.9288	
PILOT-2012000327__A__gpt5.4__rep1.json	PILOT-2012000327	A	1	17	8317	3224	5426	5828	0.931	
PILOT-2012000327__A__gpt5.4__rep2.json	PILOT-2012000327	A	2	17	8317	3370	5372	5828	0.9218	
PILOT-2012000327__A__haiku4.5__rep0.json	PILOT-2012000327	A	0	24	8317	6165	2424	5828	0.4159	
PILOT-2012000327__A__haiku4.5__rep1.json	PILOT-2012000327	A	1	24	8317	7314	1490	5828	0.2557	
PILOT-2012000327__A__haiku4.5__rep2.json	PILOT-2012000327	A	2	24	8317	7067	1976	5828	0.3391	
PILOT-2012000327__A__sonnet4__rep0.json	PILOT-2012000327	A	0	17	8317	5333	3203	5828	0.5496	
PILOT-2012000327__A__sonnet4__rep1.json	PILOT-2012000327	A	1	17	8317	5450	3272	5828	0.5614	
PILOT-2012000327__A__sonnet4__rep2.json	PILOT-2012000327	A	2	17	8317	5333	3203	5828	0.5496	
PILOT-2012000327__B__gpt4o-mini__rep0.json	PILOT-2012000327	B	0	5	8317	2298	6032	5828	1.035	
PILOT-2012000327__B__gpt4o-mini__rep1.json	PILOT-2012000327	B	1	5	8317	2474	5890	5828	1.0106	
PILOT-2012000327__B__gpt4o-mini__rep2.json	PILOT-2012000327	B	2	6	8317	2980	5387	5828	0.9243	
PILOT-2012000327__B__gpt5.4__rep0.json	PILOT-2012000327	B	0	17	8317	5281	3612	5828	0.6198	
PILOT-2012000327__B__gpt5.4__rep1.json	PILOT-2012000327	B	1	17	8317	3205	5175	5828	0.888	
PILOT-2012000327__B__gpt5.4__rep2.json	PILOT-2012000327	B	2	17	8317	5275	3552	5828	0.6095	
PILOT-2012000327__B__haiku4.5__rep0.json	PILOT-2012000327	B	0	24	8317	8242	1904	5828	0.3267	
PILOT-2012000327__B__haiku4.5__rep1.json	PILOT-2012000327	B	1	24	8317	7704	1864	5828	0.3198	
PILOT-2012000327__B__haiku4.5__rep2.json	PILOT-2012000327	B	2	24	8317	7387	1789	5828	0.307	
PILOT-2012000327__B__sonnet4__rep0.json	PILOT-2012000327	B	0	24	8317	6591	1903	5828	0.3265	
PILOT-2012000327__B__sonnet4__rep1.json	PILOT-2012000327	B	1	17	8317	5990	4218	5828	0.7237	
PILOT-2012000327__B__sonnet4__rep2.json	PILOT-2012000327	B	2	17	8317	5793	4083	5828	0.7006	
PILOT-2012000327__C__gpt4o-mini__rep0.json	PILOT-2012000327	C	0	7	8317	3412	5085	5828	0.8725	
PILOT-2012000327__C__gpt4o-mini__rep1.json	PILOT-2012000327	C	1	5	8317	2927	6000	5828	1.0295	
PILOT-2012000327__C__gpt4o-mini__rep2.json	PILOT-2012000327	C	2	5	8317	2474	5890	5828	1.0106	
PILOT-2012000327__C__gpt5.4__rep0.json	PILOT-2012000327	C	0	17	8317	5002	3421	5828	0.587	
PILOT-2012000327__C__gpt5.4__rep1.json	PILOT-2012000327	C	1	17	8317	3215	5218	5828	0.8953	
PILOT-2012000327__C__gpt5.4__rep2.json	PILOT-2012000327	C	2	17	8317	3205	5175	5828	0.888	
PILOT-2012000327__C__haiku4.5__rep0.json	PILOT-2012000327	C	0	24	8317	7663	1840	5828	0.3157	
PILOT-2012000327__C__haiku4.5__rep1.json	PILOT-2012000327	C	1	24	8317	8168	1337	5828	0.2294	
PILOT-2012000327__C__haiku4.5__rep2.json	PILOT-2012000327	C	2	24	8317	8101	1966	5828	0.3373	
PILOT-2012000327__C__sonnet4__rep0.json	PILOT-2012000327	C	0	17	8317	5517	4714	5828	0.8089	
PILOT-2012000327__C__sonnet4__rep1.json	PILOT-2012000327	C	1	17	8317	4629	5459	5828	0.9367	
PILOT-2012000327__C__sonnet4__rep2.json	PILOT-2012000327	C	2	17	8317	6210	3764	5828	0.6458	
PILOT-2012000327__D__gpt4o-mini__rep0.json	PILOT-2012000327	D	0	5	8317	2656	5983	5828	1.0266	
PILOT-2012000327__D__gpt4o-mini__rep1.json	PILOT-2012000327	D	1	5	8317	2474	5890	5828	1.0106	
PILOT-2012000327__D__gpt4o-mini__rep2.json	PILOT-2012000327	D	2	6	8317	3253	5441	5828	0.9336	
PILOT-2012000327__D__gpt5.4__rep0.json	PILOT-2012000327	D	0	17	8317	3096	5279	5828	0.9058	
PILOT-2012000327__D__gpt5.4__rep1.json	PILOT-2012000327	D	1	17	8317	3203	5193	5828	0.891	
PILOT-2012000327__D__gpt5.4__rep2.json	PILOT-2012000327	D	2	17	8317	5002	3421	5828	0.587	
PILOT-2012000327__D__haiku4.5__rep0.json	PILOT-2012000327	D	0	24	8317	8460	1912	5828	0.3281	
PILOT-2012000327__D__haiku4.5__rep1.json	PILOT-2012000327	D	1	24	8317	7328	1988	5828	0.3411	
PILOT-2012000327__D__haiku4.5__rep2.json	PILOT-2012000327	D	2	24	8317	4107	4954	5828	0.85	
PILOT-2012000327__D__sonnet4__rep0.json	PILOT-2012000327	D	0	17	8317	6281	4287	5828	0.7356	
PILOT-2012000327__D__sonnet4__rep1.json	PILOT-2012000327	D	1	17	8317	6440	3988	5828	0.6843	
PILOT-2012000327__D__sonnet4__rep2.json	PILOT-2012000327	D	2	17	8317	6252	3770	5828	0.6469	
PILOT-2012000327__E__gpt4o-mini__rep0.json	PILOT-2012000327	E	0	6	8317	3048	5438	5828	0.9331	
PILOT-2012000327__E__gpt4o-mini__rep1.json	PILOT-2012000327	E	1	3	8317	1494	6902	5828	1.1843	
PILOT-2012000327__E__gpt4o-mini__rep2.json	PILOT-2012000327	E	2	4	8317	1800	6555	5828	1.1247	
PILOT-2012000327__E__gpt5.4__rep0.json	PILOT-2012000327	E	0	17	8317	4894	3524	5828	0.6047	
PILOT-2012000327__E__gpt5.4__rep1.json	PILOT-2012000327	E	1	17	8317	5103	3656	5828	0.6273	
PILOT-2012000327__E__gpt5.4__rep2.json	PILOT-2012000327	E	2	17	8317	3375	5369	5828	0.9212	
PILOT-2012000327__E__haiku4.5__rep0.json	PILOT-2012000327	E	0	24	8317	4061	5469	5828	0.9384	
PILOT-2012000327__E__haiku4.5__rep1.json	PILOT-2012000327	E	1	24	8317	3476	5534	5828	0.9496	
PILOT-2012000327__E__haiku4.5__rep2.json	PILOT-2012000327	E	2	24	8317	3476	5534	5828	0.9496	
PILOT-2012000327__E__sonnet4__rep0.json	PILOT-2012000327	E	0	17	8317	5643	3183	5828	0.5462	
PILOT-2012000327__E__sonnet4__rep1.json	PILOT-2012000327	E	1	17	8317	5475	3032	5828	0.5202	
PILOT-2012000327__E__sonnet4__rep2.json	PILOT-2012000327	E	2	17	8317	5475	3032	5828	0.5202	
PILOT-2012000327__F__gpt4o-mini__rep0.json	PILOT-2012000327	F	0	6	8317	2608	5863	5828	1.006	
PILOT-2012000327__F__gpt4o-mini__rep1.json	PILOT-2012000327	F	1	5	8317	2747	5944	5828	1.0199	
PILOT-2012000327__F__gpt4o-mini__rep2.json	PILOT-2012000327	F	2	5	8317	2798	5962	5828	1.023	
PILOT-2012000327__F__gpt5.4__rep0.json	PILOT-2012000327	F	0	17	8317	3283	5217	5828	0.8952	
PILOT-2012000327__F__gpt5.4__rep1.json	PILOT-2012000327	F	1	17	8317	3096	5279	5828	0.9058	
PILOT-2012000327__F__gpt5.4__rep2.json	PILOT-2012000327	F	2	17	8317	3096	5279	5828	0.9058	
PILOT-2012000327__F__haiku4.5__rep0.json	PILOT-2012000327	F	0	24	8317	8525	2052	5828	0.3521	
PILOT-2012000327__F__haiku4.5__rep1.json	PILOT-2012000327	F	1	24	8317	8416	912	5828	0.1565	
PILOT-2012000327__F__haiku4.5__rep2.json	PILOT-2012000327	F	2	24	8317	8112	1923	5828	0.33	
PILOT-2012000327__F__sonnet4__rep0.json	PILOT-2012000327	F	0	17	8317	5211	3595	5828	0.6168	
PILOT-2012000327__F__sonnet4__rep1.json	PILOT-2012000327	F	1	17	8317	5288	5068	5828	0.8696	
PILOT-2012000327__F__sonnet4__rep2.json	PILOT-2012000327	F	2	17	8317	5530	5055	5828	0.8674	
PILOT-2012000327__G__gpt4o-mini__rep0.json	PILOT-2012000327	G	0	5	8317	2612	5875	5828	1.0081	
PILOT-2012000327__G__gpt4o-mini__rep1.json	PILOT-2012000327	G	1	3	8317	1494	6902	5828	1.1843	
PILOT-2012000327__G__gpt4o-mini__rep2.json	PILOT-2012000327	G	2	3	8317	1600	6954	5828	1.1932	
PILOT-2012000327__G__gpt5.4__rep0.json	PILOT-2012000327	G	0	17	8317	3021	5322	5828	0.9132	
PILOT-2012000327__G__gpt5.4__rep1.json	PILOT-2012000327	G	1	17	8317	3215	5218	5828	0.8953	
PILOT-2012000327__G__gpt5.4__rep2.json	PILOT-2012000327	G	2	17	8317	3239	5194	5828	0.8912	
PILOT-2012000327__G__haiku4.5__rep0.json	PILOT-2012000327	G	0	24	8317	7443	1819	5828	0.3121	
PILOT-2012000327__G__haiku4.5__rep1.json	PILOT-2012000327	G	1	24	8317	8106	1943	5828	0.3334	
PILOT-2012000327__G__haiku4.5__rep2.json	PILOT-2012000327	G	2	24	8317	8325	1978	5828	0.3394	
PILOT-2012000327__G__sonnet4__rep0.json	PILOT-2012000327	G	0	17	8317	5683	3671	5828	0.6299	
PILOT-2012000327__G__sonnet4__rep1.json	PILOT-2012000327	G	1	17	8317	6237	3785	5828	0.6495	
PILOT-2012000327__G__sonnet4__rep2.json	PILOT-2012000327	G	2	17	8317	6237	3785	5828	0.6495	
PILOT-2012000327__baseline__gpt4o-mini__rep0.json	PILOT-2012000327	baseline	0	3	8317	1494	6902	5828	1.1843	
PILOT-2012000327__baseline__gpt4o-mini__rep1.json	PILOT-2012000327	baseline	1	6	8317	3048	5438	5828	0.9331	
PILOT-2012000327__baseline__gpt4o-mini__rep2.json	PILOT-2012000327	baseline	2	6	8317	3048	5438	5828	0.9331	
PILOT-2012000327__baseline__gpt5.4__rep0.json	PILOT-2012000327	baseline	0	17	8317	5180	3512	5828	0.6026	
PILOT-2012000327__baseline__gpt5.4__rep1.json	PILOT-2012000327	baseline	1	17	8317	3096	5279	5828	0.9058	
PILOT-2012000327__baseline__gpt5.4__rep2.json	PILOT-2012000327	baseline	2	17	8317	3233	5219	5828	0.8955	
PILOT-2012000327__baseline__haiku4.5__rep0.json	PILOT-2012000327	baseline	0	24	8317	8148	1967	5828	0.3375	
PILOT-2012000327__baseline__haiku4.5__rep1.json	PILOT-2012000327	baseline	1	24	8317	8147	1966	5828	0.3373	
PILOT-2012000327__baseline__haiku4.5__rep2.json	PILOT-2012000327	baseline	2	24	8317	3845	5383	5828	0.9236	
PILOT-2012000327__baseline__sonnet4__rep0.json	PILOT-2012000327	baseline	0	24	8317	7425	1126	5828	0.1932	
PILOT-2012000327__baseline__sonnet4__rep1.json	PILOT-2012000327	baseline	1	24	8317	7398	1109	5828	0.1903	
PILOT-2012000327__baseline__sonnet4__rep2.json	PILOT-2012000327	baseline	2	17	8317	4564	5429	5828	0.9315	
PILOT-2012003288__A__gpt4o-mini__rep0.json	PILOT-2012003288	A	0	5	3274	1387	1970	714	2.7591	
PILOT-2012003288__A__gpt4o-mini__rep1.json	PILOT-2012003288	A	1	4	3274	1321	1984	714	2.7787	
PILOT-2012003288__A__gpt4o-mini__rep2.json	PILOT-2012003288	A	2	4	3274	1237	2194	714	3.0728	
PILOT-2012003288__A__gpt5.4__rep0.json	PILOT-2012003288	A	0	13	3274	3120	416	714	0.5826	
PILOT-2012003288__A__gpt5.4__rep1.json	PILOT-2012003288	A	1	13	3274	3159	463	714	0.6485	
PILOT-2012003288__A__gpt5.4__rep2.json	PILOT-2012003288	A	2	13	3274	3258	561	714	0.7857	
PILOT-2012003288__A__haiku4.5__rep0.json	PILOT-2012003288	A	0	13	3274	2262	1341	714	1.8782	
PILOT-2012003288__A__haiku4.5__rep1.json	PILOT-2012003288	A	1	13	3274	3650	883	714	1.2367	
PILOT-2012003288__A__haiku4.5__rep2.json	PILOT-2012003288	A	2	13	3274	2148	1538	714	2.1541	
PILOT-2012003288__A__sonnet4__rep0.json	PILOT-2012003288	A	0	13	3274	3494	736	714	1.0308	
PILOT-2012003288__A__sonnet4__rep1.json	PILOT-2012003288	A	1	13	3274	3226	507	714	0.7101	
PILOT-2012003288__A__sonnet4__rep2.json	PILOT-2012003288	A	2	13	3274	3162	438	714	0.6134	
PILOT-2012003288__B__gpt4o-mini__rep0.json	PILOT-2012003288	B	0	4	3274	1247	2156	714	3.0196	
PILOT-2012003288__B__gpt4o-mini__rep1.json	PILOT-2012003288	B	1	4	3274	1267	2150	714	3.0112	
PILOT-2012003288__B__gpt4o-mini__rep2.json	PILOT-2012003288	B	2	4	3274	1286	2122	714	2.972	
PILOT-2012003288__B__gpt5.4__rep0.json	PILOT-2012003288	B	0	4	3274	900	2439	714	3.416	
PILOT-2012003288__B__gpt5.4__rep1.json	PILOT-2012003288	B	1	4	3274	892	2446	714	3.4258	
PILOT-2012003288__B__gpt5.4__rep2.json	PILOT-2012003288	B	2	4	3274	910	2381	714	3.3347	
PILOT-2012003288__B__haiku4.5__rep0.json	PILOT-2012003288	B	0	13	3274	3077	440	714	0.6162	
PILOT-2012003288__B__haiku4.5__rep1.json	PILOT-2012003288	B	1	13	3274	1843	1633	714	2.2871	
PILOT-2012003288__B__haiku4.5__rep2.json	PILOT-2012003288	B	2	13	3274	1818	1599	714	2.2395	
PILOT-2012003288__B__sonnet4__rep0.json	PILOT-2012003288	B	0	13	3274	2752	1015	714	1.4216	
PILOT-2012003288__B__sonnet4__rep1.json	PILOT-2012003288	B	1	13	3274	3500	732	714	1.0252	
PILOT-2012003288__B__sonnet4__rep2.json	PILOT-2012003288	B	2	13	3274	3283	540	714	0.7563	
PILOT-2012003288__C__gpt4o-mini__rep0.json	PILOT-2012003288	C	0	4	3274	1258	2145	714	3.0042	
PILOT-2012003288__C__gpt4o-mini__rep1.json	PILOT-2012003288	C	1	4	3274	1294	2135	714	2.9902	
PILOT-2012003288__C__gpt4o-mini__rep2.json	PILOT-2012003288	C	2	4	3274	1299	2134	714	2.9888	
PILOT-2012003288__C__gpt5.4__rep0.json	PILOT-2012003288	C	0	13	3274	3157	424	714	0.5938	
PILOT-2012003288__C__gpt5.4__rep1.json	PILOT-2012003288	C	1	13	3274	3287	538	714	0.7535	
PILOT-2012003288__C__gpt5.4__rep2.json	PILOT-2012003288	C	2	13	3274	3188	486	714	0.6807	
PILOT-2012003288__C__haiku4.5__rep0.json	PILOT-2012003288	C	0	13	3274	3245	552	714	0.7731	
PILOT-2012003288__C__haiku4.5__rep1.json	PILOT-2012003288	C	1	13	3274	2085	1561	714	2.1863	
PILOT-2012003288__C__haiku4.5__rep2.json	PILOT-2012003288	C	2	13	3274	1830	1737	714	2.4328	
PILOT-2012003288__C__sonnet4__rep0.json	PILOT-2012003288	C	0	13	3274	3238	511	714	0.7157	
PILOT-2012003288__C__sonnet4__rep1.json	PILOT-2012003288	C	1	13	3274	3196	477	714	0.6681	
PILOT-2012003288__C__sonnet4__rep2.json	PILOT-2012003288	C	2	13	3274	3238	511	714	0.7157	
PILOT-2012003288__D__gpt4o-mini__rep0.json	PILOT-2012003288	D	0	5	3274	1404	1937	714	2.7129	
PILOT-2012003288__D__gpt4o-mini__rep1.json	PILOT-2012003288	D	1	5	3274	1396	1976	714	2.7675	
PILOT-2012003288__D__gpt4o-mini__rep2.json	PILOT-2012003288	D	2	5	3274	1410	1931	714	2.7045	
PILOT-2012003288__D__gpt5.4__rep0.json	PILOT-2012003288	D	0	13	3274	3291	546	714	0.7647	
PILOT-2012003288__D__gpt5.4__rep1.json	PILOT-2012003288	D	1	13	3274	3129	412	714	0.577	
PILOT-2012003288__D__gpt5.4__rep2.json	PILOT-2012003288	D	2	13	3274	3229	542	714	0.7591	
PILOT-2012003288__D__haiku4.5__rep0.json	PILOT-2012003288	D	0	13	3274	2395	1483	714	2.077	
PILOT-2012003288__D__haiku4.5__rep1.json	PILOT-2012003288	D	1	13	3274	1992	1517	714	2.1246	
PILOT-2012003288__D__haiku4.5__rep2.json	PILOT-2012003288	D	2	13	3274	2694	1273	714	1.7829	
PILOT-2012003288__D__sonnet4__rep0.json	PILOT-2012003288	D	0	13	3274	3179	453	714	0.6345	
PILOT-2012003288__D__sonnet4__rep1.json	PILOT-2012003288	D	1	13	3274	3179	453	714	0.6345	
PILOT-2012003288__D__sonnet4__rep2.json	PILOT-2012003288	D	2	13	3274	3179	453	714	0.6345	
PILOT-2012003288__E__gpt4o-mini__rep0.json	PILOT-2012003288	E	0	4	3274	1269	2131	714	2.9846	
PILOT-2012003288__E__gpt4o-mini__rep1.json	PILOT-2012003288	E	1	4	3274	1261	2146	714	3.0056	
PILOT-2012003288__E__gpt4o-mini__rep2.json	PILOT-2012003288	E	2	4	3274	1133	2249	714	3.1499	
PILOT-2012003288__E__gpt5.4__rep0.json	PILOT-2012003288	E	0	13	3274	3216	513	714	0.7185	
PILOT-2012003288__E__gpt5.4__rep1.json	PILOT-2012003288	E	1	13	3274	3288	584	714	0.8179	
PILOT-2012003288__E__gpt5.4__rep2.json	PILOT-2012003288	E	2	13	3274	3110	395	714	0.5532	
PILOT-2012003288__E__haiku4.5__rep0.json	PILOT-2012003288	E	0	13	3274	3481	696	714	0.9748	
PILOT-2012003288__E__haiku4.5__rep1.json	PILOT-2012003288	E	1	13	3274	3552	778	714	1.0896	
PILOT-2012003288__E__haiku4.5__rep2.json	PILOT-2012003288	E	2	13	3274	2007	1451	714	2.0322	
PILOT-2012003288__E__sonnet4__rep0.json	PILOT-2012003288	E	0	13	3274	3193	466	714	0.6527	
PILOT-2012003288__E__sonnet4__rep1.json	PILOT-2012003288	E	1	13	3274	3205	486	714	0.6807	
PILOT-2012003288__E__sonnet4__rep2.json	PILOT-2012003288	E	2	13	3274	3200	473	714	0.6625	
PILOT-2012003288__F__gpt4o-mini__rep0.json	PILOT-2012003288	F	0	5	3274	1396	1976	714	2.7675	
PILOT-2012003288__F__gpt4o-mini__rep1.json	PILOT-2012003288	F	1	5	3274	1410	1997	714	2.7969	
PILOT-2012003288__F__gpt4o-mini__rep2.json	PILOT-2012003288	F	2	5	3274	1651	1761	714	2.4664	
PILOT-2012003288__F__gpt5.4__rep0.json	PILOT-2012003288	F	0	4	3274	972	2338	714	3.2745	
PILOT-2012003288__F__gpt5.4__rep1.json	PILOT-2012003288	F	1	4	3274	942	2360	714	3.3053	
PILOT-2012003288__F__gpt5.4__rep2.json	PILOT-2012003288	F	2	4	3274	854	2450	714	3.4314	
PILOT-2012003288__F__haiku4.5__rep0.json	PILOT-2012003288	F	0	13	3274	1701	1893	714	2.6513	
PILOT-2012003288__F__haiku4.5__rep1.json	PILOT-2012003288	F	1	13	3274	2180	1427	714	1.9986	
PILOT-2012003288__F__haiku4.5__rep2.json	PILOT-2012003288	F	2	13	3274	2646	1401	714	1.9622	
PILOT-2012003288__F__sonnet4__rep0.json	PILOT-2012003288	F	0	13	3274	3221	519	714	0.7269	
PILOT-2012003288__F__sonnet4__rep1.json	PILOT-2012003288	F	1	13	3274	3221	519	714	0.7269	
PILOT-2012003288__F__sonnet4__rep2.json	PILOT-2012003288	F	2	13	3274	3213	520	714	0.7283	
PILOT-2012003288__G__gpt4o-mini__rep0.json	PILOT-2012003288	G	0	5	3274	1370	1974	714	2.7647	
PILOT-2012003288__G__gpt4o-mini__rep1.json	PILOT-2012003288	G	1	5	3274	1396	1976	714	2.7675	
PILOT-2012003288__G__gpt4o-mini__rep2.json	PILOT-2012003288	G	2	5	3274	1396	1976	714	2.7675	
PILOT-2012003288__G__gpt5.4__rep0.json	PILOT-2012003288	G	0	4	3274	942	2360	714	3.3053	
PILOT-2012003288__G__gpt5.4__rep1.json	PILOT-2012003288	G	1	13	3274	3168	482	714	0.6751	
PILOT-2012003288__G__gpt5.4__rep2.json	PILOT-2012003288	G	2	4	3274	1189	2190	714	3.0672	
PILOT-2012003288__G__haiku4.5__rep0.json	PILOT-2012003288	G	0	13	3274	3456	701	714	0.9818	
PILOT-2012003288__G__haiku4.5__rep1.json	PILOT-2012003288	G	1	13	3274	2103	1423	714	1.993	
PILOT-2012003288__G__haiku4.5__rep2.json	PILOT-2012003288	G	2	13	3274	3309	617	714	0.8641	
PILOT-2012003288__G__sonnet4__rep0.json	PILOT-2012003288	G	0	13	3274	3223	522	714	0.7311	
PILOT-2012003288__G__sonnet4__rep1.json	PILOT-2012003288	G	1	13	3274	3228	518	714	0.7255	
PILOT-2012003288__G__sonnet4__rep2.json	PILOT-2012003288	G	2	13	3274	3208	489	714	0.6849	
PILOT-2012003288__baseline__gpt4o-mini__rep0.json	PILOT-2012003288	baseline	0	4	3274	1228	2183	714	3.0574	
PILOT-2012003288__baseline__gpt4o-mini__rep1.json	PILOT-2012003288	baseline	1	4	3274	1286	2138	714	2.9944	
PILOT-2012003288__baseline__gpt4o-mini__rep2.json	PILOT-2012003288	baseline	2	5	3274	1387	1970	714	2.7591	
PILOT-2012003288__baseline__gpt5.4__rep0.json	PILOT-2012003288	baseline	0	13	3274	3258	571	714	0.7997	
PILOT-2012003288__baseline__gpt5.4__rep1.json	PILOT-2012003288	baseline	1	13	3274	3149	415	714	0.5812	
PILOT-2012003288__baseline__gpt5.4__rep2.json	PILOT-2012003288	baseline	2	13	3274	3299	595	714	0.8333	
PILOT-2012003288__baseline__haiku4.5__rep0.json	PILOT-2012003288	baseline	0	13	3274	1916	1647	714	2.3067	
PILOT-2012003288__baseline__haiku4.5__rep1.json	PILOT-2012003288	baseline	1	13	3274	3497	791	714	1.1078	
PILOT-2012003288__baseline__haiku4.5__rep2.json	PILOT-2012003288	baseline	2	13	3274	2252	1368	714	1.916	
PILOT-2012003288__baseline__sonnet4__rep0.json	PILOT-2012003288	baseline	0	13	3274	3232	504	714	0.7059	
PILOT-2012003288__baseline__sonnet4__rep1.json	PILOT-2012003288	baseline	1	13	3274	3215	506	714	0.7087	
PILOT-2012003288__baseline__sonnet4__rep2.json	PILOT-2012003288	baseline	2	13	3274	3316	588	714	0.8235	
PILOT-2012005674__A__gpt4o-mini__rep0.json	PILOT-2012005674	A	0	7	9954	1720	8281	5845	1.4168	
PILOT-2012005674__A__gpt4o-mini__rep1.json	PILOT-2012005674	A	1	7	9954	1642	8347	5845	1.4281	
PILOT-2012005674__A__gpt4o-mini__rep2.json	PILOT-2012005674	A	2	7	9954	1642	8347	5845	1.4281	
PILOT-2012005674__A__gpt5.4__rep0.json	PILOT-2012005674	A	0	7	9954	2033	8034	5845	1.3745	
PILOT-2012005674__A__gpt5.4__rep1.json	PILOT-2012005674	A	1	7	9954	2383	7716	5845	1.3201	
PILOT-2012005674__A__gpt5.4__rep2.json	PILOT-2012005674	A	2	8	9954	2467	7606	5845	1.3013	
PILOT-2012005674__A__haiku4.5__rep0.json	PILOT-2012005674	A	0	37	9954	10325	1623	5845	0.2777	
PILOT-2012005674__A__haiku4.5__rep1.json	PILOT-2012005674	A	1	37	9954	4579	6589	5845	1.1273	
PILOT-2012005674__A__haiku4.5__rep2.json	PILOT-2012005674	A	2	37	9954	3809	6955	5845	1.1899	
PILOT-2012005674__A__sonnet4__rep0.json	PILOT-2012005674	A	0	37	9954	9835	1119	5845	0.1914	
PILOT-2012005674__A__sonnet4__rep1.json	PILOT-2012005674	A	1	37	9954	9811	1095	5845	0.1873	
PILOT-2012005674__A__sonnet4__rep2.json	PILOT-2012005674	A	2	37	9954	9807	1091	5845	0.1867	
PILOT-2012005674__B__gpt4o-mini__rep0.json	PILOT-2012005674	B	0	7	9954	1711	8269	5845	1.4147	
PILOT-2012005674__B__gpt4o-mini__rep1.json	PILOT-2012005674	B	1	7	9954	1711	8269	5845	1.4147	
PILOT-2012005674__B__gpt4o-mini__rep2.json	PILOT-2012005674	B	2	7	9954	1711	8269	5845	1.4147	
PILOT-2012005674__B__gpt5.4__rep0.json	PILOT-2012005674	B	0	7	9954	2273	7728	5845	1.3222	
PILOT-2012005674__B__gpt5.4__rep1.json	PILOT-2012005674	B	1	7	9954	2253	7829	5845	1.3394	
PILOT-2012005674__B__gpt5.4__rep2.json	PILOT-2012005674	B	2	7	9954	2247	7833	5845	1.3401	
PILOT-2012005674__B__haiku4.5__rep0.json	PILOT-2012005674	B	0	37	9954	9736	954	5845	0.1632	
PILOT-2012005674__B__haiku4.5__rep1.json	PILOT-2012005674	B	1	37	9954	9790	1007	5845	0.1723	
PILOT-2012005674__B__haiku4.5__rep2.json	PILOT-2012005674	B	2	37	9954	9770	987	5845	0.1689	
PILOT-2012005674__B__sonnet4__rep0.json	PILOT-2012005674	B	0	7	9954	2141	7871	5845	1.3466	
PILOT-2012005674__B__sonnet4__rep1.json	PILOT-2012005674	B	1	37	9954	9709	1009	5845	0.1726	
PILOT-2012005674__B__sonnet4__rep2.json	PILOT-2012005674	B	2	7	9954	2141	7871	5845	1.3466	
PILOT-2012005674__C__gpt4o-mini__rep0.json	PILOT-2012005674	C	0	7	9954	1774	8220	5845	1.4063	
PILOT-2012005674__C__gpt4o-mini__rep1.json	PILOT-2012005674	C	1	7	9954	1711	8269	5845	1.4147	
PILOT-2012005674__C__gpt4o-mini__rep2.json	PILOT-2012005674	C	2	7	9954	1711	8269	5845	1.4147	
PILOT-2012005674__C__gpt5.4__rep0.json	PILOT-2012005674	C	0	10	9954	2434	7603	5845	1.3008	
PILOT-2012005674__C__gpt5.4__rep1.json	PILOT-2012005674	C	1	7	9954	2253	7829	5845	1.3394	
PILOT-2012005674__C__gpt5.4__rep2.json	PILOT-2012005674	C	2	7	9954	2261	7731	5845	1.3227	
PILOT-2012005674__C__haiku4.5__rep0.json	PILOT-2012005674	C	0	37	9954	9835	1049	5845	0.1795	
PILOT-2012005674__C__haiku4.5__rep1.json	PILOT-2012005674	C	1	37	9954	2584	7631	5845	1.3056	
PILOT-2012005674__C__haiku4.5__rep2.json	PILOT-2012005674	C	2	37	9954	9820	1037	5845	0.1774	
PILOT-2012005674__C__sonnet4__rep0.json	PILOT-2012005674	C	0	37	9954	9116	1488	5845	0.2546	
PILOT-2012005674__C__sonnet4__rep1.json	PILOT-2012005674	C	1	37	9954	9116	1492	5845	0.2553	
PILOT-2012005674__C__sonnet4__rep2.json	PILOT-2012005674	C	2	37	9954	9116	1492	5845	0.2553	
PILOT-2012005674__D__gpt4o-mini__rep0.json	PILOT-2012005674	D	0	7	9954	1711	8269	5845	1.4147	
PILOT-2012005674__D__gpt4o-mini__rep1.json	PILOT-2012005674	D	1	7	9954	1711	8269	5845	1.4147	
PILOT-2012005674__D__gpt4o-mini__rep2.json	PILOT-2012005674	D	2	7	9954	1711	8269	5845	1.4147	
PILOT-2012005674__D__gpt5.4__rep0.json	PILOT-2012005674	D	0	7	9954	2247	7833	5845	1.3401	
PILOT-2012005674__D__gpt5.4__rep1.json	PILOT-2012005674	D	1	7	9954	2247	7833	5845	1.3401	
PILOT-2012005674__D__gpt5.4__rep2.json	PILOT-2012005674	D	2	7	9954	2261	7731	5845	1.3227	
PILOT-2012005674__D__haiku4.5__rep0.json	PILOT-2012005674	D	0	7	9954	2532	7677	5845	1.3134	
PILOT-2012005674__D__haiku4.5__rep1.json	PILOT-2012005674	D	1	10	9954	3546	7058	5845	1.2075	
PILOT-2012005674__D__haiku4.5__rep2.json	PILOT-2012005674	D	2	7	9954	2740	7534	5845	1.289	
PILOT-2012005674__D__sonnet4__rep0.json	PILOT-2012005674	D	0	37	9954	9697	981	5845	0.1678	
PILOT-2012005674__D__sonnet4__rep1.json	PILOT-2012005674	D	1	37	9954	9697	981	5845	0.1678	
PILOT-2012005674__D__sonnet4__rep2.json	PILOT-2012005674	D	2	37	9954	9697	981	5845	0.1678	
PILOT-2012005674__E__gpt4o-mini__rep0.json	PILOT-2012005674	E	0	7	9954	1774	8220	5845	1.4063	
PILOT-2012005674__E__gpt4o-mini__rep1.json	PILOT-2012005674	E	1	7	9954	1774	8220	5845	1.4063	
PILOT-2012005674__E__gpt4o-mini__rep2.json	PILOT-2012005674	E	2	7	9954	1774	8220	5845	1.4063	
PILOT-2012005674__E__gpt5.4__rep0.json	PILOT-2012005674	E	0	7	9954	2273	7728	5845	1.3222	
PILOT-2012005674__E__gpt5.4__rep1.json	PILOT-2012005674	E	1	7	9954	2261	7731	5845	1.3227	
PILOT-2012005674__E__gpt5.4__rep2.json	PILOT-2012005674	E	2	7	9954	2273	7728	5845	1.3222	
PILOT-2012005674__E__haiku4.5__rep0.json	PILOT-2012005674	E	0	10	9954	2954	7325	5845	1.2532	
PILOT-2012005674__E__haiku4.5__rep1.json	PILOT-2012005674	E	1	7	9954	2199	7911	5845	1.3535	
PILOT-2012005674__E__haiku4.5__rep2.json	PILOT-2012005674	E	2	7	9954	2278	7853	5845	1.3435	
PILOT-2012005674__E__sonnet4__rep0.json	PILOT-2012005674	E	0	37	9954	9317	1500	5845	0.2566	
PILOT-2012005674__E__sonnet4__rep1.json	PILOT-2012005674	E	1	37	9954	9317	1500	5845	0.2566	
PILOT-2012005674__E__sonnet4__rep2.json	PILOT-2012005674	E	2	37	9954	9317	1500	5845	0.2566	
PILOT-2012005674__F__gpt4o-mini__rep0.json	PILOT-2012005674	F	0	7	9954	1711	8269	5845	1.4147	
PILOT-2012005674__F__gpt4o-mini__rep1.json	PILOT-2012005674	F	1	7	9954	1711	8269	5845	1.4147	
PILOT-2012005674__F__gpt4o-mini__rep2.json	PILOT-2012005674	F	2	7	9954	1711	8269	5845	1.4147	
PILOT-2012005674__F__gpt5.4__rep0.json	PILOT-2012005674	F	0	10	9954	2428	7600	5845	1.3003	
PILOT-2012005674__F__gpt5.4__rep1.json	PILOT-2012005674	F	1	7	9954	2261	7731	5845	1.3227	
PILOT-2012005674__F__gpt5.4__rep2.json	PILOT-2012005674	F	2	10	9954	2428	7600	5845	1.3003	
PILOT-2012005674__F__haiku4.5__rep0.json	PILOT-2012005674	F	0	10	9954	3133	7224	5845	1.2359	
PILOT-2012005674__F__haiku4.5__rep1.json	PILOT-2012005674	F	1	37	9954	10228	1451	5845	0.2482	
PILOT-2012005674__F__haiku4.5__rep2.json	PILOT-2012005674	F	2	37	9954	9777	991	5845	0.1695	
PILOT-2012005674__F__sonnet4__rep0.json	PILOT-2012005674	F	0	37	9954	9116	1488	5845	0.2546	
PILOT-2012005674__F__sonnet4__rep1.json	PILOT-2012005674	F	1	37	9954	9652	1321	5845	0.226	
PILOT-2012005674__F__sonnet4__rep2.json	PILOT-2012005674	F	2	37	9954	9652	1321	5845	0.226	
PILOT-2012005674__G__gpt4o-mini__rep0.json	PILOT-2012005674	G	0	0			None		None	no_gen
PILOT-2012005674__G__gpt4o-mini__rep1.json	PILOT-2012005674	G	1	0			None		None	no_gen
PILOT-2012005674__G__gpt4o-mini__rep2.json	PILOT-2012005674	G	2	0			None		None	no_gen
PILOT-2012005674__G__gpt5.4__rep0.json	PILOT-2012005674	G	0	7	9954	2273	7728	5845	1.3222	
PILOT-2012005674__G__gpt5.4__rep1.json	PILOT-2012005674	G	1	10	9954	2428	7600	5845	1.3003	
PILOT-2012005674__G__gpt5.4__rep2.json	PILOT-2012005674	G	2	10	9954	2428	7600	5845	1.3003	
PILOT-2012005674__G__haiku4.5__rep0.json	PILOT-2012005674	G	0	37	9954	10208	1426	5845	0.244	
PILOT-2012005674__G__haiku4.5__rep1.json	PILOT-2012005674	G	1	37	9954	9796	1014	5845	0.1735	
PILOT-2012005674__G__haiku4.5__rep2.json	PILOT-2012005674	G	2	37	9954	2483	7699	5845	1.3172	
PILOT-2012005674__G__sonnet4__rep0.json	PILOT-2012005674	G	0	37	9954	9697	981	5845	0.1678	
PILOT-2012005674__G__sonnet4__rep1.json	PILOT-2012005674	G	1	37	9954	9697	981	5845	0.1678	
PILOT-2012005674__G__sonnet4__rep2.json	PILOT-2012005674	G	2	37	9954	9697	981	5845	0.1678	
PILOT-2012005674__baseline__gpt4o-mini__rep0.json	PILOT-2012005674	baseline	0	7	9954	1711	8269	5845	1.4147	
PILOT-2012005674__baseline__gpt4o-mini__rep1.json	PILOT-2012005674	baseline	1	7	9954	1711	8269	5845	1.4147	
PILOT-2012005674__baseline__gpt4o-mini__rep2.json	PILOT-2012005674	baseline	2	7	9954	1711	8269	5845	1.4147	
PILOT-2012005674__baseline__gpt5.4__rep0.json	PILOT-2012005674	baseline	0	7	9954	2273	7728	5845	1.3222	
PILOT-2012005674__baseline__gpt5.4__rep1.json	PILOT-2012005674	baseline	1	7	9954	2273	7728	5845	1.3222	
PILOT-2012005674__baseline__gpt5.4__rep2.json	PILOT-2012005674	baseline	2	8	9954	2273	7728	5845	1.3222	
PILOT-2012005674__baseline__haiku4.5__rep0.json	PILOT-2012005674	baseline	0	37	9954	9799	1013	5845	0.1733	
PILOT-2012005674__baseline__haiku4.5__rep1.json	PILOT-2012005674	baseline	1	10	9954	3673	6945	5845	1.1882	
PILOT-2012005674__baseline__haiku4.5__rep2.json	PILOT-2012005674	baseline	2	7	9954	2557	7666	5845	1.3115	
PILOT-2012005674__baseline__sonnet4__rep0.json	PILOT-2012005674	baseline	0	37	9954	9697	981	5845	0.1678	
PILOT-2012005674__baseline__sonnet4__rep1.json	PILOT-2012005674	baseline	1	37	9954	9697	981	5845	0.1678	
PILOT-2012005674__baseline__sonnet4__rep2.json	PILOT-2012005674	baseline	2	37	9954	9697	981	5845	0.1678	
PILOT-2012006145__A__gpt4o-mini__rep0.json	PILOT-2012006145	A	0	23	6066	3275	3095	2446	1.2653	
PILOT-2012006145__A__gpt4o-mini__rep1.json	PILOT-2012006145	A	1	10	6066	1512	4577	2446	1.8712	
PILOT-2012006145__A__gpt4o-mini__rep2.json	PILOT-2012006145	A	2	23	6066	3235	3036	2446	1.2412	
PILOT-2012006145__A__gpt5.4__rep0.json	PILOT-2012006145	A	0	42	6066	6463	627	2446	0.2563	
PILOT-2012006145__A__gpt5.4__rep1.json	PILOT-2012006145	A	1	23	6066	3304	3118	2446	1.2747	
PILOT-2012006145__A__gpt5.4__rep2.json	PILOT-2012006145	A	2	23	6066	3682	3011	2446	1.231	
PILOT-2012006145__A__haiku4.5__rep0.json	PILOT-2012006145	A	0	23	6066	3719	3177	2446	1.2989	
PILOT-2012006145__A__haiku4.5__rep1.json	PILOT-2012006145	A	1	23	6066	4011	3129	2446	1.2792	
PILOT-2012006145__A__haiku4.5__rep2.json	PILOT-2012006145	A	2	23	6066	3699	3291	2446	1.3455	
PILOT-2012006145__A__sonnet4__rep0.json	PILOT-2012006145	A	0	23	6066	3183	3003	2446	1.2277	
PILOT-2012006145__A__sonnet4__rep1.json	PILOT-2012006145	A	1	23	6066	3183	3003	2446	1.2277	
PILOT-2012006145__A__sonnet4__rep2.json	PILOT-2012006145	A	2	23	6066	3354	3125	2446	1.2776	
PILOT-2012006145__B__gpt4o-mini__rep0.json	PILOT-2012006145	B	0	11	6066	1557	4531	2446	1.8524	
PILOT-2012006145__B__gpt4o-mini__rep1.json	PILOT-2012006145	B	1	23	6066	3285	3076	2446	1.2576	
PILOT-2012006145__B__gpt4o-mini__rep2.json	PILOT-2012006145	B	2	23	6066	3215	3158	2446	1.2911	
PILOT-2012006145__B__gpt5.4__rep0.json	PILOT-2012006145	B	0	23	6066	3215	3035	2446	1.2408	
PILOT-2012006145__B__gpt5.4__rep1.json	PILOT-2012006145	B	1	23	6066	3216	3034	2446	1.2404	
PILOT-2012006145__B__gpt5.4__rep2.json	PILOT-2012006145	B	2	23	6066	3216	3034	2446	1.2404	
PILOT-2012006145__B__haiku4.5__rep0.json	PILOT-2012006145	B	0	23	6066	3209	3029	2446	1.2383	
PILOT-2012006145__B__haiku4.5__rep1.json	PILOT-2012006145	B	1	23	6066	3179	2999	2446	1.2261	
PILOT-2012006145__B__haiku4.5__rep2.json	PILOT-2012006145	B	2	23	6066	3146	3274	2446	1.3385	
PILOT-2012006145__B__sonnet4__rep0.json	PILOT-2012006145	B	0	23	6066	3221	3041	2446	1.2433	
PILOT-2012006145__B__sonnet4__rep1.json	PILOT-2012006145	B	1	23	6066	3221	3041	2446	1.2433	
PILOT-2012006145__B__sonnet4__rep2.json	PILOT-2012006145	B	2	23	6066	3221	3041	2446	1.2433	
PILOT-2012006145__C__gpt4o-mini__rep0.json	PILOT-2012006145	C	0	23	6066	3435	3109	2446	1.2711	
PILOT-2012006145__C__gpt4o-mini__rep1.json	PILOT-2012006145	C	1	23	6066	3335	3075	2446	1.2572	
PILOT-2012006145__C__gpt4o-mini__rep2.json	PILOT-2012006145	C	2	23	6066	3309	3085	2446	1.2612	
PILOT-2012006145__C__gpt5.4__rep0.json	PILOT-2012006145	C	0	23	6066	3216	3034	2446	1.2404	
PILOT-2012006145__C__gpt5.4__rep1.json	PILOT-2012006145	C	1	23	6066	3216	3034	2446	1.2404	
PILOT-2012006145__C__gpt5.4__rep2.json	PILOT-2012006145	C	2	42	6066	6040	210	2446	0.0859	
PILOT-2012006145__C__haiku4.5__rep0.json	PILOT-2012006145	C	0	23	6066	3506	3178	2446	1.2993	
PILOT-2012006145__C__haiku4.5__rep1.json	PILOT-2012006145	C	1	23	6066	3506	3178	2446	1.2993	
PILOT-2012006145__C__haiku4.5__rep2.json	PILOT-2012006145	C	2	23	6066	3388	3139	2446	1.2833	
PILOT-2012006145__C__sonnet4__rep0.json	PILOT-2012006145	C	0	23	6066	3152	2970	2446	1.2142	
PILOT-2012006145__C__sonnet4__rep1.json	PILOT-2012006145	C	1	23	6066	3152	2970	2446	1.2142	
PILOT-2012006145__C__sonnet4__rep2.json	PILOT-2012006145	C	2	23	6066	3152	2970	2446	1.2142	
PILOT-2012006145__D__gpt4o-mini__rep0.json	PILOT-2012006145	D	0	23	6066	3275	3079	2446	1.2588	
PILOT-2012006145__D__gpt4o-mini__rep1.json	PILOT-2012006145	D	1	23	6066	3271	3070	2446	1.2551	
PILOT-2012006145__D__gpt4o-mini__rep2.json	PILOT-2012006145	D	2	23	6066	3307	3085	2446	1.2612	
PILOT-2012006145__D__gpt5.4__rep0.json	PILOT-2012006145	D	0	23	6066	3216	3034	2446	1.2404	
PILOT-2012006145__D__gpt5.4__rep1.json	PILOT-2012006145	D	1	23	6066	3216	3034	2446	1.2404	
PILOT-2012006145__D__gpt5.4__rep2.json	PILOT-2012006145	D	2	42	6066	6043	207	2446	0.0846	
PILOT-2012006145__D__haiku4.5__rep0.json	PILOT-2012006145	D	0	23	6066	4123	3321	2446	1.3577	
PILOT-2012006145__D__haiku4.5__rep1.json	PILOT-2012006145	D	1	23	6066	3209	3029	2446	1.2383	
PILOT-2012006145__D__haiku4.5__rep2.json	PILOT-2012006145	D	2	23	6066	3456	3235	2446	1.3226	
PILOT-2012006145__D__sonnet4__rep0.json	PILOT-2012006145	D	0	23	6066	3170	2988	2446	1.2216	
PILOT-2012006145__D__sonnet4__rep1.json	PILOT-2012006145	D	1	23	6066	3169	2989	2446	1.222	
PILOT-2012006145__D__sonnet4__rep2.json	PILOT-2012006145	D	2	23	6066	3170	2988	2446	1.2216	
PILOT-2012006145__E__gpt4o-mini__rep0.json	PILOT-2012006145	E	0	23	6066	3215	3035	2446	1.2408	
PILOT-2012006145__E__gpt4o-mini__rep1.json	PILOT-2012006145	E	1	23	6066	3183	3003	2446	1.2277	
PILOT-2012006145__E__gpt4o-mini__rep2.json	PILOT-2012006145	E	2	23	6066	3215	3035	2446	1.2408	
PILOT-2012006145__E__gpt5.4__rep0.json	PILOT-2012006145	E	0	42	6066	3215	3035	2446	1.2408	
PILOT-2012006145__E__gpt5.4__rep1.json	PILOT-2012006145	E	1	23	6066	3216	3034	2446	1.2404	
PILOT-2012006145__E__gpt5.4__rep2.json	PILOT-2012006145	E	2	42	6066	3216	3034	2446	1.2404	
PILOT-2012006145__E__haiku4.5__rep0.json	PILOT-2012006145	E	0	23	6066	3165	2985	2446	1.2204	
PILOT-2012006145__E__haiku4.5__rep1.json	PILOT-2012006145	E	1	23	6066	3165	2985	2446	1.2204	
PILOT-2012006145__E__haiku4.5__rep2.json	PILOT-2012006145	E	2	23	6066	3165	2985	2446	1.2204	
PILOT-2012006145__E__sonnet4__rep0.json	PILOT-2012006145	E	0	23	6066	3152	2970	2446	1.2142	
PILOT-2012006145__E__sonnet4__rep1.json	PILOT-2012006145	E	1	23	6066	3152	2970	2446	1.2142	
PILOT-2012006145__E__sonnet4__rep2.json	PILOT-2012006145	E	2	23	6066	3152	2970	2446	1.2142	
PILOT-2012006145__F__gpt4o-mini__rep0.json	PILOT-2012006145	F	0	23	6066	3215	3037	2446	1.2416	
PILOT-2012006145__F__gpt4o-mini__rep1.json	PILOT-2012006145	F	1	23	6066	3215	3043	2446	1.2441	
PILOT-2012006145__F__gpt4o-mini__rep2.json	PILOT-2012006145	F	2	23	6066	3215	3037	2446	1.2416	
PILOT-2012006145__F__gpt5.4__rep0.json	PILOT-2012006145	F	0	42	6066	3216	3034	2446	1.2404	
PILOT-2012006145__F__gpt5.4__rep1.json	PILOT-2012006145	F	1	23	6066	3216	3034	2446	1.2404	
PILOT-2012006145__F__gpt5.4__rep2.json	PILOT-2012006145	F	2	23	6066	3215	3035	2446	1.2408	
PILOT-2012006145__F__haiku4.5__rep0.json	PILOT-2012006145	F	0	23	6066	3261	3065	2446	1.2531	
PILOT-2012006145__F__haiku4.5__rep1.json	PILOT-2012006145	F	1	23	6066	3261	3065	2446	1.2531	
PILOT-2012006145__F__haiku4.5__rep2.json	PILOT-2012006145	F	2	23	6066	3327	3091	2446	1.2637	
PILOT-2012006145__F__sonnet4__rep0.json	PILOT-2012006145	F	0	23	6066	3193	3013	2446	1.2318	
PILOT-2012006145__F__sonnet4__rep1.json	PILOT-2012006145	F	1	23	6066	3151	2971	2446	1.2146	
PILOT-2012006145__F__sonnet4__rep2.json	PILOT-2012006145	F	2	23	6066	3179	2999	2446	1.2261	
PILOT-2012006145__G__gpt4o-mini__rep0.json	PILOT-2012006145	G	0	23	6066	3271	3071	2446	1.2555	
PILOT-2012006145__G__gpt4o-mini__rep1.json	PILOT-2012006145	G	1	23	6066	3215	3047	2446	1.2457	
PILOT-2012006145__G__gpt4o-mini__rep2.json	PILOT-2012006145	G	2	23	6066	3209	3039	2446	1.2424	
PILOT-2012006145__G__gpt5.4__rep0.json	PILOT-2012006145	G	0	42	6066	3215	3037	2446	1.2416	
PILOT-2012006145__G__gpt5.4__rep1.json	PILOT-2012006145	G	1	23	6066	3377	3117	2446	1.2743	
PILOT-2012006145__G__gpt5.4__rep2.json	PILOT-2012006145	G	2	23	6066	3216	3034	2446	1.2404	
PILOT-2012006145__G__haiku4.5__rep0.json	PILOT-2012006145	G	0	23	6066	757	5323	2446	2.1762	
PILOT-2012006145__G__haiku4.5__rep1.json	PILOT-2012006145	G	1	23	6066	3209	3029	2446	1.2383	
PILOT-2012006145__G__haiku4.5__rep2.json	PILOT-2012006145	G	2	23	6066	3261	3065	2446	1.2531	
PILOT-2012006145__G__sonnet4__rep0.json	PILOT-2012006145	G	0	23	6066	3169	2989	2446	1.222	
PILOT-2012006145__G__sonnet4__rep1.json	PILOT-2012006145	G	1	23	6066	3151	2971	2446	1.2146	
PILOT-2012006145__G__sonnet4__rep2.json	PILOT-2012006145	G	2	23	6066	3151	2971	2446	1.2146	
PILOT-2012006145__baseline__gpt4o-mini__rep0.json	PILOT-2012006145	baseline	0	23	6066	3267	3065	2446	1.2531	
PILOT-2012006145__baseline__gpt4o-mini__rep1.json	PILOT-2012006145	baseline	1	23	6066	3267	3065	2446	1.2531	
PILOT-2012006145__baseline__gpt4o-mini__rep2.json	PILOT-2012006145	baseline	2	23	6066	3267	3067	2446	1.2539	
PILOT-2012006145__baseline__gpt5.4__rep0.json	PILOT-2012006145	baseline	0	42	6066	6043	207	2446	0.0846	
PILOT-2012006145__baseline__gpt5.4__rep1.json	PILOT-2012006145	baseline	1	23	6066	3216	3034	2446	1.2404	
PILOT-2012006145__baseline__gpt5.4__rep2.json	PILOT-2012006145	baseline	2	42	6066	6043	207	2446	0.0846	
PILOT-2012006145__baseline__haiku4.5__rep0.json	PILOT-2012006145	baseline	0	23	6066	3468	3094	2446	1.2649	
PILOT-2012006145__baseline__haiku4.5__rep1.json	PILOT-2012006145	baseline	1	23	6066	3165	2985	2446	1.2204	
PILOT-2012006145__baseline__haiku4.5__rep2.json	PILOT-2012006145	baseline	2	23	6066	3497	3043	2446	1.2441	
PILOT-2012006145__baseline__sonnet4__rep0.json	PILOT-2012006145	baseline	0	23	6066	3151	2971	2446	1.2146	
PILOT-2012006145__baseline__sonnet4__rep1.json	PILOT-2012006145	baseline	1	23	6066	3151	2971	2446	1.2146	
PILOT-2012006145__baseline__sonnet4__rep2.json	PILOT-2012006145	baseline	2	23	6066	3152	2970	2446	1.2142	
PILOT-2012007524__A__gpt4o-mini__rep0.json	PILOT-2012007524	A	0	7	7153	3025	4666	1361	3.4284	
PILOT-2012007524__A__gpt4o-mini__rep1.json	PILOT-2012007524	A	1	7	7153	2998	4751	1361	3.4908	
PILOT-2012007524__A__gpt4o-mini__rep2.json	PILOT-2012007524	A	2	7	7153	2930	4719	1361	3.4673	
PILOT-2012007524__A__gpt5.4__rep0.json	PILOT-2012007524	A	0	8	7153	4193	4011	1361	2.9471	
PILOT-2012007524__A__gpt5.4__rep1.json	PILOT-2012007524	A	1	8	7153	3860	4116	1361	3.0242	
PILOT-2012007524__A__gpt5.4__rep2.json	PILOT-2012007524	A	2	8	7153	3352	4067	1361	2.9882	
PILOT-2012007524__A__haiku4.5__rep0.json	PILOT-2012007524	A	0	7	7153	3729	4528	1361	3.327	
PILOT-2012007524__A__haiku4.5__rep1.json	PILOT-2012007524	A	1	20	7153	7847	1529	1361	1.1234	
PILOT-2012007524__A__haiku4.5__rep2.json	PILOT-2012007524	A	2	20	7153	7832	1547	1361	1.1367	
PILOT-2012007524__A__sonnet4__rep0.json	PILOT-2012007524	A	0	20	7153	8003	1204	1361	0.8846	
PILOT-2012007524__A__sonnet4__rep1.json	PILOT-2012007524	A	1	20	7153	7934	1146	1361	0.842	
PILOT-2012007524__A__sonnet4__rep2.json	PILOT-2012007524	A	2	20	7153	7832	1049	1361	0.7708	
PILOT-2012007524__B__gpt4o-mini__rep0.json	PILOT-2012007524	B	0	6	7153	3250	4345	1361	3.1925	
PILOT-2012007524__B__gpt4o-mini__rep1.json	PILOT-2012007524	B	1	14	7153	6521	2979	1361	2.1888	
PILOT-2012007524__B__gpt4o-mini__rep2.json	PILOT-2012007524	B	2	14	7153	6440	2855	1361	2.0977	
PILOT-2012007524__B__gpt5.4__rep0.json	PILOT-2012007524	B	0	7	7153	3790	4204	1361	3.0889	
PILOT-2012007524__B__gpt5.4__rep1.json	PILOT-2012007524	B	1	7	7153	3710	4075	1361	2.9941	
PILOT-2012007524__B__gpt5.4__rep2.json	PILOT-2012007524	B	2	7	7153	3474	4169	1361	3.0632	
PILOT-2012007524__B__haiku4.5__rep0.json	PILOT-2012007524	B	0	20	7153	7407	698	1361	0.5129	
PILOT-2012007524__B__haiku4.5__rep1.json	PILOT-2012007524	B	1	7	7153	4160	4216	1361	3.0977	
PILOT-2012007524__B__haiku4.5__rep2.json	PILOT-2012007524	B	2	20	7153	6833	1069	1361	0.7855	
PILOT-2012007524__B__sonnet4__rep0.json	PILOT-2012007524	B	0	20	7153	7884	1079	1361	0.7928	
PILOT-2012007524__B__sonnet4__rep1.json	PILOT-2012007524	B	1	20	7153	7430	656	1361	0.482	
PILOT-2012007524__B__sonnet4__rep2.json	PILOT-2012007524	B	2	20	7153	7438	668	1361	0.4908	
PILOT-2012007524__C__gpt4o-mini__rep0.json	PILOT-2012007524	C	0	7	7153	3284	4379	1361	3.2175	
PILOT-2012007524__C__gpt4o-mini__rep1.json	PILOT-2012007524	C	1	7	7153	3239	4368	1361	3.2094	
PILOT-2012007524__C__gpt4o-mini__rep2.json	PILOT-2012007524	C	2	7	7153	3166	4267	1361	3.1352	
PILOT-2012007524__C__gpt5.4__rep0.json	PILOT-2012007524	C	0	8	7153	3867	3980	1361	2.9243	
PILOT-2012007524__C__gpt5.4__rep1.json	PILOT-2012007524	C	1	8	7153	4085	4038	1361	2.9669	
PILOT-2012007524__C__gpt5.4__rep2.json	PILOT-2012007524	C	2	8	7153	3796	3863	1361	2.8384	
PILOT-2012007524__C__haiku4.5__rep0.json	PILOT-2012007524	C	0	20	7153	7963	1179	1361	0.8663	
PILOT-2012007524__C__haiku4.5__rep1.json	PILOT-2012007524	C	1	20	7153	7660	896	1361	0.6583	
PILOT-2012007524__C__haiku4.5__rep2.json	PILOT-2012007524	C	2	13	7153	5449	2644	1361	1.9427	
PILOT-2012007524__C__sonnet4__rep0.json	PILOT-2012007524	C	0	20	7153	7640	885	1361	0.6503	
PILOT-2012007524__C__sonnet4__rep1.json	PILOT-2012007524	C	1	20	7153	7358	587	1361	0.4313	
PILOT-2012007524__C__sonnet4__rep2.json	PILOT-2012007524	C	2	20	7153	7773	1019	1361	0.7487	
PILOT-2012007524__D__gpt4o-mini__rep0.json	PILOT-2012007524	D	0	7	7153	3473	4310	1361	3.1668	
PILOT-2012007524__D__gpt4o-mini__rep1.json	PILOT-2012007524	D	1	7	7153	3406	4320	1361	3.1741	
PILOT-2012007524__D__gpt4o-mini__rep2.json	PILOT-2012007524	D	2	7	7153	3297	4332	1361	3.183	
PILOT-2012007524__D__gpt5.4__rep0.json	PILOT-2012007524	D	0	8	7153	4273	3899	1361	2.8648	
PILOT-2012007524__D__gpt5.4__rep1.json	PILOT-2012007524	D	1	8	7153	4619	4171	1361	3.0647	
PILOT-2012007524__D__gpt5.4__rep2.json	PILOT-2012007524	D	2	8	7153	3906	4024	1361	2.9566	
PILOT-2012007524__D__haiku4.5__rep0.json	PILOT-2012007524	D	0	7	7153	3440	4315	1361	3.1705	
PILOT-2012007524__D__haiku4.5__rep1.json	PILOT-2012007524	D	1	20	7153	3337	4300	1361	3.1594	
PILOT-2012007524__D__haiku4.5__rep2.json	PILOT-2012007524	D	2	20	7153	7629	869	1361	0.6385	
PILOT-2012007524__D__sonnet4__rep0.json	PILOT-2012007524	D	0	20	7153	8106	1301	1361	0.9559	
PILOT-2012007524__D__sonnet4__rep1.json	PILOT-2012007524	D	1	20	7153	7311	557	1361	0.4093	
PILOT-2012007524__D__sonnet4__rep2.json	PILOT-2012007524	D	2	20	7153	8028	1223	1361	0.8986	
PILOT-2012007524__E__gpt4o-mini__rep0.json	PILOT-2012007524	E	0	6	7153	2486	4806	1361	3.5312	
PILOT-2012007524__E__gpt4o-mini__rep1.json	PILOT-2012007524	E	1	7	7153	3576	4268	1361	3.1359	
PILOT-2012007524__E__gpt4o-mini__rep2.json	PILOT-2012007524	E	2	7	7153	3345	4299	1361	3.1587	
PILOT-2012007524__E__gpt5.4__rep0.json	PILOT-2012007524	E	0	7	7153	2856	4437	1361	3.2601	
PILOT-2012007524__E__gpt5.4__rep1.json	PILOT-2012007524	E	1	8	7153	3880	3942	1361	2.8964	
PILOT-2012007524__E__gpt5.4__rep2.json	PILOT-2012007524	E	2	8	7153	3928	4027	1361	2.9589	
PILOT-2012007524__E__haiku4.5__rep0.json	PILOT-2012007524	E	0	7	7153	3689	4229	1361	3.1073	
PILOT-2012007524__E__haiku4.5__rep1.json	PILOT-2012007524	E	1	7	7153	3790	4288	1361	3.1506	
PILOT-2012007524__E__haiku4.5__rep2.json	PILOT-2012007524	E	2	7	7153	4076	4200	1361	3.086	
PILOT-2012007524__E__sonnet4__rep0.json	PILOT-2012007524	E	0	20	7153	7369	632	1361	0.4644	
PILOT-2012007524__E__sonnet4__rep1.json	PILOT-2012007524	E	1	20	7153	7350	613	1361	0.4504	
PILOT-2012007524__E__sonnet4__rep2.json	PILOT-2012007524	E	2	20	7153	7291	520	1361	0.3821	
PILOT-2012007524__F__gpt4o-mini__rep0.json	PILOT-2012007524	F	0	7	7153	3159	4278	1361	3.1433	
PILOT-2012007524__F__gpt4o-mini__rep1.json	PILOT-2012007524	F	1	5	7153	2675	4772	1361	3.5062	
PILOT-2012007524__F__gpt4o-mini__rep2.json	PILOT-2012007524	F	2	7	7153	3139	4285	1361	3.1484	
PILOT-2012007524__F__gpt5.4__rep0.json	PILOT-2012007524	F	0	7	7153	3119	4451	1361	3.2704	
PILOT-2012007524__F__gpt5.4__rep1.json	PILOT-2012007524	F	1	7	7153	3066	4439	1361	3.2616	
PILOT-2012007524__F__gpt5.4__rep2.json	PILOT-2012007524	F	2	7	7153	3145	4434	1361	3.2579	
PILOT-2012007524__F__haiku4.5__rep0.json	PILOT-2012007524	F	0	20	7153	7322	651	1361	0.4783	
PILOT-2012007524__F__haiku4.5__rep1.json	PILOT-2012007524	F	1	20	7153	7354	602	1361	0.4423	
PILOT-2012007524__F__haiku4.5__rep2.json	PILOT-2012007524	F	2	20	7153	7274	543	1361	0.399	
PILOT-2012007524__F__sonnet4__rep0.json	PILOT-2012007524	F	0	20	7153	7495	758	1361	0.5569	
PILOT-2012007524__F__sonnet4__rep1.json	PILOT-2012007524	F	1	20	7153	7505	734	1361	0.5393	
PILOT-2012007524__F__sonnet4__rep2.json	PILOT-2012007524	F	2	20	7153	7573	825	1361	0.6062	
PILOT-2012007524__G__gpt4o-mini__rep0.json	PILOT-2012007524	G	0	0			None		None	no_gen
PILOT-2012007524__G__gpt4o-mini__rep1.json	PILOT-2012007524	G	1	0			None		None	no_gen
PILOT-2012007524__G__gpt4o-mini__rep2.json	PILOT-2012007524	G	2	0			None		None	no_gen
PILOT-2012007524__G__gpt5.4__rep0.json	PILOT-2012007524	G	0	7	7153	3038	4443	1361	3.2645	
PILOT-2012007524__G__gpt5.4__rep1.json	PILOT-2012007524	G	1	7	7153	3114	4483	1361	3.2939	
PILOT-2012007524__G__gpt5.4__rep2.json	PILOT-2012007524	G	2	8	7153	3924	4069	1361	2.9897	
PILOT-2012007524__G__haiku4.5__rep0.json	PILOT-2012007524	G	0	13	7153	5844	2643	1361	1.942	
PILOT-2012007524__G__haiku4.5__rep1.json	PILOT-2012007524	G	1	20	7153	7569	798	1361	0.5863	
PILOT-2012007524__G__haiku4.5__rep2.json	PILOT-2012007524	G	2	20	7153	2948	4444	1361	3.2652	
PILOT-2012007524__G__sonnet4__rep0.json	PILOT-2012007524	G	0	20	7153	7546	775	1361	0.5694	
PILOT-2012007524__G__sonnet4__rep1.json	PILOT-2012007524	G	1	20	7153	7647	875	1361	0.6429	
PILOT-2012007524__G__sonnet4__rep2.json	PILOT-2012007524	G	2	20	7153	7523	786	1361	0.5775	
PILOT-2012007524__baseline__gpt4o-mini__rep0.json	PILOT-2012007524	baseline	0	7	7153	3254	4218	1361	3.0992	
PILOT-2012007524__baseline__gpt4o-mini__rep1.json	PILOT-2012007524	baseline	1	7	7153	3576	4268	1361	3.1359	
PILOT-2012007524__baseline__gpt4o-mini__rep2.json	PILOT-2012007524	baseline	2	7	7153	3162	4266	1361	3.1345	
PILOT-2012007524__baseline__gpt5.4__rep0.json	PILOT-2012007524	baseline	0	7	7153	3476	4304	1361	3.1624	
PILOT-2012007524__baseline__gpt5.4__rep1.json	PILOT-2012007524	baseline	1	7	7153	3087	4571	1361	3.3586	
PILOT-2012007524__baseline__gpt5.4__rep2.json	PILOT-2012007524	baseline	2	8	7153	3884	4071	1361	2.9912	
PILOT-2012007524__baseline__haiku4.5__rep0.json	PILOT-2012007524	baseline	0	7	7153	3786	4277	1361	3.1425	
PILOT-2012007524__baseline__haiku4.5__rep1.json	PILOT-2012007524	baseline	1	7	7153	3737	4346	1361	3.1932	
PILOT-2012007524__baseline__haiku4.5__rep2.json	PILOT-2012007524	baseline	2	7	7153	3993	4293	1361	3.1543	
PILOT-2012007524__baseline__sonnet4__rep0.json	PILOT-2012007524	baseline	0	20	7153	7526	755	1361	0.5547	
PILOT-2012007524__baseline__sonnet4__rep1.json	PILOT-2012007524	baseline	1	20	7153	7522	764	1361	0.5614	
PILOT-2012007524__baseline__sonnet4__rep2.json	PILOT-2012007524	baseline	2	20	7153	8426	1619	1361	1.1896	
PILOT-2012008496__A__gpt4o-mini__rep0.json	PILOT-2012008496	A	0	35	10184	10621	2137	5108	0.4184	
PILOT-2012008496__A__gpt4o-mini__rep1.json	PILOT-2012008496	A	1	8	10184	1978	8277	5108	1.6204	
PILOT-2012008496__A__gpt4o-mini__rep2.json	PILOT-2012008496	A	2	15	10184	3784	7049	5108	1.38	
PILOT-2012008496__A__gpt5.4__rep0.json	PILOT-2012008496	A	0	35	10184	9974	773	5108	0.1513	
PILOT-2012008496__A__gpt5.4__rep1.json	PILOT-2012008496	A	1	35	10184	9810	745	5108	0.1458	
PILOT-2012008496__A__gpt5.4__rep2.json	PILOT-2012008496	A	2	30	10184	6530	3898	5108	0.7631	
PILOT-2012008496__A__haiku4.5__rep0.json	PILOT-2012008496	A	0	35	10184	11501	2546	5108	0.4984	
PILOT-2012008496__A__haiku4.5__rep1.json	PILOT-2012008496	A	1	35	10184	12013	2531	5108	0.4955	
PILOT-2012008496__A__haiku4.5__rep2.json	PILOT-2012008496	A	2	35	10184	11497	3414	5108	0.6684	
PILOT-2012008496__A__sonnet4__rep0.json	PILOT-2012008496	A	0	35	10184	9311	909	5108	0.178	
PILOT-2012008496__A__sonnet4__rep1.json	PILOT-2012008496	A	1	35	10184	9198	1094	5108	0.2142	
PILOT-2012008496__A__sonnet4__rep2.json	PILOT-2012008496	A	2	35	10184	9452	1022	5108	0.2001	
PILOT-2012008496__B__gpt4o-mini__rep0.json	PILOT-2012008496	B	0	13	10184	4503	6394	5108	1.2518	
PILOT-2012008496__B__gpt4o-mini__rep1.json	PILOT-2012008496	B	1	14	10184	4063	6549	5108	1.2821	
PILOT-2012008496__B__gpt4o-mini__rep2.json	PILOT-2012008496	B	2	12	10184	4324	6504	5108	1.2733	
PILOT-2012008496__B__gpt5.4__rep0.json	PILOT-2012008496	B	0	35	10184	10266	858	5108	0.168	
PILOT-2012008496__B__gpt5.4__rep1.json	PILOT-2012008496	B	1	30	10184	6987	3583	5108	0.7014	
PILOT-2012008496__B__gpt5.4__rep2.json	PILOT-2012008496	B	2	35	10184	10139	349	5108	0.0683	
PILOT-2012008496__B__haiku4.5__rep0.json	PILOT-2012008496	B	0	35	10184	11988	2624	5108	0.5137	
PILOT-2012008496__B__haiku4.5__rep1.json	PILOT-2012008496	B	1	35	10184	12052	2661	5108	0.5209	
PILOT-2012008496__B__haiku4.5__rep2.json	PILOT-2012008496	B	2	35	10184	12025	2671	5108	0.5229	
PILOT-2012008496__B__sonnet4__rep0.json	PILOT-2012008496	B	0	35	10184	11514	2230	5108	0.4366	
PILOT-2012008496__B__sonnet4__rep1.json	PILOT-2012008496	B	1	35	10184	6224	5241	5108	1.026	
PILOT-2012008496__B__sonnet4__rep2.json	PILOT-2012008496	B	2	35	10184	11147	1295	5108	0.2535	
PILOT-2012008496__C__gpt4o-mini__rep0.json	PILOT-2012008496	C	0	35	10184	10288	488	5108	0.0955	
PILOT-2012008496__C__gpt4o-mini__rep1.json	PILOT-2012008496	C	1	13	10184	3799	6692	5108	1.3101	
PILOT-2012008496__C__gpt4o-mini__rep2.json	PILOT-2012008496	C	2	5	10184	2577	7642	5108	1.4961	
PILOT-2012008496__C__gpt5.4__rep0.json	PILOT-2012008496	C	0	35	10184	10312	641	5108	0.1255	
PILOT-2012008496__C__gpt5.4__rep1.json	PILOT-2012008496	C	1	35	10184	10038	600	5108	0.1175	
PILOT-2012008496__C__gpt5.4__rep2.json	PILOT-2012008496	C	2	35	10184	10457	763	5108	0.1494	
PILOT-2012008496__C__haiku4.5__rep0.json	PILOT-2012008496	C	0	35	10184	13049	3438	5108	0.6731	
PILOT-2012008496__C__haiku4.5__rep1.json	PILOT-2012008496	C	1	35	10184	12692	3184	5108	0.6233	
PILOT-2012008496__C__haiku4.5__rep2.json	PILOT-2012008496	C	2	35	10184	12237	2751	5108	0.5386	
PILOT-2012008496__C__sonnet4__rep0.json	PILOT-2012008496	C	0	35	10184	11140	1331	5108	0.2606	
PILOT-2012008496__C__sonnet4__rep1.json	PILOT-2012008496	C	1	35	10184	10444	678	5108	0.1327	
PILOT-2012008496__C__sonnet4__rep2.json	PILOT-2012008496	C	2	35	10184	12113	2280	5108	0.4464	
PILOT-2012008496__D__gpt4o-mini__rep0.json	PILOT-2012008496	D	0	35	10184	15257	5228	5108	1.0235	
PILOT-2012008496__D__gpt4o-mini__rep1.json	PILOT-2012008496	D	1	13	10184	4329	6407	5108	1.2543	
PILOT-2012008496__D__gpt4o-mini__rep2.json	PILOT-2012008496	D	2	10	10184	4332	6499	5108	1.2723	
PILOT-2012008496__D__gpt5.4__rep0.json	PILOT-2012008496	D	0	35	10184	10712	912	5108	0.1785	
PILOT-2012008496__D__gpt5.4__rep1.json	PILOT-2012008496	D	1	35	10184	9740	842	5108	0.1648	
PILOT-2012008496__D__gpt5.4__rep2.json	PILOT-2012008496	D	2	35	10184	10617	817	5108	0.1599	
PILOT-2012008496__D__haiku4.5__rep0.json	PILOT-2012008496	D	0	35	10184	8588	2891	5108	0.566	
PILOT-2012008496__D__haiku4.5__rep1.json	PILOT-2012008496	D	1	35	10184	7777	3422	5108	0.6699	
PILOT-2012008496__D__haiku4.5__rep2.json	PILOT-2012008496	D	2	35	10184	12027	2970	5108	0.5814	
PILOT-2012008496__D__sonnet4__rep0.json	PILOT-2012008496	D	0	35	10184	11558	1650	5108	0.323	
PILOT-2012008496__D__sonnet4__rep1.json	PILOT-2012008496	D	1	35	10184	11764	1947	5108	0.3812	
PILOT-2012008496__D__sonnet4__rep2.json	PILOT-2012008496	D	2	35	10184	11849	2043	5108	0.4	
PILOT-2012008496__E__gpt4o-mini__rep0.json	PILOT-2012008496	E	0	12	10184	4147	6575	5108	1.2872	
PILOT-2012008496__E__gpt4o-mini__rep1.json	PILOT-2012008496	E	1	12	10184	3819	6707	5108	1.313	
PILOT-2012008496__E__gpt4o-mini__rep2.json	PILOT-2012008496	E	2	5	10184	2345	7856	5108	1.538	
PILOT-2012008496__E__gpt5.4__rep0.json	PILOT-2012008496	E	0	35	10184	10571	771	5108	0.1509	
PILOT-2012008496__E__gpt5.4__rep1.json	PILOT-2012008496	E	1	35	10184	10426	632	5108	0.1237	
PILOT-2012008496__E__gpt5.4__rep2.json	PILOT-2012008496	E	2	35	10184	9685	806	5108	0.1578	
PILOT-2012008496__E__haiku4.5__rep0.json	PILOT-2012008496	E	0	35	10184	12426	3301	5108	0.6462	
PILOT-2012008496__E__haiku4.5__rep1.json	PILOT-2012008496	E	1	35	10184	10677	3461	5108	0.6776	
PILOT-2012008496__E__haiku4.5__rep2.json	PILOT-2012008496	E	2	35	10184	13682	4963	5108	0.9716	
PILOT-2012008496__E__sonnet4__rep0.json	PILOT-2012008496	E	0	35	10184	11826	1921	5108	0.3761	
PILOT-2012008496__E__sonnet4__rep1.json	PILOT-2012008496	E	1	35	10184	11660	1753	5108	0.3432	
PILOT-2012008496__E__sonnet4__rep2.json	PILOT-2012008496	E	2	35	10184	12083	2177	5108	0.4262	
PILOT-2012008496__F__gpt4o-mini__rep0.json	PILOT-2012008496	F	0	12	10184	3446	6857	5108	1.3424	
PILOT-2012008496__F__gpt4o-mini__rep1.json	PILOT-2012008496	F	1	35	10184	10767	967	5108	0.1893	
PILOT-2012008496__F__gpt4o-mini__rep2.json	PILOT-2012008496	F	2	12	10184	3644	6835	5108	1.3381	
PILOT-2012008496__F__gpt5.4__rep0.json	PILOT-2012008496	F	0	30	10184	6845	3661	5108	0.7167	
PILOT-2012008496__F__gpt5.4__rep1.json	PILOT-2012008496	F	1	35	10184	10208	554	5108	0.1085	
PILOT-2012008496__F__gpt5.4__rep2.json	PILOT-2012008496	F	2	30	10184	6255	4026	5108	0.7882	
PILOT-2012008496__F__haiku4.5__rep0.json	PILOT-2012008496	F	0	35	10184	11625	2124	5108	0.4158	
PILOT-2012008496__F__haiku4.5__rep1.json	PILOT-2012008496	F	1	35	10184	13557	3953	5108	0.7739	
PILOT-2012008496__F__haiku4.5__rep2.json	PILOT-2012008496	F	2	35	10184	12530	2980	5108	0.5834	
PILOT-2012008496__F__sonnet4__rep0.json	PILOT-2012008496	F	0	35	10184	11627	1728	5108	0.3383	
PILOT-2012008496__F__sonnet4__rep1.json	PILOT-2012008496	F	1	35	10184	10442	685	5108	0.1341	
PILOT-2012008496__F__sonnet4__rep2.json	PILOT-2012008496	F	2	35	10184	11329	1519	5108	0.2974	
PILOT-2012008496__G__gpt4o-mini__rep0.json	PILOT-2012008496	G	0	35	10184	12242	2478	5108	0.4851	
PILOT-2012008496__G__gpt4o-mini__rep1.json	PILOT-2012008496	G	1	35	10184	10140	622	5108	0.1218	
PILOT-2012008496__G__gpt4o-mini__rep2.json	PILOT-2012008496	G	2	13	10184	4381	6387	5108	1.2504	
PILOT-2012008496__G__gpt5.4__rep0.json	PILOT-2012008496	G	0	35	10184	9876	615	5108	0.1204	
PILOT-2012008496__G__gpt5.4__rep1.json	PILOT-2012008496	G	1	35	10184	10472	672	5108	0.1316	
PILOT-2012008496__G__gpt5.4__rep2.json	PILOT-2012008496	G	2	35	10184	9709	818	5108	0.1601	
PILOT-2012008496__G__haiku4.5__rep0.json	PILOT-2012008496	G	0	35	10184	11937	2427	5108	0.4751	
PILOT-2012008496__G__haiku4.5__rep1.json	PILOT-2012008496	G	1	35	10184	8150	4858	5108	0.9511	
PILOT-2012008496__G__haiku4.5__rep2.json	PILOT-2012008496	G	2	35	10184	11653	2121	5108	0.4152	
PILOT-2012008496__G__sonnet4__rep0.json	PILOT-2012008496	G	0	35	10184	10998	1179	5108	0.2308	
PILOT-2012008496__G__sonnet4__rep1.json	PILOT-2012008496	G	1	35	10184	11044	1507	5108	0.295	
PILOT-2012008496__G__sonnet4__rep2.json	PILOT-2012008496	G	2	35	10184	11102	1515	5108	0.2966	
PILOT-2012008496__baseline__gpt4o-mini__rep0.json	PILOT-2012008496	baseline	0	35	10184	10090	686	5108	0.1343	
PILOT-2012008496__baseline__gpt4o-mini__rep1.json	PILOT-2012008496	baseline	1	35	10184	13222	3209	5108	0.6282	
PILOT-2012008496__baseline__gpt4o-mini__rep2.json	PILOT-2012008496	baseline	2	35	10184	10080	676	5108	0.1323	
PILOT-2012008496__baseline__gpt5.4__rep0.json	PILOT-2012008496	baseline	0	35	10184	10366	566	5108	0.1108	
PILOT-2012008496__baseline__gpt5.4__rep1.json	PILOT-2012008496	baseline	1	35	10184	10425	625	5108	0.1224	
PILOT-2012008496__baseline__gpt5.4__rep2.json	PILOT-2012008496	baseline	2	35	10184	10214	538	5108	0.1053	
PILOT-2012008496__baseline__haiku4.5__rep0.json	PILOT-2012008496	baseline	0	35	10184	12551	3044	5108	0.5959	
PILOT-2012008496__baseline__haiku4.5__rep1.json	PILOT-2012008496	baseline	1	35	10184	13405	3765	5108	0.7371	
PILOT-2012008496__baseline__haiku4.5__rep2.json	PILOT-2012008496	baseline	2	35	10184	13290	3684	5108	0.7212	
PILOT-2012008496__baseline__sonnet4__rep0.json	PILOT-2012008496	baseline	0	35	10184	10515	758	5108	0.1484	
PILOT-2012008496__baseline__sonnet4__rep1.json	PILOT-2012008496	baseline	1	35	10184	10704	1448	5108	0.2835	
PILOT-2012008496__baseline__sonnet4__rep2.json	PILOT-2012008496	baseline	2	35	10184	10783	1589	5108	0.3111	
PILOT-2012010015__A__gpt4o-mini__rep0.json	PILOT-2012010015	A	0	4	5606	1128	4489	672	6.6801	
PILOT-2012010015__A__gpt4o-mini__rep1.json	PILOT-2012010015	A	1	4	5606	1140	4481	672	6.6682	
PILOT-2012010015__A__gpt4o-mini__rep2.json	PILOT-2012010015	A	2	4	5606	1112	4500	672	6.6964	
PILOT-2012010015__A__gpt5.4__rep0.json	PILOT-2012010015	A	0	16	5606	3122	2837	672	4.2217	
PILOT-2012010015__A__gpt5.4__rep1.json	PILOT-2012010015	A	1	16	5606	3092	2815	672	4.189	
PILOT-2012010015__A__gpt5.4__rep2.json	PILOT-2012010015	A	2	16	5606	3068	2798	672	4.1637	
PILOT-2012010015__A__haiku4.5__rep0.json	PILOT-2012010015	A	0	16	5606	3646	2817	672	4.192	
PILOT-2012010015__A__haiku4.5__rep1.json	PILOT-2012010015	A	1	16	5606	3024	2783	672	4.1414	
PILOT-2012010015__A__haiku4.5__rep2.json	PILOT-2012010015	A	2	16	5606	3215	2878	672	4.2827	
PILOT-2012010015__A__sonnet4__rep0.json	PILOT-2012010015	A	0	16	5606	3446	2901	672	4.317	
PILOT-2012010015__A__sonnet4__rep1.json	PILOT-2012010015	A	1	16	5606	3478	2920	672	4.3452	
PILOT-2012010015__A__sonnet4__rep2.json	PILOT-2012010015	A	2	16	5606	3512	2869	672	4.2693	
PILOT-2012010015__B__gpt4o-mini__rep0.json	PILOT-2012010015	B	0	4	5606	1125	4498	672	6.6935	
PILOT-2012010015__B__gpt4o-mini__rep1.json	PILOT-2012010015	B	1	4	5606	1125	4499	672	6.6949	
PILOT-2012010015__B__gpt4o-mini__rep2.json	PILOT-2012010015	B	2	4	5606	1107	4510	672	6.7113	
PILOT-2012010015__B__gpt5.4__rep0.json	PILOT-2012010015	B	0	16	5606	3109	2860	672	4.256	
PILOT-2012010015__B__gpt5.4__rep1.json	PILOT-2012010015	B	1	16	5606	3186	2581	672	3.8408	
PILOT-2012010015__B__gpt5.4__rep2.json	PILOT-2012010015	B	2	16	5606	3277	2752	672	4.0952	
PILOT-2012010015__B__haiku4.5__rep0.json	PILOT-2012010015	B	0	31	5606	2100	3598	672	5.3542	
PILOT-2012010015__B__haiku4.5__rep1.json	PILOT-2012010015	B	1	31	5606	2100	3598	672	5.3542	
PILOT-2012010015__B__haiku4.5__rep2.json	PILOT-2012010015	B	2	31	5606	2100	3598	672	5.3542	
PILOT-2012010015__B__sonnet4__rep0.json	PILOT-2012010015	B	0	16	5606	3121	2750	672	4.0923	
PILOT-2012010015__B__sonnet4__rep1.json	PILOT-2012010015	B	1	16	5606	3173	2650	672	3.9435	
PILOT-2012010015__B__sonnet4__rep2.json	PILOT-2012010015	B	2	16	5606	3217	2706	672	4.0268	
PILOT-2012010015__C__gpt4o-mini__rep0.json	PILOT-2012010015	C	0	4	5606	1123	4492	672	6.6845	
PILOT-2012010015__C__gpt4o-mini__rep1.json	PILOT-2012010015	C	1	4	5606	1093	4522	672	6.7292	
PILOT-2012010015__C__gpt4o-mini__rep2.json	PILOT-2012010015	C	2	4	5606	1112	4500	672	6.6964	
PILOT-2012010015__C__gpt5.4__rep0.json	PILOT-2012010015	C	0	16	5606	3118	2841	672	4.2277	
PILOT-2012010015__C__gpt5.4__rep1.json	PILOT-2012010015	C	1	5	5606	1376	4311	672	6.4152	
PILOT-2012010015__C__gpt5.4__rep2.json	PILOT-2012010015	C	2	16	5606	3110	2845	672	4.2336	
PILOT-2012010015__C__haiku4.5__rep0.json	PILOT-2012010015	C	0	16	5606	2958	2708	672	4.0298	
PILOT-2012010015__C__haiku4.5__rep1.json	PILOT-2012010015	C	1	16	5606	3277	2610	672	3.8839	
PILOT-2012010015__C__haiku4.5__rep2.json	PILOT-2012010015	C	2	16	5606	3011	2738	672	4.0744	
PILOT-2012010015__C__sonnet4__rep0.json	PILOT-2012010015	C	0	16	5606	3708	2745	672	4.0848	
PILOT-2012010015__C__sonnet4__rep1.json	PILOT-2012010015	C	1	16	5606	3716	2741	672	4.0789	
PILOT-2012010015__C__sonnet4__rep2.json	PILOT-2012010015	C	2	16	5606	2945	3263	672	4.8557	
PILOT-2012010015__D__gpt4o-mini__rep0.json	PILOT-2012010015	D	0	4	5606	1124	4497	672	6.692	
PILOT-2012010015__D__gpt4o-mini__rep1.json	PILOT-2012010015	D	1	4	5606	1093	4522	672	6.7292	
PILOT-2012010015__D__gpt4o-mini__rep2.json	PILOT-2012010015	D	2	4	5606	1166	4453	672	6.6265	
PILOT-2012010015__D__gpt5.4__rep0.json	PILOT-2012010015	D	0	16	5606	3113	2845	672	4.2336	
PILOT-2012010015__D__gpt5.4__rep1.json	PILOT-2012010015	D	1	16	5606	3127	2842	672	4.2292	
PILOT-2012010015__D__gpt5.4__rep2.json	PILOT-2012010015	D	2	16	5606	3121	2844	672	4.2321	
PILOT-2012010015__D__haiku4.5__rep0.json	PILOT-2012010015	D	0	31	5606	714	4894	672	7.2827	
PILOT-2012010015__D__haiku4.5__rep1.json	PILOT-2012010015	D	1	16	5606	2136	3556	672	5.2917	
PILOT-2012010015__D__haiku4.5__rep2.json	PILOT-2012010015	D	2	31	5606	661	4945	672	7.3586	
PILOT-2012010015__D__sonnet4__rep0.json	PILOT-2012010015	D	0	16	5606	3061	2805	672	4.1741	
PILOT-2012010015__D__sonnet4__rep1.json	PILOT-2012010015	D	1	16	5606	3058	2809	672	4.1801	
PILOT-2012010015__D__sonnet4__rep2.json	PILOT-2012010015	D	2	16	5606	3061	2805	672	4.1741	
PILOT-2012010015__E__gpt4o-mini__rep0.json	PILOT-2012010015	E	0	4	5606	1094	4523	672	6.7307	
PILOT-2012010015__E__gpt4o-mini__rep1.json	PILOT-2012010015	E	1	4	5606	1126	4499	672	6.6949	
PILOT-2012010015__E__gpt4o-mini__rep2.json	PILOT-2012010015	E	2	4	5606	1106	4509	672	6.7098	
PILOT-2012010015__E__gpt5.4__rep0.json	PILOT-2012010015	E	0	16	5606	3092	2843	672	4.2307	
PILOT-2012010015__E__gpt5.4__rep1.json	PILOT-2012010015	E	1	16	5606	3076	2791	672	4.1533	
PILOT-2012010015__E__gpt5.4__rep2.json	PILOT-2012010015	E	2	16	5606	3122	2837	672	4.2217	
PILOT-2012010015__E__haiku4.5__rep0.json	PILOT-2012010015	E	0	31	5606	661	4954	672	7.372	
PILOT-2012010015__E__haiku4.5__rep1.json	PILOT-2012010015	E	1	16	5606	3213	2632	672	3.9167	
PILOT-2012010015__E__haiku4.5__rep2.json	PILOT-2012010015	E	2	16	5606	1114	4507	672	6.7068	
PILOT-2012010015__E__sonnet4__rep0.json	PILOT-2012010015	E	0	16	5606	3548	2731	672	4.064	
PILOT-2012010015__E__sonnet4__rep1.json	PILOT-2012010015	E	1	16	5606	3293	2780	672	4.1369	
PILOT-2012010015__E__sonnet4__rep2.json	PILOT-2012010015	E	2	16	5606	3313	2808	672	4.1786	
PILOT-2012010015__F__gpt4o-mini__rep0.json	PILOT-2012010015	F	0	4	5606	1106	4509	672	6.7098	
PILOT-2012010015__F__gpt4o-mini__rep1.json	PILOT-2012010015	F	1	4	5606	1106	4509	672	6.7098	
PILOT-2012010015__F__gpt4o-mini__rep2.json	PILOT-2012010015	F	2	4	5606	1106	4509	672	6.7098	
PILOT-2012010015__F__gpt5.4__rep0.json	PILOT-2012010015	F	0	16	5606	3139	2868	672	4.2679	
PILOT-2012010015__F__gpt5.4__rep1.json	PILOT-2012010015	F	1	16	5606	3123	2846	672	4.2351	
PILOT-2012010015__F__gpt5.4__rep2.json	PILOT-2012010015	F	2	16	5606	3888	2852	672	4.244	
PILOT-2012010015__F__haiku4.5__rep0.json	PILOT-2012010015	F	0	16	5606	3229	2621	672	3.9003	
PILOT-2012010015__F__haiku4.5__rep1.json	PILOT-2012010015	F	1	16	5606	3326	2592	672	3.8571	
PILOT-2012010015__F__haiku4.5__rep2.json	PILOT-2012010015	F	2	16	5606	3248	2617	672	3.8943	
PILOT-2012010015__F__sonnet4__rep0.json	PILOT-2012010015	F	0	16	5606	3383	2798	672	4.1637	
PILOT-2012010015__F__sonnet4__rep1.json	PILOT-2012010015	F	1	16	5606	3436	2936	672	4.369	
PILOT-2012010015__F__sonnet4__rep2.json	PILOT-2012010015	F	2	16	5606	3383	2798	672	4.1637	
PILOT-2012010015__G__gpt4o-mini__rep0.json	PILOT-2012010015	G	0	4	5606	1088	4527	672	6.7366	
PILOT-2012010015__G__gpt4o-mini__rep1.json	PILOT-2012010015	G	1	4	5606	1149	4466	672	6.6458	
PILOT-2012010015__G__gpt4o-mini__rep2.json	PILOT-2012010015	G	2	4	5606	1117	4498	672	6.6935	
PILOT-2012010015__G__gpt5.4__rep0.json	PILOT-2012010015	G	0	16	5606	3127	2842	672	4.2292	
PILOT-2012010015__G__gpt5.4__rep1.json	PILOT-2012010015	G	1	16	5606	3065	2804	672	4.1726	
PILOT-2012010015__G__gpt5.4__rep2.json	PILOT-2012010015	G	2	16	5606	3138	2868	672	4.2679	
PILOT-2012010015__G__haiku4.5__rep0.json	PILOT-2012010015	G	0	16	5606	3461	2767	672	4.1176	
PILOT-2012010015__G__haiku4.5__rep1.json	PILOT-2012010015	G	1	16	5606	3293	2830	672	4.2113	
PILOT-2012010015__G__haiku4.5__rep2.json	PILOT-2012010015	G	2	15	5606	1554	4130	672	6.1458	
PILOT-2012010015__G__sonnet4__rep0.json	PILOT-2012010015	G	0	16	5606	3463	2941	672	4.3765	
PILOT-2012010015__G__sonnet4__rep1.json	PILOT-2012010015	G	1	16	5606	3062	2787	672	4.1473	
PILOT-2012010015__G__sonnet4__rep2.json	PILOT-2012010015	G	2	16	5606	3331	2815	672	4.189	
PILOT-2012010015__baseline__gpt4o-mini__rep0.json	PILOT-2012010015	baseline	0	4	5606	1112	4500	672	6.6964	
PILOT-2012010015__baseline__gpt4o-mini__rep1.json	PILOT-2012010015	baseline	1	4	5606	1074	4540	672	6.756	
PILOT-2012010015__baseline__gpt4o-mini__rep2.json	PILOT-2012010015	baseline	2	4	5606	1128	4489	672	6.6801	
PILOT-2012010015__baseline__gpt5.4__rep0.json	PILOT-2012010015	baseline	0	31	5606	5632	327	672	0.4866	
PILOT-2012010015__baseline__gpt5.4__rep1.json	PILOT-2012010015	baseline	1	16	5606	3059	2798	672	4.1637	
PILOT-2012010015__baseline__gpt5.4__rep2.json	PILOT-2012010015	baseline	2	16	5606	3115	2847	672	4.2366	
PILOT-2012010015__baseline__haiku4.5__rep0.json	PILOT-2012010015	baseline	0	16	5606	3218	2622	672	3.9018	
PILOT-2012010015__baseline__haiku4.5__rep1.json	PILOT-2012010015	baseline	1	16	5606	3281	2993	672	4.4539	
PILOT-2012010015__baseline__haiku4.5__rep2.json	PILOT-2012010015	baseline	2	16	5606	3228	2600	672	3.869	
PILOT-2012010015__baseline__sonnet4__rep0.json	PILOT-2012010015	baseline	0	16	5606	3262	2744	672	4.0833	
PILOT-2012010015__baseline__sonnet4__rep1.json	PILOT-2012010015	baseline	1	16	5606	3708	2750	672	4.0923	
PILOT-2012010015__baseline__sonnet4__rep2.json	PILOT-2012010015	baseline	2	16	5606	3378	2828	672	4.2083	
PILOT-2013000789__A__gpt4o-mini__rep0.json	PILOT-2013000789	A	0	8	4195	1326	3040	2549	1.1926	
PILOT-2013000789__A__gpt4o-mini__rep1.json	PILOT-2013000789	A	1	8	4195	1251	3060	2549	1.2005	
PILOT-2013000789__A__gpt4o-mini__rep2.json	PILOT-2013000789	A	2	8	4195	1319	3044	2549	1.1942	
PILOT-2013000789__A__gpt5.4__rep0.json	PILOT-2013000789	A	0	18	4195	2546	2002	2549	0.7854	
PILOT-2013000789__A__gpt5.4__rep1.json	PILOT-2013000789	A	1	18	4195	2510	2033	2549	0.7976	
PILOT-2013000789__A__gpt5.4__rep2.json	PILOT-2013000789	A	2	27	4195	3587	1357	2549	0.5324	
PILOT-2013000789__A__haiku4.5__rep0.json	PILOT-2013000789	A	0	32	4195	3692	1454	2549	0.5704	
PILOT-2013000789__A__haiku4.5__rep1.json	PILOT-2013000789	A	1	32	4195	2856	2086	2549	0.8184	
PILOT-2013000789__A__haiku4.5__rep2.json	PILOT-2013000789	A	2	32	4195	2669	2178	2549	0.8545	
PILOT-2013000789__A__sonnet4__rep0.json	PILOT-2013000789	A	0	32	4195	4061	1027	2549	0.4029	
PILOT-2013000789__A__sonnet4__rep1.json	PILOT-2013000789	A	1	27	4195	3627	1312	2549	0.5147	
PILOT-2013000789__A__sonnet4__rep2.json	PILOT-2013000789	A	2	27	4195	3782	1382	2549	0.5422	
PILOT-2013000789__B__gpt4o-mini__rep0.json	PILOT-2013000789	B	0	7	4195	1185	3160	2549	1.2397	
PILOT-2013000789__B__gpt4o-mini__rep1.json	PILOT-2013000789	B	1	6	4195	1300	3098	2549	1.2154	
PILOT-2013000789__B__gpt4o-mini__rep2.json	PILOT-2013000789	B	2	8	4195	1725	2791	2549	1.0949	
PILOT-2013000789__B__gpt5.4__rep0.json	PILOT-2013000789	B	0	14	4195	1948	2526	2549	0.991	
PILOT-2013000789__B__gpt5.4__rep1.json	PILOT-2013000789	B	1	18	4195	2594	2010	2549	0.7885	
PILOT-2013000789__B__gpt5.4__rep2.json	PILOT-2013000789	B	2	14	4195	1992	2533	2549	0.9937	
PILOT-2013000789__B__haiku4.5__rep0.json	PILOT-2013000789	B	0	27	4195	3840	1552	2549	0.6089	
PILOT-2013000789__B__haiku4.5__rep1.json	PILOT-2013000789	B	1	32	4195	3710	1387	2549	0.5441	
PILOT-2013000789__B__haiku4.5__rep2.json	PILOT-2013000789	B	2	32	4195	3986	1760	2549	0.6905	
PILOT-2013000789__B__sonnet4__rep0.json	PILOT-2013000789	B	0	27	4195	3423	1223	2549	0.4798	
PILOT-2013000789__B__sonnet4__rep1.json	PILOT-2013000789	B	1	27	4195	3521	1274	2549	0.4998	
PILOT-2013000789__B__sonnet4__rep2.json	PILOT-2013000789	B	2	27	4195	3557	1224	2549	0.4802	
PILOT-2013000789__C__gpt4o-mini__rep0.json	PILOT-2013000789	C	0	8	4195	1261	3081	2549	1.2087	
PILOT-2013000789__C__gpt4o-mini__rep1.json	PILOT-2013000789	C	1	8	4195	1349	3018	2549	1.184	
PILOT-2013000789__C__gpt4o-mini__rep2.json	PILOT-2013000789	C	2	8	4195	1317	3041	2549	1.193	
PILOT-2013000789__C__gpt5.4__rep0.json	PILOT-2013000789	C	0	18	4195	2737	1951	2549	0.7654	
PILOT-2013000789__C__gpt5.4__rep1.json	PILOT-2013000789	C	1	14	4195	1993	2535	2549	0.9945	
PILOT-2013000789__C__gpt5.4__rep2.json	PILOT-2013000789	C	2	14	4195	2078	2463	2549	0.9663	
PILOT-2013000789__C__haiku4.5__rep0.json	PILOT-2013000789	C	0	32	4195	2700	2159	2549	0.847	
PILOT-2013000789__C__haiku4.5__rep1.json	PILOT-2013000789	C	1	27	4195	3547	1317	2549	0.5167	
PILOT-2013000789__C__haiku4.5__rep2.json	PILOT-2013000789	C	2	32	4195	2705	2160	2549	0.8474	
PILOT-2013000789__C__sonnet4__rep0.json	PILOT-2013000789	C	0	11	4195	1487	2861	2549	1.1224	
PILOT-2013000789__C__sonnet4__rep1.json	PILOT-2013000789	C	1	27	4195	3762	1405	2549	0.5512	
PILOT-2013000789__C__sonnet4__rep2.json	PILOT-2013000789	C	2	27	4195	3953	1534	2549	0.6018	
PILOT-2013000789__D__gpt4o-mini__rep0.json	PILOT-2013000789	D	0	9	4195	1436	2958	2549	1.1605	
PILOT-2013000789__D__gpt4o-mini__rep1.json	PILOT-2013000789	D	1	8	4195	1330	3043	2549	1.1938	
PILOT-2013000789__D__gpt4o-mini__rep2.json	PILOT-2013000789	D	2	8	4195	1259	3062	2549	1.2013	
PILOT-2013000789__D__gpt5.4__rep0.json	PILOT-2013000789	D	0	18	4195	2551	2028	2549	0.7956	
PILOT-2013000789__D__gpt5.4__rep1.json	PILOT-2013000789	D	1	18	4195	2670	2056	2549	0.8066	
PILOT-2013000789__D__gpt5.4__rep2.json	PILOT-2013000789	D	2	18	4195	2715	2104	2549	0.8254	
PILOT-2013000789__D__haiku4.5__rep0.json	PILOT-2013000789	D	0	32	4195	2379	2234	2549	0.8764	
PILOT-2013000789__D__haiku4.5__rep1.json	PILOT-2013000789	D	1	32	4195	1363	2972	2549	1.1659	
PILOT-2013000789__D__haiku4.5__rep2.json	PILOT-2013000789	D	2	27	4195	3683	1467	2549	0.5755	
PILOT-2013000789__D__sonnet4__rep0.json	PILOT-2013000789	D	0	27	4195	3755	1409	2549	0.5528	
PILOT-2013000789__D__sonnet4__rep1.json	PILOT-2013000789	D	1	27	4195	3733	1359	2549	0.5332	
PILOT-2013000789__D__sonnet4__rep2.json	PILOT-2013000789	D	2	27	4195	3689	1429	2549	0.5606	
PILOT-2013000789__E__gpt4o-mini__rep0.json	PILOT-2013000789	E	0	8	4195	1257	3055	2549	1.1985	
PILOT-2013000789__E__gpt4o-mini__rep1.json	PILOT-2013000789	E	1	8	4195	1269	3048	2549	1.1958	
PILOT-2013000789__E__gpt4o-mini__rep2.json	PILOT-2013000789	E	2	8	4195	1249	3062	2549	1.2013	
PILOT-2013000789__E__gpt5.4__rep0.json	PILOT-2013000789	E	0	27	4195	3461	1271	2549	0.4986	
PILOT-2013000789__E__gpt5.4__rep1.json	PILOT-2013000789	E	1	13	4195	1683	2680	2549	1.0514	
PILOT-2013000789__E__gpt5.4__rep2.json	PILOT-2013000789	E	2	14	4195	1781	2571	2549	1.0086	
PILOT-2013000789__E__haiku4.5__rep0.json	PILOT-2013000789	E	0	27	4195	3474	1361	2549	0.5339	
PILOT-2013000789__E__haiku4.5__rep1.json	PILOT-2013000789	E	1	27	4195	2675	2101	2549	0.8242	
PILOT-2013000789__E__haiku4.5__rep2.json	PILOT-2013000789	E	2	27	4195	2245	2462	2549	0.9659	
PILOT-2013000789__E__sonnet4__rep0.json	PILOT-2013000789	E	0	27	4195	3744	1382	2549	0.5422	
PILOT-2013000789__E__sonnet4__rep1.json	PILOT-2013000789	E	1	32	4195	4082	1059	2549	0.4155	
PILOT-2013000789__E__sonnet4__rep2.json	PILOT-2013000789	E	2	27	4195	3632	1404	2549	0.5508	
PILOT-2013000789__F__gpt4o-mini__rep0.json	PILOT-2013000789	F	0	8	4195	1259	3057	2549	1.1993	
PILOT-2013000789__F__gpt4o-mini__rep1.json	PILOT-2013000789	F	1	8	4195	1348	3017	2549	1.1836	
PILOT-2013000789__F__gpt4o-mini__rep2.json	PILOT-2013000789	F	2	8	4195	1255	3054	2549	1.1981	
PILOT-2013000789__F__gpt5.4__rep0.json	PILOT-2013000789	F	0	18	4195	2635	1926	2549	0.7556	
PILOT-2013000789__F__gpt5.4__rep1.json	PILOT-2013000789	F	1	27	4195	3598	1396	2549	0.5477	
PILOT-2013000789__F__gpt5.4__rep2.json	PILOT-2013000789	F	2	27	4195	3787	1529	2549	0.5998	
PILOT-2013000789__F__haiku4.5__rep0.json	PILOT-2013000789	F	0	27	4195	3637	1420	2549	0.5571	
PILOT-2013000789__F__haiku4.5__rep1.json	PILOT-2013000789	F	1	32	4195	3746	1461	2549	0.5732	
PILOT-2013000789__F__haiku4.5__rep2.json	PILOT-2013000789	F	2	32	4195	3653	1441	2549	0.5653	
PILOT-2013000789__F__sonnet4__rep0.json	PILOT-2013000789	F	0	32	4195	4103	1110	2549	0.4355	
PILOT-2013000789__F__sonnet4__rep1.json	PILOT-2013000789	F	1	32	4195	4188	1086	2549	0.426	
PILOT-2013000789__F__sonnet4__rep2.json	PILOT-2013000789	F	2	32	4195	4258	1140	2549	0.4472	
PILOT-2013000789__G__gpt4o-mini__rep0.json	PILOT-2013000789	G	0	8	4195	1348	3017	2549	1.1836	
PILOT-2013000789__G__gpt4o-mini__rep1.json	PILOT-2013000789	G	1	8	4195	1392	2996	2549	1.1754	
PILOT-2013000789__G__gpt4o-mini__rep2.json	PILOT-2013000789	G	2	5	4195	940	3318	2549	1.3017	
PILOT-2013000789__G__gpt5.4__rep0.json	PILOT-2013000789	G	0	18	4195	2688	1926	2549	0.7556	
PILOT-2013000789__G__gpt5.4__rep1.json	PILOT-2013000789	G	1	18	4195	2725	1916	2549	0.7517	
PILOT-2013000789__G__gpt5.4__rep2.json	PILOT-2013000789	G	2	27	4195	3528	1464	2549	0.5743	
PILOT-2013000789__G__haiku4.5__rep0.json	PILOT-2013000789	G	0	27	4195	3792	1512	2549	0.5932	
PILOT-2013000789__G__haiku4.5__rep1.json	PILOT-2013000789	G	1	32	4195	3778	1475	2549	0.5787	
PILOT-2013000789__G__haiku4.5__rep2.json	PILOT-2013000789	G	2	27	4195	3623	1439	2549	0.5645	
PILOT-2013000789__G__sonnet4__rep0.json	PILOT-2013000789	G	0	32	4195	4196	1133	2549	0.4445	
PILOT-2013000789__G__sonnet4__rep1.json	PILOT-2013000789	G	1	32	4195	4103	1098	2549	0.4308	
PILOT-2013000789__G__sonnet4__rep2.json	PILOT-2013000789	G	2	27	4195	3651	1341	2549	0.5261	
PILOT-2013000789__baseline__gpt4o-mini__rep0.json	PILOT-2013000789	baseline	0	8	4195	1327	3039	2549	1.1922	
PILOT-2013000789__baseline__gpt4o-mini__rep1.json	PILOT-2013000789	baseline	1	8	4195	1360	3020	2549	1.1848	
PILOT-2013000789__baseline__gpt4o-mini__rep2.json	PILOT-2013000789	baseline	2	5	4195	940	3318	2549	1.3017	
PILOT-2013000789__baseline__gpt5.4__rep0.json	PILOT-2013000789	baseline	0	14	4195	2068	2500	2549	0.9808	
PILOT-2013000789__baseline__gpt5.4__rep1.json	PILOT-2013000789	baseline	1	14	4195	1962	2522	2549	0.9894	
PILOT-2013000789__baseline__gpt5.4__rep2.json	PILOT-2013000789	baseline	2	18	4195	2537	2006	2549	0.787	
PILOT-2013000789__baseline__haiku4.5__rep0.json	PILOT-2013000789	baseline	0	27	4195	2513	2265	2549	0.8886	
PILOT-2013000789__baseline__haiku4.5__rep1.json	PILOT-2013000789	baseline	1	32	4195	3616	1524	2549	0.5979	
PILOT-2013000789__baseline__haiku4.5__rep2.json	PILOT-2013000789	baseline	2	32	4195	2664	2185	2549	0.8572	
PILOT-2013000789__baseline__sonnet4__rep0.json	PILOT-2013000789	baseline	0	27	4195	3674	1359	2549	0.5332	
PILOT-2013000789__baseline__sonnet4__rep1.json	PILOT-2013000789	baseline	1	32	4195	4168	1130	2549	0.4433	
PILOT-2013000789__baseline__sonnet4__rep2.json	PILOT-2013000789	baseline	2	27	4195	3634	1335	2549	0.5237	
PILOT-2013001277__A__gpt4o-mini__rep0.json	PILOT-2013001277	A	0	18	3226	3400	366	945	0.3873	
PILOT-2013001277__A__gpt4o-mini__rep1.json	PILOT-2013001277	A	1	18	3226	3491	397	945	0.4201	
PILOT-2013001277__A__gpt4o-mini__rep2.json	PILOT-2013001277	A	2	14	3226	2480	934	945	0.9884	
PILOT-2013001277__A__gpt5.4__rep0.json	PILOT-2013001277	A	0	14	3226	2859	1120	945	1.1852	
PILOT-2013001277__A__gpt5.4__rep1.json	PILOT-2013001277	A	1	14	3226	2758	1157	945	1.2243	
PILOT-2013001277__A__gpt5.4__rep2.json	PILOT-2013001277	A	2	14	3226	2433	1200	945	1.2698	
PILOT-2013001277__A__haiku4.5__rep0.json	PILOT-2013001277	A	0	14	3226	3152	1599	945	1.6921	
PILOT-2013001277__A__haiku4.5__rep1.json	PILOT-2013001277	A	1	14	3226	3300	1582	945	1.6741	
PILOT-2013001277__A__haiku4.5__rep2.json	PILOT-2013001277	A	2	18	3226	3824	734	945	0.7767	
PILOT-2013001277__A__sonnet4__rep0.json	PILOT-2013001277	A	0	14	3226	3861	1850	945	1.9577	
PILOT-2013001277__A__sonnet4__rep1.json	PILOT-2013001277	A	1	14	3226	3335	1483	945	1.5693	
PILOT-2013001277__A__sonnet4__rep2.json	PILOT-2013001277	A	2	14	3226	3570	1749	945	1.8508	
PILOT-2013001277__B__gpt4o-mini__rep0.json	PILOT-2013001277	B	0	18	3226	3205	122	945	0.1291	
PILOT-2013001277__B__gpt4o-mini__rep1.json	PILOT-2013001277	B	1	18	3226	3361	278	945	0.2942	
PILOT-2013001277__B__gpt4o-mini__rep2.json	PILOT-2013001277	B	2	18	3226	3313	230	945	0.2434	
PILOT-2013001277__B__gpt5.4__rep0.json	PILOT-2013001277	B	0	14	3226	2686	989	945	1.0466	
PILOT-2013001277__B__gpt5.4__rep1.json	PILOT-2013001277	B	1	14	3226	2713	1052	945	1.1132	
PILOT-2013001277__B__gpt5.4__rep2.json	PILOT-2013001277	B	2	14	3226	2725	1059	945	1.1206	
PILOT-2013001277__B__haiku4.5__rep0.json	PILOT-2013001277	B	0	18	3226	4145	1023	945	1.0825	
PILOT-2013001277__B__haiku4.5__rep1.json	PILOT-2013001277	B	1	15	3226	4001	1415	945	1.4974	
PILOT-2013001277__B__haiku4.5__rep2.json	PILOT-2013001277	B	2	18	3226	4290	1200	945	1.2698	
PILOT-2013001277__B__sonnet4__rep0.json	PILOT-2013001277	B	0	18	3226	3903	787	945	0.8328	
PILOT-2013001277__B__sonnet4__rep1.json	PILOT-2013001277	B	1	14	3226	2441	927	945	0.981	
PILOT-2013001277__B__sonnet4__rep2.json	PILOT-2013001277	B	2	14	3226	2440	929	945	0.9831	
PILOT-2013001277__C__gpt4o-mini__rep0.json	PILOT-2013001277	C	0	4	3226	1452	1964	945	2.0783	
PILOT-2013001277__C__gpt4o-mini__rep1.json	PILOT-2013001277	C	1	18	3226	3373	283	945	0.2995	
PILOT-2013001277__C__gpt4o-mini__rep2.json	PILOT-2013001277	C	2	14	3226	2543	937	945	0.9915	
PILOT-2013001277__C__gpt5.4__rep0.json	PILOT-2013001277	C	0	14	3226	2489	1102	945	1.1661	
PILOT-2013001277__C__gpt5.4__rep1.json	PILOT-2013001277	C	1	14	3226	2806	1186	945	1.255	
PILOT-2013001277__C__gpt5.4__rep2.json	PILOT-2013001277	C	2	14	3226	2649	1403	945	1.4847	
PILOT-2013001277__C__haiku4.5__rep0.json	PILOT-2013001277	C	0	18	3226	4444	1548	945	1.6381	
PILOT-2013001277__C__haiku4.5__rep1.json	PILOT-2013001277	C	1	18	3226	4575	1453	945	1.5376	
PILOT-2013001277__C__haiku4.5__rep2.json	PILOT-2013001277	C	2	18	3226	3664	1139	945	1.2053	
PILOT-2013001277__C__sonnet4__rep0.json	PILOT-2013001277	C	0	14	3226	3596	1633	945	1.728	
PILOT-2013001277__C__sonnet4__rep1.json	PILOT-2013001277	C	1	14	3226	3596	1633	945	1.728	
PILOT-2013001277__C__sonnet4__rep2.json	PILOT-2013001277	C	2	14	3226	3596	1633	945	1.728	
PILOT-2013001277__D__gpt4o-mini__rep0.json	PILOT-2013001277	D	0	8	3226	2673	1456	945	1.5407	
PILOT-2013001277__D__gpt4o-mini__rep1.json	PILOT-2013001277	D	1	18	3226	3264	181	945	0.1915	
PILOT-2013001277__D__gpt4o-mini__rep2.json	PILOT-2013001277	D	2	14	3226	3803	1784	945	1.8878	
PILOT-2013001277__D__gpt5.4__rep0.json	PILOT-2013001277	D	0	14	3226	2827	1156	945	1.2233	
PILOT-2013001277__D__gpt5.4__rep1.json	PILOT-2013001277	D	1	14	3226	2900	1180	945	1.2487	
PILOT-2013001277__D__gpt5.4__rep2.json	PILOT-2013001277	D	2	14	3226	2727	963	945	1.019	
PILOT-2013001277__D__haiku4.5__rep0.json	PILOT-2013001277	D	0	18	3226	4361	1239	945	1.3111	
PILOT-2013001277__D__haiku4.5__rep1.json	PILOT-2013001277	D	1	18	3226	4744	1622	945	1.7164	
PILOT-2013001277__D__haiku4.5__rep2.json	PILOT-2013001277	D	2	18	3226	4564	1431	945	1.5143	
PILOT-2013001277__D__sonnet4__rep0.json	PILOT-2013001277	D	0	14	3226	3110	1479	945	1.5651	
PILOT-2013001277__D__sonnet4__rep1.json	PILOT-2013001277	D	1	14	3226	3119	1469	945	1.5545	
PILOT-2013001277__D__sonnet4__rep2.json	PILOT-2013001277	D	2	18	3226	4113	992	945	1.0497	
PILOT-2013001277__E__gpt4o-mini__rep0.json	PILOT-2013001277	E	0	14	3226	2555	952	945	1.0074	
PILOT-2013001277__E__gpt4o-mini__rep1.json	PILOT-2013001277	E	1	4	3226	1463	1957	945	2.0709	
PILOT-2013001277__E__gpt4o-mini__rep2.json	PILOT-2013001277	E	2	18	3226	3413	323	945	0.3418	
PILOT-2013001277__E__gpt5.4__rep0.json	PILOT-2013001277	E	0	14	3226	2747	901	945	0.9534	
PILOT-2013001277__E__gpt5.4__rep1.json	PILOT-2013001277	E	1	14	3226	2665	904	945	0.9566	
PILOT-2013001277__E__gpt5.4__rep2.json	PILOT-2013001277	E	2	14	3226	2509	1093	945	1.1566	
PILOT-2013001277__E__haiku4.5__rep0.json	PILOT-2013001277	E	0	18	3226	3224	607	945	0.6423	
PILOT-2013001277__E__haiku4.5__rep1.json	PILOT-2013001277	E	1	18	3226	4454	1322	945	1.3989	
PILOT-2013001277__E__haiku4.5__rep2.json	PILOT-2013001277	E	2	18	3226	4552	1449	945	1.5333	
PILOT-2013001277__E__sonnet4__rep0.json	PILOT-2013001277	E	0	14	3226	2555	952	945	1.0074	
PILOT-2013001277__E__sonnet4__rep1.json	PILOT-2013001277	E	1	14	3226	2555	952	945	1.0074	
PILOT-2013001277__E__sonnet4__rep2.json	PILOT-2013001277	E	2	14	3226	2555	952	945	1.0074	
PILOT-2013001277__F__gpt4o-mini__rep0.json	PILOT-2013001277	F	0	18	3226	4107	989	945	1.0466	
PILOT-2013001277__F__gpt4o-mini__rep1.json	PILOT-2013001277	F	1	18	3226	3293	210	945	0.2222	
PILOT-2013001277__F__gpt4o-mini__rep2.json	PILOT-2013001277	F	2	8	3226	2710	1489	945	1.5757	
PILOT-2013001277__F__gpt5.4__rep0.json	PILOT-2013001277	F	0	14	3226	2743	1033	945	1.0931	
PILOT-2013001277__F__gpt5.4__rep1.json	PILOT-2013001277	F	1	14	3226	3018	1142	945	1.2085	
PILOT-2013001277__F__gpt5.4__rep2.json	PILOT-2013001277	F	2	14	3226	2737	1165	945	1.2328	
PILOT-2013001277__F__haiku4.5__rep0.json	PILOT-2013001277	F	0	18	3226	4710	1578	945	1.6698	
PILOT-2013001277__F__haiku4.5__rep1.json	PILOT-2013001277	F	1	18	3226	4246	1124	945	1.1894	
PILOT-2013001277__F__haiku4.5__rep2.json	PILOT-2013001277	F	2	14	3226	2863	1247	945	1.3196	
PILOT-2013001277__F__sonnet4__rep0.json	PILOT-2013001277	F	0	14	3226	3372	1465	945	1.5503	
PILOT-2013001277__F__sonnet4__rep1.json	PILOT-2013001277	F	1	14	3226	3372	1465	945	1.5503	
PILOT-2013001277__F__sonnet4__rep2.json	PILOT-2013001277	F	2	14	3226	2659	980	945	1.037	
PILOT-2013001277__G__gpt4o-mini__rep0.json	PILOT-2013001277	G	0	14	3226	3616	1659	945	1.7556	
PILOT-2013001277__G__gpt4o-mini__rep1.json	PILOT-2013001277	G	1	18	3226	3482	386	945	0.4085	
PILOT-2013001277__G__gpt4o-mini__rep2.json	PILOT-2013001277	G	2	18	3226	3482	386	945	0.4085	
PILOT-2013001277__G__gpt5.4__rep0.json	PILOT-2013001277	G	0	14	3226	2862	1219	945	1.2899	
PILOT-2013001277__G__gpt5.4__rep1.json	PILOT-2013001277	G	1	14	3226	2853	1058	945	1.1196	
PILOT-2013001277__G__gpt5.4__rep2.json	PILOT-2013001277	G	2	14	3226	2906	1119	945	1.1841	
PILOT-2013001277__G__haiku4.5__rep0.json	PILOT-2013001277	G	0	18	3226	4286	1148	945	1.2148	
PILOT-2013001277__G__haiku4.5__rep1.json	PILOT-2013001277	G	1	18	3226	3691	634	945	0.6709	
PILOT-2013001277__G__haiku4.5__rep2.json	PILOT-2013001277	G	2	14	3226	2845	1155	945	1.2222	
PILOT-2013001277__G__sonnet4__rep0.json	PILOT-2013001277	G	0	14	3226	2589	954	945	1.0095	
PILOT-2013001277__G__sonnet4__rep1.json	PILOT-2013001277	G	1	14	3226	2589	954	945	1.0095	
PILOT-2013001277__G__sonnet4__rep2.json	PILOT-2013001277	G	2	14	3226	2589	954	945	1.0095	
PILOT-2013001277__baseline__gpt4o-mini__rep0.json	PILOT-2013001277	baseline	0	18	3226	4791	1666	945	1.763	
PILOT-2013001277__baseline__gpt4o-mini__rep1.json	PILOT-2013001277	baseline	1	13	3226	3544	1709	945	1.8085	
PILOT-2013001277__baseline__gpt4o-mini__rep2.json	PILOT-2013001277	baseline	2	13	3226	3636	1719	945	1.819	
PILOT-2013001277__baseline__gpt5.4__rep0.json	PILOT-2013001277	baseline	0	14	3226	2861	1168	945	1.236	
PILOT-2013001277__baseline__gpt5.4__rep1.json	PILOT-2013001277	baseline	1	14	3226	2722	1019	945	1.0783	
PILOT-2013001277__baseline__gpt5.4__rep2.json	PILOT-2013001277	baseline	2	14	3226	2757	1244	945	1.3164	
PILOT-2013001277__baseline__haiku4.5__rep0.json	PILOT-2013001277	baseline	0	18	3226	4720	1699	945	1.7979	
PILOT-2013001277__baseline__haiku4.5__rep1.json	PILOT-2013001277	baseline	1	18	3226	4629	1534	945	1.6233	
PILOT-2013001277__baseline__haiku4.5__rep2.json	PILOT-2013001277	baseline	2	18	3226	4324	1393	945	1.4741	
PILOT-2013001277__baseline__sonnet4__rep0.json	PILOT-2013001277	baseline	0	18	3226	4378	1256	945	1.3291	
PILOT-2013001277__baseline__sonnet4__rep1.json	PILOT-2013001277	baseline	1	18	3226	4414	1324	945	1.4011	
PILOT-2013001277__baseline__sonnet4__rep2.json	PILOT-2013001277	baseline	2	14	3226	2882	1244	945	1.3164	
PILOT-2013007708__A__gpt4o-mini__rep0.json	PILOT-2013007708	A	0	28	3817	2228	1787	3149	0.5675	
PILOT-2013007708__A__gpt4o-mini__rep1.json	PILOT-2013007708	A	1	28	3817	2350	1757	3149	0.558	
PILOT-2013007708__A__gpt4o-mini__rep2.json	PILOT-2013007708	A	2	28	3817	2407	1725	3149	0.5478	
PILOT-2013007708__A__gpt5.4__rep0.json	PILOT-2013007708	A	0	28	3817	4004	325	3149	0.1032	
PILOT-2013007708__A__gpt5.4__rep1.json	PILOT-2013007708	A	1	28	3817	3962	281	3149	0.0892	
PILOT-2013007708__A__gpt5.4__rep2.json	PILOT-2013007708	A	2	28	3817	4117	406	3149	0.1289	
PILOT-2013007708__A__haiku4.5__rep0.json	PILOT-2013007708	A	0	28	3817	6388	2648	3149	0.8409	
PILOT-2013007708__A__haiku4.5__rep1.json	PILOT-2013007708	A	1	28	3817	6506	2766	3149	0.8784	
PILOT-2013007708__A__haiku4.5__rep2.json	PILOT-2013007708	A	2	28	3817	5568	1828	3149	0.5805	
PILOT-2013007708__A__sonnet4__rep0.json	PILOT-2013007708	A	0	28	3817	4803	1073	3149	0.3407	
PILOT-2013007708__A__sonnet4__rep1.json	PILOT-2013007708	A	1	28	3817	4506	776	3149	0.2464	
PILOT-2013007708__A__sonnet4__rep2.json	PILOT-2013007708	A	2	28	3817	4814	1084	3149	0.3442	
PILOT-2013007708__B__gpt4o-mini__rep0.json	PILOT-2013007708	B	0	4	3817	1255	2644	3149	0.8396	
PILOT-2013007708__B__gpt4o-mini__rep1.json	PILOT-2013007708	B	1	4	3817	1228	2663	3149	0.8457	
PILOT-2013007708__B__gpt4o-mini__rep2.json	PILOT-2013007708	B	2	28	3817	4066	349	3149	0.1108	
PILOT-2013007708__B__gpt5.4__rep0.json	PILOT-2013007708	B	0	28	3817	3914	235	3149	0.0746	
PILOT-2013007708__B__gpt5.4__rep1.json	PILOT-2013007708	B	1	28	3817	3956	277	3149	0.088	
PILOT-2013007708__B__gpt5.4__rep2.json	PILOT-2013007708	B	2	28	3817	3938	259	3149	0.0822	
PILOT-2013007708__B__haiku4.5__rep0.json	PILOT-2013007708	B	0	28	3817	4528	792	3149	0.2515	
PILOT-2013007708__B__haiku4.5__rep1.json	PILOT-2013007708	B	1	28	3817	6093	2353	3149	0.7472	
PILOT-2013007708__B__haiku4.5__rep2.json	PILOT-2013007708	B	2	28	3817	6170	2459	3149	0.7809	
PILOT-2013007708__B__sonnet4__rep0.json	PILOT-2013007708	B	0	28	3817	4300	570	3149	0.181	
PILOT-2013007708__B__sonnet4__rep1.json	PILOT-2013007708	B	1	28	3817	3878	199	3149	0.0632	
PILOT-2013007708__B__sonnet4__rep2.json	PILOT-2013007708	B	2	28	3817	3878	199	3149	0.0632	
PILOT-2013007708__C__gpt4o-mini__rep0.json	PILOT-2013007708	C	0	28	3817	2369	1721	3149	0.5465	
PILOT-2013007708__C__gpt4o-mini__rep1.json	PILOT-2013007708	C	1	6	3817	2002	1961	3149	0.6227	
PILOT-2013007708__C__gpt4o-mini__rep2.json	PILOT-2013007708	C	2	7	3817	2386	1724	3149	0.5475	
PILOT-2013007708__C__gpt5.4__rep0.json	PILOT-2013007708	C	0	28	3817	3956	277	3149	0.088	
PILOT-2013007708__C__gpt5.4__rep1.json	PILOT-2013007708	C	1	28	3817	4003	324	3149	0.1029	
PILOT-2013007708__C__gpt5.4__rep2.json	PILOT-2013007708	C	2	28	3817	3956	277	3149	0.088	
PILOT-2013007708__C__haiku4.5__rep0.json	PILOT-2013007708	C	0	28	3817	4133	1569	3149	0.4983	
PILOT-2013007708__C__haiku4.5__rep1.json	PILOT-2013007708	C	1	28	3817	5528	1788	3149	0.5678	
PILOT-2013007708__C__haiku4.5__rep2.json	PILOT-2013007708	C	2	28	3817	6095	2407	3149	0.7644	
PILOT-2013007708__C__sonnet4__rep0.json	PILOT-2013007708	C	0	28	3817	4658	928	3149	0.2947	
PILOT-2013007708__C__sonnet4__rep1.json	PILOT-2013007708	C	1	28	3817	4366	636	3149	0.202	
PILOT-2013007708__C__sonnet4__rep2.json	PILOT-2013007708	C	2	28	3817	4656	926	3149	0.2941	
PILOT-2013007708__D__gpt4o-mini__rep0.json	PILOT-2013007708	D	0	9	3817	2254	1829	3149	0.5808	
PILOT-2013007708__D__gpt4o-mini__rep1.json	PILOT-2013007708	D	1	6	3817	1991	1974	3149	0.6269	
PILOT-2013007708__D__gpt4o-mini__rep2.json	PILOT-2013007708	D	2	28	3817	2697	1518	3149	0.4821	
PILOT-2013007708__D__gpt5.4__rep0.json	PILOT-2013007708	D	0	28	3817	3948	269	3149	0.0854	
PILOT-2013007708__D__gpt5.4__rep1.json	PILOT-2013007708	D	1	28	3817	3894	215	3149	0.0683	
PILOT-2013007708__D__gpt5.4__rep2.json	PILOT-2013007708	D	2	28	3817	3948	269	3149	0.0854	
PILOT-2013007708__D__haiku4.5__rep0.json	PILOT-2013007708	D	0	28	3817	5146	1762	3149	0.5595	
PILOT-2013007708__D__haiku4.5__rep1.json	PILOT-2013007708	D	1	28	3817	5806	2066	3149	0.6561	
PILOT-2013007708__D__haiku4.5__rep2.json	PILOT-2013007708	D	2	28	3817	5541	1801	3149	0.5719	
PILOT-2013007708__D__sonnet4__rep0.json	PILOT-2013007708	D	0	28	3817	4032	331	3149	0.1051	
PILOT-2013007708__D__sonnet4__rep1.json	PILOT-2013007708	D	1	28	3817	4032	331	3149	0.1051	
PILOT-2013007708__D__sonnet4__rep2.json	PILOT-2013007708	D	2	28	3817	4028	327	3149	0.1038	
PILOT-2013007708__E__gpt4o-mini__rep0.json	PILOT-2013007708	E	0	5	3817	1738	2106	3149	0.6688	
PILOT-2013007708__E__gpt4o-mini__rep1.json	PILOT-2013007708	E	1	7	3817	2144	1829	3149	0.5808	
PILOT-2013007708__E__gpt4o-mini__rep2.json	PILOT-2013007708	E	2	5	3817	1831	2053	3149	0.652	
PILOT-2013007708__E__gpt5.4__rep0.json	PILOT-2013007708	E	0	28	3817	4007	328	3149	0.1042	
PILOT-2013007708__E__gpt5.4__rep1.json	PILOT-2013007708	E	1	28	3817	4117	406	3149	0.1289	
PILOT-2013007708__E__gpt5.4__rep2.json	PILOT-2013007708	E	2	28	3817	3902	223	3149	0.0708	
PILOT-2013007708__E__haiku4.5__rep0.json	PILOT-2013007708	E	0	28	3817	4023	1258	3149	0.3995	
PILOT-2013007708__E__haiku4.5__rep1.json	PILOT-2013007708	E	1	28	3817	4017	1142	3149	0.3627	
PILOT-2013007708__E__haiku4.5__rep2.json	PILOT-2013007708	E	2	28	3817	3769	1428	3149	0.4535	
PILOT-2013007708__E__sonnet4__rep0.json	PILOT-2013007708	E	0	28	3817	4803	1073	3149	0.3407	
PILOT-2013007708__E__sonnet4__rep1.json	PILOT-2013007708	E	1	28	3817	4706	976	3149	0.3099	
PILOT-2013007708__E__sonnet4__rep2.json	PILOT-2013007708	E	2	28	3817	4803	1073	3149	0.3407	
PILOT-2013007708__F__gpt4o-mini__rep0.json	PILOT-2013007708	F	0	4	3817	2012	1986	3149	0.6307	
PILOT-2013007708__F__gpt4o-mini__rep1.json	PILOT-2013007708	F	1	6	3817	2007	1957	3149	0.6215	
PILOT-2013007708__F__gpt4o-mini__rep2.json	PILOT-2013007708	F	2	7	3817	2043	1928	3149	0.6123	
PILOT-2013007708__F__gpt5.4__rep0.json	PILOT-2013007708	F	0	28	3817	3962	281	3149	0.0892	
PILOT-2013007708__F__gpt5.4__rep1.json	PILOT-2013007708	F	1	28	3817	4003	324	3149	0.1029	
PILOT-2013007708__F__gpt5.4__rep2.json	PILOT-2013007708	F	2	28	3817	3826	179	3149	0.0568	
PILOT-2013007708__F__haiku4.5__rep0.json	PILOT-2013007708	F	0	28	3817	3842	1308	3149	0.4154	
PILOT-2013007708__F__haiku4.5__rep1.json	PILOT-2013007708	F	1	28	3817	5117	2226	3149	0.7069	
PILOT-2013007708__F__haiku4.5__rep2.json	PILOT-2013007708	F	2	28	3817	5678	1938	3149	0.6154	
PILOT-2013007708__F__sonnet4__rep0.json	PILOT-2013007708	F	0	28	3817	4020	319	3149	0.1013	
PILOT-2013007708__F__sonnet4__rep1.json	PILOT-2013007708	F	1	28	3817	4044	343	3149	0.1089	
PILOT-2013007708__F__sonnet4__rep2.json	PILOT-2013007708	F	2	28	3817	4020	319	3149	0.1013	
PILOT-2013007708__G__gpt4o-mini__rep0.json	PILOT-2013007708	G	0	26	3817	3794	580	3149	0.1842	
PILOT-2013007708__G__gpt4o-mini__rep1.json	PILOT-2013007708	G	1	26	3817	4516	1139	3149	0.3617	
PILOT-2013007708__G__gpt4o-mini__rep2.json	PILOT-2013007708	G	2	28	3817	4234	527	3149	0.1674	
PILOT-2013007708__G__gpt5.4__rep0.json	PILOT-2013007708	G	0	28	3817	3963	259	3149	0.0822	
PILOT-2013007708__G__gpt5.4__rep1.json	PILOT-2013007708	G	1	28	3817	4117	406	3149	0.1289	
PILOT-2013007708__G__gpt5.4__rep2.json	PILOT-2013007708	G	2	28	3817	3482	853	3149	0.2709	
PILOT-2013007708__G__haiku4.5__rep0.json	PILOT-2013007708	G	0	28	3817	5537	1861	3149	0.591	
PILOT-2013007708__G__haiku4.5__rep1.json	PILOT-2013007708	G	1	28	3817	5268	1539	3149	0.4887	
PILOT-2013007708__G__haiku4.5__rep2.json	PILOT-2013007708	G	2	28	3817	5856	2116	3149	0.672	
PILOT-2013007708__G__sonnet4__rep0.json	PILOT-2013007708	G	0	28	3817	4020	319	3149	0.1013	
PILOT-2013007708__G__sonnet4__rep1.json	PILOT-2013007708	G	1	28	3817	4022	321	3149	0.1019	
PILOT-2013007708__G__sonnet4__rep2.json	PILOT-2013007708	G	2	28	3817	4020	319	3149	0.1013	
PILOT-2013007708__baseline__gpt4o-mini__rep0.json	PILOT-2013007708	baseline	0	28	3817	2195	1808	3149	0.5742	
PILOT-2013007708__baseline__gpt4o-mini__rep1.json	PILOT-2013007708	baseline	1	6	3817	2027	1930	3149	0.6129	
PILOT-2013007708__baseline__gpt4o-mini__rep2.json	PILOT-2013007708	baseline	2	6	3817	2022	1955	3149	0.6208	
PILOT-2013007708__baseline__gpt5.4__rep0.json	PILOT-2013007708	baseline	0	28	3817	3962	281	3149	0.0892	
PILOT-2013007708__baseline__gpt5.4__rep1.json	PILOT-2013007708	baseline	1	28	3817	3962	281	3149	0.0892	
PILOT-2013007708__baseline__gpt5.4__rep2.json	PILOT-2013007708	baseline	2	28	3817	4117	406	3149	0.1289	
PILOT-2013007708__baseline__haiku4.5__rep0.json	PILOT-2013007708	baseline	0	28	3817	5131	1391	3149	0.4417	
PILOT-2013007708__baseline__haiku4.5__rep1.json	PILOT-2013007708	baseline	1	28	3817	6110	2370	3149	0.7526	
PILOT-2013007708__baseline__haiku4.5__rep2.json	PILOT-2013007708	baseline	2	28	3817	5831	2091	3149	0.664	
PILOT-2013007708__baseline__sonnet4__rep0.json	PILOT-2013007708	baseline	0	28	3817	4814	1084	3149	0.3442	
PILOT-2013007708__baseline__sonnet4__rep1.json	PILOT-2013007708	baseline	1	28	3817	4814	1084	3149	0.3442	
PILOT-2013007708__baseline__sonnet4__rep2.json	PILOT-2013007708	baseline	2	28	3817	4611	881	3149	0.2798	
PILOT-2014002407__A__gpt4o-mini__rep0.json	PILOT-2014002407	A	0	8	3806	3333	526	702	0.7493	
PILOT-2014002407__A__gpt4o-mini__rep1.json	PILOT-2014002407	A	1	8	3806	3333	526	702	0.7493	
PILOT-2014002407__A__gpt4o-mini__rep2.json	PILOT-2014002407	A	2	4	3806	2704	1222	702	1.7407	
PILOT-2014002407__A__gpt5.4__rep0.json	PILOT-2014002407	A	0	8	3806	3693	712	702	1.0142	
PILOT-2014002407__A__gpt5.4__rep1.json	PILOT-2014002407	A	1	8	3806	3693	726	702	1.0342	
PILOT-2014002407__A__gpt5.4__rep2.json	PILOT-2014002407	A	2	8	3806	3848	320	702	0.4558	
PILOT-2014002407__A__haiku4.5__rep0.json	PILOT-2014002407	A	0	0			None		None	no_gen
PILOT-2014002407__A__haiku4.5__rep1.json	PILOT-2014002407	A	1	8	3806	2591	1500	702	2.1368	
PILOT-2014002407__A__haiku4.5__rep2.json	PILOT-2014002407	A	2	8	3806	2534	1465	702	2.0869	
PILOT-2014002407__A__sonnet4__rep0.json	PILOT-2014002407	A	0	8	3806	3795	201	702	0.2863	
PILOT-2014002407__A__sonnet4__rep1.json	PILOT-2014002407	A	1	8	3806	3810	216	702	0.3077	
PILOT-2014002407__A__sonnet4__rep2.json	PILOT-2014002407	A	2	8	3806	3795	201	702	0.2863	
PILOT-2014002407__B__gpt4o-mini__rep0.json	PILOT-2014002407	B	0	8	3806	3769	157	702	0.2236	
PILOT-2014002407__B__gpt4o-mini__rep1.json	PILOT-2014002407	B	1	4	3806	3089	818	702	1.1652	
PILOT-2014002407__B__gpt4o-mini__rep2.json	PILOT-2014002407	B	2	8	3806	3769	157	702	0.2236	
PILOT-2014002407__B__gpt5.4__rep0.json	PILOT-2014002407	B	0	8	3806	3720	126	702	0.1795	
PILOT-2014002407__B__gpt5.4__rep1.json	PILOT-2014002407	B	1	8	3806	3885	291	702	0.4145	
PILOT-2014002407__B__gpt5.4__rep2.json	PILOT-2014002407	B	2	8	3806	3720	126	702	0.1795	
PILOT-2014002407__B__haiku4.5__rep0.json	PILOT-2014002407	B	0	8	3806	3966	420	702	0.5983	
PILOT-2014002407__B__haiku4.5__rep1.json	PILOT-2014002407	B	1	8	3806	4080	510	702	0.7265	
PILOT-2014002407__B__haiku4.5__rep2.json	PILOT-2014002407	B	2	8	3806	4108	514	702	0.7322	
PILOT-2014002407__B__sonnet4__rep0.json	PILOT-2014002407	B	0	8	3806	4017	451	702	0.6425	
PILOT-2014002407__B__sonnet4__rep1.json	PILOT-2014002407	B	1	8	3806	3877	311	702	0.443	
PILOT-2014002407__B__sonnet4__rep2.json	PILOT-2014002407	B	2	8	3806	4017	451	702	0.6425	
PILOT-2014002407__C__gpt4o-mini__rep0.json	PILOT-2014002407	C	0	4	3806	3074	822	702	1.1709	
PILOT-2014002407__C__gpt4o-mini__rep1.json	PILOT-2014002407	C	1	4	3806	3134	863	702	1.2293	
PILOT-2014002407__C__gpt4o-mini__rep2.json	PILOT-2014002407	C	2	4	3806	3074	822	702	1.1709	
PILOT-2014002407__C__gpt5.4__rep0.json	PILOT-2014002407	C	0	8	3806	3842	248	702	0.3533	
PILOT-2014002407__C__gpt5.4__rep1.json	PILOT-2014002407	C	1	8	3806	4108	514	702	0.7322	
PILOT-2014002407__C__gpt5.4__rep2.json	PILOT-2014002407	C	2	8	3806	4108	514	702	0.7322	
PILOT-2014002407__C__haiku4.5__rep0.json	PILOT-2014002407	C	0	8	3806	3061	1148	702	1.6353	
PILOT-2014002407__C__haiku4.5__rep1.json	PILOT-2014002407	C	1	8	3806	3832	266	702	0.3789	
PILOT-2014002407__C__haiku4.5__rep2.json	PILOT-2014002407	C	2	8	3806	1968	1970	702	2.8063	
PILOT-2014002407__C__sonnet4__rep0.json	PILOT-2014002407	C	0	8	3806	4023	429	702	0.6111	
PILOT-2014002407__C__sonnet4__rep1.json	PILOT-2014002407	C	1	8	3806	4029	435	702	0.6197	
PILOT-2014002407__C__sonnet4__rep2.json	PILOT-2014002407	C	2	8	3806	4025	459	702	0.6538	
PILOT-2014002407__D__gpt4o-mini__rep0.json	PILOT-2014002407	D	0	4	3806	3089	818	702	1.1652	
PILOT-2014002407__D__gpt4o-mini__rep1.json	PILOT-2014002407	D	1	4	3806	3214	863	702	1.2293	
PILOT-2014002407__D__gpt4o-mini__rep2.json	PILOT-2014002407	D	2	4	3806	3074	822	702	1.1709	
PILOT-2014002407__D__gpt5.4__rep0.json	PILOT-2014002407	D	0	8	3806	4584	990	702	1.4103	
PILOT-2014002407__D__gpt5.4__rep1.json	PILOT-2014002407	D	1	8	3806	4350	756	702	1.0769	
PILOT-2014002407__D__gpt5.4__rep2.json	PILOT-2014002407	D	2	8	3806	4108	514	702	0.7322	
PILOT-2014002407__D__haiku4.5__rep0.json	PILOT-2014002407	D	0	0			None		None	no_gen
PILOT-2014002407__D__haiku4.5__rep1.json	PILOT-2014002407	D	1	0			None		None	no_gen
PILOT-2014002407__D__haiku4.5__rep2.json	PILOT-2014002407	D	2	8	3806	4235	669	702	0.953	
PILOT-2014002407__D__sonnet4__rep0.json	PILOT-2014002407	D	0	8	3806	3810	216	702	0.3077	
PILOT-2014002407__D__sonnet4__rep1.json	PILOT-2014002407	D	1	8	3806	3795	201	702	0.2863	
PILOT-2014002407__D__sonnet4__rep2.json	PILOT-2014002407	D	2	8	3806	3765	171	702	0.2436	
PILOT-2014002407__E__gpt4o-mini__rep0.json	PILOT-2014002407	E	0	4	3806	3074	822	702	1.1709	
PILOT-2014002407__E__gpt4o-mini__rep1.json	PILOT-2014002407	E	1	4	3806	3074	822	702	1.1709	
PILOT-2014002407__E__gpt4o-mini__rep2.json	PILOT-2014002407	E	2	4	3806	3134	863	702	1.2293	
PILOT-2014002407__E__gpt5.4__rep0.json	PILOT-2014002407	E	0	8	3806	4108	514	702	0.7322	
PILOT-2014002407__E__gpt5.4__rep1.json	PILOT-2014002407	E	1	8	3806	4108	514	702	0.7322	
PILOT-2014002407__E__gpt5.4__rep2.json	PILOT-2014002407	E	2	8	3806	3734	186	702	0.265	
PILOT-2014002407__E__haiku4.5__rep0.json	PILOT-2014002407	E	0	8	3806	4092	634	702	0.9031	
PILOT-2014002407__E__haiku4.5__rep1.json	PILOT-2014002407	E	1	8	3806	4152	558	702	0.7949	
PILOT-2014002407__E__haiku4.5__rep2.json	PILOT-2014002407	E	2	8	3806	4164	570	702	0.812	
PILOT-2014002407__E__sonnet4__rep0.json	PILOT-2014002407	E	0	8	3806	4015	395	702	0.5627	
PILOT-2014002407__E__sonnet4__rep1.json	PILOT-2014002407	E	1	8	3806	4066	444	702	0.6325	
PILOT-2014002407__E__sonnet4__rep2.json	PILOT-2014002407	E	2	8	3806	4037	417	702	0.594	
PILOT-2014002407__F__gpt4o-mini__rep0.json	PILOT-2014002407	F	0	5	3806	3465	653	702	0.9302	
PILOT-2014002407__F__gpt4o-mini__rep1.json	PILOT-2014002407	F	1	4	3806	3154	814	702	1.1595	
PILOT-2014002407__F__gpt4o-mini__rep2.json	PILOT-2014002407	F	2	4	3806	3169	818	702	1.1652	
PILOT-2014002407__F__gpt5.4__rep0.json	PILOT-2014002407	F	0	8	3806	3734	186	702	0.265	
PILOT-2014002407__F__gpt5.4__rep1.json	PILOT-2014002407	F	1	8	3806	4586	992	702	1.4131	
PILOT-2014002407__F__gpt5.4__rep2.json	PILOT-2014002407	F	2	8	3806	4468	874	702	1.245	
PILOT-2014002407__F__haiku4.5__rep0.json	PILOT-2014002407	F	0	8	3806	3583	443	702	0.6311	
PILOT-2014002407__F__haiku4.5__rep1.json	PILOT-2014002407	F	1	8	3806	4096	502	702	0.7151	
PILOT-2014002407__F__haiku4.5__rep2.json	PILOT-2014002407	F	2	8	3806	3754	152	702	0.2165	
PILOT-2014002407__F__sonnet4__rep0.json	PILOT-2014002407	F	0	8	3806	3810	216	702	0.3077	
PILOT-2014002407__F__sonnet4__rep1.json	PILOT-2014002407	F	1	8	3806	4037	417	702	0.594	
PILOT-2014002407__F__sonnet4__rep2.json	PILOT-2014002407	F	2	8	3806	4037	417	702	0.594	
PILOT-2014002407__G__gpt4o-mini__rep0.json	PILOT-2014002407	G	0	8	3806	3763	167	702	0.2379	
PILOT-2014002407__G__gpt4o-mini__rep1.json	PILOT-2014002407	G	1	8	3806	3745	185	702	0.2635	
PILOT-2014002407__G__gpt4o-mini__rep2.json	PILOT-2014002407	G	2	8	3806	3724	112	702	0.1595	
PILOT-2014002407__G__gpt5.4__rep0.json	PILOT-2014002407	G	0	8	3806	4508	914	702	1.302	
PILOT-2014002407__G__gpt5.4__rep1.json	PILOT-2014002407	G	1	8	3806	4468	874	702	1.245	
PILOT-2014002407__G__gpt5.4__rep2.json	PILOT-2014002407	G	2	8	3806	4586	992	702	1.4131	
PILOT-2014002407__G__haiku4.5__rep0.json	PILOT-2014002407	G	0	8	3806	3765	171	702	0.2436	
PILOT-2014002407__G__haiku4.5__rep1.json	PILOT-2014002407	G	1	8	3806	3996	398	702	0.567	
PILOT-2014002407__G__haiku4.5__rep2.json	PILOT-2014002407	G	2	8	3806	3579	449	702	0.6396	
PILOT-2014002407__G__sonnet4__rep0.json	PILOT-2014002407	G	0	8	3806	3765	171	702	0.2436	
PILOT-2014002407__G__sonnet4__rep1.json	PILOT-2014002407	G	1	8	3806	3810	216	702	0.3077	
PILOT-2014002407__G__sonnet4__rep2.json	PILOT-2014002407	G	2	8	3806	4035	441	702	0.6282	
PILOT-2014002407__baseline__gpt4o-mini__rep0.json	PILOT-2014002407	baseline	0	4	3806	3134	863	702	1.2293	
PILOT-2014002407__baseline__gpt4o-mini__rep1.json	PILOT-2014002407	baseline	1	4	3806	3074	822	702	1.1709	
PILOT-2014002407__baseline__gpt4o-mini__rep2.json	PILOT-2014002407	baseline	2	4	3806	3044	792	702	1.1282	
PILOT-2014002407__baseline__gpt5.4__rep0.json	PILOT-2014002407	baseline	0	8	3806	4350	756	702	1.0769	
PILOT-2014002407__baseline__gpt5.4__rep1.json	PILOT-2014002407	baseline	1	8	3806	3780	186	702	0.265	
PILOT-2014002407__baseline__gpt5.4__rep2.json	PILOT-2014002407	baseline	2	8	3806	4108	514	702	0.7322	
PILOT-2014002407__baseline__haiku4.5__rep0.json	PILOT-2014002407	baseline	0	8	3806	2861	987	702	1.406	
PILOT-2014002407__baseline__haiku4.5__rep1.json	PILOT-2014002407	baseline	1	8	3806	2847	991	702	1.4117	
PILOT-2014002407__baseline__haiku4.5__rep2.json	PILOT-2014002407	baseline	2	8	3806	4057	463	702	0.6595	
PILOT-2014002407__baseline__sonnet4__rep0.json	PILOT-2014002407	baseline	0	8	3806	4040	446	702	0.6353	
PILOT-2014002407__baseline__sonnet4__rep1.json	PILOT-2014002407	baseline	1	8	3806	4015	421	702	0.5997	
PILOT-2014002407__baseline__sonnet4__rep2.json	PILOT-2014002407	baseline	2	8	3806	4015	421	702	0.5997	
PILOT-2014002745__A__gpt4o-mini__rep0.json	PILOT-2014002745	A	0	6	5510	1596	3946	4481	0.8806	
PILOT-2014002745__A__gpt4o-mini__rep1.json	PILOT-2014002745	A	1	5	5510	1221	4293	4481	0.958	
PILOT-2014002745__A__gpt4o-mini__rep2.json	PILOT-2014002745	A	2	5	5510	1177	4339	4481	0.9683	
PILOT-2014002745__A__gpt5.4__rep0.json	PILOT-2014002745	A	0	27	5510	4393	1751	4481	0.3908	
PILOT-2014002745__A__gpt5.4__rep1.json	PILOT-2014002745	A	1	27	5510	4366	1728	4481	0.3856	
PILOT-2014002745__A__gpt5.4__rep2.json	PILOT-2014002745	A	2	27	5510	4269	1764	4481	0.3937	
PILOT-2014002745__A__haiku4.5__rep0.json	PILOT-2014002745	A	0	27	5510	4395	1978	4481	0.4414	
PILOT-2014002745__A__haiku4.5__rep1.json	PILOT-2014002745	A	1	27	5510	4410	1899	4481	0.4238	
PILOT-2014002745__A__haiku4.5__rep2.json	PILOT-2014002745	A	2	27	5510	4470	1965	4481	0.4385	
PILOT-2014002745__A__sonnet4__rep0.json	PILOT-2014002745	A	0	27	5510	3864	1806	4481	0.403	
PILOT-2014002745__A__sonnet4__rep1.json	PILOT-2014002745	A	1	27	5510	3850	1808	4481	0.4035	
PILOT-2014002745__A__sonnet4__rep2.json	PILOT-2014002745	A	2	27	5510	4140	1837	4481	0.41	
PILOT-2014002745__B__gpt4o-mini__rep0.json	PILOT-2014002745	B	0	3	5510	1308	4283	4481	0.9558	
PILOT-2014002745__B__gpt4o-mini__rep1.json	PILOT-2014002745	B	1	3	5510	1274	4241	4481	0.9464	
PILOT-2014002745__B__gpt4o-mini__rep2.json	PILOT-2014002745	B	2	3	5510	1350	4259	4481	0.9505	
PILOT-2014002745__B__gpt5.4__rep0.json	PILOT-2014002745	B	0	27	5510	4801	1781	4481	0.3975	
PILOT-2014002745__B__gpt5.4__rep1.json	PILOT-2014002745	B	1	27	5510	4998	2108	4481	0.4704	
PILOT-2014002745__B__gpt5.4__rep2.json	PILOT-2014002745	B	2	27	5510	4971	1256	4481	0.2803	
PILOT-2014002745__B__haiku4.5__rep0.json	PILOT-2014002745	B	0	27	5510	5319	1333	4481	0.2975	
PILOT-2014002745__B__haiku4.5__rep1.json	PILOT-2014002745	B	1	27	5510	5317	1454	4481	0.3245	
PILOT-2014002745__B__haiku4.5__rep2.json	PILOT-2014002745	B	2	27	5510	5023	1194	4481	0.2665	
PILOT-2014002745__B__sonnet4__rep0.json	PILOT-2014002745	B	0	27	5510	4948	1125	4481	0.2511	
PILOT-2014002745__B__sonnet4__rep1.json	PILOT-2014002745	B	1	27	5510	5173	1291	4481	0.2881	
PILOT-2014002745__B__sonnet4__rep2.json	PILOT-2014002745	B	2	27	5510	5080	1241	4481	0.2769	
PILOT-2014002745__C__gpt4o-mini__rep0.json	PILOT-2014002745	C	0	4	5510	1191	4397	4481	0.9813	
PILOT-2014002745__C__gpt4o-mini__rep1.json	PILOT-2014002745	C	1	4	5510	1143	4367	4481	0.9746	
PILOT-2014002745__C__gpt4o-mini__rep2.json	PILOT-2014002745	C	2	3	5510	965	4576	4481	1.0212	
PILOT-2014002745__C__gpt5.4__rep0.json	PILOT-2014002745	C	0	27	5510	5009	1280	4481	0.2857	
PILOT-2014002745__C__gpt5.4__rep1.json	PILOT-2014002745	C	1	27	5510	5045	1301	4481	0.2903	
PILOT-2014002745__C__gpt5.4__rep2.json	PILOT-2014002745	C	2	27	5510	4418	1656	4481	0.3696	
PILOT-2014002745__C__haiku4.5__rep0.json	PILOT-2014002745	C	0	27	5510	5031	1496	4481	0.3339	
PILOT-2014002745__C__haiku4.5__rep1.json	PILOT-2014002745	C	1	27	5510	4362	1817	4481	0.4055	
PILOT-2014002745__C__haiku4.5__rep2.json	PILOT-2014002745	C	2	27	5510	4886	1865	4481	0.4162	
PILOT-2014002745__C__sonnet4__rep0.json	PILOT-2014002745	C	0	27	5510	5208	1538	4481	0.3432	
PILOT-2014002745__C__sonnet4__rep1.json	PILOT-2014002745	C	1	27	5510	5826	1498	4481	0.3343	
PILOT-2014002745__C__sonnet4__rep2.json	PILOT-2014002745	C	2	27	5510	4908	1125	4481	0.2511	
PILOT-2014002745__D__gpt4o-mini__rep0.json	PILOT-2014002745	D	0	6	5510	2116	3437	4481	0.767	
PILOT-2014002745__D__gpt4o-mini__rep1.json	PILOT-2014002745	D	1	4	5510	1334	4227	4481	0.9433	
PILOT-2014002745__D__gpt4o-mini__rep2.json	PILOT-2014002745	D	2	4	5510	1231	4286	4481	0.9565	
PILOT-2014002745__D__gpt5.4__rep0.json	PILOT-2014002745	D	0	27	5510	4931	1214	4481	0.2709	
PILOT-2014002745__D__gpt5.4__rep1.json	PILOT-2014002745	D	1	27	5510	4445	1653	4481	0.3689	
PILOT-2014002745__D__gpt5.4__rep2.json	PILOT-2014002745	D	2	27	5510	4417	1640	4481	0.366	
PILOT-2014002745__D__haiku4.5__rep0.json	PILOT-2014002745	D	0	27	5510	4734	1708	4481	0.3812	
PILOT-2014002745__D__haiku4.5__rep1.json	PILOT-2014002745	D	1	27	5510	4801	1770	4481	0.395	
PILOT-2014002745__D__haiku4.5__rep2.json	PILOT-2014002745	D	2	27	5510	4622	1641	4481	0.3662	
PILOT-2014002745__D__sonnet4__rep0.json	PILOT-2014002745	D	0	27	5510	5036	1227	4481	0.2738	
PILOT-2014002745__D__sonnet4__rep1.json	PILOT-2014002745	D	1	27	5510	4977	1162	4481	0.2593	
PILOT-2014002745__D__sonnet4__rep2.json	PILOT-2014002745	D	2	27	5510	4918	1129	4481	0.252	
PILOT-2014002745__E__gpt4o-mini__rep0.json	PILOT-2014002745	E	0	3	5510	1609	3933	4481	0.8777	
PILOT-2014002745__E__gpt4o-mini__rep1.json	PILOT-2014002745	E	1	18	5510	4087	1586	4481	0.3539	
PILOT-2014002745__E__gpt4o-mini__rep2.json	PILOT-2014002745	E	2	17	5510	4027	1781	4481	0.3975	
PILOT-2014002745__E__gpt5.4__rep0.json	PILOT-2014002745	E	0	27	5510	4927	1091	4481	0.2435	
PILOT-2014002745__E__gpt5.4__rep1.json	PILOT-2014002745	E	1	27	5510	4927	1091	4481	0.2435	
PILOT-2014002745__E__gpt5.4__rep2.json	PILOT-2014002745	E	2	27	5510	4969	1106	4481	0.2468	
PILOT-2014002745__E__haiku4.5__rep0.json	PILOT-2014002745	E	0	27	5510	5577	1508	4481	0.3365	
PILOT-2014002745__E__haiku4.5__rep1.json	PILOT-2014002745	E	1	27	5510	4945	1272	4481	0.2839	
PILOT-2014002745__E__haiku4.5__rep2.json	PILOT-2014002745	E	2	27	5510	5094	1153	4481	0.2573	
PILOT-2014002745__E__sonnet4__rep0.json	PILOT-2014002745	E	0	27	5510	4977	1118	4481	0.2495	
PILOT-2014002745__E__sonnet4__rep1.json	PILOT-2014002745	E	1	27	5510	5007	1151	4481	0.2569	
PILOT-2014002745__E__sonnet4__rep2.json	PILOT-2014002745	E	2	27	5510	5007	1151	4481	0.2569	
PILOT-2014002745__F__gpt4o-mini__rep0.json	PILOT-2014002745	F	0	5	5510	1486	4026	4481	0.8985	
PILOT-2014002745__F__gpt4o-mini__rep1.json	PILOT-2014002745	F	1	3	5510	925	4585	4481	1.0232	
PILOT-2014002745__F__gpt4o-mini__rep2.json	PILOT-2014002745	F	2	3	5510	1204	4334	4481	0.9672	
PILOT-2014002745__F__gpt5.4__rep0.json	PILOT-2014002745	F	0	27	5510	4404	1644	4481	0.3669	
PILOT-2014002745__F__gpt5.4__rep1.json	PILOT-2014002745	F	1	27	5510	5548	1669	4481	0.3725	
PILOT-2014002745__F__gpt5.4__rep2.json	PILOT-2014002745	F	2	27	5510	4967	1226	4481	0.2736	
PILOT-2014002745__F__haiku4.5__rep0.json	PILOT-2014002745	F	0	27	5510	5348	1492	4481	0.333	
PILOT-2014002745__F__haiku4.5__rep1.json	PILOT-2014002745	F	1	27	5510	4778	1565	4481	0.3493	
PILOT-2014002745__F__haiku4.5__rep2.json	PILOT-2014002745	F	2	27	5510	4667	1558	4481	0.3477	
PILOT-2014002745__F__sonnet4__rep0.json	PILOT-2014002745	F	0	27	5510	5083	1253	4481	0.2796	
PILOT-2014002745__F__sonnet4__rep1.json	PILOT-2014002745	F	1	27	5510	5421	963	4481	0.2149	
PILOT-2014002745__F__sonnet4__rep2.json	PILOT-2014002745	F	2	27	5510	4928	1143	4481	0.2551	
PILOT-2014002745__G__gpt4o-mini__rep0.json	PILOT-2014002745	G	0	3	5510	965	4545	4481	1.0143	
PILOT-2014002745__G__gpt4o-mini__rep1.json	PILOT-2014002745	G	1	3	5510	926	4584	4481	1.023	
PILOT-2014002745__G__gpt4o-mini__rep2.json	PILOT-2014002745	G	2	3	5510	965	4576	4481	1.0212	
PILOT-2014002745__G__gpt5.4__rep0.json	PILOT-2014002745	G	0	27	5510	4271	1674	4481	0.3736	
PILOT-2014002745__G__gpt5.4__rep1.json	PILOT-2014002745	G	1	27	5510	4605	1655	4481	0.3693	
PILOT-2014002745__G__gpt5.4__rep2.json	PILOT-2014002745	G	2	27	5510	4815	1685	4481	0.376	
PILOT-2014002745__G__haiku4.5__rep0.json	PILOT-2014002745	G	0	27	5510	5012	1328	4481	0.2964	
PILOT-2014002745__G__haiku4.5__rep1.json	PILOT-2014002745	G	1	27	5510	4980	1275	4481	0.2845	
PILOT-2014002745__G__haiku4.5__rep2.json	PILOT-2014002745	G	2	27	5510	5026	1314	4481	0.2932	
PILOT-2014002745__G__sonnet4__rep0.json	PILOT-2014002745	G	0	27	5510	4970	1181	4481	0.2636	
PILOT-2014002745__G__sonnet4__rep1.json	PILOT-2014002745	G	1	27	5510	4873	1270	4481	0.2834	
PILOT-2014002745__G__sonnet4__rep2.json	PILOT-2014002745	G	2	27	5510	4834	1245	4481	0.2778	
PILOT-2014002745__baseline__gpt4o-mini__rep0.json	PILOT-2014002745	baseline	0	3	5510	962	4579	4481	1.0219	
PILOT-2014002745__baseline__gpt4o-mini__rep1.json	PILOT-2014002745	baseline	1	6	5510	1892	3716	4481	0.8293	
PILOT-2014002745__baseline__gpt4o-mini__rep2.json	PILOT-2014002745	baseline	2	3	5510	966	4575	4481	1.021	
PILOT-2014002745__baseline__gpt5.4__rep0.json	PILOT-2014002745	baseline	0	27	5510	4429	1635	4481	0.3649	
PILOT-2014002745__baseline__gpt5.4__rep1.json	PILOT-2014002745	baseline	1	27	5510	4420	1632	4481	0.3642	
PILOT-2014002745__baseline__gpt5.4__rep2.json	PILOT-2014002745	baseline	2	27	5510	4414	1643	4481	0.3667	
PILOT-2014002745__baseline__haiku4.5__rep0.json	PILOT-2014002745	baseline	0	27	5510	5187	1522	4481	0.3397	
PILOT-2014002745__baseline__haiku4.5__rep1.json	PILOT-2014002745	baseline	1	27	5510	5053	1436	4481	0.3205	
PILOT-2014002745__baseline__haiku4.5__rep2.json	PILOT-2014002745	baseline	2	27	5510	6268	2331	4481	0.5202	
PILOT-2014002745__baseline__sonnet4__rep0.json	PILOT-2014002745	baseline	0	27	5510	4921	1145	4481	0.2555	
PILOT-2014002745__baseline__sonnet4__rep1.json	PILOT-2014002745	baseline	1	27	5510	5355	1665	4481	0.3716	
PILOT-2014002745__baseline__sonnet4__rep2.json	PILOT-2014002745	baseline	2	27	5510	5280	1431	4481	0.3193	
PILOT-2014003236__A__gpt4o-mini__rep0.json	PILOT-2014003236	A	0	5	564	631	90	413	0.2179	
PILOT-2014003236__A__gpt4o-mini__rep1.json	PILOT-2014003236	A	1	5	564	605	63	413	0.1525	
PILOT-2014003236__A__gpt4o-mini__rep2.json	PILOT-2014003236	A	2	5	564	603	57	413	0.138	
PILOT-2014003236__A__gpt5.4__rep0.json	PILOT-2014003236	A	0	5	564	434	137	413	0.3317	
PILOT-2014003236__A__gpt5.4__rep1.json	PILOT-2014003236	A	1	5	564	656	136	413	0.3293	
PILOT-2014003236__A__gpt5.4__rep2.json	PILOT-2014003236	A	2	5	564	655	137	413	0.3317	
PILOT-2014003236__A__haiku4.5__rep0.json	PILOT-2014003236	A	0	5	564	792	342	413	0.8281	
PILOT-2014003236__A__haiku4.5__rep1.json	PILOT-2014003236	A	1	5	564	1133	627	413	1.5182	
PILOT-2014003236__A__haiku4.5__rep2.json	PILOT-2014003236	A	2	5	564	551	215	413	0.5206	
PILOT-2014003236__A__sonnet4__rep0.json	PILOT-2014003236	A	0	5	564	328	252	413	0.6102	
PILOT-2014003236__A__sonnet4__rep1.json	PILOT-2014003236	A	1	5	564	582	217	413	0.5254	
PILOT-2014003236__A__sonnet4__rep2.json	PILOT-2014003236	A	2	5	564	381	199	413	0.4818	
PILOT-2014003236__B__gpt4o-mini__rep0.json	PILOT-2014003236	B	0	5	564	588	105	413	0.2542	
PILOT-2014003236__B__gpt4o-mini__rep1.json	PILOT-2014003236	B	1	5	564	633	100	413	0.2421	
PILOT-2014003236__B__gpt4o-mini__rep2.json	PILOT-2014003236	B	2	5	564	859	299	413	0.724	
PILOT-2014003236__B__gpt5.4__rep0.json	PILOT-2014003236	B	0	5	564	437	140	413	0.339	
PILOT-2014003236__B__gpt5.4__rep1.json	PILOT-2014003236	B	1	5	564	437	140	413	0.339	
PILOT-2014003236__B__gpt5.4__rep2.json	PILOT-2014003236	B	2	5	564	437	140	413	0.339	
PILOT-2014003236__B__haiku4.5__rep0.json	PILOT-2014003236	B	0	5	564	921	419	413	1.0145	
PILOT-2014003236__B__haiku4.5__rep1.json	PILOT-2014003236	B	1	5	564	858	339	413	0.8208	
PILOT-2014003236__B__haiku4.5__rep2.json	PILOT-2014003236	B	2	5	564	619	220	413	0.5327	
PILOT-2014003236__B__sonnet4__rep0.json	PILOT-2014003236	B	0	5	564	504	143	413	0.3462	
PILOT-2014003236__B__sonnet4__rep1.json	PILOT-2014003236	B	1	5	564	504	142	413	0.3438	
PILOT-2014003236__B__sonnet4__rep2.json	PILOT-2014003236	B	2	5	564	484	143	413	0.3462	
PILOT-2014003236__C__gpt4o-mini__rep0.json	PILOT-2014003236	C	0	5	564	617	97	413	0.2349	
PILOT-2014003236__C__gpt4o-mini__rep1.json	PILOT-2014003236	C	1	5	564	605	63	413	0.1525	
PILOT-2014003236__C__gpt4o-mini__rep2.json	PILOT-2014003236	C	2	5	564	558	149	413	0.3608	
PILOT-2014003236__C__gpt5.4__rep0.json	PILOT-2014003236	C	0	5	564	651	145	413	0.3511	
PILOT-2014003236__C__gpt5.4__rep1.json	PILOT-2014003236	C	1	5	564	651	145	413	0.3511	
PILOT-2014003236__C__gpt5.4__rep2.json	PILOT-2014003236	C	2	5	564	656	137	413	0.3317	
PILOT-2014003236__C__haiku4.5__rep0.json	PILOT-2014003236	C	0	5	564	773	346	413	0.8378	
PILOT-2014003236__C__haiku4.5__rep1.json	PILOT-2014003236	C	1	5	564	1018	488	413	1.1816	
PILOT-2014003236__C__haiku4.5__rep2.json	PILOT-2014003236	C	2	5	564	734	301	413	0.7288	
PILOT-2014003236__C__sonnet4__rep0.json	PILOT-2014003236	C	0	5	564	487	136	413	0.3293	
PILOT-2014003236__C__sonnet4__rep1.json	PILOT-2014003236	C	1	5	564	488	137	413	0.3317	
PILOT-2014003236__C__sonnet4__rep2.json	PILOT-2014003236	C	2	5	564	488	137	413	0.3317	
PILOT-2014003236__D__gpt4o-mini__rep0.json	PILOT-2014003236	D	0	5	564	608	66	413	0.1598	
PILOT-2014003236__D__gpt4o-mini__rep1.json	PILOT-2014003236	D	1	5	564	662	107	413	0.2591	
PILOT-2014003236__D__gpt4o-mini__rep2.json	PILOT-2014003236	D	2	5	564	623	103	413	0.2494	
PILOT-2014003236__D__gpt5.4__rep0.json	PILOT-2014003236	D	0	5	564	651	145	413	0.3511	
PILOT-2014003236__D__gpt5.4__rep1.json	PILOT-2014003236	D	1	5	564	371	197	413	0.477	
PILOT-2014003236__D__gpt5.4__rep2.json	PILOT-2014003236	D	2	5	564	651	145	413	0.3511	
PILOT-2014003236__D__haiku4.5__rep0.json	PILOT-2014003236	D	0	5	564	583	254	413	0.615	
PILOT-2014003236__D__haiku4.5__rep1.json	PILOT-2014003236	D	1	5	564	858	462	413	1.1186	
PILOT-2014003236__D__haiku4.5__rep2.json	PILOT-2014003236	D	2	5	564	411	168	413	0.4068	
PILOT-2014003236__D__sonnet4__rep0.json	PILOT-2014003236	D	0	6	564	433	203	413	0.4915	
PILOT-2014003236__D__sonnet4__rep1.json	PILOT-2014003236	D	1	6	564	492	205	413	0.4964	
PILOT-2014003236__D__sonnet4__rep2.json	PILOT-2014003236	D	2	5	564	523	150	413	0.3632	
PILOT-2014003236__E__gpt4o-mini__rep0.json	PILOT-2014003236	E	0	5	564	627	85	413	0.2058	
PILOT-2014003236__E__gpt4o-mini__rep1.json	PILOT-2014003236	E	1	5	564	604	62	413	0.1501	
PILOT-2014003236__E__gpt4o-mini__rep2.json	PILOT-2014003236	E	2	5	564	605	63	413	0.1525	
PILOT-2014003236__E__gpt5.4__rep0.json	PILOT-2014003236	E	0	5	564	218	347	413	0.8402	
PILOT-2014003236__E__gpt5.4__rep1.json	PILOT-2014003236	E	1	5	564	651	145	413	0.3511	
PILOT-2014003236__E__gpt5.4__rep2.json	PILOT-2014003236	E	2	5	564	650	146	413	0.3535	
PILOT-2014003236__E__haiku4.5__rep0.json	PILOT-2014003236	E	0	5	564	938	545	413	1.3196	
PILOT-2014003236__E__haiku4.5__rep1.json	PILOT-2014003236	E	1	5	564	331	249	413	0.6029	
PILOT-2014003236__E__haiku4.5__rep2.json	PILOT-2014003236	E	2	5	564	743	183	413	0.4431	
PILOT-2014003236__E__sonnet4__rep0.json	PILOT-2014003236	E	0	5	564	400	183	413	0.4431	
PILOT-2014003236__E__sonnet4__rep1.json	PILOT-2014003236	E	1	6	564	526	218	413	0.5278	
PILOT-2014003236__E__sonnet4__rep2.json	PILOT-2014003236	E	2	5	564	399	184	413	0.4455	
PILOT-2014003236__F__gpt4o-mini__rep0.json	PILOT-2014003236	F	0	5	564	613	97	413	0.2349	
PILOT-2014003236__F__gpt4o-mini__rep1.json	PILOT-2014003236	F	1	5	564	613	97	413	0.2349	
PILOT-2014003236__F__gpt4o-mini__rep2.json	PILOT-2014003236	F	2	5	564	630	89	413	0.2155	
PILOT-2014003236__F__gpt5.4__rep0.json	PILOT-2014003236	F	0	5	564	651	145	413	0.3511	
PILOT-2014003236__F__gpt5.4__rep1.json	PILOT-2014003236	F	1	5	564	651	145	413	0.3511	
PILOT-2014003236__F__gpt5.4__rep2.json	PILOT-2014003236	F	2	5	564	651	145	413	0.3511	
PILOT-2014003236__F__haiku4.5__rep0.json	PILOT-2014003236	F	0	5	564	1194	650	413	1.5738	
PILOT-2014003236__F__haiku4.5__rep1.json	PILOT-2014003236	F	1	5	564	892	410	413	0.9927	
PILOT-2014003236__F__haiku4.5__rep2.json	PILOT-2014003236	F	2	5	564	1091	584	413	1.414	
PILOT-2014003236__F__sonnet4__rep0.json	PILOT-2014003236	F	0	5	564	523	150	413	0.3632	
PILOT-2014003236__F__sonnet4__rep1.json	PILOT-2014003236	F	1	5	564	512	139	413	0.3366	
PILOT-2014003236__F__sonnet4__rep2.json	PILOT-2014003236	F	2	5	564	512	139	413	0.3366	
PILOT-2014003236__G__gpt4o-mini__rep0.json	PILOT-2014003236	G	0	5	564	599	35	413	0.0847	
PILOT-2014003236__G__gpt4o-mini__rep1.json	PILOT-2014003236	G	1	5	564	605	85	413	0.2058	
PILOT-2014003236__G__gpt4o-mini__rep2.json	PILOT-2014003236	G	2	5	564	599	35	413	0.0847	
PILOT-2014003236__G__gpt5.4__rep0.json	PILOT-2014003236	G	0	5	564	393	243	413	0.5884	
PILOT-2014003236__G__gpt5.4__rep1.json	PILOT-2014003236	G	1	5	564	401	240	413	0.5811	
PILOT-2014003236__G__gpt5.4__rep2.json	PILOT-2014003236	G	2	5	564	487	84	413	0.2034	
PILOT-2014003236__G__haiku4.5__rep0.json	PILOT-2014003236	G	0	5	564	918	488	413	1.1816	
PILOT-2014003236__G__haiku4.5__rep1.json	PILOT-2014003236	G	1	5	564	1126	580	413	1.4044	
PILOT-2014003236__G__haiku4.5__rep2.json	PILOT-2014003236	G	2	5	564	1072	529	413	1.2809	
PILOT-2014003236__G__sonnet4__rep0.json	PILOT-2014003236	G	0	5	564	513	155	413	0.3753	
PILOT-2014003236__G__sonnet4__rep1.json	PILOT-2014003236	G	1	5	564	493	135	413	0.3269	
PILOT-2014003236__G__sonnet4__rep2.json	PILOT-2014003236	G	2	5	564	524	160	413	0.3874	
PILOT-2014003236__baseline__gpt4o-mini__rep0.json	PILOT-2014003236	baseline	0	5	564	605	59	413	0.1429	
PILOT-2014003236__baseline__gpt4o-mini__rep1.json	PILOT-2014003236	baseline	1	5	564	597	51	413	0.1235	
PILOT-2014003236__baseline__gpt4o-mini__rep2.json	PILOT-2014003236	baseline	2	5	564	597	51	413	0.1235	
PILOT-2014003236__baseline__gpt5.4__rep0.json	PILOT-2014003236	baseline	0	5	564	300	265	413	0.6416	
PILOT-2014003236__baseline__gpt5.4__rep1.json	PILOT-2014003236	baseline	1	5	564	442	133	413	0.322	
PILOT-2014003236__baseline__gpt5.4__rep2.json	PILOT-2014003236	baseline	2	5	564	651	145	413	0.3511	
PILOT-2014003236__baseline__haiku4.5__rep0.json	PILOT-2014003236	baseline	0	5	564	508	275	413	0.6659	
PILOT-2014003236__baseline__haiku4.5__rep1.json	PILOT-2014003236	baseline	1	5	564	576	226	413	0.5472	
PILOT-2014003236__baseline__haiku4.5__rep2.json	PILOT-2014003236	baseline	2	5	564	1286	727	413	1.7603	
PILOT-2014003236__baseline__sonnet4__rep0.json	PILOT-2014003236	baseline	0	5	564	399	184	413	0.4455	
PILOT-2014003236__baseline__sonnet4__rep1.json	PILOT-2014003236	baseline	1	5	564	530	163	413	0.3947	
PILOT-2014003236__baseline__sonnet4__rep2.json	PILOT-2014003236	baseline	2	6	564	480	173	413	0.4189	
PILOT-2014003587__A__gpt4o-mini__rep0.json	PILOT-2014003587	A	0	13	4305	3434	1144	1705	0.671	
PILOT-2014003587__A__gpt4o-mini__rep1.json	PILOT-2014003587	A	1	14	4305	3500	964	1705	0.5654	
PILOT-2014003587__A__gpt4o-mini__rep2.json	PILOT-2014003587	A	2	16	4305	4070	593	1705	0.3478	
PILOT-2014003587__A__gpt5.4__rep0.json	PILOT-2014003587	A	0	20	4305	2887	1427	1705	0.837	
PILOT-2014003587__A__gpt5.4__rep1.json	PILOT-2014003587	A	1	20	4305	2887	1427	1705	0.837	
PILOT-2014003587__A__gpt5.4__rep2.json	PILOT-2014003587	A	2	20	4305	3454	1145	1705	0.6716	
PILOT-2014003587__A__haiku4.5__rep0.json	PILOT-2014003587	A	0	20	4305	5142	913	1705	0.5355	
PILOT-2014003587__A__haiku4.5__rep1.json	PILOT-2014003587	A	1	20	4305	4956	727	1705	0.4264	
PILOT-2014003587__A__haiku4.5__rep2.json	PILOT-2014003587	A	2	20	4305	5223	994	1705	0.583	
PILOT-2014003587__A__sonnet4__rep0.json	PILOT-2014003587	A	0	20	4305	4530	301	1705	0.1765	
PILOT-2014003587__A__sonnet4__rep1.json	PILOT-2014003587	A	1	20	4305	4743	514	1705	0.3015	
PILOT-2014003587__A__sonnet4__rep2.json	PILOT-2014003587	A	2	20	4305	4503	274	1705	0.1607	
PILOT-2014003587__B__gpt4o-mini__rep0.json	PILOT-2014003587	B	0	16	4305	3978	643	1705	0.3771	
PILOT-2014003587__B__gpt4o-mini__rep1.json	PILOT-2014003587	B	1	14	4305	4223	1233	1705	0.7232	
PILOT-2014003587__B__gpt4o-mini__rep2.json	PILOT-2014003587	B	2	16	4305	4533	1029	1705	0.6035	
PILOT-2014003587__B__gpt5.4__rep0.json	PILOT-2014003587	B	0	20	4305	4904	1109	1705	0.6504	
PILOT-2014003587__B__gpt5.4__rep1.json	PILOT-2014003587	B	1	20	4305	3839	900	1705	0.5279	
PILOT-2014003587__B__gpt5.4__rep2.json	PILOT-2014003587	B	2	20	4305	4831	956	1705	0.5607	
PILOT-2014003587__B__haiku4.5__rep0.json	PILOT-2014003587	B	0	20	4305	6002	1925	1705	1.129	
PILOT-2014003587__B__haiku4.5__rep1.json	PILOT-2014003587	B	1	20	4305	6613	2408	1705	1.4123	
PILOT-2014003587__B__haiku4.5__rep2.json	PILOT-2014003587	B	2	20	4305	5456	1213	1705	0.7114	
PILOT-2014003587__B__sonnet4__rep0.json	PILOT-2014003587	B	0	20	4305	4655	418	1705	0.2452	
PILOT-2014003587__B__sonnet4__rep1.json	PILOT-2014003587	B	1	20	4305	4651	408	1705	0.2393	
PILOT-2014003587__B__sonnet4__rep2.json	PILOT-2014003587	B	2	20	4305	4566	323	1705	0.1894	
PILOT-2014003587__C__gpt4o-mini__rep0.json	PILOT-2014003587	C	0	16	4305	4110	738	1705	0.4328	
PILOT-2014003587__C__gpt4o-mini__rep1.json	PILOT-2014003587	C	1	11	4305	2636	1803	1705	1.0575	
PILOT-2014003587__C__gpt4o-mini__rep2.json	PILOT-2014003587	C	2	20	4305	4401	187	1705	0.1097	
PILOT-2014003587__C__gpt5.4__rep0.json	PILOT-2014003587	C	0	20	4305	4505	1029	1705	0.6035	
PILOT-2014003587__C__gpt5.4__rep1.json	PILOT-2014003587	C	1	20	4305	4476	1043	1705	0.6117	
PILOT-2014003587__C__gpt5.4__rep2.json	PILOT-2014003587	C	2	20	4305	3040	1281	1705	0.7513	
PILOT-2014003587__C__haiku4.5__rep0.json	PILOT-2014003587	C	0	20	4305	5364	1303	1705	0.7642	
PILOT-2014003587__C__haiku4.5__rep1.json	PILOT-2014003587	C	1	20	4305	6593	2372	1705	1.3912	
PILOT-2014003587__C__haiku4.5__rep2.json	PILOT-2014003587	C	2	20	4305	5409	1438	1705	0.8434	
PILOT-2014003587__C__sonnet4__rep0.json	PILOT-2014003587	C	0	20	4305	5393	1198	1705	0.7026	
PILOT-2014003587__C__sonnet4__rep1.json	PILOT-2014003587	C	1	20	4305	4640	403	1705	0.2364	
PILOT-2014003587__C__sonnet4__rep2.json	PILOT-2014003587	C	2	20	4305	5310	1111	1705	0.6516	
PILOT-2014003587__D__gpt4o-mini__rep0.json	PILOT-2014003587	D	0	20	4305	4427	198	1705	0.1161	
PILOT-2014003587__D__gpt4o-mini__rep1.json	PILOT-2014003587	D	1	14	4305	3500	1029	1705	0.6035	
PILOT-2014003587__D__gpt4o-mini__rep2.json	PILOT-2014003587	D	2	14	4305	3616	1095	1705	0.6422	
PILOT-2014003587__D__gpt5.4__rep0.json	PILOT-2014003587	D	0	20	4305	5380	1151	1705	0.6751	
PILOT-2014003587__D__gpt5.4__rep1.json	PILOT-2014003587	D	1	20	4305	3908	842	1705	0.4938	
PILOT-2014003587__D__gpt5.4__rep2.json	PILOT-2014003587	D	2	20	4305	3058	1255	1705	0.7361	
PILOT-2014003587__D__haiku4.5__rep0.json	PILOT-2014003587	D	0	20	4305	4865	622	1705	0.3648	
PILOT-2014003587__D__haiku4.5__rep1.json	PILOT-2014003587	D	1	20	4305	5160	1083	1705	0.6352	
PILOT-2014003587__D__haiku4.5__rep2.json	PILOT-2014003587	D	2	20	4305	5114	868	1705	0.5091	
PILOT-2014003587__D__sonnet4__rep0.json	PILOT-2014003587	D	0	20	4305	4806	560	1705	0.3284	
PILOT-2014003587__D__sonnet4__rep1.json	PILOT-2014003587	D	1	20	4305	5533	1424	1705	0.8352	
PILOT-2014003587__D__sonnet4__rep2.json	PILOT-2014003587	D	2	20	4305	5530	1272	1705	0.746	
PILOT-2014003587__E__gpt4o-mini__rep0.json	PILOT-2014003587	E	0	14	4305	3500	1029	1705	0.6035	
PILOT-2014003587__E__gpt4o-mini__rep1.json	PILOT-2014003587	E	1	13	4305	3439	1193	1705	0.6997	
PILOT-2014003587__E__gpt4o-mini__rep2.json	PILOT-2014003587	E	2	14	4305	3500	1029	1705	0.6035	
PILOT-2014003587__E__gpt5.4__rep0.json	PILOT-2014003587	E	0	20	4305	5263	1020	1705	0.5982	
PILOT-2014003587__E__gpt5.4__rep1.json	PILOT-2014003587	E	1	20	4305	2887	1427	1705	0.837	
PILOT-2014003587__E__gpt5.4__rep2.json	PILOT-2014003587	E	2	20	4305	5298	1055	1705	0.6188	
PILOT-2014003587__E__haiku4.5__rep0.json	PILOT-2014003587	E	0	20	4305	5682	1613	1705	0.946	
PILOT-2014003587__E__haiku4.5__rep1.json	PILOT-2014003587	E	1	20	4305	5075	839	1705	0.4921	
PILOT-2014003587__E__haiku4.5__rep2.json	PILOT-2014003587	E	2	20	4305	5402	1318	1705	0.773	
PILOT-2014003587__E__sonnet4__rep0.json	PILOT-2014003587	E	0	20	4305	5216	1005	1705	0.5894	
PILOT-2014003587__E__sonnet4__rep1.json	PILOT-2014003587	E	1	20	4305	5465	1256	1705	0.7367	
PILOT-2014003587__E__sonnet4__rep2.json	PILOT-2014003587	E	2	20	4305	5298	1078	1705	0.6323	
PILOT-2014003587__F__gpt4o-mini__rep0.json	PILOT-2014003587	F	0	11	4305	2533	1968	1705	1.1543	
PILOT-2014003587__F__gpt4o-mini__rep1.json	PILOT-2014003587	F	1	11	4305	2658	1870	1705	1.0968	
PILOT-2014003587__F__gpt4o-mini__rep2.json	PILOT-2014003587	F	2	11	4305	2541	1954	1705	1.146	
PILOT-2014003587__F__gpt5.4__rep0.json	PILOT-2014003587	F	0	20	4305	5311	1082	1705	0.6346	
PILOT-2014003587__F__gpt5.4__rep1.json	PILOT-2014003587	F	1	20	4305	5110	1255	1705	0.7361	
PILOT-2014003587__F__gpt5.4__rep2.json	PILOT-2014003587	F	2	20	4305	5312	1083	1705	0.6352	
PILOT-2014003587__F__haiku4.5__rep0.json	PILOT-2014003587	F	0	20	4305	5079	992	1705	0.5818	
PILOT-2014003587__F__haiku4.5__rep1.json	PILOT-2014003587	F	1	20	4305	6121	1900	1705	1.1144	
PILOT-2014003587__F__haiku4.5__rep2.json	PILOT-2014003587	F	2	20	4305	5181	956	1705	0.5607	
PILOT-2014003587__F__sonnet4__rep0.json	PILOT-2014003587	F	0	20	4305	4619	377	1705	0.2211	
PILOT-2014003587__F__sonnet4__rep1.json	PILOT-2014003587	F	1	20	4305	4809	566	1705	0.332	
PILOT-2014003587__F__sonnet4__rep2.json	PILOT-2014003587	F	2	20	4305	4637	379	1705	0.2223	
PILOT-2014003587__G__gpt4o-mini__rep0.json	PILOT-2014003587	G	0	0			None		None	no_gen
PILOT-2014003587__G__gpt4o-mini__rep1.json	PILOT-2014003587	G	1	0			None		None	no_gen
PILOT-2014003587__G__gpt4o-mini__rep2.json	PILOT-2014003587	G	2	0			None		None	no_gen
PILOT-2014003587__G__gpt5.4__rep0.json	PILOT-2014003587	G	0	20	4305	3697	1307	1705	0.7666	
PILOT-2014003587__G__gpt5.4__rep1.json	PILOT-2014003587	G	1	20	4305	4998	769	1705	0.451	
PILOT-2014003587__G__gpt5.4__rep2.json	PILOT-2014003587	G	2	20	4305	3925	470	1705	0.2757	
PILOT-2014003587__G__haiku4.5__rep0.json	PILOT-2014003587	G	0	20	4305	5462	1216	1705	0.7132	
PILOT-2014003587__G__haiku4.5__rep1.json	PILOT-2014003587	G	1	20	4305	5301	1060	1705	0.6217	
PILOT-2014003587__G__haiku4.5__rep2.json	PILOT-2014003587	G	2	20	4305	6061	1832	1705	1.0745	
PILOT-2014003587__G__sonnet4__rep0.json	PILOT-2014003587	G	0	20	4305	5044	819	1705	0.4804	
PILOT-2014003587__G__sonnet4__rep1.json	PILOT-2014003587	G	1	20	4305	5190	964	1705	0.5654	
PILOT-2014003587__G__sonnet4__rep2.json	PILOT-2014003587	G	2	20	4305	4942	717	1705	0.4205	
PILOT-2014003587__baseline__gpt4o-mini__rep0.json	PILOT-2014003587	baseline	0	16	4305	3978	643	1705	0.3771	
PILOT-2014003587__baseline__gpt4o-mini__rep1.json	PILOT-2014003587	baseline	1	17	4305	4752	871	1705	0.5109	
PILOT-2014003587__baseline__gpt4o-mini__rep2.json	PILOT-2014003587	baseline	2	14	4305	3481	1077	1705	0.6317	
PILOT-2014003587__baseline__gpt5.4__rep0.json	PILOT-2014003587	baseline	0	20	4305	3216	1149	1705	0.6739	
PILOT-2014003587__baseline__gpt5.4__rep1.json	PILOT-2014003587	baseline	1	20	4305	3374	1055	1705	0.6188	
PILOT-2014003587__baseline__gpt5.4__rep2.json	PILOT-2014003587	baseline	2	20	4305	5380	1151	1705	0.6751	
PILOT-2014003587__baseline__haiku4.5__rep0.json	PILOT-2014003587	baseline	0	20	4305	4973	752	1705	0.4411	
PILOT-2014003587__baseline__haiku4.5__rep1.json	PILOT-2014003587	baseline	1	20	4305	4990	769	1705	0.451	
PILOT-2014003587__baseline__haiku4.5__rep2.json	PILOT-2014003587	baseline	2	20	4305	5561	1492	1705	0.8751	
PILOT-2014003587__baseline__sonnet4__rep0.json	PILOT-2014003587	baseline	0	20	4305	4587	344	1705	0.2018	
PILOT-2014003587__baseline__sonnet4__rep1.json	PILOT-2014003587	baseline	1	20	4305	4587	344	1705	0.2018	
PILOT-2014003587__baseline__sonnet4__rep2.json	PILOT-2014003587	baseline	2	20	4305	4640	403	1705	0.2364	
PILOT-2014006550__A__gpt4o-mini__rep0.json	PILOT-2014006550	A	0	6	6560	3010	3715	1375	2.7018	
PILOT-2014006550__A__gpt4o-mini__rep1.json	PILOT-2014006550	A	1	13	6560	4715	1951	1375	1.4189	
PILOT-2014006550__A__gpt4o-mini__rep2.json	PILOT-2014006550	A	2	6	6560	2909	3769	1375	2.7411	
PILOT-2014006550__A__gpt5.4__rep0.json	PILOT-2014006550	A	0	20	6560	7226	964	1375	0.7011	
PILOT-2014006550__A__gpt5.4__rep1.json	PILOT-2014006550	A	1	20	6560	7062	797	1375	0.5796	
PILOT-2014006550__A__gpt5.4__rep2.json	PILOT-2014006550	A	2	20	6560	7081	857	1375	0.6233	
PILOT-2014006550__A__haiku4.5__rep0.json	PILOT-2014006550	A	0	20	6560	8063	2042	1375	1.4851	
PILOT-2014006550__A__haiku4.5__rep1.json	PILOT-2014006550	A	1	20	6560	7759	1485	1375	1.08	
PILOT-2014006550__A__haiku4.5__rep2.json	PILOT-2014006550	A	2	20	6560	7233	1394	1375	1.0138	
PILOT-2014006550__A__sonnet4__rep0.json	PILOT-2014006550	A	0	20	6560	6917	554	1375	0.4029	
PILOT-2014006550__A__sonnet4__rep1.json	PILOT-2014006550	A	1	20	6560	6861	498	1375	0.3622	
PILOT-2014006550__A__sonnet4__rep2.json	PILOT-2014006550	A	2	20	6560	6953	590	1375	0.4291	
PILOT-2014006550__B__gpt4o-mini__rep0.json	PILOT-2014006550	B	0	6	6560	3120	3518	1375	2.5585	
PILOT-2014006550__B__gpt4o-mini__rep1.json	PILOT-2014006550	B	1	9	6560	3476	3131	1375	2.2771	
PILOT-2014006550__B__gpt4o-mini__rep2.json	PILOT-2014006550	B	2	6	6560	3009	3586	1375	2.608	
PILOT-2014006550__B__gpt5.4__rep0.json	PILOT-2014006550	B	0	20	6560	7160	792	1375	0.576	
PILOT-2014006550__B__gpt5.4__rep1.json	PILOT-2014006550	B	1	20	6560	7051	702	1375	0.5105	
PILOT-2014006550__B__gpt5.4__rep2.json	PILOT-2014006550	B	2	20	6560	7056	701	1375	0.5098	
PILOT-2014006550__B__haiku4.5__rep0.json	PILOT-2014006550	B	0	20	6560	7493	1588	1375	1.1549	
PILOT-2014006550__B__haiku4.5__rep1.json	PILOT-2014006550	B	1	20	6560	7427	1904	1375	1.3847	
PILOT-2014006550__B__haiku4.5__rep2.json	PILOT-2014006550	B	2	20	6560	7835	1990	1375	1.4473	
PILOT-2014006550__B__sonnet4__rep0.json	PILOT-2014006550	B	0	20	6560	6838	474	1375	0.3447	
PILOT-2014006550__B__sonnet4__rep1.json	PILOT-2014006550	B	1	20	6560	6821	458	1375	0.3331	
PILOT-2014006550__B__sonnet4__rep2.json	PILOT-2014006550	B	2	20	6560	6837	469	1375	0.3411	
PILOT-2014006550__C__gpt4o-mini__rep0.json	PILOT-2014006550	C	0	8	6560	3237	3369	1375	2.4502	
PILOT-2014006550__C__gpt4o-mini__rep1.json	PILOT-2014006550	C	1	6	6560	3014	3684	1375	2.6793	
PILOT-2014006550__C__gpt4o-mini__rep2.json	PILOT-2014006550	C	2	8	6560	3229	3361	1375	2.4444	
PILOT-2014006550__C__gpt5.4__rep0.json	PILOT-2014006550	C	0	20	6560	7124	769	1375	0.5593	
PILOT-2014006550__C__gpt5.4__rep1.json	PILOT-2014006550	C	1	20	6560	7122	767	1375	0.5578	
PILOT-2014006550__C__gpt5.4__rep2.json	PILOT-2014006550	C	2	20	6560	7161	793	1375	0.5767	
PILOT-2014006550__C__haiku4.5__rep0.json	PILOT-2014006550	C	0	20	6560	7689	1607	1375	1.1687	
PILOT-2014006550__C__haiku4.5__rep1.json	PILOT-2014006550	C	1	20	6560	7785	1861	1375	1.3535	
PILOT-2014006550__C__haiku4.5__rep2.json	PILOT-2014006550	C	2	20	6560	7683	1761	1375	1.2807	
PILOT-2014006550__C__sonnet4__rep0.json	PILOT-2014006550	C	0	20	6560	6818	454	1375	0.3302	
PILOT-2014006550__C__sonnet4__rep1.json	PILOT-2014006550	C	1	20	6560	6818	454	1375	0.3302	
PILOT-2014006550__C__sonnet4__rep2.json	PILOT-2014006550	C	2	20	6560	7064	988	1375	0.7185	
PILOT-2014006550__D__gpt4o-mini__rep0.json	PILOT-2014006550	D	0	12	6560	4721	1906	1375	1.3862	
PILOT-2014006550__D__gpt4o-mini__rep1.json	PILOT-2014006550	D	1	6	6560	3290	3323	1375	2.4167	
PILOT-2014006550__D__gpt4o-mini__rep2.json	PILOT-2014006550	D	2	8	6560	3616	3185	1375	2.3164	
PILOT-2014006550__D__gpt5.4__rep0.json	PILOT-2014006550	D	0	20	6560	6882	514	1375	0.3738	
PILOT-2014006550__D__gpt5.4__rep1.json	PILOT-2014006550	D	1	20	6560	6882	514	1375	0.3738	
PILOT-2014006550__D__gpt5.4__rep2.json	PILOT-2014006550	D	2	20	6560	7161	793	1375	0.5767	
PILOT-2014006550__D__haiku4.5__rep0.json	PILOT-2014006550	D	0	20	6560	7686	1717	1375	1.2487	
PILOT-2014006550__D__haiku4.5__rep1.json	PILOT-2014006550	D	1	20	6560	8349	2285	1375	1.6618	
PILOT-2014006550__D__haiku4.5__rep2.json	PILOT-2014006550	D	2	20	6560	8377	1961	1375	1.4262	
PILOT-2014006550__D__sonnet4__rep0.json	PILOT-2014006550	D	0	20	6560	7233	869	1375	0.632	
PILOT-2014006550__D__sonnet4__rep1.json	PILOT-2014006550	D	1	20	6560	6818	454	1375	0.3302	
PILOT-2014006550__D__sonnet4__rep2.json	PILOT-2014006550	D	2	20	6560	6960	596	1375	0.4335	
PILOT-2014006550__E__gpt4o-mini__rep0.json	PILOT-2014006550	E	0	6	6560	3164	3529	1375	2.5665	
PILOT-2014006550__E__gpt4o-mini__rep1.json	PILOT-2014006550	E	1	7	6560	3455	3230	1375	2.3491	
PILOT-2014006550__E__gpt4o-mini__rep2.json	PILOT-2014006550	E	2	12	6560	4725	1898	1375	1.3804	
PILOT-2014006550__E__gpt5.4__rep0.json	PILOT-2014006550	E	0	20	6560	7051	702	1375	0.5105	
PILOT-2014006550__E__gpt5.4__rep1.json	PILOT-2014006550	E	1	20	6560	7160	792	1375	0.576	
PILOT-2014006550__E__gpt5.4__rep2.json	PILOT-2014006550	E	2	20	6560	6874	506	1375	0.368	
PILOT-2014006550__E__haiku4.5__rep0.json	PILOT-2014006550	E	0	20	6560	7183	1101	1375	0.8007	
PILOT-2014006550__E__haiku4.5__rep1.json	PILOT-2014006550	E	1	20	6560	7269	1002	1375	0.7287	
PILOT-2014006550__E__haiku4.5__rep2.json	PILOT-2014006550	E	2	20	6560	7391	1569	1375	1.1411	
PILOT-2014006550__E__sonnet4__rep0.json	PILOT-2014006550	E	0	20	6560	6843	478	1375	0.3476	
PILOT-2014006550__E__sonnet4__rep1.json	PILOT-2014006550	E	1	20	6560	6818	454	1375	0.3302	
PILOT-2014006550__E__sonnet4__rep2.json	PILOT-2014006550	E	2	20	6560	6818	454	1375	0.3302	
PILOT-2014006550__F__gpt4o-mini__rep0.json	PILOT-2014006550	F	0	0			None		None	no_gen
PILOT-2014006550__F__gpt4o-mini__rep1.json	PILOT-2014006550	F	1	0			None		None	no_gen
PILOT-2014006550__F__gpt4o-mini__rep2.json	PILOT-2014006550	F	2	0			None		None	no_gen
PILOT-2014006550__F__gpt5.4__rep0.json	PILOT-2014006550	F	0	20	6560	7123	768	1375	0.5585	
PILOT-2014006550__F__gpt5.4__rep1.json	PILOT-2014006550	F	1	20	6560	7442	1074	1375	0.7811	
PILOT-2014006550__F__gpt5.4__rep2.json	PILOT-2014006550	F	2	20	6560	7135	767	1375	0.5578	
PILOT-2014006550__F__haiku4.5__rep0.json	PILOT-2014006550	F	0	20	6560	7491	1325	1375	0.9636	
PILOT-2014006550__F__haiku4.5__rep1.json	PILOT-2014006550	F	1	20	6560	7157	1017	1375	0.7396	
PILOT-2014006550__F__haiku4.5__rep2.json	PILOT-2014006550	F	2	20	6560	7221	1259	1375	0.9156	
PILOT-2014006550__F__sonnet4__rep0.json	PILOT-2014006550	F	0	20	6560	7375	1010	1375	0.7345	
PILOT-2014006550__F__sonnet4__rep1.json	PILOT-2014006550	F	1	20	6560	7006	642	1375	0.4669	
PILOT-2014006550__F__sonnet4__rep2.json	PILOT-2014006550	F	2	20	6560	7348	984	1375	0.7156	
PILOT-2014006550__G__gpt4o-mini__rep0.json	PILOT-2014006550	G	0	13	6560	5312	1712	1375	1.2451	
PILOT-2014006550__G__gpt4o-mini__rep1.json	PILOT-2014006550	G	1	12	6560	4081	2496	1375	1.8153	
PILOT-2014006550__G__gpt4o-mini__rep2.json	PILOT-2014006550	G	2	5	6560	2693	3916	1375	2.848	
PILOT-2014006550__G__gpt5.4__rep0.json	PILOT-2014006550	G	0	20	6560	7182	814	1375	0.592	
PILOT-2014006550__G__gpt5.4__rep1.json	PILOT-2014006550	G	1	20	6560	6920	565	1375	0.4109	
PILOT-2014006550__G__gpt5.4__rep2.json	PILOT-2014006550	G	2	20	6560	7380	1012	1375	0.736	
PILOT-2014006550__G__haiku4.5__rep0.json	PILOT-2014006550	G	0	20	6560	6844	899	1375	0.6538	
PILOT-2014006550__G__haiku4.5__rep1.json	PILOT-2014006550	G	1	20	6560	7113	1187	1375	0.8633	
PILOT-2014006550__G__haiku4.5__rep2.json	PILOT-2014006550	G	2	20	6560	7499	1736	1375	1.2625	
PILOT-2014006550__G__sonnet4__rep0.json	PILOT-2014006550	G	0	20	6560	7001	637	1375	0.4633	
PILOT-2014006550__G__sonnet4__rep1.json	PILOT-2014006550	G	1	20	6560	7162	797	1375	0.5796	
PILOT-2014006550__G__sonnet4__rep2.json	PILOT-2014006550	G	2	20	6560	7010	646	1375	0.4698	
PILOT-2014006550__baseline__gpt4o-mini__rep0.json	PILOT-2014006550	baseline	0	8	6560	3669	3235	1375	2.3527	
PILOT-2014006550__baseline__gpt4o-mini__rep1.json	PILOT-2014006550	baseline	1	12	6560	4697	1926	1375	1.4007	
PILOT-2014006550__baseline__gpt4o-mini__rep2.json	PILOT-2014006550	baseline	2	8	6560	3228	3360	1375	2.4436	
PILOT-2014006550__baseline__gpt5.4__rep0.json	PILOT-2014006550	baseline	0	20	6560	7124	769	1375	0.5593	
PILOT-2014006550__baseline__gpt5.4__rep1.json	PILOT-2014006550	baseline	1	20	6560	7155	800	1375	0.5818	
PILOT-2014006550__baseline__gpt5.4__rep2.json	PILOT-2014006550	baseline	2	20	6560	7102	747	1375	0.5433	
PILOT-2014006550__baseline__haiku4.5__rep0.json	PILOT-2014006550	baseline	0	20	6560	7737	1785	1375	1.2982	
PILOT-2014006550__baseline__haiku4.5__rep1.json	PILOT-2014006550	baseline	1	20	6560	7810	2152	1375	1.5651	
PILOT-2014006550__baseline__haiku4.5__rep2.json	PILOT-2014006550	baseline	2	20	6560	7990	2082	1375	1.5142	
PILOT-2014006550__baseline__sonnet4__rep0.json	PILOT-2014006550	baseline	0	20	6560	6821	458	1375	0.3331	
PILOT-2014006550__baseline__sonnet4__rep1.json	PILOT-2014006550	baseline	1	20	6560	6826	463	1375	0.3367	
PILOT-2014006550__baseline__sonnet4__rep2.json	PILOT-2014006550	baseline	2	20	6560	8062	1624	1375	1.1811	
PILOT-2014007043__A__gpt4o-mini__rep0.json	PILOT-2014007043	A	0	4	4137	1691	2531	1469	1.7229	
PILOT-2014007043__A__gpt4o-mini__rep1.json	PILOT-2014007043	A	1	4	4137	1757	2507	1469	1.7066	
PILOT-2014007043__A__gpt4o-mini__rep2.json	PILOT-2014007043	A	2	4	4137	1801	2476	1469	1.6855	
PILOT-2014007043__A__gpt5.4__rep0.json	PILOT-2014007043	A	0	6	4137	1678	2571	1469	1.7502	
PILOT-2014007043__A__gpt5.4__rep1.json	PILOT-2014007043	A	1	20	4137	3792	611	1469	0.4159	
PILOT-2014007043__A__gpt5.4__rep2.json	PILOT-2014007043	A	2	6	4137	1894	2463	1469	1.6767	
PILOT-2014007043__A__haiku4.5__rep0.json	PILOT-2014007043	A	0	20	4137	3611	868	1469	0.5909	
PILOT-2014007043__A__haiku4.5__rep1.json	PILOT-2014007043	A	1	20	4137	3504	913	1469	0.6215	
PILOT-2014007043__A__haiku4.5__rep2.json	PILOT-2014007043	A	2	20	4137	3558	869	1469	0.5916	
PILOT-2014007043__A__sonnet4__rep0.json	PILOT-2014007043	A	0	20	4137	3221	962	1469	0.6549	
PILOT-2014007043__A__sonnet4__rep1.json	PILOT-2014007043	A	1	20	4137	3221	962	1469	0.6549	
PILOT-2014007043__A__sonnet4__rep2.json	PILOT-2014007043	A	2	20	4137	3221	962	1469	0.6549	
PILOT-2014007043__B__gpt4o-mini__rep0.json	PILOT-2014007043	B	0	4	4137	2117	2117	1469	1.4411	
PILOT-2014007043__B__gpt4o-mini__rep1.json	PILOT-2014007043	B	1	4	4137	2078	2152	1469	1.4649	
PILOT-2014007043__B__gpt4o-mini__rep2.json	PILOT-2014007043	B	2	4	4137	2086	2155	1469	1.467	
PILOT-2014007043__B__gpt5.4__rep0.json	PILOT-2014007043	B	0	6	4137	1751	2542	1469	1.7304	
PILOT-2014007043__B__gpt5.4__rep1.json	PILOT-2014007043	B	1	6	4137	2152	2143	1469	1.4588	
PILOT-2014007043__B__gpt5.4__rep2.json	PILOT-2014007043	B	2	6	4137	2049	2246	1469	1.5289	
PILOT-2014007043__B__haiku4.5__rep0.json	PILOT-2014007043	B	0	20	4137	3955	733	1469	0.499	
PILOT-2014007043__B__haiku4.5__rep1.json	PILOT-2014007043	B	1	20	4137	5334	1674	1469	1.1396	
PILOT-2014007043__B__haiku4.5__rep2.json	PILOT-2014007043	B	2	20	4137	4214	975	1469	0.6637	
PILOT-2014007043__B__sonnet4__rep0.json	PILOT-2014007043	B	0	20	4137	4180	171	1469	0.1164	
PILOT-2014007043__B__sonnet4__rep1.json	PILOT-2014007043	B	1	20	4137	3580	603	1469	0.4105	
PILOT-2014007043__B__sonnet4__rep2.json	PILOT-2014007043	B	2	20	4137	3610	574	1469	0.3907	
PILOT-2014007043__C__gpt4o-mini__rep0.json	PILOT-2014007043	C	0	4	4137	2034	2175	1469	1.4806	
PILOT-2014007043__C__gpt4o-mini__rep1.json	PILOT-2014007043	C	1	4	4137	1968	2240	1469	1.5248	
PILOT-2014007043__C__gpt4o-mini__rep2.json	PILOT-2014007043	C	2	4	4137	2085	2138	1469	1.4554	
PILOT-2014007043__C__gpt5.4__rep0.json	PILOT-2014007043	C	0	20	4137	4603	582	1469	0.3962	
PILOT-2014007043__C__gpt5.4__rep1.json	PILOT-2014007043	C	1	18	4137	3969	369	1469	0.2512	
PILOT-2014007043__C__gpt5.4__rep2.json	PILOT-2014007043	C	2	6	4137	2329	2047	1469	1.3935	
PILOT-2014007043__C__haiku4.5__rep0.json	PILOT-2014007043	C	0	20	4137	3714	571	1469	0.3887	
PILOT-2014007043__C__haiku4.5__rep1.json	PILOT-2014007043	C	1	20	4137	3714	571	1469	0.3887	
PILOT-2014007043__C__haiku4.5__rep2.json	PILOT-2014007043	C	2	20	4137	3712	590	1469	0.4016	
PILOT-2014007043__C__sonnet4__rep0.json	PILOT-2014007043	C	0	20	4137	3580	603	1469	0.4105	
PILOT-2014007043__C__sonnet4__rep1.json	PILOT-2014007043	C	1	20	4137	3870	383	1469	0.2607	
PILOT-2014007043__C__sonnet4__rep2.json	PILOT-2014007043	C	2	20	4137	3579	604	1469	0.4112	
PILOT-2014007043__D__gpt4o-mini__rep0.json	PILOT-2014007043	D	0	4	4137	2285	2032	1469	1.3833	
PILOT-2014007043__D__gpt4o-mini__rep1.json	PILOT-2014007043	D	1	4	4137	2069	2162	1469	1.4717	
PILOT-2014007043__D__gpt4o-mini__rep2.json	PILOT-2014007043	D	2	4	4137	2074	2155	1469	1.467	
PILOT-2014007043__D__gpt5.4__rep0.json	PILOT-2014007043	D	0	6	4137	2321	2049	1469	1.3948	
PILOT-2014007043__D__gpt5.4__rep1.json	PILOT-2014007043	D	1	6	4137	2019	2231	1469	1.5187	
PILOT-2014007043__D__gpt5.4__rep2.json	PILOT-2014007043	D	2	6	4137	2167	2081	1469	1.4166	
PILOT-2014007043__D__haiku4.5__rep0.json	PILOT-2014007043	D	0	20	4137	4071	358	1469	0.2437	
PILOT-2014007043__D__haiku4.5__rep1.json	PILOT-2014007043	D	1	20	4137	4448	1179	1469	0.8026	
PILOT-2014007043__D__haiku4.5__rep2.json	PILOT-2014007043	D	2	20	4137	3887	541	1469	0.3683	
PILOT-2014007043__D__sonnet4__rep0.json	PILOT-2014007043	D	0	6	4137	2161	2085	1469	1.4193	
PILOT-2014007043__D__sonnet4__rep1.json	PILOT-2014007043	D	1	6	4137	2371	2042	1469	1.3901	
PILOT-2014007043__D__sonnet4__rep2.json	PILOT-2014007043	D	2	20	4137	3604	627	1469	0.4268	
PILOT-2014007043__E__gpt4o-mini__rep0.json	PILOT-2014007043	E	0	4	4137	2092	2148	1469	1.4622	
PILOT-2014007043__E__gpt4o-mini__rep1.json	PILOT-2014007043	E	1	4	4137	2086	2149	1469	1.4629	
PILOT-2014007043__E__gpt4o-mini__rep2.json	PILOT-2014007043	E	2	4	4137	2087	2150	1469	1.4636	
PILOT-2014007043__E__gpt5.4__rep0.json	PILOT-2014007043	E	0	6	4137	2315	1986	1469	1.3519	
PILOT-2014007043__E__gpt5.4__rep1.json	PILOT-2014007043	E	1	6	4137	2240	1996	1469	1.3587	
PILOT-2014007043__E__gpt5.4__rep2.json	PILOT-2014007043	E	2	20	4137	4435	305	1469	0.2076	
PILOT-2014007043__E__haiku4.5__rep0.json	PILOT-2014007043	E	0	20	4137	4167	133	1469	0.0905	
PILOT-2014007043__E__haiku4.5__rep1.json	PILOT-2014007043	E	1	20	4137	4217	447	1469	0.3043	
PILOT-2014007043__E__haiku4.5__rep2.json	PILOT-2014007043	E	2	20	4137	4135	421	1469	0.2866	
PILOT-2014007043__E__sonnet4__rep0.json	PILOT-2014007043	E	0	6	4137	1579	2572	1469	1.7509	
PILOT-2014007043__E__sonnet4__rep1.json	PILOT-2014007043	E	1	6	4137	1587	2564	1469	1.7454	
PILOT-2014007043__E__sonnet4__rep2.json	PILOT-2014007043	E	2	6	4137	1579	2572	1469	1.7509	
PILOT-2014007043__F__gpt4o-mini__rep0.json	PILOT-2014007043	F	0	3	4137	1917	2221	1469	1.5119	
PILOT-2014007043__F__gpt4o-mini__rep1.json	PILOT-2014007043	F	1	4	4137	1978	2289	1469	1.5582	
PILOT-2014007043__F__gpt4o-mini__rep2.json	PILOT-2014007043	F	2	5	4137	2103	2165	1469	1.4738	
PILOT-2014007043__F__gpt5.4__rep0.json	PILOT-2014007043	F	0	6	4137	2272	1985	1469	1.3513	
PILOT-2014007043__F__gpt5.4__rep1.json	PILOT-2014007043	F	1	20	4137	4129	75	1469	0.0511	
PILOT-2014007043__F__gpt5.4__rep2.json	PILOT-2014007043	F	2	20	4137	4332	319	1469	0.2172	
PILOT-2014007043__F__haiku4.5__rep0.json	PILOT-2014007043	F	0	20	4137	1522	2654	1469	1.8067	
PILOT-2014007043__F__haiku4.5__rep1.json	PILOT-2014007043	F	1	20	4137	3627	738	1469	0.5024	
PILOT-2014007043__F__haiku4.5__rep2.json	PILOT-2014007043	F	2	20	4137	3752	554	1469	0.3771	
PILOT-2014007043__F__sonnet4__rep0.json	PILOT-2014007043	F	0	20	4137	4242	165	1469	0.1123	
PILOT-2014007043__F__sonnet4__rep1.json	PILOT-2014007043	F	1	20	4137	4188	115	1469	0.0783	
PILOT-2014007043__F__sonnet4__rep2.json	PILOT-2014007043	F	2	20	4137	4204	127	1469	0.0865	
PILOT-2014007043__G__gpt4o-mini__rep0.json	PILOT-2014007043	G	0	6	4137	2262	2083	1469	1.418	
PILOT-2014007043__G__gpt4o-mini__rep1.json	PILOT-2014007043	G	1	4	4137	2231	2106	1469	1.4336	
PILOT-2014007043__G__gpt4o-mini__rep2.json	PILOT-2014007043	G	2	4	4137	2136	2115	1469	1.4398	
PILOT-2014007043__G__gpt5.4__rep0.json	PILOT-2014007043	G	0	6	4137	2421	1946	1469	1.3247	
PILOT-2014007043__G__gpt5.4__rep1.json	PILOT-2014007043	G	1	6	4137	2404	1973	1469	1.3431	
PILOT-2014007043__G__gpt5.4__rep2.json	PILOT-2014007043	G	2	6	4137	2533	1941	1469	1.3213	
PILOT-2014007043__G__haiku4.5__rep0.json	PILOT-2014007043	G	0	20	4137	4209	412	1469	0.2805	
PILOT-2014007043__G__haiku4.5__rep1.json	PILOT-2014007043	G	1	20	4137	3761	571	1469	0.3887	
PILOT-2014007043__G__haiku4.5__rep2.json	PILOT-2014007043	G	2	20	4137	4135	162	1469	0.1103	
PILOT-2014007043__G__sonnet4__rep0.json	PILOT-2014007043	G	0	20	4137	3580	603	1469	0.4105	
PILOT-2014007043__G__sonnet4__rep1.json	PILOT-2014007043	G	1	20	4137	3580	603	1469	0.4105	
PILOT-2014007043__G__sonnet4__rep2.json	PILOT-2014007043	G	2	20	4137	3604	627	1469	0.4268	
PILOT-2014007043__baseline__gpt4o-mini__rep0.json	PILOT-2014007043	baseline	0	4	4137	1854	2352	1469	1.6011	
PILOT-2014007043__baseline__gpt4o-mini__rep1.json	PILOT-2014007043	baseline	1	5	4137	2047	2185	1469	1.4874	
PILOT-2014007043__baseline__gpt4o-mini__rep2.json	PILOT-2014007043	baseline	2	4	4137	1936	2260	1469	1.5385	
PILOT-2014007043__baseline__gpt5.4__rep0.json	PILOT-2014007043	baseline	0	6	4137	2416	2016	1469	1.3724	
PILOT-2014007043__baseline__gpt5.4__rep1.json	PILOT-2014007043	baseline	1	6	4137	2579	1950	1469	1.3274	
PILOT-2014007043__baseline__gpt5.4__rep2.json	PILOT-2014007043	baseline	2	20	4137	3962	332	1469	0.226	
PILOT-2014007043__baseline__haiku4.5__rep0.json	PILOT-2014007043	baseline	0	19	4137	3567	726	1469	0.4942	
PILOT-2014007043__baseline__haiku4.5__rep1.json	PILOT-2014007043	baseline	1	20	4137	4091	118	1469	0.0803	
PILOT-2014007043__baseline__haiku4.5__rep2.json	PILOT-2014007043	baseline	2	20	4137	4135	114	1469	0.0776	
PILOT-2014007043__baseline__sonnet4__rep0.json	PILOT-2014007043	baseline	0	20	4137	3634	597	1469	0.4064	
PILOT-2014007043__baseline__sonnet4__rep1.json	PILOT-2014007043	baseline	1	20	4137	3610	573	1469	0.3901	
PILOT-2014007043__baseline__sonnet4__rep2.json	PILOT-2014007043	baseline	2	20	4137	3634	597	1469	0.4064	
PILOT-2014008375__A__gpt4o-mini__rep0.json	PILOT-2014008375	A	0	3	3234	810	2426	1633	1.4856	
PILOT-2014008375__A__gpt4o-mini__rep1.json	PILOT-2014008375	A	1	10	3234	3148	88	1633	0.0539	
PILOT-2014008375__A__gpt4o-mini__rep2.json	PILOT-2014008375	A	2	3	3234	727	2507	1633	1.5352	
PILOT-2014008375__A__gpt5.4__rep0.json	PILOT-2014008375	A	0	10	3234	3322	258	1633	0.158	
PILOT-2014008375__A__gpt5.4__rep1.json	PILOT-2014008375	A	1	10	3234	3605	526	1633	0.3221	
PILOT-2014008375__A__gpt5.4__rep2.json	PILOT-2014008375	A	2	10	3234	3503	293	1633	0.1794	
PILOT-2014008375__A__haiku4.5__rep0.json	PILOT-2014008375	A	0	10	3234	2482	1188	1633	0.7275	
PILOT-2014008375__A__haiku4.5__rep1.json	PILOT-2014008375	A	1	10	3234	1907	1559	1633	0.9547	
PILOT-2014008375__A__haiku4.5__rep2.json	PILOT-2014008375	A	2	10	3234	3188	697	1633	0.4268	
PILOT-2014008375__A__sonnet4__rep0.json	PILOT-2014008375	A	0	10	3234	3193	62	1633	0.038	
PILOT-2014008375__A__sonnet4__rep1.json	PILOT-2014008375	A	1	5	3234	1946	1540	1633	0.943	
PILOT-2014008375__A__sonnet4__rep2.json	PILOT-2014008375	A	2	10	3234	3352	134	1633	0.0821	
PILOT-2014008375__B__gpt4o-mini__rep0.json	PILOT-2014008375	B	0	3	3234	868	2372	1633	1.4525	
PILOT-2014008375__B__gpt4o-mini__rep1.json	PILOT-2014008375	B	1	3	3234	945	2297	1633	1.4066	
PILOT-2014008375__B__gpt4o-mini__rep2.json	PILOT-2014008375	B	2	3	3234	868	2372	1633	1.4525	
PILOT-2014008375__B__gpt5.4__rep0.json	PILOT-2014008375	B	0	10	3234	3405	172	1633	0.1053	
PILOT-2014008375__B__gpt5.4__rep1.json	PILOT-2014008375	B	1	10	3234	3465	239	1633	0.1464	
PILOT-2014008375__B__gpt5.4__rep2.json	PILOT-2014008375	B	2	5	3234	2180	1542	1633	0.9443	
PILOT-2014008375__B__haiku4.5__rep0.json	PILOT-2014008375	B	0	10	3234	1960	1416	1633	0.8671	
PILOT-2014008375__B__haiku4.5__rep1.json	PILOT-2014008375	B	1	10	3234	1974	1512	1633	0.9259	
PILOT-2014008375__B__haiku4.5__rep2.json	PILOT-2014008375	B	2	10	3234	2060	1379	1633	0.8445	
PILOT-2014008375__B__sonnet4__rep0.json	PILOT-2014008375	B	0	10	3234	3575	349	1633	0.2137	
PILOT-2014008375__B__sonnet4__rep1.json	PILOT-2014008375	B	1	10	3234	3575	349	1633	0.2137	
PILOT-2014008375__B__sonnet4__rep2.json	PILOT-2014008375	B	2	10	3234	3611	385	1633	0.2358	
PILOT-2014008375__C__gpt4o-mini__rep0.json	PILOT-2014008375	C	0	4	3234	1609	1798	1633	1.101	
PILOT-2014008375__C__gpt4o-mini__rep1.json	PILOT-2014008375	C	1	4	3234	1829	1571	1633	0.962	
PILOT-2014008375__C__gpt4o-mini__rep2.json	PILOT-2014008375	C	2	4	3234	1982	1409	1633	0.8628	
PILOT-2014008375__C__gpt5.4__rep0.json	PILOT-2014008375	C	0	10	3234	3340	118	1633	0.0723	
PILOT-2014008375__C__gpt5.4__rep1.json	PILOT-2014008375	C	1	10	3234	3628	410	1633	0.2511	
PILOT-2014008375__C__gpt5.4__rep2.json	PILOT-2014008375	C	2	10	3234	3573	355	1633	0.2174	
PILOT-2014008375__C__haiku4.5__rep0.json	PILOT-2014008375	C	0	10	3234	1360	1920	1633	1.1758	
PILOT-2014008375__C__haiku4.5__rep1.json	PILOT-2014008375	C	1	10	3234	1707	1640	1633	1.0043	
PILOT-2014008375__C__haiku4.5__rep2.json	PILOT-2014008375	C	2	10	3234	1829	1498	1633	0.9173	
PILOT-2014008375__C__sonnet4__rep0.json	PILOT-2014008375	C	0	10	3234	2512	934	1633	0.572	
PILOT-2014008375__C__sonnet4__rep1.json	PILOT-2014008375	C	1	10	3234	3427	209	1633	0.128	
PILOT-2014008375__C__sonnet4__rep2.json	PILOT-2014008375	C	2	10	3234	2570	872	1633	0.534	
PILOT-2014008375__D__gpt4o-mini__rep0.json	PILOT-2014008375	D	0	4	3234	1839	1581	1633	0.9682	
PILOT-2014008375__D__gpt4o-mini__rep1.json	PILOT-2014008375	D	1	3	3234	957	2297	1633	1.4066	
PILOT-2014008375__D__gpt4o-mini__rep2.json	PILOT-2014008375	D	2	4	3234	1577	1789	1633	1.0955	
PILOT-2014008375__D__gpt5.4__rep0.json	PILOT-2014008375	D	0	5	3234	2258	1477	1633	0.9045	
PILOT-2014008375__D__gpt5.4__rep1.json	PILOT-2014008375	D	1	10	3234	3573	355	1633	0.2174	
PILOT-2014008375__D__gpt5.4__rep2.json	PILOT-2014008375	D	2	10	3234	3575	353	1633	0.2162	
PILOT-2014008375__D__haiku4.5__rep0.json	PILOT-2014008375	D	0	10	3234	1538	1756	1633	1.0753	
PILOT-2014008375__D__haiku4.5__rep1.json	PILOT-2014008375	D	1	10	3234	1626	1693	1633	1.0367	
PILOT-2014008375__D__haiku4.5__rep2.json	PILOT-2014008375	D	2	10	3234	1599	1745	1633	1.0686	
PILOT-2014008375__D__sonnet4__rep0.json	PILOT-2014008375	D	0	10	3234	3454	236	1633	0.1445	
PILOT-2014008375__D__sonnet4__rep1.json	PILOT-2014008375	D	1	10	3234	2585	889	1633	0.5444	
PILOT-2014008375__D__sonnet4__rep2.json	PILOT-2014008375	D	2	10	3234	3500	282	1633	0.1727	
PILOT-2014008375__E__gpt4o-mini__rep0.json	PILOT-2014008375	E	0	3	3234	981	2274	1633	1.3925	
PILOT-2014008375__E__gpt4o-mini__rep1.json	PILOT-2014008375	E	1	3	3234	947	2320	1633	1.4207	
PILOT-2014008375__E__gpt4o-mini__rep2.json	PILOT-2014008375	E	2	3	3234	940	2311	1633	1.4152	
PILOT-2014008375__E__gpt5.4__rep0.json	PILOT-2014008375	E	0	5	3234	1888	1470	1633	0.9002	
PILOT-2014008375__E__gpt5.4__rep1.json	PILOT-2014008375	E	1	5	3234	2063	1623	1633	0.9939	
PILOT-2014008375__E__gpt5.4__rep2.json	PILOT-2014008375	E	2	10	3234	3471	237	1633	0.1451	
PILOT-2014008375__E__haiku4.5__rep0.json	PILOT-2014008375	E	0	10	3234	1814	1498	1633	0.9173	
PILOT-2014008375__E__haiku4.5__rep1.json	PILOT-2014008375	E	1	10	3234	1620	1676	1633	1.0263	
PILOT-2014008375__E__haiku4.5__rep2.json	PILOT-2014008375	E	2	10	3234	1587	1709	1633	1.0465	
PILOT-2014008375__E__sonnet4__rep0.json	PILOT-2014008375	E	0	5	3234	1998	1584	1633	0.97	
PILOT-2014008375__E__sonnet4__rep1.json	PILOT-2014008375	E	1	10	3234	3408	174	1633	0.1066	
PILOT-2014008375__E__sonnet4__rep2.json	PILOT-2014008375	E	2	5	3234	1998	1584	1633	0.97	
PILOT-2014008375__F__gpt4o-mini__rep0.json	PILOT-2014008375	F	0	4	3234	1853	1590	1633	0.9737	
PILOT-2014008375__F__gpt4o-mini__rep1.json	PILOT-2014008375	F	1	3	3234	976	2281	1633	1.3968	
PILOT-2014008375__F__gpt4o-mini__rep2.json	PILOT-2014008375	F	2	4	3234	1915	1631	1633	0.9988	
PILOT-2014008375__F__gpt5.4__rep0.json	PILOT-2014008375	F	0	10	3234	3223	31	1633	0.019	
PILOT-2014008375__F__gpt5.4__rep1.json	PILOT-2014008375	F	1	5	3234	2129	1411	1633	0.8641	
PILOT-2014008375__F__gpt5.4__rep2.json	PILOT-2014008375	F	2	10	3234	3559	341	1633	0.2088	
PILOT-2014008375__F__haiku4.5__rep0.json	PILOT-2014008375	F	0	10	3234	3033	717	1633	0.4391	
PILOT-2014008375__F__haiku4.5__rep1.json	PILOT-2014008375	F	1	10	3234	1800	1623	1633	0.9939	
PILOT-2014008375__F__haiku4.5__rep2.json	PILOT-2014008375	F	2	10	3234	1661	1679	1633	1.0282	
PILOT-2014008375__F__sonnet4__rep0.json	PILOT-2014008375	F	0	10	3234	3306	88	1633	0.0539	
PILOT-2014008375__F__sonnet4__rep1.json	PILOT-2014008375	F	1	10	3234	2572	874	1633	0.5352	
PILOT-2014008375__F__sonnet4__rep2.json	PILOT-2014008375	F	2	10	3234	3399	181	1633	0.1108	
PILOT-2014008375__G__gpt4o-mini__rep0.json	PILOT-2014008375	G	0	4	3234	1623	1795	1633	1.0992	
PILOT-2014008375__G__gpt4o-mini__rep1.json	PILOT-2014008375	G	1	4	3234	1945	1480	1633	0.9063	
PILOT-2014008375__G__gpt4o-mini__rep2.json	PILOT-2014008375	G	2	4	3234	1607	1795	1633	1.0992	
PILOT-2014008375__G__gpt5.4__rep0.json	PILOT-2014008375	G	0	5	3234	1831	1425	1633	0.8726	
PILOT-2014008375__G__gpt5.4__rep1.json	PILOT-2014008375	G	1	5	3234	1831	1425	1633	0.8726	
PILOT-2014008375__G__gpt5.4__rep2.json	PILOT-2014008375	G	2	5	3234	1831	1425	1633	0.8726	
PILOT-2014008375__G__haiku4.5__rep0.json	PILOT-2014008375	G	0	10	3234	1949	1684	1633	1.0312	
PILOT-2014008375__G__haiku4.5__rep1.json	PILOT-2014008375	G	1	10	3234	2976	303	1633	0.1855	
PILOT-2014008375__G__haiku4.5__rep2.json	PILOT-2014008375	G	2	10	3234	1700	1747	1633	1.0698	
PILOT-2014008375__G__sonnet4__rep0.json	PILOT-2014008375	G	0	10	3234	3347	126	1633	0.0772	
PILOT-2014008375__G__sonnet4__rep1.json	PILOT-2014008375	G	1	10	3234	2448	956	1633	0.5854	
PILOT-2014008375__G__sonnet4__rep2.json	PILOT-2014008375	G	2	10	3234	3230	189	1633	0.1157	
PILOT-2014008375__baseline__gpt4o-mini__rep0.json	PILOT-2014008375	baseline	0	3	3234	953	2301	1633	1.4091	
PILOT-2014008375__baseline__gpt4o-mini__rep1.json	PILOT-2014008375	baseline	1	4	3234	1822	1570	1633	0.9614	
PILOT-2014008375__baseline__gpt4o-mini__rep2.json	PILOT-2014008375	baseline	2	4	3234	1829	1571	1633	0.962	
PILOT-2014008375__baseline__gpt5.4__rep0.json	PILOT-2014008375	baseline	0	10	3234	3540	322	1633	0.1972	
PILOT-2014008375__baseline__gpt5.4__rep1.json	PILOT-2014008375	baseline	1	10	3234	3526	308	1633	0.1886	
PILOT-2014008375__baseline__gpt5.4__rep2.json	PILOT-2014008375	baseline	2	10	3234	3582	372	1633	0.2278	
PILOT-2014008375__baseline__haiku4.5__rep0.json	PILOT-2014008375	baseline	0	10	3234	1808	1505	1633	0.9216	
PILOT-2014008375__baseline__haiku4.5__rep1.json	PILOT-2014008375	baseline	1	10	3234	1360	1920	1633	1.1758	
PILOT-2014008375__baseline__haiku4.5__rep2.json	PILOT-2014008375	baseline	2	10	3234	1360	1920	1633	1.1758	
PILOT-2014008375__baseline__sonnet4__rep0.json	PILOT-2014008375	baseline	0	10	3234	3427	209	1633	0.128	
PILOT-2014008375__baseline__sonnet4__rep1.json	PILOT-2014008375	baseline	1	10	3234	3427	209	1633	0.128	
PILOT-2014008375__baseline__sonnet4__rep2.json	PILOT-2014008375	baseline	2	10	3234	3430	212	1633	0.1298	
PILOT-2014009096__A__gpt4o-mini__rep0.json	PILOT-2014009096	A	0	4	5103	3014	2520	3397	0.7418	
PILOT-2014009096__A__gpt4o-mini__rep1.json	PILOT-2014009096	A	1	4	5103	3014	2520	3397	0.7418	
PILOT-2014009096__A__gpt4o-mini__rep2.json	PILOT-2014009096	A	2	4	5103	3014	2520	3397	0.7418	
PILOT-2014009096__A__gpt5.4__rep0.json	PILOT-2014009096	A	0	9	5103	5229	417	3397	0.1228	
PILOT-2014009096__A__gpt5.4__rep1.json	PILOT-2014009096	A	1	4	5103	3071	2554	3397	0.7518	
PILOT-2014009096__A__gpt5.4__rep2.json	PILOT-2014009096	A	2	4	5103	3071	2554	3397	0.7518	
PILOT-2014009096__A__haiku4.5__rep0.json	PILOT-2014009096	A	0	5	5103	2964	2399	3397	0.7062	
PILOT-2014009096__A__haiku4.5__rep1.json	PILOT-2014009096	A	1	5	5103	2922	2377	3397	0.6997	
PILOT-2014009096__A__haiku4.5__rep2.json	PILOT-2014009096	A	2	5	5103	2992	2309	3397	0.6797	
PILOT-2014009096__A__sonnet4__rep0.json	PILOT-2014009096	A	0	5	5103	4109	2931	3397	0.8628	
PILOT-2014009096__A__sonnet4__rep1.json	PILOT-2014009096	A	1	5	5103	4113	2934	3397	0.8637	
PILOT-2014009096__A__sonnet4__rep2.json	PILOT-2014009096	A	2	5	5103	4326	3079	3397	0.9064	
PILOT-2014009096__B__gpt4o-mini__rep0.json	PILOT-2014009096	B	0	4	5103	3014	2520	3397	0.7418	
PILOT-2014009096__B__gpt4o-mini__rep1.json	PILOT-2014009096	B	1	4	5103	3014	2520	3397	0.7418	
PILOT-2014009096__B__gpt4o-mini__rep2.json	PILOT-2014009096	B	2	4	5103	3014	2520	3397	0.7418	
PILOT-2014009096__B__gpt5.4__rep0.json	PILOT-2014009096	B	0	4	5103	2818	2331	3397	0.6862	
PILOT-2014009096__B__gpt5.4__rep1.json	PILOT-2014009096	B	1	4	5103	3171	2606	3397	0.7671	
PILOT-2014009096__B__gpt5.4__rep2.json	PILOT-2014009096	B	2	4	5103	2954	2390	3397	0.7036	
PILOT-2014009096__B__haiku4.5__rep0.json	PILOT-2014009096	B	0	10	5103	2914	2486	3397	0.7318	
PILOT-2014009096__B__haiku4.5__rep1.json	PILOT-2014009096	B	1	5	5103	3040	2686	3397	0.7907	
PILOT-2014009096__B__haiku4.5__rep2.json	PILOT-2014009096	B	2	10	5103	2889	2461	3397	0.7245	
PILOT-2014009096__B__sonnet4__rep0.json	PILOT-2014009096	B	0	4	5103	2839	2301	3397	0.6774	
PILOT-2014009096__B__sonnet4__rep1.json	PILOT-2014009096	B	1	9	5103	5069	279	3397	0.0821	
PILOT-2014009096__B__sonnet4__rep2.json	PILOT-2014009096	B	2	9	5103	4997	207	3397	0.0609	
PILOT-2014009096__C__gpt4o-mini__rep0.json	PILOT-2014009096	C	0	4	5103	3014	2520	3397	0.7418	
PILOT-2014009096__C__gpt4o-mini__rep1.json	PILOT-2014009096	C	1	4	5103	3014	2520	3397	0.7418	
PILOT-2014009096__C__gpt4o-mini__rep2.json	PILOT-2014009096	C	2	4	5103	3014	2520	3397	0.7418	
PILOT-2014009096__C__gpt5.4__rep0.json	PILOT-2014009096	C	0	4	5103	3071	2554	3397	0.7518	
PILOT-2014009096__C__gpt5.4__rep1.json	PILOT-2014009096	C	1	4	5103	3054	2392	3397	0.7042	
PILOT-2014009096__C__gpt5.4__rep2.json	PILOT-2014009096	C	2	4	5103	3095	2533	3397	0.7457	
PILOT-2014009096__C__haiku4.5__rep0.json	PILOT-2014009096	C	0	10	5103	2921	2406	3397	0.7083	
PILOT-2014009096__C__haiku4.5__rep1.json	PILOT-2014009096	C	1	5	5103	3036	2493	3397	0.7339	
PILOT-2014009096__C__haiku4.5__rep2.json	PILOT-2014009096	C	2	10	5103	2989	2434	3397	0.7165	
PILOT-2014009096__C__sonnet4__rep0.json	PILOT-2014009096	C	0	5	5103	4380	3118	3397	0.9179	
PILOT-2014009096__C__sonnet4__rep1.json	PILOT-2014009096	C	1	5	5103	4488	3218	3397	0.9473	
PILOT-2014009096__C__sonnet4__rep2.json	PILOT-2014009096	C	2	5	5103	4260	3029	3397	0.8917	
PILOT-2014009096__D__gpt4o-mini__rep0.json	PILOT-2014009096	D	0	4	5103	3014	2520	3397	0.7418	
PILOT-2014009096__D__gpt4o-mini__rep1.json	PILOT-2014009096	D	1	4	5103	3014	2520	3397	0.7418	
PILOT-2014009096__D__gpt4o-mini__rep2.json	PILOT-2014009096	D	2	4	5103	3014	2520	3397	0.7418	
PILOT-2014009096__D__gpt5.4__rep0.json	PILOT-2014009096	D	0	4	5103	2958	2471	3397	0.7274	
PILOT-2014009096__D__gpt5.4__rep1.json	PILOT-2014009096	D	1	4	5103	2982	2450	3397	0.7212	
PILOT-2014009096__D__gpt5.4__rep2.json	PILOT-2014009096	D	2	4	5103	3071	2554	3397	0.7518	
PILOT-2014009096__D__haiku4.5__rep0.json	PILOT-2014009096	D	0	10	5103	3268	2567	3397	0.7557	
PILOT-2014009096__D__haiku4.5__rep1.json	PILOT-2014009096	D	1	10	5103	3195	2626	3397	0.773	
PILOT-2014009096__D__haiku4.5__rep2.json	PILOT-2014009096	D	2	10	5103	3219	2604	3397	0.7666	
PILOT-2014009096__D__sonnet4__rep0.json	PILOT-2014009096	D	0	4	5103	3293	2814	3397	0.8284	
PILOT-2014009096__D__sonnet4__rep1.json	PILOT-2014009096	D	1	5	5103	4414	3130	3397	0.9214	
PILOT-2014009096__D__sonnet4__rep2.json	PILOT-2014009096	D	2	5	5103	4266	3035	3397	0.8934	
PILOT-2014009096__E__gpt4o-mini__rep0.json	PILOT-2014009096	E	0	4	5103	3014	2520	3397	0.7418	
PILOT-2014009096__E__gpt4o-mini__rep1.json	PILOT-2014009096	E	1	4	5103	3014	2520	3397	0.7418	
PILOT-2014009096__E__gpt4o-mini__rep2.json	PILOT-2014009096	E	2	4	5103	3014	2520	3397	0.7418	
PILOT-2014009096__E__gpt5.4__rep0.json	PILOT-2014009096	E	0	4	5103	2958	2471	3397	0.7274	
PILOT-2014009096__E__gpt5.4__rep1.json	PILOT-2014009096	E	1	9	5103	5140	310	3397	0.0913	
PILOT-2014009096__E__gpt5.4__rep2.json	PILOT-2014009096	E	2	4	5103	3071	2554	3397	0.7518	
PILOT-2014009096__E__haiku4.5__rep0.json	PILOT-2014009096	E	0	5	5103	2993	2310	3397	0.68	
PILOT-2014009096__E__haiku4.5__rep1.json	PILOT-2014009096	E	1	5	5103	3017	2410	3397	0.7094	
PILOT-2014009096__E__haiku4.5__rep2.json	PILOT-2014009096	E	2	10	5103	3014	2489	3397	0.7327	
PILOT-2014009096__E__sonnet4__rep0.json	PILOT-2014009096	E	0	4	5103	2953	2419	3397	0.7121	
PILOT-2014009096__E__sonnet4__rep1.json	PILOT-2014009096	E	1	4	5103	2953	2419	3397	0.7121	
PILOT-2014009096__E__sonnet4__rep2.json	PILOT-2014009096	E	2	4	5103	2912	2418	3397	0.7118	
PILOT-2014009096__F__gpt4o-mini__rep0.json	PILOT-2014009096	F	0	4	5103	3013	2521	3397	0.7421	
PILOT-2014009096__F__gpt4o-mini__rep1.json	PILOT-2014009096	F	1	4	5103	3014	2520	3397	0.7418	
PILOT-2014009096__F__gpt4o-mini__rep2.json	PILOT-2014009096	F	2	4	5103	3014	2520	3397	0.7418	
PILOT-2014009096__F__gpt5.4__rep0.json	PILOT-2014009096	F	0	4	5103	2958	2471	3397	0.7274	
PILOT-2014009096__F__gpt5.4__rep1.json	PILOT-2014009096	F	1	4	5103	2966	2479	3397	0.7298	
PILOT-2014009096__F__gpt5.4__rep2.json	PILOT-2014009096	F	2	4	5103	2959	2469	3397	0.7268	
PILOT-2014009096__F__haiku4.5__rep0.json	PILOT-2014009096	F	0	10	5103	3027	2482	3397	0.7306	
PILOT-2014009096__F__haiku4.5__rep1.json	PILOT-2014009096	F	1	10	5103	3003	2469	3397	0.7268	
PILOT-2014009096__F__haiku4.5__rep2.json	PILOT-2014009096	F	2	10	5103	2931	2454	3397	0.7224	
PILOT-2014009096__F__sonnet4__rep0.json	PILOT-2014009096	F	0	4	5103	2952	2384	3397	0.7018	
PILOT-2014009096__F__sonnet4__rep1.json	PILOT-2014009096	F	1	4	5103	3041	2473	3397	0.728	
PILOT-2014009096__F__sonnet4__rep2.json	PILOT-2014009096	F	2	4	5103	2952	2384	3397	0.7018	
PILOT-2014009096__G__gpt4o-mini__rep0.json	PILOT-2014009096	G	0	4	5103	3014	2520	3397	0.7418	
PILOT-2014009096__G__gpt4o-mini__rep1.json	PILOT-2014009096	G	1	4	5103	3014	2520	3397	0.7418	
PILOT-2014009096__G__gpt4o-mini__rep2.json	PILOT-2014009096	G	2	4	5103	3014	2520	3397	0.7418	
PILOT-2014009096__G__gpt5.4__rep0.json	PILOT-2014009096	G	0	4	5103	3099	2582	3397	0.7601	
PILOT-2014009096__G__gpt5.4__rep1.json	PILOT-2014009096	G	1	4	5103	2958	2471	3397	0.7274	
PILOT-2014009096__G__gpt5.4__rep2.json	PILOT-2014009096	G	2	4	5103	2958	2471	3397	0.7274	
PILOT-2014009096__G__haiku4.5__rep0.json	PILOT-2014009096	G	0	10	5103	3189	2547	3397	0.7498	
PILOT-2014009096__G__haiku4.5__rep1.json	PILOT-2014009096	G	1	5	5103	3110	2428	3397	0.7147	
PILOT-2014009096__G__haiku4.5__rep2.json	PILOT-2014009096	G	2	5	5103	3113	2429	3397	0.715	
PILOT-2014009096__G__sonnet4__rep0.json	PILOT-2014009096	G	0	4	5103	2912	2418	3397	0.7118	
PILOT-2014009096__G__sonnet4__rep1.json	PILOT-2014009096	G	1	4	5103	2912	2418	3397	0.7118	
PILOT-2014009096__G__sonnet4__rep2.json	PILOT-2014009096	G	2	5	5103	4255	3015	3397	0.8875	
PILOT-2014009096__baseline__gpt4o-mini__rep0.json	PILOT-2014009096	baseline	0	4	5103	3014	2520	3397	0.7418	
PILOT-2014009096__baseline__gpt4o-mini__rep1.json	PILOT-2014009096	baseline	1	4	5103	3014	2520	3397	0.7418	
PILOT-2014009096__baseline__gpt4o-mini__rep2.json	PILOT-2014009096	baseline	2	4	5103	3014	2520	3397	0.7418	
PILOT-2014009096__baseline__gpt5.4__rep0.json	PILOT-2014009096	baseline	0	4	5103	2982	2450	3397	0.7212	
PILOT-2014009096__baseline__gpt5.4__rep1.json	PILOT-2014009096	baseline	1	4	5103	3071	2554	3397	0.7518	
PILOT-2014009096__baseline__gpt5.4__rep2.json	PILOT-2014009096	baseline	2	4	5103	3070	2551	3397	0.751	
PILOT-2014009096__baseline__haiku4.5__rep0.json	PILOT-2014009096	baseline	0	10	5103	2896	2388	3397	0.703	
PILOT-2014009096__baseline__haiku4.5__rep1.json	PILOT-2014009096	baseline	1	10	5103	3461	2662	3397	0.7836	
PILOT-2014009096__baseline__haiku4.5__rep2.json	PILOT-2014009096	baseline	2	10	5103	3063	2745	3397	0.8081	
PILOT-2014009096__baseline__sonnet4__rep0.json	PILOT-2014009096	baseline	0	5	5103	4429	3150	3397	0.9273	
PILOT-2014009096__baseline__sonnet4__rep1.json	PILOT-2014009096	baseline	1	5	5103	4254	3056	3397	0.8996	
PILOT-2014009096__baseline__sonnet4__rep2.json	PILOT-2014009096	baseline	2	5	5103	4249	3056	3397	0.8996	
PILOT-2014009182__A__gpt4o-mini__rep0.json	PILOT-2014009182	A	0	6	5648	2369	3321	778	4.2686	
PILOT-2014009182__A__gpt4o-mini__rep1.json	PILOT-2014009182	A	1	9	5648	3353	2512	778	3.2288	
PILOT-2014009182__A__gpt4o-mini__rep2.json	PILOT-2014009182	A	2	6	5648	2369	3321	778	4.2686	
PILOT-2014009182__A__gpt5.4__rep0.json	PILOT-2014009182	A	0	13	5648	4777	2578	778	3.3136	
PILOT-2014009182__A__gpt5.4__rep1.json	PILOT-2014009182	A	1	12	5648	3781	2569	778	3.3021	
PILOT-2014009182__A__gpt5.4__rep2.json	PILOT-2014009182	A	2	12	5648	3586	2656	778	3.4139	
PILOT-2014009182__A__haiku4.5__rep0.json	PILOT-2014009182	A	0	20	5648	6184	833	778	1.0707	
PILOT-2014009182__A__haiku4.5__rep1.json	PILOT-2014009182	A	1	20	5648	6134	761	778	0.9781	
PILOT-2014009182__A__haiku4.5__rep2.json	PILOT-2014009182	A	2	11	5648	3870	2213	778	2.8445	
PILOT-2014009182__A__sonnet4__rep0.json	PILOT-2014009182	A	0	20	5648	6318	1481	778	1.9036	
PILOT-2014009182__A__sonnet4__rep1.json	PILOT-2014009182	A	1	20	5648	5482	915	778	1.1761	
PILOT-2014009182__A__sonnet4__rep2.json	PILOT-2014009182	A	2	20	5648	6318	1481	778	1.9036	
PILOT-2014009182__B__gpt4o-mini__rep0.json	PILOT-2014009182	B	0	19	5648	5467	216	778	0.2776	
PILOT-2014009182__B__gpt4o-mini__rep1.json	PILOT-2014009182	B	1	19	5648	5467	216	778	0.2776	
PILOT-2014009182__B__gpt4o-mini__rep2.json	PILOT-2014009182	B	2	19	5648	5467	216	778	0.2776	
PILOT-2014009182__B__gpt5.4__rep0.json	PILOT-2014009182	B	0	20	5648	6549	1161	778	1.4923	
PILOT-2014009182__B__gpt5.4__rep1.json	PILOT-2014009182	B	1	20	5648	6157	769	778	0.9884	
PILOT-2014009182__B__gpt5.4__rep2.json	PILOT-2014009182	B	2	20	5648	6590	1202	778	1.545	
PILOT-2014009182__B__haiku4.5__rep0.json	PILOT-2014009182	B	0	20	5648	4548	1709	778	2.1967	
PILOT-2014009182__B__haiku4.5__rep1.json	PILOT-2014009182	B	1	20	5648	4602	1662	778	2.1362	
PILOT-2014009182__B__haiku4.5__rep2.json	PILOT-2014009182	B	2	20	5648	4767	1737	778	2.2326	
PILOT-2014009182__B__sonnet4__rep0.json	PILOT-2014009182	B	0	12	5648	4131	2268	778	2.9152	
PILOT-2014009182__B__sonnet4__rep1.json	PILOT-2014009182	B	1	12	5648	3899	2190	778	2.8149	
PILOT-2014009182__B__sonnet4__rep2.json	PILOT-2014009182	B	2	12	5648	3916	2209	778	2.8393	
PILOT-2014009182__C__gpt4o-mini__rep0.json	PILOT-2014009182	C	0	9	5648	3434	2488	778	3.1979	
PILOT-2014009182__C__gpt4o-mini__rep1.json	PILOT-2014009182	C	1	8	5648	3158	2719	778	3.4949	
PILOT-2014009182__C__gpt4o-mini__rep2.json	PILOT-2014009182	C	2	9	5648	3591	2474	778	3.1799	
PILOT-2014009182__C__gpt5.4__rep0.json	PILOT-2014009182	C	0	12	5648	4205	2312	778	2.9717	
PILOT-2014009182__C__gpt5.4__rep1.json	PILOT-2014009182	C	1	20	5648	6463	905	778	1.1632	
PILOT-2014009182__C__gpt5.4__rep2.json	PILOT-2014009182	C	2	12	5648	4139	2268	778	2.9152	
PILOT-2014009182__C__haiku4.5__rep0.json	PILOT-2014009182	C	0	20	5648	6661	1273	778	1.6362	
PILOT-2014009182__C__haiku4.5__rep1.json	PILOT-2014009182	C	1	20	5648	6616	1447	778	1.8599	
PILOT-2014009182__C__haiku4.5__rep2.json	PILOT-2014009182	C	2	12	5648	4816	2438	778	3.1337	
PILOT-2014009182__C__sonnet4__rep0.json	PILOT-2014009182	C	0	20	5648	5817	835	778	1.0733	
PILOT-2014009182__C__sonnet4__rep1.json	PILOT-2014009182	C	1	20	5648	6125	905	778	1.1632	
PILOT-2014009182__C__sonnet4__rep2.json	PILOT-2014009182	C	2	20	5648	6077	767	778	0.9859	
PILOT-2014009182__D__gpt4o-mini__rep0.json	PILOT-2014009182	D	0	9	5648	3522	2439	778	3.135	
PILOT-2014009182__D__gpt4o-mini__rep1.json	PILOT-2014009182	D	1	9	5648	3497	2462	778	3.1645	
PILOT-2014009182__D__gpt4o-mini__rep2.json	PILOT-2014009182	D	2	9	5648	3332	2479	778	3.1864	
PILOT-2014009182__D__gpt5.4__rep0.json	PILOT-2014009182	D	0	12	5648	4456	2323	778	2.9859	
PILOT-2014009182__D__gpt5.4__rep1.json	PILOT-2014009182	D	1	12	5648	4326	2469	778	3.1735	
PILOT-2014009182__D__gpt5.4__rep2.json	PILOT-2014009182	D	2	20	5648	5017	1278	778	1.6427	
PILOT-2014009182__D__haiku4.5__rep0.json	PILOT-2014009182	D	0	20	5648	6225	862	778	1.108	
PILOT-2014009182__D__haiku4.5__rep1.json	PILOT-2014009182	D	1	12	5648	4923	2479	778	3.1864	
PILOT-2014009182__D__haiku4.5__rep2.json	PILOT-2014009182	D	2	20	5648	4715	1744	778	2.2416	
PILOT-2014009182__D__sonnet4__rep0.json	PILOT-2014009182	D	0	20	5648	6926	1538	778	1.9769	
PILOT-2014009182__D__sonnet4__rep1.json	PILOT-2014009182	D	1	20	5648	6094	903	778	1.1607	
PILOT-2014009182__D__sonnet4__rep2.json	PILOT-2014009182	D	2	20	5648	6438	1050	778	1.3496	
PILOT-2014009182__E__gpt4o-mini__rep0.json	PILOT-2014009182	E	0	9	5648	3332	2479	778	3.1864	
PILOT-2014009182__E__gpt4o-mini__rep1.json	PILOT-2014009182	E	1	9	5648	3341	2567	778	3.2995	
PILOT-2014009182__E__gpt4o-mini__rep2.json	PILOT-2014009182	E	2	19	5648	5478	234	778	0.3008	
PILOT-2014009182__E__gpt5.4__rep0.json	PILOT-2014009182	E	0	12	5648	3690	2301	778	2.9576	
PILOT-2014009182__E__gpt5.4__rep1.json	PILOT-2014009182	E	1	12	5648	3940	2597	778	3.338	
PILOT-2014009182__E__gpt5.4__rep2.json	PILOT-2014009182	E	2	12	5648	3993	2236	778	2.874	
PILOT-2014009182__E__haiku4.5__rep0.json	PILOT-2014009182	E	0	12	5648	4832	2616	778	3.3625	
PILOT-2014009182__E__haiku4.5__rep1.json	PILOT-2014009182	E	1	20	5648	6732	1344	778	1.7275	
PILOT-2014009182__E__haiku4.5__rep2.json	PILOT-2014009182	E	2	20	5648	6578	1190	778	1.5296	
PILOT-2014009182__E__sonnet4__rep0.json	PILOT-2014009182	E	0	20	5648	6982	1594	778	2.0488	
PILOT-2014009182__E__sonnet4__rep1.json	PILOT-2014009182	E	1	20	5648	6982	1594	778	2.0488	
PILOT-2014009182__E__sonnet4__rep2.json	PILOT-2014009182	E	2	20	5648	5826	438	778	0.563	
PILOT-2014009182__F__gpt4o-mini__rep0.json	PILOT-2014009182	F	0	8	5648	3027	2654	778	3.4113	
PILOT-2014009182__F__gpt4o-mini__rep1.json	PILOT-2014009182	F	1	8	5648	3027	2654	778	3.4113	
PILOT-2014009182__F__gpt4o-mini__rep2.json	PILOT-2014009182	F	2	5	5648	2567	3114	778	4.0026	
PILOT-2014009182__F__gpt5.4__rep0.json	PILOT-2014009182	F	0	20	5648	5717	505	778	0.6491	
PILOT-2014009182__F__gpt5.4__rep1.json	PILOT-2014009182	F	1	12	5648	3760	2346	778	3.0154	
PILOT-2014009182__F__gpt5.4__rep2.json	PILOT-2014009182	F	2	20	5648	6315	927	778	1.1915	
PILOT-2014009182__F__haiku4.5__rep0.json	PILOT-2014009182	F	0	20	5648	6089	723	778	0.9293	
PILOT-2014009182__F__haiku4.5__rep1.json	PILOT-2014009182	F	1	20	5648	6754	1366	778	1.7558	
PILOT-2014009182__F__haiku4.5__rep2.json	PILOT-2014009182	F	2	20	5648	6014	626	778	0.8046	
PILOT-2014009182__F__sonnet4__rep0.json	PILOT-2014009182	F	0	12	5648	4321	2243	778	2.883	
PILOT-2014009182__F__sonnet4__rep1.json	PILOT-2014009182	F	1	20	5648	6001	613	778	0.7879	
PILOT-2014009182__F__sonnet4__rep2.json	PILOT-2014009182	F	2	20	5648	5826	438	778	0.563	
PILOT-2014009182__G__gpt4o-mini__rep0.json	PILOT-2014009182	G	0	9	5648	3320	2467	778	3.171	
PILOT-2014009182__G__gpt4o-mini__rep1.json	PILOT-2014009182	G	1	8	5648	3027	2654	778	3.4113	
PILOT-2014009182__G__gpt4o-mini__rep2.json	PILOT-2014009182	G	2	15	5648	4777	904	778	1.162	
PILOT-2014009182__G__gpt5.4__rep0.json	PILOT-2014009182	G	0	12	5648	4170	2241	778	2.8805	
PILOT-2014009182__G__gpt5.4__rep1.json	PILOT-2014009182	G	1	20	5648	6119	731	778	0.9396	
PILOT-2014009182__G__gpt5.4__rep2.json	PILOT-2014009182	G	2	12	5648	3725	2305	778	2.9627	
PILOT-2014009182__G__haiku4.5__rep0.json	PILOT-2014009182	G	0	20	5648	6762	1395	778	1.7931	
PILOT-2014009182__G__haiku4.5__rep1.json	PILOT-2014009182	G	1	20	5648	6186	798	778	1.0257	
PILOT-2014009182__G__haiku4.5__rep2.json	PILOT-2014009182	G	2	12	5648	4655	2281	778	2.9319	
PILOT-2014009182__G__sonnet4__rep0.json	PILOT-2014009182	G	0	20	5648	6420	1032	778	1.3265	
PILOT-2014009182__G__sonnet4__rep1.json	PILOT-2014009182	G	1	20	5648	6667	1279	778	1.644	
PILOT-2014009182__G__sonnet4__rep2.json	PILOT-2014009182	G	2	12	5648	4694	2409	778	3.0964	
PILOT-2014009182__baseline__gpt4o-mini__rep0.json	PILOT-2014009182	baseline	0	9	5648	3386	2467	778	3.171	
PILOT-2014009182__baseline__gpt4o-mini__rep1.json	PILOT-2014009182	baseline	1	8	5648	3092	2719	778	3.4949	
PILOT-2014009182__baseline__gpt4o-mini__rep2.json	PILOT-2014009182	baseline	2	19	5648	5473	237	778	0.3046	
PILOT-2014009182__baseline__gpt5.4__rep0.json	PILOT-2014009182	baseline	0	12	5648	4416	2279	778	2.9293	
PILOT-2014009182__baseline__gpt5.4__rep1.json	PILOT-2014009182	baseline	1	12	5648	3928	2669	778	3.4306	
PILOT-2014009182__baseline__gpt5.4__rep2.json	PILOT-2014009182	baseline	2	12	5648	4334	2239	778	2.8779	
PILOT-2014009182__baseline__haiku4.5__rep0.json	PILOT-2014009182	baseline	0	20	5648	6453	1065	778	1.3689	
PILOT-2014009182__baseline__haiku4.5__rep1.json	PILOT-2014009182	baseline	1	20	5648	5991	809	778	1.0398	
PILOT-2014009182__baseline__haiku4.5__rep2.json	PILOT-2014009182	baseline	2	20	5648	6731	1344	778	1.7275	
PILOT-2014009182__baseline__sonnet4__rep0.json	PILOT-2014009182	baseline	0	20	5648	5963	803	778	1.0321	
PILOT-2014009182__baseline__sonnet4__rep1.json	PILOT-2014009182	baseline	1	20	5648	6256	977	778	1.2558	
PILOT-2014009182__baseline__sonnet4__rep2.json	PILOT-2014009182	baseline	2	20	5648	6070	860	778	1.1054	
PILOT-2014009970__A__gpt4o-mini__rep0.json	PILOT-2014009970	A	0	3	2186	1404	811	1005	0.807	
PILOT-2014009970__A__gpt4o-mini__rep1.json	PILOT-2014009970	A	1	9	2186	2238	167	1005	0.1662	
PILOT-2014009970__A__gpt4o-mini__rep2.json	PILOT-2014009970	A	2	4	2186	1621	869	1005	0.8647	
PILOT-2014009970__A__gpt5.4__rep0.json	PILOT-2014009970	A	0	9	2186	1924	919	1005	0.9144	
PILOT-2014009970__A__gpt5.4__rep1.json	PILOT-2014009970	A	1	9	2186	2028	195	1005	0.194	
PILOT-2014009970__A__gpt5.4__rep2.json	PILOT-2014009970	A	2	9	2186	2662	610	1005	0.607	
PILOT-2014009970__A__haiku4.5__rep0.json	PILOT-2014009970	A	0	9	2186	2665	749	1005	0.7453	
PILOT-2014009970__A__haiku4.5__rep1.json	PILOT-2014009970	A	1	9	2186	2746	789	1005	0.7851	
PILOT-2014009970__A__haiku4.5__rep2.json	PILOT-2014009970	A	2	9	2186	2711	723	1005	0.7194	
PILOT-2014009970__A__sonnet4__rep0.json	PILOT-2014009970	A	0	9	2186	2129	58	1005	0.0577	
PILOT-2014009970__A__sonnet4__rep1.json	PILOT-2014009970	A	1	9	2186	2280	173	1005	0.1721	
PILOT-2014009970__A__sonnet4__rep2.json	PILOT-2014009970	A	2	9	2186	2280	173	1005	0.1721	
PILOT-2014009970__B__gpt4o-mini__rep0.json	PILOT-2014009970	B	0	9	2186	3053	935	1005	0.9303	
PILOT-2014009970__B__gpt4o-mini__rep1.json	PILOT-2014009970	B	1	9	2186	2681	563	1005	0.5602	
PILOT-2014009970__B__gpt4o-mini__rep2.json	PILOT-2014009970	B	2	8	2186	2505	553	1005	0.5502	
PILOT-2014009970__B__gpt5.4__rep0.json	PILOT-2014009970	B	0	9	2186	2040	179	1005	0.1781	
PILOT-2014009970__B__gpt5.4__rep1.json	PILOT-2014009970	B	1	9	2186	2659	588	1005	0.5851	
PILOT-2014009970__B__gpt5.4__rep2.json	PILOT-2014009970	B	2	9	2186	2199	664	1005	0.6607	
PILOT-2014009970__B__haiku4.5__rep0.json	PILOT-2014009970	B	0	9	2186	3284	1170	1005	1.1642	
PILOT-2014009970__B__haiku4.5__rep1.json	PILOT-2014009970	B	1	9	2186	3239	1125	1005	1.1194	
PILOT-2014009970__B__haiku4.5__rep2.json	PILOT-2014009970	B	2	9	2186	3226	1110	1005	1.1045	
PILOT-2014009970__B__sonnet4__rep0.json	PILOT-2014009970	B	0	9	2186	1723	954	1005	0.9493	
PILOT-2014009970__B__sonnet4__rep1.json	PILOT-2014009970	B	1	9	2186	2117	853	1005	0.8488	
PILOT-2014009970__B__sonnet4__rep2.json	PILOT-2014009970	B	2	9	2186	2117	853	1005	0.8488	
PILOT-2014009970__C__gpt4o-mini__rep0.json	PILOT-2014009970	C	0	9	2186	2532	460	1005	0.4577	
PILOT-2014009970__C__gpt4o-mini__rep1.json	PILOT-2014009970	C	1	9	2186	2291	220	1005	0.2189	
PILOT-2014009970__C__gpt4o-mini__rep2.json	PILOT-2014009970	C	2	9	2186	2886	790	1005	0.7861	
PILOT-2014009970__C__gpt5.4__rep0.json	PILOT-2014009970	C	0	9	2186	1950	909	1005	0.9045	
PILOT-2014009970__C__gpt5.4__rep1.json	PILOT-2014009970	C	1	9	2186	2526	455	1005	0.4527	
PILOT-2014009970__C__gpt5.4__rep2.json	PILOT-2014009970	C	2	9	2186	2904	833	1005	0.8289	
PILOT-2014009970__C__haiku4.5__rep0.json	PILOT-2014009970	C	0	9	2186	3005	887	1005	0.8826	
PILOT-2014009970__C__haiku4.5__rep1.json	PILOT-2014009970	C	1	9	2186	2902	784	1005	0.7801	
PILOT-2014009970__C__haiku4.5__rep2.json	PILOT-2014009970	C	2	9	2186	3079	957	1005	0.9522	
PILOT-2014009970__C__sonnet4__rep0.json	PILOT-2014009970	C	0	9	2186	2487	416	1005	0.4139	
PILOT-2014009970__C__sonnet4__rep1.json	PILOT-2014009970	C	1	9	2186	1948	788	1005	0.7841	
PILOT-2014009970__C__sonnet4__rep2.json	PILOT-2014009970	C	2	9	2186	2487	416	1005	0.4139	
PILOT-2014009970__D__gpt4o-mini__rep0.json	PILOT-2014009970	D	0	9	2186	2352	281	1005	0.2796	
PILOT-2014009970__D__gpt4o-mini__rep1.json	PILOT-2014009970	D	1	9	2186	2603	485	1005	0.4826	
PILOT-2014009970__D__gpt4o-mini__rep2.json	PILOT-2014009970	D	2	9	2186	2332	260	1005	0.2587	
PILOT-2014009970__D__gpt5.4__rep0.json	PILOT-2014009970	D	0	9	2186	2424	562	1005	0.5592	
PILOT-2014009970__D__gpt5.4__rep1.json	PILOT-2014009970	D	1	9	2186	2327	426	1005	0.4239	
PILOT-2014009970__D__gpt5.4__rep2.json	PILOT-2014009970	D	2	9	2186	2206	345	1005	0.3433	
PILOT-2014009970__D__haiku4.5__rep0.json	PILOT-2014009970	D	0	9	2186	2724	676	1005	0.6726	
PILOT-2014009970__D__haiku4.5__rep1.json	PILOT-2014009970	D	1	9	2186	3371	1253	1005	1.2468	
PILOT-2014009970__D__haiku4.5__rep2.json	PILOT-2014009970	D	2	9	2186	3185	1073	1005	1.0677	
PILOT-2014009970__D__sonnet4__rep0.json	PILOT-2014009970	D	0	9	2186	2512	441	1005	0.4388	
PILOT-2014009970__D__sonnet4__rep1.json	PILOT-2014009970	D	1	9	2186	2544	469	1005	0.4667	
PILOT-2014009970__D__sonnet4__rep2.json	PILOT-2014009970	D	2	9	2186	2510	439	1005	0.4368	
PILOT-2014009970__E__gpt4o-mini__rep0.json	PILOT-2014009970	E	0	9	2186	2556	484	1005	0.4816	
PILOT-2014009970__E__gpt4o-mini__rep1.json	PILOT-2014009970	E	1	9	2186	2485	367	1005	0.3652	
PILOT-2014009970__E__gpt4o-mini__rep2.json	PILOT-2014009970	E	2	9	2186	2610	492	1005	0.4896	
PILOT-2014009970__E__gpt5.4__rep0.json	PILOT-2014009970	E	0	9	2186	2040	179	1005	0.1781	
PILOT-2014009970__E__gpt5.4__rep1.json	PILOT-2014009970	E	1	9	2186	2885	810	1005	0.806	
PILOT-2014009970__E__gpt5.4__rep2.json	PILOT-2014009970	E	2	9	2186	3001	926	1005	0.9214	
PILOT-2014009970__E__haiku4.5__rep0.json	PILOT-2014009970	E	0	9	2186	3163	1041	1005	1.0358	
PILOT-2014009970__E__haiku4.5__rep1.json	PILOT-2014009970	E	1	9	2186	2769	698	1005	0.6945	
PILOT-2014009970__E__haiku4.5__rep2.json	PILOT-2014009970	E	2	9	2186	3310	1190	1005	1.1841	
PILOT-2014009970__E__sonnet4__rep0.json	PILOT-2014009970	E	0	9	2186	2318	349	1005	0.3473	
PILOT-2014009970__E__sonnet4__rep1.json	PILOT-2014009970	E	1	9	2186	2567	492	1005	0.4896	
PILOT-2014009970__E__sonnet4__rep2.json	PILOT-2014009970	E	2	9	2186	2576	460	1005	0.4577	
PILOT-2014009970__F__gpt4o-mini__rep0.json	PILOT-2014009970	F	0	9	2186	3018	900	1005	0.8955	
PILOT-2014009970__F__gpt4o-mini__rep1.json	PILOT-2014009970	F	1	9	2186	2154	88	1005	0.0876	
PILOT-2014009970__F__gpt4o-mini__rep2.json	PILOT-2014009970	F	2	9	2186	3143	1027	1005	1.0219	
PILOT-2014009970__F__gpt5.4__rep0.json	PILOT-2014009970	F	0	9	2186	3030	959	1005	0.9542	
PILOT-2014009970__F__gpt5.4__rep1.json	PILOT-2014009970	F	1	9	2186	2044	180	1005	0.1791	
PILOT-2014009970__F__gpt5.4__rep2.json	PILOT-2014009970	F	2	9	2186	2461	491	1005	0.4886	
PILOT-2014009970__F__haiku4.5__rep0.json	PILOT-2014009970	F	0	9	2186	3171	1053	1005	1.0478	
PILOT-2014009970__F__haiku4.5__rep1.json	PILOT-2014009970	F	1	9	2186	3019	900	1005	0.8955	
PILOT-2014009970__F__haiku4.5__rep2.json	PILOT-2014009970	F	2	9	2186	3257	1139	1005	1.1333	
PILOT-2014009970__F__sonnet4__rep0.json	PILOT-2014009970	F	0	9	2186	2708	637	1005	0.6338	
PILOT-2014009970__F__sonnet4__rep1.json	PILOT-2014009970	F	1	9	2186	2202	127	1005	0.1264	
PILOT-2014009970__F__sonnet4__rep2.json	PILOT-2014009970	F	2	9	2186	2490	419	1005	0.4169	
PILOT-2014009970__G__gpt4o-mini__rep0.json	PILOT-2014009970	G	0	3	2186	1349	1083	1005	1.0776	
PILOT-2014009970__G__gpt4o-mini__rep1.json	PILOT-2014009970	G	1	6	2186	2244	664	1005	0.6607	
PILOT-2014009970__G__gpt4o-mini__rep2.json	PILOT-2014009970	G	2	9	2186	2624	506	1005	0.5035	
PILOT-2014009970__G__gpt5.4__rep0.json	PILOT-2014009970	G	0	9	2186	2120	950	1005	0.9453	
PILOT-2014009970__G__gpt5.4__rep1.json	PILOT-2014009970	G	1	9	2186	2611	540	1005	0.5373	
PILOT-2014009970__G__gpt5.4__rep2.json	PILOT-2014009970	G	2	9	2186	2044	182	1005	0.1811	
PILOT-2014009970__G__haiku4.5__rep0.json	PILOT-2014009970	G	0	9	2186	3205	1084	1005	1.0786	
PILOT-2014009970__G__haiku4.5__rep1.json	PILOT-2014009970	G	1	9	2186	3159	1040	1005	1.0348	
PILOT-2014009970__G__haiku4.5__rep2.json	PILOT-2014009970	G	2	9	2186	3182	1075	1005	1.0697	
PILOT-2014009970__G__sonnet4__rep0.json	PILOT-2014009970	G	0	9	2186	2275	638	1005	0.6348	
PILOT-2014009970__G__sonnet4__rep1.json	PILOT-2014009970	G	1	9	2186	3231	1158	1005	1.1522	
PILOT-2014009970__G__sonnet4__rep2.json	PILOT-2014009970	G	2	9	2186	1727	950	1005	0.9453	
PILOT-2014009970__baseline__gpt4o-mini__rep0.json	PILOT-2014009970	baseline	0	9	2186	3244	1126	1005	1.1204	
PILOT-2014009970__baseline__gpt4o-mini__rep1.json	PILOT-2014009970	baseline	1	9	2186	3075	957	1005	0.9522	
PILOT-2014009970__baseline__gpt4o-mini__rep2.json	PILOT-2014009970	baseline	2	4	2186	1575	1032	1005	1.0269	
PILOT-2014009970__baseline__gpt5.4__rep0.json	PILOT-2014009970	baseline	0	9	2186	1994	226	1005	0.2249	
PILOT-2014009970__baseline__gpt5.4__rep1.json	PILOT-2014009970	baseline	1	9	2186	2527	456	1005	0.4537	
PILOT-2014009970__baseline__gpt5.4__rep2.json	PILOT-2014009970	baseline	2	9	2186	2176	315	1005	0.3134	
PILOT-2014009970__baseline__haiku4.5__rep0.json	PILOT-2014009970	baseline	0	9	2186	3050	940	1005	0.9353	
PILOT-2014009970__baseline__haiku4.5__rep1.json	PILOT-2014009970	baseline	1	9	2186	3442	1324	1005	1.3174	
PILOT-2014009970__baseline__haiku4.5__rep2.json	PILOT-2014009970	baseline	2	9	2186	3158	1040	1005	1.0348	
PILOT-2014009970__baseline__sonnet4__rep0.json	PILOT-2014009970	baseline	0	9	2186	2022	910	1005	0.9055	
PILOT-2014009970__baseline__sonnet4__rep1.json	PILOT-2014009970	baseline	1	9	2186	1723	954	1005	0.9493	
PILOT-2014009970__baseline__sonnet4__rep2.json	PILOT-2014009970	baseline	2	9	2186	2487	416	1005	0.4139	
PILOT-2015000199__A__gpt4o-mini__rep0.json	PILOT-2015000199	A	0	10	9694	2066	7656	3495	2.1906	
PILOT-2015000199__A__gpt4o-mini__rep1.json	PILOT-2015000199	A	1	10	9694	2104	7641	3495	2.1863	
PILOT-2015000199__A__gpt4o-mini__rep2.json	PILOT-2015000199	A	2	10	9694	2025	7675	3495	2.196	
PILOT-2015000199__A__gpt5.4__rep0.json	PILOT-2015000199	A	0	10	9694	2437	7513	3495	2.1496	
PILOT-2015000199__A__gpt5.4__rep1.json	PILOT-2015000199	A	1	10	9694	2449	7597	3495	2.1737	
PILOT-2015000199__A__gpt5.4__rep2.json	PILOT-2015000199	A	2	10	9694	2432	7566	3495	2.1648	
PILOT-2015000199__A__haiku4.5__rep0.json	PILOT-2015000199	A	0	10	9694	1948	7900	3495	2.2604	
PILOT-2015000199__A__haiku4.5__rep1.json	PILOT-2015000199	A	1	10	9694	1991	7902	3495	2.2609	
PILOT-2015000199__A__haiku4.5__rep2.json	PILOT-2015000199	A	2	10	9694	2407	7616	3495	2.1791	
PILOT-2015000199__A__sonnet4__rep0.json	PILOT-2015000199	A	0	10	9694	2409	7411	3495	2.1205	
PILOT-2015000199__A__sonnet4__rep1.json	PILOT-2015000199	A	1	10	9694	2417	7418	3495	2.1225	
PILOT-2015000199__A__sonnet4__rep2.json	PILOT-2015000199	A	2	10	9694	1873	7844	3495	2.2443	
PILOT-2015000199__B__gpt4o-mini__rep0.json	PILOT-2015000199	B	0	4	9694	1625	8111	3495	2.3207	
PILOT-2015000199__B__gpt4o-mini__rep1.json	PILOT-2015000199	B	1	10	9694	2673	7323	3495	2.0953	
PILOT-2015000199__B__gpt4o-mini__rep2.json	PILOT-2015000199	B	2	5	9694	1641	8058	3495	2.3056	
PILOT-2015000199__B__gpt5.4__rep0.json	PILOT-2015000199	B	0	10	9694	2344	7560	3495	2.1631	
PILOT-2015000199__B__gpt5.4__rep1.json	PILOT-2015000199	B	1	10	9694	2353	7540	3495	2.1574	
PILOT-2015000199__B__gpt5.4__rep2.json	PILOT-2015000199	B	2	10	9694	2370	7553	3495	2.1611	
PILOT-2015000199__B__haiku4.5__rep0.json	PILOT-2015000199	B	0	24	9694	2430	7532	3495	2.1551	
PILOT-2015000199__B__haiku4.5__rep1.json	PILOT-2015000199	B	1	24	9694	2424	7539	3495	2.1571	
PILOT-2015000199__B__haiku4.5__rep2.json	PILOT-2015000199	B	2	24	9694	9002	1253	3495	0.3585	
PILOT-2015000199__B__sonnet4__rep0.json	PILOT-2015000199	B	0	10	9694	1880	7875	3495	2.2532	
PILOT-2015000199__B__sonnet4__rep1.json	PILOT-2015000199	B	1	10	9694	1880	7874	3495	2.2529	
PILOT-2015000199__B__sonnet4__rep2.json	PILOT-2015000199	B	2	10	9694	1880	7875	3495	2.2532	
PILOT-2015000199__C__gpt4o-mini__rep0.json	PILOT-2015000199	C	0	10	9694	2328	7478	3495	2.1396	
PILOT-2015000199__C__gpt4o-mini__rep1.json	PILOT-2015000199	C	1	10	9694	2263	7446	3495	2.1305	
PILOT-2015000199__C__gpt4o-mini__rep2.json	PILOT-2015000199	C	2	4	9694	1603	8135	3495	2.3276	
PILOT-2015000199__C__gpt5.4__rep0.json	PILOT-2015000199	C	0	10	9694	2323	7574	3495	2.1671	
PILOT-2015000199__C__gpt5.4__rep1.json	PILOT-2015000199	C	1	24	9694	9311	1124	3495	0.3216	
PILOT-2015000199__C__gpt5.4__rep2.json	PILOT-2015000199	C	2	10	9694	2803	7332	3495	2.0979	
PILOT-2015000199__C__haiku4.5__rep0.json	PILOT-2015000199	C	0	10	9694	2542	7562	3495	2.1637	
PILOT-2015000199__C__haiku4.5__rep1.json	PILOT-2015000199	C	1	10	9694	2437	7571	3495	2.1662	
PILOT-2015000199__C__haiku4.5__rep2.json	PILOT-2015000199	C	2	10	9694	2550	7547	3495	2.1594	
PILOT-2015000199__C__sonnet4__rep0.json	PILOT-2015000199	C	0	10	9694	2332	7442	3495	2.1293	
PILOT-2015000199__C__sonnet4__rep1.json	PILOT-2015000199	C	1	10	9694	1898	7818	3495	2.2369	
PILOT-2015000199__C__sonnet4__rep2.json	PILOT-2015000199	C	2	10	9694	2331	7439	3495	2.1285	
PILOT-2015000199__D__gpt4o-mini__rep0.json	PILOT-2015000199	D	0	4	9694	1453	8262	3495	2.3639	
PILOT-2015000199__D__gpt4o-mini__rep1.json	PILOT-2015000199	D	1	4	9694	1558	8176	3495	2.3393	
PILOT-2015000199__D__gpt4o-mini__rep2.json	PILOT-2015000199	D	2	10	9694	2293	7465	3495	2.1359	
PILOT-2015000199__D__gpt5.4__rep0.json	PILOT-2015000199	D	0	10	9694	2411	7583	3495	2.1697	
PILOT-2015000199__D__gpt5.4__rep1.json	PILOT-2015000199	D	1	10	9694	2403	7582	3495	2.1694	
PILOT-2015000199__D__gpt5.4__rep2.json	PILOT-2015000199	D	2	10	9694	2249	7609	3495	2.1771	
PILOT-2015000199__D__haiku4.5__rep0.json	PILOT-2015000199	D	0	10	9694	2638	7474	3495	2.1385	
PILOT-2015000199__D__haiku4.5__rep1.json	PILOT-2015000199	D	1	10	9694	2626	7473	3495	2.1382	
PILOT-2015000199__D__haiku4.5__rep2.json	PILOT-2015000199	D	2	10	9694	2767	7365	3495	2.1073	
PILOT-2015000199__D__sonnet4__rep0.json	PILOT-2015000199	D	0	10	9694	2439	7580	3495	2.1688	
PILOT-2015000199__D__sonnet4__rep1.json	PILOT-2015000199	D	1	10	9694	1913	7808	3495	2.234	
PILOT-2015000199__D__sonnet4__rep2.json	PILOT-2015000199	D	2	10	9694	1877	7842	3495	2.2438	
PILOT-2015000199__E__gpt4o-mini__rep0.json	PILOT-2015000199	E	0	4	9694	1521	8200	3495	2.3462	
PILOT-2015000199__E__gpt4o-mini__rep1.json	PILOT-2015000199	E	1	4	9694	1497	8197	3495	2.3454	
PILOT-2015000199__E__gpt4o-mini__rep2.json	PILOT-2015000199	E	2	4	9694	1477	8238	3495	2.3571	
PILOT-2015000199__E__gpt5.4__rep0.json	PILOT-2015000199	E	0	10	9694	2557	7452	3495	2.1322	
PILOT-2015000199__E__gpt5.4__rep1.json	PILOT-2015000199	E	1	10	9694	2322	7579	3495	2.1685	
PILOT-2015000199__E__gpt5.4__rep2.json	PILOT-2015000199	E	2	10	9694	2447	7580	3495	2.1688	
PILOT-2015000199__E__haiku4.5__rep0.json	PILOT-2015000199	E	0	10	9694	2320	7654	3495	2.19	
PILOT-2015000199__E__haiku4.5__rep1.json	PILOT-2015000199	E	1	10	9694	2498	7503	3495	2.1468	
PILOT-2015000199__E__haiku4.5__rep2.json	PILOT-2015000199	E	2	10	9694	2602	7465	3495	2.1359	
PILOT-2015000199__E__sonnet4__rep0.json	PILOT-2015000199	E	0	10	9694	1873	7845	3495	2.2446	
PILOT-2015000199__E__sonnet4__rep1.json	PILOT-2015000199	E	1	10	9694	2302	7433	3495	2.1268	
PILOT-2015000199__E__sonnet4__rep2.json	PILOT-2015000199	E	2	10	9694	2302	7433	3495	2.1268	
PILOT-2015000199__F__gpt4o-mini__rep0.json	PILOT-2015000199	F	0	4	9694	1521	8200	3495	2.3462	
PILOT-2015000199__F__gpt4o-mini__rep1.json	PILOT-2015000199	F	1	4	9694	1477	8238	3495	2.3571	
PILOT-2015000199__F__gpt4o-mini__rep2.json	PILOT-2015000199	F	2	10	9694	2190	7512	3495	2.1494	
PILOT-2015000199__F__gpt5.4__rep0.json	PILOT-2015000199	F	0	10	9694	2392	7487	3495	2.1422	
PILOT-2015000199__F__gpt5.4__rep1.json	PILOT-2015000199	F	1	10	9694	2407	7491	3495	2.1433	
PILOT-2015000199__F__gpt5.4__rep2.json	PILOT-2015000199	F	2	10	9694	2875	7118	3495	2.0366	
PILOT-2015000199__F__haiku4.5__rep0.json	PILOT-2015000199	F	0	10	9694	2524	7526	3495	2.1534	
PILOT-2015000199__F__haiku4.5__rep1.json	PILOT-2015000199	F	1	10	9694	2535	7520	3495	2.1516	
PILOT-2015000199__F__haiku4.5__rep2.json	PILOT-2015000199	F	2	10	9694	2365	7601	3495	2.1748	
PILOT-2015000199__F__sonnet4__rep0.json	PILOT-2015000199	F	0	10	9694	2510	7440	3495	2.1288	
PILOT-2015000199__F__sonnet4__rep1.json	PILOT-2015000199	F	1	10	9694	2473	7467	3495	2.1365	
PILOT-2015000199__F__sonnet4__rep2.json	PILOT-2015000199	F	2	10	9694	2617	7441	3495	2.129	
PILOT-2015000199__G__gpt4o-mini__rep0.json	PILOT-2015000199	G	0	4	9694	1497	8200	3495	2.3462	
PILOT-2015000199__G__gpt4o-mini__rep1.json	PILOT-2015000199	G	1	0			None		None	no_gen
PILOT-2015000199__G__gpt4o-mini__rep2.json	PILOT-2015000199	G	2	10	9694	2258	7440	3495	2.1288	
PILOT-2015000199__G__gpt5.4__rep0.json	PILOT-2015000199	G	0	10	9694	2288	7603	3495	2.1754	
PILOT-2015000199__G__gpt5.4__rep1.json	PILOT-2015000199	G	1	24	9694	8951	908	3495	0.2598	
PILOT-2015000199__G__gpt5.4__rep2.json	PILOT-2015000199	G	2	24	9694	9446	1291	3495	0.3694	
PILOT-2015000199__G__haiku4.5__rep0.json	PILOT-2015000199	G	0	10	9694	2455	7593	3495	2.1725	
PILOT-2015000199__G__haiku4.5__rep1.json	PILOT-2015000199	G	1	10	9694	2527	7552	3495	2.1608	
PILOT-2015000199__G__haiku4.5__rep2.json	PILOT-2015000199	G	2	10	9694	2355	7593	3495	2.1725	
PILOT-2015000199__G__sonnet4__rep0.json	PILOT-2015000199	G	0	10	9694	2688	7391	3495	2.1147	
PILOT-2015000199__G__sonnet4__rep1.json	PILOT-2015000199	G	1	10	9694	2666	7409	3495	2.1199	
PILOT-2015000199__G__sonnet4__rep2.json	PILOT-2015000199	G	2	10	9694	2685	7398	3495	2.1167	
PILOT-2015000199__baseline__gpt4o-mini__rep0.json	PILOT-2015000199	baseline	0	5	9694	1576	8127	3495	2.3253	
PILOT-2015000199__baseline__gpt4o-mini__rep1.json	PILOT-2015000199	baseline	1	5	9694	1620	8077	3495	2.311	
PILOT-2015000199__baseline__gpt4o-mini__rep2.json	PILOT-2015000199	baseline	2	10	9694	2243	7503	3495	2.1468	
PILOT-2015000199__baseline__gpt5.4__rep0.json	PILOT-2015000199	baseline	0	10	9694	2581	7445	3495	2.1302	
PILOT-2015000199__baseline__gpt5.4__rep1.json	PILOT-2015000199	baseline	1	24	9694	9009	1076	3495	0.3079	
PILOT-2015000199__baseline__gpt5.4__rep2.json	PILOT-2015000199	baseline	2	10	9694	2430	7520	3495	2.1516	
PILOT-2015000199__baseline__haiku4.5__rep0.json	PILOT-2015000199	baseline	0	10	9694	2581	7456	3495	2.1333	
PILOT-2015000199__baseline__haiku4.5__rep1.json	PILOT-2015000199	baseline	1	10	9694	2859	7367	3495	2.1079	
PILOT-2015000199__baseline__haiku4.5__rep2.json	PILOT-2015000199	baseline	2	10	9694	2745	7432	3495	2.1265	
PILOT-2015000199__baseline__sonnet4__rep0.json	PILOT-2015000199	baseline	0	10	9694	1872	7842	3495	2.2438	
PILOT-2015000199__baseline__sonnet4__rep1.json	PILOT-2015000199	baseline	1	10	9694	1873	7844	3495	2.2443	
PILOT-2015000199__baseline__sonnet4__rep2.json	PILOT-2015000199	baseline	2	10	9694	2750	7331	3495	2.0976	
PILOT-2015004151__A__gpt4o-mini__rep0.json	PILOT-2015004151	A	0	8	939	1049	191	675	0.283	
PILOT-2015004151__A__gpt4o-mini__rep1.json	PILOT-2015004151	A	1	8	939	1049	191	675	0.283	
PILOT-2015004151__A__gpt4o-mini__rep2.json	PILOT-2015004151	A	2	8	939	1066	208	675	0.3081	
PILOT-2015004151__A__gpt5.4__rep0.json	PILOT-2015004151	A	0	8	939	824	345	675	0.5111	
PILOT-2015004151__A__gpt5.4__rep1.json	PILOT-2015004151	A	1	8	939	865	380	675	0.563	
PILOT-2015004151__A__gpt5.4__rep2.json	PILOT-2015004151	A	2	8	939	824	345	675	0.5111	
PILOT-2015004151__A__haiku4.5__rep0.json	PILOT-2015004151	A	0	8	939	1250	452	675	0.6696	
PILOT-2015004151__A__haiku4.5__rep1.json	PILOT-2015004151	A	1	8	939	1223	367	675	0.5437	
PILOT-2015004151__A__haiku4.5__rep2.json	PILOT-2015004151	A	2	8	939	1288	432	675	0.64	
PILOT-2015004151__A__sonnet4__rep0.json	PILOT-2015004151	A	0	8	939	1068	188	675	0.2785	
PILOT-2015004151__A__sonnet4__rep1.json	PILOT-2015004151	A	1	8	939	932	251	675	0.3719	
PILOT-2015004151__A__sonnet4__rep2.json	PILOT-2015004151	A	2	8	939	934	253	675	0.3748	
PILOT-2015004151__B__gpt4o-mini__rep0.json	PILOT-2015004151	B	0	8	939	1061	203	675	0.3007	
PILOT-2015004151__B__gpt4o-mini__rep1.json	PILOT-2015004151	B	1	8	939	1047	189	675	0.28	
PILOT-2015004151__B__gpt4o-mini__rep2.json	PILOT-2015004151	B	2	8	939	1171	306	675	0.4533	
PILOT-2015004151__B__gpt5.4__rep0.json	PILOT-2015004151	B	0	8	939	850	375	675	0.5556	
PILOT-2015004151__B__gpt5.4__rep1.json	PILOT-2015004151	B	1	8	939	970	489	675	0.7244	
PILOT-2015004151__B__gpt5.4__rep2.json	PILOT-2015004151	B	2	8	939	970	489	675	0.7244	
PILOT-2015004151__B__haiku4.5__rep0.json	PILOT-2015004151	B	0	8	939	1037	200	675	0.2963	
PILOT-2015004151__B__haiku4.5__rep1.json	PILOT-2015004151	B	1	8	939	1051	192	675	0.2844	
PILOT-2015004151__B__haiku4.5__rep2.json	PILOT-2015004151	B	2	8	939	1062	207	675	0.3067	
PILOT-2015004151__B__sonnet4__rep0.json	PILOT-2015004151	B	0	8	939	1179	310	675	0.4593	
PILOT-2015004151__B__sonnet4__rep1.json	PILOT-2015004151	B	1	8	939	1187	307	675	0.4548	
PILOT-2015004151__B__sonnet4__rep2.json	PILOT-2015004151	B	2	8	939	1146	277	675	0.4104	
PILOT-2015004151__C__gpt4o-mini__rep0.json	PILOT-2015004151	C	0	8	939	1051	193	675	0.2859	
PILOT-2015004151__C__gpt4o-mini__rep1.json	PILOT-2015004151	C	1	8	939	1051	193	675	0.2859	
PILOT-2015004151__C__gpt4o-mini__rep2.json	PILOT-2015004151	C	2	8	939	1051	193	675	0.2859	
PILOT-2015004151__C__gpt5.4__rep0.json	PILOT-2015004151	C	0	8	939	824	345	675	0.5111	
PILOT-2015004151__C__gpt5.4__rep1.json	PILOT-2015004151	C	1	8	939	824	345	675	0.5111	
PILOT-2015004151__C__gpt5.4__rep2.json	PILOT-2015004151	C	2	8	939	824	345	675	0.5111	
PILOT-2015004151__C__haiku4.5__rep0.json	PILOT-2015004151	C	0	8	939	1219	358	675	0.5304	
PILOT-2015004151__C__haiku4.5__rep1.json	PILOT-2015004151	C	1	8	939	1185	339	675	0.5022	
PILOT-2015004151__C__haiku4.5__rep2.json	PILOT-2015004151	C	2	8	939	1116	255	675	0.3778	
PILOT-2015004151__C__sonnet4__rep0.json	PILOT-2015004151	C	0	8	939	810	316	675	0.4681	
PILOT-2015004151__C__sonnet4__rep1.json	PILOT-2015004151	C	1	8	939	954	194	675	0.2874	
PILOT-2015004151__C__sonnet4__rep2.json	PILOT-2015004151	C	2	8	939	1064	184	675	0.2726	
PILOT-2015004151__D__gpt4o-mini__rep0.json	PILOT-2015004151	D	0	8	939	1060	201	675	0.2978	
PILOT-2015004151__D__gpt4o-mini__rep1.json	PILOT-2015004151	D	1	8	939	1051	193	675	0.2859	
PILOT-2015004151__D__gpt4o-mini__rep2.json	PILOT-2015004151	D	2	8	939	1051	193	675	0.2859	
PILOT-2015004151__D__gpt5.4__rep0.json	PILOT-2015004151	D	0	8	939	851	366	675	0.5422	
PILOT-2015004151__D__gpt5.4__rep1.json	PILOT-2015004151	D	1	8	939	851	366	675	0.5422	
PILOT-2015004151__D__gpt5.4__rep2.json	PILOT-2015004151	D	2	8	939	865	380	675	0.563	
PILOT-2015004151__D__haiku4.5__rep0.json	PILOT-2015004151	D	0	8	939	1262	430	675	0.637	
PILOT-2015004151__D__haiku4.5__rep1.json	PILOT-2015004151	D	1	8	939	1169	334	675	0.4948	
PILOT-2015004151__D__haiku4.5__rep2.json	PILOT-2015004151	D	2	8	939	1179	339	675	0.5022	
PILOT-2015004151__D__sonnet4__rep0.json	PILOT-2015004151	D	0	8	939	1068	188	675	0.2785	
PILOT-2015004151__D__sonnet4__rep1.json	PILOT-2015004151	D	1	8	939	1069	189	675	0.28	
PILOT-2015004151__D__sonnet4__rep2.json	PILOT-2015004151	D	2	8	939	1068	188	675	0.2785	
PILOT-2015004151__E__gpt4o-mini__rep0.json	PILOT-2015004151	E	0	8	939	1009	151	675	0.2237	
PILOT-2015004151__E__gpt4o-mini__rep1.json	PILOT-2015004151	E	1	8	939	1055	196	675	0.2904	
PILOT-2015004151__E__gpt4o-mini__rep2.json	PILOT-2015004151	E	2	8	939	1009	151	675	0.2237	
PILOT-2015004151__E__gpt5.4__rep0.json	PILOT-2015004151	E	0	8	939	1014	155	675	0.2296	
PILOT-2015004151__E__gpt5.4__rep1.json	PILOT-2015004151	E	1	8	939	1018	159	675	0.2356	
PILOT-2015004151__E__gpt5.4__rep2.json	PILOT-2015004151	E	2	8	939	1028	169	675	0.2504	
PILOT-2015004151__E__haiku4.5__rep0.json	PILOT-2015004151	E	0	8	939	1101	228	675	0.3378	
PILOT-2015004151__E__haiku4.5__rep1.json	PILOT-2015004151	E	1	8	939	1141	268	675	0.397	
PILOT-2015004151__E__haiku4.5__rep2.json	PILOT-2015004151	E	2	8	939	1101	228	675	0.3378	
PILOT-2015004151__E__sonnet4__rep0.json	PILOT-2015004151	E	0	8	939	990	116	675	0.1719	
PILOT-2015004151__E__sonnet4__rep1.json	PILOT-2015004151	E	1	8	939	990	116	675	0.1719	
PILOT-2015004151__E__sonnet4__rep2.json	PILOT-2015004151	E	2	8	939	990	116	675	0.1719	
PILOT-2015004151__F__gpt4o-mini__rep0.json	PILOT-2015004151	F	0	8	939	1049	191	675	0.283	
PILOT-2015004151__F__gpt4o-mini__rep1.json	PILOT-2015004151	F	1	8	939	1051	193	675	0.2859	
PILOT-2015004151__F__gpt4o-mini__rep2.json	PILOT-2015004151	F	2	5	939	894	431	675	0.6385	
PILOT-2015004151__F__gpt5.4__rep0.json	PILOT-2015004151	F	0	8	939	838	359	675	0.5319	
PILOT-2015004151__F__gpt5.4__rep1.json	PILOT-2015004151	F	1	8	939	824	345	675	0.5111	
PILOT-2015004151__F__gpt5.4__rep2.json	PILOT-2015004151	F	2	8	939	824	345	675	0.5111	
PILOT-2015004151__F__haiku4.5__rep0.json	PILOT-2015004151	F	0	8	939	1119	250	675	0.3704	
PILOT-2015004151__F__haiku4.5__rep1.json	PILOT-2015004151	F	1	8	939	1119	250	675	0.3704	
PILOT-2015004151__F__haiku4.5__rep2.json	PILOT-2015004151	F	2	8	939	1120	251	675	0.3719	
PILOT-2015004151__F__sonnet4__rep0.json	PILOT-2015004151	F	0	8	939	1131	249	675	0.3689	
PILOT-2015004151__F__sonnet4__rep1.json	PILOT-2015004151	F	1	8	939	913	229	675	0.3393	
PILOT-2015004151__F__sonnet4__rep2.json	PILOT-2015004151	F	2	8	939	960	270	675	0.4	
PILOT-2015004151__G__gpt4o-mini__rep0.json	PILOT-2015004151	G	0	5	939	866	417	675	0.6178	
PILOT-2015004151__G__gpt4o-mini__rep1.json	PILOT-2015004151	G	1	8	939	1051	193	675	0.2859	
PILOT-2015004151__G__gpt4o-mini__rep2.json	PILOT-2015004151	G	2	4	939	728	438	675	0.6489	
PILOT-2015004151__G__gpt5.4__rep0.json	PILOT-2015004151	G	0	8	939	824	345	675	0.5111	
PILOT-2015004151__G__gpt5.4__rep1.json	PILOT-2015004151	G	1	8	939	824	345	675	0.5111	
PILOT-2015004151__G__gpt5.4__rep2.json	PILOT-2015004151	G	2	8	939	945	456	675	0.6756	
PILOT-2015004151__G__haiku4.5__rep0.json	PILOT-2015004151	G	0	8	939	1119	250	675	0.3704	
PILOT-2015004151__G__haiku4.5__rep1.json	PILOT-2015004151	G	1	8	939	1168	293	675	0.4341	
PILOT-2015004151__G__haiku4.5__rep2.json	PILOT-2015004151	G	2	8	939	1186	366	675	0.5422	
PILOT-2015004151__G__sonnet4__rep0.json	PILOT-2015004151	G	0	8	939	1149	267	675	0.3956	
PILOT-2015004151__G__sonnet4__rep1.json	PILOT-2015004151	G	1	8	939	1017	143	675	0.2119	
PILOT-2015004151__G__sonnet4__rep2.json	PILOT-2015004151	G	2	8	939	1017	143	675	0.2119	
PILOT-2015004151__baseline__gpt4o-mini__rep0.json	PILOT-2015004151	baseline	0	8	939	1057	198	675	0.2933	
PILOT-2015004151__baseline__gpt4o-mini__rep1.json	PILOT-2015004151	baseline	1	8	939	1051	193	675	0.2859	
PILOT-2015004151__baseline__gpt4o-mini__rep2.json	PILOT-2015004151	baseline	2	8	939	1065	207	675	0.3067	
PILOT-2015004151__baseline__gpt5.4__rep0.json	PILOT-2015004151	baseline	0	8	939	825	345	675	0.5111	
PILOT-2015004151__baseline__gpt5.4__rep1.json	PILOT-2015004151	baseline	1	8	939	838	359	675	0.5319	
PILOT-2015004151__baseline__gpt5.4__rep2.json	PILOT-2015004151	baseline	2	8	939	824	345	675	0.5111	
PILOT-2015004151__baseline__haiku4.5__rep0.json	PILOT-2015004151	baseline	0	8	939	1168	302	675	0.4474	
PILOT-2015004151__baseline__haiku4.5__rep1.json	PILOT-2015004151	baseline	1	8	939	1285	429	675	0.6356	
PILOT-2015004151__baseline__haiku4.5__rep2.json	PILOT-2015004151	baseline	2	8	939	1098	240	675	0.3556	
PILOT-2015004151__baseline__sonnet4__rep0.json	PILOT-2015004151	baseline	0	8	939	932	251	675	0.3719	
PILOT-2015004151__baseline__sonnet4__rep1.json	PILOT-2015004151	baseline	1	8	939	932	251	675	0.3719	
PILOT-2015004151__baseline__sonnet4__rep2.json	PILOT-2015004151	baseline	2	8	939	932	251	675	0.3719	
PILOT-2015004158__A__gpt4o-mini__rep0.json	PILOT-2015004158	A	0	4	2431	1107	1471	1096	1.3422	
PILOT-2015004158__A__gpt4o-mini__rep1.json	PILOT-2015004158	A	1	2	2431	476	1964	1096	1.792	
PILOT-2015004158__A__gpt4o-mini__rep2.json	PILOT-2015004158	A	2	2	2431	534	1916	1096	1.7482	
PILOT-2015004158__A__gpt5.4__rep0.json	PILOT-2015004158	A	0	9	2431	2932	1048	1096	0.9562	
PILOT-2015004158__A__gpt5.4__rep1.json	PILOT-2015004158	A	1	9	2431	3023	1145	1096	1.0447	
PILOT-2015004158__A__gpt5.4__rep2.json	PILOT-2015004158	A	2	8	2431	2642	1272	1096	1.1606	
PILOT-2015004158__A__haiku4.5__rep0.json	PILOT-2015004158	A	0	9	2431	2421	626	1096	0.5712	
PILOT-2015004158__A__haiku4.5__rep1.json	PILOT-2015004158	A	1	9	2431	1977	831	1096	0.7582	
PILOT-2015004158__A__haiku4.5__rep2.json	PILOT-2015004158	A	2	9	2431	2355	562	1096	0.5128	
PILOT-2015004158__A__sonnet4__rep0.json	PILOT-2015004158	A	0	9	2431	1961	471	1096	0.4297	
PILOT-2015004158__A__sonnet4__rep1.json	PILOT-2015004158	A	1	9	2431	1961	471	1096	0.4297	
PILOT-2015004158__A__sonnet4__rep2.json	PILOT-2015004158	A	2	9	2431	1961	471	1096	0.4297	
PILOT-2015004158__B__gpt4o-mini__rep0.json	PILOT-2015004158	B	0	4	2431	993	1557	1096	1.4206	
PILOT-2015004158__B__gpt4o-mini__rep1.json	PILOT-2015004158	B	1	4	2431	1062	1545	1096	1.4097	
PILOT-2015004158__B__gpt4o-mini__rep2.json	PILOT-2015004158	B	2	4	2431	1089	1510	1096	1.3777	
PILOT-2015004158__B__gpt5.4__rep0.json	PILOT-2015004158	B	0	9	2431	2590	955	1096	0.8714	
PILOT-2015004158__B__gpt5.4__rep1.json	PILOT-2015004158	B	1	9	2431	2460	894	1096	0.8157	
PILOT-2015004158__B__gpt5.4__rep2.json	PILOT-2015004158	B	2	9	2431	2534	947	1096	0.8641	
PILOT-2015004158__B__haiku4.5__rep0.json	PILOT-2015004158	B	0	9	2431	2169	462	1096	0.4215	
PILOT-2015004158__B__haiku4.5__rep1.json	PILOT-2015004158	B	1	9	2431	1558	1065	1096	0.9717	
PILOT-2015004158__B__haiku4.5__rep2.json	PILOT-2015004158	B	2	9	2431	2120	670	1096	0.6113	
PILOT-2015004158__B__sonnet4__rep0.json	PILOT-2015004158	B	0	9	2431	2376	590	1096	0.5383	
PILOT-2015004158__B__sonnet4__rep1.json	PILOT-2015004158	B	1	9	2431	2023	532	1096	0.4854	
PILOT-2015004158__B__sonnet4__rep2.json	PILOT-2015004158	B	2	9	2431	2391	624	1096	0.5693	
PILOT-2015004158__C__gpt4o-mini__rep0.json	PILOT-2015004158	C	0	2	2431	508	1937	1096	1.7673	
PILOT-2015004158__C__gpt4o-mini__rep1.json	PILOT-2015004158	C	1	2	2431	499	1947	1096	1.7765	
PILOT-2015004158__C__gpt4o-mini__rep2.json	PILOT-2015004158	C	2	2	2431	566	1888	1096	1.7226	
PILOT-2015004158__C__gpt5.4__rep0.json	PILOT-2015004158	C	0	8	2431	1855	739	1096	0.6743	
PILOT-2015004158__C__gpt5.4__rep1.json	PILOT-2015004158	C	1	9	2431	3023	1145	1096	1.0447	
PILOT-2015004158__C__gpt5.4__rep2.json	PILOT-2015004158	C	2	9	2431	3079	1192	1096	1.0876	
PILOT-2015004158__C__haiku4.5__rep0.json	PILOT-2015004158	C	0	9	2431	1752	973	1096	0.8878	
PILOT-2015004158__C__haiku4.5__rep1.json	PILOT-2015004158	C	1	9	2431	2325	597	1096	0.5447	
PILOT-2015004158__C__haiku4.5__rep2.json	PILOT-2015004158	C	2	9	2431	2411	670	1096	0.6113	
PILOT-2015004158__C__sonnet4__rep0.json	PILOT-2015004158	C	0	9	2431	1961	471	1096	0.4297	
PILOT-2015004158__C__sonnet4__rep1.json	PILOT-2015004158	C	1	9	2431	1961	470	1096	0.4288	
PILOT-2015004158__C__sonnet4__rep2.json	PILOT-2015004158	C	2	9	2431	1961	471	1096	0.4297	
PILOT-2015004158__D__gpt4o-mini__rep0.json	PILOT-2015004158	D	0	2	2431	517	1931	1096	1.7619	
PILOT-2015004158__D__gpt4o-mini__rep1.json	PILOT-2015004158	D	1	2	2431	476	1964	1096	1.792	
PILOT-2015004158__D__gpt4o-mini__rep2.json	PILOT-2015004158	D	2	2	2431	476	1964	1096	1.792	
PILOT-2015004158__D__gpt5.4__rep0.json	PILOT-2015004158	D	0	9	2431	2588	888	1096	0.8102	
PILOT-2015004158__D__gpt5.4__rep1.json	PILOT-2015004158	D	1	9	2431	2932	1049	1096	0.9571	
PILOT-2015004158__D__gpt5.4__rep2.json	PILOT-2015004158	D	2	9	2431	3065	1179	1096	1.0757	
PILOT-2015004158__D__haiku4.5__rep0.json	PILOT-2015004158	D	0	9	2431	1458	1312	1096	1.1971	
PILOT-2015004158__D__haiku4.5__rep1.json	PILOT-2015004158	D	1	9	2431	2010	832	1096	0.7591	
PILOT-2015004158__D__haiku4.5__rep2.json	PILOT-2015004158	D	2	9	2431	2020	853	1096	0.7783	
PILOT-2015004158__D__sonnet4__rep0.json	PILOT-2015004158	D	0	9	2431	1961	470	1096	0.4288	
PILOT-2015004158__D__sonnet4__rep1.json	PILOT-2015004158	D	1	9	2431	1961	471	1096	0.4297	
PILOT-2015004158__D__sonnet4__rep2.json	PILOT-2015004158	D	2	9	2431	1961	471	1096	0.4297	
PILOT-2015004158__E__gpt4o-mini__rep0.json	PILOT-2015004158	E	0	2	2431	538	1912	1096	1.7445	
PILOT-2015004158__E__gpt4o-mini__rep1.json	PILOT-2015004158	E	1	2	2431	476	1964	1096	1.792	
PILOT-2015004158__E__gpt4o-mini__rep2.json	PILOT-2015004158	E	2	2	2431	506	1940	1096	1.7701	
PILOT-2015004158__E__gpt5.4__rep0.json	PILOT-2015004158	E	0	9	2431	2148	510	1096	0.4653	
PILOT-2015004158__E__gpt5.4__rep1.json	PILOT-2015004158	E	1	9	2431	2952	1068	1096	0.9745	
PILOT-2015004158__E__gpt5.4__rep2.json	PILOT-2015004158	E	2	8	2431	1793	749	1096	0.6834	
PILOT-2015004158__E__haiku4.5__rep0.json	PILOT-2015004158	E	0	9	2431	1503	1071	1096	0.9772	
PILOT-2015004158__E__haiku4.5__rep1.json	PILOT-2015004158	E	1	9	2431	2278	574	1096	0.5237	
PILOT-2015004158__E__haiku4.5__rep2.json	PILOT-2015004158	E	2	9	2431	1852	797	1096	0.7272	
PILOT-2015004158__E__sonnet4__rep0.json	PILOT-2015004158	E	0	9	2431	1961	471	1096	0.4297	
PILOT-2015004158__E__sonnet4__rep1.json	PILOT-2015004158	E	1	9	2431	1961	471	1096	0.4297	
PILOT-2015004158__E__sonnet4__rep2.json	PILOT-2015004158	E	2	9	2431	1961	471	1096	0.4297	
PILOT-2015004158__F__gpt4o-mini__rep0.json	PILOT-2015004158	F	0	0			None		None	no_gen
PILOT-2015004158__F__gpt4o-mini__rep1.json	PILOT-2015004158	F	1	0			None		None	no_gen
PILOT-2015004158__F__gpt4o-mini__rep2.json	PILOT-2015004158	F	2	0			None		None	no_gen
PILOT-2015004158__F__gpt5.4__rep0.json	PILOT-2015004158	F	0	9	2431	2478	732	1096	0.6679	
PILOT-2015004158__F__gpt5.4__rep1.json	PILOT-2015004158	F	1	9	2431	3713	1710	1096	1.5602	
PILOT-2015004158__F__gpt5.4__rep2.json	PILOT-2015004158	F	2	9	2431	2478	732	1096	0.6679	
PILOT-2015004158__F__haiku4.5__rep0.json	PILOT-2015004158	F	0	8	2431	1807	779	1096	0.7108	
PILOT-2015004158__F__haiku4.5__rep1.json	PILOT-2015004158	F	1	8	2431	1821	801	1096	0.7308	
PILOT-2015004158__F__haiku4.5__rep2.json	PILOT-2015004158	F	2	9	2431	2121	562	1096	0.5128	
PILOT-2015004158__F__sonnet4__rep0.json	PILOT-2015004158	F	0	9	2431	1961	471	1096	0.4297	
PILOT-2015004158__F__sonnet4__rep1.json	PILOT-2015004158	F	1	9	2431	1961	472	1096	0.4307	
PILOT-2015004158__F__sonnet4__rep2.json	PILOT-2015004158	F	2	9	2431	1961	472	1096	0.4307	
PILOT-2015004158__G__gpt4o-mini__rep0.json	PILOT-2015004158	G	0	2	2431	548	1907	1096	1.74	
PILOT-2015004158__G__gpt4o-mini__rep1.json	PILOT-2015004158	G	1	2	2431	524	1923	1096	1.7546	
PILOT-2015004158__G__gpt4o-mini__rep2.json	PILOT-2015004158	G	2	2	2431	550	1905	1096	1.7381	
PILOT-2015004158__G__gpt5.4__rep0.json	PILOT-2015004158	G	0	9	2431	2564	869	1096	0.7929	
PILOT-2015004158__G__gpt5.4__rep1.json	PILOT-2015004158	G	1	9	2431	3023	1145	1096	1.0447	
PILOT-2015004158__G__gpt5.4__rep2.json	PILOT-2015004158	G	2	9	2431	3123	1218	1096	1.1113	
PILOT-2015004158__G__haiku4.5__rep0.json	PILOT-2015004158	G	0	9	2431	1779	818	1096	0.7464	
PILOT-2015004158__G__haiku4.5__rep1.json	PILOT-2015004158	G	1	9	2431	1753	771	1096	0.7035	
PILOT-2015004158__G__haiku4.5__rep2.json	PILOT-2015004158	G	2	9	2431	1455	1034	1096	0.9434	
PILOT-2015004158__G__sonnet4__rep0.json	PILOT-2015004158	G	0	9	2431	2023	453	1096	0.4133	
PILOT-2015004158__G__sonnet4__rep1.json	PILOT-2015004158	G	1	9	2431	1961	472	1096	0.4307	
PILOT-2015004158__G__sonnet4__rep2.json	PILOT-2015004158	G	2	9	2431	1961	472	1096	0.4307	
PILOT-2015004158__baseline__gpt4o-mini__rep0.json	PILOT-2015004158	baseline	0	2	2431	524	1923	1096	1.7546	
PILOT-2015004158__baseline__gpt4o-mini__rep1.json	PILOT-2015004158	baseline	1	2	2431	623	1851	1096	1.6889	
PILOT-2015004158__baseline__gpt4o-mini__rep2.json	PILOT-2015004158	baseline	2	4	2431	963	1566	1096	1.4288	
PILOT-2015004158__baseline__gpt5.4__rep0.json	PILOT-2015004158	baseline	0	9	2431	3417	1427	1096	1.302	
PILOT-2015004158__baseline__gpt5.4__rep1.json	PILOT-2015004158	baseline	1	9	2431	2932	1049	1096	0.9571	
PILOT-2015004158__baseline__gpt5.4__rep2.json	PILOT-2015004158	baseline	2	9	2431	3023	1145	1096	1.0447	
PILOT-2015004158__baseline__haiku4.5__rep0.json	PILOT-2015004158	baseline	0	9	2431	1988	847	1096	0.7728	
PILOT-2015004158__baseline__haiku4.5__rep1.json	PILOT-2015004158	baseline	1	9	2431	2231	635	1096	0.5794	
PILOT-2015004158__baseline__haiku4.5__rep2.json	PILOT-2015004158	baseline	2	9	2431	2099	756	1096	0.6898	
PILOT-2015004158__baseline__sonnet4__rep0.json	PILOT-2015004158	baseline	0	9	2431	1961	471	1096	0.4297	
PILOT-2015004158__baseline__sonnet4__rep1.json	PILOT-2015004158	baseline	1	9	2431	1961	471	1096	0.4297	
PILOT-2015004158__baseline__sonnet4__rep2.json	PILOT-2015004158	baseline	2	9	2431	1961	471	1096	0.4297	
PILOT-2015004926__A__gpt4o-mini__rep0.json	PILOT-2015004926	A	0	10	5858	3141	3379	2480	1.3625	
PILOT-2015004926__A__gpt4o-mini__rep1.json	PILOT-2015004926	A	1	9	5858	2575	3493	2480	1.4085	
PILOT-2015004926__A__gpt4o-mini__rep2.json	PILOT-2015004926	A	2	8	5858	2305	3762	2480	1.5169	
PILOT-2015004926__A__gpt5.4__rep0.json	PILOT-2015004926	A	0	20	5858	6010	513	2480	0.2069	
PILOT-2015004926__A__gpt5.4__rep1.json	PILOT-2015004926	A	1	20	5858	6148	639	2480	0.2577	
PILOT-2015004926__A__gpt5.4__rep2.json	PILOT-2015004926	A	2	20	5858	6046	549	2480	0.2214	
PILOT-2015004926__A__haiku4.5__rep0.json	PILOT-2015004926	A	0	20	5858	7581	2128	2480	0.8581	
PILOT-2015004926__A__haiku4.5__rep1.json	PILOT-2015004926	A	1	20	5858	6971	2088	2480	0.8419	
PILOT-2015004926__A__haiku4.5__rep2.json	PILOT-2015004926	A	2	20	5858	6591	2001	2480	0.8069	
PILOT-2015004926__A__sonnet4__rep0.json	PILOT-2015004926	A	0	20	5858	5900	958	2480	0.3863	
PILOT-2015004926__A__sonnet4__rep1.json	PILOT-2015004926	A	1	20	5858	6566	1065	2480	0.4294	
PILOT-2015004926__A__sonnet4__rep2.json	PILOT-2015004926	A	2	20	5858	5930	1048	2480	0.4226	
PILOT-2015004926__B__gpt4o-mini__rep0.json	PILOT-2015004926	B	0	8	5858	2941	3233	2480	1.3036	
PILOT-2015004926__B__gpt4o-mini__rep1.json	PILOT-2015004926	B	1	8	5858	2567	3546	2480	1.4298	
PILOT-2015004926__B__gpt4o-mini__rep2.json	PILOT-2015004926	B	2	7	5858	2943	3110	2480	1.254	
PILOT-2015004926__B__gpt5.4__rep0.json	PILOT-2015004926	B	0	20	5858	6098	1247	2480	0.5028	
PILOT-2015004926__B__gpt5.4__rep1.json	PILOT-2015004926	B	1	20	5858	5776	473	2480	0.1907	
PILOT-2015004926__B__gpt5.4__rep2.json	PILOT-2015004926	B	2	20	5858	6220	1044	2480	0.421	
PILOT-2015004926__B__haiku4.5__rep0.json	PILOT-2015004926	B	0	15	5858	6854	2144	2480	0.8645	
PILOT-2015004926__B__haiku4.5__rep1.json	PILOT-2015004926	B	1	20	5858	6723	1731	2480	0.698	
PILOT-2015004926__B__haiku4.5__rep2.json	PILOT-2015004926	B	2	20	5858	8285	2709	2480	1.0923	
PILOT-2015004926__B__sonnet4__rep0.json	PILOT-2015004926	B	0	20	5858	6636	1516	2480	0.6113	
PILOT-2015004926__B__sonnet4__rep1.json	PILOT-2015004926	B	1	20	5858	5793	1098	2480	0.4427	
PILOT-2015004926__B__sonnet4__rep2.json	PILOT-2015004926	B	2	20	5858	6611	1527	2480	0.6157	
PILOT-2015004926__C__gpt4o-mini__rep0.json	PILOT-2015004926	C	0	9	5858	2624	3477	2480	1.402	
PILOT-2015004926__C__gpt4o-mini__rep1.json	PILOT-2015004926	C	1	8	5858	2451	3733	2480	1.5052	
PILOT-2015004926__C__gpt4o-mini__rep2.json	PILOT-2015004926	C	2	9	5858	2867	3432	2480	1.3839	
PILOT-2015004926__C__gpt5.4__rep0.json	PILOT-2015004926	C	0	20	5858	6018	521	2480	0.2101	
PILOT-2015004926__C__gpt5.4__rep1.json	PILOT-2015004926	C	1	20	5858	6176	667	2480	0.269	
PILOT-2015004926__C__gpt5.4__rep2.json	PILOT-2015004926	C	2	20	5858	6022	517	2480	0.2085	
PILOT-2015004926__C__haiku4.5__rep0.json	PILOT-2015004926	C	0	20	5858	7635	2066	2480	0.8331	
PILOT-2015004926__C__haiku4.5__rep1.json	PILOT-2015004926	C	1	20	5858	7098	1919	2480	0.7738	
PILOT-2015004926__C__haiku4.5__rep2.json	PILOT-2015004926	C	2	20	5858	7798	2232	2480	0.9	
PILOT-2015004926__C__sonnet4__rep0.json	PILOT-2015004926	C	0	20	5858	7164	1596	2480	0.6435	
PILOT-2015004926__C__sonnet4__rep1.json	PILOT-2015004926	C	1	20	5858	5829	774	2480	0.3121	
PILOT-2015004926__C__sonnet4__rep2.json	PILOT-2015004926	C	2	20	5858	6156	669	2480	0.2698	
PILOT-2015004926__D__gpt4o-mini__rep0.json	PILOT-2015004926	D	0	9	5858	2709	3546	2480	1.4298	
PILOT-2015004926__D__gpt4o-mini__rep1.json	PILOT-2015004926	D	1	8	5858	2560	3594	2480	1.4492	
PILOT-2015004926__D__gpt4o-mini__rep2.json	PILOT-2015004926	D	2	8	5858	2626	3528	2480	1.4226	
PILOT-2015004926__D__gpt5.4__rep0.json	PILOT-2015004926	D	0	20	5858	5770	965	2480	0.3891	
PILOT-2015004926__D__gpt5.4__rep1.json	PILOT-2015004926	D	1	20	5858	6010	513	2480	0.2069	
PILOT-2015004926__D__gpt5.4__rep2.json	PILOT-2015004926	D	2	20	5858	6148	639	2480	0.2577	
PILOT-2015004926__D__haiku4.5__rep0.json	PILOT-2015004926	D	0	20	5858	7707	2306	2480	0.9298	
PILOT-2015004926__D__haiku4.5__rep1.json	PILOT-2015004926	D	1	20	5858	7317	1943	2480	0.7835	
PILOT-2015004926__D__haiku4.5__rep2.json	PILOT-2015004926	D	2	20	5858	7421	1961	2480	0.7907	
PILOT-2015004926__D__sonnet4__rep0.json	PILOT-2015004926	D	0	15	5858	6111	1594	2480	0.6427	
PILOT-2015004926__D__sonnet4__rep1.json	PILOT-2015004926	D	1	15	5858	6237	1743	2480	0.7028	
PILOT-2015004926__D__sonnet4__rep2.json	PILOT-2015004926	D	2	15	5858	6009	1602	2480	0.646	
PILOT-2015004926__E__gpt4o-mini__rep0.json	PILOT-2015004926	E	0	8	5858	2386	3676	2480	1.4823	
PILOT-2015004926__E__gpt4o-mini__rep1.json	PILOT-2015004926	E	1	8	5858	2499	3749	2480	1.5117	
PILOT-2015004926__E__gpt4o-mini__rep2.json	PILOT-2015004926	E	2	7	5858	2047	3976	2480	1.6032	
PILOT-2015004926__E__gpt5.4__rep0.json	PILOT-2015004926	E	0	20	5858	6140	631	2480	0.2544	
PILOT-2015004926__E__gpt5.4__rep1.json	PILOT-2015004926	E	1	20	5858	6136	635	2480	0.256	
PILOT-2015004926__E__gpt5.4__rep2.json	PILOT-2015004926	E	2	20	5858	5958	807	2480	0.3254	
PILOT-2015004926__E__haiku4.5__rep0.json	PILOT-2015004926	E	0	20	5858	7814	2246	2480	0.9056	
PILOT-2015004926__E__haiku4.5__rep1.json	PILOT-2015004926	E	1	20	5858	7702	2129	2480	0.8585	
PILOT-2015004926__E__haiku4.5__rep2.json	PILOT-2015004926	E	2	20	5858	6194	2037	2480	0.8214	
PILOT-2015004926__E__sonnet4__rep0.json	PILOT-2015004926	E	0	20	5858	8129	2565	2480	1.0343	
PILOT-2015004926__E__sonnet4__rep1.json	PILOT-2015004926	E	1	20	5858	6404	930	2480	0.375	
PILOT-2015004926__E__sonnet4__rep2.json	PILOT-2015004926	E	2	20	5858	8144	2580	2480	1.0403	
PILOT-2015004926__F__gpt4o-mini__rep0.json	PILOT-2015004926	F	0	7	5858	2683	3486	2480	1.4056	
PILOT-2015004926__F__gpt4o-mini__rep1.json	PILOT-2015004926	F	1	9	5858	2893	3438	2480	1.3863	
PILOT-2015004926__F__gpt4o-mini__rep2.json	PILOT-2015004926	F	2	6	5858	3022	3248	2480	1.3097	
PILOT-2015004926__F__gpt5.4__rep0.json	PILOT-2015004926	F	0	20	5858	6138	630	2480	0.254	
PILOT-2015004926__F__gpt5.4__rep1.json	PILOT-2015004926	F	1	20	5858	6172	671	2480	0.2706	
PILOT-2015004926__F__gpt5.4__rep2.json	PILOT-2015004926	F	2	20	5858	6146	638	2480	0.2573	
PILOT-2015004926__F__haiku4.5__rep0.json	PILOT-2015004926	F	0	20	5858	9178	3579	2480	1.4431	
PILOT-2015004926__F__haiku4.5__rep1.json	PILOT-2015004926	F	1	20	5858	8032	2579	2480	1.0399	
PILOT-2015004926__F__haiku4.5__rep2.json	PILOT-2015004926	F	2	20	5858	7814	2483	2480	1.0012	
PILOT-2015004926__F__sonnet4__rep0.json	PILOT-2015004926	F	0	20	5858	7204	1643	2480	0.6625	
PILOT-2015004926__F__sonnet4__rep1.json	PILOT-2015004926	F	1	20	5858	7135	1561	2480	0.6294	
PILOT-2015004926__F__sonnet4__rep2.json	PILOT-2015004926	F	2	20	5858	7313	1751	2480	0.706	
PILOT-2015004926__G__gpt4o-mini__rep0.json	PILOT-2015004926	G	0	9	5858	3499	2806	2480	1.1315	
PILOT-2015004926__G__gpt4o-mini__rep1.json	PILOT-2015004926	G	1	8	5858	2875	3197	2480	1.2891	
PILOT-2015004926__G__gpt4o-mini__rep2.json	PILOT-2015004926	G	2	8	5858	1575	4289	2480	1.7294	
PILOT-2015004926__G__gpt5.4__rep0.json	PILOT-2015004926	G	0	20	5858	6140	631	2480	0.2544	
PILOT-2015004926__G__gpt5.4__rep1.json	PILOT-2015004926	G	1	20	5858	6126	617	2480	0.2488	
PILOT-2015004926__G__gpt5.4__rep2.json	PILOT-2015004926	G	2	20	5858	6142	626	2480	0.2524	
PILOT-2015004926__G__haiku4.5__rep0.json	PILOT-2015004926	G	0	20	5858	7610	2150	2480	0.8669	
PILOT-2015004926__G__haiku4.5__rep1.json	PILOT-2015004926	G	1	20	5858	7453	1993	2480	0.8036	
PILOT-2015004926__G__haiku4.5__rep2.json	PILOT-2015004926	G	2	20	5858	6846	2210	2480	0.8911	
PILOT-2015004926__G__sonnet4__rep0.json	PILOT-2015004926	G	0	20	5858	5891	960	2480	0.3871	
PILOT-2015004926__G__sonnet4__rep1.json	PILOT-2015004926	G	1	20	5858	5865	983	2480	0.3964	
PILOT-2015004926__G__sonnet4__rep2.json	PILOT-2015004926	G	2	20	5858	6095	716	2480	0.2887	
PILOT-2015004926__baseline__gpt4o-mini__rep0.json	PILOT-2015004926	baseline	0	10	5858	3112	3423	2480	1.3802	
PILOT-2015004926__baseline__gpt4o-mini__rep1.json	PILOT-2015004926	baseline	1	6	5858	2678	3406	2480	1.3734	
PILOT-2015004926__baseline__gpt4o-mini__rep2.json	PILOT-2015004926	baseline	2	7	5858	2842	3148	2480	1.2694	
PILOT-2015004926__baseline__gpt5.4__rep0.json	PILOT-2015004926	baseline	0	20	5858	6010	513	2480	0.2069	
PILOT-2015004926__baseline__gpt5.4__rep1.json	PILOT-2015004926	baseline	1	20	5858	6014	509	2480	0.2052	
PILOT-2015004926__baseline__gpt5.4__rep2.json	PILOT-2015004926	baseline	2	20	5858	6010	513	2480	0.2069	
PILOT-2015004926__baseline__haiku4.5__rep0.json	PILOT-2015004926	baseline	0	20	5858	7531	1969	2480	0.794	
PILOT-2015004926__baseline__haiku4.5__rep1.json	PILOT-2015004926	baseline	1	20	5858	7399	2032	2480	0.8194	
PILOT-2015004926__baseline__haiku4.5__rep2.json	PILOT-2015004926	baseline	2	20	5858	7968	2397	2480	0.9665	
PILOT-2015004926__baseline__sonnet4__rep0.json	PILOT-2015004926	baseline	0	15	5858	6031	1598	2480	0.6444	
PILOT-2015004926__baseline__sonnet4__rep1.json	PILOT-2015004926	baseline	1	20	5858	6033	1095	2480	0.4415	
PILOT-2015004926__baseline__sonnet4__rep2.json	PILOT-2015004926	baseline	2	20	5858	6087	917	2480	0.3698	
PILOT-2015005752__A__gpt4o-mini__rep0.json	PILOT-2015005752	A	0	5	4135	1184	2974	457	6.5077	
PILOT-2015005752__A__gpt4o-mini__rep1.json	PILOT-2015005752	A	1	7	4135	1362	2831	457	6.1947	
PILOT-2015005752__A__gpt4o-mini__rep2.json	PILOT-2015005752	A	2	5	4135	1184	2974	457	6.5077	
PILOT-2015005752__A__gpt5.4__rep0.json	PILOT-2015005752	A	0	20	4135	4019	605	457	1.3239	
PILOT-2015005752__A__gpt5.4__rep1.json	PILOT-2015005752	A	1	20	4135	3836	576	457	1.2604	
PILOT-2015005752__A__gpt5.4__rep2.json	PILOT-2015005752	A	2	20	4135	3852	638	457	1.3961	
PILOT-2015005752__A__haiku4.5__rep0.json	PILOT-2015005752	A	0	20	4135	5184	1247	457	2.7287	
PILOT-2015005752__A__haiku4.5__rep1.json	PILOT-2015005752	A	1	20	4135	5394	1752	457	3.8337	
PILOT-2015005752__A__haiku4.5__rep2.json	PILOT-2015005752	A	2	20	4135	5195	1316	457	2.8796	
PILOT-2015005752__A__sonnet4__rep0.json	PILOT-2015005752	A	0	20	4135	4685	848	457	1.8556	
PILOT-2015005752__A__sonnet4__rep1.json	PILOT-2015005752	A	1	20	4135	4226	389	457	0.8512	
PILOT-2015005752__A__sonnet4__rep2.json	PILOT-2015005752	A	2	20	4135	4229	394	457	0.8621	
PILOT-2015005752__B__gpt4o-mini__rep0.json	PILOT-2015005752	B	0	6	4135	1448	2735	457	5.9847	
PILOT-2015005752__B__gpt4o-mini__rep1.json	PILOT-2015005752	B	1	6	4135	1448	2735	457	5.9847	
PILOT-2015005752__B__gpt4o-mini__rep2.json	PILOT-2015005752	B	2	6	4135	1452	2692	457	5.8906	
PILOT-2015005752__B__gpt5.4__rep0.json	PILOT-2015005752	B	0	20	4135	4113	270	457	0.5908	
PILOT-2015005752__B__gpt5.4__rep1.json	PILOT-2015005752	B	1	20	4135	3962	653	457	1.4289	
PILOT-2015005752__B__gpt5.4__rep2.json	PILOT-2015005752	B	2	20	4135	4127	284	457	0.6214	
PILOT-2015005752__B__haiku4.5__rep0.json	PILOT-2015005752	B	0	20	4135	5427	1537	457	3.3632	
PILOT-2015005752__B__haiku4.5__rep1.json	PILOT-2015005752	B	1	20	4135	3974	1429	457	3.1269	
PILOT-2015005752__B__haiku4.5__rep2.json	PILOT-2015005752	B	2	20	4135	5017	1182	457	2.5864	
PILOT-2015005752__B__sonnet4__rep0.json	PILOT-2015005752	B	0	20	4135	4990	1145	457	2.5055	
PILOT-2015005752__B__sonnet4__rep1.json	PILOT-2015005752	B	1	20	4135	4621	780	457	1.7068	
PILOT-2015005752__B__sonnet4__rep2.json	PILOT-2015005752	B	2	20	4135	5565	1663	457	3.6389	
PILOT-2015005752__C__gpt4o-mini__rep0.json	PILOT-2015005752	C	0	7	4135	1591	2582	457	5.6499	
PILOT-2015005752__C__gpt4o-mini__rep1.json	PILOT-2015005752	C	1	7	4135	1591	2582	457	5.6499	
PILOT-2015005752__C__gpt4o-mini__rep2.json	PILOT-2015005752	C	2	7	4135	1632	2570	457	5.6236	
PILOT-2015005752__C__gpt5.4__rep0.json	PILOT-2015005752	C	0	20	4135	4273	430	457	0.9409	
PILOT-2015005752__C__gpt5.4__rep1.json	PILOT-2015005752	C	1	20	4135	3965	734	457	1.6061	
PILOT-2015005752__C__gpt5.4__rep2.json	PILOT-2015005752	C	2	20	4135	3937	706	457	1.5449	
PILOT-2015005752__C__haiku4.5__rep0.json	PILOT-2015005752	C	0	20	4135	4912	1017	457	2.2254	
PILOT-2015005752__C__haiku4.5__rep1.json	PILOT-2015005752	C	1	20	4135	5362	1414	457	3.0941	
PILOT-2015005752__C__haiku4.5__rep2.json	PILOT-2015005752	C	2	20	4135	3458	1904	457	4.1663	
PILOT-2015005752__C__sonnet4__rep0.json	PILOT-2015005752	C	0	20	4135	4685	848	457	1.8556	
PILOT-2015005752__C__sonnet4__rep1.json	PILOT-2015005752	C	1	20	4135	4994	1156	457	2.5295	
PILOT-2015005752__C__sonnet4__rep2.json	PILOT-2015005752	C	2	20	4135	4226	389	457	0.8512	
PILOT-2015005752__D__gpt4o-mini__rep0.json	PILOT-2015005752	D	0	7	4135	1591	2582	457	5.6499	
PILOT-2015005752__D__gpt4o-mini__rep1.json	PILOT-2015005752	D	1	7	4135	1591	2582	457	5.6499	
PILOT-2015005752__D__gpt4o-mini__rep2.json	PILOT-2015005752	D	2	7	4135	1591	2582	457	5.6499	
PILOT-2015005752__D__gpt5.4__rep0.json	PILOT-2015005752	D	0	20	4135	3972	1285	457	2.8118	
PILOT-2015005752__D__gpt5.4__rep1.json	PILOT-2015005752	D	1	20	4135	3967	736	457	1.6105	
PILOT-2015005752__D__gpt5.4__rep2.json	PILOT-2015005752	D	2	20	4135	3923	692	457	1.5142	
PILOT-2015005752__D__haiku4.5__rep0.json	PILOT-2015005752	D	0	20	4135	5799	1844	457	4.035	
PILOT-2015005752__D__haiku4.5__rep1.json	PILOT-2015005752	D	1	20	4135	2853	1904	457	4.1663	
PILOT-2015005752__D__haiku4.5__rep2.json	PILOT-2015005752	D	2	20	4135	4042	1792	457	3.9212	
PILOT-2015005752__D__sonnet4__rep0.json	PILOT-2015005752	D	0	20	4135	4027	1328	457	2.9059	
PILOT-2015005752__D__sonnet4__rep1.json	PILOT-2015005752	D	1	20	4135	4557	722	457	1.5799	
PILOT-2015005752__D__sonnet4__rep2.json	PILOT-2015005752	D	2	20	4135	4126	289	457	0.6324	
PILOT-2015005752__E__gpt4o-mini__rep0.json	PILOT-2015005752	E	0	7	4135	2249	2322	457	5.081	
PILOT-2015005752__E__gpt4o-mini__rep1.json	PILOT-2015005752	E	1	7	4135	1844	2453	457	5.3676	
PILOT-2015005752__E__gpt4o-mini__rep2.json	PILOT-2015005752	E	2	7	4135	2028	2392	457	5.2341	
PILOT-2015005752__E__gpt5.4__rep0.json	PILOT-2015005752	E	0	7	4135	1789	2552	457	5.5842	
PILOT-2015005752__E__gpt5.4__rep1.json	PILOT-2015005752	E	1	20	4135	4029	390	457	0.8534	
PILOT-2015005752__E__gpt5.4__rep2.json	PILOT-2015005752	E	2	8	4135	2380	1978	457	4.3282	
PILOT-2015005752__E__haiku4.5__rep0.json	PILOT-2015005752	E	0	20	4135	4656	821	457	1.7965	
PILOT-2015005752__E__haiku4.5__rep1.json	PILOT-2015005752	E	1	7	4135	2194	2330	457	5.0985	
PILOT-2015005752__E__haiku4.5__rep2.json	PILOT-2015005752	E	2	20	4135	3443	1908	457	4.1751	
PILOT-2015005752__E__sonnet4__rep0.json	PILOT-2015005752	E	0	20	4135	4394	557	457	1.2188	
PILOT-2015005752__E__sonnet4__rep1.json	PILOT-2015005752	E	1	20	4135	4141	883	457	1.9322	
PILOT-2015005752__E__sonnet4__rep2.json	PILOT-2015005752	E	2	20	4135	4063	770	457	1.6849	
PILOT-2015005752__F__gpt4o-mini__rep0.json	PILOT-2015005752	F	0	7	4135	1604	2605	457	5.7002	
PILOT-2015005752__F__gpt4o-mini__rep1.json	PILOT-2015005752	F	1	7	4135	1669	2541	457	5.5602	
PILOT-2015005752__F__gpt4o-mini__rep2.json	PILOT-2015005752	F	2	7	4135	1964	2406	457	5.2648	
PILOT-2015005752__F__gpt5.4__rep0.json	PILOT-2015005752	F	0	20	4135	3923	692	457	1.5142	
PILOT-2015005752__F__gpt5.4__rep1.json	PILOT-2015005752	F	1	20	4135	3832	1145	457	2.5055	
PILOT-2015005752__F__gpt5.4__rep2.json	PILOT-2015005752	F	2	20	4135	3923	692	457	1.5142	
PILOT-2015005752__F__haiku4.5__rep0.json	PILOT-2015005752	F	0	20	4135	5271	1379	457	3.0175	
PILOT-2015005752__F__haiku4.5__rep1.json	PILOT-2015005752	F	1	20	4135	9457	5863	457	12.8293	
PILOT-2015005752__F__haiku4.5__rep2.json	PILOT-2015005752	F	2	20	4135	5339	1392	457	3.046	
PILOT-2015005752__F__sonnet4__rep0.json	PILOT-2015005752	F	0	20	4135	4417	922	457	2.0175	
PILOT-2015005752__F__sonnet4__rep1.json	PILOT-2015005752	F	1	20	4135	4156	313	457	0.6849	
PILOT-2015005752__F__sonnet4__rep2.json	PILOT-2015005752	F	2	20	4135	4524	681	457	1.4902	
PILOT-2015005752__G__gpt4o-mini__rep0.json	PILOT-2015005752	G	0	7	4135	1591	2584	457	5.6543	
PILOT-2015005752__G__gpt4o-mini__rep1.json	PILOT-2015005752	G	1	4	4135	1251	2898	457	6.3414	
PILOT-2015005752__G__gpt4o-mini__rep2.json	PILOT-2015005752	G	2	7	4135	1591	2582	457	5.6499	
PILOT-2015005752__G__gpt5.4__rep0.json	PILOT-2015005752	G	0	20	4135	4488	620	457	1.3567	
PILOT-2015005752__G__gpt5.4__rep1.json	PILOT-2015005752	G	1	20	4135	4228	387	457	0.8468	
PILOT-2015005752__G__gpt5.4__rep2.json	PILOT-2015005752	G	2	20	4135	3923	692	457	1.5142	
PILOT-2015005752__G__haiku4.5__rep0.json	PILOT-2015005752	G	0	20	4135	4732	897	457	1.9628	
PILOT-2015005752__G__haiku4.5__rep1.json	PILOT-2015005752	G	1	20	4135	4709	808	457	1.7681	
PILOT-2015005752__G__haiku4.5__rep2.json	PILOT-2015005752	G	2	20	4135	4541	706	457	1.5449	
PILOT-2015005752__G__sonnet4__rep0.json	PILOT-2015005752	G	0	20	4135	4507	672	457	1.4705	
PILOT-2015005752__G__sonnet4__rep1.json	PILOT-2015005752	G	1	20	4135	4570	735	457	1.6083	
PILOT-2015005752__G__sonnet4__rep2.json	PILOT-2015005752	G	2	20	4135	4450	615	457	1.3457	
PILOT-2015005752__baseline__gpt4o-mini__rep0.json	PILOT-2015005752	baseline	0	7	4135	1591	2582	457	5.6499	
PILOT-2015005752__baseline__gpt4o-mini__rep1.json	PILOT-2015005752	baseline	1	7	4135	1659	2547	457	5.5733	
PILOT-2015005752__baseline__gpt4o-mini__rep2.json	PILOT-2015005752	baseline	2	7	4135	1591	2582	457	5.6499	
PILOT-2015005752__baseline__gpt5.4__rep0.json	PILOT-2015005752	baseline	0	20	4135	4256	413	457	0.9037	
PILOT-2015005752__baseline__gpt5.4__rep1.json	PILOT-2015005752	baseline	1	20	4135	4798	961	457	2.1028	
PILOT-2015005752__baseline__gpt5.4__rep2.json	PILOT-2015005752	baseline	2	20	4135	3937	706	457	1.5449	
PILOT-2015005752__baseline__haiku4.5__rep0.json	PILOT-2015005752	baseline	0	20	4135	3535	1911	457	4.1816	
PILOT-2015005752__baseline__haiku4.5__rep1.json	PILOT-2015005752	baseline	1	20	4135	3677	1930	457	4.2232	
PILOT-2015005752__baseline__haiku4.5__rep2.json	PILOT-2015005752	baseline	2	20	4135	5458	1536	457	3.3611	
PILOT-2015005752__baseline__sonnet4__rep0.json	PILOT-2015005752	baseline	0	20	4135	4219	964	457	2.1094	
PILOT-2015005752__baseline__sonnet4__rep1.json	PILOT-2015005752	baseline	1	20	4135	4396	1088	457	2.3807	
PILOT-2015005752__baseline__sonnet4__rep2.json	PILOT-2015005752	baseline	2	20	4135	4336	496	457	1.0853	
PILOT-2015006206__A__gpt4o-mini__rep0.json	PILOT-2015006206	A	0	7	6927	1810	5278	961	5.4922	
PILOT-2015006206__A__gpt4o-mini__rep1.json	PILOT-2015006206	A	1	7	6927	1749	5303	961	5.5182	
PILOT-2015006206__A__gpt4o-mini__rep2.json	PILOT-2015006206	A	2	7	6927	1689	5349	961	5.5661	
PILOT-2015006206__A__gpt5.4__rep0.json	PILOT-2015006206	A	0	12	6927	3809	3789	961	3.9428	
PILOT-2015006206__A__gpt5.4__rep1.json	PILOT-2015006206	A	1	26	6927	7839	960	961	0.999	
PILOT-2015006206__A__gpt5.4__rep2.json	PILOT-2015006206	A	2	11	6927	3162	4091	961	4.257	
PILOT-2015006206__A__haiku4.5__rep0.json	PILOT-2015006206	A	0	26	6927	7682	1115	961	1.1602	
PILOT-2015006206__A__haiku4.5__rep1.json	PILOT-2015006206	A	1	26	6927	8074	1455	961	1.514	
PILOT-2015006206__A__haiku4.5__rep2.json	PILOT-2015006206	A	2	26	6927	7767	1160	961	1.2071	
PILOT-2015006206__A__sonnet4__rep0.json	PILOT-2015006206	A	0	26	6927	6853	229	961	0.2383	
PILOT-2015006206__A__sonnet4__rep1.json	PILOT-2015006206	A	1	26	6927	6843	332	961	0.3455	
PILOT-2015006206__A__sonnet4__rep2.json	PILOT-2015006206	A	2	26	6927	6893	374	961	0.3892	
PILOT-2015006206__B__gpt4o-mini__rep0.json	PILOT-2015006206	B	0	7	6927	2169	4959	961	5.1602	
PILOT-2015006206__B__gpt4o-mini__rep1.json	PILOT-2015006206	B	1	7	6927	2154	4948	961	5.1488	
PILOT-2015006206__B__gpt4o-mini__rep2.json	PILOT-2015006206	B	2	7	6927	2121	4991	961	5.1935	
PILOT-2015006206__B__gpt5.4__rep0.json	PILOT-2015006206	B	0	8	6927	2122	4987	961	5.1894	
PILOT-2015006206__B__gpt5.4__rep1.json	PILOT-2015006206	B	1	7	6927	2222	4880	961	5.078	
PILOT-2015006206__B__gpt5.4__rep2.json	PILOT-2015006206	B	2	26	6927	7347	420	961	0.437	
PILOT-2015006206__B__haiku4.5__rep0.json	PILOT-2015006206	B	0	26	6927	9686	2887	961	3.0042	
PILOT-2015006206__B__haiku4.5__rep1.json	PILOT-2015006206	B	1	26	6927	8796	2000	961	2.0812	
PILOT-2015006206__B__haiku4.5__rep2.json	PILOT-2015006206	B	2	26	6927	9392	2576	961	2.6805	
PILOT-2015006206__B__sonnet4__rep0.json	PILOT-2015006206	B	0	26	6927	7514	873	961	0.9084	
PILOT-2015006206__B__sonnet4__rep1.json	PILOT-2015006206	B	1	26	6927	7304	527	961	0.5484	
PILOT-2015006206__B__sonnet4__rep2.json	PILOT-2015006206	B	2	26	6927	7443	630	961	0.6556	
PILOT-2015006206__C__gpt4o-mini__rep0.json	PILOT-2015006206	C	0	5	6927	1498	5456	961	5.6774	
PILOT-2015006206__C__gpt4o-mini__rep1.json	PILOT-2015006206	C	1	5	6927	1369	5573	961	5.7992	
PILOT-2015006206__C__gpt4o-mini__rep2.json	PILOT-2015006206	C	2	5	6927	1334	5608	961	5.8356	
PILOT-2015006206__C__gpt5.4__rep0.json	PILOT-2015006206	C	0	26	6927	7251	342	961	0.3559	
PILOT-2015006206__C__gpt5.4__rep1.json	PILOT-2015006206	C	1	11	6927	3733	3639	961	3.7867	
PILOT-2015006206__C__gpt5.4__rep2.json	PILOT-2015006206	C	2	26	6927	7414	487	961	0.5068	
PILOT-2015006206__C__haiku4.5__rep0.json	PILOT-2015006206	C	0	26	6927	8514	1680	961	1.7482	
PILOT-2015006206__C__haiku4.5__rep1.json	PILOT-2015006206	C	1	26	6927	4172	3284	961	3.4173	
PILOT-2015006206__C__haiku4.5__rep2.json	PILOT-2015006206	C	2	26	6927	7669	854	961	0.8887	
PILOT-2015006206__C__sonnet4__rep0.json	PILOT-2015006206	C	0	26	6927	7053	276	961	0.2872	
PILOT-2015006206__C__sonnet4__rep1.json	PILOT-2015006206	C	1	26	6927	7053	276	961	0.2872	
PILOT-2015006206__C__sonnet4__rep2.json	PILOT-2015006206	C	2	26	6927	7053	276	961	0.2872	
PILOT-2015006206__D__gpt4o-mini__rep0.json	PILOT-2015006206	D	0	5	6927	1680	5299	961	5.514	
PILOT-2015006206__D__gpt4o-mini__rep1.json	PILOT-2015006206	D	1	5	6927	1621	5351	961	5.5682	
PILOT-2015006206__D__gpt4o-mini__rep2.json	PILOT-2015006206	D	2	5	6927	1362	5580	961	5.8065	
PILOT-2015006206__D__gpt5.4__rep0.json	PILOT-2015006206	D	0	26	6927	8988	2151	961	2.2383	
PILOT-2015006206__D__gpt5.4__rep1.json	PILOT-2015006206	D	1	26	6927	7421	494	961	0.514	
PILOT-2015006206__D__gpt5.4__rep2.json	PILOT-2015006206	D	2	11	6927	3346	3823	961	3.9781	
PILOT-2015006206__D__haiku4.5__rep0.json	PILOT-2015006206	D	0	26	6927	8369	1569	961	1.6327	
PILOT-2015006206__D__haiku4.5__rep1.json	PILOT-2015006206	D	1	26	6927	8414	1580	961	1.6441	
PILOT-2015006206__D__haiku4.5__rep2.json	PILOT-2015006206	D	2	26	6927	8115	1316	961	1.3694	
PILOT-2015006206__D__sonnet4__rep0.json	PILOT-2015006206	D	0	26	6927	7289	512	961	0.5328	
PILOT-2015006206__D__sonnet4__rep1.json	PILOT-2015006206	D	1	26	6927	7686	909	961	0.9459	
PILOT-2015006206__D__sonnet4__rep2.json	PILOT-2015006206	D	2	26	6927	7245	468	961	0.487	
PILOT-2015006206__E__gpt4o-mini__rep0.json	PILOT-2015006206	E	0	5	6927	1430	5526	961	5.7503	
PILOT-2015006206__E__gpt4o-mini__rep1.json	PILOT-2015006206	E	1	5	6927	1362	5580	961	5.8065	
PILOT-2015006206__E__gpt4o-mini__rep2.json	PILOT-2015006206	E	2	5	6927	1362	5580	961	5.8065	
PILOT-2015006206__E__gpt5.4__rep0.json	PILOT-2015006206	E	0	26	6927	7214	287	961	0.2986	
PILOT-2015006206__E__gpt5.4__rep1.json	PILOT-2015006206	E	1	26	6927	7320	433	961	0.4506	
PILOT-2015006206__E__gpt5.4__rep2.json	PILOT-2015006206	E	2	26	6927	7291	476	961	0.4953	
PILOT-2015006206__E__haiku4.5__rep0.json	PILOT-2015006206	E	0	26	6927	7486	671	961	0.6982	
PILOT-2015006206__E__haiku4.5__rep1.json	PILOT-2015006206	E	1	26	6927	4247	3081	961	3.206	
PILOT-2015006206__E__haiku4.5__rep2.json	PILOT-2015006206	E	2	26	6927	4241	3156	961	3.2841	
PILOT-2015006206__E__sonnet4__rep0.json	PILOT-2015006206	E	0	26	6927	7053	276	961	0.2872	
PILOT-2015006206__E__sonnet4__rep1.json	PILOT-2015006206	E	1	26	6927	7560	783	961	0.8148	
PILOT-2015006206__E__sonnet4__rep2.json	PILOT-2015006206	E	2	26	6927	7045	268	961	0.2789	
PILOT-2015006206__F__gpt4o-mini__rep0.json	PILOT-2015006206	F	0	5	6927	1430	5526	961	5.7503	
PILOT-2015006206__F__gpt4o-mini__rep1.json	PILOT-2015006206	F	1	7	6927	1729	5209	961	5.4204	
PILOT-2015006206__F__gpt4o-mini__rep2.json	PILOT-2015006206	F	2	5	6927	1296	5631	961	5.8595	
PILOT-2015006206__F__gpt5.4__rep0.json	PILOT-2015006206	F	0	11	6927	3339	3830	961	3.9854	
PILOT-2015006206__F__gpt5.4__rep1.json	PILOT-2015006206	F	1	26	6927	7314	387	961	0.4027	
PILOT-2015006206__F__gpt5.4__rep2.json	PILOT-2015006206	F	2	26	6927	7346	421	961	0.4381	
PILOT-2015006206__F__haiku4.5__rep0.json	PILOT-2015006206	F	0	26	6927	7537	724	961	0.7534	
PILOT-2015006206__F__haiku4.5__rep1.json	PILOT-2015006206	F	1	26	6927	7835	1022	961	1.0635	
PILOT-2015006206__F__haiku4.5__rep2.json	PILOT-2015006206	F	2	26	6927	7832	1054	961	1.0968	
PILOT-2015006206__F__sonnet4__rep0.json	PILOT-2015006206	F	0	26	6927	7041	264	961	0.2747	
PILOT-2015006206__F__sonnet4__rep1.json	PILOT-2015006206	F	1	26	6927	7053	276	961	0.2872	
PILOT-2015006206__F__sonnet4__rep2.json	PILOT-2015006206	F	2	26	6927	7234	457	961	0.4755	
PILOT-2015006206__G__gpt4o-mini__rep0.json	PILOT-2015006206	G	0	0			None		None	no_gen
PILOT-2015006206__G__gpt4o-mini__rep1.json	PILOT-2015006206	G	1	0			None		None	no_gen
PILOT-2015006206__G__gpt4o-mini__rep2.json	PILOT-2015006206	G	2	5	6927	1361	5581	961	5.8075	
PILOT-2015006206__G__gpt5.4__rep0.json	PILOT-2015006206	G	0	11	6927	3765	3730	961	3.8814	
PILOT-2015006206__G__gpt5.4__rep1.json	PILOT-2015006206	G	1	26	6927	7347	420	961	0.437	
PILOT-2015006206__G__gpt5.4__rep2.json	PILOT-2015006206	G	2	26	6927	7347	420	961	0.437	
PILOT-2015006206__G__haiku4.5__rep0.json	PILOT-2015006206	G	0	26	6927	7489	676	961	0.7034	
PILOT-2015006206__G__haiku4.5__rep1.json	PILOT-2015006206	G	1	26	6927	7910	1137	961	1.1831	
PILOT-2015006206__G__haiku4.5__rep2.json	PILOT-2015006206	G	2	26	6927	7882	1069	961	1.1124	
PILOT-2015006206__G__sonnet4__rep0.json	PILOT-2015006206	G	0	26	6927	7044	267	961	0.2778	
PILOT-2015006206__G__sonnet4__rep1.json	PILOT-2015006206	G	1	26	6927	7216	439	961	0.4568	
PILOT-2015006206__G__sonnet4__rep2.json	PILOT-2015006206	G	2	26	6927	7045	268	961	0.2789	
PILOT-2015006206__baseline__gpt4o-mini__rep0.json	PILOT-2015006206	baseline	0	5	6927	1621	5341	961	5.5578	
PILOT-2015006206__baseline__gpt4o-mini__rep1.json	PILOT-2015006206	baseline	1	5	6927	1650	5327	961	5.5432	
PILOT-2015006206__baseline__gpt4o-mini__rep2.json	PILOT-2015006206	baseline	2	5	6927	1696	5287	961	5.5016	
PILOT-2015006206__baseline__gpt5.4__rep0.json	PILOT-2015006206	baseline	0	26	6927	7421	494	961	0.514	
PILOT-2015006206__baseline__gpt5.4__rep1.json	PILOT-2015006206	baseline	1	26	6927	7320	433	961	0.4506	
PILOT-2015006206__baseline__gpt5.4__rep2.json	PILOT-2015006206	baseline	2	26	6927	7320	433	961	0.4506	
PILOT-2015006206__baseline__haiku4.5__rep0.json	PILOT-2015006206	baseline	0	26	6927	8665	1861	961	1.9365	
PILOT-2015006206__baseline__haiku4.5__rep1.json	PILOT-2015006206	baseline	1	26	6927	8172	1337	961	1.3913	
PILOT-2015006206__baseline__haiku4.5__rep2.json	PILOT-2015006206	baseline	2	26	6927	8357	1501	961	1.5619	
PILOT-2015006206__baseline__sonnet4__rep0.json	PILOT-2015006206	baseline	0	26	6927	7053	276	961	0.2872	
PILOT-2015006206__baseline__sonnet4__rep1.json	PILOT-2015006206	baseline	1	26	6927	7053	276	961	0.2872	
PILOT-2015006206__baseline__sonnet4__rep2.json	PILOT-2015006206	baseline	2	26	6927	7053	276	961	0.2872	
PILOT-2015006603__A__gpt4o-mini__rep0.json	PILOT-2015006603	A	0	6	8199	3316	5068	5611	0.9032	
PILOT-2015006603__A__gpt4o-mini__rep1.json	PILOT-2015006603	A	1	4	8199	1310	6896	5611	1.229	
PILOT-2015006603__A__gpt4o-mini__rep2.json	PILOT-2015006603	A	2	5	8199	3144	5268	5611	0.9389	
PILOT-2015006603__A__gpt5.4__rep0.json	PILOT-2015006603	A	0	19	8199	6357	3128	5611	0.5575	
PILOT-2015006603__A__gpt5.4__rep1.json	PILOT-2015006603	A	1	19	8199	6398	3169	5611	0.5648	
PILOT-2015006603__A__gpt5.4__rep2.json	PILOT-2015006603	A	2	19	8199	6371	3118	5611	0.5557	
PILOT-2015006603__A__haiku4.5__rep0.json	PILOT-2015006603	A	0	33	8199	9274	1546	5611	0.2755	
PILOT-2015006603__A__haiku4.5__rep1.json	PILOT-2015006603	A	1	33	8199	7082	4012	5611	0.715	
PILOT-2015006603__A__haiku4.5__rep2.json	PILOT-2015006603	A	2	33	8199	9795	2059	5611	0.367	
PILOT-2015006603__A__sonnet4__rep0.json	PILOT-2015006603	A	0	33	8199	9768	2039	5611	0.3634	
PILOT-2015006603__A__sonnet4__rep1.json	PILOT-2015006603	A	1	33	8199	9768	2039	5611	0.3634	
PILOT-2015006603__A__sonnet4__rep2.json	PILOT-2015006603	A	2	33	8199	9786	2051	5611	0.3655	
PILOT-2015006603__B__gpt4o-mini__rep0.json	PILOT-2015006603	B	0	6	8199	1987	6297	5611	1.1223	
PILOT-2015006603__B__gpt4o-mini__rep1.json	PILOT-2015006603	B	1	5	8199	3544	4860	5611	0.8662	
PILOT-2015006603__B__gpt4o-mini__rep2.json	PILOT-2015006603	B	2	4	8199	1585	6630	5611	1.1816	
PILOT-2015006603__B__gpt5.4__rep0.json	PILOT-2015006603	B	0	18	8199	5699	2918	5611	0.52	
PILOT-2015006603__B__gpt5.4__rep1.json	PILOT-2015006603	B	1	15	8199	5233	3647	5611	0.65	
PILOT-2015006603__B__gpt5.4__rep2.json	PILOT-2015006603	B	2	19	8199	5762	2887	5611	0.5145	
PILOT-2015006603__B__haiku4.5__rep0.json	PILOT-2015006603	B	0	33	8199	8907	1373	5611	0.2447	
PILOT-2015006603__B__haiku4.5__rep1.json	PILOT-2015006603	B	1	33	8199	9363	1635	5611	0.2914	
PILOT-2015006603__B__haiku4.5__rep2.json	PILOT-2015006603	B	2	33	8199	3579	5297	5611	0.944	
PILOT-2015006603__B__sonnet4__rep0.json	PILOT-2015006603	B	0	33	8199	9464	1737	5611	0.3096	
PILOT-2015006603__B__sonnet4__rep1.json	PILOT-2015006603	B	1	33	8199	9836	2107	5611	0.3755	
PILOT-2015006603__B__sonnet4__rep2.json	PILOT-2015006603	B	2	33	8199	9792	2063	5611	0.3677	
PILOT-2015006603__C__gpt4o-mini__rep0.json	PILOT-2015006603	C	0	5	8199	1483	6728	5611	1.1991	
PILOT-2015006603__C__gpt4o-mini__rep1.json	PILOT-2015006603	C	1	5	8199	1898	6345	5611	1.1308	
PILOT-2015006603__C__gpt4o-mini__rep2.json	PILOT-2015006603	C	2	5	8199	1479	6732	5611	1.1998	
PILOT-2015006603__C__gpt5.4__rep0.json	PILOT-2015006603	C	0	19	8199	6395	3080	5611	0.5489	
PILOT-2015006603__C__gpt5.4__rep1.json	PILOT-2015006603	C	1	19	8199	6317	3029	5611	0.5398	
PILOT-2015006603__C__gpt5.4__rep2.json	PILOT-2015006603	C	2	20	8199	6061	2667	5611	0.4753	
PILOT-2015006603__C__haiku4.5__rep0.json	PILOT-2015006603	C	0	13	8199	5923	3837	5611	0.6838	
PILOT-2015006603__C__haiku4.5__rep1.json	PILOT-2015006603	C	1	13	8199	6414	3732	5611	0.6651	
PILOT-2015006603__C__haiku4.5__rep2.json	PILOT-2015006603	C	2	13	8199	6529	3715	5611	0.6621	
PILOT-2015006603__C__sonnet4__rep0.json	PILOT-2015006603	C	0	33	8199	8811	1132	5611	0.2017	
PILOT-2015006603__C__sonnet4__rep1.json	PILOT-2015006603	C	1	33	8199	8561	878	5611	0.1565	
PILOT-2015006603__C__sonnet4__rep2.json	PILOT-2015006603	C	2	33	8199	9654	1925	5611	0.3431	
PILOT-2015006603__D__gpt4o-mini__rep0.json	PILOT-2015006603	D	0	5	8199	2317	5948	5611	1.0601	
PILOT-2015006603__D__gpt4o-mini__rep1.json	PILOT-2015006603	D	1	9	8199	3304	5194	5611	0.9257	
PILOT-2015006603__D__gpt4o-mini__rep2.json	PILOT-2015006603	D	2	6	8199	2649	5673	5611	1.011	
PILOT-2015006603__D__gpt5.4__rep0.json	PILOT-2015006603	D	0	19	8199	6396	3105	5611	0.5534	
PILOT-2015006603__D__gpt5.4__rep1.json	PILOT-2015006603	D	1	20	8199	5928	2619	5611	0.4668	
PILOT-2015006603__D__gpt5.4__rep2.json	PILOT-2015006603	D	2	19	8199	6485	3175	5611	0.5659	
PILOT-2015006603__D__haiku4.5__rep0.json	PILOT-2015006603	D	0	33	8199	9495	1762	5611	0.314	
PILOT-2015006603__D__haiku4.5__rep1.json	PILOT-2015006603	D	1	33	8199	5538	3985	5611	0.7102	
PILOT-2015006603__D__haiku4.5__rep2.json	PILOT-2015006603	D	2	33	8199	5662	3651	5611	0.6507	
PILOT-2015006603__D__sonnet4__rep0.json	PILOT-2015006603	D	0	33	8199	9791	2062	5611	0.3675	
PILOT-2015006603__D__sonnet4__rep1.json	PILOT-2015006603	D	1	13	8199	5012	3657	5611	0.6518	
PILOT-2015006603__D__sonnet4__rep2.json	PILOT-2015006603	D	2	33	8199	9411	1684	5611	0.3001	
PILOT-2015006603__E__gpt4o-mini__rep0.json	PILOT-2015006603	E	0	4	8199	1747	6484	5611	1.1556	
PILOT-2015006603__E__gpt4o-mini__rep1.json	PILOT-2015006603	E	1	4	8199	1813	6395	5611	1.1397	
PILOT-2015006603__E__gpt4o-mini__rep2.json	PILOT-2015006603	E	2	4	8199	1997	6213	5611	1.1073	
PILOT-2015006603__E__gpt5.4__rep0.json	PILOT-2015006603	E	0	19	8199	6755	3148	5611	0.561	
PILOT-2015006603__E__gpt5.4__rep1.json	PILOT-2015006603	E	1	19	8199	6461	3224	5611	0.5746	
PILOT-2015006603__E__gpt5.4__rep2.json	PILOT-2015006603	E	2	13	8199	4816	3654	5611	0.6512	
PILOT-2015006603__E__haiku4.5__rep0.json	PILOT-2015006603	E	0	13	8199	5807	4168	5611	0.7428	
PILOT-2015006603__E__haiku4.5__rep1.json	PILOT-2015006603	E	1	13	8199	5661	3988	5611	0.7107	
PILOT-2015006603__E__haiku4.5__rep2.json	PILOT-2015006603	E	2	13	8199	5745	3692	5611	0.658	
PILOT-2015006603__E__sonnet4__rep0.json	PILOT-2015006603	E	0	33	8199	9249	1520	5611	0.2709	
PILOT-2015006603__E__sonnet4__rep1.json	PILOT-2015006603	E	1	33	8199	9539	1811	5611	0.3228	
PILOT-2015006603__E__sonnet4__rep2.json	PILOT-2015006603	E	2	13	8199	5346	3960	5611	0.7058	
PILOT-2015006603__F__gpt4o-mini__rep0.json	PILOT-2015006603	F	0	2	8199	1050	7149	5611	1.2741	
PILOT-2015006603__F__gpt4o-mini__rep1.json	PILOT-2015006603	F	1	2	8199	886	7313	5611	1.3033	
PILOT-2015006603__F__gpt4o-mini__rep2.json	PILOT-2015006603	F	2	0			None		None	no_gen
PILOT-2015006603__F__gpt5.4__rep0.json	PILOT-2015006603	F	0	14	8199	5164	3289	5611	0.5862	
PILOT-2015006603__F__gpt5.4__rep1.json	PILOT-2015006603	F	1	14	8199	5570	3903	5611	0.6956	
PILOT-2015006603__F__gpt5.4__rep2.json	PILOT-2015006603	F	2	14	8199	4980	3780	5611	0.6737	
PILOT-2015006603__F__haiku4.5__rep0.json	PILOT-2015006603	F	0	33	8199	8415	744	5611	0.1326	
PILOT-2015006603__F__haiku4.5__rep1.json	PILOT-2015006603	F	1	33	8199	9398	1668	5611	0.2973	
PILOT-2015006603__F__haiku4.5__rep2.json	PILOT-2015006603	F	2	33	8199	6166	3473	5611	0.619	
PILOT-2015006603__F__sonnet4__rep0.json	PILOT-2015006603	F	0	33	8199	8841	1162	5611	0.2071	
PILOT-2015006603__F__sonnet4__rep1.json	PILOT-2015006603	F	1	33	8199	9455	1726	5611	0.3076	
PILOT-2015006603__F__sonnet4__rep2.json	PILOT-2015006603	F	2	33	8199	9478	1749	5611	0.3117	
PILOT-2015006603__G__gpt4o-mini__rep0.json	PILOT-2015006603	G	0	0			None		None	no_gen
PILOT-2015006603__G__gpt4o-mini__rep1.json	PILOT-2015006603	G	1	0			None		None	no_gen
PILOT-2015006603__G__gpt4o-mini__rep2.json	PILOT-2015006603	G	2	0			None		None	no_gen
PILOT-2015006603__G__gpt5.4__rep0.json	PILOT-2015006603	G	0	19	8199	5976	3075	5611	0.548	
PILOT-2015006603__G__gpt5.4__rep1.json	PILOT-2015006603	G	1	19	8199	6606	3348	5611	0.5967	
PILOT-2015006603__G__gpt5.4__rep2.json	PILOT-2015006603	G	2	19	8199	5888	2886	5611	0.5143	
PILOT-2015006603__G__haiku4.5__rep0.json	PILOT-2015006603	G	0	13	8199	6269	3733	5611	0.6653	
PILOT-2015006603__G__haiku4.5__rep1.json	PILOT-2015006603	G	1	13	8199	5577	4104	5611	0.7314	
PILOT-2015006603__G__haiku4.5__rep2.json	PILOT-2015006603	G	2	33	8199	9606	1899	5611	0.3384	
PILOT-2015006603__G__sonnet4__rep0.json	PILOT-2015006603	G	0	33	8199	9726	1997	5611	0.3559	
PILOT-2015006603__G__sonnet4__rep1.json	PILOT-2015006603	G	1	33	8199	9561	1832	5611	0.3265	
PILOT-2015006603__G__sonnet4__rep2.json	PILOT-2015006603	G	2	33	8199	9697	1968	5611	0.3507	
PILOT-2015006603__baseline__gpt4o-mini__rep0.json	PILOT-2015006603	baseline	0	5	8199	2347	5986	5611	1.0668	
PILOT-2015006603__baseline__gpt4o-mini__rep1.json	PILOT-2015006603	baseline	1	5	8199	2118	6108	5611	1.0886	
PILOT-2015006603__baseline__gpt4o-mini__rep2.json	PILOT-2015006603	baseline	2	4	8199	1325	6882	5611	1.2265	
PILOT-2015006603__baseline__gpt5.4__rep0.json	PILOT-2015006603	baseline	0	19	8199	6480	3148	5611	0.561	
PILOT-2015006603__baseline__gpt5.4__rep1.json	PILOT-2015006603	baseline	1	19	8199	6375	3127	5611	0.5573	
PILOT-2015006603__baseline__gpt5.4__rep2.json	PILOT-2015006603	baseline	2	19	8199	6422	3165	5611	0.5641	
PILOT-2015006603__baseline__haiku4.5__rep0.json	PILOT-2015006603	baseline	0	13	8199	6683	4122	5611	0.7346	
PILOT-2015006603__baseline__haiku4.5__rep1.json	PILOT-2015006603	baseline	1	33	8199	9580	1851	5611	0.3299	
PILOT-2015006603__baseline__haiku4.5__rep2.json	PILOT-2015006603	baseline	2	33	8199	5789	4182	5611	0.7453	
PILOT-2015006603__baseline__sonnet4__rep0.json	PILOT-2015006603	baseline	0	33	8199	8681	2000	5611	0.3564	
PILOT-2015006603__baseline__sonnet4__rep1.json	PILOT-2015006603	baseline	1	33	8199	8811	1132	5611	0.2017	
PILOT-2015006603__baseline__sonnet4__rep2.json	PILOT-2015006603	baseline	2	33	8199	10539	2810	5611	0.5008	
PILOT-2016000830__A__gpt4o-mini__rep0.json	PILOT-2016000830	A	0	0			None		None	no_gen
PILOT-2016000830__A__gpt4o-mini__rep1.json	PILOT-2016000830	A	1	0			None		None	no_gen
PILOT-2016000830__A__gpt4o-mini__rep2.json	PILOT-2016000830	A	2	0			None		None	no_gen
PILOT-2016000830__A__gpt5.4__rep0.json	PILOT-2016000830	A	0	11	3034	2275	1123	4750	0.2364	
PILOT-2016000830__A__gpt5.4__rep1.json	PILOT-2016000830	A	1	11	3034	2030	1385	4750	0.2916	
PILOT-2016000830__A__gpt5.4__rep2.json	PILOT-2016000830	A	2	12	3034	2359	1035	4750	0.2179	
PILOT-2016000830__A__haiku4.5__rep0.json	PILOT-2016000830	A	0	11	3034	2372	1471	4750	0.3097	
PILOT-2016000830__A__haiku4.5__rep1.json	PILOT-2016000830	A	1	11	3034	1921	1743	4750	0.3669	
PILOT-2016000830__A__haiku4.5__rep2.json	PILOT-2016000830	A	2	11	3034	2033	1723	4750	0.3627	
PILOT-2016000830__A__sonnet4__rep0.json	PILOT-2016000830	A	0	14	3034	2145	2034	4750	0.4282	
PILOT-2016000830__A__sonnet4__rep1.json	PILOT-2016000830	A	1	14	3034	2137	2034	4750	0.4282	
PILOT-2016000830__A__sonnet4__rep2.json	PILOT-2016000830	A	2	14	3034	3353	1429	4750	0.3008	
PILOT-2016000830__B__gpt4o-mini__rep0.json	PILOT-2016000830	B	0	0			None		None	no_gen
PILOT-2016000830__B__gpt4o-mini__rep1.json	PILOT-2016000830	B	1	0			None		None	no_gen
PILOT-2016000830__B__gpt4o-mini__rep2.json	PILOT-2016000830	B	2	0			None		None	no_gen
PILOT-2016000830__B__gpt5.4__rep0.json	PILOT-2016000830	B	0	11	3034	2690	1004	4750	0.2114	
PILOT-2016000830__B__gpt5.4__rep1.json	PILOT-2016000830	B	1	11	3034	2778	1140	4750	0.24	
PILOT-2016000830__B__gpt5.4__rep2.json	PILOT-2016000830	B	2	11	3034	2786	1077	4750	0.2267	
PILOT-2016000830__B__haiku4.5__rep0.json	PILOT-2016000830	B	0	11	3034	1948	2010	4750	0.4232	
PILOT-2016000830__B__haiku4.5__rep1.json	PILOT-2016000830	B	1	11	3034	2077	1786	4750	0.376	
PILOT-2016000830__B__haiku4.5__rep2.json	PILOT-2016000830	B	2	11	3034	1979	1776	4750	0.3739	
PILOT-2016000830__B__sonnet4__rep0.json	PILOT-2016000830	B	0	12	3034	3234	1410	4750	0.2968	
PILOT-2016000830__B__sonnet4__rep1.json	PILOT-2016000830	B	1	12	3034	3347	1411	4750	0.2971	
PILOT-2016000830__B__sonnet4__rep2.json	PILOT-2016000830	B	2	12	3034	3240	1434	4750	0.3019	
PILOT-2016000830__C__gpt4o-mini__rep0.json	PILOT-2016000830	C	0	0			None		None	no_gen
PILOT-2016000830__C__gpt4o-mini__rep1.json	PILOT-2016000830	C	1	0			None		None	no_gen
PILOT-2016000830__C__gpt4o-mini__rep2.json	PILOT-2016000830	C	2	0			None		None	no_gen
PILOT-2016000830__C__gpt5.4__rep0.json	PILOT-2016000830	C	0	11	3034	2627	1191	4750	0.2507	
PILOT-2016000830__C__gpt5.4__rep1.json	PILOT-2016000830	C	1	11	3034	2403	1054	4750	0.2219	
PILOT-2016000830__C__gpt5.4__rep2.json	PILOT-2016000830	C	2	11	3034	1443	1769	4750	0.3724	
PILOT-2016000830__C__haiku4.5__rep0.json	PILOT-2016000830	C	0	14	3034	3369	1456	4750	0.3065	
PILOT-2016000830__C__haiku4.5__rep1.json	PILOT-2016000830	C	1	13	3034	2972	1296	4750	0.2728	
PILOT-2016000830__C__haiku4.5__rep2.json	PILOT-2016000830	C	2	18	3034	3230	1589	4750	0.3345	
PILOT-2016000830__C__sonnet4__rep0.json	PILOT-2016000830	C	0	14	3034	2973	1074	4750	0.2261	
PILOT-2016000830__C__sonnet4__rep1.json	PILOT-2016000830	C	1	14	3034	3044	1238	4750	0.2606	
PILOT-2016000830__C__sonnet4__rep2.json	PILOT-2016000830	C	2	12	3034	2908	1181	4750	0.2486	
PILOT-2016000830__D__gpt4o-mini__rep0.json	PILOT-2016000830	D	0	0			None		None	no_gen
PILOT-2016000830__D__gpt4o-mini__rep1.json	PILOT-2016000830	D	1	0			None		None	no_gen
PILOT-2016000830__D__gpt4o-mini__rep2.json	PILOT-2016000830	D	2	0			None		None	no_gen
PILOT-2016000830__D__gpt5.4__rep0.json	PILOT-2016000830	D	0	11	3034	2835	1046	4750	0.2202	
PILOT-2016000830__D__gpt5.4__rep1.json	PILOT-2016000830	D	1	11	3034	2640	998	4750	0.2101	
PILOT-2016000830__D__gpt5.4__rep2.json	PILOT-2016000830	D	2	11	3034	2528	1183	4750	0.2491	
PILOT-2016000830__D__haiku4.5__rep0.json	PILOT-2016000830	D	0	12	3034	2887	1088	4750	0.2291	
PILOT-2016000830__D__haiku4.5__rep1.json	PILOT-2016000830	D	1	11	3034	2920	1164	4750	0.2451	
PILOT-2016000830__D__haiku4.5__rep2.json	PILOT-2016000830	D	2	13	3034	3681	1706	4750	0.3592	
PILOT-2016000830__D__sonnet4__rep0.json	PILOT-2016000830	D	0	14	3034	3544	1598	4750	0.3364	
PILOT-2016000830__D__sonnet4__rep1.json	PILOT-2016000830	D	1	14	3034	3839	1818	4750	0.3827	
PILOT-2016000830__D__sonnet4__rep2.json	PILOT-2016000830	D	2	12	3034	3434	1581	4750	0.3328	
PILOT-2016000830__E__gpt4o-mini__rep0.json	PILOT-2016000830	E	0	0			None		None	no_gen
PILOT-2016000830__E__gpt4o-mini__rep1.json	PILOT-2016000830	E	1	0			None		None	no_gen
PILOT-2016000830__E__gpt4o-mini__rep2.json	PILOT-2016000830	E	2	0			None		None	no_gen
PILOT-2016000830__E__gpt5.4__rep0.json	PILOT-2016000830	E	0	14	3034	2872	1195	4750	0.2516	
PILOT-2016000830__E__gpt5.4__rep1.json	PILOT-2016000830	E	1	14	3034	2531	922	4750	0.1941	
PILOT-2016000830__E__gpt5.4__rep2.json	PILOT-2016000830	E	2	14	3034	2825	1194	4750	0.2514	
PILOT-2016000830__E__haiku4.5__rep0.json	PILOT-2016000830	E	0	11	3034	2348	1363	4750	0.2869	
PILOT-2016000830__E__haiku4.5__rep1.json	PILOT-2016000830	E	1	11	3034	2804	1065	4750	0.2242	
PILOT-2016000830__E__haiku4.5__rep2.json	PILOT-2016000830	E	2	12	3034	1820	1705	4750	0.3589	
PILOT-2016000830__E__sonnet4__rep0.json	PILOT-2016000830	E	0	14	3034	3957	1947	4750	0.4099	
PILOT-2016000830__E__sonnet4__rep1.json	PILOT-2016000830	E	1	14	3034	3712	2100	4750	0.4421	
PILOT-2016000830__E__sonnet4__rep2.json	PILOT-2016000830	E	2	14	3034	4558	2368	4750	0.4985	
PILOT-2016000830__F__gpt4o-mini__rep0.json	PILOT-2016000830	F	0	0			None		None	no_gen
PILOT-2016000830__F__gpt4o-mini__rep1.json	PILOT-2016000830	F	1	0			None		None	no_gen
PILOT-2016000830__F__gpt4o-mini__rep2.json	PILOT-2016000830	F	2	0			None		None	no_gen
PILOT-2016000830__F__gpt5.4__rep0.json	PILOT-2016000830	F	0	11	3034	2448	1103	4750	0.2322	
PILOT-2016000830__F__gpt5.4__rep1.json	PILOT-2016000830	F	1	14	3034	3688	2041	4750	0.4297	
PILOT-2016000830__F__gpt5.4__rep2.json	PILOT-2016000830	F	2	14	3034	3688	1920	4750	0.4042	
PILOT-2016000830__F__haiku4.5__rep0.json	PILOT-2016000830	F	0	12	3034	2127	1239	4750	0.2608	
PILOT-2016000830__F__haiku4.5__rep1.json	PILOT-2016000830	F	1	13	3034	4123	2498	4750	0.5259	
PILOT-2016000830__F__haiku4.5__rep2.json	PILOT-2016000830	F	2	12	3034	2826	1119	4750	0.2356	
PILOT-2016000830__F__sonnet4__rep0.json	PILOT-2016000830	F	0	14	3034	2502	1841	4750	0.3876	
PILOT-2016000830__F__sonnet4__rep1.json	PILOT-2016000830	F	1	14	3034	3234	1420	4750	0.2989	
PILOT-2016000830__F__sonnet4__rep2.json	PILOT-2016000830	F	2	12	3034	2362	1845	4750	0.3884	
PILOT-2016000830__G__gpt4o-mini__rep0.json	PILOT-2016000830	G	0	0			None		None	no_gen
PILOT-2016000830__G__gpt4o-mini__rep1.json	PILOT-2016000830	G	1	0			None		None	no_gen
PILOT-2016000830__G__gpt4o-mini__rep2.json	PILOT-2016000830	G	2	0			None		None	no_gen
PILOT-2016000830__G__gpt5.4__rep0.json	PILOT-2016000830	G	0	11	3034	2556	1155	4750	0.2432	
PILOT-2016000830__G__gpt5.4__rep1.json	PILOT-2016000830	G	1	14	3034	2825	1252	4750	0.2636	
PILOT-2016000830__G__gpt5.4__rep2.json	PILOT-2016000830	G	2	11	3034	2473	1150	4750	0.2421	
PILOT-2016000830__G__haiku4.5__rep0.json	PILOT-2016000830	G	0	12	3034	2244	1788	4750	0.3764	
PILOT-2016000830__G__haiku4.5__rep1.json	PILOT-2016000830	G	1	12	3034	1984	1556	4750	0.3276	
PILOT-2016000830__G__haiku4.5__rep2.json	PILOT-2016000830	G	2	12	3034	2139	1735	4750	0.3653	
PILOT-2016000830__G__sonnet4__rep0.json	PILOT-2016000830	G	0	12	3034	2707	1201	4750	0.2528	
PILOT-2016000830__G__sonnet4__rep1.json	PILOT-2016000830	G	1	12	3034	3020	1328	4750	0.2796	
PILOT-2016000830__G__sonnet4__rep2.json	PILOT-2016000830	G	2	12	3034	1912	1837	4750	0.3867	
PILOT-2016000830__baseline__gpt4o-mini__rep0.json	PILOT-2016000830	baseline	0	0			None		None	no_gen
PILOT-2016000830__baseline__gpt4o-mini__rep1.json	PILOT-2016000830	baseline	1	0			None		None	no_gen
PILOT-2016000830__baseline__gpt4o-mini__rep2.json	PILOT-2016000830	baseline	2	0			None		None	no_gen
PILOT-2016000830__baseline__gpt5.4__rep0.json	PILOT-2016000830	baseline	0	11	3034	2203	1160	4750	0.2442	
PILOT-2016000830__baseline__gpt5.4__rep1.json	PILOT-2016000830	baseline	1	11	3034	2226	1192	4750	0.2509	
PILOT-2016000830__baseline__gpt5.4__rep2.json	PILOT-2016000830	baseline	2	11	3034	3143	1380	4750	0.2905	
PILOT-2016000830__baseline__haiku4.5__rep0.json	PILOT-2016000830	baseline	0	12	3034	2602	1196	4750	0.2518	
PILOT-2016000830__baseline__haiku4.5__rep1.json	PILOT-2016000830	baseline	1	14	3034	3058	1287	4750	0.2709	
PILOT-2016000830__baseline__haiku4.5__rep2.json	PILOT-2016000830	baseline	2	12	3034	2373	1472	4750	0.3099	
PILOT-2016000830__baseline__sonnet4__rep0.json	PILOT-2016000830	baseline	0	14	3034	1981	1850	4750	0.3895	
PILOT-2016000830__baseline__sonnet4__rep1.json	PILOT-2016000830	baseline	1	14	3034	3381	1461	4750	0.3076	
PILOT-2016000830__baseline__sonnet4__rep2.json	PILOT-2016000830	baseline	2	14	3034	2961	1140	4750	0.24	
PILOT-2016000849__A__gpt4o-mini__rep0.json	PILOT-2016000849	A	0	0			None		None	no_gen
PILOT-2016000849__A__gpt4o-mini__rep1.json	PILOT-2016000849	A	1	0			None		None	no_gen
PILOT-2016000849__A__gpt4o-mini__rep2.json	PILOT-2016000849	A	2	0			None		None	no_gen
PILOT-2016000849__A__gpt5.4__rep0.json	PILOT-2016000849	A	0	40	11865	12611	1523	8122	0.1875	
PILOT-2016000849__A__gpt5.4__rep1.json	PILOT-2016000849	A	1	40	11865	12489	1394	8122	0.1716	
PILOT-2016000849__A__gpt5.4__rep2.json	PILOT-2016000849	A	2	40	11865	12647	1513	8122	0.1863	
PILOT-2016000849__A__haiku4.5__rep0.json	PILOT-2016000849	A	0	40	11865	9826	4969	8122	0.6118	
PILOT-2016000849__A__haiku4.5__rep1.json	PILOT-2016000849	A	1	40	11865	9303	4481	8122	0.5517	
PILOT-2016000849__A__haiku4.5__rep2.json	PILOT-2016000849	A	2	40	11865	13764	2663	8122	0.3279	
PILOT-2016000849__A__sonnet4__rep0.json	PILOT-2016000849	A	0	40	11865	12810	1726	8122	0.2125	
PILOT-2016000849__A__sonnet4__rep1.json	PILOT-2016000849	A	1	40	11865	12815	1707	8122	0.2102	
PILOT-2016000849__A__sonnet4__rep2.json	PILOT-2016000849	A	2	40	11865	13248	2071	8122	0.255	
PILOT-2016000849__B__gpt4o-mini__rep0.json	PILOT-2016000849	B	0	0			None		None	no_gen
PILOT-2016000849__B__gpt4o-mini__rep1.json	PILOT-2016000849	B	1	0			None		None	no_gen
PILOT-2016000849__B__gpt4o-mini__rep2.json	PILOT-2016000849	B	2	0			None		None	no_gen
PILOT-2016000849__B__gpt5.4__rep0.json	PILOT-2016000849	B	0	40	11865	12771	1650	8122	0.2032	
PILOT-2016000849__B__gpt5.4__rep1.json	PILOT-2016000849	B	1	40	11865	12693	1569	8122	0.1932	
PILOT-2016000849__B__gpt5.4__rep2.json	PILOT-2016000849	B	2	40	11865	12820	1693	8122	0.2084	
PILOT-2016000849__B__haiku4.5__rep0.json	PILOT-2016000849	B	0	40	11865	7584	5321	8122	0.6551	
PILOT-2016000849__B__haiku4.5__rep1.json	PILOT-2016000849	B	1	40	11865	5117	7022	8122	0.8646	
PILOT-2016000849__B__haiku4.5__rep2.json	PILOT-2016000849	B	2	40	11865	8282	5027	8122	0.6189	
PILOT-2016000849__B__sonnet4__rep0.json	PILOT-2016000849	B	0	40	11865	12338	1282	8122	0.1578	
PILOT-2016000849__B__sonnet4__rep1.json	PILOT-2016000849	B	1	40	11865	12285	1233	8122	0.1518	
PILOT-2016000849__B__sonnet4__rep2.json	PILOT-2016000849	B	2	40	11865	12761	1656	8122	0.2039	
PILOT-2016000849__C__gpt4o-mini__rep0.json	PILOT-2016000849	C	0	0			None		None	no_gen
PILOT-2016000849__C__gpt4o-mini__rep1.json	PILOT-2016000849	C	1	0			None		None	no_gen
PILOT-2016000849__C__gpt4o-mini__rep2.json	PILOT-2016000849	C	2	0			None		None	no_gen
PILOT-2016000849__C__gpt5.4__rep0.json	PILOT-2016000849	C	0	40	11865	12843	1726	8122	0.2125	
PILOT-2016000849__C__gpt5.4__rep1.json	PILOT-2016000849	C	1	40	11865	12618	1511	8122	0.186	
PILOT-2016000849__C__gpt5.4__rep2.json	PILOT-2016000849	C	2	40	11865	12549	1434	8122	0.1766	
PILOT-2016000849__C__haiku4.5__rep0.json	PILOT-2016000849	C	0	40	11865	13679	2631	8122	0.3239	
PILOT-2016000849__C__haiku4.5__rep1.json	PILOT-2016000849	C	1	40	11865	11190	2636	8122	0.3246	
PILOT-2016000849__C__haiku4.5__rep2.json	PILOT-2016000849	C	2	40	11865	12466	2628	8122	0.3236	
PILOT-2016000849__C__sonnet4__rep0.json	PILOT-2016000849	C	0	40	11865	12579	1500	8122	0.1847	
PILOT-2016000849__C__sonnet4__rep1.json	PILOT-2016000849	C	1	40	11865	12332	1229	8122	0.1513	
PILOT-2016000849__C__sonnet4__rep2.json	PILOT-2016000849	C	2	40	11865	12579	1500	8122	0.1847	
PILOT-2016000849__D__gpt4o-mini__rep0.json	PILOT-2016000849	D	0	0			None		None	no_gen
PILOT-2016000849__D__gpt4o-mini__rep1.json	PILOT-2016000849	D	1	0			None		None	no_gen
PILOT-2016000849__D__gpt4o-mini__rep2.json	PILOT-2016000849	D	2	0			None		None	no_gen
PILOT-2016000849__D__gpt5.4__rep0.json	PILOT-2016000849	D	0	40	11865	12613	1498	8122	0.1844	
PILOT-2016000849__D__gpt5.4__rep1.json	PILOT-2016000849	D	1	40	11865	12396	1300	8122	0.1601	
PILOT-2016000849__D__gpt5.4__rep2.json	PILOT-2016000849	D	2	40	11865	12143	1039	8122	0.1279	
PILOT-2016000849__D__haiku4.5__rep0.json	PILOT-2016000849	D	0	38	11865	8904	4823	8122	0.5938	
PILOT-2016000849__D__haiku4.5__rep1.json	PILOT-2016000849	D	1	40	11865	14912	4166	8122	0.5129	
PILOT-2016000849__D__haiku4.5__rep2.json	PILOT-2016000849	D	2	35	11865	4226	8050	8122	0.9911	
PILOT-2016000849__D__sonnet4__rep0.json	PILOT-2016000849	D	0	40	11865	12167	1123	8122	0.1383	
PILOT-2016000849__D__sonnet4__rep1.json	PILOT-2016000849	D	1	40	11865	12492	1463	8122	0.1801	
PILOT-2016000849__D__sonnet4__rep2.json	PILOT-2016000849	D	2	40	11865	12426	1311	8122	0.1614	
PILOT-2016000849__E__gpt4o-mini__rep0.json	PILOT-2016000849	E	0	0			None		None	no_gen
PILOT-2016000849__E__gpt4o-mini__rep1.json	PILOT-2016000849	E	1	0			None		None	no_gen
PILOT-2016000849__E__gpt4o-mini__rep2.json	PILOT-2016000849	E	2	0			None		None	no_gen
PILOT-2016000849__E__gpt5.4__rep0.json	PILOT-2016000849	E	0	40	11865	12993	1873	8122	0.2306	
PILOT-2016000849__E__gpt5.4__rep1.json	PILOT-2016000849	E	1	40	11865	12418	1307	8122	0.1609	
PILOT-2016000849__E__gpt5.4__rep2.json	PILOT-2016000849	E	2	40	11865	12638	1526	8122	0.1879	
PILOT-2016000849__E__haiku4.5__rep0.json	PILOT-2016000849	E	0	40	11865	7173	5822	8122	0.7168	
PILOT-2016000849__E__haiku4.5__rep1.json	PILOT-2016000849	E	1	36	11865	5632	6638	8122	0.8173	
PILOT-2016000849__E__haiku4.5__rep2.json	PILOT-2016000849	E	2	40	11865	5997	6331	8122	0.7795	
PILOT-2016000849__E__sonnet4__rep0.json	PILOT-2016000849	E	0	40	11865	12416	1357	8122	0.1671	
PILOT-2016000849__E__sonnet4__rep1.json	PILOT-2016000849	E	1	40	11865	12579	1500	8122	0.1847	
PILOT-2016000849__E__sonnet4__rep2.json	PILOT-2016000849	E	2	40	11865	12581	1501	8122	0.1848	
PILOT-2016000849__F__gpt4o-mini__rep0.json	PILOT-2016000849	F	0	5	11865	1817	10082	8122	1.2413	
PILOT-2016000849__F__gpt4o-mini__rep1.json	PILOT-2016000849	F	1	3	11865	1220	10650	8122	1.3113	
PILOT-2016000849__F__gpt4o-mini__rep2.json	PILOT-2016000849	F	2	6	11865	2349	9576	8122	1.179	
PILOT-2016000849__F__gpt5.4__rep0.json	PILOT-2016000849	F	0	40	11865	12335	1179	8122	0.1452	
PILOT-2016000849__F__gpt5.4__rep1.json	PILOT-2016000849	F	1	40	11865	12684	1554	8122	0.1913	
PILOT-2016000849__F__gpt5.4__rep2.json	PILOT-2016000849	F	2	40	11865	12504	1387	8122	0.1708	
PILOT-2016000849__F__haiku4.5__rep0.json	PILOT-2016000849	F	0	40	11865	12389	1273	8122	0.1567	
PILOT-2016000849__F__haiku4.5__rep1.json	PILOT-2016000849	F	1	40	11865	7893	5364	8122	0.6604	
PILOT-2016000849__F__haiku4.5__rep2.json	PILOT-2016000849	F	2	40	11865	12245	1129	8122	0.139	
PILOT-2016000849__F__sonnet4__rep0.json	PILOT-2016000849	F	0	40	11865	12576	1498	8122	0.1844	
PILOT-2016000849__F__sonnet4__rep1.json	PILOT-2016000849	F	1	40	11865	12812	1727	8122	0.2126	
PILOT-2016000849__F__sonnet4__rep2.json	PILOT-2016000849	F	2	40	11865	12588	1471	8122	0.1811	
PILOT-2016000849__G__gpt4o-mini__rep0.json	PILOT-2016000849	G	0	0			None		None	no_gen
PILOT-2016000849__G__gpt4o-mini__rep1.json	PILOT-2016000849	G	1	0			None		None	no_gen
PILOT-2016000849__G__gpt4o-mini__rep2.json	PILOT-2016000849	G	2	0			None		None	no_gen
PILOT-2016000849__G__gpt5.4__rep0.json	PILOT-2016000849	G	0	40	11865	12336	1240	8122	0.1527	
PILOT-2016000849__G__gpt5.4__rep1.json	PILOT-2016000849	G	1	40	11865	12724	1590	8122	0.1958	
PILOT-2016000849__G__gpt5.4__rep2.json	PILOT-2016000849	G	2	40	11865	12466	1378	8122	0.1697	
PILOT-2016000849__G__haiku4.5__rep0.json	PILOT-2016000849	G	0	40	11865	8321	4994	8122	0.6149	
PILOT-2016000849__G__haiku4.5__rep1.json	PILOT-2016000849	G	1	40	11865	7893	5364	8122	0.6604	
PILOT-2016000849__G__haiku4.5__rep2.json	PILOT-2016000849	G	2	40	11865	12846	3132	8122	0.3856	
PILOT-2016000849__G__sonnet4__rep0.json	PILOT-2016000849	G	0	40	11865	12578	1474	8122	0.1815	
PILOT-2016000849__G__sonnet4__rep1.json	PILOT-2016000849	G	1	40	11865	12629	1527	8122	0.188	
PILOT-2016000849__G__sonnet4__rep2.json	PILOT-2016000849	G	2	40	11865	12809	1701	8122	0.2094	
PILOT-2016000849__baseline__gpt4o-mini__rep0.json	PILOT-2016000849	baseline	0	0			None		None	no_gen
PILOT-2016000849__baseline__gpt4o-mini__rep1.json	PILOT-2016000849	baseline	1	0			None		None	no_gen
PILOT-2016000849__baseline__gpt4o-mini__rep2.json	PILOT-2016000849	baseline	2	0			None		None	no_gen
PILOT-2016000849__baseline__gpt5.4__rep0.json	PILOT-2016000849	baseline	0	40	11865	12664	1553	8122	0.1912	
PILOT-2016000849__baseline__gpt5.4__rep1.json	PILOT-2016000849	baseline	1	40	11865	12560	1462	8122	0.18	
PILOT-2016000849__baseline__gpt5.4__rep2.json	PILOT-2016000849	baseline	2	40	11865	12926	1788	8122	0.2201	
PILOT-2016000849__baseline__haiku4.5__rep0.json	PILOT-2016000849	baseline	0	40	11865	11356	3041	8122	0.3744	
PILOT-2016000849__baseline__haiku4.5__rep1.json	PILOT-2016000849	baseline	1	40	11865	15244	4153	8122	0.5113	
PILOT-2016000849__baseline__haiku4.5__rep2.json	PILOT-2016000849	baseline	2	40	11865	8773	4775	8122	0.5879	
PILOT-2016000849__baseline__sonnet4__rep0.json	PILOT-2016000849	baseline	0	40	11865	12600	1522	8122	0.1874	
PILOT-2016000849__baseline__sonnet4__rep1.json	PILOT-2016000849	baseline	1	40	11865	12810	1726	8122	0.2125	
PILOT-2016000849__baseline__sonnet4__rep2.json	PILOT-2016000849	baseline	2	40	11865	12248	1221	8122	0.1503	
PILOT-2016003042__A__gpt4o-mini__rep0.json	PILOT-2016003042	A	0	6	8708	2256	6606	5799	1.1392	
PILOT-2016003042__A__gpt4o-mini__rep1.json	PILOT-2016003042	A	1	7	8708	2332	6643	5799	1.1455	
PILOT-2016003042__A__gpt4o-mini__rep2.json	PILOT-2016003042	A	2	6	8708	2378	6461	5799	1.1142	
PILOT-2016003042__A__gpt5.4__rep0.json	PILOT-2016003042	A	0	25	8708	5461	4431	5799	0.7641	
PILOT-2016003042__A__gpt5.4__rep1.json	PILOT-2016003042	A	1	11	8708	3040	6146	5799	1.0598	
PILOT-2016003042__A__gpt5.4__rep2.json	PILOT-2016003042	A	2	11	8708	3021	6065	5799	1.0459	
PILOT-2016003042__A__haiku4.5__rep0.json	PILOT-2016003042	A	0	11	8708	4037	6113	5799	1.0541	
PILOT-2016003042__A__haiku4.5__rep1.json	PILOT-2016003042	A	1	12	8708	4110	5988	5799	1.0326	
PILOT-2016003042__A__haiku4.5__rep2.json	PILOT-2016003042	A	2	11	8708	3930	5996	5799	1.034	
PILOT-2016003042__A__sonnet4__rep0.json	PILOT-2016003042	A	0	11	8708	3184	5927	5799	1.0221	
PILOT-2016003042__A__sonnet4__rep1.json	PILOT-2016003042	A	1	25	8708	7533	2760	5799	0.4759	
PILOT-2016003042__A__sonnet4__rep2.json	PILOT-2016003042	A	2	25	8708	7110	2833	5799	0.4885	
PILOT-2016003042__B__gpt4o-mini__rep0.json	PILOT-2016003042	B	0	6	8708	2027	6822	5799	1.1764	
PILOT-2016003042__B__gpt4o-mini__rep1.json	PILOT-2016003042	B	1	7	8708	2374	6569	5799	1.1328	
PILOT-2016003042__B__gpt4o-mini__rep2.json	PILOT-2016003042	B	2	5	8708	1703	7051	5799	1.2159	
PILOT-2016003042__B__gpt5.4__rep0.json	PILOT-2016003042	B	0	25	8708	9137	1993	5799	0.3437	
PILOT-2016003042__B__gpt5.4__rep1.json	PILOT-2016003042	B	1	23	8708	8393	1534	5799	0.2645	
PILOT-2016003042__B__gpt5.4__rep2.json	PILOT-2016003042	B	2	25	8708	7347	2662	5799	0.459	
PILOT-2016003042__B__haiku4.5__rep0.json	PILOT-2016003042	B	0	25	8708	9249	4493	5799	0.7748	
PILOT-2016003042__B__haiku4.5__rep1.json	PILOT-2016003042	B	1	25	8708	9287	4240	5799	0.7312	
PILOT-2016003042__B__haiku4.5__rep2.json	PILOT-2016003042	B	2	25	8708	9474	4385	5799	0.7562	
PILOT-2016003042__B__sonnet4__rep0.json	PILOT-2016003042	B	0	25	8708	7523	2586	5799	0.4459	
PILOT-2016003042__B__sonnet4__rep1.json	PILOT-2016003042	B	1	25	8708	7274	2445	5799	0.4216	
PILOT-2016003042__B__sonnet4__rep2.json	PILOT-2016003042	B	2	25	8708	7336	2489	5799	0.4292	
PILOT-2016003042__C__gpt4o-mini__rep0.json	PILOT-2016003042	C	0	7	8708	2584	6223	5799	1.0731	
PILOT-2016003042__C__gpt4o-mini__rep1.json	PILOT-2016003042	C	1	8	8708	2667	6149	5799	1.0604	
PILOT-2016003042__C__gpt4o-mini__rep2.json	PILOT-2016003042	C	2	6	8708	2244	6543	5799	1.1283	
PILOT-2016003042__C__gpt5.4__rep0.json	PILOT-2016003042	C	0	25	8708	7817	1655	5799	0.2854	
PILOT-2016003042__C__gpt5.4__rep1.json	PILOT-2016003042	C	1	12	8708	3353	5780	5799	0.9967	
PILOT-2016003042__C__gpt5.4__rep2.json	PILOT-2016003042	C	2	11	8708	4172	5378	5799	0.9274	
PILOT-2016003042__C__haiku4.5__rep0.json	PILOT-2016003042	C	0	25	8708	9726	4482	5799	0.7729	
PILOT-2016003042__C__haiku4.5__rep1.json	PILOT-2016003042	C	1	11	8708	5316	5955	5799	1.0269	
PILOT-2016003042__C__haiku4.5__rep2.json	PILOT-2016003042	C	2	25	8708	9189	4073	5799	0.7024	
PILOT-2016003042__C__sonnet4__rep0.json	PILOT-2016003042	C	0	11	8708	3597	5646	5799	0.9736	
PILOT-2016003042__C__sonnet4__rep1.json	PILOT-2016003042	C	1	11	8708	3583	5654	5799	0.975	
PILOT-2016003042__C__sonnet4__rep2.json	PILOT-2016003042	C	2	11	8708	3593	5647	5799	0.9738	
PILOT-2016003042__D__gpt4o-mini__rep0.json	PILOT-2016003042	D	0	6	8708	2413	6391	5799	1.1021	
PILOT-2016003042__D__gpt4o-mini__rep1.json	PILOT-2016003042	D	1	10	8708	2742	6023	5799	1.0386	
PILOT-2016003042__D__gpt4o-mini__rep2.json	PILOT-2016003042	D	2	6	8708	2447	6365	5799	1.0976	
PILOT-2016003042__D__gpt5.4__rep0.json	PILOT-2016003042	D	0	11	8708	3390	5843	5799	1.0076	
PILOT-2016003042__D__gpt5.4__rep1.json	PILOT-2016003042	D	1	11	8708	3367	5800	5799	1.0002	
PILOT-2016003042__D__gpt5.4__rep2.json	PILOT-2016003042	D	2	11	8708	3552	5856	5799	1.0098	
PILOT-2016003042__D__haiku4.5__rep0.json	PILOT-2016003042	D	0	11	8708	4943	5825	5799	1.0045	
PILOT-2016003042__D__haiku4.5__rep1.json	PILOT-2016003042	D	1	11	8708	5163	5984	5799	1.0319	
PILOT-2016003042__D__haiku4.5__rep2.json	PILOT-2016003042	D	2	11	8708	4782	5923	5799	1.0214	
PILOT-2016003042__D__sonnet4__rep0.json	PILOT-2016003042	D	0	11	8708	3664	5591	5799	0.9641	
PILOT-2016003042__D__sonnet4__rep1.json	PILOT-2016003042	D	1	25	8708	7298	2475	5799	0.4268	
PILOT-2016003042__D__sonnet4__rep2.json	PILOT-2016003042	D	2	11	8708	3680	5561	5799	0.959	
PILOT-2016003042__E__gpt4o-mini__rep0.json	PILOT-2016003042	E	0	7	8708	2568	6238	5799	1.0757	
PILOT-2016003042__E__gpt4o-mini__rep1.json	PILOT-2016003042	E	1	6	8708	2429	6377	5799	1.0997	
PILOT-2016003042__E__gpt4o-mini__rep2.json	PILOT-2016003042	E	2	8	8708	2550	6250	5799	1.0778	
PILOT-2016003042__E__gpt5.4__rep0.json	PILOT-2016003042	E	0	11	8708	3356	5844	5799	1.0078	
PILOT-2016003042__E__gpt5.4__rep1.json	PILOT-2016003042	E	1	11	8708	3344	5786	5799	0.9978	
PILOT-2016003042__E__gpt5.4__rep2.json	PILOT-2016003042	E	2	11	8708	3322	5781	5799	0.9969	
PILOT-2016003042__E__haiku4.5__rep0.json	PILOT-2016003042	E	0	10	8708	5451	5934	5799	1.0233	
PILOT-2016003042__E__haiku4.5__rep1.json	PILOT-2016003042	E	1	11	8708	4518	6051	5799	1.0435	
PILOT-2016003042__E__haiku4.5__rep2.json	PILOT-2016003042	E	2	25	8708	9130	4179	5799	0.7206	
PILOT-2016003042__E__sonnet4__rep0.json	PILOT-2016003042	E	0	11	8708	3533	5601	5799	0.9659	
PILOT-2016003042__E__sonnet4__rep1.json	PILOT-2016003042	E	1	11	8708	3503	5615	5799	0.9683	
PILOT-2016003042__E__sonnet4__rep2.json	PILOT-2016003042	E	2	11	8708	3529	5630	5799	0.9709	
PILOT-2016003042__F__gpt4o-mini__rep0.json	PILOT-2016003042	F	0	0			None		None	no_gen
PILOT-2016003042__F__gpt4o-mini__rep1.json	PILOT-2016003042	F	1	0			None		None	no_gen
PILOT-2016003042__F__gpt4o-mini__rep2.json	PILOT-2016003042	F	2	0			None		None	no_gen
PILOT-2016003042__F__gpt5.4__rep0.json	PILOT-2016003042	F	0	11	8708	3377	5872	5799	1.0126	
PILOT-2016003042__F__gpt5.4__rep1.json	PILOT-2016003042	F	1	11	8708	3391	5893	5799	1.0162	
PILOT-2016003042__F__gpt5.4__rep2.json	PILOT-2016003042	F	2	11	8708	3290	5860	5799	1.0105	
PILOT-2016003042__F__haiku4.5__rep0.json	PILOT-2016003042	F	0	16	8708	4740	5960	5799	1.0278	
PILOT-2016003042__F__haiku4.5__rep1.json	PILOT-2016003042	F	1	11	8708	4639	5879	5799	1.0138	
PILOT-2016003042__F__haiku4.5__rep2.json	PILOT-2016003042	F	2	12	8708	3878	5864	5799	1.0112	
PILOT-2016003042__F__sonnet4__rep0.json	PILOT-2016003042	F	0	11	8708	3671	5548	5799	0.9567	
PILOT-2016003042__F__sonnet4__rep1.json	PILOT-2016003042	F	1	11	8708	3653	5569	5799	0.9603	
PILOT-2016003042__F__sonnet4__rep2.json	PILOT-2016003042	F	2	11	8708	3602	5602	5799	0.966	
PILOT-2016003042__G__gpt4o-mini__rep0.json	PILOT-2016003042	G	0	6	8708	2244	6543	5799	1.1283	
PILOT-2016003042__G__gpt4o-mini__rep1.json	PILOT-2016003042	G	1	5	8708	2154	6636	5799	1.1443	
PILOT-2016003042__G__gpt4o-mini__rep2.json	PILOT-2016003042	G	2	5	8708	2078	6710	5799	1.1571	
PILOT-2016003042__G__gpt5.4__rep0.json	PILOT-2016003042	G	0	25	8708	5671	3709	5799	0.6396	
PILOT-2016003042__G__gpt5.4__rep1.json	PILOT-2016003042	G	1	25	8708	5474	3814	5799	0.6577	
PILOT-2016003042__G__gpt5.4__rep2.json	PILOT-2016003042	G	2	11	8708	3162	5905	5799	1.0183	
PILOT-2016003042__G__haiku4.5__rep0.json	PILOT-2016003042	G	0	10	8708	4953	5952	5799	1.0264	
PILOT-2016003042__G__haiku4.5__rep1.json	PILOT-2016003042	G	1	12	8708	3344	6138	5799	1.0585	
PILOT-2016003042__G__haiku4.5__rep2.json	PILOT-2016003042	G	2	12	8708	4548	5846	5799	1.0081	
PILOT-2016003042__G__sonnet4__rep0.json	PILOT-2016003042	G	0	25	8708	7470	2623	5799	0.4523	
PILOT-2016003042__G__sonnet4__rep1.json	PILOT-2016003042	G	1	11	8708	3304	5786	5799	0.9978	
PILOT-2016003042__G__sonnet4__rep2.json	PILOT-2016003042	G	2	11	8708	3262	5772	5799	0.9953	
PILOT-2016003042__baseline__gpt4o-mini__rep0.json	PILOT-2016003042	baseline	0	8	8708	2848	5999	5799	1.0345	
PILOT-2016003042__baseline__gpt4o-mini__rep1.json	PILOT-2016003042	baseline	1	8	8708	2491	6307	5799	1.0876	
PILOT-2016003042__baseline__gpt4o-mini__rep2.json	PILOT-2016003042	baseline	2	8	8708	2693	6118	5799	1.055	
PILOT-2016003042__baseline__gpt5.4__rep0.json	PILOT-2016003042	baseline	0	11	8708	3351	5786	5799	0.9978	
PILOT-2016003042__baseline__gpt5.4__rep1.json	PILOT-2016003042	baseline	1	11	8708	3550	5730	5799	0.9881	
PILOT-2016003042__baseline__gpt5.4__rep2.json	PILOT-2016003042	baseline	2	11	8708	3350	5796	5799	0.9995	
PILOT-2016003042__baseline__haiku4.5__rep0.json	PILOT-2016003042	baseline	0	25	8708	9975	5052	5799	0.8712	
PILOT-2016003042__baseline__haiku4.5__rep1.json	PILOT-2016003042	baseline	1	11	8708	5576	5938	5799	1.024	
PILOT-2016003042__baseline__haiku4.5__rep2.json	PILOT-2016003042	baseline	2	25	8708	11071	5618	5799	0.9688	
PILOT-2016003042__baseline__sonnet4__rep0.json	PILOT-2016003042	baseline	0	11	8708	3638	5622	5799	0.9695	
PILOT-2016003042__baseline__sonnet4__rep1.json	PILOT-2016003042	baseline	1	11	8708	3284	5740	5799	0.9898	
PILOT-2016003042__baseline__sonnet4__rep2.json	PILOT-2016003042	baseline	2	11	8708	3555	5673	5799	0.9783	
PILOT-2016004446__A__gpt4o-mini__rep0.json	PILOT-2016004446	A	0	3	1328	1244	392	1051	0.373	
PILOT-2016004446__A__gpt4o-mini__rep1.json	PILOT-2016004446	A	1	3	1328	1244	392	1051	0.373	
PILOT-2016004446__A__gpt4o-mini__rep2.json	PILOT-2016004446	A	2	3	1328	1257	407	1051	0.3873	
PILOT-2016004446__A__gpt5.4__rep0.json	PILOT-2016004446	A	0	3	1328	1068	406	1051	0.3863	
PILOT-2016004446__A__gpt5.4__rep1.json	PILOT-2016004446	A	1	4	1328	1127	508	1051	0.4833	
PILOT-2016004446__A__gpt5.4__rep2.json	PILOT-2016004446	A	2	4	1328	1241	450	1051	0.4282	
PILOT-2016004446__A__haiku4.5__rep0.json	PILOT-2016004446	A	0	0			None		None	no_gen
PILOT-2016004446__A__haiku4.5__rep1.json	PILOT-2016004446	A	1	0			None		None	no_gen
PILOT-2016004446__A__haiku4.5__rep2.json	PILOT-2016004446	A	2	4	1328	1858	950	1051	0.9039	
PILOT-2016004446__A__sonnet4__rep0.json	PILOT-2016004446	A	0	4	1328	1340	535	1051	0.509	
PILOT-2016004446__A__sonnet4__rep1.json	PILOT-2016004446	A	1	4	1328	1323	521	1051	0.4957	
PILOT-2016004446__A__sonnet4__rep2.json	PILOT-2016004446	A	2	4	1328	1217	500	1051	0.4757	
PILOT-2016004446__B__gpt4o-mini__rep0.json	PILOT-2016004446	B	0	3	1328	1163	268	1051	0.255	
PILOT-2016004446__B__gpt4o-mini__rep1.json	PILOT-2016004446	B	1	3	1328	1153	366	1051	0.3482	
PILOT-2016004446__B__gpt4o-mini__rep2.json	PILOT-2016004446	B	2	3	1328	1052	349	1051	0.3321	
PILOT-2016004446__B__gpt5.4__rep0.json	PILOT-2016004446	B	0	3	1328	1172	302	1051	0.2873	
PILOT-2016004446__B__gpt5.4__rep1.json	PILOT-2016004446	B	1	3	1328	1076	411	1051	0.3911	
PILOT-2016004446__B__gpt5.4__rep2.json	PILOT-2016004446	B	2	3	1328	1079	495	1051	0.471	
PILOT-2016004446__B__haiku4.5__rep0.json	PILOT-2016004446	B	0	0			None		None	no_gen
PILOT-2016004446__B__haiku4.5__rep1.json	PILOT-2016004446	B	1	0			None		None	no_gen
PILOT-2016004446__B__haiku4.5__rep2.json	PILOT-2016004446	B	2	0			None		None	no_gen
PILOT-2016004446__B__sonnet4__rep0.json	PILOT-2016004446	B	0	4	1328	1402	514	1051	0.4891	
PILOT-2016004446__B__sonnet4__rep1.json	PILOT-2016004446	B	1	4	1328	1601	688	1051	0.6546	
PILOT-2016004446__B__sonnet4__rep2.json	PILOT-2016004446	B	2	4	1328	1475	575	1051	0.5471	
PILOT-2016004446__C__gpt4o-mini__rep0.json	PILOT-2016004446	C	0	3	1328	1132	285	1051	0.2712	
PILOT-2016004446__C__gpt4o-mini__rep1.json	PILOT-2016004446	C	1	3	1328	1259	405	1051	0.3853	
PILOT-2016004446__C__gpt4o-mini__rep2.json	PILOT-2016004446	C	2	3	1328	1140	283	1051	0.2693	
PILOT-2016004446__C__gpt5.4__rep0.json	PILOT-2016004446	C	0	3	1328	1052	431	1051	0.4101	
PILOT-2016004446__C__gpt5.4__rep1.json	PILOT-2016004446	C	1	3	1328	1155	322	1051	0.3064	
PILOT-2016004446__C__gpt5.4__rep2.json	PILOT-2016004446	C	2	3	1328	1049	430	1051	0.4091	
PILOT-2016004446__C__haiku4.5__rep0.json	PILOT-2016004446	C	0	4	1328	1906	961	1051	0.9144	
PILOT-2016004446__C__haiku4.5__rep1.json	PILOT-2016004446	C	1	0			None		None	no_gen
PILOT-2016004446__C__haiku4.5__rep2.json	PILOT-2016004446	C	2	0			None		None	no_gen
PILOT-2016004446__C__sonnet4__rep0.json	PILOT-2016004446	C	0	4	1328	1580	640	1051	0.6089	
PILOT-2016004446__C__sonnet4__rep1.json	PILOT-2016004446	C	1	4	1328	1639	749	1051	0.7127	
PILOT-2016004446__C__sonnet4__rep2.json	PILOT-2016004446	C	2	4	1328	1442	642	1051	0.6108	
PILOT-2016004446__D__gpt4o-mini__rep0.json	PILOT-2016004446	D	0	3	1328	1054	351	1051	0.334	
PILOT-2016004446__D__gpt4o-mini__rep1.json	PILOT-2016004446	D	1	3	1328	1266	297	1051	0.2826	
PILOT-2016004446__D__gpt4o-mini__rep2.json	PILOT-2016004446	D	2	3	1328	1271	251	1051	0.2388	
PILOT-2016004446__D__gpt5.4__rep0.json	PILOT-2016004446	D	0	3	1328	1248	80	1051	0.0761	
PILOT-2016004446__D__gpt5.4__rep1.json	PILOT-2016004446	D	1	3	1328	1041	371	1051	0.353	
PILOT-2016004446__D__gpt5.4__rep2.json	PILOT-2016004446	D	2	3	1328	984	409	1051	0.3892	
PILOT-2016004446__D__haiku4.5__rep0.json	PILOT-2016004446	D	0	4	1328	1834	869	1051	0.8268	
PILOT-2016004446__D__haiku4.5__rep1.json	PILOT-2016004446	D	1	4	1328	1068	755	1051	0.7184	
PILOT-2016004446__D__haiku4.5__rep2.json	PILOT-2016004446	D	2	4	1328	1023	697	1051	0.6632	
PILOT-2016004446__D__sonnet4__rep0.json	PILOT-2016004446	D	0	4	1328	1610	690	1051	0.6565	
PILOT-2016004446__D__sonnet4__rep1.json	PILOT-2016004446	D	1	4	1328	1609	644	1051	0.6127	
PILOT-2016004446__D__sonnet4__rep2.json	PILOT-2016004446	D	2	4	1328	1523	663	1051	0.6308	
PILOT-2016004446__E__gpt4o-mini__rep0.json	PILOT-2016004446	E	0	3	1328	1237	450	1051	0.4282	
PILOT-2016004446__E__gpt4o-mini__rep1.json	PILOT-2016004446	E	1	3	1328	1288	314	1051	0.2988	
PILOT-2016004446__E__gpt4o-mini__rep2.json	PILOT-2016004446	E	2	3	1328	1257	370	1051	0.352	
PILOT-2016004446__E__gpt5.4__rep0.json	PILOT-2016004446	E	0	3	1328	1351	340	1051	0.3235	
PILOT-2016004446__E__gpt5.4__rep1.json	PILOT-2016004446	E	1	3	1328	1256	500	1051	0.4757	
PILOT-2016004446__E__gpt5.4__rep2.json	PILOT-2016004446	E	2	3	1328	1386	375	1051	0.3568	
PILOT-2016004446__E__haiku4.5__rep0.json	PILOT-2016004446	E	0	0			None		None	no_gen
PILOT-2016004446__E__haiku4.5__rep1.json	PILOT-2016004446	E	1	0			None		None	no_gen
PILOT-2016004446__E__haiku4.5__rep2.json	PILOT-2016004446	E	2	4	1328	1685	752	1051	0.7155	
PILOT-2016004446__E__sonnet4__rep0.json	PILOT-2016004446	E	0	4	1328	1347	486	1051	0.4624	
PILOT-2016004446__E__sonnet4__rep1.json	PILOT-2016004446	E	1	4	1328	1549	668	1051	0.6356	
PILOT-2016004446__E__sonnet4__rep2.json	PILOT-2016004446	E	2	4	1328	1727	774	1051	0.7364	
PILOT-2016004446__F__gpt4o-mini__rep0.json	PILOT-2016004446	F	0	3	1328	1244	393	1051	0.3739	
PILOT-2016004446__F__gpt4o-mini__rep1.json	PILOT-2016004446	F	1	3	1328	1071	336	1051	0.3197	
PILOT-2016004446__F__gpt4o-mini__rep2.json	PILOT-2016004446	F	2	3	1328	993	404	1051	0.3844	
PILOT-2016004446__F__gpt5.4__rep0.json	PILOT-2016004446	F	0	3	1328	990	411	1051	0.3911	
PILOT-2016004446__F__gpt5.4__rep1.json	PILOT-2016004446	F	1	3	1328	1051	430	1051	0.4091	
PILOT-2016004446__F__gpt5.4__rep2.json	PILOT-2016004446	F	2	3	1328	1050	432	1051	0.411	
PILOT-2016004446__F__haiku4.5__rep0.json	PILOT-2016004446	F	0	4	1328	1223	414	1051	0.3939	
PILOT-2016004446__F__haiku4.5__rep1.json	PILOT-2016004446	F	1	4	1328	1400	1069	1051	1.0171	
PILOT-2016004446__F__haiku4.5__rep2.json	PILOT-2016004446	F	2	4	1328	1223	414	1051	0.3939	
PILOT-2016004446__F__sonnet4__rep0.json	PILOT-2016004446	F	0	4	1328	1356	620	1051	0.5899	
PILOT-2016004446__F__sonnet4__rep1.json	PILOT-2016004446	F	1	4	1328	1198	471	1051	0.4481	
PILOT-2016004446__F__sonnet4__rep2.json	PILOT-2016004446	F	2	4	1328	1177	422	1051	0.4015	
PILOT-2016004446__G__gpt4o-mini__rep0.json	PILOT-2016004446	G	0	3	1328	1180	253	1051	0.2407	
PILOT-2016004446__G__gpt4o-mini__rep1.json	PILOT-2016004446	G	1	3	1328	1067	341	1051	0.3245	
PILOT-2016004446__G__gpt4o-mini__rep2.json	PILOT-2016004446	G	2	3	1328	1159	274	1051	0.2607	
PILOT-2016004446__G__gpt5.4__rep0.json	PILOT-2016004446	G	0	3	1328	1049	428	1051	0.4072	
PILOT-2016004446__G__gpt5.4__rep1.json	PILOT-2016004446	G	1	4	1328	1306	533	1051	0.5071	
PILOT-2016004446__G__gpt5.4__rep2.json	PILOT-2016004446	G	2	4	1328	1140	512	1051	0.4872	
PILOT-2016004446__G__haiku4.5__rep0.json	PILOT-2016004446	G	0	4	1328	2092	1178	1051	1.1208	
PILOT-2016004446__G__haiku4.5__rep1.json	PILOT-2016004446	G	1	4	1328	893	568	1051	0.5404	
PILOT-2016004446__G__haiku4.5__rep2.json	PILOT-2016004446	G	2	4	1328	886	560	1051	0.5328	
PILOT-2016004446__G__sonnet4__rep0.json	PILOT-2016004446	G	0	4	1328	1276	549	1051	0.5224	
PILOT-2016004446__G__sonnet4__rep1.json	PILOT-2016004446	G	1	4	1328	1388	535	1051	0.509	
PILOT-2016004446__G__sonnet4__rep2.json	PILOT-2016004446	G	2	4	1328	1276	549	1051	0.5224	
PILOT-2016004446__baseline__gpt4o-mini__rep0.json	PILOT-2016004446	baseline	0	3	1328	1257	407	1051	0.3873	
PILOT-2016004446__baseline__gpt4o-mini__rep1.json	PILOT-2016004446	baseline	1	3	1328	1215	221	1051	0.2103	
PILOT-2016004446__baseline__gpt4o-mini__rep2.json	PILOT-2016004446	baseline	2	3	1328	1131	283	1051	0.2693	
PILOT-2016004446__baseline__gpt5.4__rep0.json	PILOT-2016004446	baseline	0	4	1328	1165	437	1051	0.4158	
PILOT-2016004446__baseline__gpt5.4__rep1.json	PILOT-2016004446	baseline	1	4	1328	1316	469	1051	0.4462	
PILOT-2016004446__baseline__gpt5.4__rep2.json	PILOT-2016004446	baseline	2	4	1328	1131	505	1051	0.4805	
PILOT-2016004446__baseline__haiku4.5__rep0.json	PILOT-2016004446	baseline	0	0			None		None	no_gen
PILOT-2016004446__baseline__haiku4.5__rep1.json	PILOT-2016004446	baseline	1	4	1328	2069	1079	1051	1.0266	
PILOT-2016004446__baseline__haiku4.5__rep2.json	PILOT-2016004446	baseline	2	0			None		None	no_gen
PILOT-2016004446__baseline__sonnet4__rep0.json	PILOT-2016004446	baseline	0	4	1328	1358	564	1051	0.5366	
PILOT-2016004446__baseline__sonnet4__rep1.json	PILOT-2016004446	baseline	1	4	1328	1458	658	1051	0.6261	
PILOT-2016004446__baseline__sonnet4__rep2.json	PILOT-2016004446	baseline	2	4	1328	1412	510	1051	0.4853	
PILOT-2016005844__A__gpt4o-mini__rep0.json	PILOT-2016005844	A	0	4	5051	1332	3832	520	7.3692	
PILOT-2016005844__A__gpt4o-mini__rep1.json	PILOT-2016005844	A	1	4	5051	1012	4069	520	7.825	
PILOT-2016005844__A__gpt4o-mini__rep2.json	PILOT-2016005844	A	2	4	5051	992	4079	520	7.8442	
PILOT-2016005844__A__gpt5.4__rep0.json	PILOT-2016005844	A	0	18	5051	4963	122	520	0.2346	
PILOT-2016005844__A__gpt5.4__rep1.json	PILOT-2016005844	A	1	18	5051	4917	909	520	1.7481	
PILOT-2016005844__A__gpt5.4__rep2.json	PILOT-2016005844	A	2	18	5051	5738	892	520	1.7154	
PILOT-2016005844__A__haiku4.5__rep0.json	PILOT-2016005844	A	0	18	5051	6642	2594	520	4.9885	
PILOT-2016005844__A__haiku4.5__rep1.json	PILOT-2016005844	A	1	18	5051	4973	2175	520	4.1827	
PILOT-2016005844__A__haiku4.5__rep2.json	PILOT-2016005844	A	2	18	5051	7521	2637	520	5.0712	
PILOT-2016005844__A__sonnet4__rep0.json	PILOT-2016005844	A	0	18	5051	5236	487	520	0.9365	
PILOT-2016005844__A__sonnet4__rep1.json	PILOT-2016005844	A	1	18	5051	5251	498	520	0.9577	
PILOT-2016005844__A__sonnet4__rep2.json	PILOT-2016005844	A	2	18	5051	5236	487	520	0.9365	
PILOT-2016005844__B__gpt4o-mini__rep0.json	PILOT-2016005844	B	0	4	5051	1980	3325	520	6.3942	
PILOT-2016005844__B__gpt4o-mini__rep1.json	PILOT-2016005844	B	1	4	5051	1535	3555	520	6.8365	
PILOT-2016005844__B__gpt4o-mini__rep2.json	PILOT-2016005844	B	2	4	5051	1439	3648	520	7.0154	
PILOT-2016005844__B__gpt5.4__rep0.json	PILOT-2016005844	B	0	18	5051	5863	820	520	1.5769	
PILOT-2016005844__B__gpt5.4__rep1.json	PILOT-2016005844	B	1	18	5051	5891	848	520	1.6308	
PILOT-2016005844__B__gpt5.4__rep2.json	PILOT-2016005844	B	2	18	5051	5485	442	520	0.85	
PILOT-2016005844__B__haiku4.5__rep0.json	PILOT-2016005844	B	0	18	5051	1924	3484	520	6.7	
PILOT-2016005844__B__haiku4.5__rep1.json	PILOT-2016005844	B	1	18	5051	2128	3382	520	6.5038	
PILOT-2016005844__B__haiku4.5__rep2.json	PILOT-2016005844	B	2	18	5051	1930	3478	520	6.6885	
PILOT-2016005844__B__sonnet4__rep0.json	PILOT-2016005844	B	0	18	5051	6525	1566	520	3.0115	
PILOT-2016005844__B__sonnet4__rep1.json	PILOT-2016005844	B	1	18	5051	6610	1651	520	3.175	
PILOT-2016005844__B__sonnet4__rep2.json	PILOT-2016005844	B	2	18	5051	7387	2428	520	4.6692	
PILOT-2016005844__C__gpt4o-mini__rep0.json	PILOT-2016005844	C	0	4	5051	1407	3675	520	7.0673	
PILOT-2016005844__C__gpt4o-mini__rep1.json	PILOT-2016005844	C	1	4	5051	1431	3656	520	7.0308	
PILOT-2016005844__C__gpt4o-mini__rep2.json	PILOT-2016005844	C	2	4	5051	1556	3535	520	6.7981	
PILOT-2016005844__C__gpt5.4__rep0.json	PILOT-2016005844	C	0	18	5051	5863	820	520	1.5769	
PILOT-2016005844__C__gpt5.4__rep1.json	PILOT-2016005844	C	1	18	5051	5755	712	520	1.3692	
PILOT-2016005844__C__gpt5.4__rep2.json	PILOT-2016005844	C	2	18	5051	5511	468	520	0.9	
PILOT-2016005844__C__haiku4.5__rep0.json	PILOT-2016005844	C	0	18	5051	7709	2706	520	5.2038	
PILOT-2016005844__C__haiku4.5__rep1.json	PILOT-2016005844	C	1	18	5051	7369	2373	520	4.5635	
PILOT-2016005844__C__haiku4.5__rep2.json	PILOT-2016005844	C	2	18	5051	5903	944	520	1.8154	
PILOT-2016005844__C__sonnet4__rep0.json	PILOT-2016005844	C	0	18	5051	4867	2695	520	5.1827	
PILOT-2016005844__C__sonnet4__rep1.json	PILOT-2016005844	C	1	18	5051	4814	3166	520	6.0885	
PILOT-2016005844__C__sonnet4__rep2.json	PILOT-2016005844	C	2	18	5051	4756	3158	520	6.0731	
PILOT-2016005844__D__gpt4o-mini__rep0.json	PILOT-2016005844	D	0	4	5051	1469	3620	520	6.9615	
PILOT-2016005844__D__gpt4o-mini__rep1.json	PILOT-2016005844	D	1	4	5051	1301	3785	520	7.2788	
PILOT-2016005844__D__gpt4o-mini__rep2.json	PILOT-2016005844	D	2	4	5051	1431	3656	520	7.0308	
PILOT-2016005844__D__gpt5.4__rep0.json	PILOT-2016005844	D	0	18	5051	5817	774	520	1.4885	
PILOT-2016005844__D__gpt5.4__rep1.json	PILOT-2016005844	D	1	18	5051	5755	712	520	1.3692	
PILOT-2016005844__D__gpt5.4__rep2.json	PILOT-2016005844	D	2	18	5051	5511	468	520	0.9	
PILOT-2016005844__D__haiku4.5__rep0.json	PILOT-2016005844	D	0	18	5051	2166	3400	520	6.5385	
PILOT-2016005844__D__haiku4.5__rep1.json	PILOT-2016005844	D	1	18	5051	2018	3420	520	6.5769	
PILOT-2016005844__D__haiku4.5__rep2.json	PILOT-2016005844	D	2	18	5051	2128	3361	520	6.4635	
PILOT-2016005844__D__sonnet4__rep0.json	PILOT-2016005844	D	0	18	5051	5588	629	520	1.2096	
PILOT-2016005844__D__sonnet4__rep1.json	PILOT-2016005844	D	1	18	5051	5778	819	520	1.575	
PILOT-2016005844__D__sonnet4__rep2.json	PILOT-2016005844	D	2	18	5051	5566	607	520	1.1673	
PILOT-2016005844__E__gpt4o-mini__rep0.json	PILOT-2016005844	E	0	4	5051	1281	3806	520	7.3192	
PILOT-2016005844__E__gpt4o-mini__rep1.json	PILOT-2016005844	E	1	4	5051	1535	3557	520	6.8404	
PILOT-2016005844__E__gpt4o-mini__rep2.json	PILOT-2016005844	E	2	4	5051	1600	3488	520	6.7077	
PILOT-2016005844__E__gpt5.4__rep0.json	PILOT-2016005844	E	0	4	5051	1522	3529	520	6.7865	
PILOT-2016005844__E__gpt5.4__rep1.json	PILOT-2016005844	E	1	18	5051	5863	820	520	1.5769	
PILOT-2016005844__E__gpt5.4__rep2.json	PILOT-2016005844	E	2	18	5051	5004	791	520	1.5212	
PILOT-2016005844__E__haiku4.5__rep0.json	PILOT-2016005844	E	0	18	5051	1886	3508	520	6.7462	
PILOT-2016005844__E__haiku4.5__rep1.json	PILOT-2016005844	E	1	18	5051	5753	794	520	1.5269	
PILOT-2016005844__E__haiku4.5__rep2.json	PILOT-2016005844	E	2	18	5051	2000	3451	520	6.6365	
PILOT-2016005844__E__sonnet4__rep0.json	PILOT-2016005844	E	0	18	5051	5441	482	520	0.9269	
PILOT-2016005844__E__sonnet4__rep1.json	PILOT-2016005844	E	1	18	5051	5976	1017	520	1.9558	
PILOT-2016005844__E__sonnet4__rep2.json	PILOT-2016005844	E	2	18	5051	5523	564	520	1.0846	
PILOT-2016005844__F__gpt4o-mini__rep0.json	PILOT-2016005844	F	0	4	5051	1515	3572	520	6.8692	
PILOT-2016005844__F__gpt4o-mini__rep1.json	PILOT-2016005844	F	1	4	5051	1457	3637	520	6.9942	
PILOT-2016005844__F__gpt4o-mini__rep2.json	PILOT-2016005844	F	2	4	5051	1733	3442	520	6.6192	
PILOT-2016005844__F__gpt5.4__rep0.json	PILOT-2016005844	F	0	4	5051	1931	3314	520	6.3731	
PILOT-2016005844__F__gpt5.4__rep1.json	PILOT-2016005844	F	1	18	5051	5768	725	520	1.3942	
PILOT-2016005844__F__gpt5.4__rep2.json	PILOT-2016005844	F	2	4	5051	1818	3456	520	6.6462	
PILOT-2016005844__F__haiku4.5__rep0.json	PILOT-2016005844	F	0	18	5051	6869	1858	520	3.5731	
PILOT-2016005844__F__haiku4.5__rep1.json	PILOT-2016005844	F	1	18	5051	6025	1066	520	2.05	
PILOT-2016005844__F__haiku4.5__rep2.json	PILOT-2016005844	F	2	18	5051	5696	737	520	1.4173	
PILOT-2016005844__F__sonnet4__rep0.json	PILOT-2016005844	F	0	18	5051	5282	323	520	0.6212	
PILOT-2016005844__F__sonnet4__rep1.json	PILOT-2016005844	F	1	18	5051	5468	509	520	0.9788	
PILOT-2016005844__F__sonnet4__rep2.json	PILOT-2016005844	F	2	18	5051	5279	320	520	0.6154	
PILOT-2016005844__G__gpt4o-mini__rep0.json	PILOT-2016005844	G	0	4	5051	1643	3475	520	6.6827	
PILOT-2016005844__G__gpt4o-mini__rep1.json	PILOT-2016005844	G	1	4	5051	1967	3324	520	6.3923	
PILOT-2016005844__G__gpt4o-mini__rep2.json	PILOT-2016005844	G	2	4	5051	1529	3556	520	6.8385	
PILOT-2016005844__G__gpt5.4__rep0.json	PILOT-2016005844	G	0	18	5051	6019	987	520	1.8981	
PILOT-2016005844__G__gpt5.4__rep1.json	PILOT-2016005844	G	1	18	5051	5257	214	520	0.4115	
PILOT-2016005844__G__gpt5.4__rep2.json	PILOT-2016005844	G	2	4	5051	1380	3774	520	7.2577	
PILOT-2016005844__G__haiku4.5__rep0.json	PILOT-2016005844	G	0	18	5051	5962	1003	520	1.9288	
PILOT-2016005844__G__haiku4.5__rep1.json	PILOT-2016005844	G	1	18	5051	6052	1093	520	2.1019	
PILOT-2016005844__G__haiku4.5__rep2.json	PILOT-2016005844	G	2	18	5051	5936	977	520	1.8788	
PILOT-2016005844__G__sonnet4__rep0.json	PILOT-2016005844	G	0	18	5051	5505	546	520	1.05	
PILOT-2016005844__G__sonnet4__rep1.json	PILOT-2016005844	G	1	18	5051	5509	550	520	1.0577	
PILOT-2016005844__G__sonnet4__rep2.json	PILOT-2016005844	G	2	18	5051	5541	582	520	1.1192	
PILOT-2016005844__baseline__gpt4o-mini__rep0.json	PILOT-2016005844	baseline	0	4	5051	1439	3650	520	7.0192	
PILOT-2016005844__baseline__gpt4o-mini__rep1.json	PILOT-2016005844	baseline	1	4	5051	1413	3673	520	7.0635	
PILOT-2016005844__baseline__gpt4o-mini__rep2.json	PILOT-2016005844	baseline	2	4	5051	1423	3667	520	7.0519	
PILOT-2016005844__baseline__gpt5.4__rep0.json	PILOT-2016005844	baseline	0	18	5051	5797	754	520	1.45	
PILOT-2016005844__baseline__gpt5.4__rep1.json	PILOT-2016005844	baseline	1	18	5051	5511	471	520	0.9058	
PILOT-2016005844__baseline__gpt5.4__rep2.json	PILOT-2016005844	baseline	2	18	5051	5277	234	520	0.45	
PILOT-2016005844__baseline__haiku4.5__rep0.json	PILOT-2016005844	baseline	0	18	5051	6095	1136	520	2.1846	
PILOT-2016005844__baseline__haiku4.5__rep1.json	PILOT-2016005844	baseline	1	18	5051	1916	3463	520	6.6596	
PILOT-2016005844__baseline__haiku4.5__rep2.json	PILOT-2016005844	baseline	2	18	5051	1900	3489	520	6.7096	
PILOT-2016005844__baseline__sonnet4__rep0.json	PILOT-2016005844	baseline	0	18	5051	5644	685	520	1.3173	
PILOT-2016005844__baseline__sonnet4__rep1.json	PILOT-2016005844	baseline	1	18	5051	5655	696	520	1.3385	
PILOT-2016005844__baseline__sonnet4__rep2.json	PILOT-2016005844	baseline	2	18	5051	6183	1224	520	2.3538	
PILOT-2016006702__A__gpt4o-mini__rep0.json	PILOT-2016006702	A	0	30	8865	8258	816	966	0.8447	
PILOT-2016006702__A__gpt4o-mini__rep1.json	PILOT-2016006702	A	1	30	8865	8256	818	966	0.8468	
PILOT-2016006702__A__gpt4o-mini__rep2.json	PILOT-2016006702	A	2	30	8865	7110	1935	966	2.0031	
PILOT-2016006702__A__gpt5.4__rep0.json	PILOT-2016006702	A	0	30	8865	9285	1189	966	1.2308	
PILOT-2016006702__A__gpt5.4__rep1.json	PILOT-2016006702	A	1	30	8865	9054	1045	966	1.0818	
PILOT-2016006702__A__gpt5.4__rep2.json	PILOT-2016006702	A	2	30	8865	8924	1060	966	1.0973	
PILOT-2016006702__A__haiku4.5__rep0.json	PILOT-2016006702	A	0	30	8865	6141	4148	966	4.294	
PILOT-2016006702__A__haiku4.5__rep1.json	PILOT-2016006702	A	1	30	8865	6947	3942	966	4.0807	
PILOT-2016006702__A__haiku4.5__rep2.json	PILOT-2016006702	A	2	30	8865	6947	3764	966	3.8965	
PILOT-2016006702__A__sonnet4__rep0.json	PILOT-2016006702	A	0	30	8865	8611	638	966	0.6605	
PILOT-2016006702__A__sonnet4__rep1.json	PILOT-2016006702	A	1	30	8865	8449	475	966	0.4917	
PILOT-2016006702__A__sonnet4__rep2.json	PILOT-2016006702	A	2	30	8865	8817	865	966	0.8954	
PILOT-2016006702__B__gpt4o-mini__rep0.json	PILOT-2016006702	B	0	30	8865	8546	537	966	0.5559	
PILOT-2016006702__B__gpt4o-mini__rep1.json	PILOT-2016006702	B	1	8	8865	3914	5152	966	5.3333	
PILOT-2016006702__B__gpt4o-mini__rep2.json	PILOT-2016006702	B	2	30	8865	8546	537	966	0.5559	
PILOT-2016006702__B__gpt5.4__rep0.json	PILOT-2016006702	B	0	30	8865	8689	680	966	0.7039	
PILOT-2016006702__B__gpt5.4__rep1.json	PILOT-2016006702	B	1	30	8865	8689	680	966	0.7039	
PILOT-2016006702__B__gpt5.4__rep2.json	PILOT-2016006702	B	2	30	8865	8675	666	966	0.6894	
PILOT-2016006702__B__haiku4.5__rep0.json	PILOT-2016006702	B	0	30	8865	6733	3876	966	4.0124	
PILOT-2016006702__B__haiku4.5__rep1.json	PILOT-2016006702	B	1	30	8865	10120	2083	966	2.1563	
PILOT-2016006702__B__haiku4.5__rep2.json	PILOT-2016006702	B	2	30	8865	9325	1313	966	1.3592	
PILOT-2016006702__B__sonnet4__rep0.json	PILOT-2016006702	B	0	30	8865	8641	632	966	0.6542	
PILOT-2016006702__B__sonnet4__rep1.json	PILOT-2016006702	B	1	30	8865	8587	577	966	0.5973	
PILOT-2016006702__B__sonnet4__rep2.json	PILOT-2016006702	B	2	30	8865	8641	632	966	0.6542	
PILOT-2016006702__C__gpt4o-mini__rep0.json	PILOT-2016006702	C	0	6	8865	3534	5475	966	5.6677	
PILOT-2016006702__C__gpt4o-mini__rep1.json	PILOT-2016006702	C	1	5	8865	3228	5699	966	5.8996	
PILOT-2016006702__C__gpt4o-mini__rep2.json	PILOT-2016006702	C	2	5	8865	3256	5683	966	5.883	
PILOT-2016006702__C__gpt5.4__rep0.json	PILOT-2016006702	C	0	30	8865	8746	737	966	0.7629	
PILOT-2016006702__C__gpt5.4__rep1.json	PILOT-2016006702	C	1	30	8865	8689	680	966	0.7039	
PILOT-2016006702__C__gpt5.4__rep2.json	PILOT-2016006702	C	2	30	8865	8746	737	966	0.7629	
PILOT-2016006702__C__haiku4.5__rep0.json	PILOT-2016006702	C	0	30	8865	5848	4038	966	4.1801	
PILOT-2016006702__C__haiku4.5__rep1.json	PILOT-2016006702	C	1	30	8865	10705	2696	966	2.7909	
PILOT-2016006702__C__haiku4.5__rep2.json	PILOT-2016006702	C	2	30	8865	6037	3657	966	3.7857	
PILOT-2016006702__C__sonnet4__rep0.json	PILOT-2016006702	C	0	30	8865	8445	485	966	0.5021	
PILOT-2016006702__C__sonnet4__rep1.json	PILOT-2016006702	C	1	30	8865	8445	485	966	0.5021	
PILOT-2016006702__C__sonnet4__rep2.json	PILOT-2016006702	C	2	30	8865	8509	499	966	0.5166	
PILOT-2016006702__D__gpt4o-mini__rep0.json	PILOT-2016006702	D	0	30	8865	8543	531	966	0.5497	
PILOT-2016006702__D__gpt4o-mini__rep1.json	PILOT-2016006702	D	1	30	8865	8543	531	966	0.5497	
PILOT-2016006702__D__gpt4o-mini__rep2.json	PILOT-2016006702	D	2	30	8865	8543	531	966	0.5497	
PILOT-2016006702__D__gpt5.4__rep0.json	PILOT-2016006702	D	0	30	8865	8940	932	966	0.9648	
PILOT-2016006702__D__gpt5.4__rep1.json	PILOT-2016006702	D	1	30	8865	9053	1046	966	1.0828	
PILOT-2016006702__D__gpt5.4__rep2.json	PILOT-2016006702	D	2	30	8865	8673	664	966	0.6874	
PILOT-2016006702__D__haiku4.5__rep0.json	PILOT-2016006702	D	0	30	8865	6095	3743	966	3.8747	
PILOT-2016006702__D__haiku4.5__rep1.json	PILOT-2016006702	D	1	30	8865	6813	3778	966	3.911	
PILOT-2016006702__D__haiku4.5__rep2.json	PILOT-2016006702	D	2	30	8865	5950	3982	966	4.1222	
PILOT-2016006702__D__sonnet4__rep0.json	PILOT-2016006702	D	0	30	8865	8563	554	966	0.5735	
PILOT-2016006702__D__sonnet4__rep1.json	PILOT-2016006702	D	1	30	8865	9048	1089	966	1.1273	
PILOT-2016006702__D__sonnet4__rep2.json	PILOT-2016006702	D	2	30	8865	8563	554	966	0.5735	
PILOT-2016006702__E__gpt4o-mini__rep0.json	PILOT-2016006702	E	0	30	8865	8664	655	966	0.6781	
PILOT-2016006702__E__gpt4o-mini__rep1.json	PILOT-2016006702	E	1	6	8865	3802	5128	966	5.3085	
PILOT-2016006702__E__gpt4o-mini__rep2.json	PILOT-2016006702	E	2	6	8865	3132	5798	966	6.0021	
PILOT-2016006702__E__gpt5.4__rep0.json	PILOT-2016006702	E	0	30	8865	8675	666	966	0.6894	
PILOT-2016006702__E__gpt5.4__rep1.json	PILOT-2016006702	E	1	30	8865	8627	742	966	0.7681	
PILOT-2016006702__E__gpt5.4__rep2.json	PILOT-2016006702	E	2	30	8865	9020	1013	966	1.0487	
PILOT-2016006702__E__haiku4.5__rep0.json	PILOT-2016006702	E	0	30	8865	8420	1890	966	1.9565	
PILOT-2016006702__E__haiku4.5__rep1.json	PILOT-2016006702	E	1	30	8865	5989	3607	966	3.734	
PILOT-2016006702__E__haiku4.5__rep2.json	PILOT-2016006702	E	2	30	8865	9959	1937	966	2.0052	
PILOT-2016006702__E__sonnet4__rep0.json	PILOT-2016006702	E	0	30	8865	8883	924	966	0.9565	
PILOT-2016006702__E__sonnet4__rep1.json	PILOT-2016006702	E	1	30	8865	8445	485	966	0.5021	
PILOT-2016006702__E__sonnet4__rep2.json	PILOT-2016006702	E	2	30	8865	8453	471	966	0.4876	
PILOT-2016006702__F__gpt4o-mini__rep0.json	PILOT-2016006702	F	0	30	8865	8496	487	966	0.5041	
PILOT-2016006702__F__gpt4o-mini__rep1.json	PILOT-2016006702	F	1	30	8865	8546	537	966	0.5559	
PILOT-2016006702__F__gpt4o-mini__rep2.json	PILOT-2016006702	F	2	30	8865	8496	487	966	0.5041	
PILOT-2016006702__F__gpt5.4__rep0.json	PILOT-2016006702	F	0	30	8865	8962	955	966	0.9886	
PILOT-2016006702__F__gpt5.4__rep1.json	PILOT-2016006702	F	1	30	8865	8689	680	966	0.7039	
PILOT-2016006702__F__gpt5.4__rep2.json	PILOT-2016006702	F	2	30	8865	8716	771	966	0.7981	
PILOT-2016006702__F__haiku4.5__rep0.json	PILOT-2016006702	F	0	30	8865	9039	1030	966	1.0663	
PILOT-2016006702__F__haiku4.5__rep1.json	PILOT-2016006702	F	1	30	8865	6479	3588	966	3.7143	
PILOT-2016006702__F__haiku4.5__rep2.json	PILOT-2016006702	F	2	30	8865	9025	1034	966	1.0704	
PILOT-2016006702__F__sonnet4__rep0.json	PILOT-2016006702	F	0	30	8865	8499	540	966	0.559	
PILOT-2016006702__F__sonnet4__rep1.json	PILOT-2016006702	F	1	30	8865	8499	540	966	0.559	
PILOT-2016006702__F__sonnet4__rep2.json	PILOT-2016006702	F	2	30	8865	8499	540	966	0.559	
PILOT-2016006702__G__gpt4o-mini__rep0.json	PILOT-2016006702	G	0	5	8865	3269	5704	966	5.9048	
PILOT-2016006702__G__gpt4o-mini__rep1.json	PILOT-2016006702	G	1	30	8865	8664	655	966	0.6781	
PILOT-2016006702__G__gpt4o-mini__rep2.json	PILOT-2016006702	G	2	30	8865	8496	487	966	0.5041	
PILOT-2016006702__G__gpt5.4__rep0.json	PILOT-2016006702	G	0	30	8865	8635	625	966	0.647	
PILOT-2016006702__G__gpt5.4__rep1.json	PILOT-2016006702	G	1	30	8865	8909	899	966	0.9306	
PILOT-2016006702__G__gpt5.4__rep2.json	PILOT-2016006702	G	2	30	8865	8926	916	966	0.9482	
PILOT-2016006702__G__haiku4.5__rep0.json	PILOT-2016006702	G	0	30	8865	9041	1030	966	1.0663	
PILOT-2016006702__G__haiku4.5__rep1.json	PILOT-2016006702	G	1	30	8865	8978	985	966	1.0197	
PILOT-2016006702__G__haiku4.5__rep2.json	PILOT-2016006702	G	2	30	8865	9237	1225	966	1.2681	
PILOT-2016006702__G__sonnet4__rep0.json	PILOT-2016006702	G	0	30	8865	8950	941	966	0.9741	
PILOT-2016006702__G__sonnet4__rep1.json	PILOT-2016006702	G	1	30	8865	8621	612	966	0.6335	
PILOT-2016006702__G__sonnet4__rep2.json	PILOT-2016006702	G	2	30	8865	8867	908	966	0.94	
PILOT-2016006702__baseline__gpt4o-mini__rep0.json	PILOT-2016006702	baseline	0	5	8865	3371	5557	966	5.7526	
PILOT-2016006702__baseline__gpt4o-mini__rep1.json	PILOT-2016006702	baseline	1	6	8865	3199	5734	966	5.9358	
PILOT-2016006702__baseline__gpt4o-mini__rep2.json	PILOT-2016006702	baseline	2	5	8865	2965	5968	966	6.1781	
PILOT-2016006702__baseline__gpt5.4__rep0.json	PILOT-2016006702	baseline	0	30	8865	9012	1005	966	1.0404	
PILOT-2016006702__baseline__gpt5.4__rep1.json	PILOT-2016006702	baseline	1	30	8865	8673	664	966	0.6874	
PILOT-2016006702__baseline__gpt5.4__rep2.json	PILOT-2016006702	baseline	2	30	8865	8821	812	966	0.8406	
PILOT-2016006702__baseline__haiku4.5__rep0.json	PILOT-2016006702	baseline	0	30	8865	5982	3891	966	4.028	
PILOT-2016006702__baseline__haiku4.5__rep1.json	PILOT-2016006702	baseline	1	30	8865	9751	1756	966	1.8178	
PILOT-2016006702__baseline__haiku4.5__rep2.json	PILOT-2016006702	baseline	2	30	8865	9244	1249	966	1.293	
PILOT-2016006702__baseline__sonnet4__rep0.json	PILOT-2016006702	baseline	0	30	8865	8507	526	966	0.5445	
PILOT-2016006702__baseline__sonnet4__rep1.json	PILOT-2016006702	baseline	1	30	8865	8445	485	966	0.5021	
PILOT-2016006702__baseline__sonnet4__rep2.json	PILOT-2016006702	baseline	2	30	8865	8445	486	966	0.5031	
PILOT-2016007603__A__gpt4o-mini__rep0.json	PILOT-2016007603	A	0	12	3389	1137	2282	1148	1.9878	
PILOT-2016007603__A__gpt4o-mini__rep1.json	PILOT-2016007603	A	1	8	3389	1283	2154	1148	1.8763	
PILOT-2016007603__A__gpt4o-mini__rep2.json	PILOT-2016007603	A	2	10	3389	2133	1848	1148	1.6098	
PILOT-2016007603__A__gpt5.4__rep0.json	PILOT-2016007603	A	0	12	3389	2049	1517	1148	1.3214	
PILOT-2016007603__A__gpt5.4__rep1.json	PILOT-2016007603	A	1	12	3389	1819	1654	1148	1.4408	
PILOT-2016007603__A__gpt5.4__rep2.json	PILOT-2016007603	A	2	12	3389	1801	1782	1148	1.5523	
PILOT-2016007603__A__haiku4.5__rep0.json	PILOT-2016007603	A	0	12	3389	2596	1922	1148	1.6742	
PILOT-2016007603__A__haiku4.5__rep1.json	PILOT-2016007603	A	1	12	3389	3090	1895	1148	1.6507	
PILOT-2016007603__A__haiku4.5__rep2.json	PILOT-2016007603	A	2	12	3389	2690	1866	1148	1.6254	
PILOT-2016007603__A__sonnet4__rep0.json	PILOT-2016007603	A	0	12	3389	2020	1554	1148	1.3537	
PILOT-2016007603__A__sonnet4__rep1.json	PILOT-2016007603	A	1	12	3389	1982	1563	1148	1.3615	
PILOT-2016007603__A__sonnet4__rep2.json	PILOT-2016007603	A	2	12	3389	1928	1602	1148	1.3955	
PILOT-2016007603__B__gpt4o-mini__rep0.json	PILOT-2016007603	B	0	12	3389	2209	1336	1148	1.1638	
PILOT-2016007603__B__gpt4o-mini__rep1.json	PILOT-2016007603	B	1	20	3389	3426	42	1148	0.0366	
PILOT-2016007603__B__gpt4o-mini__rep2.json	PILOT-2016007603	B	2	12	3389	2194	1428	1148	1.2439	
PILOT-2016007603__B__gpt5.4__rep0.json	PILOT-2016007603	B	0	12	3389	2202	1403	1148	1.2221	
PILOT-2016007603__B__gpt5.4__rep1.json	PILOT-2016007603	B	1	12	3389	2258	1459	1148	1.2709	
PILOT-2016007603__B__gpt5.4__rep2.json	PILOT-2016007603	B	2	12	3389	2220	1474	1148	1.284	
PILOT-2016007603__B__haiku4.5__rep0.json	PILOT-2016007603	B	0	12	3389	3113	1843	1148	1.6054	
PILOT-2016007603__B__haiku4.5__rep1.json	PILOT-2016007603	B	1	12	3389	3116	1804	1148	1.5714	
PILOT-2016007603__B__haiku4.5__rep2.json	PILOT-2016007603	B	2	12	3389	2999	1796	1148	1.5645	
PILOT-2016007603__B__sonnet4__rep0.json	PILOT-2016007603	B	0	20	3389	2154	1426	1148	1.2422	
PILOT-2016007603__B__sonnet4__rep1.json	PILOT-2016007603	B	1	20	3389	2122	1453	1148	1.2657	
PILOT-2016007603__B__sonnet4__rep2.json	PILOT-2016007603	B	2	12	3389	2165	1496	1148	1.3031	
PILOT-2016007603__C__gpt4o-mini__rep0.json	PILOT-2016007603	C	0	12	3389	2104	1391	1148	1.2117	
PILOT-2016007603__C__gpt4o-mini__rep1.json	PILOT-2016007603	C	1	12	3389	2135	1379	1148	1.2012	
PILOT-2016007603__C__gpt4o-mini__rep2.json	PILOT-2016007603	C	2	12	3389	2096	1396	1148	1.216	
PILOT-2016007603__C__gpt5.4__rep0.json	PILOT-2016007603	C	0	12	3389	2229	1430	1148	1.2456	
PILOT-2016007603__C__gpt5.4__rep1.json	PILOT-2016007603	C	1	12	3389	2229	1430	1148	1.2456	
PILOT-2016007603__C__gpt5.4__rep2.json	PILOT-2016007603	C	2	12	3389	2061	1402	1148	1.2213	
PILOT-2016007603__C__haiku4.5__rep0.json	PILOT-2016007603	C	0	12	3389	3241	1915	1148	1.6681	
PILOT-2016007603__C__haiku4.5__rep1.json	PILOT-2016007603	C	1	12	3389	3171	1946	1148	1.6951	
PILOT-2016007603__C__haiku4.5__rep2.json	PILOT-2016007603	C	2	12	3389	2552	1637	1148	1.426	
PILOT-2016007603__C__sonnet4__rep0.json	PILOT-2016007603	C	0	20	3389	2117	1453	1148	1.2657	
PILOT-2016007603__C__sonnet4__rep1.json	PILOT-2016007603	C	1	12	3389	2200	1524	1148	1.3275	
PILOT-2016007603__C__sonnet4__rep2.json	PILOT-2016007603	C	2	12	3389	2117	1453	1148	1.2657	
PILOT-2016007603__D__gpt4o-mini__rep0.json	PILOT-2016007603	D	0	12	3389	2158	1454	1148	1.2666	
PILOT-2016007603__D__gpt4o-mini__rep1.json	PILOT-2016007603	D	1	8	3389	1622	1856	1148	1.6167	
PILOT-2016007603__D__gpt4o-mini__rep2.json	PILOT-2016007603	D	2	8	3389	1659	1805	1148	1.5723	
PILOT-2016007603__D__gpt5.4__rep0.json	PILOT-2016007603	D	0	12	3389	2252	1453	1148	1.2657	
PILOT-2016007603__D__gpt5.4__rep1.json	PILOT-2016007603	D	1	12	3389	2258	1459	1148	1.2709	
PILOT-2016007603__D__gpt5.4__rep2.json	PILOT-2016007603	D	2	12	3389	2258	1460	1148	1.2718	
PILOT-2016007603__D__haiku4.5__rep0.json	PILOT-2016007603	D	0	12	3389	1895	2006	1148	1.7474	
PILOT-2016007603__D__haiku4.5__rep1.json	PILOT-2016007603	D	1	12	3389	3262	1873	1148	1.6315	
PILOT-2016007603__D__haiku4.5__rep2.json	PILOT-2016007603	D	2	12	3389	3274	1874	1148	1.6324	
PILOT-2016007603__D__sonnet4__rep0.json	PILOT-2016007603	D	0	20	3389	2238	1544	1148	1.3449	
PILOT-2016007603__D__sonnet4__rep1.json	PILOT-2016007603	D	1	20	3389	2117	1453	1148	1.2657	
PILOT-2016007603__D__sonnet4__rep2.json	PILOT-2016007603	D	2	12	3389	2397	1488	1148	1.2962	
PILOT-2016007603__E__gpt4o-mini__rep0.json	PILOT-2016007603	E	0	8	3389	1719	1783	1148	1.5531	
PILOT-2016007603__E__gpt4o-mini__rep1.json	PILOT-2016007603	E	1	12	3389	2152	1365	1148	1.189	
PILOT-2016007603__E__gpt4o-mini__rep2.json	PILOT-2016007603	E	2	8	3389	1565	1895	1148	1.6507	
PILOT-2016007603__E__gpt5.4__rep0.json	PILOT-2016007603	E	0	12	3389	2063	1406	1148	1.2247	
PILOT-2016007603__E__gpt5.4__rep1.json	PILOT-2016007603	E	1	12	3389	2229	1430	1148	1.2456	
PILOT-2016007603__E__gpt5.4__rep2.json	PILOT-2016007603	E	2	12	3389	2229	1430	1148	1.2456	
PILOT-2016007603__E__haiku4.5__rep0.json	PILOT-2016007603	E	0	12	3389	1933	1766	1148	1.5383	
PILOT-2016007603__E__haiku4.5__rep1.json	PILOT-2016007603	E	1	12	3389	1923	1779	1148	1.5497	
PILOT-2016007603__E__haiku4.5__rep2.json	PILOT-2016007603	E	2	12	3389	1883	1749	1148	1.5235	
PILOT-2016007603__E__sonnet4__rep0.json	PILOT-2016007603	E	0	12	3389	2172	1496	1148	1.3031	
PILOT-2016007603__E__sonnet4__rep1.json	PILOT-2016007603	E	1	12	3389	2122	1453	1148	1.2657	
PILOT-2016007603__E__sonnet4__rep2.json	PILOT-2016007603	E	2	12	3389	2182	1429	1148	1.2448	
PILOT-2016007603__F__gpt4o-mini__rep0.json	PILOT-2016007603	F	0	8	3389	1565	1895	1148	1.6507	
PILOT-2016007603__F__gpt4o-mini__rep1.json	PILOT-2016007603	F	1	8	3389	1703	1762	1148	1.5348	
PILOT-2016007603__F__gpt4o-mini__rep2.json	PILOT-2016007603	F	2	8	3389	1565	1895	1148	1.6507	
PILOT-2016007603__F__gpt5.4__rep0.json	PILOT-2016007603	F	0	12	3389	2229	1430	1148	1.2456	
PILOT-2016007603__F__gpt5.4__rep1.json	PILOT-2016007603	F	1	12	3389	2229	1430	1148	1.2456	
PILOT-2016007603__F__gpt5.4__rep2.json	PILOT-2016007603	F	2	12	3389	2229	1431	1148	1.2465	
PILOT-2016007603__F__haiku4.5__rep0.json	PILOT-2016007603	F	0	12	3389	2604	1490	1148	1.2979	
PILOT-2016007603__F__haiku4.5__rep1.json	PILOT-2016007603	F	1	12	3389	1761	2061	1148	1.7953	
PILOT-2016007603__F__haiku4.5__rep2.json	PILOT-2016007603	F	2	12	3389	1930	2031	1148	1.7692	
PILOT-2016007603__F__sonnet4__rep0.json	PILOT-2016007603	F	0	0			None		None	no_gen
PILOT-2016007603__F__sonnet4__rep1.json	PILOT-2016007603	F	1	0			None		None	no_gen
PILOT-2016007603__F__sonnet4__rep2.json	PILOT-2016007603	F	2	0			None		None	no_gen
PILOT-2016007603__G__gpt4o-mini__rep0.json	PILOT-2016007603	G	0	12	3389	2164	1365	1148	1.189	
PILOT-2016007603__G__gpt4o-mini__rep1.json	PILOT-2016007603	G	1	8	3389	1733	1772	1148	1.5436	
PILOT-2016007603__G__gpt4o-mini__rep2.json	PILOT-2016007603	G	2	12	3389	2155	1461	1148	1.2726	
PILOT-2016007603__G__gpt5.4__rep0.json	PILOT-2016007603	G	0	12	3389	2229	1430	1148	1.2456	
PILOT-2016007603__G__gpt5.4__rep1.json	PILOT-2016007603	G	1	12	3389	2229	1430	1148	1.2456	
PILOT-2016007603__G__gpt5.4__rep2.json	PILOT-2016007603	G	2	12	3389	2229	1430	1148	1.2456	
PILOT-2016007603__G__haiku4.5__rep0.json	PILOT-2016007603	G	0	12	3389	1203	2319	1148	2.02	
PILOT-2016007603__G__haiku4.5__rep1.json	PILOT-2016007603	G	1	12	3389	1238	2313	1148	2.0148	
PILOT-2016007603__G__haiku4.5__rep2.json	PILOT-2016007603	G	2	12	3389	1606	2048	1148	1.784	
PILOT-2016007603__G__sonnet4__rep0.json	PILOT-2016007603	G	0	12	3389	2376	1509	1148	1.3145	
PILOT-2016007603__G__sonnet4__rep1.json	PILOT-2016007603	G	1	12	3389	2122	1453	1148	1.2657	
PILOT-2016007603__G__sonnet4__rep2.json	PILOT-2016007603	G	2	12	3389	2129	1453	1148	1.2657	
PILOT-2016007603__baseline__gpt4o-mini__rep0.json	PILOT-2016007603	baseline	0	12	3389	2209	1340	1148	1.1672	
PILOT-2016007603__baseline__gpt4o-mini__rep1.json	PILOT-2016007603	baseline	1	8	3389	1565	1895	1148	1.6507	
PILOT-2016007603__baseline__gpt4o-mini__rep2.json	PILOT-2016007603	baseline	2	12	3389	2164	1365	1148	1.189	
PILOT-2016007603__baseline__gpt5.4__rep0.json	PILOT-2016007603	baseline	0	12	3389	2258	1459	1148	1.2709	
PILOT-2016007603__baseline__gpt5.4__rep1.json	PILOT-2016007603	baseline	1	12	3389	2258	1459	1148	1.2709	
PILOT-2016007603__baseline__gpt5.4__rep2.json	PILOT-2016007603	baseline	2	12	3389	2229	1430	1148	1.2456	
PILOT-2016007603__baseline__haiku4.5__rep0.json	PILOT-2016007603	baseline	0	12	3389	2633	1635	1148	1.4242	
PILOT-2016007603__baseline__haiku4.5__rep1.json	PILOT-2016007603	baseline	1	12	3389	1922	1779	1148	1.5497	
PILOT-2016007603__baseline__haiku4.5__rep2.json	PILOT-2016007603	baseline	2	12	3389	2368	1663	1148	1.4486	
PILOT-2016007603__baseline__sonnet4__rep0.json	PILOT-2016007603	baseline	0	12	3389	2122	1453	1148	1.2657	
PILOT-2016007603__baseline__sonnet4__rep1.json	PILOT-2016007603	baseline	1	12	3389	2122	1453	1148	1.2657	
PILOT-2016007603__baseline__sonnet4__rep2.json	PILOT-2016007603	baseline	2	12	3389	2117	1453	1148	1.2657	
PILOT-2016007888__A__gpt4o-mini__rep0.json	PILOT-2016007888	A	0	6	5843	1904	4067	861	4.7236	
PILOT-2016007888__A__gpt4o-mini__rep1.json	PILOT-2016007888	A	1	6	5843	1805	4145	861	4.8142	
PILOT-2016007888__A__gpt4o-mini__rep2.json	PILOT-2016007888	A	2	6	5843	1831	4121	861	4.7863	
PILOT-2016007888__A__gpt5.4__rep0.json	PILOT-2016007888	A	0	6	5843	1762	4304	861	4.9988	
PILOT-2016007888__A__gpt5.4__rep1.json	PILOT-2016007888	A	1	6	5843	1523	4369	861	5.0743	
PILOT-2016007888__A__gpt5.4__rep2.json	PILOT-2016007888	A	2	6	5843	1728	4307	861	5.0023	
PILOT-2016007888__A__haiku4.5__rep0.json	PILOT-2016007888	A	0	20	5843	1980	4110	861	4.7735	
PILOT-2016007888__A__haiku4.5__rep1.json	PILOT-2016007888	A	1	20	5843	6547	1087	861	1.2625	
PILOT-2016007888__A__haiku4.5__rep2.json	PILOT-2016007888	A	2	6	5843	1841	4260	861	4.9477	
PILOT-2016007888__A__sonnet4__rep0.json	PILOT-2016007888	A	0	20	5843	6101	731	861	0.849	
PILOT-2016007888__A__sonnet4__rep1.json	PILOT-2016007888	A	1	6	5843	1906	4109	861	4.7724	
PILOT-2016007888__A__sonnet4__rep2.json	PILOT-2016007888	A	2	20	5843	6165	795	861	0.9233	
PILOT-2016007888__B__gpt4o-mini__rep0.json	PILOT-2016007888	B	0	4	5843	1664	4227	861	4.9094	
PILOT-2016007888__B__gpt4o-mini__rep1.json	PILOT-2016007888	B	1	5	5843	1643	4319	861	5.0163	
PILOT-2016007888__B__gpt4o-mini__rep2.json	PILOT-2016007888	B	2	4	5843	1473	4483	861	5.2067	
PILOT-2016007888__B__gpt5.4__rep0.json	PILOT-2016007888	B	0	6	5843	1838	4197	861	4.8746	
PILOT-2016007888__B__gpt5.4__rep1.json	PILOT-2016007888	B	1	6	5843	1838	4197	861	4.8746	
PILOT-2016007888__B__gpt5.4__rep2.json	PILOT-2016007888	B	2	6	5843	1860	4176	861	4.8502	
PILOT-2016007888__B__haiku4.5__rep0.json	PILOT-2016007888	B	0	13	5843	5047	2092	861	2.4297	
PILOT-2016007888__B__haiku4.5__rep1.json	PILOT-2016007888	B	1	20	5843	6793	1287	861	1.4948	
PILOT-2016007888__B__haiku4.5__rep2.json	PILOT-2016007888	B	2	20	5843	3081	3201	861	3.7178	
PILOT-2016007888__B__sonnet4__rep0.json	PILOT-2016007888	B	0	20	5843	6660	971	861	1.1278	
PILOT-2016007888__B__sonnet4__rep1.json	PILOT-2016007888	B	1	20	5843	6573	886	861	1.029	
PILOT-2016007888__B__sonnet4__rep2.json	PILOT-2016007888	B	2	20	5843	6648	959	861	1.1138	
PILOT-2016007888__C__gpt4o-mini__rep0.json	PILOT-2016007888	C	0	5	5843	1741	4174	861	4.8479	
PILOT-2016007888__C__gpt4o-mini__rep1.json	PILOT-2016007888	C	1	6	5843	2020	3998	861	4.6434	
PILOT-2016007888__C__gpt4o-mini__rep2.json	PILOT-2016007888	C	2	6	5843	2059	3941	861	4.5772	
PILOT-2016007888__C__gpt5.4__rep0.json	PILOT-2016007888	C	0	6	5843	1637	4313	861	5.0093	
PILOT-2016007888__C__gpt5.4__rep1.json	PILOT-2016007888	C	1	6	5843	1919	4149	861	4.8188	
PILOT-2016007888__C__gpt5.4__rep2.json	PILOT-2016007888	C	2	6	5843	1858	4191	861	4.8676	
PILOT-2016007888__C__haiku4.5__rep0.json	PILOT-2016007888	C	0	13	5843	6017	2294	861	2.6643	
PILOT-2016007888__C__haiku4.5__rep1.json	PILOT-2016007888	C	1	13	5843	5426	1764	861	2.0488	
PILOT-2016007888__C__haiku4.5__rep2.json	PILOT-2016007888	C	2	20	5843	2483	3964	861	4.6039	
PILOT-2016007888__C__sonnet4__rep0.json	PILOT-2016007888	C	0	20	5843	6319	633	861	0.7352	
PILOT-2016007888__C__sonnet4__rep1.json	PILOT-2016007888	C	1	20	5843	6347	661	861	0.7677	
PILOT-2016007888__C__sonnet4__rep2.json	PILOT-2016007888	C	2	20	5843	6342	656	861	0.7619	
PILOT-2016007888__D__gpt4o-mini__rep0.json	PILOT-2016007888	D	0	6	5843	2137	3918	861	4.5505	
PILOT-2016007888__D__gpt4o-mini__rep1.json	PILOT-2016007888	D	1	6	5843	2098	3951	861	4.5889	
PILOT-2016007888__D__gpt4o-mini__rep2.json	PILOT-2016007888	D	2	6	5843	1975	4022	861	4.6713	
PILOT-2016007888__D__gpt5.4__rep0.json	PILOT-2016007888	D	0	6	5843	2032	4091	861	4.7515	
PILOT-2016007888__D__gpt5.4__rep1.json	PILOT-2016007888	D	1	6	5843	1280	4593	861	5.3345	
PILOT-2016007888__D__gpt5.4__rep2.json	PILOT-2016007888	D	2	6	5843	1684	4300	861	4.9942	
PILOT-2016007888__D__haiku4.5__rep0.json	PILOT-2016007888	D	0	20	5843	2189	4101	861	4.7631	
PILOT-2016007888__D__haiku4.5__rep1.json	PILOT-2016007888	D	1	20	5843	4132	2819	861	3.2741	
PILOT-2016007888__D__haiku4.5__rep2.json	PILOT-2016007888	D	2	20	5843	6942	1363	861	1.583	
PILOT-2016007888__D__sonnet4__rep0.json	PILOT-2016007888	D	0	6	5843	1914	4070	861	4.7271	
PILOT-2016007888__D__sonnet4__rep1.json	PILOT-2016007888	D	1	6	5843	2148	4051	861	4.705	
PILOT-2016007888__D__sonnet4__rep2.json	PILOT-2016007888	D	2	6	5843	2197	3917	861	4.5494	
PILOT-2016007888__E__gpt4o-mini__rep0.json	PILOT-2016007888	E	0	6	5843	2058	3973	861	4.6144	
PILOT-2016007888__E__gpt4o-mini__rep1.json	PILOT-2016007888	E	1	6	5843	2041	4060	861	4.7154	
PILOT-2016007888__E__gpt4o-mini__rep2.json	PILOT-2016007888	E	2	5	5843	1697	4235	861	4.9187	
PILOT-2016007888__E__gpt5.4__rep0.json	PILOT-2016007888	E	0	6	5843	906	4940	861	5.7375	
PILOT-2016007888__E__gpt5.4__rep1.json	PILOT-2016007888	E	1	6	5843	1028	4824	861	5.6028	
PILOT-2016007888__E__gpt5.4__rep2.json	PILOT-2016007888	E	2	6	5843	1028	4824	861	5.6028	
PILOT-2016007888__E__haiku4.5__rep0.json	PILOT-2016007888	E	0	20	5843	6494	811	861	0.9419	
PILOT-2016007888__E__haiku4.5__rep1.json	PILOT-2016007888	E	1	6	5843	2013	4185	861	4.8606	
PILOT-2016007888__E__haiku4.5__rep2.json	PILOT-2016007888	E	2	20	5843	6521	838	861	0.9733	
PILOT-2016007888__E__sonnet4__rep0.json	PILOT-2016007888	E	0	6	5843	2151	3931	861	4.5656	
PILOT-2016007888__E__sonnet4__rep1.json	PILOT-2016007888	E	1	6	5843	2117	3993	861	4.6376	
PILOT-2016007888__E__sonnet4__rep2.json	PILOT-2016007888	E	2	6	5843	2054	4034	861	4.6852	
PILOT-2016007888__F__gpt4o-mini__rep0.json	PILOT-2016007888	F	0	6	5843	2155	3896	861	4.525	
PILOT-2016007888__F__gpt4o-mini__rep1.json	PILOT-2016007888	F	1	6	5843	1983	3993	861	4.6376	
PILOT-2016007888__F__gpt4o-mini__rep2.json	PILOT-2016007888	F	2	6	5843	1876	4071	861	4.7282	
PILOT-2016007888__F__gpt5.4__rep0.json	PILOT-2016007888	F	0	6	5843	926	4922	861	5.7166	
PILOT-2016007888__F__gpt5.4__rep1.json	PILOT-2016007888	F	1	6	5843	1838	4197	861	4.8746	
PILOT-2016007888__F__gpt5.4__rep2.json	PILOT-2016007888	F	2	6	5843	1872	4196	861	4.8734	
PILOT-2016007888__F__haiku4.5__rep0.json	PILOT-2016007888	F	0	6	5843	2444	3935	861	4.5703	
PILOT-2016007888__F__haiku4.5__rep1.json	PILOT-2016007888	F	1	6	5843	2454	3971	861	4.6121	
PILOT-2016007888__F__haiku4.5__rep2.json	PILOT-2016007888	F	2	6	5843	2433	3950	861	4.5877	
PILOT-2016007888__F__sonnet4__rep0.json	PILOT-2016007888	F	0	6	5843	1976	4035	861	4.6864	
PILOT-2016007888__F__sonnet4__rep1.json	PILOT-2016007888	F	1	6	5843	1804	4186	861	4.8618	
PILOT-2016007888__F__sonnet4__rep2.json	PILOT-2016007888	F	2	6	5843	1955	4062	861	4.7178	
PILOT-2016007888__G__gpt4o-mini__rep0.json	PILOT-2016007888	G	0	6	5843	2287	3819	861	4.4355	
PILOT-2016007888__G__gpt4o-mini__rep1.json	PILOT-2016007888	G	1	6	5843	1968	4032	861	4.6829	
PILOT-2016007888__G__gpt4o-mini__rep2.json	PILOT-2016007888	G	2	5	5843	1940	4051	861	4.705	
PILOT-2016007888__G__gpt5.4__rep0.json	PILOT-2016007888	G	0	6	5843	1701	4295	861	4.9884	
PILOT-2016007888__G__gpt5.4__rep1.json	PILOT-2016007888	G	1	6	5843	1310	4556	861	5.2915	
PILOT-2016007888__G__gpt5.4__rep2.json	PILOT-2016007888	G	2	6	5843	1872	4196	861	4.8734	
PILOT-2016007888__G__haiku4.5__rep0.json	PILOT-2016007888	G	0	13	5843	5102	2315	861	2.6887	
PILOT-2016007888__G__haiku4.5__rep1.json	PILOT-2016007888	G	1	20	5843	1356	4600	861	5.3426	
PILOT-2016007888__G__haiku4.5__rep2.json	PILOT-2016007888	G	2	13	5843	5180	1789	861	2.0778	
PILOT-2016007888__G__sonnet4__rep0.json	PILOT-2016007888	G	0	6	5843	1741	4213	861	4.8931	
PILOT-2016007888__G__sonnet4__rep1.json	PILOT-2016007888	G	1	20	5843	6268	585	861	0.6794	
PILOT-2016007888__G__sonnet4__rep2.json	PILOT-2016007888	G	2	20	5843	6348	665	861	0.7724	
PILOT-2016007888__baseline__gpt4o-mini__rep0.json	PILOT-2016007888	baseline	0	6	5843	1965	3989	861	4.633	
PILOT-2016007888__baseline__gpt4o-mini__rep1.json	PILOT-2016007888	baseline	1	6	5843	2067	3939	861	4.5749	
PILOT-2016007888__baseline__gpt4o-mini__rep2.json	PILOT-2016007888	baseline	2	5	5843	1604	4346	861	5.0476	
PILOT-2016007888__baseline__gpt5.4__rep0.json	PILOT-2016007888	baseline	0	6	5843	926	4922	861	5.7166	
PILOT-2016007888__baseline__gpt5.4__rep1.json	PILOT-2016007888	baseline	1	6	5843	1701	4295	861	4.9884	
PILOT-2016007888__baseline__gpt5.4__rep2.json	PILOT-2016007888	baseline	2	6	5843	906	4940	861	5.7375	
PILOT-2016007888__baseline__haiku4.5__rep0.json	PILOT-2016007888	baseline	0	13	5843	5315	2034	861	2.3624	
PILOT-2016007888__baseline__haiku4.5__rep1.json	PILOT-2016007888	baseline	1	13	5843	5188	1917	861	2.2265	
PILOT-2016007888__baseline__haiku4.5__rep2.json	PILOT-2016007888	baseline	2	6	5843	2283	4043	861	4.6957	
PILOT-2016007888__baseline__sonnet4__rep0.json	PILOT-2016007888	baseline	0	6	5843	2076	3961	861	4.6005	
PILOT-2016007888__baseline__sonnet4__rep1.json	PILOT-2016007888	baseline	1	6	5843	1999	4015	861	4.6632	
PILOT-2016007888__baseline__sonnet4__rep2.json	PILOT-2016007888	baseline	2	6	5843	1999	4016	861	4.6643	
PILOT-2017000071__A__gpt4o-mini__rep0.json	PILOT-2017000071	A	0	7	4283	4055	233	577	0.4038	
PILOT-2017000071__A__gpt4o-mini__rep1.json	PILOT-2017000071	A	1	7	4283	4055	233	577	0.4038	
PILOT-2017000071__A__gpt4o-mini__rep2.json	PILOT-2017000071	A	2	7	4283	4055	233	577	0.4038	
PILOT-2017000071__A__gpt5.4__rep0.json	PILOT-2017000071	A	0	7	4283	4379	508	577	0.8804	
PILOT-2017000071__A__gpt5.4__rep1.json	PILOT-2017000071	A	1	7	4283	4313	437	577	0.7574	
PILOT-2017000071__A__gpt5.4__rep2.json	PILOT-2017000071	A	2	7	4283	4220	359	577	0.6222	
PILOT-2017000071__A__haiku4.5__rep0.json	PILOT-2017000071	A	0	7	4283	4565	751	577	1.3016	
PILOT-2017000071__A__haiku4.5__rep1.json	PILOT-2017000071	A	1	7	4283	4538	721	577	1.2496	
PILOT-2017000071__A__haiku4.5__rep2.json	PILOT-2017000071	A	2	7	4283	4227	740	577	1.2825	
PILOT-2017000071__A__sonnet4__rep0.json	PILOT-2017000071	A	0	7	4283	4202	424	577	0.7348	
PILOT-2017000071__A__sonnet4__rep1.json	PILOT-2017000071	A	1	7	4283	3746	572	577	0.9913	
PILOT-2017000071__A__sonnet4__rep2.json	PILOT-2017000071	A	2	7	4283	3744	572	577	0.9913	
PILOT-2017000071__B__gpt4o-mini__rep0.json	PILOT-2017000071	B	0	7	4283	4053	296	577	0.513	
PILOT-2017000071__B__gpt4o-mini__rep1.json	PILOT-2017000071	B	1	7	4283	4048	256	577	0.4437	
PILOT-2017000071__B__gpt4o-mini__rep2.json	PILOT-2017000071	B	2	7	4283	4049	301	577	0.5217	
PILOT-2017000071__B__gpt5.4__rep0.json	PILOT-2017000071	B	0	7	4283	4221	354	577	0.6135	
PILOT-2017000071__B__gpt5.4__rep1.json	PILOT-2017000071	B	1	7	4283	4225	361	577	0.6256	
PILOT-2017000071__B__gpt5.4__rep2.json	PILOT-2017000071	B	2	7	4283	4206	386	577	0.669	
PILOT-2017000071__B__haiku4.5__rep0.json	PILOT-2017000071	B	0	7	4283	4392	742	577	1.286	
PILOT-2017000071__B__haiku4.5__rep1.json	PILOT-2017000071	B	1	7	4283	4174	706	577	1.2236	
PILOT-2017000071__B__haiku4.5__rep2.json	PILOT-2017000071	B	2	7	4283	4186	543	577	0.9411	
PILOT-2017000071__B__sonnet4__rep0.json	PILOT-2017000071	B	0	7	4283	4113	352	577	0.6101	
PILOT-2017000071__B__sonnet4__rep1.json	PILOT-2017000071	B	1	7	4283	4113	352	577	0.6101	
PILOT-2017000071__B__sonnet4__rep2.json	PILOT-2017000071	B	2	7	4283	4226	448	577	0.7764	
PILOT-2017000071__C__gpt4o-mini__rep0.json	PILOT-2017000071	C	0	7	4283	4055	233	577	0.4038	
PILOT-2017000071__C__gpt4o-mini__rep1.json	PILOT-2017000071	C	1	7	4283	4055	233	577	0.4038	
PILOT-2017000071__C__gpt4o-mini__rep2.json	PILOT-2017000071	C	2	7	4283	4055	233	577	0.4038	
PILOT-2017000071__C__gpt5.4__rep0.json	PILOT-2017000071	C	0	7	4283	4310	440	577	0.7626	
PILOT-2017000071__C__gpt5.4__rep1.json	PILOT-2017000071	C	1	7	4283	4271	401	577	0.695	
PILOT-2017000071__C__gpt5.4__rep2.json	PILOT-2017000071	C	2	7	4283	4345	474	577	0.8215	
PILOT-2017000071__C__haiku4.5__rep0.json	PILOT-2017000071	C	0	7	4283	4349	578	577	1.0017	
PILOT-2017000071__C__haiku4.5__rep1.json	PILOT-2017000071	C	1	7	4283	4256	771	577	1.3362	
PILOT-2017000071__C__haiku4.5__rep2.json	PILOT-2017000071	C	2	7	4283	4803	987	577	1.7106	
PILOT-2017000071__C__sonnet4__rep0.json	PILOT-2017000071	C	0	7	4283	4139	383	577	0.6638	
PILOT-2017000071__C__sonnet4__rep1.json	PILOT-2017000071	C	1	7	4283	4141	385	577	0.6672	
PILOT-2017000071__C__sonnet4__rep2.json	PILOT-2017000071	C	2	7	4283	4141	385	577	0.6672	
PILOT-2017000071__D__gpt4o-mini__rep0.json	PILOT-2017000071	D	0	7	4283	4055	233	577	0.4038	
PILOT-2017000071__D__gpt4o-mini__rep1.json	PILOT-2017000071	D	1	7	4283	4055	233	577	0.4038	
PILOT-2017000071__D__gpt4o-mini__rep2.json	PILOT-2017000071	D	2	7	4283	4053	245	577	0.4246	
PILOT-2017000071__D__gpt5.4__rep0.json	PILOT-2017000071	D	0	7	4283	4275	414	577	0.7175	
PILOT-2017000071__D__gpt5.4__rep1.json	PILOT-2017000071	D	1	7	4283	4218	340	577	0.5893	
PILOT-2017000071__D__gpt5.4__rep2.json	PILOT-2017000071	D	2	7	4283	4266	394	577	0.6828	
PILOT-2017000071__D__haiku4.5__rep0.json	PILOT-2017000071	D	0	7	4283	4750	872	577	1.5113	
PILOT-2017000071__D__haiku4.5__rep1.json	PILOT-2017000071	D	1	7	4283	4599	807	577	1.3986	
PILOT-2017000071__D__haiku4.5__rep2.json	PILOT-2017000071	D	2	7	4283	4866	992	577	1.7192	
PILOT-2017000071__D__sonnet4__rep0.json	PILOT-2017000071	D	0	7	4283	4555	681	577	1.1802	
PILOT-2017000071__D__sonnet4__rep1.json	PILOT-2017000071	D	1	7	4283	4209	436	577	0.7556	
PILOT-2017000071__D__sonnet4__rep2.json	PILOT-2017000071	D	2	7	4283	4160	405	577	0.7019	
PILOT-2017000071__E__gpt4o-mini__rep0.json	PILOT-2017000071	E	0	7	4283	4055	233	577	0.4038	
PILOT-2017000071__E__gpt4o-mini__rep1.json	PILOT-2017000071	E	1	7	4283	4139	299	577	0.5182	
PILOT-2017000071__E__gpt4o-mini__rep2.json	PILOT-2017000071	E	2	7	4283	4055	233	577	0.4038	
PILOT-2017000071__E__gpt5.4__rep0.json	PILOT-2017000071	E	0	7	4283	4405	534	577	0.9255	
PILOT-2017000071__E__gpt5.4__rep1.json	PILOT-2017000071	E	1	7	4283	4362	520	577	0.9012	
PILOT-2017000071__E__gpt5.4__rep2.json	PILOT-2017000071	E	2	7	4283	4200	422	577	0.7314	
PILOT-2017000071__E__haiku4.5__rep0.json	PILOT-2017000071	E	0	7	4283	4348	611	577	1.0589	
PILOT-2017000071__E__haiku4.5__rep1.json	PILOT-2017000071	E	1	7	4283	4660	789	577	1.3674	
PILOT-2017000071__E__haiku4.5__rep2.json	PILOT-2017000071	E	2	7	4283	4386	594	577	1.0295	
PILOT-2017000071__E__sonnet4__rep0.json	PILOT-2017000071	E	0	7	4283	4202	424	577	0.7348	
PILOT-2017000071__E__sonnet4__rep1.json	PILOT-2017000071	E	1	7	4283	4141	385	577	0.6672	
PILOT-2017000071__E__sonnet4__rep2.json	PILOT-2017000071	E	2	7	4283	4200	422	577	0.7314	
PILOT-2017000071__F__gpt4o-mini__rep0.json	PILOT-2017000071	F	0	7	4283	4055	233	577	0.4038	
PILOT-2017000071__F__gpt4o-mini__rep1.json	PILOT-2017000071	F	1	7	4283	4053	245	577	0.4246	
PILOT-2017000071__F__gpt4o-mini__rep2.json	PILOT-2017000071	F	2	7	4283	4055	233	577	0.4038	
PILOT-2017000071__F__gpt5.4__rep0.json	PILOT-2017000071	F	0	7	4283	4332	453	577	0.7851	
PILOT-2017000071__F__gpt5.4__rep1.json	PILOT-2017000071	F	1	7	4283	4358	480	577	0.8319	
PILOT-2017000071__F__gpt5.4__rep2.json	PILOT-2017000071	F	2	7	4283	4230	354	577	0.6135	
PILOT-2017000071__F__haiku4.5__rep0.json	PILOT-2017000071	F	0	7	4283	4040	318	577	0.5511	
PILOT-2017000071__F__haiku4.5__rep1.json	PILOT-2017000071	F	1	7	4283	4025	324	577	0.5615	
PILOT-2017000071__F__haiku4.5__rep2.json	PILOT-2017000071	F	2	7	4283	4022	327	577	0.5667	
PILOT-2017000071__F__sonnet4__rep0.json	PILOT-2017000071	F	0	7	4283	3817	554	577	0.9601	
PILOT-2017000071__F__sonnet4__rep1.json	PILOT-2017000071	F	1	7	4283	3790	561	577	0.9723	
PILOT-2017000071__F__sonnet4__rep2.json	PILOT-2017000071	F	2	7	4283	3735	582	577	1.0087	
PILOT-2017000071__G__gpt4o-mini__rep0.json	PILOT-2017000071	G	0	7	4283	4055	233	577	0.4038	
PILOT-2017000071__G__gpt4o-mini__rep1.json	PILOT-2017000071	G	1	7	4283	4061	274	577	0.4749	
PILOT-2017000071__G__gpt4o-mini__rep2.json	PILOT-2017000071	G	2	7	4283	4055	233	577	0.4038	
PILOT-2017000071__G__gpt5.4__rep0.json	PILOT-2017000071	G	0	7	4283	4209	330	577	0.5719	
PILOT-2017000071__G__gpt5.4__rep1.json	PILOT-2017000071	G	1	7	4283	4215	381	577	0.6603	
PILOT-2017000071__G__gpt5.4__rep2.json	PILOT-2017000071	G	2	7	4283	4215	343	577	0.5945	
PILOT-2017000071__G__haiku4.5__rep0.json	PILOT-2017000071	G	0	7	4283	4463	688	577	1.1924	
PILOT-2017000071__G__haiku4.5__rep1.json	PILOT-2017000071	G	1	7	4283	4046	374	577	0.6482	
PILOT-2017000071__G__haiku4.5__rep2.json	PILOT-2017000071	G	2	7	4283	4794	909	577	1.5754	
PILOT-2017000071__G__sonnet4__rep0.json	PILOT-2017000071	G	0	7	4283	4261	488	577	0.8458	
PILOT-2017000071__G__sonnet4__rep1.json	PILOT-2017000071	G	1	7	4283	4263	490	577	0.8492	
PILOT-2017000071__G__sonnet4__rep2.json	PILOT-2017000071	G	2	7	4283	4265	492	577	0.8527	
PILOT-2017000071__baseline__gpt4o-mini__rep0.json	PILOT-2017000071	baseline	0	7	4283	4055	233	577	0.4038	
PILOT-2017000071__baseline__gpt4o-mini__rep1.json	PILOT-2017000071	baseline	1	7	4283	4055	233	577	0.4038	
PILOT-2017000071__baseline__gpt4o-mini__rep2.json	PILOT-2017000071	baseline	2	7	4283	4055	233	577	0.4038	
PILOT-2017000071__baseline__gpt5.4__rep0.json	PILOT-2017000071	baseline	0	7	4283	4276	405	577	0.7019	
PILOT-2017000071__baseline__gpt5.4__rep1.json	PILOT-2017000071	baseline	1	7	4283	4267	397	577	0.688	
PILOT-2017000071__baseline__gpt5.4__rep2.json	PILOT-2017000071	baseline	2	7	4283	4209	394	577	0.6828	
PILOT-2017000071__baseline__haiku4.5__rep0.json	PILOT-2017000071	baseline	0	7	4283	4816	996	577	1.7262	
PILOT-2017000071__baseline__haiku4.5__rep1.json	PILOT-2017000071	baseline	1	7	4283	4700	895	577	1.5511	
PILOT-2017000071__baseline__haiku4.5__rep2.json	PILOT-2017000071	baseline	2	7	4283	4336	589	577	1.0208	
PILOT-2017000071__baseline__sonnet4__rep0.json	PILOT-2017000071	baseline	0	7	4283	3746	572	577	0.9913	
PILOT-2017000071__baseline__sonnet4__rep1.json	PILOT-2017000071	baseline	1	7	4283	4193	430	577	0.7452	
PILOT-2017000071__baseline__sonnet4__rep2.json	PILOT-2017000071	baseline	2	7	4283	3744	572	577	0.9913	
PILOT-2017000093__A__gpt4o-mini__rep0.json	PILOT-2017000093	A	0	6	8811	3678	5658	2769	2.0433	
PILOT-2017000093__A__gpt4o-mini__rep1.json	PILOT-2017000093	A	1	6	8811	3617	5681	2769	2.0516	
PILOT-2017000093__A__gpt4o-mini__rep2.json	PILOT-2017000093	A	2	6	8811	3815	5440	2769	1.9646	
PILOT-2017000093__A__gpt5.4__rep0.json	PILOT-2017000093	A	0	19	8811	8597	1718	2769	0.6204	
PILOT-2017000093__A__gpt5.4__rep1.json	PILOT-2017000093	A	1	17	8811	8451	2016	2769	0.7281	
PILOT-2017000093__A__gpt5.4__rep2.json	PILOT-2017000093	A	2	17	8811	9489	2932	2769	1.0589	
PILOT-2017000093__A__haiku4.5__rep0.json	PILOT-2017000093	A	0	21	8811	10234	2344	2769	0.8465	
PILOT-2017000093__A__haiku4.5__rep1.json	PILOT-2017000093	A	1	21	8811	10740	2362	2769	0.853	
PILOT-2017000093__A__haiku4.5__rep2.json	PILOT-2017000093	A	2	21	8811	7273	3250	2769	1.1737	
PILOT-2017000093__A__sonnet4__rep0.json	PILOT-2017000093	A	0	21	8811	9657	1791	2769	0.6468	
PILOT-2017000093__A__sonnet4__rep1.json	PILOT-2017000093	A	1	21	8811	9268	1576	2769	0.5692	
PILOT-2017000093__A__sonnet4__rep2.json	PILOT-2017000093	A	2	21	8811	9208	1416	2769	0.5114	
PILOT-2017000093__B__gpt4o-mini__rep0.json	PILOT-2017000093	B	0	6	8811	3896	5243	2769	1.8935	
PILOT-2017000093__B__gpt4o-mini__rep1.json	PILOT-2017000093	B	1	6	8811	3774	5446	2769	1.9668	
PILOT-2017000093__B__gpt4o-mini__rep2.json	PILOT-2017000093	B	2	6	8811	4217	5154	2769	1.8613	
PILOT-2017000093__B__gpt5.4__rep0.json	PILOT-2017000093	B	0	17	8811	8678	1843	2769	0.6656	
PILOT-2017000093__B__gpt5.4__rep1.json	PILOT-2017000093	B	1	21	8811	9198	923	2769	0.3333	
PILOT-2017000093__B__gpt5.4__rep2.json	PILOT-2017000093	B	2	17	8811	10144	2790	2769	1.0076	
PILOT-2017000093__B__haiku4.5__rep0.json	PILOT-2017000093	B	0	21	8811	6690	3735	2769	1.3489	
PILOT-2017000093__B__haiku4.5__rep1.json	PILOT-2017000093	B	1	21	8811	10177	1851	2769	0.6685	
PILOT-2017000093__B__haiku4.5__rep2.json	PILOT-2017000093	B	2	21	8811	10218	2185	2769	0.7891	
PILOT-2017000093__B__sonnet4__rep0.json	PILOT-2017000093	B	0	17	8811	8060	1563	2769	0.5645	
PILOT-2017000093__B__sonnet4__rep1.json	PILOT-2017000093	B	1	21	8811	9831	1519	2769	0.5486	
PILOT-2017000093__B__sonnet4__rep2.json	PILOT-2017000093	B	2	21	8811	9012	1578	2769	0.5699	
PILOT-2017000093__C__gpt4o-mini__rep0.json	PILOT-2017000093	C	0	6	8811	3750	5570	2769	2.0116	
PILOT-2017000093__C__gpt4o-mini__rep1.json	PILOT-2017000093	C	1	6	8811	4236	5064	2769	1.8288	
PILOT-2017000093__C__gpt4o-mini__rep2.json	PILOT-2017000093	C	2	6	8811	3986	5109	2769	1.8451	
PILOT-2017000093__C__gpt5.4__rep0.json	PILOT-2017000093	C	0	17	8811	9498	3351	2769	1.2102	
PILOT-2017000093__C__gpt5.4__rep1.json	PILOT-2017000093	C	1	17	8811	10225	2690	2769	0.9715	
PILOT-2017000093__C__gpt5.4__rep2.json	PILOT-2017000093	C	2	21	8811	10134	1868	2769	0.6746	
PILOT-2017000093__C__haiku4.5__rep0.json	PILOT-2017000093	C	0	19	8811	9527	1793	2769	0.6475	
PILOT-2017000093__C__haiku4.5__rep1.json	PILOT-2017000093	C	1	19	8811	9849	2143	2769	0.7739	
PILOT-2017000093__C__haiku4.5__rep2.json	PILOT-2017000093	C	2	17	8811	9866	2689	2769	0.9711	
PILOT-2017000093__C__sonnet4__rep0.json	PILOT-2017000093	C	0	21	8811	10378	2048	2769	0.7396	
PILOT-2017000093__C__sonnet4__rep1.json	PILOT-2017000093	C	1	21	8811	10378	2097	2769	0.7573	
PILOT-2017000093__C__sonnet4__rep2.json	PILOT-2017000093	C	2	21	8811	10378	2097	2769	0.7573	
PILOT-2017000093__D__gpt4o-mini__rep0.json	PILOT-2017000093	D	0	6	8811	3759	5372	2769	1.9401	
PILOT-2017000093__D__gpt4o-mini__rep1.json	PILOT-2017000093	D	1	6	8811	4093	5162	2769	1.8642	
PILOT-2017000093__D__gpt4o-mini__rep2.json	PILOT-2017000093	D	2	8	8811	5537	3849	2769	1.39	
PILOT-2017000093__D__gpt5.4__rep0.json	PILOT-2017000093	D	0	17	8811	9044	2528	2769	0.913	
PILOT-2017000093__D__gpt5.4__rep1.json	PILOT-2017000093	D	1	21	8811	11180	2884	2769	1.0415	
PILOT-2017000093__D__gpt5.4__rep2.json	PILOT-2017000093	D	2	21	8811	10961	2752	2769	0.9939	
PILOT-2017000093__D__haiku4.5__rep0.json	PILOT-2017000093	D	0	15	8811	8773	2658	2769	0.9599	
PILOT-2017000093__D__haiku4.5__rep1.json	PILOT-2017000093	D	1	19	8811	7911	3428	2769	1.238	
PILOT-2017000093__D__haiku4.5__rep2.json	PILOT-2017000093	D	2	19	8811	9626	1864	2769	0.6732	
PILOT-2017000093__D__sonnet4__rep0.json	PILOT-2017000093	D	0	17	8811	8892	2009	2769	0.7255	
PILOT-2017000093__D__sonnet4__rep1.json	PILOT-2017000093	D	1	21	8811	10366	2060	2769	0.744	
PILOT-2017000093__D__sonnet4__rep2.json	PILOT-2017000093	D	2	21	8811	9592	1348	2769	0.4868	
PILOT-2017000093__E__gpt4o-mini__rep0.json	PILOT-2017000093	E	0	8	8811	6300	3572	2769	1.29	
PILOT-2017000093__E__gpt4o-mini__rep1.json	PILOT-2017000093	E	1	8	8811	5205	4076	2769	1.472	
PILOT-2017000093__E__gpt4o-mini__rep2.json	PILOT-2017000093	E	2	6	8811	4196	5128	2769	1.8519	
PILOT-2017000093__E__gpt5.4__rep0.json	PILOT-2017000093	E	0	17	8811	9542	3036	2769	1.0964	
PILOT-2017000093__E__gpt5.4__rep1.json	PILOT-2017000093	E	1	21	8811	10188	1908	2769	0.6891	
PILOT-2017000093__E__gpt5.4__rep2.json	PILOT-2017000093	E	2	21	8811	9562	1268	2769	0.4579	
PILOT-2017000093__E__haiku4.5__rep0.json	PILOT-2017000093	E	0	19	8811	7773	3248	2769	1.173	
PILOT-2017000093__E__haiku4.5__rep1.json	PILOT-2017000093	E	1	19	8811	7499	3290	2769	1.1882	
PILOT-2017000093__E__haiku4.5__rep2.json	PILOT-2017000093	E	2	19	8811	7436	3156	2769	1.1398	
PILOT-2017000093__E__sonnet4__rep0.json	PILOT-2017000093	E	0	21	8811	9596	1276	2769	0.4608	
PILOT-2017000093__E__sonnet4__rep1.json	PILOT-2017000093	E	1	21	8811	10519	2233	2769	0.8064	
PILOT-2017000093__E__sonnet4__rep2.json	PILOT-2017000093	E	2	21	8811	9586	1322	2769	0.4774	
PILOT-2017000093__F__gpt4o-mini__rep0.json	PILOT-2017000093	F	0	6	8811	3814	5303	2769	1.9151	
PILOT-2017000093__F__gpt4o-mini__rep1.json	PILOT-2017000093	F	1	6	8811	3738	5346	2769	1.9307	
PILOT-2017000093__F__gpt4o-mini__rep2.json	PILOT-2017000093	F	2	21	8811	9024	2228	2769	0.8046	
PILOT-2017000093__F__gpt5.4__rep0.json	PILOT-2017000093	F	0	17	8811	7913	1443	2769	0.5211	
PILOT-2017000093__F__gpt5.4__rep1.json	PILOT-2017000093	F	1	21	8811	10718	2448	2769	0.8841	
PILOT-2017000093__F__gpt5.4__rep2.json	PILOT-2017000093	F	2	17	8811	8438	842	2769	0.3041	
PILOT-2017000093__F__haiku4.5__rep0.json	PILOT-2017000093	F	0	17	8811	8976	2044	2769	0.7382	
PILOT-2017000093__F__haiku4.5__rep1.json	PILOT-2017000093	F	1	13	8811	5962	3787	2769	1.3676	
PILOT-2017000093__F__haiku4.5__rep2.json	PILOT-2017000093	F	2	21	8811	10159	1821	2769	0.6576	
PILOT-2017000093__F__sonnet4__rep0.json	PILOT-2017000093	F	0	21	8811	9830	1579	2769	0.5702	
PILOT-2017000093__F__sonnet4__rep1.json	PILOT-2017000093	F	1	21	8811	10485	2126	2769	0.7678	
PILOT-2017000093__F__sonnet4__rep2.json	PILOT-2017000093	F	2	21	8811	9341	1075	2769	0.3882	
PILOT-2017000093__G__gpt4o-mini__rep0.json	PILOT-2017000093	G	0	6	8811	4251	5109	2769	1.8451	
PILOT-2017000093__G__gpt4o-mini__rep1.json	PILOT-2017000093	G	1	21	8811	5351	4329	2769	1.5634	
PILOT-2017000093__G__gpt4o-mini__rep2.json	PILOT-2017000093	G	2	6	8811	3834	5363	2769	1.9368	
PILOT-2017000093__G__gpt5.4__rep0.json	PILOT-2017000093	G	0	17	8811	10323	3032	2769	1.095	
PILOT-2017000093__G__gpt5.4__rep1.json	PILOT-2017000093	G	1	21	8811	9818	1556	2769	0.5619	
PILOT-2017000093__G__gpt5.4__rep2.json	PILOT-2017000093	G	2	21	8811	10188	1908	2769	0.6891	
PILOT-2017000093__G__haiku4.5__rep0.json	PILOT-2017000093	G	0	19	8811	8699	1761	2769	0.636	
PILOT-2017000093__G__haiku4.5__rep1.json	PILOT-2017000093	G	1	19	8811	6962	3186	2769	1.1506	
PILOT-2017000093__G__haiku4.5__rep2.json	PILOT-2017000093	G	2	19	8811	9042	1500	2769	0.5417	
PILOT-2017000093__G__sonnet4__rep0.json	PILOT-2017000093	G	0	21	8811	9846	1521	2769	0.5493	
PILOT-2017000093__G__sonnet4__rep1.json	PILOT-2017000093	G	1	21	8811	10200	1863	2769	0.6728	
PILOT-2017000093__G__sonnet4__rep2.json	PILOT-2017000093	G	2	21	8811	9941	1657	2769	0.5984	
PILOT-2017000093__baseline__gpt4o-mini__rep0.json	PILOT-2017000093	baseline	0	6	8811	4023	5105	2769	1.8436	
PILOT-2017000093__baseline__gpt4o-mini__rep1.json	PILOT-2017000093	baseline	1	8	8811	5220	4442	2769	1.6042	
PILOT-2017000093__baseline__gpt4o-mini__rep2.json	PILOT-2017000093	baseline	2	6	8811	3941	5364	2769	1.9372	
PILOT-2017000093__baseline__gpt5.4__rep0.json	PILOT-2017000093	baseline	0	17	8811	9527	2822	2769	1.0191	
PILOT-2017000093__baseline__gpt5.4__rep1.json	PILOT-2017000093	baseline	1	21	8811	10950	2654	2769	0.9585	
PILOT-2017000093__baseline__gpt5.4__rep2.json	PILOT-2017000093	baseline	2	21	8811	9670	1378	2769	0.4977	
PILOT-2017000093__baseline__haiku4.5__rep0.json	PILOT-2017000093	baseline	0	17	8811	9368	2379	2769	0.8592	
PILOT-2017000093__baseline__haiku4.5__rep1.json	PILOT-2017000093	baseline	1	19	8811	7965	2968	2769	1.0719	
PILOT-2017000093__baseline__haiku4.5__rep2.json	PILOT-2017000093	baseline	2	17	8811	6420	4081	2769	1.4738	
PILOT-2017000093__baseline__sonnet4__rep0.json	PILOT-2017000093	baseline	0	21	8811	10454	2090	2769	0.7548	
PILOT-2017000093__baseline__sonnet4__rep1.json	PILOT-2017000093	baseline	1	21	8811	9984	1709	2769	0.6172	
PILOT-2017000093__baseline__sonnet4__rep2.json	PILOT-2017000093	baseline	2	21	8811	9984	1721	2769	0.6215	
PILOT-2017001422__A__gpt4o-mini__rep0.json	PILOT-2017001422	A	0	6	4600	1336	3528	357	9.8824	
PILOT-2017001422__A__gpt4o-mini__rep1.json	PILOT-2017001422	A	1	5	4600	1433	3400	357	9.5238	
PILOT-2017001422__A__gpt4o-mini__rep2.json	PILOT-2017001422	A	2	6	4600	1583	3400	357	9.5238	
PILOT-2017001422__A__gpt5.4__rep0.json	PILOT-2017001422	A	0	8	4600	1980	2895	357	8.1092	
PILOT-2017001422__A__gpt5.4__rep1.json	PILOT-2017001422	A	1	8	4600	1918	2990	357	8.3754	
PILOT-2017001422__A__gpt5.4__rep2.json	PILOT-2017001422	A	2	8	4600	1834	2804	357	7.8543	
PILOT-2017001422__A__haiku4.5__rep0.json	PILOT-2017001422	A	0	8	4600	2123	2839	357	7.9524	
PILOT-2017001422__A__haiku4.5__rep1.json	PILOT-2017001422	A	1	8	4600	2117	2815	357	7.8852	
PILOT-2017001422__A__haiku4.5__rep2.json	PILOT-2017001422	A	2	8	4600	2237	2894	357	8.1064	
PILOT-2017001422__A__sonnet4__rep0.json	PILOT-2017001422	A	0	8	4600	1623	3020	357	8.4594	
PILOT-2017001422__A__sonnet4__rep1.json	PILOT-2017001422	A	1	8	4600	1678	3009	357	8.4286	
PILOT-2017001422__A__sonnet4__rep2.json	PILOT-2017001422	A	2	8	4600	1684	3008	357	8.4258	
PILOT-2017001422__B__gpt4o-mini__rep0.json	PILOT-2017001422	B	0	4	4600	1254	3547	357	9.9356	
PILOT-2017001422__B__gpt4o-mini__rep1.json	PILOT-2017001422	B	1	4	4600	1240	3548	357	9.9384	
PILOT-2017001422__B__gpt4o-mini__rep2.json	PILOT-2017001422	B	2	4	4600	1314	3507	357	9.8235	
PILOT-2017001422__B__gpt5.4__rep0.json	PILOT-2017001422	B	0	8	4600	1769	2901	357	8.1261	
PILOT-2017001422__B__gpt5.4__rep1.json	PILOT-2017001422	B	1	8	4600	2378	2788	357	7.8095	
PILOT-2017001422__B__gpt5.4__rep2.json	PILOT-2017001422	B	2	8	4600	1765	2905	357	8.1373	
PILOT-2017001422__B__haiku4.5__rep0.json	PILOT-2017001422	B	0	8	4600	1969	3049	357	8.5406	
PILOT-2017001422__B__haiku4.5__rep1.json	PILOT-2017001422	B	1	8	4600	2240	3030	357	8.4874	
PILOT-2017001422__B__haiku4.5__rep2.json	PILOT-2017001422	B	2	8	4600	2596	3080	357	8.6275	
PILOT-2017001422__B__sonnet4__rep0.json	PILOT-2017001422	B	0	8	4600	2070	2867	357	8.0308	
PILOT-2017001422__B__sonnet4__rep1.json	PILOT-2017001422	B	1	8	4600	2070	2867	357	8.0308	
PILOT-2017001422__B__sonnet4__rep2.json	PILOT-2017001422	B	2	8	4600	2083	3011	357	8.4342	
PILOT-2017001422__C__gpt4o-mini__rep0.json	PILOT-2017001422	C	0	6	4600	1583	3294	357	9.2269	
PILOT-2017001422__C__gpt4o-mini__rep1.json	PILOT-2017001422	C	1	6	4600	1509	3361	357	9.4146	
PILOT-2017001422__C__gpt4o-mini__rep2.json	PILOT-2017001422	C	2	5	4600	1471	3399	357	9.521	
PILOT-2017001422__C__gpt5.4__rep0.json	PILOT-2017001422	C	0	8	4600	1865	2952	357	8.2689	
PILOT-2017001422__C__gpt5.4__rep1.json	PILOT-2017001422	C	1	8	4600	1839	2809	357	7.8683	
PILOT-2017001422__C__gpt5.4__rep2.json	PILOT-2017001422	C	2	8	4600	1823	2959	357	8.2885	
PILOT-2017001422__C__haiku4.5__rep0.json	PILOT-2017001422	C	0	8	4600	2048	2844	357	7.9664	
PILOT-2017001422__C__haiku4.5__rep1.json	PILOT-2017001422	C	1	8	4600	2067	2921	357	8.1821	
PILOT-2017001422__C__haiku4.5__rep2.json	PILOT-2017001422	C	2	8	4600	2195	2876	357	8.056	
PILOT-2017001422__C__sonnet4__rep0.json	PILOT-2017001422	C	0	8	4600	1678	3009	357	8.4286	
PILOT-2017001422__C__sonnet4__rep1.json	PILOT-2017001422	C	1	8	4600	1678	3009	357	8.4286	
PILOT-2017001422__C__sonnet4__rep2.json	PILOT-2017001422	C	2	8	4600	1678	3009	357	8.4286	
PILOT-2017001422__D__gpt4o-mini__rep0.json	PILOT-2017001422	D	0	8	4600	2205	3003	357	8.4118	
PILOT-2017001422__D__gpt4o-mini__rep1.json	PILOT-2017001422	D	1	8	4600	2138	2991	357	8.3782	
PILOT-2017001422__D__gpt4o-mini__rep2.json	PILOT-2017001422	D	2	5	4600	1369	3389	357	9.493	
PILOT-2017001422__D__gpt5.4__rep0.json	PILOT-2017001422	D	0	8	4600	1754	2894	357	8.1064	
PILOT-2017001422__D__gpt5.4__rep1.json	PILOT-2017001422	D	1	8	4600	1034	3735	357	10.4622	
PILOT-2017001422__D__gpt5.4__rep2.json	PILOT-2017001422	D	2	8	4600	1808	2954	357	8.2745	
PILOT-2017001422__D__haiku4.5__rep0.json	PILOT-2017001422	D	0	8	4600	1565	3298	357	9.2381	
PILOT-2017001422__D__haiku4.5__rep1.json	PILOT-2017001422	D	1	8	4600	1813	3076	357	8.6162	
PILOT-2017001422__D__haiku4.5__rep2.json	PILOT-2017001422	D	2	8	4600	2334	2958	357	8.2857	
PILOT-2017001422__D__sonnet4__rep0.json	PILOT-2017001422	D	0	8	4600	1832	2973	357	8.3277	
PILOT-2017001422__D__sonnet4__rep1.json	PILOT-2017001422	D	1	8	4600	1832	2973	357	8.3277	
PILOT-2017001422__D__sonnet4__rep2.json	PILOT-2017001422	D	2	8	4600	1837	2970	357	8.3193	
PILOT-2017001422__E__gpt4o-mini__rep0.json	PILOT-2017001422	E	0	6	4600	1668	3198	357	8.958	
PILOT-2017001422__E__gpt4o-mini__rep1.json	PILOT-2017001422	E	1	6	4600	1665	3218	357	9.014	
PILOT-2017001422__E__gpt4o-mini__rep2.json	PILOT-2017001422	E	2	5	4600	1481	3373	357	9.4482	
PILOT-2017001422__E__gpt5.4__rep0.json	PILOT-2017001422	E	0	8	4600	1835	2960	357	8.2913	
PILOT-2017001422__E__gpt5.4__rep1.json	PILOT-2017001422	E	1	8	4600	2004	2903	357	8.1317	
PILOT-2017001422__E__gpt5.4__rep2.json	PILOT-2017001422	E	2	8	4600	1801	2925	357	8.1933	
PILOT-2017001422__E__haiku4.5__rep0.json	PILOT-2017001422	E	0	8	4600	2126	2870	357	8.0392	
PILOT-2017001422__E__haiku4.5__rep1.json	PILOT-2017001422	E	1	8	4600	2048	2845	357	7.9692	
PILOT-2017001422__E__haiku4.5__rep2.json	PILOT-2017001422	E	2	8	4600	2433	3062	357	8.577	
PILOT-2017001422__E__sonnet4__rep0.json	PILOT-2017001422	E	0	8	4600	2095	2978	357	8.3417	
PILOT-2017001422__E__sonnet4__rep1.json	PILOT-2017001422	E	1	8	4600	1927	2965	357	8.3053	
PILOT-2017001422__E__sonnet4__rep2.json	PILOT-2017001422	E	2	8	4600	1885	3085	357	8.6415	
PILOT-2017001422__F__gpt4o-mini__rep0.json	PILOT-2017001422	F	0	6	4600	1710	3309	357	9.2689	
PILOT-2017001422__F__gpt4o-mini__rep1.json	PILOT-2017001422	F	1	5	4600	1538	3389	357	9.493	
PILOT-2017001422__F__gpt4o-mini__rep2.json	PILOT-2017001422	F	2	5	4600	1488	3415	357	9.5658	
PILOT-2017001422__F__gpt5.4__rep0.json	PILOT-2017001422	F	0	8	4600	1831	3131	357	8.7703	
PILOT-2017001422__F__gpt5.4__rep1.json	PILOT-2017001422	F	1	8	4600	1720	3105	357	8.6975	
PILOT-2017001422__F__gpt5.4__rep2.json	PILOT-2017001422	F	2	8	4600	1906	2870	357	8.0392	
PILOT-2017001422__F__haiku4.5__rep0.json	PILOT-2017001422	F	0	8	4600	2093	2986	357	8.3641	
PILOT-2017001422__F__haiku4.5__rep1.json	PILOT-2017001422	F	1	8	4600	1294	3500	357	9.8039	
PILOT-2017001422__F__haiku4.5__rep2.json	PILOT-2017001422	F	2	8	4600	2058	3006	357	8.4202	
PILOT-2017001422__F__sonnet4__rep0.json	PILOT-2017001422	F	0	8	4600	1945	2899	357	8.1204	
PILOT-2017001422__F__sonnet4__rep1.json	PILOT-2017001422	F	1	8	4600	1963	2845	357	7.9692	
PILOT-2017001422__F__sonnet4__rep2.json	PILOT-2017001422	F	2	8	4600	1963	2845	357	7.9692	
PILOT-2017001422__G__gpt4o-mini__rep0.json	PILOT-2017001422	G	0	6	4600	1517	3339	357	9.3529	
PILOT-2017001422__G__gpt4o-mini__rep1.json	PILOT-2017001422	G	1	6	4600	1616	3296	357	9.2325	
PILOT-2017001422__G__gpt4o-mini__rep2.json	PILOT-2017001422	G	2	5	4600	1399	3436	357	9.6246	
PILOT-2017001422__G__gpt5.4__rep0.json	PILOT-2017001422	G	0	8	4600	2193	2851	357	7.986	
PILOT-2017001422__G__gpt5.4__rep1.json	PILOT-2017001422	G	1	8	4600	1821	3129	357	8.7647	
PILOT-2017001422__G__gpt5.4__rep2.json	PILOT-2017001422	G	2	8	4600	1766	3140	357	8.7955	
PILOT-2017001422__G__haiku4.5__rep0.json	PILOT-2017001422	G	0	7	4600	1791	3034	357	8.4986	
PILOT-2017001422__G__haiku4.5__rep1.json	PILOT-2017001422	G	1	7	4600	1971	2991	357	8.3782	
PILOT-2017001422__G__haiku4.5__rep2.json	PILOT-2017001422	G	2	7	4600	1997	3013	357	8.4398	
PILOT-2017001422__G__sonnet4__rep0.json	PILOT-2017001422	G	0	8	4600	1958	2848	357	7.9776	
PILOT-2017001422__G__sonnet4__rep1.json	PILOT-2017001422	G	1	8	4600	2061	2917	357	8.1709	
PILOT-2017001422__G__sonnet4__rep2.json	PILOT-2017001422	G	2	8	4600	2053	2840	357	7.9552	
PILOT-2017001422__baseline__gpt4o-mini__rep0.json	PILOT-2017001422	baseline	0	6	4600	1658	3264	357	9.1429	
PILOT-2017001422__baseline__gpt4o-mini__rep1.json	PILOT-2017001422	baseline	1	6	4600	1598	3280	357	9.1877	
PILOT-2017001422__baseline__gpt4o-mini__rep2.json	PILOT-2017001422	baseline	2	6	4600	1516	3418	357	9.5742	
PILOT-2017001422__baseline__gpt5.4__rep0.json	PILOT-2017001422	baseline	0	8	4600	1839	2809	357	7.8683	
PILOT-2017001422__baseline__gpt5.4__rep1.json	PILOT-2017001422	baseline	1	8	4600	1837	3019	357	8.4566	
PILOT-2017001422__baseline__gpt5.4__rep2.json	PILOT-2017001422	baseline	2	8	4600	1895	2980	357	8.3473	
PILOT-2017001422__baseline__haiku4.5__rep0.json	PILOT-2017001422	baseline	0	8	4600	2101	2848	357	7.9776	
PILOT-2017001422__baseline__haiku4.5__rep1.json	PILOT-2017001422	baseline	1	8	4600	2061	2909	357	8.1485	
PILOT-2017001422__baseline__haiku4.5__rep2.json	PILOT-2017001422	baseline	2	8	4600	2159	3023	357	8.4678	
PILOT-2017001422__baseline__sonnet4__rep0.json	PILOT-2017001422	baseline	0	8	4600	1678	3009	357	8.4286	
PILOT-2017001422__baseline__sonnet4__rep1.json	PILOT-2017001422	baseline	1	8	4600	1677	3010	357	8.4314	
PILOT-2017001422__baseline__sonnet4__rep2.json	PILOT-2017001422	baseline	2	8	4600	1684	3008	357	8.4258	
PILOT-2017002001__A__gpt4o-mini__rep0.json	PILOT-2017002001	A	0	3	5707	1187	4527	2192	2.0652	
PILOT-2017002001__A__gpt4o-mini__rep1.json	PILOT-2017002001	A	1	3	5707	1030	4677	2192	2.1337	
PILOT-2017002001__A__gpt4o-mini__rep2.json	PILOT-2017002001	A	2	3	5707	1037	4670	2192	2.1305	
PILOT-2017002001__A__gpt5.4__rep0.json	PILOT-2017002001	A	0	19	5707	3805	2269	2192	1.0351	
PILOT-2017002001__A__gpt5.4__rep1.json	PILOT-2017002001	A	1	19	5707	4234	2412	2192	1.1004	
PILOT-2017002001__A__gpt5.4__rep2.json	PILOT-2017002001	A	2	19	5707	3922	2345	2192	1.0698	
PILOT-2017002001__A__haiku4.5__rep0.json	PILOT-2017002001	A	0	19	5707	2826	3294	2192	1.5027	
PILOT-2017002001__A__haiku4.5__rep1.json	PILOT-2017002001	A	1	19	5707	4252	2563	2192	1.1693	
PILOT-2017002001__A__haiku4.5__rep2.json	PILOT-2017002001	A	2	19	5707	3579	2485	2192	1.1337	
PILOT-2017002001__A__sonnet4__rep0.json	PILOT-2017002001	A	0	19	5707	3675	2310	2192	1.0538	
PILOT-2017002001__A__sonnet4__rep1.json	PILOT-2017002001	A	1	19	5707	3744	2378	2192	1.0849	
PILOT-2017002001__A__sonnet4__rep2.json	PILOT-2017002001	A	2	19	5707	3744	2378	2192	1.0849	
PILOT-2017002001__B__gpt4o-mini__rep0.json	PILOT-2017002001	B	0	16	5707	3490	3108	2192	1.4179	
PILOT-2017002001__B__gpt4o-mini__rep1.json	PILOT-2017002001	B	1	19	5707	4568	2461	2192	1.1227	
PILOT-2017002001__B__gpt4o-mini__rep2.json	PILOT-2017002001	B	2	19	5707	4222	2357	2192	1.0753	
PILOT-2017002001__B__gpt5.4__rep0.json	PILOT-2017002001	B	0	19	5707	3888	2569	2192	1.172	
PILOT-2017002001__B__gpt5.4__rep1.json	PILOT-2017002001	B	1	19	5707	3472	2687	2192	1.2258	
PILOT-2017002001__B__gpt5.4__rep2.json	PILOT-2017002001	B	2	19	5707	3844	2452	2192	1.1186	
PILOT-2017002001__B__haiku4.5__rep0.json	PILOT-2017002001	B	0	19	5707	4867	2697	2192	1.2304	
PILOT-2017002001__B__haiku4.5__rep1.json	PILOT-2017002001	B	1	19	5707	4600	2623	2192	1.1966	
PILOT-2017002001__B__haiku4.5__rep2.json	PILOT-2017002001	B	2	19	5707	4809	2686	2192	1.2254	
PILOT-2017002001__B__sonnet4__rep0.json	PILOT-2017002001	B	0	19	5707	3280	2840	2192	1.2956	
PILOT-2017002001__B__sonnet4__rep1.json	PILOT-2017002001	B	1	19	5707	4832	2757	2192	1.2578	
PILOT-2017002001__B__sonnet4__rep2.json	PILOT-2017002001	B	2	19	5707	4062	2523	2192	1.151	
PILOT-2017002001__C__gpt4o-mini__rep0.json	PILOT-2017002001	C	0	15	5707	3018	3312	2192	1.5109	
PILOT-2017002001__C__gpt4o-mini__rep1.json	PILOT-2017002001	C	1	19	5707	4280	2521	2192	1.1501	
PILOT-2017002001__C__gpt4o-mini__rep2.json	PILOT-2017002001	C	2	11	5707	2154	3695	2192	1.6857	
PILOT-2017002001__C__gpt5.4__rep0.json	PILOT-2017002001	C	0	19	5707	3800	2570	2192	1.1724	
PILOT-2017002001__C__gpt5.4__rep1.json	PILOT-2017002001	C	1	19	5707	3522	2673	2192	1.2194	
PILOT-2017002001__C__gpt5.4__rep2.json	PILOT-2017002001	C	2	19	5707	4197	2505	2192	1.1428	
PILOT-2017002001__C__haiku4.5__rep0.json	PILOT-2017002001	C	0	19	5707	5034	2818	2192	1.2856	
PILOT-2017002001__C__haiku4.5__rep1.json	PILOT-2017002001	C	1	19	5707	4516	2451	2192	1.1182	
PILOT-2017002001__C__haiku4.5__rep2.json	PILOT-2017002001	C	2	26	5707	4619	2538	2192	1.1578	
PILOT-2017002001__C__sonnet4__rep0.json	PILOT-2017002001	C	0	19	5707	4207	2514	2192	1.1469	
PILOT-2017002001__C__sonnet4__rep1.json	PILOT-2017002001	C	1	19	5707	4222	2449	2192	1.1172	
PILOT-2017002001__C__sonnet4__rep2.json	PILOT-2017002001	C	2	19	5707	3716	2349	2192	1.0716	
PILOT-2017002001__D__gpt4o-mini__rep0.json	PILOT-2017002001	D	0	3	5707	1078	4630	2192	2.1122	
PILOT-2017002001__D__gpt4o-mini__rep1.json	PILOT-2017002001	D	1	3	5707	1125	4586	2192	2.0922	
PILOT-2017002001__D__gpt4o-mini__rep2.json	PILOT-2017002001	D	2	3	5707	1054	4653	2192	2.1227	
PILOT-2017002001__D__gpt5.4__rep0.json	PILOT-2017002001	D	0	19	5707	3683	2666	2192	1.2162	
PILOT-2017002001__D__gpt5.4__rep1.json	PILOT-2017002001	D	1	19	5707	3608	2567	2192	1.1711	
PILOT-2017002001__D__gpt5.4__rep2.json	PILOT-2017002001	D	2	19	5707	4082	2420	2192	1.104	
PILOT-2017002001__D__haiku4.5__rep0.json	PILOT-2017002001	D	0	15	5707	3676	2945	2192	1.3435	
PILOT-2017002001__D__haiku4.5__rep1.json	PILOT-2017002001	D	1	19	5707	4111	2685	2192	1.2249	
PILOT-2017002001__D__haiku4.5__rep2.json	PILOT-2017002001	D	2	19	5707	4385	2692	2192	1.2281	
PILOT-2017002001__D__sonnet4__rep0.json	PILOT-2017002001	D	0	19	5707	4538	2566	2192	1.1706	
PILOT-2017002001__D__sonnet4__rep1.json	PILOT-2017002001	D	1	19	5707	4234	2445	2192	1.1154	
PILOT-2017002001__D__sonnet4__rep2.json	PILOT-2017002001	D	2	19	5707	4609	2611	2192	1.1911	
PILOT-2017002001__E__gpt4o-mini__rep0.json	PILOT-2017002001	E	0	2	5707	235	5472	2192	2.4964	
PILOT-2017002001__E__gpt4o-mini__rep1.json	PILOT-2017002001	E	1	2	5707	388	5327	2192	2.4302	
PILOT-2017002001__E__gpt4o-mini__rep2.json	PILOT-2017002001	E	2	12	5707	2218	3619	2192	1.651	
PILOT-2017002001__E__gpt5.4__rep0.json	PILOT-2017002001	E	0	19	5707	3878	2265	2192	1.0333	
PILOT-2017002001__E__gpt5.4__rep1.json	PILOT-2017002001	E	1	19	5707	3733	2123	2192	0.9685	
PILOT-2017002001__E__gpt5.4__rep2.json	PILOT-2017002001	E	2	19	5707	3733	2123	2192	0.9685	
PILOT-2017002001__E__haiku4.5__rep0.json	PILOT-2017002001	E	0	14	5707	3721	2790	2192	1.2728	
PILOT-2017002001__E__haiku4.5__rep1.json	PILOT-2017002001	E	1	15	5707	3759	2837	2192	1.2943	
PILOT-2017002001__E__haiku4.5__rep2.json	PILOT-2017002001	E	2	19	5707	4165	2497	2192	1.1391	
PILOT-2017002001__E__sonnet4__rep0.json	PILOT-2017002001	E	0	19	5707	3603	2239	2192	1.0214	
PILOT-2017002001__E__sonnet4__rep1.json	PILOT-2017002001	E	1	19	5707	3603	2239	2192	1.0214	
PILOT-2017002001__E__sonnet4__rep2.json	PILOT-2017002001	E	2	19	5707	3603	2239	2192	1.0214	
PILOT-2017002001__F__gpt4o-mini__rep0.json	PILOT-2017002001	F	0	0			None		None	no_gen
PILOT-2017002001__F__gpt4o-mini__rep1.json	PILOT-2017002001	F	1	0			None		None	no_gen
PILOT-2017002001__F__gpt4o-mini__rep2.json	PILOT-2017002001	F	2	0			None		None	no_gen
PILOT-2017002001__F__gpt5.4__rep0.json	PILOT-2017002001	F	0	19	5707	3860	2335	2192	1.0652	
PILOT-2017002001__F__gpt5.4__rep1.json	PILOT-2017002001	F	1	19	5707	4055	2393	2192	1.0917	
PILOT-2017002001__F__gpt5.4__rep2.json	PILOT-2017002001	F	2	19	5707	3863	2409	2192	1.099	
PILOT-2017002001__F__haiku4.5__rep0.json	PILOT-2017002001	F	0	19	5707	3903	2775	2192	1.266	
PILOT-2017002001__F__haiku4.5__rep1.json	PILOT-2017002001	F	1	15	5707	3073	2895	2192	1.3207	
PILOT-2017002001__F__haiku4.5__rep2.json	PILOT-2017002001	F	2	19	5707	4312	2537	2192	1.1574	
PILOT-2017002001__F__sonnet4__rep0.json	PILOT-2017002001	F	0	19	5707	3924	2435	2192	1.1109	
PILOT-2017002001__F__sonnet4__rep1.json	PILOT-2017002001	F	1	19	5707	4006	2324	2192	1.0602	
PILOT-2017002001__F__sonnet4__rep2.json	PILOT-2017002001	F	2	19	5707	3972	2481	2192	1.1318	
PILOT-2017002001__G__gpt4o-mini__rep0.json	PILOT-2017002001	G	0	2	5707	290	5417	2192	2.4713	
PILOT-2017002001__G__gpt4o-mini__rep1.json	PILOT-2017002001	G	1	2	5707	306	5401	2192	2.464	
PILOT-2017002001__G__gpt4o-mini__rep2.json	PILOT-2017002001	G	2	2	5707	312	5395	2192	2.4612	
PILOT-2017002001__G__gpt5.4__rep0.json	PILOT-2017002001	G	0	19	5707	3846	2383	2192	1.0871	
PILOT-2017002001__G__gpt5.4__rep1.json	PILOT-2017002001	G	1	19	5707	3794	2368	2192	1.0803	
PILOT-2017002001__G__gpt5.4__rep2.json	PILOT-2017002001	G	2	19	5707	3943	2492	2192	1.1369	
PILOT-2017002001__G__haiku4.5__rep0.json	PILOT-2017002001	G	0	19	5707	2920	3053	2192	1.3928	
PILOT-2017002001__G__haiku4.5__rep1.json	PILOT-2017002001	G	1	19	5707	3037	2867	2192	1.3079	
PILOT-2017002001__G__haiku4.5__rep2.json	PILOT-2017002001	G	2	19	5707	4577	2693	2192	1.2286	
PILOT-2017002001__G__sonnet4__rep0.json	PILOT-2017002001	G	0	19	5707	3744	2378	2192	1.0849	
PILOT-2017002001__G__sonnet4__rep1.json	PILOT-2017002001	G	1	19	5707	3641	2276	2192	1.0383	
PILOT-2017002001__G__sonnet4__rep2.json	PILOT-2017002001	G	2	19	5707	4276	2529	2192	1.1537	
PILOT-2017002001__baseline__gpt4o-mini__rep0.json	PILOT-2017002001	baseline	0	3	5707	1059	4648	2192	2.1204	
PILOT-2017002001__baseline__gpt4o-mini__rep1.json	PILOT-2017002001	baseline	1	3	5707	1083	4624	2192	2.1095	
PILOT-2017002001__baseline__gpt4o-mini__rep2.json	PILOT-2017002001	baseline	2	3	5707	1082	4625	2192	2.1099	
PILOT-2017002001__baseline__gpt5.4__rep0.json	PILOT-2017002001	baseline	0	19	5707	3884	2519	2192	1.1492	
PILOT-2017002001__baseline__gpt5.4__rep1.json	PILOT-2017002001	baseline	1	19	5707	4066	2399	2192	1.0944	
PILOT-2017002001__baseline__gpt5.4__rep2.json	PILOT-2017002001	baseline	2	19	5707	4006	2501	2192	1.141	
PILOT-2017002001__baseline__haiku4.5__rep0.json	PILOT-2017002001	baseline	0	19	5707	3736	2538	2192	1.1578	
PILOT-2017002001__baseline__haiku4.5__rep1.json	PILOT-2017002001	baseline	1	19	5707	3991	2608	2192	1.1898	
PILOT-2017002001__baseline__haiku4.5__rep2.json	PILOT-2017002001	baseline	2	19	5707	3691	2564	2192	1.1697	
PILOT-2017002001__baseline__sonnet4__rep0.json	PILOT-2017002001	baseline	0	19	5707	3641	2276	2192	1.0383	
PILOT-2017002001__baseline__sonnet4__rep1.json	PILOT-2017002001	baseline	1	19	5707	3675	2310	2192	1.0538	
PILOT-2017002001__baseline__sonnet4__rep2.json	PILOT-2017002001	baseline	2	19	5707	3744	2378	2192	1.0849	
PILOT-2017002029__A__gpt4o-mini__rep0.json	PILOT-2017002029	A	0	8	4351	1755	2699	1540	1.7526	
PILOT-2017002029__A__gpt4o-mini__rep1.json	PILOT-2017002029	A	1	9	4351	2112	2851	1540	1.8513	
PILOT-2017002029__A__gpt4o-mini__rep2.json	PILOT-2017002029	A	2	10	4351	2371	2613	1540	1.6968	
PILOT-2017002029__A__gpt5.4__rep0.json	PILOT-2017002029	A	0	28	4351	3886	1124	1540	0.7299	
PILOT-2017002029__A__gpt5.4__rep1.json	PILOT-2017002029	A	1	28	4351	3766	1036	1540	0.6727	
PILOT-2017002029__A__gpt5.4__rep2.json	PILOT-2017002029	A	2	28	4351	3992	1326	1540	0.861	
PILOT-2017002029__A__haiku4.5__rep0.json	PILOT-2017002029	A	0	28	4351	5285	1995	1540	1.2955	
PILOT-2017002029__A__haiku4.5__rep1.json	PILOT-2017002029	A	1	28	4351	5719	2299	1540	1.4929	
PILOT-2017002029__A__haiku4.5__rep2.json	PILOT-2017002029	A	2	28	4351	5205	1967	1540	1.2773	
PILOT-2017002029__A__sonnet4__rep0.json	PILOT-2017002029	A	0	28	4351	3807	1281	1540	0.8318	
PILOT-2017002029__A__sonnet4__rep1.json	PILOT-2017002029	A	1	28	4351	4436	1396	1540	0.9065	
PILOT-2017002029__A__sonnet4__rep2.json	PILOT-2017002029	A	2	28	4351	3344	1317	1540	0.8552	
PILOT-2017002029__B__gpt4o-mini__rep0.json	PILOT-2017002029	B	0	10	4351	2278	2753	1540	1.7877	
PILOT-2017002029__B__gpt4o-mini__rep1.json	PILOT-2017002029	B	1	10	4351	2236	2699	1540	1.7526	
PILOT-2017002029__B__gpt4o-mini__rep2.json	PILOT-2017002029	B	2	9	4351	2161	2585	1540	1.6786	
PILOT-2017002029__B__gpt5.4__rep0.json	PILOT-2017002029	B	0	28	4351	3868	1132	1540	0.7351	
PILOT-2017002029__B__gpt5.4__rep1.json	PILOT-2017002029	B	1	28	4351	3823	1066	1540	0.6922	
PILOT-2017002029__B__gpt5.4__rep2.json	PILOT-2017002029	B	2	28	4351	3944	1271	1540	0.8253	
PILOT-2017002029__B__haiku4.5__rep0.json	PILOT-2017002029	B	0	28	4351	4845	1670	1540	1.0844	
PILOT-2017002029__B__haiku4.5__rep1.json	PILOT-2017002029	B	1	28	4351	4422	1414	1540	0.9182	
PILOT-2017002029__B__haiku4.5__rep2.json	PILOT-2017002029	B	2	28	4351	4663	1532	1540	0.9948	
PILOT-2017002029__B__sonnet4__rep0.json	PILOT-2017002029	B	0	28	4351	4108	1191	1540	0.7734	
PILOT-2017002029__B__sonnet4__rep1.json	PILOT-2017002029	B	1	28	4351	4364	1322	1540	0.8584	
PILOT-2017002029__B__sonnet4__rep2.json	PILOT-2017002029	B	2	28	4351	4364	1322	1540	0.8584	
PILOT-2017002029__C__gpt4o-mini__rep0.json	PILOT-2017002029	C	0	7	4351	1567	2920	1540	1.8961	
PILOT-2017002029__C__gpt4o-mini__rep1.json	PILOT-2017002029	C	1	8	4351	1962	2726	1540	1.7701	
PILOT-2017002029__C__gpt4o-mini__rep2.json	PILOT-2017002029	C	2	8	4351	2046	2627	1540	1.7058	
PILOT-2017002029__C__gpt5.4__rep0.json	PILOT-2017002029	C	0	28	4351	3365	1347	1540	0.8747	
PILOT-2017002029__C__gpt5.4__rep1.json	PILOT-2017002029	C	1	28	4351	3744	1015	1540	0.6591	
PILOT-2017002029__C__gpt5.4__rep2.json	PILOT-2017002029	C	2	28	4351	3799	1044	1540	0.6779	
PILOT-2017002029__C__haiku4.5__rep0.json	PILOT-2017002029	C	0	28	4351	4151	1259	1540	0.8175	
PILOT-2017002029__C__haiku4.5__rep1.json	PILOT-2017002029	C	1	28	4351	5422	2184	1540	1.4182	
PILOT-2017002029__C__haiku4.5__rep2.json	PILOT-2017002029	C	2	28	4351	5437	2150	1540	1.3961	
PILOT-2017002029__C__sonnet4__rep0.json	PILOT-2017002029	C	0	28	4351	3404	1213	1540	0.7877	
PILOT-2017002029__C__sonnet4__rep1.json	PILOT-2017002029	C	1	28	4351	3404	1213	1540	0.7877	
PILOT-2017002029__C__sonnet4__rep2.json	PILOT-2017002029	C	2	28	4351	3494	1536	1540	0.9974	
PILOT-2017002029__D__gpt4o-mini__rep0.json	PILOT-2017002029	D	0	17	4351	3053	2238	1540	1.4532	
PILOT-2017002029__D__gpt4o-mini__rep1.json	PILOT-2017002029	D	1	3	4351	1218	3162	1540	2.0532	
PILOT-2017002029__D__gpt4o-mini__rep2.json	PILOT-2017002029	D	2	28	4351	3952	1228	1540	0.7974	
PILOT-2017002029__D__gpt5.4__rep0.json	PILOT-2017002029	D	0	28	4351	3749	1084	1540	0.7039	
PILOT-2017002029__D__gpt5.4__rep1.json	PILOT-2017002029	D	1	28	4351	3849	1091	1540	0.7084	
PILOT-2017002029__D__gpt5.4__rep2.json	PILOT-2017002029	D	2	28	4351	4202	1289	1540	0.837	
PILOT-2017002029__D__haiku4.5__rep0.json	PILOT-2017002029	D	0	28	4351	4997	1931	1540	1.2539	
PILOT-2017002029__D__haiku4.5__rep1.json	PILOT-2017002029	D	1	28	4351	5880	2466	1540	1.6013	
PILOT-2017002029__D__haiku4.5__rep2.json	PILOT-2017002029	D	2	28	4351	4906	1829	1540	1.1877	
PILOT-2017002029__D__sonnet4__rep0.json	PILOT-2017002029	D	0	28	4351	3618	1002	1540	0.6506	
PILOT-2017002029__D__sonnet4__rep1.json	PILOT-2017002029	D	1	28	4351	3612	1000	1540	0.6494	
PILOT-2017002029__D__sonnet4__rep2.json	PILOT-2017002029	D	2	28	4351	3362	1322	1540	0.8584	
PILOT-2017002029__E__gpt4o-mini__rep0.json	PILOT-2017002029	E	0	8	4351	2065	2800	1540	1.8182	
PILOT-2017002029__E__gpt4o-mini__rep1.json	PILOT-2017002029	E	1	9	4351	2122	2860	1540	1.8571	
PILOT-2017002029__E__gpt4o-mini__rep2.json	PILOT-2017002029	E	2	5	4351	1626	2844	1540	1.8468	
PILOT-2017002029__E__gpt5.4__rep0.json	PILOT-2017002029	E	0	28	4351	3714	973	1540	0.6318	
PILOT-2017002029__E__gpt5.4__rep1.json	PILOT-2017002029	E	1	28	4351	3798	1045	1540	0.6786	
PILOT-2017002029__E__gpt5.4__rep2.json	PILOT-2017002029	E	2	28	4351	3938	1122	1540	0.7286	
PILOT-2017002029__E__haiku4.5__rep0.json	PILOT-2017002029	E	0	28	4351	4297	1449	1540	0.9409	
PILOT-2017002029__E__haiku4.5__rep1.json	PILOT-2017002029	E	1	28	4351	4460	1614	1540	1.0481	
PILOT-2017002029__E__haiku4.5__rep2.json	PILOT-2017002029	E	2	28	4351	4451	1467	1540	0.9526	
PILOT-2017002029__E__sonnet4__rep0.json	PILOT-2017002029	E	0	28	4351	4071	1202	1540	0.7805	
PILOT-2017002029__E__sonnet4__rep1.json	PILOT-2017002029	E	1	28	4351	3902	1279	1540	0.8305	
PILOT-2017002029__E__sonnet4__rep2.json	PILOT-2017002029	E	2	28	4351	3975	1178	1540	0.7649	
PILOT-2017002029__F__gpt4o-mini__rep0.json	PILOT-2017002029	F	0	10	4351	2276	2772	1540	1.8	
PILOT-2017002029__F__gpt4o-mini__rep1.json	PILOT-2017002029	F	1	9	4351	2116	2552	1540	1.6571	
PILOT-2017002029__F__gpt4o-mini__rep2.json	PILOT-2017002029	F	2	10	4351	2441	2795	1540	1.8149	
PILOT-2017002029__F__gpt5.4__rep0.json	PILOT-2017002029	F	0	28	4351	3800	1183	1540	0.7682	
PILOT-2017002029__F__gpt5.4__rep1.json	PILOT-2017002029	F	1	28	4351	3877	1185	1540	0.7695	
PILOT-2017002029__F__gpt5.4__rep2.json	PILOT-2017002029	F	2	28	4351	3776	1108	1540	0.7195	
PILOT-2017002029__F__haiku4.5__rep0.json	PILOT-2017002029	F	0	28	4351	5237	2011	1540	1.3058	
PILOT-2017002029__F__haiku4.5__rep1.json	PILOT-2017002029	F	1	28	4351	5019	1812	1540	1.1766	
PILOT-2017002029__F__haiku4.5__rep2.json	PILOT-2017002029	F	2	28	4351	4564	1525	1540	0.9903	
PILOT-2017002029__F__sonnet4__rep0.json	PILOT-2017002029	F	0	28	4351	3839	1202	1540	0.7805	
PILOT-2017002029__F__sonnet4__rep1.json	PILOT-2017002029	F	1	28	4351	3974	1214	1540	0.7883	
PILOT-2017002029__F__sonnet4__rep2.json	PILOT-2017002029	F	2	28	4351	3690	1058	1540	0.687	
PILOT-2017002029__G__gpt4o-mini__rep0.json	PILOT-2017002029	G	0	10	4351	2326	2540	1540	1.6494	
PILOT-2017002029__G__gpt4o-mini__rep1.json	PILOT-2017002029	G	1	10	4351	2315	2649	1540	1.7201	
PILOT-2017002029__G__gpt4o-mini__rep2.json	PILOT-2017002029	G	2	10	4351	2294	2533	1540	1.6448	
PILOT-2017002029__G__gpt5.4__rep0.json	PILOT-2017002029	G	0	28	4351	3855	1086	1540	0.7052	
PILOT-2017002029__G__gpt5.4__rep1.json	PILOT-2017002029	G	1	28	4351	3816	1071	1540	0.6955	
PILOT-2017002029__G__gpt5.4__rep2.json	PILOT-2017002029	G	2	28	4351	3860	998	1540	0.6481	
PILOT-2017002029__G__haiku4.5__rep0.json	PILOT-2017002029	G	0	28	4351	4406	1444	1540	0.9377	
PILOT-2017002029__G__haiku4.5__rep1.json	PILOT-2017002029	G	1	28	4351	4331	1309	1540	0.85	
PILOT-2017002029__G__haiku4.5__rep2.json	PILOT-2017002029	G	2	28	4351	4600	1564	1540	1.0156	
PILOT-2017002029__G__sonnet4__rep0.json	PILOT-2017002029	G	0	28	4351	3820	1160	1540	0.7532	
PILOT-2017002029__G__sonnet4__rep1.json	PILOT-2017002029	G	1	28	4351	3754	1132	1540	0.7351	
PILOT-2017002029__G__sonnet4__rep2.json	PILOT-2017002029	G	2	28	4351	4059	1474	1540	0.9571	
PILOT-2017002029__baseline__gpt4o-mini__rep0.json	PILOT-2017002029	baseline	0	8	4351	1793	2693	1540	1.7487	
PILOT-2017002029__baseline__gpt4o-mini__rep1.json	PILOT-2017002029	baseline	1	9	4351	1777	2683	1540	1.7422	
PILOT-2017002029__baseline__gpt4o-mini__rep2.json	PILOT-2017002029	baseline	2	10	4351	2172	2570	1540	1.6688	
PILOT-2017002029__baseline__gpt5.4__rep0.json	PILOT-2017002029	baseline	0	28	4351	3955	1186	1540	0.7701	
PILOT-2017002029__baseline__gpt5.4__rep1.json	PILOT-2017002029	baseline	1	28	4351	3955	1185	1540	0.7695	
PILOT-2017002029__baseline__gpt5.4__rep2.json	PILOT-2017002029	baseline	2	28	4351	3994	1328	1540	0.8623	
PILOT-2017002029__baseline__haiku4.5__rep0.json	PILOT-2017002029	baseline	0	28	4351	4338	1407	1540	0.9136	
PILOT-2017002029__baseline__haiku4.5__rep1.json	PILOT-2017002029	baseline	1	28	4351	4443	1536	1540	0.9974	
PILOT-2017002029__baseline__haiku4.5__rep2.json	PILOT-2017002029	baseline	2	28	4351	4684	1556	1540	1.0104	
PILOT-2017002029__baseline__sonnet4__rep0.json	PILOT-2017002029	baseline	0	28	4351	3503	1400	1540	0.9091	
PILOT-2017002029__baseline__sonnet4__rep1.json	PILOT-2017002029	baseline	1	28	4351	3787	1091	1540	0.7084	
PILOT-2017002029__baseline__sonnet4__rep2.json	PILOT-2017002029	baseline	2	28	4351	3643	1306	1540	0.8481	
PILOT-2017003676__A__gpt4o-mini__rep0.json	PILOT-2017003676	A	0	8	2504	1169	1581	389	4.0643	
PILOT-2017003676__A__gpt4o-mini__rep1.json	PILOT-2017003676	A	1	8	2504	1093	1558	389	4.0051	
PILOT-2017003676__A__gpt4o-mini__rep2.json	PILOT-2017003676	A	2	7	2504	936	1648	389	4.2365	
PILOT-2017003676__A__gpt5.4__rep0.json	PILOT-2017003676	A	0	19	2504	2592	882	389	2.2674	
PILOT-2017003676__A__gpt5.4__rep1.json	PILOT-2017003676	A	1	19	2504	2492	479	389	1.2314	
PILOT-2017003676__A__gpt5.4__rep2.json	PILOT-2017003676	A	2	19	2504	2699	424	389	1.09	
PILOT-2017003676__A__haiku4.5__rep0.json	PILOT-2017003676	A	0	19	2504	3428	1162	389	2.9871	
PILOT-2017003676__A__haiku4.5__rep1.json	PILOT-2017003676	A	1	19	2504	3364	1060	389	2.7249	
PILOT-2017003676__A__haiku4.5__rep2.json	PILOT-2017003676	A	2	19	2504	3291	1013	389	2.6041	
PILOT-2017003676__A__sonnet4__rep0.json	PILOT-2017003676	A	0	19	2504	2495	241	389	0.6195	
PILOT-2017003676__A__sonnet4__rep1.json	PILOT-2017003676	A	1	19	2504	2495	240	389	0.617	
PILOT-2017003676__A__sonnet4__rep2.json	PILOT-2017003676	A	2	19	2504	2523	269	389	0.6915	
PILOT-2017003676__B__gpt4o-mini__rep0.json	PILOT-2017003676	B	0	7	2504	1362	1464	389	3.7635	
PILOT-2017003676__B__gpt4o-mini__rep1.json	PILOT-2017003676	B	1	7	2504	1114	1559	389	4.0077	
PILOT-2017003676__B__gpt4o-mini__rep2.json	PILOT-2017003676	B	2	6	2504	1163	1575	389	4.0488	
PILOT-2017003676__B__gpt5.4__rep0.json	PILOT-2017003676	B	0	19	2504	3031	791	389	2.0334	
PILOT-2017003676__B__gpt5.4__rep1.json	PILOT-2017003676	B	1	19	2504	1886	1014	389	2.6067	
PILOT-2017003676__B__gpt5.4__rep2.json	PILOT-2017003676	B	2	19	2504	2711	438	389	1.126	
PILOT-2017003676__B__haiku4.5__rep0.json	PILOT-2017003676	B	0	19	2504	3493	1201	389	3.0874	
PILOT-2017003676__B__haiku4.5__rep1.json	PILOT-2017003676	B	1	19	2504	2183	1264	389	3.2494	
PILOT-2017003676__B__haiku4.5__rep2.json	PILOT-2017003676	B	2	19	2504	2983	1042	389	2.6787	
PILOT-2017003676__B__sonnet4__rep0.json	PILOT-2017003676	B	0	19	2504	3142	1110	389	2.8535	
PILOT-2017003676__B__sonnet4__rep1.json	PILOT-2017003676	B	1	19	2504	3287	1134	389	2.9152	
PILOT-2017003676__B__sonnet4__rep2.json	PILOT-2017003676	B	2	19	2504	2987	1004	389	2.581	
PILOT-2017003676__C__gpt4o-mini__rep0.json	PILOT-2017003676	C	0	8	2504	2024	1201	389	3.0874	
PILOT-2017003676__C__gpt4o-mini__rep1.json	PILOT-2017003676	C	1	14	2504	1897	709	389	1.8226	
PILOT-2017003676__C__gpt4o-mini__rep2.json	PILOT-2017003676	C	2	6	2504	1864	1277	389	3.2828	
PILOT-2017003676__C__gpt5.4__rep0.json	PILOT-2017003676	C	0	19	2504	2302	485	389	1.2468	
PILOT-2017003676__C__gpt5.4__rep1.json	PILOT-2017003676	C	1	19	2504	2192	556	389	1.4293	
PILOT-2017003676__C__gpt5.4__rep2.json	PILOT-2017003676	C	2	19	2504	2239	511	389	1.3136	
PILOT-2017003676__C__haiku4.5__rep0.json	PILOT-2017003676	C	0	19	2504	3601	1509	389	3.8792	
PILOT-2017003676__C__haiku4.5__rep1.json	PILOT-2017003676	C	1	19	2504	2663	1217	389	3.1285	
PILOT-2017003676__C__haiku4.5__rep2.json	PILOT-2017003676	C	2	19	2504	2517	1073	389	2.7584	
PILOT-2017003676__C__sonnet4__rep0.json	PILOT-2017003676	C	0	19	2504	1358	1300	389	3.3419	
PILOT-2017003676__C__sonnet4__rep1.json	PILOT-2017003676	C	1	19	2504	1358	1300	389	3.3419	
PILOT-2017003676__C__sonnet4__rep2.json	PILOT-2017003676	C	2	19	2504	1358	1300	389	3.3419	
PILOT-2017003676__D__gpt4o-mini__rep0.json	PILOT-2017003676	D	0	19	2504	2918	644	389	1.6555	
PILOT-2017003676__D__gpt4o-mini__rep1.json	PILOT-2017003676	D	1	19	2504	3011	971	389	2.4961	
PILOT-2017003676__D__gpt4o-mini__rep2.json	PILOT-2017003676	D	2	16	2504	2075	596	389	1.5321	
PILOT-2017003676__D__gpt5.4__rep0.json	PILOT-2017003676	D	0	19	2504	2563	306	389	0.7866	
PILOT-2017003676__D__gpt5.4__rep1.json	PILOT-2017003676	D	1	19	2504	2632	898	389	2.3085	
PILOT-2017003676__D__gpt5.4__rep2.json	PILOT-2017003676	D	2	19	2504	2331	442	389	1.1362	
PILOT-2017003676__D__haiku4.5__rep0.json	PILOT-2017003676	D	0	19	2504	3280	1003	389	2.5784	
PILOT-2017003676__D__haiku4.5__rep1.json	PILOT-2017003676	D	1	19	2504	3231	939	389	2.4139	
PILOT-2017003676__D__haiku4.5__rep2.json	PILOT-2017003676	D	2	19	2504	3519	1196	389	3.0746	
PILOT-2017003676__D__sonnet4__rep0.json	PILOT-2017003676	D	0	19	2504	3196	896	389	2.3033	
PILOT-2017003676__D__sonnet4__rep1.json	PILOT-2017003676	D	1	19	2504	3322	1137	389	2.9229	
PILOT-2017003676__D__sonnet4__rep2.json	PILOT-2017003676	D	2	19	2504	3446	1266	389	3.2545	
PILOT-2017003676__E__gpt4o-mini__rep0.json	PILOT-2017003676	E	0	8	2504	1963	1032	389	2.653	
PILOT-2017003676__E__gpt4o-mini__rep1.json	PILOT-2017003676	E	1	5	2504	878	1705	389	4.383	
PILOT-2017003676__E__gpt4o-mini__rep2.json	PILOT-2017003676	E	2	5	2504	874	1715	389	4.4087	
PILOT-2017003676__E__gpt5.4__rep0.json	PILOT-2017003676	E	0	19	2504	2363	671	389	1.7249	
PILOT-2017003676__E__gpt5.4__rep1.json	PILOT-2017003676	E	1	19	2504	2244	472	389	1.2134	
PILOT-2017003676__E__gpt5.4__rep2.json	PILOT-2017003676	E	2	19	2504	2308	486	389	1.2494	
PILOT-2017003676__E__haiku4.5__rep0.json	PILOT-2017003676	E	0	19	2504	3155	862	389	2.2159	
PILOT-2017003676__E__haiku4.5__rep1.json	PILOT-2017003676	E	1	19	2504	3214	912	389	2.3445	
PILOT-2017003676__E__haiku4.5__rep2.json	PILOT-2017003676	E	2	19	2504	3203	897	389	2.3059	
PILOT-2017003676__E__sonnet4__rep0.json	PILOT-2017003676	E	0	19	2504	2613	341	389	0.8766	
PILOT-2017003676__E__sonnet4__rep1.json	PILOT-2017003676	E	1	19	2504	2626	358	389	0.9203	
PILOT-2017003676__E__sonnet4__rep2.json	PILOT-2017003676	E	2	19	2504	2597	323	389	0.8303	
PILOT-2017003676__F__gpt4o-mini__rep0.json	PILOT-2017003676	F	0	8	2504	1215	1462	389	3.7584	
PILOT-2017003676__F__gpt4o-mini__rep1.json	PILOT-2017003676	F	1	19	2504	2588	318	389	0.8175	
PILOT-2017003676__F__gpt4o-mini__rep2.json	PILOT-2017003676	F	2	8	2504	1501	1464	389	3.7635	
PILOT-2017003676__F__gpt5.4__rep0.json	PILOT-2017003676	F	0	19	2504	2278	1003	389	2.5784	
PILOT-2017003676__F__gpt5.4__rep1.json	PILOT-2017003676	F	1	19	2504	2606	755	389	1.9409	
PILOT-2017003676__F__gpt5.4__rep2.json	PILOT-2017003676	F	2	19	2504	1906	995	389	2.5578	
PILOT-2017003676__F__haiku4.5__rep0.json	PILOT-2017003676	F	0	19	2504	3419	1103	389	2.8355	
PILOT-2017003676__F__haiku4.5__rep1.json	PILOT-2017003676	F	1	19	2504	3703	1418	389	3.6452	
PILOT-2017003676__F__haiku4.5__rep2.json	PILOT-2017003676	F	2	19	2504	3020	730	389	1.8766	
PILOT-2017003676__F__sonnet4__rep0.json	PILOT-2017003676	F	0	19	2504	2773	484	389	1.2442	
PILOT-2017003676__F__sonnet4__rep1.json	PILOT-2017003676	F	1	19	2504	2604	332	389	0.8535	
PILOT-2017003676__F__sonnet4__rep2.json	PILOT-2017003676	F	2	19	2504	2754	412	389	1.0591	
PILOT-2017003676__G__gpt4o-mini__rep0.json	PILOT-2017003676	G	0	7	2504	1312	1502	389	3.8612	
PILOT-2017003676__G__gpt4o-mini__rep1.json	PILOT-2017003676	G	1	9	2504	1389	1405	389	3.6118	
PILOT-2017003676__G__gpt4o-mini__rep2.json	PILOT-2017003676	G	2	19	2504	3407	1112	389	2.8586	
PILOT-2017003676__G__gpt5.4__rep0.json	PILOT-2017003676	G	0	19	2504	2750	508	389	1.3059	
PILOT-2017003676__G__gpt5.4__rep1.json	PILOT-2017003676	G	1	19	2504	2825	570	389	1.4653	
PILOT-2017003676__G__gpt5.4__rep2.json	PILOT-2017003676	G	2	19	2504	2741	652	389	1.6761	
PILOT-2017003676__G__haiku4.5__rep0.json	PILOT-2017003676	G	0	19	2504	3293	1001	389	2.5733	
PILOT-2017003676__G__haiku4.5__rep1.json	PILOT-2017003676	G	1	19	2504	3267	973	389	2.5013	
PILOT-2017003676__G__haiku4.5__rep2.json	PILOT-2017003676	G	2	19	2504	3255	951	389	2.4447	
PILOT-2017003676__G__sonnet4__rep0.json	PILOT-2017003676	G	0	19	2504	2676	404	389	1.0386	
PILOT-2017003676__G__sonnet4__rep1.json	PILOT-2017003676	G	1	19	2504	2786	494	389	1.2699	
PILOT-2017003676__G__sonnet4__rep2.json	PILOT-2017003676	G	2	19	2504	2685	413	389	1.0617	
PILOT-2017003676__baseline__gpt4o-mini__rep0.json	PILOT-2017003676	baseline	0	15	2504	1973	913	389	2.347	
PILOT-2017003676__baseline__gpt4o-mini__rep1.json	PILOT-2017003676	baseline	1	8	2504	1331	1383	389	3.5553	
PILOT-2017003676__baseline__gpt4o-mini__rep2.json	PILOT-2017003676	baseline	2	9	2504	1394	1364	389	3.5064	
PILOT-2017003676__baseline__gpt5.4__rep0.json	PILOT-2017003676	baseline	0	19	2504	2172	454	389	1.1671	
PILOT-2017003676__baseline__gpt5.4__rep1.json	PILOT-2017003676	baseline	1	19	2504	1931	909	389	2.3368	
PILOT-2017003676__baseline__gpt5.4__rep2.json	PILOT-2017003676	baseline	2	19	2504	2413	653	389	1.6787	
PILOT-2017003676__baseline__haiku4.5__rep0.json	PILOT-2017003676	baseline	0	19	2504	2651	1088	389	2.7969	
PILOT-2017003676__baseline__haiku4.5__rep1.json	PILOT-2017003676	baseline	1	19	2504	3334	1130	389	2.9049	
PILOT-2017003676__baseline__haiku4.5__rep2.json	PILOT-2017003676	baseline	2	19	2504	3534	1248	389	3.2082	
PILOT-2017003676__baseline__sonnet4__rep0.json	PILOT-2017003676	baseline	0	19	2504	1358	1300	389	3.3419	
PILOT-2017003676__baseline__sonnet4__rep1.json	PILOT-2017003676	baseline	1	19	2504	2952	836	389	2.1491	
PILOT-2017003676__baseline__sonnet4__rep2.json	PILOT-2017003676	baseline	2	19	2504	1371	1289	389	3.3136	
PILOT-2017004144__A__gpt4o-mini__rep0.json	PILOT-2017004144	A	0	7	6345	2275	4110	1330	3.0902	
PILOT-2017004144__A__gpt4o-mini__rep1.json	PILOT-2017004144	A	1	7	6345	2266	4098	1330	3.0812	
PILOT-2017004144__A__gpt4o-mini__rep2.json	PILOT-2017004144	A	2	7	6345	2268	4099	1330	3.082	
PILOT-2017004144__A__gpt5.4__rep0.json	PILOT-2017004144	A	0	7	6345	2561	4172	1330	3.1368	
PILOT-2017004144__A__gpt5.4__rep1.json	PILOT-2017004144	A	1	7	6345	3134	3936	1330	2.9594	
PILOT-2017004144__A__gpt5.4__rep2.json	PILOT-2017004144	A	2	7	6345	2851	4003	1330	3.0098	
PILOT-2017004144__A__haiku4.5__rep0.json	PILOT-2017004144	A	0	30	6345	7226	1211	1330	0.9105	
PILOT-2017004144__A__haiku4.5__rep1.json	PILOT-2017004144	A	1	30	6345	7464	1449	1330	1.0895	
PILOT-2017004144__A__haiku4.5__rep2.json	PILOT-2017004144	A	2	30	6345	7698	1680	1330	1.2632	
PILOT-2017004144__A__sonnet4__rep0.json	PILOT-2017004144	A	0	7	6345	2968	3843	1330	2.8895	
PILOT-2017004144__A__sonnet4__rep1.json	PILOT-2017004144	A	1	7	6345	2883	3760	1330	2.8271	
PILOT-2017004144__A__sonnet4__rep2.json	PILOT-2017004144	A	2	7	6345	2968	3845	1330	2.891	
PILOT-2017004144__B__gpt4o-mini__rep0.json	PILOT-2017004144	B	0	4	6345	1985	4437	1330	3.3361	
PILOT-2017004144__B__gpt4o-mini__rep1.json	PILOT-2017004144	B	1	7	6345	2308	4059	1330	3.0519	
PILOT-2017004144__B__gpt4o-mini__rep2.json	PILOT-2017004144	B	2	7	6345	2269	4099	1330	3.082	
PILOT-2017004144__B__gpt5.4__rep0.json	PILOT-2017004144	B	0	7	6345	2521	3879	1330	2.9165	
PILOT-2017004144__B__gpt5.4__rep1.json	PILOT-2017004144	B	1	7	6345	2924	4044	1330	3.0406	
PILOT-2017004144__B__gpt5.4__rep2.json	PILOT-2017004144	B	2	7	6345	2105	4256	1330	3.2	
PILOT-2017004144__B__haiku4.5__rep0.json	PILOT-2017004144	B	0	30	6345	7697	1695	1330	1.2744	
PILOT-2017004144__B__haiku4.5__rep1.json	PILOT-2017004144	B	1	30	6345	5241	2190	1330	1.6466	
PILOT-2017004144__B__haiku4.5__rep2.json	PILOT-2017004144	B	2	30	6345	3651	3481	1330	2.6173	
PILOT-2017004144__B__sonnet4__rep0.json	PILOT-2017004144	B	0	7	6345	2403	4240	1330	3.188	
PILOT-2017004144__B__sonnet4__rep1.json	PILOT-2017004144	B	1	7	6345	2675	4176	1330	3.1398	
PILOT-2017004144__B__sonnet4__rep2.json	PILOT-2017004144	B	2	7	6345	2434	4203	1330	3.1602	
PILOT-2017004144__C__gpt4o-mini__rep0.json	PILOT-2017004144	C	0	4	6345	1952	4399	1330	3.3075	
PILOT-2017004144__C__gpt4o-mini__rep1.json	PILOT-2017004144	C	1	7	6345	2265	4098	1330	3.0812	
PILOT-2017004144__C__gpt4o-mini__rep2.json	PILOT-2017004144	C	2	7	6345	2884	4127	1330	3.103	
PILOT-2017004144__C__gpt5.4__rep0.json	PILOT-2017004144	C	0	7	6345	3066	3921	1330	2.9481	
PILOT-2017004144__C__gpt5.4__rep1.json	PILOT-2017004144	C	1	7	6345	3023	3938	1330	2.9609	
PILOT-2017004144__C__gpt5.4__rep2.json	PILOT-2017004144	C	2	7	6345	3254	3875	1330	2.9135	
PILOT-2017004144__C__haiku4.5__rep0.json	PILOT-2017004144	C	0	30	6345	7072	1348	1330	1.0135	
PILOT-2017004144__C__haiku4.5__rep1.json	PILOT-2017004144	C	1	30	6345	7488	1473	1330	1.1075	
PILOT-2017004144__C__haiku4.5__rep2.json	PILOT-2017004144	C	2	30	6345	7107	1345	1330	1.0113	
PILOT-2017004144__C__sonnet4__rep0.json	PILOT-2017004144	C	0	30	6345	6647	630	1330	0.4737	
PILOT-2017004144__C__sonnet4__rep1.json	PILOT-2017004144	C	1	7	6345	2521	4148	1330	3.1188	
PILOT-2017004144__C__sonnet4__rep2.json	PILOT-2017004144	C	2	30	6345	6514	547	1330	0.4113	
PILOT-2017004144__D__gpt4o-mini__rep0.json	PILOT-2017004144	D	0	7	6345	2266	4098	1330	3.0812	
PILOT-2017004144__D__gpt4o-mini__rep1.json	PILOT-2017004144	D	1	7	6345	2978	4044	1330	3.0406	
PILOT-2017004144__D__gpt4o-mini__rep2.json	PILOT-2017004144	D	2	7	6345	2267	4097	1330	3.0805	
PILOT-2017004144__D__gpt5.4__rep0.json	PILOT-2017004144	D	0	7	6345	2490	4188	1330	3.1489	
PILOT-2017004144__D__gpt5.4__rep1.json	PILOT-2017004144	D	1	7	6345	2974	3935	1330	2.9586	
PILOT-2017004144__D__gpt5.4__rep2.json	PILOT-2017004144	D	2	7	6345	3384	3809	1330	2.8639	
PILOT-2017004144__D__haiku4.5__rep0.json	PILOT-2017004144	D	0	30	6345	7696	1672	1330	1.2571	
PILOT-2017004144__D__haiku4.5__rep1.json	PILOT-2017004144	D	1	30	6345	7696	1672	1330	1.2571	
PILOT-2017004144__D__haiku4.5__rep2.json	PILOT-2017004144	D	2	30	6345	7696	1672	1330	1.2571	
PILOT-2017004144__D__sonnet4__rep0.json	PILOT-2017004144	D	0	7	6345	2464	4170	1330	3.1353	
PILOT-2017004144__D__sonnet4__rep1.json	PILOT-2017004144	D	1	7	6345	2464	4170	1330	3.1353	
PILOT-2017004144__D__sonnet4__rep2.json	PILOT-2017004144	D	2	7	6345	2464	4166	1330	3.1323	
PILOT-2017004144__E__gpt4o-mini__rep0.json	PILOT-2017004144	E	0	7	6345	3002	4119	1330	3.097	
PILOT-2017004144__E__gpt4o-mini__rep1.json	PILOT-2017004144	E	1	7	6345	2794	4221	1330	3.1737	
PILOT-2017004144__E__gpt4o-mini__rep2.json	PILOT-2017004144	E	2	7	6345	2577	4189	1330	3.1496	
PILOT-2017004144__E__gpt5.4__rep0.json	PILOT-2017004144	E	0	7	6345	3521	3950	1330	2.9699	
PILOT-2017004144__E__gpt5.4__rep1.json	PILOT-2017004144	E	1	7	6345	3351	3714	1330	2.7925	
PILOT-2017004144__E__gpt5.4__rep2.json	PILOT-2017004144	E	2	7	6345	3000	3980	1330	2.9925	
PILOT-2017004144__E__haiku4.5__rep0.json	PILOT-2017004144	E	0	30	6345	6935	931	1330	0.7	
PILOT-2017004144__E__haiku4.5__rep1.json	PILOT-2017004144	E	1	30	6345	7269	1255	1330	0.9436	
PILOT-2017004144__E__haiku4.5__rep2.json	PILOT-2017004144	E	2	30	6345	7212	1194	1330	0.8977	
PILOT-2017004144__E__sonnet4__rep0.json	PILOT-2017004144	E	0	7	6345	2524	4118	1330	3.0962	
PILOT-2017004144__E__sonnet4__rep1.json	PILOT-2017004144	E	1	7	6345	2455	4175	1330	3.1391	
PILOT-2017004144__E__sonnet4__rep2.json	PILOT-2017004144	E	2	7	6345	2454	4177	1330	3.1406	
PILOT-2017004144__F__gpt4o-mini__rep0.json	PILOT-2017004144	F	0	7	6345	2618	4181	1330	3.1436	
PILOT-2017004144__F__gpt4o-mini__rep1.json	PILOT-2017004144	F	1	7	6345	2267	4097	1330	3.0805	
PILOT-2017004144__F__gpt4o-mini__rep2.json	PILOT-2017004144	F	2	7	6345	2265	4098	1330	3.0812	
PILOT-2017004144__F__gpt5.4__rep0.json	PILOT-2017004144	F	0	7	6345	881	5516	1330	4.1474	
PILOT-2017004144__F__gpt5.4__rep1.json	PILOT-2017004144	F	1	0			None		None	no_gen
PILOT-2017004144__F__gpt5.4__rep2.json	PILOT-2017004144	F	2	7	6345	903	5498	1330	4.1338	
PILOT-2017004144__F__haiku4.5__rep0.json	PILOT-2017004144	F	0	30	6345	3404	3456	1330	2.5985	
PILOT-2017004144__F__haiku4.5__rep1.json	PILOT-2017004144	F	1	30	6345	3404	3456	1330	2.5985	
PILOT-2017004144__F__haiku4.5__rep2.json	PILOT-2017004144	F	2	30	6345	3320	3633	1330	2.7316	
PILOT-2017004144__F__sonnet4__rep0.json	PILOT-2017004144	F	0	7	6345	2804	3968	1330	2.9835	
PILOT-2017004144__F__sonnet4__rep1.json	PILOT-2017004144	F	1	7	6345	2804	3968	1330	2.9835	
PILOT-2017004144__F__sonnet4__rep2.json	PILOT-2017004144	F	2	7	6345	2956	3976	1330	2.9895	
PILOT-2017004144__G__gpt4o-mini__rep0.json	PILOT-2017004144	G	0	7	6345	2590	4276	1330	3.215	
PILOT-2017004144__G__gpt4o-mini__rep1.json	PILOT-2017004144	G	1	7	6345	3083	4057	1330	3.0504	
PILOT-2017004144__G__gpt4o-mini__rep2.json	PILOT-2017004144	G	2	7	6345	2651	4164	1330	3.1308	
PILOT-2017004144__G__gpt5.4__rep0.json	PILOT-2017004144	G	0	7	6345	3411	3733	1330	2.8068	
PILOT-2017004144__G__gpt5.4__rep1.json	PILOT-2017004144	G	1	7	6345	2777	3689	1330	2.7737	
PILOT-2017004144__G__gpt5.4__rep2.json	PILOT-2017004144	G	2	7	6345	3690	4017	1330	3.0203	
PILOT-2017004144__G__haiku4.5__rep0.json	PILOT-2017004144	G	0	30	6345	3936	3430	1330	2.5789	
PILOT-2017004144__G__haiku4.5__rep1.json	PILOT-2017004144	G	1	30	6345	3559	3352	1330	2.5203	
PILOT-2017004144__G__haiku4.5__rep2.json	PILOT-2017004144	G	2	26	6345	3622	3550	1330	2.6692	
PILOT-2017004144__G__sonnet4__rep0.json	PILOT-2017004144	G	0	7	6345	2978	3853	1330	2.897	
PILOT-2017004144__G__sonnet4__rep1.json	PILOT-2017004144	G	1	7	6345	2886	3768	1330	2.8331	
PILOT-2017004144__G__sonnet4__rep2.json	PILOT-2017004144	G	2	30	6345	6951	932	1330	0.7008	
PILOT-2017004144__baseline__gpt4o-mini__rep0.json	PILOT-2017004144	baseline	0	6	6345	1967	4709	1330	3.5406	
PILOT-2017004144__baseline__gpt4o-mini__rep1.json	PILOT-2017004144	baseline	1	7	6345	2572	4190	1330	3.1504	
PILOT-2017004144__baseline__gpt4o-mini__rep2.json	PILOT-2017004144	baseline	2	6	6345	2280	4551	1330	3.4218	
PILOT-2017004144__baseline__gpt5.4__rep0.json	PILOT-2017004144	baseline	0	7	6345	3276	3865	1330	2.906	
PILOT-2017004144__baseline__gpt5.4__rep1.json	PILOT-2017004144	baseline	1	7	6345	3070	3944	1330	2.9654	
PILOT-2017004144__baseline__gpt5.4__rep2.json	PILOT-2017004144	baseline	2	7	6345	3050	3988	1330	2.9985	
PILOT-2017004144__baseline__haiku4.5__rep0.json	PILOT-2017004144	baseline	0	30	6345	7488	1473	1330	1.1075	
PILOT-2017004144__baseline__haiku4.5__rep1.json	PILOT-2017004144	baseline	1	30	6345	7488	1473	1330	1.1075	
PILOT-2017004144__baseline__haiku4.5__rep2.json	PILOT-2017004144	baseline	2	30	6345	7698	1680	1330	1.2632	
PILOT-2017004144__baseline__sonnet4__rep0.json	PILOT-2017004144	baseline	0	7	6345	3069	3856	1330	2.8992	
PILOT-2017004144__baseline__sonnet4__rep1.json	PILOT-2017004144	baseline	1	7	6345	2883	3760	1330	2.8271	
PILOT-2017004144__baseline__sonnet4__rep2.json	PILOT-2017004144	baseline	2	7	6345	2579	4173	1330	3.1376	
PILOT-2017004286__A__gpt4o-mini__rep0.json	PILOT-2017004286	A	0	4	6980	1911	5125	1533	3.3431	
PILOT-2017004286__A__gpt4o-mini__rep1.json	PILOT-2017004286	A	1	4	6980	1911	5125	1533	3.3431	
PILOT-2017004286__A__gpt4o-mini__rep2.json	PILOT-2017004286	A	2	4	6980	1919	5117	1533	3.3379	
PILOT-2017004286__A__gpt5.4__rep0.json	PILOT-2017004286	A	0	26	6980	7247	733	1533	0.4781	
PILOT-2017004286__A__gpt5.4__rep1.json	PILOT-2017004286	A	1	26	6980	7944	1042	1533	0.6797	
PILOT-2017004286__A__gpt5.4__rep2.json	PILOT-2017004286	A	2	26	6980	7387	493	1533	0.3216	
PILOT-2017004286__A__haiku4.5__rep0.json	PILOT-2017004286	A	0	26	6980	7223	676	1533	0.441	
PILOT-2017004286__A__haiku4.5__rep1.json	PILOT-2017004286	A	1	26	6980	8594	1718	1533	1.1207	
PILOT-2017004286__A__haiku4.5__rep2.json	PILOT-2017004286	A	2	26	6980	8834	1922	1533	1.2538	
PILOT-2017004286__A__sonnet4__rep0.json	PILOT-2017004286	A	0	26	6980	7146	242	1533	0.1579	
PILOT-2017004286__A__sonnet4__rep1.json	PILOT-2017004286	A	1	26	6980	7212	306	1533	0.1996	
PILOT-2017004286__A__sonnet4__rep2.json	PILOT-2017004286	A	2	26	6980	7255	333	1533	0.2172	
PILOT-2017004286__B__gpt4o-mini__rep0.json	PILOT-2017004286	B	0	3	6980	1588	5396	1533	3.5199	
PILOT-2017004286__B__gpt4o-mini__rep1.json	PILOT-2017004286	B	1	3	6980	1494	5503	1533	3.5897	
PILOT-2017004286__B__gpt4o-mini__rep2.json	PILOT-2017004286	B	2	3	6980	1515	5491	1533	3.5819	
PILOT-2017004286__B__gpt5.4__rep0.json	PILOT-2017004286	B	0	26	6980	7622	707	1533	0.4612	
PILOT-2017004286__B__gpt5.4__rep1.json	PILOT-2017004286	B	1	26	6980	7224	305	1533	0.199	
PILOT-2017004286__B__gpt5.4__rep2.json	PILOT-2017004286	B	2	26	6980	7222	302	1533	0.197	
PILOT-2017004286__B__haiku4.5__rep0.json	PILOT-2017004286	B	0	26	6980	7773	882	1533	0.5753	
PILOT-2017004286__B__haiku4.5__rep1.json	PILOT-2017004286	B	1	26	6980	7891	1007	1533	0.6569	
PILOT-2017004286__B__haiku4.5__rep2.json	PILOT-2017004286	B	2	26	6980	7983	1092	1533	0.7123	
PILOT-2017004286__B__sonnet4__rep0.json	PILOT-2017004286	B	0	26	6980	7567	675	1533	0.4403	
PILOT-2017004286__B__sonnet4__rep1.json	PILOT-2017004286	B	1	26	6980	7513	606	1533	0.3953	
PILOT-2017004286__B__sonnet4__rep2.json	PILOT-2017004286	B	2	26	6980	7624	733	1533	0.4781	
PILOT-2017004286__C__gpt4o-mini__rep0.json	PILOT-2017004286	C	0	3	6980	1364	5635	1533	3.6758	
PILOT-2017004286__C__gpt4o-mini__rep1.json	PILOT-2017004286	C	1	4	6980	1920	5129	1533	3.3457	
PILOT-2017004286__C__gpt4o-mini__rep2.json	PILOT-2017004286	C	2	4	6980	1890	5133	1533	3.3483	
PILOT-2017004286__C__gpt5.4__rep0.json	PILOT-2017004286	C	0	26	6980	7991	1081	1533	0.7052	
PILOT-2017004286__C__gpt5.4__rep1.json	PILOT-2017004286	C	1	26	6980	7336	414	1533	0.2701	
PILOT-2017004286__C__gpt5.4__rep2.json	PILOT-2017004286	C	2	26	6980	7037	175	1533	0.1142	
PILOT-2017004286__C__haiku4.5__rep0.json	PILOT-2017004286	C	0	26	6980	7177	511	1533	0.3333	
PILOT-2017004286__C__haiku4.5__rep1.json	PILOT-2017004286	C	1	26	6980	5753	2717	1533	1.7723	
PILOT-2017004286__C__haiku4.5__rep2.json	PILOT-2017004286	C	2	26	6980	7236	475	1533	0.3098	
PILOT-2017004286__C__sonnet4__rep0.json	PILOT-2017004286	C	0	26	6980	7262	340	1533	0.2218	
PILOT-2017004286__C__sonnet4__rep1.json	PILOT-2017004286	C	1	26	6980	7172	272	1533	0.1774	
PILOT-2017004286__C__sonnet4__rep2.json	PILOT-2017004286	C	2	26	6980	7262	340	1533	0.2218	
PILOT-2017004286__D__gpt4o-mini__rep0.json	PILOT-2017004286	D	0	4	6980	1911	5125	1533	3.3431	
PILOT-2017004286__D__gpt4o-mini__rep1.json	PILOT-2017004286	D	1	4	6980	1918	5129	1533	3.3457	
PILOT-2017004286__D__gpt4o-mini__rep2.json	PILOT-2017004286	D	2	4	6980	1935	5117	1533	3.3379	
PILOT-2017004286__D__gpt5.4__rep0.json	PILOT-2017004286	D	0	26	6980	7240	320	1533	0.2087	
PILOT-2017004286__D__gpt5.4__rep1.json	PILOT-2017004286	D	1	26	6980	7456	540	1533	0.3523	
PILOT-2017004286__D__gpt5.4__rep2.json	PILOT-2017004286	D	2	23	6980	6212	1088	1533	0.7097	
PILOT-2017004286__D__haiku4.5__rep0.json	PILOT-2017004286	D	0	26	6980	9181	2374	1533	1.5486	
PILOT-2017004286__D__haiku4.5__rep1.json	PILOT-2017004286	D	1	26	6980	8981	2065	1533	1.347	
PILOT-2017004286__D__haiku4.5__rep2.json	PILOT-2017004286	D	2	26	6980	9001	2105	1533	1.3731	
PILOT-2017004286__D__sonnet4__rep0.json	PILOT-2017004286	D	0	26	6980	7417	495	1533	0.3229	
PILOT-2017004286__D__sonnet4__rep1.json	PILOT-2017004286	D	1	26	6980	7240	318	1533	0.2074	
PILOT-2017004286__D__sonnet4__rep2.json	PILOT-2017004286	D	2	26	6980	7316	394	1533	0.257	
PILOT-2017004286__E__gpt4o-mini__rep0.json	PILOT-2017004286	E	0	4	6980	1983	5083	1533	3.3157	
PILOT-2017004286__E__gpt4o-mini__rep1.json	PILOT-2017004286	E	1	4	6980	1970	5071	1533	3.3079	
PILOT-2017004286__E__gpt4o-mini__rep2.json	PILOT-2017004286	E	2	3	6980	1372	5640	1533	3.6791	
PILOT-2017004286__E__gpt5.4__rep0.json	PILOT-2017004286	E	0	26	6980	7610	690	1533	0.4501	
PILOT-2017004286__E__gpt5.4__rep1.json	PILOT-2017004286	E	1	21	6980	5926	1452	1533	0.9472	
PILOT-2017004286__E__gpt5.4__rep2.json	PILOT-2017004286	E	2	20	6980	5546	1800	1533	1.1742	
PILOT-2017004286__E__haiku4.5__rep0.json	PILOT-2017004286	E	0	26	6980	9126	2190	1533	1.4286	
PILOT-2017004286__E__haiku4.5__rep1.json	PILOT-2017004286	E	1	26	6980	8310	1422	1533	0.9276	
PILOT-2017004286__E__haiku4.5__rep2.json	PILOT-2017004286	E	2	26	6980	8025	1132	1533	0.7384	
PILOT-2017004286__E__sonnet4__rep0.json	PILOT-2017004286	E	0	26	6980	7088	170	1533	0.1109	
PILOT-2017004286__E__sonnet4__rep1.json	PILOT-2017004286	E	1	26	6980	7088	170	1533	0.1109	
PILOT-2017004286__E__sonnet4__rep2.json	PILOT-2017004286	E	2	26	6980	7826	922	1533	0.6014	
PILOT-2017004286__F__gpt4o-mini__rep0.json	PILOT-2017004286	F	0	4	6980	1912	5133	1533	3.3483	
PILOT-2017004286__F__gpt4o-mini__rep1.json	PILOT-2017004286	F	1	4	6980	1904	5131	1533	3.347	
PILOT-2017004286__F__gpt4o-mini__rep2.json	PILOT-2017004286	F	2	4	6980	1922	5128	1533	3.3451	
PILOT-2017004286__F__gpt5.4__rep0.json	PILOT-2017004286	F	0	21	6980	6544	2044	1533	1.3333	
PILOT-2017004286__F__gpt5.4__rep1.json	PILOT-2017004286	F	1	19	6980	6517	2281	1533	1.4879	
PILOT-2017004286__F__gpt5.4__rep2.json	PILOT-2017004286	F	2	12	6980	4086	3134	1533	2.0444	
PILOT-2017004286__F__haiku4.5__rep0.json	PILOT-2017004286	F	0	26	6980	6793	1397	1533	0.9113	
PILOT-2017004286__F__haiku4.5__rep1.json	PILOT-2017004286	F	1	26	6980	8268	1375	1533	0.8969	
PILOT-2017004286__F__haiku4.5__rep2.json	PILOT-2017004286	F	2	26	6980	6270	926	1533	0.604	
PILOT-2017004286__F__sonnet4__rep0.json	PILOT-2017004286	F	0	26	6980	7137	233	1533	0.152	
PILOT-2017004286__F__sonnet4__rep1.json	PILOT-2017004286	F	1	26	6980	7025	121	1533	0.0789	
PILOT-2017004286__F__sonnet4__rep2.json	PILOT-2017004286	F	2	26	6980	7164	260	1533	0.1696	
PILOT-2017004286__G__gpt4o-mini__rep0.json	PILOT-2017004286	G	0	3	6980	1766	5224	1533	3.4077	
PILOT-2017004286__G__gpt4o-mini__rep1.json	PILOT-2017004286	G	1	4	6980	2016	4990	1533	3.2551	
PILOT-2017004286__G__gpt4o-mini__rep2.json	PILOT-2017004286	G	2	4	6980	1954	5067	1533	3.3053	
PILOT-2017004286__G__gpt5.4__rep0.json	PILOT-2017004286	G	0	26	6980	7569	644	1533	0.4201	
PILOT-2017004286__G__gpt5.4__rep1.json	PILOT-2017004286	G	1	12	6980	4163	3184	1533	2.077	
PILOT-2017004286__G__gpt5.4__rep2.json	PILOT-2017004286	G	2	14	6980	4269	2935	1533	1.9145	
PILOT-2017004286__G__haiku4.5__rep0.json	PILOT-2017004286	G	0	26	6980	9378	2488	1533	1.623	
PILOT-2017004286__G__haiku4.5__rep1.json	PILOT-2017004286	G	1	26	6980	6309	2286	1533	1.4912	
PILOT-2017004286__G__haiku4.5__rep2.json	PILOT-2017004286	G	2	26	6980	8610	1782	1533	1.1624	
PILOT-2017004286__G__sonnet4__rep0.json	PILOT-2017004286	G	0	26	6980	7185	285	1533	0.1859	
PILOT-2017004286__G__sonnet4__rep1.json	PILOT-2017004286	G	1	26	6980	7262	340	1533	0.2218	
PILOT-2017004286__G__sonnet4__rep2.json	PILOT-2017004286	G	2	26	6980	7281	359	1533	0.2342	
PILOT-2017004286__baseline__gpt4o-mini__rep0.json	PILOT-2017004286	baseline	0	4	6980	1911	5126	1533	3.3438	
PILOT-2017004286__baseline__gpt4o-mini__rep1.json	PILOT-2017004286	baseline	1	4	6980	1917	5117	1533	3.3379	
PILOT-2017004286__baseline__gpt4o-mini__rep2.json	PILOT-2017004286	baseline	2	3	6980	1385	5625	1533	3.6693	
PILOT-2017004286__baseline__gpt5.4__rep0.json	PILOT-2017004286	baseline	0	26	6980	7466	600	1533	0.3914	
PILOT-2017004286__baseline__gpt5.4__rep1.json	PILOT-2017004286	baseline	1	26	6980	7919	989	1533	0.6451	
PILOT-2017004286__baseline__gpt5.4__rep2.json	PILOT-2017004286	baseline	2	26	6980	7656	1021	1533	0.666	
PILOT-2017004286__baseline__haiku4.5__rep0.json	PILOT-2017004286	baseline	0	26	6980	8419	2288	1533	1.4925	
PILOT-2017004286__baseline__haiku4.5__rep1.json	PILOT-2017004286	baseline	1	26	6980	8837	1914	1533	1.2485	
PILOT-2017004286__baseline__haiku4.5__rep2.json	PILOT-2017004286	baseline	2	26	6980	7938	1937	1533	1.2635	
PILOT-2017004286__baseline__sonnet4__rep0.json	PILOT-2017004286	baseline	0	26	6980	7182	282	1533	0.184	
PILOT-2017004286__baseline__sonnet4__rep1.json	PILOT-2017004286	baseline	1	26	6980	7163	263	1533	0.1716	
PILOT-2017004286__baseline__sonnet4__rep2.json	PILOT-2017004286	baseline	2	26	6980	7188	270	1533	0.1761	
PILOT-2017005259__A__gpt4o-mini__rep0.json	PILOT-2017005259	A	0	8	2205	1537	672	728	0.9231	
PILOT-2017005259__A__gpt4o-mini__rep1.json	PILOT-2017005259	A	1	8	2205	1537	672	728	0.9231	
PILOT-2017005259__A__gpt4o-mini__rep2.json	PILOT-2017005259	A	2	8	2205	1537	672	728	0.9231	
PILOT-2017005259__A__gpt5.4__rep0.json	PILOT-2017005259	A	0	14	2205	2102	401	728	0.5508	
PILOT-2017005259__A__gpt5.4__rep1.json	PILOT-2017005259	A	1	14	2205	2352	156	728	0.2143	
PILOT-2017005259__A__gpt5.4__rep2.json	PILOT-2017005259	A	2	14	2205	2355	150	728	0.206	
PILOT-2017005259__A__haiku4.5__rep0.json	PILOT-2017005259	A	0	14	2205	3362	1213	728	1.6662	
PILOT-2017005259__A__haiku4.5__rep1.json	PILOT-2017005259	A	1	14	2205	2808	1201	728	1.6497	
PILOT-2017005259__A__haiku4.5__rep2.json	PILOT-2017005259	A	2	14	2205	3166	1042	728	1.4313	
PILOT-2017005259__A__sonnet4__rep0.json	PILOT-2017005259	A	0	14	2205	3119	914	728	1.2555	
PILOT-2017005259__A__sonnet4__rep1.json	PILOT-2017005259	A	1	14	2205	3119	914	728	1.2555	
PILOT-2017005259__A__sonnet4__rep2.json	PILOT-2017005259	A	2	14	2205	3119	914	728	1.2555	
PILOT-2017005259__B__gpt4o-mini__rep0.json	PILOT-2017005259	B	0	4	2205	1073	1172	728	1.6099	
PILOT-2017005259__B__gpt4o-mini__rep1.json	PILOT-2017005259	B	1	4	2205	1072	1172	728	1.6099	
PILOT-2017005259__B__gpt4o-mini__rep2.json	PILOT-2017005259	B	2	4	2205	1120	1189	728	1.6332	
PILOT-2017005259__B__gpt5.4__rep0.json	PILOT-2017005259	B	0	14	2205	2459	254	728	0.3489	
PILOT-2017005259__B__gpt5.4__rep1.json	PILOT-2017005259	B	1	14	2205	2350	145	728	0.1992	
PILOT-2017005259__B__gpt5.4__rep2.json	PILOT-2017005259	B	2	14	2205	2350	145	728	0.1992	
PILOT-2017005259__B__haiku4.5__rep0.json	PILOT-2017005259	B	0	14	2205	3028	1282	728	1.761	
PILOT-2017005259__B__haiku4.5__rep1.json	PILOT-2017005259	B	1	14	2205	3199	1425	728	1.9574	
PILOT-2017005259__B__haiku4.5__rep2.json	PILOT-2017005259	B	2	14	2205	4954	2905	728	3.9904	
PILOT-2017005259__B__sonnet4__rep0.json	PILOT-2017005259	B	0	14	2205	3370	1165	728	1.6003	
PILOT-2017005259__B__sonnet4__rep1.json	PILOT-2017005259	B	1	14	2205	3102	897	728	1.2321	
PILOT-2017005259__B__sonnet4__rep2.json	PILOT-2017005259	B	2	14	2205	3102	897	728	1.2321	
PILOT-2017005259__C__gpt4o-mini__rep0.json	PILOT-2017005259	C	0	8	2205	1581	712	728	0.978	
PILOT-2017005259__C__gpt4o-mini__rep1.json	PILOT-2017005259	C	1	8	2205	1573	693	728	0.9519	
PILOT-2017005259__C__gpt4o-mini__rep2.json	PILOT-2017005259	C	2	8	2205	1537	672	728	0.9231	
PILOT-2017005259__C__gpt5.4__rep0.json	PILOT-2017005259	C	0	14	2205	2330	126	728	0.1731	
PILOT-2017005259__C__gpt5.4__rep1.json	PILOT-2017005259	C	1	14	2205	2350	145	728	0.1992	
PILOT-2017005259__C__gpt5.4__rep2.json	PILOT-2017005259	C	2	14	2205	2350	145	728	0.1992	
PILOT-2017005259__C__haiku4.5__rep0.json	PILOT-2017005259	C	0	14	2205	3573	1406	728	1.9313	
PILOT-2017005259__C__haiku4.5__rep1.json	PILOT-2017005259	C	1	14	2205	3225	1323	728	1.8173	
PILOT-2017005259__C__haiku4.5__rep2.json	PILOT-2017005259	C	2	14	2205	2925	1145	728	1.5728	
PILOT-2017005259__C__sonnet4__rep0.json	PILOT-2017005259	C	0	14	2205	2353	148	728	0.2033	
PILOT-2017005259__C__sonnet4__rep1.json	PILOT-2017005259	C	1	14	2205	2748	591	728	0.8118	
PILOT-2017005259__C__sonnet4__rep2.json	PILOT-2017005259	C	2	14	2205	2785	628	728	0.8626	
PILOT-2017005259__D__gpt4o-mini__rep0.json	PILOT-2017005259	D	0	8	2205	1539	672	728	0.9231	
PILOT-2017005259__D__gpt4o-mini__rep1.json	PILOT-2017005259	D	1	8	2205	1537	672	728	0.9231	
PILOT-2017005259__D__gpt4o-mini__rep2.json	PILOT-2017005259	D	2	8	2205	1537	672	728	0.9231	
PILOT-2017005259__D__gpt5.4__rep0.json	PILOT-2017005259	D	0	14	2205	2354	149	728	0.2047	
PILOT-2017005259__D__gpt5.4__rep1.json	PILOT-2017005259	D	1	14	2205	2333	128	728	0.1758	
PILOT-2017005259__D__gpt5.4__rep2.json	PILOT-2017005259	D	2	14	2205	2335	131	728	0.1799	
PILOT-2017005259__D__haiku4.5__rep0.json	PILOT-2017005259	D	0	14	2205	3278	1073	728	1.4739	
PILOT-2017005259__D__haiku4.5__rep1.json	PILOT-2017005259	D	1	14	2205	2813	651	728	0.8942	
PILOT-2017005259__D__haiku4.5__rep2.json	PILOT-2017005259	D	2	14	2205	3065	905	728	1.2431	
PILOT-2017005259__D__sonnet4__rep0.json	PILOT-2017005259	D	0	14	2205	3119	914	728	1.2555	
PILOT-2017005259__D__sonnet4__rep1.json	PILOT-2017005259	D	1	14	2205	2766	591	728	0.8118	
PILOT-2017005259__D__sonnet4__rep2.json	PILOT-2017005259	D	2	14	2205	2842	747	728	1.0261	
PILOT-2017005259__E__gpt4o-mini__rep0.json	PILOT-2017005259	E	0	5	2205	1152	1090	728	1.4973	
PILOT-2017005259__E__gpt4o-mini__rep1.json	PILOT-2017005259	E	1	6	2205	1229	981	728	1.3475	
PILOT-2017005259__E__gpt4o-mini__rep2.json	PILOT-2017005259	E	2	6	2205	1149	1060	728	1.456	
PILOT-2017005259__E__gpt5.4__rep0.json	PILOT-2017005259	E	0	14	2205	2324	128	728	0.1758	
PILOT-2017005259__E__gpt5.4__rep1.json	PILOT-2017005259	E	1	14	2205	2333	128	728	0.1758	
PILOT-2017005259__E__gpt5.4__rep2.json	PILOT-2017005259	E	2	14	2205	2329	124	728	0.1703	
PILOT-2017005259__E__haiku4.5__rep0.json	PILOT-2017005259	E	0	14	2205	2713	1162	728	1.5962	
PILOT-2017005259__E__haiku4.5__rep1.json	PILOT-2017005259	E	1	14	2205	2684	1082	728	1.4863	
PILOT-2017005259__E__haiku4.5__rep2.json	PILOT-2017005259	E	2	14	2205	3847	1668	728	2.2912	
PILOT-2017005259__E__sonnet4__rep0.json	PILOT-2017005259	E	0	14	2205	2322	137	728	0.1882	
PILOT-2017005259__E__sonnet4__rep1.json	PILOT-2017005259	E	1	14	2205	2740	583	728	0.8008	
PILOT-2017005259__E__sonnet4__rep2.json	PILOT-2017005259	E	2	14	2205	2324	145	728	0.1992	
PILOT-2017005259__F__gpt4o-mini__rep0.json	PILOT-2017005259	F	0	5	2205	1484	940	728	1.2912	
PILOT-2017005259__F__gpt4o-mini__rep1.json	PILOT-2017005259	F	1	5	2205	1482	939	728	1.2898	
PILOT-2017005259__F__gpt4o-mini__rep2.json	PILOT-2017005259	F	2	5	2205	1490	941	728	1.2926	
PILOT-2017005259__F__gpt5.4__rep0.json	PILOT-2017005259	F	0	14	2205	2351	155	728	0.2129	
PILOT-2017005259__F__gpt5.4__rep1.json	PILOT-2017005259	F	1	14	2205	2117	421	728	0.5783	
PILOT-2017005259__F__gpt5.4__rep2.json	PILOT-2017005259	F	2	14	2205	2107	427	728	0.5865	
PILOT-2017005259__F__haiku4.5__rep0.json	PILOT-2017005259	F	0	14	2205	2781	578	728	0.794	
PILOT-2017005259__F__haiku4.5__rep1.json	PILOT-2017005259	F	1	14	2205	3136	931	728	1.2788	
PILOT-2017005259__F__haiku4.5__rep2.json	PILOT-2017005259	F	2	14	2205	2820	615	728	0.8448	
PILOT-2017005259__F__sonnet4__rep0.json	PILOT-2017005259	F	0	14	2205	2445	252	728	0.3462	
PILOT-2017005259__F__sonnet4__rep1.json	PILOT-2017005259	F	1	14	2205	2445	252	728	0.3462	
PILOT-2017005259__F__sonnet4__rep2.json	PILOT-2017005259	F	2	14	2205	2466	309	728	0.4245	
PILOT-2017005259__G__gpt4o-mini__rep0.json	PILOT-2017005259	G	0	8	2205	1537	672	728	0.9231	
PILOT-2017005259__G__gpt4o-mini__rep1.json	PILOT-2017005259	G	1	8	2205	1537	672	728	0.9231	
PILOT-2017005259__G__gpt4o-mini__rep2.json	PILOT-2017005259	G	2	8	2205	1581	712	728	0.978	
PILOT-2017005259__G__gpt5.4__rep0.json	PILOT-2017005259	G	0	14	2205	2094	393	728	0.5398	
PILOT-2017005259__G__gpt5.4__rep1.json	PILOT-2017005259	G	1	14	2205	2351	155	728	0.2129	
PILOT-2017005259__G__gpt5.4__rep2.json	PILOT-2017005259	G	2	14	2205	2324	128	728	0.1758	
PILOT-2017005259__G__haiku4.5__rep0.json	PILOT-2017005259	G	0	14	2205	2820	617	728	0.8475	
PILOT-2017005259__G__haiku4.5__rep1.json	PILOT-2017005259	G	1	14	2205	3073	870	728	1.1951	
PILOT-2017005259__G__haiku4.5__rep2.json	PILOT-2017005259	G	2	14	2205	3036	887	728	1.2184	
PILOT-2017005259__G__sonnet4__rep0.json	PILOT-2017005259	G	0	14	2205	2714	557	728	0.7651	
PILOT-2017005259__G__sonnet4__rep1.json	PILOT-2017005259	G	1	14	2205	2609	461	728	0.6332	
PILOT-2017005259__G__sonnet4__rep2.json	PILOT-2017005259	G	2	14	2205	2630	473	728	0.6497	
PILOT-2017005259__baseline__gpt4o-mini__rep0.json	PILOT-2017005259	baseline	0	8	2205	1559	677	728	0.9299	
PILOT-2017005259__baseline__gpt4o-mini__rep1.json	PILOT-2017005259	baseline	1	8	2205	1537	672	728	0.9231	
PILOT-2017005259__baseline__gpt4o-mini__rep2.json	PILOT-2017005259	baseline	2	8	2205	1537	672	728	0.9231	
PILOT-2017005259__baseline__gpt5.4__rep0.json	PILOT-2017005259	baseline	0	14	2205	2350	145	728	0.1992	
PILOT-2017005259__baseline__gpt5.4__rep1.json	PILOT-2017005259	baseline	1	14	2205	2407	202	728	0.2775	
PILOT-2017005259__baseline__gpt5.4__rep2.json	PILOT-2017005259	baseline	2	14	2205	2402	197	728	0.2706	
PILOT-2017005259__baseline__haiku4.5__rep0.json	PILOT-2017005259	baseline	0	14	2205	3182	1044	728	1.4341	
PILOT-2017005259__baseline__haiku4.5__rep1.json	PILOT-2017005259	baseline	1	14	2205	3113	997	728	1.3695	
PILOT-2017005259__baseline__haiku4.5__rep2.json	PILOT-2017005259	baseline	2	14	2205	2771	579	728	0.7953	
PILOT-2017005259__baseline__sonnet4__rep0.json	PILOT-2017005259	baseline	0	14	2205	3119	914	728	1.2555	
PILOT-2017005259__baseline__sonnet4__rep1.json	PILOT-2017005259	baseline	1	14	2205	3119	914	728	1.2555	
PILOT-2017005259__baseline__sonnet4__rep2.json	PILOT-2017005259	baseline	2	14	2205	3119	914	728	1.2555	
PILOT-2017005493__A__gpt4o-mini__rep0.json	PILOT-2017005493	A	0	11	3063	2749	1052	384	2.7396	
PILOT-2017005493__A__gpt4o-mini__rep1.json	PILOT-2017005493	A	1	8	3063	2292	1399	384	3.6432	
PILOT-2017005493__A__gpt4o-mini__rep2.json	PILOT-2017005493	A	2	8	3063	1763	1794	384	4.6719	
PILOT-2017005493__A__gpt5.4__rep0.json	PILOT-2017005493	A	0	20	3063	3580	542	384	1.4115	
PILOT-2017005493__A__gpt5.4__rep1.json	PILOT-2017005493	A	1	20	3063	3686	651	384	1.6953	
PILOT-2017005493__A__gpt5.4__rep2.json	PILOT-2017005493	A	2	20	3063	3872	829	384	2.1589	
PILOT-2017005493__A__haiku4.5__rep0.json	PILOT-2017005493	A	0	20	3063	4585	1557	384	4.0547	
PILOT-2017005493__A__haiku4.5__rep1.json	PILOT-2017005493	A	1	20	3063	4659	1629	384	4.2422	
PILOT-2017005493__A__haiku4.5__rep2.json	PILOT-2017005493	A	2	20	3063	4767	1756	384	4.5729	
PILOT-2017005493__A__sonnet4__rep0.json	PILOT-2017005493	A	0	20	3063	5068	2024	384	5.2708	
PILOT-2017005493__A__sonnet4__rep1.json	PILOT-2017005493	A	1	20	3063	3483	436	384	1.1354	
PILOT-2017005493__A__sonnet4__rep2.json	PILOT-2017005493	A	2	20	3063	3139	232	384	0.6042	
PILOT-2017005493__B__gpt4o-mini__rep0.json	PILOT-2017005493	B	0	6	3063	1725	1484	384	3.8646	
PILOT-2017005493__B__gpt4o-mini__rep1.json	PILOT-2017005493	B	1	9	3063	2111	1347	384	3.5078	
PILOT-2017005493__B__gpt4o-mini__rep2.json	PILOT-2017005493	B	2	7	3063	1220	1966	384	5.1198	
PILOT-2017005493__B__gpt5.4__rep0.json	PILOT-2017005493	B	0	20	3063	3751	709	384	1.8464	
PILOT-2017005493__B__gpt5.4__rep1.json	PILOT-2017005493	B	1	20	3063	3834	791	384	2.0599	
PILOT-2017005493__B__gpt5.4__rep2.json	PILOT-2017005493	B	2	20	3063	4086	1051	384	2.737	
PILOT-2017005493__B__haiku4.5__rep0.json	PILOT-2017005493	B	0	20	3063	3432	1082	384	2.8177	
PILOT-2017005493__B__haiku4.5__rep1.json	PILOT-2017005493	B	1	20	3063	2883	1280	384	3.3333	
PILOT-2017005493__B__haiku4.5__rep2.json	PILOT-2017005493	B	2	20	3063	2688	1261	384	3.2839	
PILOT-2017005493__B__sonnet4__rep0.json	PILOT-2017005493	B	0	20	3063	3099	732	384	1.9062	
PILOT-2017005493__B__sonnet4__rep1.json	PILOT-2017005493	B	1	20	3063	3055	555	384	1.4453	
PILOT-2017005493__B__sonnet4__rep2.json	PILOT-2017005493	B	2	20	3063	3099	683	384	1.7786	
PILOT-2017005493__C__gpt4o-mini__rep0.json	PILOT-2017005493	C	0	9	3063	2193	1167	384	3.0391	
PILOT-2017005493__C__gpt4o-mini__rep1.json	PILOT-2017005493	C	1	9	3063	1818	1712	384	4.4583	
PILOT-2017005493__C__gpt4o-mini__rep2.json	PILOT-2017005493	C	2	8	3063	1840	1494	384	3.8906	
PILOT-2017005493__C__gpt5.4__rep0.json	PILOT-2017005493	C	0	20	3063	3697	665	384	1.7318	
PILOT-2017005493__C__gpt5.4__rep1.json	PILOT-2017005493	C	1	20	3063	4037	992	384	2.5833	
PILOT-2017005493__C__gpt5.4__rep2.json	PILOT-2017005493	C	2	20	3063	3740	697	384	1.8151	
PILOT-2017005493__C__haiku4.5__rep0.json	PILOT-2017005493	C	0	20	3063	4592	1564	384	4.0729	
PILOT-2017005493__C__haiku4.5__rep1.json	PILOT-2017005493	C	1	20	3063	4753	1722	384	4.4844	
PILOT-2017005493__C__haiku4.5__rep2.json	PILOT-2017005493	C	2	20	3063	5154	2124	384	5.5312	
PILOT-2017005493__C__sonnet4__rep0.json	PILOT-2017005493	C	0	20	3063	4317	1651	384	4.2995	
PILOT-2017005493__C__sonnet4__rep1.json	PILOT-2017005493	C	1	20	3063	5203	2159	384	5.6224	
PILOT-2017005493__C__sonnet4__rep2.json	PILOT-2017005493	C	2	20	3063	4471	1422	384	3.7031	
PILOT-2017005493__D__gpt4o-mini__rep0.json	PILOT-2017005493	D	0	13	3063	3065	1004	384	2.6146	
PILOT-2017005493__D__gpt4o-mini__rep1.json	PILOT-2017005493	D	1	9	3063	2226	1174	384	3.0573	
PILOT-2017005493__D__gpt4o-mini__rep2.json	PILOT-2017005493	D	2	20	3063	3853	868	384	2.2604	
PILOT-2017005493__D__gpt5.4__rep0.json	PILOT-2017005493	D	0	20	3063	3110	939	384	2.4453	
PILOT-2017005493__D__gpt5.4__rep1.json	PILOT-2017005493	D	1	20	3063	3924	886	384	2.3073	
PILOT-2017005493__D__gpt5.4__rep2.json	PILOT-2017005493	D	2	20	3063	3984	946	384	2.4635	
PILOT-2017005493__D__haiku4.5__rep0.json	PILOT-2017005493	D	0	20	3063	4043	1238	384	3.224	
PILOT-2017005493__D__haiku4.5__rep1.json	PILOT-2017005493	D	1	20	3063	2731	1334	384	3.474	
PILOT-2017005493__D__haiku4.5__rep2.json	PILOT-2017005493	D	2	20	3063	3312	1114	384	2.901	
PILOT-2017005493__D__sonnet4__rep0.json	PILOT-2017005493	D	0	20	3063	4294	1286	384	3.349	
PILOT-2017005493__D__sonnet4__rep1.json	PILOT-2017005493	D	1	20	3063	3039	750	384	1.9531	
PILOT-2017005493__D__sonnet4__rep2.json	PILOT-2017005493	D	2	20	3063	4254	1304	384	3.3958	
PILOT-2017005493__E__gpt4o-mini__rep0.json	PILOT-2017005493	E	0	10	3063	2260	1253	384	3.263	
PILOT-2017005493__E__gpt4o-mini__rep1.json	PILOT-2017005493	E	1	9	3063	2264	1261	384	3.2839	
PILOT-2017005493__E__gpt4o-mini__rep2.json	PILOT-2017005493	E	2	20	3063	3206	212	384	0.5521	
PILOT-2017005493__E__gpt5.4__rep0.json	PILOT-2017005493	E	0	20	3063	3861	809	384	2.1068	
PILOT-2017005493__E__gpt5.4__rep1.json	PILOT-2017005493	E	1	20	3063	4006	961	384	2.5026	
PILOT-2017005493__E__gpt5.4__rep2.json	PILOT-2017005493	E	2	20	3063	3837	799	384	2.0807	
PILOT-2017005493__E__haiku4.5__rep0.json	PILOT-2017005493	E	0	20	3063	4412	1427	384	3.7161	
PILOT-2017005493__E__haiku4.5__rep1.json	PILOT-2017005493	E	1	20	3063	4431	1393	384	3.6276	
PILOT-2017005493__E__haiku4.5__rep2.json	PILOT-2017005493	E	2	20	3063	4720	1682	384	4.3802	
PILOT-2017005493__E__sonnet4__rep0.json	PILOT-2017005493	E	0	20	3063	3594	562	384	1.4635	
PILOT-2017005493__E__sonnet4__rep1.json	PILOT-2017005493	E	1	20	3063	4035	1151	384	2.9974	
PILOT-2017005493__E__sonnet4__rep2.json	PILOT-2017005493	E	2	20	3063	3468	536	384	1.3958	
PILOT-2017005493__F__gpt4o-mini__rep0.json	PILOT-2017005493	F	0	7	3063	1778	1492	384	3.8854	
PILOT-2017005493__F__gpt4o-mini__rep1.json	PILOT-2017005493	F	1	8	3063	2278	1250	384	3.2552	
PILOT-2017005493__F__gpt4o-mini__rep2.json	PILOT-2017005493	F	2	20	3063	3479	564	384	1.4688	
PILOT-2017005493__F__gpt5.4__rep0.json	PILOT-2017005493	F	0	20	3063	3911	875	384	2.2786	
PILOT-2017005493__F__gpt5.4__rep1.json	PILOT-2017005493	F	1	20	3063	3619	581	384	1.513	
PILOT-2017005493__F__gpt5.4__rep2.json	PILOT-2017005493	F	2	20	3063	3563	525	384	1.3672	
PILOT-2017005493__F__haiku4.5__rep0.json	PILOT-2017005493	F	0	20	3063	4140	1090	384	2.8385	
PILOT-2017005493__F__haiku4.5__rep1.json	PILOT-2017005493	F	1	20	3063	3116	1144	384	2.9792	
PILOT-2017005493__F__haiku4.5__rep2.json	PILOT-2017005493	F	2	20	3063	2705	1148	384	2.9896	
PILOT-2017005493__F__sonnet4__rep0.json	PILOT-2017005493	F	0	20	3063	3540	498	384	1.2969	
PILOT-2017005493__F__sonnet4__rep1.json	PILOT-2017005493	F	1	20	3063	3537	495	384	1.2891	
PILOT-2017005493__F__sonnet4__rep2.json	PILOT-2017005493	F	2	20	3063	3493	453	384	1.1797	
PILOT-2017005493__G__gpt4o-mini__rep0.json	PILOT-2017005493	G	0	9	3063	2417	1094	384	2.849	
PILOT-2017005493__G__gpt4o-mini__rep1.json	PILOT-2017005493	G	1	12	3063	3021	1116	384	2.9062	
PILOT-2017005493__G__gpt4o-mini__rep2.json	PILOT-2017005493	G	2	9	3063	2014	1339	384	3.487	
PILOT-2017005493__G__gpt5.4__rep0.json	PILOT-2017005493	G	0	20	3063	3326	289	384	0.7526	
PILOT-2017005493__G__gpt5.4__rep1.json	PILOT-2017005493	G	1	20	3063	4110	1074	384	2.7969	
PILOT-2017005493__G__gpt5.4__rep2.json	PILOT-2017005493	G	2	20	3063	3811	775	384	2.0182	
PILOT-2017005493__G__haiku4.5__rep0.json	PILOT-2017005493	G	0	20	3063	4000	1125	384	2.9297	
PILOT-2017005493__G__haiku4.5__rep1.json	PILOT-2017005493	G	1	20	3063	4467	1454	384	3.7865	
PILOT-2017005493__G__haiku4.5__rep2.json	PILOT-2017005493	G	2	20	3063	4623	1584	384	4.125	
PILOT-2017005493__G__sonnet4__rep0.json	PILOT-2017005493	G	0	20	3063	3518	571	384	1.487	
PILOT-2017005493__G__sonnet4__rep1.json	PILOT-2017005493	G	1	20	3063	3469	717	384	1.8672	
PILOT-2017005493__G__sonnet4__rep2.json	PILOT-2017005493	G	2	20	3063	4566	1573	384	4.0964	
PILOT-2017005493__baseline__gpt4o-mini__rep0.json	PILOT-2017005493	baseline	0	10	3063	2133	1393	384	3.6276	
PILOT-2017005493__baseline__gpt4o-mini__rep1.json	PILOT-2017005493	baseline	1	10	3063	2783	890	384	2.3177	
PILOT-2017005493__baseline__gpt4o-mini__rep2.json	PILOT-2017005493	baseline	2	9	3063	2216	1185	384	3.0859	
PILOT-2017005493__baseline__gpt5.4__rep0.json	PILOT-2017005493	baseline	0	20	3063	3519	483	384	1.2578	
PILOT-2017005493__baseline__gpt5.4__rep1.json	PILOT-2017005493	baseline	1	20	3063	3829	791	384	2.0599	
PILOT-2017005493__baseline__gpt5.4__rep2.json	PILOT-2017005493	baseline	2	20	3063	3894	842	384	2.1927	
PILOT-2017005493__baseline__haiku4.5__rep0.json	PILOT-2017005493	baseline	0	20	3063	4228	1346	384	3.5052	
PILOT-2017005493__baseline__haiku4.5__rep1.json	PILOT-2017005493	baseline	1	20	3063	4616	1586	384	4.1302	
PILOT-2017005493__baseline__haiku4.5__rep2.json	PILOT-2017005493	baseline	2	20	3063	4905	1897	384	4.9401	
PILOT-2017005493__baseline__sonnet4__rep0.json	PILOT-2017005493	baseline	0	20	3063	3460	570	384	1.4844	
PILOT-2017005493__baseline__sonnet4__rep1.json	PILOT-2017005493	baseline	1	20	3063	3946	898	384	2.3385	
PILOT-2017005493__baseline__sonnet4__rep2.json	PILOT-2017005493	baseline	2	20	3063	3508	597	384	1.5547	
PILOT-2017006188__A__gpt4o-mini__rep0.json	PILOT-2017006188	A	0	0			None		None	no_gen
PILOT-2017006188__A__gpt4o-mini__rep1.json	PILOT-2017006188	A	1	0			None		None	no_gen
PILOT-2017006188__A__gpt4o-mini__rep2.json	PILOT-2017006188	A	2	0			None		None	no_gen
PILOT-2017006188__A__gpt5.4__rep0.json	PILOT-2017006188	A	0	17	6996	3138	4282	552	7.7572	
PILOT-2017006188__A__gpt5.4__rep1.json	PILOT-2017006188	A	1	17	6996	2884	4283	552	7.7591	
PILOT-2017006188__A__gpt5.4__rep2.json	PILOT-2017006188	A	2	17	6996	2702	4421	552	8.0091	
PILOT-2017006188__A__haiku4.5__rep0.json	PILOT-2017006188	A	0	0			None		None	no_gen
PILOT-2017006188__A__haiku4.5__rep1.json	PILOT-2017006188	A	1	0			None		None	no_gen
PILOT-2017006188__A__haiku4.5__rep2.json	PILOT-2017006188	A	2	0			None		None	no_gen
PILOT-2017006188__A__sonnet4__rep0.json	PILOT-2017006188	A	0	0			None		None	no_gen
PILOT-2017006188__A__sonnet4__rep1.json	PILOT-2017006188	A	1	0			None		None	no_gen
PILOT-2017006188__A__sonnet4__rep2.json	PILOT-2017006188	A	2	0			None		None	no_gen
PILOT-2017006188__B__gpt4o-mini__rep0.json	PILOT-2017006188	B	0	0			None		None	no_gen
PILOT-2017006188__B__gpt4o-mini__rep1.json	PILOT-2017006188	B	1	0			None		None	no_gen
PILOT-2017006188__B__gpt4o-mini__rep2.json	PILOT-2017006188	B	2	0			None		None	no_gen
PILOT-2017006188__B__gpt5.4__rep0.json	PILOT-2017006188	B	0	16	6996	2751	4460	552	8.0797	
PILOT-2017006188__B__gpt5.4__rep1.json	PILOT-2017006188	B	1	16	6996	2865	4344	552	7.8696	
PILOT-2017006188__B__gpt5.4__rep2.json	PILOT-2017006188	B	2	16	6996	2618	4579	552	8.2953	
PILOT-2017006188__B__haiku4.5__rep0.json	PILOT-2017006188	B	0	0			None		None	no_gen
PILOT-2017006188__B__haiku4.5__rep1.json	PILOT-2017006188	B	1	0			None		None	no_gen
PILOT-2017006188__B__haiku4.5__rep2.json	PILOT-2017006188	B	2	0			None		None	no_gen
PILOT-2017006188__B__sonnet4__rep0.json	PILOT-2017006188	B	0	0			None		None	no_gen
PILOT-2017006188__B__sonnet4__rep1.json	PILOT-2017006188	B	1	0			None		None	no_gen
PILOT-2017006188__B__sonnet4__rep2.json	PILOT-2017006188	B	2	0			None		None	no_gen
PILOT-2017006188__C__gpt4o-mini__rep0.json	PILOT-2017006188	C	0	0			None		None	no_gen
PILOT-2017006188__C__gpt4o-mini__rep1.json	PILOT-2017006188	C	1	0			None		None	no_gen
PILOT-2017006188__C__gpt4o-mini__rep2.json	PILOT-2017006188	C	2	0			None		None	no_gen
PILOT-2017006188__C__gpt5.4__rep0.json	PILOT-2017006188	C	0	18	6996	3526	3807	552	6.8967	
PILOT-2017006188__C__gpt5.4__rep1.json	PILOT-2017006188	C	1	17	6996	3190	4171	552	7.5562	
PILOT-2017006188__C__gpt5.4__rep2.json	PILOT-2017006188	C	2	17	6996	3066	4290	552	7.7717	
PILOT-2017006188__C__haiku4.5__rep0.json	PILOT-2017006188	C	0	0			None		None	no_gen
PILOT-2017006188__C__haiku4.5__rep1.json	PILOT-2017006188	C	1	0			None		None	no_gen
PILOT-2017006188__C__haiku4.5__rep2.json	PILOT-2017006188	C	2	0			None		None	no_gen
PILOT-2017006188__C__sonnet4__rep0.json	PILOT-2017006188	C	0	0			None		None	no_gen
PILOT-2017006188__C__sonnet4__rep1.json	PILOT-2017006188	C	1	0			None		None	no_gen
PILOT-2017006188__C__sonnet4__rep2.json	PILOT-2017006188	C	2	16	6996	2804	4389	552	7.9511	
PILOT-2017006188__D__gpt4o-mini__rep0.json	PILOT-2017006188	D	0	0			None		None	no_gen
PILOT-2017006188__D__gpt4o-mini__rep1.json	PILOT-2017006188	D	1	0			None		None	no_gen
PILOT-2017006188__D__gpt4o-mini__rep2.json	PILOT-2017006188	D	2	0			None		None	no_gen
PILOT-2017006188__D__gpt5.4__rep0.json	PILOT-2017006188	D	0	16	6996	2878	4364	552	7.9058	
PILOT-2017006188__D__gpt5.4__rep1.json	PILOT-2017006188	D	1	17	6996	2861	4243	552	7.6866	
PILOT-2017006188__D__gpt5.4__rep2.json	PILOT-2017006188	D	2	17	6996	3255	4175	552	7.5634	
PILOT-2017006188__D__haiku4.5__rep0.json	PILOT-2017006188	D	0	0			None		None	no_gen
PILOT-2017006188__D__haiku4.5__rep1.json	PILOT-2017006188	D	1	0			None		None	no_gen
PILOT-2017006188__D__haiku4.5__rep2.json	PILOT-2017006188	D	2	0			None		None	no_gen
PILOT-2017006188__D__sonnet4__rep0.json	PILOT-2017006188	D	0	0			None		None	no_gen
PILOT-2017006188__D__sonnet4__rep1.json	PILOT-2017006188	D	1	0			None		None	no_gen
PILOT-2017006188__D__sonnet4__rep2.json	PILOT-2017006188	D	2	0			None		None	no_gen
PILOT-2017006188__E__gpt4o-mini__rep0.json	PILOT-2017006188	E	0	0			None		None	no_gen
PILOT-2017006188__E__gpt4o-mini__rep1.json	PILOT-2017006188	E	1	0			None		None	no_gen
PILOT-2017006188__E__gpt4o-mini__rep2.json	PILOT-2017006188	E	2	0			None		None	no_gen
PILOT-2017006188__E__gpt5.4__rep0.json	PILOT-2017006188	E	0	17	6996	3209	4155	552	7.5272	
PILOT-2017006188__E__gpt5.4__rep1.json	PILOT-2017006188	E	1	16	6996	2933	4282	552	7.7572	
PILOT-2017006188__E__gpt5.4__rep2.json	PILOT-2017006188	E	2	17	6996	2629	4523	552	8.1938	
PILOT-2017006188__E__haiku4.5__rep0.json	PILOT-2017006188	E	0	0			None		None	no_gen
PILOT-2017006188__E__haiku4.5__rep1.json	PILOT-2017006188	E	1	0			None		None	no_gen
PILOT-2017006188__E__haiku4.5__rep2.json	PILOT-2017006188	E	2	0			None		None	no_gen
PILOT-2017006188__E__sonnet4__rep0.json	PILOT-2017006188	E	0	0			None		None	no_gen
PILOT-2017006188__E__sonnet4__rep1.json	PILOT-2017006188	E	1	0			None		None	no_gen
PILOT-2017006188__E__sonnet4__rep2.json	PILOT-2017006188	E	2	0			None		None	no_gen
PILOT-2017006188__F__gpt4o-mini__rep0.json	PILOT-2017006188	F	0	0			None		None	no_gen
PILOT-2017006188__F__gpt4o-mini__rep1.json	PILOT-2017006188	F	1	0			None		None	no_gen
PILOT-2017006188__F__gpt4o-mini__rep2.json	PILOT-2017006188	F	2	0			None		None	no_gen
PILOT-2017006188__F__gpt5.4__rep0.json	PILOT-2017006188	F	0	17	6996	2780	4380	552	7.9348	
PILOT-2017006188__F__gpt5.4__rep1.json	PILOT-2017006188	F	1	17	6996	3146	4198	552	7.6051	
PILOT-2017006188__F__gpt5.4__rep2.json	PILOT-2017006188	F	2	17	6996	2774	4363	552	7.904	
PILOT-2017006188__F__haiku4.5__rep0.json	PILOT-2017006188	F	0	0			None		None	no_gen
PILOT-2017006188__F__haiku4.5__rep1.json	PILOT-2017006188	F	1	0			None		None	no_gen
PILOT-2017006188__F__haiku4.5__rep2.json	PILOT-2017006188	F	2	0			None		None	no_gen
PILOT-2017006188__F__sonnet4__rep0.json	PILOT-2017006188	F	0	0			None		None	no_gen
PILOT-2017006188__F__sonnet4__rep1.json	PILOT-2017006188	F	1	0			None		None	no_gen
PILOT-2017006188__F__sonnet4__rep2.json	PILOT-2017006188	F	2	0			None		None	no_gen
PILOT-2017006188__G__gpt4o-mini__rep0.json	PILOT-2017006188	G	0	0			None		None	no_gen
PILOT-2017006188__G__gpt4o-mini__rep1.json	PILOT-2017006188	G	1	0			None		None	no_gen
PILOT-2017006188__G__gpt4o-mini__rep2.json	PILOT-2017006188	G	2	0			None		None	no_gen
PILOT-2017006188__G__gpt5.4__rep0.json	PILOT-2017006188	G	0	17	6996	3094	4178	552	7.5688	
PILOT-2017006188__G__gpt5.4__rep1.json	PILOT-2017006188	G	1	17	6996	3170	4129	552	7.4801	
PILOT-2017006188__G__gpt5.4__rep2.json	PILOT-2017006188	G	2	16	6996	3713	4120	552	7.4638	
PILOT-2017006188__G__haiku4.5__rep0.json	PILOT-2017006188	G	0	0			None		None	no_gen
PILOT-2017006188__G__haiku4.5__rep1.json	PILOT-2017006188	G	1	0			None		None	no_gen
PILOT-2017006188__G__haiku4.5__rep2.json	PILOT-2017006188	G	2	0			None		None	no_gen
PILOT-2017006188__G__sonnet4__rep0.json	PILOT-2017006188	G	0	16	6996	3742	4303	552	7.7953	
PILOT-2017006188__G__sonnet4__rep1.json	PILOT-2017006188	G	1	16	6996	3669	4307	552	7.8025	
PILOT-2017006188__G__sonnet4__rep2.json	PILOT-2017006188	G	2	16	6996	3221	4324	552	7.8333	
PILOT-2017006188__baseline__gpt4o-mini__rep0.json	PILOT-2017006188	baseline	0	0			None		None	no_gen
PILOT-2017006188__baseline__gpt4o-mini__rep1.json	PILOT-2017006188	baseline	1	0			None		None	no_gen
PILOT-2017006188__baseline__gpt4o-mini__rep2.json	PILOT-2017006188	baseline	2	0			None		None	no_gen
PILOT-2017006188__baseline__gpt5.4__rep0.json	PILOT-2017006188	baseline	0	17	6996	3133	4198	552	7.6051	
PILOT-2017006188__baseline__gpt5.4__rep1.json	PILOT-2017006188	baseline	1	17	6996	3016	4328	552	7.8406	
PILOT-2017006188__baseline__gpt5.4__rep2.json	PILOT-2017006188	baseline	2	17	6996	2917	4321	552	7.8279	
PILOT-2017006188__baseline__haiku4.5__rep0.json	PILOT-2017006188	baseline	0	0			None		None	no_gen
PILOT-2017006188__baseline__haiku4.5__rep1.json	PILOT-2017006188	baseline	1	0			None		None	no_gen
PILOT-2017006188__baseline__haiku4.5__rep2.json	PILOT-2017006188	baseline	2	0			None		None	no_gen
PILOT-2017006188__baseline__sonnet4__rep0.json	PILOT-2017006188	baseline	0	0			None		None	no_gen
PILOT-2017006188__baseline__sonnet4__rep1.json	PILOT-2017006188	baseline	1	0			None		None	no_gen
PILOT-2017006188__baseline__sonnet4__rep2.json	PILOT-2017006188	baseline	2	0			None		None	no_gen
PILOT-2017007272__A__gpt4o-mini__rep0.json	PILOT-2017007272	A	0	11	2559	1207	1481	435	3.4046	
PILOT-2017007272__A__gpt4o-mini__rep1.json	PILOT-2017007272	A	1	8	2559	1300	1390	435	3.1954	
PILOT-2017007272__A__gpt4o-mini__rep2.json	PILOT-2017007272	A	2	14	2559	1250	1394	435	3.2046	
PILOT-2017007272__A__gpt5.4__rep0.json	PILOT-2017007272	A	0	20	2559	2715	521	435	1.1977	
PILOT-2017007272__A__gpt5.4__rep1.json	PILOT-2017007272	A	1	11	2559	1552	1225	435	2.8161	
PILOT-2017007272__A__gpt5.4__rep2.json	PILOT-2017007272	A	2	11	2559	1594	1253	435	2.8805	
PILOT-2017007272__A__haiku4.5__rep0.json	PILOT-2017007272	A	0	14	2559	1619	1213	435	2.7885	
PILOT-2017007272__A__haiku4.5__rep1.json	PILOT-2017007272	A	1	14	2559	1871	1080	435	2.4828	
PILOT-2017007272__A__haiku4.5__rep2.json	PILOT-2017007272	A	2	12	2559	1389	1343	435	3.0874	
PILOT-2017007272__A__sonnet4__rep0.json	PILOT-2017007272	A	0	20	2559	2605	429	435	0.9862	
PILOT-2017007272__A__sonnet4__rep1.json	PILOT-2017007272	A	1	20	2559	2672	393	435	0.9034	
PILOT-2017007272__A__sonnet4__rep2.json	PILOT-2017007272	A	2	20	2559	2662	392	435	0.9011	
PILOT-2017007272__B__gpt4o-mini__rep0.json	PILOT-2017007272	B	0	9	2559	1562	1286	435	2.9563	
PILOT-2017007272__B__gpt4o-mini__rep1.json	PILOT-2017007272	B	1	9	2559	1576	1269	435	2.9172	
PILOT-2017007272__B__gpt4o-mini__rep2.json	PILOT-2017007272	B	2	9	2559	1613	1255	435	2.8851	
PILOT-2017007272__B__gpt5.4__rep0.json	PILOT-2017007272	B	0	11	2559	1896	1193	435	2.7425	
PILOT-2017007272__B__gpt5.4__rep1.json	PILOT-2017007272	B	1	11	2559	1704	1147	435	2.6368	
PILOT-2017007272__B__gpt5.4__rep2.json	PILOT-2017007272	B	2	11	2559	1809	1204	435	2.7678	
PILOT-2017007272__B__haiku4.5__rep0.json	PILOT-2017007272	B	0	20	2559	2634	336	435	0.7724	
PILOT-2017007272__B__haiku4.5__rep1.json	PILOT-2017007272	B	1	20	2559	2754	494	435	1.1356	
PILOT-2017007272__B__haiku4.5__rep2.json	PILOT-2017007272	B	2	20	2559	2936	619	435	1.423	
PILOT-2017007272__B__sonnet4__rep0.json	PILOT-2017007272	B	0	20	2559	2921	720	435	1.6552	
PILOT-2017007272__B__sonnet4__rep1.json	PILOT-2017007272	B	1	20	2559	3228	829	435	1.9057	
PILOT-2017007272__B__sonnet4__rep2.json	PILOT-2017007272	B	2	20	2559	3052	627	435	1.4414	
PILOT-2017007272__C__gpt4o-mini__rep0.json	PILOT-2017007272	C	0	9	2559	1464	1286	435	2.9563	
PILOT-2017007272__C__gpt4o-mini__rep1.json	PILOT-2017007272	C	1	9	2559	1501	1298	435	2.9839	
PILOT-2017007272__C__gpt4o-mini__rep2.json	PILOT-2017007272	C	2	9	2559	1475	1242	435	2.8552	
PILOT-2017007272__C__gpt5.4__rep0.json	PILOT-2017007272	C	0	20	2559	2681	355	435	0.8161	
PILOT-2017007272__C__gpt5.4__rep1.json	PILOT-2017007272	C	1	20	2559	2475	273	435	0.6276	
PILOT-2017007272__C__gpt5.4__rep2.json	PILOT-2017007272	C	2	11	2559	1682	1210	435	2.7816	
PILOT-2017007272__C__haiku4.5__rep0.json	PILOT-2017007272	C	0	20	2559	2559	936	435	2.1517	
PILOT-2017007272__C__haiku4.5__rep1.json	PILOT-2017007272	C	1	20	2559	1987	947	435	2.177	
PILOT-2017007272__C__haiku4.5__rep2.json	PILOT-2017007272	C	2	20	2559	2534	837	435	1.9241	
PILOT-2017007272__C__sonnet4__rep0.json	PILOT-2017007272	C	0	20	2559	2074	857	435	1.9701	
PILOT-2017007272__C__sonnet4__rep1.json	PILOT-2017007272	C	1	20	2559	2342	1061	435	2.4391	
PILOT-2017007272__C__sonnet4__rep2.json	PILOT-2017007272	C	2	20	2559	2133	853	435	1.9609	
PILOT-2017007272__D__gpt4o-mini__rep0.json	PILOT-2017007272	D	0	10	2559	1098	1548	435	3.5586	
PILOT-2017007272__D__gpt4o-mini__rep1.json	PILOT-2017007272	D	1	10	2559	1067	1566	435	3.6	
PILOT-2017007272__D__gpt4o-mini__rep2.json	PILOT-2017007272	D	2	11	2559	1725	1033	435	2.3747	
PILOT-2017007272__D__gpt5.4__rep0.json	PILOT-2017007272	D	0	13	2559	2040	1031	435	2.3701	
PILOT-2017007272__D__gpt5.4__rep1.json	PILOT-2017007272	D	1	14	2559	2204	988	435	2.2713	
PILOT-2017007272__D__gpt5.4__rep2.json	PILOT-2017007272	D	2	12	2559	1500	1190	435	2.7356	
PILOT-2017007272__D__haiku4.5__rep0.json	PILOT-2017007272	D	0	20	2559	1534	1337	435	3.0736	
PILOT-2017007272__D__haiku4.5__rep1.json	PILOT-2017007272	D	1	14	2559	1623	1398	435	3.2138	
PILOT-2017007272__D__haiku4.5__rep2.json	PILOT-2017007272	D	2	20	2559	1570	1269	435	2.9172	
PILOT-2017007272__D__sonnet4__rep0.json	PILOT-2017007272	D	0	20	2559	2412	1085	435	2.4943	
PILOT-2017007272__D__sonnet4__rep1.json	PILOT-2017007272	D	1	20	2559	2419	1135	435	2.6092	
PILOT-2017007272__D__sonnet4__rep2.json	PILOT-2017007272	D	2	20	2559	2439	1136	435	2.6115	
PILOT-2017007272__E__gpt4o-mini__rep0.json	PILOT-2017007272	E	0	14	2559	2330	853	435	1.9609	
PILOT-2017007272__E__gpt4o-mini__rep1.json	PILOT-2017007272	E	1	7	2559	1193	1482	435	3.4069	
PILOT-2017007272__E__gpt4o-mini__rep2.json	PILOT-2017007272	E	2	9	2559	1654	1270	435	2.9195	
PILOT-2017007272__E__gpt5.4__rep0.json	PILOT-2017007272	E	0	14	2559	1889	972	435	2.2345	
PILOT-2017007272__E__gpt5.4__rep1.json	PILOT-2017007272	E	1	20	2559	2914	649	435	1.492	
PILOT-2017007272__E__gpt5.4__rep2.json	PILOT-2017007272	E	2	20	2559	2477	274	435	0.6299	
PILOT-2017007272__E__haiku4.5__rep0.json	PILOT-2017007272	E	0	20	2559	2211	932	435	2.1425	
PILOT-2017007272__E__haiku4.5__rep1.json	PILOT-2017007272	E	1	20	2559	2805	540	435	1.2414	
PILOT-2017007272__E__haiku4.5__rep2.json	PILOT-2017007272	E	2	20	2559	1700	1489	435	3.423	
PILOT-2017007272__E__sonnet4__rep0.json	PILOT-2017007272	E	0	20	2559	2203	947	435	2.177	
PILOT-2017007272__E__sonnet4__rep1.json	PILOT-2017007272	E	1	20	2559	2404	452	435	1.0391	
PILOT-2017007272__E__sonnet4__rep2.json	PILOT-2017007272	E	2	20	2559	2665	729	435	1.6759	
PILOT-2017007272__F__gpt4o-mini__rep0.json	PILOT-2017007272	F	0	9	2559	1426	1341	435	3.0828	
PILOT-2017007272__F__gpt4o-mini__rep1.json	PILOT-2017007272	F	1	11	2559	1892	1036	435	2.3816	
PILOT-2017007272__F__gpt4o-mini__rep2.json	PILOT-2017007272	F	2	13	2559	2158	1019	435	2.3425	
PILOT-2017007272__F__gpt5.4__rep0.json	PILOT-2017007272	F	0	13	2559	1914	898	435	2.0644	
PILOT-2017007272__F__gpt5.4__rep1.json	PILOT-2017007272	F	1	20	2559	2542	422	435	0.9701	
PILOT-2017007272__F__gpt5.4__rep2.json	PILOT-2017007272	F	2	13	2559	1786	928	435	2.1333	
PILOT-2017007272__F__haiku4.5__rep0.json	PILOT-2017007272	F	0	20	2559	2334	701	435	1.6115	
PILOT-2017007272__F__haiku4.5__rep1.json	PILOT-2017007272	F	1	20	2559	2385	745	435	1.7126	
PILOT-2017007272__F__haiku4.5__rep2.json	PILOT-2017007272	F	2	20	2559	1530	1286	435	2.9563	
PILOT-2017007272__F__sonnet4__rep0.json	PILOT-2017007272	F	0	20	2559	2513	1116	435	2.5655	
PILOT-2017007272__F__sonnet4__rep1.json	PILOT-2017007272	F	1	20	2559	2407	1089	435	2.5034	
PILOT-2017007272__F__sonnet4__rep2.json	PILOT-2017007272	F	2	20	2559	2869	381	435	0.8759	
PILOT-2017007272__G__gpt4o-mini__rep0.json	PILOT-2017007272	G	0	9	2559	1481	1236	435	2.8414	
PILOT-2017007272__G__gpt4o-mini__rep1.json	PILOT-2017007272	G	1	9	2559	1603	1269	435	2.9172	
PILOT-2017007272__G__gpt4o-mini__rep2.json	PILOT-2017007272	G	2	9	2559	1406	1285	435	2.954	
PILOT-2017007272__G__gpt5.4__rep0.json	PILOT-2017007272	G	0	13	2559	1753	1038	435	2.3862	
PILOT-2017007272__G__gpt5.4__rep1.json	PILOT-2017007272	G	1	11	2559	1843	1260	435	2.8966	
PILOT-2017007272__G__gpt5.4__rep2.json	PILOT-2017007272	G	2	11	2559	1629	1185	435	2.7241	
PILOT-2017007272__G__haiku4.5__rep0.json	PILOT-2017007272	G	0	20	2559	1733	1321	435	3.0368	
PILOT-2017007272__G__haiku4.5__rep1.json	PILOT-2017007272	G	1	20	2559	2203	968	435	2.2253	
PILOT-2017007272__G__haiku4.5__rep2.json	PILOT-2017007272	G	2	20	2559	1298	1413	435	3.2483	
PILOT-2017007272__G__sonnet4__rep0.json	PILOT-2017007272	G	0	20	2559	2787	340	435	0.7816	
PILOT-2017007272__G__sonnet4__rep1.json	PILOT-2017007272	G	1	20	2559	2797	688	435	1.5816	
PILOT-2017007272__G__sonnet4__rep2.json	PILOT-2017007272	G	2	20	2559	2635	263	435	0.6046	
PILOT-2017007272__baseline__gpt4o-mini__rep0.json	PILOT-2017007272	baseline	0	9	2559	1520	1298	435	2.9839	
PILOT-2017007272__baseline__gpt4o-mini__rep1.json	PILOT-2017007272	baseline	1	9	2559	1571	1282	435	2.9471	
PILOT-2017007272__baseline__gpt4o-mini__rep2.json	PILOT-2017007272	baseline	2	9	2559	1518	1269	435	2.9172	
PILOT-2017007272__baseline__gpt5.4__rep0.json	PILOT-2017007272	baseline	0	20	2559	2577	252	435	0.5793	
PILOT-2017007272__baseline__gpt5.4__rep1.json	PILOT-2017007272	baseline	1	14	2559	1976	914	435	2.1011	
PILOT-2017007272__baseline__gpt5.4__rep2.json	PILOT-2017007272	baseline	2	20	2559	2685	467	435	1.0736	
PILOT-2017007272__baseline__haiku4.5__rep0.json	PILOT-2017007272	baseline	0	20	2559	1897	1121	435	2.577	
PILOT-2017007272__baseline__haiku4.5__rep1.json	PILOT-2017007272	baseline	1	20	2559	2596	898	435	2.0644	
PILOT-2017007272__baseline__haiku4.5__rep2.json	PILOT-2017007272	baseline	2	20	2559	2522	734	435	1.6874	
PILOT-2017007272__baseline__sonnet4__rep0.json	PILOT-2017007272	baseline	0	20	2559	1934	1093	435	2.5126	
PILOT-2017007272__baseline__sonnet4__rep1.json	PILOT-2017007272	baseline	1	20	2559	2086	1070	435	2.4598	
PILOT-2017007272__baseline__sonnet4__rep2.json	PILOT-2017007272	baseline	2	20	2559	1968	947	435	2.177	
PILOT-2017007595__A__gpt4o-mini__rep0.json	PILOT-2017007595	A	0	5	11101	1918	9248	3372	2.7426	
PILOT-2017007595__A__gpt4o-mini__rep1.json	PILOT-2017007595	A	1	5	11101	1968	9214	3372	2.7325	
PILOT-2017007595__A__gpt4o-mini__rep2.json	PILOT-2017007595	A	2	5	11101	1953	9221	3372	2.7346	
PILOT-2017007595__A__gpt5.4__rep0.json	PILOT-2017007595	A	0	42	11101	12459	1495	3372	0.4434	
PILOT-2017007595__A__gpt5.4__rep1.json	PILOT-2017007595	A	1	42	11101	11625	757	3372	0.2245	
PILOT-2017007595__A__gpt5.4__rep2.json	PILOT-2017007595	A	2	42	11101	12635	1746	3372	0.5178	
PILOT-2017007595__A__haiku4.5__rep0.json	PILOT-2017007595	A	0	42	11101	7783	5943	3372	1.7625	
PILOT-2017007595__A__haiku4.5__rep1.json	PILOT-2017007595	A	1	42	11101	11997	1261	3372	0.374	
PILOT-2017007595__A__haiku4.5__rep2.json	PILOT-2017007595	A	2	42	11101	7103	6399	3372	1.8977	
PILOT-2017007595__A__sonnet4__rep0.json	PILOT-2017007595	A	0	42	11101	11413	761	3372	0.2257	
PILOT-2017007595__A__sonnet4__rep1.json	PILOT-2017007595	A	1	42	11101	11400	748	3372	0.2218	
PILOT-2017007595__A__sonnet4__rep2.json	PILOT-2017007595	A	2	42	11101	11510	878	3372	0.2604	
PILOT-2017007595__B__gpt4o-mini__rep0.json	PILOT-2017007595	B	0	42	11101	11213	329	3372	0.0976	
PILOT-2017007595__B__gpt4o-mini__rep1.json	PILOT-2017007595	B	1	42	11101	11106	243	3372	0.0721	
PILOT-2017007595__B__gpt4o-mini__rep2.json	PILOT-2017007595	B	2	42	11101	11148	285	3372	0.0845	
PILOT-2017007595__B__gpt5.4__rep0.json	PILOT-2017007595	B	0	42	11101	13317	2390	3372	0.7088	
PILOT-2017007595__B__gpt5.4__rep1.json	PILOT-2017007595	B	1	42	11101	12139	1682	3372	0.4988	
PILOT-2017007595__B__gpt5.4__rep2.json	PILOT-2017007595	B	2	42	11101	12050	1842	3372	0.5463	
PILOT-2017007595__B__haiku4.5__rep0.json	PILOT-2017007595	B	0	42	11101	5704	6410	3372	1.9009	
PILOT-2017007595__B__haiku4.5__rep1.json	PILOT-2017007595	B	1	42	11101	5618	6296	3372	1.8671	
PILOT-2017007595__B__haiku4.5__rep2.json	PILOT-2017007595	B	2	42	11101	5606	6284	3372	1.8636	
PILOT-2017007595__B__sonnet4__rep0.json	PILOT-2017007595	B	0	42	11101	11834	943	3372	0.2797	
PILOT-2017007595__B__sonnet4__rep1.json	PILOT-2017007595	B	1	42	11101	11761	870	3372	0.258	
PILOT-2017007595__B__sonnet4__rep2.json	PILOT-2017007595	B	2	42	11101	11760	871	3372	0.2583	
PILOT-2017007595__C__gpt4o-mini__rep0.json	PILOT-2017007595	C	0	5	11101	2128	9067	3372	2.6889	
PILOT-2017007595__C__gpt4o-mini__rep1.json	PILOT-2017007595	C	1	5	11101	2166	9051	3372	2.6842	
PILOT-2017007595__C__gpt4o-mini__rep2.json	PILOT-2017007595	C	2	5	11101	2435	8774	3372	2.602	
PILOT-2017007595__C__gpt5.4__rep0.json	PILOT-2017007595	C	0	42	11101	12223	1299	3372	0.3852	
PILOT-2017007595__C__gpt5.4__rep1.json	PILOT-2017007595	C	1	42	11101	12092	1138	3372	0.3375	
PILOT-2017007595__C__gpt5.4__rep2.json	PILOT-2017007595	C	2	42	11101	12475	1550	3372	0.4597	
PILOT-2017007595__C__haiku4.5__rep0.json	PILOT-2017007595	C	0	42	11101	12303	1490	3372	0.4419	
PILOT-2017007595__C__haiku4.5__rep1.json	PILOT-2017007595	C	1	42	11101	3901	7704	3372	2.2847	
PILOT-2017007595__C__haiku4.5__rep2.json	PILOT-2017007595	C	2	42	11101	3784	7786	3372	2.309	
PILOT-2017007595__C__sonnet4__rep0.json	PILOT-2017007595	C	0	42	11101	11422	555	3372	0.1646	
PILOT-2017007595__C__sonnet4__rep1.json	PILOT-2017007595	C	1	42	11101	11888	1104	3372	0.3274	
PILOT-2017007595__C__sonnet4__rep2.json	PILOT-2017007595	C	2	42	11101	12136	1269	3372	0.3763	
PILOT-2017007595__D__gpt4o-mini__rep0.json	PILOT-2017007595	D	0	5	11101	2128	9067	3372	2.6889	
PILOT-2017007595__D__gpt4o-mini__rep1.json	PILOT-2017007595	D	1	5	11101	2128	9067	3372	2.6889	
PILOT-2017007595__D__gpt4o-mini__rep2.json	PILOT-2017007595	D	2	5	11101	2123	9070	3372	2.6898	
PILOT-2017007595__D__gpt5.4__rep0.json	PILOT-2017007595	D	0	42	11101	12077	1153	3372	0.3419	
PILOT-2017007595__D__gpt5.4__rep1.json	PILOT-2017007595	D	1	42	11101	11254	1203	3372	0.3568	
PILOT-2017007595__D__gpt5.4__rep2.json	PILOT-2017007595	D	2	42	11101	12490	1548	3372	0.4591	
PILOT-2017007595__D__haiku4.5__rep0.json	PILOT-2017007595	D	0	42	11101	2978	8368	3372	2.4816	
PILOT-2017007595__D__haiku4.5__rep1.json	PILOT-2017007595	D	1	42	11101	3207	8202	3372	2.4324	
PILOT-2017007595__D__haiku4.5__rep2.json	PILOT-2017007595	D	2	42	11101	3876	7723	3372	2.2903	
PILOT-2017007595__D__sonnet4__rep0.json	PILOT-2017007595	D	0	42	11101	11959	1067	3372	0.3164	
PILOT-2017007595__D__sonnet4__rep1.json	PILOT-2017007595	D	1	42	11101	11827	1057	3372	0.3135	
PILOT-2017007595__D__sonnet4__rep2.json	PILOT-2017007595	D	2	42	11101	12402	1508	3372	0.4472	
PILOT-2017007595__E__gpt4o-mini__rep0.json	PILOT-2017007595	E	0	5	11101	2148	9060	3372	2.6868	
PILOT-2017007595__E__gpt4o-mini__rep1.json	PILOT-2017007595	E	1	5	11101	2121	9072	3372	2.6904	
PILOT-2017007595__E__gpt4o-mini__rep2.json	PILOT-2017007595	E	2	5	11101	2420	8780	3372	2.6038	
PILOT-2017007595__E__gpt5.4__rep0.json	PILOT-2017007595	E	0	42	11101	12070	1123	3372	0.333	
PILOT-2017007595__E__gpt5.4__rep1.json	PILOT-2017007595	E	1	42	11101	12035	1088	3372	0.3227	
PILOT-2017007595__E__gpt5.4__rep2.json	PILOT-2017007595	E	2	42	11101	12045	1098	3372	0.3256	
PILOT-2017007595__E__haiku4.5__rep0.json	PILOT-2017007595	E	0	42	11101	3088	8292	3372	2.4591	
PILOT-2017007595__E__haiku4.5__rep1.json	PILOT-2017007595	E	1	42	11101	3873	7732	3372	2.293	
PILOT-2017007595__E__haiku4.5__rep2.json	PILOT-2017007595	E	2	42	11101	3863	7739	3372	2.2951	
PILOT-2017007595__E__sonnet4__rep0.json	PILOT-2017007595	E	0	42	11101	11562	680	3372	0.2017	
PILOT-2017007595__E__sonnet4__rep1.json	PILOT-2017007595	E	1	42	11101	11298	431	3372	0.1278	
PILOT-2017007595__E__sonnet4__rep2.json	PILOT-2017007595	E	2	42	11101	11562	680	3372	0.2017	
PILOT-2017007595__F__gpt4o-mini__rep0.json	PILOT-2017007595	F	0	5	11101	2420	8780	3372	2.6038	
PILOT-2017007595__F__gpt4o-mini__rep1.json	PILOT-2017007595	F	1	5	11101	2420	8780	3372	2.6038	
PILOT-2017007595__F__gpt4o-mini__rep2.json	PILOT-2017007595	F	2	5	11101	2121	9071	3372	2.6901	
PILOT-2017007595__F__gpt5.4__rep0.json	PILOT-2017007595	F	0	42	11101	12539	1594	3372	0.4727	
PILOT-2017007595__F__gpt5.4__rep1.json	PILOT-2017007595	F	1	42	11101	12090	1143	3372	0.339	
PILOT-2017007595__F__gpt5.4__rep2.json	PILOT-2017007595	F	2	42	11101	12120	1173	3372	0.3479	
PILOT-2017007595__F__haiku4.5__rep0.json	PILOT-2017007595	F	0	42	11101	3155	8231	3372	2.441	
PILOT-2017007595__F__haiku4.5__rep1.json	PILOT-2017007595	F	1	42	11101	3148	8260	3372	2.4496	
PILOT-2017007595__F__haiku4.5__rep2.json	PILOT-2017007595	F	2	42	11101	3830	7757	3372	2.3004	
PILOT-2017007595__F__sonnet4__rep0.json	PILOT-2017007595	F	0	42	11101	11790	1000	3372	0.2966	
PILOT-2017007595__F__sonnet4__rep1.json	PILOT-2017007595	F	1	42	11101	12035	1142	3372	0.3387	
PILOT-2017007595__F__sonnet4__rep2.json	PILOT-2017007595	F	2	42	11101	11432	627	3372	0.1859	
PILOT-2017007595__G__gpt4o-mini__rep0.json	PILOT-2017007595	G	0	6	11101	2651	8627	3372	2.5584	
PILOT-2017007595__G__gpt4o-mini__rep1.json	PILOT-2017007595	G	1	5	11101	2121	9071	3372	2.6901	
PILOT-2017007595__G__gpt4o-mini__rep2.json	PILOT-2017007595	G	2	6	11101	2624	8633	3372	2.5602	
PILOT-2017007595__G__gpt5.4__rep0.json	PILOT-2017007595	G	0	42	11101	11882	959	3372	0.2844	
PILOT-2017007595__G__gpt5.4__rep1.json	PILOT-2017007595	G	1	42	11101	11688	761	3372	0.2257	
PILOT-2017007595__G__gpt5.4__rep2.json	PILOT-2017007595	G	2	42	11101	11145	2006	3372	0.5949	
PILOT-2017007595__G__haiku4.5__rep0.json	PILOT-2017007595	G	0	42	11101	3547	7855	3372	2.3295	
PILOT-2017007595__G__haiku4.5__rep1.json	PILOT-2017007595	G	1	42	11101	2969	8371	3372	2.4825	
PILOT-2017007595__G__haiku4.5__rep2.json	PILOT-2017007595	G	2	42	11101	4861	7189	3372	2.132	
PILOT-2017007595__G__sonnet4__rep0.json	PILOT-2017007595	G	0	42	11101	11781	892	3372	0.2645	
PILOT-2017007595__G__sonnet4__rep1.json	PILOT-2017007595	G	1	42	11101	11970	1081	3372	0.3206	
PILOT-2017007595__G__sonnet4__rep2.json	PILOT-2017007595	G	2	42	11101	11859	970	3372	0.2877	
PILOT-2017007595__baseline__gpt4o-mini__rep0.json	PILOT-2017007595	baseline	0	5	11101	2121	9071	3372	2.6901	
PILOT-2017007595__baseline__gpt4o-mini__rep1.json	PILOT-2017007595	baseline	1	5	11101	2123	9070	3372	2.6898	
PILOT-2017007595__baseline__gpt4o-mini__rep2.json	PILOT-2017007595	baseline	2	5	11101	2127	9032	3372	2.6785	
PILOT-2017007595__baseline__gpt5.4__rep0.json	PILOT-2017007595	baseline	0	42	11101	12102	1175	3372	0.3485	
PILOT-2017007595__baseline__gpt5.4__rep1.json	PILOT-2017007595	baseline	1	42	11101	12141	1194	3372	0.3541	
PILOT-2017007595__baseline__gpt5.4__rep2.json	PILOT-2017007595	baseline	2	42	11101	12054	1107	3372	0.3283	
PILOT-2017007595__baseline__haiku4.5__rep0.json	PILOT-2017007595	baseline	0	42	11101	3779	7774	3372	2.3055	
PILOT-2017007595__baseline__haiku4.5__rep1.json	PILOT-2017007595	baseline	1	42	11101	3215	8229	3372	2.4404	
PILOT-2017007595__baseline__haiku4.5__rep2.json	PILOT-2017007595	baseline	2	42	11101	3605	7853	3372	2.3289	
PILOT-2017007595__baseline__sonnet4__rep0.json	PILOT-2017007595	baseline	0	42	11101	12433	1570	3372	0.4656	
PILOT-2017007595__baseline__sonnet4__rep1.json	PILOT-2017007595	baseline	1	42	11101	11790	901	3372	0.2672	
PILOT-2017007595__baseline__sonnet4__rep2.json	PILOT-2017007595	baseline	2	42	11101	12271	1386	3372	0.411	
PILOT-2017009415__A__gpt4o-mini__rep0.json	PILOT-2017009415	A	0	6	3715	1697	2185	973	2.2456	
PILOT-2017009415__A__gpt4o-mini__rep1.json	PILOT-2017009415	A	1	4	3715	1370	2457	973	2.5252	
PILOT-2017009415__A__gpt4o-mini__rep2.json	PILOT-2017009415	A	2	6	3715	1559	2202	973	2.2631	
PILOT-2017009415__A__gpt5.4__rep0.json	PILOT-2017009415	A	0	13	3715	3605	747	973	0.7677	
PILOT-2017009415__A__gpt5.4__rep1.json	PILOT-2017009415	A	1	13	3715	3952	317	973	0.3258	
PILOT-2017009415__A__gpt5.4__rep2.json	PILOT-2017009415	A	2	13	3715	3747	118	973	0.1213	
PILOT-2017009415__A__haiku4.5__rep0.json	PILOT-2017009415	A	0	13	3715	4590	1206	973	1.2395	
PILOT-2017009415__A__haiku4.5__rep1.json	PILOT-2017009415	A	1	13	3715	4345	995	973	1.0226	
PILOT-2017009415__A__haiku4.5__rep2.json	PILOT-2017009415	A	2	13	3715	4277	913	973	0.9383	
PILOT-2017009415__A__sonnet4__rep0.json	PILOT-2017009415	A	0	13	3715	3700	69	973	0.0709	
PILOT-2017009415__A__sonnet4__rep1.json	PILOT-2017009415	A	1	13	3715	3707	76	973	0.0781	
PILOT-2017009415__A__sonnet4__rep2.json	PILOT-2017009415	A	2	13	3715	3707	76	973	0.0781	
PILOT-2017009415__B__gpt4o-mini__rep0.json	PILOT-2017009415	B	0	3	3715	1017	2705	973	2.7801	
PILOT-2017009415__B__gpt4o-mini__rep1.json	PILOT-2017009415	B	1	11	3715	3945	992	973	1.0195	
PILOT-2017009415__B__gpt4o-mini__rep2.json	PILOT-2017009415	B	2	11	3715	3907	936	973	0.962	
PILOT-2017009415__B__gpt5.4__rep0.json	PILOT-2017009415	B	0	13	3715	3995	531	973	0.5457	
PILOT-2017009415__B__gpt5.4__rep1.json	PILOT-2017009415	B	1	13	3715	3719	591	973	0.6074	
PILOT-2017009415__B__gpt5.4__rep2.json	PILOT-2017009415	B	2	13	3715	3663	336	973	0.3453	
PILOT-2017009415__B__haiku4.5__rep0.json	PILOT-2017009415	B	0	13	3715	4596	1219	973	1.2528	
PILOT-2017009415__B__haiku4.5__rep1.json	PILOT-2017009415	B	1	13	3715	5490	1820	973	1.8705	
PILOT-2017009415__B__haiku4.5__rep2.json	PILOT-2017009415	B	2	13	3715	4139	1226	973	1.26	
PILOT-2017009415__B__sonnet4__rep0.json	PILOT-2017009415	B	0	13	3715	3852	277	973	0.2847	
PILOT-2017009415__B__sonnet4__rep1.json	PILOT-2017009415	B	1	13	3715	4007	427	973	0.4388	
PILOT-2017009415__B__sonnet4__rep2.json	PILOT-2017009415	B	2	13	3715	3852	277	973	0.2847	
PILOT-2017009415__C__gpt4o-mini__rep0.json	PILOT-2017009415	C	0	6	3715	1870	1982	973	2.037	
PILOT-2017009415__C__gpt4o-mini__rep1.json	PILOT-2017009415	C	1	6	3715	1952	1980	973	2.0349	
PILOT-2017009415__C__gpt4o-mini__rep2.json	PILOT-2017009415	C	2	6	3715	1877	1966	973	2.0206	
PILOT-2017009415__C__gpt5.4__rep0.json	PILOT-2017009415	C	0	13	3715	3659	355	973	0.3649	
PILOT-2017009415__C__gpt5.4__rep1.json	PILOT-2017009415	C	1	13	3715	3910	279	973	0.2867	
PILOT-2017009415__C__gpt5.4__rep2.json	PILOT-2017009415	C	2	13	3715	3741	636	973	0.6536	
PILOT-2017009415__C__haiku4.5__rep0.json	PILOT-2017009415	C	0	13	3715	4444	826	973	0.8489	
PILOT-2017009415__C__haiku4.5__rep1.json	PILOT-2017009415	C	1	13	3715	4066	908	973	0.9332	
PILOT-2017009415__C__haiku4.5__rep2.json	PILOT-2017009415	C	2	13	3715	4281	888	973	0.9126	
PILOT-2017009415__C__sonnet4__rep0.json	PILOT-2017009415	C	0	13	3715	4103	472	973	0.4851	
PILOT-2017009415__C__sonnet4__rep1.json	PILOT-2017009415	C	1	13	3715	4103	472	973	0.4851	
PILOT-2017009415__C__sonnet4__rep2.json	PILOT-2017009415	C	2	13	3715	4108	477	973	0.4902	
PILOT-2017009415__D__gpt4o-mini__rep0.json	PILOT-2017009415	D	0	6	3715	1927	1955	973	2.0092	
PILOT-2017009415__D__gpt4o-mini__rep1.json	PILOT-2017009415	D	1	6	3715	2272	1757	973	1.8058	
PILOT-2017009415__D__gpt4o-mini__rep2.json	PILOT-2017009415	D	2	6	3715	2050	1875	973	1.927	
PILOT-2017009415__D__gpt5.4__rep0.json	PILOT-2017009415	D	0	13	3715	4037	361	973	0.371	
PILOT-2017009415__D__gpt5.4__rep1.json	PILOT-2017009415	D	1	13	3715	4190	561	973	0.5766	
PILOT-2017009415__D__gpt5.4__rep2.json	PILOT-2017009415	D	2	13	3715	3761	412	973	0.4234	
PILOT-2017009415__D__haiku4.5__rep0.json	PILOT-2017009415	D	0	13	3715	4922	1268	973	1.3032	
PILOT-2017009415__D__haiku4.5__rep1.json	PILOT-2017009415	D	1	13	3715	1522	2218	973	2.2795	
PILOT-2017009415__D__haiku4.5__rep2.json	PILOT-2017009415	D	2	13	3715	3969	372	973	0.3823	
PILOT-2017009415__D__sonnet4__rep0.json	PILOT-2017009415	D	0	13	3715	4123	492	973	0.5057	
PILOT-2017009415__D__sonnet4__rep1.json	PILOT-2017009415	D	1	13	3715	4096	465	973	0.4779	
PILOT-2017009415__D__sonnet4__rep2.json	PILOT-2017009415	D	2	13	3715	3978	407	973	0.4183	
PILOT-2017009415__E__gpt4o-mini__rep0.json	PILOT-2017009415	E	0	6	3715	1903	1956	973	2.0103	
PILOT-2017009415__E__gpt4o-mini__rep1.json	PILOT-2017009415	E	1	6	3715	1955	1948	973	2.0021	
PILOT-2017009415__E__gpt4o-mini__rep2.json	PILOT-2017009415	E	2	4	3715	1491	2246	973	2.3083	
PILOT-2017009415__E__gpt5.4__rep0.json	PILOT-2017009415	E	0	13	3715	4077	368	973	0.3782	
PILOT-2017009415__E__gpt5.4__rep1.json	PILOT-2017009415	E	1	13	3715	3746	117	973	0.1202	
PILOT-2017009415__E__gpt5.4__rep2.json	PILOT-2017009415	E	2	13	3715	4094	465	973	0.4779	
PILOT-2017009415__E__haiku4.5__rep0.json	PILOT-2017009415	E	0	13	3715	3704	1019	973	1.0473	
PILOT-2017009415__E__haiku4.5__rep1.json	PILOT-2017009415	E	1	13	3715	3213	881	973	0.9054	
PILOT-2017009415__E__haiku4.5__rep2.json	PILOT-2017009415	E	2	13	3715	3928	294	973	0.3022	
PILOT-2017009415__E__sonnet4__rep0.json	PILOT-2017009415	E	0	13	3715	4072	441	973	0.4532	
PILOT-2017009415__E__sonnet4__rep1.json	PILOT-2017009415	E	1	13	3715	4072	441	973	0.4532	
PILOT-2017009415__E__sonnet4__rep2.json	PILOT-2017009415	E	2	13	3715	4156	529	973	0.5437	
PILOT-2017009415__F__gpt4o-mini__rep0.json	PILOT-2017009415	F	0	6	3715	1959	1954	973	2.0082	
PILOT-2017009415__F__gpt4o-mini__rep1.json	PILOT-2017009415	F	1	6	3715	1906	1953	973	2.0072	
PILOT-2017009415__F__gpt4o-mini__rep2.json	PILOT-2017009415	F	2	6	3715	1974	1969	973	2.0236	
PILOT-2017009415__F__gpt5.4__rep0.json	PILOT-2017009415	F	0	13	3715	3717	445	973	0.4573	
PILOT-2017009415__F__gpt5.4__rep1.json	PILOT-2017009415	F	1	13	3715	4115	486	973	0.4995	
PILOT-2017009415__F__gpt5.4__rep2.json	PILOT-2017009415	F	2	13	3715	3505	353	973	0.3628	
PILOT-2017009415__F__haiku4.5__rep0.json	PILOT-2017009415	F	0	13	3715	3758	838	973	0.8613	
PILOT-2017009415__F__haiku4.5__rep1.json	PILOT-2017009415	F	1	13	3715	1689	2105	973	2.1634	
PILOT-2017009415__F__haiku4.5__rep2.json	PILOT-2017009415	F	2	13	3715	3910	1041	973	1.0699	
PILOT-2017009415__F__sonnet4__rep0.json	PILOT-2017009415	F	0	13	3715	3912	285	973	0.2929	
PILOT-2017009415__F__sonnet4__rep1.json	PILOT-2017009415	F	1	13	3715	4097	470	973	0.483	
PILOT-2017009415__F__sonnet4__rep2.json	PILOT-2017009415	F	2	13	3715	3909	282	973	0.2898	
PILOT-2017009415__G__gpt4o-mini__rep0.json	PILOT-2017009415	G	0	0			None		None	no_gen
PILOT-2017009415__G__gpt4o-mini__rep1.json	PILOT-2017009415	G	1	0			None		None	no_gen
PILOT-2017009415__G__gpt4o-mini__rep2.json	PILOT-2017009415	G	2	0			None		None	no_gen
PILOT-2017009415__G__gpt5.4__rep0.json	PILOT-2017009415	G	0	13	3715	3152	900	973	0.925	
PILOT-2017009415__G__gpt5.4__rep1.json	PILOT-2017009415	G	1	13	3715	4286	661	973	0.6793	
PILOT-2017009415__G__gpt5.4__rep2.json	PILOT-2017009415	G	2	13	3715	3755	130	973	0.1336	
PILOT-2017009415__G__haiku4.5__rep0.json	PILOT-2017009415	G	0	13	3715	4055	521	973	0.5355	
PILOT-2017009415__G__haiku4.5__rep1.json	PILOT-2017009415	G	1	13	3715	3508	400	973	0.4111	
PILOT-2017009415__G__haiku4.5__rep2.json	PILOT-2017009415	G	2	13	3715	4403	770	973	0.7914	
PILOT-2017009415__G__sonnet4__rep0.json	PILOT-2017009415	G	0	13	3715	3823	249	973	0.2559	
PILOT-2017009415__G__sonnet4__rep1.json	PILOT-2017009415	G	1	13	3715	4053	483	973	0.4964	
PILOT-2017009415__G__sonnet4__rep2.json	PILOT-2017009415	G	2	13	3715	4103	506	973	0.52	
PILOT-2017009415__baseline__gpt4o-mini__rep0.json	PILOT-2017009415	baseline	0	6	3715	1932	1967	973	2.0216	
PILOT-2017009415__baseline__gpt4o-mini__rep1.json	PILOT-2017009415	baseline	1	6	3715	1927	1962	973	2.0164	
PILOT-2017009415__baseline__gpt4o-mini__rep2.json	PILOT-2017009415	baseline	2	6	3715	1934	1967	973	2.0216	
PILOT-2017009415__baseline__gpt5.4__rep0.json	PILOT-2017009415	baseline	0	13	3715	3505	642	973	0.6598	
PILOT-2017009415__baseline__gpt5.4__rep1.json	PILOT-2017009415	baseline	1	13	3715	4223	585	973	0.6012	
PILOT-2017009415__baseline__gpt5.4__rep2.json	PILOT-2017009415	baseline	2	13	3715	3963	328	973	0.3371	
PILOT-2017009415__baseline__haiku4.5__rep0.json	PILOT-2017009415	baseline	0	13	3715	4082	916	973	0.9414	
PILOT-2017009415__baseline__haiku4.5__rep1.json	PILOT-2017009415	baseline	1	13	3715	4322	951	973	0.9774	
PILOT-2017009415__baseline__haiku4.5__rep2.json	PILOT-2017009415	baseline	2	13	3715	4461	1124	973	1.1552	
PILOT-2017009415__baseline__sonnet4__rep0.json	PILOT-2017009415	baseline	0	13	3715	4051	420	973	0.4317	
PILOT-2017009415__baseline__sonnet4__rep1.json	PILOT-2017009415	baseline	1	13	3715	4152	525	973	0.5396	
PILOT-2017009415__baseline__sonnet4__rep2.json	PILOT-2017009415	baseline	2	13	3715	4145	518	973	0.5324	
PILOT-2017010497__A__gpt4o-mini__rep0.json	PILOT-2017010497	A	0	7	5060	1769	3363	1110	3.0297	
PILOT-2017010497__A__gpt4o-mini__rep1.json	PILOT-2017010497	A	1	7	5060	1594	3565	1110	3.2117	
PILOT-2017010497__A__gpt4o-mini__rep2.json	PILOT-2017010497	A	2	7	5060	1897	3419	1110	3.0802	
PILOT-2017010497__A__gpt5.4__rep0.json	PILOT-2017010497	A	0	17	5060	4072	1514	1110	1.364	
PILOT-2017010497__A__gpt5.4__rep1.json	PILOT-2017010497	A	1	16	5060	4154	1519	1110	1.3685	
PILOT-2017010497__A__gpt5.4__rep2.json	PILOT-2017010497	A	2	17	5060	4087	1668	1110	1.5027	
PILOT-2017010497__A__haiku4.5__rep0.json	PILOT-2017010497	A	0	16	5060	5223	2132	1110	1.9207	
PILOT-2017010497__A__haiku4.5__rep1.json	PILOT-2017010497	A	1	16	5060	4627	1506	1110	1.3568	
PILOT-2017010497__A__haiku4.5__rep2.json	PILOT-2017010497	A	2	16	5060	4927	1815	1110	1.6351	
PILOT-2017010497__A__sonnet4__rep0.json	PILOT-2017010497	A	0	13	5060	4043	2333	1110	2.1018	
PILOT-2017010497__A__sonnet4__rep1.json	PILOT-2017010497	A	1	13	5060	4726	2695	1110	2.4279	
PILOT-2017010497__A__sonnet4__rep2.json	PILOT-2017010497	A	2	13	5060	4731	2701	1110	2.4333	
PILOT-2017010497__B__gpt4o-mini__rep0.json	PILOT-2017010497	B	0	7	5060	2806	2705	1110	2.4369	
PILOT-2017010497__B__gpt4o-mini__rep1.json	PILOT-2017010497	B	1	13	5060	3479	1795	1110	1.6171	
PILOT-2017010497__B__gpt4o-mini__rep2.json	PILOT-2017010497	B	2	13	5060	4409	2289	1110	2.0622	
PILOT-2017010497__B__gpt5.4__rep0.json	PILOT-2017010497	B	0	17	5060	4245	1609	1110	1.4495	
PILOT-2017010497__B__gpt5.4__rep1.json	PILOT-2017010497	B	1	13	5060	3448	2182	1110	1.9658	
PILOT-2017010497__B__gpt5.4__rep2.json	PILOT-2017010497	B	2	13	5060	3434	2180	1110	1.964	
PILOT-2017010497__B__haiku4.5__rep0.json	PILOT-2017010497	B	0	18	5060	2031	3227	1110	2.9072	
PILOT-2017010497__B__haiku4.5__rep1.json	PILOT-2017010497	B	1	16	5060	3989	2071	1110	1.8658	
PILOT-2017010497__B__haiku4.5__rep2.json	PILOT-2017010497	B	2	18	5060	1853	3338	1110	3.0072	
PILOT-2017010497__B__sonnet4__rep0.json	PILOT-2017010497	B	0	17	5060	5486	1544	1110	1.391	
PILOT-2017010497__B__sonnet4__rep1.json	PILOT-2017010497	B	1	16	5060	5244	2218	1110	1.9982	
PILOT-2017010497__B__sonnet4__rep2.json	PILOT-2017010497	B	2	13	5060	4325	2404	1110	2.1658	
PILOT-2017010497__C__gpt4o-mini__rep0.json	PILOT-2017010497	C	0	7	5060	1936	3350	1110	3.018	
PILOT-2017010497__C__gpt4o-mini__rep1.json	PILOT-2017010497	C	1	13	5060	3551	1764	1110	1.5892	
PILOT-2017010497__C__gpt4o-mini__rep2.json	PILOT-2017010497	C	2	7	5060	1993	3336	1110	3.0054	
PILOT-2017010497__C__gpt5.4__rep0.json	PILOT-2017010497	C	0	16	5060	3572	2138	1110	1.9261	
PILOT-2017010497__C__gpt5.4__rep1.json	PILOT-2017010497	C	1	13	5060	3318	2140	1110	1.9279	
PILOT-2017010497__C__gpt5.4__rep2.json	PILOT-2017010497	C	2	13	5060	4125	2157	1110	1.9432	
PILOT-2017010497__C__haiku4.5__rep0.json	PILOT-2017010497	C	0	16	5060	4571	2420	1110	2.1802	
PILOT-2017010497__C__haiku4.5__rep1.json	PILOT-2017010497	C	1	16	5060	4682	2616	1110	2.3568	
PILOT-2017010497__C__haiku4.5__rep2.json	PILOT-2017010497	C	2	16	5060	4722	2451	1110	2.2081	
PILOT-2017010497__C__sonnet4__rep0.json	PILOT-2017010497	C	0	13	5060	4154	2278	1110	2.0523	
PILOT-2017010497__C__sonnet4__rep1.json	PILOT-2017010497	C	1	13	5060	4476	2645	1110	2.3829	
PILOT-2017010497__C__sonnet4__rep2.json	PILOT-2017010497	C	2	13	5060	4275	2305	1110	2.0766	
PILOT-2017010497__D__gpt4o-mini__rep0.json	PILOT-2017010497	D	0	7	5060	1852	3410	1110	3.0721	
PILOT-2017010497__D__gpt4o-mini__rep1.json	PILOT-2017010497	D	1	7	5060	2011	3346	1110	3.0144	
PILOT-2017010497__D__gpt4o-mini__rep2.json	PILOT-2017010497	D	2	13	5060	3635	1740	1110	1.5676	
PILOT-2017010497__D__gpt5.4__rep0.json	PILOT-2017010497	D	0	13	5060	3813	2119	1110	1.909	
PILOT-2017010497__D__gpt5.4__rep1.json	PILOT-2017010497	D	1	13	5060	3704	2072	1110	1.8667	
PILOT-2017010497__D__gpt5.4__rep2.json	PILOT-2017010497	D	2	13	5060	3950	2067	1110	1.8622	
PILOT-2017010497__D__haiku4.5__rep0.json	PILOT-2017010497	D	0	16	5060	4106	2368	1110	2.1333	
PILOT-2017010497__D__haiku4.5__rep1.json	PILOT-2017010497	D	1	14	5060	5525	2672	1110	2.4072	
PILOT-2017010497__D__haiku4.5__rep2.json	PILOT-2017010497	D	2	17	5060	5830	2691	1110	2.4243	
PILOT-2017010497__D__sonnet4__rep0.json	PILOT-2017010497	D	0	16	5060	5025	2100	1110	1.8919	
PILOT-2017010497__D__sonnet4__rep1.json	PILOT-2017010497	D	1	16	5060	4725	1828	1110	1.6468	
PILOT-2017010497__D__sonnet4__rep2.json	PILOT-2017010497	D	2	13	5060	4160	2395	1110	2.1577	
PILOT-2017010497__E__gpt4o-mini__rep0.json	PILOT-2017010497	E	0	13	5060	3667	1725	1110	1.5541	
PILOT-2017010497__E__gpt4o-mini__rep1.json	PILOT-2017010497	E	1	13	5060	3703	1838	1110	1.6559	
PILOT-2017010497__E__gpt4o-mini__rep2.json	PILOT-2017010497	E	2	13	5060	3557	1731	1110	1.5595	
PILOT-2017010497__E__gpt5.4__rep0.json	PILOT-2017010497	E	0	13	5060	3764	2173	1110	1.9577	
PILOT-2017010497__E__gpt5.4__rep1.json	PILOT-2017010497	E	1	13	5060	3430	2104	1110	1.8955	
PILOT-2017010497__E__gpt5.4__rep2.json	PILOT-2017010497	E	2	16	5060	4502	1790	1110	1.6126	
PILOT-2017010497__E__haiku4.5__rep0.json	PILOT-2017010497	E	0	17	5060	4614	2275	1110	2.0495	
PILOT-2017010497__E__haiku4.5__rep1.json	PILOT-2017010497	E	1	1	5060	5155	2653	1110	2.3901	
PILOT-2017010497__E__haiku4.5__rep2.json	PILOT-2017010497	E	2	16	5060	3870	1936	1110	1.7441	
PILOT-2017010497__E__sonnet4__rep0.json	PILOT-2017010497	E	0	13	5060	3399	2024	1110	1.8234	
PILOT-2017010497__E__sonnet4__rep1.json	PILOT-2017010497	E	1	16	5060	4534	2427	1110	2.1865	
PILOT-2017010497__E__sonnet4__rep2.json	PILOT-2017010497	E	2	13	5060	3639	2056	1110	1.8523	
PILOT-2017010497__F__gpt4o-mini__rep0.json	PILOT-2017010497	F	0	13	5060	3531	1863	1110	1.6784	
PILOT-2017010497__F__gpt4o-mini__rep1.json	PILOT-2017010497	F	1	13	5060	3508	1806	1110	1.627	
PILOT-2017010497__F__gpt4o-mini__rep2.json	PILOT-2017010497	F	2	13	5060	3416	1777	1110	1.6009	
PILOT-2017010497__F__gpt5.4__rep0.json	PILOT-2017010497	F	0	17	5060	4145	1395	1110	1.2568	
PILOT-2017010497__F__gpt5.4__rep1.json	PILOT-2017010497	F	1	17	5060	4074	1629	1110	1.4676	
PILOT-2017010497__F__gpt5.4__rep2.json	PILOT-2017010497	F	2	13	5060	3706	2077	1110	1.8712	
PILOT-2017010497__F__haiku4.5__rep0.json	PILOT-2017010497	F	0	13	5060	4696	2343	1110	2.1108	
PILOT-2017010497__F__haiku4.5__rep1.json	PILOT-2017010497	F	1	13	5060	4637	2372	1110	2.1369	
PILOT-2017010497__F__haiku4.5__rep2.json	PILOT-2017010497	F	2	13	5060	4573	2398	1110	2.1604	
PILOT-2017010497__F__sonnet4__rep0.json	PILOT-2017010497	F	0	13	5060	3468	1986	1110	1.7892	
PILOT-2017010497__F__sonnet4__rep1.json	PILOT-2017010497	F	1	13	5060	3765	2125	1110	1.9144	
PILOT-2017010497__F__sonnet4__rep2.json	PILOT-2017010497	F	2	13	5060	4161	2275	1110	2.0495	
PILOT-2017010497__G__gpt4o-mini__rep0.json	PILOT-2017010497	G	0	0			None		None	no_gen
PILOT-2017010497__G__gpt4o-mini__rep1.json	PILOT-2017010497	G	1	0			None		None	no_gen
PILOT-2017010497__G__gpt4o-mini__rep2.json	PILOT-2017010497	G	2	0			None		None	no_gen
PILOT-2017010497__G__gpt5.4__rep0.json	PILOT-2017010497	G	0	13	5060	3593	2155	1110	1.9414	
PILOT-2017010497__G__gpt5.4__rep1.json	PILOT-2017010497	G	1	13	5060	3448	2182	1110	1.9658	
PILOT-2017010497__G__gpt5.4__rep2.json	PILOT-2017010497	G	2	13	5060	3880	2171	1110	1.9559	
PILOT-2017010497__G__haiku4.5__rep0.json	PILOT-2017010497	G	0	13	5060	4389	2283	1110	2.0568	
PILOT-2017010497__G__haiku4.5__rep1.json	PILOT-2017010497	G	1	13	5060	4317	2437	1110	2.1955	
PILOT-2017010497__G__haiku4.5__rep2.json	PILOT-2017010497	G	2	17	5060	4898	2512	1110	2.2631	
PILOT-2017010497__G__sonnet4__rep0.json	PILOT-2017010497	G	0	17	5060	4131	2370	1110	2.1351	
PILOT-2017010497__G__sonnet4__rep1.json	PILOT-2017010497	G	1	13	5060	4019	2259	1110	2.0351	
PILOT-2017010497__G__sonnet4__rep2.json	PILOT-2017010497	G	2	13	5060	4164	2396	1110	2.1586	
PILOT-2017010497__baseline__gpt4o-mini__rep0.json	PILOT-2017010497	baseline	0	7	5060	1903	3396	1110	3.0595	
PILOT-2017010497__baseline__gpt4o-mini__rep1.json	PILOT-2017010497	baseline	1	13	5060	3402	1765	1110	1.5901	
PILOT-2017010497__baseline__gpt4o-mini__rep2.json	PILOT-2017010497	baseline	2	7	5060	1906	3361	1110	3.0279	
PILOT-2017010497__baseline__gpt5.4__rep0.json	PILOT-2017010497	baseline	0	13	5060	3779	2154	1110	1.9405	
PILOT-2017010497__baseline__gpt5.4__rep1.json	PILOT-2017010497	baseline	1	16	5060	4197	1554	1110	1.4	
PILOT-2017010497__baseline__gpt5.4__rep2.json	PILOT-2017010497	baseline	2	13	5060	3822	2239	1110	2.0171	
PILOT-2017010497__baseline__haiku4.5__rep0.json	PILOT-2017010497	baseline	0	18	5060	4776	2345	1110	2.1126	
PILOT-2017010497__baseline__haiku4.5__rep1.json	PILOT-2017010497	baseline	1	16	5060	4488	2172	1110	1.9568	
PILOT-2017010497__baseline__haiku4.5__rep2.json	PILOT-2017010497	baseline	2	15	5060	4123	2491	1110	2.2441	
PILOT-2017010497__baseline__sonnet4__rep0.json	PILOT-2017010497	baseline	0	13	5060	4254	2469	1110	2.2243	
PILOT-2017010497__baseline__sonnet4__rep1.json	PILOT-2017010497	baseline	1	16	5060	4534	1632	1110	1.4703	
PILOT-2017010497__baseline__sonnet4__rep2.json	PILOT-2017010497	baseline	2	13	5060	3931	2185	1110	1.9685	
PILOT-2017010632__A__gpt4o-mini__rep0.json	PILOT-2017010632	A	0	2	9700	1497	8212	1340	6.1284	
PILOT-2017010632__A__gpt4o-mini__rep1.json	PILOT-2017010632	A	1	2	9700	1590	8136	1340	6.0716	
PILOT-2017010632__A__gpt4o-mini__rep2.json	PILOT-2017010632	A	2	2	9700	1517	8192	1340	6.1134	
PILOT-2017010632__A__gpt5.4__rep0.json	PILOT-2017010632	A	0	20	9700	8306	1416	1340	1.0567	
PILOT-2017010632__A__gpt5.4__rep1.json	PILOT-2017010632	A	1	20	9700	8832	1942	1340	1.4493	
PILOT-2017010632__A__gpt5.4__rep2.json	PILOT-2017010632	A	2	20	9700	8306	1416	1340	1.0567	
PILOT-2017010632__A__haiku4.5__rep0.json	PILOT-2017010632	A	0	20	9700	11061	2519	1340	1.8799	
PILOT-2017010632__A__haiku4.5__rep1.json	PILOT-2017010632	A	1	20	9700	7305	3661	1340	2.7321	
PILOT-2017010632__A__haiku4.5__rep2.json	PILOT-2017010632	A	2	20	9700	10584	2024	1340	1.5104	
PILOT-2017010632__A__sonnet4__rep0.json	PILOT-2017010632	A	0	20	9700	9780	1367	1340	1.0201	
PILOT-2017010632__A__sonnet4__rep1.json	PILOT-2017010632	A	1	20	9700	9790	1358	1340	1.0134	
PILOT-2017010632__A__sonnet4__rep2.json	PILOT-2017010632	A	2	20	9700	9788	1358	1340	1.0134	
PILOT-2017010632__B__gpt4o-mini__rep0.json	PILOT-2017010632	B	0	0			None		None	no_gen
PILOT-2017010632__B__gpt4o-mini__rep1.json	PILOT-2017010632	B	1	0			None		None	no_gen
PILOT-2017010632__B__gpt4o-mini__rep2.json	PILOT-2017010632	B	2	2	9700	2072	7631	1340	5.6948	
PILOT-2017010632__B__gpt5.4__rep0.json	PILOT-2017010632	B	0	20	9700	9973	1075	1340	0.8022	
PILOT-2017010632__B__gpt5.4__rep1.json	PILOT-2017010632	B	1	20	9700	9973	1075	1340	0.8022	
PILOT-2017010632__B__gpt5.4__rep2.json	PILOT-2017010632	B	2	20	9700	9973	1075	1340	0.8022	
PILOT-2017010632__B__haiku4.5__rep0.json	PILOT-2017010632	B	0	20	9700	10608	1854	1340	1.3836	
PILOT-2017010632__B__haiku4.5__rep1.json	PILOT-2017010632	B	1	20	9700	6273	4320	1340	3.2239	
PILOT-2017010632__B__haiku4.5__rep2.json	PILOT-2017010632	B	2	20	9700	11567	2548	1340	1.9015	
PILOT-2017010632__B__sonnet4__rep0.json	PILOT-2017010632	B	0	20	9700	9497	738	1340	0.5507	
PILOT-2017010632__B__sonnet4__rep1.json	PILOT-2017010632	B	1	20	9700	9497	738	1340	0.5507	
PILOT-2017010632__B__sonnet4__rep2.json	PILOT-2017010632	B	2	20	9700	9789	982	1340	0.7328	
PILOT-2017010632__C__gpt4o-mini__rep0.json	PILOT-2017010632	C	0	0			None		None	no_gen
PILOT-2017010632__C__gpt4o-mini__rep1.json	PILOT-2017010632	C	1	0			None		None	no_gen
PILOT-2017010632__C__gpt4o-mini__rep2.json	PILOT-2017010632	C	2	2	9700	2240	7467	1340	5.5724	
PILOT-2017010632__C__gpt5.4__rep0.json	PILOT-2017010632	C	0	20	9700	10027	1061	1340	0.7918	
PILOT-2017010632__C__gpt5.4__rep1.json	PILOT-2017010632	C	1	20	9700	10052	1085	1340	0.8097	
PILOT-2017010632__C__gpt5.4__rep2.json	PILOT-2017010632	C	2	20	9700	9818	1579	1340	1.1784	
PILOT-2017010632__C__haiku4.5__rep0.json	PILOT-2017010632	C	0	20	9700	10315	1755	1340	1.3097	
PILOT-2017010632__C__haiku4.5__rep1.json	PILOT-2017010632	C	1	20	9700	10662	2145	1340	1.6007	
PILOT-2017010632__C__haiku4.5__rep2.json	PILOT-2017010632	C	2	20	9700	5833	4548	1340	3.394	
PILOT-2017010632__C__sonnet4__rep0.json	PILOT-2017010632	C	0	20	9700	9625	1193	1340	0.8903	
PILOT-2017010632__C__sonnet4__rep1.json	PILOT-2017010632	C	1	20	9700	9602	1212	1340	0.9045	
PILOT-2017010632__C__sonnet4__rep2.json	PILOT-2017010632	C	2	20	9700	9641	1209	1340	0.9022	
PILOT-2017010632__D__gpt4o-mini__rep0.json	PILOT-2017010632	D	0	0			None		None	no_gen
PILOT-2017010632__D__gpt4o-mini__rep1.json	PILOT-2017010632	D	1	0			None		None	no_gen
PILOT-2017010632__D__gpt4o-mini__rep2.json	PILOT-2017010632	D	2	0			None		None	no_gen
PILOT-2017010632__D__gpt5.4__rep0.json	PILOT-2017010632	D	0	2	9700	1964	7739	1340	5.7754	
PILOT-2017010632__D__gpt5.4__rep1.json	PILOT-2017010632	D	1	20	9700	9894	1103	1340	0.8231	
PILOT-2017010632__D__gpt5.4__rep2.json	PILOT-2017010632	D	2	20	9700	9677	1157	1340	0.8634	
PILOT-2017010632__D__haiku4.5__rep0.json	PILOT-2017010632	D	0	20	9700	10836	2249	1340	1.6784	
PILOT-2017010632__D__haiku4.5__rep1.json	PILOT-2017010632	D	1	20	9700	10358	1794	1340	1.3388	
PILOT-2017010632__D__haiku4.5__rep2.json	PILOT-2017010632	D	2	20	9700	6862	4265	1340	3.1828	
PILOT-2017010632__D__sonnet4__rep0.json	PILOT-2017010632	D	0	20	9700	9973	1144	1340	0.8537	
PILOT-2017010632__D__sonnet4__rep1.json	PILOT-2017010632	D	1	20	9700	9600	1210	1340	0.903	
PILOT-2017010632__D__sonnet4__rep2.json	PILOT-2017010632	D	2	20	9700	10055	1241	1340	0.9261	
PILOT-2017010632__E__gpt4o-mini__rep0.json	PILOT-2017010632	E	0	0			None		None	no_gen
PILOT-2017010632__E__gpt4o-mini__rep1.json	PILOT-2017010632	E	1	0			None		None	no_gen
PILOT-2017010632__E__gpt4o-mini__rep2.json	PILOT-2017010632	E	2	0			None		None	no_gen
PILOT-2017010632__E__gpt5.4__rep0.json	PILOT-2017010632	E	0	20	9700	9915	1124	1340	0.8388	
PILOT-2017010632__E__gpt5.4__rep1.json	PILOT-2017010632	E	1	20	9700	9969	1071	1340	0.7993	
PILOT-2017010632__E__gpt5.4__rep2.json	PILOT-2017010632	E	2	20	9700	9890	1099	1340	0.8201	
PILOT-2017010632__E__haiku4.5__rep0.json	PILOT-2017010632	E	0	20	9700	11562	2618	1340	1.9537	
PILOT-2017010632__E__haiku4.5__rep1.json	PILOT-2017010632	E	1	20	9700	10542	1974	1340	1.4731	
PILOT-2017010632__E__haiku4.5__rep2.json	PILOT-2017010632	E	2	20	9700	10895	2013	1340	1.5022	
PILOT-2017010632__E__sonnet4__rep0.json	PILOT-2017010632	E	0	20	9700	9600	1210	1340	0.903	
PILOT-2017010632__E__sonnet4__rep1.json	PILOT-2017010632	E	1	20	9700	9631	1202	1340	0.897	
PILOT-2017010632__E__sonnet4__rep2.json	PILOT-2017010632	E	2	20	9700	9633	1202	1340	0.897	
PILOT-2017010632__F__gpt4o-mini__rep0.json	PILOT-2017010632	F	0	2	9700	2242	7461	1340	5.5679	
PILOT-2017010632__F__gpt4o-mini__rep1.json	PILOT-2017010632	F	1	2	9700	2119	7585	1340	5.6604	
PILOT-2017010632__F__gpt4o-mini__rep2.json	PILOT-2017010632	F	2	2	9700	2398	7303	1340	5.45	
PILOT-2017010632__F__gpt5.4__rep0.json	PILOT-2017010632	F	0	20	9700	9819	1580	1340	1.1791	
PILOT-2017010632__F__gpt5.4__rep1.json	PILOT-2017010632	F	1	20	9700	10097	1302	1340	0.9716	
PILOT-2017010632__F__gpt5.4__rep2.json	PILOT-2017010632	F	2	20	9700	9819	1580	1340	1.1791	
PILOT-2017010632__F__haiku4.5__rep0.json	PILOT-2017010632	F	0	20	9700	10132	1586	1340	1.1836	
PILOT-2017010632__F__haiku4.5__rep1.json	PILOT-2017010632	F	1	20	9700	10285	1758	1340	1.3119	
PILOT-2017010632__F__haiku4.5__rep2.json	PILOT-2017010632	F	2	20	9700	10173	1612	1340	1.203	
PILOT-2017010632__F__sonnet4__rep0.json	PILOT-2017010632	F	0	20	9700	10067	1253	1340	0.9351	
PILOT-2017010632__F__sonnet4__rep1.json	PILOT-2017010632	F	1	20	9700	9940	1126	1340	0.8403	
PILOT-2017010632__F__sonnet4__rep2.json	PILOT-2017010632	F	2	20	9700	9940	1126	1340	0.8403	
PILOT-2017010632__G__gpt4o-mini__rep0.json	PILOT-2017010632	G	0	2	9700	2108	7593	1340	5.6664	
PILOT-2017010632__G__gpt4o-mini__rep1.json	PILOT-2017010632	G	1	2	9700	2139	7564	1340	5.6448	
PILOT-2017010632__G__gpt4o-mini__rep2.json	PILOT-2017010632	G	2	2	9700	2376	7327	1340	5.4679	
PILOT-2017010632__G__gpt5.4__rep0.json	PILOT-2017010632	G	0	20	9700	9736	1589	1340	1.1858	
PILOT-2017010632__G__gpt5.4__rep1.json	PILOT-2017010632	G	1	20	9700	9845	1187	1340	0.8858	
PILOT-2017010632__G__gpt5.4__rep2.json	PILOT-2017010632	G	2	20	9700	9818	1579	1340	1.1784	
PILOT-2017010632__G__haiku4.5__rep0.json	PILOT-2017010632	G	0	20	9700	10646	1880	1340	1.403	
PILOT-2017010632__G__haiku4.5__rep1.json	PILOT-2017010632	G	1	20	9700	10713	1868	1340	1.394	
PILOT-2017010632__G__haiku4.5__rep2.json	PILOT-2017010632	G	2	20	9700	10169	1612	1340	1.203	
PILOT-2017010632__G__sonnet4__rep0.json	PILOT-2017010632	G	0	20	9700	9639	1209	1340	0.9022	
PILOT-2017010632__G__sonnet4__rep1.json	PILOT-2017010632	G	1	20	9700	9631	1202	1340	0.897	
PILOT-2017010632__G__sonnet4__rep2.json	PILOT-2017010632	G	2	20	9700	9639	1209	1340	0.9022	
PILOT-2017010632__baseline__gpt4o-mini__rep0.json	PILOT-2017010632	baseline	0	2	9700	2270	7431	1340	5.5455	
PILOT-2017010632__baseline__gpt4o-mini__rep1.json	PILOT-2017010632	baseline	1	2	9700	2232	7469	1340	5.5739	
PILOT-2017010632__baseline__gpt4o-mini__rep2.json	PILOT-2017010632	baseline	2	0			None		None	no_gen
PILOT-2017010632__baseline__gpt5.4__rep0.json	PILOT-2017010632	baseline	0	20	9700	10118	1079	1340	0.8052	
PILOT-2017010632__baseline__gpt5.4__rep1.json	PILOT-2017010632	baseline	1	20	9700	10621	1409	1340	1.0515	
PILOT-2017010632__baseline__gpt5.4__rep2.json	PILOT-2017010632	baseline	2	20	9700	10733	1480	1340	1.1045	
PILOT-2017010632__baseline__haiku4.5__rep0.json	PILOT-2017010632	baseline	0	20	9700	6408	4733	1340	3.5321	
PILOT-2017010632__baseline__haiku4.5__rep1.json	PILOT-2017010632	baseline	1	20	9700	10744	2128	1340	1.5881	
PILOT-2017010632__baseline__haiku4.5__rep2.json	PILOT-2017010632	baseline	2	20	9700	5650	4774	1340	3.5627	
PILOT-2017010632__baseline__sonnet4__rep0.json	PILOT-2017010632	baseline	0	20	9700	9641	1209	1340	0.9022	
PILOT-2017010632__baseline__sonnet4__rep1.json	PILOT-2017010632	baseline	1	20	9700	9641	1209	1340	0.9022	
PILOT-2017010632__baseline__sonnet4__rep2.json	PILOT-2017010632	baseline	2	20	9700	9641	1209	1340	0.9022	
PILOT-2018000427__A__gpt4o-mini__rep0.json	PILOT-2018000427	A	0	2	4938	884	4160	580	7.1724	
PILOT-2018000427__A__gpt4o-mini__rep1.json	PILOT-2018000427	A	1	2	4938	982	4085	580	7.0431	
PILOT-2018000427__A__gpt4o-mini__rep2.json	PILOT-2018000427	A	2	2	4938	897	4135	580	7.1293	
PILOT-2018000427__A__gpt5.4__rep0.json	PILOT-2018000427	A	0	2	4938	795	4174	580	7.1966	
PILOT-2018000427__A__gpt5.4__rep1.json	PILOT-2018000427	A	1	2	4938	788	4178	580	7.2034	
PILOT-2018000427__A__gpt5.4__rep2.json	PILOT-2018000427	A	2	2	4938	787	4177	580	7.2017	
PILOT-2018000427__A__haiku4.5__rep0.json	PILOT-2018000427	A	0	19	4938	3807	1694	580	2.9207	
PILOT-2018000427__A__haiku4.5__rep1.json	PILOT-2018000427	A	1	2	4938	1164	3955	580	6.819	
PILOT-2018000427__A__haiku4.5__rep2.json	PILOT-2018000427	A	2	19	4938	3898	1770	580	3.0517	
PILOT-2018000427__A__sonnet4__rep0.json	PILOT-2018000427	A	0	2	4938	1505	3709	580	6.3948	
PILOT-2018000427__A__sonnet4__rep1.json	PILOT-2018000427	A	1	2	4938	1505	3709	580	6.3948	
PILOT-2018000427__A__sonnet4__rep2.json	PILOT-2018000427	A	2	2	4938	1505	3709	580	6.3948	
PILOT-2018000427__B__gpt4o-mini__rep0.json	PILOT-2018000427	B	0	2	4938	1326	3869	580	6.6707	
PILOT-2018000427__B__gpt4o-mini__rep1.json	PILOT-2018000427	B	1	2	4938	1342	3855	580	6.6466	
PILOT-2018000427__B__gpt4o-mini__rep2.json	PILOT-2018000427	B	2	2	4938	1325	3869	580	6.6707	
PILOT-2018000427__B__gpt5.4__rep0.json	PILOT-2018000427	B	0	2	4938	1519	3714	580	6.4034	
PILOT-2018000427__B__gpt5.4__rep1.json	PILOT-2018000427	B	1	2	4938	1247	3711	580	6.3983	
PILOT-2018000427__B__gpt5.4__rep2.json	PILOT-2018000427	B	2	2	4938	1364	3796	580	6.5448	
PILOT-2018000427__B__haiku4.5__rep0.json	PILOT-2018000427	B	0	2	4938	1337	3820	580	6.5862	
PILOT-2018000427__B__haiku4.5__rep1.json	PILOT-2018000427	B	1	2	4938	1340	3799	580	6.55	
PILOT-2018000427__B__haiku4.5__rep2.json	PILOT-2018000427	B	2	2	4938	1375	3773	580	6.5052	
PILOT-2018000427__B__sonnet4__rep0.json	PILOT-2018000427	B	0	2	4938	1507	3617	580	6.2362	
PILOT-2018000427__B__sonnet4__rep1.json	PILOT-2018000427	B	1	2	4938	1389	3721	580	6.4155	
PILOT-2018000427__B__sonnet4__rep2.json	PILOT-2018000427	B	2	2	4938	1506	3617	580	6.2362	
PILOT-2018000427__C__gpt4o-mini__rep0.json	PILOT-2018000427	C	0	2	4938	1398	3810	580	6.569	
PILOT-2018000427__C__gpt4o-mini__rep1.json	PILOT-2018000427	C	1	2	4938	1357	3822	580	6.5897	
PILOT-2018000427__C__gpt4o-mini__rep2.json	PILOT-2018000427	C	2	2	4938	1278	3827	580	6.5983	
PILOT-2018000427__C__gpt5.4__rep0.json	PILOT-2018000427	C	0	2	4938	1279	3743	580	6.4534	
PILOT-2018000427__C__gpt5.4__rep1.json	PILOT-2018000427	C	1	2	4938	1278	3742	580	6.4517	
PILOT-2018000427__C__gpt5.4__rep2.json	PILOT-2018000427	C	2	2	4938	1389	3780	580	6.5172	
PILOT-2018000427__C__haiku4.5__rep0.json	PILOT-2018000427	C	0	2	4938	1402	3768	580	6.4966	
PILOT-2018000427__C__haiku4.5__rep1.json	PILOT-2018000427	C	1	2	4938	1451	3754	580	6.4724	
PILOT-2018000427__C__haiku4.5__rep2.json	PILOT-2018000427	C	2	2	4938	1312	3811	580	6.5707	
PILOT-2018000427__C__sonnet4__rep0.json	PILOT-2018000427	C	0	2	4938	1438	3672	580	6.331	
PILOT-2018000427__C__sonnet4__rep1.json	PILOT-2018000427	C	1	2	4938	1438	3672	580	6.331	
PILOT-2018000427__C__sonnet4__rep2.json	PILOT-2018000427	C	2	2	4938	1438	3672	580	6.331	
PILOT-2018000427__D__gpt4o-mini__rep0.json	PILOT-2018000427	D	0	2	4938	1352	3848	580	6.6345	
PILOT-2018000427__D__gpt4o-mini__rep1.json	PILOT-2018000427	D	1	2	4938	1236	3790	580	6.5345	
PILOT-2018000427__D__gpt4o-mini__rep2.json	PILOT-2018000427	D	2	2	4938	1326	3867	580	6.6672	
PILOT-2018000427__D__gpt5.4__rep0.json	PILOT-2018000427	D	0	2	4938	1278	3742	580	6.4517	
PILOT-2018000427__D__gpt5.4__rep1.json	PILOT-2018000427	D	1	2	4938	1278	3742	580	6.4517	
PILOT-2018000427__D__gpt5.4__rep2.json	PILOT-2018000427	D	2	2	4938	1278	3742	580	6.4517	
PILOT-2018000427__D__haiku4.5__rep0.json	PILOT-2018000427	D	0	2	4938	1571	3705	580	6.3879	
PILOT-2018000427__D__haiku4.5__rep1.json	PILOT-2018000427	D	1	2	4938	1341	3820	580	6.5862	
PILOT-2018000427__D__haiku4.5__rep2.json	PILOT-2018000427	D	2	2	4938	1340	3795	580	6.5431	
PILOT-2018000427__D__sonnet4__rep0.json	PILOT-2018000427	D	0	2	4938	1438	3672	580	6.331	
PILOT-2018000427__D__sonnet4__rep1.json	PILOT-2018000427	D	1	2	4938	1438	3672	580	6.331	
PILOT-2018000427__D__sonnet4__rep2.json	PILOT-2018000427	D	2	2	4938	1438	3672	580	6.331	
PILOT-2018000427__E__gpt4o-mini__rep0.json	PILOT-2018000427	E	0	2	4938	1349	3844	580	6.6276	
PILOT-2018000427__E__gpt4o-mini__rep1.json	PILOT-2018000427	E	1	2	4938	1236	3790	580	6.5345	
PILOT-2018000427__E__gpt4o-mini__rep2.json	PILOT-2018000427	E	2	2	4938	1364	3791	580	6.5362	
PILOT-2018000427__E__gpt5.4__rep0.json	PILOT-2018000427	E	0	2	4938	1247	3711	580	6.3983	
PILOT-2018000427__E__gpt5.4__rep1.json	PILOT-2018000427	E	1	2	4938	1278	3742	580	6.4517	
PILOT-2018000427__E__gpt5.4__rep2.json	PILOT-2018000427	E	2	2	4938	1278	3742	580	6.4517	
PILOT-2018000427__E__haiku4.5__rep0.json	PILOT-2018000427	E	0	2	4938	1340	3799	580	6.55	
PILOT-2018000427__E__haiku4.5__rep1.json	PILOT-2018000427	E	1	2	4938	1312	3811	580	6.5707	
PILOT-2018000427__E__haiku4.5__rep2.json	PILOT-2018000427	E	2	2	4938	1375	3773	580	6.5052	
PILOT-2018000427__E__sonnet4__rep0.json	PILOT-2018000427	E	0	2	4938	1350	3776	580	6.5103	
PILOT-2018000427__E__sonnet4__rep1.json	PILOT-2018000427	E	1	2	4938	1350	3776	580	6.5103	
PILOT-2018000427__E__sonnet4__rep2.json	PILOT-2018000427	E	2	2	4938	1350	3776	580	6.5103	
PILOT-2018000427__F__gpt4o-mini__rep0.json	PILOT-2018000427	F	0	0			None		None	no_gen
PILOT-2018000427__F__gpt4o-mini__rep1.json	PILOT-2018000427	F	1	0			None		None	no_gen
PILOT-2018000427__F__gpt4o-mini__rep2.json	PILOT-2018000427	F	2	0			None		None	no_gen
PILOT-2018000427__F__gpt5.4__rep0.json	PILOT-2018000427	F	0	2	4938	1278	3742	580	6.4517	
PILOT-2018000427__F__gpt5.4__rep1.json	PILOT-2018000427	F	1	2	4938	1389	3780	580	6.5172	
PILOT-2018000427__F__gpt5.4__rep2.json	PILOT-2018000427	F	2	2	4938	1278	3742	580	6.4517	
PILOT-2018000427__F__haiku4.5__rep0.json	PILOT-2018000427	F	0	2	4938	1281	3871	580	6.6741	
PILOT-2018000427__F__haiku4.5__rep1.json	PILOT-2018000427	F	1	2	4938	1291	3830	580	6.6034	
PILOT-2018000427__F__haiku4.5__rep2.json	PILOT-2018000427	F	2	2	4938	1374	3784	580	6.5241	
PILOT-2018000427__F__sonnet4__rep0.json	PILOT-2018000427	F	0	2	4938	1409	3735	580	6.4397	
PILOT-2018000427__F__sonnet4__rep1.json	PILOT-2018000427	F	1	2	4938	1409	3735	580	6.4397	
PILOT-2018000427__F__sonnet4__rep2.json	PILOT-2018000427	F	2	2	4938	1295	3832	580	6.6069	
PILOT-2018000427__G__gpt4o-mini__rep0.json	PILOT-2018000427	G	0	0			None		None	no_gen
PILOT-2018000427__G__gpt4o-mini__rep1.json	PILOT-2018000427	G	1	0			None		None	no_gen
PILOT-2018000427__G__gpt4o-mini__rep2.json	PILOT-2018000427	G	2	0			None		None	no_gen
PILOT-2018000427__G__gpt5.4__rep0.json	PILOT-2018000427	G	0	2	4938	1284	3748	580	6.4621	
PILOT-2018000427__G__gpt5.4__rep1.json	PILOT-2018000427	G	1	2	4938	1283	3747	580	6.4603	
PILOT-2018000427__G__gpt5.4__rep2.json	PILOT-2018000427	G	2	2	4938	1278	3742	580	6.4517	
PILOT-2018000427__G__haiku4.5__rep0.json	PILOT-2018000427	G	0	0			None		None	no_gen
PILOT-2018000427__G__haiku4.5__rep1.json	PILOT-2018000427	G	1	0			None		None	no_gen
PILOT-2018000427__G__haiku4.5__rep2.json	PILOT-2018000427	G	2	2	4938	1302	3814	580	6.5759	
PILOT-2018000427__G__sonnet4__rep0.json	PILOT-2018000427	G	0	2	4938	1438	3672	580	6.331	
PILOT-2018000427__G__sonnet4__rep1.json	PILOT-2018000427	G	1	2	4938	1409	3735	580	6.4397	
PILOT-2018000427__G__sonnet4__rep2.json	PILOT-2018000427	G	2	2	4938	1409	3735	580	6.4397	
PILOT-2018000427__baseline__gpt4o-mini__rep0.json	PILOT-2018000427	baseline	0	2	4938	1382	3827	580	6.5983	
PILOT-2018000427__baseline__gpt4o-mini__rep1.json	PILOT-2018000427	baseline	1	2	4938	1435	3803	580	6.5569	
PILOT-2018000427__baseline__gpt4o-mini__rep2.json	PILOT-2018000427	baseline	2	2	4938	1278	3827	580	6.5983	
PILOT-2018000427__baseline__gpt5.4__rep0.json	PILOT-2018000427	baseline	0	2	4938	1247	3711	580	6.3983	
PILOT-2018000427__baseline__gpt5.4__rep1.json	PILOT-2018000427	baseline	1	2	4938	1278	3742	580	6.4517	
PILOT-2018000427__baseline__gpt5.4__rep2.json	PILOT-2018000427	baseline	2	2	4938	1278	3742	580	6.4517	
PILOT-2018000427__baseline__haiku4.5__rep0.json	PILOT-2018000427	baseline	0	19	4938	4205	1659	580	2.8603	
PILOT-2018000427__baseline__haiku4.5__rep1.json	PILOT-2018000427	baseline	1	19	4938	4150	1637	580	2.8224	
PILOT-2018000427__baseline__haiku4.5__rep2.json	PILOT-2018000427	baseline	2	19	4938	4086	1536	580	2.6483	
PILOT-2018000427__baseline__sonnet4__rep0.json	PILOT-2018000427	baseline	0	2	4938	1438	3672	580	6.331	
PILOT-2018000427__baseline__sonnet4__rep1.json	PILOT-2018000427	baseline	1	2	4938	1438	3672	580	6.331	
PILOT-2018000427__baseline__sonnet4__rep2.json	PILOT-2018000427	baseline	2	2	4938	1438	3672	580	6.331	
PILOT-2018001232__A__gpt4o-mini__rep0.json	PILOT-2018001232	A	0	2	3733	709	3034	793	3.826	
PILOT-2018001232__A__gpt4o-mini__rep1.json	PILOT-2018001232	A	1	2	3733	730	3005	793	3.7894	
PILOT-2018001232__A__gpt4o-mini__rep2.json	PILOT-2018001232	A	2	2	3733	711	3032	793	3.8235	
PILOT-2018001232__A__gpt5.4__rep0.json	PILOT-2018001232	A	0	20	3733	3929	360	793	0.454	
PILOT-2018001232__A__gpt5.4__rep1.json	PILOT-2018001232	A	1	20	3733	4015	387	793	0.488	
PILOT-2018001232__A__gpt5.4__rep2.json	PILOT-2018001232	A	2	20	3733	4532	898	793	1.1324	
PILOT-2018001232__A__haiku4.5__rep0.json	PILOT-2018001232	A	0	20	3733	4447	1498	793	1.889	
PILOT-2018001232__A__haiku4.5__rep1.json	PILOT-2018001232	A	1	20	3733	4656	1183	793	1.4918	
PILOT-2018001232__A__haiku4.5__rep2.json	PILOT-2018001232	A	2	16	3733	4697	1718	793	2.1665	
PILOT-2018001232__A__sonnet4__rep0.json	PILOT-2018001232	A	0	20	3733	4158	589	793	0.7427	
PILOT-2018001232__A__sonnet4__rep1.json	PILOT-2018001232	A	1	20	3733	4125	556	793	0.7011	
PILOT-2018001232__A__sonnet4__rep2.json	PILOT-2018001232	A	2	20	3733	4135	566	793	0.7137	
PILOT-2018001232__B__gpt4o-mini__rep0.json	PILOT-2018001232	B	0	4	3733	633	3113	793	3.9256	
PILOT-2018001232__B__gpt4o-mini__rep1.json	PILOT-2018001232	B	1	3	3733	584	3157	793	3.9811	
PILOT-2018001232__B__gpt4o-mini__rep2.json	PILOT-2018001232	B	2	4	3733	633	3113	793	3.9256	
PILOT-2018001232__B__gpt5.4__rep0.json	PILOT-2018001232	B	0	20	3733	4560	919	793	1.1589	
PILOT-2018001232__B__gpt5.4__rep1.json	PILOT-2018001232	B	1	20	3733	4329	692	793	0.8726	
PILOT-2018001232__B__gpt5.4__rep2.json	PILOT-2018001232	B	2	20	3733	3702	403	793	0.5082	
PILOT-2018001232__B__haiku4.5__rep0.json	PILOT-2018001232	B	0	20	3733	3893	1125	793	1.4187	
PILOT-2018001232__B__haiku4.5__rep1.json	PILOT-2018001232	B	1	20	3733	3740	792	793	0.9987	
PILOT-2018001232__B__haiku4.5__rep2.json	PILOT-2018001232	B	2	20	3733	3893	1125	793	1.4187	
PILOT-2018001232__B__sonnet4__rep0.json	PILOT-2018001232	B	0	20	3733	3935	298	793	0.3758	
PILOT-2018001232__B__sonnet4__rep1.json	PILOT-2018001232	B	1	20	3733	3911	274	793	0.3455	
PILOT-2018001232__B__sonnet4__rep2.json	PILOT-2018001232	B	2	20	3733	4040	403	793	0.5082	
PILOT-2018001232__C__gpt4o-mini__rep0.json	PILOT-2018001232	C	0	3	3733	584	3158	793	3.9823	
PILOT-2018001232__C__gpt4o-mini__rep1.json	PILOT-2018001232	C	1	3	3733	585	3157	793	3.9811	
PILOT-2018001232__C__gpt4o-mini__rep2.json	PILOT-2018001232	C	2	3	3733	584	3157	793	3.9811	
PILOT-2018001232__C__gpt5.4__rep0.json	PILOT-2018001232	C	0	20	3733	3548	581	793	0.7327	
PILOT-2018001232__C__gpt5.4__rep1.json	PILOT-2018001232	C	1	20	3733	4054	417	793	0.5259	
PILOT-2018001232__C__gpt5.4__rep2.json	PILOT-2018001232	C	2	20	3733	3529	850	793	1.0719	
PILOT-2018001232__C__haiku4.5__rep0.json	PILOT-2018001232	C	0	20	3733	3980	1245	793	1.57	
PILOT-2018001232__C__haiku4.5__rep1.json	PILOT-2018001232	C	1	20	3733	4195	582	793	0.7339	
PILOT-2018001232__C__haiku4.5__rep2.json	PILOT-2018001232	C	2	20	3733	3911	1092	793	1.377	
PILOT-2018001232__C__sonnet4__rep0.json	PILOT-2018001232	C	0	20	3733	3935	298	793	0.3758	
PILOT-2018001232__C__sonnet4__rep1.json	PILOT-2018001232	C	1	20	3733	3935	298	793	0.3758	
PILOT-2018001232__C__sonnet4__rep2.json	PILOT-2018001232	C	2	20	3733	3935	298	793	0.3758	
PILOT-2018001232__D__gpt4o-mini__rep0.json	PILOT-2018001232	D	0	3	3733	583	3158	793	3.9823	
PILOT-2018001232__D__gpt4o-mini__rep1.json	PILOT-2018001232	D	1	4	3733	632	3114	793	3.9269	
PILOT-2018001232__D__gpt4o-mini__rep2.json	PILOT-2018001232	D	2	3	3733	583	3158	793	3.9823	
PILOT-2018001232__D__gpt5.4__rep0.json	PILOT-2018001232	D	0	20	3733	3519	846	793	1.0668	
PILOT-2018001232__D__gpt5.4__rep1.json	PILOT-2018001232	D	1	20	3733	3526	603	793	0.7604	
PILOT-2018001232__D__gpt5.4__rep2.json	PILOT-2018001232	D	2	20	3733	3543	576	793	0.7264	
PILOT-2018001232__D__haiku4.5__rep0.json	PILOT-2018001232	D	0	20	3733	4574	909	793	1.1463	
PILOT-2018001232__D__haiku4.5__rep1.json	PILOT-2018001232	D	1	20	3733	4136	598	793	0.7541	
PILOT-2018001232__D__haiku4.5__rep2.json	PILOT-2018001232	D	2	20	3733	5316	1619	793	2.0416	
PILOT-2018001232__D__sonnet4__rep0.json	PILOT-2018001232	D	0	20	3733	3911	274	793	0.3455	
PILOT-2018001232__D__sonnet4__rep1.json	PILOT-2018001232	D	1	20	3733	3911	274	793	0.3455	
PILOT-2018001232__D__sonnet4__rep2.json	PILOT-2018001232	D	2	20	3733	4116	479	793	0.604	
PILOT-2018001232__E__gpt4o-mini__rep0.json	PILOT-2018001232	E	0	3	3733	583	3158	793	3.9823	
PILOT-2018001232__E__gpt4o-mini__rep1.json	PILOT-2018001232	E	1	3	3733	583	3158	793	3.9823	
PILOT-2018001232__E__gpt4o-mini__rep2.json	PILOT-2018001232	E	2	3	3733	585	3157	793	3.9811	
PILOT-2018001232__E__gpt5.4__rep0.json	PILOT-2018001232	E	0	20	3733	3983	346	793	0.4363	
PILOT-2018001232__E__gpt5.4__rep1.json	PILOT-2018001232	E	1	20	3733	3988	351	793	0.4426	
PILOT-2018001232__E__gpt5.4__rep2.json	PILOT-2018001232	E	2	20	3733	3986	349	793	0.4401	
PILOT-2018001232__E__haiku4.5__rep0.json	PILOT-2018001232	E	0	20	3733	4174	537	793	0.6772	
PILOT-2018001232__E__haiku4.5__rep1.json	PILOT-2018001232	E	1	20	3733	5181	1586	793	2.0	
PILOT-2018001232__E__haiku4.5__rep2.json	PILOT-2018001232	E	2	20	3733	3449	948	793	1.1955	
PILOT-2018001232__E__sonnet4__rep0.json	PILOT-2018001232	E	0	20	3733	3935	298	793	0.3758	
PILOT-2018001232__E__sonnet4__rep1.json	PILOT-2018001232	E	1	20	3733	3935	298	793	0.3758	
PILOT-2018001232__E__sonnet4__rep2.json	PILOT-2018001232	E	2	20	3733	3935	298	793	0.3758	
PILOT-2018001232__F__gpt4o-mini__rep0.json	PILOT-2018001232	F	0	3	3733	585	3157	793	3.9811	
PILOT-2018001232__F__gpt4o-mini__rep1.json	PILOT-2018001232	F	1	3	3733	587	3155	793	3.9786	
PILOT-2018001232__F__gpt4o-mini__rep2.json	PILOT-2018001232	F	2	2	3733	841	2895	793	3.6507	
PILOT-2018001232__F__gpt5.4__rep0.json	PILOT-2018001232	F	0	20	3733	3967	330	793	0.4161	
PILOT-2018001232__F__gpt5.4__rep1.json	PILOT-2018001232	F	1	20	3733	4314	677	793	0.8537	
PILOT-2018001232__F__gpt5.4__rep2.json	PILOT-2018001232	F	2	20	3733	4017	380	793	0.4792	
PILOT-2018001232__F__haiku4.5__rep0.json	PILOT-2018001232	F	0	20	3733	3403	632	793	0.797	
PILOT-2018001232__F__haiku4.5__rep1.json	PILOT-2018001232	F	1	20	3733	3403	632	793	0.797	
PILOT-2018001232__F__haiku4.5__rep2.json	PILOT-2018001232	F	2	20	3733	3403	632	793	0.797	
PILOT-2018001232__F__sonnet4__rep0.json	PILOT-2018001232	F	0	20	3733	3911	274	793	0.3455	
PILOT-2018001232__F__sonnet4__rep1.json	PILOT-2018001232	F	1	20	3733	3911	274	793	0.3455	
PILOT-2018001232__F__sonnet4__rep2.json	PILOT-2018001232	F	2	20	3733	3911	274	793	0.3455	
PILOT-2018001232__G__gpt4o-mini__rep0.json	PILOT-2018001232	G	0	2	3733	822	2921	793	3.6835	
PILOT-2018001232__G__gpt4o-mini__rep1.json	PILOT-2018001232	G	1	4	3733	632	3114	793	3.9269	
PILOT-2018001232__G__gpt4o-mini__rep2.json	PILOT-2018001232	G	2	3	3733	584	3158	793	3.9823	
PILOT-2018001232__G__gpt5.4__rep0.json	PILOT-2018001232	G	0	20	3733	3701	410	793	0.517	
PILOT-2018001232__G__gpt5.4__rep1.json	PILOT-2018001232	G	1	20	3733	3830	539	793	0.6797	
PILOT-2018001232__G__gpt5.4__rep2.json	PILOT-2018001232	G	2	20	3733	3865	228	793	0.2875	
PILOT-2018001232__G__haiku4.5__rep0.json	PILOT-2018001232	G	0	20	3733	4026	389	793	0.4905	
PILOT-2018001232__G__haiku4.5__rep1.json	PILOT-2018001232	G	1	20	3733	3902	729	793	0.9193	
PILOT-2018001232__G__haiku4.5__rep2.json	PILOT-2018001232	G	2	20	3733	4076	439	793	0.5536	
PILOT-2018001232__G__sonnet4__rep0.json	PILOT-2018001232	G	0	20	3733	3935	298	793	0.3758	
PILOT-2018001232__G__sonnet4__rep1.json	PILOT-2018001232	G	1	20	3733	3911	274	793	0.3455	
PILOT-2018001232__G__sonnet4__rep2.json	PILOT-2018001232	G	2	20	3733	3921	284	793	0.3581	
PILOT-2018001232__baseline__gpt4o-mini__rep0.json	PILOT-2018001232	baseline	0	3	3733	584	3157	793	3.9811	
PILOT-2018001232__baseline__gpt4o-mini__rep1.json	PILOT-2018001232	baseline	1	3	3733	583	3158	793	3.9823	
PILOT-2018001232__baseline__gpt4o-mini__rep2.json	PILOT-2018001232	baseline	2	3	3733	584	3158	793	3.9823	
PILOT-2018001232__baseline__gpt5.4__rep0.json	PILOT-2018001232	baseline	0	20	3733	4472	831	793	1.0479	
PILOT-2018001232__baseline__gpt5.4__rep1.json	PILOT-2018001232	baseline	1	20	3733	3551	586	793	0.739	
PILOT-2018001232__baseline__gpt5.4__rep2.json	PILOT-2018001232	baseline	2	20	3733	3553	904	793	1.14	
PILOT-2018001232__baseline__haiku4.5__rep0.json	PILOT-2018001232	baseline	0	20	3733	4605	915	793	1.1538	
PILOT-2018001232__baseline__haiku4.5__rep1.json	PILOT-2018001232	baseline	1	20	3733	4726	1033	793	1.3026	
PILOT-2018001232__baseline__haiku4.5__rep2.json	PILOT-2018001232	baseline	2	20	3733	4665	1697	793	2.14	
PILOT-2018001232__baseline__sonnet4__rep0.json	PILOT-2018001232	baseline	0	20	3733	3935	298	793	0.3758	
PILOT-2018001232__baseline__sonnet4__rep1.json	PILOT-2018001232	baseline	1	20	3733	3935	298	793	0.3758	
PILOT-2018001232__baseline__sonnet4__rep2.json	PILOT-2018001232	baseline	2	20	3733	3935	298	793	0.3758	
PILOT-2018003513__A__gpt4o-mini__rep0.json	PILOT-2018003513	A	0	5	11037	1494	9551	3486	2.7398	
PILOT-2018003513__A__gpt4o-mini__rep1.json	PILOT-2018003513	A	1	6	11037	3098	7947	3486	2.2797	
PILOT-2018003513__A__gpt4o-mini__rep2.json	PILOT-2018003513	A	2	7	11037	3247	7792	3486	2.2352	
PILOT-2018003513__A__gpt5.4__rep0.json	PILOT-2018003513	A	0	25	11037	5712	5530	3486	1.5863	
PILOT-2018003513__A__gpt5.4__rep1.json	PILOT-2018003513	A	1	25	11037	9291	4327	3486	1.2413	
PILOT-2018003513__A__gpt5.4__rep2.json	PILOT-2018003513	A	2	25	11037	5908	5532	3486	1.5869	
PILOT-2018003513__A__haiku4.5__rep0.json	PILOT-2018003513	A	0	26	11037	8073	3930	3486	1.1274	
PILOT-2018003513__A__haiku4.5__rep1.json	PILOT-2018003513	A	1	26	11037	8668	3900	3486	1.1188	
PILOT-2018003513__A__haiku4.5__rep2.json	PILOT-2018003513	A	2	26	11037	8653	3981	3486	1.142	
PILOT-2018003513__A__sonnet4__rep0.json	PILOT-2018003513	A	0	26	11037	3614	7545	3486	2.1644	
PILOT-2018003513__A__sonnet4__rep1.json	PILOT-2018003513	A	1	25	11037	8776	4054	3486	1.1629	
PILOT-2018003513__A__sonnet4__rep2.json	PILOT-2018003513	A	2	26	11037	3647	7519	3486	2.1569	
PILOT-2018003513__B__gpt4o-mini__rep0.json	PILOT-2018003513	B	0	3	11037	1002	10058	3486	2.8853	
PILOT-2018003513__B__gpt4o-mini__rep1.json	PILOT-2018003513	B	1	5	11037	1143	9902	3486	2.8405	
PILOT-2018003513__B__gpt4o-mini__rep2.json	PILOT-2018003513	B	2	5	11037	1155	9907	3486	2.8419	
PILOT-2018003513__B__gpt5.4__rep0.json	PILOT-2018003513	B	0	25	11037	3477	7783	3486	2.2326	
PILOT-2018003513__B__gpt5.4__rep1.json	PILOT-2018003513	B	1	25	11037	3998	7306	3486	2.0958	
PILOT-2018003513__B__gpt5.4__rep2.json	PILOT-2018003513	B	2	26	11037	3743	7488	3486	2.148	
PILOT-2018003513__B__haiku4.5__rep0.json	PILOT-2018003513	B	0	25	11037	2601	8801	3486	2.5247	
PILOT-2018003513__B__haiku4.5__rep1.json	PILOT-2018003513	B	1	34	11037	2619	8604	3486	2.4682	
PILOT-2018003513__B__haiku4.5__rep2.json	PILOT-2018003513	B	2	33	11037	3819	7569	3486	2.1713	
PILOT-2018003513__B__sonnet4__rep0.json	PILOT-2018003513	B	0	33	11037	3771	7443	3486	2.1351	
PILOT-2018003513__B__sonnet4__rep1.json	PILOT-2018003513	B	1	34	11037	3312	7791	3486	2.2349	
PILOT-2018003513__B__sonnet4__rep2.json	PILOT-2018003513	B	2	34	11037	4838	6274	3486	1.7998	
PILOT-2018003513__C__gpt4o-mini__rep0.json	PILOT-2018003513	C	0	6	11037	1793	9253	3486	2.6543	
PILOT-2018003513__C__gpt4o-mini__rep1.json	PILOT-2018003513	C	1	5	11037	1496	9549	3486	2.7392	
PILOT-2018003513__C__gpt4o-mini__rep2.json	PILOT-2018003513	C	2	7	11037	3396	7650	3486	2.1945	
PILOT-2018003513__C__gpt5.4__rep0.json	PILOT-2018003513	C	0	26	11037	5201	6525	3486	1.8718	
PILOT-2018003513__C__gpt5.4__rep1.json	PILOT-2018003513	C	1	26	11037	4263	7081	3486	2.0313	
PILOT-2018003513__C__gpt5.4__rep2.json	PILOT-2018003513	C	2	26	11037	4578	6789	3486	1.9475	
PILOT-2018003513__C__haiku4.5__rep0.json	PILOT-2018003513	C	0	26	11037	6142	5005	3486	1.4357	
PILOT-2018003513__C__haiku4.5__rep1.json	PILOT-2018003513	C	1	26	11037	5793	5583	3486	1.6015	
PILOT-2018003513__C__haiku4.5__rep2.json	PILOT-2018003513	C	2	26	11037	4491	6633	3486	1.9028	
PILOT-2018003513__C__sonnet4__rep0.json	PILOT-2018003513	C	0	26	11037	3548	7538	3486	2.1624	
PILOT-2018003513__C__sonnet4__rep1.json	PILOT-2018003513	C	1	25	11037	8771	4050	3486	1.1618	
PILOT-2018003513__C__sonnet4__rep2.json	PILOT-2018003513	C	2	33	11037	5452	5901	3486	1.6928	
PILOT-2018003513__D__gpt4o-mini__rep0.json	PILOT-2018003513	D	0	5	11037	1484	9554	3486	2.7407	
PILOT-2018003513__D__gpt4o-mini__rep1.json	PILOT-2018003513	D	1	7	11037	3390	7656	3486	2.1962	
PILOT-2018003513__D__gpt4o-mini__rep2.json	PILOT-2018003513	D	2	6	11037	1573	9474	3486	2.7177	
PILOT-2018003513__D__gpt5.4__rep0.json	PILOT-2018003513	D	0	25	11037	3666	7580	3486	2.1744	
PILOT-2018003513__D__gpt5.4__rep1.json	PILOT-2018003513	D	1	25	11037	3928	7508	3486	2.1538	
PILOT-2018003513__D__gpt5.4__rep2.json	PILOT-2018003513	D	2	26	11037	3788	7457	3486	2.1391	
PILOT-2018003513__D__haiku4.5__rep0.json	PILOT-2018003513	D	0	26	11037	1813	9262	3486	2.6569	
PILOT-2018003513__D__haiku4.5__rep1.json	PILOT-2018003513	D	1	33	11037	8107	3209	3486	0.9205	
PILOT-2018003513__D__haiku4.5__rep2.json	PILOT-2018003513	D	2	27	11037	3577	7583	3486	2.1753	
PILOT-2018003513__D__sonnet4__rep0.json	PILOT-2018003513	D	0	25	11037	3536	7844	3486	2.2501	
PILOT-2018003513__D__sonnet4__rep1.json	PILOT-2018003513	D	1	26	11037	3806	7349	3486	2.1081	
PILOT-2018003513__D__sonnet4__rep2.json	PILOT-2018003513	D	2	25	11037	3440	7707	3486	2.2108	
PILOT-2018003513__E__gpt4o-mini__rep0.json	PILOT-2018003513	E	0	6	11037	3118	7944	3486	2.2788	
PILOT-2018003513__E__gpt4o-mini__rep1.json	PILOT-2018003513	E	1	6	11037	3242	7820	3486	2.2433	
PILOT-2018003513__E__gpt4o-mini__rep2.json	PILOT-2018003513	E	2	4	11037	1047	9998	3486	2.868	
PILOT-2018003513__E__gpt5.4__rep0.json	PILOT-2018003513	E	0	25	11037	8851	4146	3486	1.1893	
PILOT-2018003513__E__gpt5.4__rep1.json	PILOT-2018003513	E	1	25	11037	8770	4067	3486	1.1667	
PILOT-2018003513__E__gpt5.4__rep2.json	PILOT-2018003513	E	2	25	11037	5055	6086	3486	1.7458	
PILOT-2018003513__E__haiku4.5__rep0.json	PILOT-2018003513	E	0	26	11037	4295	7108	3486	2.039	
PILOT-2018003513__E__haiku4.5__rep1.json	PILOT-2018003513	E	1	26	11037	8564	3842	3486	1.1021	
PILOT-2018003513__E__haiku4.5__rep2.json	PILOT-2018003513	E	2	26	11037	5796	5458	3486	1.5657	
PILOT-2018003513__E__sonnet4__rep0.json	PILOT-2018003513	E	0	25	11037	8772	4054	3486	1.1629	
PILOT-2018003513__E__sonnet4__rep1.json	PILOT-2018003513	E	1	33	11037	5092	6165	3486	1.7685	
PILOT-2018003513__E__sonnet4__rep2.json	PILOT-2018003513	E	2	25	11037	3159	7938	3486	2.2771	
PILOT-2018003513__F__gpt4o-mini__rep0.json	PILOT-2018003513	F	0	6	11037	3092	7946	3486	2.2794	
PILOT-2018003513__F__gpt4o-mini__rep1.json	PILOT-2018003513	F	1	8	11037	3037	8005	3486	2.2963	
PILOT-2018003513__F__gpt4o-mini__rep2.json	PILOT-2018003513	F	2	11	11037	3577	7463	3486	2.1408	
PILOT-2018003513__F__gpt5.4__rep0.json	PILOT-2018003513	F	0	25	11037	3941	7344	3486	2.1067	
PILOT-2018003513__F__gpt5.4__rep1.json	PILOT-2018003513	F	1	26	11037	3808	7464	3486	2.1411	
PILOT-2018003513__F__gpt5.4__rep2.json	PILOT-2018003513	F	2	25	11037	8172	4190	3486	1.202	
PILOT-2018003513__F__haiku4.5__rep0.json	PILOT-2018003513	F	0	26	11037	5629	5620	3486	1.6122	
PILOT-2018003513__F__haiku4.5__rep1.json	PILOT-2018003513	F	1	26	11037	3600	7550	3486	2.1658	
PILOT-2018003513__F__haiku4.5__rep2.json	PILOT-2018003513	F	2	26	11037	5055	6064	3486	1.7395	
PILOT-2018003513__F__sonnet4__rep0.json	PILOT-2018003513	F	0	26	11037	5507	5826	3486	1.6713	
PILOT-2018003513__F__sonnet4__rep1.json	PILOT-2018003513	F	1	25	11037	8493	4033	3486	1.1569	
PILOT-2018003513__F__sonnet4__rep2.json	PILOT-2018003513	F	2	34	11037	6879	4688	3486	1.3448	
PILOT-2018003513__G__gpt4o-mini__rep0.json	PILOT-2018003513	G	0	32	11037	10106	965	3486	0.2768	
PILOT-2018003513__G__gpt4o-mini__rep1.json	PILOT-2018003513	G	1	7	11037	3236	7803	3486	2.2384	
PILOT-2018003513__G__gpt4o-mini__rep2.json	PILOT-2018003513	G	2	6	11037	3116	7922	3486	2.2725	
PILOT-2018003513__G__gpt5.4__rep0.json	PILOT-2018003513	G	0	25	11037	9010	4286	3486	1.2295	
PILOT-2018003513__G__gpt5.4__rep1.json	PILOT-2018003513	G	1	25	11037	3906	7622	3486	2.1865	
PILOT-2018003513__G__gpt5.4__rep2.json	PILOT-2018003513	G	2	25	11037	5800	5672	3486	1.6271	
PILOT-2018003513__G__haiku4.5__rep0.json	PILOT-2018003513	G	0	26	11037	3430	7671	3486	2.2005	
PILOT-2018003513__G__haiku4.5__rep1.json	PILOT-2018003513	G	1	26	11037	5305	5924	3486	1.6994	
PILOT-2018003513__G__haiku4.5__rep2.json	PILOT-2018003513	G	2	26	11037	2638	8461	3486	2.4271	
PILOT-2018003513__G__sonnet4__rep0.json	PILOT-2018003513	G	0	25	11037	3460	7686	3486	2.2048	
PILOT-2018003513__G__sonnet4__rep1.json	PILOT-2018003513	G	1	25	11037	3281	7915	3486	2.2705	
PILOT-2018003513__G__sonnet4__rep2.json	PILOT-2018003513	G	2	25	11037	3503	7661	3486	2.1976	
PILOT-2018003513__baseline__gpt4o-mini__rep0.json	PILOT-2018003513	baseline	0	6	11037	1821	9243	3486	2.6515	
PILOT-2018003513__baseline__gpt4o-mini__rep1.json	PILOT-2018003513	baseline	1	6	11037	3202	7837	3486	2.2481	
PILOT-2018003513__baseline__gpt4o-mini__rep2.json	PILOT-2018003513	baseline	2	7	11037	3343	7720	3486	2.2146	
PILOT-2018003513__baseline__gpt5.4__rep0.json	PILOT-2018003513	baseline	0	26	11037	4014	7354	3486	2.1096	
PILOT-2018003513__baseline__gpt5.4__rep1.json	PILOT-2018003513	baseline	1	25	11037	5269	6062	3486	1.739	
PILOT-2018003513__baseline__gpt5.4__rep2.json	PILOT-2018003513	baseline	2	25	11037	8445	3957	3486	1.1351	
PILOT-2018003513__baseline__haiku4.5__rep0.json	PILOT-2018003513	baseline	0	26	11037	5523	6096	3486	1.7487	
PILOT-2018003513__baseline__haiku4.5__rep1.json	PILOT-2018003513	baseline	1	26	11037	5561	5886	3486	1.6885	
PILOT-2018003513__baseline__haiku4.5__rep2.json	PILOT-2018003513	baseline	2	26	11037	5474	5842	3486	1.6758	
PILOT-2018003513__baseline__sonnet4__rep0.json	PILOT-2018003513	baseline	0	25	11037	8769	4053	3486	1.1627	
PILOT-2018003513__baseline__sonnet4__rep1.json	PILOT-2018003513	baseline	1	25	11037	3437	7707	3486	2.2108	
PILOT-2018003513__baseline__sonnet4__rep2.json	PILOT-2018003513	baseline	2	25	11037	4979	6188	3486	1.7751	
PILOT-2018005420__A__gpt4o-mini__rep0.json	PILOT-2018005420	A	0	25	8113	7905	583	2586	0.2254	
PILOT-2018005420__A__gpt4o-mini__rep1.json	PILOT-2018005420	A	1	25	8113	7881	582	2586	0.2251	
PILOT-2018005420__A__gpt4o-mini__rep2.json	PILOT-2018005420	A	2	25	8113	7943	526	2586	0.2034	
PILOT-2018005420__A__gpt5.4__rep0.json	PILOT-2018005420	A	0	25	8113	8829	1133	2586	0.4381	
PILOT-2018005420__A__gpt5.4__rep1.json	PILOT-2018005420	A	1	25	8113	8835	1131	2586	0.4374	
PILOT-2018005420__A__gpt5.4__rep2.json	PILOT-2018005420	A	2	25	8113	9082	1411	2586	0.5456	
PILOT-2018005420__A__haiku4.5__rep0.json	PILOT-2018005420	A	0	25	8113	7396	1013	2586	0.3917	
PILOT-2018005420__A__haiku4.5__rep1.json	PILOT-2018005420	A	1	25	8113	6397	2012	2586	0.778	
PILOT-2018005420__A__haiku4.5__rep2.json	PILOT-2018005420	A	2	25	8113	7350	1117	2586	0.4319	
PILOT-2018005420__A__sonnet4__rep0.json	PILOT-2018005420	A	0	25	8113	8335	585	2586	0.2262	
PILOT-2018005420__A__sonnet4__rep1.json	PILOT-2018005420	A	1	25	8113	8670	914	2586	0.3534	
PILOT-2018005420__A__sonnet4__rep2.json	PILOT-2018005420	A	2	25	8113	8479	816	2586	0.3155	
PILOT-2018005420__B__gpt4o-mini__rep0.json	PILOT-2018005420	B	0	25	8113	8134	337	2586	0.1303	
PILOT-2018005420__B__gpt4o-mini__rep1.json	PILOT-2018005420	B	1	25	8113	8134	337	2586	0.1303	
PILOT-2018005420__B__gpt4o-mini__rep2.json	PILOT-2018005420	B	2	9	8113	4357	3862	2586	1.4934	
PILOT-2018005420__B__gpt5.4__rep0.json	PILOT-2018005420	B	0	25	8113	8878	1187	2586	0.459	
PILOT-2018005420__B__gpt5.4__rep1.json	PILOT-2018005420	B	1	25	8113	8566	838	2586	0.3241	
PILOT-2018005420__B__gpt5.4__rep2.json	PILOT-2018005420	B	2	25	8113	8878	1167	2586	0.4513	
PILOT-2018005420__B__haiku4.5__rep0.json	PILOT-2018005420	B	0	25	8113	3318	5153	2586	1.9927	
PILOT-2018005420__B__haiku4.5__rep1.json	PILOT-2018005420	B	1	25	8113	3676	4760	2586	1.8407	
PILOT-2018005420__B__haiku4.5__rep2.json	PILOT-2018005420	B	2	25	8113	8362	658	2586	0.2544	
PILOT-2018005420__B__sonnet4__rep0.json	PILOT-2018005420	B	0	25	8113	8388	591	2586	0.2285	
PILOT-2018005420__B__sonnet4__rep1.json	PILOT-2018005420	B	1	25	8113	8663	865	2586	0.3345	
PILOT-2018005420__B__sonnet4__rep2.json	PILOT-2018005420	B	2	25	8113	8223	426	2586	0.1647	
PILOT-2018005420__C__gpt4o-mini__rep0.json	PILOT-2018005420	C	0	25	8113	8151	354	2586	0.1369	
PILOT-2018005420__C__gpt4o-mini__rep1.json	PILOT-2018005420	C	1	25	8113	8099	401	2586	0.1551	
PILOT-2018005420__C__gpt4o-mini__rep2.json	PILOT-2018005420	C	2	25	8113	8075	401	2586	0.1551	
PILOT-2018005420__C__gpt5.4__rep0.json	PILOT-2018005420	C	0	25	8113	8481	777	2586	0.3005	
PILOT-2018005420__C__gpt5.4__rep1.json	PILOT-2018005420	C	1	25	8113	9110	1406	2586	0.5437	
PILOT-2018005420__C__gpt5.4__rep2.json	PILOT-2018005420	C	2	25	8113	9131	1417	2586	0.548	
PILOT-2018005420__C__haiku4.5__rep0.json	PILOT-2018005420	C	0	25	8113	6509	1936	2586	0.7486	
PILOT-2018005420__C__haiku4.5__rep1.json	PILOT-2018005420	C	1	25	8113	8095	437	2586	0.169	
PILOT-2018005420__C__haiku4.5__rep2.json	PILOT-2018005420	C	2	25	8113	8063	405	2586	0.1566	
PILOT-2018005420__C__sonnet4__rep0.json	PILOT-2018005420	C	0	25	8113	8359	701	2586	0.2711	
PILOT-2018005420__C__sonnet4__rep1.json	PILOT-2018005420	C	1	25	8113	8762	954	2586	0.3689	
PILOT-2018005420__C__sonnet4__rep2.json	PILOT-2018005420	C	2	25	8113	8359	701	2586	0.2711	
PILOT-2018005420__D__gpt4o-mini__rep0.json	PILOT-2018005420	D	0	25	8113	8099	401	2586	0.1551	
PILOT-2018005420__D__gpt4o-mini__rep1.json	PILOT-2018005420	D	1	25	8113	8131	334	2586	0.1292	
PILOT-2018005420__D__gpt4o-mini__rep2.json	PILOT-2018005420	D	2	4	8113	1604	6536	2586	2.5275	
PILOT-2018005420__D__gpt5.4__rep0.json	PILOT-2018005420	D	0	25	8113	8527	823	2586	0.3183	
PILOT-2018005420__D__gpt5.4__rep1.json	PILOT-2018005420	D	1	25	8113	8559	855	2586	0.3306	
PILOT-2018005420__D__gpt5.4__rep2.json	PILOT-2018005420	D	2	25	8113	8479	775	2586	0.2997	
PILOT-2018005420__D__haiku4.5__rep0.json	PILOT-2018005420	D	0	25	8113	8218	518	2586	0.2003	
PILOT-2018005420__D__haiku4.5__rep1.json	PILOT-2018005420	D	1	25	8113	8192	492	2586	0.1903	
PILOT-2018005420__D__haiku4.5__rep2.json	PILOT-2018005420	D	2	25	8113	9060	1229	2586	0.4753	
PILOT-2018005420__D__sonnet4__rep0.json	PILOT-2018005420	D	0	25	8113	8389	591	2586	0.2285	
PILOT-2018005420__D__sonnet4__rep1.json	PILOT-2018005420	D	1	25	8113	8335	585	2586	0.2262	
PILOT-2018005420__D__sonnet4__rep2.json	PILOT-2018005420	D	2	25	8113	8479	816	2586	0.3155	
PILOT-2018005420__E__gpt4o-mini__rep0.json	PILOT-2018005420	E	0	25	8113	8155	358	2586	0.1384	
PILOT-2018005420__E__gpt4o-mini__rep1.json	PILOT-2018005420	E	1	25	8113	8134	337	2586	0.1303	
PILOT-2018005420__E__gpt4o-mini__rep2.json	PILOT-2018005420	E	2	25	8113	8018	239	2586	0.0924	
PILOT-2018005420__E__gpt5.4__rep0.json	PILOT-2018005420	E	0	25	8113	8091	385	2586	0.1489	
PILOT-2018005420__E__gpt5.4__rep1.json	PILOT-2018005420	E	1	25	8113	8321	612	2586	0.2367	
PILOT-2018005420__E__gpt5.4__rep2.json	PILOT-2018005420	E	2	25	8113	8365	661	2586	0.2556	
PILOT-2018005420__E__haiku4.5__rep0.json	PILOT-2018005420	E	0	25	8113	8325	528	2586	0.2042	
PILOT-2018005420__E__haiku4.5__rep1.json	PILOT-2018005420	E	1	25	8113	8669	847	2586	0.3275	
PILOT-2018005420__E__haiku4.5__rep2.json	PILOT-2018005420	E	2	25	8113	7717	982	2586	0.3797	
PILOT-2018005420__E__sonnet4__rep0.json	PILOT-2018005420	E	0	25	8113	8153	356	2586	0.1377	
PILOT-2018005420__E__sonnet4__rep1.json	PILOT-2018005420	E	1	25	8113	8153	356	2586	0.1377	
PILOT-2018005420__E__sonnet4__rep2.json	PILOT-2018005420	E	2	25	8113	8153	356	2586	0.1377	
PILOT-2018005420__F__gpt4o-mini__rep0.json	PILOT-2018005420	F	0	6	8113	2517	5754	2586	2.2251	
PILOT-2018005420__F__gpt4o-mini__rep1.json	PILOT-2018005420	F	1	25	8113	8102	347	2586	0.1342	
PILOT-2018005420__F__gpt4o-mini__rep2.json	PILOT-2018005420	F	2	25	8113	8102	307	2586	0.1187	
PILOT-2018005420__F__gpt5.4__rep0.json	PILOT-2018005420	F	0	25	8113	8485	780	2586	0.3016	
PILOT-2018005420__F__gpt5.4__rep1.json	PILOT-2018005420	F	1	25	8113	8925	1213	2586	0.4691	
PILOT-2018005420__F__gpt5.4__rep2.json	PILOT-2018005420	F	2	25	8113	9117	1399	2586	0.541	
PILOT-2018005420__F__haiku4.5__rep0.json	PILOT-2018005420	F	0	25	8113	8315	668	2586	0.2583	
PILOT-2018005420__F__haiku4.5__rep1.json	PILOT-2018005420	F	1	25	8113	8529	882	2586	0.3411	
PILOT-2018005420__F__haiku4.5__rep2.json	PILOT-2018005420	F	2	25	8113	8095	437	2586	0.169	
PILOT-2018005420__F__sonnet4__rep0.json	PILOT-2018005420	F	0	25	8113	8164	367	2586	0.1419	
PILOT-2018005420__F__sonnet4__rep1.json	PILOT-2018005420	F	1	25	8113	8472	675	2586	0.261	
PILOT-2018005420__F__sonnet4__rep2.json	PILOT-2018005420	F	2	25	8113	8208	411	2586	0.1589	
PILOT-2018005420__G__gpt4o-mini__rep0.json	PILOT-2018005420	G	0	25	8113	8155	406	2586	0.157	
PILOT-2018005420__G__gpt4o-mini__rep1.json	PILOT-2018005420	G	1	25	8113	8075	278	2586	0.1075	
PILOT-2018005420__G__gpt4o-mini__rep2.json	PILOT-2018005420	G	2	25	8113	8138	341	2586	0.1319	
PILOT-2018005420__G__gpt5.4__rep0.json	PILOT-2018005420	G	0	25	8113	8827	1141	2586	0.4412	
PILOT-2018005420__G__gpt5.4__rep1.json	PILOT-2018005420	G	1	25	8113	8735	1027	2586	0.3971	
PILOT-2018005420__G__gpt5.4__rep2.json	PILOT-2018005420	G	2	25	8113	8433	729	2586	0.2819	
PILOT-2018005420__G__haiku4.5__rep0.json	PILOT-2018005420	G	0	25	8113	8063	411	2586	0.1589	
PILOT-2018005420__G__haiku4.5__rep1.json	PILOT-2018005420	G	1	25	8113	7999	351	2586	0.1357	
PILOT-2018005420__G__haiku4.5__rep2.json	PILOT-2018005420	G	2	25	8113	8079	424	2586	0.164	
PILOT-2018005420__G__sonnet4__rep0.json	PILOT-2018005420	G	0	25	8113	8378	581	2586	0.2247	
PILOT-2018005420__G__sonnet4__rep1.json	PILOT-2018005420	G	1	25	8113	8378	581	2586	0.2247	
PILOT-2018005420__G__sonnet4__rep2.json	PILOT-2018005420	G	2	25	8113	8364	567	2586	0.2193	
PILOT-2018005420__baseline__gpt4o-mini__rep0.json	PILOT-2018005420	baseline	0	25	8113	7975	250	2586	0.0967	
PILOT-2018005420__baseline__gpt4o-mini__rep1.json	PILOT-2018005420	baseline	1	25	8113	8134	337	2586	0.1303	
PILOT-2018005420__baseline__gpt4o-mini__rep2.json	PILOT-2018005420	baseline	2	25	8113	8074	400	2586	0.1547	
PILOT-2018005420__baseline__gpt5.4__rep0.json	PILOT-2018005420	baseline	0	25	8113	9128	1414	2586	0.5468	
PILOT-2018005420__baseline__gpt5.4__rep1.json	PILOT-2018005420	baseline	1	25	8113	8099	401	2586	0.1551	
PILOT-2018005420__baseline__gpt5.4__rep2.json	PILOT-2018005420	baseline	2	25	8113	9131	1417	2586	0.548	
PILOT-2018005420__baseline__haiku4.5__rep0.json	PILOT-2018005420	baseline	0	25	8113	8063	405	2586	0.1566	
PILOT-2018005420__baseline__haiku4.5__rep1.json	PILOT-2018005420	baseline	1	25	8113	8063	405	2586	0.1566	
PILOT-2018005420__baseline__haiku4.5__rep2.json	PILOT-2018005420	baseline	2	25	8113	8063	405	2586	0.1566	
PILOT-2018005420__baseline__sonnet4__rep0.json	PILOT-2018005420	baseline	0	25	8113	8432	634	2586	0.2452	
PILOT-2018005420__baseline__sonnet4__rep1.json	PILOT-2018005420	baseline	1	25	8113	8389	591	2586	0.2285	
PILOT-2018005420__baseline__sonnet4__rep2.json	PILOT-2018005420	baseline	2	25	8113	8623	819	2586	0.3167	
PILOT-2018005863__A__gpt4o-mini__rep0.json	PILOT-2018005863	A	0	9	8120	2422	5709	1563	3.6526	
PILOT-2018005863__A__gpt4o-mini__rep1.json	PILOT-2018005863	A	1	11	8120	3498	4677	1563	2.9923	
PILOT-2018005863__A__gpt4o-mini__rep2.json	PILOT-2018005863	A	2	7	8120	2126	6050	1563	3.8708	
PILOT-2018005863__A__gpt5.4__rep0.json	PILOT-2018005863	A	0	25	8120	8502	1092	1563	0.6987	
PILOT-2018005863__A__gpt5.4__rep1.json	PILOT-2018005863	A	1	25	8120	8737	1240	1563	0.7933	
PILOT-2018005863__A__gpt5.4__rep2.json	PILOT-2018005863	A	2	25	8120	8320	838	1563	0.5361	
PILOT-2018005863__A__haiku4.5__rep0.json	PILOT-2018005863	A	0	25	8120	9714	2215	1563	1.4171	
PILOT-2018005863__A__haiku4.5__rep1.json	PILOT-2018005863	A	1	25	8120	8556	1203	1563	0.7697	
PILOT-2018005863__A__haiku4.5__rep2.json	PILOT-2018005863	A	2	25	8120	8133	849	1563	0.5432	
PILOT-2018005863__A__sonnet4__rep0.json	PILOT-2018005863	A	0	25	8120	7985	646	1563	0.4133	
PILOT-2018005863__A__sonnet4__rep1.json	PILOT-2018005863	A	1	25	8120	7985	646	1563	0.4133	
PILOT-2018005863__A__sonnet4__rep2.json	PILOT-2018005863	A	2	25	8120	7985	646	1563	0.4133	
PILOT-2018005863__B__gpt4o-mini__rep0.json	PILOT-2018005863	B	0	10	8120	4040	4518	1563	2.8906	
PILOT-2018005863__B__gpt4o-mini__rep1.json	PILOT-2018005863	B	1	10	8120	4374	4367	1563	2.794	
PILOT-2018005863__B__gpt4o-mini__rep2.json	PILOT-2018005863	B	2	11	8120	4378	4425	1563	2.8311	
PILOT-2018005863__B__gpt5.4__rep0.json	PILOT-2018005863	B	0	25	8120	6800	2432	1563	1.556	
PILOT-2018005863__B__gpt5.4__rep1.json	PILOT-2018005863	B	1	25	8120	8248	896	1563	0.5733	
PILOT-2018005863__B__gpt5.4__rep2.json	PILOT-2018005863	B	2	25	8120	9335	1812	1563	1.1593	
PILOT-2018005863__B__haiku4.5__rep0.json	PILOT-2018005863	B	0	25	8120	9266	1858	1563	1.1887	
PILOT-2018005863__B__haiku4.5__rep1.json	PILOT-2018005863	B	1	25	8120	9619	2043	1563	1.3071	
PILOT-2018005863__B__haiku4.5__rep2.json	PILOT-2018005863	B	2	25	8120	9493	1926	1563	1.2322	
PILOT-2018005863__B__sonnet4__rep0.json	PILOT-2018005863	B	0	25	8120	7982	636	1563	0.4069	
PILOT-2018005863__B__sonnet4__rep1.json	PILOT-2018005863	B	1	25	8120	8203	813	1563	0.5202	
PILOT-2018005863__B__sonnet4__rep2.json	PILOT-2018005863	B	2	25	8120	8180	837	1563	0.5355	
PILOT-2018005863__C__gpt4o-mini__rep0.json	PILOT-2018005863	C	0	9	8120	3350	5212	1563	3.3346	
PILOT-2018005863__C__gpt4o-mini__rep1.json	PILOT-2018005863	C	1	6	8120	2481	5852	1563	3.7441	
PILOT-2018005863__C__gpt4o-mini__rep2.json	PILOT-2018005863	C	2	12	8120	4514	4313	1563	2.7594	
PILOT-2018005863__C__gpt5.4__rep0.json	PILOT-2018005863	C	0	25	8120	9056	1514	1563	0.9687	
PILOT-2018005863__C__gpt5.4__rep1.json	PILOT-2018005863	C	1	25	8120	7356	1778	1563	1.1376	
PILOT-2018005863__C__gpt5.4__rep2.json	PILOT-2018005863	C	2	25	8120	8333	987	1563	0.6315	
PILOT-2018005863__C__haiku4.5__rep0.json	PILOT-2018005863	C	0	25	8120	9004	1726	1563	1.1043	
PILOT-2018005863__C__haiku4.5__rep1.json	PILOT-2018005863	C	1	25	8120	9788	2413	1563	1.5438	
PILOT-2018005863__C__haiku4.5__rep2.json	PILOT-2018005863	C	2	25	8120	9634	2065	1563	1.3212	
PILOT-2018005863__C__sonnet4__rep0.json	PILOT-2018005863	C	0	25	8120	7982	636	1563	0.4069	
PILOT-2018005863__C__sonnet4__rep1.json	PILOT-2018005863	C	1	25	8120	8085	695	1563	0.4447	
PILOT-2018005863__C__sonnet4__rep2.json	PILOT-2018005863	C	2	25	8120	7982	639	1563	0.4088	
PILOT-2018005863__D__gpt4o-mini__rep0.json	PILOT-2018005863	D	0	10	8120	3961	4418	1563	2.8266	
PILOT-2018005863__D__gpt4o-mini__rep1.json	PILOT-2018005863	D	1	12	8120	3875	4345	1563	2.7799	
PILOT-2018005863__D__gpt4o-mini__rep2.json	PILOT-2018005863	D	2	13	8120	4515	4320	1563	2.7639	
PILOT-2018005863__D__gpt5.4__rep0.json	PILOT-2018005863	D	0	25	8120	8005	735	1563	0.4702	
PILOT-2018005863__D__gpt5.4__rep1.json	PILOT-2018005863	D	1	25	8120	8914	1459	1563	0.9335	
PILOT-2018005863__D__gpt5.4__rep2.json	PILOT-2018005863	D	2	25	8120	8396	1038	1563	0.6641	
PILOT-2018005863__D__haiku4.5__rep0.json	PILOT-2018005863	D	0	25	8120	9545	1938	1563	1.2399	
PILOT-2018005863__D__haiku4.5__rep1.json	PILOT-2018005863	D	1	25	8120	10089	2723	1563	1.7422	
PILOT-2018005863__D__haiku4.5__rep2.json	PILOT-2018005863	D	2	25	8120	9709	2311	1563	1.4786	
PILOT-2018005863__D__sonnet4__rep0.json	PILOT-2018005863	D	0	25	8120	10320	2723	1563	1.7422	
PILOT-2018005863__D__sonnet4__rep1.json	PILOT-2018005863	D	1	25	8120	9175	1631	1563	1.0435	
PILOT-2018005863__D__sonnet4__rep2.json	PILOT-2018005863	D	2	25	8120	9591	2118	1563	1.3551	
PILOT-2018005863__E__gpt4o-mini__rep0.json	PILOT-2018005863	E	0	8	8120	3404	4935	1563	3.1574	
PILOT-2018005863__E__gpt4o-mini__rep1.json	PILOT-2018005863	E	1	7	8120	3374	5114	1563	3.2719	
PILOT-2018005863__E__gpt4o-mini__rep2.json	PILOT-2018005863	E	2	9	8120	3644	4841	1563	3.0972	
PILOT-2018005863__E__gpt5.4__rep0.json	PILOT-2018005863	E	0	25	8120	8276	901	1563	0.5765	
PILOT-2018005863__E__gpt5.4__rep1.json	PILOT-2018005863	E	1	25	8120	7923	636	1563	0.4069	
PILOT-2018005863__E__gpt5.4__rep2.json	PILOT-2018005863	E	2	25	8120	8894	1401	1563	0.8964	
PILOT-2018005863__E__haiku4.5__rep0.json	PILOT-2018005863	E	0	25	8120	5321	3473	1563	2.222	
PILOT-2018005863__E__haiku4.5__rep1.json	PILOT-2018005863	E	1	25	8120	8297	954	1563	0.6104	
PILOT-2018005863__E__haiku4.5__rep2.json	PILOT-2018005863	E	2	25	8120	4934	3561	1563	2.2783	
PILOT-2018005863__E__sonnet4__rep0.json	PILOT-2018005863	E	0	25	8120	8141	720	1563	0.4607	
PILOT-2018005863__E__sonnet4__rep1.json	PILOT-2018005863	E	1	25	8120	8089	671	1563	0.4293	
PILOT-2018005863__E__sonnet4__rep2.json	PILOT-2018005863	E	2	25	8120	7977	635	1563	0.4063	
PILOT-2018005863__F__gpt4o-mini__rep0.json	PILOT-2018005863	F	0	7	8120	3307	5140	1563	3.2885	
PILOT-2018005863__F__gpt4o-mini__rep1.json	PILOT-2018005863	F	1	12	8120	5019	4327	1563	2.7684	
PILOT-2018005863__F__gpt4o-mini__rep2.json	PILOT-2018005863	F	2	10	8120	4184	4598	1563	2.9418	
PILOT-2018005863__F__gpt5.4__rep0.json	PILOT-2018005863	F	0	25	8120	8110	2136	1563	1.3666	
PILOT-2018005863__F__gpt5.4__rep1.json	PILOT-2018005863	F	1	25	8120	9024	1533	1563	0.9808	
PILOT-2018005863__F__gpt5.4__rep2.json	PILOT-2018005863	F	2	25	8120	9022	1687	1563	1.0793	
PILOT-2018005863__F__haiku4.5__rep0.json	PILOT-2018005863	F	0	25	8120	8092	656	1563	0.4197	
PILOT-2018005863__F__haiku4.5__rep1.json	PILOT-2018005863	F	1	25	8120	8260	816	1563	0.5221	
PILOT-2018005863__F__haiku4.5__rep2.json	PILOT-2018005863	F	2	25	8120	10041	2459	1563	1.5733	
PILOT-2018005863__F__sonnet4__rep0.json	PILOT-2018005863	F	0	25	8120	8369	923	1563	0.5905	
PILOT-2018005863__F__sonnet4__rep1.json	PILOT-2018005863	F	1	25	8120	8374	926	1563	0.5925	
PILOT-2018005863__F__sonnet4__rep2.json	PILOT-2018005863	F	2	25	8120	8128	696	1563	0.4453	
PILOT-2018005863__G__gpt4o-mini__rep0.json	PILOT-2018005863	G	0	25	8120	8121	824	1563	0.5272	
PILOT-2018005863__G__gpt4o-mini__rep1.json	PILOT-2018005863	G	1	15	8120	5232	3926	1563	2.5118	
PILOT-2018005863__G__gpt4o-mini__rep2.json	PILOT-2018005863	G	2	12	8120	4584	4334	1563	2.7729	
PILOT-2018005863__G__gpt5.4__rep0.json	PILOT-2018005863	G	0	25	8120	8383	959	1563	0.6136	
PILOT-2018005863__G__gpt5.4__rep1.json	PILOT-2018005863	G	1	25	8120	8285	861	1563	0.5509	
PILOT-2018005863__G__gpt5.4__rep2.json	PILOT-2018005863	G	2	25	8120	8132	862	1563	0.5515	
PILOT-2018005863__G__haiku4.5__rep0.json	PILOT-2018005863	G	0	25	8120	8091	818	1563	0.5234	
PILOT-2018005863__G__haiku4.5__rep1.json	PILOT-2018005863	G	1	25	8120	8120	855	1563	0.547	
PILOT-2018005863__G__haiku4.5__rep2.json	PILOT-2018005863	G	2	25	8120	8227	958	1563	0.6129	
PILOT-2018005863__G__sonnet4__rep0.json	PILOT-2018005863	G	0	25	8120	8133	738	1563	0.4722	
PILOT-2018005863__G__sonnet4__rep1.json	PILOT-2018005863	G	1	25	8120	8311	883	1563	0.5649	
PILOT-2018005863__G__sonnet4__rep2.json	PILOT-2018005863	G	2	25	8120	8314	888	1563	0.5681	
PILOT-2018005863__baseline__gpt4o-mini__rep0.json	PILOT-2018005863	baseline	0	12	8120	4097	4309	1563	2.7569	
PILOT-2018005863__baseline__gpt4o-mini__rep1.json	PILOT-2018005863	baseline	1	10	8120	4245	4512	1563	2.8868	
PILOT-2018005863__baseline__gpt4o-mini__rep2.json	PILOT-2018005863	baseline	2	15	8120	4530	3686	1563	2.3583	
PILOT-2018005863__baseline__gpt5.4__rep0.json	PILOT-2018005863	baseline	0	25	8120	8245	862	1563	0.5515	
PILOT-2018005863__baseline__gpt5.4__rep1.json	PILOT-2018005863	baseline	1	25	8120	9787	2350	1563	1.5035	
PILOT-2018005863__baseline__gpt5.4__rep2.json	PILOT-2018005863	baseline	2	25	8120	6801	1849	1563	1.183	
PILOT-2018005863__baseline__haiku4.5__rep0.json	PILOT-2018005863	baseline	0	25	8120	9697	2100	1563	1.3436	
PILOT-2018005863__baseline__haiku4.5__rep1.json	PILOT-2018005863	baseline	1	25	8120	9443	1855	1563	1.1868	
PILOT-2018005863__baseline__haiku4.5__rep2.json	PILOT-2018005863	baseline	2	25	8120	9431	2135	1563	1.366	
PILOT-2018005863__baseline__sonnet4__rep0.json	PILOT-2018005863	baseline	0	25	8120	7982	639	1563	0.4088	
PILOT-2018005863__baseline__sonnet4__rep1.json	PILOT-2018005863	baseline	1	25	8120	7982	636	1563	0.4069	
PILOT-2018005863__baseline__sonnet4__rep2.json	PILOT-2018005863	baseline	2	25	8120	7982	639	1563	0.4088	
PILOT-2018007886__A__gpt4o-mini__rep0.json	PILOT-2018007886	A	0	6	4635	2494	2545	863	2.949	
PILOT-2018007886__A__gpt4o-mini__rep1.json	PILOT-2018007886	A	1	6	4635	2144	2536	863	2.9386	
PILOT-2018007886__A__gpt4o-mini__rep2.json	PILOT-2018007886	A	2	6	4635	2377	2618	863	3.0336	
PILOT-2018007886__A__gpt5.4__rep0.json	PILOT-2018007886	A	0	16	4635	5801	1179	863	1.3662	
PILOT-2018007886__A__gpt5.4__rep1.json	PILOT-2018007886	A	1	16	4635	4740	118	863	0.1367	
PILOT-2018007886__A__gpt5.4__rep2.json	PILOT-2018007886	A	2	16	4635	4870	253	863	0.2932	
PILOT-2018007886__A__haiku4.5__rep0.json	PILOT-2018007886	A	0	6	4635	2499	2604	863	3.0174	
PILOT-2018007886__A__haiku4.5__rep1.json	PILOT-2018007886	A	1	6	4635	2585	2591	863	3.0023	
PILOT-2018007886__A__haiku4.5__rep2.json	PILOT-2018007886	A	2	16	4635	6056	1798	863	2.0834	
PILOT-2018007886__A__sonnet4__rep0.json	PILOT-2018007886	A	0	16	4635	4624	270	863	0.3129	
PILOT-2018007886__A__sonnet4__rep1.json	PILOT-2018007886	A	1	16	4635	4982	362	863	0.4195	
PILOT-2018007886__A__sonnet4__rep2.json	PILOT-2018007886	A	2	16	4635	4768	148	863	0.1715	
PILOT-2018007886__B__gpt4o-mini__rep0.json	PILOT-2018007886	B	0	5	4635	2440	2718	863	3.1495	
PILOT-2018007886__B__gpt4o-mini__rep1.json	PILOT-2018007886	B	1	6	4635	2747	2615	863	3.0301	
PILOT-2018007886__B__gpt4o-mini__rep2.json	PILOT-2018007886	B	2	6	4635	2894	2547	863	2.9513	
PILOT-2018007886__B__gpt5.4__rep0.json	PILOT-2018007886	B	0	16	4635	5337	702	863	0.8134	
PILOT-2018007886__B__gpt5.4__rep1.json	PILOT-2018007886	B	1	16	4635	5570	935	863	1.0834	
PILOT-2018007886__B__gpt5.4__rep2.json	PILOT-2018007886	B	2	7	4635	3197	2516	863	2.9154	
PILOT-2018007886__B__haiku4.5__rep0.json	PILOT-2018007886	B	0	6	4635	2759	2617	863	3.0324	
PILOT-2018007886__B__haiku4.5__rep1.json	PILOT-2018007886	B	1	6	4635	3058	2580	863	2.9896	
PILOT-2018007886__B__haiku4.5__rep2.json	PILOT-2018007886	B	2	6	4635	3034	2527	863	2.9282	
PILOT-2018007886__B__sonnet4__rep0.json	PILOT-2018007886	B	0	16	4635	5297	662	863	0.7671	
PILOT-2018007886__B__sonnet4__rep1.json	PILOT-2018007886	B	1	16	4635	5624	989	863	1.146	
PILOT-2018007886__B__sonnet4__rep2.json	PILOT-2018007886	B	2	16	4635	5261	626	863	0.7254	
PILOT-2018007886__C__gpt4o-mini__rep0.json	PILOT-2018007886	C	0	6	4635	2091	2558	863	2.9641	
PILOT-2018007886__C__gpt4o-mini__rep1.json	PILOT-2018007886	C	1	7	4635	2977	2565	863	2.9722	
PILOT-2018007886__C__gpt4o-mini__rep2.json	PILOT-2018007886	C	2	6	4635	2761	2630	863	3.0475	
PILOT-2018007886__C__gpt5.4__rep0.json	PILOT-2018007886	C	0	16	4635	5347	712	863	0.825	
PILOT-2018007886__C__gpt5.4__rep1.json	PILOT-2018007886	C	1	7	4635	3058	2465	863	2.8563	
PILOT-2018007886__C__gpt5.4__rep2.json	PILOT-2018007886	C	2	16	4635	5002	367	863	0.4253	
PILOT-2018007886__C__haiku4.5__rep0.json	PILOT-2018007886	C	0	16	4635	6043	1422	863	1.6477	
PILOT-2018007886__C__haiku4.5__rep1.json	PILOT-2018007886	C	1	16	4635	6008	1383	863	1.6025	
PILOT-2018007886__C__haiku4.5__rep2.json	PILOT-2018007886	C	2	16	4635	6085	1463	863	1.6952	
PILOT-2018007886__C__sonnet4__rep0.json	PILOT-2018007886	C	0	6	4635	3102	2523	863	2.9235	
PILOT-2018007886__C__sonnet4__rep1.json	PILOT-2018007886	C	1	6	4635	3153	2511	863	2.9096	
PILOT-2018007886__C__sonnet4__rep2.json	PILOT-2018007886	C	2	6	4635	3161	2524	863	2.9247	
PILOT-2018007886__D__gpt4o-mini__rep0.json	PILOT-2018007886	D	0	6	4635	2801	2578	863	2.9873	
PILOT-2018007886__D__gpt4o-mini__rep1.json	PILOT-2018007886	D	1	6	4635	2631	2650	863	3.0707	
PILOT-2018007886__D__gpt4o-mini__rep2.json	PILOT-2018007886	D	2	6	4635	2573	2595	863	3.007	
PILOT-2018007886__D__gpt5.4__rep0.json	PILOT-2018007886	D	0	16	4635	5616	1055	863	1.2225	
PILOT-2018007886__D__gpt5.4__rep1.json	PILOT-2018007886	D	1	16	4635	5204	574	863	0.6651	
PILOT-2018007886__D__gpt5.4__rep2.json	PILOT-2018007886	D	2	16	4635	5304	674	863	0.781	
PILOT-2018007886__D__haiku4.5__rep0.json	PILOT-2018007886	D	0	16	4635	6044	1409	863	1.6327	
PILOT-2018007886__D__haiku4.5__rep1.json	PILOT-2018007886	D	1	16	4635	6053	1598	863	1.8517	
PILOT-2018007886__D__haiku4.5__rep2.json	PILOT-2018007886	D	2	16	4635	6192	1567	863	1.8158	
PILOT-2018007886__D__sonnet4__rep0.json	PILOT-2018007886	D	0	16	4635	5818	1183	863	1.3708	
PILOT-2018007886__D__sonnet4__rep1.json	PILOT-2018007886	D	1	16	4635	5677	1042	863	1.2074	
PILOT-2018007886__D__sonnet4__rep2.json	PILOT-2018007886	D	2	16	4635	5515	880	863	1.0197	
PILOT-2018007886__E__gpt4o-mini__rep0.json	PILOT-2018007886	E	0	6	4635	2720	2621	863	3.0371	
PILOT-2018007886__E__gpt4o-mini__rep1.json	PILOT-2018007886	E	1	6	4635	2256	2703	863	3.1321	
PILOT-2018007886__E__gpt4o-mini__rep2.json	PILOT-2018007886	E	2	5	4635	2600	2682	863	3.1078	
PILOT-2018007886__E__gpt5.4__rep0.json	PILOT-2018007886	E	0	16	4635	5299	664	863	0.7694	
PILOT-2018007886__E__gpt5.4__rep1.json	PILOT-2018007886	E	1	16	4635	5174	539	863	0.6246	
PILOT-2018007886__E__gpt5.4__rep2.json	PILOT-2018007886	E	2	16	4635	5085	450	863	0.5214	
PILOT-2018007886__E__haiku4.5__rep0.json	PILOT-2018007886	E	0	6	4635	2763	2616	863	3.0313	
PILOT-2018007886__E__haiku4.5__rep1.json	PILOT-2018007886	E	1	6	4635	2784	2599	863	3.0116	
PILOT-2018007886__E__haiku4.5__rep2.json	PILOT-2018007886	E	2	6	4635	2795	2589	863	3.0	
PILOT-2018007886__E__sonnet4__rep0.json	PILOT-2018007886	E	0	16	4635	5055	429	863	0.4971	
PILOT-2018007886__E__sonnet4__rep1.json	PILOT-2018007886	E	1	16	4635	5055	429	863	0.4971	
PILOT-2018007886__E__sonnet4__rep2.json	PILOT-2018007886	E	2	16	4635	5126	500	863	0.5794	
PILOT-2018007886__F__gpt4o-mini__rep0.json	PILOT-2018007886	F	0	5	4635	2353	2782	863	3.2236	
PILOT-2018007886__F__gpt4o-mini__rep1.json	PILOT-2018007886	F	1	6	4635	2190	2733	863	3.1669	
PILOT-2018007886__F__gpt4o-mini__rep2.json	PILOT-2018007886	F	2	6	4635	2629	2646	863	3.066	
PILOT-2018007886__F__gpt5.4__rep0.json	PILOT-2018007886	F	0	10	4635	3845	1702	863	1.9722	
PILOT-2018007886__F__gpt5.4__rep1.json	PILOT-2018007886	F	1	16	4635	5390	755	863	0.8749	
PILOT-2018007886__F__gpt5.4__rep2.json	PILOT-2018007886	F	2	7	4635	2925	2527	863	2.9282	
PILOT-2018007886__F__haiku4.5__rep0.json	PILOT-2018007886	F	0	16	4635	6393	1912	863	2.2155	
PILOT-2018007886__F__haiku4.5__rep1.json	PILOT-2018007886	F	1	16	4635	6658	2192	863	2.54	
PILOT-2018007886__F__haiku4.5__rep2.json	PILOT-2018007886	F	2	16	4635	5267	632	863	0.7323	
PILOT-2018007886__F__sonnet4__rep0.json	PILOT-2018007886	F	0	16	4635	5738	1103	863	1.2781	
PILOT-2018007886__F__sonnet4__rep1.json	PILOT-2018007886	F	1	16	4635	5692	1057	863	1.2248	
PILOT-2018007886__F__sonnet4__rep2.json	PILOT-2018007886	F	2	16	4635	5545	910	863	1.0545	
PILOT-2018007886__G__gpt4o-mini__rep0.json	PILOT-2018007886	G	0	0			None		None	no_gen
PILOT-2018007886__G__gpt4o-mini__rep1.json	PILOT-2018007886	G	1	7	4635	2272	2377	863	2.7543	
PILOT-2018007886__G__gpt4o-mini__rep2.json	PILOT-2018007886	G	2	5	4635	2300	2785	863	3.2271	
PILOT-2018007886__G__gpt5.4__rep0.json	PILOT-2018007886	G	0	7	4635	2936	2505	863	2.9027	
PILOT-2018007886__G__gpt5.4__rep1.json	PILOT-2018007886	G	1	16	4635	5374	744	863	0.8621	
PILOT-2018007886__G__gpt5.4__rep2.json	PILOT-2018007886	G	2	10	4635	4328	1852	863	2.146	
PILOT-2018007886__G__haiku4.5__rep0.json	PILOT-2018007886	G	0	6	4635	2697	2523	863	2.9235	
PILOT-2018007886__G__haiku4.5__rep1.json	PILOT-2018007886	G	1	6	4635	2806	2598	863	3.0104	
PILOT-2018007886__G__haiku4.5__rep2.json	PILOT-2018007886	G	2	6	4635	2692	2533	863	2.9351	
PILOT-2018007886__G__sonnet4__rep0.json	PILOT-2018007886	G	0	16	4635	5157	522	863	0.6049	
PILOT-2018007886__G__sonnet4__rep1.json	PILOT-2018007886	G	1	16	4635	5191	565	863	0.6547	
PILOT-2018007886__G__sonnet4__rep2.json	PILOT-2018007886	G	2	16	4635	5610	975	863	1.1298	
PILOT-2018007886__baseline__gpt4o-mini__rep0.json	PILOT-2018007886	baseline	0	5	4635	2388	2769	863	3.2086	
PILOT-2018007886__baseline__gpt4o-mini__rep1.json	PILOT-2018007886	baseline	1	6	4635	2741	2619	863	3.0348	
PILOT-2018007886__baseline__gpt4o-mini__rep2.json	PILOT-2018007886	baseline	2	5	4635	2412	2765	863	3.2039	
PILOT-2018007886__baseline__gpt5.4__rep0.json	PILOT-2018007886	baseline	0	16	4635	5624	989	863	1.146	
PILOT-2018007886__baseline__gpt5.4__rep1.json	PILOT-2018007886	baseline	1	8	4635	3161	2422	863	2.8065	
PILOT-2018007886__baseline__gpt5.4__rep2.json	PILOT-2018007886	baseline	2	16	4635	5338	703	863	0.8146	
PILOT-2018007886__baseline__haiku4.5__rep0.json	PILOT-2018007886	baseline	0	16	4635	5591	961	863	1.1136	
PILOT-2018007886__baseline__haiku4.5__rep1.json	PILOT-2018007886	baseline	1	6	4635	2708	2636	863	3.0545	
PILOT-2018007886__baseline__haiku4.5__rep2.json	PILOT-2018007886	baseline	2	16	4635	5398	773	863	0.8957	
PILOT-2018007886__baseline__sonnet4__rep0.json	PILOT-2018007886	baseline	0	16	4635	5539	904	863	1.0475	
PILOT-2018007886__baseline__sonnet4__rep1.json	PILOT-2018007886	baseline	1	16	4635	5108	482	863	0.5585	
PILOT-2018007886__baseline__sonnet4__rep2.json	PILOT-2018007886	baseline	2	16	4635	5697	1062	863	1.2306	
PILOT-2018007979__A__gpt4o-mini__rep0.json	PILOT-2018007979	A	0	3	4163	3874	1061	2669	0.3975	
PILOT-2018007979__A__gpt4o-mini__rep1.json	PILOT-2018007979	A	1	3	4163	3874	1061	2669	0.3975	
PILOT-2018007979__A__gpt4o-mini__rep2.json	PILOT-2018007979	A	2	3	4163	3758	989	2669	0.3706	
PILOT-2018007979__A__gpt5.4__rep0.json	PILOT-2018007979	A	0	3	4163	4058	500	2669	0.1873	
PILOT-2018007979__A__gpt5.4__rep1.json	PILOT-2018007979	A	1	3	4163	3896	458	2669	0.1716	
PILOT-2018007979__A__gpt5.4__rep2.json	PILOT-2018007979	A	2	3	4163	4007	406	2669	0.1521	
PILOT-2018007979__A__haiku4.5__rep0.json	PILOT-2018007979	A	0	3	4163	3040	1430	2669	0.5358	
PILOT-2018007979__A__haiku4.5__rep1.json	PILOT-2018007979	A	1	3	4163	3014	1593	2669	0.5969	
PILOT-2018007979__A__haiku4.5__rep2.json	PILOT-2018007979	A	2	3	4163	3014	1593	2669	0.5969	
PILOT-2018007979__A__sonnet4__rep0.json	PILOT-2018007979	A	0	3	4163	3451	744	2669	0.2788	
PILOT-2018007979__A__sonnet4__rep1.json	PILOT-2018007979	A	1	3	4163	3451	744	2669	0.2788	
PILOT-2018007979__A__sonnet4__rep2.json	PILOT-2018007979	A	2	3	4163	3451	744	2669	0.2788	
PILOT-2018007979__B__gpt4o-mini__rep0.json	PILOT-2018007979	B	0	3	4163	4435	380	2669	0.1424	
PILOT-2018007979__B__gpt4o-mini__rep1.json	PILOT-2018007979	B	1	3	4163	4302	247	2669	0.0925	
PILOT-2018007979__B__gpt4o-mini__rep2.json	PILOT-2018007979	B	2	3	4163	4309	254	2669	0.0952	
PILOT-2018007979__B__gpt5.4__rep0.json	PILOT-2018007979	B	0	3	4163	4751	690	2669	0.2585	
PILOT-2018007979__B__gpt5.4__rep1.json	PILOT-2018007979	B	1	3	4163	4823	759	2669	0.2844	
PILOT-2018007979__B__gpt5.4__rep2.json	PILOT-2018007979	B	2	3	4163	4815	751	2669	0.2814	
PILOT-2018007979__B__haiku4.5__rep0.json	PILOT-2018007979	B	0	3	4163	4225	182	2669	0.0682	
PILOT-2018007979__B__haiku4.5__rep1.json	PILOT-2018007979	B	1	3	4163	4225	182	2669	0.0682	
PILOT-2018007979__B__haiku4.5__rep2.json	PILOT-2018007979	B	2	3	4163	2886	1490	2669	0.5583	
PILOT-2018007979__B__sonnet4__rep0.json	PILOT-2018007979	B	0	3	4163	4442	399	2669	0.1495	
PILOT-2018007979__B__sonnet4__rep1.json	PILOT-2018007979	B	1	3	4163	4454	411	2669	0.154	
PILOT-2018007979__B__sonnet4__rep2.json	PILOT-2018007979	B	2	3	4163	4454	411	2669	0.154	
PILOT-2018007979__C__gpt4o-mini__rep0.json	PILOT-2018007979	C	0	3	4163	4298	243	2669	0.091	
PILOT-2018007979__C__gpt4o-mini__rep1.json	PILOT-2018007979	C	1	3	4163	4371	316	2669	0.1184	
PILOT-2018007979__C__gpt4o-mini__rep2.json	PILOT-2018007979	C	2	3	4163	4338	283	2669	0.106	
PILOT-2018007979__C__gpt5.4__rep0.json	PILOT-2018007979	C	0	3	4163	4826	762	2669	0.2855	
PILOT-2018007979__C__gpt5.4__rep1.json	PILOT-2018007979	C	1	3	4163	4724	561	2669	0.2102	
PILOT-2018007979__C__gpt5.4__rep2.json	PILOT-2018007979	C	2	3	4163	4712	549	2669	0.2057	
PILOT-2018007979__C__haiku4.5__rep0.json	PILOT-2018007979	C	0	3	4163	4352	659	2669	0.2469	
PILOT-2018007979__C__haiku4.5__rep1.json	PILOT-2018007979	C	1	3	4163	4557	913	2669	0.3421	
PILOT-2018007979__C__haiku4.5__rep2.json	PILOT-2018007979	C	2	3	4163	4198	525	2669	0.1967	
PILOT-2018007979__C__sonnet4__rep0.json	PILOT-2018007979	C	0	3	4163	4460	417	2669	0.1562	
PILOT-2018007979__C__sonnet4__rep1.json	PILOT-2018007979	C	1	3	4163	4454	411	2669	0.154	
PILOT-2018007979__C__sonnet4__rep2.json	PILOT-2018007979	C	2	3	4163	4496	453	2669	0.1697	
PILOT-2018007979__D__gpt4o-mini__rep0.json	PILOT-2018007979	D	0	3	4163	4455	400	2669	0.1499	
PILOT-2018007979__D__gpt4o-mini__rep1.json	PILOT-2018007979	D	1	3	4163	4371	316	2669	0.1184	
PILOT-2018007979__D__gpt4o-mini__rep2.json	PILOT-2018007979	D	2	3	4163	4538	483	2669	0.181	
PILOT-2018007979__D__gpt5.4__rep0.json	PILOT-2018007979	D	0	3	4163	4712	573	2669	0.2147	
PILOT-2018007979__D__gpt5.4__rep1.json	PILOT-2018007979	D	1	3	4163	4862	699	2669	0.2619	
PILOT-2018007979__D__gpt5.4__rep2.json	PILOT-2018007979	D	2	3	4163	4772	609	2669	0.2282	
PILOT-2018007979__D__haiku4.5__rep0.json	PILOT-2018007979	D	0	3	4163	4144	968	2669	0.3627	
PILOT-2018007979__D__haiku4.5__rep1.json	PILOT-2018007979	D	1	3	4163	4567	1085	2669	0.4065	
PILOT-2018007979__D__haiku4.5__rep2.json	PILOT-2018007979	D	2	3	4163	3946	371	2669	0.139	
PILOT-2018007979__D__sonnet4__rep0.json	PILOT-2018007979	D	0	3	4163	4460	417	2669	0.1562	
PILOT-2018007979__D__sonnet4__rep1.json	PILOT-2018007979	D	1	3	4163	4460	417	2669	0.1562	
PILOT-2018007979__D__sonnet4__rep2.json	PILOT-2018007979	D	2	3	4163	5057	1010	2669	0.3784	
PILOT-2018007979__E__gpt4o-mini__rep0.json	PILOT-2018007979	E	0	3	4163	3876	304	2669	0.1139	
PILOT-2018007979__E__gpt4o-mini__rep1.json	PILOT-2018007979	E	1	3	4163	3876	304	2669	0.1139	
PILOT-2018007979__E__gpt4o-mini__rep2.json	PILOT-2018007979	E	2	3	4163	4079	108	2669	0.0405	
PILOT-2018007979__E__gpt5.4__rep0.json	PILOT-2018007979	E	0	3	4163	4712	549	2669	0.2057	
PILOT-2018007979__E__gpt5.4__rep1.json	PILOT-2018007979	E	1	3	4163	4712	549	2669	0.2057	
PILOT-2018007979__E__gpt5.4__rep2.json	PILOT-2018007979	E	2	3	4163	4712	549	2669	0.2057	
PILOT-2018007979__E__haiku4.5__rep0.json	PILOT-2018007979	E	0	3	4163	4021	410	2669	0.1536	
PILOT-2018007979__E__haiku4.5__rep1.json	PILOT-2018007979	E	1	3	4163	3864	919	2669	0.3443	
PILOT-2018007979__E__haiku4.5__rep2.json	PILOT-2018007979	E	2	3	4163	4210	594	2669	0.2226	
PILOT-2018007979__E__sonnet4__rep0.json	PILOT-2018007979	E	0	3	4163	4454	411	2669	0.154	
PILOT-2018007979__E__sonnet4__rep1.json	PILOT-2018007979	E	1	3	4163	4454	411	2669	0.154	
PILOT-2018007979__E__sonnet4__rep2.json	PILOT-2018007979	E	2	3	4163	4454	411	2669	0.154	
PILOT-2018007979__F__gpt4o-mini__rep0.json	PILOT-2018007979	F	0	3	4163	4439	384	2669	0.1439	
PILOT-2018007979__F__gpt4o-mini__rep1.json	PILOT-2018007979	F	1	3	4163	4115	72	2669	0.027	
PILOT-2018007979__F__gpt4o-mini__rep2.json	PILOT-2018007979	F	2	3	4163	4434	379	2669	0.142	
PILOT-2018007979__F__gpt5.4__rep0.json	PILOT-2018007979	F	0	3	4163	5116	965	2669	0.3616	
PILOT-2018007979__F__gpt5.4__rep1.json	PILOT-2018007979	F	1	3	4163	4405	242	2669	0.0907	
PILOT-2018007979__F__gpt5.4__rep2.json	PILOT-2018007979	F	2	3	4163	5228	1077	2669	0.4035	
PILOT-2018007979__F__haiku4.5__rep0.json	PILOT-2018007979	F	0	3	4163	4021	410	2669	0.1536	
PILOT-2018007979__F__haiku4.5__rep1.json	PILOT-2018007979	F	1	3	4163	3975	332	2669	0.1244	
PILOT-2018007979__F__haiku4.5__rep2.json	PILOT-2018007979	F	2	3	4163	3975	332	2669	0.1244	
PILOT-2018007979__F__sonnet4__rep0.json	PILOT-2018007979	F	0	3	4163	4460	417	2669	0.1562	
PILOT-2018007979__F__sonnet4__rep1.json	PILOT-2018007979	F	1	3	4163	5428	1359	2669	0.5092	
PILOT-2018007979__F__sonnet4__rep2.json	PILOT-2018007979	F	2	3	4163	4454	411	2669	0.154	
PILOT-2018007979__G__gpt4o-mini__rep0.json	PILOT-2018007979	G	0	0			None		None	no_gen
PILOT-2018007979__G__gpt4o-mini__rep1.json	PILOT-2018007979	G	1	0			None		None	no_gen
PILOT-2018007979__G__gpt4o-mini__rep2.json	PILOT-2018007979	G	2	0			None		None	no_gen
PILOT-2018007979__G__gpt5.4__rep0.json	PILOT-2018007979	G	0	3	4163	4862	699	2669	0.2619	
PILOT-2018007979__G__gpt5.4__rep1.json	PILOT-2018007979	G	1	3	4163	4862	699	2669	0.2619	
PILOT-2018007979__G__gpt5.4__rep2.json	PILOT-2018007979	G	2	3	4163	4862	699	2669	0.2619	
PILOT-2018007979__G__haiku4.5__rep0.json	PILOT-2018007979	G	0	3	4163	4448	820	2669	0.3072	
PILOT-2018007979__G__haiku4.5__rep1.json	PILOT-2018007979	G	1	3	4163	3683	923	2669	0.3458	
PILOT-2018007979__G__haiku4.5__rep2.json	PILOT-2018007979	G	2	3	4163	3810	486	2669	0.1821	
PILOT-2018007979__G__sonnet4__rep0.json	PILOT-2018007979	G	0	3	4163	4454	411	2669	0.154	
PILOT-2018007979__G__sonnet4__rep1.json	PILOT-2018007979	G	1	3	4163	4460	417	2669	0.1562	
PILOT-2018007979__G__sonnet4__rep2.json	PILOT-2018007979	G	2	3	4163	4442	399	2669	0.1495	
PILOT-2018007979__baseline__gpt4o-mini__rep0.json	PILOT-2018007979	baseline	0	3	4163	3876	304	2669	0.1139	
PILOT-2018007979__baseline__gpt4o-mini__rep1.json	PILOT-2018007979	baseline	1	3	4163	4334	279	2669	0.1045	
PILOT-2018007979__baseline__gpt4o-mini__rep2.json	PILOT-2018007979	baseline	2	3	4163	4423	368	2669	0.1379	
PILOT-2018007979__baseline__gpt5.4__rep0.json	PILOT-2018007979	baseline	0	3	4163	4712	549	2669	0.2057	
PILOT-2018007979__baseline__gpt5.4__rep1.json	PILOT-2018007979	baseline	1	3	4163	4724	561	2669	0.2102	
PILOT-2018007979__baseline__gpt5.4__rep2.json	PILOT-2018007979	baseline	2	3	4163	4814	750	2669	0.281	
PILOT-2018007979__baseline__haiku4.5__rep0.json	PILOT-2018007979	baseline	0	3	4163	4542	1010	2669	0.3784	
PILOT-2018007979__baseline__haiku4.5__rep1.json	PILOT-2018007979	baseline	1	3	4163	4243	741	2669	0.2776	
PILOT-2018007979__baseline__haiku4.5__rep2.json	PILOT-2018007979	baseline	2	3	4163	4479	872	2669	0.3267	
PILOT-2018007979__baseline__sonnet4__rep0.json	PILOT-2018007979	baseline	0	3	4163	4673	630	2669	0.236	
PILOT-2018007979__baseline__sonnet4__rep1.json	PILOT-2018007979	baseline	1	3	4163	4454	411	2669	0.154	
PILOT-2018007979__baseline__sonnet4__rep2.json	PILOT-2018007979	baseline	2	3	4163	4454	411	2669	0.154	
PILOT-2019001867__A__gpt4o-mini__rep0.json	PILOT-2019001867	A	0	23	10769	9840	1004	6264	0.1603	
PILOT-2019001867__A__gpt4o-mini__rep1.json	PILOT-2019001867	A	1	22	10769	6477	4321	6264	0.6898	
PILOT-2019001867__A__gpt4o-mini__rep2.json	PILOT-2019001867	A	2	22	10769	8979	1825	6264	0.2913	
PILOT-2019001867__A__gpt5.4__rep0.json	PILOT-2019001867	A	0	23	10769	10364	1245	6264	0.1988	
PILOT-2019001867__A__gpt5.4__rep1.json	PILOT-2019001867	A	1	23	10769	10940	781	6264	0.1247	
PILOT-2019001867__A__gpt5.4__rep2.json	PILOT-2019001867	A	2	23	10769	10937	736	6264	0.1175	
PILOT-2019001867__A__haiku4.5__rep0.json	PILOT-2019001867	A	0	23	10769	9659	1229	6264	0.1962	
PILOT-2019001867__A__haiku4.5__rep1.json	PILOT-2019001867	A	1	23	10769	10146	1005	6264	0.1604	
PILOT-2019001867__A__haiku4.5__rep2.json	PILOT-2019001867	A	2	23	10769	10380	1034	6264	0.1651	
PILOT-2019001867__A__sonnet4__rep0.json	PILOT-2019001867	A	0	23	10769	10588	630	6264	0.1006	
PILOT-2019001867__A__sonnet4__rep1.json	PILOT-2019001867	A	1	23	10769	10588	630	6264	0.1006	
PILOT-2019001867__A__sonnet4__rep2.json	PILOT-2019001867	A	2	23	10769	10485	653	6264	0.1042	
PILOT-2019001867__B__gpt4o-mini__rep0.json	PILOT-2019001867	B	0	2	10769	2985	7810	6264	1.2468	
PILOT-2019001867__B__gpt4o-mini__rep1.json	PILOT-2019001867	B	1	22	10769	10542	285	6264	0.0455	
PILOT-2019001867__B__gpt4o-mini__rep2.json	PILOT-2019001867	B	2	2	10769	2985	7810	6264	1.2468	
PILOT-2019001867__B__gpt5.4__rep0.json	PILOT-2019001867	B	0	23	10769	10806	712	6264	0.1137	
PILOT-2019001867__B__gpt5.4__rep1.json	PILOT-2019001867	B	1	23	10769	10694	878	6264	0.1402	
PILOT-2019001867__B__gpt5.4__rep2.json	PILOT-2019001867	B	2	23	10769	10826	577	6264	0.0921	
PILOT-2019001867__B__haiku4.5__rep0.json	PILOT-2019001867	B	0	23	10769	10658	1618	6264	0.2583	
PILOT-2019001867__B__haiku4.5__rep1.json	PILOT-2019001867	B	1	23	10769	10658	1618	6264	0.2583	
PILOT-2019001867__B__haiku4.5__rep2.json	PILOT-2019001867	B	2	23	10769	10640	1611	6264	0.2572	
PILOT-2019001867__B__sonnet4__rep0.json	PILOT-2019001867	B	0	23	10769	10555	750	6264	0.1197	
PILOT-2019001867__B__sonnet4__rep1.json	PILOT-2019001867	B	1	23	10769	10551	787	6264	0.1256	
PILOT-2019001867__B__sonnet4__rep2.json	PILOT-2019001867	B	2	23	10769	10555	750	6264	0.1197	
PILOT-2019001867__C__gpt4o-mini__rep0.json	PILOT-2019001867	C	0	22	10769	7385	3410	6264	0.5444	
PILOT-2019001867__C__gpt4o-mini__rep1.json	PILOT-2019001867	C	1	23	10769	10687	130	6264	0.0208	
PILOT-2019001867__C__gpt4o-mini__rep2.json	PILOT-2019001867	C	2	23	10769	10685	128	6264	0.0204	
PILOT-2019001867__C__gpt5.4__rep0.json	PILOT-2019001867	C	0	23	10769	10686	837	6264	0.1336	
PILOT-2019001867__C__gpt5.4__rep1.json	PILOT-2019001867	C	1	23	10769	10826	518	6264	0.0827	
PILOT-2019001867__C__gpt5.4__rep2.json	PILOT-2019001867	C	2	23	10769	10682	833	6264	0.133	
PILOT-2019001867__C__haiku4.5__rep0.json	PILOT-2019001867	C	0	23	10769	10658	1618	6264	0.2583	
PILOT-2019001867__C__haiku4.5__rep1.json	PILOT-2019001867	C	1	23	10769	10535	1506	6264	0.2404	
PILOT-2019001867__C__haiku4.5__rep2.json	PILOT-2019001867	C	2	23	10769	10658	1618	6264	0.2583	
PILOT-2019001867__C__sonnet4__rep0.json	PILOT-2019001867	C	0	23	10769	10533	769	6264	0.1228	
PILOT-2019001867__C__sonnet4__rep1.json	PILOT-2019001867	C	1	23	10769	10533	769	6264	0.1228	
PILOT-2019001867__C__sonnet4__rep2.json	PILOT-2019001867	C	2	23	10769	10533	769	6264	0.1228	
PILOT-2019001867__D__gpt4o-mini__rep0.json	PILOT-2019001867	D	0	22	10769	7385	3418	6264	0.5457	
PILOT-2019001867__D__gpt4o-mini__rep1.json	PILOT-2019001867	D	1	22	10769	7385	3410	6264	0.5444	
PILOT-2019001867__D__gpt4o-mini__rep2.json	PILOT-2019001867	D	2	22	10769	7385	3418	6264	0.5457	
PILOT-2019001867__D__gpt5.4__rep0.json	PILOT-2019001867	D	0	23	10769	10689	881	6264	0.1406	
PILOT-2019001867__D__gpt5.4__rep1.json	PILOT-2019001867	D	1	23	10769	10825	522	6264	0.0833	
PILOT-2019001867__D__gpt5.4__rep2.json	PILOT-2019001867	D	2	23	10769	10686	821	6264	0.1311	
PILOT-2019001867__D__haiku4.5__rep0.json	PILOT-2019001867	D	0	23	10769	10658	1618	6264	0.2583	
PILOT-2019001867__D__haiku4.5__rep1.json	PILOT-2019001867	D	1	23	10769	10535	1506	6264	0.2404	
PILOT-2019001867__D__haiku4.5__rep2.json	PILOT-2019001867	D	2	23	10769	10535	1506	6264	0.2404	
PILOT-2019001867__D__sonnet4__rep0.json	PILOT-2019001867	D	0	23	10769	10895	410	6264	0.0655	
PILOT-2019001867__D__sonnet4__rep1.json	PILOT-2019001867	D	1	23	10769	10895	410	6264	0.0655	
PILOT-2019001867__D__sonnet4__rep2.json	PILOT-2019001867	D	2	23	10769	10895	410	6264	0.0655	
PILOT-2019001867__E__gpt4o-mini__rep0.json	PILOT-2019001867	E	0	22	10769	7385	3410	6264	0.5444	
PILOT-2019001867__E__gpt4o-mini__rep1.json	PILOT-2019001867	E	1	22	10769	7386	3418	6264	0.5457	
PILOT-2019001867__E__gpt4o-mini__rep2.json	PILOT-2019001867	E	2	23	10769	10687	130	6264	0.0208	
PILOT-2019001867__E__gpt5.4__rep0.json	PILOT-2019001867	E	0	23	10769	10826	517	6264	0.0825	
PILOT-2019001867__E__gpt5.4__rep1.json	PILOT-2019001867	E	1	23	10769	10596	284	6264	0.0453	
PILOT-2019001867__E__gpt5.4__rep2.json	PILOT-2019001867	E	2	23	10769	10825	582	6264	0.0929	
PILOT-2019001867__E__haiku4.5__rep0.json	PILOT-2019001867	E	0	23	10769	10668	1575	6264	0.2514	
PILOT-2019001867__E__haiku4.5__rep1.json	PILOT-2019001867	E	1	23	10769	10535	1506	6264	0.2404	
PILOT-2019001867__E__haiku4.5__rep2.json	PILOT-2019001867	E	2	23	10769	10535	1506	6264	0.2404	
PILOT-2019001867__E__sonnet4__rep0.json	PILOT-2019001867	E	0	23	10769	10913	428	6264	0.0683	
PILOT-2019001867__E__sonnet4__rep1.json	PILOT-2019001867	E	1	23	10769	10533	769	6264	0.1228	
PILOT-2019001867__E__sonnet4__rep2.json	PILOT-2019001867	E	2	23	10769	10913	428	6264	0.0683	
PILOT-2019001867__F__gpt4o-mini__rep0.json	PILOT-2019001867	F	0	23	10769	10687	130	6264	0.0208	
PILOT-2019001867__F__gpt4o-mini__rep1.json	PILOT-2019001867	F	1	23	10769	10687	130	6264	0.0208	
PILOT-2019001867__F__gpt4o-mini__rep2.json	PILOT-2019001867	F	2	23	10769	10673	181	6264	0.0289	
PILOT-2019001867__F__gpt5.4__rep0.json	PILOT-2019001867	F	0	23	10769	10696	319	6264	0.0509	
PILOT-2019001867__F__gpt5.4__rep1.json	PILOT-2019001867	F	1	23	10769	10917	404	6264	0.0645	
PILOT-2019001867__F__gpt5.4__rep2.json	PILOT-2019001867	F	2	23	10769	10569	804	6264	0.1284	
PILOT-2019001867__F__haiku4.5__rep0.json	PILOT-2019001867	F	0	23	10769	10547	1527	6264	0.2438	
PILOT-2019001867__F__haiku4.5__rep1.json	PILOT-2019001867	F	1	23	10769	10535	1506	6264	0.2404	
PILOT-2019001867__F__haiku4.5__rep2.json	PILOT-2019001867	F	2	23	10769	10719	1699	6264	0.2712	
PILOT-2019001867__F__sonnet4__rep0.json	PILOT-2019001867	F	0	23	10769	10776	570	6264	0.091	
PILOT-2019001867__F__sonnet4__rep1.json	PILOT-2019001867	F	1	23	10769	10776	570	6264	0.091	
PILOT-2019001867__F__sonnet4__rep2.json	PILOT-2019001867	F	2	23	10769	10776	570	6264	0.091	
PILOT-2019001867__G__gpt4o-mini__rep0.json	PILOT-2019001867	G	0	23	10769	10687	130	6264	0.0208	
PILOT-2019001867__G__gpt4o-mini__rep1.json	PILOT-2019001867	G	1	23	10769	10687	130	6264	0.0208	
PILOT-2019001867__G__gpt4o-mini__rep2.json	PILOT-2019001867	G	2	23	10769	10687	130	6264	0.0208	
PILOT-2019001867__G__gpt5.4__rep0.json	PILOT-2019001867	G	0	23	10769	10565	744	6264	0.1188	
PILOT-2019001867__G__gpt5.4__rep1.json	PILOT-2019001867	G	1	23	10769	10694	829	6264	0.1323	
PILOT-2019001867__G__gpt5.4__rep2.json	PILOT-2019001867	G	2	23	10769	10565	740	6264	0.1181	
PILOT-2019001867__G__haiku4.5__rep0.json	PILOT-2019001867	G	0	23	10769	10658	1618	6264	0.2583	
PILOT-2019001867__G__haiku4.5__rep1.json	PILOT-2019001867	G	1	23	10769	10535	1506	6264	0.2404	
PILOT-2019001867__G__haiku4.5__rep2.json	PILOT-2019001867	G	2	23	10769	10535	1506	6264	0.2404	
PILOT-2019001867__G__sonnet4__rep0.json	PILOT-2019001867	G	0	23	10769	10784	339	6264	0.0541	
PILOT-2019001867__G__sonnet4__rep1.json	PILOT-2019001867	G	1	23	10769	10784	339	6264	0.0541	
PILOT-2019001867__G__sonnet4__rep2.json	PILOT-2019001867	G	2	23	10769	10729	184	6264	0.0294	
PILOT-2019001867__baseline__gpt4o-mini__rep0.json	PILOT-2019001867	baseline	0	23	10769	10687	130	6264	0.0208	
PILOT-2019001867__baseline__gpt4o-mini__rep1.json	PILOT-2019001867	baseline	1	22	10769	7385	3418	6264	0.5457	
PILOT-2019001867__baseline__gpt4o-mini__rep2.json	PILOT-2019001867	baseline	2	22	10769	7388	3426	6264	0.5469	
PILOT-2019001867__baseline__gpt5.4__rep0.json	PILOT-2019001867	baseline	0	23	10769	10690	846	6264	0.1351	
PILOT-2019001867__baseline__gpt5.4__rep1.json	PILOT-2019001867	baseline	1	23	10769	10682	833	6264	0.133	
PILOT-2019001867__baseline__gpt5.4__rep2.json	PILOT-2019001867	baseline	2	23	10769	10709	846	6264	0.1351	
PILOT-2019001867__baseline__haiku4.5__rep0.json	PILOT-2019001867	baseline	0	23	10769	10658	1618	6264	0.2583	
PILOT-2019001867__baseline__haiku4.5__rep1.json	PILOT-2019001867	baseline	1	23	10769	10507	1506	6264	0.2404	
PILOT-2019001867__baseline__haiku4.5__rep2.json	PILOT-2019001867	baseline	2	23	10769	10517	1494	6264	0.2385	
PILOT-2019001867__baseline__sonnet4__rep0.json	PILOT-2019001867	baseline	0	23	10769	10533	769	6264	0.1228	
PILOT-2019001867__baseline__sonnet4__rep1.json	PILOT-2019001867	baseline	1	23	10769	10533	769	6264	0.1228	
PILOT-2019001867__baseline__sonnet4__rep2.json	PILOT-2019001867	baseline	2	23	10769	10533	769	6264	0.1228	
PILOT-2019002001__A__gpt4o-mini__rep0.json	PILOT-2019002001	A	0	7	6327	1813	4572	2187	2.0905	
PILOT-2019002001__A__gpt4o-mini__rep1.json	PILOT-2019002001	A	1	6	6327	1325	5034	2187	2.3018	
PILOT-2019002001__A__gpt4o-mini__rep2.json	PILOT-2019002001	A	2	6	6327	1491	4892	2187	2.2369	
PILOT-2019002001__A__gpt5.4__rep0.json	PILOT-2019002001	A	0	7	6327	2235	4247	2187	1.9419	
PILOT-2019002001__A__gpt5.4__rep1.json	PILOT-2019002001	A	1	7	6327	2235	4241	2187	1.9392	
PILOT-2019002001__A__gpt5.4__rep2.json	PILOT-2019002001	A	2	11	6327	3839	2883	2187	1.3182	
PILOT-2019002001__A__haiku4.5__rep0.json	PILOT-2019002001	A	0	20	6327	8732	3303	2187	1.5103	
PILOT-2019002001__A__haiku4.5__rep1.json	PILOT-2019002001	A	1	20	6327	7025	1660	2187	0.759	
PILOT-2019002001__A__haiku4.5__rep2.json	PILOT-2019002001	A	2	20	6327	8226	2580	2187	1.1797	
PILOT-2019002001__A__sonnet4__rep0.json	PILOT-2019002001	A	0	20	6327	6284	723	2187	0.3306	
PILOT-2019002001__A__sonnet4__rep1.json	PILOT-2019002001	A	1	20	6327	6292	731	2187	0.3342	
PILOT-2019002001__A__sonnet4__rep2.json	PILOT-2019002001	A	2	20	6327	6668	1047	2187	0.4787	
PILOT-2019002001__B__gpt4o-mini__rep0.json	PILOT-2019002001	B	0	5	6327	2385	4051	2187	1.8523	
PILOT-2019002001__B__gpt4o-mini__rep1.json	PILOT-2019002001	B	1	5	6327	2385	4051	2187	1.8523	
PILOT-2019002001__B__gpt4o-mini__rep2.json	PILOT-2019002001	B	2	5	6327	2385	4051	2187	1.8523	
PILOT-2019002001__B__gpt5.4__rep0.json	PILOT-2019002001	B	0	11	6327	4202	2685	2187	1.2277	
PILOT-2019002001__B__gpt5.4__rep1.json	PILOT-2019002001	B	1	11	6327	3976	2681	2187	1.2259	
PILOT-2019002001__B__gpt5.4__rep2.json	PILOT-2019002001	B	2	20	6327	6543	906	2187	0.4143	
PILOT-2019002001__B__haiku4.5__rep0.json	PILOT-2019002001	B	0	20	6327	8092	2381	2187	1.0887	
PILOT-2019002001__B__haiku4.5__rep1.json	PILOT-2019002001	B	1	20	6327	7374	1710	2187	0.7819	
PILOT-2019002001__B__haiku4.5__rep2.json	PILOT-2019002001	B	2	20	6327	7515	1856	2187	0.8487	
PILOT-2019002001__B__sonnet4__rep0.json	PILOT-2019002001	B	0	20	6327	7074	1341	2187	0.6132	
PILOT-2019002001__B__sonnet4__rep1.json	PILOT-2019002001	B	1	20	6327	7828	2150	2187	0.9831	
PILOT-2019002001__B__sonnet4__rep2.json	PILOT-2019002001	B	2	20	6327	7672	1929	2187	0.882	
PILOT-2019002001__C__gpt4o-mini__rep0.json	PILOT-2019002001	C	0	6	6327	2026	4397	2187	2.0105	
PILOT-2019002001__C__gpt4o-mini__rep1.json	PILOT-2019002001	C	1	6	6327	1735	4675	2187	2.1376	
PILOT-2019002001__C__gpt4o-mini__rep2.json	PILOT-2019002001	C	2	7	6327	2165	4258	2187	1.947	
PILOT-2019002001__C__gpt5.4__rep0.json	PILOT-2019002001	C	0	11	6327	4276	2760	2187	1.262	
PILOT-2019002001__C__gpt5.4__rep1.json	PILOT-2019002001	C	1	7	6327	2697	4098	2187	1.8738	
PILOT-2019002001__C__gpt5.4__rep2.json	PILOT-2019002001	C	2	11	6327	4299	2763	2187	1.2634	
PILOT-2019002001__C__haiku4.5__rep0.json	PILOT-2019002001	C	0	20	6327	9227	3498	2187	1.5995	
PILOT-2019002001__C__haiku4.5__rep1.json	PILOT-2019002001	C	1	20	6327	9701	3946	2187	1.8043	
PILOT-2019002001__C__haiku4.5__rep2.json	PILOT-2019002001	C	2	20	6327	9062	3323	2187	1.5194	
PILOT-2019002001__C__sonnet4__rep0.json	PILOT-2019002001	C	0	20	6327	6665	1003	2187	0.4586	
PILOT-2019002001__C__sonnet4__rep1.json	PILOT-2019002001	C	1	20	6327	6678	1020	2187	0.4664	
PILOT-2019002001__C__sonnet4__rep2.json	PILOT-2019002001	C	2	20	6327	6401	751	2187	0.3434	
PILOT-2019002001__D__gpt4o-mini__rep0.json	PILOT-2019002001	D	0	7	6327	1735	4675	2187	2.1376	
PILOT-2019002001__D__gpt4o-mini__rep1.json	PILOT-2019002001	D	1	7	6327	1735	4675	2187	2.1376	
PILOT-2019002001__D__gpt4o-mini__rep2.json	PILOT-2019002001	D	2	6	6327	1886	4560	2187	2.085	
PILOT-2019002001__D__gpt5.4__rep0.json	PILOT-2019002001	D	0	6	6327	2799	3912	2187	1.7888	
PILOT-2019002001__D__gpt5.4__rep1.json	PILOT-2019002001	D	1	7	6327	2914	3958	2187	1.8098	
PILOT-2019002001__D__gpt5.4__rep2.json	PILOT-2019002001	D	2	20	6327	5649	2648	2187	1.2108	
PILOT-2019002001__D__haiku4.5__rep0.json	PILOT-2019002001	D	0	20	6327	7596	1955	2187	0.8939	
PILOT-2019002001__D__haiku4.5__rep1.json	PILOT-2019002001	D	1	20	6327	8431	2708	2187	1.2382	
PILOT-2019002001__D__haiku4.5__rep2.json	PILOT-2019002001	D	2	20	6327	8435	2706	2187	1.2373	
PILOT-2019002001__D__sonnet4__rep0.json	PILOT-2019002001	D	0	20	6327	6836	1178	2187	0.5386	
PILOT-2019002001__D__sonnet4__rep1.json	PILOT-2019002001	D	1	20	6327	7974	2208	2187	1.0096	
PILOT-2019002001__D__sonnet4__rep2.json	PILOT-2019002001	D	2	20	6327	6496	844	2187	0.3859	
PILOT-2019002001__E__gpt4o-mini__rep0.json	PILOT-2019002001	E	0	6	6327	2026	4397	2187	2.0105	
PILOT-2019002001__E__gpt4o-mini__rep1.json	PILOT-2019002001	E	1	6	6327	1735	4675	2187	2.1376	
PILOT-2019002001__E__gpt4o-mini__rep2.json	PILOT-2019002001	E	2	6	6327	1739	4674	2187	2.1372	
PILOT-2019002001__E__gpt5.4__rep0.json	PILOT-2019002001	E	0	7	6327	2387	4077	2187	1.8642	
PILOT-2019002001__E__gpt5.4__rep1.json	PILOT-2019002001	E	1	7	6327	2341	4153	2187	1.8989	
PILOT-2019002001__E__gpt5.4__rep2.json	PILOT-2019002001	E	2	11	6327	4077	2641	2187	1.2076	
PILOT-2019002001__E__haiku4.5__rep0.json	PILOT-2019002001	E	0	20	6327	8736	3014	2187	1.3781	
PILOT-2019002001__E__haiku4.5__rep1.json	PILOT-2019002001	E	1	20	6327	8449	2745	2187	1.2551	
PILOT-2019002001__E__haiku4.5__rep2.json	PILOT-2019002001	E	2	20	6327	7983	2276	2187	1.0407	
PILOT-2019002001__E__sonnet4__rep0.json	PILOT-2019002001	E	0	20	6327	6569	916	2187	0.4188	
PILOT-2019002001__E__sonnet4__rep1.json	PILOT-2019002001	E	1	20	6327	6389	738	2187	0.3374	
PILOT-2019002001__E__sonnet4__rep2.json	PILOT-2019002001	E	2	20	6327	6496	844	2187	0.3859	
PILOT-2019002001__F__gpt4o-mini__rep0.json	PILOT-2019002001	F	0	6	6327	1886	4560	2187	2.085	
PILOT-2019002001__F__gpt4o-mini__rep1.json	PILOT-2019002001	F	1	6	6327	1886	4560	2187	2.085	
PILOT-2019002001__F__gpt4o-mini__rep2.json	PILOT-2019002001	F	2	6	6327	1886	4560	2187	2.085	
PILOT-2019002001__F__gpt5.4__rep0.json	PILOT-2019002001	F	0	6	6327	2836	3907	2187	1.7865	
PILOT-2019002001__F__gpt5.4__rep1.json	PILOT-2019002001	F	1	20	6327	6315	686	2187	0.3137	
PILOT-2019002001__F__gpt5.4__rep2.json	PILOT-2019002001	F	2	6	6327	2497	4086	2187	1.8683	
PILOT-2019002001__F__haiku4.5__rep0.json	PILOT-2019002001	F	0	20	6327	7443	1827	2187	0.8354	
PILOT-2019002001__F__haiku4.5__rep1.json	PILOT-2019002001	F	1	20	6327	8018	2338	2187	1.069	
PILOT-2019002001__F__haiku4.5__rep2.json	PILOT-2019002001	F	2	20	6327	9000	3259	2187	1.4902	
PILOT-2019002001__F__sonnet4__rep0.json	PILOT-2019002001	F	0	20	6327	6361	697	2187	0.3187	
PILOT-2019002001__F__sonnet4__rep1.json	PILOT-2019002001	F	1	20	6327	6594	936	2187	0.428	
PILOT-2019002001__F__sonnet4__rep2.json	PILOT-2019002001	F	2	20	6327	6672	1013	2187	0.4632	
PILOT-2019002001__G__gpt4o-mini__rep0.json	PILOT-2019002001	G	0	6	6327	1886	4560	2187	2.085	
PILOT-2019002001__G__gpt4o-mini__rep1.json	PILOT-2019002001	G	1	7	6327	2316	4152	2187	1.8985	
PILOT-2019002001__G__gpt4o-mini__rep2.json	PILOT-2019002001	G	2	6	6327	1886	4560	2187	2.085	
PILOT-2019002001__G__gpt5.4__rep0.json	PILOT-2019002001	G	0	7	6327	2450	4145	2187	1.8953	
PILOT-2019002001__G__gpt5.4__rep1.json	PILOT-2019002001	G	1	20	6327	6716	738	2187	0.3374	
PILOT-2019002001__G__gpt5.4__rep2.json	PILOT-2019002001	G	2	7	6327	2386	4100	2187	1.8747	
PILOT-2019002001__G__haiku4.5__rep0.json	PILOT-2019002001	G	0	20	6327	8092	2377	2187	1.0869	
PILOT-2019002001__G__haiku4.5__rep1.json	PILOT-2019002001	G	1	20	6327	9043	3309	2187	1.513	
PILOT-2019002001__G__haiku4.5__rep2.json	PILOT-2019002001	G	2	20	6327	7336	1669	2187	0.7631	
PILOT-2019002001__G__sonnet4__rep0.json	PILOT-2019002001	G	0	20	6327	6266	606	2187	0.2771	
PILOT-2019002001__G__sonnet4__rep1.json	PILOT-2019002001	G	1	20	6327	6274	614	2187	0.2807	
PILOT-2019002001__G__sonnet4__rep2.json	PILOT-2019002001	G	2	20	6327	6311	650	2187	0.2972	
PILOT-2019002001__baseline__gpt4o-mini__rep0.json	PILOT-2019002001	baseline	0	6	6327	1735	4675	2187	2.1376	
PILOT-2019002001__baseline__gpt4o-mini__rep1.json	PILOT-2019002001	baseline	1	6	6327	1886	4560	2187	2.085	
PILOT-2019002001__baseline__gpt4o-mini__rep2.json	PILOT-2019002001	baseline	2	6	6327	1735	4675	2187	2.1376	
PILOT-2019002001__baseline__gpt5.4__rep0.json	PILOT-2019002001	baseline	0	9	6327	3629	3117	2187	1.4252	
PILOT-2019002001__baseline__gpt5.4__rep1.json	PILOT-2019002001	baseline	1	7	6327	2364	4079	2187	1.8651	
PILOT-2019002001__baseline__gpt5.4__rep2.json	PILOT-2019002001	baseline	2	7	6327	2864	4008	2187	1.8326	
PILOT-2019002001__baseline__haiku4.5__rep0.json	PILOT-2019002001	baseline	0	20	6327	7474	1795	2187	0.8208	
PILOT-2019002001__baseline__haiku4.5__rep1.json	PILOT-2019002001	baseline	1	20	6327	8379	2642	2187	1.208	
PILOT-2019002001__baseline__haiku4.5__rep2.json	PILOT-2019002001	baseline	2	20	6327	8988	3261	2187	1.4911	
PILOT-2019002001__baseline__sonnet4__rep0.json	PILOT-2019002001	baseline	0	20	6327	6671	1009	2187	0.4614	
PILOT-2019002001__baseline__sonnet4__rep1.json	PILOT-2019002001	baseline	1	20	6327	6671	992	2187	0.4536	
PILOT-2019002001__baseline__sonnet4__rep2.json	PILOT-2019002001	baseline	2	20	6327	6550	891	2187	0.4074	
PILOT-2019002439__A__gpt4o-mini__rep0.json	PILOT-2019002439	A	0	28	10822	6055	4817	4526	1.0643	
PILOT-2019002439__A__gpt4o-mini__rep1.json	PILOT-2019002439	A	1	17	10822	4257	6634	4526	1.4658	
PILOT-2019002439__A__gpt4o-mini__rep2.json	PILOT-2019002439	A	2	17	10822	4261	6633	4526	1.4655	
PILOT-2019002439__A__gpt5.4__rep0.json	PILOT-2019002439	A	0	26	10822	12713	2791	4526	0.6167	
PILOT-2019002439__A__gpt5.4__rep1.json	PILOT-2019002439	A	1	26	10822	11514	2815	4526	0.622	
PILOT-2019002439__A__gpt5.4__rep2.json	PILOT-2019002439	A	2	25	10822	12232	2830	4526	0.6253	
PILOT-2019002439__A__haiku4.5__rep0.json	PILOT-2019002439	A	0	26	10822	12530	2340	4526	0.517	
PILOT-2019002439__A__haiku4.5__rep1.json	PILOT-2019002439	A	1	29	10822	13519	2904	4526	0.6416	
PILOT-2019002439__A__haiku4.5__rep2.json	PILOT-2019002439	A	2	29	10822	12661	2071	4526	0.4576	
PILOT-2019002439__A__sonnet4__rep0.json	PILOT-2019002439	A	0	28	10822	9608	2227	4526	0.492	
PILOT-2019002439__A__sonnet4__rep1.json	PILOT-2019002439	A	1	28	10822	9400	2248	4526	0.4967	
PILOT-2019002439__A__sonnet4__rep2.json	PILOT-2019002439	A	2	28	10822	9786	2242	4526	0.4954	
PILOT-2019002439__B__gpt4o-mini__rep0.json	PILOT-2019002439	B	0	28	10822	10869	303	4526	0.0669	
PILOT-2019002439__B__gpt4o-mini__rep1.json	PILOT-2019002439	B	1	28	10822	11352	780	4526	0.1723	
PILOT-2019002439__B__gpt4o-mini__rep2.json	PILOT-2019002439	B	2	28	10822	12238	1648	4526	0.3641	
PILOT-2019002439__B__gpt5.4__rep0.json	PILOT-2019002439	B	0	25	10822	11799	2397	4526	0.5296	
PILOT-2019002439__B__gpt5.4__rep1.json	PILOT-2019002439	B	1	25	10822	12486	3075	4526	0.6794	
PILOT-2019002439__B__gpt5.4__rep2.json	PILOT-2019002439	B	2	25	10822	11507	2096	4526	0.4631	
PILOT-2019002439__B__haiku4.5__rep0.json	PILOT-2019002439	B	0	28	10822	13393	2826	4526	0.6244	
PILOT-2019002439__B__haiku4.5__rep1.json	PILOT-2019002439	B	1	28	10822	13112	2506	4526	0.5537	
PILOT-2019002439__B__haiku4.5__rep2.json	PILOT-2019002439	B	2	28	10822	12961	2370	4526	0.5236	
PILOT-2019002439__B__sonnet4__rep0.json	PILOT-2019002439	B	0	28	10822	11861	1308	4526	0.289	
PILOT-2019002439__B__sonnet4__rep1.json	PILOT-2019002439	B	1	25	10822	10567	1262	4526	0.2788	
PILOT-2019002439__B__sonnet4__rep2.json	PILOT-2019002439	B	2	28	10822	11825	1272	4526	0.281	
PILOT-2019002439__C__gpt4o-mini__rep0.json	PILOT-2019002439	C	0	17	10822	4427	6522	4526	1.441	
PILOT-2019002439__C__gpt4o-mini__rep1.json	PILOT-2019002439	C	1	17	10822	4450	6543	4526	1.4456	
PILOT-2019002439__C__gpt4o-mini__rep2.json	PILOT-2019002439	C	2	29	10822	9723	3825	4526	0.8451	
PILOT-2019002439__C__gpt5.4__rep0.json	PILOT-2019002439	C	0	26	10822	12712	2792	4526	0.6169	
PILOT-2019002439__C__gpt5.4__rep1.json	PILOT-2019002439	C	1	26	10822	11447	3049	4526	0.6737	
PILOT-2019002439__C__gpt5.4__rep2.json	PILOT-2019002439	C	2	25	10822	12554	3152	4526	0.6964	
PILOT-2019002439__C__haiku4.5__rep0.json	PILOT-2019002439	C	0	28	10822	11297	3779	4526	0.835	
PILOT-2019002439__C__haiku4.5__rep1.json	PILOT-2019002439	C	1	27	10822	12315	2293	4526	0.5066	
PILOT-2019002439__C__haiku4.5__rep2.json	PILOT-2019002439	C	2	29	10822	12584	1994	4526	0.4406	
PILOT-2019002439__C__sonnet4__rep0.json	PILOT-2019002439	C	0	28	10822	9546	2185	4526	0.4828	
PILOT-2019002439__C__sonnet4__rep1.json	PILOT-2019002439	C	1	28	10822	9668	2218	4526	0.4901	
PILOT-2019002439__C__sonnet4__rep2.json	PILOT-2019002439	C	2	28	10822	9774	2261	4526	0.4996	
PILOT-2019002439__D__gpt4o-mini__rep0.json	PILOT-2019002439	D	0	19	10822	4426	6515	4526	1.4395	
PILOT-2019002439__D__gpt4o-mini__rep1.json	PILOT-2019002439	D	1	17	10822	5228	6769	4526	1.4956	
PILOT-2019002439__D__gpt4o-mini__rep2.json	PILOT-2019002439	D	2	13	10822	4526	7138	4526	1.5771	
PILOT-2019002439__D__gpt5.4__rep0.json	PILOT-2019002439	D	0	25	10822	12426	3024	4526	0.6681	
PILOT-2019002439__D__gpt5.4__rep1.json	PILOT-2019002439	D	1	25	10822	12454	3052	4526	0.6743	
PILOT-2019002439__D__gpt5.4__rep2.json	PILOT-2019002439	D	2	25	10822	11940	2529	4526	0.5588	
PILOT-2019002439__D__haiku4.5__rep0.json	PILOT-2019002439	D	0	29	10822	12764	2173	4526	0.4801	
PILOT-2019002439__D__haiku4.5__rep1.json	PILOT-2019002439	D	1	28	10822	11266	3840	4526	0.8484	
PILOT-2019002439__D__haiku4.5__rep2.json	PILOT-2019002439	D	2	29	10822	12092	1508	4526	0.3332	
PILOT-2019002439__D__sonnet4__rep0.json	PILOT-2019002439	D	0	28	10822	9493	2313	4526	0.511	
PILOT-2019002439__D__sonnet4__rep1.json	PILOT-2019002439	D	1	28	10822	9497	2317	4526	0.5119	
PILOT-2019002439__D__sonnet4__rep2.json	PILOT-2019002439	D	2	25	10822	9918	3500	4526	0.7733	
PILOT-2019002439__E__gpt4o-mini__rep0.json	PILOT-2019002439	E	0	28	10822	8769	4772	4526	1.0544	
PILOT-2019002439__E__gpt4o-mini__rep1.json	PILOT-2019002439	E	1	17	10822	4463	6556	4526	1.4485	
PILOT-2019002439__E__gpt4o-mini__rep2.json	PILOT-2019002439	E	2	14	10822	3998	6998	4526	1.5462	
PILOT-2019002439__E__gpt5.4__rep0.json	PILOT-2019002439	E	0	25	10822	11940	2529	4526	0.5588	
PILOT-2019002439__E__gpt5.4__rep1.json	PILOT-2019002439	E	1	25	10822	12475	3087	4526	0.6821	
PILOT-2019002439__E__gpt5.4__rep2.json	PILOT-2019002439	E	2	25	10822	11865	2477	4526	0.5473	
PILOT-2019002439__E__haiku4.5__rep0.json	PILOT-2019002439	E	0	29	10822	11904	4344	4526	0.9598	
PILOT-2019002439__E__haiku4.5__rep1.json	PILOT-2019002439	E	1	29	10822	13523	2906	4526	0.6421	
PILOT-2019002439__E__haiku4.5__rep2.json	PILOT-2019002439	E	2	29	10822	11086	3661	4526	0.8089	
PILOT-2019002439__E__sonnet4__rep0.json	PILOT-2019002439	E	0	28	10822	9699	2230	4526	0.4927	
PILOT-2019002439__E__sonnet4__rep1.json	PILOT-2019002439	E	1	28	10822	9749	2230	4526	0.4927	
PILOT-2019002439__E__sonnet4__rep2.json	PILOT-2019002439	E	2	28	10822	9614	2196	4526	0.4852	
PILOT-2019002439__F__gpt4o-mini__rep0.json	PILOT-2019002439	F	0	17	10822	4554	6648	4526	1.4688	
PILOT-2019002439__F__gpt4o-mini__rep1.json	PILOT-2019002439	F	1	17	10822	4436	6531	4526	1.443	
PILOT-2019002439__F__gpt4o-mini__rep2.json	PILOT-2019002439	F	2	17	10822	4446	6538	4526	1.4445	
PILOT-2019002439__F__gpt5.4__rep0.json	PILOT-2019002439	F	0	25	10822	11877	2476	4526	0.5471	
PILOT-2019002439__F__gpt5.4__rep1.json	PILOT-2019002439	F	1	26	10822	11446	3092	4526	0.6832	
PILOT-2019002439__F__gpt5.4__rep2.json	PILOT-2019002439	F	2	25	10822	11545	2685	4526	0.5932	
PILOT-2019002439__F__haiku4.5__rep0.json	PILOT-2019002439	F	0	29	10822	12538	1945	4526	0.4297	
PILOT-2019002439__F__haiku4.5__rep1.json	PILOT-2019002439	F	1	29	10822	12572	1972	4526	0.4357	
PILOT-2019002439__F__haiku4.5__rep2.json	PILOT-2019002439	F	2	29	10822	12226	1645	4526	0.3635	
PILOT-2019002439__F__sonnet4__rep0.json	PILOT-2019002439	F	0	28	10822	9583	2194	4526	0.4848	
PILOT-2019002439__F__sonnet4__rep1.json	PILOT-2019002439	F	1	28	10822	9578	2189	4526	0.4837	
PILOT-2019002439__F__sonnet4__rep2.json	PILOT-2019002439	F	2	28	10822	9840	2266	4526	0.5007	
PILOT-2019002439__G__gpt4o-mini__rep0.json	PILOT-2019002439	G	0	0			None		None	no_gen
PILOT-2019002439__G__gpt4o-mini__rep1.json	PILOT-2019002439	G	1	10	10822	3745	7611	4526	1.6816	
PILOT-2019002439__G__gpt4o-mini__rep2.json	PILOT-2019002439	G	2	0			None		None	no_gen
PILOT-2019002439__G__gpt5.4__rep0.json	PILOT-2019002439	G	0	25	10822	11887	2477	4526	0.5473	
PILOT-2019002439__G__gpt5.4__rep1.json	PILOT-2019002439	G	1	25	10822	11623	2782	4526	0.6147	
PILOT-2019002439__G__gpt5.4__rep2.json	PILOT-2019002439	G	2	25	10822	11862	2452	4526	0.5418	
PILOT-2019002439__G__haiku4.5__rep0.json	PILOT-2019002439	G	0	29	10822	13692	3073	4526	0.679	
PILOT-2019002439__G__haiku4.5__rep1.json	PILOT-2019002439	G	1	29	10822	13088	2473	4526	0.5464	
PILOT-2019002439__G__haiku4.5__rep2.json	PILOT-2019002439	G	2	29	10822	12393	1813	4526	0.4006	
PILOT-2019002439__G__sonnet4__rep0.json	PILOT-2019002439	G	0	28	10822	10543	3157	4526	0.6975	
PILOT-2019002439__G__sonnet4__rep1.json	PILOT-2019002439	G	1	25	10822	10961	4209	4526	0.93	
PILOT-2019002439__G__sonnet4__rep2.json	PILOT-2019002439	G	2	28	10822	9736	2241	4526	0.4951	
PILOT-2019002439__baseline__gpt4o-mini__rep0.json	PILOT-2019002439	baseline	0	17	10822	4450	6544	4526	1.4459	
PILOT-2019002439__baseline__gpt4o-mini__rep1.json	PILOT-2019002439	baseline	1	17	10822	5368	6703	4526	1.481	
PILOT-2019002439__baseline__gpt4o-mini__rep2.json	PILOT-2019002439	baseline	2	17	10822	4421	6516	4526	1.4397	
PILOT-2019002439__baseline__gpt5.4__rep0.json	PILOT-2019002439	baseline	0	26	10822	12724	2805	4526	0.6198	
PILOT-2019002439__baseline__gpt5.4__rep1.json	PILOT-2019002439	baseline	1	26	10822	12662	2733	4526	0.6038	
PILOT-2019002439__baseline__gpt5.4__rep2.json	PILOT-2019002439	baseline	2	25	10822	11884	2471	4526	0.546	
PILOT-2019002439__baseline__haiku4.5__rep0.json	PILOT-2019002439	baseline	0	29	10822	12433	1849	4526	0.4085	
PILOT-2019002439__baseline__haiku4.5__rep1.json	PILOT-2019002439	baseline	1	27	10822	12727	2648	4526	0.5851	
PILOT-2019002439__baseline__haiku4.5__rep2.json	PILOT-2019002439	baseline	2	29	10822	11864	1915	4526	0.4231	
PILOT-2019002439__baseline__sonnet4__rep0.json	PILOT-2019002439	baseline	0	23	10822	10516	3824	4526	0.8449	
PILOT-2019002439__baseline__sonnet4__rep1.json	PILOT-2019002439	baseline	1	28	10822	9967	2438	4526	0.5387	
PILOT-2019002439__baseline__sonnet4__rep2.json	PILOT-2019002439	baseline	2	28	10822	9633	2199	4526	0.4859	
PILOT-2019003829__A__gpt4o-mini__rep0.json	PILOT-2019003829	A	0	6	2276	862	1604	1505	1.0658	
PILOT-2019003829__A__gpt4o-mini__rep1.json	PILOT-2019003829	A	1	5	2276	694	1689	1505	1.1223	
PILOT-2019003829__A__gpt4o-mini__rep2.json	PILOT-2019003829	A	2	6	2276	969	1568	1505	1.0419	
PILOT-2019003829__A__gpt5.4__rep0.json	PILOT-2019003829	A	0	17	2276	2112	451	1505	0.2997	
PILOT-2019003829__A__gpt5.4__rep1.json	PILOT-2019003829	A	1	17	2276	2112	451	1505	0.2997	
PILOT-2019003829__A__gpt5.4__rep2.json	PILOT-2019003829	A	2	17	2276	2275	288	1505	0.1914	
PILOT-2019003829__A__haiku4.5__rep0.json	PILOT-2019003829	A	0	17	2276	2543	1099	1505	0.7302	
PILOT-2019003829__A__haiku4.5__rep1.json	PILOT-2019003829	A	1	17	2276	2879	1128	1505	0.7495	
PILOT-2019003829__A__haiku4.5__rep2.json	PILOT-2019003829	A	2	17	2276	2684	961	1505	0.6385	
PILOT-2019003829__A__sonnet4__rep0.json	PILOT-2019003829	A	0	17	2276	2106	426	1505	0.2831	
PILOT-2019003829__A__sonnet4__rep1.json	PILOT-2019003829	A	1	17	2276	2148	468	1505	0.311	
PILOT-2019003829__A__sonnet4__rep2.json	PILOT-2019003829	A	2	17	2276	2106	426	1505	0.2831	
PILOT-2019003829__B__gpt4o-mini__rep0.json	PILOT-2019003829	B	0	7	2276	697	1637	1505	1.0877	
PILOT-2019003829__B__gpt4o-mini__rep1.json	PILOT-2019003829	B	1	7	2276	769	1580	1505	1.0498	
PILOT-2019003829__B__gpt4o-mini__rep2.json	PILOT-2019003829	B	2	7	2276	761	1604	1505	1.0658	
PILOT-2019003829__B__gpt5.4__rep0.json	PILOT-2019003829	B	0	17	2276	2266	581	1505	0.386	
PILOT-2019003829__B__gpt5.4__rep1.json	PILOT-2019003829	B	1	17	2276	2407	396	1505	0.2631	
PILOT-2019003829__B__gpt5.4__rep2.json	PILOT-2019003829	B	2	17	2276	1648	677	1505	0.4498	
PILOT-2019003829__B__haiku4.5__rep0.json	PILOT-2019003829	B	0	17	2276	2831	1025	1505	0.6811	
PILOT-2019003829__B__haiku4.5__rep1.json	PILOT-2019003829	B	1	17	2276	2860	1055	1505	0.701	
PILOT-2019003829__B__haiku4.5__rep2.json	PILOT-2019003829	B	2	17	2276	2893	1047	1505	0.6957	
PILOT-2019003829__B__sonnet4__rep0.json	PILOT-2019003829	B	0	17	2276	2654	822	1505	0.5462	
PILOT-2019003829__B__sonnet4__rep1.json	PILOT-2019003829	B	1	17	2276	2465	717	1505	0.4764	
PILOT-2019003829__B__sonnet4__rep2.json	PILOT-2019003829	B	2	17	2276	2558	801	1505	0.5322	
PILOT-2019003829__C__gpt4o-mini__rep0.json	PILOT-2019003829	C	0	6	2276	978	1568	1505	1.0419	
PILOT-2019003829__C__gpt4o-mini__rep1.json	PILOT-2019003829	C	1	6	2276	745	1622	1505	1.0777	
PILOT-2019003829__C__gpt4o-mini__rep2.json	PILOT-2019003829	C	2	6	2276	1103	1493	1505	0.992	
PILOT-2019003829__C__gpt5.4__rep0.json	PILOT-2019003829	C	0	13	2276	1499	1041	1505	0.6917	
PILOT-2019003829__C__gpt5.4__rep1.json	PILOT-2019003829	C	1	17	2276	2275	288	1505	0.1914	
PILOT-2019003829__C__gpt5.4__rep2.json	PILOT-2019003829	C	2	13	2276	1505	1044	1505	0.6937	
PILOT-2019003829__C__haiku4.5__rep0.json	PILOT-2019003829	C	0	17	2276	3349	1500	1505	0.9967	
PILOT-2019003829__C__haiku4.5__rep1.json	PILOT-2019003829	C	1	17	2276	2896	1141	1505	0.7581	
PILOT-2019003829__C__haiku4.5__rep2.json	PILOT-2019003829	C	2	17	2276	3266	1441	1505	0.9575	
PILOT-2019003829__C__sonnet4__rep0.json	PILOT-2019003829	C	0	17	2276	2225	534	1505	0.3548	
PILOT-2019003829__C__sonnet4__rep1.json	PILOT-2019003829	C	1	17	2276	2225	534	1505	0.3548	
PILOT-2019003829__C__sonnet4__rep2.json	PILOT-2019003829	C	2	17	2276	2224	521	1505	0.3462	
PILOT-2019003829__D__gpt4o-mini__rep0.json	PILOT-2019003829	D	0	6	2276	988	1564	1505	1.0392	
PILOT-2019003829__D__gpt4o-mini__rep1.json	PILOT-2019003829	D	1	6	2276	1052	1521	1505	1.0106	
PILOT-2019003829__D__gpt4o-mini__rep2.json	PILOT-2019003829	D	2	6	2276	1013	1526	1505	1.014	
PILOT-2019003829__D__gpt5.4__rep0.json	PILOT-2019003829	D	0	13	2276	1486	1026	1505	0.6817	
PILOT-2019003829__D__gpt5.4__rep1.json	PILOT-2019003829	D	1	13	2276	1480	1023	1505	0.6797	
PILOT-2019003829__D__gpt5.4__rep2.json	PILOT-2019003829	D	2	13	2276	1486	1023	1505	0.6797	
PILOT-2019003829__D__haiku4.5__rep0.json	PILOT-2019003829	D	0	17	2276	3382	1456	1505	0.9674	
PILOT-2019003829__D__haiku4.5__rep1.json	PILOT-2019003829	D	1	17	2276	2922	1028	1505	0.6831	
PILOT-2019003829__D__haiku4.5__rep2.json	PILOT-2019003829	D	2	17	2276	3240	1426	1505	0.9475	
PILOT-2019003829__D__sonnet4__rep0.json	PILOT-2019003829	D	0	13	2276	1621	1124	1505	0.7468	
PILOT-2019003829__D__sonnet4__rep1.json	PILOT-2019003829	D	1	17	2276	2183	492	1505	0.3269	
PILOT-2019003829__D__sonnet4__rep2.json	PILOT-2019003829	D	2	13	2276	1612	1134	1505	0.7535	
PILOT-2019003829__E__gpt4o-mini__rep0.json	PILOT-2019003829	E	0	6	2276	982	1537	1505	1.0213	
PILOT-2019003829__E__gpt4o-mini__rep1.json	PILOT-2019003829	E	1	6	2276	863	1596	1505	1.0605	
PILOT-2019003829__E__gpt4o-mini__rep2.json	PILOT-2019003829	E	2	6	2276	1046	1503	1505	0.9987	
PILOT-2019003829__E__gpt5.4__rep0.json	PILOT-2019003829	E	0	17	2276	2269	282	1505	0.1874	
PILOT-2019003829__E__gpt5.4__rep1.json	PILOT-2019003829	E	1	17	2276	2244	273	1505	0.1814	
PILOT-2019003829__E__gpt5.4__rep2.json	PILOT-2019003829	E	2	17	2276	2250	264	1505	0.1754	
PILOT-2019003829__E__haiku4.5__rep0.json	PILOT-2019003829	E	0	17	2276	2570	853	1505	0.5668	
PILOT-2019003829__E__haiku4.5__rep1.json	PILOT-2019003829	E	1	17	2276	2530	698	1505	0.4638	
PILOT-2019003829__E__haiku4.5__rep2.json	PILOT-2019003829	E	2	13	2276	2126	1350	1505	0.897	
PILOT-2019003829__E__sonnet4__rep0.json	PILOT-2019003829	E	0	17	2276	2070	409	1505	0.2718	
PILOT-2019003829__E__sonnet4__rep1.json	PILOT-2019003829	E	1	17	2276	2119	458	1505	0.3043	
PILOT-2019003829__E__sonnet4__rep2.json	PILOT-2019003829	E	2	17	2276	2119	458	1505	0.3043	
PILOT-2019003829__F__gpt4o-mini__rep0.json	PILOT-2019003829	F	0	6	2276	659	1659	1505	1.1023	
PILOT-2019003829__F__gpt4o-mini__rep1.json	PILOT-2019003829	F	1	8	2276	997	1510	1505	1.0033	
PILOT-2019003829__F__gpt4o-mini__rep2.json	PILOT-2019003829	F	2	6	2276	854	1579	1505	1.0492	
PILOT-2019003829__F__gpt5.4__rep0.json	PILOT-2019003829	F	0	17	2276	2115	454	1505	0.3017	
PILOT-2019003829__F__gpt5.4__rep1.json	PILOT-2019003829	F	1	17	2276	2275	288	1505	0.1914	
PILOT-2019003829__F__gpt5.4__rep2.json	PILOT-2019003829	F	2	13	2276	1505	1044	1505	0.6937	
PILOT-2019003829__F__haiku4.5__rep0.json	PILOT-2019003829	F	0	17	2276	2907	1084	1505	0.7203	
PILOT-2019003829__F__haiku4.5__rep1.json	PILOT-2019003829	F	1	17	2276	3034	1185	1505	0.7874	
PILOT-2019003829__F__haiku4.5__rep2.json	PILOT-2019003829	F	2	17	2276	3066	1206	1505	0.8013	
PILOT-2019003829__F__sonnet4__rep0.json	PILOT-2019003829	F	0	17	2276	2211	520	1505	0.3455	
PILOT-2019003829__F__sonnet4__rep1.json	PILOT-2019003829	F	1	17	2276	2215	524	1505	0.3482	
PILOT-2019003829__F__sonnet4__rep2.json	PILOT-2019003829	F	2	17	2276	2192	503	1505	0.3342	
PILOT-2019003829__G__gpt4o-mini__rep0.json	PILOT-2019003829	G	0	6	2276	872	1578	1505	1.0485	
PILOT-2019003829__G__gpt4o-mini__rep1.json	PILOT-2019003829	G	1	8	2276	933	1535	1505	1.0199	
PILOT-2019003829__G__gpt4o-mini__rep2.json	PILOT-2019003829	G	2	7	2276	1094	1528	1505	1.0153	
PILOT-2019003829__G__gpt5.4__rep0.json	PILOT-2019003829	G	0	13	2276	1511	1044	1505	0.6937	
PILOT-2019003829__G__gpt5.4__rep1.json	PILOT-2019003829	G	1	17	2276	2281	294	1505	0.1953	
PILOT-2019003829__G__gpt5.4__rep2.json	PILOT-2019003829	G	2	17	2276	2275	288	1505	0.1914	
PILOT-2019003829__G__haiku4.5__rep0.json	PILOT-2019003829	G	0	17	2276	1941	1214	1505	0.8066	
PILOT-2019003829__G__haiku4.5__rep1.json	PILOT-2019003829	G	1	12	2276	1769	1193	1505	0.7927	
PILOT-2019003829__G__haiku4.5__rep2.json	PILOT-2019003829	G	2	17	2276	2876	1057	1505	0.7023	
PILOT-2019003829__G__sonnet4__rep0.json	PILOT-2019003829	G	0	17	2276	2247	555	1505	0.3688	
PILOT-2019003829__G__sonnet4__rep1.json	PILOT-2019003829	G	1	17	2276	2307	617	1505	0.41	
PILOT-2019003829__G__sonnet4__rep2.json	PILOT-2019003829	G	2	17	2276	2247	555	1505	0.3688	
PILOT-2019003829__baseline__gpt4o-mini__rep0.json	PILOT-2019003829	baseline	0	5	2276	792	1645	1505	1.093	
PILOT-2019003829__baseline__gpt4o-mini__rep1.json	PILOT-2019003829	baseline	1	6	2276	968	1542	1505	1.0246	
PILOT-2019003829__baseline__gpt4o-mini__rep2.json	PILOT-2019003829	baseline	2	6	2276	1060	1546	1505	1.0272	
PILOT-2019003829__baseline__gpt5.4__rep0.json	PILOT-2019003829	baseline	0	17	2276	2255	308	1505	0.2047	
PILOT-2019003829__baseline__gpt5.4__rep1.json	PILOT-2019003829	baseline	1	17	2276	2249	302	1505	0.2007	
PILOT-2019003829__baseline__gpt5.4__rep2.json	PILOT-2019003829	baseline	2	17	2276	2269	282	1505	0.1874	
PILOT-2019003829__baseline__haiku4.5__rep0.json	PILOT-2019003829	baseline	0	17	2276	2677	939	1505	0.6239	
PILOT-2019003829__baseline__haiku4.5__rep1.json	PILOT-2019003829	baseline	1	17	2276	2766	1080	1505	0.7176	
PILOT-2019003829__baseline__haiku4.5__rep2.json	PILOT-2019003829	baseline	2	17	2276	2702	963	1505	0.6399	
PILOT-2019003829__baseline__sonnet4__rep0.json	PILOT-2019003829	baseline	0	17	2276	2106	426	1505	0.2831	
PILOT-2019003829__baseline__sonnet4__rep1.json	PILOT-2019003829	baseline	1	17	2276	2098	419	1505	0.2784	
PILOT-2019003829__baseline__sonnet4__rep2.json	PILOT-2019003829	baseline	2	17	2276	2106	426	1505	0.2831	
PILOT-2019005007__A__gpt4o-mini__rep0.json	PILOT-2019005007	A	0	5	6403	1614	4800	3873	1.2393	
PILOT-2019005007__A__gpt4o-mini__rep1.json	PILOT-2019005007	A	1	3	6403	1142	5272	3873	1.3612	
PILOT-2019005007__A__gpt4o-mini__rep2.json	PILOT-2019005007	A	2	5	6403	1781	4670	3873	1.2058	
PILOT-2019005007__A__gpt5.4__rep0.json	PILOT-2019005007	A	0	28	6403	6343	384	3873	0.0991	
PILOT-2019005007__A__gpt5.4__rep1.json	PILOT-2019005007	A	1	25	6403	5180	1280	3873	0.3305	
PILOT-2019005007__A__gpt5.4__rep2.json	PILOT-2019005007	A	2	25	6403	5397	1317	3873	0.34	
PILOT-2019005007__A__haiku4.5__rep0.json	PILOT-2019005007	A	0	30	6403	8154	2366	3873	0.6109	
PILOT-2019005007__A__haiku4.5__rep1.json	PILOT-2019005007	A	1	30	6403	7633	3569	3873	0.9215	
PILOT-2019005007__A__haiku4.5__rep2.json	PILOT-2019005007	A	2	30	6403	7288	3276	3873	0.8459	
PILOT-2019005007__A__sonnet4__rep0.json	PILOT-2019005007	A	0	25	6403	5331	1436	3873	0.3708	
PILOT-2019005007__A__sonnet4__rep1.json	PILOT-2019005007	A	1	25	6403	5360	1407	3873	0.3633	
PILOT-2019005007__A__sonnet4__rep2.json	PILOT-2019005007	A	2	27	6403	5371	1396	3873	0.3604	
PILOT-2019005007__B__gpt4o-mini__rep0.json	PILOT-2019005007	B	0	6	6403	2181	4438	3873	1.1459	
PILOT-2019005007__B__gpt4o-mini__rep1.json	PILOT-2019005007	B	1	4	6403	1629	4798	3873	1.2388	
PILOT-2019005007__B__gpt4o-mini__rep2.json	PILOT-2019005007	B	2	4	6403	1657	4782	3873	1.2347	
PILOT-2019005007__B__gpt5.4__rep0.json	PILOT-2019005007	B	0	25	6403	5802	1741	3873	0.4495	
PILOT-2019005007__B__gpt5.4__rep1.json	PILOT-2019005007	B	1	27	6403	6026	1141	3873	0.2946	
PILOT-2019005007__B__gpt5.4__rep2.json	PILOT-2019005007	B	2	25	6403	6045	2006	3873	0.5179	
PILOT-2019005007__B__haiku4.5__rep0.json	PILOT-2019005007	B	0	30	6403	7576	3474	3873	0.897	
PILOT-2019005007__B__haiku4.5__rep1.json	PILOT-2019005007	B	1	30	6403	6622	2568	3873	0.6631	
PILOT-2019005007__B__haiku4.5__rep2.json	PILOT-2019005007	B	2	30	6403	6700	2605	3873	0.6726	
PILOT-2019005007__B__sonnet4__rep0.json	PILOT-2019005007	B	0	27	6403	5798	1539	3873	0.3974	
PILOT-2019005007__B__sonnet4__rep1.json	PILOT-2019005007	B	1	27	6403	5905	1746	3873	0.4508	
PILOT-2019005007__B__sonnet4__rep2.json	PILOT-2019005007	B	2	27	6403	5648	1617	3873	0.4175	
PILOT-2019005007__C__gpt4o-mini__rep0.json	PILOT-2019005007	C	0	7	6403	1820	4673	3873	1.2066	
PILOT-2019005007__C__gpt4o-mini__rep1.json	PILOT-2019005007	C	1	7	6403	2248	4414	3873	1.1397	
PILOT-2019005007__C__gpt4o-mini__rep2.json	PILOT-2019005007	C	2	4	6403	1380	5023	3873	1.2969	
PILOT-2019005007__C__gpt5.4__rep0.json	PILOT-2019005007	C	0	30	6403	5977	1938	3873	0.5004	
PILOT-2019005007__C__gpt5.4__rep1.json	PILOT-2019005007	C	1	25	6403	5420	1339	3873	0.3457	
PILOT-2019005007__C__gpt5.4__rep2.json	PILOT-2019005007	C	2	30	6403	8387	2071	3873	0.5347	
PILOT-2019005007__C__haiku4.5__rep0.json	PILOT-2019005007	C	0	30	6403	5969	2230	3873	0.5758	
PILOT-2019005007__C__haiku4.5__rep1.json	PILOT-2019005007	C	1	27	6403	5246	2181	3873	0.5631	
PILOT-2019005007__C__haiku4.5__rep2.json	PILOT-2019005007	C	2	30	6403	6594	1747	3873	0.4511	
PILOT-2019005007__C__sonnet4__rep0.json	PILOT-2019005007	C	0	27	6403	6000	1806	3873	0.4663	
PILOT-2019005007__C__sonnet4__rep1.json	PILOT-2019005007	C	1	27	6403	5852	1658	3873	0.4281	
PILOT-2019005007__C__sonnet4__rep2.json	PILOT-2019005007	C	2	27	6403	5837	1643	3873	0.4242	
PILOT-2019005007__D__gpt4o-mini__rep0.json	PILOT-2019005007	D	0	6	6403	1790	4663	3873	1.204	
PILOT-2019005007__D__gpt4o-mini__rep1.json	PILOT-2019005007	D	1	4	6403	1524	4901	3873	1.2654	
PILOT-2019005007__D__gpt4o-mini__rep2.json	PILOT-2019005007	D	2	4	6403	1355	5071	3873	1.3093	
PILOT-2019005007__D__gpt5.4__rep0.json	PILOT-2019005007	D	0	30	6403	8227	1893	3873	0.4888	
PILOT-2019005007__D__gpt5.4__rep1.json	PILOT-2019005007	D	1	30	6403	7895	1574	3873	0.4064	
PILOT-2019005007__D__gpt5.4__rep2.json	PILOT-2019005007	D	2	25	6403	5505	1754	3873	0.4529	
PILOT-2019005007__D__haiku4.5__rep0.json	PILOT-2019005007	D	0	30	6403	7771	1874	3873	0.4839	
PILOT-2019005007__D__haiku4.5__rep1.json	PILOT-2019005007	D	1	30	6403	7742	1874	3873	0.4839	
PILOT-2019005007__D__haiku4.5__rep2.json	PILOT-2019005007	D	2	30	6403	6211	1984	3873	0.5123	
PILOT-2019005007__D__sonnet4__rep0.json	PILOT-2019005007	D	0	27	6403	5620	1549	3873	0.3999	
PILOT-2019005007__D__sonnet4__rep1.json	PILOT-2019005007	D	1	30	6403	5789	1731	3873	0.4469	
PILOT-2019005007__D__sonnet4__rep2.json	PILOT-2019005007	D	2	30	6403	5931	1873	3873	0.4836	
PILOT-2019005007__E__gpt4o-mini__rep0.json	PILOT-2019005007	E	0	4	6403	1771	4685	3873	1.2097	
PILOT-2019005007__E__gpt4o-mini__rep1.json	PILOT-2019005007	E	1	4	6403	1368	5041	3873	1.3016	
PILOT-2019005007__E__gpt4o-mini__rep2.json	PILOT-2019005007	E	2	4	6403	1753	4689	3873	1.2107	
PILOT-2019005007__E__gpt5.4__rep0.json	PILOT-2019005007	E	0	25	6403	5732	1171	3873	0.3023	
PILOT-2019005007__E__gpt5.4__rep1.json	PILOT-2019005007	E	1	25	6403	5488	1275	3873	0.3292	
PILOT-2019005007__E__gpt5.4__rep2.json	PILOT-2019005007	E	2	25	6403	5488	1275	3873	0.3292	
PILOT-2019005007__E__haiku4.5__rep0.json	PILOT-2019005007	E	0	28	6403	1911	4598	3873	1.1872	
PILOT-2019005007__E__haiku4.5__rep1.json	PILOT-2019005007	E	1	30	6403	5844	2118	3873	0.5469	
PILOT-2019005007__E__haiku4.5__rep2.json	PILOT-2019005007	E	2	30	6403	5843	2088	3873	0.5391	
PILOT-2019005007__E__sonnet4__rep0.json	PILOT-2019005007	E	0	27	6403	5837	1643	3873	0.4242	
PILOT-2019005007__E__sonnet4__rep1.json	PILOT-2019005007	E	1	27	6403	5534	1480	3873	0.3821	
PILOT-2019005007__E__sonnet4__rep2.json	PILOT-2019005007	E	2	27	6403	5824	1656	3873	0.4276	
PILOT-2019005007__F__gpt4o-mini__rep0.json	PILOT-2019005007	F	0	4	6403	1594	4861	3873	1.2551	
PILOT-2019005007__F__gpt4o-mini__rep1.json	PILOT-2019005007	F	1	4	6403	1633	4831	3873	1.2474	
PILOT-2019005007__F__gpt4o-mini__rep2.json	PILOT-2019005007	F	2	4	6403	1209	5199	3873	1.3424	
PILOT-2019005007__F__gpt5.4__rep0.json	PILOT-2019005007	F	0	25	6403	5905	2176	3873	0.5618	
PILOT-2019005007__F__gpt5.4__rep1.json	PILOT-2019005007	F	1	27	6403	6216	1769	3873	0.4568	
PILOT-2019005007__F__gpt5.4__rep2.json	PILOT-2019005007	F	2	27	6403	6295	1848	3873	0.4771	
PILOT-2019005007__F__haiku4.5__rep0.json	PILOT-2019005007	F	0	30	6403	6910	2043	3873	0.5275	
PILOT-2019005007__F__haiku4.5__rep1.json	PILOT-2019005007	F	1	30	6403	8533	2422	3873	0.6254	
PILOT-2019005007__F__haiku4.5__rep2.json	PILOT-2019005007	F	2	30	6403	6487	2731	3873	0.7051	
PILOT-2019005007__F__sonnet4__rep0.json	PILOT-2019005007	F	0	27	6403	6003	1809	3873	0.4671	
PILOT-2019005007__F__sonnet4__rep1.json	PILOT-2019005007	F	1	27	6403	6222	2041	3873	0.527	
PILOT-2019005007__F__sonnet4__rep2.json	PILOT-2019005007	F	2	27	6403	5976	1782	3873	0.4601	
PILOT-2019005007__G__gpt4o-mini__rep0.json	PILOT-2019005007	G	0	4	6403	1445	5005	3873	1.2923	
PILOT-2019005007__G__gpt4o-mini__rep1.json	PILOT-2019005007	G	1	5	6403	1623	4782	3873	1.2347	
PILOT-2019005007__G__gpt4o-mini__rep2.json	PILOT-2019005007	G	2	4	6403	1795	4667	3873	1.205	
PILOT-2019005007__G__gpt5.4__rep0.json	PILOT-2019005007	G	0	25	6403	8013	3382	3873	0.8732	
PILOT-2019005007__G__gpt5.4__rep1.json	PILOT-2019005007	G	1	25	6403	7341	3353	3873	0.8657	
PILOT-2019005007__G__gpt5.4__rep2.json	PILOT-2019005007	G	2	25	6403	7377	3325	3873	0.8585	
PILOT-2019005007__G__haiku4.5__rep0.json	PILOT-2019005007	G	0	30	6403	6331	1765	3873	0.4557	
PILOT-2019005007__G__haiku4.5__rep1.json	PILOT-2019005007	G	1	27	6403	5831	3062	3873	0.7906	
PILOT-2019005007__G__haiku4.5__rep2.json	PILOT-2019005007	G	2	30	6403	6510	1466	3873	0.3785	
PILOT-2019005007__G__sonnet4__rep0.json	PILOT-2019005007	G	0	30	6403	5979	1891	3873	0.4883	
PILOT-2019005007__G__sonnet4__rep1.json	PILOT-2019005007	G	1	30	6403	5852	1658	3873	0.4281	
PILOT-2019005007__G__sonnet4__rep2.json	PILOT-2019005007	G	2	30	6403	6174	2042	3873	0.5272	
PILOT-2019005007__baseline__gpt4o-mini__rep0.json	PILOT-2019005007	baseline	0	4	6403	1648	4789	3873	1.2365	
PILOT-2019005007__baseline__gpt4o-mini__rep1.json	PILOT-2019005007	baseline	1	7	6403	2342	4204	3873	1.0855	
PILOT-2019005007__baseline__gpt4o-mini__rep2.json	PILOT-2019005007	baseline	2	4	6403	1679	4735	3873	1.2226	
PILOT-2019005007__baseline__gpt5.4__rep0.json	PILOT-2019005007	baseline	0	25	6403	5989	1950	3873	0.5035	
PILOT-2019005007__baseline__gpt5.4__rep1.json	PILOT-2019005007	baseline	1	25	6403	7067	3002	3873	0.7751	
PILOT-2019005007__baseline__gpt5.4__rep2.json	PILOT-2019005007	baseline	2	25	6403	5982	1943	3873	0.5017	
PILOT-2019005007__baseline__haiku4.5__rep0.json	PILOT-2019005007	baseline	0	30	6403	6076	2321	3873	0.5993	
PILOT-2019005007__baseline__haiku4.5__rep1.json	PILOT-2019005007	baseline	1	30	6403	6352	2722	3873	0.7028	
PILOT-2019005007__baseline__haiku4.5__rep2.json	PILOT-2019005007	baseline	2	30	6403	6214	2085	3873	0.5383	
PILOT-2019005007__baseline__sonnet4__rep0.json	PILOT-2019005007	baseline	0	27	6403	5852	1658	3873	0.4281	
PILOT-2019005007__baseline__sonnet4__rep1.json	PILOT-2019005007	baseline	1	27	6403	5852	1658	3873	0.4281	
PILOT-2019005007__baseline__sonnet4__rep2.json	PILOT-2019005007	baseline	2	27	6403	5946	1778	3873	0.4591	
PILOT-2019005292__A__gpt4o-mini__rep0.json	PILOT-2019005292	A	0	20	11391	9434	3012	2300	1.3096	
PILOT-2019005292__A__gpt4o-mini__rep1.json	PILOT-2019005292	A	1	20	11391	9434	3013	2300	1.31	
PILOT-2019005292__A__gpt4o-mini__rep2.json	PILOT-2019005292	A	2	20	11391	9428	3015	2300	1.3109	
PILOT-2019005292__A__gpt5.4__rep0.json	PILOT-2019005292	A	0	20	11391	9346	2722	2300	1.1835	
PILOT-2019005292__A__gpt5.4__rep1.json	PILOT-2019005292	A	1	20	11391	9361	2727	2300	1.1857	
PILOT-2019005292__A__gpt5.4__rep2.json	PILOT-2019005292	A	2	20	11391	9550	2843	2300	1.2361	
PILOT-2019005292__A__haiku4.5__rep0.json	PILOT-2019005292	A	0	20	11391	5823	5885	2300	2.5587	
PILOT-2019005292__A__haiku4.5__rep1.json	PILOT-2019005292	A	1	20	11391	7708	4654	2300	2.0235	
PILOT-2019005292__A__haiku4.5__rep2.json	PILOT-2019005292	A	2	20	11391	7532	4594	2300	1.9974	
PILOT-2019005292__A__sonnet4__rep0.json	PILOT-2019005292	A	0	20	11391	9959	2763	2300	1.2013	
PILOT-2019005292__A__sonnet4__rep1.json	PILOT-2019005292	A	1	0			None		None	no_gen
PILOT-2019005292__A__sonnet4__rep2.json	PILOT-2019005292	A	2	20	11391	9959	2763	2300	1.2013	
PILOT-2019005292__B__gpt4o-mini__rep0.json	PILOT-2019005292	B	0	20	11391	9968	2773	2300	1.2057	
PILOT-2019005292__B__gpt4o-mini__rep1.json	PILOT-2019005292	B	1	20	11391	9964	2771	2300	1.2048	
PILOT-2019005292__B__gpt4o-mini__rep2.json	PILOT-2019005292	B	2	20	11391	9964	2771	2300	1.2048	
PILOT-2019005292__B__gpt5.4__rep0.json	PILOT-2019005292	B	0	20	11391	11239	4077	2300	1.7726	
PILOT-2019005292__B__gpt5.4__rep1.json	PILOT-2019005292	B	1	20	11391	10013	2824	2300	1.2278	
PILOT-2019005292__B__gpt5.4__rep2.json	PILOT-2019005292	B	2	20	11391	10197	2962	2300	1.2878	
PILOT-2019005292__B__haiku4.5__rep0.json	PILOT-2019005292	B	0	20	11391	8231	4034	2300	1.7539	
PILOT-2019005292__B__haiku4.5__rep1.json	PILOT-2019005292	B	1	23	11391	11150	3335	2300	1.45	
PILOT-2019005292__B__haiku4.5__rep2.json	PILOT-2019005292	B	2	20	11391	10463	3479	2300	1.5126	
PILOT-2019005292__B__sonnet4__rep0.json	PILOT-2019005292	B	0	20	11391	9959	2761	2300	1.2004	
PILOT-2019005292__B__sonnet4__rep1.json	PILOT-2019005292	B	1	20	11391	12253	4307	2300	1.8726	
PILOT-2019005292__B__sonnet4__rep2.json	PILOT-2019005292	B	2	20	11391	11115	3561	2300	1.5483	
PILOT-2019005292__C__gpt4o-mini__rep0.json	PILOT-2019005292	C	0	20	11391	9650	2503	2300	1.0883	
PILOT-2019005292__C__gpt4o-mini__rep1.json	PILOT-2019005292	C	1	20	11391	9962	2767	2300	1.203	
PILOT-2019005292__C__gpt4o-mini__rep2.json	PILOT-2019005292	C	2	20	11391	9964	2769	2300	1.2039	
PILOT-2019005292__C__gpt5.4__rep0.json	PILOT-2019005292	C	0	20	11391	11172	3742	2300	1.627	
PILOT-2019005292__C__gpt5.4__rep1.json	PILOT-2019005292	C	1	20	11391	10046	2801	2300	1.2178	
PILOT-2019005292__C__gpt5.4__rep2.json	PILOT-2019005292	C	2	20	11391	11533	3711	2300	1.6135	
PILOT-2019005292__C__haiku4.5__rep0.json	PILOT-2019005292	C	0	20	11391	11215	3676	2300	1.5983	
PILOT-2019005292__C__haiku4.5__rep1.json	PILOT-2019005292	C	1	20	11391	8264	3950	2300	1.7174	
PILOT-2019005292__C__haiku4.5__rep2.json	PILOT-2019005292	C	2	20	11391	9991	2841	2300	1.2352	
PILOT-2019005292__C__sonnet4__rep0.json	PILOT-2019005292	C	0	20	11391	9959	2761	2300	1.2004	
PILOT-2019005292__C__sonnet4__rep1.json	PILOT-2019005292	C	1	20	11391	9942	2746	2300	1.1939	
PILOT-2019005292__C__sonnet4__rep2.json	PILOT-2019005292	C	2	20	11391	9959	2761	2300	1.2004	
PILOT-2019005292__D__gpt4o-mini__rep0.json	PILOT-2019005292	D	0	20	11391	9646	2503	2300	1.0883	
PILOT-2019005292__D__gpt4o-mini__rep1.json	PILOT-2019005292	D	1	20	11391	9070	2451	2300	1.0657	
PILOT-2019005292__D__gpt4o-mini__rep2.json	PILOT-2019005292	D	2	20	11391	9650	2503	2300	1.0883	
PILOT-2019005292__D__gpt5.4__rep0.json	PILOT-2019005292	D	0	20	11391	11364	3909	2300	1.6996	
PILOT-2019005292__D__gpt5.4__rep1.json	PILOT-2019005292	D	1	20	11391	10686	2978	2300	1.2948	
PILOT-2019005292__D__gpt5.4__rep2.json	PILOT-2019005292	D	2	20	11391	11358	3887	2300	1.69	
PILOT-2019005292__D__haiku4.5__rep0.json	PILOT-2019005292	D	0	20	11391	7830	4302	2300	1.8704	
PILOT-2019005292__D__haiku4.5__rep1.json	PILOT-2019005292	D	1	20	11391	10559	3238	2300	1.4078	
PILOT-2019005292__D__haiku4.5__rep2.json	PILOT-2019005292	D	2	20	11391	10031	2844	2300	1.2365	
PILOT-2019005292__D__sonnet4__rep0.json	PILOT-2019005292	D	0	20	11391	9065	2464	2300	1.0713	
PILOT-2019005292__D__sonnet4__rep1.json	PILOT-2019005292	D	1	20	11391	9901	2738	2300	1.1904	
PILOT-2019005292__D__sonnet4__rep2.json	PILOT-2019005292	D	2	20	11391	10152	2899	2300	1.2604	
PILOT-2019005292__E__gpt4o-mini__rep0.json	PILOT-2019005292	E	0	20	11391	9963	2770	2300	1.2043	
PILOT-2019005292__E__gpt4o-mini__rep1.json	PILOT-2019005292	E	1	20	11391	9964	2769	2300	1.2039	
PILOT-2019005292__E__gpt4o-mini__rep2.json	PILOT-2019005292	E	2	20	11391	9964	2769	2300	1.2039	
PILOT-2019005292__E__gpt5.4__rep0.json	PILOT-2019005292	E	0	20	11391	10213	2529	2300	1.0996	
PILOT-2019005292__E__gpt5.4__rep1.json	PILOT-2019005292	E	1	20	11391	10856	3154	2300	1.3713	
PILOT-2019005292__E__gpt5.4__rep2.json	PILOT-2019005292	E	2	20	11391	10305	2610	2300	1.1348	
PILOT-2019005292__E__haiku4.5__rep0.json	PILOT-2019005292	E	0	20	11391	11024	3473	2300	1.51	
PILOT-2019005292__E__haiku4.5__rep1.json	PILOT-2019005292	E	1	20	11391	5649	5892	2300	2.5617	
PILOT-2019005292__E__haiku4.5__rep2.json	PILOT-2019005292	E	2	20	11391	10252	2983	2300	1.297	
PILOT-2019005292__E__sonnet4__rep0.json	PILOT-2019005292	E	0	0			None		None	no_gen
PILOT-2019005292__E__sonnet4__rep1.json	PILOT-2019005292	E	1	20	11391	9959	2761	2300	1.2004	
PILOT-2019005292__E__sonnet4__rep2.json	PILOT-2019005292	E	2	20	11391	11230	3664	2300	1.593	
PILOT-2019005292__F__gpt4o-mini__rep0.json	PILOT-2019005292	F	0	20	11391	9965	2764	2300	1.2017	
PILOT-2019005292__F__gpt4o-mini__rep1.json	PILOT-2019005292	F	1	20	11391	9644	2501	2300	1.0874	
PILOT-2019005292__F__gpt4o-mini__rep2.json	PILOT-2019005292	F	2	20	11391	9964	2771	2300	1.2048	
PILOT-2019005292__F__gpt5.4__rep0.json	PILOT-2019005292	F	0	20	11391	11418	3966	2300	1.7243	
PILOT-2019005292__F__gpt5.4__rep1.json	PILOT-2019005292	F	1	20	11391	11262	3807	2300	1.6552	
PILOT-2019005292__F__gpt5.4__rep2.json	PILOT-2019005292	F	2	20	11391	10884	3088	2300	1.3426	
PILOT-2019005292__F__haiku4.5__rep0.json	PILOT-2019005292	F	0	20	11391	9962	2773	2300	1.2057	
PILOT-2019005292__F__haiku4.5__rep1.json	PILOT-2019005292	F	1	20	11391	9025	4565	2300	1.9848	
PILOT-2019005292__F__haiku4.5__rep2.json	PILOT-2019005292	F	2	20	11391	10217	3021	2300	1.3135	
PILOT-2019005292__F__sonnet4__rep0.json	PILOT-2019005292	F	0	20	11391	9900	2736	2300	1.1896	
PILOT-2019005292__F__sonnet4__rep1.json	PILOT-2019005292	F	1	20	11391	10334	3127	2300	1.3596	
PILOT-2019005292__F__sonnet4__rep2.json	PILOT-2019005292	F	2	20	11391	9217	2498	2300	1.0861	
PILOT-2019005292__G__gpt4o-mini__rep0.json	PILOT-2019005292	G	0	20	11391	9959	2764	2300	1.2017	
PILOT-2019005292__G__gpt4o-mini__rep1.json	PILOT-2019005292	G	1	0			None		None	no_gen
PILOT-2019005292__G__gpt4o-mini__rep2.json	PILOT-2019005292	G	2	0			None		None	no_gen
PILOT-2019005292__G__gpt5.4__rep0.json	PILOT-2019005292	G	0	20	11391	10563	2824	2300	1.2278	
PILOT-2019005292__G__gpt5.4__rep1.json	PILOT-2019005292	G	1	20	11391	12363	4679	2300	2.0343	
PILOT-2019005292__G__gpt5.4__rep2.json	PILOT-2019005292	G	2	20	11391	11418	3966	2300	1.7243	
PILOT-2019005292__G__haiku4.5__rep0.json	PILOT-2019005292	G	0	20	11391	12052	4283	2300	1.8622	
PILOT-2019005292__G__haiku4.5__rep1.json	PILOT-2019005292	G	1	20	11391	11166	3838	2300	1.6687	
PILOT-2019005292__G__haiku4.5__rep2.json	PILOT-2019005292	G	2	20	11391	10222	2972	2300	1.2922	
PILOT-2019005292__G__sonnet4__rep0.json	PILOT-2019005292	G	0	20	11391	10040	2801	2300	1.2178	
PILOT-2019005292__G__sonnet4__rep1.json	PILOT-2019005292	G	1	20	11391	7702	4414	2300	1.9191	
PILOT-2019005292__G__sonnet4__rep2.json	PILOT-2019005292	G	2	20	11391	10119	2894	2300	1.2583	
PILOT-2019005292__baseline__gpt4o-mini__rep0.json	PILOT-2019005292	baseline	0	20	11391	9646	2501	2300	1.0874	
PILOT-2019005292__baseline__gpt4o-mini__rep1.json	PILOT-2019005292	baseline	1	20	11391	9972	2771	2300	1.2048	
PILOT-2019005292__baseline__gpt4o-mini__rep2.json	PILOT-2019005292	baseline	2	20	11391	9970	2769	2300	1.2039	
PILOT-2019005292__baseline__gpt5.4__rep0.json	PILOT-2019005292	baseline	0	20	11391	11414	3964	2300	1.7235	
PILOT-2019005292__baseline__gpt5.4__rep1.json	PILOT-2019005292	baseline	1	20	11391	10176	2532	2300	1.1009	
PILOT-2019005292__baseline__gpt5.4__rep2.json	PILOT-2019005292	baseline	2	20	11391	11443	3969	2300	1.7257	
PILOT-2019005292__baseline__haiku4.5__rep0.json	PILOT-2019005292	baseline	0	20	11391	10428	3164	2300	1.3757	
PILOT-2019005292__baseline__haiku4.5__rep1.json	PILOT-2019005292	baseline	1	20	11391	9876	2755	2300	1.1978	
PILOT-2019005292__baseline__haiku4.5__rep2.json	PILOT-2019005292	baseline	2	20	11391	6211	5502	2300	2.3922	
PILOT-2019005292__baseline__sonnet4__rep0.json	PILOT-2019005292	baseline	0	20	11391	9962	2767	2300	1.203	
PILOT-2019005292__baseline__sonnet4__rep1.json	PILOT-2019005292	baseline	1	20	11391	11199	3640	2300	1.5826	
PILOT-2019005292__baseline__sonnet4__rep2.json	PILOT-2019005292	baseline	2	20	11391	9962	2767	2300	1.203	
PILOT-2019005776__A__gpt4o-mini__rep0.json	PILOT-2019005776	A	0	20	6941	6538	454	5443	0.0834	
PILOT-2019005776__A__gpt4o-mini__rep1.json	PILOT-2019005776	A	1	20	6941	6650	467	5443	0.0858	
PILOT-2019005776__A__gpt4o-mini__rep2.json	PILOT-2019005776	A	2	20	6941	6560	440	5443	0.0808	
PILOT-2019005776__A__gpt5.4__rep0.json	PILOT-2019005776	A	0	20	6941	6837	1115	5443	0.2049	
PILOT-2019005776__A__gpt5.4__rep1.json	PILOT-2019005776	A	1	20	6941	6680	839	5443	0.1541	
PILOT-2019005776__A__gpt5.4__rep2.json	PILOT-2019005776	A	2	20	6941	7092	1104	5443	0.2028	
PILOT-2019005776__A__haiku4.5__rep0.json	PILOT-2019005776	A	0	20	6941	6820	552	5443	0.1014	
PILOT-2019005776__A__haiku4.5__rep1.json	PILOT-2019005776	A	1	20	6941	6812	525	5443	0.0965	
PILOT-2019005776__A__haiku4.5__rep2.json	PILOT-2019005776	A	2	20	6941	6859	488	5443	0.0897	
PILOT-2019005776__A__sonnet4__rep0.json	PILOT-2019005776	A	0	20	6941	6878	350	5443	0.0643	
PILOT-2019005776__A__sonnet4__rep1.json	PILOT-2019005776	A	1	20	6941	6886	358	5443	0.0658	
PILOT-2019005776__A__sonnet4__rep2.json	PILOT-2019005776	A	2	20	6941	6878	350	5443	0.0643	
PILOT-2019005776__B__gpt4o-mini__rep0.json	PILOT-2019005776	B	0	10	6941	2958	4275	5443	0.7854	
PILOT-2019005776__B__gpt4o-mini__rep1.json	PILOT-2019005776	B	1	10	6941	2958	4275	5443	0.7854	
PILOT-2019005776__B__gpt4o-mini__rep2.json	PILOT-2019005776	B	2	10	6941	2955	4274	5443	0.7852	
PILOT-2019005776__B__gpt5.4__rep0.json	PILOT-2019005776	B	0	10	6941	3223	4418	5443	0.8117	
PILOT-2019005776__B__gpt5.4__rep1.json	PILOT-2019005776	B	1	20	6941	6691	398	5443	0.0731	
PILOT-2019005776__B__gpt5.4__rep2.json	PILOT-2019005776	B	2	20	6941	6696	416	5443	0.0764	
PILOT-2019005776__B__haiku4.5__rep0.json	PILOT-2019005776	B	0	20	6941	7070	456	5443	0.0838	
PILOT-2019005776__B__haiku4.5__rep1.json	PILOT-2019005776	B	1	20	6941	7070	456	5443	0.0838	
PILOT-2019005776__B__haiku4.5__rep2.json	PILOT-2019005776	B	2	20	6941	7068	448	5443	0.0823	
PILOT-2019005776__B__sonnet4__rep0.json	PILOT-2019005776	B	0	20	6941	7021	538	5443	0.0988	
PILOT-2019005776__B__sonnet4__rep1.json	PILOT-2019005776	B	1	20	6941	6995	520	5443	0.0955	
PILOT-2019005776__B__sonnet4__rep2.json	PILOT-2019005776	B	2	20	6941	7503	887	5443	0.163	
PILOT-2019005776__C__gpt4o-mini__rep0.json	PILOT-2019005776	C	0	10	6941	3028	4293	5443	0.7887	
PILOT-2019005776__C__gpt4o-mini__rep1.json	PILOT-2019005776	C	1	20	6941	6906	295	5443	0.0542	
PILOT-2019005776__C__gpt4o-mini__rep2.json	PILOT-2019005776	C	2	20	6941	6918	287	5443	0.0527	
PILOT-2019005776__C__gpt5.4__rep0.json	PILOT-2019005776	C	0	20	6941	6723	416	5443	0.0764	
PILOT-2019005776__C__gpt5.4__rep1.json	PILOT-2019005776	C	1	20	6941	6697	417	5443	0.0766	
PILOT-2019005776__C__gpt5.4__rep2.json	PILOT-2019005776	C	2	20	6941	6690	408	5443	0.075	
PILOT-2019005776__C__haiku4.5__rep0.json	PILOT-2019005776	C	0	20	6941	6996	386	5443	0.0709	
PILOT-2019005776__C__haiku4.5__rep1.json	PILOT-2019005776	C	1	20	6941	6996	386	5443	0.0709	
PILOT-2019005776__C__haiku4.5__rep2.json	PILOT-2019005776	C	2	20	6941	6996	386	5443	0.0709	
PILOT-2019005776__C__sonnet4__rep0.json	PILOT-2019005776	C	0	20	6941	7052	561	5443	0.1031	
PILOT-2019005776__C__sonnet4__rep1.json	PILOT-2019005776	C	1	20	6941	7053	564	5443	0.1036	
PILOT-2019005776__C__sonnet4__rep2.json	PILOT-2019005776	C	2	20	6941	6986	509	5443	0.0935	
PILOT-2019005776__D__gpt4o-mini__rep0.json	PILOT-2019005776	D	0	10	6941	2889	4235	5443	0.7781	
PILOT-2019005776__D__gpt4o-mini__rep1.json	PILOT-2019005776	D	1	10	6941	3105	4394	5443	0.8073	
PILOT-2019005776__D__gpt4o-mini__rep2.json	PILOT-2019005776	D	2	20	6941	6840	205	5443	0.0377	
PILOT-2019005776__D__gpt5.4__rep0.json	PILOT-2019005776	D	0	20	6941	6814	330	5443	0.0606	
PILOT-2019005776__D__gpt5.4__rep1.json	PILOT-2019005776	D	1	20	6941	6796	202	5443	0.0371	
PILOT-2019005776__D__gpt5.4__rep2.json	PILOT-2019005776	D	2	20	6941	6784	201	5443	0.0369	
PILOT-2019005776__D__haiku4.5__rep0.json	PILOT-2019005776	D	0	20	6941	7011	399	5443	0.0733	
PILOT-2019005776__D__haiku4.5__rep1.json	PILOT-2019005776	D	1	20	6941	7001	391	5443	0.0718	
PILOT-2019005776__D__haiku4.5__rep2.json	PILOT-2019005776	D	2	20	6941	6996	386	5443	0.0709	
PILOT-2019005776__D__sonnet4__rep0.json	PILOT-2019005776	D	0	20	6941	7029	550	5443	0.101	
PILOT-2019005776__D__sonnet4__rep1.json	PILOT-2019005776	D	1	20	6941	6837	218	5443	0.0401	
PILOT-2019005776__D__sonnet4__rep2.json	PILOT-2019005776	D	2	20	6941	7197	578	5443	0.1062	
PILOT-2019005776__E__gpt4o-mini__rep0.json	PILOT-2019005776	E	0	10	6941	2881	4254	5443	0.7816	
PILOT-2019005776__E__gpt4o-mini__rep1.json	PILOT-2019005776	E	1	10	6941	2881	4254	5443	0.7816	
PILOT-2019005776__E__gpt4o-mini__rep2.json	PILOT-2019005776	E	2	10	6941	2883	4253	5443	0.7814	
PILOT-2019005776__E__gpt5.4__rep0.json	PILOT-2019005776	E	0	20	6941	6698	401	5443	0.0737	
PILOT-2019005776__E__gpt5.4__rep1.json	PILOT-2019005776	E	1	20	6941	6799	330	5443	0.0606	
PILOT-2019005776__E__gpt5.4__rep2.json	PILOT-2019005776	E	2	20	6941	6807	336	5443	0.0617	
PILOT-2019005776__E__haiku4.5__rep0.json	PILOT-2019005776	E	0	20	6941	7001	391	5443	0.0718	
PILOT-2019005776__E__haiku4.5__rep1.json	PILOT-2019005776	E	1	20	6941	7001	391	5443	0.0718	
PILOT-2019005776__E__haiku4.5__rep2.json	PILOT-2019005776	E	2	20	6941	6996	386	5443	0.0709	
PILOT-2019005776__E__sonnet4__rep0.json	PILOT-2019005776	E	0	20	6941	6837	218	5443	0.0401	
PILOT-2019005776__E__sonnet4__rep1.json	PILOT-2019005776	E	1	20	6941	6837	218	5443	0.0401	
PILOT-2019005776__E__sonnet4__rep2.json	PILOT-2019005776	E	2	20	6941	6821	202	5443	0.0371	
PILOT-2019005776__F__gpt4o-mini__rep0.json	PILOT-2019005776	F	0	10	6941	2887	4236	5443	0.7782	
PILOT-2019005776__F__gpt4o-mini__rep1.json	PILOT-2019005776	F	1	10	6941	2889	4235	5443	0.7781	
PILOT-2019005776__F__gpt4o-mini__rep2.json	PILOT-2019005776	F	2	1	6941	686	6267	5443	1.1514	
PILOT-2019005776__F__gpt5.4__rep0.json	PILOT-2019005776	F	0	20	6941	6691	398	5443	0.0731	
PILOT-2019005776__F__gpt5.4__rep1.json	PILOT-2019005776	F	1	20	6941	6806	186	5443	0.0342	
PILOT-2019005776__F__gpt5.4__rep2.json	PILOT-2019005776	F	2	20	6941	6806	186	5443	0.0342	
PILOT-2019005776__F__haiku4.5__rep0.json	PILOT-2019005776	F	0	20	6941	6957	336	5443	0.0617	
PILOT-2019005776__F__haiku4.5__rep1.json	PILOT-2019005776	F	1	20	6941	7013	405	5443	0.0744	
PILOT-2019005776__F__haiku4.5__rep2.json	PILOT-2019005776	F	2	20	6941	6998	386	5443	0.0709	
PILOT-2019005776__F__sonnet4__rep0.json	PILOT-2019005776	F	0	20	6941	6728	384	5443	0.0705	
PILOT-2019005776__F__sonnet4__rep1.json	PILOT-2019005776	F	1	20	6941	7015	536	5443	0.0985	
PILOT-2019005776__F__sonnet4__rep2.json	PILOT-2019005776	F	2	20	6941	6829	350	5443	0.0643	
PILOT-2019005776__G__gpt4o-mini__rep0.json	PILOT-2019005776	G	0	20	6941	6976	341	5443	0.0626	
PILOT-2019005776__G__gpt4o-mini__rep1.json	PILOT-2019005776	G	1	20	6941	6948	313	5443	0.0575	
PILOT-2019005776__G__gpt4o-mini__rep2.json	PILOT-2019005776	G	2	20	6941	6984	349	5443	0.0641	
PILOT-2019005776__G__gpt5.4__rep0.json	PILOT-2019005776	G	0	20	6941	6862	429	5443	0.0788	
PILOT-2019005776__G__gpt5.4__rep1.json	PILOT-2019005776	G	1	20	6941	6803	186	5443	0.0342	
PILOT-2019005776__G__gpt5.4__rep2.json	PILOT-2019005776	G	2	20	6941	6824	353	5443	0.0649	
PILOT-2019005776__G__haiku4.5__rep0.json	PILOT-2019005776	G	0	20	6941	6995	381	5443	0.07	
PILOT-2019005776__G__haiku4.5__rep1.json	PILOT-2019005776	G	1	20	6941	6990	376	5443	0.0691	
PILOT-2019005776__G__haiku4.5__rep2.json	PILOT-2019005776	G	2	20	6941	6995	381	5443	0.07	
PILOT-2019005776__G__sonnet4__rep0.json	PILOT-2019005776	G	0	20	6941	7022	546	5443	0.1003	
PILOT-2019005776__G__sonnet4__rep1.json	PILOT-2019005776	G	1	20	6941	7021	542	5443	0.0996	
PILOT-2019005776__G__sonnet4__rep2.json	PILOT-2019005776	G	2	20	6941	7027	548	5443	0.1007	
PILOT-2019005776__baseline__gpt4o-mini__rep0.json	PILOT-2019005776	baseline	0	10	6941	2919	4248	5443	0.7805	
PILOT-2019005776__baseline__gpt4o-mini__rep1.json	PILOT-2019005776	baseline	1	10	6941	2893	4246	5443	0.7801	
PILOT-2019005776__baseline__gpt4o-mini__rep2.json	PILOT-2019005776	baseline	2	10	6941	2887	4236	5443	0.7782	
PILOT-2019005776__baseline__gpt5.4__rep0.json	PILOT-2019005776	baseline	0	20	6941	6724	417	5443	0.0766	
PILOT-2019005776__baseline__gpt5.4__rep1.json	PILOT-2019005776	baseline	1	20	6941	6697	404	5443	0.0742	
PILOT-2019005776__baseline__gpt5.4__rep2.json	PILOT-2019005776	baseline	2	20	6941	6696	401	5443	0.0737	
PILOT-2019005776__baseline__haiku4.5__rep0.json	PILOT-2019005776	baseline	0	20	6941	7008	400	5443	0.0735	
PILOT-2019005776__baseline__haiku4.5__rep1.json	PILOT-2019005776	baseline	1	20	6941	6996	386	5443	0.0709	
PILOT-2019005776__baseline__haiku4.5__rep2.json	PILOT-2019005776	baseline	2	20	6941	6996	386	5443	0.0709	
PILOT-2019005776__baseline__sonnet4__rep0.json	PILOT-2019005776	baseline	0	20	6941	7052	561	5443	0.1031	
PILOT-2019005776__baseline__sonnet4__rep1.json	PILOT-2019005776	baseline	1	20	6941	6829	350	5443	0.0643	
PILOT-2019005776__baseline__sonnet4__rep2.json	PILOT-2019005776	baseline	2	20	6941	7053	564	5443	0.1036	
PILOT-2019006119__A__gpt4o-mini__rep0.json	PILOT-2019006119	A	0	8	2141	2417	441	695	0.6345	
PILOT-2019006119__A__gpt4o-mini__rep1.json	PILOT-2019006119	A	1	8	2141	2436	470	695	0.6763	
PILOT-2019006119__A__gpt4o-mini__rep2.json	PILOT-2019006119	A	2	8	2141	2356	386	695	0.5554	
PILOT-2019006119__A__gpt5.4__rep0.json	PILOT-2019006119	A	0	1	2141	311	1856	695	2.6705	
PILOT-2019006119__A__gpt5.4__rep1.json	PILOT-2019006119	A	1	1	2141	311	1856	695	2.6705	
PILOT-2019006119__A__gpt5.4__rep2.json	PILOT-2019006119	A	2	1	2141	315	1851	695	2.6633	
PILOT-2019006119__A__haiku4.5__rep0.json	PILOT-2019006119	A	0	8	2141	2566	613	695	0.882	
PILOT-2019006119__A__haiku4.5__rep1.json	PILOT-2019006119	A	1	8	2141	2478	553	695	0.7957	
PILOT-2019006119__A__haiku4.5__rep2.json	PILOT-2019006119	A	2	8	2141	2499	542	695	0.7799	
PILOT-2019006119__A__sonnet4__rep0.json	PILOT-2019006119	A	0	8	2141	2350	377	695	0.5424	
PILOT-2019006119__A__sonnet4__rep1.json	PILOT-2019006119	A	1	8	2141	2323	360	695	0.518	
PILOT-2019006119__A__sonnet4__rep2.json	PILOT-2019006119	A	2	8	2141	2350	377	695	0.5424	
PILOT-2019006119__B__gpt4o-mini__rep0.json	PILOT-2019006119	B	0	0			None		None	no_gen
PILOT-2019006119__B__gpt4o-mini__rep1.json	PILOT-2019006119	B	1	0			None		None	no_gen
PILOT-2019006119__B__gpt4o-mini__rep2.json	PILOT-2019006119	B	2	0			None		None	no_gen
PILOT-2019006119__B__gpt5.4__rep0.json	PILOT-2019006119	B	0	1	2141	195	1946	695	2.8	
PILOT-2019006119__B__gpt5.4__rep1.json	PILOT-2019006119	B	1	1	2141	426	1781	695	2.5626	
PILOT-2019006119__B__gpt5.4__rep2.json	PILOT-2019006119	B	2	8	2141	2225	298	695	0.4288	
PILOT-2019006119__B__haiku4.5__rep0.json	PILOT-2019006119	B	0	8	2141	2276	334	695	0.4806	
PILOT-2019006119__B__haiku4.5__rep1.json	PILOT-2019006119	B	1	8	2141	2263	287	695	0.4129	
PILOT-2019006119__B__haiku4.5__rep2.json	PILOT-2019006119	B	2	8	2141	2376	412	695	0.5928	
PILOT-2019006119__B__sonnet4__rep0.json	PILOT-2019006119	B	0	8	2141	2225	479	695	0.6892	
PILOT-2019006119__B__sonnet4__rep1.json	PILOT-2019006119	B	1	8	2141	2243	339	695	0.4878	
PILOT-2019006119__B__sonnet4__rep2.json	PILOT-2019006119	B	2	8	2141	2225	479	695	0.6892	
PILOT-2019006119__C__gpt4o-mini__rep0.json	PILOT-2019006119	C	0	8	2141	2438	468	695	0.6734	
PILOT-2019006119__C__gpt4o-mini__rep1.json	PILOT-2019006119	C	1	8	2141	2421	447	695	0.6432	
PILOT-2019006119__C__gpt4o-mini__rep2.json	PILOT-2019006119	C	2	4	2141	1357	1177	695	1.6935	
PILOT-2019006119__C__gpt5.4__rep0.json	PILOT-2019006119	C	0	1	2141	357	1839	695	2.646	
PILOT-2019006119__C__gpt5.4__rep1.json	PILOT-2019006119	C	1	1	2141	315	1851	695	2.6633	
PILOT-2019006119__C__gpt5.4__rep2.json	PILOT-2019006119	C	2	1	2141	317	1851	695	2.6633	
PILOT-2019006119__C__haiku4.5__rep0.json	PILOT-2019006119	C	0	8	2141	2570	627	695	0.9022	
PILOT-2019006119__C__haiku4.5__rep1.json	PILOT-2019006119	C	1	8	2141	2113	488	695	0.7022	
PILOT-2019006119__C__haiku4.5__rep2.json	PILOT-2019006119	C	2	8	2141	2112	464	695	0.6676	
PILOT-2019006119__C__sonnet4__rep0.json	PILOT-2019006119	C	0	8	2141	2320	359	695	0.5165	
PILOT-2019006119__C__sonnet4__rep1.json	PILOT-2019006119	C	1	8	2141	2292	391	695	0.5626	
PILOT-2019006119__C__sonnet4__rep2.json	PILOT-2019006119	C	2	8	2141	2395	428	695	0.6158	
PILOT-2019006119__D__gpt4o-mini__rep0.json	PILOT-2019006119	D	0	8	2141	2418	447	695	0.6432	
PILOT-2019006119__D__gpt4o-mini__rep1.json	PILOT-2019006119	D	1	8	2141	2451	480	695	0.6906	
PILOT-2019006119__D__gpt4o-mini__rep2.json	PILOT-2019006119	D	2	5	2141	1750	789	695	1.1353	
PILOT-2019006119__D__gpt5.4__rep0.json	PILOT-2019006119	D	0	1	2141	444	1754	695	2.5237	
PILOT-2019006119__D__gpt5.4__rep1.json	PILOT-2019006119	D	1	1	2141	357	1839	695	2.646	
PILOT-2019006119__D__gpt5.4__rep2.json	PILOT-2019006119	D	2	1	2141	365	1832	695	2.636	
PILOT-2019006119__D__haiku4.5__rep0.json	PILOT-2019006119	D	0	8	2141	2111	444	695	0.6388	
PILOT-2019006119__D__haiku4.5__rep1.json	PILOT-2019006119	D	1	8	2141	2677	767	695	1.1036	
PILOT-2019006119__D__haiku4.5__rep2.json	PILOT-2019006119	D	2	8	2141	2516	561	695	0.8072	
PILOT-2019006119__D__sonnet4__rep0.json	PILOT-2019006119	D	0	8	2141	2346	456	695	0.6561	
PILOT-2019006119__D__sonnet4__rep1.json	PILOT-2019006119	D	1	8	2141	2428	534	695	0.7683	
PILOT-2019006119__D__sonnet4__rep2.json	PILOT-2019006119	D	2	8	2141	2460	574	695	0.8259	
PILOT-2019006119__E__gpt4o-mini__rep0.json	PILOT-2019006119	E	0	1	2141	275	1887	695	2.7151	
PILOT-2019006119__E__gpt4o-mini__rep1.json	PILOT-2019006119	E	1	1	2141	289	1873	695	2.695	
PILOT-2019006119__E__gpt4o-mini__rep2.json	PILOT-2019006119	E	2	1	2141	275	1887	695	2.7151	
PILOT-2019006119__E__gpt5.4__rep0.json	PILOT-2019006119	E	0	1	2141	357	1839	695	2.646	
PILOT-2019006119__E__gpt5.4__rep1.json	PILOT-2019006119	E	1	1	2141	357	1839	695	2.646	
PILOT-2019006119__E__gpt5.4__rep2.json	PILOT-2019006119	E	2	1	2141	357	1839	695	2.646	
PILOT-2019006119__E__haiku4.5__rep0.json	PILOT-2019006119	E	0	8	2141	2361	386	695	0.5554	
PILOT-2019006119__E__haiku4.5__rep1.json	PILOT-2019006119	E	1	8	2141	2318	328	695	0.4719	
PILOT-2019006119__E__haiku4.5__rep2.json	PILOT-2019006119	E	2	8	2141	2348	389	695	0.5597	
PILOT-2019006119__E__sonnet4__rep0.json	PILOT-2019006119	E	0	8	2141	2176	179	695	0.2576	
PILOT-2019006119__E__sonnet4__rep1.json	PILOT-2019006119	E	1	8	2141	2176	179	695	0.2576	
PILOT-2019006119__E__sonnet4__rep2.json	PILOT-2019006119	E	2	8	2141	2176	179	695	0.2576	
PILOT-2019006119__F__gpt4o-mini__rep0.json	PILOT-2019006119	F	0	0			None		None	no_gen
PILOT-2019006119__F__gpt4o-mini__rep1.json	PILOT-2019006119	F	1	0			None		None	no_gen
PILOT-2019006119__F__gpt4o-mini__rep2.json	PILOT-2019006119	F	2	0			None		None	no_gen
PILOT-2019006119__F__gpt5.4__rep0.json	PILOT-2019006119	F	0	1	2141	357	1839	695	2.646	
PILOT-2019006119__F__gpt5.4__rep1.json	PILOT-2019006119	F	1	1	2141	357	1839	695	2.646	
PILOT-2019006119__F__gpt5.4__rep2.json	PILOT-2019006119	F	2	1	2141	357	1839	695	2.646	
PILOT-2019006119__F__haiku4.5__rep0.json	PILOT-2019006119	F	0	8	2141	2531	572	695	0.823	
PILOT-2019006119__F__haiku4.5__rep1.json	PILOT-2019006119	F	1	8	2141	2517	547	695	0.7871	
PILOT-2019006119__F__haiku4.5__rep2.json	PILOT-2019006119	F	2	8	2141	2183	546	695	0.7856	
PILOT-2019006119__F__sonnet4__rep0.json	PILOT-2019006119	F	0	8	2141	2401	506	695	0.7281	
PILOT-2019006119__F__sonnet4__rep1.json	PILOT-2019006119	F	1	8	2141	2361	367	695	0.5281	
PILOT-2019006119__F__sonnet4__rep2.json	PILOT-2019006119	F	2	8	2141	2346	455	695	0.6547	
PILOT-2019006119__G__gpt4o-mini__rep0.json	PILOT-2019006119	G	0	1	2141	324	1853	695	2.6662	
PILOT-2019006119__G__gpt4o-mini__rep1.json	PILOT-2019006119	G	1	8	2141	2427	449	695	0.646	
PILOT-2019006119__G__gpt4o-mini__rep2.json	PILOT-2019006119	G	2	8	2141	2378	402	695	0.5784	
PILOT-2019006119__G__gpt5.4__rep0.json	PILOT-2019006119	G	0	1	2141	251	1910	695	2.7482	
PILOT-2019006119__G__gpt5.4__rep1.json	PILOT-2019006119	G	1	1	2141	371	1828	695	2.6302	
PILOT-2019006119__G__gpt5.4__rep2.json	PILOT-2019006119	G	2	1	2141	251	1910	695	2.7482	
PILOT-2019006119__G__haiku4.5__rep0.json	PILOT-2019006119	G	0	8	2141	2408	451	695	0.6489	
PILOT-2019006119__G__haiku4.5__rep1.json	PILOT-2019006119	G	1	8	2141	2547	574	695	0.8259	
PILOT-2019006119__G__haiku4.5__rep2.json	PILOT-2019006119	G	2	8	2141	2383	454	695	0.6532	
PILOT-2019006119__G__sonnet4__rep0.json	PILOT-2019006119	G	0	8	2141	2380	402	695	0.5784	
PILOT-2019006119__G__sonnet4__rep1.json	PILOT-2019006119	G	1	8	2141	2319	342	695	0.4921	
PILOT-2019006119__G__sonnet4__rep2.json	PILOT-2019006119	G	2	8	2141	2393	415	695	0.5971	
PILOT-2019006119__baseline__gpt4o-mini__rep0.json	PILOT-2019006119	baseline	0	8	2141	2401	427	695	0.6144	
PILOT-2019006119__baseline__gpt4o-mini__rep1.json	PILOT-2019006119	baseline	1	8	2141	2420	449	695	0.646	
PILOT-2019006119__baseline__gpt4o-mini__rep2.json	PILOT-2019006119	baseline	2	8	2141	2389	413	695	0.5942	
PILOT-2019006119__baseline__gpt5.4__rep0.json	PILOT-2019006119	baseline	0	1	2141	311	1856	695	2.6705	
PILOT-2019006119__baseline__gpt5.4__rep1.json	PILOT-2019006119	baseline	1	1	2141	311	1856	695	2.6705	
PILOT-2019006119__baseline__gpt5.4__rep2.json	PILOT-2019006119	baseline	2	1	2141	311	1856	695	2.6705	
PILOT-2019006119__baseline__haiku4.5__rep0.json	PILOT-2019006119	baseline	0	8	2141	2542	589	695	0.8475	
PILOT-2019006119__baseline__haiku4.5__rep1.json	PILOT-2019006119	baseline	1	8	2141	2566	608	695	0.8748	
PILOT-2019006119__baseline__haiku4.5__rep2.json	PILOT-2019006119	baseline	2	8	2141	2237	562	695	0.8086	
PILOT-2019006119__baseline__sonnet4__rep0.json	PILOT-2019006119	baseline	0	8	2141	2412	449	695	0.646	
PILOT-2019006119__baseline__sonnet4__rep1.json	PILOT-2019006119	baseline	1	8	2141	2367	406	695	0.5842	
PILOT-2019006119__baseline__sonnet4__rep2.json	PILOT-2019006119	baseline	2	8	2141	2420	497	695	0.7151	
PILOT-2020000122__A__gpt4o-mini__rep0.json	PILOT-2020000122	A	0	20	6441	6490	182	11530	0.0158	
PILOT-2020000122__A__gpt4o-mini__rep1.json	PILOT-2020000122	A	1	9	6441	2886	3583	11530	0.3108	
PILOT-2020000122__A__gpt4o-mini__rep2.json	PILOT-2020000122	A	2	20	6441	6402	117	11530	0.0101	
PILOT-2020000122__A__gpt5.4__rep0.json	PILOT-2020000122	A	0	20	6441	6810	525	11530	0.0455	
PILOT-2020000122__A__gpt5.4__rep1.json	PILOT-2020000122	A	1	20	6441	7027	745	11530	0.0646	
PILOT-2020000122__A__gpt5.4__rep2.json	PILOT-2020000122	A	2	20	6441	6846	561	11530	0.0487	
PILOT-2020000122__A__haiku4.5__rep0.json	PILOT-2020000122	A	0	20	6441	7534	1552	11530	0.1346	
PILOT-2020000122__A__haiku4.5__rep1.json	PILOT-2020000122	A	1	20	6441	8745	2402	11530	0.2083	
PILOT-2020000122__A__haiku4.5__rep2.json	PILOT-2020000122	A	2	20	6441	8064	1741	11530	0.151	
PILOT-2020000122__A__sonnet4__rep0.json	PILOT-2020000122	A	0	20	6441	6955	673	11530	0.0584	
PILOT-2020000122__A__sonnet4__rep1.json	PILOT-2020000122	A	1	20	6441	6989	697	11530	0.0605	
PILOT-2020000122__A__sonnet4__rep2.json	PILOT-2020000122	A	2	20	6441	6586	298	11530	0.0258	
PILOT-2020000122__B__gpt4o-mini__rep0.json	PILOT-2020000122	B	0	20	6441	6429	140	11530	0.0121	
PILOT-2020000122__B__gpt4o-mini__rep1.json	PILOT-2020000122	B	1	20	6441	7154	826	11530	0.0716	
PILOT-2020000122__B__gpt4o-mini__rep2.json	PILOT-2020000122	B	2	20	6441	7939	1615	11530	0.1401	
PILOT-2020000122__B__gpt5.4__rep0.json	PILOT-2020000122	B	0	20	6441	6934	655	11530	0.0568	
PILOT-2020000122__B__gpt5.4__rep1.json	PILOT-2020000122	B	1	20	6441	6920	650	11530	0.0564	
PILOT-2020000122__B__gpt5.4__rep2.json	PILOT-2020000122	B	2	20	6441	7243	986	11530	0.0855	
PILOT-2020000122__B__haiku4.5__rep0.json	PILOT-2020000122	B	0	20	6441	6931	650	11530	0.0564	
PILOT-2020000122__B__haiku4.5__rep1.json	PILOT-2020000122	B	1	20	6441	6997	722	11530	0.0626	
PILOT-2020000122__B__haiku4.5__rep2.json	PILOT-2020000122	B	2	20	6441	6938	678	11530	0.0588	
PILOT-2020000122__B__sonnet4__rep0.json	PILOT-2020000122	B	0	20	6441	6789	500	11530	0.0434	
PILOT-2020000122__B__sonnet4__rep1.json	PILOT-2020000122	B	1	20	6441	6865	576	11530	0.05	
PILOT-2020000122__B__sonnet4__rep2.json	PILOT-2020000122	B	2	20	6441	6863	574	11530	0.0498	
PILOT-2020000122__C__gpt4o-mini__rep0.json	PILOT-2020000122	C	0	20	6441	8089	1739	11530	0.1508	
PILOT-2020000122__C__gpt4o-mini__rep1.json	PILOT-2020000122	C	1	20	6441	7214	885	11530	0.0768	
PILOT-2020000122__C__gpt4o-mini__rep2.json	PILOT-2020000122	C	2	20	6441	7210	882	11530	0.0765	
PILOT-2020000122__C__gpt5.4__rep0.json	PILOT-2020000122	C	0	20	6441	6895	606	11530	0.0526	
PILOT-2020000122__C__gpt5.4__rep1.json	PILOT-2020000122	C	1	20	6441	7074	786	11530	0.0682	
PILOT-2020000122__C__gpt5.4__rep2.json	PILOT-2020000122	C	2	20	6441	6941	656	11530	0.0569	
PILOT-2020000122__C__haiku4.5__rep0.json	PILOT-2020000122	C	0	20	6441	8908	2573	11530	0.2232	
PILOT-2020000122__C__haiku4.5__rep1.json	PILOT-2020000122	C	1	20	6441	8765	2399	11530	0.2081	
PILOT-2020000122__C__haiku4.5__rep2.json	PILOT-2020000122	C	2	20	6441	8139	1817	11530	0.1576	
PILOT-2020000122__C__sonnet4__rep0.json	PILOT-2020000122	C	0	20	6441	6793	512	11530	0.0444	
PILOT-2020000122__C__sonnet4__rep1.json	PILOT-2020000122	C	1	20	6441	6953	664	11530	0.0576	
PILOT-2020000122__C__sonnet4__rep2.json	PILOT-2020000122	C	2	20	6441	6818	529	11530	0.0459	
PILOT-2020000122__D__gpt4o-mini__rep0.json	PILOT-2020000122	D	0	20	6441	7954	1611	11530	0.1397	
PILOT-2020000122__D__gpt4o-mini__rep1.json	PILOT-2020000122	D	1	20	6441	7263	935	11530	0.0811	
PILOT-2020000122__D__gpt4o-mini__rep2.json	PILOT-2020000122	D	2	20	6441	7932	1589	11530	0.1378	
PILOT-2020000122__D__gpt5.4__rep0.json	PILOT-2020000122	D	0	20	6441	6751	462	11530	0.0401	
PILOT-2020000122__D__gpt5.4__rep1.json	PILOT-2020000122	D	1	20	6441	7166	877	11530	0.0761	
PILOT-2020000122__D__gpt5.4__rep2.json	PILOT-2020000122	D	2	20	6441	6742	463	11530	0.0402	
PILOT-2020000122__D__haiku4.5__rep0.json	PILOT-2020000122	D	0	20	6441	7432	1153	11530	0.1	
PILOT-2020000122__D__haiku4.5__rep1.json	PILOT-2020000122	D	1	20	6441	8392	2024	11530	0.1755	
PILOT-2020000122__D__haiku4.5__rep2.json	PILOT-2020000122	D	2	20	6441	8371	2005	11530	0.1739	
PILOT-2020000122__D__sonnet4__rep0.json	PILOT-2020000122	D	0	20	6441	6996	709	11530	0.0615	
PILOT-2020000122__D__sonnet4__rep1.json	PILOT-2020000122	D	1	20	6441	6848	556	11530	0.0482	
PILOT-2020000122__D__sonnet4__rep2.json	PILOT-2020000122	D	2	20	6441	6901	614	11530	0.0533	
PILOT-2020000122__E__gpt4o-mini__rep0.json	PILOT-2020000122	E	0	8	6441	3454	3722	11530	0.3228	
PILOT-2020000122__E__gpt4o-mini__rep1.json	PILOT-2020000122	E	1	4	6441	2872	3644	11530	0.316	
PILOT-2020000122__E__gpt4o-mini__rep2.json	PILOT-2020000122	E	2	4	6441	2900	3591	11530	0.3114	
PILOT-2020000122__E__gpt5.4__rep0.json	PILOT-2020000122	E	0	18	6441	6288	778	11530	0.0675	
PILOT-2020000122__E__gpt5.4__rep1.json	PILOT-2020000122	E	1	20	6441	6768	483	11530	0.0419	
PILOT-2020000122__E__gpt5.4__rep2.json	PILOT-2020000122	E	2	20	6441	6777	492	11530	0.0427	
PILOT-2020000122__E__haiku4.5__rep0.json	PILOT-2020000122	E	0	20	6441	6787	1848	11530	0.1603	
PILOT-2020000122__E__haiku4.5__rep1.json	PILOT-2020000122	E	1	20	6441	7263	1311	11530	0.1137	
PILOT-2020000122__E__haiku4.5__rep2.json	PILOT-2020000122	E	2	20	6441	8546	2197	11530	0.1905	
PILOT-2020000122__E__sonnet4__rep0.json	PILOT-2020000122	E	0	20	6441	6728	446	11530	0.0387	
PILOT-2020000122__E__sonnet4__rep1.json	PILOT-2020000122	E	1	20	6441	6522	233	11530	0.0202	
PILOT-2020000122__E__sonnet4__rep2.json	PILOT-2020000122	E	2	20	6441	6788	499	11530	0.0433	
PILOT-2020000122__F__gpt4o-mini__rep0.json	PILOT-2020000122	F	0	20	6441	7137	809	11530	0.0702	
PILOT-2020000122__F__gpt4o-mini__rep1.json	PILOT-2020000122	F	1	20	6441	7897	1554	11530	0.1348	
PILOT-2020000122__F__gpt4o-mini__rep2.json	PILOT-2020000122	F	2	20	6441	7172	844	11530	0.0732	
PILOT-2020000122__F__gpt5.4__rep0.json	PILOT-2020000122	F	0	20	6441	7074	791	11530	0.0686	
PILOT-2020000122__F__gpt5.4__rep1.json	PILOT-2020000122	F	1	20	6441	6923	646	11530	0.056	
PILOT-2020000122__F__gpt5.4__rep2.json	PILOT-2020000122	F	2	20	6441	5827	1648	11530	0.1429	
PILOT-2020000122__F__haiku4.5__rep0.json	PILOT-2020000122	F	0	20	6441	7298	2057	11530	0.1784	
PILOT-2020000122__F__haiku4.5__rep1.json	PILOT-2020000122	F	1	20	6441	7867	1548	11530	0.1343	
PILOT-2020000122__F__haiku4.5__rep2.json	PILOT-2020000122	F	2	20	6441	8551	2230	11530	0.1934	
PILOT-2020000122__F__sonnet4__rep0.json	PILOT-2020000122	F	0	20	6441	6808	519	11530	0.045	
PILOT-2020000122__F__sonnet4__rep1.json	PILOT-2020000122	F	1	20	6441	6769	480	11530	0.0416	
PILOT-2020000122__F__sonnet4__rep2.json	PILOT-2020000122	F	2	20	6441	6603	314	11530	0.0272	
PILOT-2020000122__G__gpt4o-mini__rep0.json	PILOT-2020000122	G	0	4	6441	3015	3507	11530	0.3042	
PILOT-2020000122__G__gpt4o-mini__rep1.json	PILOT-2020000122	G	1	19	6441	7897	1792	11530	0.1554	
PILOT-2020000122__G__gpt4o-mini__rep2.json	PILOT-2020000122	G	2	4	6441	2992	3519	11530	0.3052	
PILOT-2020000122__G__gpt5.4__rep0.json	PILOT-2020000122	G	0	20	6441	6759	470	11530	0.0408	
PILOT-2020000122__G__gpt5.4__rep1.json	PILOT-2020000122	G	1	20	6441	7182	883	11530	0.0766	
PILOT-2020000122__G__gpt5.4__rep2.json	PILOT-2020000122	G	2	20	6441	7094	816	11530	0.0708	
PILOT-2020000122__G__haiku4.5__rep0.json	PILOT-2020000122	G	0	20	6441	6930	948	11530	0.0822	
PILOT-2020000122__G__haiku4.5__rep1.json	PILOT-2020000122	G	1	20	6441	7119	834	11530	0.0723	
PILOT-2020000122__G__haiku4.5__rep2.json	PILOT-2020000122	G	2	20	6441	7273	988	11530	0.0857	
PILOT-2020000122__G__sonnet4__rep0.json	PILOT-2020000122	G	0	20	6441	6755	466	11530	0.0404	
PILOT-2020000122__G__sonnet4__rep1.json	PILOT-2020000122	G	1	20	6441	6732	443	11530	0.0384	
PILOT-2020000122__G__sonnet4__rep2.json	PILOT-2020000122	G	2	20	6441	6670	381	11530	0.033	
PILOT-2020000122__baseline__gpt4o-mini__rep0.json	PILOT-2020000122	baseline	0	20	6441	6465	176	11530	0.0153	
PILOT-2020000122__baseline__gpt4o-mini__rep1.json	PILOT-2020000122	baseline	1	20	6441	7604	1273	11530	0.1104	
PILOT-2020000122__baseline__gpt4o-mini__rep2.json	PILOT-2020000122	baseline	2	20	6441	6986	659	11530	0.0572	
PILOT-2020000122__baseline__gpt5.4__rep0.json	PILOT-2020000122	baseline	0	20	6441	5897	1873	11530	0.1624	
PILOT-2020000122__baseline__gpt5.4__rep1.json	PILOT-2020000122	baseline	1	20	6441	6837	548	11530	0.0475	
PILOT-2020000122__baseline__gpt5.4__rep2.json	PILOT-2020000122	baseline	2	20	6441	6951	666	11530	0.0578	
PILOT-2020000122__baseline__haiku4.5__rep0.json	PILOT-2020000122	baseline	0	20	6441	7753	1388	11530	0.1204	
PILOT-2020000122__baseline__haiku4.5__rep1.json	PILOT-2020000122	baseline	1	20	6441	8987	2637	11530	0.2287	
PILOT-2020000122__baseline__haiku4.5__rep2.json	PILOT-2020000122	baseline	2	20	6441	6727	1049	11530	0.091	
PILOT-2020000122__baseline__sonnet4__rep0.json	PILOT-2020000122	baseline	0	20	6441	6768	479	11530	0.0415	
PILOT-2020000122__baseline__sonnet4__rep1.json	PILOT-2020000122	baseline	1	20	6441	6906	614	11530	0.0533	
PILOT-2020000122__baseline__sonnet4__rep2.json	PILOT-2020000122	baseline	2	20	6441	6584	295	11530	0.0256	
PILOT-2020000158__A__gpt4o-mini__rep0.json	PILOT-2020000158	A	0	20	4171	4221	290	461	0.6291	
PILOT-2020000158__A__gpt4o-mini__rep1.json	PILOT-2020000158	A	1	20	4171	4239	307	461	0.6659	
PILOT-2020000158__A__gpt4o-mini__rep2.json	PILOT-2020000158	A	2	20	4171	4221	290	461	0.6291	
PILOT-2020000158__A__gpt5.4__rep0.json	PILOT-2020000158	A	0	20	4171	4394	462	461	1.0022	
PILOT-2020000158__A__gpt5.4__rep1.json	PILOT-2020000158	A	1	20	4171	4362	411	461	0.8915	
PILOT-2020000158__A__gpt5.4__rep2.json	PILOT-2020000158	A	2	20	4171	4848	891	461	1.9328	
PILOT-2020000158__A__haiku4.5__rep0.json	PILOT-2020000158	A	0	20	4171	5005	1239	461	2.6876	
PILOT-2020000158__A__haiku4.5__rep1.json	PILOT-2020000158	A	1	20	4171	5873	1922	461	4.1692	
PILOT-2020000158__A__haiku4.5__rep2.json	PILOT-2020000158	A	2	20	4171	4821	1780	461	3.8612	
PILOT-2020000158__A__sonnet4__rep0.json	PILOT-2020000158	A	0	20	4171	4372	431	461	0.9349	
PILOT-2020000158__A__sonnet4__rep1.json	PILOT-2020000158	A	1	20	4171	4372	431	461	0.9349	
PILOT-2020000158__A__sonnet4__rep2.json	PILOT-2020000158	A	2	20	4171	4372	431	461	0.9349	
PILOT-2020000158__B__gpt4o-mini__rep0.json	PILOT-2020000158	B	0	20	4171	5710	1684	461	3.6529	
PILOT-2020000158__B__gpt4o-mini__rep1.json	PILOT-2020000158	B	1	20	4171	5270	1246	461	2.7028	
PILOT-2020000158__B__gpt4o-mini__rep2.json	PILOT-2020000158	B	2	20	4171	5270	1246	461	2.7028	
PILOT-2020000158__B__gpt5.4__rep0.json	PILOT-2020000158	B	0	20	4171	3831	1648	461	3.5748	
PILOT-2020000158__B__gpt5.4__rep1.json	PILOT-2020000158	B	1	20	4171	3925	1730	461	3.7527	
PILOT-2020000158__B__gpt5.4__rep2.json	PILOT-2020000158	B	2	20	4171	4787	831	461	1.8026	
PILOT-2020000158__B__haiku4.5__rep0.json	PILOT-2020000158	B	0	20	4171	4804	905	461	1.9631	
PILOT-2020000158__B__haiku4.5__rep1.json	PILOT-2020000158	B	1	20	4171	5286	1542	461	3.3449	
PILOT-2020000158__B__haiku4.5__rep2.json	PILOT-2020000158	B	2	20	4171	5767	1850	461	4.013	
PILOT-2020000158__B__sonnet4__rep0.json	PILOT-2020000158	B	0	20	4171	4726	801	461	1.7375	
PILOT-2020000158__B__sonnet4__rep1.json	PILOT-2020000158	B	1	20	4171	4811	886	461	1.9219	
PILOT-2020000158__B__sonnet4__rep2.json	PILOT-2020000158	B	2	20	4171	4832	863	461	1.872	
PILOT-2020000158__C__gpt4o-mini__rep0.json	PILOT-2020000158	C	0	20	4171	4298	367	461	0.7961	
PILOT-2020000158__C__gpt4o-mini__rep1.json	PILOT-2020000158	C	1	20	4171	4207	276	461	0.5987	
PILOT-2020000158__C__gpt4o-mini__rep2.json	PILOT-2020000158	C	2	20	4171	5919	1889	461	4.0976	
PILOT-2020000158__C__gpt5.4__rep0.json	PILOT-2020000158	C	0	20	4171	3950	1760	461	3.8178	
PILOT-2020000158__C__gpt5.4__rep1.json	PILOT-2020000158	C	1	20	4171	4820	864	461	1.8742	
PILOT-2020000158__C__gpt5.4__rep2.json	PILOT-2020000158	C	2	20	4171	4802	846	461	1.8351	
PILOT-2020000158__C__haiku4.5__rep0.json	PILOT-2020000158	C	0	20	4171	5554	1705	461	3.6985	
PILOT-2020000158__C__haiku4.5__rep1.json	PILOT-2020000158	C	1	20	4171	5404	1567	461	3.3991	
PILOT-2020000158__C__haiku4.5__rep2.json	PILOT-2020000158	C	2	20	4171	5584	1737	461	3.7679	
PILOT-2020000158__C__sonnet4__rep0.json	PILOT-2020000158	C	0	20	4171	4816	891	461	1.9328	
PILOT-2020000158__C__sonnet4__rep1.json	PILOT-2020000158	C	1	20	4171	4816	894	461	1.9393	
PILOT-2020000158__C__sonnet4__rep2.json	PILOT-2020000158	C	2	20	4171	4816	891	461	1.9328	
PILOT-2020000158__D__gpt4o-mini__rep0.json	PILOT-2020000158	D	0	20	4171	4208	277	461	0.6009	
PILOT-2020000158__D__gpt4o-mini__rep1.json	PILOT-2020000158	D	1	20	4171	4239	308	461	0.6681	
PILOT-2020000158__D__gpt4o-mini__rep2.json	PILOT-2020000158	D	2	20	4171	4208	277	461	0.6009	
PILOT-2020000158__D__gpt5.4__rep0.json	PILOT-2020000158	D	0	20	4171	1593	2792	461	6.0564	
PILOT-2020000158__D__gpt5.4__rep1.json	PILOT-2020000158	D	1	20	4171	4804	848	461	1.8395	
PILOT-2020000158__D__gpt5.4__rep2.json	PILOT-2020000158	D	2	20	4171	4381	449	461	0.974	
PILOT-2020000158__D__haiku4.5__rep0.json	PILOT-2020000158	D	0	20	4171	6058	2286	461	4.9588	
PILOT-2020000158__D__haiku4.5__rep1.json	PILOT-2020000158	D	1	20	4171	5844	2006	461	4.3514	
PILOT-2020000158__D__haiku4.5__rep2.json	PILOT-2020000158	D	2	20	4171	5470	1629	461	3.5336	
PILOT-2020000158__D__sonnet4__rep0.json	PILOT-2020000158	D	0	20	4171	5094	1082	461	2.3471	
PILOT-2020000158__D__sonnet4__rep1.json	PILOT-2020000158	D	1	20	4171	5095	1083	461	2.3492	
PILOT-2020000158__D__sonnet4__rep2.json	PILOT-2020000158	D	2	20	4171	4740	831	461	1.8026	
PILOT-2020000158__E__gpt4o-mini__rep0.json	PILOT-2020000158	E	0	20	4171	4692	761	461	1.6508	
PILOT-2020000158__E__gpt4o-mini__rep1.json	PILOT-2020000158	E	1	20	4171	4777	846	461	1.8351	
PILOT-2020000158__E__gpt4o-mini__rep2.json	PILOT-2020000158	E	2	6	4171	1927	2421	461	5.2516	
PILOT-2020000158__E__gpt5.4__rep0.json	PILOT-2020000158	E	0	20	4171	4817	864	461	1.8742	
PILOT-2020000158__E__gpt5.4__rep1.json	PILOT-2020000158	E	1	20	4171	4980	1024	461	2.2213	
PILOT-2020000158__E__gpt5.4__rep2.json	PILOT-2020000158	E	2	20	4171	4528	549	461	1.1909	
PILOT-2020000158__E__haiku4.5__rep0.json	PILOT-2020000158	E	0	20	4171	6265	2393	461	5.1909	
PILOT-2020000158__E__haiku4.5__rep1.json	PILOT-2020000158	E	1	20	4171	6168	2330	461	5.0542	
PILOT-2020000158__E__haiku4.5__rep2.json	PILOT-2020000158	E	2	20	4171	5785	1946	461	4.2213	
PILOT-2020000158__E__sonnet4__rep0.json	PILOT-2020000158	E	0	20	4171	4141	200	461	0.4338	
PILOT-2020000158__E__sonnet4__rep1.json	PILOT-2020000158	E	1	20	4171	4479	538	461	1.167	
PILOT-2020000158__E__sonnet4__rep2.json	PILOT-2020000158	E	2	20	4171	4141	200	461	0.4338	
PILOT-2020000158__F__gpt4o-mini__rep0.json	PILOT-2020000158	F	0	20	4171	4208	277	461	0.6009	
PILOT-2020000158__F__gpt4o-mini__rep1.json	PILOT-2020000158	F	1	20	4171	4208	277	461	0.6009	
PILOT-2020000158__F__gpt4o-mini__rep2.json	PILOT-2020000158	F	2	20	4171	4244	312	461	0.6768	
PILOT-2020000158__F__gpt5.4__rep0.json	PILOT-2020000158	F	0	20	4171	4855	902	461	1.9566	
PILOT-2020000158__F__gpt5.4__rep1.json	PILOT-2020000158	F	1	20	4171	4803	847	461	1.8373	
PILOT-2020000158__F__gpt5.4__rep2.json	PILOT-2020000158	F	2	20	4171	4613	685	461	1.4859	
PILOT-2020000158__F__haiku4.5__rep0.json	PILOT-2020000158	F	0	20	4171	4886	1056	461	2.2907	
PILOT-2020000158__F__haiku4.5__rep1.json	PILOT-2020000158	F	1	20	4171	4882	1055	461	2.2885	
PILOT-2020000158__F__haiku4.5__rep2.json	PILOT-2020000158	F	2	20	4171	5912	2024	461	4.3905	
PILOT-2020000158__F__sonnet4__rep0.json	PILOT-2020000158	F	0	20	4171	4550	625	461	1.3557	
PILOT-2020000158__F__sonnet4__rep1.json	PILOT-2020000158	F	1	20	4171	4550	625	461	1.3557	
PILOT-2020000158__F__sonnet4__rep2.json	PILOT-2020000158	F	2	20	4171	5048	1065	461	2.3102	
PILOT-2020000158__G__gpt4o-mini__rep0.json	PILOT-2020000158	G	0	20	4171	4239	308	461	0.6681	
PILOT-2020000158__G__gpt4o-mini__rep1.json	PILOT-2020000158	G	1	20	4171	4238	307	461	0.6659	
PILOT-2020000158__G__gpt4o-mini__rep2.json	PILOT-2020000158	G	2	20	4171	4239	308	461	0.6681	
PILOT-2020000158__G__gpt5.4__rep0.json	PILOT-2020000158	G	0	20	4171	3747	1799	461	3.9024	
PILOT-2020000158__G__gpt5.4__rep1.json	PILOT-2020000158	G	1	20	4171	4844	891	461	1.9328	
PILOT-2020000158__G__gpt5.4__rep2.json	PILOT-2020000158	G	2	20	4171	4459	527	461	1.1432	
PILOT-2020000158__G__haiku4.5__rep0.json	PILOT-2020000158	G	0	20	4171	5198	1260	461	2.7332	
PILOT-2020000158__G__haiku4.5__rep1.json	PILOT-2020000158	G	1	20	4171	4865	1035	461	2.2451	
PILOT-2020000158__G__haiku4.5__rep2.json	PILOT-2020000158	G	2	20	4171	5246	1328	461	2.8807	
PILOT-2020000158__G__sonnet4__rep0.json	PILOT-2020000158	G	0	20	4171	4707	782	461	1.6963	
PILOT-2020000158__G__sonnet4__rep1.json	PILOT-2020000158	G	1	20	4171	4745	820	461	1.7787	
PILOT-2020000158__G__sonnet4__rep2.json	PILOT-2020000158	G	2	20	4171	4694	785	461	1.7028	
PILOT-2020000158__baseline__gpt4o-mini__rep0.json	PILOT-2020000158	baseline	0	20	4171	5290	1267	461	2.7484	
PILOT-2020000158__baseline__gpt4o-mini__rep1.json	PILOT-2020000158	baseline	1	20	4171	5920	1890	461	4.0998	
PILOT-2020000158__baseline__gpt4o-mini__rep2.json	PILOT-2020000158	baseline	2	20	4171	5920	1890	461	4.0998	
PILOT-2020000158__baseline__gpt5.4__rep0.json	PILOT-2020000158	baseline	0	20	4171	5050	1094	461	2.3731	
PILOT-2020000158__baseline__gpt5.4__rep1.json	PILOT-2020000158	baseline	1	20	4171	4852	899	461	1.9501	
PILOT-2020000158__baseline__gpt5.4__rep2.json	PILOT-2020000158	baseline	2	20	4171	4985	1029	461	2.2321	
PILOT-2020000158__baseline__haiku4.5__rep0.json	PILOT-2020000158	baseline	0	20	4171	5216	1380	461	2.9935	
PILOT-2020000158__baseline__haiku4.5__rep1.json	PILOT-2020000158	baseline	1	20	4171	5864	1979	461	4.2928	
PILOT-2020000158__baseline__haiku4.5__rep2.json	PILOT-2020000158	baseline	2	20	4171	5020	1200	461	2.603	
PILOT-2020000158__baseline__sonnet4__rep0.json	PILOT-2020000158	baseline	0	20	4171	5070	1057	461	2.2928	
PILOT-2020000158__baseline__sonnet4__rep1.json	PILOT-2020000158	baseline	1	20	4171	4560	619	461	1.3427	
PILOT-2020000158__baseline__sonnet4__rep2.json	PILOT-2020000158	baseline	2	20	4171	4156	215	461	0.4664	
PILOT-2020000362__A__gpt4o-mini__rep0.json	PILOT-2020000362	A	0	2	5042	1032	4012	4451	0.9014	
PILOT-2020000362__A__gpt4o-mini__rep1.json	PILOT-2020000362	A	1	2	5042	1032	4012	4451	0.9014	
PILOT-2020000362__A__gpt4o-mini__rep2.json	PILOT-2020000362	A	2	2	5042	1032	4012	4451	0.9014	
PILOT-2020000362__A__gpt5.4__rep0.json	PILOT-2020000362	A	0	15	5042	5362	609	4451	0.1368	
PILOT-2020000362__A__gpt5.4__rep1.json	PILOT-2020000362	A	1	15	5042	5116	880	4451	0.1977	
PILOT-2020000362__A__gpt5.4__rep2.json	PILOT-2020000362	A	2	15	5042	5116	880	4451	0.1977	
PILOT-2020000362__A__haiku4.5__rep0.json	PILOT-2020000362	A	0	15	5042	5962	1145	4451	0.2572	
PILOT-2020000362__A__haiku4.5__rep1.json	PILOT-2020000362	A	1	15	5042	5615	867	4451	0.1948	
PILOT-2020000362__A__haiku4.5__rep2.json	PILOT-2020000362	A	2	15	5042	6984	2163	4451	0.486	
PILOT-2020000362__A__sonnet4__rep0.json	PILOT-2020000362	A	0	15	5042	4934	189	4451	0.0425	
PILOT-2020000362__A__sonnet4__rep1.json	PILOT-2020000362	A	1	15	5042	4928	192	4451	0.0431	
PILOT-2020000362__A__sonnet4__rep2.json	PILOT-2020000362	A	2	15	5042	4928	192	4451	0.0431	
PILOT-2020000362__B__gpt4o-mini__rep0.json	PILOT-2020000362	B	0	2	5042	1173	3871	4451	0.8697	
PILOT-2020000362__B__gpt4o-mini__rep1.json	PILOT-2020000362	B	1	2	5042	1898	3193	4451	0.7174	
PILOT-2020000362__B__gpt4o-mini__rep2.json	PILOT-2020000362	B	2	2	5042	1898	3193	4451	0.7174	
PILOT-2020000362__B__gpt5.4__rep0.json	PILOT-2020000362	B	0	15	5042	5215	1399	4451	0.3143	
PILOT-2020000362__B__gpt5.4__rep1.json	PILOT-2020000362	B	1	15	5042	5216	1086	4451	0.244	
PILOT-2020000362__B__gpt5.4__rep2.json	PILOT-2020000362	B	2	15	5042	5235	1416	4451	0.3181	
PILOT-2020000362__B__haiku4.5__rep0.json	PILOT-2020000362	B	0	15	5042	8047	3184	4451	0.7153	
PILOT-2020000362__B__haiku4.5__rep1.json	PILOT-2020000362	B	1	15	5042	7322	2454	4451	0.5513	
PILOT-2020000362__B__haiku4.5__rep2.json	PILOT-2020000362	B	2	15	5042	7173	2309	4451	0.5188	
PILOT-2020000362__B__sonnet4__rep0.json	PILOT-2020000362	B	0	15	5042	5294	480	4451	0.1078	
PILOT-2020000362__B__sonnet4__rep1.json	PILOT-2020000362	B	1	15	5042	5302	488	4451	0.1096	
PILOT-2020000362__B__sonnet4__rep2.json	PILOT-2020000362	B	2	15	5042	5302	488	4451	0.1096	
PILOT-2020000362__C__gpt4o-mini__rep0.json	PILOT-2020000362	C	0	2	5042	1083	3961	4451	0.8899	
PILOT-2020000362__C__gpt4o-mini__rep1.json	PILOT-2020000362	C	1	2	5042	1083	3961	4451	0.8899	
PILOT-2020000362__C__gpt4o-mini__rep2.json	PILOT-2020000362	C	2	2	5042	1083	3961	4451	0.8899	
PILOT-2020000362__C__gpt5.4__rep0.json	PILOT-2020000362	C	0	15	5042	5332	1662	4451	0.3734	
PILOT-2020000362__C__gpt5.4__rep1.json	PILOT-2020000362	C	1	15	5042	4830	737	4451	0.1656	
PILOT-2020000362__C__gpt5.4__rep2.json	PILOT-2020000362	C	2	15	5042	4873	1207	4451	0.2712	
PILOT-2020000362__C__haiku4.5__rep0.json	PILOT-2020000362	C	0	15	5042	6253	1438	4451	0.3231	
PILOT-2020000362__C__haiku4.5__rep1.json	PILOT-2020000362	C	1	15	5042	6949	2079	4451	0.4671	
PILOT-2020000362__C__haiku4.5__rep2.json	PILOT-2020000362	C	2	15	5042	7304	2436	4451	0.5473	
PILOT-2020000362__C__sonnet4__rep0.json	PILOT-2020000362	C	0	15	5042	5302	488	4451	0.1096	
PILOT-2020000362__C__sonnet4__rep1.json	PILOT-2020000362	C	1	15	5042	5302	488	4451	0.1096	
PILOT-2020000362__C__sonnet4__rep2.json	PILOT-2020000362	C	2	15	5042	5302	488	4451	0.1096	
PILOT-2020000362__D__gpt4o-mini__rep0.json	PILOT-2020000362	D	0	2	5042	1083	3961	4451	0.8899	
PILOT-2020000362__D__gpt4o-mini__rep1.json	PILOT-2020000362	D	1	2	5042	1083	3961	4451	0.8899	
PILOT-2020000362__D__gpt4o-mini__rep2.json	PILOT-2020000362	D	2	2	5042	1083	3961	4451	0.8899	
PILOT-2020000362__D__gpt5.4__rep0.json	PILOT-2020000362	D	0	15	5042	5722	907	4451	0.2038	
PILOT-2020000362__D__gpt5.4__rep1.json	PILOT-2020000362	D	1	15	5042	5235	1416	4451	0.3181	
PILOT-2020000362__D__gpt5.4__rep2.json	PILOT-2020000362	D	2	15	5042	5235	1416	4451	0.3181	
PILOT-2020000362__D__haiku4.5__rep0.json	PILOT-2020000362	D	0	15	5042	6990	2138	4451	0.4803	
PILOT-2020000362__D__haiku4.5__rep1.json	PILOT-2020000362	D	1	15	5042	7178	2313	4451	0.5197	
PILOT-2020000362__D__haiku4.5__rep2.json	PILOT-2020000362	D	2	15	5042	6240	1419	4451	0.3188	
PILOT-2020000362__D__sonnet4__rep0.json	PILOT-2020000362	D	0	15	5042	5046	232	4451	0.0521	
PILOT-2020000362__D__sonnet4__rep1.json	PILOT-2020000362	D	1	15	5042	5152	337	4451	0.0757	
PILOT-2020000362__D__sonnet4__rep2.json	PILOT-2020000362	D	2	15	5042	5022	208	4451	0.0467	
PILOT-2020000362__E__gpt4o-mini__rep0.json	PILOT-2020000362	E	0	3	5042	1703	3428	4451	0.7702	
PILOT-2020000362__E__gpt4o-mini__rep1.json	PILOT-2020000362	E	1	2	5042	1372	3828	4451	0.86	
PILOT-2020000362__E__gpt4o-mini__rep2.json	PILOT-2020000362	E	2	3	5042	1823	3528	4451	0.7926	
PILOT-2020000362__E__gpt5.4__rep0.json	PILOT-2020000362	E	0	15	5042	5135	937	4451	0.2105	
PILOT-2020000362__E__gpt5.4__rep1.json	PILOT-2020000362	E	1	15	5042	5274	1076	4451	0.2417	
PILOT-2020000362__E__gpt5.4__rep2.json	PILOT-2020000362	E	2	15	5042	5601	786	4451	0.1766	
PILOT-2020000362__E__haiku4.5__rep0.json	PILOT-2020000362	E	0	15	5042	6051	1234	4451	0.2772	
PILOT-2020000362__E__haiku4.5__rep1.json	PILOT-2020000362	E	1	15	5042	6679	1782	4451	0.4004	
PILOT-2020000362__E__haiku4.5__rep2.json	PILOT-2020000362	E	2	15	5042	7036	2214	4451	0.4974	
PILOT-2020000362__E__sonnet4__rep0.json	PILOT-2020000362	E	0	15	5042	5022	208	4451	0.0467	
PILOT-2020000362__E__sonnet4__rep1.json	PILOT-2020000362	E	1	15	5042	5022	208	4451	0.0467	
PILOT-2020000362__E__sonnet4__rep2.json	PILOT-2020000362	E	2	15	5042	5152	335	4451	0.0753	
PILOT-2020000362__F__gpt4o-mini__rep0.json	PILOT-2020000362	F	0	2	5042	1083	3961	4451	0.8899	
PILOT-2020000362__F__gpt4o-mini__rep1.json	PILOT-2020000362	F	1	2	5042	1083	3961	4451	0.8899	
PILOT-2020000362__F__gpt4o-mini__rep2.json	PILOT-2020000362	F	2	2	5042	1083	3961	4451	0.8899	
PILOT-2020000362__F__gpt5.4__rep0.json	PILOT-2020000362	F	0	15	5042	5255	1435	4451	0.3224	
PILOT-2020000362__F__gpt5.4__rep1.json	PILOT-2020000362	F	1	15	5042	5600	836	4451	0.1878	
PILOT-2020000362__F__gpt5.4__rep2.json	PILOT-2020000362	F	2	15	5042	5766	1003	4451	0.2253	
PILOT-2020000362__F__haiku4.5__rep0.json	PILOT-2020000362	F	0	15	5042	5699	890	4451	0.2	
PILOT-2020000362__F__haiku4.5__rep1.json	PILOT-2020000362	F	1	15	5042	6303	1497	4451	0.3363	
PILOT-2020000362__F__haiku4.5__rep2.json	PILOT-2020000362	F	2	15	5042	6695	1834	4451	0.412	
PILOT-2020000362__F__sonnet4__rep0.json	PILOT-2020000362	F	0	15	5042	5046	231	4451	0.0519	
PILOT-2020000362__F__sonnet4__rep1.json	PILOT-2020000362	F	1	15	5042	5162	347	4451	0.078	
PILOT-2020000362__F__sonnet4__rep2.json	PILOT-2020000362	F	2	15	5042	5046	231	4451	0.0519	
PILOT-2020000362__G__gpt4o-mini__rep0.json	PILOT-2020000362	G	0	2	5042	1083	3961	4451	0.8899	
PILOT-2020000362__G__gpt4o-mini__rep1.json	PILOT-2020000362	G	1	2	5042	1083	3961	4451	0.8899	
PILOT-2020000362__G__gpt4o-mini__rep2.json	PILOT-2020000362	G	2	2	5042	1083	3961	4451	0.8899	
PILOT-2020000362__G__gpt5.4__rep0.json	PILOT-2020000362	G	0	15	5042	4824	746	4451	0.1676	
PILOT-2020000362__G__gpt5.4__rep1.json	PILOT-2020000362	G	1	15	5042	5181	1368	4451	0.3073	
PILOT-2020000362__G__gpt5.4__rep2.json	PILOT-2020000362	G	2	15	5042	4645	1203	4451	0.2703	
PILOT-2020000362__G__haiku4.5__rep0.json	PILOT-2020000362	G	0	15	5042	7619	2708	4451	0.6084	
PILOT-2020000362__G__haiku4.5__rep1.json	PILOT-2020000362	G	1	15	5042	6457	1638	4451	0.368	
PILOT-2020000362__G__haiku4.5__rep2.json	PILOT-2020000362	G	2	15	5042	6364	1547	4451	0.3476	
PILOT-2020000362__G__sonnet4__rep0.json	PILOT-2020000362	G	0	15	5042	5154	339	4451	0.0762	
PILOT-2020000362__G__sonnet4__rep1.json	PILOT-2020000362	G	1	15	5042	5516	699	4451	0.157	
PILOT-2020000362__G__sonnet4__rep2.json	PILOT-2020000362	G	2	15	5042	5654	837	4451	0.188	
PILOT-2020000362__baseline__gpt4o-mini__rep0.json	PILOT-2020000362	baseline	0	2	5042	1083	3961	4451	0.8899	
PILOT-2020000362__baseline__gpt4o-mini__rep1.json	PILOT-2020000362	baseline	1	2	5042	1083	3961	4451	0.8899	
PILOT-2020000362__baseline__gpt4o-mini__rep2.json	PILOT-2020000362	baseline	2	2	5042	1083	3961	4451	0.8899	
PILOT-2020000362__baseline__gpt5.4__rep0.json	PILOT-2020000362	baseline	0	15	5042	5606	843	4451	0.1894	
PILOT-2020000362__baseline__gpt5.4__rep1.json	PILOT-2020000362	baseline	1	15	5042	5221	1454	4451	0.3267	
PILOT-2020000362__baseline__gpt5.4__rep2.json	PILOT-2020000362	baseline	2	15	5042	5442	679	4451	0.1525	
PILOT-2020000362__baseline__haiku4.5__rep0.json	PILOT-2020000362	baseline	0	15	5042	7097	2251	4451	0.5057	
PILOT-2020000362__baseline__haiku4.5__rep1.json	PILOT-2020000362	baseline	1	15	5042	6658	1764	4451	0.3963	
PILOT-2020000362__baseline__haiku4.5__rep2.json	PILOT-2020000362	baseline	2	15	5042	6906	2044	4451	0.4592	
PILOT-2020000362__baseline__sonnet4__rep0.json	PILOT-2020000362	baseline	0	15	5042	5330	516	4451	0.1159	
PILOT-2020000362__baseline__sonnet4__rep1.json	PILOT-2020000362	baseline	1	15	5042	5124	310	4451	0.0696	
PILOT-2020000362__baseline__sonnet4__rep2.json	PILOT-2020000362	baseline	2	15	5042	5302	488	4451	0.1096	
PILOT-2020000402__A__gpt4o-mini__rep0.json	PILOT-2020000402	A	0	9	3214	2766	696	454	1.533	
PILOT-2020000402__A__gpt4o-mini__rep1.json	PILOT-2020000402	A	1	9	3214	3307	134	454	0.2952	
PILOT-2020000402__A__gpt4o-mini__rep2.json	PILOT-2020000402	A	2	9	3214	2809	756	454	1.6652	
PILOT-2020000402__A__gpt5.4__rep0.json	PILOT-2020000402	A	0	9	3214	3368	264	454	0.5815	
PILOT-2020000402__A__gpt5.4__rep1.json	PILOT-2020000402	A	1	9	3214	3476	314	454	0.6916	
PILOT-2020000402__A__gpt5.4__rep2.json	PILOT-2020000402	A	2	9	3214	3368	264	454	0.5815	
PILOT-2020000402__A__haiku4.5__rep0.json	PILOT-2020000402	A	0	9	3214	3070	797	454	1.7555	
PILOT-2020000402__A__haiku4.5__rep1.json	PILOT-2020000402	A	1	9	3214	2562	841	454	1.8524	
PILOT-2020000402__A__haiku4.5__rep2.json	PILOT-2020000402	A	2	9	3214	2574	850	454	1.8722	
PILOT-2020000402__A__sonnet4__rep0.json	PILOT-2020000402	A	0	9	3214	3497	582	454	1.2819	
PILOT-2020000402__A__sonnet4__rep1.json	PILOT-2020000402	A	1	9	3214	3436	518	454	1.141	
PILOT-2020000402__A__sonnet4__rep2.json	PILOT-2020000402	A	2	9	3214	3432	513	454	1.13	
PILOT-2020000402__B__gpt4o-mini__rep0.json	PILOT-2020000402	B	0	9	3214	2776	706	454	1.5551	
PILOT-2020000402__B__gpt4o-mini__rep1.json	PILOT-2020000402	B	1	9	3214	2812	742	454	1.6344	
PILOT-2020000402__B__gpt4o-mini__rep2.json	PILOT-2020000402	B	2	9	3214	2846	756	454	1.6652	
PILOT-2020000402__B__gpt5.4__rep0.json	PILOT-2020000402	B	0	9	3214	3446	256	454	0.5639	
PILOT-2020000402__B__gpt5.4__rep1.json	PILOT-2020000402	B	1	9	3214	3385	202	454	0.4449	
PILOT-2020000402__B__gpt5.4__rep2.json	PILOT-2020000402	B	2	9	3214	3430	249	454	0.5485	
PILOT-2020000402__B__haiku4.5__rep0.json	PILOT-2020000402	B	0	9	3214	3394	1049	454	2.3106	
PILOT-2020000402__B__haiku4.5__rep1.json	PILOT-2020000402	B	1	9	3214	2512	725	454	1.5969	
PILOT-2020000402__B__haiku4.5__rep2.json	PILOT-2020000402	B	2	9	3214	3187	909	454	2.0022	
PILOT-2020000402__B__sonnet4__rep0.json	PILOT-2020000402	B	0	9	3214	3060	180	454	0.3965	
PILOT-2020000402__B__sonnet4__rep1.json	PILOT-2020000402	B	1	9	3214	3060	180	454	0.3965	
PILOT-2020000402__B__sonnet4__rep2.json	PILOT-2020000402	B	2	9	3214	3588	428	454	0.9427	
PILOT-2020000402__C__gpt4o-mini__rep0.json	PILOT-2020000402	C	0	9	3214	3325	149	454	0.3282	
PILOT-2020000402__C__gpt4o-mini__rep1.json	PILOT-2020000402	C	1	9	3214	2477	892	454	1.9648	
PILOT-2020000402__C__gpt4o-mini__rep2.json	PILOT-2020000402	C	2	9	3214	2852	762	454	1.6784	
PILOT-2020000402__C__gpt5.4__rep0.json	PILOT-2020000402	C	0	9	3214	3477	338	454	0.7445	
PILOT-2020000402__C__gpt5.4__rep1.json	PILOT-2020000402	C	1	9	3214	3441	302	454	0.6652	
PILOT-2020000402__C__gpt5.4__rep2.json	PILOT-2020000402	C	2	9	3214	3301	166	454	0.3656	
PILOT-2020000402__C__haiku4.5__rep0.json	PILOT-2020000402	C	0	9	3214	2510	790	454	1.7401	
PILOT-2020000402__C__haiku4.5__rep1.json	PILOT-2020000402	C	1	9	3214	2458	796	454	1.7533	
PILOT-2020000402__C__haiku4.5__rep2.json	PILOT-2020000402	C	2	9	3214	2596	857	454	1.8877	
PILOT-2020000402__C__sonnet4__rep0.json	PILOT-2020000402	C	0	9	3214	3316	406	454	0.8943	
PILOT-2020000402__C__sonnet4__rep1.json	PILOT-2020000402	C	1	9	3214	3464	541	454	1.1916	
PILOT-2020000402__C__sonnet4__rep2.json	PILOT-2020000402	C	2	9	3214	3421	506	454	1.1145	
PILOT-2020000402__D__gpt4o-mini__rep0.json	PILOT-2020000402	D	0	9	3214	2848	762	454	1.6784	
PILOT-2020000402__D__gpt4o-mini__rep1.json	PILOT-2020000402	D	1	9	3214	3443	278	454	0.6123	
PILOT-2020000402__D__gpt4o-mini__rep2.json	PILOT-2020000402	D	2	9	3214	3425	249	454	0.5485	
PILOT-2020000402__D__gpt5.4__rep0.json	PILOT-2020000402	D	0	9	3214	3525	386	454	0.8502	
PILOT-2020000402__D__gpt5.4__rep1.json	PILOT-2020000402	D	1	9	3214	3433	294	454	0.6476	
PILOT-2020000402__D__gpt5.4__rep2.json	PILOT-2020000402	D	2	9	3214	3358	221	454	0.4868	
PILOT-2020000402__D__haiku4.5__rep0.json	PILOT-2020000402	D	0	9	3214	3034	778	454	1.7137	
PILOT-2020000402__D__haiku4.5__rep1.json	PILOT-2020000402	D	1	9	3214	2684	797	454	1.7555	
PILOT-2020000402__D__haiku4.5__rep2.json	PILOT-2020000402	D	2	9	3214	2720	806	454	1.7753	
PILOT-2020000402__D__sonnet4__rep0.json	PILOT-2020000402	D	0	9	3214	3531	367	454	0.8084	
PILOT-2020000402__D__sonnet4__rep1.json	PILOT-2020000402	D	1	9	3214	3531	367	454	0.8084	
PILOT-2020000402__D__sonnet4__rep2.json	PILOT-2020000402	D	2	9	3214	3531	367	454	0.8084	
PILOT-2020000402__E__gpt4o-mini__rep0.json	PILOT-2020000402	E	0	9	3214	2816	746	454	1.6432	
PILOT-2020000402__E__gpt4o-mini__rep1.json	PILOT-2020000402	E	1	9	3214	3417	241	454	0.5308	
PILOT-2020000402__E__gpt4o-mini__rep2.json	PILOT-2020000402	E	2	9	3214	2750	664	454	1.4626	
PILOT-2020000402__E__gpt5.4__rep0.json	PILOT-2020000402	E	0	9	3214	3441	302	454	0.6652	
PILOT-2020000402__E__gpt5.4__rep1.json	PILOT-2020000402	E	1	9	3214	3417	274	454	0.6035	
PILOT-2020000402__E__gpt5.4__rep2.json	PILOT-2020000402	E	2	9	3214	3356	223	454	0.4912	
PILOT-2020000402__E__haiku4.5__rep0.json	PILOT-2020000402	E	0	9	3214	2494	753	454	1.6586	
PILOT-2020000402__E__haiku4.5__rep1.json	PILOT-2020000402	E	1	9	3214	2510	748	454	1.6476	
PILOT-2020000402__E__haiku4.5__rep2.json	PILOT-2020000402	E	2	9	3214	2592	855	454	1.8833	
PILOT-2020000402__E__sonnet4__rep0.json	PILOT-2020000402	E	0	9	3214	3515	600	454	1.3216	
PILOT-2020000402__E__sonnet4__rep1.json	PILOT-2020000402	E	1	9	3214	3386	469	454	1.033	
PILOT-2020000402__E__sonnet4__rep2.json	PILOT-2020000402	E	2	9	3214	3552	637	454	1.4031	
PILOT-2020000402__F__gpt4o-mini__rep0.json	PILOT-2020000402	F	0	9	3214	3347	170	454	0.3744	
PILOT-2020000402__F__gpt4o-mini__rep1.json	PILOT-2020000402	F	1	9	3214	3365	189	454	0.4163	
PILOT-2020000402__F__gpt4o-mini__rep2.json	PILOT-2020000402	F	2	9	3214	3376	202	454	0.4449	
PILOT-2020000402__F__gpt5.4__rep0.json	PILOT-2020000402	F	0	9	3214	3367	232	454	0.511	
PILOT-2020000402__F__gpt5.4__rep1.json	PILOT-2020000402	F	1	9	3214	3369	258	454	0.5683	
PILOT-2020000402__F__gpt5.4__rep2.json	PILOT-2020000402	F	2	9	3214	3369	258	454	0.5683	
PILOT-2020000402__F__haiku4.5__rep0.json	PILOT-2020000402	F	0	9	3214	2490	786	454	1.7313	
PILOT-2020000402__F__haiku4.5__rep1.json	PILOT-2020000402	F	1	9	3214	2484	793	454	1.7467	
PILOT-2020000402__F__haiku4.5__rep2.json	PILOT-2020000402	F	2	9	3214	2484	793	454	1.7467	
PILOT-2020000402__F__sonnet4__rep0.json	PILOT-2020000402	F	0	9	3214	3581	415	454	0.9141	
PILOT-2020000402__F__sonnet4__rep1.json	PILOT-2020000402	F	1	9	3214	3106	134	454	0.2952	
PILOT-2020000402__F__sonnet4__rep2.json	PILOT-2020000402	F	2	9	3214	3106	134	454	0.2952	
PILOT-2020000402__G__gpt4o-mini__rep0.json	PILOT-2020000402	G	0	9	3214	3434	261	454	0.5749	
PILOT-2020000402__G__gpt4o-mini__rep1.json	PILOT-2020000402	G	1	9	3214	3459	284	454	0.6256	
PILOT-2020000402__G__gpt4o-mini__rep2.json	PILOT-2020000402	G	2	9	3214	3231	55	454	0.1211	
PILOT-2020000402__G__gpt5.4__rep0.json	PILOT-2020000402	G	0	9	3214	3563	401	454	0.8833	
PILOT-2020000402__G__gpt5.4__rep1.json	PILOT-2020000402	G	1	9	3214	3393	282	454	0.6211	
PILOT-2020000402__G__gpt5.4__rep2.json	PILOT-2020000402	G	2	9	3214	3380	231	454	0.5088	
PILOT-2020000402__G__haiku4.5__rep0.json	PILOT-2020000402	G	0	9	3214	2484	793	454	1.7467	
PILOT-2020000402__G__haiku4.5__rep1.json	PILOT-2020000402	G	1	9	3214	2384	833	454	1.8348	
PILOT-2020000402__G__haiku4.5__rep2.json	PILOT-2020000402	G	2	9	3214	2512	712	454	1.5683	
PILOT-2020000402__G__sonnet4__rep0.json	PILOT-2020000402	G	0	9	3214	3551	396	454	0.8722	
PILOT-2020000402__G__sonnet4__rep1.json	PILOT-2020000402	G	1	9	3214	3581	415	454	0.9141	
PILOT-2020000402__G__sonnet4__rep2.json	PILOT-2020000402	G	2	9	3214	3421	486	454	1.0705	
PILOT-2020000402__baseline__gpt4o-mini__rep0.json	PILOT-2020000402	baseline	0	9	3214	2510	950	454	2.0925	
PILOT-2020000402__baseline__gpt4o-mini__rep1.json	PILOT-2020000402	baseline	1	9	3214	3378	200	454	0.4405	
PILOT-2020000402__baseline__gpt4o-mini__rep2.json	PILOT-2020000402	baseline	2	9	3214	2564	955	454	2.1035	
PILOT-2020000402__baseline__gpt5.4__rep0.json	PILOT-2020000402	baseline	0	9	3214	3414	248	454	0.5463	
PILOT-2020000402__baseline__gpt5.4__rep1.json	PILOT-2020000402	baseline	1	9	3214	3650	517	454	1.1388	
PILOT-2020000402__baseline__gpt5.4__rep2.json	PILOT-2020000402	baseline	2	9	3214	3433	294	454	0.6476	
PILOT-2020000402__baseline__haiku4.5__rep0.json	PILOT-2020000402	baseline	0	9	3214	3777	792	454	1.7445	
PILOT-2020000402__baseline__haiku4.5__rep1.json	PILOT-2020000402	baseline	1	9	3214	3074	782	454	1.7225	
PILOT-2020000402__baseline__haiku4.5__rep2.json	PILOT-2020000402	baseline	2	9	3214	2592	855	454	1.8833	
PILOT-2020000402__baseline__sonnet4__rep0.json	PILOT-2020000402	baseline	0	9	3214	3060	180	454	0.3965	
PILOT-2020000402__baseline__sonnet4__rep1.json	PILOT-2020000402	baseline	1	9	3214	3452	529	454	1.1652	
PILOT-2020000402__baseline__sonnet4__rep2.json	PILOT-2020000402	baseline	2	9	3214	3082	190	454	0.4185	
PILOT-2020000676__A__gpt4o-mini__rep0.json	PILOT-2020000676	A	0	5	11143	3622	7581	1431	5.2977	
PILOT-2020000676__A__gpt4o-mini__rep1.json	PILOT-2020000676	A	1	20	11143	10883	801	1431	0.5597	
PILOT-2020000676__A__gpt4o-mini__rep2.json	PILOT-2020000676	A	2	20	11143	10560	957	1431	0.6688	
PILOT-2020000676__A__gpt5.4__rep0.json	PILOT-2020000676	A	0	20	11143	10911	237	1431	0.1656	
PILOT-2020000676__A__gpt5.4__rep1.json	PILOT-2020000676	A	1	20	11143	11762	890	1431	0.6219	
PILOT-2020000676__A__gpt5.4__rep2.json	PILOT-2020000676	A	2	20	11143	11182	310	1431	0.2166	
PILOT-2020000676__A__haiku4.5__rep0.json	PILOT-2020000676	A	0	20	11143	10621	1271	1431	0.8882	
PILOT-2020000676__A__haiku4.5__rep1.json	PILOT-2020000676	A	1	20	11143	13782	3300	1431	2.3061	
PILOT-2020000676__A__haiku4.5__rep2.json	PILOT-2020000676	A	2	20	11143	10883	1525	1431	1.0657	
PILOT-2020000676__A__sonnet4__rep0.json	PILOT-2020000676	A	0	20	11143	11029	157	1431	0.1097	
PILOT-2020000676__A__sonnet4__rep1.json	PILOT-2020000676	A	1	20	11143	11029	157	1431	0.1097	
PILOT-2020000676__A__sonnet4__rep2.json	PILOT-2020000676	A	2	20	11143	11029	163	1431	0.1139	
PILOT-2020000676__B__gpt4o-mini__rep0.json	PILOT-2020000676	B	0	20	11143	11511	453	1431	0.3166	
PILOT-2020000676__B__gpt4o-mini__rep1.json	PILOT-2020000676	B	1	20	11143	11277	216	1431	0.1509	
PILOT-2020000676__B__gpt4o-mini__rep2.json	PILOT-2020000676	B	2	20	11143	11513	455	1431	0.318	
PILOT-2020000676__B__gpt5.4__rep0.json	PILOT-2020000676	B	0	20	11143	11852	791	1431	0.5528	
PILOT-2020000676__B__gpt5.4__rep1.json	PILOT-2020000676	B	1	20	11143	11933	872	1431	0.6094	
PILOT-2020000676__B__gpt5.4__rep2.json	PILOT-2020000676	B	2	20	11143	11871	810	1431	0.566	
PILOT-2020000676__B__haiku4.5__rep0.json	PILOT-2020000676	B	0	20	11143	13288	2192	1431	1.5318	
PILOT-2020000676__B__haiku4.5__rep1.json	PILOT-2020000676	B	1	20	11143	13153	2057	1431	1.4375	
PILOT-2020000676__B__haiku4.5__rep2.json	PILOT-2020000676	B	2	20	11143	12423	2521	1431	1.7617	
PILOT-2020000676__B__sonnet4__rep0.json	PILOT-2020000676	B	0	20	11143	11610	549	1431	0.3836	
PILOT-2020000676__B__sonnet4__rep1.json	PILOT-2020000676	B	1	20	11143	10592	1501	1431	1.0489	
PILOT-2020000676__B__sonnet4__rep2.json	PILOT-2020000676	B	2	20	11143	10991	188	1431	0.1314	
PILOT-2020000676__C__gpt4o-mini__rep0.json	PILOT-2020000676	C	0	11	11143	8301	3439	1431	2.4032	
PILOT-2020000676__C__gpt4o-mini__rep1.json	PILOT-2020000676	C	1	4	11143	2840	8370	1431	5.8491	
PILOT-2020000676__C__gpt4o-mini__rep2.json	PILOT-2020000676	C	2	20	11143	11438	377	1431	0.2635	
PILOT-2020000676__C__gpt5.4__rep0.json	PILOT-2020000676	C	0	20	11143	11961	844	1431	0.5898	
PILOT-2020000676__C__gpt5.4__rep1.json	PILOT-2020000676	C	1	20	11143	11947	858	1431	0.5996	
PILOT-2020000676__C__gpt5.4__rep2.json	PILOT-2020000676	C	2	20	11143	10873	1448	1431	1.0119	
PILOT-2020000676__C__haiku4.5__rep0.json	PILOT-2020000676	C	0	20	11143	13447	2352	1431	1.6436	
PILOT-2020000676__C__haiku4.5__rep1.json	PILOT-2020000676	C	1	20	11143	13369	2318	1431	1.6198	
PILOT-2020000676__C__haiku4.5__rep2.json	PILOT-2020000676	C	2	20	11143	14116	3020	1431	2.1104	
PILOT-2020000676__C__sonnet4__rep0.json	PILOT-2020000676	C	0	20	11143	10793	1476	1431	1.0314	
PILOT-2020000676__C__sonnet4__rep1.json	PILOT-2020000676	C	1	20	11143	11901	840	1431	0.587	
PILOT-2020000676__C__sonnet4__rep2.json	PILOT-2020000676	C	2	20	11143	10987	188	1431	0.1314	
PILOT-2020000676__D__gpt4o-mini__rep0.json	PILOT-2020000676	D	0	10	11143	6141	5268	1431	3.6813	
PILOT-2020000676__D__gpt4o-mini__rep1.json	PILOT-2020000676	D	1	20	11143	11135	86	1431	0.0601	
PILOT-2020000676__D__gpt4o-mini__rep2.json	PILOT-2020000676	D	2	20	11143	11524	463	1431	0.3235	
PILOT-2020000676__D__gpt5.4__rep0.json	PILOT-2020000676	D	0	20	11143	11947	858	1431	0.5996	
PILOT-2020000676__D__gpt5.4__rep1.json	PILOT-2020000676	D	1	20	11143	13101	1982	1431	1.385	
PILOT-2020000676__D__gpt5.4__rep2.json	PILOT-2020000676	D	2	20	11143	11933	872	1431	0.6094	
PILOT-2020000676__D__haiku4.5__rep0.json	PILOT-2020000676	D	0	20	11143	12466	1379	1431	0.9637	
PILOT-2020000676__D__haiku4.5__rep1.json	PILOT-2020000676	D	1	20	11143	13096	2025	1431	1.4151	
PILOT-2020000676__D__haiku4.5__rep2.json	PILOT-2020000676	D	2	20	11143	14579	3478	1431	2.4305	
PILOT-2020000676__D__sonnet4__rep0.json	PILOT-2020000676	D	0	20	11143	11679	618	1431	0.4319	
PILOT-2020000676__D__sonnet4__rep1.json	PILOT-2020000676	D	1	20	11143	11727	666	1431	0.4654	
PILOT-2020000676__D__sonnet4__rep2.json	PILOT-2020000676	D	2	20	11143	11574	513	1431	0.3585	
PILOT-2020000676__E__gpt4o-mini__rep0.json	PILOT-2020000676	E	0	20	11143	11429	368	1431	0.2572	
PILOT-2020000676__E__gpt4o-mini__rep1.json	PILOT-2020000676	E	1	4	11143	3104	8053	1431	5.6275	
PILOT-2020000676__E__gpt4o-mini__rep2.json	PILOT-2020000676	E	2	4	11143	2987	8164	1431	5.7051	
PILOT-2020000676__E__gpt5.4__rep0.json	PILOT-2020000676	E	0	20	11143	11947	858	1431	0.5996	
PILOT-2020000676__E__gpt5.4__rep1.json	PILOT-2020000676	E	1	20	11143	11933	872	1431	0.6094	
PILOT-2020000676__E__gpt5.4__rep2.json	PILOT-2020000676	E	2	20	11143	11933	872	1431	0.6094	
PILOT-2020000676__E__haiku4.5__rep0.json	PILOT-2020000676	E	0	20	11143	12087	1000	1431	0.6988	
PILOT-2020000676__E__haiku4.5__rep1.json	PILOT-2020000676	E	1	20	11143	5251	6090	1431	4.2558	
PILOT-2020000676__E__haiku4.5__rep2.json	PILOT-2020000676	E	2	20	11143	11598	512	1431	0.3578	
PILOT-2020000676__E__sonnet4__rep0.json	PILOT-2020000676	E	0	20	11143	11631	570	1431	0.3983	
PILOT-2020000676__E__sonnet4__rep1.json	PILOT-2020000676	E	1	20	11143	11613	552	1431	0.3857	
PILOT-2020000676__E__sonnet4__rep2.json	PILOT-2020000676	E	2	20	11143	11613	552	1431	0.3857	
PILOT-2020000676__F__gpt4o-mini__rep0.json	PILOT-2020000676	F	0	4	11143	3782	7367	1431	5.1481	
PILOT-2020000676__F__gpt4o-mini__rep1.json	PILOT-2020000676	F	1	20	11143	11214	153	1431	0.1069	
PILOT-2020000676__F__gpt4o-mini__rep2.json	PILOT-2020000676	F	2	11	11143	8012	3918	1431	2.7379	
PILOT-2020000676__F__gpt5.4__rep0.json	PILOT-2020000676	F	0	20	11143	11933	872	1431	0.6094	
PILOT-2020000676__F__gpt5.4__rep1.json	PILOT-2020000676	F	1	20	11143	11947	858	1431	0.5996	
PILOT-2020000676__F__gpt5.4__rep2.json	PILOT-2020000676	F	2	20	11143	10968	1424	1431	0.9951	
PILOT-2020000676__F__haiku4.5__rep0.json	PILOT-2020000676	F	0	20	11143	14151	3050	1431	2.1314	
PILOT-2020000676__F__haiku4.5__rep1.json	PILOT-2020000676	F	1	20	11143	13463	2366	1431	1.6534	
PILOT-2020000676__F__haiku4.5__rep2.json	PILOT-2020000676	F	2	20	11143	12250	1189	1431	0.8309	
PILOT-2020000676__F__sonnet4__rep0.json	PILOT-2020000676	F	0	20	11143	11626	565	1431	0.3948	
PILOT-2020000676__F__sonnet4__rep1.json	PILOT-2020000676	F	1	20	11143	11829	768	1431	0.5367	
PILOT-2020000676__F__sonnet4__rep2.json	PILOT-2020000676	F	2	20	11143	11566	505	1431	0.3529	
PILOT-2020000676__G__gpt4o-mini__rep0.json	PILOT-2020000676	G	0	4	11143	2761	8385	1431	5.8595	
PILOT-2020000676__G__gpt4o-mini__rep1.json	PILOT-2020000676	G	1	20	11143	11177	128	1431	0.0894	
PILOT-2020000676__G__gpt4o-mini__rep2.json	PILOT-2020000676	G	2	20	11143	11129	92	1431	0.0643	
PILOT-2020000676__G__gpt5.4__rep0.json	PILOT-2020000676	G	0	20	11143	11933	872	1431	0.6094	
PILOT-2020000676__G__gpt5.4__rep1.json	PILOT-2020000676	G	1	20	11143	11952	891	1431	0.6226	
PILOT-2020000676__G__gpt5.4__rep2.json	PILOT-2020000676	G	2	20	11143	10955	1438	1431	1.0049	
PILOT-2020000676__G__haiku4.5__rep0.json	PILOT-2020000676	G	0	20	11143	12000	914	1431	0.6387	
PILOT-2020000676__G__haiku4.5__rep1.json	PILOT-2020000676	G	1	20	11143	12866	1779	1431	1.2432	
PILOT-2020000676__G__haiku4.5__rep2.json	PILOT-2020000676	G	2	20	11143	12498	1411	1431	0.986	
PILOT-2020000676__G__sonnet4__rep0.json	PILOT-2020000676	G	0	20	11143	11610	549	1431	0.3836	
PILOT-2020000676__G__sonnet4__rep1.json	PILOT-2020000676	G	1	20	11143	11472	411	1431	0.2872	
PILOT-2020000676__G__sonnet4__rep2.json	PILOT-2020000676	G	2	20	11143	11727	666	1431	0.4654	
PILOT-2020000676__baseline__gpt4o-mini__rep0.json	PILOT-2020000676	baseline	0	20	11143	11263	924	1431	0.6457	
PILOT-2020000676__baseline__gpt4o-mini__rep1.json	PILOT-2020000676	baseline	1	7	11143	5432	6053	1431	4.2299	
PILOT-2020000676__baseline__gpt4o-mini__rep2.json	PILOT-2020000676	baseline	2	20	11143	11557	496	1431	0.3466	
PILOT-2020000676__baseline__gpt5.4__rep0.json	PILOT-2020000676	baseline	0	20	11143	11961	844	1431	0.5898	
PILOT-2020000676__baseline__gpt5.4__rep1.json	PILOT-2020000676	baseline	1	20	11143	11947	858	1431	0.5996	
PILOT-2020000676__baseline__gpt5.4__rep2.json	PILOT-2020000676	baseline	2	20	11143	10954	1411	1431	0.986	
PILOT-2020000676__baseline__haiku4.5__rep0.json	PILOT-2020000676	baseline	0	20	11143	13310	2214	1431	1.5472	
PILOT-2020000676__baseline__haiku4.5__rep1.json	PILOT-2020000676	baseline	1	20	11143	14954	3901	1431	2.7261	
PILOT-2020000676__baseline__haiku4.5__rep2.json	PILOT-2020000676	baseline	2	20	11143	5019	6668	1431	4.6597	
PILOT-2020000676__baseline__sonnet4__rep0.json	PILOT-2020000676	baseline	0	20	11143	10971	1449	1431	1.0126	
PILOT-2020000676__baseline__sonnet4__rep1.json	PILOT-2020000676	baseline	1	20	11143	10971	1449	1431	1.0126	
PILOT-2020000676__baseline__sonnet4__rep2.json	PILOT-2020000676	baseline	2	20	11143	10971	1449	1431	1.0126	
PILOT-2020001769__A__gpt4o-mini__rep0.json	PILOT-2020001769	A	0	4	4930	1557	3505	1929	1.817	
PILOT-2020001769__A__gpt4o-mini__rep1.json	PILOT-2020001769	A	1	4	4930	1553	3527	1929	1.8284	
PILOT-2020001769__A__gpt4o-mini__rep2.json	PILOT-2020001769	A	2	4	4930	1553	3527	1929	1.8284	
PILOT-2020001769__A__gpt5.4__rep0.json	PILOT-2020001769	A	0	21	4930	3989	1261	1929	0.6537	
PILOT-2020001769__A__gpt5.4__rep1.json	PILOT-2020001769	A	1	21	4930	4413	907	1929	0.4702	
PILOT-2020001769__A__gpt5.4__rep2.json	PILOT-2020001769	A	2	21	4930	4020	1142	1929	0.592	
PILOT-2020001769__A__haiku4.5__rep0.json	PILOT-2020001769	A	0	21	4930	4680	1536	1929	0.7963	
PILOT-2020001769__A__haiku4.5__rep1.json	PILOT-2020001769	A	1	21	4930	763	4193	1929	2.1737	
PILOT-2020001769__A__haiku4.5__rep2.json	PILOT-2020001769	A	2	21	4930	3922	1093	1929	0.5666	
PILOT-2020001769__A__sonnet4__rep0.json	PILOT-2020001769	A	0	21	4930	4085	887	1929	0.4598	
PILOT-2020001769__A__sonnet4__rep1.json	PILOT-2020001769	A	1	21	4930	4085	887	1929	0.4598	
PILOT-2020001769__A__sonnet4__rep2.json	PILOT-2020001769	A	2	21	4930	4085	887	1929	0.4598	
PILOT-2020001769__B__gpt4o-mini__rep0.json	PILOT-2020001769	B	0	4	4930	1872	3411	1929	1.7683	
PILOT-2020001769__B__gpt4o-mini__rep1.json	PILOT-2020001769	B	1	4	4930	1872	3411	1929	1.7683	
PILOT-2020001769__B__gpt4o-mini__rep2.json	PILOT-2020001769	B	2	4	4930	1206	3729	1929	1.9331	
PILOT-2020001769__B__gpt5.4__rep0.json	PILOT-2020001769	B	0	21	4930	4532	901	1929	0.4671	
PILOT-2020001769__B__gpt5.4__rep1.json	PILOT-2020001769	B	1	21	4930	4347	826	1929	0.4282	
PILOT-2020001769__B__gpt5.4__rep2.json	PILOT-2020001769	B	2	21	4930	4767	1084	1929	0.5619	
PILOT-2020001769__B__haiku4.5__rep0.json	PILOT-2020001769	B	0	21	4930	3177	2469	1929	1.2799	
PILOT-2020001769__B__haiku4.5__rep1.json	PILOT-2020001769	B	1	21	4930	3796	2422	1929	1.2556	
PILOT-2020001769__B__haiku4.5__rep2.json	PILOT-2020001769	B	2	21	4930	3204	2698	1929	1.3987	
PILOT-2020001769__B__sonnet4__rep0.json	PILOT-2020001769	B	0	21	4930	4304	672	1929	0.3484	
PILOT-2020001769__B__sonnet4__rep1.json	PILOT-2020001769	B	1	21	4930	4304	672	1929	0.3484	
PILOT-2020001769__B__sonnet4__rep2.json	PILOT-2020001769	B	2	21	4930	4304	672	1929	0.3484	
PILOT-2020001769__C__gpt4o-mini__rep0.json	PILOT-2020001769	C	0	4	4930	1602	3497	1929	1.8129	
PILOT-2020001769__C__gpt4o-mini__rep1.json	PILOT-2020001769	C	1	4	4930	1602	3497	1929	1.8129	
PILOT-2020001769__C__gpt4o-mini__rep2.json	PILOT-2020001769	C	2	4	4930	1650	3477	1929	1.8025	
PILOT-2020001769__C__gpt5.4__rep0.json	PILOT-2020001769	C	0	21	4930	4322	693	1929	0.3593	
PILOT-2020001769__C__gpt5.4__rep1.json	PILOT-2020001769	C	1	21	4930	4306	743	1929	0.3852	
PILOT-2020001769__C__gpt5.4__rep2.json	PILOT-2020001769	C	2	21	4930	4305	825	1929	0.4277	
PILOT-2020001769__C__haiku4.5__rep0.json	PILOT-2020001769	C	0	21	4930	4497	1639	1929	0.8497	
PILOT-2020001769__C__haiku4.5__rep1.json	PILOT-2020001769	C	1	21	4930	2477	2963	1929	1.536	
PILOT-2020001769__C__haiku4.5__rep2.json	PILOT-2020001769	C	2	21	4930	3677	1442	1929	0.7475	
PILOT-2020001769__C__sonnet4__rep0.json	PILOT-2020001769	C	0	21	4930	4366	846	1929	0.4386	
PILOT-2020001769__C__sonnet4__rep1.json	PILOT-2020001769	C	1	21	4930	4373	852	1929	0.4417	
PILOT-2020001769__C__sonnet4__rep2.json	PILOT-2020001769	C	2	21	4930	4339	698	1929	0.3618	
PILOT-2020001769__D__gpt4o-mini__rep0.json	PILOT-2020001769	D	0	4	4930	1520	3540	1929	1.8351	
PILOT-2020001769__D__gpt4o-mini__rep1.json	PILOT-2020001769	D	1	4	4930	1596	3500	1929	1.8144	
PILOT-2020001769__D__gpt4o-mini__rep2.json	PILOT-2020001769	D	2	4	4930	1514	3503	1929	1.816	
PILOT-2020001769__D__gpt5.4__rep0.json	PILOT-2020001769	D	0	21	4930	4858	1033	1929	0.5355	
PILOT-2020001769__D__gpt5.4__rep1.json	PILOT-2020001769	D	1	21	4930	4350	759	1929	0.3935	
PILOT-2020001769__D__gpt5.4__rep2.json	PILOT-2020001769	D	2	21	4930	4356	720	1929	0.3733	
PILOT-2020001769__D__haiku4.5__rep0.json	PILOT-2020001769	D	0	21	4930	1146	3818	1929	1.9793	
PILOT-2020001769__D__haiku4.5__rep1.json	PILOT-2020001769	D	1	21	4930	4288	872	1929	0.452	
PILOT-2020001769__D__haiku4.5__rep2.json	PILOT-2020001769	D	2	21	4930	3488	2453	1929	1.2716	
PILOT-2020001769__D__sonnet4__rep0.json	PILOT-2020001769	D	0	21	4930	4349	823	1929	0.4266	
PILOT-2020001769__D__sonnet4__rep1.json	PILOT-2020001769	D	1	21	4930	4298	663	1929	0.3437	
PILOT-2020001769__D__sonnet4__rep2.json	PILOT-2020001769	D	2	21	4930	4305	666	1929	0.3453	
PILOT-2020001769__E__gpt4o-mini__rep0.json	PILOT-2020001769	E	0	4	4930	1578	3505	1929	1.817	
PILOT-2020001769__E__gpt4o-mini__rep1.json	PILOT-2020001769	E	1	4	4930	1207	3738	1929	1.9378	
PILOT-2020001769__E__gpt4o-mini__rep2.json	PILOT-2020001769	E	2	4	4930	1470	3569	1929	1.8502	
PILOT-2020001769__E__gpt5.4__rep0.json	PILOT-2020001769	E	0	21	4930	4351	709	1929	0.3675	
PILOT-2020001769__E__gpt5.4__rep1.json	PILOT-2020001769	E	1	21	4930	4290	649	1929	0.3364	
PILOT-2020001769__E__gpt5.4__rep2.json	PILOT-2020001769	E	2	21	4930	4643	296	1929	0.1534	
PILOT-2020001769__E__haiku4.5__rep0.json	PILOT-2020001769	E	0	21	4930	3795	2407	1929	1.2478	
PILOT-2020001769__E__haiku4.5__rep1.json	PILOT-2020001769	E	1	21	4930	2267	2706	1929	1.4028	
PILOT-2020001769__E__haiku4.5__rep2.json	PILOT-2020001769	E	2	21	4930	1933	3083	1929	1.5982	
PILOT-2020001769__E__sonnet4__rep0.json	PILOT-2020001769	E	0	21	4930	4287	649	1929	0.3364	
PILOT-2020001769__E__sonnet4__rep1.json	PILOT-2020001769	E	1	21	4930	4304	672	1929	0.3484	
PILOT-2020001769__E__sonnet4__rep2.json	PILOT-2020001769	E	2	21	4930	4287	649	1929	0.3364	
PILOT-2020001769__F__gpt4o-mini__rep0.json	PILOT-2020001769	F	0	4	4930	1869	3410	1929	1.7678	
PILOT-2020001769__F__gpt4o-mini__rep1.json	PILOT-2020001769	F	1	4	4930	1515	3544	1929	1.8372	
PILOT-2020001769__F__gpt4o-mini__rep2.json	PILOT-2020001769	F	2	4	4930	1341	3650	1929	1.8922	
PILOT-2020001769__F__gpt5.4__rep0.json	PILOT-2020001769	F	0	21	4930	4563	945	1929	0.4899	
PILOT-2020001769__F__gpt5.4__rep1.json	PILOT-2020001769	F	1	21	4930	4392	754	1929	0.3909	
PILOT-2020001769__F__gpt5.4__rep2.json	PILOT-2020001769	F	2	21	4930	4744	1107	1929	0.5739	
PILOT-2020001769__F__haiku4.5__rep0.json	PILOT-2020001769	F	0	21	4930	2757	2758	1929	1.4298	
PILOT-2020001769__F__haiku4.5__rep1.json	PILOT-2020001769	F	1	21	4930	4259	984	1929	0.5101	
PILOT-2020001769__F__haiku4.5__rep2.json	PILOT-2020001769	F	2	21	4930	3242	2497	1929	1.2945	
PILOT-2020001769__F__sonnet4__rep0.json	PILOT-2020001769	F	0	21	4930	4418	874	1929	0.4531	
PILOT-2020001769__F__sonnet4__rep1.json	PILOT-2020001769	F	1	21	4930	4304	672	1929	0.3484	
PILOT-2020001769__F__sonnet4__rep2.json	PILOT-2020001769	F	2	21	4930	4249	782	1929	0.4054	
PILOT-2020001769__G__gpt4o-mini__rep0.json	PILOT-2020001769	G	0	4	4930	1515	3544	1929	1.8372	
PILOT-2020001769__G__gpt4o-mini__rep1.json	PILOT-2020001769	G	1	4	4930	1521	3546	1929	1.8383	
PILOT-2020001769__G__gpt4o-mini__rep2.json	PILOT-2020001769	G	2	4	4930	1470	3569	1929	1.8502	
PILOT-2020001769__G__gpt5.4__rep0.json	PILOT-2020001769	G	0	21	4930	4698	1067	1929	0.5531	
PILOT-2020001769__G__gpt5.4__rep1.json	PILOT-2020001769	G	1	21	4930	4823	1191	1929	0.6174	
PILOT-2020001769__G__gpt5.4__rep2.json	PILOT-2020001769	G	2	21	4930	4252	1458	1929	0.7558	
PILOT-2020001769__G__haiku4.5__rep0.json	PILOT-2020001769	G	0	21	4930	2895	2616	1929	1.3561	
PILOT-2020001769__G__haiku4.5__rep1.json	PILOT-2020001769	G	1	21	4930	2999	2610	1929	1.353	
PILOT-2020001769__G__haiku4.5__rep2.json	PILOT-2020001769	G	2	21	4930	2895	2616	1929	1.3561	
PILOT-2020001769__G__sonnet4__rep0.json	PILOT-2020001769	G	0	21	4930	4316	681	1929	0.353	
PILOT-2020001769__G__sonnet4__rep1.json	PILOT-2020001769	G	1	21	4930	4316	681	1929	0.353	
PILOT-2020001769__G__sonnet4__rep2.json	PILOT-2020001769	G	2	21	4930	4316	681	1929	0.353	
PILOT-2020001769__baseline__gpt4o-mini__rep0.json	PILOT-2020001769	baseline	0	4	4930	1470	3561	1929	1.846	
PILOT-2020001769__baseline__gpt4o-mini__rep1.json	PILOT-2020001769	baseline	1	4	4930	1856	3414	1929	1.7698	
PILOT-2020001769__baseline__gpt4o-mini__rep2.json	PILOT-2020001769	baseline	2	4	4930	1515	3544	1929	1.8372	
PILOT-2020001769__baseline__gpt5.4__rep0.json	PILOT-2020001769	baseline	0	21	4930	4445	804	1929	0.4168	
PILOT-2020001769__baseline__gpt5.4__rep1.json	PILOT-2020001769	baseline	1	21	4930	4321	1069	1929	0.5542	
PILOT-2020001769__baseline__gpt5.4__rep2.json	PILOT-2020001769	baseline	2	21	4930	4380	771	1929	0.3997	
PILOT-2020001769__baseline__haiku4.5__rep0.json	PILOT-2020001769	baseline	0	21	4930	5090	1499	1929	0.7771	
PILOT-2020001769__baseline__haiku4.5__rep1.json	PILOT-2020001769	baseline	1	21	4930	2907	2686	1929	1.3924	
PILOT-2020001769__baseline__haiku4.5__rep2.json	PILOT-2020001769	baseline	2	21	4930	2854	2791	1929	1.4469	
PILOT-2020001769__baseline__sonnet4__rep0.json	PILOT-2020001769	baseline	0	21	4930	4299	675	1929	0.3499	
PILOT-2020001769__baseline__sonnet4__rep1.json	PILOT-2020001769	baseline	1	21	4930	4299	675	1929	0.3499	
PILOT-2020001769__baseline__sonnet4__rep2.json	PILOT-2020001769	baseline	2	21	4930	4299	675	1929	0.3499	
PILOT-2020002332__A__gpt4o-mini__rep0.json	PILOT-2020002332	A	0	2	6503	1572	4938	2358	2.0941	
PILOT-2020002332__A__gpt4o-mini__rep1.json	PILOT-2020002332	A	1	2	6503	1403	5101	2358	2.1633	
PILOT-2020002332__A__gpt4o-mini__rep2.json	PILOT-2020002332	A	2	2	6503	1529	4975	2358	2.1098	
PILOT-2020002332__A__gpt5.4__rep0.json	PILOT-2020002332	A	0	13	6503	4435	3532	2358	1.4979	
PILOT-2020002332__A__gpt5.4__rep1.json	PILOT-2020002332	A	1	13	6503	4272	3331	2358	1.4126	
PILOT-2020002332__A__gpt5.4__rep2.json	PILOT-2020002332	A	2	13	6503	3562	3488	2358	1.4792	
PILOT-2020002332__A__haiku4.5__rep0.json	PILOT-2020002332	A	0	25	6503	3890	3025	2358	1.2829	
PILOT-2020002332__A__haiku4.5__rep1.json	PILOT-2020002332	A	1	25	6503	4713	2631	2358	1.1158	
PILOT-2020002332__A__haiku4.5__rep2.json	PILOT-2020002332	A	2	25	6503	7107	1175	2358	0.4983	
PILOT-2020002332__A__sonnet4__rep0.json	PILOT-2020002332	A	0	25	6503	7360	1244	2358	0.5276	
PILOT-2020002332__A__sonnet4__rep1.json	PILOT-2020002332	A	1	25	6503	6834	719	2358	0.3049	
PILOT-2020002332__A__sonnet4__rep2.json	PILOT-2020002332	A	2	25	6503	7073	945	2358	0.4008	
PILOT-2020002332__B__gpt4o-mini__rep0.json	PILOT-2020002332	B	0	5	6503	2436	4287	2358	1.8181	
PILOT-2020002332__B__gpt4o-mini__rep1.json	PILOT-2020002332	B	1	8	6503	3271	3875	2358	1.6433	
PILOT-2020002332__B__gpt4o-mini__rep2.json	PILOT-2020002332	B	2	4	6503	2078	4591	2358	1.947	
PILOT-2020002332__B__gpt5.4__rep0.json	PILOT-2020002332	B	0	25	6503	8285	2095	2358	0.8885	
PILOT-2020002332__B__gpt5.4__rep1.json	PILOT-2020002332	B	1	25	6503	7469	1286	2358	0.5454	
PILOT-2020002332__B__gpt5.4__rep2.json	PILOT-2020002332	B	2	25	6503	7206	1277	2358	0.5416	
PILOT-2020002332__B__haiku4.5__rep0.json	PILOT-2020002332	B	0	25	6503	7295	1085	2358	0.4601	
PILOT-2020002332__B__haiku4.5__rep1.json	PILOT-2020002332	B	1	25	6503	6910	805	2358	0.3414	
PILOT-2020002332__B__haiku4.5__rep2.json	PILOT-2020002332	B	2	25	6503	5377	2597	2358	1.1014	
PILOT-2020002332__B__sonnet4__rep0.json	PILOT-2020002332	B	0	25	6503	6970	813	2358	0.3448	
PILOT-2020002332__B__sonnet4__rep1.json	PILOT-2020002332	B	1	25	6503	7005	825	2358	0.3499	
PILOT-2020002332__B__sonnet4__rep2.json	PILOT-2020002332	B	2	25	6503	7333	1172	2358	0.497	
PILOT-2020002332__C__gpt4o-mini__rep0.json	PILOT-2020002332	C	0	9	6503	3032	3742	2358	1.5869	
PILOT-2020002332__C__gpt4o-mini__rep1.json	PILOT-2020002332	C	1	2	6503	1734	4773	2358	2.0242	
PILOT-2020002332__C__gpt4o-mini__rep2.json	PILOT-2020002332	C	2	12	6503	3597	3045	2358	1.2913	
PILOT-2020002332__C__gpt5.4__rep0.json	PILOT-2020002332	C	0	25	6503	8314	2129	2358	0.9029	
PILOT-2020002332__C__gpt5.4__rep1.json	PILOT-2020002332	C	1	25	6503	7516	1333	2358	0.5653	
PILOT-2020002332__C__gpt5.4__rep2.json	PILOT-2020002332	C	2	25	6503	7575	1392	2358	0.5903	
PILOT-2020002332__C__haiku4.5__rep0.json	PILOT-2020002332	C	0	25	6503	6839	734	2358	0.3113	
PILOT-2020002332__C__haiku4.5__rep1.json	PILOT-2020002332	C	1	25	6503	5951	1281	2358	0.5433	
PILOT-2020002332__C__haiku4.5__rep2.json	PILOT-2020002332	C	2	25	6503	5974	1284	2358	0.5445	
PILOT-2020002332__C__sonnet4__rep0.json	PILOT-2020002332	C	0	25	6503	6937	756	2358	0.3206	
PILOT-2020002332__C__sonnet4__rep1.json	PILOT-2020002332	C	1	25	6503	6897	718	2358	0.3045	
PILOT-2020002332__C__sonnet4__rep2.json	PILOT-2020002332	C	2	25	6503	6883	726	2358	0.3079	
PILOT-2020002332__D__gpt4o-mini__rep0.json	PILOT-2020002332	D	0	1	6503	796	5748	2358	2.4377	
PILOT-2020002332__D__gpt4o-mini__rep1.json	PILOT-2020002332	D	1	1	6503	806	5740	2358	2.4343	
PILOT-2020002332__D__gpt4o-mini__rep2.json	PILOT-2020002332	D	2	2	6503	1788	4849	2358	2.0564	
PILOT-2020002332__D__gpt5.4__rep0.json	PILOT-2020002332	D	0	25	6503	7867	1682	2358	0.7133	
PILOT-2020002332__D__gpt5.4__rep1.json	PILOT-2020002332	D	1	25	6503	7528	1337	2358	0.567	
PILOT-2020002332__D__gpt5.4__rep2.json	PILOT-2020002332	D	2	25	6503	7535	1353	2358	0.5738	
PILOT-2020002332__D__haiku4.5__rep0.json	PILOT-2020002332	D	0	25	6503	4036	3058	2358	1.2969	
PILOT-2020002332__D__haiku4.5__rep1.json	PILOT-2020002332	D	1	25	6503	7202	1093	2358	0.4635	
PILOT-2020002332__D__haiku4.5__rep2.json	PILOT-2020002332	D	2	25	6503	3846	3049	2358	1.293	
PILOT-2020002332__D__sonnet4__rep0.json	PILOT-2020002332	D	0	25	6503	7074	882	2358	0.374	
PILOT-2020002332__D__sonnet4__rep1.json	PILOT-2020002332	D	1	25	6503	6937	756	2358	0.3206	
PILOT-2020002332__D__sonnet4__rep2.json	PILOT-2020002332	D	2	25	6503	6936	777	2358	0.3295	
PILOT-2020002332__E__gpt4o-mini__rep0.json	PILOT-2020002332	E	0	2	6503	1738	4773	2358	2.0242	
PILOT-2020002332__E__gpt4o-mini__rep1.json	PILOT-2020002332	E	1	1	6503	806	5740	2358	2.4343	
PILOT-2020002332__E__gpt4o-mini__rep2.json	PILOT-2020002332	E	2	4	6503	1042	5499	2358	2.3321	
PILOT-2020002332__E__gpt5.4__rep0.json	PILOT-2020002332	E	0	1	6503	786	5731	2358	2.4304	
PILOT-2020002332__E__gpt5.4__rep1.json	PILOT-2020002332	E	1	1	6503	794	5725	2358	2.4279	
PILOT-2020002332__E__gpt5.4__rep2.json	PILOT-2020002332	E	2	1	6503	786	5731	2358	2.4304	
PILOT-2020002332__E__haiku4.5__rep0.json	PILOT-2020002332	E	0	25	6503	7122	1035	2358	0.4389	
PILOT-2020002332__E__haiku4.5__rep1.json	PILOT-2020002332	E	1	25	6503	7562	1433	2358	0.6077	
PILOT-2020002332__E__haiku4.5__rep2.json	PILOT-2020002332	E	2	25	6503	7079	972	2358	0.4122	
PILOT-2020002332__E__sonnet4__rep0.json	PILOT-2020002332	E	0	25	6503	6894	715	2358	0.3032	
PILOT-2020002332__E__sonnet4__rep1.json	PILOT-2020002332	E	1	25	6503	6978	976	2358	0.4139	
PILOT-2020002332__E__sonnet4__rep2.json	PILOT-2020002332	E	2	25	6503	6893	736	2358	0.3121	
PILOT-2020002332__F__gpt4o-mini__rep0.json	PILOT-2020002332	F	0	1	6503	745	5766	2358	2.4453	
PILOT-2020002332__F__gpt4o-mini__rep1.json	PILOT-2020002332	F	1	25	6503	6346	237	2358	0.1005	
PILOT-2020002332__F__gpt4o-mini__rep2.json	PILOT-2020002332	F	2	1	6503	745	5766	2358	2.4453	
PILOT-2020002332__F__gpt5.4__rep0.json	PILOT-2020002332	F	0	1	6503	786	5731	2358	2.4304	
PILOT-2020002332__F__gpt5.4__rep1.json	PILOT-2020002332	F	1	1	6503	786	5731	2358	2.4304	
PILOT-2020002332__F__gpt5.4__rep2.json	PILOT-2020002332	F	2	1	6503	786	5731	2358	2.4304	
PILOT-2020002332__F__haiku4.5__rep0.json	PILOT-2020002332	F	0	25	6503	6993	836	2358	0.3545	
PILOT-2020002332__F__haiku4.5__rep1.json	PILOT-2020002332	F	1	25	6503	7129	990	2358	0.4198	
PILOT-2020002332__F__haiku4.5__rep2.json	PILOT-2020002332	F	2	25	6503	6863	725	2358	0.3075	
PILOT-2020002332__F__sonnet4__rep0.json	PILOT-2020002332	F	0	25	6503	6894	715	2358	0.3032	
PILOT-2020002332__F__sonnet4__rep1.json	PILOT-2020002332	F	1	25	6503	6894	715	2358	0.3032	
PILOT-2020002332__F__sonnet4__rep2.json	PILOT-2020002332	F	2	25	6503	6994	836	2358	0.3545	
PILOT-2020002332__G__gpt4o-mini__rep0.json	PILOT-2020002332	G	0	25	6503	6307	198	2358	0.084	
PILOT-2020002332__G__gpt4o-mini__rep1.json	PILOT-2020002332	G	1	25	6503	6355	246	2358	0.1043	
PILOT-2020002332__G__gpt4o-mini__rep2.json	PILOT-2020002332	G	2	25	6503	6359	252	2358	0.1069	
PILOT-2020002332__G__gpt5.4__rep0.json	PILOT-2020002332	G	0	1	6503	786	5731	2358	2.4304	
PILOT-2020002332__G__gpt5.4__rep1.json	PILOT-2020002332	G	1	13	6503	4002	3259	2358	1.3821	
PILOT-2020002332__G__gpt5.4__rep2.json	PILOT-2020002332	G	2	25	6503	7355	1170	2358	0.4962	
PILOT-2020002332__G__haiku4.5__rep0.json	PILOT-2020002332	G	0	25	6503	7498	1341	2358	0.5687	
PILOT-2020002332__G__haiku4.5__rep1.json	PILOT-2020002332	G	1	25	6503	7112	968	2358	0.4105	
PILOT-2020002332__G__haiku4.5__rep2.json	PILOT-2020002332	G	2	25	6503	7100	1011	2358	0.4288	
PILOT-2020002332__G__sonnet4__rep0.json	PILOT-2020002332	G	0	25	6503	6886	729	2358	0.3092	
PILOT-2020002332__G__sonnet4__rep1.json	PILOT-2020002332	G	1	25	6503	6885	726	2358	0.3079	
PILOT-2020002332__G__sonnet4__rep2.json	PILOT-2020002332	G	2	25	6503	6886	729	2358	0.3092	
PILOT-2020002332__baseline__gpt4o-mini__rep0.json	PILOT-2020002332	baseline	0	7	6503	3028	3812	2358	1.6166	
PILOT-2020002332__baseline__gpt4o-mini__rep1.json	PILOT-2020002332	baseline	1	5	6503	2669	4187	2358	1.7757	
PILOT-2020002332__baseline__gpt4o-mini__rep2.json	PILOT-2020002332	baseline	2	1	6503	795	5749	2358	2.4381	
PILOT-2020002332__baseline__gpt5.4__rep0.json	PILOT-2020002332	baseline	0	13	6503	3734	3294	2358	1.3969	
PILOT-2020002332__baseline__gpt5.4__rep1.json	PILOT-2020002332	baseline	1	1	6503	786	5731	2358	2.4304	
PILOT-2020002332__baseline__gpt5.4__rep2.json	PILOT-2020002332	baseline	2	1	6503	786	5731	2358	2.4304	
PILOT-2020002332__baseline__haiku4.5__rep0.json	PILOT-2020002332	baseline	0	25	6503	5974	1284	2358	0.5445	
PILOT-2020002332__baseline__haiku4.5__rep1.json	PILOT-2020002332	baseline	1	25	6503	6961	806	2358	0.3418	
PILOT-2020002332__baseline__haiku4.5__rep2.json	PILOT-2020002332	baseline	2	25	6503	3839	3071	2358	1.3024	
PILOT-2020002332__baseline__sonnet4__rep0.json	PILOT-2020002332	baseline	0	25	6503	6896	739	2358	0.3134	
PILOT-2020002332__baseline__sonnet4__rep1.json	PILOT-2020002332	baseline	1	25	6503	6893	736	2358	0.3121	
PILOT-2020002332__baseline__sonnet4__rep2.json	PILOT-2020002332	baseline	2	25	6503	6893	736	2358	0.3121	
PILOT-2020002369__A__gpt4o-mini__rep0.json	PILOT-2020002369	A	0	4	3915	1033	2967	1148	2.5845	
PILOT-2020002369__A__gpt4o-mini__rep1.json	PILOT-2020002369	A	1	20	3915	3688	313	1148	0.2726	
PILOT-2020002369__A__gpt4o-mini__rep2.json	PILOT-2020002369	A	2	20	3915	3703	326	1148	0.284	
PILOT-2020002369__A__gpt5.4__rep0.json	PILOT-2020002369	A	0	20	3915	3934	185	1148	0.1611	
PILOT-2020002369__A__gpt5.4__rep1.json	PILOT-2020002369	A	1	20	3915	3950	201	1148	0.1751	
PILOT-2020002369__A__gpt5.4__rep2.json	PILOT-2020002369	A	2	20	3915	3950	201	1148	0.1751	
PILOT-2020002369__A__haiku4.5__rep0.json	PILOT-2020002369	A	0	20	3915	3912	171	1148	0.149	
PILOT-2020002369__A__haiku4.5__rep1.json	PILOT-2020002369	A	1	20	3915	3888	143	1148	0.1246	
PILOT-2020002369__A__haiku4.5__rep2.json	PILOT-2020002369	A	2	20	3915	3914	149	1148	0.1298	
PILOT-2020002369__A__sonnet4__rep0.json	PILOT-2020002369	A	0	20	3915	3708	414	1148	0.3606	
PILOT-2020002369__A__sonnet4__rep1.json	PILOT-2020002369	A	1	20	3915	3739	260	1148	0.2265	
PILOT-2020002369__A__sonnet4__rep2.json	PILOT-2020002369	A	2	20	3915	3902	153	1148	0.1333	
PILOT-2020002369__B__gpt4o-mini__rep0.json	PILOT-2020002369	B	0	20	3915	4814	1046	1148	0.9111	
PILOT-2020002369__B__gpt4o-mini__rep1.json	PILOT-2020002369	B	1	20	3915	4959	1191	1148	1.0375	
PILOT-2020002369__B__gpt4o-mini__rep2.json	PILOT-2020002369	B	2	20	3915	4916	1148	1148	1.0	
PILOT-2020002369__B__gpt5.4__rep0.json	PILOT-2020002369	B	0	20	3915	4002	519	1148	0.4521	
PILOT-2020002369__B__gpt5.4__rep1.json	PILOT-2020002369	B	1	20	3915	3934	185	1148	0.1611	
PILOT-2020002369__B__gpt5.4__rep2.json	PILOT-2020002369	B	2	20	3915	4146	399	1148	0.3476	
PILOT-2020002369__B__haiku4.5__rep0.json	PILOT-2020002369	B	0	20	3915	4963	1199	1148	1.0444	
PILOT-2020002369__B__haiku4.5__rep1.json	PILOT-2020002369	B	1	20	3915	4958	1195	1148	1.0409	
PILOT-2020002369__B__haiku4.5__rep2.json	PILOT-2020002369	B	2	20	3915	4925	1156	1148	1.007	
PILOT-2020002369__B__sonnet4__rep0.json	PILOT-2020002369	B	0	20	3915	4044	279	1148	0.243	
PILOT-2020002369__B__sonnet4__rep1.json	PILOT-2020002369	B	1	20	3915	3840	75	1148	0.0653	
PILOT-2020002369__B__sonnet4__rep2.json	PILOT-2020002369	B	2	20	3915	4143	378	1148	0.3293	
PILOT-2020002369__C__gpt4o-mini__rep0.json	PILOT-2020002369	C	0	20	3915	3888	143	1148	0.1246	
PILOT-2020002369__C__gpt4o-mini__rep1.json	PILOT-2020002369	C	1	20	3915	3888	143	1148	0.1246	
PILOT-2020002369__C__gpt4o-mini__rep2.json	PILOT-2020002369	C	2	20	3915	3888	143	1148	0.1246	
PILOT-2020002369__C__gpt5.4__rep0.json	PILOT-2020002369	C	0	20	3915	4272	523	1148	0.4556	
PILOT-2020002369__C__gpt5.4__rep1.json	PILOT-2020002369	C	1	20	3915	4294	545	1148	0.4747	
PILOT-2020002369__C__gpt5.4__rep2.json	PILOT-2020002369	C	2	20	3915	4072	323	1148	0.2814	
PILOT-2020002369__C__haiku4.5__rep0.json	PILOT-2020002369	C	0	20	3915	3584	487	1148	0.4242	
PILOT-2020002369__C__haiku4.5__rep1.json	PILOT-2020002369	C	1	20	3915	3584	487	1148	0.4242	
PILOT-2020002369__C__haiku4.5__rep2.json	PILOT-2020002369	C	2	20	3915	3584	487	1148	0.4242	
PILOT-2020002369__C__sonnet4__rep0.json	PILOT-2020002369	C	0	20	3915	3874	125	1148	0.1089	
PILOT-2020002369__C__sonnet4__rep1.json	PILOT-2020002369	C	1	20	3915	3634	352	1148	0.3066	
PILOT-2020002369__C__sonnet4__rep2.json	PILOT-2020002369	C	2	20	3915	3874	125	1148	0.1089	
PILOT-2020002369__D__gpt4o-mini__rep0.json	PILOT-2020002369	D	0	20	3915	3888	143	1148	0.1246	
PILOT-2020002369__D__gpt4o-mini__rep1.json	PILOT-2020002369	D	1	2	3915	1122	2860	1148	2.4913	
PILOT-2020002369__D__gpt4o-mini__rep2.json	PILOT-2020002369	D	2	2	3915	1118	2860	1148	2.4913	
PILOT-2020002369__D__gpt5.4__rep0.json	PILOT-2020002369	D	0	20	3915	4089	340	1148	0.2962	
PILOT-2020002369__D__gpt5.4__rep1.json	PILOT-2020002369	D	1	20	3915	4089	340	1148	0.2962	
PILOT-2020002369__D__gpt5.4__rep2.json	PILOT-2020002369	D	2	20	3915	4289	540	1148	0.4704	
PILOT-2020002369__D__haiku4.5__rep0.json	PILOT-2020002369	D	0	20	3915	3914	149	1148	0.1298	
PILOT-2020002369__D__haiku4.5__rep1.json	PILOT-2020002369	D	1	20	3915	4178	417	1148	0.3632	
PILOT-2020002369__D__haiku4.5__rep2.json	PILOT-2020002369	D	2	20	3915	3911	173	1148	0.1507	
PILOT-2020002369__D__sonnet4__rep0.json	PILOT-2020002369	D	0	20	3915	3994	244	1148	0.2125	
PILOT-2020002369__D__sonnet4__rep1.json	PILOT-2020002369	D	1	20	3915	3950	201	1148	0.1751	
PILOT-2020002369__D__sonnet4__rep2.json	PILOT-2020002369	D	2	20	3915	3950	201	1148	0.1751	
PILOT-2020002369__E__gpt4o-mini__rep0.json	PILOT-2020002369	E	0	20	3915	4092	327	1148	0.2848	
PILOT-2020002369__E__gpt4o-mini__rep1.json	PILOT-2020002369	E	1	20	3915	4194	426	1148	0.3711	
PILOT-2020002369__E__gpt4o-mini__rep2.json	PILOT-2020002369	E	2	20	3915	4146	381	1148	0.3319	
PILOT-2020002369__E__gpt5.4__rep0.json	PILOT-2020002369	E	0	20	3915	3938	187	1148	0.1629	
PILOT-2020002369__E__gpt5.4__rep1.json	PILOT-2020002369	E	1	20	3915	4770	1049	1148	0.9138	
PILOT-2020002369__E__gpt5.4__rep2.json	PILOT-2020002369	E	2	20	3915	3936	185	1148	0.1611	
PILOT-2020002369__E__haiku4.5__rep0.json	PILOT-2020002369	E	0	20	3915	2088	2378	1148	2.0714	
PILOT-2020002369__E__haiku4.5__rep1.json	PILOT-2020002369	E	1	20	3915	2206	2204	1148	1.9199	
PILOT-2020002369__E__haiku4.5__rep2.json	PILOT-2020002369	E	2	20	3915	1756	2551	1148	2.2221	
PILOT-2020002369__E__sonnet4__rep0.json	PILOT-2020002369	E	0	20	3915	4044	295	1148	0.257	
PILOT-2020002369__E__sonnet4__rep1.json	PILOT-2020002369	E	1	20	3915	3886	453	1148	0.3946	
PILOT-2020002369__E__sonnet4__rep2.json	PILOT-2020002369	E	2	20	3915	3900	141	1148	0.1228	
PILOT-2020002369__F__gpt4o-mini__rep0.json	PILOT-2020002369	F	0	20	3915	3888	143	1148	0.1246	
PILOT-2020002369__F__gpt4o-mini__rep1.json	PILOT-2020002369	F	1	2	3915	1118	2860	1148	2.4913	
PILOT-2020002369__F__gpt4o-mini__rep2.json	PILOT-2020002369	F	2	20	3915	3888	143	1148	0.1246	
PILOT-2020002369__F__gpt5.4__rep0.json	PILOT-2020002369	F	0	20	3915	4461	725	1148	0.6315	
PILOT-2020002369__F__gpt5.4__rep1.json	PILOT-2020002369	F	1	20	3915	4058	307	1148	0.2674	
PILOT-2020002369__F__gpt5.4__rep2.json	PILOT-2020002369	F	2	20	3915	4283	534	1148	0.4652	
PILOT-2020002369__F__haiku4.5__rep0.json	PILOT-2020002369	F	0	20	3915	3888	143	1148	0.1246	
PILOT-2020002369__F__haiku4.5__rep1.json	PILOT-2020002369	F	1	20	3915	3888	143	1148	0.1246	
PILOT-2020002369__F__haiku4.5__rep2.json	PILOT-2020002369	F	2	20	3915	4306	561	1148	0.4887	
PILOT-2020002369__F__sonnet4__rep0.json	PILOT-2020002369	F	0	20	3915	3934	185	1148	0.1611	
PILOT-2020002369__F__sonnet4__rep1.json	PILOT-2020002369	F	1	20	3915	3934	185	1148	0.1611	
PILOT-2020002369__F__sonnet4__rep2.json	PILOT-2020002369	F	2	20	3915	3934	185	1148	0.1611	
PILOT-2020002369__G__gpt4o-mini__rep0.json	PILOT-2020002369	G	0	20	3915	3892	147	1148	0.128	
PILOT-2020002369__G__gpt4o-mini__rep1.json	PILOT-2020002369	G	1	20	3915	3888	143	1148	0.1246	
PILOT-2020002369__G__gpt4o-mini__rep2.json	PILOT-2020002369	G	2	20	3915	3892	147	1148	0.128	
PILOT-2020002369__G__gpt5.4__rep0.json	PILOT-2020002369	G	0	20	3915	4054	305	1148	0.2657	
PILOT-2020002369__G__gpt5.4__rep1.json	PILOT-2020002369	G	1	20	3915	4054	305	1148	0.2657	
PILOT-2020002369__G__gpt5.4__rep2.json	PILOT-2020002369	G	2	20	3915	4275	526	1148	0.4582	
PILOT-2020002369__G__haiku4.5__rep0.json	PILOT-2020002369	G	0	20	3915	1118	2860	1148	2.4913	
PILOT-2020002369__G__haiku4.5__rep1.json	PILOT-2020002369	G	1	20	3915	1118	2860	1148	2.4913	
PILOT-2020002369__G__haiku4.5__rep2.json	PILOT-2020002369	G	2	20	3915	1118	2860	1148	2.4913	
PILOT-2020002369__G__sonnet4__rep0.json	PILOT-2020002369	G	0	20	3915	3846	97	1148	0.0845	
PILOT-2020002369__G__sonnet4__rep1.json	PILOT-2020002369	G	1	20	3915	3950	201	1148	0.1751	
PILOT-2020002369__G__sonnet4__rep2.json	PILOT-2020002369	G	2	20	3915	3846	97	1148	0.0845	
PILOT-2020002369__baseline__gpt4o-mini__rep0.json	PILOT-2020002369	baseline	0	20	3915	3888	143	1148	0.1246	
PILOT-2020002369__baseline__gpt4o-mini__rep1.json	PILOT-2020002369	baseline	1	2	3915	1118	2860	1148	2.4913	
PILOT-2020002369__baseline__gpt4o-mini__rep2.json	PILOT-2020002369	baseline	2	2	3915	1122	2860	1148	2.4913	
PILOT-2020002369__baseline__gpt5.4__rep0.json	PILOT-2020002369	baseline	0	20	3915	4072	323	1148	0.2814	
PILOT-2020002369__baseline__gpt5.4__rep1.json	PILOT-2020002369	baseline	1	20	3915	4088	339	1148	0.2953	
PILOT-2020002369__baseline__gpt5.4__rep2.json	PILOT-2020002369	baseline	2	20	3915	4072	323	1148	0.2814	
PILOT-2020002369__baseline__haiku4.5__rep0.json	PILOT-2020002369	baseline	0	20	3915	3888	143	1148	0.1246	
PILOT-2020002369__baseline__haiku4.5__rep1.json	PILOT-2020002369	baseline	1	20	3915	3911	167	1148	0.1455	
PILOT-2020002369__baseline__haiku4.5__rep2.json	PILOT-2020002369	baseline	2	20	3915	3892	147	1148	0.128	
PILOT-2020002369__baseline__sonnet4__rep0.json	PILOT-2020002369	baseline	0	20	3915	3846	97	1148	0.0845	
PILOT-2020002369__baseline__sonnet4__rep1.json	PILOT-2020002369	baseline	1	20	3915	3874	125	1148	0.1089	
PILOT-2020002369__baseline__sonnet4__rep2.json	PILOT-2020002369	baseline	2	20	3915	3846	97	1148	0.0845	
PILOT-2020002555__A__gpt4o-mini__rep0.json	PILOT-2020002555	A	0	3	5601	1966	3760	591	6.3621	
PILOT-2020002555__A__gpt4o-mini__rep1.json	PILOT-2020002555	A	1	20	5601	5479	812	591	1.3739	
PILOT-2020002555__A__gpt4o-mini__rep2.json	PILOT-2020002555	A	2	3	5601	1928	3725	591	6.3029	
PILOT-2020002555__A__gpt5.4__rep0.json	PILOT-2020002555	A	0	20	5601	5518	142	591	0.2403	
PILOT-2020002555__A__gpt5.4__rep1.json	PILOT-2020002555	A	1	20	5601	5580	154	591	0.2606	
PILOT-2020002555__A__gpt5.4__rep2.json	PILOT-2020002555	A	2	20	5601	5580	154	591	0.2606	
PILOT-2020002555__A__haiku4.5__rep0.json	PILOT-2020002555	A	0	20	5601	6760	1809	591	3.0609	
PILOT-2020002555__A__haiku4.5__rep1.json	PILOT-2020002555	A	1	20	5601	7710	2605	591	4.4078	
PILOT-2020002555__A__haiku4.5__rep2.json	PILOT-2020002555	A	2	20	5601	7088	2064	591	3.4924	
PILOT-2020002555__A__sonnet4__rep0.json	PILOT-2020002555	A	0	20	5601	5561	135	591	0.2284	
PILOT-2020002555__A__sonnet4__rep1.json	PILOT-2020002555	A	1	20	5601	5572	146	591	0.247	
PILOT-2020002555__A__sonnet4__rep2.json	PILOT-2020002555	A	2	20	5601	5561	135	591	0.2284	
PILOT-2020002555__B__gpt4o-mini__rep0.json	PILOT-2020002555	B	0	19	5601	5784	511	591	0.8646	
PILOT-2020002555__B__gpt4o-mini__rep1.json	PILOT-2020002555	B	1	20	5601	6273	745	591	1.2606	
PILOT-2020002555__B__gpt4o-mini__rep2.json	PILOT-2020002555	B	2	20	5601	6448	984	591	1.665	
PILOT-2020002555__B__gpt5.4__rep0.json	PILOT-2020002555	B	0	20	5601	6096	670	591	1.1337	
PILOT-2020002555__B__gpt5.4__rep1.json	PILOT-2020002555	B	1	20	5601	6180	754	591	1.2758	
PILOT-2020002555__B__gpt5.4__rep2.json	PILOT-2020002555	B	2	20	5601	6176	750	591	1.269	
PILOT-2020002555__B__haiku4.5__rep0.json	PILOT-2020002555	B	0	20	5601	7264	1766	591	2.9882	
PILOT-2020002555__B__haiku4.5__rep1.json	PILOT-2020002555	B	1	20	5601	7776	2396	591	4.0541	
PILOT-2020002555__B__haiku4.5__rep2.json	PILOT-2020002555	B	2	20	5601	7935	2472	591	4.1827	
PILOT-2020002555__B__sonnet4__rep0.json	PILOT-2020002555	B	0	20	5601	5906	480	591	0.8122	
PILOT-2020002555__B__sonnet4__rep1.json	PILOT-2020002555	B	1	20	5601	6134	708	591	1.198	
PILOT-2020002555__B__sonnet4__rep2.json	PILOT-2020002555	B	2	20	5601	6025	683	591	1.1557	
PILOT-2020002555__C__gpt4o-mini__rep0.json	PILOT-2020002555	C	0	20	5601	6928	1429	591	2.4179	
PILOT-2020002555__C__gpt4o-mini__rep1.json	PILOT-2020002555	C	1	20	5601	5578	152	591	0.2572	
PILOT-2020002555__C__gpt4o-mini__rep2.json	PILOT-2020002555	C	2	20	5601	5578	152	591	0.2572	
PILOT-2020002555__C__gpt5.4__rep0.json	PILOT-2020002555	C	0	20	5601	6176	750	591	1.269	
PILOT-2020002555__C__gpt5.4__rep1.json	PILOT-2020002555	C	1	20	5601	6176	750	591	1.269	
PILOT-2020002555__C__gpt5.4__rep2.json	PILOT-2020002555	C	2	20	5601	6154	728	591	1.2318	
PILOT-2020002555__C__haiku4.5__rep0.json	PILOT-2020002555	C	0	20	5601	7302	1943	591	3.2876	
PILOT-2020002555__C__haiku4.5__rep1.json	PILOT-2020002555	C	1	20	5601	6628	1231	591	2.0829	
PILOT-2020002555__C__haiku4.5__rep2.json	PILOT-2020002555	C	2	20	5601	6582	1289	591	2.181	
PILOT-2020002555__C__sonnet4__rep0.json	PILOT-2020002555	C	0	20	5601	5803	461	591	0.78	
PILOT-2020002555__C__sonnet4__rep1.json	PILOT-2020002555	C	1	20	5601	5770	344	591	0.5821	
PILOT-2020002555__C__sonnet4__rep2.json	PILOT-2020002555	C	2	20	5601	5952	526	591	0.89	
PILOT-2020002555__D__gpt4o-mini__rep0.json	PILOT-2020002555	D	0	20	5601	5578	152	591	0.2572	
PILOT-2020002555__D__gpt4o-mini__rep1.json	PILOT-2020002555	D	1	20	5601	5578	152	591	0.2572	
PILOT-2020002555__D__gpt4o-mini__rep2.json	PILOT-2020002555	D	2	20	5601	5578	152	591	0.2572	
PILOT-2020002555__D__gpt5.4__rep0.json	PILOT-2020002555	D	0	20	5601	6146	720	591	1.2183	
PILOT-2020002555__D__gpt5.4__rep1.json	PILOT-2020002555	D	1	20	5601	5954	528	591	0.8934	
PILOT-2020002555__D__gpt5.4__rep2.json	PILOT-2020002555	D	2	20	5601	5948	522	591	0.8832	
PILOT-2020002555__D__haiku4.5__rep0.json	PILOT-2020002555	D	0	20	5601	6540	1368	591	2.3147	
PILOT-2020002555__D__haiku4.5__rep1.json	PILOT-2020002555	D	1	20	5601	6329	1374	591	2.3249	
PILOT-2020002555__D__haiku4.5__rep2.json	PILOT-2020002555	D	2	20	5601	6667	1530	591	2.5888	
PILOT-2020002555__D__sonnet4__rep0.json	PILOT-2020002555	D	0	20	5601	6022	596	591	1.0085	
PILOT-2020002555__D__sonnet4__rep1.json	PILOT-2020002555	D	1	20	5601	6059	632	591	1.0694	
PILOT-2020002555__D__sonnet4__rep2.json	PILOT-2020002555	D	2	20	5601	5662	236	591	0.3993	
PILOT-2020002555__E__gpt4o-mini__rep0.json	PILOT-2020002555	E	0	20	5601	5578	152	591	0.2572	
PILOT-2020002555__E__gpt4o-mini__rep1.json	PILOT-2020002555	E	1	20	5601	5578	152	591	0.2572	
PILOT-2020002555__E__gpt4o-mini__rep2.json	PILOT-2020002555	E	2	20	5601	5578	152	591	0.2572	
PILOT-2020002555__E__gpt5.4__rep0.json	PILOT-2020002555	E	0	20	5601	5576	168	591	0.2843	
PILOT-2020002555__E__gpt5.4__rep1.json	PILOT-2020002555	E	1	20	5601	5636	218	591	0.3689	
PILOT-2020002555__E__gpt5.4__rep2.json	PILOT-2020002555	E	2	20	5601	5576	168	591	0.2843	
PILOT-2020002555__E__haiku4.5__rep0.json	PILOT-2020002555	E	0	20	5601	6046	763	591	1.291	
PILOT-2020002555__E__haiku4.5__rep1.json	PILOT-2020002555	E	1	20	5601	5944	614	591	1.0389	
PILOT-2020002555__E__haiku4.5__rep2.json	PILOT-2020002555	E	2	20	5601	5936	614	591	1.0389	
PILOT-2020002555__E__sonnet4__rep0.json	PILOT-2020002555	E	0	20	5601	5786	360	591	0.6091	
PILOT-2020002555__E__sonnet4__rep1.json	PILOT-2020002555	E	1	20	5601	5770	344	591	0.5821	
PILOT-2020002555__E__sonnet4__rep2.json	PILOT-2020002555	E	2	20	5601	5786	360	591	0.6091	
PILOT-2020002555__F__gpt4o-mini__rep0.json	PILOT-2020002555	F	0	3	5601	1211	4421	591	7.4805	
PILOT-2020002555__F__gpt4o-mini__rep1.json	PILOT-2020002555	F	1	3	5601	1306	4335	591	7.335	
PILOT-2020002555__F__gpt4o-mini__rep2.json	PILOT-2020002555	F	2	3	5601	1283	4360	591	7.3773	
PILOT-2020002555__F__gpt5.4__rep0.json	PILOT-2020002555	F	0	20	5601	6144	718	591	1.2149	
PILOT-2020002555__F__gpt5.4__rep1.json	PILOT-2020002555	F	1	20	5601	6144	718	591	1.2149	
PILOT-2020002555__F__gpt5.4__rep2.json	PILOT-2020002555	F	2	20	5601	6178	752	591	1.2724	
PILOT-2020002555__F__haiku4.5__rep0.json	PILOT-2020002555	F	0	20	5601	8200	2735	591	4.6277	
PILOT-2020002555__F__haiku4.5__rep1.json	PILOT-2020002555	F	1	20	5601	6610	1250	591	2.1151	
PILOT-2020002555__F__haiku4.5__rep2.json	PILOT-2020002555	F	2	20	5601	6035	609	591	1.0305	
PILOT-2020002555__F__sonnet4__rep0.json	PILOT-2020002555	F	0	20	5601	5662	236	591	0.3993	
PILOT-2020002555__F__sonnet4__rep1.json	PILOT-2020002555	F	1	20	5601	5662	236	591	0.3993	
PILOT-2020002555__F__sonnet4__rep2.json	PILOT-2020002555	F	2	20	5601	5662	236	591	0.3993	
PILOT-2020002555__G__gpt4o-mini__rep0.json	PILOT-2020002555	G	0	20	5601	5598	172	591	0.291	
PILOT-2020002555__G__gpt4o-mini__rep1.json	PILOT-2020002555	G	1	20	5601	5586	160	591	0.2707	
PILOT-2020002555__G__gpt4o-mini__rep2.json	PILOT-2020002555	G	2	3	5601	1272	4373	591	7.3993	
PILOT-2020002555__G__gpt5.4__rep0.json	PILOT-2020002555	G	0	20	5601	6148	722	591	1.2217	
PILOT-2020002555__G__gpt5.4__rep1.json	PILOT-2020002555	G	1	20	5601	6148	722	591	1.2217	
PILOT-2020002555__G__gpt5.4__rep2.json	PILOT-2020002555	G	2	20	5601	6108	681	591	1.1523	
PILOT-2020002555__G__haiku4.5__rep0.json	PILOT-2020002555	G	0	20	5601	5764	461	591	0.78	
PILOT-2020002555__G__haiku4.5__rep1.json	PILOT-2020002555	G	1	20	5601	5672	2064	591	3.4924	
PILOT-2020002555__G__haiku4.5__rep2.json	PILOT-2020002555	G	2	20	5601	6069	643	591	1.088	
PILOT-2020002555__G__sonnet4__rep0.json	PILOT-2020002555	G	0	20	5601	5651	225	591	0.3807	
PILOT-2020002555__G__sonnet4__rep1.json	PILOT-2020002555	G	1	20	5601	5956	614	591	1.0389	
PILOT-2020002555__G__sonnet4__rep2.json	PILOT-2020002555	G	2	20	5601	5651	225	591	0.3807	
PILOT-2020002555__baseline__gpt4o-mini__rep0.json	PILOT-2020002555	baseline	0	20	5601	5578	152	591	0.2572	
PILOT-2020002555__baseline__gpt4o-mini__rep1.json	PILOT-2020002555	baseline	1	20	5601	5578	152	591	0.2572	
PILOT-2020002555__baseline__gpt4o-mini__rep2.json	PILOT-2020002555	baseline	2	20	5601	5578	152	591	0.2572	
PILOT-2020002555__baseline__gpt5.4__rep0.json	PILOT-2020002555	baseline	0	20	5601	5925	498	591	0.8426	
PILOT-2020002555__baseline__gpt5.4__rep1.json	PILOT-2020002555	baseline	1	20	5601	6156	730	591	1.2352	
PILOT-2020002555__baseline__gpt5.4__rep2.json	PILOT-2020002555	baseline	2	20	5601	5187	1136	591	1.9222	
PILOT-2020002555__baseline__haiku4.5__rep0.json	PILOT-2020002555	baseline	0	20	5601	6521	1239	591	2.0964	
PILOT-2020002555__baseline__haiku4.5__rep1.json	PILOT-2020002555	baseline	1	20	5601	6372	1265	591	2.1404	
PILOT-2020002555__baseline__haiku4.5__rep2.json	PILOT-2020002555	baseline	2	20	5601	7984	2519	591	4.2623	
PILOT-2020002555__baseline__sonnet4__rep0.json	PILOT-2020002555	baseline	0	20	5601	5786	360	591	0.6091	
PILOT-2020002555__baseline__sonnet4__rep1.json	PILOT-2020002555	baseline	1	20	5601	5952	526	591	0.89	
PILOT-2020002555__baseline__sonnet4__rep2.json	PILOT-2020002555	baseline	2	20	5601	5716	290	591	0.4907	
PILOT-2020002688__A__gpt4o-mini__rep0.json	PILOT-2020002688	A	0	8	10326	4324	6307	4258	1.4812	
PILOT-2020002688__A__gpt4o-mini__rep1.json	PILOT-2020002688	A	1	8	10326	3899	6533	4258	1.5343	
PILOT-2020002688__A__gpt4o-mini__rep2.json	PILOT-2020002688	A	2	8	10326	4237	6341	4258	1.4892	
PILOT-2020002688__A__gpt5.4__rep0.json	PILOT-2020002688	A	0	9	10326	4240	6310	4258	1.4819	
PILOT-2020002688__A__gpt5.4__rep1.json	PILOT-2020002688	A	1	9	10326	4561	6342	4258	1.4894	
PILOT-2020002688__A__gpt5.4__rep2.json	PILOT-2020002688	A	2	9	10326	4388	6304	4258	1.4805	
PILOT-2020002688__A__haiku4.5__rep0.json	PILOT-2020002688	A	0	8	10326	5503	5788	4258	1.3593	
PILOT-2020002688__A__haiku4.5__rep1.json	PILOT-2020002688	A	1	9	10326	5132	5675	4258	1.3328	
PILOT-2020002688__A__haiku4.5__rep2.json	PILOT-2020002688	A	2	8	10326	4956	5977	4258	1.4037	
PILOT-2020002688__A__sonnet4__rep0.json	PILOT-2020002688	A	0	9	10326	5380	5694	4258	1.3372	
PILOT-2020002688__A__sonnet4__rep1.json	PILOT-2020002688	A	1	9	10326	5121	5997	4258	1.4084	
PILOT-2020002688__A__sonnet4__rep2.json	PILOT-2020002688	A	2	9	10326	5374	5740	4258	1.3481	
PILOT-2020002688__B__gpt4o-mini__rep0.json	PILOT-2020002688	B	0	8	10326	4164	6320	4258	1.4843	
PILOT-2020002688__B__gpt4o-mini__rep1.json	PILOT-2020002688	B	1	8	10326	4129	6404	4258	1.504	
PILOT-2020002688__B__gpt4o-mini__rep2.json	PILOT-2020002688	B	2	8	10326	4342	6122	4258	1.4378	
PILOT-2020002688__B__gpt5.4__rep0.json	PILOT-2020002688	B	0	8	10326	4427	6278	4258	1.4744	
PILOT-2020002688__B__gpt5.4__rep1.json	PILOT-2020002688	B	1	8	10326	4534	6219	4258	1.4605	
PILOT-2020002688__B__gpt5.4__rep2.json	PILOT-2020002688	B	2	9	10326	4556	6181	4258	1.4516	
PILOT-2020002688__B__haiku4.5__rep0.json	PILOT-2020002688	B	0	8	10326	4875	6011	4258	1.4117	
PILOT-2020002688__B__haiku4.5__rep1.json	PILOT-2020002688	B	1	8	10326	4673	6077	4258	1.4272	
PILOT-2020002688__B__haiku4.5__rep2.json	PILOT-2020002688	B	2	8	10326	5554	5870	4258	1.3786	
PILOT-2020002688__B__sonnet4__rep0.json	PILOT-2020002688	B	0	8	10326	4798	5851	4258	1.3741	
PILOT-2020002688__B__sonnet4__rep1.json	PILOT-2020002688	B	1	8	10326	5347	5464	4258	1.2832	
PILOT-2020002688__B__sonnet4__rep2.json	PILOT-2020002688	B	2	8	10326	5225	5542	4258	1.3016	
PILOT-2020002688__C__gpt4o-mini__rep0.json	PILOT-2020002688	C	0	8	10326	4192	6459	4258	1.5169	
PILOT-2020002688__C__gpt4o-mini__rep1.json	PILOT-2020002688	C	1	8	10326	4220	6368	4258	1.4955	
PILOT-2020002688__C__gpt4o-mini__rep2.json	PILOT-2020002688	C	2	8	10326	3988	6574	4258	1.5439	
PILOT-2020002688__C__gpt5.4__rep0.json	PILOT-2020002688	C	0	9	10326	4530	6192	4258	1.4542	
PILOT-2020002688__C__gpt5.4__rep1.json	PILOT-2020002688	C	1	9	10326	4444	6070	4258	1.4256	
PILOT-2020002688__C__gpt5.4__rep2.json	PILOT-2020002688	C	2	9	10326	4213	6285	4258	1.476	
PILOT-2020002688__C__haiku4.5__rep0.json	PILOT-2020002688	C	0	8	10326	5304	5891	4258	1.3835	
PILOT-2020002688__C__haiku4.5__rep1.json	PILOT-2020002688	C	1	8	10326	5267	5930	4258	1.3927	
PILOT-2020002688__C__haiku4.5__rep2.json	PILOT-2020002688	C	2	8	10326	5633	5754	4258	1.3513	
PILOT-2020002688__C__sonnet4__rep0.json	PILOT-2020002688	C	0	9	10326	5273	5601	4258	1.3154	
PILOT-2020002688__C__sonnet4__rep1.json	PILOT-2020002688	C	1	9	10326	5153	5893	4258	1.384	
PILOT-2020002688__C__sonnet4__rep2.json	PILOT-2020002688	C	2	9	10326	5157	5891	4258	1.3835	
PILOT-2020002688__D__gpt4o-mini__rep0.json	PILOT-2020002688	D	0	8	10326	4230	6381	4258	1.4986	
PILOT-2020002688__D__gpt4o-mini__rep1.json	PILOT-2020002688	D	1	8	10326	4121	6510	4258	1.5289	
PILOT-2020002688__D__gpt4o-mini__rep2.json	PILOT-2020002688	D	2	8	10326	4878	5846	4258	1.3729	
PILOT-2020002688__D__gpt5.4__rep0.json	PILOT-2020002688	D	0	9	10326	4694	6096	4258	1.4317	
PILOT-2020002688__D__gpt5.4__rep1.json	PILOT-2020002688	D	1	9	10326	4552	6202	4258	1.4566	
PILOT-2020002688__D__gpt5.4__rep2.json	PILOT-2020002688	D	2	9	10326	4523	6081	4258	1.4281	
PILOT-2020002688__D__haiku4.5__rep0.json	PILOT-2020002688	D	0	8	10326	4447	6420	4258	1.5078	
PILOT-2020002688__D__haiku4.5__rep1.json	PILOT-2020002688	D	1	8	10326	6689	5189	4258	1.2186	
PILOT-2020002688__D__haiku4.5__rep2.json	PILOT-2020002688	D	2	8	10326	4454	6420	4258	1.5078	
PILOT-2020002688__D__sonnet4__rep0.json	PILOT-2020002688	D	0	9	10326	4909	5855	4258	1.3751	
PILOT-2020002688__D__sonnet4__rep1.json	PILOT-2020002688	D	1	9	10326	5326	5622	4258	1.3203	
PILOT-2020002688__D__sonnet4__rep2.json	PILOT-2020002688	D	2	9	10326	5326	5622	4258	1.3203	
PILOT-2020002688__E__gpt4o-mini__rep0.json	PILOT-2020002688	E	0	8	10326	4123	6514	4258	1.5298	
PILOT-2020002688__E__gpt4o-mini__rep1.json	PILOT-2020002688	E	1	8	10326	4129	6453	4258	1.5155	
PILOT-2020002688__E__gpt4o-mini__rep2.json	PILOT-2020002688	E	2	8	10326	4864	5874	4258	1.3795	
PILOT-2020002688__E__gpt5.4__rep0.json	PILOT-2020002688	E	0	9	10326	4217	6282	4258	1.4753	
PILOT-2020002688__E__gpt5.4__rep1.json	PILOT-2020002688	E	1	9	10326	4370	6120	4258	1.4373	
PILOT-2020002688__E__gpt5.4__rep2.json	PILOT-2020002688	E	2	9	10326	4213	6285	4258	1.476	
PILOT-2020002688__E__haiku4.5__rep0.json	PILOT-2020002688	E	0	8	10326	4988	5893	4258	1.384	
PILOT-2020002688__E__haiku4.5__rep1.json	PILOT-2020002688	E	1	8	10326	5110	5863	4258	1.3769	
PILOT-2020002688__E__haiku4.5__rep2.json	PILOT-2020002688	E	2	8	10326	5210	5778	4258	1.357	
PILOT-2020002688__E__sonnet4__rep0.json	PILOT-2020002688	E	0	9	10326	5189	5809	4258	1.3643	
PILOT-2020002688__E__sonnet4__rep1.json	PILOT-2020002688	E	1	9	10326	4885	5860	4258	1.3762	
PILOT-2020002688__E__sonnet4__rep2.json	PILOT-2020002688	E	2	20	10326	8219	3312	4258	0.7778	
PILOT-2020002688__F__gpt4o-mini__rep0.json	PILOT-2020002688	F	0	8	10326	3947	6611	4258	1.5526	
PILOT-2020002688__F__gpt4o-mini__rep1.json	PILOT-2020002688	F	1	8	10326	4296	6303	4258	1.4803	
PILOT-2020002688__F__gpt4o-mini__rep2.json	PILOT-2020002688	F	2	8	10326	4511	6117	4258	1.4366	
PILOT-2020002688__F__gpt5.4__rep0.json	PILOT-2020002688	F	0	9	10326	4554	6200	4258	1.4561	
PILOT-2020002688__F__gpt5.4__rep1.json	PILOT-2020002688	F	1	9	10326	4864	5874	4258	1.3795	
PILOT-2020002688__F__gpt5.4__rep2.json	PILOT-2020002688	F	2	9	10326	4781	5994	4258	1.4077	
PILOT-2020002688__F__haiku4.5__rep0.json	PILOT-2020002688	F	0	9	10326	5886	5764	4258	1.3537	
PILOT-2020002688__F__haiku4.5__rep1.json	PILOT-2020002688	F	1	9	10326	5360	5905	4258	1.3868	
PILOT-2020002688__F__haiku4.5__rep2.json	PILOT-2020002688	F	2	8	10326	4898	6096	4258	1.4317	
PILOT-2020002688__F__sonnet4__rep0.json	PILOT-2020002688	F	0	20	10326	8302	3223	4258	0.7569	
PILOT-2020002688__F__sonnet4__rep1.json	PILOT-2020002688	F	1	20	10326	8423	3289	4258	0.7724	
PILOT-2020002688__F__sonnet4__rep2.json	PILOT-2020002688	F	2	20	10326	8028	3066	4258	0.7201	
PILOT-2020002688__G__gpt4o-mini__rep0.json	PILOT-2020002688	G	0	8	10326	4325	6337	4258	1.4883	
PILOT-2020002688__G__gpt4o-mini__rep1.json	PILOT-2020002688	G	1	8	10326	4132	6447	4258	1.5141	
PILOT-2020002688__G__gpt4o-mini__rep2.json	PILOT-2020002688	G	2	8	10326	3985	6554	4258	1.5392	
PILOT-2020002688__G__gpt5.4__rep0.json	PILOT-2020002688	G	0	9	10326	4403	6263	4258	1.4709	
PILOT-2020002688__G__gpt5.4__rep1.json	PILOT-2020002688	G	1	9	10326	4843	5964	4258	1.4007	
PILOT-2020002688__G__gpt5.4__rep2.json	PILOT-2020002688	G	2	9	10326	4050	6524	4258	1.5322	
PILOT-2020002688__G__haiku4.5__rep0.json	PILOT-2020002688	G	0	8	10326	5211	5866	4258	1.3776	
PILOT-2020002688__G__haiku4.5__rep1.json	PILOT-2020002688	G	1	8	10326	4894	6059	4258	1.423	
PILOT-2020002688__G__haiku4.5__rep2.json	PILOT-2020002688	G	2	8	10326	5426	5911	4258	1.3882	
PILOT-2020002688__G__sonnet4__rep0.json	PILOT-2020002688	G	0	9	10326	4935	5884	4258	1.3819	
PILOT-2020002688__G__sonnet4__rep1.json	PILOT-2020002688	G	1	9	10326	5100	5840	4258	1.3715	
PILOT-2020002688__G__sonnet4__rep2.json	PILOT-2020002688	G	2	20	10326	8027	3100	4258	0.728	
PILOT-2020002688__baseline__gpt4o-mini__rep0.json	PILOT-2020002688	baseline	0	8	10326	4258	6440	4258	1.5124	
PILOT-2020002688__baseline__gpt4o-mini__rep1.json	PILOT-2020002688	baseline	1	8	10326	4754	5907	4258	1.3873	
PILOT-2020002688__baseline__gpt4o-mini__rep2.json	PILOT-2020002688	baseline	2	8	10326	4343	6339	4258	1.4887	
PILOT-2020002688__baseline__gpt5.4__rep0.json	PILOT-2020002688	baseline	0	9	10326	4220	6279	4258	1.4746	
PILOT-2020002688__baseline__gpt5.4__rep1.json	PILOT-2020002688	baseline	1	9	10326	4266	6237	4258	1.4648	
PILOT-2020002688__baseline__gpt5.4__rep2.json	PILOT-2020002688	baseline	2	9	10326	4205	6293	4258	1.4779	
PILOT-2020002688__baseline__haiku4.5__rep0.json	PILOT-2020002688	baseline	0	8	10326	5811	5625	4258	1.321	
PILOT-2020002688__baseline__haiku4.5__rep1.json	PILOT-2020002688	baseline	1	8	10326	5459	5945	4258	1.3962	
PILOT-2020002688__baseline__haiku4.5__rep2.json	PILOT-2020002688	baseline	2	8	10326	5435	5771	4258	1.3553	
PILOT-2020002688__baseline__sonnet4__rep0.json	PILOT-2020002688	baseline	0	9	10326	4705	5941	4258	1.3953	
PILOT-2020002688__baseline__sonnet4__rep1.json	PILOT-2020002688	baseline	1	9	10326	5618	5572	4258	1.3086	
PILOT-2020002688__baseline__sonnet4__rep2.json	PILOT-2020002688	baseline	2	9	10326	5552	5320	4258	1.2494	
PILOT-2020002729__A__gpt4o-mini__rep0.json	PILOT-2020002729	A	0	10	9752	4379	5931	1304	4.5483	
PILOT-2020002729__A__gpt4o-mini__rep1.json	PILOT-2020002729	A	1	10	9752	4497	5968	1304	4.5767	
PILOT-2020002729__A__gpt4o-mini__rep2.json	PILOT-2020002729	A	2	10	9752	4396	5967	1304	4.5759	
PILOT-2020002729__A__gpt5.4__rep0.json	PILOT-2020002729	A	0	11	9752	4815	5158	1304	3.9555	
PILOT-2020002729__A__gpt5.4__rep1.json	PILOT-2020002729	A	1	11	9752	4867	5126	1304	3.931	
PILOT-2020002729__A__gpt5.4__rep2.json	PILOT-2020002729	A	2	11	9752	4978	5094	1304	3.9064	
PILOT-2020002729__A__haiku4.5__rep0.json	PILOT-2020002729	A	0	27	9752	11322	2131	1304	1.6342	
PILOT-2020002729__A__haiku4.5__rep1.json	PILOT-2020002729	A	1	27	9752	10695	1513	1304	1.1603	
PILOT-2020002729__A__haiku4.5__rep2.json	PILOT-2020002729	A	2	27	9752	5784	5029	1304	3.8566	
PILOT-2020002729__A__sonnet4__rep0.json	PILOT-2020002729	A	0	27	9752	11184	1946	1304	1.4923	
PILOT-2020002729__A__sonnet4__rep1.json	PILOT-2020002729	A	1	27	9752	11218	1979	1304	1.5176	
PILOT-2020002729__A__sonnet4__rep2.json	PILOT-2020002729	A	2	27	9752	10877	1643	1304	1.26	
PILOT-2020002729__B__gpt4o-mini__rep0.json	PILOT-2020002729	B	0	10	9752	4135	6049	1304	4.6388	
PILOT-2020002729__B__gpt4o-mini__rep1.json	PILOT-2020002729	B	1	10	9752	4047	6396	1304	4.9049	
PILOT-2020002729__B__gpt4o-mini__rep2.json	PILOT-2020002729	B	2	10	9752	4130	6107	1304	4.6833	
PILOT-2020002729__B__gpt5.4__rep0.json	PILOT-2020002729	B	0	11	9752	5453	5148	1304	3.9479	
PILOT-2020002729__B__gpt5.4__rep1.json	PILOT-2020002729	B	1	11	9752	4741	5641	1304	4.3259	
PILOT-2020002729__B__gpt5.4__rep2.json	PILOT-2020002729	B	2	11	9752	4942	5073	1304	3.8903	
PILOT-2020002729__B__haiku4.5__rep0.json	PILOT-2020002729	B	0	27	9752	6985	4152	1304	3.184	
PILOT-2020002729__B__haiku4.5__rep1.json	PILOT-2020002729	B	1	27	9752	6386	4654	1304	3.569	
PILOT-2020002729__B__haiku4.5__rep2.json	PILOT-2020002729	B	2	27	9752	6197	4870	1304	3.7347	
PILOT-2020002729__B__sonnet4__rep0.json	PILOT-2020002729	B	0	27	9752	10727	1489	1304	1.1419	
PILOT-2020002729__B__sonnet4__rep1.json	PILOT-2020002729	B	1	27	9752	10817	1581	1304	1.2124	
PILOT-2020002729__B__sonnet4__rep2.json	PILOT-2020002729	B	2	27	9752	10214	1026	1304	0.7868	
PILOT-2020002729__C__gpt4o-mini__rep0.json	PILOT-2020002729	C	0	10	9752	4220	6071	1304	4.6557	
PILOT-2020002729__C__gpt4o-mini__rep1.json	PILOT-2020002729	C	1	10	9752	4394	6051	1304	4.6403	
PILOT-2020002729__C__gpt4o-mini__rep2.json	PILOT-2020002729	C	2	10	9752	3791	6186	1304	4.7439	
PILOT-2020002729__C__gpt5.4__rep0.json	PILOT-2020002729	C	0	11	9752	4961	5121	1304	3.9271	
PILOT-2020002729__C__gpt5.4__rep1.json	PILOT-2020002729	C	1	11	9752	4396	5734	1304	4.3972	
PILOT-2020002729__C__gpt5.4__rep2.json	PILOT-2020002729	C	2	11	9752	5158	4977	1304	3.8167	
PILOT-2020002729__C__haiku4.5__rep0.json	PILOT-2020002729	C	0	27	9752	8740	2360	1304	1.8098	
PILOT-2020002729__C__haiku4.5__rep1.json	PILOT-2020002729	C	1	27	9752	6266	4960	1304	3.8037	
PILOT-2020002729__C__haiku4.5__rep2.json	PILOT-2020002729	C	2	27	9752	10817	1629	1304	1.2492	
PILOT-2020002729__C__sonnet4__rep0.json	PILOT-2020002729	C	0	27	9752	10922	1734	1304	1.3298	
PILOT-2020002729__C__sonnet4__rep1.json	PILOT-2020002729	C	1	27	9752	10867	1679	1304	1.2876	
PILOT-2020002729__C__sonnet4__rep2.json	PILOT-2020002729	C	2	27	9752	11448	2256	1304	1.7301	
PILOT-2020002729__D__gpt4o-mini__rep0.json	PILOT-2020002729	D	0	10	9752	4442	5915	1304	4.536	
PILOT-2020002729__D__gpt4o-mini__rep1.json	PILOT-2020002729	D	1	10	9752	4577	5903	1304	4.5268	
PILOT-2020002729__D__gpt4o-mini__rep2.json	PILOT-2020002729	D	2	10	9752	4410	6008	1304	4.6074	
PILOT-2020002729__D__gpt5.4__rep0.json	PILOT-2020002729	D	0	11	9752	4931	5076	1304	3.8926	
PILOT-2020002729__D__gpt5.4__rep1.json	PILOT-2020002729	D	1	11	9752	5089	5100	1304	3.911	
PILOT-2020002729__D__gpt5.4__rep2.json	PILOT-2020002729	D	2	11	9752	4917	5086	1304	3.9003	
PILOT-2020002729__D__haiku4.5__rep0.json	PILOT-2020002729	D	0	27	9752	5385	5213	1304	3.9977	
PILOT-2020002729__D__haiku4.5__rep1.json	PILOT-2020002729	D	1	27	9752	6225	4867	1304	3.7324	
PILOT-2020002729__D__haiku4.5__rep2.json	PILOT-2020002729	D	2	27	9752	5423	5192	1304	3.9816	
PILOT-2020002729__D__sonnet4__rep0.json	PILOT-2020002729	D	0	27	9752	10677	1440	1304	1.1043	
PILOT-2020002729__D__sonnet4__rep1.json	PILOT-2020002729	D	1	27	9752	10709	1472	1304	1.1288	
PILOT-2020002729__D__sonnet4__rep2.json	PILOT-2020002729	D	2	27	9752	10971	1731	1304	1.3275	
PILOT-2020002729__E__gpt4o-mini__rep0.json	PILOT-2020002729	E	0	10	9752	3911	6117	1304	4.691	
PILOT-2020002729__E__gpt4o-mini__rep1.json	PILOT-2020002729	E	1	10	9752	4645	5840	1304	4.4785	
PILOT-2020002729__E__gpt4o-mini__rep2.json	PILOT-2020002729	E	2	10	9752	4384	5986	1304	4.5905	
PILOT-2020002729__E__gpt5.4__rep0.json	PILOT-2020002729	E	0	11	9752	4913	5089	1304	3.9026	
PILOT-2020002729__E__gpt5.4__rep1.json	PILOT-2020002729	E	1	11	9752	5015	5082	1304	3.8972	
PILOT-2020002729__E__gpt5.4__rep2.json	PILOT-2020002729	E	2	11	9752	4550	5420	1304	4.1564	
PILOT-2020002729__E__haiku4.5__rep0.json	PILOT-2020002729	E	0	27	9752	11110	1923	1304	1.4747	
PILOT-2020002729__E__haiku4.5__rep1.json	PILOT-2020002729	E	1	27	9752	10928	1773	1304	1.3597	
PILOT-2020002729__E__haiku4.5__rep2.json	PILOT-2020002729	E	2	27	9752	11924	2686	1304	2.0598	
PILOT-2020002729__E__sonnet4__rep0.json	PILOT-2020002729	E	0	27	9752	10526	1336	1304	1.0245	
PILOT-2020002729__E__sonnet4__rep1.json	PILOT-2020002729	E	1	27	9752	10932	1703	1304	1.306	
PILOT-2020002729__E__sonnet4__rep2.json	PILOT-2020002729	E	2	27	9752	10778	1590	1304	1.2193	
PILOT-2020002729__F__gpt4o-mini__rep0.json	PILOT-2020002729	F	0	10	9752	3988	6259	1304	4.7998	
PILOT-2020002729__F__gpt4o-mini__rep1.json	PILOT-2020002729	F	1	10	9752	4334	6063	1304	4.6495	
PILOT-2020002729__F__gpt4o-mini__rep2.json	PILOT-2020002729	F	2	7	9752	2111	7662	1304	5.8758	
PILOT-2020002729__F__gpt5.4__rep0.json	PILOT-2020002729	F	0	11	9752	5380	4920	1304	3.773	
PILOT-2020002729__F__gpt5.4__rep1.json	PILOT-2020002729	F	1	11	9752	4678	5653	1304	4.3351	
PILOT-2020002729__F__gpt5.4__rep2.json	PILOT-2020002729	F	2	11	9752	4876	5479	1304	4.2017	
PILOT-2020002729__F__haiku4.5__rep0.json	PILOT-2020002729	F	0	27	9752	5862	5079	1304	3.8949	
PILOT-2020002729__F__haiku4.5__rep1.json	PILOT-2020002729	F	1	27	9752	6332	4796	1304	3.6779	
PILOT-2020002729__F__haiku4.5__rep2.json	PILOT-2020002729	F	2	27	9752	6461	4590	1304	3.5199	
PILOT-2020002729__F__sonnet4__rep0.json	PILOT-2020002729	F	0	27	9752	10997	1751	1304	1.3428	
PILOT-2020002729__F__sonnet4__rep1.json	PILOT-2020002729	F	1	27	9752	11047	1801	1304	1.3811	
PILOT-2020002729__F__sonnet4__rep2.json	PILOT-2020002729	F	2	27	9752	10824	1588	1304	1.2178	
PILOT-2020002729__G__gpt4o-mini__rep0.json	PILOT-2020002729	G	0	10	9752	3874	6106	1304	4.6825	
PILOT-2020002729__G__gpt4o-mini__rep1.json	PILOT-2020002729	G	1	8	9752	3418	6638	1304	5.0905	
PILOT-2020002729__G__gpt4o-mini__rep2.json	PILOT-2020002729	G	2	8	9752	3314	6747	1304	5.1741	
PILOT-2020002729__G__gpt5.4__rep0.json	PILOT-2020002729	G	0	11	9752	4358	5705	1304	4.375	
PILOT-2020002729__G__gpt5.4__rep1.json	PILOT-2020002729	G	1	11	9752	4314	5701	1304	4.3719	
PILOT-2020002729__G__gpt5.4__rep2.json	PILOT-2020002729	G	2	11	9752	4517	5597	1304	4.2922	
PILOT-2020002729__G__haiku4.5__rep0.json	PILOT-2020002729	G	0	27	9752	7112	4616	1304	3.5399	
PILOT-2020002729__G__haiku4.5__rep1.json	PILOT-2020002729	G	1	27	9752	5993	4588	1304	3.5184	
PILOT-2020002729__G__haiku4.5__rep2.json	PILOT-2020002729	G	2	27	9752	7142	4343	1304	3.3305	
PILOT-2020002729__G__sonnet4__rep0.json	PILOT-2020002729	G	0	27	9752	10840	1650	1304	1.2653	
PILOT-2020002729__G__sonnet4__rep1.json	PILOT-2020002729	G	1	27	9752	12217	2978	1304	2.2837	
PILOT-2020002729__G__sonnet4__rep2.json	PILOT-2020002729	G	2	27	9752	10767	1579	1304	1.2109	
PILOT-2020002729__baseline__gpt4o-mini__rep0.json	PILOT-2020002729	baseline	0	10	9752	4345	6043	1304	4.6342	
PILOT-2020002729__baseline__gpt4o-mini__rep1.json	PILOT-2020002729	baseline	1	10	9752	4524	5979	1304	4.5851	
PILOT-2020002729__baseline__gpt4o-mini__rep2.json	PILOT-2020002729	baseline	2	10	9752	4334	6043	1304	4.6342	
PILOT-2020002729__baseline__gpt5.4__rep0.json	PILOT-2020002729	baseline	0	11	9752	4550	5720	1304	4.3865	
PILOT-2020002729__baseline__gpt5.4__rep1.json	PILOT-2020002729	baseline	1	11	9752	4853	5141	1304	3.9425	
PILOT-2020002729__baseline__gpt5.4__rep2.json	PILOT-2020002729	baseline	2	11	9752	4917	5086	1304	3.9003	
PILOT-2020002729__baseline__haiku4.5__rep0.json	PILOT-2020002729	baseline	0	27	9752	12045	2801	1304	2.148	
PILOT-2020002729__baseline__haiku4.5__rep1.json	PILOT-2020002729	baseline	1	27	9752	10494	1312	1304	1.0061	
PILOT-2020002729__baseline__haiku4.5__rep2.json	PILOT-2020002729	baseline	2	27	9752	10602	1420	1304	1.089	
PILOT-2020002729__baseline__sonnet4__rep0.json	PILOT-2020002729	baseline	0	27	9752	11030	1842	1304	1.4126	
PILOT-2020002729__baseline__sonnet4__rep1.json	PILOT-2020002729	baseline	1	27	9752	10548	1358	1304	1.0414	
PILOT-2020002729__baseline__sonnet4__rep2.json	PILOT-2020002729	baseline	2	27	9752	10969	1731	1304	1.3275	
PILOT-2020003998__A__gpt4o-mini__rep0.json	PILOT-2020003998	A	0	5	49574	790	48784	46409	1.0512	
PILOT-2020003998__A__gpt4o-mini__rep1.json	PILOT-2020003998	A	1	5	49574	742	48833	46409	1.0522	
PILOT-2020003998__A__gpt4o-mini__rep2.json	PILOT-2020003998	A	2	8	49574	1193	48385	46409	1.0426	
PILOT-2020003998__A__gpt5.4__rep0.json	PILOT-2020003998	A	0	14	49574	2882	46741	46409	1.0072	
PILOT-2020003998__A__gpt5.4__rep1.json	PILOT-2020003998	A	1	14	49574	2492	47114	46409	1.0152	
PILOT-2020003998__A__gpt5.4__rep2.json	PILOT-2020003998	A	2	14	49574	2014	47573	46409	1.0251	
PILOT-2020003998__A__haiku4.5__rep0.json	PILOT-2020003998	A	0	295	49574	2921	46705	46409	1.0064	
PILOT-2020003998__A__haiku4.5__rep1.json	PILOT-2020003998	A	1	104	49574	17849	31738	46409	0.6839	
PILOT-2020003998__A__haiku4.5__rep2.json	PILOT-2020003998	A	2	104	49574	17849	31738	46409	0.6839	
PILOT-2020003998__A__sonnet4__rep0.json	PILOT-2020003998	A	0	15	49574	2234	47361	46409	1.0205	
PILOT-2020003998__A__sonnet4__rep1.json	PILOT-2020003998	A	1	15	49574	2276	47320	46409	1.0196	
PILOT-2020003998__A__sonnet4__rep2.json	PILOT-2020003998	A	2	15	49574	2266	47329	46409	1.0198	
PILOT-2020003998__B__gpt4o-mini__rep0.json	PILOT-2020003998	B	0	8	49574	1893	47703	46409	1.0279	
PILOT-2020003998__B__gpt4o-mini__rep1.json	PILOT-2020003998	B	1	8	49574	1900	47697	46409	1.0278	
PILOT-2020003998__B__gpt4o-mini__rep2.json	PILOT-2020003998	B	2	5	49574	1209	48367	46409	1.0422	
PILOT-2020003998__B__gpt5.4__rep0.json	PILOT-2020003998	B	0	14	49574	2051	47538	46409	1.0243	
PILOT-2020003998__B__gpt5.4__rep1.json	PILOT-2020003998	B	1	14	49574	2365	47238	46409	1.0179	
PILOT-2020003998__B__gpt5.4__rep2.json	PILOT-2020003998	B	2	15	49574	2500	47096	46409	1.0148	
PILOT-2020003998__B__haiku4.5__rep0.json	PILOT-2020003998	B	0	0			None		None	no_gen
PILOT-2020003998__B__haiku4.5__rep1.json	PILOT-2020003998	B	1	294	49574	2255	47337	46409	1.02	
PILOT-2020003998__B__haiku4.5__rep2.json	PILOT-2020003998	B	2	295	49574	2184	47412	46409	1.0216	
PILOT-2020003998__B__sonnet4__rep0.json	PILOT-2020003998	B	0	15	49574	2334	47262	46409	1.0184	
PILOT-2020003998__B__sonnet4__rep1.json	PILOT-2020003998	B	1	15	49574	2529	47075	46409	1.0144	
PILOT-2020003998__B__sonnet4__rep2.json	PILOT-2020003998	B	2	15	49574	2263	47333	46409	1.0199	
PILOT-2020003998__C__gpt4o-mini__rep0.json	PILOT-2020003998	C	0	5	49574	714	48861	46409	1.0528	
PILOT-2020003998__C__gpt4o-mini__rep1.json	PILOT-2020003998	C	1	10	49574	1341	48239	46409	1.0394	
PILOT-2020003998__C__gpt4o-mini__rep2.json	PILOT-2020003998	C	2	5	49574	766	48809	46409	1.0517	
PILOT-2020003998__C__gpt5.4__rep0.json	PILOT-2020003998	C	0	14	49574	2751	46869	46409	1.0099	
PILOT-2020003998__C__gpt5.4__rep1.json	PILOT-2020003998	C	1	14	49574	2708	46908	46409	1.0108	
PILOT-2020003998__C__gpt5.4__rep2.json	PILOT-2020003998	C	2	14	49574	2283	47313	46409	1.0195	
PILOT-2020003998__C__haiku4.5__rep0.json	PILOT-2020003998	C	0	295	49574	2778	46844	46409	1.0094	
PILOT-2020003998__C__haiku4.5__rep1.json	PILOT-2020003998	C	1	12	49574	3143	46531	46409	1.0026	
PILOT-2020003998__C__haiku4.5__rep2.json	PILOT-2020003998	C	2	104	49574	17849	31738	46409	0.6839	
PILOT-2020003998__C__sonnet4__rep0.json	PILOT-2020003998	C	0	15	49574	2281	47317	46409	1.0196	
PILOT-2020003998__C__sonnet4__rep1.json	PILOT-2020003998	C	1	15	49574	2275	47321	46409	1.0197	
PILOT-2020003998__C__sonnet4__rep2.json	PILOT-2020003998	C	2	15	49574	2207	47389	46409	1.0211	
PILOT-2020003998__D__gpt4o-mini__rep0.json	PILOT-2020003998	D	0	6	49574	699	48876	46409	1.0532	
PILOT-2020003998__D__gpt4o-mini__rep1.json	PILOT-2020003998	D	1	5	49574	714	48861	46409	1.0528	
PILOT-2020003998__D__gpt4o-mini__rep2.json	PILOT-2020003998	D	2	3	49574	605	48969	46409	1.0552	
PILOT-2020003998__D__gpt5.4__rep0.json	PILOT-2020003998	D	0	14	49574	2597	47010	46409	1.013	
PILOT-2020003998__D__gpt5.4__rep1.json	PILOT-2020003998	D	1	15	49574	2535	47071	46409	1.0143	
PILOT-2020003998__D__gpt5.4__rep2.json	PILOT-2020003998	D	2	15	49574	2617	46987	46409	1.0125	
PILOT-2020003998__D__haiku4.5__rep0.json	PILOT-2020003998	D	0	12	49574	3018	46663	46409	1.0055	
PILOT-2020003998__D__haiku4.5__rep1.json	PILOT-2020003998	D	1	12	49574	3595	46126	46409	0.9939	
PILOT-2020003998__D__haiku4.5__rep2.json	PILOT-2020003998	D	2	14	49574	3069	46617	46409	1.0045	
PILOT-2020003998__D__sonnet4__rep0.json	PILOT-2020003998	D	0	15	49574	2265	47332	46409	1.0199	
PILOT-2020003998__D__sonnet4__rep1.json	PILOT-2020003998	D	1	15	49574	2256	47340	46409	1.0201	
PILOT-2020003998__D__sonnet4__rep2.json	PILOT-2020003998	D	2	15	49574	2274	47322	46409	1.0197	
PILOT-2020003998__E__gpt4o-mini__rep0.json	PILOT-2020003998	E	0	5	49574	758	48817	46409	1.0519	
PILOT-2020003998__E__gpt4o-mini__rep1.json	PILOT-2020003998	E	1	12	49574	1499	48085	46409	1.0361	
PILOT-2020003998__E__gpt4o-mini__rep2.json	PILOT-2020003998	E	2	5	49574	700	48874	46409	1.0531	
PILOT-2020003998__E__gpt5.4__rep0.json	PILOT-2020003998	E	0	14	49574	2451	47152	46409	1.016	
PILOT-2020003998__E__gpt5.4__rep1.json	PILOT-2020003998	E	1	14	49574	2131	47460	46409	1.0226	
PILOT-2020003998__E__gpt5.4__rep2.json	PILOT-2020003998	E	2	14	49574	2547	47068	46409	1.0142	
PILOT-2020003998__E__haiku4.5__rep0.json	PILOT-2020003998	E	0	294	49574	3636	46041	46409	0.9921	
PILOT-2020003998__E__haiku4.5__rep1.json	PILOT-2020003998	E	1	295	49574	2705	46913	46409	1.0109	
PILOT-2020003998__E__haiku4.5__rep2.json	PILOT-2020003998	E	2	294	49574	3575	46094	46409	0.9932	
PILOT-2020003998__E__sonnet4__rep0.json	PILOT-2020003998	E	0	15	49574	2265	47333	46409	1.0199	
PILOT-2020003998__E__sonnet4__rep1.json	PILOT-2020003998	E	1	15	49574	2197	47398	46409	1.0213	
PILOT-2020003998__E__sonnet4__rep2.json	PILOT-2020003998	E	2	14	49574	2294	47304	46409	1.0193	
PILOT-2020003998__F__gpt4o-mini__rep0.json	PILOT-2020003998	F	0	2	49574	476	49098	46409	1.0579	
PILOT-2020003998__F__gpt4o-mini__rep1.json	PILOT-2020003998	F	1	5	49574	713	48862	46409	1.0529	
PILOT-2020003998__F__gpt4o-mini__rep2.json	PILOT-2020003998	F	2	2	49574	347	49227	46409	1.0607	
PILOT-2020003998__F__gpt5.4__rep0.json	PILOT-2020003998	F	0	14	49574	2630	46981	46409	1.0123	
PILOT-2020003998__F__gpt5.4__rep1.json	PILOT-2020003998	F	1	14	49574	2746	46869	46409	1.0099	
PILOT-2020003998__F__gpt5.4__rep2.json	PILOT-2020003998	F	2	14	49574	2951	46678	46409	1.0058	
PILOT-2020003998__F__haiku4.5__rep0.json	PILOT-2020003998	F	0	0			None		None	no_gen
PILOT-2020003998__F__haiku4.5__rep1.json	PILOT-2020003998	F	1	14	49574	2424	47182	46409	1.0167	
PILOT-2020003998__F__haiku4.5__rep2.json	PILOT-2020003998	F	2	13	49574	2935	46693	46409	1.0061	
PILOT-2020003998__F__sonnet4__rep0.json	PILOT-2020003998	F	0	15	49574	2302	47297	46409	1.0191	
PILOT-2020003998__F__sonnet4__rep1.json	PILOT-2020003998	F	1	15	49574	2302	47296	46409	1.0191	
PILOT-2020003998__F__sonnet4__rep2.json	PILOT-2020003998	F	2	15	49574	2302	47297	46409	1.0191	
PILOT-2020003998__G__gpt4o-mini__rep0.json	PILOT-2020003998	G	0	5	49574	757	48818	46409	1.0519	
PILOT-2020003998__G__gpt4o-mini__rep1.json	PILOT-2020003998	G	1	8	49574	965	48612	46409	1.0475	
PILOT-2020003998__G__gpt4o-mini__rep2.json	PILOT-2020003998	G	2	2	49574	489	49085	46409	1.0577	
PILOT-2020003998__G__gpt5.4__rep0.json	PILOT-2020003998	G	0	14	49574	2045	47542	46409	1.0244	
PILOT-2020003998__G__gpt5.4__rep1.json	PILOT-2020003998	G	1	15	49574	2551	47052	46409	1.0139	
PILOT-2020003998__G__gpt5.4__rep2.json	PILOT-2020003998	G	2	14	49574	2852	46769	46409	1.0078	
PILOT-2020003998__G__haiku4.5__rep0.json	PILOT-2020003998	G	0	8	49574	2393	47202	46409	1.0171	
PILOT-2020003998__G__haiku4.5__rep1.json	PILOT-2020003998	G	1	14	49574	2190	47403	46409	1.0214	
PILOT-2020003998__G__haiku4.5__rep2.json	PILOT-2020003998	G	2	13	49574	2100	47487	46409	1.0232	
PILOT-2020003998__G__sonnet4__rep0.json	PILOT-2020003998	G	0	15	49574	2392	47209	46409	1.0172	
PILOT-2020003998__G__sonnet4__rep1.json	PILOT-2020003998	G	1	15	49574	2258	47337	46409	1.02	
PILOT-2020003998__G__sonnet4__rep2.json	PILOT-2020003998	G	2	15	49574	2416	47185	46409	1.0167	
PILOT-2020003998__baseline__gpt4o-mini__rep0.json	PILOT-2020003998	baseline	0	12	49574	1381	48201	46409	1.0386	
PILOT-2020003998__baseline__gpt4o-mini__rep1.json	PILOT-2020003998	baseline	1	5	49574	699	48876	46409	1.0532	
PILOT-2020003998__baseline__gpt4o-mini__rep2.json	PILOT-2020003998	baseline	2	12	49574	1362	48219	46409	1.039	
PILOT-2020003998__baseline__gpt5.4__rep0.json	PILOT-2020003998	baseline	0	14	49574	3047	46585	46409	1.0038	
PILOT-2020003998__baseline__gpt5.4__rep1.json	PILOT-2020003998	baseline	1	14	49574	2801	46815	46409	1.0087	
PILOT-2020003998__baseline__gpt5.4__rep2.json	PILOT-2020003998	baseline	2	14	49574	2897	46729	46409	1.0069	
PILOT-2020003998__baseline__haiku4.5__rep0.json	PILOT-2020003998	baseline	0	294	49574	3694	46014	46409	0.9915	
PILOT-2020003998__baseline__haiku4.5__rep1.json	PILOT-2020003998	baseline	1	104	49574	17834	32111	46409	0.6919	
PILOT-2020003998__baseline__haiku4.5__rep2.json	PILOT-2020003998	baseline	2	295	49574	3110	46536	46409	1.0027	
PILOT-2020003998__baseline__sonnet4__rep0.json	PILOT-2020003998	baseline	0	15	49574	2247	47347	46409	1.0202	
PILOT-2020003998__baseline__sonnet4__rep1.json	PILOT-2020003998	baseline	1	15	49574	2257	47337	46409	1.02	
PILOT-2020003998__baseline__sonnet4__rep2.json	PILOT-2020003998	baseline	2	15	49574	2208	47385	46409	1.021	
PILOT-2020004768__A__gpt4o-mini__rep0.json	PILOT-2020004768	A	0	5	3302	1010	2384	1332	1.7898	
PILOT-2020004768__A__gpt4o-mini__rep1.json	PILOT-2020004768	A	1	5	3302	932	2391	1332	1.795	
PILOT-2020004768__A__gpt4o-mini__rep2.json	PILOT-2020004768	A	2	5	3302	972	2398	1332	1.8003	
PILOT-2020004768__A__gpt5.4__rep0.json	PILOT-2020004768	A	0	20	3302	3265	1147	1332	0.8611	
PILOT-2020004768__A__gpt5.4__rep1.json	PILOT-2020004768	A	1	20	3302	3054	936	1332	0.7027	
PILOT-2020004768__A__gpt5.4__rep2.json	PILOT-2020004768	A	2	20	3302	4145	1913	1332	1.4362	
PILOT-2020004768__A__haiku4.5__rep0.json	PILOT-2020004768	A	0	20	3302	2919	930	1332	0.6982	
PILOT-2020004768__A__haiku4.5__rep1.json	PILOT-2020004768	A	1	20	3302	2992	1009	1332	0.7575	
PILOT-2020004768__A__haiku4.5__rep2.json	PILOT-2020004768	A	2	20	3302	2940	951	1332	0.714	
PILOT-2020004768__A__sonnet4__rep0.json	PILOT-2020004768	A	0	20	3302	3059	914	1332	0.6862	
PILOT-2020004768__A__sonnet4__rep1.json	PILOT-2020004768	A	1	20	3302	3289	898	1332	0.6742	
PILOT-2020004768__A__sonnet4__rep2.json	PILOT-2020004768	A	2	20	3302	3376	978	1332	0.7342	
PILOT-2020004768__B__gpt4o-mini__rep0.json	PILOT-2020004768	B	0	5	3302	937	2391	1332	1.795	
PILOT-2020004768__B__gpt4o-mini__rep1.json	PILOT-2020004768	B	1	5	3302	1007	2334	1332	1.7523	
PILOT-2020004768__B__gpt4o-mini__rep2.json	PILOT-2020004768	B	2	6	3302	1103	2281	1332	1.7125	
PILOT-2020004768__B__gpt5.4__rep0.json	PILOT-2020004768	B	0	20	3302	4223	1840	1332	1.3814	
PILOT-2020004768__B__gpt5.4__rep1.json	PILOT-2020004768	B	1	20	3302	3283	962	1332	0.7222	
PILOT-2020004768__B__gpt5.4__rep2.json	PILOT-2020004768	B	2	20	3302	3370	1017	1332	0.7635	
PILOT-2020004768__B__haiku4.5__rep0.json	PILOT-2020004768	B	0	18	3302	2991	1061	1332	0.7965	
PILOT-2020004768__B__haiku4.5__rep1.json	PILOT-2020004768	B	1	20	3302	2237	1737	1332	1.3041	
PILOT-2020004768__B__haiku4.5__rep2.json	PILOT-2020004768	B	2	20	3302	3117	1005	1332	0.7545	
PILOT-2020004768__B__sonnet4__rep0.json	PILOT-2020004768	B	0	20	3302	2857	817	1332	0.6134	
PILOT-2020004768__B__sonnet4__rep1.json	PILOT-2020004768	B	1	20	3302	2731	733	1332	0.5503	
PILOT-2020004768__B__sonnet4__rep2.json	PILOT-2020004768	B	2	20	3302	3087	691	1332	0.5188	
PILOT-2020004768__C__gpt4o-mini__rep0.json	PILOT-2020004768	C	0	5	3302	968	2399	1332	1.8011	
PILOT-2020004768__C__gpt4o-mini__rep1.json	PILOT-2020004768	C	1	5	3302	958	2394	1332	1.7973	
PILOT-2020004768__C__gpt4o-mini__rep2.json	PILOT-2020004768	C	2	5	3302	938	2393	1332	1.7965	
PILOT-2020004768__C__gpt5.4__rep0.json	PILOT-2020004768	C	0	20	3302	3197	1194	1332	0.8964	
PILOT-2020004768__C__gpt5.4__rep1.json	PILOT-2020004768	C	1	20	3302	3190	1197	1332	0.8986	
PILOT-2020004768__C__gpt5.4__rep2.json	PILOT-2020004768	C	2	20	3302	3190	1197	1332	0.8986	
PILOT-2020004768__C__haiku4.5__rep0.json	PILOT-2020004768	C	0	20	3302	2994	1005	1332	0.7545	
PILOT-2020004768__C__haiku4.5__rep1.json	PILOT-2020004768	C	1	20	3302	2920	934	1332	0.7012	
PILOT-2020004768__C__haiku4.5__rep2.json	PILOT-2020004768	C	2	20	3302	2920	934	1332	0.7012	
PILOT-2020004768__C__sonnet4__rep0.json	PILOT-2020004768	C	0	20	3302	3122	731	1332	0.5488	
PILOT-2020004768__C__sonnet4__rep1.json	PILOT-2020004768	C	1	20	3302	3228	1049	1332	0.7875	
PILOT-2020004768__C__sonnet4__rep2.json	PILOT-2020004768	C	2	20	3302	3774	1373	1332	1.0308	
PILOT-2020004768__D__gpt4o-mini__rep0.json	PILOT-2020004768	D	0	5	3302	972	2398	1332	1.8003	
PILOT-2020004768__D__gpt4o-mini__rep1.json	PILOT-2020004768	D	1	5	3302	975	2390	1332	1.7943	
PILOT-2020004768__D__gpt4o-mini__rep2.json	PILOT-2020004768	D	2	5	3302	972	2398	1332	1.8003	
PILOT-2020004768__D__gpt5.4__rep0.json	PILOT-2020004768	D	0	20	3302	3315	1213	1332	0.9107	
PILOT-2020004768__D__gpt5.4__rep1.json	PILOT-2020004768	D	1	20	3302	3397	1232	1332	0.9249	
PILOT-2020004768__D__gpt5.4__rep2.json	PILOT-2020004768	D	2	20	3302	3211	1112	1332	0.8348	
PILOT-2020004768__D__haiku4.5__rep0.json	PILOT-2020004768	D	0	20	3302	2769	782	1332	0.5871	
PILOT-2020004768__D__haiku4.5__rep1.json	PILOT-2020004768	D	1	20	3302	3075	1056	1332	0.7928	
PILOT-2020004768__D__haiku4.5__rep2.json	PILOT-2020004768	D	2	20	3302	3357	1056	1332	0.7928	
PILOT-2020004768__D__sonnet4__rep0.json	PILOT-2020004768	D	0	20	3302	3285	1199	1332	0.9002	
PILOT-2020004768__D__sonnet4__rep1.json	PILOT-2020004768	D	1	20	3302	3326	957	1332	0.7185	
PILOT-2020004768__D__sonnet4__rep2.json	PILOT-2020004768	D	2	20	3302	3334	935	1332	0.702	
PILOT-2020004768__E__gpt4o-mini__rep0.json	PILOT-2020004768	E	0	5	3302	978	2388	1332	1.7928	
PILOT-2020004768__E__gpt4o-mini__rep1.json	PILOT-2020004768	E	1	5	3302	963	2393	1332	1.7965	
PILOT-2020004768__E__gpt4o-mini__rep2.json	PILOT-2020004768	E	2	5	3302	972	2387	1332	1.792	
PILOT-2020004768__E__gpt5.4__rep0.json	PILOT-2020004768	E	0	20	3302	3297	1212	1332	0.9099	
PILOT-2020004768__E__gpt5.4__rep1.json	PILOT-2020004768	E	1	20	3302	3750	1579	1332	1.1854	
PILOT-2020004768__E__gpt5.4__rep2.json	PILOT-2020004768	E	2	20	3302	3187	1190	1332	0.8934	
PILOT-2020004768__E__haiku4.5__rep0.json	PILOT-2020004768	E	0	20	3302	2898	909	1332	0.6824	
PILOT-2020004768__E__haiku4.5__rep1.json	PILOT-2020004768	E	1	20	3302	2898	909	1332	0.6824	
PILOT-2020004768__E__haiku4.5__rep2.json	PILOT-2020004768	E	2	20	3302	2919	930	1332	0.6982	
PILOT-2020004768__E__sonnet4__rep0.json	PILOT-2020004768	E	0	20	3302	2742	739	1332	0.5548	
PILOT-2020004768__E__sonnet4__rep1.json	PILOT-2020004768	E	1	20	3302	3118	909	1332	0.6824	
PILOT-2020004768__E__sonnet4__rep2.json	PILOT-2020004768	E	2	20	3302	2942	893	1332	0.6704	
PILOT-2020004768__F__gpt4o-mini__rep0.json	PILOT-2020004768	F	0	5	3302	968	2399	1332	1.8011	
PILOT-2020004768__F__gpt4o-mini__rep1.json	PILOT-2020004768	F	1	5	3302	971	2390	1332	1.7943	
PILOT-2020004768__F__gpt4o-mini__rep2.json	PILOT-2020004768	F	2	5	3302	968	2399	1332	1.8011	
PILOT-2020004768__F__gpt5.4__rep0.json	PILOT-2020004768	F	0	20	3302	3245	1146	1332	0.8604	
PILOT-2020004768__F__gpt5.4__rep1.json	PILOT-2020004768	F	1	20	3302	3245	1146	1332	0.8604	
PILOT-2020004768__F__gpt5.4__rep2.json	PILOT-2020004768	F	2	20	3302	3201	1076	1332	0.8078	
PILOT-2020004768__F__haiku4.5__rep0.json	PILOT-2020004768	F	0	20	3302	2729	736	1332	0.5526	
PILOT-2020004768__F__haiku4.5__rep1.json	PILOT-2020004768	F	1	20	3302	2789	799	1332	0.5998	
PILOT-2020004768__F__haiku4.5__rep2.json	PILOT-2020004768	F	2	20	3302	2818	699	1332	0.5248	
PILOT-2020004768__F__sonnet4__rep0.json	PILOT-2020004768	F	0	20	3302	3005	766	1332	0.5751	
PILOT-2020004768__F__sonnet4__rep1.json	PILOT-2020004768	F	1	20	3302	3124	852	1332	0.6396	
PILOT-2020004768__F__sonnet4__rep2.json	PILOT-2020004768	F	2	20	3302	3127	887	1332	0.6659	
PILOT-2020004768__G__gpt4o-mini__rep0.json	PILOT-2020004768	G	0	5	3302	974	2387	1332	1.792	
PILOT-2020004768__G__gpt4o-mini__rep1.json	PILOT-2020004768	G	1	5	3302	972	2398	1332	1.8003	
PILOT-2020004768__G__gpt4o-mini__rep2.json	PILOT-2020004768	G	2	5	3302	972	2398	1332	1.8003	
PILOT-2020004768__G__gpt5.4__rep0.json	PILOT-2020004768	G	0	20	3302	3181	1184	1332	0.8889	
PILOT-2020004768__G__gpt5.4__rep1.json	PILOT-2020004768	G	1	20	3302	3179	1076	1332	0.8078	
PILOT-2020004768__G__gpt5.4__rep2.json	PILOT-2020004768	G	2	20	3302	3247	1147	1332	0.8611	
PILOT-2020004768__G__haiku4.5__rep0.json	PILOT-2020004768	G	0	20	3302	2176	1409	1332	1.0578	
PILOT-2020004768__G__haiku4.5__rep1.json	PILOT-2020004768	G	1	20	3302	2971	1009	1332	0.7575	
PILOT-2020004768__G__haiku4.5__rep2.json	PILOT-2020004768	G	2	20	3302	2727	1035	1332	0.777	
PILOT-2020004768__G__sonnet4__rep0.json	PILOT-2020004768	G	0	20	3302	3044	938	1332	0.7042	
PILOT-2020004768__G__sonnet4__rep1.json	PILOT-2020004768	G	1	20	3302	3227	858	1332	0.6441	
PILOT-2020004768__G__sonnet4__rep2.json	PILOT-2020004768	G	2	20	3302	3251	889	1332	0.6674	
PILOT-2020004768__baseline__gpt4o-mini__rep0.json	PILOT-2020004768	baseline	0	5	3302	1016	2335	1332	1.753	
PILOT-2020004768__baseline__gpt4o-mini__rep1.json	PILOT-2020004768	baseline	1	5	3302	974	2388	1332	1.7928	
PILOT-2020004768__baseline__gpt4o-mini__rep2.json	PILOT-2020004768	baseline	2	5	3302	938	2393	1332	1.7965	
PILOT-2020004768__baseline__gpt5.4__rep0.json	PILOT-2020004768	baseline	0	20	3302	3321	1199	1332	0.9002	
PILOT-2020004768__baseline__gpt5.4__rep1.json	PILOT-2020004768	baseline	1	20	3302	3089	1088	1332	0.8168	
PILOT-2020004768__baseline__gpt5.4__rep2.json	PILOT-2020004768	baseline	2	20	3302	3265	1147	1332	0.8611	
PILOT-2020004768__baseline__haiku4.5__rep0.json	PILOT-2020004768	baseline	0	20	3302	3304	1154	1332	0.8664	
PILOT-2020004768__baseline__haiku4.5__rep1.json	PILOT-2020004768	baseline	1	20	3302	2919	930	1332	0.6982	
PILOT-2020004768__baseline__haiku4.5__rep2.json	PILOT-2020004768	baseline	2	20	3302	2940	951	1332	0.714	
PILOT-2020004768__baseline__sonnet4__rep0.json	PILOT-2020004768	baseline	0	20	3302	3259	868	1332	0.6517	
PILOT-2020004768__baseline__sonnet4__rep1.json	PILOT-2020004768	baseline	1	20	3302	3223	846	1332	0.6351	
PILOT-2020004768__baseline__sonnet4__rep2.json	PILOT-2020004768	baseline	2	20	3302	3146	777	1332	0.5833	
PILOT-2020006264__A__gpt4o-mini__rep0.json	PILOT-2020006264	A	0	2	4312	1445	2919	753	3.8765	
PILOT-2020006264__A__gpt4o-mini__rep1.json	PILOT-2020006264	A	1	20	4312	4058	433	753	0.575	
PILOT-2020006264__A__gpt4o-mini__rep2.json	PILOT-2020006264	A	2	2	4312	1582	2975	753	3.9509	
PILOT-2020006264__A__gpt5.4__rep0.json	PILOT-2020006264	A	0	20	4312	4897	830	753	1.1023	
PILOT-2020006264__A__gpt5.4__rep1.json	PILOT-2020006264	A	1	20	4312	4803	822	753	1.0916	
PILOT-2020006264__A__gpt5.4__rep2.json	PILOT-2020006264	A	2	20	4312	4590	609	753	0.8088	
PILOT-2020006264__A__haiku4.5__rep0.json	PILOT-2020006264	A	0	20	4312	5227	1216	753	1.6149	
PILOT-2020006264__A__haiku4.5__rep1.json	PILOT-2020006264	A	1	20	4312	6371	2224	753	2.9535	
PILOT-2020006264__A__haiku4.5__rep2.json	PILOT-2020006264	A	2	20	4312	4773	745	753	0.9894	
PILOT-2020006264__A__sonnet4__rep0.json	PILOT-2020006264	A	0	20	4312	4343	361	753	0.4794	
PILOT-2020006264__A__sonnet4__rep1.json	PILOT-2020006264	A	1	20	4312	4775	799	753	1.0611	
PILOT-2020006264__A__sonnet4__rep2.json	PILOT-2020006264	A	2	20	4312	5474	1390	753	1.8459	
PILOT-2020006264__B__gpt4o-mini__rep0.json	PILOT-2020006264	B	0	2	4312	1781	2842	753	3.7742	
PILOT-2020006264__B__gpt4o-mini__rep1.json	PILOT-2020006264	B	1	20	4312	4382	406	753	0.5392	
PILOT-2020006264__B__gpt4o-mini__rep2.json	PILOT-2020006264	B	2	20	4312	4382	406	753	0.5392	
PILOT-2020006264__B__gpt5.4__rep0.json	PILOT-2020006264	B	0	20	4312	4498	519	753	0.6892	
PILOT-2020006264__B__gpt5.4__rep1.json	PILOT-2020006264	B	1	20	4312	4959	938	753	1.2457	
PILOT-2020006264__B__gpt5.4__rep2.json	PILOT-2020006264	B	2	20	4312	4574	571	753	0.7583	
PILOT-2020006264__B__haiku4.5__rep0.json	PILOT-2020006264	B	0	20	4312	4740	761	753	1.0106	
PILOT-2020006264__B__haiku4.5__rep1.json	PILOT-2020006264	B	1	20	4312	5336	1249	753	1.6587	
PILOT-2020006264__B__haiku4.5__rep2.json	PILOT-2020006264	B	2	20	4312	5292	1208	753	1.6042	
PILOT-2020006264__B__sonnet4__rep0.json	PILOT-2020006264	B	0	20	4312	4481	505	753	0.6707	
PILOT-2020006264__B__sonnet4__rep1.json	PILOT-2020006264	B	1	20	4312	4448	472	753	0.6268	
PILOT-2020006264__B__sonnet4__rep2.json	PILOT-2020006264	B	2	20	4312	4948	918	753	1.2191	
PILOT-2020006264__C__gpt4o-mini__rep0.json	PILOT-2020006264	C	0	2	4312	1627	2736	753	3.6335	
PILOT-2020006264__C__gpt4o-mini__rep1.json	PILOT-2020006264	C	1	2	4312	1781	2842	753	3.7742	
PILOT-2020006264__C__gpt4o-mini__rep2.json	PILOT-2020006264	C	2	2	4312	1781	2842	753	3.7742	
PILOT-2020006264__C__gpt5.4__rep0.json	PILOT-2020006264	C	0	20	4312	4599	616	753	0.8181	
PILOT-2020006264__C__gpt5.4__rep1.json	PILOT-2020006264	C	1	20	4312	5142	1111	753	1.4754	
PILOT-2020006264__C__gpt5.4__rep2.json	PILOT-2020006264	C	2	20	4312	4817	785	753	1.0425	
PILOT-2020006264__C__haiku4.5__rep0.json	PILOT-2020006264	C	0	20	4312	7343	3192	753	4.239	
PILOT-2020006264__C__haiku4.5__rep1.json	PILOT-2020006264	C	1	20	4312	6202	2053	753	2.7264	
PILOT-2020006264__C__haiku4.5__rep2.json	PILOT-2020006264	C	2	20	4312	6454	2330	753	3.0943	
PILOT-2020006264__C__sonnet4__rep0.json	PILOT-2020006264	C	0	20	4312	4372	394	753	0.5232	
PILOT-2020006264__C__sonnet4__rep1.json	PILOT-2020006264	C	1	20	4312	4932	902	753	1.1979	
PILOT-2020006264__C__sonnet4__rep2.json	PILOT-2020006264	C	2	20	4312	4712	689	753	0.915	
PILOT-2020006264__D__gpt4o-mini__rep0.json	PILOT-2020006264	D	0	20	4312	4228	252	753	0.3347	
PILOT-2020006264__D__gpt4o-mini__rep1.json	PILOT-2020006264	D	1	2	4312	1627	2736	753	3.6335	
PILOT-2020006264__D__gpt4o-mini__rep2.json	PILOT-2020006264	D	2	2	4312	1627	2736	753	3.6335	
PILOT-2020006264__D__gpt5.4__rep0.json	PILOT-2020006264	D	0	20	4312	4515	1184	753	1.5724	
PILOT-2020006264__D__gpt5.4__rep1.json	PILOT-2020006264	D	1	20	4312	4925	938	753	1.2457	
PILOT-2020006264__D__gpt5.4__rep2.json	PILOT-2020006264	D	2	20	4312	5146	1138	753	1.5113	
PILOT-2020006264__D__haiku4.5__rep0.json	PILOT-2020006264	D	0	20	4312	7379	3220	753	4.2762	
PILOT-2020006264__D__haiku4.5__rep1.json	PILOT-2020006264	D	1	20	4312	7406	3247	753	4.3121	
PILOT-2020006264__D__haiku4.5__rep2.json	PILOT-2020006264	D	2	20	4312	7392	3231	753	4.2908	
PILOT-2020006264__D__sonnet4__rep0.json	PILOT-2020006264	D	0	20	4312	4952	916	753	1.2165	
PILOT-2020006264__D__sonnet4__rep1.json	PILOT-2020006264	D	1	20	4312	4961	925	753	1.2284	
PILOT-2020006264__D__sonnet4__rep2.json	PILOT-2020006264	D	2	20	4312	4675	644	753	0.8552	
PILOT-2020006264__E__gpt4o-mini__rep0.json	PILOT-2020006264	E	0	2	4312	1627	2736	753	3.6335	
PILOT-2020006264__E__gpt4o-mini__rep1.json	PILOT-2020006264	E	1	2	4312	1781	2842	753	3.7742	
PILOT-2020006264__E__gpt4o-mini__rep2.json	PILOT-2020006264	E	2	20	4312	4228	252	753	0.3347	
PILOT-2020006264__E__gpt5.4__rep0.json	PILOT-2020006264	E	0	20	4312	4409	433	753	0.575	
PILOT-2020006264__E__gpt5.4__rep1.json	PILOT-2020006264	E	1	20	4312	4266	694	753	0.9216	
PILOT-2020006264__E__gpt5.4__rep2.json	PILOT-2020006264	E	2	20	4312	4060	1206	753	1.6016	
PILOT-2020006264__E__haiku4.5__rep0.json	PILOT-2020006264	E	0	20	4312	4598	990	753	1.3147	
PILOT-2020006264__E__haiku4.5__rep1.json	PILOT-2020006264	E	1	20	4312	4828	796	753	1.0571	
PILOT-2020006264__E__haiku4.5__rep2.json	PILOT-2020006264	E	2	20	4312	4772	741	753	0.9841	
PILOT-2020006264__E__sonnet4__rep0.json	PILOT-2020006264	E	0	20	4312	4306	328	753	0.4356	
PILOT-2020006264__E__sonnet4__rep1.json	PILOT-2020006264	E	1	20	4312	4292	314	753	0.417	
PILOT-2020006264__E__sonnet4__rep2.json	PILOT-2020006264	E	2	20	4312	4292	314	753	0.417	
PILOT-2020006264__F__gpt4o-mini__rep0.json	PILOT-2020006264	F	0	2	4312	1627	2736	753	3.6335	
PILOT-2020006264__F__gpt4o-mini__rep1.json	PILOT-2020006264	F	1	2	4312	1627	2736	753	3.6335	
PILOT-2020006264__F__gpt4o-mini__rep2.json	PILOT-2020006264	F	2	2	4312	1627	2736	753	3.6335	
PILOT-2020006264__F__gpt5.4__rep0.json	PILOT-2020006264	F	0	20	4312	4804	819	753	1.0876	
PILOT-2020006264__F__gpt5.4__rep1.json	PILOT-2020006264	F	1	20	4312	4639	636	753	0.8446	
PILOT-2020006264__F__gpt5.4__rep2.json	PILOT-2020006264	F	2	20	4312	4726	741	753	0.9841	
PILOT-2020006264__F__haiku4.5__rep0.json	PILOT-2020006264	F	0	20	4312	5356	1271	753	1.6879	
PILOT-2020006264__F__haiku4.5__rep1.json	PILOT-2020006264	F	1	20	4312	4436	410	753	0.5445	
PILOT-2020006264__F__haiku4.5__rep2.json	PILOT-2020006264	F	2	20	4312	5427	1342	753	1.7822	
PILOT-2020006264__F__sonnet4__rep0.json	PILOT-2020006264	F	0	20	4312	4414	438	753	0.5817	
PILOT-2020006264__F__sonnet4__rep1.json	PILOT-2020006264	F	1	0			None		None	no_gen
PILOT-2020006264__F__sonnet4__rep2.json	PILOT-2020006264	F	2	0			None		None	no_gen
PILOT-2020006264__G__gpt4o-mini__rep0.json	PILOT-2020006264	G	0	2	4312	1781	2842	753	3.7742	
PILOT-2020006264__G__gpt4o-mini__rep1.json	PILOT-2020006264	G	1	2	4312	1781	2842	753	3.7742	
PILOT-2020006264__G__gpt4o-mini__rep2.json	PILOT-2020006264	G	2	2	4312	1673	2639	753	3.5046	
PILOT-2020006264__G__gpt5.4__rep0.json	PILOT-2020006264	G	0	20	4312	4678	652	753	0.8659	
PILOT-2020006264__G__gpt5.4__rep1.json	PILOT-2020006264	G	1	20	4312	4211	693	753	0.9203	
PILOT-2020006264__G__gpt5.4__rep2.json	PILOT-2020006264	G	2	20	4312	4369	393	753	0.5219	
PILOT-2020006264__G__haiku4.5__rep0.json	PILOT-2020006264	G	0	20	4312	6479	2330	753	3.0943	
PILOT-2020006264__G__haiku4.5__rep1.json	PILOT-2020006264	G	1	20	4312	6822	2673	753	3.5498	
PILOT-2020006264__G__haiku4.5__rep2.json	PILOT-2020006264	G	2	20	4312	6186	2035	753	2.7025	
PILOT-2020006264__G__sonnet4__rep0.json	PILOT-2020006264	G	0	20	4312	4343	361	753	0.4794	
PILOT-2020006264__G__sonnet4__rep1.json	PILOT-2020006264	G	1	20	4312	4814	778	753	1.0332	
PILOT-2020006264__G__sonnet4__rep2.json	PILOT-2020006264	G	2	20	4312	4306	328	753	0.4356	
PILOT-2020006264__baseline__gpt4o-mini__rep0.json	PILOT-2020006264	baseline	0	20	4312	4228	252	753	0.3347	
PILOT-2020006264__baseline__gpt4o-mini__rep1.json	PILOT-2020006264	baseline	1	2	4312	1781	2842	753	3.7742	
PILOT-2020006264__baseline__gpt4o-mini__rep2.json	PILOT-2020006264	baseline	2	2	4312	1627	2736	753	3.6335	
PILOT-2020006264__baseline__gpt5.4__rep0.json	PILOT-2020006264	baseline	0	20	4312	4240	264	753	0.3506	
PILOT-2020006264__baseline__gpt5.4__rep1.json	PILOT-2020006264	baseline	1	20	4312	4401	436	753	0.579	
PILOT-2020006264__baseline__gpt5.4__rep2.json	PILOT-2020006264	baseline	2	20	4312	4401	436	753	0.579	
PILOT-2020006264__baseline__haiku4.5__rep0.json	PILOT-2020006264	baseline	0	20	4312	6570	2463	753	3.2709	
PILOT-2020006264__baseline__haiku4.5__rep1.json	PILOT-2020006264	baseline	1	20	4312	5824	1733	753	2.3015	
PILOT-2020006264__baseline__haiku4.5__rep2.json	PILOT-2020006264	baseline	2	20	4312	6956	2806	753	3.7264	
PILOT-2020006264__baseline__sonnet4__rep0.json	PILOT-2020006264	baseline	0	20	4312	4466	490	753	0.6507	
PILOT-2020006264__baseline__sonnet4__rep1.json	PILOT-2020006264	baseline	1	20	4312	4419	441	753	0.5857	
PILOT-2020006264__baseline__sonnet4__rep2.json	PILOT-2020006264	baseline	2	20	4312	4372	394	753	0.5232	
PILOT-2020006435__A__gpt4o-mini__rep0.json	PILOT-2020006435	A	0	33	5730	5471	722	1021	0.7071	
PILOT-2020006435__A__gpt4o-mini__rep1.json	PILOT-2020006435	A	1	33	5730	5425	680	1021	0.666	
PILOT-2020006435__A__gpt4o-mini__rep2.json	PILOT-2020006435	A	2	33	5730	5609	837	1021	0.8198	
PILOT-2020006435__A__gpt5.4__rep0.json	PILOT-2020006435	A	0	33	5730	6672	1359	1021	1.331	
PILOT-2020006435__A__gpt5.4__rep1.json	PILOT-2020006435	A	1	33	5730	6210	1329	1021	1.3017	
PILOT-2020006435__A__gpt5.4__rep2.json	PILOT-2020006435	A	2	33	5730	6007	1189	1021	1.1645	
PILOT-2020006435__A__haiku4.5__rep0.json	PILOT-2020006435	A	0	33	5730	7136	2230	1021	2.1841	
PILOT-2020006435__A__haiku4.5__rep1.json	PILOT-2020006435	A	1	33	5730	6589	1754	1021	1.7179	
PILOT-2020006435__A__haiku4.5__rep2.json	PILOT-2020006435	A	2	33	5730	6648	1873	1021	1.8345	
PILOT-2020006435__A__sonnet4__rep0.json	PILOT-2020006435	A	0	33	5730	5565	810	1021	0.7933	
PILOT-2020006435__A__sonnet4__rep1.json	PILOT-2020006435	A	1	33	5730	5753	982	1021	0.9618	
PILOT-2020006435__A__sonnet4__rep2.json	PILOT-2020006435	A	2	33	5730	5660	907	1021	0.8883	
PILOT-2020006435__B__gpt4o-mini__rep0.json	PILOT-2020006435	B	0	33	5730	5552	614	1021	0.6014	
PILOT-2020006435__B__gpt4o-mini__rep1.json	PILOT-2020006435	B	1	33	5730	5428	490	1021	0.4799	
PILOT-2020006435__B__gpt4o-mini__rep2.json	PILOT-2020006435	B	2	33	5730	5552	616	1021	0.6033	
PILOT-2020006435__B__gpt5.4__rep0.json	PILOT-2020006435	B	0	33	5730	5632	720	1021	0.7052	
PILOT-2020006435__B__gpt5.4__rep1.json	PILOT-2020006435	B	1	33	5730	6250	1293	1021	1.2664	
PILOT-2020006435__B__gpt5.4__rep2.json	PILOT-2020006435	B	2	33	5730	6647	1704	1021	1.669	
PILOT-2020006435__B__haiku4.5__rep0.json	PILOT-2020006435	B	0	33	5730	6434	1476	1021	1.4456	
PILOT-2020006435__B__haiku4.5__rep1.json	PILOT-2020006435	B	1	33	5730	6285	1302	1021	1.2752	
PILOT-2020006435__B__haiku4.5__rep2.json	PILOT-2020006435	B	2	33	5730	6804	1769	1021	1.7326	
PILOT-2020006435__B__sonnet4__rep0.json	PILOT-2020006435	B	0	33	5730	5565	628	1021	0.6151	
PILOT-2020006435__B__sonnet4__rep1.json	PILOT-2020006435	B	1	33	5730	5574	637	1021	0.6239	
PILOT-2020006435__B__sonnet4__rep2.json	PILOT-2020006435	B	2	33	5730	5565	628	1021	0.6151	
PILOT-2020006435__C__gpt4o-mini__rep0.json	PILOT-2020006435	C	0	6	5730	1617	4241	1021	4.1538	
PILOT-2020006435__C__gpt4o-mini__rep1.json	PILOT-2020006435	C	1	3	5730	597	5143	1021	5.0372	
PILOT-2020006435__C__gpt4o-mini__rep2.json	PILOT-2020006435	C	2	3	5730	660	5078	1021	4.9736	
PILOT-2020006435__C__gpt5.4__rep0.json	PILOT-2020006435	C	0	33	5730	5781	1097	1021	1.0744	
PILOT-2020006435__C__gpt5.4__rep1.json	PILOT-2020006435	C	1	33	5730	6540	1618	1021	1.5847	
PILOT-2020006435__C__gpt5.4__rep2.json	PILOT-2020006435	C	2	33	5730	5632	720	1021	0.7052	
PILOT-2020006435__C__haiku4.5__rep0.json	PILOT-2020006435	C	0	33	5730	6295	1340	1021	1.3124	
PILOT-2020006435__C__haiku4.5__rep1.json	PILOT-2020006435	C	1	33	5730	6898	1970	1021	1.9295	
PILOT-2020006435__C__haiku4.5__rep2.json	PILOT-2020006435	C	2	33	5730	6297	1449	1021	1.4192	
PILOT-2020006435__C__sonnet4__rep0.json	PILOT-2020006435	C	0	33	5730	5698	752	1021	0.7365	
PILOT-2020006435__C__sonnet4__rep1.json	PILOT-2020006435	C	1	33	5730	5710	772	1021	0.7561	
PILOT-2020006435__C__sonnet4__rep2.json	PILOT-2020006435	C	2	33	5730	5698	752	1021	0.7365	
PILOT-2020006435__D__gpt4o-mini__rep0.json	PILOT-2020006435	D	0	33	5730	5525	589	1021	0.5769	
PILOT-2020006435__D__gpt4o-mini__rep1.json	PILOT-2020006435	D	1	3	5730	597	5143	1021	5.0372	
PILOT-2020006435__D__gpt4o-mini__rep2.json	PILOT-2020006435	D	2	3	5730	597	5143	1021	5.0372	
PILOT-2020006435__D__gpt5.4__rep0.json	PILOT-2020006435	D	0	33	5730	5632	720	1021	0.7052	
PILOT-2020006435__D__gpt5.4__rep1.json	PILOT-2020006435	D	1	33	5730	5632	720	1021	0.7052	
PILOT-2020006435__D__gpt5.4__rep2.json	PILOT-2020006435	D	2	33	5730	5827	883	1021	0.8648	
PILOT-2020006435__D__haiku4.5__rep0.json	PILOT-2020006435	D	0	33	5730	6448	1507	1021	1.476	
PILOT-2020006435__D__haiku4.5__rep1.json	PILOT-2020006435	D	1	33	5730	6781	1808	1021	1.7708	
PILOT-2020006435__D__haiku4.5__rep2.json	PILOT-2020006435	D	2	33	5730	6203	1264	1021	1.238	
PILOT-2020006435__D__sonnet4__rep0.json	PILOT-2020006435	D	0	33	5730	5571	632	1021	0.619	
PILOT-2020006435__D__sonnet4__rep1.json	PILOT-2020006435	D	1	33	5730	5569	630	1021	0.617	
PILOT-2020006435__D__sonnet4__rep2.json	PILOT-2020006435	D	2	33	5730	5847	908	1021	0.8893	
PILOT-2020006435__E__gpt4o-mini__rep0.json	PILOT-2020006435	E	0	9	5730	1855	3981	1021	3.8991	
PILOT-2020006435__E__gpt4o-mini__rep1.json	PILOT-2020006435	E	1	33	5730	5633	695	1021	0.6807	
PILOT-2020006435__E__gpt4o-mini__rep2.json	PILOT-2020006435	E	2	6	5730	1747	4077	1021	3.9931	
PILOT-2020006435__E__gpt5.4__rep0.json	PILOT-2020006435	E	0	33	5730	6537	1603	1021	1.57	
PILOT-2020006435__E__gpt5.4__rep1.json	PILOT-2020006435	E	1	33	5730	5337	1913	1021	1.8737	
PILOT-2020006435__E__gpt5.4__rep2.json	PILOT-2020006435	E	2	33	5730	5632	718	1021	0.7032	
PILOT-2020006435__E__haiku4.5__rep0.json	PILOT-2020006435	E	0	33	5730	6348	1408	1021	1.379	
PILOT-2020006435__E__haiku4.5__rep1.json	PILOT-2020006435	E	1	33	5730	6616	1669	1021	1.6347	
PILOT-2020006435__E__haiku4.5__rep2.json	PILOT-2020006435	E	2	33	5730	5947	1008	1021	0.9873	
PILOT-2020006435__E__sonnet4__rep0.json	PILOT-2020006435	E	0	33	5730	5690	744	1021	0.7287	
PILOT-2020006435__E__sonnet4__rep1.json	PILOT-2020006435	E	1	33	5730	5735	796	1021	0.7796	
PILOT-2020006435__E__sonnet4__rep2.json	PILOT-2020006435	E	2	33	5730	5733	798	1021	0.7816	
PILOT-2020006435__F__gpt4o-mini__rep0.json	PILOT-2020006435	F	0	33	5730	6021	1079	1021	1.0568	
PILOT-2020006435__F__gpt4o-mini__rep1.json	PILOT-2020006435	F	1	33	5730	5396	462	1021	0.4525	
PILOT-2020006435__F__gpt4o-mini__rep2.json	PILOT-2020006435	F	2	33	5730	5544	608	1021	0.5955	
PILOT-2020006435__F__gpt5.4__rep0.json	PILOT-2020006435	F	0	33	5730	6104	1192	1021	1.1675	
PILOT-2020006435__F__gpt5.4__rep1.json	PILOT-2020006435	F	1	33	5730	5632	720	1021	0.7052	
PILOT-2020006435__F__gpt5.4__rep2.json	PILOT-2020006435	F	2	33	5730	5782	870	1021	0.8521	
PILOT-2020006435__F__haiku4.5__rep0.json	PILOT-2020006435	F	0	33	5730	6244	1352	1021	1.3242	
PILOT-2020006435__F__haiku4.5__rep1.json	PILOT-2020006435	F	1	33	5730	6994	2018	1021	1.9765	
PILOT-2020006435__F__haiku4.5__rep2.json	PILOT-2020006435	F	2	33	5730	6241	1364	1021	1.3359	
PILOT-2020006435__F__sonnet4__rep0.json	PILOT-2020006435	F	0	33	5730	5545	608	1021	0.5955	
PILOT-2020006435__F__sonnet4__rep1.json	PILOT-2020006435	F	1	33	5730	5553	616	1021	0.6033	
PILOT-2020006435__F__sonnet4__rep2.json	PILOT-2020006435	F	2	33	5730	5551	612	1021	0.5994	
PILOT-2020006435__G__gpt4o-mini__rep0.json	PILOT-2020006435	G	0	29	5730	5008	1091	1021	1.0686	
PILOT-2020006435__G__gpt4o-mini__rep1.json	PILOT-2020006435	G	1	9	5730	1791	4006	1021	3.9236	
PILOT-2020006435__G__gpt4o-mini__rep2.json	PILOT-2020006435	G	2	33	5730	6021	1079	1021	1.0568	
PILOT-2020006435__G__gpt5.4__rep0.json	PILOT-2020006435	G	0	33	5730	6668	1688	1021	1.6533	
PILOT-2020006435__G__gpt5.4__rep1.json	PILOT-2020006435	G	1	33	5730	5944	1015	1021	0.9941	
PILOT-2020006435__G__gpt5.4__rep2.json	PILOT-2020006435	G	2	33	5730	6045	1116	1021	1.093	
PILOT-2020006435__G__haiku4.5__rep0.json	PILOT-2020006435	G	0	33	5730	6293	1336	1021	1.3085	
PILOT-2020006435__G__haiku4.5__rep1.json	PILOT-2020006435	G	1	33	5730	6445	1463	1021	1.4329	
PILOT-2020006435__G__haiku4.5__rep2.json	PILOT-2020006435	G	2	33	5730	6304	1368	1021	1.3399	
PILOT-2020006435__G__sonnet4__rep0.json	PILOT-2020006435	G	0	33	5730	5553	616	1021	0.6033	
PILOT-2020006435__G__sonnet4__rep1.json	PILOT-2020006435	G	1	33	5730	5553	616	1021	0.6033	
PILOT-2020006435__G__sonnet4__rep2.json	PILOT-2020006435	G	2	33	5730	6315	1391	1021	1.3624	
PILOT-2020006435__baseline__gpt4o-mini__rep0.json	PILOT-2020006435	baseline	0	3	5730	597	5143	1021	5.0372	
PILOT-2020006435__baseline__gpt4o-mini__rep1.json	PILOT-2020006435	baseline	1	10	5730	2138	3761	1021	3.6836	
PILOT-2020006435__baseline__gpt4o-mini__rep2.json	PILOT-2020006435	baseline	2	33	5730	5525	589	1021	0.5769	
PILOT-2020006435__baseline__gpt5.4__rep0.json	PILOT-2020006435	baseline	0	33	5730	6776	1769	1021	1.7326	
PILOT-2020006435__baseline__gpt5.4__rep1.json	PILOT-2020006435	baseline	1	33	5730	6659	1696	1021	1.6611	
PILOT-2020006435__baseline__gpt5.4__rep2.json	PILOT-2020006435	baseline	2	33	5730	6750	1801	1021	1.764	
PILOT-2020006435__baseline__haiku4.5__rep0.json	PILOT-2020006435	baseline	0	33	5730	6110	1173	1021	1.1489	
PILOT-2020006435__baseline__haiku4.5__rep1.json	PILOT-2020006435	baseline	1	33	5730	6564	1583	1021	1.5504	
PILOT-2020006435__baseline__haiku4.5__rep2.json	PILOT-2020006435	baseline	2	33	5730	6667	1785	1021	1.7483	
PILOT-2020006435__baseline__sonnet4__rep0.json	PILOT-2020006435	baseline	0	33	5730	5671	751	1021	0.7356	
PILOT-2020006435__baseline__sonnet4__rep1.json	PILOT-2020006435	baseline	1	33	5730	5677	731	1021	0.716	
PILOT-2020006435__baseline__sonnet4__rep2.json	PILOT-2020006435	baseline	2	33	5730	5572	659	1021	0.6454	
PILOT-2021000834__A__gpt4o-mini__rep0.json	PILOT-2021000834	A	0	5	4172	1418	2925	617	4.7407	
PILOT-2021000834__A__gpt4o-mini__rep1.json	PILOT-2021000834	A	1	6	4172	1692	2762	617	4.4765	
PILOT-2021000834__A__gpt4o-mini__rep2.json	PILOT-2021000834	A	2	5	4172	1401	2884	617	4.6742	
PILOT-2021000834__A__gpt5.4__rep0.json	PILOT-2021000834	A	0	20	4172	4371	303	617	0.4911	
PILOT-2021000834__A__gpt5.4__rep1.json	PILOT-2021000834	A	1	20	4172	4421	353	617	0.5721	
PILOT-2021000834__A__gpt5.4__rep2.json	PILOT-2021000834	A	2	20	4172	4410	342	617	0.5543	
PILOT-2021000834__A__haiku4.5__rep0.json	PILOT-2021000834	A	0	20	4172	4501	397	617	0.6434	
PILOT-2021000834__A__haiku4.5__rep1.json	PILOT-2021000834	A	1	20	4172	4218	149	617	0.2415	
PILOT-2021000834__A__haiku4.5__rep2.json	PILOT-2021000834	A	2	20	4172	4640	532	617	0.8622	
PILOT-2021000834__A__sonnet4__rep0.json	PILOT-2021000834	A	0	20	4172	4473	410	617	0.6645	
PILOT-2021000834__A__sonnet4__rep1.json	PILOT-2021000834	A	1	20	4172	4451	326	617	0.5284	
PILOT-2021000834__A__sonnet4__rep2.json	PILOT-2021000834	A	2	20	4172	4360	295	617	0.4781	
PILOT-2021000834__B__gpt4o-mini__rep0.json	PILOT-2021000834	B	0	6	4172	1517	2889	617	4.6823	
PILOT-2021000834__B__gpt4o-mini__rep1.json	PILOT-2021000834	B	1	6	4172	1689	2738	617	4.4376	
PILOT-2021000834__B__gpt4o-mini__rep2.json	PILOT-2021000834	B	2	6	4172	1206	3054	617	4.9498	
PILOT-2021000834__B__gpt5.4__rep0.json	PILOT-2021000834	B	0	20	4172	4557	481	617	0.7796	
PILOT-2021000834__B__gpt5.4__rep1.json	PILOT-2021000834	B	1	20	4172	4424	334	617	0.5413	
PILOT-2021000834__B__gpt5.4__rep2.json	PILOT-2021000834	B	2	20	4172	4417	301	617	0.4878	
PILOT-2021000834__B__haiku4.5__rep0.json	PILOT-2021000834	B	0	20	4172	4660	500	617	0.8104	
PILOT-2021000834__B__haiku4.5__rep1.json	PILOT-2021000834	B	1	20	4172	5193	1027	617	1.6645	
PILOT-2021000834__B__haiku4.5__rep2.json	PILOT-2021000834	B	2	20	4172	4870	699	617	1.1329	
PILOT-2021000834__B__sonnet4__rep0.json	PILOT-2021000834	B	0	20	4172	4987	875	617	1.4182	
PILOT-2021000834__B__sonnet4__rep1.json	PILOT-2021000834	B	1	20	4172	4576	415	617	0.6726	
PILOT-2021000834__B__sonnet4__rep2.json	PILOT-2021000834	B	2	20	4172	4555	395	617	0.6402	
PILOT-2021000834__C__gpt4o-mini__rep0.json	PILOT-2021000834	C	0	6	4172	1697	2719	617	4.4068	
PILOT-2021000834__C__gpt4o-mini__rep1.json	PILOT-2021000834	C	1	6	4172	1191	3048	617	4.94	
PILOT-2021000834__C__gpt4o-mini__rep2.json	PILOT-2021000834	C	2	6	4172	1684	2709	617	4.3906	
PILOT-2021000834__C__gpt5.4__rep0.json	PILOT-2021000834	C	0	20	4172	4410	342	617	0.5543	
PILOT-2021000834__C__gpt5.4__rep1.json	PILOT-2021000834	C	1	20	4172	4266	358	617	0.5802	
PILOT-2021000834__C__gpt5.4__rep2.json	PILOT-2021000834	C	2	20	4172	4421	353	617	0.5721	
PILOT-2021000834__C__haiku4.5__rep0.json	PILOT-2021000834	C	0	20	4172	4105	1187	617	1.9238	
PILOT-2021000834__C__haiku4.5__rep1.json	PILOT-2021000834	C	1	20	4172	4390	287	617	0.4652	
PILOT-2021000834__C__haiku4.5__rep2.json	PILOT-2021000834	C	2	20	4172	4390	287	617	0.4652	
PILOT-2021000834__C__sonnet4__rep0.json	PILOT-2021000834	C	0	20	4172	4506	442	617	0.7164	
PILOT-2021000834__C__sonnet4__rep1.json	PILOT-2021000834	C	1	20	4172	4340	250	617	0.4052	
PILOT-2021000834__C__sonnet4__rep2.json	PILOT-2021000834	C	2	20	4172	4460	366	617	0.5932	
PILOT-2021000834__D__gpt4o-mini__rep0.json	PILOT-2021000834	D	0	6	4172	1590	2799	617	4.5365	
PILOT-2021000834__D__gpt4o-mini__rep1.json	PILOT-2021000834	D	1	6	4172	1736	2653	617	4.2998	
PILOT-2021000834__D__gpt4o-mini__rep2.json	PILOT-2021000834	D	2	6	4172	1528	2756	617	4.4668	
PILOT-2021000834__D__gpt5.4__rep0.json	PILOT-2021000834	D	0	20	4172	4421	353	617	0.5721	
PILOT-2021000834__D__gpt5.4__rep1.json	PILOT-2021000834	D	1	20	4172	4456	389	617	0.6305	
PILOT-2021000834__D__gpt5.4__rep2.json	PILOT-2021000834	D	2	20	4172	4368	300	617	0.4862	
PILOT-2021000834__D__haiku4.5__rep0.json	PILOT-2021000834	D	0	20	4172	3874	884	617	1.4327	
PILOT-2021000834__D__haiku4.5__rep1.json	PILOT-2021000834	D	1	20	4172	4692	623	617	1.0097	
PILOT-2021000834__D__haiku4.5__rep2.json	PILOT-2021000834	D	2	20	4172	4362	293	617	0.4749	
PILOT-2021000834__D__sonnet4__rep0.json	PILOT-2021000834	D	0	20	4172	4416	339	617	0.5494	
PILOT-2021000834__D__sonnet4__rep1.json	PILOT-2021000834	D	1	20	4172	4566	490	617	0.7942	
PILOT-2021000834__D__sonnet4__rep2.json	PILOT-2021000834	D	2	20	4172	4416	339	617	0.5494	
PILOT-2021000834__E__gpt4o-mini__rep0.json	PILOT-2021000834	E	0	6	4172	1692	2746	617	4.4506	
PILOT-2021000834__E__gpt4o-mini__rep1.json	PILOT-2021000834	E	1	6	4172	1689	2744	617	4.4473	
PILOT-2021000834__E__gpt4o-mini__rep2.json	PILOT-2021000834	E	2	6	4172	1514	2804	617	4.5446	
PILOT-2021000834__E__gpt5.4__rep0.json	PILOT-2021000834	E	0	20	4172	4414	347	617	0.5624	
PILOT-2021000834__E__gpt5.4__rep1.json	PILOT-2021000834	E	1	20	4172	4410	342	617	0.5543	
PILOT-2021000834__E__gpt5.4__rep2.json	PILOT-2021000834	E	2	20	4172	4366	297	617	0.4814	
PILOT-2021000834__E__haiku4.5__rep0.json	PILOT-2021000834	E	0	20	4172	4222	153	617	0.248	
PILOT-2021000834__E__haiku4.5__rep1.json	PILOT-2021000834	E	1	20	4172	4323	253	617	0.41	
PILOT-2021000834__E__haiku4.5__rep2.json	PILOT-2021000834	E	2	20	4172	4268	199	617	0.3225	
PILOT-2021000834__E__sonnet4__rep0.json	PILOT-2021000834	E	0	20	4172	4315	238	617	0.3857	
PILOT-2021000834__E__sonnet4__rep1.json	PILOT-2021000834	E	1	20	4172	4221	144	617	0.2334	
PILOT-2021000834__E__sonnet4__rep2.json	PILOT-2021000834	E	2	20	4172	4225	150	617	0.2431	
PILOT-2021000834__F__gpt4o-mini__rep0.json	PILOT-2021000834	F	0	6	4172	1621	2749	617	4.4554	
PILOT-2021000834__F__gpt4o-mini__rep1.json	PILOT-2021000834	F	1	6	4172	1649	2662	617	4.3144	
PILOT-2021000834__F__gpt4o-mini__rep2.json	PILOT-2021000834	F	2	6	4172	1737	2698	617	4.3728	
PILOT-2021000834__F__gpt5.4__rep0.json	PILOT-2021000834	F	0	20	4172	4160	589	617	0.9546	
PILOT-2021000834__F__gpt5.4__rep1.json	PILOT-2021000834	F	1	20	4172	4293	450	617	0.7293	
PILOT-2021000834__F__gpt5.4__rep2.json	PILOT-2021000834	F	2	20	4172	3566	1123	617	1.8201	
PILOT-2021000834__F__haiku4.5__rep0.json	PILOT-2021000834	F	0	20	4172	4272	203	617	0.329	
PILOT-2021000834__F__haiku4.5__rep1.json	PILOT-2021000834	F	1	20	4172	4390	287	617	0.4652	
PILOT-2021000834__F__haiku4.5__rep2.json	PILOT-2021000834	F	2	20	4172	4271	194	617	0.3144	
PILOT-2021000834__F__sonnet4__rep0.json	PILOT-2021000834	F	0	20	4172	4507	440	617	0.7131	
PILOT-2021000834__F__sonnet4__rep1.json	PILOT-2021000834	F	1	20	4172	4344	264	617	0.4279	
PILOT-2021000834__F__sonnet4__rep2.json	PILOT-2021000834	F	2	20	4172	4503	436	617	0.7066	
PILOT-2021000834__G__gpt4o-mini__rep0.json	PILOT-2021000834	G	0	6	4172	1647	2793	617	4.5267	
PILOT-2021000834__G__gpt4o-mini__rep1.json	PILOT-2021000834	G	1	6	4172	1773	2660	617	4.3112	
PILOT-2021000834__G__gpt4o-mini__rep2.json	PILOT-2021000834	G	2	6	4172	1683	2696	617	4.3695	
PILOT-2021000834__G__gpt5.4__rep0.json	PILOT-2021000834	G	0	20	4172	4293	450	617	0.7293	
PILOT-2021000834__G__gpt5.4__rep1.json	PILOT-2021000834	G	1	20	4172	4592	491	617	0.7958	
PILOT-2021000834__G__gpt5.4__rep2.json	PILOT-2021000834	G	2	20	4172	4426	358	617	0.5802	
PILOT-2021000834__G__haiku4.5__rep0.json	PILOT-2021000834	G	0	20	4172	4369	206	617	0.3339	
PILOT-2021000834__G__haiku4.5__rep1.json	PILOT-2021000834	G	1	20	4172	4387	471	617	0.7634	
PILOT-2021000834__G__haiku4.5__rep2.json	PILOT-2021000834	G	2	20	4172	4382	218	617	0.3533	
PILOT-2021000834__G__sonnet4__rep0.json	PILOT-2021000834	G	0	20	4172	4573	412	617	0.6677	
PILOT-2021000834__G__sonnet4__rep1.json	PILOT-2021000834	G	1	20	4172	4597	436	617	0.7066	
PILOT-2021000834__G__sonnet4__rep2.json	PILOT-2021000834	G	2	20	4172	4514	349	617	0.5656	
PILOT-2021000834__baseline__gpt4o-mini__rep0.json	PILOT-2021000834	baseline	0	6	4172	1089	3123	617	5.0616	
PILOT-2021000834__baseline__gpt4o-mini__rep1.json	PILOT-2021000834	baseline	1	6	4172	1213	3045	617	4.9352	
PILOT-2021000834__baseline__gpt4o-mini__rep2.json	PILOT-2021000834	baseline	2	6	4172	1645	2758	617	4.47	
PILOT-2021000834__baseline__gpt5.4__rep0.json	PILOT-2021000834	baseline	0	20	4172	4507	439	617	0.7115	
PILOT-2021000834__baseline__gpt5.4__rep1.json	PILOT-2021000834	baseline	1	20	4172	4447	379	617	0.6143	
PILOT-2021000834__baseline__gpt5.4__rep2.json	PILOT-2021000834	baseline	2	20	4172	4419	350	617	0.5673	
PILOT-2021000834__baseline__haiku4.5__rep0.json	PILOT-2021000834	baseline	0	20	4172	4440	337	617	0.5462	
PILOT-2021000834__baseline__haiku4.5__rep1.json	PILOT-2021000834	baseline	1	20	4172	4390	287	617	0.4652	
PILOT-2021000834__baseline__haiku4.5__rep2.json	PILOT-2021000834	baseline	2	20	4172	4440	337	617	0.5462	
PILOT-2021000834__baseline__sonnet4__rep0.json	PILOT-2021000834	baseline	0	20	4172	4395	275	617	0.4457	
PILOT-2021000834__baseline__sonnet4__rep1.json	PILOT-2021000834	baseline	1	20	4172	4450	377	617	0.611	
PILOT-2021000834__baseline__sonnet4__rep2.json	PILOT-2021000834	baseline	2	20	4172	4304	220	617	0.3566	
PILOT-2021001124__A__gpt4o-mini__rep0.json	PILOT-2021001124	A	0	9	6936	6234	2017	6855	0.2942	
PILOT-2021001124__A__gpt4o-mini__rep1.json	PILOT-2021001124	A	1	8	6936	6010	1825	6855	0.2662	
PILOT-2021001124__A__gpt4o-mini__rep2.json	PILOT-2021001124	A	2	7	6936	5015	2222	6855	0.3241	
PILOT-2021001124__A__gpt5.4__rep0.json	PILOT-2021001124	A	0	15	6936	7618	858	6855	0.1252	
PILOT-2021001124__A__gpt5.4__rep1.json	PILOT-2021001124	A	1	15	6936	7569	862	6855	0.1257	
PILOT-2021001124__A__gpt5.4__rep2.json	PILOT-2021001124	A	2	15	6936	7021	574	6855	0.0837	
PILOT-2021001124__A__haiku4.5__rep0.json	PILOT-2021001124	A	0	15	6936	7957	1345	6855	0.1962	
PILOT-2021001124__A__haiku4.5__rep1.json	PILOT-2021001124	A	1	15	6936	8938	2298	6855	0.3352	
PILOT-2021001124__A__haiku4.5__rep2.json	PILOT-2021001124	A	2	15	6936	8723	2087	6855	0.3044	
PILOT-2021001124__A__sonnet4__rep0.json	PILOT-2021001124	A	0	15	6936	8249	1735	6855	0.2531	
PILOT-2021001124__A__sonnet4__rep1.json	PILOT-2021001124	A	1	11	6936	6775	2054	6855	0.2996	
PILOT-2021001124__A__sonnet4__rep2.json	PILOT-2021001124	A	2	11	6936	6787	1994	6855	0.2909	
PILOT-2021001124__B__gpt4o-mini__rep0.json	PILOT-2021001124	B	0	8	6936	5521	1936	6855	0.2824	
PILOT-2021001124__B__gpt4o-mini__rep1.json	PILOT-2021001124	B	1	8	6936	5816	1522	6855	0.222	
PILOT-2021001124__B__gpt4o-mini__rep2.json	PILOT-2021001124	B	2	8	6936	5546	1977	6855	0.2884	
PILOT-2021001124__B__gpt5.4__rep0.json	PILOT-2021001124	B	0	11	6936	7649	2201	6855	0.3211	
PILOT-2021001124__B__gpt5.4__rep1.json	PILOT-2021001124	B	1	15	6936	7799	1040	6855	0.1517	
PILOT-2021001124__B__gpt5.4__rep2.json	PILOT-2021001124	B	2	15	6936	8175	1388	6855	0.2025	
PILOT-2021001124__B__haiku4.5__rep0.json	PILOT-2021001124	B	0	11	6936	7738	2106	6855	0.3072	
PILOT-2021001124__B__haiku4.5__rep1.json	PILOT-2021001124	B	1	15	6936	9033	2242	6855	0.3271	
PILOT-2021001124__B__haiku4.5__rep2.json	PILOT-2021001124	B	2	15	6936	9480	2694	6855	0.393	
PILOT-2021001124__B__sonnet4__rep0.json	PILOT-2021001124	B	0	15	6936	7606	823	6855	0.1201	
PILOT-2021001124__B__sonnet4__rep1.json	PILOT-2021001124	B	1	15	6936	7666	888	6855	0.1295	
PILOT-2021001124__B__sonnet4__rep2.json	PILOT-2021001124	B	2	15	6936	7552	764	6855	0.1115	
PILOT-2021001124__C__gpt4o-mini__rep0.json	PILOT-2021001124	C	0	6	6936	5140	2201	6855	0.3211	
PILOT-2021001124__C__gpt4o-mini__rep1.json	PILOT-2021001124	C	1	9	6936	6237	1737	6855	0.2534	
PILOT-2021001124__C__gpt4o-mini__rep2.json	PILOT-2021001124	C	2	9	6936	6349	1779	6855	0.2595	
PILOT-2021001124__C__gpt5.4__rep0.json	PILOT-2021001124	C	0	15	6936	8202	1491	6855	0.2175	
PILOT-2021001124__C__gpt5.4__rep1.json	PILOT-2021001124	C	1	15	6936	7524	920	6855	0.1342	
PILOT-2021001124__C__gpt5.4__rep2.json	PILOT-2021001124	C	2	15	6936	8576	1788	6855	0.2608	
PILOT-2021001124__C__haiku4.5__rep0.json	PILOT-2021001124	C	0	15	6936	10164	3357	6855	0.4897	
PILOT-2021001124__C__haiku4.5__rep1.json	PILOT-2021001124	C	1	15	6936	8431	1643	6855	0.2397	
PILOT-2021001124__C__haiku4.5__rep2.json	PILOT-2021001124	C	2	15	6936	9668	2882	6855	0.4204	
PILOT-2021001124__C__sonnet4__rep0.json	PILOT-2021001124	C	0	15	6936	7939	1156	6855	0.1686	
PILOT-2021001124__C__sonnet4__rep1.json	PILOT-2021001124	C	1	15	6936	7757	976	6855	0.1424	
PILOT-2021001124__C__sonnet4__rep2.json	PILOT-2021001124	C	2	15	6936	7955	1127	6855	0.1644	
PILOT-2021001124__D__gpt4o-mini__rep0.json	PILOT-2021001124	D	0	6	6936	4714	2353	6855	0.3433	
PILOT-2021001124__D__gpt4o-mini__rep1.json	PILOT-2021001124	D	1	8	6936	5484	1895	6855	0.2764	
PILOT-2021001124__D__gpt4o-mini__rep2.json	PILOT-2021001124	D	2	9	6936	5758	1503	6855	0.2193	
PILOT-2021001124__D__gpt5.4__rep0.json	PILOT-2021001124	D	0	15	6936	9015	2230	6855	0.3253	
PILOT-2021001124__D__gpt5.4__rep1.json	PILOT-2021001124	D	1	15	6936	8126	1341	6855	0.1956	
PILOT-2021001124__D__gpt5.4__rep2.json	PILOT-2021001124	D	2	15	6936	8743	1954	6855	0.285	
PILOT-2021001124__D__haiku4.5__rep0.json	PILOT-2021001124	D	0	15	6936	8779	1983	6855	0.2893	
PILOT-2021001124__D__haiku4.5__rep1.json	PILOT-2021001124	D	1	15	6936	8797	2005	6855	0.2925	
PILOT-2021001124__D__haiku4.5__rep2.json	PILOT-2021001124	D	2	15	6936	8500	1708	6855	0.2492	
PILOT-2021001124__D__sonnet4__rep0.json	PILOT-2021001124	D	0	15	6936	7999	1173	6855	0.1711	
PILOT-2021001124__D__sonnet4__rep1.json	PILOT-2021001124	D	1	11	6936	7395	2287	6855	0.3336	
PILOT-2021001124__D__sonnet4__rep2.json	PILOT-2021001124	D	2	11	6936	7592	2468	6855	0.36	
PILOT-2021001124__E__gpt4o-mini__rep0.json	PILOT-2021001124	E	0	7	6936	5269	1887	6855	0.2753	
PILOT-2021001124__E__gpt4o-mini__rep1.json	PILOT-2021001124	E	1	9	6936	6018	1826	6855	0.2664	
PILOT-2021001124__E__gpt4o-mini__rep2.json	PILOT-2021001124	E	2	9	6936	5794	1576	6855	0.2299	
PILOT-2021001124__E__gpt5.4__rep0.json	PILOT-2021001124	E	0	15	6936	8096	1309	6855	0.191	
PILOT-2021001124__E__gpt5.4__rep1.json	PILOT-2021001124	E	1	15	6936	8392	1603	6855	0.2338	
PILOT-2021001124__E__gpt5.4__rep2.json	PILOT-2021001124	E	2	15	6936	8618	1829	6855	0.2668	
PILOT-2021001124__E__haiku4.5__rep0.json	PILOT-2021001124	E	0	15	6936	8545	1753	6855	0.2557	
PILOT-2021001124__E__haiku4.5__rep1.json	PILOT-2021001124	E	1	15	6936	8302	1510	6855	0.2203	
PILOT-2021001124__E__haiku4.5__rep2.json	PILOT-2021001124	E	2	15	6936	8427	1635	6855	0.2385	
PILOT-2021001124__E__sonnet4__rep0.json	PILOT-2021001124	E	0	11	6936	6548	1518	6855	0.2214	
PILOT-2021001124__E__sonnet4__rep1.json	PILOT-2021001124	E	1	11	6936	6649	1498	6855	0.2185	
PILOT-2021001124__E__sonnet4__rep2.json	PILOT-2021001124	E	2	11	6936	6615	1459	6855	0.2128	
PILOT-2021001124__F__gpt4o-mini__rep0.json	PILOT-2021001124	F	0	0			None		None	no_gen
PILOT-2021001124__F__gpt4o-mini__rep1.json	PILOT-2021001124	F	1	0			None		None	no_gen
PILOT-2021001124__F__gpt4o-mini__rep2.json	PILOT-2021001124	F	2	0			None		None	no_gen
PILOT-2021001124__F__gpt5.4__rep0.json	PILOT-2021001124	F	0	15	6936	9019	2230	6855	0.3253	
PILOT-2021001124__F__gpt5.4__rep1.json	PILOT-2021001124	F	1	15	6936	8018	1426	6855	0.208	
PILOT-2021001124__F__gpt5.4__rep2.json	PILOT-2021001124	F	2	15	6936	8879	2073	6855	0.3024	
PILOT-2021001124__F__haiku4.5__rep0.json	PILOT-2021001124	F	0	11	6936	8854	3187	6855	0.4649	
PILOT-2021001124__F__haiku4.5__rep1.json	PILOT-2021001124	F	1	15	6936	8363	2900	6855	0.423	
PILOT-2021001124__F__haiku4.5__rep2.json	PILOT-2021001124	F	2	11	6936	7380	2075	6855	0.3027	
PILOT-2021001124__F__sonnet4__rep0.json	PILOT-2021001124	F	0	11	6936	6502	1452	6855	0.2118	
PILOT-2021001124__F__sonnet4__rep1.json	PILOT-2021001124	F	1	11	6936	6730	1530	6855	0.2232	
PILOT-2021001124__F__sonnet4__rep2.json	PILOT-2021001124	F	2	11	6936	6936	1888	6855	0.2754	
PILOT-2021001124__G__gpt4o-mini__rep0.json	PILOT-2021001124	G	0	9	6936	6191	1754	6855	0.2559	
PILOT-2021001124__G__gpt4o-mini__rep1.json	PILOT-2021001124	G	1	0			None		None	no_gen
PILOT-2021001124__G__gpt4o-mini__rep2.json	PILOT-2021001124	G	2	0			None		None	no_gen
PILOT-2021001124__G__gpt5.4__rep0.json	PILOT-2021001124	G	0	15	6936	8012	1235	6855	0.1802	
PILOT-2021001124__G__gpt5.4__rep1.json	PILOT-2021001124	G	1	15	6936	8338	1549	6855	0.226	
PILOT-2021001124__G__gpt5.4__rep2.json	PILOT-2021001124	G	2	15	6936	8574	1785	6855	0.2604	
PILOT-2021001124__G__haiku4.5__rep0.json	PILOT-2021001124	G	0	11	6936	7185	1776	6855	0.2591	
PILOT-2021001124__G__haiku4.5__rep1.json	PILOT-2021001124	G	1	15	6936	8868	2079	6855	0.3033	
PILOT-2021001124__G__haiku4.5__rep2.json	PILOT-2021001124	G	2	11	6936	7175	1845	6855	0.2691	
PILOT-2021001124__G__sonnet4__rep0.json	PILOT-2021001124	G	0	11	6936	6752	1727	6855	0.2519	
PILOT-2021001124__G__sonnet4__rep1.json	PILOT-2021001124	G	1	11	6936	7483	2308	6855	0.3367	
PILOT-2021001124__G__sonnet4__rep2.json	PILOT-2021001124	G	2	11	6936	7232	2042	6855	0.2979	
PILOT-2021001124__baseline__gpt4o-mini__rep0.json	PILOT-2021001124	baseline	0	9	6936	5866	1605	6855	0.2341	
PILOT-2021001124__baseline__gpt4o-mini__rep1.json	PILOT-2021001124	baseline	1	9	6936	6029	1820	6855	0.2655	
PILOT-2021001124__baseline__gpt4o-mini__rep2.json	PILOT-2021001124	baseline	2	6	6936	4868	2290	6855	0.3341	
PILOT-2021001124__baseline__gpt5.4__rep0.json	PILOT-2021001124	baseline	0	15	6936	8259	1476	6855	0.2153	
PILOT-2021001124__baseline__gpt5.4__rep1.json	PILOT-2021001124	baseline	1	15	6936	8317	1529	6855	0.223	
PILOT-2021001124__baseline__gpt5.4__rep2.json	PILOT-2021001124	baseline	2	15	6936	7656	1043	6855	0.1522	
PILOT-2021001124__baseline__haiku4.5__rep0.json	PILOT-2021001124	baseline	0	15	6936	9835	3028	6855	0.4417	
PILOT-2021001124__baseline__haiku4.5__rep1.json	PILOT-2021001124	baseline	1	15	6936	8074	1286	6855	0.1876	
PILOT-2021001124__baseline__haiku4.5__rep2.json	PILOT-2021001124	baseline	2	15	6936	8951	2155	6855	0.3144	
PILOT-2021001124__baseline__sonnet4__rep0.json	PILOT-2021001124	baseline	0	15	6936	7980	1190	6855	0.1736	
PILOT-2021001124__baseline__sonnet4__rep1.json	PILOT-2021001124	baseline	1	15	6936	7946	1118	6855	0.1631	
PILOT-2021001124__baseline__sonnet4__rep2.json	PILOT-2021001124	baseline	2	15	6936	8385	1596	6855	0.2328	
PILOT-2021002328__A__gpt4o-mini__rep0.json	PILOT-2021002328	A	0	10	15772	4682	11386	10393	1.0955	
PILOT-2021002328__A__gpt4o-mini__rep1.json	PILOT-2021002328	A	1	10	15772	4504	11363	10393	1.0933	
PILOT-2021002328__A__gpt4o-mini__rep2.json	PILOT-2021002328	A	2	10	15772	4428	11467	10393	1.1033	
PILOT-2021002328__A__gpt5.4__rep0.json	PILOT-2021002328	A	0	14	15772	4736	11205	10393	1.0781	
PILOT-2021002328__A__gpt5.4__rep1.json	PILOT-2021002328	A	1	14	15772	5755	10387	10393	0.9994	
PILOT-2021002328__A__gpt5.4__rep2.json	PILOT-2021002328	A	2	14	15772	5337	10799	10393	1.0391	
PILOT-2021002328__A__haiku4.5__rep0.json	PILOT-2021002328	A	0	11	15772	4464	11511	10393	1.1076	
PILOT-2021002328__A__haiku4.5__rep1.json	PILOT-2021002328	A	1	11	15772	5015	11299	10393	1.0872	
PILOT-2021002328__A__haiku4.5__rep2.json	PILOT-2021002328	A	2	13	15772	5626	11330	10393	1.0902	
PILOT-2021002328__A__sonnet4__rep0.json	PILOT-2021002328	A	0	14	15772	5363	11053	10393	1.0635	
PILOT-2021002328__A__sonnet4__rep1.json	PILOT-2021002328	A	1	14	15772	5020	11082	10393	1.0663	
PILOT-2021002328__A__sonnet4__rep2.json	PILOT-2021002328	A	2	14	15772	4922	11028	10393	1.0611	
PILOT-2021002328__B__gpt4o-mini__rep0.json	PILOT-2021002328	B	0	10	15772	4482	11384	10393	1.0954	
PILOT-2021002328__B__gpt4o-mini__rep1.json	PILOT-2021002328	B	1	10	15772	4621	11318	10393	1.089	
PILOT-2021002328__B__gpt4o-mini__rep2.json	PILOT-2021002328	B	2	10	15772	4601	11301	10393	1.0874	
PILOT-2021002328__B__gpt5.4__rep0.json	PILOT-2021002328	B	0	14	15772	5128	10958	10393	1.0544	
PILOT-2021002328__B__gpt5.4__rep1.json	PILOT-2021002328	B	1	14	15772	5503	10618	10393	1.0216	
PILOT-2021002328__B__gpt5.4__rep2.json	PILOT-2021002328	B	2	14	15772	5358	10734	10393	1.0328	
PILOT-2021002328__B__haiku4.5__rep0.json	PILOT-2021002328	B	0	13	15772	3786	12141	10393	1.1682	
PILOT-2021002328__B__haiku4.5__rep1.json	PILOT-2021002328	B	1	14	15772	4947	11049	10393	1.0631	
PILOT-2021002328__B__haiku4.5__rep2.json	PILOT-2021002328	B	2	10	15772	4270	11612	10393	1.1173	
PILOT-2021002328__B__sonnet4__rep0.json	PILOT-2021002328	B	0	14	15772	5778	10880	10393	1.0469	
PILOT-2021002328__B__sonnet4__rep1.json	PILOT-2021002328	B	1	14	15772	5325	10610	10393	1.0209	
PILOT-2021002328__B__sonnet4__rep2.json	PILOT-2021002328	B	2	13	15772	4949	11211	10393	1.0787	
PILOT-2021002328__C__gpt4o-mini__rep0.json	PILOT-2021002328	C	0	10	15772	4503	11447	10393	1.1014	
PILOT-2021002328__C__gpt4o-mini__rep1.json	PILOT-2021002328	C	1	10	15772	4335	11521	10393	1.1085	
PILOT-2021002328__C__gpt4o-mini__rep2.json	PILOT-2021002328	C	2	10	15772	4355	11514	10393	1.1079	
PILOT-2021002328__C__gpt5.4__rep0.json	PILOT-2021002328	C	0	14	15772	4972	10953	10393	1.0539	
PILOT-2021002328__C__gpt5.4__rep1.json	PILOT-2021002328	C	1	14	15772	5543	10629	10393	1.0227	
PILOT-2021002328__C__gpt5.4__rep2.json	PILOT-2021002328	C	2	14	15772	5253	10801	10393	1.0393	
PILOT-2021002328__C__haiku4.5__rep0.json	PILOT-2021002328	C	0	10	15772	4145	11804	10393	1.1358	
PILOT-2021002328__C__haiku4.5__rep1.json	PILOT-2021002328	C	1	40	15772	4659	11356	10393	1.0927	
PILOT-2021002328__C__haiku4.5__rep2.json	PILOT-2021002328	C	2	11	15772	4622	11498	10393	1.1063	
PILOT-2021002328__C__sonnet4__rep0.json	PILOT-2021002328	C	0	14	15772	4860	11235	10393	1.081	
PILOT-2021002328__C__sonnet4__rep1.json	PILOT-2021002328	C	1	14	15772	5710	10911	10393	1.0498	
PILOT-2021002328__C__sonnet4__rep2.json	PILOT-2021002328	C	2	14	15772	5558	10924	10393	1.0511	
PILOT-2021002328__D__gpt4o-mini__rep0.json	PILOT-2021002328	D	0	9	15772	4214	11628	10393	1.1188	
PILOT-2021002328__D__gpt4o-mini__rep1.json	PILOT-2021002328	D	1	10	15772	4373	11472	10393	1.1038	
PILOT-2021002328__D__gpt4o-mini__rep2.json	PILOT-2021002328	D	2	10	15772	4659	11350	10393	1.0921	
PILOT-2021002328__D__gpt5.4__rep0.json	PILOT-2021002328	D	0	14	15772	5439	10773	10393	1.0366	
PILOT-2021002328__D__gpt5.4__rep1.json	PILOT-2021002328	D	1	14	15772	5569	10706	10393	1.0301	
PILOT-2021002328__D__gpt5.4__rep2.json	PILOT-2021002328	D	2	14	15772	5293	10884	10393	1.0472	
PILOT-2021002328__D__haiku4.5__rep0.json	PILOT-2021002328	D	0	11	15772	5004	11337	10393	1.0908	
PILOT-2021002328__D__haiku4.5__rep1.json	PILOT-2021002328	D	1	10	15772	4753	11556	10393	1.1119	
PILOT-2021002328__D__haiku4.5__rep2.json	PILOT-2021002328	D	2	11	15772	4714	11658	10393	1.1217	
PILOT-2021002328__D__sonnet4__rep0.json	PILOT-2021002328	D	0	14	15772	5120	11010	10393	1.0594	
PILOT-2021002328__D__sonnet4__rep1.json	PILOT-2021002328	D	1	14	15772	5084	11008	10393	1.0592	
PILOT-2021002328__D__sonnet4__rep2.json	PILOT-2021002328	D	2	14	15772	5248	10933	10393	1.052	
PILOT-2021002328__E__gpt4o-mini__rep0.json	PILOT-2021002328	E	0	10	15772	4635	11337	10393	1.0908	
PILOT-2021002328__E__gpt4o-mini__rep1.json	PILOT-2021002328	E	1	10	15772	4611	11413	10393	1.0981	
PILOT-2021002328__E__gpt4o-mini__rep2.json	PILOT-2021002328	E	2	10	15772	4342	11543	10393	1.1107	
PILOT-2021002328__E__gpt5.4__rep0.json	PILOT-2021002328	E	0	14	15772	5205	10824	10393	1.0415	
PILOT-2021002328__E__gpt5.4__rep1.json	PILOT-2021002328	E	1	14	15772	5041	10901	10393	1.0489	
PILOT-2021002328__E__gpt5.4__rep2.json	PILOT-2021002328	E	2	14	15772	5176	10885	10393	1.0473	
PILOT-2021002328__E__haiku4.5__rep0.json	PILOT-2021002328	E	0	11	15772	4955	11377	10393	1.0947	
PILOT-2021002328__E__haiku4.5__rep1.json	PILOT-2021002328	E	1	0			None		None	no_gen
PILOT-2021002328__E__haiku4.5__rep2.json	PILOT-2021002328	E	2	13	15772	5108	11218	10393	1.0794	
PILOT-2021002328__E__sonnet4__rep0.json	PILOT-2021002328	E	0	14	15772	4982	10916	10393	1.0503	
PILOT-2021002328__E__sonnet4__rep1.json	PILOT-2021002328	E	1	14	15772	4987	10906	10393	1.0494	
PILOT-2021002328__E__sonnet4__rep2.json	PILOT-2021002328	E	2	14	15772	4925	10990	10393	1.0574	
PILOT-2021002328__F__gpt4o-mini__rep0.json	PILOT-2021002328	F	0	0			None		None	no_gen
PILOT-2021002328__F__gpt4o-mini__rep1.json	PILOT-2021002328	F	1	10	15772	4321	11547	10393	1.111	
PILOT-2021002328__F__gpt4o-mini__rep2.json	PILOT-2021002328	F	2	0			None		None	no_gen
PILOT-2021002328__F__gpt5.4__rep0.json	PILOT-2021002328	F	0	14	15772	5366	10802	10393	1.0394	
PILOT-2021002328__F__gpt5.4__rep1.json	PILOT-2021002328	F	1	14	15772	5308	10773	10393	1.0366	
PILOT-2021002328__F__gpt5.4__rep2.json	PILOT-2021002328	F	2	14	15772	5243	10774	10393	1.0367	
PILOT-2021002328__F__haiku4.5__rep0.json	PILOT-2021002328	F	0	13	15772	4765	11338	10393	1.0909	
PILOT-2021002328__F__haiku4.5__rep1.json	PILOT-2021002328	F	1	13	15772	4743	11440	10393	1.1007	
PILOT-2021002328__F__haiku4.5__rep2.json	PILOT-2021002328	F	2	13	15772	4610	11353	10393	1.0924	
PILOT-2021002328__F__sonnet4__rep0.json	PILOT-2021002328	F	0	14	15772	4992	11006	10393	1.059	
PILOT-2021002328__F__sonnet4__rep1.json	PILOT-2021002328	F	1	14	15772	5594	10952	10393	1.0538	
PILOT-2021002328__F__sonnet4__rep2.json	PILOT-2021002328	F	2	14	15772	4992	11006	10393	1.059	
PILOT-2021002328__G__gpt4o-mini__rep0.json	PILOT-2021002328	G	0	0			None		None	no_gen
PILOT-2021002328__G__gpt4o-mini__rep1.json	PILOT-2021002328	G	1	0			None		None	no_gen
PILOT-2021002328__G__gpt4o-mini__rep2.json	PILOT-2021002328	G	2	0			None		None	no_gen
PILOT-2021002328__G__gpt5.4__rep0.json	PILOT-2021002328	G	0	14	15772	4986	10854	10393	1.0444	
PILOT-2021002328__G__gpt5.4__rep1.json	PILOT-2021002328	G	1	14	15772	5850	10402	10393	1.0009	
PILOT-2021002328__G__gpt5.4__rep2.json	PILOT-2021002328	G	2	14	15772	5326	10852	10393	1.0442	
PILOT-2021002328__G__haiku4.5__rep0.json	PILOT-2021002328	G	0	40	15772	5003	11133	10393	1.0712	
PILOT-2021002328__G__haiku4.5__rep1.json	PILOT-2021002328	G	1	40	15772	15594	1390	10393	0.1337	
PILOT-2021002328__G__haiku4.5__rep2.json	PILOT-2021002328	G	2	40	15772	4804	11429	10393	1.0997	
PILOT-2021002328__G__sonnet4__rep0.json	PILOT-2021002328	G	0	14	15772	5201	11015	10393	1.0598	
PILOT-2021002328__G__sonnet4__rep1.json	PILOT-2021002328	G	1	14	15772	4871	11238	10393	1.0813	
PILOT-2021002328__G__sonnet4__rep2.json	PILOT-2021002328	G	2	14	15772	5143	10829	10393	1.042	
PILOT-2021002328__baseline__gpt4o-mini__rep0.json	PILOT-2021002328	baseline	0	10	15772	4488	11437	10393	1.1005	
PILOT-2021002328__baseline__gpt4o-mini__rep1.json	PILOT-2021002328	baseline	1	10	15772	4426	11531	10393	1.1095	
PILOT-2021002328__baseline__gpt4o-mini__rep2.json	PILOT-2021002328	baseline	2	10	15772	4416	11475	10393	1.1041	
PILOT-2021002328__baseline__gpt5.4__rep0.json	PILOT-2021002328	baseline	0	14	15772	5018	10951	10393	1.0537	
PILOT-2021002328__baseline__gpt5.4__rep1.json	PILOT-2021002328	baseline	1	14	15772	5085	10958	10393	1.0544	
PILOT-2021002328__baseline__gpt5.4__rep2.json	PILOT-2021002328	baseline	2	14	15772	5683	10499	10393	1.0102	
PILOT-2021002328__baseline__haiku4.5__rep0.json	PILOT-2021002328	baseline	0	40	15772	4487	11481	10393	1.1047	
PILOT-2021002328__baseline__haiku4.5__rep1.json	PILOT-2021002328	baseline	1	8	15772	3766	12099	10393	1.1641	
PILOT-2021002328__baseline__haiku4.5__rep2.json	PILOT-2021002328	baseline	2	40	15772	4953	11416	10393	1.0984	
PILOT-2021002328__baseline__sonnet4__rep0.json	PILOT-2021002328	baseline	0	14	15772	5324	11044	10393	1.0626	
PILOT-2021002328__baseline__sonnet4__rep1.json	PILOT-2021002328	baseline	1	14	15772	4695	11146	10393	1.0725	
PILOT-2021002328__baseline__sonnet4__rep2.json	PILOT-2021002328	baseline	2	14	15772	4937	10884	10393	1.0472	
PILOT-2021003980__A__gpt4o-mini__rep0.json	PILOT-2021003980	A	0	4	6336	2508	3851	844	4.5628	
PILOT-2021003980__A__gpt4o-mini__rep1.json	PILOT-2021003980	A	1	16	6336	5137	2073	844	2.4562	
PILOT-2021003980__A__gpt4o-mini__rep2.json	PILOT-2021003980	A	2	4	6336	2423	3968	844	4.7014	
PILOT-2021003980__A__gpt5.4__rep0.json	PILOT-2021003980	A	0	20	6336	7034	704	844	0.8341	
PILOT-2021003980__A__gpt5.4__rep1.json	PILOT-2021003980	A	1	20	6336	6729	2230	844	2.6422	
PILOT-2021003980__A__gpt5.4__rep2.json	PILOT-2021003980	A	2	16	6336	5646	2051	844	2.4301	
PILOT-2021003980__A__haiku4.5__rep0.json	PILOT-2021003980	A	0	20	6336	8638	2393	844	2.8353	
PILOT-2021003980__A__haiku4.5__rep1.json	PILOT-2021003980	A	1	17	6336	7398	3174	844	3.7607	
PILOT-2021003980__A__haiku4.5__rep2.json	PILOT-2021003980	A	2	20	6336	8909	2575	844	3.0509	
PILOT-2021003980__A__sonnet4__rep0.json	PILOT-2021003980	A	0	20	6336	6469	135	844	0.16	
PILOT-2021003980__A__sonnet4__rep1.json	PILOT-2021003980	A	1	20	6336	6437	119	844	0.141	
PILOT-2021003980__A__sonnet4__rep2.json	PILOT-2021003980	A	2	20	6336	6467	149	844	0.1765	
PILOT-2021003980__B__gpt4o-mini__rep0.json	PILOT-2021003980	B	0	4	6336	2594	3771	844	4.468	
PILOT-2021003980__B__gpt4o-mini__rep1.json	PILOT-2021003980	B	1	11	6336	4930	2812	844	3.3318	
PILOT-2021003980__B__gpt4o-mini__rep2.json	PILOT-2021003980	B	2	4	6336	2391	3966	844	4.6991	
PILOT-2021003980__B__gpt5.4__rep0.json	PILOT-2021003980	B	0	16	6336	5969	2373	844	2.8116	
PILOT-2021003980__B__gpt5.4__rep1.json	PILOT-2021003980	B	1	20	6336	4910	2274	844	2.6943	
PILOT-2021003980__B__gpt5.4__rep2.json	PILOT-2021003980	B	2	20	6336	7023	2234	844	2.6469	
PILOT-2021003980__B__haiku4.5__rep0.json	PILOT-2021003980	B	0	20	6336	9150	2816	844	3.3365	
PILOT-2021003980__B__haiku4.5__rep1.json	PILOT-2021003980	B	1	20	6336	8661	2327	844	2.7571	
PILOT-2021003980__B__haiku4.5__rep2.json	PILOT-2021003980	B	2	16	6336	6227	3298	844	3.9076	
PILOT-2021003980__B__sonnet4__rep0.json	PILOT-2021003980	B	0	20	6336	7785	1451	844	1.7192	
PILOT-2021003980__B__sonnet4__rep1.json	PILOT-2021003980	B	1	20	6336	6795	461	844	0.5462	
PILOT-2021003980__B__sonnet4__rep2.json	PILOT-2021003980	B	2	20	6336	6761	427	844	0.5059	
PILOT-2021003980__C__gpt4o-mini__rep0.json	PILOT-2021003980	C	0	20	6336	7007	672	844	0.7962	
PILOT-2021003980__C__gpt4o-mini__rep1.json	PILOT-2021003980	C	1	5	6336	2625	3803	844	4.5059	
PILOT-2021003980__C__gpt4o-mini__rep2.json	PILOT-2021003980	C	2	4	6336	2481	3875	844	4.5912	
PILOT-2021003980__C__gpt5.4__rep0.json	PILOT-2021003980	C	0	20	6336	6535	564	844	0.6682	
PILOT-2021003980__C__gpt5.4__rep1.json	PILOT-2021003980	C	1	20	6336	6728	2236	844	2.6493	
PILOT-2021003980__C__gpt5.4__rep2.json	PILOT-2021003980	C	2	20	6336	7344	1009	844	1.1955	
PILOT-2021003980__C__haiku4.5__rep0.json	PILOT-2021003980	C	0	20	6336	7274	940	844	1.1137	
PILOT-2021003980__C__haiku4.5__rep1.json	PILOT-2021003980	C	1	20	6336	9179	2845	844	3.3709	
PILOT-2021003980__C__haiku4.5__rep2.json	PILOT-2021003980	C	2	20	6336	9151	2817	844	3.3377	
PILOT-2021003980__C__sonnet4__rep0.json	PILOT-2021003980	C	0	20	6336	7566	1596	844	1.891	
PILOT-2021003980__C__sonnet4__rep1.json	PILOT-2021003980	C	1	20	6336	7584	1614	844	1.9123	
PILOT-2021003980__C__sonnet4__rep2.json	PILOT-2021003980	C	2	20	6336	7566	1596	844	1.891	
PILOT-2021003980__D__gpt4o-mini__rep0.json	PILOT-2021003980	D	0	5	6336	2730	3649	844	4.3235	
PILOT-2021003980__D__gpt4o-mini__rep1.json	PILOT-2021003980	D	1	6	6336	2400	4059	844	4.8092	
PILOT-2021003980__D__gpt4o-mini__rep2.json	PILOT-2021003980	D	2	4	6336	2630	3861	844	4.5746	
PILOT-2021003980__D__gpt5.4__rep0.json	PILOT-2021003980	D	0	20	6336	7811	1476	844	1.7488	
PILOT-2021003980__D__gpt5.4__rep1.json	PILOT-2021003980	D	1	20	6336	7338	1003	844	1.1884	
PILOT-2021003980__D__gpt5.4__rep2.json	PILOT-2021003980	D	2	20	6336	7381	1046	844	1.2393	
PILOT-2021003980__D__haiku4.5__rep0.json	PILOT-2021003980	D	0	20	6336	8402	2068	844	2.4502	
PILOT-2021003980__D__haiku4.5__rep1.json	PILOT-2021003980	D	1	20	6336	8705	2371	844	2.8092	
PILOT-2021003980__D__haiku4.5__rep2.json	PILOT-2021003980	D	2	20	6336	9102	2768	844	3.2796	
PILOT-2021003980__D__sonnet4__rep0.json	PILOT-2021003980	D	0	20	6336	6892	574	844	0.6801	
PILOT-2021003980__D__sonnet4__rep1.json	PILOT-2021003980	D	1	20	6336	6815	481	844	0.5699	
PILOT-2021003980__D__sonnet4__rep2.json	PILOT-2021003980	D	2	20	6336	7100	766	844	0.9076	
PILOT-2021003980__E__gpt4o-mini__rep0.json	PILOT-2021003980	E	0	4	6336	1772	4705	844	5.5746	
PILOT-2021003980__E__gpt4o-mini__rep1.json	PILOT-2021003980	E	1	3	6336	1480	4918	844	5.827	
PILOT-2021003980__E__gpt4o-mini__rep2.json	PILOT-2021003980	E	2	6	6336	2843	3899	844	4.6197	
PILOT-2021003980__E__gpt5.4__rep0.json	PILOT-2021003980	E	0	20	6336	7485	1150	844	1.3626	
PILOT-2021003980__E__gpt5.4__rep1.json	PILOT-2021003980	E	1	20	6336	7792	1465	844	1.7358	
PILOT-2021003980__E__gpt5.4__rep2.json	PILOT-2021003980	E	2	20	6336	7030	695	844	0.8235	
PILOT-2021003980__E__haiku4.5__rep0.json	PILOT-2021003980	E	0	20	6336	8126	1792	844	2.1232	
PILOT-2021003980__E__haiku4.5__rep1.json	PILOT-2021003980	E	1	20	6336	6602	268	844	0.3175	
PILOT-2021003980__E__haiku4.5__rep2.json	PILOT-2021003980	E	2	16	6336	6560	2788	844	3.3033	
PILOT-2021003980__E__sonnet4__rep0.json	PILOT-2021003980	E	0	20	6336	7630	1660	844	1.9668	
PILOT-2021003980__E__sonnet4__rep1.json	PILOT-2021003980	E	1	20	6336	7991	2021	844	2.3945	
PILOT-2021003980__E__sonnet4__rep2.json	PILOT-2021003980	E	2	20	6336	7124	1710	844	2.0261	
PILOT-2021003980__F__gpt4o-mini__rep0.json	PILOT-2021003980	F	0	16	6336	5975	2279	844	2.7002	
PILOT-2021003980__F__gpt4o-mini__rep1.json	PILOT-2021003980	F	1	16	6336	6040	2538	844	3.0071	
PILOT-2021003980__F__gpt4o-mini__rep2.json	PILOT-2021003980	F	2	2	6336	1273	5064	844	6.0	
PILOT-2021003980__F__gpt5.4__rep0.json	PILOT-2021003980	F	0	20	6336	7803	1468	844	1.7393	
PILOT-2021003980__F__gpt5.4__rep1.json	PILOT-2021003980	F	1	20	6336	7946	1611	844	1.9088	
PILOT-2021003980__F__gpt5.4__rep2.json	PILOT-2021003980	F	2	20	6336	6924	1619	844	1.9182	
PILOT-2021003980__F__haiku4.5__rep0.json	PILOT-2021003980	F	0	16	6336	4950	3223	844	3.8187	
PILOT-2021003980__F__haiku4.5__rep1.json	PILOT-2021003980	F	1	20	6336	7305	971	844	1.1505	
PILOT-2021003980__F__haiku4.5__rep2.json	PILOT-2021003980	F	2	20	6336	3868	3514	844	4.1635	
PILOT-2021003980__F__sonnet4__rep0.json	PILOT-2021003980	F	0	0			None		None	no_gen
PILOT-2021003980__F__sonnet4__rep1.json	PILOT-2021003980	F	1	0			None		None	no_gen
PILOT-2021003980__F__sonnet4__rep2.json	PILOT-2021003980	F	2	0			None		None	no_gen
PILOT-2021003980__G__gpt4o-mini__rep0.json	PILOT-2021003980	G	0	4	6336	2444	3912	844	4.6351	
PILOT-2021003980__G__gpt4o-mini__rep1.json	PILOT-2021003980	G	1	4	6336	2518	3841	844	4.5509	
PILOT-2021003980__G__gpt4o-mini__rep2.json	PILOT-2021003980	G	2	5	6336	2106	4286	844	5.0782	
PILOT-2021003980__G__gpt5.4__rep0.json	PILOT-2021003980	G	0	20	6336	7286	951	844	1.1268	
PILOT-2021003980__G__gpt5.4__rep1.json	PILOT-2021003980	G	1	20	6336	6874	539	844	0.6386	
PILOT-2021003980__G__gpt5.4__rep2.json	PILOT-2021003980	G	2	20	6336	7491	1156	844	1.3697	
PILOT-2021003980__G__haiku4.5__rep0.json	PILOT-2021003980	G	0	20	6336	9269	2935	844	3.4775	
PILOT-2021003980__G__haiku4.5__rep1.json	PILOT-2021003980	G	1	20	6336	8687	2353	844	2.7879	
PILOT-2021003980__G__haiku4.5__rep2.json	PILOT-2021003980	G	2	16	6336	7260	3265	844	3.8685	
PILOT-2021003980__G__sonnet4__rep0.json	PILOT-2021003980	G	0	20	6336	7221	887	844	1.0509	
PILOT-2021003980__G__sonnet4__rep1.json	PILOT-2021003980	G	1	20	6336	6805	471	844	0.5581	
PILOT-2021003980__G__sonnet4__rep2.json	PILOT-2021003980	G	2	20	6336	7229	911	844	1.0794	
PILOT-2021003980__baseline__gpt4o-mini__rep0.json	PILOT-2021003980	baseline	0	5	6336	2272	4241	844	5.0249	
PILOT-2021003980__baseline__gpt4o-mini__rep1.json	PILOT-2021003980	baseline	1	4	6336	2610	3774	844	4.4716	
PILOT-2021003980__baseline__gpt4o-mini__rep2.json	PILOT-2021003980	baseline	2	4	6336	2422	3924	844	4.6493	
PILOT-2021003980__baseline__gpt5.4__rep0.json	PILOT-2021003980	baseline	0	20	6336	6888	2160	844	2.5592	
PILOT-2021003980__baseline__gpt5.4__rep1.json	PILOT-2021003980	baseline	1	20	6336	6850	2358	844	2.7938	
PILOT-2021003980__baseline__gpt5.4__rep2.json	PILOT-2021003980	baseline	2	20	6336	7816	1489	844	1.7642	
PILOT-2021003980__baseline__haiku4.5__rep0.json	PILOT-2021003980	baseline	0	20	6336	8824	2490	844	2.9502	
PILOT-2021003980__baseline__haiku4.5__rep1.json	PILOT-2021003980	baseline	1	20	6336	8644	2310	844	2.737	
PILOT-2021003980__baseline__haiku4.5__rep2.json	PILOT-2021003980	baseline	2	16	6336	6956	3021	844	3.5794	
PILOT-2021003980__baseline__sonnet4__rep0.json	PILOT-2021003980	baseline	0	20	6336	7566	1596	844	1.891	
PILOT-2021003980__baseline__sonnet4__rep1.json	PILOT-2021003980	baseline	1	20	6336	7584	1614	844	1.9123	
PILOT-2021003980__baseline__sonnet4__rep2.json	PILOT-2021003980	baseline	2	20	6336	7460	1126	844	1.3341	
PILOT-2022000316__A__gpt4o-mini__rep0.json	PILOT-2022000316	A	0	5	12208	1512	10704	9265	1.1553	
PILOT-2022000316__A__gpt4o-mini__rep1.json	PILOT-2022000316	A	1	5	12208	1634	10598	9265	1.1439	
PILOT-2022000316__A__gpt4o-mini__rep2.json	PILOT-2022000316	A	2	5	12208	1170	11046	9265	1.1922	
PILOT-2022000316__A__gpt5.4__rep0.json	PILOT-2022000316	A	0	25	12208	12672	1343	9265	0.145	
PILOT-2022000316__A__gpt5.4__rep1.json	PILOT-2022000316	A	1	25	12208	12766	1306	9265	0.141	
PILOT-2022000316__A__gpt5.4__rep2.json	PILOT-2022000316	A	2	25	12208	12992	1415	9265	0.1527	
PILOT-2022000316__A__haiku4.5__rep0.json	PILOT-2022000316	A	0	25	12208	12614	1885	9265	0.2035	
PILOT-2022000316__A__haiku4.5__rep1.json	PILOT-2022000316	A	1	25	12208	13224	1723	9265	0.186	
PILOT-2022000316__A__haiku4.5__rep2.json	PILOT-2022000316	A	2	25	12208	11889	1286	9265	0.1388	
PILOT-2022000316__A__sonnet4__rep0.json	PILOT-2022000316	A	0	25	12208	13104	1679	9265	0.1812	
PILOT-2022000316__A__sonnet4__rep1.json	PILOT-2022000316	A	1	25	12208	13243	1971	9265	0.2127	
PILOT-2022000316__A__sonnet4__rep2.json	PILOT-2022000316	A	2	25	12208	13156	1691	9265	0.1825	
PILOT-2022000316__B__gpt4o-mini__rep0.json	PILOT-2022000316	B	0	5	12208	1899	10367	9265	1.1189	
PILOT-2022000316__B__gpt4o-mini__rep1.json	PILOT-2022000316	B	1	24	12208	12185	2032	9265	0.2193	
PILOT-2022000316__B__gpt4o-mini__rep2.json	PILOT-2022000316	B	2	25	12208	11112	1191	9265	0.1285	
PILOT-2022000316__B__gpt5.4__rep0.json	PILOT-2022000316	B	0	25	12208	12257	473	9265	0.0511	
PILOT-2022000316__B__gpt5.4__rep1.json	PILOT-2022000316	B	1	25	12208	12029	1553	9265	0.1676	
PILOT-2022000316__B__gpt5.4__rep2.json	PILOT-2022000316	B	2	25	12208	12295	528	9265	0.057	
PILOT-2022000316__B__haiku4.5__rep0.json	PILOT-2022000316	B	0	25	12208	14078	2115	9265	0.2283	
PILOT-2022000316__B__haiku4.5__rep1.json	PILOT-2022000316	B	1	25	12208	12954	2056	9265	0.2219	
PILOT-2022000316__B__haiku4.5__rep2.json	PILOT-2022000316	B	2	25	12208	13677	1687	9265	0.1821	
PILOT-2022000316__B__sonnet4__rep0.json	PILOT-2022000316	B	0	25	12208	12392	949	9265	0.1024	
PILOT-2022000316__B__sonnet4__rep1.json	PILOT-2022000316	B	1	25	12208	12739	1026	9265	0.1107	
PILOT-2022000316__B__sonnet4__rep2.json	PILOT-2022000316	B	2	25	12208	12439	779	9265	0.0841	
PILOT-2022000316__C__gpt4o-mini__rep0.json	PILOT-2022000316	C	0	4	12208	1022	11214	9265	1.2104	
PILOT-2022000316__C__gpt4o-mini__rep1.json	PILOT-2022000316	C	1	5	12208	1563	10663	9265	1.1509	
PILOT-2022000316__C__gpt4o-mini__rep2.json	PILOT-2022000316	C	2	4	12208	894	11336	9265	1.2235	
PILOT-2022000316__C__gpt5.4__rep0.json	PILOT-2022000316	C	0	25	12208	13033	1030	9265	0.1112	
PILOT-2022000316__C__gpt5.4__rep1.json	PILOT-2022000316	C	1	25	12208	12979	981	9265	0.1059	
PILOT-2022000316__C__gpt5.4__rep2.json	PILOT-2022000316	C	2	25	12208	12883	914	9265	0.0987	
PILOT-2022000316__C__haiku4.5__rep0.json	PILOT-2022000316	C	0	25	12208	12930	953	9265	0.1029	
PILOT-2022000316__C__haiku4.5__rep1.json	PILOT-2022000316	C	1	25	12208	4064	8575	9265	0.9255	
PILOT-2022000316__C__haiku4.5__rep2.json	PILOT-2022000316	C	2	25	12208	12899	964	9265	0.104	
PILOT-2022000316__C__sonnet4__rep0.json	PILOT-2022000316	C	0	25	12208	12651	963	9265	0.1039	
PILOT-2022000316__C__sonnet4__rep1.json	PILOT-2022000316	C	1	25	12208	13467	1518	9265	0.1638	
PILOT-2022000316__C__sonnet4__rep2.json	PILOT-2022000316	C	2	25	12208	12610	908	9265	0.098	
PILOT-2022000316__D__gpt4o-mini__rep0.json	PILOT-2022000316	D	0	5	12208	1901	10344	9265	1.1165	
PILOT-2022000316__D__gpt4o-mini__rep1.json	PILOT-2022000316	D	1	5	12208	1901	10344	9265	1.1165	
PILOT-2022000316__D__gpt4o-mini__rep2.json	PILOT-2022000316	D	2	5	12208	1559	10668	9265	1.1514	
PILOT-2022000316__D__gpt5.4__rep0.json	PILOT-2022000316	D	0	25	12208	13012	1009	9265	0.1089	
PILOT-2022000316__D__gpt5.4__rep1.json	PILOT-2022000316	D	1	25	12208	12985	1018	9265	0.1099	
PILOT-2022000316__D__gpt5.4__rep2.json	PILOT-2022000316	D	2	25	12208	13012	1008	9265	0.1088	
PILOT-2022000316__D__haiku4.5__rep0.json	PILOT-2022000316	D	0	25	12208	12903	917	9265	0.099	
PILOT-2022000316__D__haiku4.5__rep1.json	PILOT-2022000316	D	1	25	12208	12874	961	9265	0.1037	
PILOT-2022000316__D__haiku4.5__rep2.json	PILOT-2022000316	D	2	25	12208	3958	8579	9265	0.926	
PILOT-2022000316__D__sonnet4__rep0.json	PILOT-2022000316	D	0	25	12208	12494	796	9265	0.0859	
PILOT-2022000316__D__sonnet4__rep1.json	PILOT-2022000316	D	1	25	12208	12601	907	9265	0.0979	
PILOT-2022000316__D__sonnet4__rep2.json	PILOT-2022000316	D	2	25	12208	12682	985	9265	0.1063	
PILOT-2022000316__E__gpt4o-mini__rep0.json	PILOT-2022000316	E	0	4	12208	1243	11000	9265	1.1873	
PILOT-2022000316__E__gpt4o-mini__rep1.json	PILOT-2022000316	E	1	4	12208	894	11336	9265	1.2235	
PILOT-2022000316__E__gpt4o-mini__rep2.json	PILOT-2022000316	E	2	5	12208	1740	10480	9265	1.1311	
PILOT-2022000316__E__gpt5.4__rep0.json	PILOT-2022000316	E	0	25	12208	12906	925	9265	0.0998	
PILOT-2022000316__E__gpt5.4__rep1.json	PILOT-2022000316	E	1	25	12208	12856	874	9265	0.0943	
PILOT-2022000316__E__gpt5.4__rep2.json	PILOT-2022000316	E	2	25	12208	12897	886	9265	0.0956	
PILOT-2022000316__E__haiku4.5__rep0.json	PILOT-2022000316	E	0	25	12208	12788	859	9265	0.0927	
PILOT-2022000316__E__haiku4.5__rep1.json	PILOT-2022000316	E	1	25	12208	12825	856	9265	0.0924	
PILOT-2022000316__E__haiku4.5__rep2.json	PILOT-2022000316	E	2	25	12208	12841	870	9265	0.0939	
PILOT-2022000316__E__sonnet4__rep0.json	PILOT-2022000316	E	0	25	12208	13402	1461	9265	0.1577	
PILOT-2022000316__E__sonnet4__rep1.json	PILOT-2022000316	E	1	25	12208	13626	1720	9265	0.1856	
PILOT-2022000316__E__sonnet4__rep2.json	PILOT-2022000316	E	2	25	12208	13297	1370	9265	0.1479	
PILOT-2022000316__F__gpt4o-mini__rep0.json	PILOT-2022000316	F	0	4	12208	221	11993	9265	1.2944	
PILOT-2022000316__F__gpt4o-mini__rep1.json	PILOT-2022000316	F	1	4	12208	185	12023	9265	1.2977	
PILOT-2022000316__F__gpt4o-mini__rep2.json	PILOT-2022000316	F	2	4	12208	185	12023	9265	1.2977	
PILOT-2022000316__F__gpt5.4__rep0.json	PILOT-2022000316	F	0	25	12208	13425	1429	9265	0.1542	
PILOT-2022000316__F__gpt5.4__rep1.json	PILOT-2022000316	F	1	25	12208	13123	1094	9265	0.1181	
PILOT-2022000316__F__gpt5.4__rep2.json	PILOT-2022000316	F	2	25	12208	12923	942	9265	0.1017	
PILOT-2022000316__F__haiku4.5__rep0.json	PILOT-2022000316	F	0	25	12208	12841	870	9265	0.0939	
PILOT-2022000316__F__haiku4.5__rep1.json	PILOT-2022000316	F	1	25	12208	12226	443	9265	0.0478	
PILOT-2022000316__F__haiku4.5__rep2.json	PILOT-2022000316	F	2	25	12208	12844	872	9265	0.0941	
PILOT-2022000316__F__sonnet4__rep0.json	PILOT-2022000316	F	0	25	12208	13397	1363	9265	0.1471	
PILOT-2022000316__F__sonnet4__rep1.json	PILOT-2022000316	F	1	25	12208	12906	1373	9265	0.1482	
PILOT-2022000316__F__sonnet4__rep2.json	PILOT-2022000316	F	2	25	12208	13393	1390	9265	0.15	
PILOT-2022000316__G__gpt4o-mini__rep0.json	PILOT-2022000316	G	0	4	12208	1074	11160	9265	1.2045	
PILOT-2022000316__G__gpt4o-mini__rep1.json	PILOT-2022000316	G	1	4	12208	1084	11142	9265	1.2026	
PILOT-2022000316__G__gpt4o-mini__rep2.json	PILOT-2022000316	G	2	4	12208	1037	11180	9265	1.2067	
PILOT-2022000316__G__gpt5.4__rep0.json	PILOT-2022000316	G	0	25	12208	13059	1047	9265	0.113	
PILOT-2022000316__G__gpt5.4__rep1.json	PILOT-2022000316	G	1	25	12208	12964	985	9265	0.1063	
PILOT-2022000316__G__gpt5.4__rep2.json	PILOT-2022000316	G	2	25	12208	13132	1121	9265	0.121	
PILOT-2022000316__G__haiku4.5__rep0.json	PILOT-2022000316	G	0	25	12208	12901	919	9265	0.0992	
PILOT-2022000316__G__haiku4.5__rep1.json	PILOT-2022000316	G	1	25	12208	12060	1494	9265	0.1613	
PILOT-2022000316__G__haiku4.5__rep2.json	PILOT-2022000316	G	2	25	12208	12031	1507	9265	0.1627	
PILOT-2022000316__G__sonnet4__rep0.json	PILOT-2022000316	G	0	25	12208	13029	1035	9265	0.1117	
PILOT-2022000316__G__sonnet4__rep1.json	PILOT-2022000316	G	1	25	12208	12964	975	9265	0.1052	
PILOT-2022000316__G__sonnet4__rep2.json	PILOT-2022000316	G	2	25	12208	12991	1018	9265	0.1099	
PILOT-2022000316__baseline__gpt4o-mini__rep0.json	PILOT-2022000316	baseline	0	4	12208	840	11385	9265	1.2288	
PILOT-2022000316__baseline__gpt4o-mini__rep1.json	PILOT-2022000316	baseline	1	4	12208	840	11385	9265	1.2288	
PILOT-2022000316__baseline__gpt4o-mini__rep2.json	PILOT-2022000316	baseline	2	5	12208	1707	10527	9265	1.1362	
PILOT-2022000316__baseline__gpt5.4__rep0.json	PILOT-2022000316	baseline	0	25	12208	13042	1034	9265	0.1116	
PILOT-2022000316__baseline__gpt5.4__rep1.json	PILOT-2022000316	baseline	1	25	12208	12877	904	9265	0.0976	
PILOT-2022000316__baseline__gpt5.4__rep2.json	PILOT-2022000316	baseline	2	25	12208	12883	894	9265	0.0965	
PILOT-2022000316__baseline__haiku4.5__rep0.json	PILOT-2022000316	baseline	0	25	12208	13698	1707	9265	0.1842	
PILOT-2022000316__baseline__haiku4.5__rep1.json	PILOT-2022000316	baseline	1	25	12208	13828	1827	9265	0.1972	
PILOT-2022000316__baseline__haiku4.5__rep2.json	PILOT-2022000316	baseline	2	25	12208	12842	871	9265	0.094	
PILOT-2022000316__baseline__sonnet4__rep0.json	PILOT-2022000316	baseline	0	25	12208	13378	1476	9265	0.1593	
PILOT-2022000316__baseline__sonnet4__rep1.json	PILOT-2022000316	baseline	1	25	12208	12978	1036	9265	0.1118	
PILOT-2022000316__baseline__sonnet4__rep2.json	PILOT-2022000316	baseline	2	25	12208	12954	1022	9265	0.1103	
PILOT-2022001087__A__gpt4o-mini__rep0.json	PILOT-2022001087	A	0	24	9892	6376	3569	2682	1.3307	
PILOT-2022001087__A__gpt4o-mini__rep1.json	PILOT-2022001087	A	1	24	9892	7445	2490	2682	0.9284	
PILOT-2022001087__A__gpt4o-mini__rep2.json	PILOT-2022001087	A	2	24	9892	6355	3580	2682	1.3348	
PILOT-2022001087__A__gpt5.4__rep0.json	PILOT-2022001087	A	0	24	9892	8276	1762	2682	0.657	
PILOT-2022001087__A__gpt5.4__rep1.json	PILOT-2022001087	A	1	24	9892	8062	1995	2682	0.7438	
PILOT-2022001087__A__gpt5.4__rep2.json	PILOT-2022001087	A	2	24	9892	7858	2254	2682	0.8404	
PILOT-2022001087__A__haiku4.5__rep0.json	PILOT-2022001087	A	0	24	9892	6794	3948	2682	1.472	
PILOT-2022001087__A__haiku4.5__rep1.json	PILOT-2022001087	A	1	24	9892	5583	5278	2682	1.9679	
PILOT-2022001087__A__haiku4.5__rep2.json	PILOT-2022001087	A	2	24	9892	6182	4678	2682	1.7442	
PILOT-2022001087__A__sonnet4__rep0.json	PILOT-2022001087	A	0	24	9892	8080	2012	2682	0.7502	
PILOT-2022001087__A__sonnet4__rep1.json	PILOT-2022001087	A	1	24	9892	8196	1770	2682	0.66	
PILOT-2022001087__A__sonnet4__rep2.json	PILOT-2022001087	A	2	24	9892	8196	1770	2682	0.66	
PILOT-2022001087__B__gpt4o-mini__rep0.json	PILOT-2022001087	B	0	11	9892	4691	5631	2682	2.0996	
PILOT-2022001087__B__gpt4o-mini__rep1.json	PILOT-2022001087	B	1	11	9892	4182	5953	2682	2.2196	
PILOT-2022001087__B__gpt4o-mini__rep2.json	PILOT-2022001087	B	2	11	9892	4983	5333	2682	1.9884	
PILOT-2022001087__B__gpt5.4__rep0.json	PILOT-2022001087	B	0	24	9892	8206	1755	2682	0.6544	
PILOT-2022001087__B__gpt5.4__rep1.json	PILOT-2022001087	B	1	24	9892	8347	1712	2682	0.6383	
PILOT-2022001087__B__gpt5.4__rep2.json	PILOT-2022001087	B	2	24	9892	8311	1853	2682	0.6909	
PILOT-2022001087__B__haiku4.5__rep0.json	PILOT-2022001087	B	0	24	9892	5324	4917	2682	1.8333	
PILOT-2022001087__B__haiku4.5__rep1.json	PILOT-2022001087	B	1	24	9892	6284	3965	2682	1.4784	
PILOT-2022001087__B__haiku4.5__rep2.json	PILOT-2022001087	B	2	24	9892	4986	5204	2682	1.9403	
PILOT-2022001087__B__sonnet4__rep0.json	PILOT-2022001087	B	0	24	9892	8420	1822	2682	0.6793	
PILOT-2022001087__B__sonnet4__rep1.json	PILOT-2022001087	B	1	24	9892	8315	1744	2682	0.6503	
PILOT-2022001087__B__sonnet4__rep2.json	PILOT-2022001087	B	2	24	9892	8315	1744	2682	0.6503	
PILOT-2022001087__C__gpt4o-mini__rep0.json	PILOT-2022001087	C	0	24	9892	7154	3148	2682	1.1738	
PILOT-2022001087__C__gpt4o-mini__rep1.json	PILOT-2022001087	C	1	13	9892	4758	5201	2682	1.9392	
PILOT-2022001087__C__gpt4o-mini__rep2.json	PILOT-2022001087	C	2	13	9892	4801	5191	2682	1.9355	
PILOT-2022001087__C__gpt5.4__rep0.json	PILOT-2022001087	C	0	24	9892	4486	6089	2682	2.2703	
PILOT-2022001087__C__gpt5.4__rep1.json	PILOT-2022001087	C	1	24	9892	8675	1576	2682	0.5876	
PILOT-2022001087__C__gpt5.4__rep2.json	PILOT-2022001087	C	2	24	9892	8313	1753	2682	0.6536	
PILOT-2022001087__C__haiku4.5__rep0.json	PILOT-2022001087	C	0	24	9892	7472	3506	2682	1.3072	
PILOT-2022001087__C__haiku4.5__rep1.json	PILOT-2022001087	C	1	24	9892	6056	4430	2682	1.6518	
PILOT-2022001087__C__haiku4.5__rep2.json	PILOT-2022001087	C	2	24	9892	8267	2729	2682	1.0175	
PILOT-2022001087__C__sonnet4__rep0.json	PILOT-2022001087	C	0	24	9892	7750	2304	2682	0.8591	
PILOT-2022001087__C__sonnet4__rep1.json	PILOT-2022001087	C	1	24	9892	8483	1603	2682	0.5977	
PILOT-2022001087__C__sonnet4__rep2.json	PILOT-2022001087	C	2	24	9892	8483	1603	2682	0.5977	
PILOT-2022001087__D__gpt4o-mini__rep0.json	PILOT-2022001087	D	0	11	9892	4647	5526	2682	2.0604	
PILOT-2022001087__D__gpt4o-mini__rep1.json	PILOT-2022001087	D	1	14	9892	5315	4691	2682	1.7491	
PILOT-2022001087__D__gpt4o-mini__rep2.json	PILOT-2022001087	D	2	12	9892	4447	5513	2682	2.0556	
PILOT-2022001087__D__gpt5.4__rep0.json	PILOT-2022001087	D	0	24	9892	7920	2118	2682	0.7897	
PILOT-2022001087__D__gpt5.4__rep1.json	PILOT-2022001087	D	1	24	9892	6679	3653	2682	1.362	
PILOT-2022001087__D__gpt5.4__rep2.json	PILOT-2022001087	D	2	24	9892	7246	2939	2682	1.0958	
PILOT-2022001087__D__haiku4.5__rep0.json	PILOT-2022001087	D	0	24	9892	6023	4181	2682	1.5589	
PILOT-2022001087__D__haiku4.5__rep1.json	PILOT-2022001087	D	1	24	9892	6257	4300	2682	1.6033	
PILOT-2022001087__D__haiku4.5__rep2.json	PILOT-2022001087	D	2	24	9892	6378	4156	2682	1.5496	
PILOT-2022001087__D__sonnet4__rep0.json	PILOT-2022001087	D	0	24	9892	8743	2245	2682	0.8371	
PILOT-2022001087__D__sonnet4__rep1.json	PILOT-2022001087	D	1	24	9892	9059	3121	2682	1.1637	
PILOT-2022001087__D__sonnet4__rep2.json	PILOT-2022001087	D	2	24	9892	8611	2217	2682	0.8266	
PILOT-2022001087__E__gpt4o-mini__rep0.json	PILOT-2022001087	E	0	12	9892	4546	5461	2682	2.0362	
PILOT-2022001087__E__gpt4o-mini__rep1.json	PILOT-2022001087	E	1	12	9892	4559	5450	2682	2.0321	
PILOT-2022001087__E__gpt4o-mini__rep2.json	PILOT-2022001087	E	2	13	9892	4764	5201	2682	1.9392	
PILOT-2022001087__E__gpt5.4__rep0.json	PILOT-2022001087	E	0	24	9892	8132	1883	2682	0.7021	
PILOT-2022001087__E__gpt5.4__rep1.json	PILOT-2022001087	E	1	24	9892	7690	2457	2682	0.9161	
PILOT-2022001087__E__gpt5.4__rep2.json	PILOT-2022001087	E	2	24	9892	8529	1752	2682	0.6532	
PILOT-2022001087__E__haiku4.5__rep0.json	PILOT-2022001087	E	0	24	9892	9316	3228	2682	1.2036	
PILOT-2022001087__E__haiku4.5__rep1.json	PILOT-2022001087	E	1	24	9892	6937	4011	2682	1.4955	
PILOT-2022001087__E__haiku4.5__rep2.json	PILOT-2022001087	E	2	24	9892	9185	3283	2682	1.2241	
PILOT-2022001087__E__sonnet4__rep0.json	PILOT-2022001087	E	0	24	9892	8734	1841	2682	0.6864	
PILOT-2022001087__E__sonnet4__rep1.json	PILOT-2022001087	E	1	24	9892	8214	2063	2682	0.7692	
PILOT-2022001087__E__sonnet4__rep2.json	PILOT-2022001087	E	2	24	9892	9504	2521	2682	0.94	
PILOT-2022001087__F__gpt4o-mini__rep0.json	PILOT-2022001087	F	0	22	9892	7462	2468	2682	0.9202	
PILOT-2022001087__F__gpt4o-mini__rep1.json	PILOT-2022001087	F	1	14	9892	5108	4831	2682	1.8013	
PILOT-2022001087__F__gpt4o-mini__rep2.json	PILOT-2022001087	F	2	24	9892	8205	1737	2682	0.6477	
PILOT-2022001087__F__gpt5.4__rep0.json	PILOT-2022001087	F	0	24	9892	7617	2496	2682	0.9306	
PILOT-2022001087__F__gpt5.4__rep1.json	PILOT-2022001087	F	1	24	9892	9201	1826	2682	0.6808	
PILOT-2022001087__F__gpt5.4__rep2.json	PILOT-2022001087	F	2	24	9892	9257	1826	2682	0.6808	
PILOT-2022001087__F__haiku4.5__rep0.json	PILOT-2022001087	F	0	24	9892	9323	2206	2682	0.8225	
PILOT-2022001087__F__haiku4.5__rep1.json	PILOT-2022001087	F	1	24	9892	7802	4399	2682	1.6402	
PILOT-2022001087__F__haiku4.5__rep2.json	PILOT-2022001087	F	2	24	9892	5483	5173	2682	1.9288	
PILOT-2022001087__F__sonnet4__rep0.json	PILOT-2022001087	F	0	24	9892	8808	1977	2682	0.7371	
PILOT-2022001087__F__sonnet4__rep1.json	PILOT-2022001087	F	1	24	9892	7626	3272	2682	1.22	
PILOT-2022001087__F__sonnet4__rep2.json	PILOT-2022001087	F	2	24	9892	8469	1589	2682	0.5925	
PILOT-2022001087__G__gpt4o-mini__rep0.json	PILOT-2022001087	G	0	21	9892	7232	2712	2682	1.0112	
PILOT-2022001087__G__gpt4o-mini__rep1.json	PILOT-2022001087	G	1	22	9892	6441	3490	2682	1.3013	
PILOT-2022001087__G__gpt4o-mini__rep2.json	PILOT-2022001087	G	2	22	9892	6441	3490	2682	1.3013	
PILOT-2022001087__G__gpt5.4__rep0.json	PILOT-2022001087	G	0	24	9892	3669	6544	2682	2.44	
PILOT-2022001087__G__gpt5.4__rep1.json	PILOT-2022001087	G	1	24	9892	8674	1629	2682	0.6074	
PILOT-2022001087__G__gpt5.4__rep2.json	PILOT-2022001087	G	2	24	9892	4555	6009	2682	2.2405	
PILOT-2022001087__G__haiku4.5__rep0.json	PILOT-2022001087	G	0	24	9892	7794	2672	2682	0.9963	
PILOT-2022001087__G__haiku4.5__rep1.json	PILOT-2022001087	G	1	24	9892	5658	4741	2682	1.7677	
PILOT-2022001087__G__haiku4.5__rep2.json	PILOT-2022001087	G	2	24	9892	7612	3233	2682	1.2054	
PILOT-2022001087__G__sonnet4__rep0.json	PILOT-2022001087	G	0	24	9892	8124	1995	2682	0.7438	
PILOT-2022001087__G__sonnet4__rep1.json	PILOT-2022001087	G	1	24	9892	8681	1837	2682	0.6849	
PILOT-2022001087__G__sonnet4__rep2.json	PILOT-2022001087	G	2	24	9892	8638	1807	2682	0.6738	
PILOT-2022001087__baseline__gpt4o-mini__rep0.json	PILOT-2022001087	baseline	0	21	9892	7370	2619	2682	0.9765	
PILOT-2022001087__baseline__gpt4o-mini__rep1.json	PILOT-2022001087	baseline	1	24	9892	6023	3909	2682	1.4575	
PILOT-2022001087__baseline__gpt4o-mini__rep2.json	PILOT-2022001087	baseline	2	14	9892	5118	4812	2682	1.7942	
PILOT-2022001087__baseline__gpt5.4__rep0.json	PILOT-2022001087	baseline	0	24	9892	8302	1881	2682	0.7013	
PILOT-2022001087__baseline__gpt5.4__rep1.json	PILOT-2022001087	baseline	1	24	9892	8046	1967	2682	0.7334	
PILOT-2022001087__baseline__gpt5.4__rep2.json	PILOT-2022001087	baseline	2	24	9892	8313	1753	2682	0.6536	
PILOT-2022001087__baseline__haiku4.5__rep0.json	PILOT-2022001087	baseline	0	24	9892	6427	4147	2682	1.5462	
PILOT-2022001087__baseline__haiku4.5__rep1.json	PILOT-2022001087	baseline	1	24	9892	8849	2356	2682	0.8784	
PILOT-2022001087__baseline__haiku4.5__rep2.json	PILOT-2022001087	baseline	2	24	9892	6507	4678	2682	1.7442	
PILOT-2022001087__baseline__sonnet4__rep0.json	PILOT-2022001087	baseline	0	24	9892	9977	2797	2682	1.0429	
PILOT-2022001087__baseline__sonnet4__rep1.json	PILOT-2022001087	baseline	1	24	9892	7816	3299	2682	1.2301	
PILOT-2022001087__baseline__sonnet4__rep2.json	PILOT-2022001087	baseline	2	24	9892	8417	2979	2682	1.1107	
