file	case	cond	rep	c3	c3_recall	c3_prec	c3_f1	n_claims	reason
PILOT-2009010505__F__gpt4o-mini__rep0.json	PILOT-2009010505	F	0	0.7334	0.9403	0.7671	0.8379	17	
PILOT-2009010505__F__gpt4o-mini__rep1.json	PILOT-2009010505	F	1	None				0	no_gen
PILOT-2009010505__F__gpt4o-mini__rep2.json	PILOT-2009010505	F	2	0.7639	1.0	0.7639	0.866	2	
PILOT-2009010505__F__gpt5.4__rep0.json	PILOT-2009010505	F	0	0.9157	0.9499	0.9658	0.9509	23	
PILOT-2009010505__F__gpt5.4__rep1.json	PILOT-2009010505	F	1	0.9157	0.9499	0.9658	0.9509	23	
PILOT-2009010505__F__gpt5.4__rep2.json	PILOT-2009010505	F	2	0.9387	0.9588	0.9799	0.9646	28	
PILOT-2009010505__F__haiku4.5__rep0.json	PILOT-2009010505	F	0	0.5591	0.9499	0.5752	0.7111	23	
PILOT-2009010505__F__haiku4.5__rep1.json	PILOT-2009010505	F	1	0.604	0.889	0.6274	0.7223	28	
PILOT-2009010505__F__haiku4.5__rep2.json	PILOT-2009010505	F	2	0.5822	0.952	0.5984	0.7297	24	
PILOT-2009010505__F__sonnet4__rep0.json	PILOT-2009010505	F	0	0.7454	0.9588	0.7672	0.8421	28	
PILOT-2009010505__F__sonnet4__rep1.json	PILOT-2009010505	F	1	0.7265	0.9588	0.7502	0.8286	28	
PILOT-2009010505__F__sonnet4__rep2.json	PILOT-2009010505	F	2	0.7587	0.9588	0.7809	0.8514	28	
PILOT-2009010505__G__gpt4o-mini__rep0.json	PILOT-2009010505	G	0	0.9369	1.0	0.9369	0.9644	14	
PILOT-2009010505__G__gpt4o-mini__rep1.json	PILOT-2009010505	G	1	0.6169	0.9191	0.6571	0.7555	12	
PILOT-2009010505__G__gpt4o-mini__rep2.json	PILOT-2009010505	G	2	None				0	no_gen
PILOT-2009010505__G__gpt5.4__rep0.json	PILOT-2009010505	G	0	0.8226	0.952	0.8596	0.8929	24	
PILOT-2009010505__G__gpt5.4__rep1.json	PILOT-2009010505	G	1	0.9387	0.9588	0.9799	0.9646	28	
PILOT-2009010505__G__gpt5.4__rep2.json	PILOT-2009010505	G	2	0.9107	0.9499	0.9608	0.9475	23	
PILOT-2009010505__G__haiku4.5__rep0.json	PILOT-2009010505	G	0	0.6103	0.9588	0.6266	0.7495	28	
PILOT-2009010505__G__haiku4.5__rep1.json	PILOT-2009010505	G	1	0.5698	0.9476	0.5876	0.7186	22	
PILOT-2009010505__G__haiku4.5__rep2.json	PILOT-2009010505	G	2	0.6429	0.9588	0.6606	0.7695	28	
PILOT-2009010505__G__sonnet4__rep0.json	PILOT-2009010505	G	0	0.7065	0.9539	0.7313	0.8198	25	
PILOT-2009010505__G__sonnet4__rep1.json	PILOT-2009010505	G	1	0.8252	0.9588	0.858	0.8895	28	
PILOT-2009010505__G__sonnet4__rep2.json	PILOT-2009010505	G	2	0.8565	0.9588	0.892	0.9137	28	
PILOT-2010007757__F__gpt4o-mini__rep0.json	PILOT-2010007757	F	0	None				0	no_gen
PILOT-2010007757__F__gpt4o-mini__rep1.json	PILOT-2010007757	F	1	0.7139	0.869	0.7917	0.8278	3	
PILOT-2010007757__F__gpt4o-mini__rep2.json	PILOT-2010007757	F	2	0.5981	1.0	0.5981	0.7113	3	
PILOT-2010007757__F__gpt5.4__rep0.json	PILOT-2010007757	F	0	0.9265	0.9804	0.9461	0.9563	17	
PILOT-2010007757__F__gpt5.4__rep1.json	PILOT-2010007757	F	1	0.9488	0.9804	0.9684	0.9698	17	
PILOT-2010007757__F__gpt5.4__rep2.json	PILOT-2010007757	F	2	0.8788	1.0	0.8788	0.9259	3	
PILOT-2010007757__F__haiku4.5__rep0.json	PILOT-2010007757	F	0	0.599	1.0	0.599	0.7185	3	
PILOT-2010007757__F__haiku4.5__rep1.json	PILOT-2010007757	F	1	0.7593	1.0	0.7593	0.8472	3	
PILOT-2010007757__F__haiku4.5__rep2.json	PILOT-2010007757	F	2	0.6407	1.0	0.6407	0.7713	3	
PILOT-2010007757__F__sonnet4__rep0.json	PILOT-2010007757	F	0	0.9148	0.9744	0.9404	0.9503	13	
PILOT-2010007757__F__sonnet4__rep1.json	PILOT-2010007757	F	1	0.9673	0.9804	0.9869	0.9809	17	
PILOT-2010007757__F__sonnet4__rep2.json	PILOT-2010007757	F	2	0.973	0.9804	0.9926	0.9843	17	
PILOT-2010007757__G__gpt4o-mini__rep0.json	PILOT-2010007757	G	0	0.6161	1.0	0.6161	0.75	3	
PILOT-2010007757__G__gpt4o-mini__rep1.json	PILOT-2010007757	G	1	0.415	1.0	0.415	0.5833	3	
PILOT-2010007757__G__gpt4o-mini__rep2.json	PILOT-2010007757	G	2	0.6416	0.96	0.6527	0.7721	5	
PILOT-2010007757__G__gpt5.4__rep0.json	PILOT-2010007757	G	0	0.959	0.9804	0.9786	0.9752	17	
PILOT-2010007757__G__gpt5.4__rep1.json	PILOT-2010007757	G	1	0.8788	1.0	0.8788	0.9259	3	
PILOT-2010007757__G__gpt5.4__rep2.json	PILOT-2010007757	G	2	0.9341	0.9544	0.9797	0.9541	32	
PILOT-2010007757__G__haiku4.5__rep0.json	PILOT-2010007757	G	0	0.5039	1.0	0.5039	0.6594	3	
PILOT-2010007757__G__haiku4.5__rep1.json	PILOT-2010007757	G	1	0.5795	1.0	0.5795	0.7301	3	
PILOT-2010007757__G__haiku4.5__rep2.json	PILOT-2010007757	G	2	0.7677	0.9804	0.7873	0.8493	17	
PILOT-2010007757__G__sonnet4__rep0.json	PILOT-2010007757	G	0	0.9292	0.9804	0.9488	0.9593	17	
PILOT-2010007757__G__sonnet4__rep1.json	PILOT-2010007757	G	1	0.9628	0.9804	0.9824	0.979	17	
PILOT-2010007757__G__sonnet4__rep2.json	PILOT-2010007757	G	2	0.9292	0.9804	0.9488	0.9593	17	
PILOT-2010008015__F__gpt4o-mini__rep0.json	PILOT-2010008015	F	0	0.6554	0.95	0.6665	0.7779	4	
PILOT-2010008015__F__gpt4o-mini__rep1.json	PILOT-2010008015	F	1	0.6633	1.0	0.6633	0.773	4	
PILOT-2010008015__F__gpt4o-mini__rep2.json	PILOT-2010008015	F	2	0.7152	0.9333	0.7413	0.8239	5	
PILOT-2010008015__F__gpt5.4__rep0.json	PILOT-2010008015	F	0	0.9677	0.9764	0.9894	0.9819	28	
PILOT-2010008015__F__gpt5.4__rep1.json	PILOT-2010008015	F	1	0.9543	0.9764	0.976	0.9736	28	
PILOT-2010008015__F__gpt5.4__rep2.json	PILOT-2010008015	F	2	0.9713	0.9764	0.9933	0.984	28	
PILOT-2010008015__F__haiku4.5__rep0.json	PILOT-2010008015	F	0	0.7341	0.9764	0.747	0.8412	28	
PILOT-2010008015__F__haiku4.5__rep1.json	PILOT-2010008015	F	1	0.796	0.9764	0.8105	0.8785	28	
PILOT-2010008015__F__haiku4.5__rep2.json	PILOT-2010008015	F	2	0.8885	0.9764	0.9098	0.9324	28	
PILOT-2010008015__F__sonnet4__rep0.json	PILOT-2010008015	F	0	0.9623	0.9764	0.9844	0.9789	28	
PILOT-2010008015__F__sonnet4__rep1.json	PILOT-2010008015	F	1	0.9623	0.9764	0.9844	0.9789	28	
PILOT-2010008015__F__sonnet4__rep2.json	PILOT-2010008015	F	2	0.9454	0.9805	0.9623	0.9679	27	
PILOT-2010008015__G__gpt4o-mini__rep0.json	PILOT-2010008015	G	0	0.6019	0.9685	0.6151	0.7433	7	
PILOT-2010008015__G__gpt4o-mini__rep1.json	PILOT-2010008015	G	1	0.626	1.0	0.626	0.7623	4	
PILOT-2010008015__G__gpt4o-mini__rep2.json	PILOT-2010008015	G	2	0.8126	0.9812	0.8253	0.8904	28	
PILOT-2010008015__G__gpt5.4__rep0.json	PILOT-2010008015	G	0	0.969	0.9764	0.9911	0.9828	28	
PILOT-2010008015__G__gpt5.4__rep1.json	PILOT-2010008015	G	1	0.977	0.9812	0.9958	0.9875	28	
PILOT-2010008015__G__gpt5.4__rep2.json	PILOT-2010008015	G	2	0.9677	0.9764	0.9894	0.9819	28	
PILOT-2010008015__G__haiku4.5__rep0.json	PILOT-2010008015	G	0	0.896	0.9653	0.9232	0.9395	28	
PILOT-2010008015__G__haiku4.5__rep1.json	PILOT-2010008015	G	1	0.8833	0.9667	0.9091	0.9311	28	
PILOT-2010008015__G__haiku4.5__rep2.json	PILOT-2010008015	G	2	0.9006	0.9693	0.9246	0.9419	28	
PILOT-2010008015__G__sonnet4__rep0.json	PILOT-2010008015	G	0	0.9671	0.9764	0.9891	0.9817	28	
PILOT-2010008015__G__sonnet4__rep1.json	PILOT-2010008015	G	1	0.9623	0.9764	0.9844	0.9789	28	
PILOT-2010008015__G__sonnet4__rep2.json	PILOT-2010008015	G	2	0.9639	0.9764	0.9858	0.9801	28	
PILOT-2010010196__F__gpt4o-mini__rep0.json	PILOT-2010010196	F	0	0.8899	0.975	0.9125	0.9416	2	
PILOT-2010010196__F__gpt4o-mini__rep1.json	PILOT-2010010196	F	1	0.8155	0.9833	0.8306	0.8944	3	
PILOT-2010010196__F__gpt4o-mini__rep2.json	PILOT-2010010196	F	2	0.9375	1.0	0.9375	0.9667	2	
PILOT-2010010196__F__gpt5.4__rep0.json	PILOT-2010010196	F	0	0.9553	0.9761	0.9722	0.9727	20	
PILOT-2010010196__F__gpt5.4__rep1.json	PILOT-2010010196	F	1	0.9553	0.9761	0.9722	0.9727	20	
PILOT-2010010196__F__gpt5.4__rep2.json	PILOT-2010010196	F	2	0.9595	0.9975	0.9614	0.9772	20	
PILOT-2010010196__F__haiku4.5__rep0.json	PILOT-2010010196	F	0	0.9435	0.9912	0.9492	0.9676	20	
PILOT-2010010196__F__haiku4.5__rep1.json	PILOT-2010010196	F	1	0.9435	0.9912	0.9492	0.9676	20	
PILOT-2010010196__F__haiku4.5__rep2.json	PILOT-2010010196	F	2	0.9511	0.9912	0.9568	0.9724	20	
PILOT-2010010196__F__sonnet4__rep0.json	PILOT-2010010196	F	0	0.9768	0.9972	0.9796	0.9877	18	
PILOT-2010010196__F__sonnet4__rep1.json	PILOT-2010010196	F	1	0.9791	0.9975	0.9816	0.9889	20	
PILOT-2010010196__F__sonnet4__rep2.json	PILOT-2010010196	F	2	0.9768	0.9972	0.9796	0.9877	18	
PILOT-2010010196__G__gpt4o-mini__rep0.json	PILOT-2010010196	G	0	1.0	1.0	1.0	1.0	2	
PILOT-2010010196__G__gpt4o-mini__rep1.json	PILOT-2010010196	G	1	0.9137	1.0	0.9137	0.9545	2	
PILOT-2010010196__G__gpt4o-mini__rep2.json	PILOT-2010010196	G	2	0.875	0.9285	0.9285	0.9285	2	
PILOT-2010010196__G__gpt5.4__rep0.json	PILOT-2010010196	G	0	0.9607	0.9832	0.9736	0.9772	20	
PILOT-2010010196__G__gpt5.4__rep1.json	PILOT-2010010196	G	1	0.9712	0.9975	0.9729	0.9844	20	
PILOT-2010010196__G__gpt5.4__rep2.json	PILOT-2010010196	G	2	0.9615	0.9761	0.979	0.9762	20	
PILOT-2010010196__G__haiku4.5__rep0.json	PILOT-2010010196	G	0	0.9511	0.9912	0.9568	0.9724	20	
PILOT-2010010196__G__haiku4.5__rep1.json	PILOT-2010010196	G	1	0.8198	0.99	0.8298	0.8976	5	
PILOT-2010010196__G__haiku4.5__rep2.json	PILOT-2010010196	G	2	0.7983	0.99	0.8083	0.8844	5	
PILOT-2010010196__G__sonnet4__rep0.json	PILOT-2010010196	G	0	0.9654	0.9975	0.9673	0.9809	20	
PILOT-2010010196__G__sonnet4__rep1.json	PILOT-2010010196	G	1	0.9577	0.9972	0.96	0.9764	18	
PILOT-2010010196__G__sonnet4__rep2.json	PILOT-2010010196	G	2	0.9552	0.9971	0.9576	0.975	17	
PILOT-2010011970__F__gpt4o-mini__rep0.json	PILOT-2010011970	F	0	0.9116	1.0	0.9116	0.9538	3	
PILOT-2010011970__F__gpt4o-mini__rep1.json	PILOT-2010011970	F	1	None				0	no_gen
PILOT-2010011970__F__gpt4o-mini__rep2.json	PILOT-2010011970	F	2	0.8731	1.0	0.8731	0.9322	3	
PILOT-2010011970__F__gpt5.4__rep0.json	PILOT-2010011970	F	0	0.8889	0.8889	1.0	0.9412	1	
PILOT-2010011970__F__gpt5.4__rep1.json	PILOT-2010011970	F	1	0.3587	0.6593	0.4451	0.5279	4	
PILOT-2010011970__F__gpt5.4__rep2.json	PILOT-2010011970	F	2	0.3272	0.5378	0.4548	0.4927	4	
PILOT-2010011970__F__haiku4.5__rep0.json	PILOT-2010011970	F	0	0.2473	0.4985	0.3337	0.3963	3	
PILOT-2010011970__F__haiku4.5__rep1.json	PILOT-2010011970	F	1	0.2302	0.4833	0.3075	0.3741	3	
PILOT-2010011970__F__haiku4.5__rep2.json	PILOT-2010011970	F	2	0.2457	0.4833	0.333	0.3943	3	
PILOT-2010011970__F__sonnet4__rep0.json	PILOT-2010011970	F	0	0.3259	0.4229	0.4959	0.4562	4	
PILOT-2010011970__F__sonnet4__rep1.json	PILOT-2010011970	F	1	0.1499	0.2727	0.2488	0.2602	3	
PILOT-2010011970__F__sonnet4__rep2.json	PILOT-2010011970	F	2	0.7401	0.9445	0.7755	0.8493	4	
PILOT-2010011970__G__gpt4o-mini__rep0.json	PILOT-2010011970	G	0	0.6541	0.7833	0.6966	0.7361	3	
PILOT-2010011970__G__gpt4o-mini__rep1.json	PILOT-2010011970	G	1	0.9116	1.0	0.9116	0.9538	3	
PILOT-2010011970__G__gpt4o-mini__rep2.json	PILOT-2010011970	G	2	0.8376	1.0	0.8376	0.9116	3	
PILOT-2010011970__G__gpt5.4__rep0.json	PILOT-2010011970	G	0	0.8889	0.8889	1.0	0.9412	1	
PILOT-2010011970__G__gpt5.4__rep1.json	PILOT-2010011970	G	1	0.8889	0.8889	1.0	0.9412	1	
PILOT-2010011970__G__gpt5.4__rep2.json	PILOT-2010011970	G	2	0.2595	0.4287	0.3942	0.4101	4	
PILOT-2010011970__G__haiku4.5__rep0.json	PILOT-2010011970	G	0	0.2307	0.4833	0.3062	0.3748	3	
PILOT-2010011970__G__haiku4.5__rep1.json	PILOT-2010011970	G	1	0.2112	0.4833	0.2729	0.3487	3	
PILOT-2010011970__G__haiku4.5__rep2.json	PILOT-2010011970	G	2	0.1955	0.403	0.2754	0.3271	3	
PILOT-2010011970__G__sonnet4__rep0.json	PILOT-2010011970	G	0	0.6385	0.9722	0.6481	0.7776	4	
PILOT-2010011970__G__sonnet4__rep1.json	PILOT-2010011970	G	1	0.7467	1.0	0.7467	0.855	3	
PILOT-2010011970__G__sonnet4__rep2.json	PILOT-2010011970	G	2	0.8259	0.9722	0.8537	0.9042	4	
PILOT-2011003851__F__gpt4o-mini__rep0.json	PILOT-2011003851	F	0	None				0	no_gen
PILOT-2011003851__F__gpt4o-mini__rep1.json	PILOT-2011003851	F	1	None				0	no_gen
PILOT-2011003851__F__gpt4o-mini__rep2.json	PILOT-2011003851	F	2	0.9072	0.9182	0.9878	0.9477	20	
PILOT-2011003851__F__gpt5.4__rep0.json	PILOT-2011003851	F	0	0.9097	0.92	0.9879	0.949	20	
PILOT-2011003851__F__gpt5.4__rep1.json	PILOT-2011003851	F	1	0.9097	0.92	0.9879	0.949	20	
PILOT-2011003851__F__gpt5.4__rep2.json	PILOT-2011003851	F	2	0.9107	0.92	0.9894	0.9494	20	
PILOT-2011003851__F__haiku4.5__rep0.json	PILOT-2011003851	F	0	0.8437	0.92	0.9153	0.9103	20	
PILOT-2011003851__F__haiku4.5__rep1.json	PILOT-2011003851	F	1	0.7549	0.92	0.8133	0.8576	20	
PILOT-2011003851__F__haiku4.5__rep2.json	PILOT-2011003851	F	2	0.7713	0.92	0.8314	0.8681	20	
PILOT-2011003851__F__sonnet4__rep0.json	PILOT-2011003851	F	0	0.8979	0.92	0.9755	0.9421	20	
PILOT-2011003851__F__sonnet4__rep1.json	PILOT-2011003851	F	1	0.9097	0.92	0.9879	0.949	20	
PILOT-2011003851__F__sonnet4__rep2.json	PILOT-2011003851	F	2	0.9117	0.92	0.9908	0.9502	20	
PILOT-2011003851__G__gpt4o-mini__rep0.json	PILOT-2011003851	G	0	None				0	no_gen
PILOT-2011003851__G__gpt4o-mini__rep1.json	PILOT-2011003851	G	1	0.8284	0.92	0.894	0.9027	20	
PILOT-2011003851__G__gpt4o-mini__rep2.json	PILOT-2011003851	G	2	0.8906	0.9137	0.9749	0.9386	20	
PILOT-2011003851__G__gpt5.4__rep0.json	PILOT-2011003851	G	0	0.906	0.92	0.9826	0.9465	20	
PILOT-2011003851__G__gpt5.4__rep1.json	PILOT-2011003851	G	1	0.908	0.92	0.9867	0.9481	20	
PILOT-2011003851__G__gpt5.4__rep2.json	PILOT-2011003851	G	2	0.9054	0.92	0.9835	0.9467	20	
PILOT-2011003851__G__haiku4.5__rep0.json	PILOT-2011003851	G	0	0.7426	0.92	0.7978	0.85	20	
PILOT-2011003851__G__haiku4.5__rep1.json	PILOT-2011003851	G	1	0.7937	0.92	0.8548	0.8793	20	
PILOT-2011003851__G__haiku4.5__rep2.json	PILOT-2011003851	G	2	0.7293	0.92	0.7787	0.8387	20	
PILOT-2011003851__G__sonnet4__rep0.json	PILOT-2011003851	G	0	0.899	0.92	0.9761	0.9428	20	
PILOT-2011003851__G__sonnet4__rep1.json	PILOT-2011003851	G	1	0.8964	0.92	0.9723	0.941	20	
PILOT-2011003851__G__sonnet4__rep2.json	PILOT-2011003851	G	2	0.8972	0.92	0.9735	0.9416	20	
PILOT-2011004581__F__gpt4o-mini__rep0.json	PILOT-2011004581	F	0	0.8236	0.8861	0.9011	0.8932	8	
PILOT-2011004581__F__gpt4o-mini__rep1.json	PILOT-2011004581	F	1	0.7838	0.987	0.7943	0.8716	10	
PILOT-2011004581__F__gpt4o-mini__rep2.json	PILOT-2011004581	F	2	0.7776	0.9838	0.7892	0.8649	8	
PILOT-2011004581__F__gpt5.4__rep0.json	PILOT-2011004581	F	0	0.9148	0.9882	0.9257	0.9536	11	
PILOT-2011004581__F__gpt5.4__rep1.json	PILOT-2011004581	F	1	0.8533	0.9882	0.8604	0.9135	11	
PILOT-2011004581__F__gpt5.4__rep2.json	PILOT-2011004581	F	2	0.8805	0.9882	0.8885	0.9337	11	
PILOT-2011004581__F__haiku4.5__rep0.json	PILOT-2011004581	F	0	0.7578	0.9882	0.7643	0.8567	11	
PILOT-2011004581__F__haiku4.5__rep1.json	PILOT-2011004581	F	1	0.7496	0.9784	0.7625	0.8492	11	
PILOT-2011004581__F__haiku4.5__rep2.json	PILOT-2011004581	F	2	0.7185	0.9882	0.725	0.8239	11	
PILOT-2011004581__F__sonnet4__rep0.json	PILOT-2011004581	F	0	0.7788	0.9882	0.7855	0.8718	11	
PILOT-2011004581__F__sonnet4__rep1.json	PILOT-2011004581	F	1	0.7669	0.9882	0.7727	0.8629	11	
PILOT-2011004581__F__sonnet4__rep2.json	PILOT-2011004581	F	2	0.819	0.9882	0.8271	0.8977	11	
PILOT-2011004581__G__gpt4o-mini__rep0.json	PILOT-2011004581	G	0	0.8038	0.9856	0.8149	0.8861	9	
PILOT-2011004581__G__gpt4o-mini__rep1.json	PILOT-2011004581	G	1	0.8916	0.9741	0.9142	0.9423	5	
PILOT-2011004581__G__gpt4o-mini__rep2.json	PILOT-2011004581	G	2	0.943	0.9838	0.9585	0.9703	8	
PILOT-2011004581__G__gpt5.4__rep0.json	PILOT-2011004581	G	0	0.8492	0.9882	0.8583	0.9151	11	
PILOT-2011004581__G__gpt5.4__rep1.json	PILOT-2011004581	G	1	0.8877	0.9882	0.8962	0.9382	11	
PILOT-2011004581__G__gpt5.4__rep2.json	PILOT-2011004581	G	2	0.9428	0.9882	0.9523	0.9696	11	
PILOT-2011004581__G__haiku4.5__rep0.json	PILOT-2011004581	G	0	0.733	0.9882	0.7397	0.8368	11	
PILOT-2011004581__G__haiku4.5__rep1.json	PILOT-2011004581	G	1	0.8186	0.9882	0.8254	0.8924	11	
PILOT-2011004581__G__haiku4.5__rep2.json	PILOT-2011004581	G	2	0.631	0.9882	0.636	0.7544	11	
PILOT-2011004581__G__sonnet4__rep0.json	PILOT-2011004581	G	0	0.7905	0.9882	0.7966	0.8766	11	
PILOT-2011004581__G__sonnet4__rep1.json	PILOT-2011004581	G	1	0.7754	0.9882	0.7815	0.8682	11	
PILOT-2011004581__G__sonnet4__rep2.json	PILOT-2011004581	G	2	0.8235	0.9882	0.8306	0.899	11	
PILOT-2011007474__F__gpt4o-mini__rep0.json	PILOT-2011007474	F	0	None				0	no_gen
PILOT-2011007474__F__gpt4o-mini__rep1.json	PILOT-2011007474	F	1	None				0	no_gen
PILOT-2011007474__F__gpt4o-mini__rep2.json	PILOT-2011007474	F	2	None				0	no_gen
PILOT-2011007474__F__gpt5.4__rep0.json	PILOT-2011007474	F	0	0.9648	0.9955	0.9688	0.9806	14	
PILOT-2011007474__F__gpt5.4__rep1.json	PILOT-2011007474	F	1	0.9582	0.9955	0.9613	0.9766	14	
PILOT-2011007474__F__gpt5.4__rep2.json	PILOT-2011007474	F	2	0.9742	0.9952	0.9776	0.9858	13	
PILOT-2011007474__F__haiku4.5__rep0.json	PILOT-2011007474	F	0	0.5312	0.9955	0.533	0.679	14	
PILOT-2011007474__F__haiku4.5__rep1.json	PILOT-2011007474	F	1	0.5354	0.9955	0.5371	0.6905	14	
PILOT-2011007474__F__haiku4.5__rep2.json	PILOT-2011007474	F	2	0.5338	0.9797	0.5417	0.6865	14	
PILOT-2011007474__F__sonnet4__rep0.json	PILOT-2011007474	F	0	0.9707	0.9955	0.9735	0.9836	14	
PILOT-2011007474__F__sonnet4__rep1.json	PILOT-2011007474	F	1	0.9759	0.9955	0.9788	0.9865	14	
PILOT-2011007474__F__sonnet4__rep2.json	PILOT-2011007474	F	2	0.942	0.9955	0.9448	0.965	14	
PILOT-2011007474__G__gpt4o-mini__rep0.json	PILOT-2011007474	G	0	None				0	no_gen
PILOT-2011007474__G__gpt4o-mini__rep1.json	PILOT-2011007474	G	1	None				0	no_gen
PILOT-2011007474__G__gpt4o-mini__rep2.json	PILOT-2011007474	G	2	None				0	no_gen
PILOT-2011007474__G__gpt5.4__rep0.json	PILOT-2011007474	G	0	0.9732	0.9955	0.976	0.985	14	
PILOT-2011007474__G__gpt5.4__rep1.json	PILOT-2011007474	G	1	0.9819	0.9955	0.9854	0.9903	14	
PILOT-2011007474__G__gpt5.4__rep2.json	PILOT-2011007474	G	2	0.9664	0.9948	0.9701	0.9813	12	
PILOT-2011007474__G__haiku4.5__rep0.json	PILOT-2011007474	G	0	0.6269	0.9955	0.6281	0.7324	14	
PILOT-2011007474__G__haiku4.5__rep1.json	PILOT-2011007474	G	1	0.5384	0.9955	0.5403	0.6866	14	
PILOT-2011007474__G__haiku4.5__rep2.json	PILOT-2011007474	G	2	0.5399	0.9955	0.5414	0.6811	14	
PILOT-2011007474__G__sonnet4__rep0.json	PILOT-2011007474	G	0	0.9617	0.9955	0.9643	0.9779	14	
PILOT-2011007474__G__sonnet4__rep1.json	PILOT-2011007474	G	1	0.9236	0.9591	0.9622	0.9563	14	
PILOT-2011007474__G__sonnet4__rep2.json	PILOT-2011007474	G	2	0.9373	0.9955	0.9394	0.963	14	
PILOT-2011008843__F__gpt4o-mini__rep0.json	PILOT-2011008843	F	0	0.9194	0.9808	0.9373	0.958	2	
PILOT-2011008843__F__gpt4o-mini__rep1.json	PILOT-2011008843	F	1	0.745	1.0	0.745	0.8505	2	
PILOT-2011008843__F__gpt4o-mini__rep2.json	PILOT-2011008843	F	2	0.9402	0.9808	0.958	0.9691	2	
PILOT-2011008843__F__gpt5.4__rep0.json	PILOT-2011008843	F	0	0.9893	1.0	0.9893	0.9941	18	
PILOT-2011008843__F__gpt5.4__rep1.json	PILOT-2011008843	F	1	0.9675	1.0	0.9675	0.9822	16	
PILOT-2011008843__F__gpt5.4__rep2.json	PILOT-2011008843	F	2	0.9166	0.9956	0.9195	0.9514	18	
PILOT-2011008843__F__haiku4.5__rep0.json	PILOT-2011008843	F	0	0.7603	0.9913	0.7661	0.8608	9	
PILOT-2011008843__F__haiku4.5__rep1.json	PILOT-2011008843	F	1	0.7262	0.9913	0.7325	0.8321	9	
PILOT-2011008843__F__haiku4.5__rep2.json	PILOT-2011008843	F	2	0.7273	0.9913	0.7335	0.8328	9	
PILOT-2011008843__F__sonnet4__rep0.json	PILOT-2011008843	F	0	0.9971	1.0	0.9971	0.9985	30	
PILOT-2011008843__F__sonnet4__rep1.json	PILOT-2011008843	F	1	0.9957	1.0	0.9957	0.9977	20	
PILOT-2011008843__F__sonnet4__rep2.json	PILOT-2011008843	F	2	0.9957	1.0	0.9957	0.9977	20	
PILOT-2011008843__G__gpt4o-mini__rep0.json	PILOT-2011008843	G	0	0.913	1.0	0.913	0.9545	1	
PILOT-2011008843__G__gpt4o-mini__rep1.json	PILOT-2011008843	G	1	0.913	1.0	0.913	0.9545	1	
PILOT-2011008843__G__gpt4o-mini__rep2.json	PILOT-2011008843	G	2	0.75	1.0	0.75	0.8571	1	
PILOT-2011008843__G__gpt5.4__rep0.json	PILOT-2011008843	G	0	0.967	0.9945	0.9725	0.982	7	
PILOT-2011008843__G__gpt5.4__rep1.json	PILOT-2011008843	G	1	0.967	0.9945	0.9725	0.982	7	
PILOT-2011008843__G__gpt5.4__rep2.json	PILOT-2011008843	G	2	0.967	0.9945	0.9725	0.982	7	
PILOT-2011008843__G__haiku4.5__rep0.json	PILOT-2011008843	G	0	0.8818	0.9598	0.9122	0.9269	19	
PILOT-2011008843__G__haiku4.5__rep1.json	PILOT-2011008843	G	1	0.8069	0.9738	0.8244	0.8929	3	
PILOT-2011008843__G__haiku4.5__rep2.json	PILOT-2011008843	G	2	0.8244	0.9738	0.8432	0.9037	3	
PILOT-2011008843__G__sonnet4__rep0.json	PILOT-2011008843	G	0	0.9971	1.0	0.9971	0.9985	30	
PILOT-2011008843__G__sonnet4__rep1.json	PILOT-2011008843	G	1	0.9965	1.0	0.9965	0.9982	25	
PILOT-2011008843__G__sonnet4__rep2.json	PILOT-2011008843	G	2	0.9971	1.0	0.9971	0.9985	30	
PILOT-2011009182__F__gpt4o-mini__rep0.json	PILOT-2011009182	F	0	0.7172	1.0	0.7172	0.8199	8	
PILOT-2011009182__F__gpt4o-mini__rep1.json	PILOT-2011009182	F	1	0.7544	1.0	0.7544	0.8493	8	
PILOT-2011009182__F__gpt4o-mini__rep2.json	PILOT-2011009182	F	2	0.7486	1.0	0.7486	0.8523	8	
PILOT-2011009182__F__gpt5.4__rep0.json	PILOT-2011009182	F	0	0.9856	0.9909	0.9946	0.9924	23	
PILOT-2011009182__F__gpt5.4__rep1.json	PILOT-2011009182	F	1	0.9834	1.0	0.9834	0.9911	17	
PILOT-2011009182__F__gpt5.4__rep2.json	PILOT-2011009182	F	2	0.9725	1.0	0.9725	0.9843	18	
PILOT-2011009182__F__haiku4.5__rep0.json	PILOT-2011009182	F	0	0.6564	0.9877	0.6621	0.7879	17	
PILOT-2011009182__F__haiku4.5__rep1.json	PILOT-2011009182	F	1	0.7865	0.9877	0.7958	0.8757	17	
PILOT-2011009182__F__haiku4.5__rep2.json	PILOT-2011009182	F	2	0.7944	0.9877	0.8067	0.8785	17	
PILOT-2011009182__F__sonnet4__rep0.json	PILOT-2011009182	F	0	0.7239	0.9909	0.7264	0.823	23	
PILOT-2011009182__F__sonnet4__rep1.json	PILOT-2011009182	F	1	0.8012	0.9909	0.8049	0.8797	23	
PILOT-2011009182__F__sonnet4__rep2.json	PILOT-2011009182	F	2	0.7125	0.9909	0.7151	0.8147	23	
PILOT-2011009182__G__gpt4o-mini__rep0.json	PILOT-2011009182	G	0	0.9423	1.0	0.9423	0.9638	8	
PILOT-2011009182__G__gpt4o-mini__rep1.json	PILOT-2011009182	G	1	0.9827	0.9851	0.9976	0.9909	14	
PILOT-2011009182__G__gpt4o-mini__rep2.json	PILOT-2011009182	G	2	0.7375	1.0	0.7375	0.8447	7	
PILOT-2011009182__G__gpt5.4__rep0.json	PILOT-2011009182	G	0	0.9785	1.0	0.9785	0.9877	23	
PILOT-2011009182__G__gpt5.4__rep1.json	PILOT-2011009182	G	1	0.9785	1.0	0.9785	0.9877	23	
PILOT-2011009182__G__gpt5.4__rep2.json	PILOT-2011009182	G	2	0.9787	0.9909	0.9877	0.9886	23	
PILOT-2011009182__G__haiku4.5__rep0.json	PILOT-2011009182	G	0	0.7652	0.9877	0.7733	0.8554	17	
PILOT-2011009182__G__haiku4.5__rep1.json	PILOT-2011009182	G	1	0.7248	0.9877	0.7315	0.8356	17	
PILOT-2011009182__G__haiku4.5__rep2.json	PILOT-2011009182	G	2	0.7903	0.9877	0.7996	0.8808	17	
PILOT-2011009182__G__sonnet4__rep0.json	PILOT-2011009182	G	0	0.9789	0.9905	0.9883	0.9883	22	
PILOT-2011009182__G__sonnet4__rep1.json	PILOT-2011009182	G	1	0.9789	0.9905	0.9883	0.9883	22	
PILOT-2011009182__G__sonnet4__rep2.json	PILOT-2011009182	G	2	0.9789	0.9905	0.9883	0.9883	22	
PILOT-2011011469__F__gpt4o-mini__rep0.json	PILOT-2011011469	F	0	0.7533	0.9714	0.7666	0.8538	5	
PILOT-2011011469__F__gpt4o-mini__rep1.json	PILOT-2011011469	F	1	0.6961	0.9833	0.708	0.8157	10	
PILOT-2011011469__F__gpt4o-mini__rep2.json	PILOT-2011011469	F	2	0.8271	0.9902	0.8369	0.9029	6	
PILOT-2011011469__F__gpt5.4__rep0.json	PILOT-2011011469	F	0	0.7963	0.9828	0.8135	0.848	17	
PILOT-2011011469__F__gpt5.4__rep1.json	PILOT-2011011469	F	1	0.951	0.9828	0.9681	0.9723	17	
PILOT-2011011469__F__gpt5.4__rep2.json	PILOT-2011011469	F	2	0.9727	0.9806	0.9921	0.9854	15	
PILOT-2011011469__F__haiku4.5__rep0.json	PILOT-2011011469	F	0	0.555	0.9818	0.5652	0.6848	16	
PILOT-2011011469__F__haiku4.5__rep1.json	PILOT-2011011469	F	1	0.4839	0.9861	0.4865	0.6244	12	
PILOT-2011011469__F__haiku4.5__rep2.json	PILOT-2011011469	F	2	0.4924	0.8333	0.5106	0.621	10	
PILOT-2011011469__F__sonnet4__rep0.json	PILOT-2011011469	F	0	0.9132	0.9828	0.9304	0.9451	17	
PILOT-2011011469__F__sonnet4__rep1.json	PILOT-2011011469	F	1	0.7361	0.9828	0.7533	0.8082	17	
PILOT-2011011469__F__sonnet4__rep2.json	PILOT-2011011469	F	2	0.817	0.9828	0.8341	0.8655	17	
PILOT-2011011469__G__gpt4o-mini__rep0.json	PILOT-2011011469	G	0	0.6475	1.0	0.6475	0.7589	4	
PILOT-2011011469__G__gpt4o-mini__rep1.json	PILOT-2011011469	G	1	0.7339	0.8929	0.7601	0.8143	6	
PILOT-2011011469__G__gpt4o-mini__rep2.json	PILOT-2011011469	G	2	0.6094	0.8942	0.6214	0.7227	9	
PILOT-2011011469__G__gpt5.4__rep0.json	PILOT-2011011469	G	0	0.9581	0.9828	0.9753	0.9774	17	
PILOT-2011011469__G__gpt5.4__rep1.json	PILOT-2011011469	G	1	0.8634	0.902	0.9026	0.9017	17	
PILOT-2011011469__G__gpt5.4__rep2.json	PILOT-2011011469	G	2	0.9454	0.9828	0.9626	0.9683	17	
PILOT-2011011469__G__haiku4.5__rep0.json	PILOT-2011011469	G	0	0.5707	0.9828	0.5813	0.7052	17	
PILOT-2011011469__G__haiku4.5__rep1.json	PILOT-2011011469	G	1	0.6553	0.9828	0.6645	0.7491	17	
PILOT-2011011469__G__haiku4.5__rep2.json	PILOT-2011011469	G	2	0.7298	0.9828	0.7398	0.8199	17	
PILOT-2011011469__G__sonnet4__rep0.json	PILOT-2011011469	G	0	0.9554	0.9828	0.9725	0.975	17	
PILOT-2011011469__G__sonnet4__rep1.json	PILOT-2011011469	G	1	0.967	0.9828	0.9841	0.9822	17	
PILOT-2011011469__G__sonnet4__rep2.json	PILOT-2011011469	G	2	0.9597	0.9828	0.9768	0.9778	17	
PILOT-2011012180__F__gpt4o-mini__rep0.json	PILOT-2011012180	F	0	0.8599	0.9206	0.9164	0.9177	7	
PILOT-2011012180__F__gpt4o-mini__rep1.json	PILOT-2011012180	F	1	0.8716	0.9028	0.9632	0.9281	6	
PILOT-2011012180__F__gpt4o-mini__rep2.json	PILOT-2011012180	F	2	0.8206	0.9206	0.9	0.8992	7	
PILOT-2011012180__F__gpt5.4__rep0.json	PILOT-2011012180	F	0	0.8691	0.9037	0.9526	0.9205	20	
PILOT-2011012180__F__gpt5.4__rep1.json	PILOT-2011012180	F	1	0.8905	0.9273	0.9546	0.9332	20	
PILOT-2011012180__F__gpt5.4__rep2.json	PILOT-2011012180	F	2	0.8598	0.9206	0.9375	0.9149	20	
PILOT-2011012180__F__haiku4.5__rep0.json	PILOT-2011012180	F	0	0.7407	0.9444	0.781	0.845	10	
PILOT-2011012180__F__haiku4.5__rep1.json	PILOT-2011012180	F	1	0.9095	0.9506	0.9544	0.949	20	
PILOT-2011012180__F__haiku4.5__rep2.json	PILOT-2011012180	F	2	0.6658	0.9444	0.7096	0.7854	10	
PILOT-2011012180__F__sonnet4__rep0.json	PILOT-2011012180	F	0	0.8543	0.948	0.9022	0.9136	19	
PILOT-2011012180__F__sonnet4__rep1.json	PILOT-2011012180	F	1	0.8333	0.9506	0.8768	0.8989	20	
PILOT-2011012180__F__sonnet4__rep2.json	PILOT-2011012180	F	2	0.8176	0.9383	0.8745	0.8928	9	
PILOT-2011012180__G__gpt4o-mini__rep0.json	PILOT-2011012180	G	0	0.7779	0.9206	0.8468	0.8744	7	
PILOT-2011012180__G__gpt4o-mini__rep1.json	PILOT-2011012180	G	1	0.8936	0.9206	0.9689	0.9407	7	
PILOT-2011012180__G__gpt4o-mini__rep2.json	PILOT-2011012180	G	2	0.8292	0.8698	0.9355	0.8988	7	
PILOT-2011012180__G__gpt5.4__rep0.json	PILOT-2011012180	G	0	0.8821	0.8975	0.9826	0.927	11	
PILOT-2011012180__G__gpt5.4__rep1.json	PILOT-2011012180	G	1	0.8101	0.8678	0.9235	0.8833	11	
PILOT-2011012180__G__gpt5.4__rep2.json	PILOT-2011012180	G	2	0.8789	0.895	0.9822	0.9252	11	
PILOT-2011012180__G__haiku4.5__rep0.json	PILOT-2011012180	G	0	0.8089	0.9349	0.8587	0.8787	20	
PILOT-2011012180__G__haiku4.5__rep1.json	PILOT-2011012180	G	1	0.5567	0.8172	0.6205	0.6939	10	
PILOT-2011012180__G__haiku4.5__rep2.json	PILOT-2011012180	G	2	0.6797	0.8333	0.7601	0.784	9	
PILOT-2011012180__G__sonnet4__rep0.json	PILOT-2011012180	G	0	0.8307	0.948	0.8754	0.8933	19	
PILOT-2011012180__G__sonnet4__rep1.json	PILOT-2011012180	G	1	0.7517	0.9383	0.8046	0.8538	9	
PILOT-2011012180__G__sonnet4__rep2.json	PILOT-2011012180	G	2	0.905	0.948	0.9562	0.9468	19	
PILOT-2011013110__F__gpt4o-mini__rep0.json	PILOT-2011013110	F	0	0.7289	0.9849	0.7388	0.8254	6	
PILOT-2011013110__F__gpt4o-mini__rep1.json	PILOT-2011013110	F	1	0.7234	1.0	0.7234	0.8333	5	
PILOT-2011013110__F__gpt4o-mini__rep2.json	PILOT-2011013110	F	2	0.7571	0.9546	0.7886	0.8562	4	
PILOT-2011013110__F__gpt5.4__rep0.json	PILOT-2011013110	F	0	0.8854	0.9917	0.8917	0.935	11	
PILOT-2011013110__F__gpt5.4__rep1.json	PILOT-2011013110	F	1	0.8671	0.9917	0.8746	0.9244	11	
PILOT-2011013110__F__gpt5.4__rep2.json	PILOT-2011013110	F	2	0.9376	0.9917	0.9451	0.9654	11	
PILOT-2011013110__F__haiku4.5__rep0.json	PILOT-2011013110	F	0	0.6466	0.987	0.6519	0.7785	7	
PILOT-2011013110__F__haiku4.5__rep1.json	PILOT-2011013110	F	1	0.7576	0.9899	0.7653	0.851	9	
PILOT-2011013110__F__haiku4.5__rep2.json	PILOT-2011013110	F	2	0.7414	0.9899	0.7475	0.8444	9	
PILOT-2011013110__F__sonnet4__rep0.json	PILOT-2011013110	F	0	0.8202	0.9917	0.8265	0.9007	11	
PILOT-2011013110__F__sonnet4__rep1.json	PILOT-2011013110	F	1	0.9463	0.9766	0.9679	0.9705	17	
PILOT-2011013110__F__sonnet4__rep2.json	PILOT-2011013110	F	2	0.8692	0.9654	0.9017	0.9284	17	
PILOT-2011013110__G__gpt4o-mini__rep0.json	PILOT-2011013110	G	0	0.863	0.9921	0.8695	0.9113	6	
PILOT-2011013110__G__gpt4o-mini__rep1.json	PILOT-2011013110	G	1	0.8022	0.981	0.818	0.8743	5	
PILOT-2011013110__G__gpt4o-mini__rep2.json	PILOT-2011013110	G	2	0.9395	0.9886	0.9509	0.9683	4	
PILOT-2011013110__G__gpt5.4__rep0.json	PILOT-2011013110	G	0	0.8596	0.9917	0.8654	0.9179	11	
PILOT-2011013110__G__gpt5.4__rep1.json	PILOT-2011013110	G	1	0.8939	0.9885	0.9036	0.9334	17	
PILOT-2011013110__G__gpt5.4__rep2.json	PILOT-2011013110	G	2	0.8594	0.9917	0.8648	0.9205	11	
PILOT-2011013110__G__haiku4.5__rep0.json	PILOT-2011013110	G	0	0.7684	0.9917	0.7759	0.8578	11	
PILOT-2011013110__G__haiku4.5__rep1.json	PILOT-2011013110	G	1	0.768	0.9917	0.7744	0.8631	11	
PILOT-2011013110__G__haiku4.5__rep2.json	PILOT-2011013110	G	2	0.6834	0.9899	0.6895	0.8024	9	
PILOT-2011013110__G__sonnet4__rep0.json	PILOT-2011013110	G	0	0.9507	0.9917	0.957	0.9727	11	
PILOT-2011013110__G__sonnet4__rep1.json	PILOT-2011013110	G	1	0.8469	0.9766	0.8687	0.9138	17	
PILOT-2011013110__G__sonnet4__rep2.json	PILOT-2011013110	G	2	0.8787	0.9766	0.9009	0.9331	17	
PILOT-2012000327__F__gpt4o-mini__rep0.json	PILOT-2012000327	F	0	0.5834	0.8659	0.6346	0.7191	6	
PILOT-2012000327__F__gpt4o-mini__rep1.json	PILOT-2012000327	F	1	0.8337	0.8659	0.9557	0.9035	6	
PILOT-2012000327__F__gpt4o-mini__rep2.json	PILOT-2012000327	F	2	0.7079	0.8785	0.7706	0.8143	7	
PILOT-2012000327__F__gpt5.4__rep0.json	PILOT-2012000327	F	0	0.9258	0.9672	0.9513	0.957	16	
PILOT-2012000327__F__gpt5.4__rep1.json	PILOT-2012000327	F	1	0.9103	0.9672	0.9332	0.9465	16	
PILOT-2012000327__F__gpt5.4__rep2.json	PILOT-2012000327	F	2	0.9072	0.9656	0.9316	0.9449	16	
PILOT-2012000327__F__haiku4.5__rep0.json	PILOT-2012000327	F	0	0.9004	0.9724	0.9157	0.9368	19	
PILOT-2012000327__F__haiku4.5__rep1.json	PILOT-2012000327	F	1	0.9025	0.9685	0.9237	0.9404	21	
PILOT-2012000327__F__haiku4.5__rep2.json	PILOT-2012000327	F	2	0.9142	0.9724	0.9317	0.9473	19	
PILOT-2012000327__F__sonnet4__rep0.json	PILOT-2012000327	F	0	0.7812	0.8594	0.8425	0.8373	16	
PILOT-2012000327__F__sonnet4__rep1.json	PILOT-2012000327	F	1	0.9052	0.9414	0.9453	0.9371	23	
PILOT-2012000327__F__sonnet4__rep2.json	PILOT-2012000327	F	2	0.8143	0.9069	0.8454	0.8601	15	
PILOT-2012000327__G__gpt4o-mini__rep0.json	PILOT-2012000327	G	0	0.5617	0.663	0.8103	0.6918	7	
PILOT-2012000327__G__gpt4o-mini__rep1.json	PILOT-2012000327	G	1	0.9082	0.9382	0.9572	0.944	15	
PILOT-2012000327__G__gpt4o-mini__rep2.json	PILOT-2012000327	G	2	0.9402	0.9711	0.9644	0.9655	16	
PILOT-2012000327__G__gpt5.4__rep0.json	PILOT-2012000327	G	0	0.8319	0.9084	0.895	0.8985	9	
PILOT-2012000327__G__gpt5.4__rep1.json	PILOT-2012000327	G	1	0.915	0.9672	0.9387	0.9499	16	
PILOT-2012000327__G__gpt5.4__rep2.json	PILOT-2012000327	G	2	0.8726	0.9084	0.9539	0.9262	9	
PILOT-2012000327__G__haiku4.5__rep0.json	PILOT-2012000327	G	0	0.8768	0.9315	0.9184	0.9219	21	
PILOT-2012000327__G__haiku4.5__rep1.json	PILOT-2012000327	G	1	0.896	0.9685	0.9163	0.9366	21	
PILOT-2012000327__G__haiku4.5__rep2.json	PILOT-2012000327	G	2	0.9178	0.9685	0.9421	0.9514	21	
PILOT-2012000327__G__sonnet4__rep0.json	PILOT-2012000327	G	0	0.8495	0.9384	0.8923	0.8962	16	
PILOT-2012000327__G__sonnet4__rep1.json	PILOT-2012000327	G	1	0.8102	0.8805	0.8692	0.8647	16	
PILOT-2012000327__G__sonnet4__rep2.json	PILOT-2012000327	G	2	0.8537	0.9384	0.9061	0.9001	16	
PILOT-2012003288__F__gpt4o-mini__rep0.json	PILOT-2012003288	F	0	0.6914	0.8603	0.8	0.8029	5	
PILOT-2012003288__F__gpt4o-mini__rep1.json	PILOT-2012003288	F	1	0.7625	0.8591	0.8702	0.8624	4	
PILOT-2012003288__F__gpt4o-mini__rep2.json	PILOT-2012003288	F	2	0.897	0.9333	0.9636	0.942	5	
PILOT-2012003288__F__gpt5.4__rep0.json	PILOT-2012003288	F	0	0.9339	0.9517	0.9817	0.9624	13	
PILOT-2012003288__F__gpt5.4__rep1.json	PILOT-2012003288	F	1	0.9053	0.9517	0.9531	0.9434	13	
PILOT-2012003288__F__gpt5.4__rep2.json	PILOT-2012003288	F	2	0.8677	0.9517	0.9155	0.9201	13	
PILOT-2012003288__F__haiku4.5__rep0.json	PILOT-2012003288	F	0	0.7344	0.9444	0.784	0.8422	7	
PILOT-2012003288__F__haiku4.5__rep1.json	PILOT-2012003288	F	1	0.7569	0.9352	0.8147	0.8532	6	
PILOT-2012003288__F__haiku4.5__rep2.json	PILOT-2012003288	F	2	0.7269	0.9444	0.7764	0.8363	7	
PILOT-2012003288__F__sonnet4__rep0.json	PILOT-2012003288	F	0	0.8875	0.9517	0.9325	0.9332	13	
PILOT-2012003288__F__sonnet4__rep1.json	PILOT-2012003288	F	1	0.8806	0.956	0.922	0.9272	13	
PILOT-2012003288__F__sonnet4__rep2.json	PILOT-2012003288	F	2	0.8793	0.9517	0.9243	0.9281	13	
PILOT-2012003288__G__gpt4o-mini__rep0.json	PILOT-2012003288	G	0	0.8589	0.9333	0.9244	0.9211	5	
PILOT-2012003288__G__gpt4o-mini__rep1.json	PILOT-2012003288	G	1	0.7002	0.9222	0.7696	0.8161	5	
PILOT-2012003288__G__gpt4o-mini__rep2.json	PILOT-2012003288	G	2	0.9133	0.9333	0.98	0.9515	5	
PILOT-2012003288__G__gpt5.4__rep0.json	PILOT-2012003288	G	0	0.8605	0.9517	0.9083	0.9141	13	
PILOT-2012003288__G__gpt5.4__rep1.json	PILOT-2012003288	G	1	0.9203	0.9475	0.9729	0.9542	13	
PILOT-2012003288__G__gpt5.4__rep2.json	PILOT-2012003288	G	2	0.9001	0.9432	0.9565	0.9407	13	
PILOT-2012003288__G__haiku4.5__rep0.json	PILOT-2012003288	G	0	0.738	0.9444	0.7763	0.8368	6	
PILOT-2012003288__G__haiku4.5__rep1.json	PILOT-2012003288	G	1	0.7615	0.9114	0.8305	0.8559	6	
PILOT-2012003288__G__haiku4.5__rep2.json	PILOT-2012003288	G	2	0.715	0.9444	0.7645	0.8263	7	
PILOT-2012003288__G__sonnet4__rep0.json	PILOT-2012003288	G	0	0.8975	0.956	0.939	0.9401	13	
PILOT-2012003288__G__sonnet4__rep1.json	PILOT-2012003288	G	1	0.9045	0.9517	0.9495	0.943	13	
PILOT-2012003288__G__sonnet4__rep2.json	PILOT-2012003288	G	2	0.9025	0.956	0.944	0.942	13	
PILOT-2012005674__F__gpt4o-mini__rep0.json	PILOT-2012005674	F	0	0.862	0.8885	0.9691	0.9252	7	
PILOT-2012005674__F__gpt4o-mini__rep1.json	PILOT-2012005674	F	1	0.8671	0.9378	0.9226	0.9267	4	
PILOT-2012005674__F__gpt4o-mini__rep2.json	PILOT-2012005674	F	2	0.8726	0.8726	1.0	0.9313	7	
PILOT-2012005674__F__gpt5.4__rep0.json	PILOT-2012005674	F	0	0.8807	0.9386	0.9333	0.9288	8	
PILOT-2012005674__F__gpt5.4__rep1.json	PILOT-2012005674	F	1	0.8807	0.9386	0.9333	0.9288	8	
PILOT-2012005674__F__gpt5.4__rep2.json	PILOT-2012005674	F	2	0.6895	0.921	0.7332	0.8153	2	
PILOT-2012005674__F__haiku4.5__rep0.json	PILOT-2012005674	F	0	0.8778	0.937	0.9393	0.9267	37	
PILOT-2012005674__F__haiku4.5__rep1.json	PILOT-2012005674	F	1	0.9004	0.937	0.9614	0.9421	37	
PILOT-2012005674__F__haiku4.5__rep2.json	PILOT-2012005674	F	2	0.8799	0.937	0.9414	0.9287	37	
PILOT-2012005674__F__sonnet4__rep0.json	PILOT-2012005674	F	0	0.9245	0.937	0.9856	0.9557	37	
PILOT-2012005674__F__sonnet4__rep1.json	PILOT-2012005674	F	1	0.9245	0.937	0.9856	0.9557	37	
PILOT-2012005674__F__sonnet4__rep2.json	PILOT-2012005674	F	2	0.9245	0.937	0.9856	0.9557	37	
PILOT-2012005674__G__gpt4o-mini__rep0.json	PILOT-2012005674	G	0	0.892	0.9774	0.9084	0.9373	7	
PILOT-2012005674__G__gpt4o-mini__rep1.json	PILOT-2012005674	G	1	None				0	no_gen
PILOT-2012005674__G__gpt4o-mini__rep2.json	PILOT-2012005674	G	2	None				0	no_gen
PILOT-2012005674__G__gpt5.4__rep0.json	PILOT-2012005674	G	0	0.8807	0.9386	0.9333	0.9288	8	
PILOT-2012005674__G__gpt5.4__rep1.json	PILOT-2012005674	G	1	0.8807	0.9386	0.9333	0.9288	8	
PILOT-2012005674__G__gpt5.4__rep2.json	PILOT-2012005674	G	2	0.8807	0.9386	0.9333	0.9288	8	
PILOT-2012005674__G__haiku4.5__rep0.json	PILOT-2012005674	G	0	0.8896	0.937	0.9503	0.9352	37	
PILOT-2012005674__G__haiku4.5__rep1.json	PILOT-2012005674	G	1	0.87	0.937	0.9291	0.9232	37	
PILOT-2012005674__G__haiku4.5__rep2.json	PILOT-2012005674	G	2	0.9048	0.937	0.9658	0.945	37	
PILOT-2012005674__G__sonnet4__rep0.json	PILOT-2012005674	G	0	0.8839	0.9025	0.9447	0.9181	37	
PILOT-2012005674__G__sonnet4__rep1.json	PILOT-2012005674	G	1	0.8839	0.9025	0.9447	0.9181	37	
PILOT-2012005674__G__sonnet4__rep2.json	PILOT-2012005674	G	2	0.9245	0.937	0.9856	0.9557	37	
PILOT-2012006145__F__gpt4o-mini__rep0.json	PILOT-2012006145	F	0	0.9383	0.9964	0.9413	0.9663	23	
PILOT-2012006145__F__gpt4o-mini__rep1.json	PILOT-2012006145	F	1	0.8111	1.0	0.8111	0.8955	4	
PILOT-2012006145__F__gpt4o-mini__rep2.json	PILOT-2012006145	F	2	0.7223	1.0	0.7223	0.8375	2	
PILOT-2012006145__F__gpt5.4__rep0.json	PILOT-2012006145	F	0	0.9769	1.0	0.9769	0.9867	23	
PILOT-2012006145__F__gpt5.4__rep1.json	PILOT-2012006145	F	1	0.9702	0.9964	0.9733	0.983	23	
PILOT-2012006145__F__gpt5.4__rep2.json	PILOT-2012006145	F	2	0.9769	1.0	0.9769	0.9867	23	
PILOT-2012006145__F__haiku4.5__rep0.json	PILOT-2012006145	F	0	0.9578	0.984	0.9733	0.9763	23	
PILOT-2012006145__F__haiku4.5__rep1.json	PILOT-2012006145	F	1	0.6266	0.996	0.6287	0.7552	21	
PILOT-2012006145__F__haiku4.5__rep2.json	PILOT-2012006145	F	2	0.7951	0.996	0.7985	0.8765	21	
PILOT-2012006145__F__sonnet4__rep0.json	PILOT-2012006145	F	0	0.9839	0.9964	0.987	0.9914	23	
PILOT-2012006145__F__sonnet4__rep1.json	PILOT-2012006145	F	1	0.9906	1.0	0.9906	0.995	23	
PILOT-2012006145__F__sonnet4__rep2.json	PILOT-2012006145	F	2	0.9839	0.9964	0.987	0.9914	23	
PILOT-2012006145__G__gpt4o-mini__rep0.json	PILOT-2012006145	G	0	0.5303	0.639	0.6266	0.6095	21	
PILOT-2012006145__G__gpt4o-mini__rep1.json	PILOT-2012006145	G	1	0.9764	0.9941	0.9814	0.9867	42	
PILOT-2012006145__G__gpt4o-mini__rep2.json	PILOT-2012006145	G	2	0.6111	0.8839	0.6607	0.7445	24	
PILOT-2012006145__G__gpt5.4__rep0.json	PILOT-2012006145	G	0	0.9042	0.9964	0.9072	0.9419	23	
PILOT-2012006145__G__gpt5.4__rep1.json	PILOT-2012006145	G	1	0.9607	0.9964	0.9638	0.9762	23	
PILOT-2012006145__G__gpt5.4__rep2.json	PILOT-2012006145	G	2	0.9172	0.9964	0.9203	0.9473	23	
PILOT-2012006145__G__haiku4.5__rep0.json	PILOT-2012006145	G	0	0.8055	1.0	0.8055	0.8921	2	
PILOT-2012006145__G__haiku4.5__rep1.json	PILOT-2012006145	G	1	0.9702	0.9964	0.9733	0.983	23	
PILOT-2012006145__G__haiku4.5__rep2.json	PILOT-2012006145	G	2	0.7346	1.0	0.7346	0.8466	2	
PILOT-2012006145__G__sonnet4__rep0.json	PILOT-2012006145	G	0	0.9906	1.0	0.9906	0.995	23	
PILOT-2012006145__G__sonnet4__rep1.json	PILOT-2012006145	G	1	0.9906	1.0	0.9906	0.995	23	
PILOT-2012006145__G__sonnet4__rep2.json	PILOT-2012006145	G	2	0.9839	0.9964	0.987	0.9914	23	
PILOT-2012007524__F__gpt4o-mini__rep0.json	PILOT-2012007524	F	0	0.8214	0.9595	0.8497	0.8994	7	
PILOT-2012007524__F__gpt4o-mini__rep1.json	PILOT-2012007524	F	1	None				0	no_gen
PILOT-2012007524__F__gpt4o-mini__rep2.json	PILOT-2012007524	F	2	0.8644	0.9595	0.9017	0.921	7	
PILOT-2012007524__F__gpt5.4__rep0.json	PILOT-2012007524	F	0	0.7298	0.9646	0.7509	0.8386	8	
PILOT-2012007524__F__gpt5.4__rep1.json	PILOT-2012007524	F	1	0.7931	0.9595	0.8317	0.8761	7	
PILOT-2012007524__F__gpt5.4__rep2.json	PILOT-2012007524	F	2	0.7832	0.9646	0.8105	0.873	8	
PILOT-2012007524__F__haiku4.5__rep0.json	PILOT-2012007524	F	0	0.8764	0.9655	0.9045	0.9339	2	
PILOT-2012007524__F__haiku4.5__rep1.json	PILOT-2012007524	F	1	0.698	0.9595	0.7199	0.815	7	
PILOT-2012007524__F__haiku4.5__rep2.json	PILOT-2012007524	F	2	0.8257	0.9655	0.8521	0.9045	2	
PILOT-2012007524__F__sonnet4__rep0.json	PILOT-2012007524	F	0	0.9446	0.9631	0.9802	0.9693	20	
PILOT-2012007524__F__sonnet4__rep1.json	PILOT-2012007524	F	1	0.9446	0.9631	0.9804	0.9693	20	
PILOT-2012007524__F__sonnet4__rep2.json	PILOT-2012007524	F	2	0.9155	0.9631	0.9512	0.9523	20	
PILOT-2012007524__G__gpt4o-mini__rep0.json	PILOT-2012007524	G	0	None				0	no_gen
PILOT-2012007524__G__gpt4o-mini__rep1.json	PILOT-2012007524	G	1	None				0	no_gen
PILOT-2012007524__G__gpt4o-mini__rep2.json	PILOT-2012007524	G	2	None				0	no_gen
PILOT-2012007524__G__gpt5.4__rep0.json	PILOT-2012007524	G	0	0.9016	0.9595	0.9394	0.9443	7	
PILOT-2012007524__G__gpt5.4__rep1.json	PILOT-2012007524	G	1	0.7715	0.9595	0.8034	0.8671	7	
PILOT-2012007524__G__gpt5.4__rep2.json	PILOT-2012007524	G	2	0.6651	0.9595	0.6847	0.7941	7	
PILOT-2012007524__G__haiku4.5__rep0.json	PILOT-2012007524	G	0	0.8517	0.9631	0.8789	0.9111	20	
PILOT-2012007524__G__haiku4.5__rep1.json	PILOT-2012007524	G	1	0.7087	0.9646	0.7238	0.8221	8	
PILOT-2012007524__G__haiku4.5__rep2.json	PILOT-2012007524	G	2	0.6476	0.9546	0.6702	0.7844	7	
PILOT-2012007524__G__sonnet4__rep0.json	PILOT-2012007524	G	0	0.9446	0.9631	0.9802	0.9693	20	
PILOT-2012007524__G__sonnet4__rep1.json	PILOT-2012007524	G	1	0.9381	0.9631	0.9738	0.965	20	
PILOT-2012007524__G__sonnet4__rep2.json	PILOT-2012007524	G	2	0.9369	0.9631	0.9722	0.9642	20	
PILOT-2012008496__F__gpt4o-mini__rep0.json	PILOT-2012008496	F	0	0.963	1.0	0.963	0.9804	3	
PILOT-2012008496__F__gpt4o-mini__rep1.json	PILOT-2012008496	F	1	0.6623	0.9578	0.683	0.7889	35	
PILOT-2012008496__F__gpt4o-mini__rep2.json	PILOT-2012008496	F	2	0.9343	0.9671	0.9641	0.9633	35	
PILOT-2012008496__F__gpt5.4__rep0.json	PILOT-2012008496	F	0	0.9263	0.9453	0.9672	0.9543	31	
PILOT-2012008496__F__gpt5.4__rep1.json	PILOT-2012008496	F	1	0.9426	0.9635	0.9771	0.9676	35	
PILOT-2012008496__F__gpt5.4__rep2.json	PILOT-2012008496	F	2	0.9473	0.9671	0.9799	0.9708	35	
PILOT-2012008496__F__haiku4.5__rep0.json	PILOT-2012008496	F	0	0.6757	0.964	0.6937	0.7931	32	
PILOT-2012008496__F__haiku4.5__rep1.json	PILOT-2012008496	F	1	0.7071	0.964	0.7292	0.8184	32	
PILOT-2012008496__F__haiku4.5__rep2.json	PILOT-2012008496	F	2	0.6711	0.9541	0.7036	0.7773	20	
PILOT-2012008496__F__sonnet4__rep0.json	PILOT-2012008496	F	0	0.957	0.9671	0.9894	0.9761	35	
PILOT-2012008496__F__sonnet4__rep1.json	PILOT-2012008496	F	1	0.9602	0.9671	0.9926	0.9778	35	
PILOT-2012008496__F__sonnet4__rep2.json	PILOT-2012008496	F	2	0.8522	0.9671	0.881	0.9126	35	
PILOT-2012008496__G__gpt4o-mini__rep0.json	PILOT-2012008496	G	0	0.9527	0.9933	0.9585	0.9748	5	
PILOT-2012008496__G__gpt4o-mini__rep1.json	PILOT-2012008496	G	1	0.6503	0.9779	0.66	0.7775	29	
PILOT-2012008496__G__gpt4o-mini__rep2.json	PILOT-2012008496	G	2	0.9632	0.9671	0.9959	0.9796	35	
PILOT-2012008496__G__gpt5.4__rep0.json	PILOT-2012008496	G	0	0.9426	0.9635	0.9771	0.9676	35	
PILOT-2012008496__G__gpt5.4__rep1.json	PILOT-2012008496	G	1	0.9452	0.9671	0.9778	0.9694	35	
PILOT-2012008496__G__gpt5.4__rep2.json	PILOT-2012008496	G	2	0.9539	0.9628	0.9909	0.9745	31	
PILOT-2012008496__G__haiku4.5__rep0.json	PILOT-2012008496	G	0	0.7246	0.964	0.7484	0.8323	32	
PILOT-2012008496__G__haiku4.5__rep1.json	PILOT-2012008496	G	1	0.6657	0.964	0.684	0.7838	32	
PILOT-2012008496__G__haiku4.5__rep2.json	PILOT-2012008496	G	2	0.712	0.9678	0.7294	0.8272	11	
PILOT-2012008496__G__sonnet4__rep0.json	PILOT-2012008496	G	0	0.7408	0.9664	0.7598	0.8406	18	
PILOT-2012008496__G__sonnet4__rep1.json	PILOT-2012008496	G	1	0.7612	0.8813	0.7893	0.8213	35	
PILOT-2012008496__G__sonnet4__rep2.json	PILOT-2012008496	G	2	0.7974	0.9175	0.8647	0.8715	35	
PILOT-2012010015__F__gpt4o-mini__rep0.json	PILOT-2012010015	F	0	0.9039	0.9792	0.9215	0.9466	4	
PILOT-2012010015__F__gpt4o-mini__rep1.json	PILOT-2012010015	F	1	0.866	0.9696	0.8887	0.9241	4	
PILOT-2012010015__F__gpt4o-mini__rep2.json	PILOT-2012010015	F	2	0.8623	0.9599	0.8978	0.9228	4	
PILOT-2012010015__F__gpt5.4__rep0.json	PILOT-2012010015	F	0	0.9709	0.9919	0.978	0.9841	15	
PILOT-2012010015__F__gpt5.4__rep1.json	PILOT-2012010015	F	1	0.9734	0.9944	0.9781	0.9854	15	
PILOT-2012010015__F__gpt5.4__rep2.json	PILOT-2012010015	F	2	0.9727	0.9924	0.9794	0.9851	16	
PILOT-2012010015__F__haiku4.5__rep0.json	PILOT-2012010015	F	0	0.9098	0.9769	0.9259	0.9459	16	
PILOT-2012010015__F__haiku4.5__rep1.json	PILOT-2012010015	F	1	0.9407	0.9858	0.9517	0.965	16	
PILOT-2012010015__F__haiku4.5__rep2.json	PILOT-2012010015	F	2	0.937	0.9874	0.9462	0.9628	15	
PILOT-2012010015__F__sonnet4__rep0.json	PILOT-2012010015	F	0	0.9697	0.9858	0.9822	0.9838	16	
PILOT-2012010015__F__sonnet4__rep1.json	PILOT-2012010015	F	1	0.9606	0.9882	0.9709	0.9788	16	
PILOT-2012010015__F__sonnet4__rep2.json	PILOT-2012010015	F	2	0.9146	0.9858	0.9235	0.9473	16	
PILOT-2012010015__G__gpt4o-mini__rep0.json	PILOT-2012010015	G	0	0.9173	0.9349	0.9792	0.956	4	
PILOT-2012010015__G__gpt4o-mini__rep1.json	PILOT-2012010015	G	1	0.8921	0.9599	0.9275	0.9417	4	
PILOT-2012010015__G__gpt4o-mini__rep2.json	PILOT-2012010015	G	2	0.8694	0.9599	0.9062	0.9298	4	
PILOT-2012010015__G__gpt5.4__rep0.json	PILOT-2012010015	G	0	0.9709	0.9919	0.978	0.9841	15	
PILOT-2012010015__G__gpt5.4__rep1.json	PILOT-2012010015	G	1	0.9836	1.0	0.9836	0.991	15	
PILOT-2012010015__G__gpt5.4__rep2.json	PILOT-2012010015	G	2	0.9836	1.0	0.9836	0.991	15	
PILOT-2012010015__G__haiku4.5__rep0.json	PILOT-2012010015	G	0	0.9059	0.983	0.9194	0.9445	15	
PILOT-2012010015__G__haiku4.5__rep1.json	PILOT-2012010015	G	1	0.9549	0.9817	0.971	0.9749	16	
PILOT-2012010015__G__haiku4.5__rep2.json	PILOT-2012010015	G	2	0.8468	0.9599	0.8791	0.9126	4	
PILOT-2012010015__G__sonnet4__rep0.json	PILOT-2012010015	G	0	0.9601	0.9849	0.9734	0.9783	15	
PILOT-2012010015__G__sonnet4__rep1.json	PILOT-2012010015	G	1	0.9571	0.9858	0.9696	0.9761	16	
PILOT-2012010015__G__sonnet4__rep2.json	PILOT-2012010015	G	2	0.9371	0.9882	0.9474	0.9638	16	
PILOT-2013000789__F__gpt4o-mini__rep0.json	PILOT-2013000789	F	0	0.5788	0.7601	0.7053	0.6991	6	
PILOT-2013000789__F__gpt4o-mini__rep1.json	PILOT-2013000789	F	1	0.8302	0.9097	0.8998	0.8906	8	
PILOT-2013000789__F__gpt4o-mini__rep2.json	PILOT-2013000789	F	2	0.8178	0.9197	0.8811	0.8864	9	
PILOT-2013000789__F__gpt5.4__rep0.json	PILOT-2013000789	F	0	0.9132	0.9464	0.9618	0.9431	27	
PILOT-2013000789__F__gpt5.4__rep1.json	PILOT-2013000789	F	1	0.8813	0.9371	0.9296	0.9206	27	
PILOT-2013000789__F__gpt5.4__rep2.json	PILOT-2013000789	F	2	0.9169	0.9464	0.9662	0.946	27	
PILOT-2013000789__F__haiku4.5__rep0.json	PILOT-2013000789	F	0	0.8114	0.881	0.8974	0.8748	27	
PILOT-2013000789__F__haiku4.5__rep1.json	PILOT-2013000789	F	1	0.8284	0.8863	0.8741	0.8676	16	
PILOT-2013000789__F__haiku4.5__rep2.json	PILOT-2013000789	F	2	0.9215	0.9508	0.9674	0.9506	26	
PILOT-2013000789__F__sonnet4__rep0.json	PILOT-2013000789	F	0	0.8624	0.9328	0.9197	0.9144	27	
PILOT-2013000789__F__sonnet4__rep1.json	PILOT-2013000789	F	1	0.8936	0.9337	0.9531	0.9331	32	
PILOT-2013000789__F__sonnet4__rep2.json	PILOT-2013000789	F	2	0.896	0.9548	0.9303	0.9322	32	
PILOT-2013000789__G__gpt4o-mini__rep0.json	PILOT-2013000789	G	0	0.7184	0.8849	0.8067	0.8052	7	
PILOT-2013000789__G__gpt4o-mini__rep1.json	PILOT-2013000789	G	1	0.8221	0.8968	0.9035	0.8847	7	
PILOT-2013000789__G__gpt4o-mini__rep2.json	PILOT-2013000789	G	2	0.8657	0.9833	0.8762	0.9218	5	
PILOT-2013000789__G__gpt5.4__rep0.json	PILOT-2013000789	G	0	0.9025	0.935	0.9633	0.9363	27	
PILOT-2013000789__G__gpt5.4__rep1.json	PILOT-2013000789	G	1	0.9149	0.9464	0.9634	0.9447	27	
PILOT-2013000789__G__gpt5.4__rep2.json	PILOT-2013000789	G	2	0.9159	0.9464	0.9652	0.9476	27	
PILOT-2013000789__G__haiku4.5__rep0.json	PILOT-2013000789	G	0	0.7158	0.9192	0.7696	0.8138	11	
PILOT-2013000789__G__haiku4.5__rep1.json	PILOT-2013000789	G	1	0.7475	0.9419	0.7948	0.8463	11	
PILOT-2013000789__G__haiku4.5__rep2.json	PILOT-2013000789	G	2	0.7397	0.9343	0.7904	0.8326	11	
PILOT-2013000789__G__sonnet4__rep0.json	PILOT-2013000789	G	0	0.8209	0.9077	0.8903	0.8901	32	
PILOT-2013000789__G__sonnet4__rep1.json	PILOT-2013000789	G	1	0.9008	0.9522	0.9421	0.9383	32	
PILOT-2013000789__G__sonnet4__rep2.json	PILOT-2013000789	G	2	0.8196	0.9433	0.8623	0.8888	32	
PILOT-2013001277__F__gpt4o-mini__rep0.json	PILOT-2013001277	F	0	0.6667	0.9948	0.67	0.7946	12	
PILOT-2013001277__F__gpt4o-mini__rep1.json	PILOT-2013001277	F	1	0.8354	0.9965	0.8372	0.8959	18	
PILOT-2013001277__F__gpt4o-mini__rep2.json	PILOT-2013001277	F	2	0.8756	0.9948	0.878	0.9251	12	
PILOT-2013001277__F__gpt5.4__rep0.json	PILOT-2013001277	F	0	0.9078	0.9619	0.9459	0.9421	14	
PILOT-2013001277__F__gpt5.4__rep1.json	PILOT-2013001277	F	1	0.9304	0.9751	0.9531	0.9595	14	
PILOT-2013001277__F__gpt5.4__rep2.json	PILOT-2013001277	F	2	0.923	1.0	0.923	0.9529	14	
PILOT-2013001277__F__haiku4.5__rep0.json	PILOT-2013001277	F	0	0.8123	0.9955	0.814	0.8667	14	
PILOT-2013001277__F__haiku4.5__rep1.json	PILOT-2013001277	F	1	0.8123	0.9965	0.8141	0.8793	18	
PILOT-2013001277__F__haiku4.5__rep2.json	PILOT-2013001277	F	2	0.86	0.9777	0.8633	0.903	14	
PILOT-2013001277__F__sonnet4__rep0.json	PILOT-2013001277	F	0	0.9606	0.9965	0.9622	0.9761	18	
PILOT-2013001277__F__sonnet4__rep1.json	PILOT-2013001277	F	1	0.9606	0.9965	0.9622	0.9761	18	
PILOT-2013001277__F__sonnet4__rep2.json	PILOT-2013001277	F	2	0.9494	0.9955	0.9513	0.9692	14	
PILOT-2013001277__G__gpt4o-mini__rep0.json	PILOT-2013001277	G	0	0.7894	0.9792	0.8026	0.882	3	
PILOT-2013001277__G__gpt4o-mini__rep1.json	PILOT-2013001277	G	1	0.9221	0.9634	0.9466	0.9539	18	
PILOT-2013001277__G__gpt4o-mini__rep2.json	PILOT-2013001277	G	2	0.9497	0.9965	0.9532	0.9693	18	
PILOT-2013001277__G__gpt5.4__rep0.json	PILOT-2013001277	G	0	0.9048	0.9821	0.9077	0.9357	14	
PILOT-2013001277__G__gpt5.4__rep1.json	PILOT-2013001277	G	1	0.9381	1.0	0.9381	0.9635	14	
PILOT-2013001277__G__gpt5.4__rep2.json	PILOT-2013001277	G	2	0.8919	1.0	0.8919	0.9353	14	
PILOT-2013001277__G__haiku4.5__rep0.json	PILOT-2013001277	G	0	0.8928	0.9965	0.8943	0.9356	18	
PILOT-2013001277__G__haiku4.5__rep1.json	PILOT-2013001277	G	1	0.8288	0.9965	0.8298	0.8847	18	
PILOT-2013001277__G__haiku4.5__rep2.json	PILOT-2013001277	G	2	0.8297	0.9955	0.832	0.8919	14	
PILOT-2013001277__G__sonnet4__rep0.json	PILOT-2013001277	G	0	0.5299	0.9955	0.5318	0.6773	14	
PILOT-2013001277__G__sonnet4__rep1.json	PILOT-2013001277	G	1	0.8753	0.9955	0.8764	0.9189	14	
PILOT-2013001277__G__sonnet4__rep2.json	PILOT-2013001277	G	2	0.7641	0.9965	0.7665	0.8568	18	
PILOT-2013007708__F__gpt4o-mini__rep0.json	PILOT-2013007708	F	0	0.6746	0.8571	0.694	0.7653	7	
PILOT-2013007708__F__gpt4o-mini__rep1.json	PILOT-2013007708	F	1	None				0	no_gen
PILOT-2013007708__F__gpt4o-mini__rep2.json	PILOT-2013007708	F	2	0.7741	1.0	0.7741	0.8665	6	
PILOT-2013007708__F__gpt5.4__rep0.json	PILOT-2013007708	F	0	0.9705	0.9777	0.9928	0.9835	28	
PILOT-2013007708__F__gpt5.4__rep1.json	PILOT-2013007708	F	1	0.9536	0.9777	0.9759	0.9736	28	
PILOT-2013007708__F__gpt5.4__rep2.json	PILOT-2013007708	F	2	0.9452	0.9777	0.9675	0.9681	28	
PILOT-2013007708__F__haiku4.5__rep0.json	PILOT-2013007708	F	0	0.5977	0.9777	0.6065	0.7053	28	
PILOT-2013007708__F__haiku4.5__rep1.json	PILOT-2013007708	F	1	0.6441	1.0	0.6441	0.7653	18	
PILOT-2013007708__F__haiku4.5__rep2.json	PILOT-2013007708	F	2	0.51	0.9917	0.5135	0.6565	20	
PILOT-2013007708__F__sonnet4__rep0.json	PILOT-2013007708	F	0	0.8538	0.9688	0.8798	0.905	28	
PILOT-2013007708__F__sonnet4__rep1.json	PILOT-2013007708	F	1	0.9016	0.9688	0.9276	0.941	28	
PILOT-2013007708__F__sonnet4__rep2.json	PILOT-2013007708	F	2	0.9016	0.9688	0.9276	0.941	28	
PILOT-2013007708__G__gpt4o-mini__rep0.json	PILOT-2013007708	G	0	0.7579	0.9732	0.7742	0.848	14	
PILOT-2013007708__G__gpt4o-mini__rep1.json	PILOT-2013007708	G	1	0.6661	0.9464	0.6986	0.7901	7	
PILOT-2013007708__G__gpt4o-mini__rep2.json	PILOT-2013007708	G	2	0.859	0.9821	0.8729	0.9237	7	
PILOT-2013007708__G__gpt5.4__rep0.json	PILOT-2013007708	G	0	0.9705	0.9777	0.9928	0.9835	28	
PILOT-2013007708__G__gpt5.4__rep1.json	PILOT-2013007708	G	1	0.9611	0.9777	0.9818	0.978	28	
PILOT-2013007708__G__gpt5.4__rep2.json	PILOT-2013007708	G	2	0.9705	0.9777	0.9928	0.9835	28	
PILOT-2013007708__G__haiku4.5__rep0.json	PILOT-2013007708	G	0	0.4551	0.9777	0.46	0.5924	28	
PILOT-2013007708__G__haiku4.5__rep1.json	PILOT-2013007708	G	1	0.503	0.9777	0.5081	0.6304	28	
PILOT-2013007708__G__haiku4.5__rep2.json	PILOT-2013007708	G	2	0.4703	0.9777	0.4755	0.6186	28	
PILOT-2013007708__G__sonnet4__rep0.json	PILOT-2013007708	G	0	0.9016	0.9688	0.9276	0.941	28	
PILOT-2013007708__G__sonnet4__rep1.json	PILOT-2013007708	G	1	0.9269	0.9688	0.9529	0.9564	28	
PILOT-2013007708__G__sonnet4__rep2.json	PILOT-2013007708	G	2	0.9269	0.9688	0.9529	0.9564	28	
PILOT-2014002407__F__gpt4o-mini__rep0.json	PILOT-2014002407	F	0	0.9591	1.0	0.9591	0.9789	4	
PILOT-2014002407__F__gpt4o-mini__rep1.json	PILOT-2014002407	F	1	0.9309	0.973	0.9526	0.9625	8	
PILOT-2014002407__F__gpt4o-mini__rep2.json	PILOT-2014002407	F	2	0.9228	0.946	0.9653	0.9549	8	
PILOT-2014002407__F__gpt5.4__rep0.json	PILOT-2014002407	F	0	0.9358	0.973	0.9628	0.9664	8	
PILOT-2014002407__F__gpt5.4__rep1.json	PILOT-2014002407	F	1	0.952	0.973	0.979	0.9747	8	
PILOT-2014002407__F__gpt5.4__rep2.json	PILOT-2014002407	F	2	0.952	0.973	0.979	0.9747	8	
PILOT-2014002407__F__haiku4.5__rep0.json	PILOT-2014002407	F	0	0.0	0.0	0.0	0.0	1	
PILOT-2014002407__F__haiku4.5__rep1.json	PILOT-2014002407	F	1	0.0	0.0	0.0	0.0	1	
PILOT-2014002407__F__haiku4.5__rep2.json	PILOT-2014002407	F	2	0.0	0.0	0.0	0.0	1	
PILOT-2014002407__F__sonnet4__rep0.json	PILOT-2014002407	F	0	0.8818	0.973	0.9088	0.9316	8	
PILOT-2014002407__F__sonnet4__rep1.json	PILOT-2014002407	F	1	0.9526	0.973	0.9795	0.9752	8	
PILOT-2014002407__F__sonnet4__rep2.json	PILOT-2014002407	F	2	0.908	0.973	0.935	0.9483	8	
PILOT-2014002407__G__gpt4o-mini__rep0.json	PILOT-2014002407	G	0	0.9309	0.973	0.9526	0.9625	8	
PILOT-2014002407__G__gpt4o-mini__rep1.json	PILOT-2014002407	G	1	0.9471	0.973	0.9687	0.9708	8	
PILOT-2014002407__G__gpt4o-mini__rep2.json	PILOT-2014002407	G	2	0.9591	1.0	0.9591	0.9789	4	
PILOT-2014002407__G__gpt5.4__rep0.json	PILOT-2014002407	G	0	0.952	0.973	0.979	0.9747	8	
PILOT-2014002407__G__gpt5.4__rep1.json	PILOT-2014002407	G	1	0.952	0.973	0.979	0.9747	8	
PILOT-2014002407__G__gpt5.4__rep2.json	PILOT-2014002407	G	2	0.952	0.973	0.979	0.9747	8	
PILOT-2014002407__G__haiku4.5__rep0.json	PILOT-2014002407	G	0	0.8343	0.973	0.856	0.9064	8	
PILOT-2014002407__G__haiku4.5__rep1.json	PILOT-2014002407	G	1	0.8897	0.973	0.9114	0.9396	8	
PILOT-2014002407__G__haiku4.5__rep2.json	PILOT-2014002407	G	2	0.9246	0.973	0.9516	0.9589	8	
PILOT-2014002407__G__sonnet4__rep0.json	PILOT-2014002407	G	0	0.9687	0.973	0.9957	0.9835	8	
PILOT-2014002407__G__sonnet4__rep1.json	PILOT-2014002407	G	1	0.9213	0.973	0.9483	0.9582	8	
PILOT-2014002407__G__sonnet4__rep2.json	PILOT-2014002407	G	2	0.9339	0.973	0.9609	0.9645	8	
PILOT-2014002745__F__gpt4o-mini__rep0.json	PILOT-2014002745	F	0	0.9737	1.0	0.9737	0.9865	2	
PILOT-2014002745__F__gpt4o-mini__rep1.json	PILOT-2014002745	F	1	0.9299	0.9556	0.9744	0.9629	3	
PILOT-2014002745__F__gpt4o-mini__rep2.json	PILOT-2014002745	F	2	0.7844	0.8461	0.9035	0.8521	4	
PILOT-2014002745__F__gpt5.4__rep0.json	PILOT-2014002745	F	0	0.762	0.8644	0.8742	0.8576	24	
PILOT-2014002745__F__gpt5.4__rep1.json	PILOT-2014002745	F	1	0.84	0.8655	0.9698	0.9107	19	
PILOT-2014002745__F__gpt5.4__rep2.json	PILOT-2014002745	F	2	0.8474	0.8676	0.9761	0.9159	24	
PILOT-2014002745__F__haiku4.5__rep0.json	PILOT-2014002745	F	0	0.7586	0.8436	0.8795	0.8552	24	
PILOT-2014002745__F__haiku4.5__rep1.json	PILOT-2014002745	F	1	0.7138	0.8131	0.8326	0.8079	23	
PILOT-2014002745__F__haiku4.5__rep2.json	PILOT-2014002745	F	2	0.7575	0.8436	0.8782	0.8544	24	
PILOT-2014002745__F__sonnet4__rep0.json	PILOT-2014002745	F	0	0.8043	0.8621	0.9296	0.8894	24	
PILOT-2014002745__F__sonnet4__rep1.json	PILOT-2014002745	F	1	0.8214	0.8621	0.9482	0.8997	24	
PILOT-2014002745__F__sonnet4__rep2.json	PILOT-2014002745	F	2	0.8412	0.8621	0.976	0.9123	24	
PILOT-2014002745__G__gpt4o-mini__rep0.json	PILOT-2014002745	G	0	0.7482	0.7682	0.95	0.8206	5	
PILOT-2014002745__G__gpt4o-mini__rep1.json	PILOT-2014002745	G	1	0.7915	0.8574	0.8574	0.8574	3	
PILOT-2014002745__G__gpt4o-mini__rep2.json	PILOT-2014002745	G	2	0.818	0.878	0.906	0.8888	5	
PILOT-2014002745__G__gpt5.4__rep0.json	PILOT-2014002745	G	0	0.7276	0.8213	0.8725	0.8332	24	
PILOT-2014002745__G__gpt5.4__rep1.json	PILOT-2014002745	G	1	0.8488	0.8743	0.9698	0.9164	19	
PILOT-2014002745__G__gpt5.4__rep2.json	PILOT-2014002745	G	2	0.7814	0.8213	0.9299	0.8692	24	
PILOT-2014002745__G__haiku4.5__rep0.json	PILOT-2014002745	G	0	0.7385	0.844	0.8627	0.8378	19	
PILOT-2014002745__G__haiku4.5__rep1.json	PILOT-2014002745	G	1	None				0	no_gen
PILOT-2014002745__G__haiku4.5__rep2.json	PILOT-2014002745	G	2	0.7165	0.8388	0.8429	0.8209	17	
PILOT-2014002745__G__sonnet4__rep0.json	PILOT-2014002745	G	0	0.8169	0.8621	0.9431	0.8969	24	
PILOT-2014002745__G__sonnet4__rep1.json	PILOT-2014002745	G	1	0.8118	0.8621	0.9371	0.8939	24	
PILOT-2014002745__G__sonnet4__rep2.json	PILOT-2014002745	G	2	0.8169	0.8621	0.9431	0.8969	24	
PILOT-2014003236__F__gpt4o-mini__rep0.json	PILOT-2014003236	F	0	0.8762	1.0	0.8762	0.9267	5	
PILOT-2014003236__F__gpt4o-mini__rep1.json	PILOT-2014003236	F	1	0.8091	1.0	0.8091	0.8944	2	
PILOT-2014003236__F__gpt4o-mini__rep2.json	PILOT-2014003236	F	2	0.7022	0.9	0.7665	0.8159	5	
PILOT-2014003236__F__gpt5.4__rep0.json	PILOT-2014003236	F	0	0.8244	0.9	0.9244	0.9024	5	
PILOT-2014003236__F__gpt5.4__rep1.json	PILOT-2014003236	F	1	0.8241	0.9167	0.9074	0.9025	3	
PILOT-2014003236__F__gpt5.4__rep2.json	PILOT-2014003236	F	2	0.8244	0.9	0.9244	0.9024	5	
PILOT-2014003236__F__haiku4.5__rep0.json	PILOT-2014003236	F	0	0.8732	0.9278	0.9378	0.9281	5	
PILOT-2014003236__F__haiku4.5__rep1.json	PILOT-2014003236	F	1	0.7625	0.95	0.8125	0.8488	5	
PILOT-2014003236__F__haiku4.5__rep2.json	PILOT-2014003236	F	2	0.81	0.9278	0.8778	0.8825	5	
PILOT-2014003236__F__sonnet4__rep0.json	PILOT-2014003236	F	0	0.5163	0.6597	0.7292	0.6238	4	
PILOT-2014003236__F__sonnet4__rep1.json	PILOT-2014003236	F	1	0.8072	0.9097	0.8472	0.8722	4	
PILOT-2014003236__F__sonnet4__rep2.json	PILOT-2014003236	F	2	0.6955	0.7278	0.76	0.7398	5	
PILOT-2014003236__G__gpt4o-mini__rep0.json	PILOT-2014003236	G	0	0.7456	0.9556	0.7739	0.8472	5	
PILOT-2014003236__G__gpt4o-mini__rep1.json	PILOT-2014003236	G	1	0.8343	0.95	0.8843	0.9063	5	
PILOT-2014003236__G__gpt4o-mini__rep2.json	PILOT-2014003236	G	2	0.7293	0.95	0.7793	0.838	5	
PILOT-2014003236__G__gpt5.4__rep0.json	PILOT-2014003236	G	0	0.8244	0.9	0.9244	0.9024	5	
PILOT-2014003236__G__gpt5.4__rep1.json	PILOT-2014003236	G	1	0.8241	0.9167	0.9074	0.9025	3	
PILOT-2014003236__G__gpt5.4__rep2.json	PILOT-2014003236	G	2	0.7312	0.7451	0.9583	0.8365	4	
PILOT-2014003236__G__haiku4.5__rep0.json	PILOT-2014003236	G	0	0.9244	1.0	0.9244	0.9595	5	
PILOT-2014003236__G__haiku4.5__rep1.json	PILOT-2014003236	G	1	0.9244	1.0	0.9244	0.9595	5	
PILOT-2014003236__G__haiku4.5__rep2.json	PILOT-2014003236	G	2	0.9244	1.0	0.9244	0.9595	5	
PILOT-2014003236__G__sonnet4__rep0.json	PILOT-2014003236	G	0	0.725	0.75	0.975	0.8011	4	
PILOT-2014003236__G__sonnet4__rep1.json	PILOT-2014003236	G	1	0.7164	0.8472	0.75	0.7905	4	
PILOT-2014003236__G__sonnet4__rep2.json	PILOT-2014003236	G	2	0.7164	0.8472	0.75	0.7905	4	
PILOT-2014003587__F__gpt4o-mini__rep0.json	PILOT-2014003587	F	0	0.8881	0.9181	0.9692	0.9286	8	
PILOT-2014003587__F__gpt4o-mini__rep1.json	PILOT-2014003587	F	1	0.9626	0.9875	0.9728	0.9797	8	
PILOT-2014003587__F__gpt4o-mini__rep2.json	PILOT-2014003587	F	2	0.6731	0.9941	0.6777	0.799	13	
PILOT-2014003587__F__gpt5.4__rep0.json	PILOT-2014003587	F	0	0.9031	0.9923	0.9073	0.9418	10	
PILOT-2014003587__F__gpt5.4__rep1.json	PILOT-2014003587	F	1	0.8851	0.9955	0.8877	0.933	17	
PILOT-2014003587__F__gpt5.4__rep2.json	PILOT-2014003587	F	2	0.7893	0.9923	0.7938	0.8708	10	
PILOT-2014003587__F__haiku4.5__rep0.json	PILOT-2014003587	F	0	0.7908	0.9962	0.7938	0.8786	20	
PILOT-2014003587__F__haiku4.5__rep1.json	PILOT-2014003587	F	1	0.7522	0.9962	0.7547	0.8527	20	
PILOT-2014003587__F__haiku4.5__rep2.json	PILOT-2014003587	F	2	0.6851	0.9962	0.6878	0.8025	20	
PILOT-2014003587__F__sonnet4__rep0.json	PILOT-2014003587	F	0	0.928	0.9962	0.9308	0.9574	20	
PILOT-2014003587__F__sonnet4__rep1.json	PILOT-2014003587	F	1	0.859	0.9962	0.8616	0.9139	20	
PILOT-2014003587__F__sonnet4__rep2.json	PILOT-2014003587	F	2	0.9757	0.9962	0.9788	0.9867	20	
PILOT-2014003587__G__gpt4o-mini__rep0.json	PILOT-2014003587	G	0	None				0	no_gen
PILOT-2014003587__G__gpt4o-mini__rep1.json	PILOT-2014003587	G	1	None				0	no_gen
PILOT-2014003587__G__gpt4o-mini__rep2.json	PILOT-2014003587	G	2	None				0	no_gen
PILOT-2014003587__G__gpt5.4__rep0.json	PILOT-2014003587	G	0	0.8205	0.9845	0.8333	0.8925	13	
PILOT-2014003587__G__gpt5.4__rep1.json	PILOT-2014003587	G	1	0.8613	0.9962	0.8639	0.9205	20	
PILOT-2014003587__G__gpt5.4__rep2.json	PILOT-2014003587	G	2	0.9254	0.996	0.9281	0.9591	19	
PILOT-2014003587__G__haiku4.5__rep0.json	PILOT-2014003587	G	0	0.8044	0.9962	0.8076	0.8868	20	
PILOT-2014003587__G__haiku4.5__rep1.json	PILOT-2014003587	G	1	0.8388	0.9962	0.8413	0.9085	20	
PILOT-2014003587__G__haiku4.5__rep2.json	PILOT-2014003587	G	2	0.849	0.9962	0.8518	0.8998	20	
PILOT-2014003587__G__sonnet4__rep0.json	PILOT-2014003587	G	0	0.9423	0.9962	0.9452	0.9685	20	
PILOT-2014003587__G__sonnet4__rep1.json	PILOT-2014003587	G	1	0.9403	0.9962	0.9432	0.9672	20	
PILOT-2014003587__G__sonnet4__rep2.json	PILOT-2014003587	G	2	0.8349	0.9962	0.8379	0.9009	20	
PILOT-2014006550__F__gpt4o-mini__rep0.json	PILOT-2014006550	F	0	0.931	0.9651	0.9621	0.9626	20	
PILOT-2014006550__F__gpt4o-mini__rep1.json	PILOT-2014006550	F	1	None				0	no_gen
PILOT-2014006550__F__gpt4o-mini__rep2.json	PILOT-2014006550	F	2	0.9691	0.9748	0.9934	0.9837	20	
PILOT-2014006550__F__gpt5.4__rep0.json	PILOT-2014006550	F	0	0.9714	0.9859	0.9851	0.9849	20	
PILOT-2014006550__F__gpt5.4__rep1.json	PILOT-2014006550	F	1	0.9349	0.9859	0.9487	0.9647	20	
PILOT-2014006550__F__gpt5.4__rep2.json	PILOT-2014006550	F	2	0.9397	0.9859	0.9533	0.9672	20	
PILOT-2014006550__F__haiku4.5__rep0.json	PILOT-2014006550	F	0	0.7985	0.9556	0.8293	0.8788	20	
PILOT-2014006550__F__haiku4.5__rep1.json	PILOT-2014006550	F	1	0.7977	0.9296	0.8452	0.8796	20	
PILOT-2014006550__F__haiku4.5__rep2.json	PILOT-2014006550	F	2	0.8142	0.9345	0.8591	0.8888	20	
PILOT-2014006550__F__sonnet4__rep0.json	PILOT-2014006550	F	0	0.9396	0.9781	0.9602	0.966	20	
PILOT-2014006550__F__sonnet4__rep1.json	PILOT-2014006550	F	1	0.9381	0.9781	0.9581	0.9655	20	
PILOT-2014006550__F__sonnet4__rep2.json	PILOT-2014006550	F	2	0.9156	0.9781	0.9342	0.9525	20	
PILOT-2014006550__G__gpt4o-mini__rep0.json	PILOT-2014006550	G	0	0.8825	0.9358	0.9372	0.9349	12	
PILOT-2014006550__G__gpt4o-mini__rep1.json	PILOT-2014006550	G	1	0.9207	0.952	0.9608	0.9554	13	
PILOT-2014006550__G__gpt4o-mini__rep2.json	PILOT-2014006550	G	2	None				0	no_gen
PILOT-2014006550__G__gpt5.4__rep0.json	PILOT-2014006550	G	0	0.9435	0.9859	0.9571	0.9697	20	
PILOT-2014006550__G__gpt5.4__rep1.json	PILOT-2014006550	G	1	0.974	0.9859	0.9879	0.9864	20	
PILOT-2014006550__G__gpt5.4__rep2.json	PILOT-2014006550	G	2	0.9713	0.9859	0.9851	0.9849	20	
PILOT-2014006550__G__haiku4.5__rep0.json	PILOT-2014006550	G	0	0.8669	0.9386	0.9111	0.9203	20	
PILOT-2014006550__G__haiku4.5__rep1.json	PILOT-2014006550	G	1	0.8629	0.9344	0.9078	0.9173	20	
PILOT-2014006550__G__haiku4.5__rep2.json	PILOT-2014006550	G	2	0.8406	0.944	0.8813	0.9083	20	
PILOT-2014006550__G__sonnet4__rep0.json	PILOT-2014006550	G	0	0.9226	0.9747	0.945	0.957	20	
PILOT-2014006550__G__sonnet4__rep1.json	PILOT-2014006550	G	1	0.8947	0.9747	0.9156	0.9406	20	
PILOT-2014006550__G__sonnet4__rep2.json	PILOT-2014006550	G	2	0.9224	0.9747	0.9449	0.9568	20	
PILOT-2014007043__F__gpt4o-mini__rep0.json	PILOT-2014007043	F	0	0.7895	0.9531	0.8256	0.8812	4	
PILOT-2014007043__F__gpt4o-mini__rep1.json	PILOT-2014007043	F	1	0.8834	0.9161	0.9586	0.9354	4	
PILOT-2014007043__F__gpt4o-mini__rep2.json	PILOT-2014007043	F	2	0.9178	0.9705	0.9455	0.9567	4	
PILOT-2014007043__F__gpt5.4__rep0.json	PILOT-2014007043	F	0	0.8896	1.0	0.8896	0.931	6	
PILOT-2014007043__F__gpt5.4__rep1.json	PILOT-2014007043	F	1	0.9552	0.9762	0.979	0.976	7	
PILOT-2014007043__F__gpt5.4__rep2.json	PILOT-2014007043	F	2	0.8847	0.9202	0.9373	0.9112	20	
PILOT-2014007043__F__haiku4.5__rep0.json	PILOT-2014007043	F	0	0.3575	0.4828	0.4586	0.4321	7	
PILOT-2014007043__F__haiku4.5__rep1.json	PILOT-2014007043	F	1	0.6891	0.7189	0.7454	0.7258	6	
PILOT-2014007043__F__haiku4.5__rep2.json	PILOT-2014007043	F	2	0.5381	0.5783	0.6764	0.5963	4	
PILOT-2014007043__F__sonnet4__rep0.json	PILOT-2014007043	F	0	0.904	0.9619	0.9298	0.9377	20	
PILOT-2014007043__F__sonnet4__rep1.json	PILOT-2014007043	F	1	0.9499	0.9619	0.9757	0.9676	20	
PILOT-2014007043__F__sonnet4__rep2.json	PILOT-2014007043	F	2	0.9807	1.0	0.9807	0.9897	20	
PILOT-2014007043__G__gpt4o-mini__rep0.json	PILOT-2014007043	G	0	None				0	no_gen
PILOT-2014007043__G__gpt4o-mini__rep1.json	PILOT-2014007043	G	1	None				0	no_gen
PILOT-2014007043__G__gpt4o-mini__rep2.json	PILOT-2014007043	G	2	None				0	no_gen
PILOT-2014007043__G__gpt5.4__rep0.json	PILOT-2014007043	G	0	0.9668	1.0	0.9668	0.9827	6	
PILOT-2014007043__G__gpt5.4__rep1.json	PILOT-2014007043	G	1	0.9579	1.0	0.9579	0.977	6	
PILOT-2014007043__G__gpt5.4__rep2.json	PILOT-2014007043	G	2	0.9526	1.0	0.9526	0.972	20	
PILOT-2014007043__G__haiku4.5__rep0.json	PILOT-2014007043	G	0	0.8632	0.8829	0.9124	0.8916	20	
PILOT-2014007043__G__haiku4.5__rep1.json	PILOT-2014007043	G	1	0.7775	0.8799	0.827	0.8444	20	
PILOT-2014007043__G__haiku4.5__rep2.json	PILOT-2014007043	G	2	0.1287	0.1977	0.2002	0.1867	17	
PILOT-2014007043__G__sonnet4__rep0.json	PILOT-2014007043	G	0	0.8654	0.8751	0.9786	0.8889	20	
PILOT-2014007043__G__sonnet4__rep1.json	PILOT-2014007043	G	1	0.8654	0.8751	0.9786	0.8889	20	
PILOT-2014007043__G__sonnet4__rep2.json	PILOT-2014007043	G	2	0.8654	0.8751	0.9786	0.8889	20	
PILOT-2014008375__F__gpt4o-mini__rep0.json	PILOT-2014008375	F	0	0.8123	1.0	0.8123	0.8925	3	
PILOT-2014008375__F__gpt4o-mini__rep1.json	PILOT-2014008375	F	1	0.8757	1.0	0.8757	0.9336	3	
PILOT-2014008375__F__gpt4o-mini__rep2.json	PILOT-2014008375	F	2	0.8737	1.0	0.8737	0.9256	3	
PILOT-2014008375__F__gpt5.4__rep0.json	PILOT-2014008375	F	0	0.9954	1.0	0.9954	0.9977	10	
PILOT-2014008375__F__gpt5.4__rep1.json	PILOT-2014008375	F	1	0.9779	1.0	0.9779	0.9885	10	
PILOT-2014008375__F__gpt5.4__rep2.json	PILOT-2014008375	F	2	0.9909	1.0	0.9909	0.9953	5	
PILOT-2014008375__F__haiku4.5__rep0.json	PILOT-2014008375	F	0	0.9242	0.9697	0.9545	0.9605	3	
PILOT-2014008375__F__haiku4.5__rep1.json	PILOT-2014008375	F	1	0.8799	0.9899	0.8883	0.9307	9	
PILOT-2014008375__F__haiku4.5__rep2.json	PILOT-2014008375	F	2	0.7473	0.9394	0.7804	0.8476	3	
PILOT-2014008375__F__sonnet4__rep0.json	PILOT-2014008375	F	0	0.9312	1.0	0.9312	0.9567	10	
PILOT-2014008375__F__sonnet4__rep1.json	PILOT-2014008375	F	1	0.9312	1.0	0.9312	0.9567	10	
PILOT-2014008375__F__sonnet4__rep2.json	PILOT-2014008375	F	2	0.9954	1.0	0.9954	0.9977	10	
PILOT-2014008375__G__gpt4o-mini__rep0.json	PILOT-2014008375	G	0	0.9773	0.9773	1.0	0.9881	4	
PILOT-2014008375__G__gpt4o-mini__rep1.json	PILOT-2014008375	G	1	0.88	1.0	0.88	0.9337	4	
PILOT-2014008375__G__gpt4o-mini__rep2.json	PILOT-2014008375	G	2	0.9778	1.0	0.9778	0.9886	4	
PILOT-2014008375__G__gpt5.4__rep0.json	PILOT-2014008375	G	0	0.9749	1.0	0.9749	0.9865	10	
PILOT-2014008375__G__gpt5.4__rep1.json	PILOT-2014008375	G	1	0.9822	1.0	0.9822	0.9909	5	
PILOT-2014008375__G__gpt5.4__rep2.json	PILOT-2014008375	G	2	0.9911	1.0	0.9911	0.9954	10	
PILOT-2014008375__G__haiku4.5__rep0.json	PILOT-2014008375	G	0	0.8851	0.9697	0.9104	0.9387	3	
PILOT-2014008375__G__haiku4.5__rep1.json	PILOT-2014008375	G	1	0.9545	1.0	0.9545	0.9764	3	
PILOT-2014008375__G__haiku4.5__rep2.json	PILOT-2014008375	G	2	0.9431	0.9833	0.95	0.9648	10	
PILOT-2014008375__G__sonnet4__rep0.json	PILOT-2014008375	G	0	0.9949	1.0	0.9949	0.9974	9	
PILOT-2014008375__G__sonnet4__rep1.json	PILOT-2014008375	G	1	0.9312	1.0	0.9312	0.9567	10	
PILOT-2014008375__G__sonnet4__rep2.json	PILOT-2014008375	G	2	0.9949	1.0	0.9949	0.9974	9	
PILOT-2014009096__F__gpt4o-mini__rep0.json	PILOT-2014009096	F	0	0.626	0.737	0.7984	0.7636	4	
PILOT-2014009096__F__gpt4o-mini__rep1.json	PILOT-2014009096	F	1	0.6261	0.737	0.7982	0.7648	4	
PILOT-2014009096__F__gpt4o-mini__rep2.json	PILOT-2014009096	F	2	0.626	0.737	0.7984	0.7636	4	
PILOT-2014009096__F__gpt5.4__rep0.json	PILOT-2014009096	F	0	0.7653	0.8419	0.875	0.857	9	
PILOT-2014009096__F__gpt5.4__rep1.json	PILOT-2014009096	F	1	0.7749	0.8419	0.8917	0.8654	9	
PILOT-2014009096__F__gpt5.4__rep2.json	PILOT-2014009096	F	2	0.6114	0.7543	0.757	0.7539	4	
PILOT-2014009096__F__haiku4.5__rep0.json	PILOT-2014009096	F	0	0.6489	0.7543	0.8165	0.7831	4	
PILOT-2014009096__F__haiku4.5__rep1.json	PILOT-2014009096	F	1	0.6504	0.7543	0.818	0.7828	4	
PILOT-2014009096__F__haiku4.5__rep2.json	PILOT-2014009096	F	2	0.6446	0.7543	0.8091	0.7793	4	
PILOT-2014009096__F__sonnet4__rep0.json	PILOT-2014009096	F	0	0.6683	0.7543	0.8493	0.7984	4	
PILOT-2014009096__F__sonnet4__rep1.json	PILOT-2014009096	F	1	0.6683	0.7543	0.8493	0.7984	4	
PILOT-2014009096__F__sonnet4__rep2.json	PILOT-2014009096	F	2	0.6683	0.7543	0.8493	0.7984	4	
PILOT-2014009096__G__gpt4o-mini__rep0.json	PILOT-2014009096	G	0	0.626	0.737	0.7984	0.7636	4	
PILOT-2014009096__G__gpt4o-mini__rep1.json	PILOT-2014009096	G	1	0.626	0.737	0.7984	0.7636	4	
PILOT-2014009096__G__gpt4o-mini__rep2.json	PILOT-2014009096	G	2	0.626	0.737	0.7984	0.7636	4	
PILOT-2014009096__G__gpt5.4__rep0.json	PILOT-2014009096	G	0	0.7749	0.8419	0.8917	0.8654	9	
PILOT-2014009096__G__gpt5.4__rep1.json	PILOT-2014009096	G	1	0.7749	0.8419	0.8917	0.8654	9	
PILOT-2014009096__G__gpt5.4__rep2.json	PILOT-2014009096	G	2	0.7749	0.8419	0.8917	0.8654	9	
PILOT-2014009096__G__haiku4.5__rep0.json	PILOT-2014009096	G	0	0.6347	0.7632	0.7835	0.7706	4	
PILOT-2014009096__G__haiku4.5__rep1.json	PILOT-2014009096	G	1	0.4778	0.6773	0.6324	0.6463	3	
PILOT-2014009096__G__haiku4.5__rep2.json	PILOT-2014009096	G	2	0.6504	0.7543	0.818	0.7828	4	
PILOT-2014009096__G__sonnet4__rep0.json	PILOT-2014009096	G	0	0.6723	0.7543	0.8551	0.8008	4	
PILOT-2014009096__G__sonnet4__rep1.json	PILOT-2014009096	G	1	0.6723	0.7543	0.8551	0.8008	4	
PILOT-2014009096__G__sonnet4__rep2.json	PILOT-2014009096	G	2	0.6505	0.7543	0.8176	0.7818	4	
PILOT-2014009182__F__gpt4o-mini__rep0.json	PILOT-2014009182	F	0	0.9886	0.9886	1.0	0.994	9	
PILOT-2014009182__F__gpt4o-mini__rep1.json	PILOT-2014009182	F	1	0.9442	0.9608	0.9722	0.9662	9	
PILOT-2014009182__F__gpt4o-mini__rep2.json	PILOT-2014009182	F	2	0.9886	0.9886	1.0	0.994	9	
PILOT-2014009182__F__gpt5.4__rep0.json	PILOT-2014009182	F	0	0.9301	0.9949	0.9347	0.9597	20	
PILOT-2014009182__F__gpt5.4__rep1.json	PILOT-2014009182	F	1	0.8995	0.9711	0.9279	0.943	20	
PILOT-2014009182__F__gpt5.4__rep2.json	PILOT-2014009182	F	2	0.9538	0.9914	0.9611	0.975	12	
PILOT-2014009182__F__haiku4.5__rep0.json	PILOT-2014009182	F	0	0.8335	0.9695	0.8637	0.9005	19	
PILOT-2014009182__F__haiku4.5__rep1.json	PILOT-2014009182	F	1	0.786	0.8736	0.8429	0.8495	11	
PILOT-2014009182__F__haiku4.5__rep2.json	PILOT-2014009182	F	2	0.8513	0.9711	0.8792	0.9108	20	
PILOT-2014009182__F__sonnet4__rep0.json	PILOT-2014009182	F	0	0.9654	0.9914	0.9717	0.9807	12	
PILOT-2014009182__F__sonnet4__rep1.json	PILOT-2014009182	F	1	0.8896	0.9914	0.8959	0.9284	12	
PILOT-2014009182__F__sonnet4__rep2.json	PILOT-2014009182	F	2	0.8811	0.9711	0.9093	0.9299	20	
PILOT-2014009182__G__gpt4o-mini__rep0.json	PILOT-2014009182	G	0	0.9344	0.9552	0.9699	0.9609	20	
PILOT-2014009182__G__gpt4o-mini__rep1.json	PILOT-2014009182	G	1	0.9473	0.9576	0.9828	0.9684	20	
PILOT-2014009182__G__gpt4o-mini__rep2.json	PILOT-2014009182	G	2	0.9452	0.9589	0.978	0.9664	16	
PILOT-2014009182__G__gpt5.4__rep0.json	PILOT-2014009182	G	0	0.587	0.6806	0.6626	0.6649	12	
PILOT-2014009182__G__gpt5.4__rep1.json	PILOT-2014009182	G	1	0.9205	0.9711	0.9489	0.9535	20	
PILOT-2014009182__G__gpt5.4__rep2.json	PILOT-2014009182	G	2	0.9816	0.9914	0.9893	0.9902	12	
PILOT-2014009182__G__haiku4.5__rep0.json	PILOT-2014009182	G	0	0.7316	0.9856	0.7449	0.8233	17	
PILOT-2014009182__G__haiku4.5__rep1.json	PILOT-2014009182	G	1	0.7478	0.9695	0.7771	0.8384	19	
PILOT-2014009182__G__haiku4.5__rep2.json	PILOT-2014009182	G	2	0.7829	0.9711	0.8107	0.8618	20	
PILOT-2014009182__G__sonnet4__rep0.json	PILOT-2014009182	G	0	0.7987	0.9711	0.8261	0.8748	20	
PILOT-2014009182__G__sonnet4__rep1.json	PILOT-2014009182	G	1	0.7831	0.9711	0.8107	0.863	20	
PILOT-2014009182__G__sonnet4__rep2.json	PILOT-2014009182	G	2	0.7561	0.9711	0.7837	0.8445	20	
PILOT-2014009970__F__gpt4o-mini__rep0.json	PILOT-2014009970	F	0	0.6904	0.9952	0.693	0.8041	9	
PILOT-2014009970__F__gpt4o-mini__rep1.json	PILOT-2014009970	F	1	0.9357	0.9952	0.9398	0.9651	9	
PILOT-2014009970__F__gpt4o-mini__rep2.json	PILOT-2014009970	F	2	0.6515	0.9952	0.6545	0.7808	9	
PILOT-2014009970__F__gpt5.4__rep0.json	PILOT-2014009970	F	0	0.8625	0.9952	0.8648	0.9183	9	
PILOT-2014009970__F__gpt5.4__rep1.json	PILOT-2014009970	F	1	0.963	0.9952	0.9653	0.9778	9	
PILOT-2014009970__F__gpt5.4__rep2.json	PILOT-2014009970	F	2	0.8806	0.9928	0.884	0.931	6	
PILOT-2014009970__F__haiku4.5__rep0.json	PILOT-2014009970	F	0	0.6783	0.9952	0.68	0.7933	9	
PILOT-2014009970__F__haiku4.5__rep1.json	PILOT-2014009970	F	1	0.5923	0.9952	0.5933	0.7321	9	
PILOT-2014009970__F__haiku4.5__rep2.json	PILOT-2014009970	F	2	0.3142	0.9485	0.321	0.4592	3	
PILOT-2014009970__F__sonnet4__rep0.json	PILOT-2014009970	F	0	0.8272	0.9928	0.8299	0.8807	6	
PILOT-2014009970__F__sonnet4__rep1.json	PILOT-2014009970	F	1	0.8187	0.9928	0.8213	0.8722	6	
PILOT-2014009970__F__sonnet4__rep2.json	PILOT-2014009970	F	2	0.7168	0.9928	0.7195	0.7984	6	
PILOT-2014009970__G__gpt4o-mini__rep0.json	PILOT-2014009970	G	0	0.9867	0.9952	0.9907	0.9929	9	
PILOT-2014009970__G__gpt4o-mini__rep1.json	PILOT-2014009970	G	1	0.7196	0.9952	0.7228	0.8335	9	
PILOT-2014009970__G__gpt4o-mini__rep2.json	PILOT-2014009970	G	2	0.9165	0.9891	0.9265	0.9563	4	
PILOT-2014009970__G__gpt5.4__rep0.json	PILOT-2014009970	G	0	0.9444	0.9928	0.9479	0.9667	6	
PILOT-2014009970__G__gpt5.4__rep1.json	PILOT-2014009970	G	1	0.963	0.9952	0.9653	0.9778	9	
PILOT-2014009970__G__gpt5.4__rep2.json	PILOT-2014009970	G	2	0.8909	0.9952	0.8932	0.933	9	
PILOT-2014009970__G__haiku4.5__rep0.json	PILOT-2014009970	G	0	0.6548	0.9793	0.6617	0.7748	9	
PILOT-2014009970__G__haiku4.5__rep1.json	PILOT-2014009970	G	1	0.6336	0.9669	0.6442	0.7678	9	
PILOT-2014009970__G__haiku4.5__rep2.json	PILOT-2014009970	G	2	0.6877	0.9952	0.6902	0.7979	9	
PILOT-2014009970__G__sonnet4__rep0.json	PILOT-2014009970	G	0	0.9398	0.9938	0.9421	0.9619	7	
PILOT-2014009970__G__sonnet4__rep1.json	PILOT-2014009970	G	1	0.9474	0.9946	0.9493	0.9667	8	
PILOT-2014009970__G__sonnet4__rep2.json	PILOT-2014009970	G	2	0.9474	0.9946	0.9493	0.9667	8	
PILOT-2015000199__F__gpt4o-mini__rep0.json	PILOT-2015000199	F	0	0.881	0.904	0.9681	0.9267	10	
PILOT-2015000199__F__gpt4o-mini__rep1.json	PILOT-2015000199	F	1	None				0	no_gen
PILOT-2015000199__F__gpt4o-mini__rep2.json	PILOT-2015000199	F	2	None				0	no_gen
PILOT-2015000199__F__gpt5.4__rep0.json	PILOT-2015000199	F	0	0.8217	0.8706	0.9294	0.8902	10	
PILOT-2015000199__F__gpt5.4__rep1.json	PILOT-2015000199	F	1	0.8645	0.8994	0.9611	0.9185	10	
PILOT-2015000199__F__gpt5.4__rep2.json	PILOT-2015000199	F	2	0.8053	0.8706	0.8936	0.8744	10	
PILOT-2015000199__F__haiku4.5__rep0.json	PILOT-2015000199	F	0	0.863	0.9089	0.9413	0.9158	10	
PILOT-2015000199__F__haiku4.5__rep1.json	PILOT-2015000199	F	1	0.8544	0.8972	0.9456	0.9114	10	
PILOT-2015000199__F__haiku4.5__rep2.json	PILOT-2015000199	F	2	0.8542	0.9089	0.9278	0.9097	10	
PILOT-2015000199__F__sonnet4__rep0.json	PILOT-2015000199	F	0	0.8967	0.9161	0.9739	0.9355	10	
PILOT-2015000199__F__sonnet4__rep1.json	PILOT-2015000199	F	1	0.8188	0.9161	0.8909	0.8877	10	
PILOT-2015000199__F__sonnet4__rep2.json	PILOT-2015000199	F	2	0.6903	0.9161	0.723	0.7934	10	
PILOT-2015000199__G__gpt4o-mini__rep0.json	PILOT-2015000199	G	0	0.8698	0.897	0.9537	0.9181	10	
PILOT-2015000199__G__gpt4o-mini__rep1.json	PILOT-2015000199	G	1	None				0	no_gen
PILOT-2015000199__G__gpt4o-mini__rep2.json	PILOT-2015000199	G	2	0.7855	0.8204	0.9557	0.876	4	
PILOT-2015000199__G__gpt5.4__rep0.json	PILOT-2015000199	G	0	0.8678	0.9161	0.9517	0.92	10	
PILOT-2015000199__G__gpt5.4__rep1.json	PILOT-2015000199	G	1	0.8837	0.9061	0.9739	0.9283	10	
PILOT-2015000199__G__gpt5.4__rep2.json	PILOT-2015000199	G	2	0.798	0.866	0.8847	0.8708	10	
PILOT-2015000199__G__haiku4.5__rep0.json	PILOT-2015000199	G	0	0.8639	0.9089	0.9473	0.9172	10	
PILOT-2015000199__G__haiku4.5__rep1.json	PILOT-2015000199	G	1	0.8579	0.907	0.933	0.9116	10	
PILOT-2015000199__G__haiku4.5__rep2.json	PILOT-2015000199	G	2	0.8542	0.9089	0.9278	0.9097	10	
PILOT-2015000199__G__sonnet4__rep0.json	PILOT-2015000199	G	0	0.8301	0.9161	0.9022	0.8947	10	
PILOT-2015000199__G__sonnet4__rep1.json	PILOT-2015000199	G	1	0.8569	0.9161	0.929	0.9121	10	
PILOT-2015000199__G__sonnet4__rep2.json	PILOT-2015000199	G	2	0.8306	0.8706	0.96	0.8924	10	
PILOT-2015004151__F__gpt4o-mini__rep0.json	PILOT-2015004151	F	0	0.4642	0.7712	0.5357	0.6283	4	
PILOT-2015004151__F__gpt4o-mini__rep1.json	PILOT-2015004151	F	1	0.6261	0.7814	0.6881	0.7248	8	
PILOT-2015004151__F__gpt4o-mini__rep2.json	PILOT-2015004151	F	2	0.4637	0.7712	0.5468	0.63	4	
PILOT-2015004151__F__gpt5.4__rep0.json	PILOT-2015004151	F	0	0.6266	0.7641	0.7229	0.7367	6	
PILOT-2015004151__F__gpt5.4__rep1.json	PILOT-2015004151	F	1	0.6266	0.7641	0.7229	0.7367	6	
PILOT-2015004151__F__gpt5.4__rep2.json	PILOT-2015004151	F	2	0.6266	0.7641	0.7229	0.7367	6	
PILOT-2015004151__F__haiku4.5__rep0.json	PILOT-2015004151	F	0	0.6509	0.8231	0.7224	0.756	8	
PILOT-2015004151__F__haiku4.5__rep1.json	PILOT-2015004151	F	1	0.581	0.8231	0.646	0.7044	8	
PILOT-2015004151__F__haiku4.5__rep2.json	PILOT-2015004151	F	2	0.6509	0.8231	0.7224	0.756	8	
PILOT-2015004151__F__sonnet4__rep0.json	PILOT-2015004151	F	0	0.5926	0.7978	0.6669	0.7098	7	
PILOT-2015004151__F__sonnet4__rep1.json	PILOT-2015004151	F	1	0.564	0.8231	0.629	0.6877	8	
PILOT-2015004151__F__sonnet4__rep2.json	PILOT-2015004151	F	2	0.6551	0.8231	0.7277	0.759	8	
PILOT-2015004151__G__gpt4o-mini__rep0.json	PILOT-2015004151	G	0	0.5602	0.817	0.6175	0.6931	5	
PILOT-2015004151__G__gpt4o-mini__rep1.json	PILOT-2015004151	G	1	0.4642	0.8129	0.5361	0.6332	4	
PILOT-2015004151__G__gpt4o-mini__rep2.json	PILOT-2015004151	G	2	0.4661	0.817	0.537	0.6329	5	
PILOT-2015004151__G__gpt5.4__rep0.json	PILOT-2015004151	G	0	0.6266	0.7641	0.7229	0.7367	6	
PILOT-2015004151__G__gpt5.4__rep1.json	PILOT-2015004151	G	1	0.616	0.7641	0.7083	0.7265	6	
PILOT-2015004151__G__gpt5.4__rep2.json	PILOT-2015004151	G	2	0.6266	0.7641	0.7229	0.7367	6	
PILOT-2015004151__G__haiku4.5__rep0.json	PILOT-2015004151	G	0	0.6509	0.8231	0.7224	0.756	8	
PILOT-2015004151__G__haiku4.5__rep1.json	PILOT-2015004151	G	1	0.6509	0.8231	0.7224	0.756	8	
PILOT-2015004151__G__haiku4.5__rep2.json	PILOT-2015004151	G	2	0.6509	0.8231	0.7224	0.756	8	
PILOT-2015004151__G__sonnet4__rep0.json	PILOT-2015004151	G	0	0.6905	0.7978	0.7775	0.784	7	
PILOT-2015004151__G__sonnet4__rep1.json	PILOT-2015004151	G	1	0.6905	0.7978	0.7775	0.784	7	
PILOT-2015004151__G__sonnet4__rep2.json	PILOT-2015004151	G	2	0.6905	0.7978	0.7775	0.784	7	
PILOT-2015004158__F__gpt4o-mini__rep0.json	PILOT-2015004158	F	0	None				0	no_gen
PILOT-2015004158__F__gpt4o-mini__rep1.json	PILOT-2015004158	F	1	None				0	no_gen
PILOT-2015004158__F__gpt4o-mini__rep2.json	PILOT-2015004158	F	2	None				0	no_gen
PILOT-2015004158__F__gpt5.4__rep0.json	PILOT-2015004158	F	0	0.8017	0.8381	0.8526	0.8413	9	
PILOT-2015004158__F__gpt5.4__rep1.json	PILOT-2015004158	F	1	0.7564	0.8381	0.8072	0.815	9	
PILOT-2015004158__F__gpt5.4__rep2.json	PILOT-2015004158	F	2	0.7095	0.8186	0.7583	0.7831	8	
PILOT-2015004158__F__haiku4.5__rep0.json	PILOT-2015004158	F	0	0.8156	0.8473	0.8571	0.8493	9	
PILOT-2015004158__F__haiku4.5__rep1.json	PILOT-2015004158	F	1	0.703	0.8473	0.7356	0.78	9	
PILOT-2015004158__F__haiku4.5__rep2.json	PILOT-2015004158	F	2	0.6533	0.8282	0.6939	0.7414	8	
PILOT-2015004158__F__sonnet4__rep0.json	PILOT-2015004158	F	0	0.8473	0.8473	0.8889	0.8664	9	
PILOT-2015004158__F__sonnet4__rep1.json	PILOT-2015004158	F	1	0.8314	0.8388	0.8803	0.8579	9	
PILOT-2015004158__F__sonnet4__rep2.json	PILOT-2015004158	F	2	0.8314	0.8388	0.8803	0.8579	9	
PILOT-2015004158__G__gpt4o-mini__rep0.json	PILOT-2015004158	G	0	0.8517	1.0	0.8517	0.9199	2	
PILOT-2015004158__G__gpt4o-mini__rep1.json	PILOT-2015004158	G	1	0.7188	1.0	0.7188	0.8359	2	
PILOT-2015004158__G__gpt4o-mini__rep2.json	PILOT-2015004158	G	2	0.8517	1.0	0.8517	0.9199	2	
PILOT-2015004158__G__gpt5.4__rep0.json	PILOT-2015004158	G	0	0.7687	0.8082	0.8341	0.8168	8	
PILOT-2015004158__G__gpt5.4__rep1.json	PILOT-2015004158	G	1	0.7999	0.8178	0.8571	0.8347	8	
PILOT-2015004158__G__gpt5.4__rep2.json	PILOT-2015004158	G	2	0.7477	0.8178	0.7946	0.8025	8	
PILOT-2015004158__G__haiku4.5__rep0.json	PILOT-2015004158	G	0	0.4022	0.5867	0.4873	0.5307	5	
PILOT-2015004158__G__haiku4.5__rep1.json	PILOT-2015004158	G	1	0.7177	0.7455	0.75	0.7443	9	
PILOT-2015004158__G__haiku4.5__rep2.json	PILOT-2015004158	G	2	0.7093	0.8	0.7426	0.7623	6	
PILOT-2015004158__G__sonnet4__rep0.json	PILOT-2015004158	G	0	0.8473	0.8473	0.8889	0.8664	9	
PILOT-2015004158__G__sonnet4__rep1.json	PILOT-2015004158	G	1	0.8473	0.8473	0.8889	0.8664	9	
PILOT-2015004158__G__sonnet4__rep2.json	PILOT-2015004158	G	2	0.8314	0.8388	0.8803	0.8579	9	
PILOT-2015004926__F__gpt4o-mini__rep0.json	PILOT-2015004926	F	0	0.7548	0.9152	0.8044	0.8463	7	
PILOT-2015004926__F__gpt4o-mini__rep1.json	PILOT-2015004926	F	1	0.7043	0.8746	0.7745	0.8082	7	
PILOT-2015004926__F__gpt4o-mini__rep2.json	PILOT-2015004926	F	2	0.5535	0.9595	0.568	0.6965	7	
PILOT-2015004926__F__gpt5.4__rep0.json	PILOT-2015004926	F	0	0.9414	0.99	0.9476	0.9652	20	
PILOT-2015004926__F__gpt5.4__rep1.json	PILOT-2015004926	F	1	0.907	0.9714	0.9247	0.9443	7	
PILOT-2015004926__F__gpt5.4__rep2.json	PILOT-2015004926	F	2	0.922	0.99	0.9282	0.9532	20	
PILOT-2015004926__F__haiku4.5__rep0.json	PILOT-2015004926	F	0	0.7325	0.9771	0.7453	0.8341	18	
PILOT-2015004926__F__haiku4.5__rep1.json	PILOT-2015004926	F	1	0.73	0.9752	0.7428	0.8314	18	
PILOT-2015004926__F__haiku4.5__rep2.json	PILOT-2015004926	F	2	0.6852	0.9771	0.6947	0.8	18	
PILOT-2015004926__F__sonnet4__rep0.json	PILOT-2015004926	F	0	0.8117	0.9416	0.8637	0.8826	20	
PILOT-2015004926__F__sonnet4__rep1.json	PILOT-2015004926	F	1	0.7947	0.99	0.8013	0.8744	20	
PILOT-2015004926__F__sonnet4__rep2.json	PILOT-2015004926	F	2	0.8499	0.9416	0.902	0.9095	20	
PILOT-2015004926__G__gpt4o-mini__rep0.json	PILOT-2015004926	G	0	0.7738	0.9276	0.8235	0.8678	10	
PILOT-2015004926__G__gpt4o-mini__rep1.json	PILOT-2015004926	G	1	0.8227	0.9664	0.8502	0.8961	8	
PILOT-2015004926__G__gpt4o-mini__rep2.json	PILOT-2015004926	G	2	0.8118	0.9239	0.8654	0.8875	10	
PILOT-2015004926__G__gpt5.4__rep0.json	PILOT-2015004926	G	0	0.9527	0.99	0.9589	0.9728	20	
PILOT-2015004926__G__gpt5.4__rep1.json	PILOT-2015004926	G	1	0.811	0.9719	0.8253	0.8804	20	
PILOT-2015004926__G__gpt5.4__rep2.json	PILOT-2015004926	G	2	0.9314	1.0	0.9314	0.9594	20	
PILOT-2015004926__G__haiku4.5__rep0.json	PILOT-2015004926	G	0	0.7292	0.9771	0.7417	0.8305	18	
PILOT-2015004926__G__haiku4.5__rep1.json	PILOT-2015004926	G	1	0.7339	0.9813	0.7446	0.8339	18	
PILOT-2015004926__G__haiku4.5__rep2.json	PILOT-2015004926	G	2	0.7292	0.9771	0.7417	0.8305	18	
PILOT-2015004926__G__sonnet4__rep0.json	PILOT-2015004926	G	0	0.7949	0.99	0.8	0.8749	20	
PILOT-2015004926__G__sonnet4__rep1.json	PILOT-2015004926	G	1	0.8086	0.99	0.8158	0.8849	20	
PILOT-2015004926__G__sonnet4__rep2.json	PILOT-2015004926	G	2	0.7867	0.99	0.7925	0.8704	20	
PILOT-2015005752__F__gpt4o-mini__rep0.json	PILOT-2015005752	F	0	0.8785	0.9571	0.9126	0.9306	7	
PILOT-2015005752__F__gpt4o-mini__rep1.json	PILOT-2015005752	F	1	0.815	0.95	0.8548	0.8902	6	
PILOT-2015005752__F__gpt4o-mini__rep2.json	PILOT-2015005752	F	2	0.8579	0.95	0.8773	0.9112	6	
PILOT-2015005752__F__gpt5.4__rep0.json	PILOT-2015005752	F	0	0.9451	0.9644	0.9773	0.9683	18	
PILOT-2015005752__F__gpt5.4__rep1.json	PILOT-2015005752	F	1	0.8864	0.968	0.9024	0.9266	20	
PILOT-2015005752__F__gpt5.4__rep2.json	PILOT-2015005752	F	2	0.9451	0.9644	0.9773	0.9683	18	
PILOT-2015005752__F__haiku4.5__rep0.json	PILOT-2015005752	F	0	0.7943	0.9658	0.8113	0.8794	20	
PILOT-2015005752__F__haiku4.5__rep1.json	PILOT-2015005752	F	1	0.7791	0.9658	0.8089	0.8692	20	
PILOT-2015005752__F__haiku4.5__rep2.json	PILOT-2015005752	F	2	0.88	0.9658	0.8998	0.9263	20	
PILOT-2015005752__F__sonnet4__rep0.json	PILOT-2015005752	F	0	0.9587	0.968	0.9886	0.9765	20	
PILOT-2015005752__F__sonnet4__rep1.json	PILOT-2015005752	F	1	0.9587	0.968	0.9886	0.9765	20	
PILOT-2015005752__F__sonnet4__rep2.json	PILOT-2015005752	F	2	0.9587	0.968	0.9886	0.9765	20	
PILOT-2015005752__G__gpt4o-mini__rep0.json	PILOT-2015005752	G	0	0.7978	0.925	0.8133	0.8588	4	
PILOT-2015005752__G__gpt4o-mini__rep1.json	PILOT-2015005752	G	1	0.9503	0.9571	0.9932	0.9713	7	
PILOT-2015005752__G__gpt4o-mini__rep2.json	PILOT-2015005752	G	2	0.9442	0.9571	0.987	0.968	7	
PILOT-2015005752__G__gpt5.4__rep0.json	PILOT-2015005752	G	0	0.9506	0.968	0.9796	0.9715	20	
PILOT-2015005752__G__gpt5.4__rep1.json	PILOT-2015005752	G	1	0.9288	0.96	0.9636	0.9579	16	
PILOT-2015005752__G__gpt5.4__rep2.json	PILOT-2015005752	G	2	0.8806	0.9644	0.9037	0.9279	18	
PILOT-2015005752__G__haiku4.5__rep0.json	PILOT-2015005752	G	0	0.7312	0.9658	0.7485	0.8341	20	
PILOT-2015005752__G__haiku4.5__rep1.json	PILOT-2015005752	G	1	0.8924	0.9658	0.9115	0.9348	20	
PILOT-2015005752__G__haiku4.5__rep2.json	PILOT-2015005752	G	2	0.8835	0.9658	0.9032	0.9298	20	
PILOT-2015005752__G__sonnet4__rep0.json	PILOT-2015005752	G	0	0.8963	0.968	0.9172	0.9364	20	
PILOT-2015005752__G__sonnet4__rep1.json	PILOT-2015005752	G	1	0.8949	0.968	0.9164	0.936	20	
PILOT-2015005752__G__sonnet4__rep2.json	PILOT-2015005752	G	2	0.8913	0.968	0.9134	0.9337	20	
PILOT-2015006206__F__gpt4o-mini__rep0.json	PILOT-2015006206	F	0	0.9486	0.989	0.9595	0.9723	7	
PILOT-2015006206__F__gpt4o-mini__rep1.json	PILOT-2015006206	F	1	0.7456	0.9846	0.7534	0.8511	5	
PILOT-2015006206__F__gpt4o-mini__rep2.json	PILOT-2015006206	F	2	0.976	0.989	0.987	0.9875	7	
PILOT-2015006206__F__gpt5.4__rep0.json	PILOT-2015006206	F	0	0.9626	0.9957	0.9664	0.9786	26	
PILOT-2015006206__F__gpt5.4__rep1.json	PILOT-2015006206	F	1	0.9672	1.0	0.9672	0.9808	26	
PILOT-2015006206__F__gpt5.4__rep2.json	PILOT-2015006206	F	2	0.9687	0.9957	0.9725	0.9831	26	
PILOT-2015006206__F__haiku4.5__rep0.json	PILOT-2015006206	F	0	0.7401	1.0	0.7401	0.8381	12	
PILOT-2015006206__F__haiku4.5__rep1.json	PILOT-2015006206	F	1	0.7397	1.0	0.7397	0.8386	13	
PILOT-2015006206__F__haiku4.5__rep2.json	PILOT-2015006206	F	2	0.8867	0.9957	0.8905	0.9341	26	
PILOT-2015006206__F__sonnet4__rep0.json	PILOT-2015006206	F	0	0.9795	0.9957	0.9833	0.989	26	
PILOT-2015006206__F__sonnet4__rep1.json	PILOT-2015006206	F	1	0.9795	0.9957	0.9833	0.989	26	
PILOT-2015006206__F__sonnet4__rep2.json	PILOT-2015006206	F	2	0.9795	0.9957	0.9833	0.989	26	
PILOT-2015006206__G__gpt4o-mini__rep0.json	PILOT-2015006206	G	0	None				0	no_gen
PILOT-2015006206__G__gpt4o-mini__rep1.json	PILOT-2015006206	G	1	None				0	no_gen
PILOT-2015006206__G__gpt4o-mini__rep2.json	PILOT-2015006206	G	2	0.7879	0.9846	0.7957	0.8793	5	
PILOT-2015006206__G__gpt5.4__rep0.json	PILOT-2015006206	G	0	0.9687	1.0	0.9687	0.9818	26	
PILOT-2015006206__G__gpt5.4__rep1.json	PILOT-2015006206	G	1	0.9037	0.9957	0.9075	0.9393	26	
PILOT-2015006206__G__gpt5.4__rep2.json	PILOT-2015006206	G	2	0.9806	1.0	0.9806	0.9889	26	
PILOT-2015006206__G__haiku4.5__rep0.json	PILOT-2015006206	G	0	0.8572	0.9957	0.861	0.9112	26	
PILOT-2015006206__G__haiku4.5__rep1.json	PILOT-2015006206	G	1	0.8422	0.9957	0.8461	0.9012	26	
PILOT-2015006206__G__haiku4.5__rep2.json	PILOT-2015006206	G	2	0.8763	0.9957	0.8801	0.9258	26	
PILOT-2015006206__G__sonnet4__rep0.json	PILOT-2015006206	G	0	0.9594	0.9957	0.9632	0.9778	26	
PILOT-2015006206__G__sonnet4__rep1.json	PILOT-2015006206	G	1	0.9795	0.9957	0.9833	0.989	26	
PILOT-2015006206__G__sonnet4__rep2.json	PILOT-2015006206	G	2	0.9795	0.9957	0.9833	0.989	26	
PILOT-2015006603__F__gpt4o-mini__rep0.json	PILOT-2015006603	F	0	0.9444	1.0	0.9444	0.9714	2	
PILOT-2015006603__F__gpt4o-mini__rep1.json	PILOT-2015006603	F	1	None				0	no_gen
PILOT-2015006603__F__gpt4o-mini__rep2.json	PILOT-2015006603	F	2	0.9861	1.0	0.9861	0.9929	3	
PILOT-2015006603__F__gpt5.4__rep0.json	PILOT-2015006603	F	0	0.8496	0.9974	0.8511	0.9143	17	
PILOT-2015006603__F__gpt5.4__rep1.json	PILOT-2015006603	F	1	0.8781	1.0	0.8781	0.9265	24	
PILOT-2015006603__F__gpt5.4__rep2.json	PILOT-2015006603	F	2	0.9484	1.0	0.9484	0.9713	19	
PILOT-2015006603__F__haiku4.5__rep0.json	PILOT-2015006603	F	0	0.7828	1.0	0.7828	0.8747	13	
PILOT-2015006603__F__haiku4.5__rep1.json	PILOT-2015006603	F	1	0.9828	1.0	0.9828	0.9908	33	
PILOT-2015006603__F__haiku4.5__rep2.json	PILOT-2015006603	F	2	0.9653	1.0	0.9653	0.9802	33	
PILOT-2015006603__F__sonnet4__rep0.json	PILOT-2015006603	F	0	0.8695	1.0	0.8695	0.9182	33	
PILOT-2015006603__F__sonnet4__rep1.json	PILOT-2015006603	F	1	0.7689	1.0	0.7689	0.857	13	
PILOT-2015006603__F__sonnet4__rep2.json	PILOT-2015006603	F	2	0.9158	1.0	0.9158	0.9495	33	
PILOT-2015006603__G__gpt4o-mini__rep0.json	PILOT-2015006603	G	0	None				0	no_gen
PILOT-2015006603__G__gpt4o-mini__rep1.json	PILOT-2015006603	G	1	None				0	no_gen
PILOT-2015006603__G__gpt4o-mini__rep2.json	PILOT-2015006603	G	2	None				0	no_gen
PILOT-2015006603__G__gpt5.4__rep0.json	PILOT-2015006603	G	0	0.7738	0.9093	0.8645	0.8692	14	
PILOT-2015006603__G__gpt5.4__rep1.json	PILOT-2015006603	G	1	0.9095	0.9969	0.9113	0.9481	14	
PILOT-2015006603__G__gpt5.4__rep2.json	PILOT-2015006603	G	2	0.9453	0.9977	0.9466	0.9693	19	
PILOT-2015006603__G__haiku4.5__rep0.json	PILOT-2015006603	G	0	0.9861	1.0	0.9861	0.9926	33	
PILOT-2015006603__G__haiku4.5__rep1.json	PILOT-2015006603	G	1	0.9141	1.0	0.9141	0.9514	33	
PILOT-2015006603__G__haiku4.5__rep2.json	PILOT-2015006603	G	2	0.9352	0.9978	0.9366	0.9641	33	
PILOT-2015006603__G__sonnet4__rep0.json	PILOT-2015006603	G	0	0.8545	1.0	0.8545	0.9078	33	
PILOT-2015006603__G__sonnet4__rep1.json	PILOT-2015006603	G	1	0.8607	1.0	0.8607	0.9124	33	
PILOT-2015006603__G__sonnet4__rep2.json	PILOT-2015006603	G	2	0.8703	1.0	0.8703	0.9187	33	
PILOT-2016000830__F__gpt4o-mini__rep0.json	PILOT-2016000830	F	0	None				0	no_gen
PILOT-2016000830__F__gpt4o-mini__rep1.json	PILOT-2016000830	F	1	None				0	no_gen
PILOT-2016000830__F__gpt4o-mini__rep2.json	PILOT-2016000830	F	2	None				0	no_gen
PILOT-2016000830__F__gpt5.4__rep0.json	PILOT-2016000830	F	0	0.3009	0.3075	0.3542	0.3291	3	
PILOT-2016000830__F__gpt5.4__rep1.json	PILOT-2016000830	F	1	0.0	0.0	0.0	0.0	1	
PILOT-2016000830__F__gpt5.4__rep2.json	PILOT-2016000830	F	2	0.0	0.0	0.0	0.0	1	
PILOT-2016000830__F__haiku4.5__rep0.json	PILOT-2016000830	F	0	0.3132	0.3234	0.3889	0.3515	3	
PILOT-2016000830__F__haiku4.5__rep1.json	PILOT-2016000830	F	1	0.3107	0.3234	0.375	0.3471	3	
PILOT-2016000830__F__haiku4.5__rep2.json	PILOT-2016000830	F	2	0.3107	0.3234	0.375	0.3471	3	
PILOT-2016000830__F__sonnet4__rep0.json	PILOT-2016000830	F	0	0.3561	0.381	0.3718	0.3759	3	
PILOT-2016000830__F__sonnet4__rep1.json	PILOT-2016000830	F	1	0.6795	0.6984	0.6869	0.6914	3	
PILOT-2016000830__F__sonnet4__rep2.json	PILOT-2016000830	F	2	0.3411	0.3492	0.3478	0.3485	3	
PILOT-2016000830__G__gpt4o-mini__rep0.json	PILOT-2016000830	G	0	None				0	no_gen
PILOT-2016000830__G__gpt4o-mini__rep1.json	PILOT-2016000830	G	1	None				0	no_gen
PILOT-2016000830__G__gpt4o-mini__rep2.json	PILOT-2016000830	G	2	None				0	no_gen
PILOT-2016000830__G__gpt5.4__rep0.json	PILOT-2016000830	G	0	0.0	0.0	0.0	0.0	1	
PILOT-2016000830__G__gpt5.4__rep1.json	PILOT-2016000830	G	1	0.3004	0.3234	0.345	0.3282	3	
PILOT-2016000830__G__gpt5.4__rep2.json	PILOT-2016000830	G	2	0.1911	0.2143	0.3768	0.2677	3	
PILOT-2016000830__G__haiku4.5__rep0.json	PILOT-2016000830	G	0	0.359	0.381	0.381	0.381	3	
PILOT-2016000830__G__haiku4.5__rep1.json	PILOT-2016000830	G	1	0.6899	0.7143	0.7067	0.7101	3	
PILOT-2016000830__G__haiku4.5__rep2.json	PILOT-2016000830	G	2	0.3583	0.381	0.3788	0.3798	3	
PILOT-2016000830__G__sonnet4__rep0.json	PILOT-2016000830	G	0	0.3423	0.3492	0.3529	0.3509	3	
PILOT-2016000830__G__sonnet4__rep1.json	PILOT-2016000830	G	1	0.3406	0.3492	0.3462	0.3475	3	
PILOT-2016000830__G__sonnet4__rep2.json	PILOT-2016000830	G	2	0.0227	0.0476	0.04	0.0435	2	
PILOT-2016000849__F__gpt4o-mini__rep0.json	PILOT-2016000849	F	0	None				0	no_gen
PILOT-2016000849__F__gpt4o-mini__rep1.json	PILOT-2016000849	F	1	0.7822	0.9714	0.7988	0.874	5	
PILOT-2016000849__F__gpt4o-mini__rep2.json	PILOT-2016000849	F	2	None				0	no_gen
PILOT-2016000849__F__gpt5.4__rep0.json	PILOT-2016000849	F	0	0.7393	0.9915	0.7467	0.825	40	
PILOT-2016000849__F__gpt5.4__rep1.json	PILOT-2016000849	F	1	0.8053	0.9941	0.8103	0.8699	40	
PILOT-2016000849__F__gpt5.4__rep2.json	PILOT-2016000849	F	2	0.9882	0.9907	0.9968	0.9936	40	
PILOT-2016000849__F__haiku4.5__rep0.json	PILOT-2016000849	F	0	0.9473	0.9831	0.9618	0.9716	22	
PILOT-2016000849__F__haiku4.5__rep1.json	PILOT-2016000849	F	1	0.9473	0.9831	0.9618	0.9716	22	
PILOT-2016000849__F__haiku4.5__rep2.json	PILOT-2016000849	F	2	0.9527	0.9848	0.9652	0.9742	40	
PILOT-2016000849__F__sonnet4__rep0.json	PILOT-2016000849	F	0	0.9517	0.9838	0.9651	0.9735	40	
PILOT-2016000849__F__sonnet4__rep1.json	PILOT-2016000849	F	1	0.9569	0.9848	0.9693	0.9763	40	
PILOT-2016000849__F__sonnet4__rep2.json	PILOT-2016000849	F	2	0.94	0.9838	0.9531	0.9663	40	
PILOT-2016000849__G__gpt4o-mini__rep0.json	PILOT-2016000849	G	0	None				0	no_gen
PILOT-2016000849__G__gpt4o-mini__rep1.json	PILOT-2016000849	G	1	None				0	no_gen
PILOT-2016000849__G__gpt4o-mini__rep2.json	PILOT-2016000849	G	2	None				0	no_gen
PILOT-2016000849__G__gpt5.4__rep0.json	PILOT-2016000849	G	0	0.9802	0.9907	0.9882	0.9893	40	
PILOT-2016000849__G__gpt5.4__rep1.json	PILOT-2016000849	G	1	0.9869	0.9894	0.9968	0.993	40	
PILOT-2016000849__G__gpt5.4__rep2.json	PILOT-2016000849	G	2	0.9708	0.9907	0.9779	0.9826	40	
PILOT-2016000849__G__haiku4.5__rep0.json	PILOT-2016000849	G	0	0.9289	0.9831	0.9433	0.9611	22	
PILOT-2016000849__G__haiku4.5__rep1.json	PILOT-2016000849	G	1	0.9397	0.9831	0.9542	0.9675	22	
PILOT-2016000849__G__haiku4.5__rep2.json	PILOT-2016000849	G	2	0.9289	0.9831	0.9433	0.9611	22	
PILOT-2016000849__G__sonnet4__rep0.json	PILOT-2016000849	G	0	0.9411	0.9848	0.9531	0.9668	40	
PILOT-2016000849__G__sonnet4__rep1.json	PILOT-2016000849	G	1	0.9569	0.9848	0.9693	0.9763	40	
PILOT-2016000849__G__sonnet4__rep2.json	PILOT-2016000849	G	2	0.9506	0.9848	0.963	0.9728	40	
PILOT-2016003042__F__gpt4o-mini__rep0.json	PILOT-2016003042	F	0	None				0	no_gen
PILOT-2016003042__F__gpt4o-mini__rep1.json	PILOT-2016003042	F	1	None				0	no_gen
PILOT-2016003042__F__gpt4o-mini__rep2.json	PILOT-2016003042	F	2	None				0	no_gen
PILOT-2016003042__F__gpt5.4__rep0.json	PILOT-2016003042	F	0	0.6259	0.7374	0.825	0.7494	8	
PILOT-2016003042__F__gpt5.4__rep1.json	PILOT-2016003042	F	1	0.6338	0.7478	0.8325	0.7557	8	
PILOT-2016003042__F__gpt5.4__rep2.json	PILOT-2016003042	F	2	0.6433	0.7478	0.8384	0.762	8	
PILOT-2016003042__F__haiku4.5__rep0.json	PILOT-2016003042	F	0	0.4741	0.7556	0.5578	0.6258	8	
PILOT-2016003042__F__haiku4.5__rep1.json	PILOT-2016003042	F	1	0.4703	0.7611	0.5495	0.619	8	
PILOT-2016003042__F__haiku4.5__rep2.json	PILOT-2016003042	F	2	0.5295	0.7857	0.6156	0.6759	7	
PILOT-2016003042__F__sonnet4__rep0.json	PILOT-2016003042	F	0	0.7886	0.8316	0.9066	0.8637	8	
PILOT-2016003042__F__sonnet4__rep1.json	PILOT-2016003042	F	1	0.737	0.8316	0.856	0.834	8	
PILOT-2016003042__F__sonnet4__rep2.json	PILOT-2016003042	F	2	0.7886	0.8316	0.9066	0.8637	8	
PILOT-2016003042__G__gpt4o-mini__rep0.json	PILOT-2016003042	G	0	0.7204	0.796	0.8091	0.8005	5	
PILOT-2016003042__G__gpt4o-mini__rep1.json	PILOT-2016003042	G	1	0.7857	0.8752	0.8955	0.8749	5	
PILOT-2016003042__G__gpt4o-mini__rep2.json	PILOT-2016003042	G	2	0.7001	0.8044	0.7725	0.7824	5	
PILOT-2016003042__G__gpt5.4__rep0.json	PILOT-2016003042	G	0	0.7187	0.7728	0.906	0.8097	8	
PILOT-2016003042__G__gpt5.4__rep1.json	PILOT-2016003042	G	1	0.593	0.7374	0.7941	0.7314	8	
PILOT-2016003042__G__gpt5.4__rep2.json	PILOT-2016003042	G	2	0.6805	0.7758	0.8564	0.7871	9	
PILOT-2016003042__G__haiku4.5__rep0.json	PILOT-2016003042	G	0	0.4768	0.7587	0.5756	0.6281	8	
PILOT-2016003042__G__haiku4.5__rep1.json	PILOT-2016003042	G	1	0.5122	0.7889	0.5805	0.656	9	
PILOT-2016003042__G__haiku4.5__rep2.json	PILOT-2016003042	G	2	0.4615	0.6927	0.5652	0.605	8	
PILOT-2016003042__G__sonnet4__rep0.json	PILOT-2016003042	G	0	0.7107	0.7746	0.8715	0.8007	20	
PILOT-2016003042__G__sonnet4__rep1.json	PILOT-2016003042	G	1	0.7886	0.8316	0.9066	0.8637	8	
PILOT-2016003042__G__sonnet4__rep2.json	PILOT-2016003042	G	2	0.7101	0.7478	0.9141	0.8029	8	
PILOT-2016004446__F__gpt4o-mini__rep0.json	PILOT-2016004446	F	0	0.4384	0.5792	0.5841	0.58	3	
PILOT-2016004446__F__gpt4o-mini__rep1.json	PILOT-2016004446	F	1	0.5314	0.6517	0.6612	0.6558	3	
PILOT-2016004446__F__gpt4o-mini__rep2.json	PILOT-2016004446	F	2	0.4505	0.5792	0.6149	0.5963	3	
PILOT-2016004446__F__gpt5.4__rep0.json	PILOT-2016004446	F	0	0.5562	0.6038	0.8429	0.6987	3	
PILOT-2016004446__F__gpt5.4__rep1.json	PILOT-2016004446	F	1	0.379	0.3846	0.6875	0.4793	4	
PILOT-2016004446__F__gpt5.4__rep2.json	PILOT-2016004446	F	2	0.4118	0.4395	0.6764	0.5246	4	
PILOT-2016004446__F__haiku4.5__rep0.json	PILOT-2016004446	F	0	0.3065	0.3524	0.5102	0.4018	4	
PILOT-2016004446__F__haiku4.5__rep1.json	PILOT-2016004446	F	1	0.3273	0.3978	0.4616	0.4268	4	
PILOT-2016004446__F__haiku4.5__rep2.json	PILOT-2016004446	F	2	0.3155	0.3889	0.4559	0.4191	4	
PILOT-2016004446__F__sonnet4__rep0.json	PILOT-2016004446	F	0	0.3165	0.4484	0.4034	0.4176	4	
PILOT-2016004446__F__sonnet4__rep1.json	PILOT-2016004446	F	1	0.2645	0.3561	0.3475	0.3462	4	
PILOT-2016004446__F__sonnet4__rep2.json	PILOT-2016004446	F	2	0.3125	0.4484	0.3963	0.413	4	
PILOT-2016004446__G__gpt4o-mini__rep0.json	PILOT-2016004446	G	0	0.4583	0.5732	0.6396	0.6037	3	
PILOT-2016004446__G__gpt4o-mini__rep1.json	PILOT-2016004446	G	1	0.5534	0.6828	0.6874	0.6787	3	
PILOT-2016004446__G__gpt4o-mini__rep2.json	PILOT-2016004446	G	2	0.5578	0.6828	0.6959	0.6845	3	
PILOT-2016004446__G__gpt5.4__rep0.json	PILOT-2016004446	G	0	0.379	0.3846	0.6875	0.4793	4	
PILOT-2016004446__G__gpt5.4__rep1.json	PILOT-2016004446	G	1	0.3763	0.4528	0.5144	0.4743	4	
PILOT-2016004446__G__gpt5.4__rep2.json	PILOT-2016004446	G	2	0.3589	0.3713	0.6764	0.4667	4	
PILOT-2016004446__G__haiku4.5__rep0.json	PILOT-2016004446	G	0	0.3377	0.4206	0.4591	0.4381	4	
PILOT-2016004446__G__haiku4.5__rep1.json	PILOT-2016004446	G	1	0.3273	0.3978	0.4616	0.4268	4	
PILOT-2016004446__G__haiku4.5__rep2.json	PILOT-2016004446	G	2	0.3368	0.3978	0.4894	0.4383	4	
PILOT-2016004446__G__sonnet4__rep0.json	PILOT-2016004446	G	0	0.3135	0.3757	0.4579	0.4123	4	
PILOT-2016004446__G__sonnet4__rep1.json	PILOT-2016004446	G	1	0.3256	0.3846	0.4634	0.4199	4	
PILOT-2016004446__G__sonnet4__rep2.json	PILOT-2016004446	G	2	0.2298	0.2836	0.2855	0.2751	4	
PILOT-2016005844__F__gpt4o-mini__rep0.json	PILOT-2016005844	F	0	0.7817	1.0	0.7817	0.8748	4	
PILOT-2016005844__F__gpt4o-mini__rep1.json	PILOT-2016005844	F	1	0.8797	0.9735	0.9012	0.9358	4	
PILOT-2016005844__F__gpt4o-mini__rep2.json	PILOT-2016005844	F	2	0.8006	1.0	0.8006	0.8813	4	
PILOT-2016005844__F__gpt5.4__rep0.json	PILOT-2016005844	F	0	0.8995	1.0	0.8995	0.9334	18	
PILOT-2016005844__F__gpt5.4__rep1.json	PILOT-2016005844	F	1	0.6068	1.0	0.6068	0.7543	4	
PILOT-2016005844__F__gpt5.4__rep2.json	PILOT-2016005844	F	2	0.9126	1.0	0.9126	0.9454	18	
PILOT-2016005844__F__haiku4.5__rep0.json	PILOT-2016005844	F	0	0.8	1.0	0.8	0.8634	10	
PILOT-2016005844__F__haiku4.5__rep1.json	PILOT-2016005844	F	1	0.8854	0.9915	0.8909	0.9229	18	
PILOT-2016005844__F__haiku4.5__rep2.json	PILOT-2016005844	F	2	0.8827	0.9915	0.8881	0.9201	18	
PILOT-2016005844__F__sonnet4__rep0.json	PILOT-2016005844	F	0	0.9273	0.9949	0.9323	0.957	18	
PILOT-2016005844__F__sonnet4__rep1.json	PILOT-2016005844	F	1	0.9273	0.9949	0.9323	0.957	18	
PILOT-2016005844__F__sonnet4__rep2.json	PILOT-2016005844	F	2	0.921	0.9949	0.9261	0.9528	18	
PILOT-2016005844__G__gpt4o-mini__rep0.json	PILOT-2016005844	G	0	0.8717	0.9844	0.8855	0.9304	4	
PILOT-2016005844__G__gpt4o-mini__rep1.json	PILOT-2016005844	G	1	0.9116	0.9844	0.9254	0.9535	4	
PILOT-2016005844__G__gpt4o-mini__rep2.json	PILOT-2016005844	G	2	0.6304	0.9844	0.6347	0.7699	4	
PILOT-2016005844__G__gpt5.4__rep0.json	PILOT-2016005844	G	0	0.929	1.0	0.929	0.957	18	
PILOT-2016005844__G__gpt5.4__rep1.json	PILOT-2016005844	G	1	0.8869	1.0	0.8869	0.9251	16	
PILOT-2016005844__G__gpt5.4__rep2.json	PILOT-2016005844	G	2	0.9285	1.0	0.9285	0.9572	18	
PILOT-2016005844__G__haiku4.5__rep0.json	PILOT-2016005844	G	0	0.8857	0.9949	0.8907	0.9234	18	
PILOT-2016005844__G__haiku4.5__rep1.json	PILOT-2016005844	G	1	0.7898	0.9915	0.7953	0.868	18	
PILOT-2016005844__G__haiku4.5__rep2.json	PILOT-2016005844	G	2	0.8761	0.9949	0.8811	0.9152	18	
PILOT-2016005844__G__sonnet4__rep0.json	PILOT-2016005844	G	0	0.9424	0.9949	0.9475	0.9672	18	
PILOT-2016005844__G__sonnet4__rep1.json	PILOT-2016005844	G	1	0.9057	0.9949	0.9107	0.941	18	
PILOT-2016005844__G__sonnet4__rep2.json	PILOT-2016005844	G	2	0.8968	0.9949	0.9019	0.9342	18	
PILOT-2016006702__F__gpt4o-mini__rep0.json	PILOT-2016006702	F	0	0.6516	0.7592	0.8123	0.7676	5	
PILOT-2016006702__F__gpt4o-mini__rep1.json	PILOT-2016006702	F	1	0.7312	0.7827	0.8917	0.8231	5	
PILOT-2016006702__F__gpt4o-mini__rep2.json	PILOT-2016006702	F	2	None				0	no_gen
PILOT-2016006702__F__gpt5.4__rep0.json	PILOT-2016006702	F	0	0.8839	0.9472	0.9362	0.9299	30	
PILOT-2016006702__F__gpt5.4__rep1.json	PILOT-2016006702	F	1	0.8983	0.9472	0.9502	0.9385	30	
PILOT-2016006702__F__gpt5.4__rep2.json	PILOT-2016006702	F	2	0.8861	0.9472	0.9384	0.9313	30	
PILOT-2016006702__F__haiku4.5__rep0.json	PILOT-2016006702	F	0	0.8756	0.9447	0.9279	0.9262	30	
PILOT-2016006702__F__haiku4.5__rep1.json	PILOT-2016006702	F	1	0.7347	0.9717	0.7569	0.8443	10	
PILOT-2016006702__F__haiku4.5__rep2.json	PILOT-2016006702	F	2	0.8769	0.948	0.9275	0.9277	30	
PILOT-2016006702__F__sonnet4__rep0.json	PILOT-2016006702	F	0	0.8913	0.9472	0.9441	0.9352	30	
PILOT-2016006702__F__sonnet4__rep1.json	PILOT-2016006702	F	1	0.9472	0.9472	1.0	0.9679	30	
PILOT-2016006702__F__sonnet4__rep2.json	PILOT-2016006702	F	2	0.9472	0.9472	1.0	0.9679	30	
PILOT-2016006702__G__gpt4o-mini__rep0.json	PILOT-2016006702	G	0	0.9411	0.9472	0.9939	0.9646	30	
PILOT-2016006702__G__gpt4o-mini__rep1.json	PILOT-2016006702	G	1	0.7646	0.8776	0.849	0.8557	5	
PILOT-2016006702__G__gpt4o-mini__rep2.json	PILOT-2016006702	G	2	0.6195	0.8642	0.684	0.7493	8	
PILOT-2016006702__G__gpt5.4__rep0.json	PILOT-2016006702	G	0	0.905	0.9472	0.9574	0.944	30	
PILOT-2016006702__G__gpt5.4__rep1.json	PILOT-2016006702	G	1	0.943	0.9472	0.9949	0.9655	30	
PILOT-2016006702__G__gpt5.4__rep2.json	PILOT-2016006702	G	2	0.896	0.9472	0.9483	0.9374	30	
PILOT-2016006702__G__haiku4.5__rep0.json	PILOT-2016006702	G	0	0.7152	0.948	0.7606	0.8094	30	
PILOT-2016006702__G__haiku4.5__rep1.json	PILOT-2016006702	G	1	0.8846	0.948	0.9345	0.9318	30	
PILOT-2016006702__G__haiku4.5__rep2.json	PILOT-2016006702	G	2	0.875	0.948	0.9239	0.9252	30	
PILOT-2016006702__G__sonnet4__rep0.json	PILOT-2016006702	G	0	0.9472	0.9472	1.0	0.9679	30	
PILOT-2016006702__G__sonnet4__rep1.json	PILOT-2016006702	G	1	0.9472	0.9472	1.0	0.9679	30	
PILOT-2016006702__G__sonnet4__rep2.json	PILOT-2016006702	G	2	0.9472	0.9472	1.0	0.9679	30	
PILOT-2016007603__F__gpt4o-mini__rep0.json	PILOT-2016007603	F	0	0.9773	1.0	0.9773	0.9875	12	
PILOT-2016007603__F__gpt4o-mini__rep1.json	PILOT-2016007603	F	1	0.7235	0.9167	0.7305	0.7959	4	
PILOT-2016007603__F__gpt4o-mini__rep2.json	PILOT-2016007603	F	2	0.9512	1.0	0.9512	0.9725	8	
PILOT-2016007603__F__gpt5.4__rep0.json	PILOT-2016007603	F	0	0.9649	1.0	0.9649	0.9804	12	
PILOT-2016007603__F__gpt5.4__rep1.json	PILOT-2016007603	F	1	0.9727	1.0	0.9727	0.985	12	
PILOT-2016007603__F__gpt5.4__rep2.json	PILOT-2016007603	F	2	0.9649	1.0	0.9649	0.9804	12	
PILOT-2016007603__F__haiku4.5__rep0.json	PILOT-2016007603	F	0	0.7619	1.0	0.7619	0.8437	6	
PILOT-2016007603__F__haiku4.5__rep1.json	PILOT-2016007603	F	1	0.6012	1.0	0.6012	0.7482	6	
PILOT-2016007603__F__haiku4.5__rep2.json	PILOT-2016007603	F	2	0.5683	1.0	0.5683	0.7232	6	
PILOT-2016007603__F__sonnet4__rep0.json	PILOT-2016007603	F	0	None				0	no_gen
PILOT-2016007603__F__sonnet4__rep1.json	PILOT-2016007603	F	1	None				0	no_gen
PILOT-2016007603__F__sonnet4__rep2.json	PILOT-2016007603	F	2	None				0	no_gen
PILOT-2016007603__G__gpt4o-mini__rep0.json	PILOT-2016007603	G	0	0.9388	0.9773	0.9525	0.9636	11	
PILOT-2016007603__G__gpt4o-mini__rep1.json	PILOT-2016007603	G	1	0.959	1.0	0.959	0.9775	8	
PILOT-2016007603__G__gpt4o-mini__rep2.json	PILOT-2016007603	G	2	0.9393	0.9792	0.9518	0.9642	12	
PILOT-2016007603__G__gpt5.4__rep0.json	PILOT-2016007603	G	0	0.9773	1.0	0.9773	0.9875	12	
PILOT-2016007603__G__gpt5.4__rep1.json	PILOT-2016007603	G	1	0.9727	1.0	0.9727	0.985	12	
PILOT-2016007603__G__gpt5.4__rep2.json	PILOT-2016007603	G	2	0.8816	0.9167	0.8816	0.8971	12	
PILOT-2016007603__G__haiku4.5__rep0.json	PILOT-2016007603	G	0	0.8801	1.0	0.8801	0.9244	12	
PILOT-2016007603__G__haiku4.5__rep1.json	PILOT-2016007603	G	1	0.9339	1.0	0.9339	0.9617	8	
PILOT-2016007603__G__haiku4.5__rep2.json	PILOT-2016007603	G	2	0.5563	1.0	0.5563	0.7147	2	
PILOT-2016007603__G__sonnet4__rep0.json	PILOT-2016007603	G	0	0.8975	1.0	0.8975	0.9424	12	
PILOT-2016007603__G__sonnet4__rep1.json	PILOT-2016007603	G	1	0.9616	1.0	0.9616	0.9783	12	
PILOT-2016007603__G__sonnet4__rep2.json	PILOT-2016007603	G	2	0.9616	1.0	0.9616	0.9783	12	
PILOT-2016007888__F__gpt4o-mini__rep0.json	PILOT-2016007888	F	0	0.4925	0.8077	0.5313	0.6208	6	
PILOT-2016007888__F__gpt4o-mini__rep1.json	PILOT-2016007888	F	1	0.5763	1.0	0.5763	0.7032	5	
PILOT-2016007888__F__gpt4o-mini__rep2.json	PILOT-2016007888	F	2	0.7696	0.925	0.8246	0.8636	5	
PILOT-2016007888__F__gpt5.4__rep0.json	PILOT-2016007888	F	0	0.9744	1.0	0.9744	0.9861	6	
PILOT-2016007888__F__gpt5.4__rep1.json	PILOT-2016007888	F	1	0.9744	1.0	0.9744	0.9861	6	
PILOT-2016007888__F__gpt5.4__rep2.json	PILOT-2016007888	F	2	0.9744	1.0	0.9744	0.9861	6	
PILOT-2016007888__F__haiku4.5__rep0.json	PILOT-2016007888	F	0	0.7652	0.9948	0.7684	0.8347	13	
PILOT-2016007888__F__haiku4.5__rep1.json	PILOT-2016007888	F	1	0.7442	0.9541	0.773	0.8249	13	
PILOT-2016007888__F__haiku4.5__rep2.json	PILOT-2016007888	F	2	0.7529	0.9948	0.7559	0.8258	13	
PILOT-2016007888__F__sonnet4__rep0.json	PILOT-2016007888	F	0	0.6762	1.0	0.6762	0.7915	6	
PILOT-2016007888__F__sonnet4__rep1.json	PILOT-2016007888	F	1	0.9289	1.0	0.9289	0.9598	6	
PILOT-2016007888__F__sonnet4__rep2.json	PILOT-2016007888	F	2	0.922	1.0	0.922	0.9531	6	
PILOT-2016007888__G__gpt4o-mini__rep0.json	PILOT-2016007888	G	0	0.5379	1.0	0.5379	0.667	6	
PILOT-2016007888__G__gpt4o-mini__rep1.json	PILOT-2016007888	G	1	0.5713	0.9924	0.5767	0.709	6	
PILOT-2016007888__G__gpt4o-mini__rep2.json	PILOT-2016007888	G	2	0.7702	0.9792	0.791	0.8633	6	
PILOT-2016007888__G__gpt5.4__rep0.json	PILOT-2016007888	G	0	1.0	1.0	1.0	1.0	6	
PILOT-2016007888__G__gpt5.4__rep1.json	PILOT-2016007888	G	1	0.9444	1.0	0.9444	0.9667	6	
PILOT-2016007888__G__gpt5.4__rep2.json	PILOT-2016007888	G	2	0.9744	1.0	0.9744	0.9861	6	
PILOT-2016007888__G__haiku4.5__rep0.json	PILOT-2016007888	G	0	0.8501	0.9966	0.852	0.8986	20	
PILOT-2016007888__G__haiku4.5__rep1.json	PILOT-2016007888	G	1	0.5524	0.9924	0.5577	0.6846	6	
PILOT-2016007888__G__haiku4.5__rep2.json	PILOT-2016007888	G	2	0.6504	0.9948	0.654	0.7698	13	
PILOT-2016007888__G__sonnet4__rep0.json	PILOT-2016007888	G	0	0.8849	1.0	0.8849	0.9248	20	
PILOT-2016007888__G__sonnet4__rep1.json	PILOT-2016007888	G	1	0.8619	1.0	0.8619	0.9022	20	
PILOT-2016007888__G__sonnet4__rep2.json	PILOT-2016007888	G	2	0.8781	1.0	0.8781	0.9177	20	
PILOT-2017000071__F__gpt4o-mini__rep0.json	PILOT-2017000071	F	0	0.9013	0.9253	0.97	0.9463	4	
PILOT-2017000071__F__gpt4o-mini__rep1.json	PILOT-2017000071	F	1	0.9456	0.9573	0.9857	0.9705	7	
PILOT-2017000071__F__gpt4o-mini__rep2.json	PILOT-2017000071	F	2	0.9716	0.9716	1.0	0.9848	7	
PILOT-2017000071__F__gpt5.4__rep0.json	PILOT-2017000071	F	0	0.9566	0.9716	0.9842	0.9768	7	
PILOT-2017000071__F__gpt5.4__rep1.json	PILOT-2017000071	F	1	0.8913	0.935	0.9459	0.9367	7	
PILOT-2017000071__F__gpt5.4__rep2.json	PILOT-2017000071	F	2	0.9575	0.9803	0.974	0.9768	7	
PILOT-2017000071__F__haiku4.5__rep0.json	PILOT-2017000071	F	0	0.9277	0.9573	0.9643	0.9588	7	
PILOT-2017000071__F__haiku4.5__rep1.json	PILOT-2017000071	F	1	0.9478	0.9716	0.9762	0.9718	7	
PILOT-2017000071__F__haiku4.5__rep2.json	PILOT-2017000071	F	2	0.9456	0.9573	0.9857	0.9705	7	
PILOT-2017000071__F__sonnet4__rep0.json	PILOT-2017000071	F	0	0.9382	0.9716	0.963	0.966	7	
PILOT-2017000071__F__sonnet4__rep1.json	PILOT-2017000071	F	1	0.9444	0.9603	0.9782	0.969	5	
PILOT-2017000071__F__sonnet4__rep2.json	PILOT-2017000071	F	2	0.9382	0.9716	0.963	0.966	7	
PILOT-2017000071__G__gpt4o-mini__rep0.json	PILOT-2017000071	G	0	0.9716	0.9716	1.0	0.9848	7	
PILOT-2017000071__G__gpt4o-mini__rep1.json	PILOT-2017000071	G	1	0.9456	0.9573	0.9857	0.9705	7	
PILOT-2017000071__G__gpt4o-mini__rep2.json	PILOT-2017000071	G	2	0.9716	0.9716	1.0	0.9848	7	
PILOT-2017000071__G__gpt5.4__rep0.json	PILOT-2017000071	G	0	0.9399	0.9778	0.9573	0.9669	7	
PILOT-2017000071__G__gpt5.4__rep1.json	PILOT-2017000071	G	1	0.9371	0.9778	0.9562	0.9646	7	
PILOT-2017000071__G__gpt5.4__rep2.json	PILOT-2017000071	G	2	0.9553	0.9778	0.9738	0.9753	7	
PILOT-2017000071__G__haiku4.5__rep0.json	PILOT-2017000071	G	0	0.892	0.9454	0.9388	0.9406	7	
PILOT-2017000071__G__haiku4.5__rep1.json	PILOT-2017000071	G	1	0.9586	0.9716	0.987	0.978	7	
PILOT-2017000071__G__haiku4.5__rep2.json	PILOT-2017000071	G	2	0.9586	0.9716	0.987	0.978	7	
PILOT-2017000071__G__sonnet4__rep0.json	PILOT-2017000071	G	0	0.9291	0.9716	0.9538	0.9603	7	
PILOT-2017000071__G__sonnet4__rep1.json	PILOT-2017000071	G	1	0.9291	0.9716	0.9538	0.9603	7	
PILOT-2017000071__G__sonnet4__rep2.json	PILOT-2017000071	G	2	0.9236	0.9573	0.9587	0.9564	7	
PILOT-2017000093__F__gpt4o-mini__rep0.json	PILOT-2017000093	F	0	0.8296	0.9733	0.8505	0.9046	8	
PILOT-2017000093__F__gpt4o-mini__rep1.json	PILOT-2017000093	F	1	0.7798	0.9472	0.8235	0.8646	6	
PILOT-2017000093__F__gpt4o-mini__rep2.json	PILOT-2017000093	F	2	0.8316	0.9412	0.8845	0.9059	5	
PILOT-2017000093__F__gpt5.4__rep0.json	PILOT-2017000093	F	0	0.9478	0.9811	0.9612	0.9703	21	
PILOT-2017000093__F__gpt5.4__rep1.json	PILOT-2017000093	F	1	0.9522	0.9787	0.9702	0.9731	21	
PILOT-2017000093__F__gpt5.4__rep2.json	PILOT-2017000093	F	2	0.949	0.9787	0.9648	0.9711	21	
PILOT-2017000093__F__haiku4.5__rep0.json	PILOT-2017000093	F	0	0.7634	0.9811	0.7728	0.8538	21	
PILOT-2017000093__F__haiku4.5__rep1.json	PILOT-2017000093	F	1	0.7707	0.9811	0.7815	0.8528	21	
PILOT-2017000093__F__haiku4.5__rep2.json	PILOT-2017000093	F	2	0.7927	0.9811	0.8044	0.875	21	
PILOT-2017000093__F__sonnet4__rep0.json	PILOT-2017000093	F	0	0.8639	0.9463	0.9019	0.9224	19	
PILOT-2017000093__F__sonnet4__rep1.json	PILOT-2017000093	F	1	0.8816	0.97	0.9019	0.9319	21	
PILOT-2017000093__F__sonnet4__rep2.json	PILOT-2017000093	F	2	0.93	0.9811	0.9419	0.9598	21	
PILOT-2017000093__G__gpt4o-mini__rep0.json	PILOT-2017000093	G	0	0.8246	0.9533	0.8679	0.8994	5	
PILOT-2017000093__G__gpt4o-mini__rep1.json	PILOT-2017000093	G	1	0.782	0.9015	0.8623	0.875	9	
PILOT-2017000093__G__gpt4o-mini__rep2.json	PILOT-2017000093	G	2	0.8576	0.9811	0.8749	0.9158	21	
PILOT-2017000093__G__gpt5.4__rep0.json	PILOT-2017000093	G	0	0.9086	0.9787	0.9228	0.9479	21	
PILOT-2017000093__G__gpt5.4__rep1.json	PILOT-2017000093	G	1	0.8636	0.9763	0.8777	0.9184	21	
PILOT-2017000093__G__gpt5.4__rep2.json	PILOT-2017000093	G	2	0.907	0.943	0.9572	0.9385	21	
PILOT-2017000093__G__haiku4.5__rep0.json	PILOT-2017000093	G	0	0.7211	0.9811	0.7328	0.8327	21	
PILOT-2017000093__G__haiku4.5__rep1.json	PILOT-2017000093	G	1	0.8049	0.9811	0.8156	0.884	21	
PILOT-2017000093__G__haiku4.5__rep2.json	PILOT-2017000093	G	2	0.8764	0.9811	0.8872	0.9251	21	
PILOT-2017000093__G__sonnet4__rep0.json	PILOT-2017000093	G	0	0.8268	0.9464	0.864	0.8972	20	
PILOT-2017000093__G__sonnet4__rep1.json	PILOT-2017000093	G	1	0.885	0.9538	0.9177	0.9343	21	
PILOT-2017000093__G__sonnet4__rep2.json	PILOT-2017000093	G	2	0.896	0.9811	0.9063	0.939	21	
PILOT-2017001422__F__gpt4o-mini__rep0.json	PILOT-2017001422	F	0	0.6628	1.0	0.6628	0.7845	6	
PILOT-2017001422__F__gpt4o-mini__rep1.json	PILOT-2017001422	F	1	0.7466	0.9444	0.7601	0.838	6	
PILOT-2017001422__F__gpt4o-mini__rep2.json	PILOT-2017001422	F	2	0.7834	0.9909	0.7898	0.8749	5	
PILOT-2017001422__F__gpt5.4__rep0.json	PILOT-2017001422	F	0	0.931	0.9566	0.9696	0.9624	8	
PILOT-2017001422__F__gpt5.4__rep1.json	PILOT-2017001422	F	1	0.9677	0.9844	0.9833	0.9827	8	
PILOT-2017001422__F__gpt5.4__rep2.json	PILOT-2017001422	F	2	0.9247	0.9566	0.9625	0.9584	8	
PILOT-2017001422__F__haiku4.5__rep0.json	PILOT-2017001422	F	0	0.7698	0.9719	0.7915	0.8647	8	
PILOT-2017001422__F__haiku4.5__rep1.json	PILOT-2017001422	F	1	0.8567	0.9844	0.8723	0.9206	8	
PILOT-2017001422__F__haiku4.5__rep2.json	PILOT-2017001422	F	2	0.8574	0.9821	0.8731	0.9209	7	
PILOT-2017001422__F__sonnet4__rep0.json	PILOT-2017001422	F	0	0.8085	0.9527	0.8492	0.8935	8	
PILOT-2017001422__F__sonnet4__rep1.json	PILOT-2017001422	F	1	0.7943	0.9566	0.8306	0.8837	8	
PILOT-2017001422__F__sonnet4__rep2.json	PILOT-2017001422	F	2	0.8078	0.9647	0.837	0.8929	7	
PILOT-2017001422__G__gpt4o-mini__rep0.json	PILOT-2017001422	G	0	0.6955	1.0	0.6955	0.8174	6	
PILOT-2017001422__G__gpt4o-mini__rep1.json	PILOT-2017001422	G	1	0.6705	1.0	0.6705	0.7916	6	
PILOT-2017001422__G__gpt4o-mini__rep2.json	PILOT-2017001422	G	2	0.808	1.0	0.808	0.8893	6	
PILOT-2017001422__G__gpt5.4__rep0.json	PILOT-2017001422	G	0	0.8859	0.9484	0.9375	0.9359	8	
PILOT-2017001422__G__gpt5.4__rep1.json	PILOT-2017001422	G	1	0.9719	0.9821	0.9898	0.9852	7	
PILOT-2017001422__G__gpt5.4__rep2.json	PILOT-2017001422	G	2	0.7315	0.9106	0.8161	0.84	8	
PILOT-2017001422__G__haiku4.5__rep0.json	PILOT-2017001422	G	0	0.8379	0.9777	0.8602	0.9105	7	
PILOT-2017001422__G__haiku4.5__rep1.json	PILOT-2017001422	G	1	0.4949	0.5952	0.5092	0.5469	7	
PILOT-2017001422__G__haiku4.5__rep2.json	PILOT-2017001422	G	2	0.7017	0.9821	0.714	0.8108	7	
PILOT-2017001422__G__sonnet4__rep0.json	PILOT-2017001422	G	0	0.7212	0.9566	0.755	0.8316	8	
PILOT-2017001422__G__sonnet4__rep1.json	PILOT-2017001422	G	1	0.8078	0.9647	0.837	0.8929	7	
PILOT-2017001422__G__sonnet4__rep2.json	PILOT-2017001422	G	2	0.5996	0.9647	0.6239	0.7322	7	
PILOT-2017002001__F__gpt4o-mini__rep0.json	PILOT-2017002001	F	0	0.5216	0.96	0.5239	0.659	5	
PILOT-2017002001__F__gpt4o-mini__rep1.json	PILOT-2017002001	F	1	0.7	0.775	0.875	0.8195	2	
PILOT-2017002001__F__gpt4o-mini__rep2.json	PILOT-2017002001	F	2	None				0	no_gen
PILOT-2017002001__F__gpt5.4__rep0.json	PILOT-2017002001	F	0	0.8536	0.975	0.8786	0.9097	18	
PILOT-2017002001__F__gpt5.4__rep1.json	PILOT-2017002001	F	1	0.9617	0.9763	0.9854	0.9785	19	
PILOT-2017002001__F__gpt5.4__rep2.json	PILOT-2017002001	F	2	0.9596	0.975	0.9846	0.9773	18	
PILOT-2017002001__F__haiku4.5__rep0.json	PILOT-2017002001	F	0	0.7414	0.8992	0.7813	0.8239	11	
PILOT-2017002001__F__haiku4.5__rep1.json	PILOT-2017002001	F	1	0.7841	0.9221	0.8461	0.8711	13	
PILOT-2017002001__F__haiku4.5__rep2.json	PILOT-2017002001	F	2	0.8915	0.9646	0.9256	0.9364	18	
PILOT-2017002001__F__sonnet4__rep0.json	PILOT-2017002001	F	0	0.8659	0.9664	0.8972	0.9163	19	
PILOT-2017002001__F__sonnet4__rep1.json	PILOT-2017002001	F	1	0.8941	0.9664	0.9264	0.9385	19	
PILOT-2017002001__F__sonnet4__rep2.json	PILOT-2017002001	F	2	0.7915	0.9533	0.833	0.8764	19	
PILOT-2017002001__G__gpt4o-mini__rep0.json	PILOT-2017002001	G	0	0.8167	1.0	0.8167	0.899	2	
PILOT-2017002001__G__gpt4o-mini__rep1.json	PILOT-2017002001	G	1	0.7916	0.875	0.9166	0.8831	2	
PILOT-2017002001__G__gpt4o-mini__rep2.json	PILOT-2017002001	G	2	0.9166	1.0	0.9166	0.9546	2	
PILOT-2017002001__G__gpt5.4__rep0.json	PILOT-2017002001	G	0	0.9449	0.9664	0.9785	0.9691	19	
PILOT-2017002001__G__gpt5.4__rep1.json	PILOT-2017002001	G	1	0.9793	0.9901	0.9879	0.9886	19	
PILOT-2017002001__G__gpt5.4__rep2.json	PILOT-2017002001	G	2	0.8546	0.975	0.8796	0.913	18	
PILOT-2017002001__G__haiku4.5__rep0.json	PILOT-2017002001	G	0	0.8036	0.9138	0.8754	0.8862	13	
PILOT-2017002001__G__haiku4.5__rep1.json	PILOT-2017002001	G	1	0.8497	0.9646	0.8851	0.9077	18	
PILOT-2017002001__G__haiku4.5__rep2.json	PILOT-2017002001	G	2	0.7936	0.9313	0.8348	0.8672	12	
PILOT-2017002001__G__sonnet4__rep0.json	PILOT-2017002001	G	0	0.9587	0.9664	0.9922	0.977	19	
PILOT-2017002001__G__sonnet4__rep1.json	PILOT-2017002001	G	1	0.9587	0.9664	0.9922	0.977	19	
PILOT-2017002001__G__sonnet4__rep2.json	PILOT-2017002001	G	2	0.4932	0.5026	0.5169	0.5078	19	
PILOT-2017002029__F__gpt4o-mini__rep0.json	PILOT-2017002029	F	0	0.7275	0.905	0.7758	0.8347	4	
PILOT-2017002029__F__gpt4o-mini__rep1.json	PILOT-2017002029	F	1	0.6827	0.7812	0.8181	0.7733	4	
PILOT-2017002029__F__gpt4o-mini__rep2.json	PILOT-2017002029	F	2	0.8555	0.9821	0.8694	0.9116	7	
PILOT-2017002029__F__gpt5.4__rep0.json	PILOT-2017002029	F	0	0.8675	0.8767	0.9908	0.9063	28	
PILOT-2017002029__F__gpt5.4__rep1.json	PILOT-2017002029	F	1	0.8533	0.8767	0.9766	0.8974	28	
PILOT-2017002029__F__gpt5.4__rep2.json	PILOT-2017002029	F	2	0.8603	0.8767	0.9836	0.9019	28	
PILOT-2017002029__F__haiku4.5__rep0.json	PILOT-2017002029	F	0	0.6815	0.8767	0.7261	0.772	28	
PILOT-2017002029__F__haiku4.5__rep1.json	PILOT-2017002029	F	1	0.7533	0.8767	0.8148	0.8255	28	
PILOT-2017002029__F__haiku4.5__rep2.json	PILOT-2017002029	F	2	0.5766	0.8767	0.6214	0.7011	28	
PILOT-2017002029__F__sonnet4__rep0.json	PILOT-2017002029	F	0	0.6656	0.8767	0.7428	0.7596	28	
PILOT-2017002029__F__sonnet4__rep1.json	PILOT-2017002029	F	1	0.8314	0.8672	0.9642	0.8825	26	
PILOT-2017002029__F__sonnet4__rep2.json	PILOT-2017002029	F	2	0.8539	0.8767	0.9772	0.8987	28	
PILOT-2017002029__G__gpt4o-mini__rep0.json	PILOT-2017002029	G	0	0.5214	0.8528	0.5705	0.6617	10	
PILOT-2017002029__G__gpt4o-mini__rep1.json	PILOT-2017002029	G	1	0.4687	0.6651	0.5628	0.5839	9	
PILOT-2017002029__G__gpt4o-mini__rep2.json	PILOT-2017002029	G	2	0.598	0.7833	0.7576	0.708	5	
PILOT-2017002029__G__gpt5.4__rep0.json	PILOT-2017002029	G	0	0.8545	0.8767	0.96	0.8961	28	
PILOT-2017002029__G__gpt5.4__rep1.json	PILOT-2017002029	G	1	0.8529	0.8767	0.9584	0.8952	28	
PILOT-2017002029__G__gpt5.4__rep2.json	PILOT-2017002029	G	2	0.8351	0.8619	0.9657	0.8843	25	
PILOT-2017002029__G__haiku4.5__rep0.json	PILOT-2017002029	G	0	0.7591	0.8767	0.8326	0.8284	28	
PILOT-2017002029__G__haiku4.5__rep1.json	PILOT-2017002029	G	1	0.6803	0.8767	0.7521	0.7819	28	
PILOT-2017002029__G__haiku4.5__rep2.json	PILOT-2017002029	G	2	0.7701	0.8767	0.8618	0.8378	28	
PILOT-2017002029__G__sonnet4__rep0.json	PILOT-2017002029	G	0	0.8613	0.8767	0.9846	0.9028	28	
PILOT-2017002029__G__sonnet4__rep1.json	PILOT-2017002029	G	1	0.8644	0.8767	0.9877	0.9045	28	
PILOT-2017002029__G__sonnet4__rep2.json	PILOT-2017002029	G	2	0.8628	0.8767	0.9861	0.9036	28	
PILOT-2017003676__F__gpt4o-mini__rep0.json	PILOT-2017003676	F	0	0.6565	0.9363	0.6873	0.7722	19	
PILOT-2017003676__F__gpt4o-mini__rep1.json	PILOT-2017003676	F	1	0.7432	0.9375	0.7611	0.8304	4	
PILOT-2017003676__F__gpt4o-mini__rep2.json	PILOT-2017003676	F	2	0.6564	0.9167	0.6849	0.7809	7	
PILOT-2017003676__F__gpt5.4__rep0.json	PILOT-2017003676	F	0	0.922	0.9368	0.9804	0.9539	17	
PILOT-2017003676__F__gpt5.4__rep1.json	PILOT-2017003676	F	1	0.8183	0.9506	0.8529	0.8862	16	
PILOT-2017003676__F__gpt5.4__rep2.json	PILOT-2017003676	F	2	0.8519	0.9146	0.9123	0.8905	19	
PILOT-2017003676__F__haiku4.5__rep0.json	PILOT-2017003676	F	0	0.5822	0.9584	0.6027	0.7176	19	
PILOT-2017003676__F__haiku4.5__rep1.json	PILOT-2017003676	F	1	0.541	0.9584	0.5548	0.6774	19	
PILOT-2017003676__F__haiku4.5__rep2.json	PILOT-2017003676	F	2	0.5892	0.9584	0.6065	0.7214	19	
PILOT-2017003676__F__sonnet4__rep0.json	PILOT-2017003676	F	0	0.784	0.9584	0.8073	0.8587	19	
PILOT-2017003676__F__sonnet4__rep1.json	PILOT-2017003676	F	1	0.8415	0.9497	0.883	0.9036	19	
PILOT-2017003676__F__sonnet4__rep2.json	PILOT-2017003676	F	2	0.845	0.9584	0.8866	0.9043	19	
PILOT-2017003676__G__gpt4o-mini__rep0.json	PILOT-2017003676	G	0	0.5936	1.0	0.5936	0.7296	6	
PILOT-2017003676__G__gpt4o-mini__rep1.json	PILOT-2017003676	G	1	0.5576	0.8479	0.6302	0.7048	7	
PILOT-2017003676__G__gpt4o-mini__rep2.json	PILOT-2017003676	G	2	0.5962	0.9101	0.6241	0.7347	9	
PILOT-2017003676__G__gpt5.4__rep0.json	PILOT-2017003676	G	0	0.6882	0.9466	0.7192	0.8031	17	
PILOT-2017003676__G__gpt5.4__rep1.json	PILOT-2017003676	G	1	0.8299	0.9433	0.8688	0.8942	16	
PILOT-2017003676__G__gpt5.4__rep2.json	PILOT-2017003676	G	2	0.8572	0.9522	0.8834	0.9075	19	
PILOT-2017003676__G__haiku4.5__rep0.json	PILOT-2017003676	G	0	0.58	0.9584	0.6	0.7082	19	
PILOT-2017003676__G__haiku4.5__rep1.json	PILOT-2017003676	G	1	0.5858	0.9526	0.6111	0.7212	19	
PILOT-2017003676__G__haiku4.5__rep2.json	PILOT-2017003676	G	2	0.5696	0.9223	0.6043	0.7073	19	
PILOT-2017003676__G__sonnet4__rep0.json	PILOT-2017003676	G	0	0.8373	0.9234	0.8909	0.8959	19	
PILOT-2017003676__G__sonnet4__rep1.json	PILOT-2017003676	G	1	0.8045	0.9014	0.8649	0.8722	19	
PILOT-2017003676__G__sonnet4__rep2.json	PILOT-2017003676	G	2	0.8239	0.9234	0.8743	0.8878	19	
PILOT-2017004144__F__gpt4o-mini__rep0.json	PILOT-2017004144	F	0	0.5634	0.8179	0.619	0.6897	7	
PILOT-2017004144__F__gpt4o-mini__rep1.json	PILOT-2017004144	F	1	0.6424	0.8217	0.7252	0.769	7	
PILOT-2017004144__F__gpt4o-mini__rep2.json	PILOT-2017004144	F	2	0.7114	0.8245	0.8182	0.8076	7	
PILOT-2017004144__F__gpt5.4__rep0.json	PILOT-2017004144	F	0	0.5183	0.8295	0.5632	0.655	7	
PILOT-2017004144__F__gpt5.4__rep1.json	PILOT-2017004144	F	1	0.4156	0.8295	0.4345	0.5403	7	
PILOT-2017004144__F__gpt5.4__rep2.json	PILOT-2017004144	F	2	0.4725	0.8295	0.4991	0.6018	7	
PILOT-2017004144__F__haiku4.5__rep0.json	PILOT-2017004144	F	0	0.8205	0.8658	0.9373	0.8914	30	
PILOT-2017004144__F__haiku4.5__rep1.json	PILOT-2017004144	F	1	0.6927	0.859	0.7435	0.7921	5	
PILOT-2017004144__F__haiku4.5__rep2.json	PILOT-2017004144	F	2	0.7732	0.9587	0.7983	0.8707	4	
PILOT-2017004144__F__sonnet4__rep0.json	PILOT-2017004144	F	0	0.7681	0.8295	0.9127	0.8628	7	
PILOT-2017004144__F__sonnet4__rep1.json	PILOT-2017004144	F	1	0.7276	0.8295	0.8611	0.8357	7	
PILOT-2017004144__F__sonnet4__rep2.json	PILOT-2017004144	F	2	0.7681	0.8295	0.9127	0.8628	7	
PILOT-2017004144__G__gpt4o-mini__rep0.json	PILOT-2017004144	G	0	0.6603	0.8021	0.7333	0.7616	3	
PILOT-2017004144__G__gpt4o-mini__rep1.json	PILOT-2017004144	G	1	0.4928	0.801	0.5474	0.6272	6	
PILOT-2017004144__G__gpt4o-mini__rep2.json	PILOT-2017004144	G	2	0.6868	0.8295	0.7754	0.7922	7	
PILOT-2017004144__G__gpt5.4__rep0.json	PILOT-2017004144	G	0	0.7275	0.8295	0.8334	0.8123	7	
PILOT-2017004144__G__gpt5.4__rep1.json	PILOT-2017004144	G	1	0.6468	0.8295	0.7299	0.7562	7	
PILOT-2017004144__G__gpt5.4__rep2.json	PILOT-2017004144	G	2	0.6468	0.8295	0.7299	0.7562	7	
PILOT-2017004144__G__haiku4.5__rep0.json	PILOT-2017004144	G	0	0.8226	0.8682	0.9343	0.8911	26	
PILOT-2017004144__G__haiku4.5__rep1.json	PILOT-2017004144	G	1	0.8226	0.8682	0.9343	0.8911	26	
PILOT-2017004144__G__haiku4.5__rep2.json	PILOT-2017004144	G	2	0.8205	0.8658	0.9373	0.8914	30	
PILOT-2017004144__G__sonnet4__rep0.json	PILOT-2017004144	G	0	0.6859	0.8295	0.7857	0.7797	7	
PILOT-2017004144__G__sonnet4__rep1.json	PILOT-2017004144	G	1	0.8398	0.8691	0.9613	0.909	30	
PILOT-2017004144__G__sonnet4__rep2.json	PILOT-2017004144	G	2	0.6845	0.8256	0.7887	0.779	7	
PILOT-2017004286__F__gpt4o-mini__rep0.json	PILOT-2017004286	F	0	0.9408	0.9917	0.9482	0.9692	4	
PILOT-2017004286__F__gpt4o-mini__rep1.json	PILOT-2017004286	F	1	0.8727	0.8727	1.0	0.9244	4	
PILOT-2017004286__F__gpt4o-mini__rep2.json	PILOT-2017004286	F	2	0.8513	0.9413	0.8975	0.9187	4	
PILOT-2017004286__F__gpt5.4__rep0.json	PILOT-2017004286	F	0	0.8618	0.9923	0.8692	0.9191	26	
PILOT-2017004286__F__gpt5.4__rep1.json	PILOT-2017004286	F	1	0.9373	0.9911	0.9459	0.9662	14	
PILOT-2017004286__F__gpt5.4__rep2.json	PILOT-2017004286	F	2	0.8058	0.9904	0.8139	0.8859	21	
PILOT-2017004286__F__haiku4.5__rep0.json	PILOT-2017004286	F	0	0.9364	0.9842	0.9474	0.9634	26	
PILOT-2017004286__F__haiku4.5__rep1.json	PILOT-2017004286	F	1	0.8713	0.9829	0.8832	0.9248	26	
PILOT-2017004286__F__haiku4.5__rep2.json	PILOT-2017004286	F	2	0.8051	0.9769	0.8155	0.8832	26	
PILOT-2017004286__F__sonnet4__rep0.json	PILOT-2017004286	F	0	0.9647	0.9872	0.9735	0.979	26	
PILOT-2017004286__F__sonnet4__rep1.json	PILOT-2017004286	F	1	0.9765	0.9872	0.9852	0.9859	26	
PILOT-2017004286__F__sonnet4__rep2.json	PILOT-2017004286	F	2	0.9535	0.9709	0.9764	0.973	26	
PILOT-2017004286__G__gpt4o-mini__rep0.json	PILOT-2017004286	G	0	0.9278	0.9475	0.9741	0.9604	4	
PILOT-2017004286__G__gpt4o-mini__rep1.json	PILOT-2017004286	G	1	0.6802	0.9147	0.7264	0.8037	4	
PILOT-2017004286__G__gpt4o-mini__rep2.json	PILOT-2017004286	G	2	0.8938	0.9626	0.9239	0.9426	5	
PILOT-2017004286__G__gpt5.4__rep0.json	PILOT-2017004286	G	0	0.9771	0.9952	0.9819	0.9881	26	
PILOT-2017004286__G__gpt5.4__rep1.json	PILOT-2017004286	G	1	0.9442	0.9872	0.953	0.9685	26	
PILOT-2017004286__G__gpt5.4__rep2.json	PILOT-2017004286	G	2	0.9722	1.0	0.9722	0.9849	26	
PILOT-2017004286__G__haiku4.5__rep0.json	PILOT-2017004286	G	0	0.8303	0.9859	0.8363	0.9001	26	
PILOT-2017004286__G__haiku4.5__rep1.json	PILOT-2017004286	G	1	0.8361	0.9777	0.8487	0.9026	22	
PILOT-2017004286__G__haiku4.5__rep2.json	PILOT-2017004286	G	2	0.8118	0.9846	0.8189	0.8885	26	
PILOT-2017004286__G__sonnet4__rep0.json	PILOT-2017004286	G	0	0.968	0.9872	0.9768	0.9813	26	
PILOT-2017004286__G__sonnet4__rep1.json	PILOT-2017004286	G	1	0.9702	0.9872	0.979	0.9825	26	
PILOT-2017004286__G__sonnet4__rep2.json	PILOT-2017004286	G	2	0.9702	0.9872	0.979	0.9825	26	
PILOT-2017005259__F__gpt4o-mini__rep0.json	PILOT-2017005259	F	0	1.0	1.0	1.0	1.0	8	
PILOT-2017005259__F__gpt4o-mini__rep1.json	PILOT-2017005259	F	1	0.9333	1.0	0.9333	0.963	3	
PILOT-2017005259__F__gpt4o-mini__rep2.json	PILOT-2017005259	F	2	0.7552	1.0	0.7552	0.852	4	
PILOT-2017005259__F__gpt5.4__rep0.json	PILOT-2017005259	F	0	0.9425	1.0	0.9425	0.9668	14	
PILOT-2017005259__F__gpt5.4__rep1.json	PILOT-2017005259	F	1	0.9625	1.0	0.9625	0.9788	12	
PILOT-2017005259__F__gpt5.4__rep2.json	PILOT-2017005259	F	2	0.962	1.0	0.962	0.978	14	
PILOT-2017005259__F__haiku4.5__rep0.json	PILOT-2017005259	F	0	0.8164	1.0	0.8164	0.8818	14	
PILOT-2017005259__F__haiku4.5__rep1.json	PILOT-2017005259	F	1	0.8116	1.0	0.8116	0.8759	14	
PILOT-2017005259__F__haiku4.5__rep2.json	PILOT-2017005259	F	2	0.8411	1.0	0.8411	0.9015	14	
PILOT-2017005259__F__sonnet4__rep0.json	PILOT-2017005259	F	0	0.9037	1.0	0.9037	0.9434	14	
PILOT-2017005259__F__sonnet4__rep1.json	PILOT-2017005259	F	1	0.9037	1.0	0.9037	0.9434	14	
PILOT-2017005259__F__sonnet4__rep2.json	PILOT-2017005259	F	2	0.9277	1.0	0.9277	0.9603	14	
PILOT-2017005259__G__gpt4o-mini__rep0.json	PILOT-2017005259	G	0	0.9039	0.9818	0.9176	0.9468	8	
PILOT-2017005259__G__gpt4o-mini__rep1.json	PILOT-2017005259	G	1	1.0	1.0	1.0	1.0	2	
PILOT-2017005259__G__gpt4o-mini__rep2.json	PILOT-2017005259	G	2	1.0	1.0	1.0	1.0	3	
PILOT-2017005259__G__gpt5.4__rep0.json	PILOT-2017005259	G	0	0.9679	1.0	0.9679	0.9819	14	
PILOT-2017005259__G__gpt5.4__rep1.json	PILOT-2017005259	G	1	0.9484	1.0	0.9484	0.9706	14	
PILOT-2017005259__G__gpt5.4__rep2.json	PILOT-2017005259	G	2	0.9679	1.0	0.9679	0.9819	14	
PILOT-2017005259__G__haiku4.5__rep0.json	PILOT-2017005259	G	0	0.7685	1.0	0.7685	0.8534	14	
PILOT-2017005259__G__haiku4.5__rep1.json	PILOT-2017005259	G	1	0.7663	1.0	0.7663	0.8517	14	
PILOT-2017005259__G__haiku4.5__rep2.json	PILOT-2017005259	G	2	0.7123	1.0	0.7123	0.8177	14	
PILOT-2017005259__G__sonnet4__rep0.json	PILOT-2017005259	G	0	0.7483	1.0	0.7483	0.8399	14	
PILOT-2017005259__G__sonnet4__rep1.json	PILOT-2017005259	G	1	0.869	1.0	0.869	0.9189	14	
PILOT-2017005259__G__sonnet4__rep2.json	PILOT-2017005259	G	2	0.7164	1.0	0.7164	0.8223	14	
PILOT-2017005493__F__gpt4o-mini__rep0.json	PILOT-2017005493	F	0	0.8352	0.9901	0.8397	0.8949	20	
PILOT-2017005493__F__gpt4o-mini__rep1.json	PILOT-2017005493	F	1	0.8526	0.9889	0.8607	0.9171	5	
PILOT-2017005493__F__gpt4o-mini__rep2.json	PILOT-2017005493	F	2	0.6371	0.993	0.6416	0.7626	8	
PILOT-2017005493__F__gpt5.4__rep0.json	PILOT-2017005493	F	0	0.7512	0.9972	0.7526	0.8372	20	
PILOT-2017005493__F__gpt5.4__rep1.json	PILOT-2017005493	F	1	0.8435	0.9851	0.851	0.8998	20	
PILOT-2017005493__F__gpt5.4__rep2.json	PILOT-2017005493	F	2	0.8388	0.9901	0.8451	0.9036	20	
PILOT-2017005493__F__haiku4.5__rep0.json	PILOT-2017005493	F	0	0.5727	0.9835	0.5796	0.7156	12	
PILOT-2017005493__F__haiku4.5__rep1.json	PILOT-2017005493	F	1	0.7843	0.9901	0.7882	0.8631	20	
PILOT-2017005493__F__haiku4.5__rep2.json	PILOT-2017005493	F	2	0.7094	0.9901	0.715	0.8152	20	
PILOT-2017005493__F__sonnet4__rep0.json	PILOT-2017005493	F	0	0.874	0.9972	0.8761	0.9189	20	
PILOT-2017005493__F__sonnet4__rep1.json	PILOT-2017005493	F	1	0.9416	0.9901	0.9482	0.9665	20	
PILOT-2017005493__F__sonnet4__rep2.json	PILOT-2017005493	F	2	0.5621	0.6901	0.5695	0.6112	20	
PILOT-2017005493__G__gpt4o-mini__rep0.json	PILOT-2017005493	G	0	0.7917	0.9491	0.8158	0.8595	6	
PILOT-2017005493__G__gpt4o-mini__rep1.json	PILOT-2017005493	G	1	0.6323	0.8509	0.6906	0.7462	20	
PILOT-2017005493__G__gpt4o-mini__rep2.json	PILOT-2017005493	G	2	0.6336	0.9368	0.6616	0.7619	8	
PILOT-2017005493__G__gpt5.4__rep0.json	PILOT-2017005493	G	0	0.8658	0.9972	0.8672	0.9158	20	
PILOT-2017005493__G__gpt5.4__rep1.json	PILOT-2017005493	G	1	0.8564	0.9972	0.8581	0.9141	20	
PILOT-2017005493__G__gpt5.4__rep2.json	PILOT-2017005493	G	2	0.7329	1.0	0.7329	0.8337	20	
PILOT-2017005493__G__haiku4.5__rep0.json	PILOT-2017005493	G	0	0.6403	0.9829	0.6471	0.7711	20	
PILOT-2017005493__G__haiku4.5__rep1.json	PILOT-2017005493	G	1	0.7683	0.9879	0.7737	0.8507	20	
PILOT-2017005493__G__haiku4.5__rep2.json	PILOT-2017005493	G	2	0.6395	0.9901	0.6439	0.7698	20	
PILOT-2017005493__G__sonnet4__rep0.json	PILOT-2017005493	G	0	0.9459	0.9901	0.9528	0.9695	20	
PILOT-2017005493__G__sonnet4__rep1.json	PILOT-2017005493	G	1	0.9459	0.9901	0.9528	0.9695	20	
PILOT-2017005493__G__sonnet4__rep2.json	PILOT-2017005493	G	2	0.9459	0.9901	0.9528	0.9695	20	
PILOT-2017006188__F__gpt4o-mini__rep0.json	PILOT-2017006188	F	0	None				0	no_gen
PILOT-2017006188__F__gpt4o-mini__rep1.json	PILOT-2017006188	F	1	None				0	no_gen
PILOT-2017006188__F__gpt4o-mini__rep2.json	PILOT-2017006188	F	2	None				0	no_gen
PILOT-2017006188__F__gpt5.4__rep0.json	PILOT-2017006188	F	0	0.8793	0.9792	0.8933	0.924	17	
PILOT-2017006188__F__gpt5.4__rep1.json	PILOT-2017006188	F	1	0.78	0.9823	0.7883	0.8567	17	
PILOT-2017006188__F__gpt5.4__rep2.json	PILOT-2017006188	F	2	0.7544	0.9619	0.7889	0.8347	23	
PILOT-2017006188__F__haiku4.5__rep0.json	PILOT-2017006188	F	0	None				0	no_gen
PILOT-2017006188__F__haiku4.5__rep1.json	PILOT-2017006188	F	1	None				0	no_gen
PILOT-2017006188__F__haiku4.5__rep2.json	PILOT-2017006188	F	2	None				0	no_gen
PILOT-2017006188__F__sonnet4__rep0.json	PILOT-2017006188	F	0	None				0	no_gen
PILOT-2017006188__F__sonnet4__rep1.json	PILOT-2017006188	F	1	None				0	no_gen
PILOT-2017006188__F__sonnet4__rep2.json	PILOT-2017006188	F	2	None				0	no_gen
PILOT-2017006188__G__gpt4o-mini__rep0.json	PILOT-2017006188	G	0	None				0	no_gen
PILOT-2017006188__G__gpt4o-mini__rep1.json	PILOT-2017006188	G	1	None				0	no_gen
PILOT-2017006188__G__gpt4o-mini__rep2.json	PILOT-2017006188	G	2	None				0	no_gen
PILOT-2017006188__G__gpt5.4__rep0.json	PILOT-2017006188	G	0	0.9149	0.9792	0.9322	0.9489	17	
PILOT-2017006188__G__gpt5.4__rep1.json	PILOT-2017006188	G	1	0.852	0.9779	0.8666	0.9028	16	
PILOT-2017006188__G__gpt5.4__rep2.json	PILOT-2017006188	G	2	0.7433	0.9823	0.7516	0.8228	17	
PILOT-2017006188__G__haiku4.5__rep0.json	PILOT-2017006188	G	0	None				0	no_gen
PILOT-2017006188__G__haiku4.5__rep1.json	PILOT-2017006188	G	1	None				0	no_gen
PILOT-2017006188__G__haiku4.5__rep2.json	PILOT-2017006188	G	2	None				0	no_gen
PILOT-2017006188__G__sonnet4__rep0.json	PILOT-2017006188	G	0	0.9637	0.983	0.9806	0.9791	27	
PILOT-2017006188__G__sonnet4__rep1.json	PILOT-2017006188	G	1	0.8736	0.9492	0.9191	0.9201	27	
PILOT-2017006188__G__sonnet4__rep2.json	PILOT-2017006188	G	2	0.9288	0.968	0.9497	0.9477	16	
PILOT-2017007272__F__gpt4o-mini__rep0.json	PILOT-2017007272	F	0	0.7301	0.9067	0.776	0.8322	8	
PILOT-2017007272__F__gpt4o-mini__rep1.json	PILOT-2017007272	F	1	0.7371	1.0	0.7371	0.8394	6	
PILOT-2017007272__F__gpt4o-mini__rep2.json	PILOT-2017007272	F	2	0.6833	0.9558	0.7077	0.8012	9	
PILOT-2017007272__F__gpt5.4__rep0.json	PILOT-2017007272	F	0	0.8751	0.943	0.9103	0.9202	14	
PILOT-2017007272__F__gpt5.4__rep1.json	PILOT-2017007272	F	1	0.8747	0.943	0.9073	0.9212	14	
PILOT-2017007272__F__gpt5.4__rep2.json	PILOT-2017007272	F	2	0.8397	0.9341	0.8808	0.8948	14	
PILOT-2017007272__F__haiku4.5__rep0.json	PILOT-2017007272	F	0	0.7474	0.917	0.7854	0.8344	14	
PILOT-2017007272__F__haiku4.5__rep1.json	PILOT-2017007272	F	1	0.7978	0.966	0.8073	0.8651	13	
PILOT-2017007272__F__haiku4.5__rep2.json	PILOT-2017007272	F	2	0.8128	0.9601	0.8384	0.8802	20	
PILOT-2017007272__F__sonnet4__rep0.json	PILOT-2017007272	F	0	0.8251	1.0	0.8251	0.8896	16	
PILOT-2017007272__F__sonnet4__rep1.json	PILOT-2017007272	F	1	0.8028	1.0	0.8028	0.8692	16	
PILOT-2017007272__F__sonnet4__rep2.json	PILOT-2017007272	F	2	0.8233	1.0	0.8233	0.8893	16	
PILOT-2017007272__G__gpt4o-mini__rep0.json	PILOT-2017007272	G	0	0.6923	0.8898	0.7627	0.8128	9	
PILOT-2017007272__G__gpt4o-mini__rep1.json	PILOT-2017007272	G	1	0.7763	0.9373	0.8077	0.8653	9	
PILOT-2017007272__G__gpt4o-mini__rep2.json	PILOT-2017007272	G	2	0.5934	0.7961	0.6595	0.7136	8	
PILOT-2017007272__G__gpt5.4__rep0.json	PILOT-2017007272	G	0	0.856	0.9099	0.9179	0.9052	13	
PILOT-2017007272__G__gpt5.4__rep1.json	PILOT-2017007272	G	1	0.8646	0.929	0.9056	0.9117	13	
PILOT-2017007272__G__gpt5.4__rep2.json	PILOT-2017007272	G	2	0.8954	0.9539	0.9249	0.9348	20	
PILOT-2017007272__G__haiku4.5__rep0.json	PILOT-2017007272	G	0	0.7794	0.9663	0.806	0.8758	7	
PILOT-2017007272__G__haiku4.5__rep1.json	PILOT-2017007272	G	1	0.5309	0.9306	0.5379	0.6698	9	
PILOT-2017007272__G__haiku4.5__rep2.json	PILOT-2017007272	G	2	0.7663	0.9765	0.7831	0.8472	17	
PILOT-2017007272__G__sonnet4__rep0.json	PILOT-2017007272	G	0	0.8717	0.9855	0.8816	0.9194	20	
PILOT-2017007272__G__sonnet4__rep1.json	PILOT-2017007272	G	1	0.7922	0.9514	0.8096	0.8593	20	
PILOT-2017007272__G__sonnet4__rep2.json	PILOT-2017007272	G	2	0.8781	0.9855	0.888	0.925	20	
PILOT-2017007595__F__gpt4o-mini__rep0.json	PILOT-2017007595	F	0	0.8793	0.9809	0.8954	0.9352	6	
PILOT-2017007595__F__gpt4o-mini__rep1.json	PILOT-2017007595	F	1	0.9214	0.9771	0.9418	0.9589	5	
PILOT-2017007595__F__gpt4o-mini__rep2.json	PILOT-2017007595	F	2	0.8793	0.9809	0.8954	0.9352	6	
PILOT-2017007595__F__gpt5.4__rep0.json	PILOT-2017007595	F	0	0.9561	0.9918	0.9631	0.9749	42	
PILOT-2017007595__F__gpt5.4__rep1.json	PILOT-2017007595	F	1	0.978	1.0	0.978	0.9879	42	
PILOT-2017007595__F__gpt5.4__rep2.json	PILOT-2017007595	F	2	0.946	0.9969	0.9476	0.9684	37	
PILOT-2017007595__F__haiku4.5__rep0.json	PILOT-2017007595	F	0	0.7166	0.9722	0.732	0.8329	6	
PILOT-2017007595__F__haiku4.5__rep1.json	PILOT-2017007595	F	1	0.7664	0.9809	0.7773	0.8652	6	
PILOT-2017007595__F__haiku4.5__rep2.json	PILOT-2017007595	F	2	0.7592	0.9837	0.769	0.8601	7	
PILOT-2017007595__F__sonnet4__rep0.json	PILOT-2017007595	F	0	0.9322	0.9891	0.9413	0.9618	42	
PILOT-2017007595__F__sonnet4__rep1.json	PILOT-2017007595	F	1	0.9322	0.9891	0.9413	0.9618	42	
PILOT-2017007595__F__sonnet4__rep2.json	PILOT-2017007595	F	2	0.9142	0.9878	0.9242	0.9518	42	
PILOT-2017007595__G__gpt4o-mini__rep0.json	PILOT-2017007595	G	0	0.8924	0.9809	0.9085	0.9427	6	
PILOT-2017007595__G__gpt4o-mini__rep1.json	PILOT-2017007595	G	1	0.8855	0.9809	0.9016	0.9388	6	
PILOT-2017007595__G__gpt4o-mini__rep2.json	PILOT-2017007595	G	2	0.8643	0.9809	0.8796	0.9269	6	
PILOT-2017007595__G__gpt5.4__rep0.json	PILOT-2017007595	G	0	0.9749	1.0	0.9749	0.986	42	
PILOT-2017007595__G__gpt5.4__rep1.json	PILOT-2017007595	G	1	0.9279	1.0	0.9279	0.9575	42	
PILOT-2017007595__G__gpt5.4__rep2.json	PILOT-2017007595	G	2	0.979	1.0	0.979	0.9883	42	
PILOT-2017007595__G__haiku4.5__rep0.json	PILOT-2017007595	G	0	0.8108	0.9837	0.821	0.8934	7	
PILOT-2017007595__G__haiku4.5__rep1.json	PILOT-2017007595	G	1	0.7951	0.9809	0.807	0.8839	6	
PILOT-2017007595__G__haiku4.5__rep2.json	PILOT-2017007595	G	2	0.7951	0.9809	0.807	0.8839	6	
PILOT-2017007595__G__sonnet4__rep0.json	PILOT-2017007595	G	0	0.9481	0.9891	0.9573	0.9715	42	
PILOT-2017007595__G__sonnet4__rep1.json	PILOT-2017007595	G	1	0.9289	0.9891	0.938	0.96	42	
PILOT-2017007595__G__sonnet4__rep2.json	PILOT-2017007595	G	2	0.9289	0.9891	0.938	0.96	42	
PILOT-2017009415__F__gpt4o-mini__rep0.json	PILOT-2017009415	F	0	0.9462	0.9517	0.9942	0.9689	13	
PILOT-2017009415__F__gpt4o-mini__rep1.json	PILOT-2017009415	F	1	0.7271	0.7986	0.8935	0.8318	5	
PILOT-2017009415__F__gpt4o-mini__rep2.json	PILOT-2017009415	F	2	0.8004	0.8551	0.895	0.8658	13	
PILOT-2017009415__F__gpt5.4__rep0.json	PILOT-2017009415	F	0	0.8987	0.9302	0.968	0.942	9	
PILOT-2017009415__F__gpt5.4__rep1.json	PILOT-2017009415	F	1	0.9182	0.9572	0.9599	0.9532	10	
PILOT-2017009415__F__gpt5.4__rep2.json	PILOT-2017009415	F	2	0.924	0.9477	0.976	0.9565	12	
PILOT-2017009415__F__haiku4.5__rep0.json	PILOT-2017009415	F	0	0.546	0.6557	0.6482	0.6466	4	
PILOT-2017009415__F__haiku4.5__rep1.json	PILOT-2017009415	F	1	0.7763	0.8521	0.8401	0.8415	11	
PILOT-2017009415__F__haiku4.5__rep2.json	PILOT-2017009415	F	2	0.5422	0.6675	0.6619	0.6625	4	
PILOT-2017009415__F__sonnet4__rep0.json	PILOT-2017009415	F	0	0.8395	0.8807	0.9238	0.8933	13	
PILOT-2017009415__F__sonnet4__rep1.json	PILOT-2017009415	F	1	0.8506	0.8807	0.9354	0.8991	13	
PILOT-2017009415__F__sonnet4__rep2.json	PILOT-2017009415	F	2	0.916	0.9517	0.9635	0.9522	13	
PILOT-2017009415__G__gpt4o-mini__rep0.json	PILOT-2017009415	G	0	0.6304	0.7102	0.8252	0.751	6	
PILOT-2017009415__G__gpt4o-mini__rep1.json	PILOT-2017009415	G	1	0.7654	0.864	0.8686	0.8591	6	
PILOT-2017009415__G__gpt4o-mini__rep2.json	PILOT-2017009415	G	2	0.825	0.9394	0.8736	0.8982	6	
PILOT-2017009415__G__gpt5.4__rep0.json	PILOT-2017009415	G	0	0.765	0.8949	0.8298	0.8526	7	
PILOT-2017009415__G__gpt5.4__rep1.json	PILOT-2017009415	G	1	0.8035	0.9524	0.8495	0.8841	9	
PILOT-2017009415__G__gpt5.4__rep2.json	PILOT-2017009415	G	2	0.9265	0.9517	0.9742	0.9584	13	
PILOT-2017009415__G__haiku4.5__rep0.json	PILOT-2017009415	G	0	0.6575	0.8807	0.6925	0.7689	13	
PILOT-2017009415__G__haiku4.5__rep1.json	PILOT-2017009415	G	1	0.7027	0.8884	0.7692	0.8084	13	
PILOT-2017009415__G__haiku4.5__rep2.json	PILOT-2017009415	G	2	0.6698	0.8884	0.7331	0.7778	13	
PILOT-2017009415__G__sonnet4__rep0.json	PILOT-2017009415	G	0	0.8506	0.8807	0.9354	0.8991	13	
PILOT-2017009415__G__sonnet4__rep1.json	PILOT-2017009415	G	1	0.9201	0.9517	0.9678	0.9546	13	
PILOT-2017009415__G__sonnet4__rep2.json	PILOT-2017009415	G	2	0.8506	0.8807	0.9354	0.8991	13	
PILOT-2017010497__F__gpt4o-mini__rep0.json	PILOT-2017010497	F	0	None				0	no_gen
PILOT-2017010497__F__gpt4o-mini__rep1.json	PILOT-2017010497	F	1	0.961	1.0	0.961	0.9771	13	
PILOT-2017010497__F__gpt4o-mini__rep2.json	PILOT-2017010497	F	2	0.7632	1.0	0.7632	0.8591	13	
PILOT-2017010497__F__gpt5.4__rep0.json	PILOT-2017010497	F	0	0.9361	1.0	0.9361	0.9643	14	
PILOT-2017010497__F__gpt5.4__rep1.json	PILOT-2017010497	F	1	0.967	1.0	0.967	0.9823	15	
PILOT-2017010497__F__gpt5.4__rep2.json	PILOT-2017010497	F	2	0.94	0.9659	0.9661	0.9612	16	
PILOT-2017010497__F__haiku4.5__rep0.json	PILOT-2017010497	F	0	0.7421	1.0	0.7421	0.8389	13	
PILOT-2017010497__F__haiku4.5__rep1.json	PILOT-2017010497	F	1	0.7218	1.0	0.7218	0.8299	13	
PILOT-2017010497__F__haiku4.5__rep2.json	PILOT-2017010497	F	2	0.6767	1.0	0.6767	0.796	13	
PILOT-2017010497__F__sonnet4__rep0.json	PILOT-2017010497	F	0	0.7748	1.0	0.7748	0.8714	12	
PILOT-2017010497__F__sonnet4__rep1.json	PILOT-2017010497	F	1	0.852	1.0	0.852	0.9156	12	
PILOT-2017010497__F__sonnet4__rep2.json	PILOT-2017010497	F	2	0.8079	1.0	0.8079	0.883	13	
PILOT-2017010497__G__gpt4o-mini__rep0.json	PILOT-2017010497	G	0	0.9812	0.993	0.9882	0.9899	13	
PILOT-2017010497__G__gpt4o-mini__rep1.json	PILOT-2017010497	G	1	0.9818	1.0	0.9818	0.9902	13	
PILOT-2017010497__G__gpt4o-mini__rep2.json	PILOT-2017010497	G	2	0.9818	1.0	0.9818	0.9902	13	
PILOT-2017010497__G__gpt5.4__rep0.json	PILOT-2017010497	G	0	0.8853	1.0	0.8853	0.9357	12	
PILOT-2017010497__G__gpt5.4__rep1.json	PILOT-2017010497	G	1	0.8571	1.0	0.8571	0.9178	15	
PILOT-2017010497__G__gpt5.4__rep2.json	PILOT-2017010497	G	2	0.8876	1.0	0.8876	0.9341	12	
PILOT-2017010497__G__haiku4.5__rep0.json	PILOT-2017010497	G	0	0.7875	1.0	0.7875	0.8724	10	
PILOT-2017010497__G__haiku4.5__rep1.json	PILOT-2017010497	G	1	0.7048	1.0	0.7048	0.8194	12	
PILOT-2017010497__G__haiku4.5__rep2.json	PILOT-2017010497	G	2	0.7287	1.0	0.7287	0.8384	10	
PILOT-2017010497__G__sonnet4__rep0.json	PILOT-2017010497	G	0	0.7923	1.0	0.7923	0.8692	13	
PILOT-2017010497__G__sonnet4__rep1.json	PILOT-2017010497	G	1	0.7722	1.0	0.7722	0.8636	13	
PILOT-2017010497__G__sonnet4__rep2.json	PILOT-2017010497	G	2	0.7898	1.0	0.7898	0.8673	13	
PILOT-2017010632__F__gpt4o-mini__rep0.json	PILOT-2017010632	F	0	0.251	0.5192	0.3388	0.3981	2	
PILOT-2017010632__F__gpt4o-mini__rep1.json	PILOT-2017010632	F	1	0.4779	0.6442	0.625	0.5993	2	
PILOT-2017010632__F__gpt4o-mini__rep2.json	PILOT-2017010632	F	2	0.4939	0.7692	0.521	0.6167	2	
PILOT-2017010632__F__gpt5.4__rep0.json	PILOT-2017010632	F	0	0.934	0.9646	0.9471	0.9512	19	
PILOT-2017010632__F__gpt5.4__rep1.json	PILOT-2017010632	F	1	0.934	0.9646	0.9471	0.9512	19	
PILOT-2017010632__F__gpt5.4__rep2.json	PILOT-2017010632	F	2	0.9401	0.9592	0.9574	0.9542	18	
PILOT-2017010632__F__haiku4.5__rep0.json	PILOT-2017010632	F	0	0.9309	0.9613	0.9472	0.951	19	
PILOT-2017010632__F__haiku4.5__rep1.json	PILOT-2017010632	F	1	0.9412	0.9646	0.955	0.9566	19	
PILOT-2017010632__F__haiku4.5__rep2.json	PILOT-2017010632	F	2	0.9381	0.9646	0.9519	0.955	19	
PILOT-2017010632__F__sonnet4__rep0.json	PILOT-2017010632	F	0	0.9539	0.9889	0.965	0.9693	19	
PILOT-2017010632__F__sonnet4__rep1.json	PILOT-2017010632	F	1	0.942	0.9646	0.9557	0.957	19	
PILOT-2017010632__F__sonnet4__rep2.json	PILOT-2017010632	F	2	0.6722	0.909	0.7588	0.7856	3	
PILOT-2017010632__G__gpt4o-mini__rep0.json	PILOT-2017010632	G	0	0.4305	0.7692	0.45	0.5628	2	
PILOT-2017010632__G__gpt4o-mini__rep1.json	PILOT-2017010632	G	1	0.4839	0.7692	0.506	0.6032	2	
PILOT-2017010632__G__gpt4o-mini__rep2.json	PILOT-2017010632	G	2	0.4305	0.7692	0.45	0.5628	2	
PILOT-2017010632__G__gpt5.4__rep0.json	PILOT-2017010632	G	0	0.933	0.9646	0.9457	0.9497	19	
PILOT-2017010632__G__gpt5.4__rep1.json	PILOT-2017010632	G	1	0.5085	0.7692	0.524	0.6061	2	
PILOT-2017010632__G__gpt5.4__rep2.json	PILOT-2017010632	G	2	0.944	0.9646	0.9574	0.9576	19	
PILOT-2017010632__G__haiku4.5__rep0.json	PILOT-2017010632	G	0	0.9386	0.9727	0.9518	0.9572	19	
PILOT-2017010632__G__haiku4.5__rep1.json	PILOT-2017010632	G	1	0.9299	0.9727	0.943	0.9526	19	
PILOT-2017010632__G__haiku4.5__rep2.json	PILOT-2017010632	G	2	0.9428	0.9727	0.956	0.9598	19	
PILOT-2017010632__G__sonnet4__rep0.json	PILOT-2017010632	G	0	0.942	0.9646	0.9557	0.957	19	
PILOT-2017010632__G__sonnet4__rep1.json	PILOT-2017010632	G	1	0.942	0.9646	0.9557	0.957	19	
PILOT-2017010632__G__sonnet4__rep2.json	PILOT-2017010632	G	2	0.942	0.9646	0.9557	0.957	19	
PILOT-2018000427__F__gpt4o-mini__rep0.json	PILOT-2018000427	F	0	None				0	no_gen
PILOT-2018000427__F__gpt4o-mini__rep1.json	PILOT-2018000427	F	1	None				0	no_gen
PILOT-2018000427__F__gpt4o-mini__rep2.json	PILOT-2018000427	F	2	0.7575	0.9861	0.7687	0.8569	2	
PILOT-2018000427__F__gpt5.4__rep0.json	PILOT-2018000427	F	0	0.9606	0.9861	0.9729	0.9794	2	
PILOT-2018000427__F__gpt5.4__rep1.json	PILOT-2018000427	F	1	0.8772	0.9548	0.9142	0.934	2	
PILOT-2018000427__F__gpt5.4__rep2.json	PILOT-2018000427	F	2	0.7939	0.9861	0.8063	0.8795	2	
PILOT-2018000427__F__haiku4.5__rep0.json	PILOT-2018000427	F	0	0.2465	0.6524	0.2614	0.3664	2	
PILOT-2018000427__F__haiku4.5__rep1.json	PILOT-2018000427	F	1	0.1577	0.4619	0.1937	0.2667	2	
PILOT-2018000427__F__haiku4.5__rep2.json	PILOT-2018000427	F	2	0.2465	0.6524	0.2614	0.3664	2	
PILOT-2018000427__F__sonnet4__rep0.json	PILOT-2018000427	F	0	0.7965	0.9861	0.8084	0.8832	2	
PILOT-2018000427__F__sonnet4__rep1.json	PILOT-2018000427	F	1	0.7747	0.9861	0.7853	0.8708	2	
PILOT-2018000427__F__sonnet4__rep2.json	PILOT-2018000427	F	2	0.7747	0.9861	0.7853	0.8708	2	
PILOT-2018000427__G__gpt4o-mini__rep0.json	PILOT-2018000427	G	0	0.894	0.9861	0.9071	0.9432	2	
PILOT-2018000427__G__gpt4o-mini__rep1.json	PILOT-2018000427	G	1	0.9729	0.9861	0.9861	0.9861	2	
PILOT-2018000427__G__gpt4o-mini__rep2.json	PILOT-2018000427	G	2	None				0	no_gen
PILOT-2018000427__G__gpt5.4__rep0.json	PILOT-2018000427	G	0	0.9312	0.9861	0.9435	0.9643	2	
PILOT-2018000427__G__gpt5.4__rep1.json	PILOT-2018000427	G	1	0.7606	0.9548	0.7854	0.8544	2	
PILOT-2018000427__G__gpt5.4__rep2.json	PILOT-2018000427	G	2	0.8606	0.9861	0.873	0.9239	2	
PILOT-2018000427__G__haiku4.5__rep0.json	PILOT-2018000427	G	0	0.9481	0.9623	0.984	0.9718	12	
PILOT-2018000427__G__haiku4.5__rep1.json	PILOT-2018000427	G	1	0.9335	0.9466	0.9861	0.9625	12	
PILOT-2018000427__G__haiku4.5__rep2.json	PILOT-2018000427	G	2	0.9303	0.9414	0.9839	0.9593	12	
PILOT-2018000427__G__sonnet4__rep0.json	PILOT-2018000427	G	0	0.6115	0.8298	0.686	0.7504	2	
PILOT-2018000427__G__sonnet4__rep1.json	PILOT-2018000427	G	1	0.7747	0.9861	0.7853	0.8708	2	
PILOT-2018000427__G__sonnet4__rep2.json	PILOT-2018000427	G	2	0.7747	0.9861	0.7853	0.8708	2	
PILOT-2018001232__F__gpt4o-mini__rep0.json	PILOT-2018001232	F	0	0.8709	1.0	0.8709	0.9309	2	
PILOT-2018001232__F__gpt4o-mini__rep1.json	PILOT-2018001232	F	1	0.818	1.0	0.818	0.8999	2	
PILOT-2018001232__F__gpt4o-mini__rep2.json	PILOT-2018001232	F	2	0.9309	1.0	0.9309	0.9643	2	
PILOT-2018001232__F__gpt5.4__rep0.json	PILOT-2018001232	F	0	0.8257	0.8565	0.9692	0.9029	20	
PILOT-2018001232__F__gpt5.4__rep1.json	PILOT-2018001232	F	1	0.8034	0.8982	0.9052	0.8889	6	
PILOT-2018001232__F__gpt5.4__rep2.json	PILOT-2018001232	F	2	0.8294	0.8565	0.9729	0.9055	20	
PILOT-2018001232__F__haiku4.5__rep0.json	PILOT-2018001232	F	0	0.8203	0.8588	0.9615	0.8995	16	
PILOT-2018001232__F__haiku4.5__rep1.json	PILOT-2018001232	F	1	0.8203	0.8588	0.9615	0.8995	16	
PILOT-2018001232__F__haiku4.5__rep2.json	PILOT-2018001232	F	2	0.8203	0.8588	0.9615	0.8995	16	
PILOT-2018001232__F__sonnet4__rep0.json	PILOT-2018001232	F	0	0.8294	0.8565	0.9729	0.9055	20	
PILOT-2018001232__F__sonnet4__rep1.json	PILOT-2018001232	F	1	0.8294	0.8565	0.9729	0.9055	20	
PILOT-2018001232__F__sonnet4__rep2.json	PILOT-2018001232	F	2	0.8294	0.8565	0.9729	0.9055	20	
PILOT-2018001232__G__gpt4o-mini__rep0.json	PILOT-2018001232	G	0	0.7925	0.8853	0.8971	0.884	6	
PILOT-2018001232__G__gpt4o-mini__rep1.json	PILOT-2018001232	G	1	0.58	0.7333	0.7133	0.6988	4	
PILOT-2018001232__G__gpt4o-mini__rep2.json	PILOT-2018001232	G	2	0.7626	0.8982	0.8386	0.863	6	
PILOT-2018001232__G__gpt5.4__rep0.json	PILOT-2018001232	G	0	0.8242	0.8565	0.9637	0.901	20	
PILOT-2018001232__G__gpt5.4__rep1.json	PILOT-2018001232	G	1	0.8383	0.8565	0.9818	0.9111	20	
PILOT-2018001232__G__gpt5.4__rep2.json	PILOT-2018001232	G	2	0.8341	0.8668	0.9672	0.9084	11	
PILOT-2018001232__G__haiku4.5__rep0.json	PILOT-2018001232	G	0	0.8276	0.8565	0.9711	0.9042	20	
PILOT-2018001232__G__haiku4.5__rep1.json	PILOT-2018001232	G	1	0.727	0.8565	0.8317	0.8333	20	
PILOT-2018001232__G__haiku4.5__rep2.json	PILOT-2018001232	G	2	0.6692	0.8565	0.7547	0.7948	20	
PILOT-2018001232__G__sonnet4__rep0.json	PILOT-2018001232	G	0	0.8294	0.8565	0.9729	0.9055	20	
PILOT-2018001232__G__sonnet4__rep1.json	PILOT-2018001232	G	1	0.8294	0.8565	0.9729	0.9055	20	
PILOT-2018001232__G__sonnet4__rep2.json	PILOT-2018001232	G	2	0.8294	0.8565	0.9729	0.9055	20	
PILOT-2018003513__F__gpt4o-mini__rep0.json	PILOT-2018003513	F	0	0.8537	0.864	0.9465	0.893	18	
PILOT-2018003513__F__gpt4o-mini__rep1.json	PILOT-2018003513	F	1	0.7486	0.7667	0.8867	0.8031	5	
PILOT-2018003513__F__gpt4o-mini__rep2.json	PILOT-2018003513	F	2	0.6594	0.6978	0.8142	0.7218	6	
PILOT-2018003513__F__gpt5.4__rep0.json	PILOT-2018003513	F	0	0.8377	0.8526	0.9845	0.8724	15	
PILOT-2018003513__F__gpt5.4__rep1.json	PILOT-2018003513	F	1	0.6984	0.7236	0.9742	0.7644	15	
PILOT-2018003513__F__gpt5.4__rep2.json	PILOT-2018003513	F	2	0.775	0.786	0.9883	0.818	15	
PILOT-2018003513__F__haiku4.5__rep0.json	PILOT-2018003513	F	0	0.6678	0.6678	1.0	0.726	15	
PILOT-2018003513__F__haiku4.5__rep1.json	PILOT-2018003513	F	1	0.8022	0.8185	0.9604	0.8515	15	
PILOT-2018003513__F__haiku4.5__rep2.json	PILOT-2018003513	F	2	0.6678	0.6678	1.0	0.726	15	
PILOT-2018003513__F__sonnet4__rep0.json	PILOT-2018003513	F	0	0.685	0.6916	0.9928	0.7381	15	
PILOT-2018003513__F__sonnet4__rep1.json	PILOT-2018003513	F	1	0.7399	0.752	0.9497	0.7793	14	
PILOT-2018003513__F__sonnet4__rep2.json	PILOT-2018003513	F	2	0.6482	0.6746	0.9569	0.7057	14	
PILOT-2018003513__G__gpt4o-mini__rep0.json	PILOT-2018003513	G	0	0.7493	0.75	0.9333	0.7896	5	
PILOT-2018003513__G__gpt4o-mini__rep1.json	PILOT-2018003513	G	1	0.8055	0.9167	0.8125	0.8409	4	
PILOT-2018003513__G__gpt4o-mini__rep2.json	PILOT-2018003513	G	2	0.7125	0.7292	0.9833	0.7914	4	
PILOT-2018003513__G__gpt5.4__rep0.json	PILOT-2018003513	G	0	0.8015	0.8164	0.9845	0.852	15	
PILOT-2018003513__G__gpt5.4__rep1.json	PILOT-2018003513	G	1	0.7092	0.7284	0.9791	0.7769	15	
PILOT-2018003513__G__gpt5.4__rep2.json	PILOT-2018003513	G	2	0.7217	0.7325	0.9809	0.786	15	
PILOT-2018003513__G__haiku4.5__rep0.json	PILOT-2018003513	G	0	0.6773	0.6773	1.0	0.733	15	
PILOT-2018003513__G__haiku4.5__rep1.json	PILOT-2018003513	G	1	0.6773	0.6773	1.0	0.733	15	
PILOT-2018003513__G__haiku4.5__rep2.json	PILOT-2018003513	G	2	0.7899	0.8059	0.9304	0.8316	22	
PILOT-2018003513__G__sonnet4__rep0.json	PILOT-2018003513	G	0	0.7461	0.7527	0.9928	0.7946	15	
PILOT-2018003513__G__sonnet4__rep1.json	PILOT-2018003513	G	1	0.6673	0.6746	0.9926	0.722	14	
PILOT-2018003513__G__sonnet4__rep2.json	PILOT-2018003513	G	2	0.6841	0.6908	0.9356	0.7364	15	
PILOT-2018005420__F__gpt4o-mini__rep0.json	PILOT-2018005420	F	0	0.8621	0.8641	0.9975	0.9228	25	
PILOT-2018005420__F__gpt4o-mini__rep1.json	PILOT-2018005420	F	1	0.8129	0.8471	0.948	0.8921	19	
PILOT-2018005420__F__gpt4o-mini__rep2.json	PILOT-2018005420	F	2	0.8166	0.9142	0.8791	0.8928	6	
PILOT-2018005420__F__gpt5.4__rep0.json	PILOT-2018005420	F	0	0.8253	0.8341	0.9903	0.9012	25	
PILOT-2018005420__F__gpt5.4__rep1.json	PILOT-2018005420	F	1	0.8036	0.8341	0.9549	0.887	25	
PILOT-2018005420__F__gpt5.4__rep2.json	PILOT-2018005420	F	2	0.8128	0.8606	0.9356	0.8917	25	
PILOT-2018005420__F__haiku4.5__rep0.json	PILOT-2018005420	F	0	0.8748	0.8898	0.9828	0.9309	21	
PILOT-2018005420__F__haiku4.5__rep1.json	PILOT-2018005420	F	1	0.8515	0.8898	0.9534	0.9174	21	
PILOT-2018005420__F__haiku4.5__rep2.json	PILOT-2018005420	F	2	0.8515	0.8898	0.9534	0.9174	21	
PILOT-2018005420__F__sonnet4__rep0.json	PILOT-2018005420	F	0	0.8082	0.8718	0.9217	0.8888	25	
PILOT-2018005420__F__sonnet4__rep1.json	PILOT-2018005420	F	1	0.8447	0.8718	0.9663	0.9125	25	
PILOT-2018005420__F__sonnet4__rep2.json	PILOT-2018005420	F	2	0.8447	0.8718	0.9663	0.9125	25	
PILOT-2018005420__G__gpt4o-mini__rep0.json	PILOT-2018005420	G	0	0.8718	0.8718	1.0	0.9282	25	
PILOT-2018005420__G__gpt4o-mini__rep1.json	PILOT-2018005420	G	1	0.8475	0.9059	0.9246	0.9143	6	
PILOT-2018005420__G__gpt4o-mini__rep2.json	PILOT-2018005420	G	2	0.8252	0.8875	0.9155	0.9	4	
PILOT-2018005420__G__gpt5.4__rep0.json	PILOT-2018005420	G	0	0.7866	0.8365	0.9265	0.875	25	
PILOT-2018005420__G__gpt5.4__rep1.json	PILOT-2018005420	G	1	0.7658	0.8341	0.9064	0.8631	25	
PILOT-2018005420__G__gpt5.4__rep2.json	PILOT-2018005420	G	2	0.8308	0.8341	0.9965	0.9044	25	
PILOT-2018005420__G__haiku4.5__rep0.json	PILOT-2018005420	G	0	0.8189	0.8341	0.9733	0.8919	25	
PILOT-2018005420__G__haiku4.5__rep1.json	PILOT-2018005420	G	1	0.8147	0.8318	0.9707	0.8894	25	
PILOT-2018005420__G__haiku4.5__rep2.json	PILOT-2018005420	G	2	0.8341	0.8341	1.0	0.9061	25	
PILOT-2018005420__G__sonnet4__rep0.json	PILOT-2018005420	G	0	0.8418	0.8718	0.9644	0.9111	25	
PILOT-2018005420__G__sonnet4__rep1.json	PILOT-2018005420	G	1	0.8295	0.8718	0.949	0.9032	25	
PILOT-2018005420__G__sonnet4__rep2.json	PILOT-2018005420	G	2	0.8424	0.8718	0.9649	0.9113	25	
PILOT-2018005863__F__gpt4o-mini__rep0.json	PILOT-2018005863	F	0	0.818	0.9512	0.8528	0.8957	10	
PILOT-2018005863__F__gpt4o-mini__rep1.json	PILOT-2018005863	F	1	0.9203	0.9625	0.9562	0.9565	8	
PILOT-2018005863__F__gpt4o-mini__rep2.json	PILOT-2018005863	F	2	0.9005	0.94	0.9579	0.9462	5	
PILOT-2018005863__F__gpt5.4__rep0.json	PILOT-2018005863	F	0	0.9432	0.9631	0.9796	0.9689	25	
PILOT-2018005863__F__gpt5.4__rep1.json	PILOT-2018005863	F	1	0.9433	0.958	0.9827	0.9688	25	
PILOT-2018005863__F__gpt5.4__rep2.json	PILOT-2018005863	F	2	0.9115	0.9631	0.9439	0.9512	25	
PILOT-2018005863__F__haiku4.5__rep0.json	PILOT-2018005863	F	0	0.7907	0.9631	0.817	0.8788	25	
PILOT-2018005863__F__haiku4.5__rep1.json	PILOT-2018005863	F	1	0.9376	0.9631	0.9693	0.9651	25	
PILOT-2018005863__F__haiku4.5__rep2.json	PILOT-2018005863	F	2	0.9032	0.9473	0.9411	0.9422	25	
PILOT-2018005863__F__sonnet4__rep0.json	PILOT-2018005863	F	0	0.8954	0.9631	0.9251	0.9397	25	
PILOT-2018005863__F__sonnet4__rep1.json	PILOT-2018005863	F	1	0.9229	0.9631	0.9549	0.9562	25	
PILOT-2018005863__F__sonnet4__rep2.json	PILOT-2018005863	F	2	0.8954	0.9631	0.9251	0.9397	25	
PILOT-2018005863__G__gpt4o-mini__rep0.json	PILOT-2018005863	G	0	0.9493	0.9695	0.9786	0.9725	16	
PILOT-2018005863__G__gpt4o-mini__rep1.json	PILOT-2018005863	G	1	0.8501	0.9091	0.9113	0.9066	19	
PILOT-2018005863__G__gpt4o-mini__rep2.json	PILOT-2018005863	G	2	0.7431	0.925	0.75	0.8244	8	
PILOT-2018005863__G__gpt5.4__rep0.json	PILOT-2018005863	G	0	0.9584	0.9631	0.9948	0.9774	25	
PILOT-2018005863__G__gpt5.4__rep1.json	PILOT-2018005863	G	1	0.9301	0.958	0.9683	0.9609	25	
PILOT-2018005863__G__gpt5.4__rep2.json	PILOT-2018005863	G	2	0.9322	0.958	0.971	0.9628	25	
PILOT-2018005863__G__haiku4.5__rep0.json	PILOT-2018005863	G	0	0.8205	0.9631	0.8481	0.8978	25	
PILOT-2018005863__G__haiku4.5__rep1.json	PILOT-2018005863	G	1	0.7918	0.9631	0.8165	0.8787	25	
PILOT-2018005863__G__haiku4.5__rep2.json	PILOT-2018005863	G	2	0.8809	0.9631	0.9088	0.9321	25	
PILOT-2018005863__G__sonnet4__rep0.json	PILOT-2018005863	G	0	0.9083	0.9631	0.9392	0.9477	25	
PILOT-2018005863__G__sonnet4__rep1.json	PILOT-2018005863	G	1	0.9292	0.9631	0.962	0.9608	25	
PILOT-2018005863__G__sonnet4__rep2.json	PILOT-2018005863	G	2	0.9123	0.9631	0.9434	0.95	25	
PILOT-2018007886__F__gpt4o-mini__rep0.json	PILOT-2018007886	F	0	0.8175	0.9833	0.828	0.8874	5	
PILOT-2018007886__F__gpt4o-mini__rep1.json	PILOT-2018007886	F	1	0.8697	1.0	0.8697	0.9223	5	
PILOT-2018007886__F__gpt4o-mini__rep2.json	PILOT-2018007886	F	2	0.5763	1.0	0.5763	0.7175	5	
PILOT-2018007886__F__gpt5.4__rep0.json	PILOT-2018007886	F	0	0.8234	0.9886	0.8329	0.8932	8	
PILOT-2018007886__F__gpt5.4__rep1.json	PILOT-2018007886	F	1	0.9035	1.0	0.9035	0.9415	16	
PILOT-2018007886__F__gpt5.4__rep2.json	PILOT-2018007886	F	2	0.9263	1.0	0.9263	0.9583	16	
PILOT-2018007886__F__haiku4.5__rep0.json	PILOT-2018007886	F	0	0.779	1.0	0.779	0.8633	14	
PILOT-2018007886__F__haiku4.5__rep1.json	PILOT-2018007886	F	1	0.7191	0.9849	0.7271	0.8278	6	
PILOT-2018007886__F__haiku4.5__rep2.json	PILOT-2018007886	F	2	0.7855	1.0	0.7855	0.8723	6	
PILOT-2018007886__F__sonnet4__rep0.json	PILOT-2018007886	F	0	0.8925	1.0	0.8925	0.9312	16	
PILOT-2018007886__F__sonnet4__rep1.json	PILOT-2018007886	F	1	0.8846	1.0	0.8846	0.9298	16	
PILOT-2018007886__F__sonnet4__rep2.json	PILOT-2018007886	F	2	0.8761	1.0	0.8761	0.9221	16	
PILOT-2018007886__G__gpt4o-mini__rep0.json	PILOT-2018007886	G	0	0.8992	0.9889	0.9077	0.9384	6	
PILOT-2018007886__G__gpt4o-mini__rep1.json	PILOT-2018007886	G	1	0.7735	1.0	0.7735	0.8548	6	
PILOT-2018007886__G__gpt4o-mini__rep2.json	PILOT-2018007886	G	2	0.9196	0.987	0.9305	0.9538	7	
PILOT-2018007886__G__gpt5.4__rep0.json	PILOT-2018007886	G	0	0.7981	1.0	0.7981	0.8773	7	
PILOT-2018007886__G__gpt5.4__rep1.json	PILOT-2018007886	G	1	0.9821	1.0	0.9821	0.9896	16	
PILOT-2018007886__G__gpt5.4__rep2.json	PILOT-2018007886	G	2	0.9821	1.0	0.9821	0.9896	16	
PILOT-2018007886__G__haiku4.5__rep0.json	PILOT-2018007886	G	0	0.7085	1.0	0.7085	0.8146	6	
PILOT-2018007886__G__haiku4.5__rep1.json	PILOT-2018007886	G	1	0.7902	1.0	0.7902	0.8806	6	
PILOT-2018007886__G__haiku4.5__rep2.json	PILOT-2018007886	G	2	0.7582	1.0	0.7582	0.8523	6	
PILOT-2018007886__G__sonnet4__rep0.json	PILOT-2018007886	G	0	0.8769	1.0	0.8769	0.9231	16	
PILOT-2018007886__G__sonnet4__rep1.json	PILOT-2018007886	G	1	0.8785	1.0	0.8785	0.926	16	
PILOT-2018007886__G__sonnet4__rep2.json	PILOT-2018007886	G	2	0.8604	1.0	0.8604	0.9105	16	
PILOT-2018007979__F__gpt4o-mini__rep0.json	PILOT-2018007979	F	0	0.8389	0.9391	0.8898	0.9118	3	
PILOT-2018007979__F__gpt4o-mini__rep1.json	PILOT-2018007979	F	1	0.8606	0.8842	0.9699	0.925	3	
PILOT-2018007979__F__gpt4o-mini__rep2.json	PILOT-2018007979	F	2	0.914	0.9391	0.9716	0.9549	3	
PILOT-2018007979__F__gpt5.4__rep0.json	PILOT-2018007979	F	0	0.9495	0.9841	0.9639	0.9737	3	
PILOT-2018007979__F__gpt5.4__rep1.json	PILOT-2018007979	F	1	0.9038	0.9439	0.9556	0.9492	3	
PILOT-2018007979__F__gpt5.4__rep2.json	PILOT-2018007979	F	2	0.9313	0.9725	0.9564	0.9642	3	
PILOT-2018007979__F__haiku4.5__rep0.json	PILOT-2018007979	F	0	0.8018	0.891	0.8887	0.8895	3	
PILOT-2018007979__F__haiku4.5__rep1.json	PILOT-2018007979	F	1	0.68	0.8536	0.768	0.8078	3	
PILOT-2018007979__F__haiku4.5__rep2.json	PILOT-2018007979	F	2	0.7959	0.891	0.8812	0.8859	3	
PILOT-2018007979__F__sonnet4__rep0.json	PILOT-2018007979	F	0	0.7877	0.9391	0.8306	0.8813	3	
PILOT-2018007979__F__sonnet4__rep1.json	PILOT-2018007979	F	1	0.8257	0.9391	0.8728	0.9045	3	
PILOT-2018007979__F__sonnet4__rep2.json	PILOT-2018007979	F	2	0.8461	0.9391	0.8956	0.9166	3	
PILOT-2018007979__G__gpt4o-mini__rep0.json	PILOT-2018007979	G	0	None				0	no_gen
PILOT-2018007979__G__gpt4o-mini__rep1.json	PILOT-2018007979	G	1	0.9196	0.9391	0.9792	0.9581	3	
PILOT-2018007979__G__gpt4o-mini__rep2.json	PILOT-2018007979	G	2	None				0	no_gen
PILOT-2018007979__G__gpt5.4__rep0.json	PILOT-2018007979	G	0	0.948	1.0	0.948	0.9733	3	
PILOT-2018007979__G__gpt5.4__rep1.json	PILOT-2018007979	G	1	0.9391	0.9391	1.0	0.9685	3	
PILOT-2018007979__G__gpt5.4__rep2.json	PILOT-2018007979	G	2	0.922	0.9725	0.9466	0.9594	3	
PILOT-2018007979__G__haiku4.5__rep0.json	PILOT-2018007979	G	0	0.8124	0.9391	0.8583	0.8965	3	
PILOT-2018007979__G__haiku4.5__rep1.json	PILOT-2018007979	G	1	0.8366	0.8831	0.9399	0.9104	3	
PILOT-2018007979__G__haiku4.5__rep2.json	PILOT-2018007979	G	2	0.8004	0.9391	0.8444	0.889	3	
PILOT-2018007979__G__sonnet4__rep0.json	PILOT-2018007979	G	0	0.8813	0.9391	0.9354	0.9369	3	
PILOT-2018007979__G__sonnet4__rep1.json	PILOT-2018007979	G	1	0.8813	0.9391	0.9354	0.9369	3	
PILOT-2018007979__G__sonnet4__rep2.json	PILOT-2018007979	G	2	0.8813	0.9391	0.9354	0.9369	3	
PILOT-2019001867__F__gpt4o-mini__rep0.json	PILOT-2019001867	F	0	None				0	no_gen
PILOT-2019001867__F__gpt4o-mini__rep1.json	PILOT-2019001867	F	1	None				0	no_gen
PILOT-2019001867__F__gpt4o-mini__rep2.json	PILOT-2019001867	F	2	0.9971	0.9971	1.0	0.9985	23	
PILOT-2019001867__F__gpt5.4__rep0.json	PILOT-2019001867	F	0	0.9733	0.9777	0.9953	0.9837	23	
PILOT-2019001867__F__gpt5.4__rep1.json	PILOT-2019001867	F	1	0.9711	0.9761	0.9946	0.9819	23	
PILOT-2019001867__F__gpt5.4__rep2.json	PILOT-2019001867	F	2	0.9717	0.9761	0.9953	0.9823	23	
PILOT-2019001867__F__haiku4.5__rep0.json	PILOT-2019001867	F	0	0.9753	0.9761	0.9991	0.9843	23	
PILOT-2019001867__F__haiku4.5__rep1.json	PILOT-2019001867	F	1	0.9753	0.9761	0.9991	0.9843	23	
PILOT-2019001867__F__haiku4.5__rep2.json	PILOT-2019001867	F	2	0.9497	0.9761	0.9736	0.9662	23	
PILOT-2019001867__F__sonnet4__rep0.json	PILOT-2019001867	F	0	0.9745	0.9761	0.9983	0.9839	23	
PILOT-2019001867__F__sonnet4__rep1.json	PILOT-2019001867	F	1	0.9955	0.9971	0.9983	0.9977	23	
PILOT-2019001867__F__sonnet4__rep2.json	PILOT-2019001867	F	2	0.9955	0.9971	0.9983	0.9977	23	
PILOT-2019001867__G__gpt4o-mini__rep0.json	PILOT-2019001867	G	0	0.9901	0.9945	0.9957	0.9948	23	
PILOT-2019001867__G__gpt4o-mini__rep1.json	PILOT-2019001867	G	1	0.9971	0.9971	1.0	0.9985	23	
PILOT-2019001867__G__gpt4o-mini__rep2.json	PILOT-2019001867	G	2	0.9971	0.9971	1.0	0.9985	23	
PILOT-2019001867__G__gpt5.4__rep0.json	PILOT-2019001867	G	0	0.992	0.9971	0.9946	0.9957	23	
PILOT-2019001867__G__gpt5.4__rep1.json	PILOT-2019001867	G	1	0.9711	0.9761	0.9946	0.9819	23	
PILOT-2019001867__G__gpt5.4__rep2.json	PILOT-2019001867	G	2	0.9711	0.9761	0.9946	0.9819	23	
PILOT-2019001867__G__haiku4.5__rep0.json	PILOT-2019001867	G	0	0.9753	0.9761	0.9991	0.9843	23	
PILOT-2019001867__G__haiku4.5__rep1.json	PILOT-2019001867	G	1	0.9785	0.9803	0.9967	0.9871	23	
PILOT-2019001867__G__haiku4.5__rep2.json	PILOT-2019001867	G	2	0.961	0.9809	0.9786	0.976	23	
PILOT-2019001867__G__sonnet4__rep0.json	PILOT-2019001867	G	0	0.9962	0.9971	0.9991	0.9981	23	
PILOT-2019001867__G__sonnet4__rep1.json	PILOT-2019001867	G	1	0.9962	0.9971	0.9991	0.9981	23	
PILOT-2019001867__G__sonnet4__rep2.json	PILOT-2019001867	G	2	0.9962	0.9971	0.9991	0.9981	23	
PILOT-2019002001__F__gpt4o-mini__rep0.json	PILOT-2019002001	F	0	0.7649	0.7881	0.9542	0.8606	5	
PILOT-2019002001__F__gpt4o-mini__rep1.json	PILOT-2019002001	F	1	0.7649	0.7881	0.9542	0.8606	5	
PILOT-2019002001__F__gpt4o-mini__rep2.json	PILOT-2019002001	F	2	0.7649	0.7881	0.9542	0.8606	5	
PILOT-2019002001__F__gpt5.4__rep0.json	PILOT-2019002001	F	0	0.8778	0.8845	0.9912	0.927	18	
PILOT-2019002001__F__gpt5.4__rep1.json	PILOT-2019002001	F	1	0.8534	0.9445	0.9038	0.9129	18	
PILOT-2019002001__F__gpt5.4__rep2.json	PILOT-2019002001	F	2	0.7278	0.7578	0.9453	0.8349	18	
PILOT-2019002001__F__haiku4.5__rep0.json	PILOT-2019002001	F	0	0.496	0.7529	0.6049	0.6593	18	
PILOT-2019002001__F__haiku4.5__rep1.json	PILOT-2019002001	F	1	0.5649	0.7529	0.7052	0.718	18	
PILOT-2019002001__F__haiku4.5__rep2.json	PILOT-2019002001	F	2	0.5061	0.7529	0.6126	0.6674	18	
PILOT-2019002001__F__sonnet4__rep0.json	PILOT-2019002001	F	0	0.6917	0.7621	0.8878	0.8056	18	
PILOT-2019002001__F__sonnet4__rep1.json	PILOT-2019002001	F	1	0.7164	0.7621	0.9231	0.8269	18	
PILOT-2019002001__F__sonnet4__rep2.json	PILOT-2019002001	F	2	0.7235	0.7621	0.9338	0.8322	18	
PILOT-2019002001__G__gpt4o-mini__rep0.json	PILOT-2019002001	G	0	0.7649	0.7881	0.9542	0.8606	5	
PILOT-2019002001__G__gpt4o-mini__rep1.json	PILOT-2019002001	G	1	0.7461	0.7758	0.9422	0.8487	6	
PILOT-2019002001__G__gpt4o-mini__rep2.json	PILOT-2019002001	G	2	0.7649	0.7881	0.9542	0.8606	5	
PILOT-2019002001__G__gpt5.4__rep0.json	PILOT-2019002001	G	0	0.85	0.9062	0.9378	0.9067	16	
PILOT-2019002001__G__gpt5.4__rep1.json	PILOT-2019002001	G	1	0.7432	0.8283	0.8917	0.8374	16	
PILOT-2019002001__G__gpt5.4__rep2.json	PILOT-2019002001	G	2	0.823	0.8517	0.926	0.8818	18	
PILOT-2019002001__G__haiku4.5__rep0.json	PILOT-2019002001	G	0	0.5546	0.7572	0.6783	0.7056	18	
PILOT-2019002001__G__haiku4.5__rep1.json	PILOT-2019002001	G	1	0.6033	0.7593	0.747	0.7469	18	
PILOT-2019002001__G__haiku4.5__rep2.json	PILOT-2019002001	G	2	0.5477	0.7593	0.671	0.7023	18	
PILOT-2019002001__G__sonnet4__rep0.json	PILOT-2019002001	G	0	0.7255	0.7621	0.9368	0.8337	18	
PILOT-2019002001__G__sonnet4__rep1.json	PILOT-2019002001	G	1	0.7042	0.7621	0.9049	0.8169	18	
PILOT-2019002001__G__sonnet4__rep2.json	PILOT-2019002001	G	2	0.7085	0.7621	0.911	0.8205	18	
PILOT-2019002439__F__gpt4o-mini__rep0.json	PILOT-2019002439	F	0	0.6909	0.9908	0.6948	0.8115	17	
PILOT-2019002439__F__gpt4o-mini__rep1.json	PILOT-2019002439	F	1	0.9882	0.9947	0.993	0.9938	16	
PILOT-2019002439__F__gpt4o-mini__rep2.json	PILOT-2019002439	F	2	0.9209	0.9412	0.9239	0.9316	18	
PILOT-2019002439__F__gpt5.4__rep0.json	PILOT-2019002439	F	0	0.947	0.9951	0.9501	0.9702	24	
PILOT-2019002439__F__gpt5.4__rep1.json	PILOT-2019002439	F	1	0.9426	0.9954	0.9452	0.967	26	
PILOT-2019002439__F__gpt5.4__rep2.json	PILOT-2019002439	F	2	0.9464	0.9951	0.9494	0.9699	24	
PILOT-2019002439__F__haiku4.5__rep0.json	PILOT-2019002439	F	0	0.9009	0.9975	0.9028	0.944	28	
PILOT-2019002439__F__haiku4.5__rep1.json	PILOT-2019002439	F	1	0.8076	0.9975	0.8095	0.8871	28	
PILOT-2019002439__F__haiku4.5__rep2.json	PILOT-2019002439	F	2	0.7602	0.9973	0.7619	0.8581	26	
PILOT-2019002439__F__sonnet4__rep0.json	PILOT-2019002439	F	0	0.9677	0.9992	0.9682	0.9819	26	
PILOT-2019002439__F__sonnet4__rep1.json	PILOT-2019002439	F	1	0.9671	0.9992	0.9677	0.9814	26	
PILOT-2019002439__F__sonnet4__rep2.json	PILOT-2019002439	F	2	0.9796	0.9992	0.9803	0.989	26	
PILOT-2019002439__G__gpt4o-mini__rep0.json	PILOT-2019002439	G	0	0.9827	0.989	0.993	0.9909	19	
PILOT-2019002439__G__gpt4o-mini__rep1.json	PILOT-2019002439	G	1	None				0	no_gen
PILOT-2019002439__G__gpt4o-mini__rep2.json	PILOT-2019002439	G	2	None				0	no_gen
PILOT-2019002439__G__gpt5.4__rep0.json	PILOT-2019002439	G	0	0.9501	0.9953	0.953	0.972	25	
PILOT-2019002439__G__gpt5.4__rep1.json	PILOT-2019002439	G	1	0.9474	0.9953	0.9502	0.9703	25	
PILOT-2019002439__G__gpt5.4__rep2.json	PILOT-2019002439	G	2	0.9446	0.9906	0.9499	0.9681	26	
PILOT-2019002439__G__haiku4.5__rep0.json	PILOT-2019002439	G	0	0.7698	0.9975	0.7715	0.8638	28	
PILOT-2019002439__G__haiku4.5__rep1.json	PILOT-2019002439	G	1	0.8674	0.9975	0.8693	0.9239	28	
PILOT-2019002439__G__haiku4.5__rep2.json	PILOT-2019002439	G	2	0.8258	0.9992	0.8265	0.8998	26	
PILOT-2019002439__G__sonnet4__rep0.json	PILOT-2019002439	G	0	0.9723	0.9992	0.9729	0.9847	26	
PILOT-2019002439__G__sonnet4__rep1.json	PILOT-2019002439	G	1	0.9737	0.9992	0.9743	0.9856	26	
PILOT-2019002439__G__sonnet4__rep2.json	PILOT-2019002439	G	2	0.9737	0.9992	0.9743	0.9856	26	
PILOT-2019003829__F__gpt4o-mini__rep0.json	PILOT-2019003829	F	0	0.3368	0.6806	0.4019	0.4862	6	
PILOT-2019003829__F__gpt4o-mini__rep1.json	PILOT-2019003829	F	1	0.6496	0.8541	0.7003	0.7611	8	
PILOT-2019003829__F__gpt4o-mini__rep2.json	PILOT-2019003829	F	2	0.6538	0.8889	0.7233	0.7849	6	
PILOT-2019003829__F__gpt5.4__rep0.json	PILOT-2019003829	F	0	0.8188	0.9471	0.8581	0.8866	17	
PILOT-2019003829__F__gpt5.4__rep1.json	PILOT-2019003829	F	1	0.8635	0.9429	0.9206	0.9093	7	
PILOT-2019003829__F__gpt5.4__rep2.json	PILOT-2019003829	F	2	0.7864	0.9437	0.8254	0.8622	16	
PILOT-2019003829__F__haiku4.5__rep0.json	PILOT-2019003829	F	0	0.7124	0.9186	0.7598	0.813	17	
PILOT-2019003829__F__haiku4.5__rep1.json	PILOT-2019003829	F	1	0.67	0.9353	0.7053	0.7843	17	
PILOT-2019003829__F__haiku4.5__rep2.json	PILOT-2019003829	F	2	0.7115	0.9353	0.7495	0.8171	17	
PILOT-2019003829__F__sonnet4__rep0.json	PILOT-2019003829	F	0	0.7476	0.9471	0.7868	0.835	17	
PILOT-2019003829__F__sonnet4__rep1.json	PILOT-2019003829	F	1	0.7642	0.9471	0.8035	0.851	17	
PILOT-2019003829__F__sonnet4__rep2.json	PILOT-2019003829	F	2	0.7493	0.9471	0.7886	0.837	17	
PILOT-2019003829__G__gpt4o-mini__rep0.json	PILOT-2019003829	G	0	0.2734	0.6042	0.3472	0.4194	4	
PILOT-2019003829__G__gpt4o-mini__rep1.json	PILOT-2019003829	G	1	0.4719	0.7381	0.5113	0.596	7	
PILOT-2019003829__G__gpt4o-mini__rep2.json	PILOT-2019003829	G	2	0.5241	0.8571	0.5571	0.6584	7	
PILOT-2019003829__G__gpt5.4__rep0.json	PILOT-2019003829	G	0	0.8188	0.9471	0.8581	0.8866	17	
PILOT-2019003829__G__gpt5.4__rep1.json	PILOT-2019003829	G	1	0.8423	0.9706	0.8581	0.9014	17	
PILOT-2019003829__G__gpt5.4__rep2.json	PILOT-2019003829	G	2	0.8487	0.9485	0.8932	0.9031	11	
PILOT-2019003829__G__haiku4.5__rep0.json	PILOT-2019003829	G	0	0.7918	0.9378	0.829	0.8672	15	
PILOT-2019003829__G__haiku4.5__rep1.json	PILOT-2019003829	G	1	0.6047	0.9697	0.6209	0.7408	11	
PILOT-2019003829__G__haiku4.5__rep2.json	PILOT-2019003829	G	2	0.5703	0.9353	0.6	0.7029	17	
PILOT-2019003829__G__sonnet4__rep0.json	PILOT-2019003829	G	0	0.7714	0.9471	0.8107	0.8545	17	
PILOT-2019003829__G__sonnet4__rep1.json	PILOT-2019003829	G	1	0.8221	0.9471	0.8614	0.8897	17	
PILOT-2019003829__G__sonnet4__rep2.json	PILOT-2019003829	G	2	0.7981	0.9615	0.8187	0.8749	13	
PILOT-2019005007__F__gpt4o-mini__rep0.json	PILOT-2019005007	F	0	None				0	no_gen
PILOT-2019005007__F__gpt4o-mini__rep1.json	PILOT-2019005007	F	1	0.5297	0.9375	0.5324	0.6605	4	
PILOT-2019005007__F__gpt4o-mini__rep2.json	PILOT-2019005007	F	2	None				0	no_gen
PILOT-2019005007__F__gpt5.4__rep0.json	PILOT-2019005007	F	0	0.9439	1.0	0.9439	0.9621	25	
PILOT-2019005007__F__gpt5.4__rep1.json	PILOT-2019005007	F	1	0.963	1.0	0.963	0.9753	27	
PILOT-2019005007__F__gpt5.4__rep2.json	PILOT-2019005007	F	2	0.9705	1.0	0.9705	0.9821	25	
PILOT-2019005007__F__haiku4.5__rep0.json	PILOT-2019005007	F	0	0.9231	1.0	0.9231	0.9522	22	
PILOT-2019005007__F__haiku4.5__rep1.json	PILOT-2019005007	F	1	0.8563	1.0	0.8563	0.9111	27	
PILOT-2019005007__F__haiku4.5__rep2.json	PILOT-2019005007	F	2	0.7189	1.0	0.7189	0.8302	24	
PILOT-2019005007__F__sonnet4__rep0.json	PILOT-2019005007	F	0	0.9138	1.0	0.9138	0.9425	25	
PILOT-2019005007__F__sonnet4__rep1.json	PILOT-2019005007	F	1	0.8929	1.0	0.8929	0.9304	25	
PILOT-2019005007__F__sonnet4__rep2.json	PILOT-2019005007	F	2	0.8905	1.0	0.8905	0.9294	25	
PILOT-2019005007__G__gpt4o-mini__rep0.json	PILOT-2019005007	G	0	0.5202	1.0	0.5202	0.6742	4	
PILOT-2019005007__G__gpt4o-mini__rep1.json	PILOT-2019005007	G	1	0.5778	1.0	0.5778	0.7288	4	
PILOT-2019005007__G__gpt4o-mini__rep2.json	PILOT-2019005007	G	2	0.6267	1.0	0.6267	0.7671	4	
PILOT-2019005007__G__gpt5.4__rep0.json	PILOT-2019005007	G	0	0.9491	1.0	0.9491	0.9659	30	
PILOT-2019005007__G__gpt5.4__rep1.json	PILOT-2019005007	G	1	0.9459	1.0	0.9459	0.9673	27	
PILOT-2019005007__G__gpt5.4__rep2.json	PILOT-2019005007	G	2	0.9672	1.0	0.9672	0.9817	25	
PILOT-2019005007__G__haiku4.5__rep0.json	PILOT-2019005007	G	0	0.6175	1.0	0.6175	0.7493	24	
PILOT-2019005007__G__haiku4.5__rep1.json	PILOT-2019005007	G	1	0.8111	1.0	0.8111	0.8899	24	
PILOT-2019005007__G__haiku4.5__rep2.json	PILOT-2019005007	G	2	0.6175	1.0	0.6175	0.7493	24	
PILOT-2019005007__G__sonnet4__rep0.json	PILOT-2019005007	G	0	0.9352	1.0	0.9352	0.9586	25	
PILOT-2019005007__G__sonnet4__rep1.json	PILOT-2019005007	G	1	0.9232	1.0	0.9232	0.9479	25	
PILOT-2019005007__G__sonnet4__rep2.json	PILOT-2019005007	G	2	0.9375	1.0	0.9375	0.9602	25	
PILOT-2019005292__F__gpt4o-mini__rep0.json	PILOT-2019005292	F	0	0.9944	0.9971	0.9971	0.9971	20	
PILOT-2019005292__F__gpt4o-mini__rep1.json	PILOT-2019005292	F	1	0.9714	1.0	0.9714	0.9853	2	
PILOT-2019005292__F__gpt4o-mini__rep2.json	PILOT-2019005292	F	2	0.9728	1.0	0.9728	0.985	20	
PILOT-2019005292__F__gpt5.4__rep0.json	PILOT-2019005292	F	0	0.967	0.9971	0.9687	0.9814	20	
PILOT-2019005292__F__gpt5.4__rep1.json	PILOT-2019005292	F	1	0.9604	1.0	0.9604	0.9766	20	
PILOT-2019005292__F__gpt5.4__rep2.json	PILOT-2019005292	F	2	0.9728	1.0	0.9728	0.985	20	
PILOT-2019005292__F__haiku4.5__rep0.json	PILOT-2019005292	F	0	0.7322	1.0	0.7322	0.8421	8	
PILOT-2019005292__F__haiku4.5__rep1.json	PILOT-2019005292	F	1	0.7346	1.0	0.7346	0.8434	5	
PILOT-2019005292__F__haiku4.5__rep2.json	PILOT-2019005292	F	2	0.7806	1.0	0.7806	0.875	5	
PILOT-2019005292__F__sonnet4__rep0.json	PILOT-2019005292	F	0	0.9728	1.0	0.9728	0.985	20	
PILOT-2019005292__F__sonnet4__rep1.json	PILOT-2019005292	F	1	0.9748	1.0	0.9748	0.9862	20	
PILOT-2019005292__F__sonnet4__rep2.json	PILOT-2019005292	F	2	0.9728	1.0	0.9728	0.985	20	
PILOT-2019005292__G__gpt4o-mini__rep0.json	PILOT-2019005292	G	0	0.979	0.9921	0.9859	0.9888	20	
PILOT-2019005292__G__gpt4o-mini__rep1.json	PILOT-2019005292	G	1	1.0	1.0	1.0	1.0	20	
PILOT-2019005292__G__gpt4o-mini__rep2.json	PILOT-2019005292	G	2	0.8059	0.9437	0.8373	0.8784	20	
PILOT-2019005292__G__gpt5.4__rep0.json	PILOT-2019005292	G	0	0.9409	0.9971	0.9425	0.965	20	
PILOT-2019005292__G__gpt5.4__rep1.json	PILOT-2019005292	G	1	0.9287	0.9971	0.9304	0.9589	20	
PILOT-2019005292__G__gpt5.4__rep2.json	PILOT-2019005292	G	2	0.9609	0.9971	0.9625	0.9775	20	
PILOT-2019005292__G__haiku4.5__rep0.json	PILOT-2019005292	G	0	0.9204	0.9982	0.9215	0.9562	15	
PILOT-2019005292__G__haiku4.5__rep1.json	PILOT-2019005292	G	1	0.7379	0.995	0.7413	0.8341	20	
PILOT-2019005292__G__haiku4.5__rep2.json	PILOT-2019005292	G	2	0.8064	1.0	0.8064	0.8833	16	
PILOT-2019005292__G__sonnet4__rep0.json	PILOT-2019005292	G	0	0.9604	1.0	0.9604	0.9783	20	
PILOT-2019005292__G__sonnet4__rep1.json	PILOT-2019005292	G	1	0.9566	1.0	0.9566	0.976	20	
PILOT-2019005292__G__sonnet4__rep2.json	PILOT-2019005292	G	2	0.9728	1.0	0.9728	0.985	20	
PILOT-2019005776__F__gpt4o-mini__rep0.json	PILOT-2019005776	F	0	0.8784	1.0	0.8784	0.9349	3	
PILOT-2019005776__F__gpt4o-mini__rep1.json	PILOT-2019005776	F	1	0.913	1.0	0.913	0.9545	1	
PILOT-2019005776__F__gpt4o-mini__rep2.json	PILOT-2019005776	F	2	0.9479	0.9917	0.9562	0.972	10	
PILOT-2019005776__F__gpt5.4__rep0.json	PILOT-2019005776	F	0	0.865	0.9337	0.9129	0.9215	20	
PILOT-2019005776__F__gpt5.4__rep1.json	PILOT-2019005776	F	1	0.98	0.984	0.9952	0.9894	20	
PILOT-2019005776__F__gpt5.4__rep2.json	PILOT-2019005776	F	2	0.98	0.984	0.9952	0.9894	20	
PILOT-2019005776__F__haiku4.5__rep0.json	PILOT-2019005776	F	0	0.9468	0.9804	0.9651	0.9715	20	
PILOT-2019005776__F__haiku4.5__rep1.json	PILOT-2019005776	F	1	0.9322	0.971	0.9585	0.9637	20	
PILOT-2019005776__F__haiku4.5__rep2.json	PILOT-2019005776	F	2	0.9468	0.9804	0.9651	0.9715	20	
PILOT-2019005776__F__sonnet4__rep0.json	PILOT-2019005776	F	0	0.8832	0.9032	0.9601	0.9298	20	
PILOT-2019005776__F__sonnet4__rep1.json	PILOT-2019005776	F	1	0.9863	0.9863	1.0	0.993	20	
PILOT-2019005776__F__sonnet4__rep2.json	PILOT-2019005776	F	2	0.9217	0.9387	0.9794	0.9573	20	
PILOT-2019005776__G__gpt4o-mini__rep0.json	PILOT-2019005776	G	0	0.9221	0.9408	0.9782	0.9585	20	
PILOT-2019005776__G__gpt4o-mini__rep1.json	PILOT-2019005776	G	1	0.969	0.9887	0.9803	0.9835	20	
PILOT-2019005776__G__gpt4o-mini__rep2.json	PILOT-2019005776	G	2	0.9672	0.9825	0.984	0.9828	20	
PILOT-2019005776__G__gpt5.4__rep0.json	PILOT-2019005776	G	0	0.9739	0.984	0.988	0.9855	20	
PILOT-2019005776__G__gpt5.4__rep1.json	PILOT-2019005776	G	1	0.9739	0.984	0.988	0.9855	20	
PILOT-2019005776__G__gpt5.4__rep2.json	PILOT-2019005776	G	2	0.9739	0.984	0.988	0.9855	20	
PILOT-2019005776__G__haiku4.5__rep0.json	PILOT-2019005776	G	0	0.9322	0.971	0.9585	0.9637	20	
PILOT-2019005776__G__haiku4.5__rep1.json	PILOT-2019005776	G	1	0.9322	0.971	0.9585	0.9637	20	
PILOT-2019005776__G__haiku4.5__rep2.json	PILOT-2019005776	G	2	0.9468	0.9804	0.9651	0.9715	20	
PILOT-2019005776__G__sonnet4__rep0.json	PILOT-2019005776	G	0	0.9776	0.9887	0.9889	0.9879	20	
PILOT-2019005776__G__sonnet4__rep1.json	PILOT-2019005776	G	1	0.9231	0.9387	0.9809	0.9582	20	
PILOT-2019005776__G__sonnet4__rep2.json	PILOT-2019005776	G	2	0.9887	0.9887	1.0	0.9942	20	
PILOT-2019006119__F__gpt4o-mini__rep0.json	PILOT-2019006119	F	0	None				0	no_gen
PILOT-2019006119__F__gpt4o-mini__rep1.json	PILOT-2019006119	F	1	None				0	no_gen
PILOT-2019006119__F__gpt4o-mini__rep2.json	PILOT-2019006119	F	2	None				0	no_gen
PILOT-2019006119__F__gpt5.4__rep0.json	PILOT-2019006119	F	0	0.5833	1.0	0.5833	0.7368	1	
PILOT-2019006119__F__gpt5.4__rep1.json	PILOT-2019006119	F	1	0.2414	1.0	0.2414	0.3889	1	
PILOT-2019006119__F__gpt5.4__rep2.json	PILOT-2019006119	F	2	0.5385	1.0	0.5385	0.7	1	
PILOT-2019006119__F__haiku4.5__rep0.json	PILOT-2019006119	F	0	0.8949	0.9465	0.942	0.942	7	
PILOT-2019006119__F__haiku4.5__rep1.json	PILOT-2019006119	F	1	0.8478	0.9532	0.8887	0.9103	8	
PILOT-2019006119__F__haiku4.5__rep2.json	PILOT-2019006119	F	2	0.8265	0.9532	0.8675	0.8901	8	
PILOT-2019006119__F__sonnet4__rep0.json	PILOT-2019006119	F	0	0.7868	0.9243	0.8513	0.8632	8	
PILOT-2019006119__F__sonnet4__rep1.json	PILOT-2019006119	F	1	0.8584	0.9532	0.8999	0.915	8	
PILOT-2019006119__F__sonnet4__rep2.json	PILOT-2019006119	F	2	0.8703	0.9532	0.9095	0.9268	8	
PILOT-2019006119__G__gpt4o-mini__rep0.json	PILOT-2019006119	G	0	0.8348	0.9435	0.8808	0.9032	8	
PILOT-2019006119__G__gpt4o-mini__rep1.json	PILOT-2019006119	G	1	0.908	0.9532	0.9492	0.9493	8	
PILOT-2019006119__G__gpt4o-mini__rep2.json	PILOT-2019006119	G	2	0.3684	1.0	0.3684	0.5385	1	
PILOT-2019006119__G__gpt5.4__rep0.json	PILOT-2019006119	G	0	0.5385	1.0	0.5385	0.7	1	
PILOT-2019006119__G__gpt5.4__rep1.json	PILOT-2019006119	G	1	0.5833	1.0	0.5833	0.7368	1	
PILOT-2019006119__G__gpt5.4__rep2.json	PILOT-2019006119	G	2	0.5833	1.0	0.5833	0.7368	1	
PILOT-2019006119__G__haiku4.5__rep0.json	PILOT-2019006119	G	0	0.8061	0.9532	0.8468	0.8759	8	
PILOT-2019006119__G__haiku4.5__rep1.json	PILOT-2019006119	G	1	0.8466	0.9532	0.8873	0.9068	8	
PILOT-2019006119__G__haiku4.5__rep2.json	PILOT-2019006119	G	2	0.8185	0.9532	0.8592	0.8758	8	
PILOT-2019006119__G__sonnet4__rep0.json	PILOT-2019006119	G	0	0.8735	0.9532	0.9139	0.9287	8	
PILOT-2019006119__G__sonnet4__rep1.json	PILOT-2019006119	G	1	0.8735	0.9532	0.9139	0.9287	8	
PILOT-2019006119__G__sonnet4__rep2.json	PILOT-2019006119	G	2	0.8782	0.9532	0.9201	0.9305	8	
PILOT-2020000122__F__gpt4o-mini__rep0.json	PILOT-2020000122	F	0	0.7902	0.9697	0.8061	0.8798	3	
PILOT-2020000122__F__gpt4o-mini__rep1.json	PILOT-2020000122	F	1	0.8137	0.8889	0.8984	0.8932	9	
PILOT-2020000122__F__gpt4o-mini__rep2.json	PILOT-2020000122	F	2	0.874	0.9013	0.9639	0.9303	20	
PILOT-2020000122__F__gpt5.4__rep0.json	PILOT-2020000122	F	0	0.8796	0.8984	0.9781	0.9343	20	
PILOT-2020000122__F__gpt5.4__rep1.json	PILOT-2020000122	F	1	0.8007	0.8588	0.917	0.8814	20	
PILOT-2020000122__F__gpt5.4__rep2.json	PILOT-2020000122	F	2	0.881	0.9013	0.9765	0.935	20	
PILOT-2020000122__F__haiku4.5__rep0.json	PILOT-2020000122	F	0	0.6994	0.9013	0.7548	0.8148	20	
PILOT-2020000122__F__haiku4.5__rep1.json	PILOT-2020000122	F	1	0.8022	0.8607	0.9177	0.8852	20	
PILOT-2020000122__F__haiku4.5__rep2.json	PILOT-2020000122	F	2	0.6257	0.898	0.6709	0.7617	20	
PILOT-2020000122__F__sonnet4__rep0.json	PILOT-2020000122	F	0	0.8685	0.9013	0.9641	0.9277	20	
PILOT-2020000122__F__sonnet4__rep1.json	PILOT-2020000122	F	1	0.8345	0.9013	0.9221	0.9053	20	
PILOT-2020000122__F__sonnet4__rep2.json	PILOT-2020000122	F	2	0.8516	0.9013	0.9426	0.9165	20	
PILOT-2020000122__G__gpt4o-mini__rep0.json	PILOT-2020000122	G	0	0.8241	0.9363	0.8713	0.901	5	
PILOT-2020000122__G__gpt4o-mini__rep1.json	PILOT-2020000122	G	1	0.7954	0.944	0.8293	0.8825	4	
PILOT-2020000122__G__gpt4o-mini__rep2.json	PILOT-2020000122	G	2	0.8174	0.9214	0.8694	0.8943	6	
PILOT-2020000122__G__gpt5.4__rep0.json	PILOT-2020000122	G	0	0.8702	0.8934	0.9718	0.9288	20	
PILOT-2020000122__G__gpt5.4__rep1.json	PILOT-2020000122	G	1	0.8734	0.8951	0.9739	0.9304	20	
PILOT-2020000122__G__gpt5.4__rep2.json	PILOT-2020000122	G	2	0.8739	0.9013	0.9695	0.9305	20	
PILOT-2020000122__G__haiku4.5__rep0.json	PILOT-2020000122	G	0	0.6226	0.9034	0.6646	0.7607	20	
PILOT-2020000122__G__haiku4.5__rep1.json	PILOT-2020000122	G	1	0.773	0.8431	0.8942	0.8646	20	
PILOT-2020000122__G__haiku4.5__rep2.json	PILOT-2020000122	G	2	0.6964	0.8971	0.7548	0.8143	20	
PILOT-2020000122__G__sonnet4__rep0.json	PILOT-2020000122	G	0	0.8623	0.9013	0.953	0.923	20	
PILOT-2020000122__G__sonnet4__rep1.json	PILOT-2020000122	G	1	0.8648	0.9013	0.9604	0.9252	20	
PILOT-2020000122__G__sonnet4__rep2.json	PILOT-2020000122	G	2	0.8706	0.9013	0.9662	0.9292	20	
PILOT-2020000158__F__gpt4o-mini__rep0.json	PILOT-2020000158	F	0	0.9559	0.9938	0.9602	0.9752	10	
PILOT-2020000158__F__gpt4o-mini__rep1.json	PILOT-2020000158	F	1	0.9461	0.9685	0.9733	0.9695	20	
PILOT-2020000158__F__gpt4o-mini__rep2.json	PILOT-2020000158	F	2	0.9461	0.9685	0.9733	0.9695	20	
PILOT-2020000158__F__gpt5.4__rep0.json	PILOT-2020000158	F	0	0.9462	0.9785	0.9673	0.971	20	
PILOT-2020000158__F__gpt5.4__rep1.json	PILOT-2020000158	F	1	0.9438	0.9785	0.9646	0.9695	20	
PILOT-2020000158__F__gpt5.4__rep2.json	PILOT-2020000158	F	2	0.9561	0.9857	0.969	0.975	16	
PILOT-2020000158__F__haiku4.5__rep0.json	PILOT-2020000158	F	0	0.8093	0.9785	0.8285	0.8835	20	
PILOT-2020000158__F__haiku4.5__rep1.json	PILOT-2020000158	F	1	0.7363	0.9685	0.7505	0.8278	20	
PILOT-2020000158__F__haiku4.5__rep2.json	PILOT-2020000158	F	2	0.8461	0.9685	0.8722	0.9053	20	
PILOT-2020000158__F__sonnet4__rep0.json	PILOT-2020000158	F	0	0.9491	0.9785	0.969	0.9704	20	
PILOT-2020000158__F__sonnet4__rep1.json	PILOT-2020000158	F	1	0.9576	0.9785	0.9779	0.9762	20	
PILOT-2020000158__F__sonnet4__rep2.json	PILOT-2020000158	F	2	0.9576	0.9785	0.9779	0.9762	20	
PILOT-2020000158__G__gpt4o-mini__rep0.json	PILOT-2020000158	G	0	0.947	0.9785	0.967	0.9689	20	
PILOT-2020000158__G__gpt4o-mini__rep1.json	PILOT-2020000158	G	1	0.9549	0.9785	0.9752	0.9744	20	
PILOT-2020000158__G__gpt4o-mini__rep2.json	PILOT-2020000158	G	2	0.9341	0.9685	0.9608	0.9616	20	
PILOT-2020000158__G__gpt5.4__rep0.json	PILOT-2020000158	G	0	0.943	0.9785	0.9638	0.9695	20	
PILOT-2020000158__G__gpt5.4__rep1.json	PILOT-2020000158	G	1	0.9605	0.9785	0.9812	0.9786	20	
PILOT-2020000158__G__gpt5.4__rep2.json	PILOT-2020000158	G	2	0.9186	0.9785	0.9375	0.9437	20	
PILOT-2020000158__G__haiku4.5__rep0.json	PILOT-2020000158	G	0	0.8245	0.9654	0.8544	0.8931	20	
PILOT-2020000158__G__haiku4.5__rep1.json	PILOT-2020000158	G	1	0.5746	0.9544	0.5868	0.7183	20	
PILOT-2020000158__G__haiku4.5__rep2.json	PILOT-2020000158	G	2	0.8095	0.9544	0.8403	0.8819	20	
PILOT-2020000158__G__sonnet4__rep0.json	PILOT-2020000158	G	0	0.8606	0.9685	0.8871	0.9162	20	
PILOT-2020000158__G__sonnet4__rep1.json	PILOT-2020000158	G	1	0.8328	0.9754	0.854	0.898	20	
PILOT-2020000158__G__sonnet4__rep2.json	PILOT-2020000158	G	2	0.9491	0.9785	0.969	0.9704	20	
PILOT-2020000362__F__gpt4o-mini__rep0.json	PILOT-2020000362	F	0	None				0	no_gen
PILOT-2020000362__F__gpt4o-mini__rep1.json	PILOT-2020000362	F	1	0.8889	0.9375	0.9375	0.9375	2	
PILOT-2020000362__F__gpt4o-mini__rep2.json	PILOT-2020000362	F	2	0.8889	0.9375	0.9375	0.9375	2	
PILOT-2020000362__F__gpt5.4__rep0.json	PILOT-2020000362	F	0	0.883	0.9018	0.9793	0.9361	15	
PILOT-2020000362__F__gpt5.4__rep1.json	PILOT-2020000362	F	1	0.8633	0.8969	0.9643	0.9248	13	
PILOT-2020000362__F__gpt5.4__rep2.json	PILOT-2020000362	F	2	0.8641	0.9018	0.9605	0.9249	15	
PILOT-2020000362__F__haiku4.5__rep0.json	PILOT-2020000362	F	0	0.7527	0.9018	0.8339	0.854	15	
PILOT-2020000362__F__haiku4.5__rep1.json	PILOT-2020000362	F	1	0.7145	0.9018	0.7901	0.8276	15	
PILOT-2020000362__F__haiku4.5__rep2.json	PILOT-2020000362	F	2	0.7867	0.9018	0.8712	0.8733	15	
PILOT-2020000362__F__sonnet4__rep0.json	PILOT-2020000362	F	0	0.8811	0.9013	0.9779	0.935	14	
PILOT-2020000362__F__sonnet4__rep1.json	PILOT-2020000362	F	1	0.8738	0.8973	0.9735	0.9309	15	
PILOT-2020000362__F__sonnet4__rep2.json	PILOT-2020000362	F	2	0.8896	0.9013	0.9864	0.9395	14	
PILOT-2020000362__G__gpt4o-mini__rep0.json	PILOT-2020000362	G	0	0.8953	0.9018	0.9917	0.9426	15	
PILOT-2020000362__G__gpt4o-mini__rep1.json	PILOT-2020000362	G	1	0.8889	0.9375	0.9375	0.9375	2	
PILOT-2020000362__G__gpt4o-mini__rep2.json	PILOT-2020000362	G	2	0.8889	0.9375	0.9375	0.9375	2	
PILOT-2020000362__G__gpt5.4__rep0.json	PILOT-2020000362	G	0	0.8868	0.9018	0.9832	0.9382	15	
PILOT-2020000362__G__gpt5.4__rep1.json	PILOT-2020000362	G	1	0.779	0.8859	0.8885	0.8733	6	
PILOT-2020000362__G__gpt5.4__rep2.json	PILOT-2020000362	G	2	0.8633	0.8969	0.9643	0.9248	13	
PILOT-2020000362__G__haiku4.5__rep0.json	PILOT-2020000362	G	0	0.7194	0.9018	0.7972	0.8289	15	
PILOT-2020000362__G__haiku4.5__rep1.json	PILOT-2020000362	G	1	0.7989	0.9018	0.8902	0.8812	15	
PILOT-2020000362__G__haiku4.5__rep2.json	PILOT-2020000362	G	2	0.708	0.9018	0.7869	0.8169	15	
PILOT-2020000362__G__sonnet4__rep0.json	PILOT-2020000362	G	0	0.8727	0.9018	0.9691	0.9303	15	
PILOT-2020000362__G__sonnet4__rep1.json	PILOT-2020000362	G	1	0.8794	0.9018	0.9757	0.9341	15	
PILOT-2020000362__G__sonnet4__rep2.json	PILOT-2020000362	G	2	0.883	0.9018	0.9793	0.9361	15	
PILOT-2020000402__F__gpt4o-mini__rep0.json	PILOT-2020000402	F	0	0.9418	0.9666	0.9698	0.9681	9	
PILOT-2020000402__F__gpt4o-mini__rep1.json	PILOT-2020000402	F	1	None				0	no_gen
PILOT-2020000402__F__gpt4o-mini__rep2.json	PILOT-2020000402	F	2	None				0	no_gen
PILOT-2020000402__F__gpt5.4__rep0.json	PILOT-2020000402	F	0	0.9722	0.9944	0.9778	0.9855	9	
PILOT-2020000402__F__gpt5.4__rep1.json	PILOT-2020000402	F	1	0.9313	0.9857	0.9438	0.9633	9	
PILOT-2020000402__F__gpt5.4__rep2.json	PILOT-2020000402	F	2	0.9579	0.9913	0.966	0.978	9	
PILOT-2020000402__F__haiku4.5__rep0.json	PILOT-2020000402	F	0	0.8979	0.9964	0.9005	0.9427	8	
PILOT-2020000402__F__haiku4.5__rep1.json	PILOT-2020000402	F	1	0.9354	0.9964	0.938	0.9653	8	
PILOT-2020000402__F__haiku4.5__rep2.json	PILOT-2020000402	F	2	0.9354	0.9964	0.938	0.9653	8	
PILOT-2020000402__F__sonnet4__rep0.json	PILOT-2020000402	F	0	0.9542	0.9913	0.9615	0.9753	9	
PILOT-2020000402__F__sonnet4__rep1.json	PILOT-2020000402	F	1	0.8203	0.861	0.9177	0.8739	9	
PILOT-2020000402__F__sonnet4__rep2.json	PILOT-2020000402	F	2	0.9595	0.9968	0.9618	0.9782	9	
PILOT-2020000402__G__gpt4o-mini__rep0.json	PILOT-2020000402	G	0	0.8747	0.9688	0.8925	0.9252	9	
PILOT-2020000402__G__gpt4o-mini__rep1.json	PILOT-2020000402	G	1	0.9584	0.9968	0.9614	0.9783	9	
PILOT-2020000402__G__gpt4o-mini__rep2.json	PILOT-2020000402	G	2	0.9371	0.9913	0.9453	0.966	9	
PILOT-2020000402__G__gpt5.4__rep0.json	PILOT-2020000402	G	0	0.9102	0.9698	0.9394	0.9523	9	
PILOT-2020000402__G__gpt5.4__rep1.json	PILOT-2020000402	G	1	0.9185	0.9753	0.9383	0.9551	9	
PILOT-2020000402__G__gpt5.4__rep2.json	PILOT-2020000402	G	2	0.9602	1.0	0.9602	0.9792	9	
PILOT-2020000402__G__haiku4.5__rep0.json	PILOT-2020000402	G	0	0.7223	0.9943	0.7265	0.8189	5	
PILOT-2020000402__G__haiku4.5__rep1.json	PILOT-2020000402	G	1	0.9472	0.9952	0.9506	0.9713	6	
PILOT-2020000402__G__haiku4.5__rep2.json	PILOT-2020000402	G	2	0.7495	0.8129	0.9337	0.8159	9	
PILOT-2020000402__G__sonnet4__rep0.json	PILOT-2020000402	G	0	0.9595	0.9968	0.9618	0.9782	9	
PILOT-2020000402__G__sonnet4__rep1.json	PILOT-2020000402	G	1	0.9284	0.9604	0.9671	0.9618	9	
PILOT-2020000402__G__sonnet4__rep2.json	PILOT-2020000402	G	2	0.9675	1.0	0.9675	0.9825	9	
PILOT-2020000676__F__gpt4o-mini__rep0.json	PILOT-2020000676	F	0	0.9323	0.937	0.9953	0.9648	20	
PILOT-2020000676__F__gpt4o-mini__rep1.json	PILOT-2020000676	F	1	0.9032	1.0	0.9032	0.9492	2	
PILOT-2020000676__F__gpt4o-mini__rep2.json	PILOT-2020000676	F	2	0.937	0.937	1.0	0.9672	20	
PILOT-2020000676__F__gpt5.4__rep0.json	PILOT-2020000676	F	0	0.9198	0.937	0.9827	0.9581	20	
PILOT-2020000676__F__gpt5.4__rep1.json	PILOT-2020000676	F	1	0.9198	0.937	0.9827	0.9581	20	
PILOT-2020000676__F__gpt5.4__rep2.json	PILOT-2020000676	F	2	0.9198	0.937	0.9827	0.9581	20	
PILOT-2020000676__F__haiku4.5__rep0.json	PILOT-2020000676	F	0	0.8781	0.937	0.9369	0.9327	20	
PILOT-2020000676__F__haiku4.5__rep1.json	PILOT-2020000676	F	1	0.863	0.937	0.9207	0.9221	20	
PILOT-2020000676__F__haiku4.5__rep2.json	PILOT-2020000676	F	2	0.8476	0.937	0.9023	0.9145	20	
PILOT-2020000676__F__sonnet4__rep0.json	PILOT-2020000676	F	0	0.9198	0.937	0.9827	0.9581	20	
PILOT-2020000676__F__sonnet4__rep1.json	PILOT-2020000676	F	1	0.9161	0.9364	0.9797	0.9561	17	
PILOT-2020000676__F__sonnet4__rep2.json	PILOT-2020000676	F	2	0.9161	0.9364	0.9797	0.9561	17	
PILOT-2020000676__G__gpt4o-mini__rep0.json	PILOT-2020000676	G	0	0.9084	0.937	0.97	0.9517	20	
PILOT-2020000676__G__gpt4o-mini__rep1.json	PILOT-2020000676	G	1	0.9279	0.937	0.9908	0.9625	20	
PILOT-2020000676__G__gpt4o-mini__rep2.json	PILOT-2020000676	G	2	0.9332	0.9554	0.9762	0.9654	3	
PILOT-2020000676__G__gpt5.4__rep0.json	PILOT-2020000676	G	0	0.9827	1.0	0.9827	0.9908	20	
PILOT-2020000676__G__gpt5.4__rep1.json	PILOT-2020000676	G	1	0.9198	0.937	0.9827	0.9581	20	
PILOT-2020000676__G__gpt5.4__rep2.json	PILOT-2020000676	G	2	0.9198	0.937	0.9827	0.9581	20	
PILOT-2020000676__G__haiku4.5__rep0.json	PILOT-2020000676	G	0	0.8446	0.937	0.8982	0.9108	20	
PILOT-2020000676__G__haiku4.5__rep1.json	PILOT-2020000676	G	1	0.6487	0.937	0.6753	0.7831	20	
PILOT-2020000676__G__haiku4.5__rep2.json	PILOT-2020000676	G	2	0.7118	0.937	0.7459	0.8292	20	
PILOT-2020000676__G__sonnet4__rep0.json	PILOT-2020000676	G	0	0.9198	0.937	0.9827	0.9581	20	
PILOT-2020000676__G__sonnet4__rep1.json	PILOT-2020000676	G	1	0.9093	0.937	0.9722	0.9519	20	
PILOT-2020000676__G__sonnet4__rep2.json	PILOT-2020000676	G	2	0.7787	0.7959	0.8327	0.8126	20	
PILOT-2020001769__F__gpt4o-mini__rep0.json	PILOT-2020001769	F	0	0.6089	1.0	0.6089	0.7417	4	
PILOT-2020001769__F__gpt4o-mini__rep1.json	PILOT-2020001769	F	1	0.7252	1.0	0.7252	0.8347	5	
PILOT-2020001769__F__gpt4o-mini__rep2.json	PILOT-2020001769	F	2	0.7273	1.0	0.7273	0.8334	4	
PILOT-2020001769__F__gpt5.4__rep0.json	PILOT-2020001769	F	0	0.9229	0.9265	0.9964	0.9502	18	
PILOT-2020001769__F__gpt5.4__rep1.json	PILOT-2020001769	F	1	0.9154	0.9154	1.0	0.9449	21	
PILOT-2020001769__F__gpt5.4__rep2.json	PILOT-2020001769	F	2	0.7817	0.9137	0.8679	0.8419	21	
PILOT-2020001769__F__haiku4.5__rep0.json	PILOT-2020001769	F	0	0.8904	0.9065	0.9667	0.9256	19	
PILOT-2020001769__F__haiku4.5__rep1.json	PILOT-2020001769	F	1	0.7689	0.8721	0.8527	0.8472	20	
PILOT-2020001769__F__haiku4.5__rep2.json	PILOT-2020001769	F	2	0.6129	0.8826	0.6779	0.732	12	
PILOT-2020001769__F__sonnet4__rep0.json	PILOT-2020001769	F	0	0.9095	0.9111	0.9983	0.9413	20	
PILOT-2020001769__F__sonnet4__rep1.json	PILOT-2020001769	F	1	0.9019	0.9154	0.9865	0.9372	21	
PILOT-2020001769__F__sonnet4__rep2.json	PILOT-2020001769	F	2	0.9138	0.9154	0.9984	0.9441	21	
PILOT-2020001769__G__gpt4o-mini__rep0.json	PILOT-2020001769	G	0	0.6875	1.0	0.6875	0.8026	4	
PILOT-2020001769__G__gpt4o-mini__rep1.json	PILOT-2020001769	G	1	0.7577	1.0	0.7577	0.8607	4	
PILOT-2020001769__G__gpt4o-mini__rep2.json	PILOT-2020001769	G	2	0.7153	1.0	0.7153	0.8196	4	
PILOT-2020001769__G__gpt5.4__rep0.json	PILOT-2020001769	G	0	0.9137	0.9137	1.0	0.944	21	
PILOT-2020001769__G__gpt5.4__rep1.json	PILOT-2020001769	G	1	0.9137	0.9137	1.0	0.944	21	
PILOT-2020001769__G__gpt5.4__rep2.json	PILOT-2020001769	G	2	0.9074	0.9088	0.9982	0.9405	21	
PILOT-2020001769__G__haiku4.5__rep0.json	PILOT-2020001769	G	0	0.4713	0.9305	0.4855	0.6094	8	
PILOT-2020001769__G__haiku4.5__rep1.json	PILOT-2020001769	G	1	0.3884	0.8555	0.4159	0.5215	7	
PILOT-2020001769__G__haiku4.5__rep2.json	PILOT-2020001769	G	2	0.4767	0.9167	0.5212	0.6322	6	
PILOT-2020001769__G__sonnet4__rep0.json	PILOT-2020001769	G	0	0.9138	0.9154	0.9984	0.9441	21	
PILOT-2020001769__G__sonnet4__rep1.json	PILOT-2020001769	G	1	0.9067	0.9121	0.9939	0.9401	21	
PILOT-2020001769__G__sonnet4__rep2.json	PILOT-2020001769	G	2	0.9137	0.9137	1.0	0.944	21	
PILOT-2020002332__F__gpt4o-mini__rep0.json	PILOT-2020002332	F	0	0.9756	0.9816	0.9941	0.9867	25	
PILOT-2020002332__F__gpt4o-mini__rep1.json	PILOT-2020002332	F	1	0.9298	0.9803	0.9442	0.9592	25	
PILOT-2020002332__F__gpt4o-mini__rep2.json	PILOT-2020002332	F	2	0.8036	0.9722	0.8171	0.8812	9	
PILOT-2020002332__F__gpt5.4__rep0.json	PILOT-2020002332	F	0	0.8343	0.9659	0.854	0.9008	10	
PILOT-2020002332__F__gpt5.4__rep1.json	PILOT-2020002332	F	1	0.8944	0.9816	0.9077	0.9377	25	
PILOT-2020002332__F__gpt5.4__rep2.json	PILOT-2020002332	F	2	0.7662	0.9375	0.7965	0.857	4	
PILOT-2020002332__F__haiku4.5__rep0.json	PILOT-2020002332	F	0	0.9003	0.9768	0.9173	0.9416	25	
PILOT-2020002332__F__haiku4.5__rep1.json	PILOT-2020002332	F	1	0.906	0.9816	0.9193	0.9446	25	
PILOT-2020002332__F__haiku4.5__rep2.json	PILOT-2020002332	F	2	0.7821	0.965	0.8042	0.8705	10	
PILOT-2020002332__F__sonnet4__rep0.json	PILOT-2020002332	F	0	0.9118	0.9816	0.9251	0.948	25	
PILOT-2020002332__F__sonnet4__rep1.json	PILOT-2020002332	F	1	0.9118	0.9816	0.9251	0.948	25	
PILOT-2020002332__F__sonnet4__rep2.json	PILOT-2020002332	F	2	0.9118	0.9816	0.9251	0.948	25	
PILOT-2020002332__G__gpt4o-mini__rep0.json	PILOT-2020002332	G	0	None				0	no_gen
PILOT-2020002332__G__gpt4o-mini__rep1.json	PILOT-2020002332	G	1	0.8889	1.0	0.8889	0.9412	1	
PILOT-2020002332__G__gpt4o-mini__rep2.json	PILOT-2020002332	G	2	0.9697	1.0	0.9697	0.9846	1	
PILOT-2020002332__G__gpt5.4__rep0.json	PILOT-2020002332	G	0	0.88	0.9698	0.8993	0.9283	13	
PILOT-2020002332__G__gpt5.4__rep1.json	PILOT-2020002332	G	1	0.8515	0.9698	0.8707	0.9109	13	
PILOT-2020002332__G__gpt5.4__rep2.json	PILOT-2020002332	G	2	0.8546	0.9698	0.8738	0.9132	13	
PILOT-2020002332__G__haiku4.5__rep0.json	PILOT-2020002332	G	0	0.8858	0.9768	0.9017	0.9334	25	
PILOT-2020002332__G__haiku4.5__rep1.json	PILOT-2020002332	G	1	0.9	0.9768	0.9165	0.9414	25	
PILOT-2020002332__G__haiku4.5__rep2.json	PILOT-2020002332	G	2	0.8915	0.9768	0.9085	0.9363	25	
PILOT-2020002332__G__sonnet4__rep0.json	PILOT-2020002332	G	0	0.9118	0.9816	0.9251	0.948	25	
PILOT-2020002332__G__sonnet4__rep1.json	PILOT-2020002332	G	1	0.9118	0.9816	0.9251	0.948	25	
PILOT-2020002332__G__sonnet4__rep2.json	PILOT-2020002332	G	2	0.9118	0.9816	0.9251	0.948	25	
PILOT-2020002369__F__gpt4o-mini__rep0.json	PILOT-2020002369	F	0	0.8361	0.9532	0.8718	0.9107	2	
PILOT-2020002369__F__gpt4o-mini__rep1.json	PILOT-2020002369	F	1	0.8718	0.9532	0.9107	0.9315	2	
PILOT-2020002369__F__gpt4o-mini__rep2.json	PILOT-2020002369	F	2	0.9836	0.9953	0.9872	0.9911	20	
PILOT-2020002369__F__gpt5.4__rep0.json	PILOT-2020002369	F	0	0.9455	0.9953	0.9479	0.9664	20	
PILOT-2020002369__F__gpt5.4__rep1.json	PILOT-2020002369	F	1	0.9455	0.9953	0.9479	0.9664	20	
PILOT-2020002369__F__gpt5.4__rep2.json	PILOT-2020002369	F	2	0.9255	0.9953	0.9279	0.9553	20	
PILOT-2020002369__F__haiku4.5__rep0.json	PILOT-2020002369	F	0	0.9739	1.0	0.9739	0.9856	19	
PILOT-2020002369__F__haiku4.5__rep1.json	PILOT-2020002369	F	1	0.8771	1.0	0.8771	0.9345	2	
PILOT-2020002369__F__haiku4.5__rep2.json	PILOT-2020002369	F	2	0.8514	1.0	0.8514	0.9193	3	
PILOT-2020002369__F__sonnet4__rep0.json	PILOT-2020002369	F	0	0.9678	0.9953	0.9711	0.9819	20	
PILOT-2020002369__F__sonnet4__rep1.json	PILOT-2020002369	F	1	0.8306	0.9953	0.8339	0.8957	20	
PILOT-2020002369__F__sonnet4__rep2.json	PILOT-2020002369	F	2	0.9703	0.9953	0.9736	0.9835	20	
PILOT-2020002369__G__gpt4o-mini__rep0.json	PILOT-2020002369	G	0	0.9107	0.9532	0.9532	0.9532	2	
PILOT-2020002369__G__gpt4o-mini__rep1.json	PILOT-2020002369	G	1	0.8361	0.9532	0.8718	0.9107	2	
PILOT-2020002369__G__gpt4o-mini__rep2.json	PILOT-2020002369	G	2	0.8033	0.9532	0.8361	0.8909	2	
PILOT-2020002369__G__gpt5.4__rep0.json	PILOT-2020002369	G	0	0.9482	0.9953	0.9506	0.9686	20	
PILOT-2020002369__G__gpt5.4__rep1.json	PILOT-2020002369	G	1	0.9455	0.9953	0.9479	0.9664	20	
PILOT-2020002369__G__gpt5.4__rep2.json	PILOT-2020002369	G	2	0.9168	0.9953	0.9192	0.9511	20	
PILOT-2020002369__G__haiku4.5__rep0.json	PILOT-2020002369	G	0	0.9872	0.9953	0.9911	0.9931	20	
PILOT-2020002369__G__haiku4.5__rep1.json	PILOT-2020002369	G	1	0.9872	0.9953	0.9911	0.9931	20	
PILOT-2020002369__G__haiku4.5__rep2.json	PILOT-2020002369	G	2	0.9583	0.987	0.9674	0.9762	20	
PILOT-2020002369__G__sonnet4__rep0.json	PILOT-2020002369	G	0	0.9703	0.9953	0.9736	0.9835	20	
PILOT-2020002369__G__sonnet4__rep1.json	PILOT-2020002369	G	1	0.9872	0.9953	0.9911	0.9931	20	
PILOT-2020002369__G__sonnet4__rep2.json	PILOT-2020002369	G	2	0.9872	0.9953	0.9911	0.9931	20	
PILOT-2020002555__F__gpt4o-mini__rep0.json	PILOT-2020002555	F	0	0.841	0.9422	0.8871	0.9136	2	
PILOT-2020002555__F__gpt4o-mini__rep1.json	PILOT-2020002555	F	1	None				0	no_gen
PILOT-2020002555__F__gpt4o-mini__rep2.json	PILOT-2020002555	F	2	0.7462	0.88	0.8306	0.8496	8	
PILOT-2020002555__F__gpt5.4__rep0.json	PILOT-2020002555	F	0	0.8749	0.8918	0.9823	0.9317	20	
PILOT-2020002555__F__gpt5.4__rep1.json	PILOT-2020002555	F	1	0.877	0.8918	0.9844	0.9329	20	
PILOT-2020002555__F__gpt5.4__rep2.json	PILOT-2020002555	F	2	0.874	0.8918	0.9813	0.9311	20	
PILOT-2020002555__F__haiku4.5__rep0.json	PILOT-2020002555	F	0	0.6269	0.8877	0.6819	0.7571	10	
PILOT-2020002555__F__haiku4.5__rep1.json	PILOT-2020002555	F	1	0.6207	0.9027	0.6641	0.7565	15	
PILOT-2020002555__F__haiku4.5__rep2.json	PILOT-2020002555	F	2	0.6943	0.8918	0.7636	0.8135	20	
PILOT-2020002555__F__sonnet4__rep0.json	PILOT-2020002555	F	0	0.8642	0.89	0.9729	0.925	16	
PILOT-2020002555__F__sonnet4__rep1.json	PILOT-2020002555	F	1	0.873	0.8918	0.9802	0.9305	20	
PILOT-2020002555__F__sonnet4__rep2.json	PILOT-2020002555	F	2	0.8749	0.8918	0.9823	0.9317	20	
PILOT-2020002555__G__gpt4o-mini__rep0.json	PILOT-2020002555	G	0	0.8918	0.8918	1.0	0.9412	20	
PILOT-2020002555__G__gpt4o-mini__rep1.json	PILOT-2020002555	G	1	0.8852	0.8918	0.9923	0.9375	20	
PILOT-2020002555__G__gpt4o-mini__rep2.json	PILOT-2020002555	G	2	0.6732	0.9213	0.7009	0.7764	4	
PILOT-2020002555__G__gpt5.4__rep0.json	PILOT-2020002555	G	0	0.9577	0.976	0.9797	0.9762	20	
PILOT-2020002555__G__gpt5.4__rep1.json	PILOT-2020002555	G	1	0.8574	0.8888	0.9633	0.9211	20	
PILOT-2020002555__G__gpt5.4__rep2.json	PILOT-2020002555	G	2	0.877	0.8918	0.9844	0.9329	20	
PILOT-2020002555__G__haiku4.5__rep0.json	PILOT-2020002555	G	0	0.7348	0.8695	0.8243	0.839	18	
PILOT-2020002555__G__haiku4.5__rep1.json	PILOT-2020002555	G	1	0.8594	0.8918	0.9594	0.9185	20	
PILOT-2020002555__G__haiku4.5__rep2.json	PILOT-2020002555	G	2	0.8474	0.8918	0.9457	0.9096	20	
PILOT-2020002555__G__sonnet4__rep0.json	PILOT-2020002555	G	0	0.889	0.8918	0.997	0.9397	20	
PILOT-2020002555__G__sonnet4__rep1.json	PILOT-2020002555	G	1	0.889	0.8918	0.997	0.9397	20	
PILOT-2020002555__G__sonnet4__rep2.json	PILOT-2020002555	G	2	0.889	0.8918	0.997	0.9397	20	
PILOT-2020002688__F__gpt4o-mini__rep0.json	PILOT-2020002688	F	0	0.6982	0.925	0.743	0.7962	8	
PILOT-2020002688__F__gpt4o-mini__rep1.json	PILOT-2020002688	F	1	0.8951	0.9792	0.9092	0.9419	8	
PILOT-2020002688__F__gpt4o-mini__rep2.json	PILOT-2020002688	F	2	0.7183	0.9454	0.7542	0.8135	8	
PILOT-2020002688__F__gpt5.4__rep0.json	PILOT-2020002688	F	0	0.9193	1.0	0.9193	0.9545	9	
PILOT-2020002688__F__gpt5.4__rep1.json	PILOT-2020002688	F	1	0.8803	1.0	0.8803	0.9318	9	
PILOT-2020002688__F__gpt5.4__rep2.json	PILOT-2020002688	F	2	0.9193	1.0	0.9193	0.9545	9	
PILOT-2020002688__F__haiku4.5__rep0.json	PILOT-2020002688	F	0	0.573	0.9366	0.5902	0.701	8	
PILOT-2020002688__F__haiku4.5__rep1.json	PILOT-2020002688	F	1	0.7069	0.9896	0.7145	0.7979	8	
PILOT-2020002688__F__haiku4.5__rep2.json	PILOT-2020002688	F	2	0.7235	1.0	0.7235	0.8249	8	
PILOT-2020002688__F__sonnet4__rep0.json	PILOT-2020002688	F	0	0.7341	0.9921	0.7363	0.8317	9	
PILOT-2020002688__F__sonnet4__rep1.json	PILOT-2020002688	F	1	0.7359	0.9921	0.7393	0.8361	9	
PILOT-2020002688__F__sonnet4__rep2.json	PILOT-2020002688	F	2	0.8722	0.9886	0.8785	0.9271	9	
PILOT-2020002688__G__gpt4o-mini__rep0.json	PILOT-2020002688	G	0	0.9226	0.9577	0.9619	0.9582	8	
PILOT-2020002688__G__gpt4o-mini__rep1.json	PILOT-2020002688	G	1	0.6482	0.9057	0.6875	0.7635	8	
PILOT-2020002688__G__gpt4o-mini__rep2.json	PILOT-2020002688	G	2	0.716	0.9315	0.765	0.8184	8	
PILOT-2020002688__G__gpt5.4__rep0.json	PILOT-2020002688	G	0	0.9028	1.0	0.9028	0.9455	9	
PILOT-2020002688__G__gpt5.4__rep1.json	PILOT-2020002688	G	1	0.9269	1.0	0.9269	0.9588	9	
PILOT-2020002688__G__gpt5.4__rep2.json	PILOT-2020002688	G	2	0.9129	1.0	0.9129	0.951	9	
PILOT-2020002688__G__haiku4.5__rep0.json	PILOT-2020002688	G	0	0.697	1.0	0.697	0.808	8	
PILOT-2020002688__G__haiku4.5__rep1.json	PILOT-2020002688	G	1	0.7007	0.9911	0.7054	0.7926	8	
PILOT-2020002688__G__haiku4.5__rep2.json	PILOT-2020002688	G	2	0.7012	1.0	0.7012	0.8026	8	
PILOT-2020002688__G__sonnet4__rep0.json	PILOT-2020002688	G	0	0.7937	0.9886	0.7994	0.8779	9	
PILOT-2020002688__G__sonnet4__rep1.json	PILOT-2020002688	G	1	0.766	0.9921	0.7698	0.8546	9	
PILOT-2020002688__G__sonnet4__rep2.json	PILOT-2020002688	G	2	0.83	0.9886	0.8341	0.897	9	
PILOT-2020002729__F__gpt4o-mini__rep0.json	PILOT-2020002729	F	0	0.7211	0.9622	0.7488	0.8102	10	
PILOT-2020002729__F__gpt4o-mini__rep1.json	PILOT-2020002729	F	1	0.8015	0.9637	0.8265	0.8845	11	
PILOT-2020002729__F__gpt4o-mini__rep2.json	PILOT-2020002729	F	2	0.7084	0.8396	0.7568	0.793	11	
PILOT-2020002729__F__gpt5.4__rep0.json	PILOT-2020002729	F	0	0.6804	0.9917	0.6879	0.7623	11	
PILOT-2020002729__F__gpt5.4__rep1.json	PILOT-2020002729	F	1	0.6886	0.9917	0.6961	0.7715	11	
PILOT-2020002729__F__gpt5.4__rep2.json	PILOT-2020002729	F	2	0.7212	0.9917	0.7287	0.7881	11	
PILOT-2020002729__F__haiku4.5__rep0.json	PILOT-2020002729	F	0	0.6392	0.993	0.6434	0.7584	13	
PILOT-2020002729__F__haiku4.5__rep1.json	PILOT-2020002729	F	1	0.6486	0.9863	0.6587	0.7652	13	
PILOT-2020002729__F__haiku4.5__rep2.json	PILOT-2020002729	F	2	0.6047	0.8674	0.6153	0.7086	12	
PILOT-2020002729__F__sonnet4__rep0.json	PILOT-2020002729	F	0	0.7861	0.9966	0.7887	0.8688	27	
PILOT-2020002729__F__sonnet4__rep1.json	PILOT-2020002729	F	1	0.8548	0.9966	0.8574	0.9079	27	
PILOT-2020002729__F__sonnet4__rep2.json	PILOT-2020002729	F	2	0.8424	0.9966	0.8449	0.8914	27	
PILOT-2020002729__G__gpt4o-mini__rep0.json	PILOT-2020002729	G	0	0.7945	0.9073	0.8459	0.8726	10	
PILOT-2020002729__G__gpt4o-mini__rep1.json	PILOT-2020002729	G	1	None				0	no_gen
PILOT-2020002729__G__gpt4o-mini__rep2.json	PILOT-2020002729	G	2	0.7678	0.8554	0.8208	0.8371	11	
PILOT-2020002729__G__gpt5.4__rep0.json	PILOT-2020002729	G	0	0.6568	0.9917	0.6631	0.733	11	
PILOT-2020002729__G__gpt5.4__rep1.json	PILOT-2020002729	G	1	0.6741	0.9917	0.6816	0.7434	11	
PILOT-2020002729__G__gpt5.4__rep2.json	PILOT-2020002729	G	2	0.6929	0.9917	0.7004	0.7698	11	
PILOT-2020002729__G__haiku4.5__rep0.json	PILOT-2020002729	G	0	0.6965	0.991	0.7027	0.8013	16	
PILOT-2020002729__G__haiku4.5__rep1.json	PILOT-2020002729	G	1	0.6634	0.9924	0.6687	0.7662	12	
PILOT-2020002729__G__haiku4.5__rep2.json	PILOT-2020002729	G	2	0.8297	0.9966	0.8323	0.8873	27	
PILOT-2020002729__G__sonnet4__rep0.json	PILOT-2020002729	G	0	0.8513	0.9966	0.8539	0.8946	27	
PILOT-2020002729__G__sonnet4__rep1.json	PILOT-2020002729	G	1	0.8513	0.9966	0.8539	0.8946	27	
PILOT-2020002729__G__sonnet4__rep2.json	PILOT-2020002729	G	2	0.8478	0.9966	0.8503	0.8903	27	
PILOT-2020003998__F__gpt4o-mini__rep0.json	PILOT-2020003998	F	0	None	None	None	None	0	no_aligned_claims
PILOT-2020003998__F__gpt4o-mini__rep1.json	PILOT-2020003998	F	1	None	None	None	None	0	no_aligned_claims
PILOT-2020003998__F__gpt4o-mini__rep2.json	PILOT-2020003998	F	2	None	None	None	None	0	no_aligned_claims
PILOT-2020003998__F__gpt5.4__rep0.json	PILOT-2020003998	F	0	None	None	None	None	0	no_aligned_claims
PILOT-2020003998__F__gpt5.4__rep1.json	PILOT-2020003998	F	1	None	None	None	None	0	no_aligned_claims
PILOT-2020003998__F__gpt5.4__rep2.json	PILOT-2020003998	F	2	None	None	None	None	0	no_aligned_claims
PILOT-2020003998__F__haiku4.5__rep0.json	PILOT-2020003998	F	0	0.0151	0.0291	0.0304	0.0283	12	
PILOT-2020003998__F__haiku4.5__rep1.json	PILOT-2020003998	F	1	0.0776	0.14	0.1587	0.1409	14	
PILOT-2020003998__F__haiku4.5__rep2.json	PILOT-2020003998	F	2	0.0203	0.0402	0.0386	0.0374	12	
PILOT-2020003998__F__sonnet4__rep0.json	PILOT-2020003998	F	0	None	None	None	None	0	no_aligned_claims
PILOT-2020003998__F__sonnet4__rep1.json	PILOT-2020003998	F	1	None	None	None	None	0	no_aligned_claims
PILOT-2020003998__F__sonnet4__rep2.json	PILOT-2020003998	F	2	None	None	None	None	0	no_aligned_claims
PILOT-2020003998__G__gpt4o-mini__rep0.json	PILOT-2020003998	G	0	None	None	None	None	0	no_aligned_claims
PILOT-2020003998__G__gpt4o-mini__rep1.json	PILOT-2020003998	G	1	None	None	None	None	0	no_aligned_claims
PILOT-2020003998__G__gpt4o-mini__rep2.json	PILOT-2020003998	G	2	None	None	None	None	0	no_aligned_claims
PILOT-2020003998__G__gpt5.4__rep0.json	PILOT-2020003998	G	0	None	None	None	None	0	no_aligned_claims
PILOT-2020003998__G__gpt5.4__rep1.json	PILOT-2020003998	G	1	None	None	None	None	0	no_aligned_claims
PILOT-2020003998__G__gpt5.4__rep2.json	PILOT-2020003998	G	2	None	None	None	None	0	no_aligned_claims
PILOT-2020003998__G__haiku4.5__rep0.json	PILOT-2020003998	G	0	0.0186	0.0499	0.0293	0.0353	12	
PILOT-2020003998__G__haiku4.5__rep1.json	PILOT-2020003998	G	1	0.0224	0.0402	0.0433	0.0408	12	
PILOT-2020003998__G__haiku4.5__rep2.json	PILOT-2020003998	G	2	0.0189	0.0347	0.0377	0.0351	12	
PILOT-2020003998__G__sonnet4__rep0.json	PILOT-2020003998	G	0	None	None	None	None	0	no_aligned_claims
PILOT-2020003998__G__sonnet4__rep1.json	PILOT-2020003998	G	1	None	None	None	None	0	no_aligned_claims
PILOT-2020003998__G__sonnet4__rep2.json	PILOT-2020003998	G	2	None	None	None	None	0	no_aligned_claims
PILOT-2020004768__F__gpt4o-mini__rep0.json	PILOT-2020004768	F	0	0.7722	0.8083	0.875	0.8376	5	
PILOT-2020004768__F__gpt4o-mini__rep1.json	PILOT-2020004768	F	1	None				0	no_gen
PILOT-2020004768__F__gpt4o-mini__rep2.json	PILOT-2020004768	F	2	0.875	0.875	1.0	0.9293	5	
PILOT-2020004768__F__gpt5.4__rep0.json	PILOT-2020004768	F	0	0.6451	0.6848	0.8659	0.751	18	
PILOT-2020004768__F__gpt5.4__rep1.json	PILOT-2020004768	F	1	0.7279	0.7616	0.9278	0.8282	19	
PILOT-2020004768__F__gpt5.4__rep2.json	PILOT-2020004768	F	2	0.6996	0.7323	0.9288	0.8057	19	
PILOT-2020004768__F__haiku4.5__rep0.json	PILOT-2020004768	F	0	0.667	0.7696	0.8576	0.7773	19	
PILOT-2020004768__F__haiku4.5__rep1.json	PILOT-2020004768	F	1	0.7387	0.7661	0.9577	0.8369	18	
PILOT-2020004768__F__haiku4.5__rep2.json	PILOT-2020004768	F	2	0.6389	1.0	0.6389	0.7797	1	
PILOT-2020004768__F__sonnet4__rep0.json	PILOT-2020004768	F	0	0.6922	0.7541	0.8969	0.8035	20	
PILOT-2020004768__F__sonnet4__rep1.json	PILOT-2020004768	F	1	0.744	0.7854	0.9439	0.8435	19	
PILOT-2020004768__F__sonnet4__rep2.json	PILOT-2020004768	F	2	0.744	0.7854	0.9439	0.8435	19	
PILOT-2020004768__G__gpt4o-mini__rep0.json	PILOT-2020004768	G	0	0.9028	0.9271	0.9688	0.947	4	
PILOT-2020004768__G__gpt4o-mini__rep1.json	PILOT-2020004768	G	1	0.7167	0.8083	0.7773	0.7871	5	
PILOT-2020004768__G__gpt4o-mini__rep2.json	PILOT-2020004768	G	2	0.6809	0.8083	0.7658	0.7794	5	
PILOT-2020004768__G__gpt5.4__rep0.json	PILOT-2020004768	G	0	0.7048	0.7389	0.9344	0.8113	19	
PILOT-2020004768__G__gpt5.4__rep1.json	PILOT-2020004768	G	1	0.6986	0.7323	0.9278	0.805	19	
PILOT-2020004768__G__gpt5.4__rep2.json	PILOT-2020004768	G	2	0.6635	0.6972	0.8752	0.7629	19	
PILOT-2020004768__G__haiku4.5__rep0.json	PILOT-2020004768	G	0	0.7419	0.7684	0.9556	0.8394	18	
PILOT-2020004768__G__haiku4.5__rep1.json	PILOT-2020004768	G	1	0.6073	0.7617	0.7707	0.7288	10	
PILOT-2020004768__G__haiku4.5__rep2.json	PILOT-2020004768	G	2	0.7379	0.7753	0.9493	0.838	18	
PILOT-2020004768__G__sonnet4__rep0.json	PILOT-2020004768	G	0	0.6741	0.7541	0.878	0.7911	20	
PILOT-2020004768__G__sonnet4__rep1.json	PILOT-2020004768	G	1	0.6968	0.7477	0.9101	0.8054	19	
PILOT-2020004768__G__sonnet4__rep2.json	PILOT-2020004768	G	2	0.7066	0.7696	0.9083	0.8104	19	
PILOT-2020006264__F__gpt4o-mini__rep0.json	PILOT-2020006264	F	0	0.8299	0.8479	0.9742	0.9047	20	
PILOT-2020006264__F__gpt4o-mini__rep1.json	PILOT-2020006264	F	1	0.9375	0.9714	0.9645	0.9676	2	
PILOT-2020006264__F__gpt4o-mini__rep2.json	PILOT-2020006264	F	2	0.7763	0.8479	0.9007	0.8693	20	
PILOT-2020006264__F__gpt5.4__rep0.json	PILOT-2020006264	F	0	0.7853	0.8433	0.9203	0.8729	20	
PILOT-2020006264__F__gpt5.4__rep1.json	PILOT-2020006264	F	1	0.8161	0.8433	0.9639	0.8968	20	
PILOT-2020006264__F__gpt5.4__rep2.json	PILOT-2020006264	F	2	0.8278	0.8479	0.9789	0.905	20	
PILOT-2020006264__F__haiku4.5__rep0.json	PILOT-2020006264	F	0	0.7812	0.8479	0.9199	0.8726	20	
PILOT-2020006264__F__haiku4.5__rep1.json	PILOT-2020006264	F	1	0.8233	0.8479	0.9729	0.9021	20	
PILOT-2020006264__F__haiku4.5__rep2.json	PILOT-2020006264	F	2	0.8445	0.8479	0.9964	0.9145	20	
PILOT-2020006264__F__sonnet4__rep0.json	PILOT-2020006264	F	0	None				0	no_gen
PILOT-2020006264__F__sonnet4__rep1.json	PILOT-2020006264	F	1	None				0	no_gen
PILOT-2020006264__F__sonnet4__rep2.json	PILOT-2020006264	F	2	None				0	no_gen
PILOT-2020006264__G__gpt4o-mini__rep0.json	PILOT-2020006264	G	0	0.8445	0.8479	0.9964	0.9145	20	
PILOT-2020006264__G__gpt4o-mini__rep1.json	PILOT-2020006264	G	1	0.8445	0.8479	0.9964	0.9145	20	
PILOT-2020006264__G__gpt4o-mini__rep2.json	PILOT-2020006264	G	2	0.9375	0.9714	0.9645	0.9676	2	
PILOT-2020006264__G__gpt5.4__rep0.json	PILOT-2020006264	G	0	0.8171	0.8479	0.9674	0.8983	20	
PILOT-2020006264__G__gpt5.4__rep1.json	PILOT-2020006264	G	1	0.7313	0.8426	0.8593	0.8357	19	
PILOT-2020006264__G__gpt5.4__rep2.json	PILOT-2020006264	G	2	0.8278	0.8479	0.9789	0.905	20	
PILOT-2020006264__G__haiku4.5__rep0.json	PILOT-2020006264	G	0	0.5727	0.8479	0.6508	0.7193	20	
PILOT-2020006264__G__haiku4.5__rep1.json	PILOT-2020006264	G	1	0.6149	0.8479	0.7085	0.7383	20	
PILOT-2020006264__G__haiku4.5__rep2.json	PILOT-2020006264	G	2	0.4314	0.8479	0.4654	0.5955	20	
PILOT-2020006264__G__sonnet4__rep0.json	PILOT-2020006264	G	0	0.8318	0.8479	0.983	0.9073	20	
PILOT-2020006264__G__sonnet4__rep1.json	PILOT-2020006264	G	1	0.8306	0.8479	0.982	0.9066	20	
PILOT-2020006264__G__sonnet4__rep2.json	PILOT-2020006264	G	2	0.8318	0.8479	0.983	0.9073	20	
PILOT-2020006435__F__gpt4o-mini__rep0.json	PILOT-2020006435	F	0	0.5227	0.9385	0.5452	0.6072	5	
PILOT-2020006435__F__gpt4o-mini__rep1.json	PILOT-2020006435	F	1	0.8796	0.8985	0.9727	0.9228	29	
PILOT-2020006435__F__gpt4o-mini__rep2.json	PILOT-2020006435	F	2	0.887	0.9002	0.9869	0.9307	9	
PILOT-2020006435__F__gpt5.4__rep0.json	PILOT-2020006435	F	0	0.8637	0.8985	0.9526	0.9134	29	
PILOT-2020006435__F__gpt5.4__rep1.json	PILOT-2020006435	F	1	0.8794	0.8985	0.9726	0.9235	29	
PILOT-2020006435__F__gpt5.4__rep2.json	PILOT-2020006435	F	2	0.856	0.8985	0.9492	0.9086	29	
PILOT-2020006435__F__haiku4.5__rep0.json	PILOT-2020006435	F	0	0.7971	0.8777	0.8805	0.8643	29	
PILOT-2020006435__F__haiku4.5__rep1.json	PILOT-2020006435	F	1	0.7704	0.8985	0.856	0.8413	29	
PILOT-2020006435__F__haiku4.5__rep2.json	PILOT-2020006435	F	2	0.8376	0.8985	0.9261	0.8953	29	
PILOT-2020006435__F__sonnet4__rep0.json	PILOT-2020006435	F	0	0.8718	0.8985	0.965	0.919	29	
PILOT-2020006435__F__sonnet4__rep1.json	PILOT-2020006435	F	1	0.8718	0.8985	0.965	0.919	29	
PILOT-2020006435__F__sonnet4__rep2.json	PILOT-2020006435	F	2	0.8811	0.8985	0.9742	0.9243	29	
PILOT-2020006435__G__gpt4o-mini__rep0.json	PILOT-2020006435	G	0	0.8847	0.8985	0.9778	0.9263	29	
PILOT-2020006435__G__gpt4o-mini__rep1.json	PILOT-2020006435	G	1	0.9412	1.0	0.9412	0.9688	2	
PILOT-2020006435__G__gpt4o-mini__rep2.json	PILOT-2020006435	G	2	0.8476	0.8909	0.9444	0.903	29	
PILOT-2020006435__G__gpt5.4__rep0.json	PILOT-2020006435	G	0	0.8689	0.8985	0.962	0.9164	29	
PILOT-2020006435__G__gpt5.4__rep1.json	PILOT-2020006435	G	1	0.8536	0.8985	0.9468	0.9067	29	
PILOT-2020006435__G__gpt5.4__rep2.json	PILOT-2020006435	G	2	0.8517	0.8985	0.9449	0.9054	29	
PILOT-2020006435__G__haiku4.5__rep0.json	PILOT-2020006435	G	0	0.8591	0.8985	0.9522	0.9112	29	
PILOT-2020006435__G__haiku4.5__rep1.json	PILOT-2020006435	G	1	0.7886	0.8985	0.8768	0.8546	29	
PILOT-2020006435__G__haiku4.5__rep2.json	PILOT-2020006435	G	2	0.8471	0.8985	0.9384	0.9025	29	
PILOT-2020006435__G__sonnet4__rep0.json	PILOT-2020006435	G	0	0.8718	0.8985	0.965	0.919	29	
PILOT-2020006435__G__sonnet4__rep1.json	PILOT-2020006435	G	1	0.8811	0.8985	0.9742	0.9243	29	
PILOT-2020006435__G__sonnet4__rep2.json	PILOT-2020006435	G	2	0.8811	0.8985	0.9742	0.9243	29	
PILOT-2021000834__F__gpt4o-mini__rep0.json	PILOT-2021000834	F	0	0.8571	0.9815	0.8719	0.9195	6	
PILOT-2021000834__F__gpt4o-mini__rep1.json	PILOT-2021000834	F	1	0.86	0.9329	0.9144	0.9231	6	
PILOT-2021000834__F__gpt4o-mini__rep2.json	PILOT-2021000834	F	2	0.7231	0.9815	0.7294	0.8345	6	
PILOT-2021000834__F__gpt5.4__rep0.json	PILOT-2021000834	F	0	0.8959	0.9425	0.9446	0.9425	7	
PILOT-2021000834__F__gpt5.4__rep1.json	PILOT-2021000834	F	1	0.8986	0.9424	0.9453	0.9424	20	
PILOT-2021000834__F__gpt5.4__rep2.json	PILOT-2021000834	F	2	0.8534	0.9324	0.9062	0.9172	16	
PILOT-2021000834__F__haiku4.5__rep0.json	PILOT-2021000834	F	0	0.9671	1.0	0.9671	0.9809	20	
PILOT-2021000834__F__haiku4.5__rep1.json	PILOT-2021000834	F	1	0.9521	1.0	0.9521	0.9716	10	
PILOT-2021000834__F__haiku4.5__rep2.json	PILOT-2021000834	F	2	0.9802	1.0	0.9802	0.9896	10	
PILOT-2021000834__F__sonnet4__rep0.json	PILOT-2021000834	F	0	0.9002	0.9424	0.9471	0.9436	20	
PILOT-2021000834__F__sonnet4__rep1.json	PILOT-2021000834	F	1	0.841	0.956	0.8705	0.9001	20	
PILOT-2021000834__F__sonnet4__rep2.json	PILOT-2021000834	F	2	0.8519	0.9424	0.8879	0.9121	20	
PILOT-2021000834__G__gpt4o-mini__rep0.json	PILOT-2021000834	G	0	0.8461	0.9329	0.9005	0.9158	6	
PILOT-2021000834__G__gpt4o-mini__rep1.json	PILOT-2021000834	G	1	0.6825	0.9815	0.6898	0.8077	6	
PILOT-2021000834__G__gpt4o-mini__rep2.json	PILOT-2021000834	G	2	0.6317	0.9815	0.639	0.7661	6	
PILOT-2021000834__G__gpt5.4__rep0.json	PILOT-2021000834	G	0	0.8859	0.9324	0.941	0.9355	16	
PILOT-2021000834__G__gpt5.4__rep1.json	PILOT-2021000834	G	1	0.9034	0.956	0.9392	0.9446	20	
PILOT-2021000834__G__gpt5.4__rep2.json	PILOT-2021000834	G	2	0.8632	0.9324	0.9167	0.922	16	
PILOT-2021000834__G__haiku4.5__rep0.json	PILOT-2021000834	G	0	0.9454	0.9873	0.9552	0.9678	20	
PILOT-2021000834__G__haiku4.5__rep1.json	PILOT-2021000834	G	1	0.9579	0.9873	0.9677	0.977	20	
PILOT-2021000834__G__haiku4.5__rep2.json	PILOT-2021000834	G	2	0.8888	0.9502	0.9211	0.9347	20	
PILOT-2021000834__G__sonnet4__rep0.json	PILOT-2021000834	G	0	0.9286	0.9705	0.9503	0.9592	20	
PILOT-2021000834__G__sonnet4__rep1.json	PILOT-2021000834	G	1	0.8801	0.9424	0.9228	0.9303	20	
PILOT-2021000834__G__sonnet4__rep2.json	PILOT-2021000834	G	2	0.9036	0.946	0.9473	0.9455	20	
PILOT-2021001124__F__gpt4o-mini__rep0.json	PILOT-2021001124	F	0	None				0	no_gen
PILOT-2021001124__F__gpt4o-mini__rep1.json	PILOT-2021001124	F	1	None				0	no_gen
PILOT-2021001124__F__gpt4o-mini__rep2.json	PILOT-2021001124	F	2	0.7056	1.0	0.7056	0.8186	9	
PILOT-2021001124__F__gpt5.4__rep0.json	PILOT-2021001124	F	0	0.8366	1.0	0.8366	0.9046	15	
PILOT-2021001124__F__gpt5.4__rep1.json	PILOT-2021001124	F	1	0.9401	1.0	0.9401	0.966	15	
PILOT-2021001124__F__gpt5.4__rep2.json	PILOT-2021001124	F	2	0.8522	1.0	0.8522	0.9158	15	
PILOT-2021001124__F__haiku4.5__rep0.json	PILOT-2021001124	F	0	0.5787	1.0	0.5787	0.7306	11	
PILOT-2021001124__F__haiku4.5__rep1.json	PILOT-2021001124	F	1	0.5286	1.0	0.5286	0.6824	11	
PILOT-2021001124__F__haiku4.5__rep2.json	PILOT-2021001124	F	2	0.638	1.0	0.638	0.7654	11	
PILOT-2021001124__F__sonnet4__rep0.json	PILOT-2021001124	F	0	0.7033	1.0	0.7033	0.8089	11	
PILOT-2021001124__F__sonnet4__rep1.json	PILOT-2021001124	F	1	0.7214	1.0	0.7214	0.8205	11	
PILOT-2021001124__F__sonnet4__rep2.json	PILOT-2021001124	F	2	0.7674	1.0	0.7674	0.8604	11	
PILOT-2021001124__G__gpt4o-mini__rep0.json	PILOT-2021001124	G	0	0.9406	1.0	0.9406	0.969	6	
PILOT-2021001124__G__gpt4o-mini__rep1.json	PILOT-2021001124	G	1	0.9255	1.0	0.9255	0.9602	5	
PILOT-2021001124__G__gpt4o-mini__rep2.json	PILOT-2021001124	G	2	None				0	no_gen
PILOT-2021001124__G__gpt5.4__rep0.json	PILOT-2021001124	G	0	0.8499	1.0	0.8499	0.91	15	
PILOT-2021001124__G__gpt5.4__rep1.json	PILOT-2021001124	G	1	0.8526	0.9778	0.8646	0.915	15	
PILOT-2021001124__G__gpt5.4__rep2.json	PILOT-2021001124	G	2	0.8823	1.0	0.8823	0.9328	15	
PILOT-2021001124__G__haiku4.5__rep0.json	PILOT-2021001124	G	0	0.5819	1.0	0.5819	0.7175	11	
PILOT-2021001124__G__haiku4.5__rep1.json	PILOT-2021001124	G	1	0.7404	1.0	0.7404	0.8401	15	
PILOT-2021001124__G__haiku4.5__rep2.json	PILOT-2021001124	G	2	0.7172	1.0	0.7172	0.8202	15	
PILOT-2021001124__G__sonnet4__rep0.json	PILOT-2021001124	G	0	0.6191	1.0	0.6191	0.761	11	
PILOT-2021001124__G__sonnet4__rep1.json	PILOT-2021001124	G	1	0.7493	1.0	0.7493	0.8542	11	
PILOT-2021001124__G__sonnet4__rep2.json	PILOT-2021001124	G	2	0.6864	1.0	0.6864	0.7992	11	
PILOT-2021002328__F__gpt4o-mini__rep0.json	PILOT-2021002328	F	0	None				0	no_gen
PILOT-2021002328__F__gpt4o-mini__rep1.json	PILOT-2021002328	F	1	None				0	no_gen
PILOT-2021002328__F__gpt4o-mini__rep2.json	PILOT-2021002328	F	2	0.8149	0.9328	0.8742	0.893	11	
PILOT-2021002328__F__gpt5.4__rep0.json	PILOT-2021002328	F	0	0.8899	0.9452	0.9424	0.9354	14	
PILOT-2021002328__F__gpt5.4__rep1.json	PILOT-2021002328	F	1	0.8747	0.9188	0.9458	0.9256	14	
PILOT-2021002328__F__gpt5.4__rep2.json	PILOT-2021002328	F	2	0.8453	0.9146	0.9105	0.8982	14	
PILOT-2021002328__F__haiku4.5__rep0.json	PILOT-2021002328	F	0	0.1244	0.1992	0.1594	0.173	11	
PILOT-2021002328__F__haiku4.5__rep1.json	PILOT-2021002328	F	1	0.1123	0.2374	0.1579	0.1809	9	
PILOT-2021002328__F__haiku4.5__rep2.json	PILOT-2021002328	F	2	0.9104	0.9356	0.971	0.9466	40	
PILOT-2021002328__F__sonnet4__rep0.json	PILOT-2021002328	F	0	0.9399	0.9514	0.9879	0.9643	14	
PILOT-2021002328__F__sonnet4__rep1.json	PILOT-2021002328	F	1	0.9399	0.9514	0.9879	0.9643	14	
PILOT-2021002328__F__sonnet4__rep2.json	PILOT-2021002328	F	2	0.9399	0.9514	0.9879	0.9643	14	
PILOT-2021002328__G__gpt4o-mini__rep0.json	PILOT-2021002328	G	0	None				0	no_gen
PILOT-2021002328__G__gpt4o-mini__rep1.json	PILOT-2021002328	G	1	None				0	no_gen
PILOT-2021002328__G__gpt4o-mini__rep2.json	PILOT-2021002328	G	2	None				0	no_gen
PILOT-2021002328__G__gpt5.4__rep0.json	PILOT-2021002328	G	0	0.9043	0.9537	0.9506	0.9427	14	
PILOT-2021002328__G__gpt5.4__rep1.json	PILOT-2021002328	G	1	0.8762	0.9192	0.9379	0.922	14	
PILOT-2021002328__G__gpt5.4__rep2.json	PILOT-2021002328	G	2	0.8999	0.926	0.9653	0.9396	14	
PILOT-2021002328__G__haiku4.5__rep0.json	PILOT-2021002328	G	0	0.906	0.9363	0.9656	0.9435	40	
PILOT-2021002328__G__haiku4.5__rep1.json	PILOT-2021002328	G	1	0.8963	0.9371	0.9557	0.9372	40	
PILOT-2021002328__G__haiku4.5__rep2.json	PILOT-2021002328	G	2	0.7599	0.9357	0.8148	0.8585	11	
PILOT-2021002328__G__sonnet4__rep0.json	PILOT-2021002328	G	0	0.8127	0.9514	0.8543	0.8826	14	
PILOT-2021002328__G__sonnet4__rep1.json	PILOT-2021002328	G	1	0.8531	0.9193	0.909	0.9034	14	
PILOT-2021002328__G__sonnet4__rep2.json	PILOT-2021002328	G	2	0.8738	0.9514	0.9222	0.9169	14	
PILOT-2021003980__F__gpt4o-mini__rep0.json	PILOT-2021003980	F	0	0.8581	0.9961	0.8619	0.9199	7	
PILOT-2021003980__F__gpt4o-mini__rep1.json	PILOT-2021003980	F	1	0.9408	1.0	0.9408	0.9685	4	
PILOT-2021003980__F__gpt4o-mini__rep2.json	PILOT-2021003980	F	2	0.9932	0.9932	1.0	0.9966	4	
PILOT-2021003980__F__gpt5.4__rep0.json	PILOT-2021003980	F	0	0.9058	1.0	0.9058	0.9423	20	
PILOT-2021003980__F__gpt5.4__rep1.json	PILOT-2021003980	F	1	0.9315	1.0	0.9315	0.9551	20	
PILOT-2021003980__F__gpt5.4__rep2.json	PILOT-2021003980	F	2	0.9031	1.0	0.9031	0.9384	20	
PILOT-2021003980__F__haiku4.5__rep0.json	PILOT-2021003980	F	0	0.6837	0.9932	0.6868	0.7967	4	
PILOT-2021003980__F__haiku4.5__rep1.json	PILOT-2021003980	F	1	0.6219	0.9961	0.6239	0.7622	7	
PILOT-2021003980__F__haiku4.5__rep2.json	PILOT-2021003980	F	2	0.6915	0.997	0.6932	0.8137	9	
PILOT-2021003980__F__sonnet4__rep0.json	PILOT-2021003980	F	0	0.9606	1.0	0.9606	0.9769	20	
PILOT-2021003980__F__sonnet4__rep1.json	PILOT-2021003980	F	1	0.9645	1.0	0.9645	0.9798	20	
PILOT-2021003980__F__sonnet4__rep2.json	PILOT-2021003980	F	2	0.9606	1.0	0.9606	0.9769	20	
PILOT-2021003980__G__gpt4o-mini__rep0.json	PILOT-2021003980	G	0	0.9913	0.9944	0.9969	0.9955	16	
PILOT-2021003980__G__gpt4o-mini__rep1.json	PILOT-2021003980	G	1	0.864	0.9919	0.8703	0.924	11	
PILOT-2021003980__G__gpt4o-mini__rep2.json	PILOT-2021003980	G	2	0.9339	1.0	0.9339	0.9655	2	
PILOT-2021003980__G__gpt5.4__rep0.json	PILOT-2021003980	G	0	0.9575	1.0	0.9575	0.9764	20	
PILOT-2021003980__G__gpt5.4__rep1.json	PILOT-2021003980	G	1	0.9579	1.0	0.9579	0.9749	20	
PILOT-2021003980__G__gpt5.4__rep2.json	PILOT-2021003980	G	2	0.9583	0.9986	0.9591	0.9759	20	
PILOT-2021003980__G__haiku4.5__rep0.json	PILOT-2021003980	G	0	0.9495	0.9986	0.9502	0.9695	20	
PILOT-2021003980__G__haiku4.5__rep1.json	PILOT-2021003980	G	1	0.7187	0.9983	0.7197	0.8127	16	
PILOT-2021003980__G__haiku4.5__rep2.json	PILOT-2021003980	G	2	0.7311	0.9983	0.732	0.8325	16	
PILOT-2021003980__G__sonnet4__rep0.json	PILOT-2021003980	G	0	0.9185	0.98	0.9271	0.949	20	
PILOT-2021003980__G__sonnet4__rep1.json	PILOT-2021003980	G	1	0.9007	0.98	0.9093	0.9384	20	
PILOT-2021003980__G__sonnet4__rep2.json	PILOT-2021003980	G	2	0.9009	0.98	0.9094	0.9383	20	
PILOT-2022000316__F__gpt4o-mini__rep0.json	PILOT-2022000316	F	0	0.9107	0.9107	1.0	0.9456	4	
PILOT-2022000316__F__gpt4o-mini__rep1.json	PILOT-2022000316	F	1	0.5354	0.6738	0.6924	0.6762	4	
PILOT-2022000316__F__gpt4o-mini__rep2.json	PILOT-2022000316	F	2	0.9833	1.0	0.9833	0.9914	4	
PILOT-2022000316__F__gpt5.4__rep0.json	PILOT-2022000316	F	0	0.902	0.9461	0.9209	0.9297	25	
PILOT-2022000316__F__gpt5.4__rep1.json	PILOT-2022000316	F	1	0.9296	0.9582	0.9642	0.9592	25	
PILOT-2022000316__F__gpt5.4__rep2.json	PILOT-2022000316	F	2	0.8991	0.9461	0.9161	0.927	25	
PILOT-2022000316__F__haiku4.5__rep0.json	PILOT-2022000316	F	0	0.9622	0.9775	0.9801	0.978	22	
PILOT-2022000316__F__haiku4.5__rep1.json	PILOT-2022000316	F	1	0.9449	0.9775	0.9526	0.9607	22	
PILOT-2022000316__F__haiku4.5__rep2.json	PILOT-2022000316	F	2	0.9172	0.949	0.948	0.9477	25	
PILOT-2022000316__F__sonnet4__rep0.json	PILOT-2022000316	F	0	0.8854	0.949	0.9068	0.9219	25	
PILOT-2022000316__F__sonnet4__rep1.json	PILOT-2022000316	F	1	0.8776	0.9416	0.9066	0.919	25	
PILOT-2022000316__F__sonnet4__rep2.json	PILOT-2022000316	F	2	0.8933	0.9461	0.9149	0.926	25	
PILOT-2022000316__G__gpt4o-mini__rep0.json	PILOT-2022000316	G	0	0.8097	0.8651	0.9419	0.8898	3	
PILOT-2022000316__G__gpt4o-mini__rep1.json	PILOT-2022000316	G	1	0.7295	0.8607	0.8286	0.8405	4	
PILOT-2022000316__G__gpt4o-mini__rep2.json	PILOT-2022000316	G	2	0.5762	0.7397	0.7	0.7185	3	
PILOT-2022000316__G__gpt5.4__rep0.json	PILOT-2022000316	G	0	0.8982	0.9461	0.915	0.9247	25	
PILOT-2022000316__G__gpt5.4__rep1.json	PILOT-2022000316	G	1	0.9181	0.949	0.9471	0.9466	25	
PILOT-2022000316__G__gpt5.4__rep2.json	PILOT-2022000316	G	2	0.9225	0.9627	0.9367	0.9461	25	
PILOT-2022000316__G__haiku4.5__rep0.json	PILOT-2022000316	G	0	0.9659	0.9775	0.9883	0.9808	22	
PILOT-2022000316__G__haiku4.5__rep1.json	PILOT-2022000316	G	1	0.9029	0.9472	0.9261	0.9326	25	
PILOT-2022000316__G__haiku4.5__rep2.json	PILOT-2022000316	G	2	0.9035	0.949	0.9253	0.9333	25	
PILOT-2022000316__G__sonnet4__rep0.json	PILOT-2022000316	G	0	0.9066	0.9472	0.9299	0.9346	25	
PILOT-2022000316__G__sonnet4__rep1.json	PILOT-2022000316	G	1	0.9058	0.9443	0.9293	0.9336	25	
PILOT-2022000316__G__sonnet4__rep2.json	PILOT-2022000316	G	2	0.9066	0.9472	0.9299	0.9346	25	
PILOT-2022001087__F__gpt4o-mini__rep0.json	PILOT-2022001087	F	0	0.9853	0.9866	0.9986	0.9923	24	
PILOT-2022001087__F__gpt4o-mini__rep1.json	PILOT-2022001087	F	1	0.8912	0.9941	0.8965	0.939	12	
PILOT-2022001087__F__gpt4o-mini__rep2.json	PILOT-2022001087	F	2	0.8939	0.9907	0.9026	0.9377	22	
PILOT-2022001087__F__gpt5.4__rep0.json	PILOT-2022001087	F	0	0.9424	0.9503	0.9902	0.9629	24	
PILOT-2022001087__F__gpt5.4__rep1.json	PILOT-2022001087	F	1	0.935	0.9566	0.9662	0.9611	24	
PILOT-2022001087__F__gpt5.4__rep2.json	PILOT-2022001087	F	2	0.9671	0.9837	0.9808	0.9814	24	
PILOT-2022001087__F__haiku4.5__rep0.json	PILOT-2022001087	F	0	0.8593	0.8955	0.9442	0.9183	24	
PILOT-2022001087__F__haiku4.5__rep1.json	PILOT-2022001087	F	1	0.9866	0.9866	1.0	0.993	24	
PILOT-2022001087__F__haiku4.5__rep2.json	PILOT-2022001087	F	2	0.7002	0.7002	1.0	0.785	24	
PILOT-2022001087__F__sonnet4__rep0.json	PILOT-2022001087	F	0	0.5568	0.6278	0.7785	0.673	22	
PILOT-2022001087__F__sonnet4__rep1.json	PILOT-2022001087	F	1	0.7638	0.7931	0.9601	0.8371	24	
PILOT-2022001087__F__sonnet4__rep2.json	PILOT-2022001087	F	2	0.606	0.6567	0.9312	0.7261	22	
PILOT-2022001087__G__gpt4o-mini__rep0.json	PILOT-2022001087	G	0	0.8735	0.9475	0.9102	0.9276	22	
PILOT-2022001087__G__gpt4o-mini__rep1.json	PILOT-2022001087	G	1	0.9208	0.952	0.962	0.9568	14	
PILOT-2022001087__G__gpt4o-mini__rep2.json	PILOT-2022001087	G	2	0.967	0.9797	0.9855	0.9823	11	
PILOT-2022001087__G__gpt5.4__rep0.json	PILOT-2022001087	G	0	0.8072	0.8401	0.9319	0.8804	24	
PILOT-2022001087__G__gpt5.4__rep1.json	PILOT-2022001087	G	1	0.846	0.8849	0.9389	0.91	24	
PILOT-2022001087__G__gpt5.4__rep2.json	PILOT-2022001087	G	2	0.744	0.8056	0.8465	0.8181	24	
PILOT-2022001087__G__haiku4.5__rep0.json	PILOT-2022001087	G	0	0.8569	0.8955	0.9416	0.917	24	
PILOT-2022001087__G__haiku4.5__rep1.json	PILOT-2022001087	G	1	0.9839	0.9854	0.9984	0.9916	22	
PILOT-2022001087__G__haiku4.5__rep2.json	PILOT-2022001087	G	2	0.782	0.8268	0.922	0.8618	22	
PILOT-2022001087__G__sonnet4__rep0.json	PILOT-2022001087	G	0	0.958	0.9866	0.9708	0.9768	24	
PILOT-2022001087__G__sonnet4__rep1.json	PILOT-2022001087	G	1	0.8139	0.9866	0.8236	0.8928	24	
PILOT-2022001087__G__sonnet4__rep2.json	PILOT-2022001087	G	2	0.937	0.976	0.9579	0.965	24	
