file	case	cond	rep	c5	total_hits	char_len	token_len	n_claims	reason
PILOT-2009010505__F__gpt4o-mini__rep0.json	PILOT-2009010505	F	0	5.3968	27	5003	721	17	
PILOT-2009010505__F__gpt4o-mini__rep1.json	PILOT-2009010505	F	1	None	0	0		0	no_parsed_body
PILOT-2009010505__F__gpt4o-mini__rep2.json	PILOT-2009010505	F	2	1.3661	1	732	103	2	
PILOT-2009010505__F__gpt5.4__rep0.json	PILOT-2009010505	F	0	4.8488	34	7012	1026	23	
PILOT-2009010505__F__gpt5.4__rep1.json	PILOT-2009010505	F	1	4.8309	34	7038	1030	23	
PILOT-2009010505__F__gpt5.4__rep2.json	PILOT-2009010505	F	2	4.9499	38	7677	1130	28	
PILOT-2009010505__F__haiku4.5__rep0.json	PILOT-2009010505	F	0	2.8528	28	9815	1393	32	
PILOT-2009010505__F__haiku4.5__rep1.json	PILOT-2009010505	F	1	4.0236	47	11681	1676	32	
PILOT-2009010505__F__haiku4.5__rep2.json	PILOT-2009010505	F	2	4.0147	48	11956	1681	28	
PILOT-2009010505__F__sonnet4__rep0.json	PILOT-2009010505	F	0	4.303	38	8831	1278	28	
PILOT-2009010505__F__sonnet4__rep1.json	PILOT-2009010505	F	1	4.1635	38	9127	1310	28	
PILOT-2009010505__F__sonnet4__rep2.json	PILOT-2009010505	F	2	4.3094	38	8818	1272	28	
PILOT-2009010505__G__gpt4o-mini__rep0.json	PILOT-2009010505	G	0	5.0837	17	3344	496	14	
PILOT-2009010505__G__gpt4o-mini__rep1.json	PILOT-2009010505	G	1	3.5778	12	3354	490	12	
PILOT-2009010505__G__gpt4o-mini__rep2.json	PILOT-2009010505	G	2	None	0	0		0	no_parsed_body
PILOT-2009010505__G__gpt5.4__rep0.json	PILOT-2009010505	G	0	4.7393	34	7174	1058	24	
PILOT-2009010505__G__gpt5.4__rep1.json	PILOT-2009010505	G	1	5.1782	42	8111	1190	28	
PILOT-2009010505__G__gpt5.4__rep2.json	PILOT-2009010505	G	2	5.3446	38	7110	1044	23	
PILOT-2009010505__G__haiku4.5__rep0.json	PILOT-2009010505	G	0	3.4994	42	12002	1741	30	
PILOT-2009010505__G__haiku4.5__rep1.json	PILOT-2009010505	G	1	3.579	39	10897	1520	26	
PILOT-2009010505__G__haiku4.5__rep2.json	PILOT-2009010505	G	2	3.5317	41	11609	1650	32	
PILOT-2009010505__G__sonnet4__rep0.json	PILOT-2009010505	G	0	3.5868	30	8364	1198	25	
PILOT-2009010505__G__sonnet4__rep1.json	PILOT-2009010505	G	1	4.3394	38	8757	1266	28	
PILOT-2009010505__G__sonnet4__rep2.json	PILOT-2009010505	G	2	4.519	38	8409	1206	28	
PILOT-2010007757__F__gpt4o-mini__rep0.json	PILOT-2010007757	F	0	None	0	0		0	no_parsed_body
PILOT-2010007757__F__gpt4o-mini__rep1.json	PILOT-2010007757	F	1	6.2696	2	319	41	3	
PILOT-2010007757__F__gpt4o-mini__rep2.json	PILOT-2010007757	F	2	16.3934	11	671	91	3	
PILOT-2010007757__F__gpt5.4__rep0.json	PILOT-2010007757	F	0	7.7687	18	2317	308	17	
PILOT-2010007757__F__gpt5.4__rep1.json	PILOT-2010007757	F	1	7.7453	18	2324	313	17	
PILOT-2010007757__F__gpt5.4__rep2.json	PILOT-2010007757	F	2	5.3191	2	376	47	3	
PILOT-2010007757__F__haiku4.5__rep0.json	PILOT-2010007757	F	0	8.1433	5	614	81	3	
PILOT-2010007757__F__haiku4.5__rep1.json	PILOT-2010007757	F	1	5.0	2	400	53	3	
PILOT-2010007757__F__haiku4.5__rep2.json	PILOT-2010007757	F	2	4.2918	2	466	61	3	
PILOT-2010007757__F__sonnet4__rep0.json	PILOT-2010007757	F	0	7.2464	14	1932	262	17	
PILOT-2010007757__F__sonnet4__rep1.json	PILOT-2010007757	F	1	8.2645	18	2178	296	17	
PILOT-2010007757__F__sonnet4__rep2.json	PILOT-2010007757	F	2	8.3565	18	2154	294	17	
PILOT-2010007757__G__gpt4o-mini__rep0.json	PILOT-2010007757	G	0	8.0515	5	621	83	3	
PILOT-2010007757__G__gpt4o-mini__rep1.json	PILOT-2010007757	G	1	4.1667	3	720	96	3	
PILOT-2010007757__G__gpt4o-mini__rep2.json	PILOT-2010007757	G	2	1.7652	2	1133	156	5	
PILOT-2010007757__G__gpt5.4__rep0.json	PILOT-2010007757	G	0	8.1967	18	2196	297	17	
PILOT-2010007757__G__gpt5.4__rep1.json	PILOT-2010007757	G	1	5.3191	2	376	46	3	
PILOT-2010007757__G__gpt5.4__rep2.json	PILOT-2010007757	G	2	9.9606	43	4317	598	32	
PILOT-2010007757__G__haiku4.5__rep0.json	PILOT-2010007757	G	0	3.3898	2	590	77	3	
PILOT-2010007757__G__haiku4.5__rep1.json	PILOT-2010007757	G	1	4.0	2	500	65	3	
PILOT-2010007757__G__haiku4.5__rep2.json	PILOT-2010007757	G	2	6.6642	18	2701	365	17	
PILOT-2010007757__G__sonnet4__rep0.json	PILOT-2010007757	G	0	7.9787	18	2256	310	17	
PILOT-2010007757__G__sonnet4__rep1.json	PILOT-2010007757	G	1	8.2117	18	2192	302	17	
PILOT-2010007757__G__sonnet4__rep2.json	PILOT-2010007757	G	2	7.9787	18	2256	310	17	
PILOT-2010008015__F__gpt4o-mini__rep0.json	PILOT-2010008015	F	0	8.4299	8	949	130	4	
PILOT-2010008015__F__gpt4o-mini__rep1.json	PILOT-2010008015	F	1	7.6849	8	1041	144	4	
PILOT-2010008015__F__gpt4o-mini__rep2.json	PILOT-2010008015	F	2	6.1967	8	1291	176	5	
PILOT-2010008015__F__gpt5.4__rep0.json	PILOT-2010008015	F	0	9.6463	63	6531	962	28	
PILOT-2010008015__F__gpt5.4__rep1.json	PILOT-2010008015	F	1	9.6051	63	6559	966	28	
PILOT-2010008015__F__gpt5.4__rep2.json	PILOT-2010008015	F	2	9.6641	63	6519	961	28	
PILOT-2010008015__F__haiku4.5__rep0.json	PILOT-2010008015	F	0	7.5036	63	8396	1213	28	
PILOT-2010008015__F__haiku4.5__rep1.json	PILOT-2010008015	F	1	8.1606	63	7720	1125	28	
PILOT-2010008015__F__haiku4.5__rep2.json	PILOT-2010008015	F	2	8.6765	63	7261	1052	28	
PILOT-2010008015__F__sonnet4__rep0.json	PILOT-2010008015	F	0	9.6911	64	6604	969	28	
PILOT-2010008015__F__sonnet4__rep1.json	PILOT-2010008015	F	1	9.6911	64	6604	969	28	
PILOT-2010008015__F__sonnet4__rep2.json	PILOT-2010008015	F	2	9.4002	63	6702	976	28	
PILOT-2010008015__G__gpt4o-mini__rep0.json	PILOT-2010008015	G	0	2.7109	8	2951	407	7	
PILOT-2010008015__G__gpt4o-mini__rep1.json	PILOT-2010008015	G	1	9.3857	11	1172	164	4	
PILOT-2010008015__G__gpt4o-mini__rep2.json	PILOT-2010008015	G	2	8.7342	63	7213	1060	28	
PILOT-2010008015__G__gpt5.4__rep0.json	PILOT-2010008015	G	0	9.6242	63	6546	965	28	
PILOT-2010008015__G__gpt5.4__rep1.json	PILOT-2010008015	G	1	9.7132	63	6486	956	28	
PILOT-2010008015__G__gpt5.4__rep2.json	PILOT-2010008015	G	2	9.6507	63	6528	962	28	
PILOT-2010008015__G__haiku4.5__rep0.json	PILOT-2010008015	G	0	9.2335	63	6823	1000	28	
PILOT-2010008015__G__haiku4.5__rep1.json	PILOT-2010008015	G	1	8.9846	63	7012	1027	28	
PILOT-2010008015__G__haiku4.5__rep2.json	PILOT-2010008015	G	2	9.2838	63	6786	995	28	
PILOT-2010008015__G__sonnet4__rep0.json	PILOT-2010008015	G	0	9.6908	63	6501	956	28	
PILOT-2010008015__G__sonnet4__rep1.json	PILOT-2010008015	G	1	9.5281	63	6612	971	28	
PILOT-2010008015__G__sonnet4__rep2.json	PILOT-2010008015	G	2	9.5963	63	6565	963	28	
PILOT-2010010196__F__gpt4o-mini__rep0.json	PILOT-2010010196	F	0	1.4925	1	670	96	2	
PILOT-2010010196__F__gpt4o-mini__rep1.json	PILOT-2010010196	F	1	2.265	2	883	119	3	
PILOT-2010010196__F__gpt4o-mini__rep2.json	PILOT-2010010196	F	2	1.5649	1	639	89	2	
PILOT-2010010196__F__gpt5.4__rep0.json	PILOT-2010010196	F	0	2.8955	11	3799	555	20	
PILOT-2010010196__F__gpt5.4__rep1.json	PILOT-2010010196	F	1	2.8955	11	3799	555	20	
PILOT-2010010196__F__gpt5.4__rep2.json	PILOT-2010010196	F	2	2.6461	11	4157	603	20	
PILOT-2010010196__F__haiku4.5__rep0.json	PILOT-2010010196	F	0	2.7997	11	3929	569	20	
PILOT-2010010196__F__haiku4.5__rep1.json	PILOT-2010010196	F	1	2.8054	11	3921	568	20	
PILOT-2010010196__F__haiku4.5__rep2.json	PILOT-2010010196	F	2	2.8176	11	3904	566	20	
PILOT-2010010196__F__sonnet4__rep0.json	PILOT-2010010196	F	0	2.5417	9	3541	514	20	
PILOT-2010010196__F__sonnet4__rep1.json	PILOT-2010010196	F	1	2.957	11	3720	540	20	
PILOT-2010010196__F__sonnet4__rep2.json	PILOT-2010010196	F	2	2.5417	9	3541	514	20	
PILOT-2010010196__G__gpt4o-mini__rep0.json	PILOT-2010010196	G	0	1.5576	1	642	88	2	
PILOT-2010010196__G__gpt4o-mini__rep1.json	PILOT-2010010196	G	1	1.3175	1	759	106	2	
PILOT-2010010196__G__gpt4o-mini__rep2.json	PILOT-2010010196	G	2	1.4993	1	667	92	2	
PILOT-2010010196__G__gpt5.4__rep0.json	PILOT-2010010196	G	0	2.961	11	3715	534	20	
PILOT-2010010196__G__gpt5.4__rep1.json	PILOT-2010010196	G	1	2.942	11	3739	541	20	
PILOT-2010010196__G__gpt5.4__rep2.json	PILOT-2010010196	G	2	2.9435	11	3737	544	20	
PILOT-2010010196__G__haiku4.5__rep0.json	PILOT-2010010196	G	0	2.852	11	3857	560	20	
PILOT-2010010196__G__haiku4.5__rep1.json	PILOT-2010010196	G	1	1.1013	2	1816	257	20	
PILOT-2010010196__G__haiku4.5__rep2.json	PILOT-2010010196	G	2	1.0881	2	1838	260	20	
PILOT-2010010196__G__sonnet4__rep0.json	PILOT-2010010196	G	0	2.8773	11	3823	555	20	
PILOT-2010010196__G__sonnet4__rep1.json	PILOT-2010010196	G	1	2.4423	9	3685	535	20	
PILOT-2010010196__G__sonnet4__rep2.json	PILOT-2010010196	G	2	2.2554	8	3547	515	20	
PILOT-2010011970__F__gpt4o-mini__rep0.json	PILOT-2010011970	F	0	1.2788	2	1564	226	3	
PILOT-2010011970__F__gpt4o-mini__rep1.json	PILOT-2010011970	F	1	None	0	0		0	no_parsed_body
PILOT-2010011970__F__gpt4o-mini__rep2.json	PILOT-2010011970	F	2	1.2026	2	1663	238	3	
PILOT-2010011970__F__gpt5.4__rep0.json	PILOT-2010011970	F	0	2.7624	7	2534	377	6	
PILOT-2010011970__F__gpt5.4__rep1.json	PILOT-2010011970	F	1	3.3646	14	4161	623	8	
PILOT-2010011970__F__gpt5.4__rep2.json	PILOT-2010011970	F	2	3.4993	13	3715	549	8	
PILOT-2010011970__F__haiku4.5__rep0.json	PILOT-2010011970	F	0	2.3565	11	4668	683	8	
PILOT-2010011970__F__haiku4.5__rep1.json	PILOT-2010011970	F	1	2.9452	13	4414	652	8	
PILOT-2010011970__F__haiku4.5__rep2.json	PILOT-2010011970	F	2	2.2553	10	4434	645	8	
PILOT-2010011970__F__sonnet4__rep0.json	PILOT-2010011970	F	0	3.2082	10	3117	450	8	
PILOT-2010011970__F__sonnet4__rep1.json	PILOT-2010011970	F	1	2.4676	8	3242	459	8	
PILOT-2010011970__F__sonnet4__rep2.json	PILOT-2010011970	F	2	5.6206	12	2135	316	4	
PILOT-2010011970__G__gpt4o-mini__rep0.json	PILOT-2010011970	G	0	0.6146	1	1627	230	3	
PILOT-2010011970__G__gpt4o-mini__rep1.json	PILOT-2010011970	G	1	1.2477	2	1603	229	3	
PILOT-2010011970__G__gpt4o-mini__rep2.json	PILOT-2010011970	G	2	1.1669	2	1714	244	3	
PILOT-2010011970__G__gpt5.4__rep0.json	PILOT-2010011970	G	0	2.9821	6	2012	298	6	
PILOT-2010011970__G__gpt5.4__rep1.json	PILOT-2010011970	G	1	3.0946	7	2262	335	6	
PILOT-2010011970__G__gpt5.4__rep2.json	PILOT-2010011970	G	2	2.2504	8	3555	536	8	
PILOT-2010011970__G__haiku4.5__rep0.json	PILOT-2010011970	G	0	2.4296	12	4939	727	8	
PILOT-2010011970__G__haiku4.5__rep1.json	PILOT-2010011970	G	1	1.9535	10	5119	756	8	
PILOT-2010011970__G__haiku4.5__rep2.json	PILOT-2010011970	G	2	2.002	10	4995	734	8	
PILOT-2010011970__G__sonnet4__rep0.json	PILOT-2010011970	G	0	1.2457	4	3211	457	7	
PILOT-2010011970__G__sonnet4__rep1.json	PILOT-2010011970	G	1	3.3121	13	3925	568	8	
PILOT-2010011970__G__sonnet4__rep2.json	PILOT-2010011970	G	2	3.8557	14	3631	510	8	
PILOT-2011003851__F__gpt4o-mini__rep0.json	PILOT-2011003851	F	0	None	0	0		0	no_parsed_body
PILOT-2011003851__F__gpt4o-mini__rep1.json	PILOT-2011003851	F	1	None	0	0		0	no_parsed_body
PILOT-2011003851__F__gpt4o-mini__rep2.json	PILOT-2011003851	F	2	2.0466	23	11238	1692	20	
PILOT-2011003851__F__gpt5.4__rep0.json	PILOT-2011003851	F	0	2.0641	23	11143	1678	20	
PILOT-2011003851__F__gpt5.4__rep1.json	PILOT-2011003851	F	1	2.0641	23	11143	1678	20	
PILOT-2011003851__F__gpt5.4__rep2.json	PILOT-2011003851	F	2	2.0007	23	11496	1745	20	
PILOT-2011003851__F__haiku4.5__rep0.json	PILOT-2011003851	F	0	1.8396	23	12503	1894	20	
PILOT-2011003851__F__haiku4.5__rep1.json	PILOT-2011003851	F	1	1.7177	23	13390	2019	20	
PILOT-2011003851__F__haiku4.5__rep2.json	PILOT-2011003851	F	2	1.7372	23	13240	1995	20	
PILOT-2011003851__F__sonnet4__rep0.json	PILOT-2011003851	F	0	2.0933	25	11943	1794	20	
PILOT-2011003851__F__sonnet4__rep1.json	PILOT-2011003851	F	1	2.032	23	11319	1703	20	
PILOT-2011003851__F__sonnet4__rep2.json	PILOT-2011003851	F	2	1.9765	23	11637	1755	20	
PILOT-2011003851__G__gpt4o-mini__rep0.json	PILOT-2011003851	G	0	None	0	0		0	no_parsed_body
PILOT-2011003851__G__gpt4o-mini__rep1.json	PILOT-2011003851	G	1	1.8477	23	12448	1861	20	
PILOT-2011003851__G__gpt4o-mini__rep2.json	PILOT-2011003851	G	2	2.0211	23	11380	1717	20	
PILOT-2011003851__G__gpt5.4__rep0.json	PILOT-2011003851	G	0	2.1954	26	11843	1806	20	
PILOT-2011003851__G__gpt5.4__rep1.json	PILOT-2011003851	G	1	2.1185	25	11801	1784	20	
PILOT-2011003851__G__gpt5.4__rep2.json	PILOT-2011003851	G	2	2.0441	23	11252	1696	20	
PILOT-2011003851__G__haiku4.5__rep0.json	PILOT-2011003851	G	0	1.613	23	14259	2081	20	
PILOT-2011003851__G__haiku4.5__rep1.json	PILOT-2011003851	G	1	1.6296	23	14114	2141	20	
PILOT-2011003851__G__haiku4.5__rep2.json	PILOT-2011003851	G	2	1.5818	23	14540	2180	20	
PILOT-2011003851__G__sonnet4__rep0.json	PILOT-2011003851	G	0	1.9365	23	11877	1787	20	
PILOT-2011003851__G__sonnet4__rep1.json	PILOT-2011003851	G	1	1.9195	23	11982	1807	20	
PILOT-2011003851__G__sonnet4__rep2.json	PILOT-2011003851	G	2	1.9216	23	11969	1804	20	
PILOT-2011004581__F__gpt4o-mini__rep0.json	PILOT-2011004581	F	0	4.5249	11	2431	338	8	
PILOT-2011004581__F__gpt4o-mini__rep1.json	PILOT-2011004581	F	1	3.4622	12	3466	472	10	
PILOT-2011004581__F__gpt4o-mini__rep2.json	PILOT-2011004581	F	2	3.8368	11	2867	399	8	
PILOT-2011004581__F__gpt5.4__rep0.json	PILOT-2011004581	F	0	4.363	15	3438	479	11	
PILOT-2011004581__F__gpt5.4__rep1.json	PILOT-2011004581	F	1	3.9432	15	3804	530	11	
PILOT-2011004581__F__gpt5.4__rep2.json	PILOT-2011004581	F	2	4.1958	15	3575	498	11	
PILOT-2011004581__F__haiku4.5__rep0.json	PILOT-2011004581	F	0	3.8471	15	3899	544	11	
PILOT-2011004581__F__haiku4.5__rep1.json	PILOT-2011004581	F	1	3.8197	15	3927	544	11	
PILOT-2011004581__F__haiku4.5__rep2.json	PILOT-2011004581	F	2	3.5537	15	4221	579	11	
PILOT-2011004581__F__sonnet4__rep0.json	PILOT-2011004581	F	0	3.6828	15	4073	556	11	
PILOT-2011004581__F__sonnet4__rep1.json	PILOT-2011004581	F	1	3.6434	15	4117	567	11	
PILOT-2011004581__F__sonnet4__rep2.json	PILOT-2011004581	F	2	3.8971	15	3849	525	11	
PILOT-2011004581__G__gpt4o-mini__rep0.json	PILOT-2011004581	G	0	4.2493	12	2824	391	9	
PILOT-2011004581__G__gpt4o-mini__rep1.json	PILOT-2011004581	G	1	4.2476	7	1648	233	5	
PILOT-2011004581__G__gpt4o-mini__rep2.json	PILOT-2011004581	G	2	3.406	10	2936	399	8	
PILOT-2011004581__G__gpt5.4__rep0.json	PILOT-2011004581	G	0	4.0839	15	3673	509	11	
PILOT-2011004581__G__gpt5.4__rep1.json	PILOT-2011004581	G	1	4.2373	15	3540	494	11	
PILOT-2011004581__G__gpt5.4__rep2.json	PILOT-2011004581	G	2	4.4313	15	3385	468	11	
PILOT-2011004581__G__haiku4.5__rep0.json	PILOT-2011004581	G	0	3.9339	15	3813	528	11	
PILOT-2011004581__G__haiku4.5__rep1.json	PILOT-2011004581	G	1	3.88	15	3866	539	11	
PILOT-2011004581__G__haiku4.5__rep2.json	PILOT-2011004581	G	2	3.1983	15	4690	647	11	
PILOT-2011004581__G__sonnet4__rep0.json	PILOT-2011004581	G	0	3.88	15	3866	529	11	
PILOT-2011004581__G__sonnet4__rep1.json	PILOT-2011004581	G	1	3.8344	15	3912	536	11	
PILOT-2011004581__G__sonnet4__rep2.json	PILOT-2011004581	G	2	3.9164	15	3830	524	11	
PILOT-2011007474__F__gpt4o-mini__rep0.json	PILOT-2011007474	F	0	None	0	0		0	no_parsed_body
PILOT-2011007474__F__gpt4o-mini__rep1.json	PILOT-2011007474	F	1	None	0	0		0	no_parsed_body
PILOT-2011007474__F__gpt4o-mini__rep2.json	PILOT-2011007474	F	2	None	0	0		0	no_parsed_body
PILOT-2011007474__F__gpt5.4__rep0.json	PILOT-2011007474	F	0	7.8009	21	2692	372	14	
PILOT-2011007474__F__gpt5.4__rep1.json	PILOT-2011007474	F	1	8.2707	22	2660	370	14	
PILOT-2011007474__F__gpt5.4__rep2.json	PILOT-2011007474	F	2	7.5901	20	2635	365	14	
PILOT-2011007474__F__haiku4.5__rep0.json	PILOT-2011007474	F	0	5.4702	21	3839	529	14	
PILOT-2011007474__F__haiku4.5__rep1.json	PILOT-2011007474	F	1	5.5089	21	3812	521	14	
PILOT-2011007474__F__haiku4.5__rep2.json	PILOT-2011007474	F	2	5.627	21	3732	509	14	
PILOT-2011007474__F__sonnet4__rep0.json	PILOT-2011007474	F	0	7.7922	21	2695	381	14	
PILOT-2011007474__F__sonnet4__rep1.json	PILOT-2011007474	F	1	7.9007	21	2658	374	14	
PILOT-2011007474__F__sonnet4__rep2.json	PILOT-2011007474	F	2	7.492	21	2803	388	14	
PILOT-2011007474__G__gpt4o-mini__rep0.json	PILOT-2011007474	G	0	None	0	0		0	no_parsed_body
PILOT-2011007474__G__gpt4o-mini__rep1.json	PILOT-2011007474	G	1	None	0	0		0	no_parsed_body
PILOT-2011007474__G__gpt4o-mini__rep2.json	PILOT-2011007474	G	2	None	0	0		0	no_parsed_body
PILOT-2011007474__G__gpt5.4__rep0.json	PILOT-2011007474	G	0	8.038	22	2737	382	14	
PILOT-2011007474__G__gpt5.4__rep1.json	PILOT-2011007474	G	1	8.2482	21	2546	352	14	
PILOT-2011007474__G__gpt5.4__rep2.json	PILOT-2011007474	G	2	6.9822	18	2578	356	14	
PILOT-2011007474__G__haiku4.5__rep0.json	PILOT-2011007474	G	0	5.6015	21	3749	502	14	
PILOT-2011007474__G__haiku4.5__rep1.json	PILOT-2011007474	G	1	5.3571	21	3920	543	14	
PILOT-2011007474__G__haiku4.5__rep2.json	PILOT-2011007474	G	2	5.1813	21	4053	555	14	
PILOT-2011007474__G__sonnet4__rep0.json	PILOT-2011007474	G	0	7.573	21	2773	388	14	
PILOT-2011007474__G__sonnet4__rep1.json	PILOT-2011007474	G	1	7.9606	21	2638	376	14	
PILOT-2011007474__G__sonnet4__rep2.json	PILOT-2011007474	G	2	6.9652	21	3015	428	14	
PILOT-2011008843__F__gpt4o-mini__rep0.json	PILOT-2011008843	F	0	1.5987	2	1251	181	2	
PILOT-2011008843__F__gpt4o-mini__rep1.json	PILOT-2011008843	F	1	5.0251	6	1194	177	2	
PILOT-2011008843__F__gpt4o-mini__rep2.json	PILOT-2011008843	F	2	1.6051	2	1246	180	2	
PILOT-2011008843__F__gpt5.4__rep0.json	PILOT-2011008843	F	0	6.7308	42	6240	916	18	
PILOT-2011008843__F__gpt5.4__rep1.json	PILOT-2011008843	F	1	6.5402	40	6116	902	19	
PILOT-2011008843__F__gpt5.4__rep2.json	PILOT-2011008843	F	2	7.3239	50	6827	998	18	
PILOT-2011008843__F__haiku4.5__rep0.json	PILOT-2011008843	F	0	3.1717	14	4414	643	19	
PILOT-2011008843__F__haiku4.5__rep1.json	PILOT-2011008843	F	1	3.8544	18	4670	695	19	
PILOT-2011008843__F__haiku4.5__rep2.json	PILOT-2011008843	F	2	3.7752	18	4768	706	19	
PILOT-2011008843__F__sonnet4__rep0.json	PILOT-2011008843	F	0	7.4855	76	10153	1499	30	
PILOT-2011008843__F__sonnet4__rep1.json	PILOT-2011008843	F	1	6.8348	45	6584	963	20	
PILOT-2011008843__F__sonnet4__rep2.json	PILOT-2011008843	F	2	6.8265	45	6592	964	20	
PILOT-2011008843__G__gpt4o-mini__rep0.json	PILOT-2011008843	G	0	2.7701	2	722	107	1	
PILOT-2011008843__G__gpt4o-mini__rep1.json	PILOT-2011008843	G	1	1.6393	1	610	89	1	
PILOT-2011008843__G__gpt4o-mini__rep2.json	PILOT-2011008843	G	2	2.2599	2	885	132	1	
PILOT-2011008843__G__gpt5.4__rep0.json	PILOT-2011008843	G	0	5.7575	16	2779	408	7	
PILOT-2011008843__G__gpt5.4__rep1.json	PILOT-2011008843	G	1	5.7575	16	2779	408	7	
PILOT-2011008843__G__gpt5.4__rep2.json	PILOT-2011008843	G	2	5.7575	16	2779	408	7	
PILOT-2011008843__G__haiku4.5__rep0.json	PILOT-2011008843	G	0	6.4477	43	6669	981	19	
PILOT-2011008843__G__haiku4.5__rep1.json	PILOT-2011008843	G	1	1.3387	3	2241	323	18	
PILOT-2011008843__G__haiku4.5__rep2.json	PILOT-2011008843	G	2	1.3453	3	2230	319	19	
PILOT-2011008843__G__sonnet4__rep0.json	PILOT-2011008843	G	0	7.4855	76	10153	1499	30	
PILOT-2011008843__G__sonnet4__rep1.json	PILOT-2011008843	G	1	6.7427	55	8157	1210	30	
PILOT-2011008843__G__sonnet4__rep2.json	PILOT-2011008843	G	2	7.4855	76	10153	1499	30	
PILOT-2011009182__F__gpt4o-mini__rep0.json	PILOT-2011009182	F	0	2.4072	12	4985	820	8	
PILOT-2011009182__F__gpt4o-mini__rep1.json	PILOT-2011009182	F	1	2.8304	13	4593	752	8	
PILOT-2011009182__F__gpt4o-mini__rep2.json	PILOT-2011009182	F	2	3.0435	14	4600	746	8	
PILOT-2011009182__F__gpt5.4__rep0.json	PILOT-2011009182	F	0	3.9152	46	11749	1914	23	
PILOT-2011009182__F__gpt5.4__rep1.json	PILOT-2011009182	F	1	3.7417	35	9354	1527	17	
PILOT-2011009182__F__gpt5.4__rep2.json	PILOT-2011009182	F	2	3.3998	36	10589	1726	18	
PILOT-2011009182__F__haiku4.5__rep0.json	PILOT-2011009182	F	0	3.1266	37	11834	1906	17	
PILOT-2011009182__F__haiku4.5__rep1.json	PILOT-2011009182	F	1	3.4745	37	10649	1723	17	
PILOT-2011009182__F__haiku4.5__rep2.json	PILOT-2011009182	F	2	3.356	36	10727	1725	17	
PILOT-2011009182__F__sonnet4__rep0.json	PILOT-2011009182	F	0	2.8885	46	15925	2589	23	
PILOT-2011009182__F__sonnet4__rep1.json	PILOT-2011009182	F	1	3.194	46	14402	2338	23	
PILOT-2011009182__F__sonnet4__rep2.json	PILOT-2011009182	F	2	2.7663	46	16629	2661	23	
PILOT-2011009182__G__gpt4o-mini__rep0.json	PILOT-2011009182	G	0	2.8018	12	4283	698	8	
PILOT-2011009182__G__gpt4o-mini__rep1.json	PILOT-2011009182	G	1	3.2578	23	7060	1152	14	
PILOT-2011009182__G__gpt4o-mini__rep2.json	PILOT-2011009182	G	2	2.5937	11	4241	688	7	
PILOT-2011009182__G__gpt5.4__rep0.json	PILOT-2011009182	G	0	3.685	46	12483	2030	23	
PILOT-2011009182__G__gpt5.4__rep1.json	PILOT-2011009182	G	1	3.685	46	12483	2030	23	
PILOT-2011009182__G__gpt5.4__rep2.json	PILOT-2011009182	G	2	3.898	46	11801	1918	23	
PILOT-2011009182__G__haiku4.5__rep0.json	PILOT-2011009182	G	0	3.3539	37	11032	1777	17	
PILOT-2011009182__G__haiku4.5__rep1.json	PILOT-2011009182	G	1	3.5796	39	10895	1746	17	
PILOT-2011009182__G__haiku4.5__rep2.json	PILOT-2011009182	G	2	3.2607	35	10734	1724	17	
PILOT-2011009182__G__sonnet4__rep0.json	PILOT-2011009182	G	0	3.9398	45	11422	1857	23	
PILOT-2011009182__G__sonnet4__rep1.json	PILOT-2011009182	G	1	3.9398	45	11422	1857	23	
PILOT-2011009182__G__sonnet4__rep2.json	PILOT-2011009182	G	2	3.9398	45	11422	1857	23	
PILOT-2011011469__F__gpt4o-mini__rep0.json	PILOT-2011011469	F	0	2.6572	3	1129	163	5	
PILOT-2011011469__F__gpt4o-mini__rep1.json	PILOT-2011011469	F	1	4.1777	11	2633	377	10	
PILOT-2011011469__F__gpt4o-mini__rep2.json	PILOT-2011011469	F	2	5.5147	6	1088	159	6	
PILOT-2011011469__F__gpt5.4__rep0.json	PILOT-2011011469	F	0	7.9074	28	3541	516	17	
PILOT-2011011469__F__gpt5.4__rep1.json	PILOT-2011011469	F	1	8.6667	26	3000	433	17	
PILOT-2011011469__F__gpt5.4__rep2.json	PILOT-2011011469	F	2	7.4322	20	2691	386	17	
PILOT-2011011469__F__haiku4.5__rep0.json	PILOT-2011011469	F	0	6.9387	25	3603	511	17	
PILOT-2011011469__F__haiku4.5__rep1.json	PILOT-2011011469	F	1	5.0385	17	3374	475	17	
PILOT-2011011469__F__haiku4.5__rep2.json	PILOT-2011011469	F	2	4.9298	13	2637	368	17	
PILOT-2011011469__F__sonnet4__rep0.json	PILOT-2011011469	F	0	8.3387	26	3118	446	17	
PILOT-2011011469__F__sonnet4__rep1.json	PILOT-2011011469	F	1	7.8384	26	3317	475	17	
PILOT-2011011469__F__sonnet4__rep2.json	PILOT-2011011469	F	2	8.0972	26	3211	463	17	
PILOT-2011011469__G__gpt4o-mini__rep0.json	PILOT-2011011469	G	0	6.0241	5	830	122	4	
PILOT-2011011469__G__gpt4o-mini__rep1.json	PILOT-2011011469	G	1	4.8309	6	1242	180	6	
PILOT-2011011469__G__gpt4o-mini__rep2.json	PILOT-2011011469	G	2	4.1254	10	2424	347	9	
PILOT-2011011469__G__gpt5.4__rep0.json	PILOT-2011011469	G	0	8.5526	26	3040	439	17	
PILOT-2011011469__G__gpt5.4__rep1.json	PILOT-2011011469	G	1	9.0529	26	2872	412	17	
PILOT-2011011469__G__gpt5.4__rep2.json	PILOT-2011011469	G	2	6.7992	26	3824	545	17	
PILOT-2011011469__G__haiku4.5__rep0.json	PILOT-2011011469	G	0	9.9685	38	3812	550	17	
PILOT-2011011469__G__haiku4.5__rep1.json	PILOT-2011011469	G	1	11.5033	44	3825	543	17	
PILOT-2011011469__G__haiku4.5__rep2.json	PILOT-2011011469	G	2	7.6448	26	3401	489	17	
PILOT-2011011469__G__sonnet4__rep0.json	PILOT-2011011469	G	0	9.11	26	2854	412	17	
PILOT-2011011469__G__sonnet4__rep1.json	PILOT-2011011469	G	1	9.1324	26	2847	410	17	
PILOT-2011011469__G__sonnet4__rep2.json	PILOT-2011011469	G	2	9.0028	26	2888	417	17	
PILOT-2011012180__F__gpt4o-mini__rep0.json	PILOT-2011012180	F	0	0.7666	2	2609	382	7	
PILOT-2011012180__F__gpt4o-mini__rep1.json	PILOT-2011012180	F	1	1.6828	4	2377	352	6	
PILOT-2011012180__F__gpt4o-mini__rep2.json	PILOT-2011012180	F	2	0.4223	1	2368	351	7	
PILOT-2011012180__F__gpt5.4__rep0.json	PILOT-2011012180	F	0	0.7758	4	5156	794	20	
PILOT-2011012180__F__gpt5.4__rep1.json	PILOT-2011012180	F	1	0.7666	4	5218	803	20	
PILOT-2011012180__F__gpt5.4__rep2.json	PILOT-2011012180	F	2	0.7712	4	5187	798	20	
PILOT-2011012180__F__haiku4.5__rep0.json	PILOT-2011012180	F	0	0.6289	2	3180	474	10	
PILOT-2011012180__F__haiku4.5__rep1.json	PILOT-2011012180	F	1	0.7517	4	5321	824	20	
PILOT-2011012180__F__haiku4.5__rep2.json	PILOT-2011012180	F	2	1.1303	4	3539	531	10	
PILOT-2011012180__F__sonnet4__rep0.json	PILOT-2011012180	F	0	1.5352	8	5211	803	20	
PILOT-2011012180__F__sonnet4__rep1.json	PILOT-2011012180	F	1	1.4477	8	5526	838	20	
PILOT-2011012180__F__sonnet4__rep2.json	PILOT-2011012180	F	2	2.0107	6	2984	434	9	
PILOT-2011012180__G__gpt4o-mini__rep0.json	PILOT-2011012180	G	0	0.7855	2	2546	378	7	
PILOT-2011012180__G__gpt4o-mini__rep1.json	PILOT-2011012180	G	1	0.7959	2	2513	371	7	
PILOT-2011012180__G__gpt4o-mini__rep2.json	PILOT-2011012180	G	2	0.873	2	2291	341	7	
PILOT-2011012180__G__gpt5.4__rep0.json	PILOT-2011012180	G	0	0.6667	2	3000	437	11	
PILOT-2011012180__G__gpt5.4__rep1.json	PILOT-2011012180	G	1	0.6707	2	2982	433	11	
PILOT-2011012180__G__gpt5.4__rep2.json	PILOT-2011012180	G	2	0.6838	2	2925	427	11	
PILOT-2011012180__G__haiku4.5__rep0.json	PILOT-2011012180	G	0	0.7184	4	5568	852	20	
PILOT-2011012180__G__haiku4.5__rep1.json	PILOT-2011012180	G	1	0.6242	2	3204	476	10	
PILOT-2011012180__G__haiku4.5__rep2.json	PILOT-2011012180	G	2	0.701	2	2853	410	9	
PILOT-2011012180__G__sonnet4__rep0.json	PILOT-2011012180	G	0	0.767	4	5215	803	20	
PILOT-2011012180__G__sonnet4__rep1.json	PILOT-2011012180	G	1	2.0007	6	2999	439	9	
PILOT-2011012180__G__sonnet4__rep2.json	PILOT-2011012180	G	2	0.7843	4	5100	784	20	
PILOT-2011013110__F__gpt4o-mini__rep0.json	PILOT-2011013110	F	0	0.7603	3	3946	540	6	
PILOT-2011013110__F__gpt4o-mini__rep1.json	PILOT-2011013110	F	1	1.0101	3	2970	400	5	
PILOT-2011013110__F__gpt4o-mini__rep2.json	PILOT-2011013110	F	2	1.087	3	2760	384	4	
PILOT-2011013110__F__gpt5.4__rep0.json	PILOT-2011013110	F	0	2.6288	15	5706	790	11	
PILOT-2011013110__F__gpt5.4__rep1.json	PILOT-2011013110	F	1	2.5287	15	5932	828	11	
PILOT-2011013110__F__gpt5.4__rep2.json	PILOT-2011013110	F	2	2.2083	12	5434	750	11	
PILOT-2011013110__F__haiku4.5__rep0.json	PILOT-2011013110	F	0	1.5258	8	5243	724	11	
PILOT-2011013110__F__haiku4.5__rep1.json	PILOT-2011013110	F	1	1.7582	9	5119	702	11	
PILOT-2011013110__F__haiku4.5__rep2.json	PILOT-2011013110	F	2	1.8529	10	5397	741	11	
PILOT-2011013110__F__sonnet4__rep0.json	PILOT-2011013110	F	0	2.1292	12	5636	773	11	
PILOT-2011013110__F__sonnet4__rep1.json	PILOT-2011013110	F	1	2.8406	24	8449	1177	17	
PILOT-2011013110__F__sonnet4__rep2.json	PILOT-2011013110	F	2	2.7904	24	8601	1198	17	
PILOT-2011013110__G__gpt4o-mini__rep0.json	PILOT-2011013110	G	0	1.2614	4	3171	435	6	
PILOT-2011013110__G__gpt4o-mini__rep1.json	PILOT-2011013110	G	1	1.5083	4	2652	360	5	
PILOT-2011013110__G__gpt4o-mini__rep2.json	PILOT-2011013110	G	2	1.3411	3	2237	303	4	
PILOT-2011013110__G__gpt5.4__rep0.json	PILOT-2011013110	G	0	2.0457	12	5866	810	11	
PILOT-2011013110__G__gpt5.4__rep1.json	PILOT-2011013110	G	1	3.1083	29	9330	1310	17	
PILOT-2011013110__G__gpt5.4__rep2.json	PILOT-2011013110	G	2	2.9499	18	6102	851	11	
PILOT-2011013110__G__haiku4.5__rep0.json	PILOT-2011013110	G	0	2.0576	13	6318	878	11	
PILOT-2011013110__G__haiku4.5__rep1.json	PILOT-2011013110	G	1	2.0336	12	5901	813	11	
PILOT-2011013110__G__haiku4.5__rep2.json	PILOT-2011013110	G	2	1.6738	9	5377	747	9	
PILOT-2011013110__G__sonnet4__rep0.json	PILOT-2011013110	G	0	2.2914	12	5237	726	11	
PILOT-2011013110__G__sonnet4__rep1.json	PILOT-2011013110	G	1	2.3222	21	9043	1252	17	
PILOT-2011013110__G__sonnet4__rep2.json	PILOT-2011013110	G	2	2.6651	23	8630	1207	17	
PILOT-2012000327__F__gpt4o-mini__rep0.json	PILOT-2012000327	F	0	4.8675	18	3698	477	6	
PILOT-2012000327__F__gpt4o-mini__rep1.json	PILOT-2012000327	F	1	0.9954	3	3014	363	6	
PILOT-2012000327__F__gpt4o-mini__rep2.json	PILOT-2012000327	F	2	6.4501	27	4186	525	7	
PILOT-2012000327__F__gpt5.4__rep0.json	PILOT-2012000327	F	0	1.1093	6	5409	724	17	
PILOT-2012000327__F__gpt5.4__rep1.json	PILOT-2012000327	F	1	1.0684	6	5616	754	17	
PILOT-2012000327__F__gpt5.4__rep2.json	PILOT-2012000327	F	2	1.0819	6	5546	747	17	
PILOT-2012000327__F__haiku4.5__rep0.json	PILOT-2012000327	F	0	0.7995	6	7505	965	24	
PILOT-2012000327__F__haiku4.5__rep1.json	PILOT-2012000327	F	1	2.2492	18	8003	1041	24	
PILOT-2012000327__F__haiku4.5__rep2.json	PILOT-2012000327	F	2	0.7918	6	7578	985	24	
PILOT-2012000327__F__sonnet4__rep0.json	PILOT-2012000327	F	0	1.4798	9	6082	783	17	
PILOT-2012000327__F__sonnet4__rep1.json	PILOT-2012000327	F	1	1.0653	9	8448	1105	24	
PILOT-2012000327__F__sonnet4__rep2.json	PILOT-2012000327	F	2	3.178	18	5664	741	17	
PILOT-2012000327__G__gpt4o-mini__rep0.json	PILOT-2012000327	G	0	3.1646	9	2844	369	7	
PILOT-2012000327__G__gpt4o-mini__rep1.json	PILOT-2012000327	G	1	1.1995	6	5002	662	17	
PILOT-2012000327__G__gpt4o-mini__rep2.json	PILOT-2012000327	G	2	1.0603	6	5659	742	17	
PILOT-2012000327__G__gpt5.4__rep0.json	PILOT-2012000327	G	0	1.7483	6	3432	449	17	
PILOT-2012000327__G__gpt5.4__rep1.json	PILOT-2012000327	G	1	1.0766	6	5573	750	17	
PILOT-2012000327__G__gpt5.4__rep2.json	PILOT-2012000327	G	2	1.8524	6	3239	421	17	
PILOT-2012000327__G__haiku4.5__rep0.json	PILOT-2012000327	G	0	2.392	18	7525	984	22	
PILOT-2012000327__G__haiku4.5__rep1.json	PILOT-2012000327	G	1	2.2203	18	8107	1051	22	
PILOT-2012000327__G__haiku4.5__rep2.json	PILOT-2012000327	G	2	1.1439	9	7868	1021	24	
PILOT-2012000327__G__sonnet4__rep0.json	PILOT-2012000327	G	0	2.3806	15	6301	823	17	
PILOT-2012000327__G__sonnet4__rep1.json	PILOT-2012000327	G	1	1.5991	9	5628	721	17	
PILOT-2012000327__G__sonnet4__rep2.json	PILOT-2012000327	G	2	2.3981	15	6255	817	17	
PILOT-2012003288__F__gpt4o-mini__rep0.json	PILOT-2012003288	F	0	4.3915	7	1594	245	5	
PILOT-2012003288__F__gpt4o-mini__rep1.json	PILOT-2012003288	F	1	5.6561	5	884	135	4	
PILOT-2012003288__F__gpt4o-mini__rep2.json	PILOT-2012003288	F	2	4.3134	6	1391	219	5	
PILOT-2012003288__F__gpt5.4__rep0.json	PILOT-2012003288	F	0	5.1763	16	3091	479	13	
PILOT-2012003288__F__gpt5.4__rep1.json	PILOT-2012003288	F	1	5.178	16	3090	479	13	
PILOT-2012003288__F__gpt5.4__rep2.json	PILOT-2012003288	F	2	4.911	16	3258	504	13	
PILOT-2012003288__F__haiku4.5__rep0.json	PILOT-2012003288	F	0	3.5149	8	2276	350	13	
PILOT-2012003288__F__haiku4.5__rep1.json	PILOT-2012003288	F	1	4.128	8	1938	297	13	
PILOT-2012003288__F__haiku4.5__rep2.json	PILOT-2012003288	F	2	3.5196	8	2273	349	13	
PILOT-2012003288__F__sonnet4__rep0.json	PILOT-2012003288	F	0	4.6627	15	3217	498	13	
PILOT-2012003288__F__sonnet4__rep1.json	PILOT-2012003288	F	1	4.8573	16	3294	512	13	
PILOT-2012003288__F__sonnet4__rep2.json	PILOT-2012003288	F	2	4.6268	15	3242	500	13	
PILOT-2012003288__G__gpt4o-mini__rep0.json	PILOT-2012003288	G	0	4.1812	6	1435	223	5	
PILOT-2012003288__G__gpt4o-mini__rep1.json	PILOT-2012003288	G	1	3.5736	6	1679	265	5	
PILOT-2012003288__G__gpt4o-mini__rep2.json	PILOT-2012003288	G	2	4.3259	6	1387	218	5	
PILOT-2012003288__G__gpt5.4__rep0.json	PILOT-2012003288	G	0	4.9844	16	3210	496	13	
PILOT-2012003288__G__gpt5.4__rep1.json	PILOT-2012003288	G	1	4.7634	15	3149	488	13	
PILOT-2012003288__G__gpt5.4__rep2.json	PILOT-2012003288	G	2	4.6904	15	3198	496	13	
PILOT-2012003288__G__haiku4.5__rep0.json	PILOT-2012003288	G	0	4.4395	8	1802	276	13	
PILOT-2012003288__G__haiku4.5__rep1.json	PILOT-2012003288	G	1	5.0314	8	1590	244	13	
PILOT-2012003288__G__haiku4.5__rep2.json	PILOT-2012003288	G	2	3.4217	8	2338	362	13	
PILOT-2012003288__G__sonnet4__rep0.json	PILOT-2012003288	G	0	4.6411	15	3232	499	13	
PILOT-2012003288__G__sonnet4__rep1.json	PILOT-2012003288	G	1	4.6671	15	3214	497	13	
PILOT-2012003288__G__sonnet4__rep2.json	PILOT-2012003288	G	2	4.6526	15	3224	498	13	
PILOT-2012005674__F__gpt4o-mini__rep0.json	PILOT-2012005674	F	0	5.4825	10	1824	264	7	
PILOT-2012005674__F__gpt4o-mini__rep1.json	PILOT-2012005674	F	1	2.9112	4	1374	198	4	
PILOT-2012005674__F__gpt4o-mini__rep2.json	PILOT-2012005674	F	2	7.8918	14	1774	262	7	
PILOT-2012005674__F__gpt5.4__rep0.json	PILOT-2012005674	F	0	0.0	0	2440	340	10	
PILOT-2012005674__F__gpt5.4__rep1.json	PILOT-2012005674	F	1	0.0	0	2428	338	10	
PILOT-2012005674__F__gpt5.4__rep2.json	PILOT-2012005674	F	2	0.0	0	1536	211	7	
PILOT-2012005674__F__haiku4.5__rep0.json	PILOT-2012005674	F	0	0.2007	2	9966	1392	37	
PILOT-2012005674__F__haiku4.5__rep1.json	PILOT-2012005674	F	1	0.0	0	10024	1409	37	
PILOT-2012005674__F__haiku4.5__rep2.json	PILOT-2012005674	F	2	0.0	0	10110	1421	37	
PILOT-2012005674__F__sonnet4__rep0.json	PILOT-2012005674	F	0	0.0	0	9697	1349	37	
PILOT-2012005674__F__sonnet4__rep1.json	PILOT-2012005674	F	1	0.0	0	9697	1349	37	
PILOT-2012005674__F__sonnet4__rep2.json	PILOT-2012005674	F	2	0.0	0	9703	1350	37	
PILOT-2012005674__G__gpt4o-mini__rep0.json	PILOT-2012005674	G	0	0.0	0	1896	263	7	
PILOT-2012005674__G__gpt4o-mini__rep1.json	PILOT-2012005674	G	1	None	0	0		0	no_parsed_body
PILOT-2012005674__G__gpt4o-mini__rep2.json	PILOT-2012005674	G	2	None	0	0		0	no_parsed_body
PILOT-2012005674__G__gpt5.4__rep0.json	PILOT-2012005674	G	0	0.0	0	2440	340	10	
PILOT-2012005674__G__gpt5.4__rep1.json	PILOT-2012005674	G	1	0.0	0	2440	340	10	
PILOT-2012005674__G__gpt5.4__rep2.json	PILOT-2012005674	G	2	0.0	0	2428	338	10	
PILOT-2012005674__G__haiku4.5__rep0.json	PILOT-2012005674	G	0	0.201	2	9951	1389	37	
PILOT-2012005674__G__haiku4.5__rep1.json	PILOT-2012005674	G	1	0.0	0	10292	1437	37	
PILOT-2012005674__G__haiku4.5__rep2.json	PILOT-2012005674	G	2	0.2009	2	9957	1395	37	
PILOT-2012005674__G__sonnet4__rep0.json	PILOT-2012005674	G	0	0.0	0	9652	1344	37	
PILOT-2012005674__G__sonnet4__rep1.json	PILOT-2012005674	G	1	0.0	0	9652	1344	37	
PILOT-2012005674__G__sonnet4__rep2.json	PILOT-2012005674	G	2	0.0	0	9697	1349	37	
PILOT-2012006145__F__gpt4o-mini__rep0.json	PILOT-2012006145	F	0	18.6146	61	3277	465	23	
PILOT-2012006145__F__gpt4o-mini__rep1.json	PILOT-2012006145	F	1	7.0505	6	851	109	5	
PILOT-2012006145__F__gpt4o-mini__rep2.json	PILOT-2012006145	F	2	9.772	3	307	40	2	
PILOT-2012006145__F__gpt5.4__rep0.json	PILOT-2012006145	F	0	18.3458	59	3216	456	23	
PILOT-2012006145__F__gpt5.4__rep1.json	PILOT-2012006145	F	1	18.3515	59	3215	455	23	
PILOT-2012006145__F__gpt5.4__rep2.json	PILOT-2012006145	F	2	18.3458	59	3216	456	23	
PILOT-2012006145__F__haiku4.5__rep0.json	PILOT-2012006145	F	0	18.2268	59	3237	457	23	
PILOT-2012006145__F__haiku4.5__rep1.json	PILOT-2012006145	F	1	11.9262	53	4444	636	23	
PILOT-2012006145__F__haiku4.5__rep2.json	PILOT-2012006145	F	2	14.5925	53	3632	522	23	
PILOT-2012006145__F__sonnet4__rep0.json	PILOT-2012006145	F	0	18.3973	59	3207	455	23	
PILOT-2012006145__F__sonnet4__rep1.json	PILOT-2012006145	F	1	18.6946	59	3156	446	23	
PILOT-2012006145__F__sonnet4__rep2.json	PILOT-2012006145	F	2	18.7005	59	3155	445	23	
PILOT-2012006145__G__gpt4o-mini__rep0.json	PILOT-2012006145	G	0	19.2685	59	3062	435	21	
PILOT-2012006145__G__gpt4o-mini__rep1.json	PILOT-2012006145	G	1	12.5828	76	6040	836	42	
PILOT-2012006145__G__gpt4o-mini__rep2.json	PILOT-2012006145	G	2	16.1627	62	3836	545	24	
PILOT-2012006145__G__gpt5.4__rep0.json	PILOT-2012006145	G	0	16.8716	59	3497	495	23	
PILOT-2012006145__G__gpt5.4__rep1.json	PILOT-2012006145	G	1	17.9604	59	3285	467	23	
PILOT-2012006145__G__gpt5.4__rep2.json	PILOT-2012006145	G	2	17.399	59	3391	485	23	
PILOT-2012006145__G__haiku4.5__rep0.json	PILOT-2012006145	G	0	0.0	0	425	52	23	
PILOT-2012006145__G__haiku4.5__rep1.json	PILOT-2012006145	G	1	18.3858	59	3209	453	23	
PILOT-2012006145__G__haiku4.5__rep2.json	PILOT-2012006145	G	2	0.0	0	469	58	23	
PILOT-2012006145__G__sonnet4__rep0.json	PILOT-2012006145	G	0	18.7302	59	3150	444	23	
PILOT-2012006145__G__sonnet4__rep1.json	PILOT-2012006145	G	1	18.6946	59	3156	446	23	
PILOT-2012006145__G__sonnet4__rep2.json	PILOT-2012006145	G	2	18.7005	59	3155	445	23	
PILOT-2012007524__F__gpt4o-mini__rep0.json	PILOT-2012007524	F	0	1.2052	4	3319	483	7	
PILOT-2012007524__F__gpt4o-mini__rep1.json	PILOT-2012007524	F	1	None	0	0		0	no_parsed_body
PILOT-2012007524__F__gpt4o-mini__rep2.json	PILOT-2012007524	F	2	1.3	4	3077	455	7	
PILOT-2012007524__F__gpt5.4__rep0.json	PILOT-2012007524	F	0	1.9231	8	4160	612	8	
PILOT-2012007524__F__gpt5.4__rep1.json	PILOT-2012007524	F	1	1.7949	7	3900	566	7	
PILOT-2012007524__F__gpt5.4__rep2.json	PILOT-2012007524	F	2	1.9965	8	4007	581	8	
PILOT-2012007524__F__haiku4.5__rep0.json	PILOT-2012007524	F	0	0.0	0	1459	211	20	
PILOT-2012007524__F__haiku4.5__rep1.json	PILOT-2012007524	F	1	1.1703	4	3418	509	7	
PILOT-2012007524__F__haiku4.5__rep2.json	PILOT-2012007524	F	2	0.0	0	1570	227	20	
PILOT-2012007524__F__sonnet4__rep0.json	PILOT-2012007524	F	0	3.6161	26	7190	1071	20	
PILOT-2012007524__F__sonnet4__rep1.json	PILOT-2012007524	F	1	3.5432	26	7338	1092	20	
PILOT-2012007524__F__sonnet4__rep2.json	PILOT-2012007524	F	2	3.4469	26	7543	1126	20	
PILOT-2012007524__G__gpt4o-mini__rep0.json	PILOT-2012007524	G	0	None	0	0		0	no_parsed_body
PILOT-2012007524__G__gpt4o-mini__rep1.json	PILOT-2012007524	G	1	None	0	0		0	no_parsed_body
PILOT-2012007524__G__gpt4o-mini__rep2.json	PILOT-2012007524	G	2	None	0	0		0	no_parsed_body
PILOT-2012007524__G__gpt5.4__rep0.json	PILOT-2012007524	G	0	1.2638	4	3165	469	7	
PILOT-2012007524__G__gpt5.4__rep1.json	PILOT-2012007524	G	1	2.0846	7	3358	486	7	
PILOT-2012007524__G__gpt5.4__rep2.json	PILOT-2012007524	G	2	1.6986	7	4121	609	7	
PILOT-2012007524__G__haiku4.5__rep0.json	PILOT-2012007524	G	0	3.1937	26	8141	1208	20	
PILOT-2012007524__G__haiku4.5__rep1.json	PILOT-2012007524	G	1	1.1809	5	4234	633	8	
PILOT-2012007524__G__haiku4.5__rep2.json	PILOT-2012007524	G	2	1.002	4	3992	599	7	
PILOT-2012007524__G__sonnet4__rep0.json	PILOT-2012007524	G	0	3.5778	26	7267	1084	20	
PILOT-2012007524__G__sonnet4__rep1.json	PILOT-2012007524	G	1	3.5206	26	7385	1099	20	
PILOT-2012007524__G__sonnet4__rep2.json	PILOT-2012007524	G	2	3.5168	26	7393	1101	20	
PILOT-2012008496__F__gpt4o-mini__rep0.json	PILOT-2012008496	F	0	4.6948	9	1917	303	3	
PILOT-2012008496__F__gpt4o-mini__rep1.json	PILOT-2012008496	F	1	2.4188	28	11576	1816	35	
PILOT-2012008496__F__gpt4o-mini__rep2.json	PILOT-2012008496	F	2	2.7274	28	10266	1631	35	
PILOT-2012008496__F__gpt5.4__rep0.json	PILOT-2012008496	F	0	1.6701	16	9580	1524	35	
PILOT-2012008496__F__gpt5.4__rep1.json	PILOT-2012008496	F	1	2.4173	25	10342	1640	35	
PILOT-2012008496__F__gpt5.4__rep2.json	PILOT-2012008496	F	2	2.7066	28	10345	1645	35	
PILOT-2012008496__F__haiku4.5__rep0.json	PILOT-2012008496	F	0	1.2458	16	12843	2033	35	
PILOT-2012008496__F__haiku4.5__rep1.json	PILOT-2012008496	F	1	1.3237	16	12087	1893	35	
PILOT-2012008496__F__haiku4.5__rep2.json	PILOT-2012008496	F	2	0.9182	10	10891	1727	35	
PILOT-2012008496__F__sonnet4__rep0.json	PILOT-2012008496	F	0	2.4122	25	10364	1648	35	
PILOT-2012008496__F__sonnet4__rep1.json	PILOT-2012008496	F	1	2.4071	25	10386	1655	35	
PILOT-2012008496__F__sonnet4__rep2.json	PILOT-2012008496	F	2	2.1846	25	11444	1804	35	
PILOT-2012008496__G__gpt4o-mini__rep0.json	PILOT-2012008496	G	0	3.9387	9	2285	367	5	
PILOT-2012008496__G__gpt4o-mini__rep1.json	PILOT-2012008496	G	1	2.7059	25	9239	1458	35	
PILOT-2012008496__G__gpt4o-mini__rep2.json	PILOT-2012008496	G	2	2.751	28	10178	1627	35	
PILOT-2012008496__G__gpt5.4__rep0.json	PILOT-2012008496	G	0	2.4143	25	10355	1642	35	
PILOT-2012008496__G__gpt5.4__rep1.json	PILOT-2012008496	G	1	2.7019	28	10363	1648	35	
PILOT-2012008496__G__gpt5.4__rep2.json	PILOT-2012008496	G	2	2.4075	24	9969	1588	35	
PILOT-2012008496__G__haiku4.5__rep0.json	PILOT-2012008496	G	0	1.3893	16	11517	1807	35	
PILOT-2012008496__G__haiku4.5__rep1.json	PILOT-2012008496	G	1	1.2154	16	13164	2065	35	
PILOT-2012008496__G__haiku4.5__rep2.json	PILOT-2012008496	G	2	1.1687	6	5134	813	35	
PILOT-2012008496__G__sonnet4__rep0.json	PILOT-2012008496	G	0	2.5575	17	6647	1041	18	
PILOT-2012008496__G__sonnet4__rep1.json	PILOT-2012008496	G	1	1.397	16	11453	1794	35	
PILOT-2012008496__G__sonnet4__rep2.json	PILOT-2012008496	G	2	1.4035	16	11400	1789	35	
PILOT-2012010015__F__gpt4o-mini__rep0.json	PILOT-2012010015	F	0	1.7331	2	1154	154	4	
PILOT-2012010015__F__gpt4o-mini__rep1.json	PILOT-2012010015	F	1	1.7079	2	1171	156	4	
PILOT-2012010015__F__gpt4o-mini__rep2.json	PILOT-2012010015	F	2	1.8002	2	1111	147	4	
PILOT-2012010015__F__gpt5.4__rep0.json	PILOT-2012010015	F	0	3.95	12	3038	415	16	
PILOT-2012010015__F__gpt5.4__rep1.json	PILOT-2012010015	F	1	3.8486	12	3118	424	16	
PILOT-2012010015__F__gpt5.4__rep2.json	PILOT-2012010015	F	2	3.9975	13	3252	442	16	
PILOT-2012010015__F__haiku4.5__rep0.json	PILOT-2012010015	F	0	3.9841	13	3263	444	16	
PILOT-2012010015__F__haiku4.5__rep1.json	PILOT-2012010015	F	1	4.06	13	3202	440	16	
PILOT-2012010015__F__haiku4.5__rep2.json	PILOT-2012010015	F	2	4.1009	13	3170	430	16	
PILOT-2012010015__F__sonnet4__rep0.json	PILOT-2012010015	F	0	4.1126	13	3161	428	16	
PILOT-2012010015__F__sonnet4__rep1.json	PILOT-2012010015	F	1	3.9975	13	3252	442	16	
PILOT-2012010015__F__sonnet4__rep2.json	PILOT-2012010015	F	2	3.7945	13	3426	470	16	
PILOT-2012010015__G__gpt4o-mini__rep0.json	PILOT-2012010015	G	0	1.8762	2	1066	140	4	
PILOT-2012010015__G__gpt4o-mini__rep1.json	PILOT-2012010015	G	1	1.8332	2	1091	144	4	
PILOT-2012010015__G__gpt4o-mini__rep2.json	PILOT-2012010015	G	2	1.81	2	1105	146	4	
PILOT-2012010015__G__gpt5.4__rep0.json	PILOT-2012010015	G	0	3.9164	12	3064	418	16	
PILOT-2012010015__G__gpt5.4__rep1.json	PILOT-2012010015	G	1	3.8735	12	3098	422	16	
PILOT-2012010015__G__gpt5.4__rep2.json	PILOT-2012010015	G	2	3.9383	12	3047	416	16	
PILOT-2012010015__G__haiku4.5__rep0.json	PILOT-2012010015	G	0	3.9322	13	3306	447	16	
PILOT-2012010015__G__haiku4.5__rep1.json	PILOT-2012010015	G	1	3.9865	13	3261	445	16	
PILOT-2012010015__G__haiku4.5__rep2.json	PILOT-2012010015	G	2	2.5723	4	1555	202	5	
PILOT-2012010015__G__sonnet4__rep0.json	PILOT-2012010015	G	0	3.9254	12	3057	416	16	
PILOT-2012010015__G__sonnet4__rep1.json	PILOT-2012010015	G	1	3.9768	13	3269	444	16	
PILOT-2012010015__G__sonnet4__rep2.json	PILOT-2012010015	G	2	3.8564	13	3371	456	16	
PILOT-2013000789__F__gpt4o-mini__rep0.json	PILOT-2013000789	F	0	2.8517	3	1052	147	6	
PILOT-2013000789__F__gpt4o-mini__rep1.json	PILOT-2013000789	F	1	2.3438	3	1280	183	8	
PILOT-2013000789__F__gpt4o-mini__rep2.json	PILOT-2013000789	F	2	2.1398	3	1402	198	9	
PILOT-2013000789__F__gpt5.4__rep0.json	PILOT-2013000789	F	0	2.5707	9	3501	516	27	
PILOT-2013000789__F__gpt5.4__rep1.json	PILOT-2013000789	F	1	2.4583	9	3661	533	27	
PILOT-2013000789__F__gpt5.4__rep2.json	PILOT-2013000789	F	2	2.5196	9	3572	525	27	
PILOT-2013000789__F__haiku4.5__rep0.json	PILOT-2013000789	F	0	2.507	9	3590	523	32	
PILOT-2013000789__F__haiku4.5__rep1.json	PILOT-2013000789	F	1	2.8077	6	2137	302	31	
PILOT-2013000789__F__haiku4.5__rep2.json	PILOT-2013000789	F	2	2.7692	9	3250	473	27	
PILOT-2013000789__F__sonnet4__rep0.json	PILOT-2013000789	F	0	2.4051	9	3742	541	27	
PILOT-2013000789__F__sonnet4__rep1.json	PILOT-2013000789	F	1	1.4866	6	4036	584	32	
PILOT-2013000789__F__sonnet4__rep2.json	PILOT-2013000789	F	2	2.1196	9	4246	613	32	
PILOT-2013000789__G__gpt4o-mini__rep0.json	PILOT-2013000789	G	0	4.2614	6	1408	202	7	
PILOT-2013000789__G__gpt4o-mini__rep1.json	PILOT-2013000789	G	1	2.7855	3	1077	157	7	
PILOT-2013000789__G__gpt4o-mini__rep2.json	PILOT-2013000789	G	2	3.2644	3	919	134	5	
PILOT-2013000789__G__gpt5.4__rep0.json	PILOT-2013000789	G	0	1.7306	6	3467	509	27	
PILOT-2013000789__G__gpt5.4__rep1.json	PILOT-2013000789	G	1	2.5773	9	3492	514	27	
PILOT-2013000789__G__gpt5.4__rep2.json	PILOT-2013000789	G	2	2.6027	9	3458	509	27	
PILOT-2013000789__G__haiku4.5__rep0.json	PILOT-2013000789	G	0	1.5649	3	1917	273	11	
PILOT-2013000789__G__haiku4.5__rep1.json	PILOT-2013000789	G	1	1.5083	3	1989	277	11	
PILOT-2013000789__G__haiku4.5__rep2.json	PILOT-2013000789	G	2	1.5568	3	1927	267	11	
PILOT-2013000789__G__sonnet4__rep0.json	PILOT-2013000789	G	0	2.1802	9	4128	600	32	
PILOT-2013000789__G__sonnet4__rep1.json	PILOT-2013000789	G	1	2.1802	9	4128	592	32	
PILOT-2013000789__G__sonnet4__rep2.json	PILOT-2013000789	G	2	2.0445	9	4402	633	32	
PILOT-2013001277__F__gpt4o-mini__rep0.json	PILOT-2013001277	F	0	0.0	0	2960	419	12	
PILOT-2013001277__F__gpt4o-mini__rep1.json	PILOT-2013001277	F	1	0.0	0	3972	568	18	
PILOT-2013001277__F__gpt4o-mini__rep2.json	PILOT-2013001277	F	2	5.0841	13	2557	367	12	
PILOT-2013001277__F__gpt5.4__rep0.json	PILOT-2013001277	F	0	0.0	0	2478	352	14	
PILOT-2013001277__F__gpt5.4__rep1.json	PILOT-2013001277	F	1	0.0	0	2675	382	14	
PILOT-2013001277__F__gpt5.4__rep2.json	PILOT-2013001277	F	2	0.0	0	2747	392	14	
PILOT-2013001277__F__haiku4.5__rep0.json	PILOT-2013001277	F	0	0.0	0	3339	468	18	
PILOT-2013001277__F__haiku4.5__rep1.json	PILOT-2013001277	F	1	0.7429	3	4038	575	18	
PILOT-2013001277__F__haiku4.5__rep2.json	PILOT-2013001277	F	2	0.0	0	3228	455	18	
PILOT-2013001277__F__sonnet4__rep0.json	PILOT-2013001277	F	0	0.0	0	3457	490	18	
PILOT-2013001277__F__sonnet4__rep1.json	PILOT-2013001277	F	1	0.0	0	3457	490	18	
PILOT-2013001277__F__sonnet4__rep2.json	PILOT-2013001277	F	2	0.0	0	2641	378	14	
PILOT-2013001277__G__gpt4o-mini__rep0.json	PILOT-2013001277	G	0	0.0	0	1330	180	3	
PILOT-2013001277__G__gpt4o-mini__rep1.json	PILOT-2013001277	G	1	0.0	0	3254	459	18	
PILOT-2013001277__G__gpt4o-mini__rep2.json	PILOT-2013001277	G	2	0.0	0	3469	493	18	
PILOT-2013001277__G__gpt5.4__rep0.json	PILOT-2013001277	G	0	0.0	0	2609	373	14	
PILOT-2013001277__G__gpt5.4__rep1.json	PILOT-2013001277	G	1	0.0	0	2568	365	14	
PILOT-2013001277__G__gpt5.4__rep2.json	PILOT-2013001277	G	2	0.0	0	2795	400	14	
PILOT-2013001277__G__haiku4.5__rep0.json	PILOT-2013001277	G	0	0.0	0	3919	563	18	
PILOT-2013001277__G__haiku4.5__rep1.json	PILOT-2013001277	G	1	0.0	0	4257	599	18	
PILOT-2013001277__G__haiku4.5__rep2.json	PILOT-2013001277	G	2	0.0	0	2923	421	14	
PILOT-2013001277__G__sonnet4__rep0.json	PILOT-2013001277	G	0	0.0	0	4605	657	14	
PILOT-2013001277__G__sonnet4__rep1.json	PILOT-2013001277	G	1	0.0	0	2978	426	14	
PILOT-2013001277__G__sonnet4__rep2.json	PILOT-2013001277	G	2	0.0	0	4099	585	18	
PILOT-2013007708__F__gpt4o-mini__rep0.json	PILOT-2013007708	F	0	4.2135	9	2136	337	7	
PILOT-2013007708__F__gpt4o-mini__rep1.json	PILOT-2013007708	F	1	None	0	0		0	no_parsed_body
PILOT-2013007708__F__gpt4o-mini__rep2.json	PILOT-2013007708	F	2	1.5213	3	1972	315	6	
PILOT-2013007708__F__gpt5.4__rep0.json	PILOT-2013007708	F	0	11.2416	45	4003	628	28	
PILOT-2013007708__F__gpt5.4__rep1.json	PILOT-2013007708	F	1	11.1635	45	4031	633	28	
PILOT-2013007708__F__gpt5.4__rep2.json	PILOT-2013007708	F	2	10.9064	45	4126	642	28	
PILOT-2013007708__F__haiku4.5__rep0.json	PILOT-2013007708	F	0	8.1316	45	5534	849	28	
PILOT-2013007708__F__haiku4.5__rep1.json	PILOT-2013007708	F	1	11.9352	42	3519	530	28	
PILOT-2013007708__F__haiku4.5__rep2.json	PILOT-2013007708	F	2	6.7915	33	4859	771	28	
PILOT-2013007708__F__sonnet4__rep0.json	PILOT-2013007708	F	0	10.47	45	4298	680	28	
PILOT-2013007708__F__sonnet4__rep1.json	PILOT-2013007708	F	1	11.1111	45	4050	642	28	
PILOT-2013007708__F__sonnet4__rep2.json	PILOT-2013007708	F	2	10.8121	45	4162	658	28	
PILOT-2013007708__G__gpt4o-mini__rep0.json	PILOT-2013007708	G	0	7.7634	21	2705	430	28	
PILOT-2013007708__G__gpt4o-mini__rep1.json	PILOT-2013007708	G	1	6.7935	15	2208	347	7	
PILOT-2013007708__G__gpt4o-mini__rep2.json	PILOT-2013007708	G	2	2.9499	6	2034	328	7	
PILOT-2013007708__G__gpt5.4__rep0.json	PILOT-2013007708	G	0	11.3579	45	3962	620	28	
PILOT-2013007708__G__gpt5.4__rep1.json	PILOT-2013007708	G	1	11.1029	45	4053	634	28	
PILOT-2013007708__G__gpt5.4__rep2.json	PILOT-2013007708	G	2	11.2275	45	4008	629	28	
PILOT-2013007708__G__haiku4.5__rep0.json	PILOT-2013007708	G	0	7.5	45	6000	911	28	
PILOT-2013007708__G__haiku4.5__rep1.json	PILOT-2013007708	G	1	8.3607	51	6100	939	28	
PILOT-2013007708__G__haiku4.5__rep2.json	PILOT-2013007708	G	2	7.2162	45	6236	1004	28	
PILOT-2013007708__G__sonnet4__rep0.json	PILOT-2013007708	G	0	10.8121	45	4162	658	28	
PILOT-2013007708__G__sonnet4__rep1.json	PILOT-2013007708	G	1	11.194	45	4020	635	28	
PILOT-2013007708__G__sonnet4__rep2.json	PILOT-2013007708	G	2	11.194	45	4020	635	28	
PILOT-2014002407__F__gpt4o-mini__rep0.json	PILOT-2014002407	F	0	0.6382	2	3134	461	4	
PILOT-2014002407__F__gpt4o-mini__rep1.json	PILOT-2014002407	F	1	1.2658	5	3950	569	8	
PILOT-2014002407__F__gpt4o-mini__rep2.json	PILOT-2014002407	F	2	1.3075	5	3824	559	8	
PILOT-2014002407__F__gpt5.4__rep0.json	PILOT-2014002407	F	0	0.9528	4	4198	611	8	
PILOT-2014002407__F__gpt5.4__rep1.json	PILOT-2014002407	F	1	1.0521	4	3802	561	8	
PILOT-2014002407__F__gpt5.4__rep2.json	PILOT-2014002407	F	2	1.0521	4	3802	561	8	
PILOT-2014002407__F__haiku4.5__rep0.json	PILOT-2014002407	F	0	0.5136	2	3894	572	8	
PILOT-2014002407__F__haiku4.5__rep1.json	PILOT-2014002407	F	1	0.9202	4	4347	642	8	
PILOT-2014002407__F__haiku4.5__rep2.json	PILOT-2014002407	F	2	0.8549	4	4679	690	8	
PILOT-2014002407__F__sonnet4__rep0.json	PILOT-2014002407	F	0	0.9768	4	4095	600	8	
PILOT-2014002407__F__sonnet4__rep1.json	PILOT-2014002407	F	1	1.0499	4	3810	557	8	
PILOT-2014002407__F__sonnet4__rep2.json	PILOT-2014002407	F	2	0.9874	4	4051	590	8	
PILOT-2014002407__G__gpt4o-mini__rep0.json	PILOT-2014002407	G	0	1.0482	4	3816	557	8	
PILOT-2014002407__G__gpt4o-mini__rep1.json	PILOT-2014002407	G	1	1.0735	4	3726	551	8	
PILOT-2014002407__G__gpt4o-mini__rep2.json	PILOT-2014002407	G	2	0.6382	2	3134	461	4	
PILOT-2014002407__G__gpt5.4__rep0.json	PILOT-2014002407	G	0	0.9737	4	4108	605	8	
PILOT-2014002407__G__gpt5.4__rep1.json	PILOT-2014002407	G	1	0.9843	4	4064	597	8	
PILOT-2014002407__G__gpt5.4__rep2.json	PILOT-2014002407	G	2	0.9742	4	4106	605	8	
PILOT-2014002407__G__haiku4.5__rep0.json	PILOT-2014002407	G	0	0.9105	4	4393	647	8	
PILOT-2014002407__G__haiku4.5__rep1.json	PILOT-2014002407	G	1	1.9194	8	4168	607	8	
PILOT-2014002407__G__haiku4.5__rep2.json	PILOT-2014002407	G	2	0.9531	4	4197	612	8	
PILOT-2014002407__G__sonnet4__rep0.json	PILOT-2014002407	G	0	1.0624	4	3765	554	8	
PILOT-2014002407__G__sonnet4__rep1.json	PILOT-2014002407	G	1	0.9857	4	4058	591	8	
PILOT-2014002407__G__sonnet4__rep2.json	PILOT-2014002407	G	2	0.9958	4	4017	588	8	
PILOT-2014002745__F__gpt4o-mini__rep0.json	PILOT-2014002745	F	0	0.0	0	882	110	2	
PILOT-2014002745__F__gpt4o-mini__rep1.json	PILOT-2014002745	F	1	2.5231	3	1189	149	3	
PILOT-2014002745__F__gpt4o-mini__rep2.json	PILOT-2014002745	F	2	0.0	0	1237	151	4	
PILOT-2014002745__F__gpt5.4__rep0.json	PILOT-2014002745	F	0	0.7438	4	5378	660	27	
PILOT-2014002745__F__gpt5.4__rep1.json	PILOT-2014002745	F	1	0.0	0	4417	538	27	
PILOT-2014002745__F__gpt5.4__rep2.json	PILOT-2014002745	F	2	1.004	5	4980	608	27	
PILOT-2014002745__F__haiku4.5__rep0.json	PILOT-2014002745	F	0	1.9512	10	5125	622	27	
PILOT-2014002745__F__haiku4.5__rep1.json	PILOT-2014002745	F	1	1.8868	10	5300	653	27	
PILOT-2014002745__F__haiku4.5__rep2.json	PILOT-2014002745	F	2	1.9459	10	5139	630	27	
PILOT-2014002745__F__sonnet4__rep0.json	PILOT-2014002745	F	0	1.9429	10	5147	636	27	
PILOT-2014002745__F__sonnet4__rep1.json	PILOT-2014002745	F	1	1.9673	10	5083	624	27	
PILOT-2014002745__F__sonnet4__rep2.json	PILOT-2014002745	F	2	1.9736	10	5067	621	27	
PILOT-2014002745__G__gpt4o-mini__rep0.json	PILOT-2014002745	G	0	0.0	0	1375	172	5	
PILOT-2014002745__G__gpt4o-mini__rep1.json	PILOT-2014002745	G	1	0.0	0	987	122	3	
PILOT-2014002745__G__gpt4o-mini__rep2.json	PILOT-2014002745	G	2	3.9037	6	1537	195	5	
PILOT-2014002745__G__gpt5.4__rep0.json	PILOT-2014002745	G	0	0.7554	4	5295	647	27	
PILOT-2014002745__G__gpt5.4__rep1.json	PILOT-2014002745	G	1	0.0	0	4446	543	27	
PILOT-2014002745__G__gpt5.4__rep2.json	PILOT-2014002745	G	2	0.8304	4	4817	590	27	
PILOT-2014002745__G__haiku4.5__rep0.json	PILOT-2014002745	G	0	3.6116	18	4984	617	27	
PILOT-2014002745__G__haiku4.5__rep1.json	PILOT-2014002745	G	1	None	0	0		0	no_parsed_body
PILOT-2014002745__G__haiku4.5__rep2.json	PILOT-2014002745	G	2	3.9079	18	4606	560	27	
PILOT-2014002745__G__sonnet4__rep0.json	PILOT-2014002745	G	0	1.4051	7	4982	613	27	
PILOT-2014002745__G__sonnet4__rep1.json	PILOT-2014002745	G	1	2.0	10	5000	615	27	
PILOT-2014002745__G__sonnet4__rep2.json	PILOT-2014002745	G	2	1.4051	7	4982	613	27	
PILOT-2014003236__F__gpt4o-mini__rep0.json	PILOT-2014003236	F	0	18.5185	12	648	96	5	
PILOT-2014003236__F__gpt4o-mini__rep1.json	PILOT-2014003236	F	1	17.8042	6	337	49	2	
PILOT-2014003236__F__gpt4o-mini__rep2.json	PILOT-2014003236	F	2	9.1463	6	656	98	5	
PILOT-2014003236__F__gpt5.4__rep0.json	PILOT-2014003236	F	0	9.1463	6	656	98	5	
PILOT-2014003236__F__gpt5.4__rep1.json	PILOT-2014003236	F	1	7.6336	3	393	59	5	
PILOT-2014003236__F__gpt5.4__rep2.json	PILOT-2014003236	F	2	9.2166	6	651	98	5	
PILOT-2014003236__F__haiku4.5__rep0.json	PILOT-2014003236	F	0	9.9668	6	602	89	5	
PILOT-2014003236__F__haiku4.5__rep1.json	PILOT-2014003236	F	1	7.772	6	772	111	5	
PILOT-2014003236__F__haiku4.5__rep2.json	PILOT-2014003236	F	2	9.4044	6	638	93	5	
PILOT-2014003236__F__sonnet4__rep0.json	PILOT-2014003236	F	0	11.1111	6	540	76	6	
PILOT-2014003236__F__sonnet4__rep1.json	PILOT-2014003236	F	1	12.2449	6	490	73	5	
PILOT-2014003236__F__sonnet4__rep2.json	PILOT-2014003236	F	2	12.4224	6	483	69	5	
PILOT-2014003236__G__gpt4o-mini__rep0.json	PILOT-2014003236	G	0	9.2736	6	647	95	5	
PILOT-2014003236__G__gpt4o-mini__rep1.json	PILOT-2014003236	G	1	9.6308	6	623	91	5	
PILOT-2014003236__G__gpt4o-mini__rep2.json	PILOT-2014003236	G	2	9.009	6	666	99	5	
PILOT-2014003236__G__gpt5.4__rep0.json	PILOT-2014003236	G	0	9.2166	6	651	98	5	
PILOT-2014003236__G__gpt5.4__rep1.json	PILOT-2014003236	G	1	7.6336	3	393	59	5	
PILOT-2014003236__G__gpt5.4__rep2.json	PILOT-2014003236	G	2	14.5631	6	412	62	5	
PILOT-2014003236__G__haiku4.5__rep0.json	PILOT-2014003236	G	0	9.0909	6	660	100	5	
PILOT-2014003236__G__haiku4.5__rep1.json	PILOT-2014003236	G	1	9.0909	6	660	100	5	
PILOT-2014003236__G__haiku4.5__rep2.json	PILOT-2014003236	G	2	9.0909	6	660	100	5	
PILOT-2014003236__G__sonnet4__rep0.json	PILOT-2014003236	G	0	12.0724	6	497	72	6	
PILOT-2014003236__G__sonnet4__rep1.json	PILOT-2014003236	G	1	11.4504	6	524	75	5	
PILOT-2014003236__G__sonnet4__rep2.json	PILOT-2014003236	G	2	11.4504	6	524	75	5	
PILOT-2014003587__F__gpt4o-mini__rep0.json	PILOT-2014003587	F	0	5.2987	11	2076	327	8	
PILOT-2014003587__F__gpt4o-mini__rep1.json	PILOT-2014003587	F	1	4.9239	11	2234	355	8	
PILOT-2014003587__F__gpt4o-mini__rep2.json	PILOT-2014003587	F	2	3.1832	13	4084	628	13	
PILOT-2014003587__F__gpt5.4__rep0.json	PILOT-2014003587	F	0	1.8433	6	3255	512	20	
PILOT-2014003587__F__gpt5.4__rep1.json	PILOT-2014003587	F	1	3.0049	14	4659	740	20	
PILOT-2014003587__F__gpt5.4__rep2.json	PILOT-2014003587	F	2	2.0741	7	3375	528	20	
PILOT-2014003587__F__haiku4.5__rep0.json	PILOT-2014003587	F	0	3.1533	16	5074	804	20	
PILOT-2014003587__F__haiku4.5__rep1.json	PILOT-2014003587	F	1	4.3557	24	5510	859	20	
PILOT-2014003587__F__haiku4.5__rep2.json	PILOT-2014003587	F	2	2.6273	16	6090	951	20	
PILOT-2014003587__F__sonnet4__rep0.json	PILOT-2014003587	F	0	3.3188	16	4821	770	20	
PILOT-2014003587__F__sonnet4__rep1.json	PILOT-2014003587	F	1	3.136	16	5102	801	20	
PILOT-2014003587__F__sonnet4__rep2.json	PILOT-2014003587	F	2	3.4715	16	4609	734	20	
PILOT-2014003587__G__gpt4o-mini__rep0.json	PILOT-2014003587	G	0	None	0	0		0	no_parsed_body
PILOT-2014003587__G__gpt4o-mini__rep1.json	PILOT-2014003587	G	1	None	0	0		0	no_parsed_body
PILOT-2014003587__G__gpt4o-mini__rep2.json	PILOT-2014003587	G	2	None	0	0		0	no_parsed_body
PILOT-2014003587__G__gpt5.4__rep0.json	PILOT-2014003587	G	0	1.9768	8	4047	645	20	
PILOT-2014003587__G__gpt5.4__rep1.json	PILOT-2014003587	G	1	2.9358	16	5450	871	20	
PILOT-2014003587__G__gpt5.4__rep2.json	PILOT-2014003587	G	2	2.9075	15	5159	829	20	
PILOT-2014003587__G__haiku4.5__rep0.json	PILOT-2014003587	G	0	3.0343	16	5273	835	20	
PILOT-2014003587__G__haiku4.5__rep1.json	PILOT-2014003587	G	1	2.9663	16	5394	855	20	
PILOT-2014003587__G__haiku4.5__rep2.json	PILOT-2014003587	G	2	3.1571	16	5068	797	20	
PILOT-2014003587__G__sonnet4__rep0.json	PILOT-2014003587	G	0	3.3092	16	4835	773	20	
PILOT-2014003587__G__sonnet4__rep1.json	PILOT-2014003587	G	1	3.2963	16	4854	776	20	
PILOT-2014003587__G__sonnet4__rep2.json	PILOT-2014003587	G	2	3.1822	16	5028	794	20	
PILOT-2014006550__F__gpt4o-mini__rep0.json	PILOT-2014006550	F	0	11.2969	75	6639	1003	20	
PILOT-2014006550__F__gpt4o-mini__rep1.json	PILOT-2014006550	F	1	None	0	0		0	no_parsed_body
PILOT-2014006550__F__gpt4o-mini__rep2.json	PILOT-2014006550	F	2	10.7577	69	6414	969	20	
PILOT-2014006550__F__gpt5.4__rep0.json	PILOT-2014006550	F	0	10.9204	77	7051	1071	20	
PILOT-2014006550__F__gpt5.4__rep1.json	PILOT-2014006550	F	1	10.7327	81	7547	1148	20	
PILOT-2014006550__F__gpt5.4__rep2.json	PILOT-2014006550	F	2	10.4847	77	7344	1120	20	
PILOT-2014006550__F__haiku4.5__rep0.json	PILOT-2014006550	F	0	9.9305	80	8056	1203	20	
PILOT-2014006550__F__haiku4.5__rep1.json	PILOT-2014006550	F	1	10.164	75	7379	1105	20	
PILOT-2014006550__F__haiku4.5__rep2.json	PILOT-2014006550	F	2	9.0404	70	7743	1161	20	
PILOT-2014006550__F__sonnet4__rep0.json	PILOT-2014006550	F	0	11.0394	77	6975	1048	20	
PILOT-2014006550__F__sonnet4__rep1.json	PILOT-2014006550	F	1	10.7419	75	6982	1047	20	
PILOT-2014006550__F__sonnet4__rep2.json	PILOT-2014006550	F	2	11.1447	81	7268	1100	20	
PILOT-2014006550__G__gpt4o-mini__rep0.json	PILOT-2014006550	G	0	9.6154	46	4784	698	12	
PILOT-2014006550__G__gpt4o-mini__rep1.json	PILOT-2014006550	G	1	9.1259	45	4931	730	13	
PILOT-2014006550__G__gpt4o-mini__rep2.json	PILOT-2014006550	G	2	None	0	0		0	no_parsed_body
PILOT-2014006550__G__gpt5.4__rep0.json	PILOT-2014006550	G	0	11.189	83	7418	1134	20	
PILOT-2014006550__G__gpt5.4__rep1.json	PILOT-2014006550	G	1	11.3065	81	7164	1087	20	
PILOT-2014006550__G__gpt5.4__rep2.json	PILOT-2014006550	G	2	10.6781	77	7211	1093	20	
PILOT-2014006550__G__haiku4.5__rep0.json	PILOT-2014006550	G	0	10.1609	72	7086	1062	20	
PILOT-2014006550__G__haiku4.5__rep1.json	PILOT-2014006550	G	1	10.0172	70	6988	1044	20	
PILOT-2014006550__G__haiku4.5__rep2.json	PILOT-2014006550	G	2	9.7675	71	7269	1083	20	
PILOT-2014006550__G__sonnet4__rep0.json	PILOT-2014006550	G	0	10.9874	75	6826	1032	20	
PILOT-2014006550__G__sonnet4__rep1.json	PILOT-2014006550	G	1	10.332	75	7259	1088	20	
PILOT-2014006550__G__sonnet4__rep2.json	PILOT-2014006550	G	2	10.9858	75	6827	1029	20	
PILOT-2014007043__F__gpt4o-mini__rep0.json	PILOT-2014007043	F	0	3.861	8	2072	274	4	
PILOT-2014007043__F__gpt4o-mini__rep1.json	PILOT-2014007043	F	1	4.5845	8	1745	222	4	
PILOT-2014007043__F__gpt4o-mini__rep2.json	PILOT-2014007043	F	2	4.2849	8	1867	244	4	
PILOT-2014007043__F__gpt5.4__rep0.json	PILOT-2014007043	F	0	4.1894	10	2387	315	6	
PILOT-2014007043__F__gpt5.4__rep1.json	PILOT-2014007043	F	1	3.5556	8	2250	297	7	
PILOT-2014007043__F__gpt5.4__rep2.json	PILOT-2014007043	F	2	2.8668	11	3837	541	20	
PILOT-2014007043__F__haiku4.5__rep0.json	PILOT-2014007043	F	0	1.3298	3	2256	318	20	
PILOT-2014007043__F__haiku4.5__rep1.json	PILOT-2014007043	F	1	1.6146	3	1858	258	20	
PILOT-2014007043__F__haiku4.5__rep2.json	PILOT-2014007043	F	2	2.1112	3	1421	194	6	
PILOT-2014007043__F__sonnet4__rep0.json	PILOT-2014007043	F	0	3.0009	13	4332	600	20	
PILOT-2014007043__F__sonnet4__rep1.json	PILOT-2014007043	F	1	3.1041	13	4188	578	20	
PILOT-2014007043__F__sonnet4__rep2.json	PILOT-2014007043	F	2	3.0704	13	4234	583	20	
PILOT-2014007043__G__gpt4o-mini__rep0.json	PILOT-2014007043	G	0	None	0	0		0	no_parsed_body
PILOT-2014007043__G__gpt4o-mini__rep1.json	PILOT-2014007043	G	1	None	0	0		0	no_parsed_body
PILOT-2014007043__G__gpt4o-mini__rep2.json	PILOT-2014007043	G	2	None	0	0		0	no_parsed_body
PILOT-2014007043__G__gpt5.4__rep0.json	PILOT-2014007043	G	0	3.6004	8	2222	291	6	
PILOT-2014007043__G__gpt5.4__rep1.json	PILOT-2014007043	G	1	3.6782	8	2175	288	6	
PILOT-2014007043__G__gpt5.4__rep2.json	PILOT-2014007043	G	2	3.7129	18	4848	656	20	
PILOT-2014007043__G__haiku4.5__rep0.json	PILOT-2014007043	G	0	2.0393	8	3923	548	20	
PILOT-2014007043__G__haiku4.5__rep1.json	PILOT-2014007043	G	1	2.3223	10	4306	598	20	
PILOT-2014007043__G__haiku4.5__rep2.json	PILOT-2014007043	G	2	1.358	5	3682	514	20	
PILOT-2014007043__G__sonnet4__rep0.json	PILOT-2014007043	G	0	1.3966	5	3580	506	20	
PILOT-2014007043__G__sonnet4__rep1.json	PILOT-2014007043	G	1	1.3966	5	3580	506	20	
PILOT-2014007043__G__sonnet4__rep2.json	PILOT-2014007043	G	2	1.3966	5	3580	506	20	
PILOT-2014008375__F__gpt4o-mini__rep0.json	PILOT-2014008375	F	0	1.073	1	932	151	3	
PILOT-2014008375__F__gpt4o-mini__rep1.json	PILOT-2014008375	F	1	1.0787	1	927	147	3	
PILOT-2014008375__F__gpt4o-mini__rep2.json	PILOT-2014008375	F	2	1.0881	1	919	146	4	
PILOT-2014008375__F__gpt5.4__rep0.json	PILOT-2014008375	F	0	4.0161	13	3237	511	10	
PILOT-2014008375__F__gpt5.4__rep1.json	PILOT-2014008375	F	1	4.2493	15	3530	561	10	
PILOT-2014008375__F__gpt5.4__rep2.json	PILOT-2014008375	F	2	2.7174	5	1840	294	5	
PILOT-2014008375__F__haiku4.5__rep0.json	PILOT-2014008375	F	0	0.6112	1	1636	265	10	
PILOT-2014008375__F__haiku4.5__rep1.json	PILOT-2014008375	F	1	2.6285	9	3424	545	10	
PILOT-2014008375__F__haiku4.5__rep2.json	PILOT-2014008375	F	2	2.2434	4	1783	280	10	
PILOT-2014008375__F__sonnet4__rep0.json	PILOT-2014008375	F	0	3.7857	13	3434	543	10	
PILOT-2014008375__F__sonnet4__rep1.json	PILOT-2014008375	F	1	3.7857	13	3434	543	10	
PILOT-2014008375__F__sonnet4__rep2.json	PILOT-2014008375	F	2	3.9322	13	3306	524	10	
PILOT-2014008375__G__gpt4o-mini__rep0.json	PILOT-2014008375	G	0	0.6964	1	1436	229	4	
PILOT-2014008375__G__gpt4o-mini__rep1.json	PILOT-2014008375	G	1	2.1448	4	1865	302	4	
PILOT-2014008375__G__gpt4o-mini__rep2.json	PILOT-2014008375	G	2	2.0305	4	1970	318	4	
PILOT-2014008375__G__gpt5.4__rep0.json	PILOT-2014008375	G	0	4.3278	15	3466	548	10	
PILOT-2014008375__G__gpt5.4__rep1.json	PILOT-2014008375	G	1	3.2802	7	2134	345	5	
PILOT-2014008375__G__gpt5.4__rep2.json	PILOT-2014008375	G	2	4.2541	15	3526	561	10	
PILOT-2014008375__G__haiku4.5__rep0.json	PILOT-2014008375	G	0	0.5219	1	1916	309	10	
PILOT-2014008375__G__haiku4.5__rep1.json	PILOT-2014008375	G	1	0.5917	1	1690	272	10	
PILOT-2014008375__G__haiku4.5__rep2.json	PILOT-2014008375	G	2	3.8146	13	3408	544	10	
PILOT-2014008375__G__sonnet4__rep0.json	PILOT-2014008375	G	0	4.0967	10	2441	383	10	
PILOT-2014008375__G__sonnet4__rep1.json	PILOT-2014008375	G	1	3.778	13	3441	544	10	
PILOT-2014008375__G__sonnet4__rep2.json	PILOT-2014008375	G	2	4.0967	10	2441	383	10	
PILOT-2014009096__F__gpt4o-mini__rep0.json	PILOT-2014009096	F	0	1.3271	4	3014	452	4	
PILOT-2014009096__F__gpt4o-mini__rep1.json	PILOT-2014009096	F	1	1.3034	4	3069	460	4	
PILOT-2014009096__F__gpt4o-mini__rep2.json	PILOT-2014009096	F	2	1.3271	4	3014	452	4	
PILOT-2014009096__F__gpt5.4__rep0.json	PILOT-2014009096	F	0	1.9124	10	5229	793	9	
PILOT-2014009096__F__gpt5.4__rep1.json	PILOT-2014009096	F	1	1.9455	10	5140	783	9	
PILOT-2014009096__F__gpt5.4__rep2.json	PILOT-2014009096	F	2	2.6059	8	3070	459	4	
PILOT-2014009096__F__haiku4.5__rep0.json	PILOT-2014009096	F	0	1.2327	4	3245	487	10	
PILOT-2014009096__F__haiku4.5__rep1.json	PILOT-2014009096	F	1	1.3206	4	3029	454	4	
PILOT-2014009096__F__haiku4.5__rep2.json	PILOT-2014009096	F	2	1.2327	4	3245	487	10	
PILOT-2014009096__F__sonnet4__rep0.json	PILOT-2014009096	F	0	1.355	4	2952	445	4	
PILOT-2014009096__F__sonnet4__rep1.json	PILOT-2014009096	F	1	1.355	4	2952	445	4	
PILOT-2014009096__F__sonnet4__rep2.json	PILOT-2014009096	F	2	1.355	4	2952	445	4	
PILOT-2014009096__G__gpt4o-mini__rep0.json	PILOT-2014009096	G	0	1.3175	4	3036	452	4	
PILOT-2014009096__G__gpt4o-mini__rep1.json	PILOT-2014009096	G	1	1.3258	4	3017	452	4	
PILOT-2014009096__G__gpt4o-mini__rep2.json	PILOT-2014009096	G	2	1.3254	4	3018	452	4	
PILOT-2014009096__G__gpt5.4__rep0.json	PILOT-2014009096	G	0	1.9455	10	5140	783	9	
PILOT-2014009096__G__gpt5.4__rep1.json	PILOT-2014009096	G	1	1.9455	10	5140	783	9	
PILOT-2014009096__G__gpt5.4__rep2.json	PILOT-2014009096	G	2	1.9455	10	5140	783	9	
PILOT-2014009096__G__haiku4.5__rep0.json	PILOT-2014009096	G	0	1.2334	4	3243	488	10	
PILOT-2014009096__G__haiku4.5__rep1.json	PILOT-2014009096	G	1	1.3685	4	2923	437	4	
PILOT-2014009096__G__haiku4.5__rep2.json	PILOT-2014009096	G	2	1.3021	4	3072	458	10	
PILOT-2014009096__G__sonnet4__rep0.json	PILOT-2014009096	G	0	1.3736	4	2912	438	4	
PILOT-2014009096__G__sonnet4__rep1.json	PILOT-2014009096	G	1	1.3717	4	2916	440	4	
PILOT-2014009096__G__sonnet4__rep2.json	PILOT-2014009096	G	2	1.3311	4	3005	450	4	
PILOT-2014009182__F__gpt4o-mini__rep0.json	PILOT-2014009182	F	0	3.0722	10	3255	454	9	
PILOT-2014009182__F__gpt4o-mini__rep1.json	PILOT-2014009182	F	1	3.0703	10	3257	454	9	
PILOT-2014009182__F__gpt4o-mini__rep2.json	PILOT-2014009182	F	2	3.8388	12	3126	438	9	
PILOT-2014009182__F__gpt5.4__rep0.json	PILOT-2014009182	F	0	4.3631	26	5959	844	20	
PILOT-2014009182__F__gpt5.4__rep1.json	PILOT-2014009182	F	1	4.3705	26	5949	845	20	
PILOT-2014009182__F__gpt5.4__rep2.json	PILOT-2014009182	F	2	4.4549	17	3816	532	12	
PILOT-2014009182__F__haiku4.5__rep0.json	PILOT-2014009182	F	0	3.8747	24	6194	888	20	
PILOT-2014009182__F__haiku4.5__rep1.json	PILOT-2014009182	F	1	2.07	10	4831	684	20	
PILOT-2014009182__F__haiku4.5__rep2.json	PILOT-2014009182	F	2	4.0111	26	6482	934	20	
PILOT-2014009182__F__sonnet4__rep0.json	PILOT-2014009182	F	0	4.3837	17	3878	546	12	
PILOT-2014009182__F__sonnet4__rep1.json	PILOT-2014009182	F	1	4.3125	17	3942	558	12	
PILOT-2014009182__F__sonnet4__rep2.json	PILOT-2014009182	F	2	4.2834	26	6070	865	20	
PILOT-2014009182__G__gpt4o-mini__rep0.json	PILOT-2014009182	G	0	4.6058	26	5645	797	20	
PILOT-2014009182__G__gpt4o-mini__rep1.json	PILOT-2014009182	G	1	4.6872	26	5547	786	20	
PILOT-2014009182__G__gpt4o-mini__rep2.json	PILOT-2014009182	G	2	5.4857	24	4375	614	16	
PILOT-2014009182__G__gpt5.4__rep0.json	PILOT-2014009182	G	0	4.6512	17	3655	516	12	
PILOT-2014009182__G__gpt5.4__rep1.json	PILOT-2014009182	G	1	4.5045	26	5772	822	20	
PILOT-2014009182__G__gpt5.4__rep2.json	PILOT-2014009182	G	2	4.6296	17	3672	510	12	
PILOT-2014009182__G__haiku4.5__rep0.json	PILOT-2014009182	G	0	3.0534	20	6550	939	20	
PILOT-2014009182__G__haiku4.5__rep1.json	PILOT-2014009182	G	1	3.8253	24	6274	890	20	
PILOT-2014009182__G__haiku4.5__rep2.json	PILOT-2014009182	G	2	4.0323	26	6448	920	20	
PILOT-2014009182__G__sonnet4__rep0.json	PILOT-2014009182	G	0	4.053	26	6415	912	20	
PILOT-2014009182__G__sonnet4__rep1.json	PILOT-2014009182	G	1	4.0442	26	6429	914	20	
PILOT-2014009182__G__sonnet4__rep2.json	PILOT-2014009182	G	2	4.0323	26	6448	925	20	
PILOT-2014009970__F__gpt4o-mini__rep0.json	PILOT-2014009970	F	0	2.9466	8	2715	439	9	
PILOT-2014009970__F__gpt4o-mini__rep1.json	PILOT-2014009970	F	1	3.5492	8	2254	373	9	
PILOT-2014009970__F__gpt4o-mini__rep2.json	PILOT-2014009970	F	2	3.1646	9	2844	452	9	
PILOT-2014009970__F__gpt5.4__rep0.json	PILOT-2014009970	F	0	6.7472	19	2816	475	9	
PILOT-2014009970__F__gpt5.4__rep1.json	PILOT-2014009970	F	1	3.9761	10	2515	419	9	
PILOT-2014009970__F__gpt5.4__rep2.json	PILOT-2014009970	F	2	2.6738	6	2244	372	9	
PILOT-2014009970__F__haiku4.5__rep0.json	PILOT-2014009970	F	0	2.6093	8	3066	483	9	
PILOT-2014009970__F__haiku4.5__rep1.json	PILOT-2014009970	F	1	2.5648	9	3509	558	9	
PILOT-2014009970__F__haiku4.5__rep2.json	PILOT-2014009970	F	2	2.399	6	2501	415	9	
PILOT-2014009970__F__sonnet4__rep0.json	PILOT-2014009970	F	0	4.0262	8	1987	332	9	
PILOT-2014009970__F__sonnet4__rep1.json	PILOT-2014009970	F	1	4.1089	8	1947	326	9	
PILOT-2014009970__F__sonnet4__rep2.json	PILOT-2014009970	F	2	3.387	8	2362	395	9	
PILOT-2014009970__G__gpt4o-mini__rep0.json	PILOT-2014009970	G	0	3.7261	8	2147	356	9	
PILOT-2014009970__G__gpt4o-mini__rep1.json	PILOT-2014009970	G	1	4.3274	12	2773	450	9	
PILOT-2014009970__G__gpt4o-mini__rep2.json	PILOT-2014009970	G	2	2.3184	3	1294	218	4	
PILOT-2014009970__G__gpt5.4__rep0.json	PILOT-2014009970	G	0	3.4314	7	2040	339	9	
PILOT-2014009970__G__gpt5.4__rep1.json	PILOT-2014009970	G	1	3.9888	10	2507	418	9	
PILOT-2014009970__G__gpt5.4__rep2.json	PILOT-2014009970	G	2	4.1199	11	2670	445	9	
PILOT-2014009970__G__haiku4.5__rep0.json	PILOT-2014009970	G	0	2.8662	9	3140	508	9	
PILOT-2014009970__G__haiku4.5__rep1.json	PILOT-2014009970	G	1	4.2263	13	3076	487	9	
PILOT-2014009970__G__haiku4.5__rep2.json	PILOT-2014009970	G	2	2.5229	8	3171	493	9	
PILOT-2014009970__G__sonnet4__rep0.json	PILOT-2014009970	G	0	4.1026	8	1950	327	9	
PILOT-2014009970__G__sonnet4__rep1.json	PILOT-2014009970	G	1	3.5351	8	2263	378	9	
PILOT-2014009970__G__sonnet4__rep2.json	PILOT-2014009970	G	2	3.5336	8	2264	378	9	
PILOT-2015000199__F__gpt4o-mini__rep0.json	PILOT-2015000199	F	0	11.4236	26	2276	313	10	
PILOT-2015000199__F__gpt4o-mini__rep1.json	PILOT-2015000199	F	1	None	0	0		0	no_parsed_body
PILOT-2015000199__F__gpt4o-mini__rep2.json	PILOT-2015000199	F	2	None	0	0		0	no_parsed_body
PILOT-2015000199__F__gpt5.4__rep0.json	PILOT-2015000199	F	0	11.1064	26	2341	326	10	
PILOT-2015000199__F__gpt5.4__rep1.json	PILOT-2015000199	F	1	11.5197	26	2257	315	10	
PILOT-2015000199__F__gpt5.4__rep2.json	PILOT-2015000199	F	2	10.989	26	2366	331	10	
PILOT-2015000199__F__haiku4.5__rep0.json	PILOT-2015000199	F	0	10.7616	26	2416	335	10	
PILOT-2015000199__F__haiku4.5__rep1.json	PILOT-2015000199	F	1	10.6689	26	2437	336	10	
PILOT-2015000199__F__haiku4.5__rep2.json	PILOT-2015000199	F	2	10.6383	26	2444	338	10	
PILOT-2015000199__F__sonnet4__rep0.json	PILOT-2015000199	F	0	10.4502	26	2488	343	10	
PILOT-2015000199__F__sonnet4__rep1.json	PILOT-2015000199	F	1	10.2081	26	2547	350	10	
PILOT-2015000199__F__sonnet4__rep2.json	PILOT-2015000199	F	2	8.5724	26	3033	416	10	
PILOT-2015000199__G__gpt4o-mini__rep0.json	PILOT-2015000199	G	0	13.7964	29	2102	290	10	
PILOT-2015000199__G__gpt4o-mini__rep1.json	PILOT-2015000199	G	1	None	0	0		0	no_parsed_body
PILOT-2015000199__G__gpt4o-mini__rep2.json	PILOT-2015000199	G	2	5.4164	8	1477	199	4	
PILOT-2015000199__G__gpt5.4__rep0.json	PILOT-2015000199	G	0	11.0169	26	2360	327	10	
PILOT-2015000199__G__gpt5.4__rep1.json	PILOT-2015000199	G	1	11.154	26	2331	320	10	
PILOT-2015000199__G__gpt5.4__rep2.json	PILOT-2015000199	G	2	10.5993	26	2453	337	10	
PILOT-2015000199__G__haiku4.5__rep0.json	PILOT-2015000199	G	0	10.6864	26	2433	337	10	
PILOT-2015000199__G__haiku4.5__rep1.json	PILOT-2015000199	G	1	11.8193	28	2369	327	10	
PILOT-2015000199__G__haiku4.5__rep2.json	PILOT-2015000199	G	2	10.6689	26	2437	339	10	
PILOT-2015000199__G__sonnet4__rep0.json	PILOT-2015000199	G	0	10.5734	26	2459	337	10	
PILOT-2015000199__G__sonnet4__rep1.json	PILOT-2015000199	G	1	9.9693	26	2608	362	10	
PILOT-2015000199__G__sonnet4__rep2.json	PILOT-2015000199	G	2	13.7131	26	1896	258	10	
PILOT-2015004151__F__gpt4o-mini__rep0.json	PILOT-2015004151	F	0	4.1667	3	720	92	4	
PILOT-2015004151__F__gpt4o-mini__rep1.json	PILOT-2015004151	F	1	5.6764	6	1057	136	8	
PILOT-2015004151__F__gpt4o-mini__rep2.json	PILOT-2015004151	F	2	4.5113	3	665	84	4	
PILOT-2015004151__F__gpt5.4__rep0.json	PILOT-2015004151	F	0	4.8544	4	824	100	8	
PILOT-2015004151__F__gpt5.4__rep1.json	PILOT-2015004151	F	1	4.8721	4	821	99	8	
PILOT-2015004151__F__gpt5.4__rep2.json	PILOT-2015004151	F	2	4.8721	4	821	99	8	
PILOT-2015004151__F__haiku4.5__rep0.json	PILOT-2015004151	F	0	5.3571	6	1120	148	8	
PILOT-2015004151__F__haiku4.5__rep1.json	PILOT-2015004151	F	1	4.7809	6	1255	163	8	
PILOT-2015004151__F__haiku4.5__rep2.json	PILOT-2015004151	F	2	5.3571	6	1120	148	8	
PILOT-2015004151__F__sonnet4__rep0.json	PILOT-2015004151	F	0	4.529	5	1104	139	8	
PILOT-2015004151__F__sonnet4__rep1.json	PILOT-2015004151	F	1	4.898	6	1225	158	8	
PILOT-2015004151__F__sonnet4__rep2.json	PILOT-2015004151	F	2	7.8397	9	1148	147	8	
PILOT-2015004151__G__gpt4o-mini__rep0.json	PILOT-2015004151	G	0	5.2493	4	762	98	5	
PILOT-2015004151__G__gpt4o-mini__rep1.json	PILOT-2015004151	G	1	4.5113	3	665	84	4	
PILOT-2015004151__G__gpt4o-mini__rep2.json	PILOT-2015004151	G	2	4.2644	4	938	131	5	
PILOT-2015004151__G__gpt5.4__rep0.json	PILOT-2015004151	G	0	4.8544	4	824	100	8	
PILOT-2015004151__G__gpt5.4__rep1.json	PILOT-2015004151	G	1	4.7733	4	838	102	8	
PILOT-2015004151__G__gpt5.4__rep2.json	PILOT-2015004151	G	2	4.8485	4	825	100	8	
PILOT-2015004151__G__haiku4.5__rep0.json	PILOT-2015004151	G	0	5.3571	6	1120	148	8	
PILOT-2015004151__G__haiku4.5__rep1.json	PILOT-2015004151	G	1	5.3571	6	1120	148	8	
PILOT-2015004151__G__haiku4.5__rep2.json	PILOT-2015004151	G	2	5.3619	6	1119	148	8	
PILOT-2015004151__G__sonnet4__rep0.json	PILOT-2015004151	G	0	5.5127	5	907	111	8	
PILOT-2015004151__G__sonnet4__rep1.json	PILOT-2015004151	G	1	5.5127	5	907	111	8	
PILOT-2015004151__G__sonnet4__rep2.json	PILOT-2015004151	G	2	5.5127	5	907	111	8	
PILOT-2015004158__F__gpt4o-mini__rep0.json	PILOT-2015004158	F	0	None	0	0		0	no_parsed_body
PILOT-2015004158__F__gpt4o-mini__rep1.json	PILOT-2015004158	F	1	None	0	0		0	no_parsed_body
PILOT-2015004158__F__gpt4o-mini__rep2.json	PILOT-2015004158	F	2	None	0	0		0	no_parsed_body
PILOT-2015004158__F__gpt5.4__rep0.json	PILOT-2015004158	F	0	0.0	0	2306	257	9	
PILOT-2015004158__F__gpt5.4__rep1.json	PILOT-2015004158	F	1	0.0	0	2350	263	9	
PILOT-2015004158__F__gpt5.4__rep2.json	PILOT-2015004158	F	2	0.0	0	2049	236	8	
PILOT-2015004158__F__haiku4.5__rep0.json	PILOT-2015004158	F	0	0.0	0	2111	241	9	
PILOT-2015004158__F__haiku4.5__rep1.json	PILOT-2015004158	F	1	0.0	0	2379	274	9	
PILOT-2015004158__F__haiku4.5__rep2.json	PILOT-2015004158	F	2	0.0	0	2263	267	9	
PILOT-2015004158__F__sonnet4__rep0.json	PILOT-2015004158	F	0	0.0	0	1961	218	9	
PILOT-2015004158__F__sonnet4__rep1.json	PILOT-2015004158	F	1	0.0	0	1961	218	9	
PILOT-2015004158__F__sonnet4__rep2.json	PILOT-2015004158	F	2	0.0	0	1961	218	9	
PILOT-2015004158__G__gpt4o-mini__rep0.json	PILOT-2015004158	G	0	0.0	0	442	53	2	
PILOT-2015004158__G__gpt4o-mini__rep1.json	PILOT-2015004158	G	1	0.0	0	583	72	2	
PILOT-2015004158__G__gpt4o-mini__rep2.json	PILOT-2015004158	G	2	0.0	0	498	55	2	
PILOT-2015004158__G__gpt5.4__rep0.json	PILOT-2015004158	G	0	0.0	0	1830	201	8	
PILOT-2015004158__G__gpt5.4__rep1.json	PILOT-2015004158	G	1	0.0	0	1674	185	8	
PILOT-2015004158__G__gpt5.4__rep2.json	PILOT-2015004158	G	2	0.0	0	2020	223	8	
PILOT-2015004158__G__haiku4.5__rep0.json	PILOT-2015004158	G	0	0.0	0	1897	221	11	
PILOT-2015004158__G__haiku4.5__rep1.json	PILOT-2015004158	G	1	0.0	0	1786	201	9	
PILOT-2015004158__G__haiku4.5__rep2.json	PILOT-2015004158	G	2	0.0	0	1577	183	6	
PILOT-2015004158__G__sonnet4__rep0.json	PILOT-2015004158	G	0	0.0	0	1961	218	9	
PILOT-2015004158__G__sonnet4__rep1.json	PILOT-2015004158	G	1	0.0	0	1961	218	9	
PILOT-2015004158__G__sonnet4__rep2.json	PILOT-2015004158	G	2	0.0	0	1961	218	9	
PILOT-2015004926__F__gpt4o-mini__rep0.json	PILOT-2015004926	F	0	3.5286	10	2834	370	7	
PILOT-2015004926__F__gpt4o-mini__rep1.json	PILOT-2015004926	F	1	3.7762	11	2913	369	7	
PILOT-2015004926__F__gpt4o-mini__rep2.json	PILOT-2015004926	F	2	6.4614	17	2631	350	7	
PILOT-2015004926__F__gpt5.4__rep0.json	PILOT-2015004926	F	0	4.8253	29	6010	768	20	
PILOT-2015004926__F__gpt5.4__rep1.json	PILOT-2015004926	F	1	1.9259	4	2077	275	20	
PILOT-2015004926__F__gpt5.4__rep2.json	PILOT-2015004926	F	2	4.6971	29	6174	787	20	
PILOT-2015004926__F__haiku4.5__rep0.json	PILOT-2015004926	F	0	3.67	27	7357	992	20	
PILOT-2015004926__F__haiku4.5__rep1.json	PILOT-2015004926	F	1	3.6232	27	7452	1011	20	
PILOT-2015004926__F__haiku4.5__rep2.json	PILOT-2015004926	F	2	3.3958	27	7951	1073	20	
PILOT-2015004926__F__sonnet4__rep0.json	PILOT-2015004926	F	0	7.6647	47	6132	791	20	
PILOT-2015004926__F__sonnet4__rep1.json	PILOT-2015004926	F	1	4.0782	29	7111	932	20	
PILOT-2015004926__F__sonnet4__rep2.json	PILOT-2015004926	F	2	7.0714	41	5798	757	20	
PILOT-2015004926__G__gpt4o-mini__rep0.json	PILOT-2015004926	G	0	3.096	8	2584	361	10	
PILOT-2015004926__G__gpt4o-mini__rep1.json	PILOT-2015004926	G	1	3.7891	12	3167	415	8	
PILOT-2015004926__G__gpt4o-mini__rep2.json	PILOT-2015004926	G	2	3.616	11	3042	405	10	
PILOT-2015004926__G__gpt5.4__rep0.json	PILOT-2015004926	G	0	4.8625	29	5964	762	20	
PILOT-2015004926__G__gpt5.4__rep1.json	PILOT-2015004926	G	1	4.329	29	6699	848	20	
PILOT-2015004926__G__gpt5.4__rep2.json	PILOT-2015004926	G	2	4.6691	29	6211	791	20	
PILOT-2015004926__G__haiku4.5__rep0.json	PILOT-2015004926	G	0	3.512	27	7688	1033	20	
PILOT-2015004926__G__haiku4.5__rep1.json	PILOT-2015004926	G	1	3.5106	27	7691	1033	20	
PILOT-2015004926__G__haiku4.5__rep2.json	PILOT-2015004926	G	2	3.512	27	7688	1033	20	
PILOT-2015004926__G__sonnet4__rep0.json	PILOT-2015004926	G	0	4.4414	32	7205	946	20	
PILOT-2015004926__G__sonnet4__rep1.json	PILOT-2015004926	G	1	4.5102	32	7095	937	20	
PILOT-2015004926__G__sonnet4__rep2.json	PILOT-2015004926	G	2	4.3932	32	7284	956	20	
PILOT-2015005752__F__gpt4o-mini__rep0.json	PILOT-2015005752	F	0	2.1436	4	1866	263	7	
PILOT-2015005752__F__gpt4o-mini__rep1.json	PILOT-2015005752	F	1	2.287	4	1749	244	6	
PILOT-2015005752__F__gpt4o-mini__rep2.json	PILOT-2015005752	F	2	1.5544	3	1930	274	6	
PILOT-2015005752__F__gpt5.4__rep0.json	PILOT-2015005752	F	0	3.5687	14	3923	537	20	
PILOT-2015005752__F__gpt5.4__rep1.json	PILOT-2015005752	F	1	3.334	16	4799	669	20	
PILOT-2015005752__F__gpt5.4__rep2.json	PILOT-2015005752	F	2	3.5687	14	3923	537	20	
PILOT-2015005752__F__haiku4.5__rep0.json	PILOT-2015005752	F	0	3.2271	16	4958	670	20	
PILOT-2015005752__F__haiku4.5__rep1.json	PILOT-2015005752	F	1	3.2514	16	4921	682	20	
PILOT-2015005752__F__haiku4.5__rep2.json	PILOT-2015005752	F	2	3.3862	16	4725	637	20	
PILOT-2015005752__F__sonnet4__rep0.json	PILOT-2015005752	F	0	3.8471	16	4159	563	20	
PILOT-2015005752__F__sonnet4__rep1.json	PILOT-2015005752	F	1	3.8471	16	4159	563	20	
PILOT-2015005752__F__sonnet4__rep2.json	PILOT-2015005752	F	2	3.8471	16	4159	563	20	
PILOT-2015005752__G__gpt4o-mini__rep0.json	PILOT-2015005752	G	0	2.7933	4	1432	197	4	
PILOT-2015005752__G__gpt4o-mini__rep1.json	PILOT-2015005752	G	1	2.451	4	1632	222	7	
PILOT-2015005752__G__gpt4o-mini__rep2.json	PILOT-2015005752	G	2	2.4722	4	1618	221	7	
PILOT-2015005752__G__gpt5.4__rep0.json	PILOT-2015005752	G	0	3.7834	16	4229	585	20	
PILOT-2015005752__G__gpt5.4__rep1.json	PILOT-2015005752	G	1	3.1315	12	3832	525	20	
PILOT-2015005752__G__gpt5.4__rep2.json	PILOT-2015005752	G	2	3.7106	16	4312	600	18	
PILOT-2015005752__G__haiku4.5__rep0.json	PILOT-2015005752	G	0	4.5113	24	5320	751	20	
PILOT-2015005752__G__haiku4.5__rep1.json	PILOT-2015005752	G	1	3.3777	16	4737	641	20	
PILOT-2015005752__G__haiku4.5__rep2.json	PILOT-2015005752	G	2	3.2753	16	4885	670	20	
PILOT-2015005752__G__sonnet4__rep0.json	PILOT-2015005752	G	0	3.5682	16	4484	608	20	
PILOT-2015005752__G__sonnet4__rep1.json	PILOT-2015005752	G	1	3.569	16	4483	605	20	
PILOT-2015005752__G__sonnet4__rep2.json	PILOT-2015005752	G	2	3.4874	16	4588	613	20	
PILOT-2015006206__F__gpt4o-mini__rep0.json	PILOT-2015006206	F	0	2.6539	5	1884	261	7	
PILOT-2015006206__F__gpt4o-mini__rep1.json	PILOT-2015006206	F	1	1.7878	3	1678	228	5	
PILOT-2015006206__F__gpt4o-mini__rep2.json	PILOT-2015006206	F	2	2.7871	5	1794	248	7	
PILOT-2015006206__F__gpt5.4__rep0.json	PILOT-2015006206	F	0	0.8829	7	7928	1123	26	
PILOT-2015006206__F__gpt5.4__rep1.json	PILOT-2015006206	F	1	0.8058	7	8687	1252	26	
PILOT-2015006206__F__gpt5.4__rep2.json	PILOT-2015006206	F	2	0.9546	7	7333	1042	26	
PILOT-2015006206__F__haiku4.5__rep0.json	PILOT-2015006206	F	0	1.0686	5	4679	656	15	
PILOT-2015006206__F__haiku4.5__rep1.json	PILOT-2015006206	F	1	1.0024	5	4988	691	26	
PILOT-2015006206__F__haiku4.5__rep2.json	PILOT-2015006206	F	2	0.8834	7	7924	1122	26	
PILOT-2015006206__F__sonnet4__rep0.json	PILOT-2015006206	F	0	0.9916	7	7059	1003	26	
PILOT-2015006206__F__sonnet4__rep1.json	PILOT-2015006206	F	1	0.9916	7	7059	1003	26	
PILOT-2015006206__F__sonnet4__rep2.json	PILOT-2015006206	F	2	0.9942	7	7041	999	26	
PILOT-2015006206__G__gpt4o-mini__rep0.json	PILOT-2015006206	G	0	None	0	0		0	no_parsed_body
PILOT-2015006206__G__gpt4o-mini__rep1.json	PILOT-2015006206	G	1	None	0	0		0	no_parsed_body
PILOT-2015006206__G__gpt4o-mini__rep2.json	PILOT-2015006206	G	2	1.8439	3	1627	218	5	
PILOT-2015006206__G__gpt5.4__rep0.json	PILOT-2015006206	G	0	0.8771	7	7981	1132	26	
PILOT-2015006206__G__gpt5.4__rep1.json	PILOT-2015006206	G	1	0.748	7	9358	1347	26	
PILOT-2015006206__G__gpt5.4__rep2.json	PILOT-2015006206	G	2	0.9483	7	7382	1051	26	
PILOT-2015006206__G__haiku4.5__rep0.json	PILOT-2015006206	G	0	0.8929	7	7840	1100	26	
PILOT-2015006206__G__haiku4.5__rep1.json	PILOT-2015006206	G	1	0.8785	7	7968	1118	26	
PILOT-2015006206__G__haiku4.5__rep2.json	PILOT-2015006206	G	2	0.9295	7	7531	1060	26	
PILOT-2015006206__G__sonnet4__rep0.json	PILOT-2015006206	G	0	0.9801	7	7142	1010	26	
PILOT-2015006206__G__sonnet4__rep1.json	PILOT-2015006206	G	1	0.9938	7	7044	1000	26	
PILOT-2015006206__G__sonnet4__rep2.json	PILOT-2015006206	G	2	0.9936	7	7045	1000	26	
PILOT-2015006603__F__gpt4o-mini__rep0.json	PILOT-2015006603	F	0	2.994	2	668	97	2	
PILOT-2015006603__F__gpt4o-mini__rep1.json	PILOT-2015006603	F	1	None	0	0		0	no_parsed_body
PILOT-2015006603__F__gpt4o-mini__rep2.json	PILOT-2015006603	F	2	2.8436	3	1055	153	3	
PILOT-2015006603__F__gpt5.4__rep0.json	PILOT-2015006603	F	0	10.0942	60	5944	908	17	
PILOT-2015006603__F__gpt5.4__rep1.json	PILOT-2015006603	F	1	12.596	100	7939	1217	24	
PILOT-2015006603__F__gpt5.4__rep2.json	PILOT-2015006603	F	2	12.0672	69	5718	866	19	
PILOT-2015006603__F__haiku4.5__rep0.json	PILOT-2015006603	F	0	10.055	53	5271	805	33	
PILOT-2015006603__F__haiku4.5__rep1.json	PILOT-2015006603	F	1	12.6278	105	8315	1244	33	
PILOT-2015006603__F__haiku4.5__rep2.json	PILOT-2015006603	F	2	12.2908	105	8543	1275	33	
PILOT-2015006603__F__sonnet4__rep0.json	PILOT-2015006603	F	0	11.212	105	9365	1387	33	
PILOT-2015006603__F__sonnet4__rep1.json	PILOT-2015006603	F	1	9.5479	49	5132	773	13	
PILOT-2015006603__F__sonnet4__rep2.json	PILOT-2015006603	F	2	11.6434	105	9018	1349	33	
PILOT-2015006603__G__gpt4o-mini__rep0.json	PILOT-2015006603	G	0	None	0	0		0	no_parsed_body
PILOT-2015006603__G__gpt4o-mini__rep1.json	PILOT-2015006603	G	1	None	0	0		0	no_parsed_body
PILOT-2015006603__G__gpt4o-mini__rep2.json	PILOT-2015006603	G	2	None	0	0		0	no_parsed_body
PILOT-2015006603__G__gpt5.4__rep0.json	PILOT-2015006603	G	0	9.3354	42	4499	691	14	
PILOT-2015006603__G__gpt5.4__rep1.json	PILOT-2015006603	G	1	10.3306	50	4840	746	14	
PILOT-2015006603__G__gpt5.4__rep2.json	PILOT-2015006603	G	2	12.065	69	5719	865	19	
PILOT-2015006603__G__haiku4.5__rep0.json	PILOT-2015006603	G	0	12.7929	107	8364	1252	33	
PILOT-2015006603__G__haiku4.5__rep1.json	PILOT-2015006603	G	1	11.896	113	9499	1431	33	
PILOT-2015006603__G__haiku4.5__rep2.json	PILOT-2015006603	G	2	11.3098	105	9284	1372	33	
PILOT-2015006603__G__sonnet4__rep0.json	PILOT-2015006603	G	0	10.9603	105	9580	1417	33	
PILOT-2015006603__G__sonnet4__rep1.json	PILOT-2015006603	G	1	11.0573	105	9496	1401	33	
PILOT-2015006603__G__sonnet4__rep2.json	PILOT-2015006603	G	2	11.1976	105	9377	1386	33	
PILOT-2016000830__F__gpt4o-mini__rep0.json	PILOT-2016000830	F	0	None	0	0		0	no_parsed_body
PILOT-2016000830__F__gpt4o-mini__rep1.json	PILOT-2016000830	F	1	None	0	0		0	no_parsed_body
PILOT-2016000830__F__gpt4o-mini__rep2.json	PILOT-2016000830	F	2	None	0	0		0	no_parsed_body
PILOT-2016000830__F__gpt5.4__rep0.json	PILOT-2016000830	F	0	0.0	0	2853	421	14	
PILOT-2016000830__F__gpt5.4__rep1.json	PILOT-2016000830	F	1	0.8268	2	2419	359	11	
PILOT-2016000830__F__gpt5.4__rep2.json	PILOT-2016000830	F	2	0.0	0	2302	339	11	
PILOT-2016000830__F__haiku4.5__rep0.json	PILOT-2016000830	F	0	0.3774	1	2650	387	11	
PILOT-2016000830__F__haiku4.5__rep1.json	PILOT-2016000830	F	1	0.0	0	2819	409	11	
PILOT-2016000830__F__haiku4.5__rep2.json	PILOT-2016000830	F	2	0.0	0	2873	414	11	
PILOT-2016000830__F__sonnet4__rep0.json	PILOT-2016000830	F	0	0.0	0	3494	490	11	
PILOT-2016000830__F__sonnet4__rep1.json	PILOT-2016000830	F	1	0.0	0	3146	438	13	
PILOT-2016000830__F__sonnet4__rep2.json	PILOT-2016000830	F	2	0.0	0	3423	482	12	
PILOT-2016000830__G__gpt4o-mini__rep0.json	PILOT-2016000830	G	0	None	0	0		0	no_parsed_body
PILOT-2016000830__G__gpt4o-mini__rep1.json	PILOT-2016000830	G	1	None	0	0		0	no_parsed_body
PILOT-2016000830__G__gpt4o-mini__rep2.json	PILOT-2016000830	G	2	None	0	0		0	no_parsed_body
PILOT-2016000830__G__gpt5.4__rep0.json	PILOT-2016000830	G	0	0.0	0	2417	353	11	
PILOT-2016000830__G__gpt5.4__rep1.json	PILOT-2016000830	G	1	0.0	0	3584	508	14	
PILOT-2016000830__G__gpt5.4__rep2.json	PILOT-2016000830	G	2	0.0	0	3110	466	14	
PILOT-2016000830__G__haiku4.5__rep0.json	PILOT-2016000830	G	0	0.3299	1	3031	442	11	
PILOT-2016000830__G__haiku4.5__rep1.json	PILOT-2016000830	G	1	0.0	0	2946	432	11	
PILOT-2016000830__G__haiku4.5__rep2.json	PILOT-2016000830	G	2	0.3757	1	2662	385	11	
PILOT-2016000830__G__sonnet4__rep0.json	PILOT-2016000830	G	0	0.0	0	2894	416	12	
PILOT-2016000830__G__sonnet4__rep1.json	PILOT-2016000830	G	1	0.0	0	3542	492	12	
PILOT-2016000830__G__sonnet4__rep2.json	PILOT-2016000830	G	2	0.9681	3	3099	440	14	
PILOT-2016000849__F__gpt4o-mini__rep0.json	PILOT-2016000849	F	0	None	0	0		0	no_parsed_body
PILOT-2016000849__F__gpt4o-mini__rep1.json	PILOT-2016000849	F	1	0.0	0	1882	286	5	
PILOT-2016000849__F__gpt4o-mini__rep2.json	PILOT-2016000849	F	2	None	0	0		0	no_parsed_body
PILOT-2016000849__F__gpt5.4__rep0.json	PILOT-2016000849	F	0	0.8777	16	18229	2846	40	
PILOT-2016000849__F__gpt5.4__rep1.json	PILOT-2016000849	F	1	0.9356	16	17101	2664	40	
PILOT-2016000849__F__gpt5.4__rep2.json	PILOT-2016000849	F	2	1.3501	16	11851	1814	40	
PILOT-2016000849__F__haiku4.5__rep0.json	PILOT-2016000849	F	0	1.2633	10	7916	1209	40	
PILOT-2016000849__F__haiku4.5__rep1.json	PILOT-2016000849	F	1	1.2676	10	7889	1206	40	
PILOT-2016000849__F__haiku4.5__rep2.json	PILOT-2016000849	F	2	1.2601	16	12697	1947	40	
PILOT-2016000849__F__sonnet4__rep0.json	PILOT-2016000849	F	0	1.272	16	12579	1913	40	
PILOT-2016000849__F__sonnet4__rep1.json	PILOT-2016000849	F	1	1.2713	16	12586	1914	40	
PILOT-2016000849__F__sonnet4__rep2.json	PILOT-2016000849	F	2	1.2606	16	12692	1924	40	
PILOT-2016000849__G__gpt4o-mini__rep0.json	PILOT-2016000849	G	0	None	0	0		0	no_parsed_body
PILOT-2016000849__G__gpt4o-mini__rep1.json	PILOT-2016000849	G	1	None	0	0		0	no_parsed_body
PILOT-2016000849__G__gpt4o-mini__rep2.json	PILOT-2016000849	G	2	None	0	0		0	no_parsed_body
PILOT-2016000849__G__gpt5.4__rep0.json	PILOT-2016000849	G	0	1.309	16	12223	1876	40	
PILOT-2016000849__G__gpt5.4__rep1.json	PILOT-2016000849	G	1	1.3775	16	11615	1780	40	
PILOT-2016000849__G__gpt5.4__rep2.json	PILOT-2016000849	G	2	1.2892	16	12411	1906	40	
PILOT-2016000849__G__haiku4.5__rep0.json	PILOT-2016000849	G	0	1.2574	10	7953	1207	40	
PILOT-2016000849__G__haiku4.5__rep1.json	PILOT-2016000849	G	1	1.2636	10	7914	1208	40	
PILOT-2016000849__G__haiku4.5__rep2.json	PILOT-2016000849	G	2	1.2574	10	7953	1205	40	
PILOT-2016000849__G__sonnet4__rep0.json	PILOT-2016000849	G	0	1.2669	16	12629	1919	40	
PILOT-2016000849__G__sonnet4__rep1.json	PILOT-2016000849	G	1	1.2694	16	12604	1919	40	
PILOT-2016000849__G__sonnet4__rep2.json	PILOT-2016000849	G	2	1.3038	16	12272	1859	40	
PILOT-2016003042__F__gpt4o-mini__rep0.json	PILOT-2016003042	F	0	None	0	0		0	no_parsed_body
PILOT-2016003042__F__gpt4o-mini__rep1.json	PILOT-2016003042	F	1	None	0	0		0	no_parsed_body
PILOT-2016003042__F__gpt4o-mini__rep2.json	PILOT-2016003042	F	2	None	0	0		0	no_parsed_body
PILOT-2016003042__F__gpt5.4__rep0.json	PILOT-2016003042	F	0	4.0439	14	3462	552	11	
PILOT-2016003042__F__gpt5.4__rep1.json	PILOT-2016003042	F	1	3.6963	13	3517	554	11	
PILOT-2016003042__F__gpt5.4__rep2.json	PILOT-2016003042	F	2	3.9062	13	3328	525	11	
PILOT-2016003042__F__haiku4.5__rep0.json	PILOT-2016003042	F	0	3.0735	14	4555	698	11	
PILOT-2016003042__F__haiku4.5__rep1.json	PILOT-2016003042	F	1	3.0581	14	4578	709	9	
PILOT-2016003042__F__haiku4.5__rep2.json	PILOT-2016003042	F	2	4.4632	18	4033	613	11	
PILOT-2016003042__F__sonnet4__rep0.json	PILOT-2016003042	F	0	3.7659	13	3452	545	11	
PILOT-2016003042__F__sonnet4__rep1.json	PILOT-2016003042	F	1	3.69	13	3523	549	11	
PILOT-2016003042__F__sonnet4__rep2.json	PILOT-2016003042	F	2	3.7879	13	3432	543	11	
PILOT-2016003042__G__gpt4o-mini__rep0.json	PILOT-2016003042	G	0	2.2925	5	2181	346	5	
PILOT-2016003042__G__gpt4o-mini__rep1.json	PILOT-2016003042	G	1	2.5652	6	2339	373	6	
PILOT-2016003042__G__gpt4o-mini__rep2.json	PILOT-2016003042	G	2	2.0704	5	2415	387	6	
PILOT-2016003042__G__gpt5.4__rep0.json	PILOT-2016003042	G	0	3.4783	14	4025	605	11	
PILOT-2016003042__G__gpt5.4__rep1.json	PILOT-2016003042	G	1	4.0509	14	3456	547	11	
PILOT-2016003042__G__gpt5.4__rep2.json	PILOT-2016003042	G	2	4.5045	16	3552	559	12	
PILOT-2016003042__G__haiku4.5__rep0.json	PILOT-2016003042	G	0	2.4636	11	4465	697	11	
PILOT-2016003042__G__haiku4.5__rep1.json	PILOT-2016003042	G	1	3.2454	16	4930	763	11	
PILOT-2016003042__G__haiku4.5__rep2.json	PILOT-2016003042	G	2	2.8307	11	3886	606	12	
PILOT-2016003042__G__sonnet4__rep0.json	PILOT-2016003042	G	0	5.0	37	7400	1129	25	
PILOT-2016003042__G__sonnet4__rep1.json	PILOT-2016003042	G	1	3.7486	13	3468	547	11	
PILOT-2016003042__G__sonnet4__rep2.json	PILOT-2016003042	G	2	4.0855	13	3182	504	11	
PILOT-2016004446__F__gpt4o-mini__rep0.json	PILOT-2016004446	F	0	4.1841	5	1195	164	3	
PILOT-2016004446__F__gpt4o-mini__rep1.json	PILOT-2016004446	F	1	0.8628	1	1159	154	3	
PILOT-2016004446__F__gpt4o-mini__rep2.json	PILOT-2016004446	F	2	4.3478	5	1150	152	3	
PILOT-2016004446__F__gpt5.4__rep0.json	PILOT-2016004446	F	0	6.7437	7	1038	136	3	
PILOT-2016004446__F__gpt5.4__rep1.json	PILOT-2016004446	F	1	5.9524	7	1176	152	4	
PILOT-2016004446__F__gpt5.4__rep2.json	PILOT-2016004446	F	2	5.988	7	1169	153	4	
PILOT-2016004446__F__haiku4.5__rep0.json	PILOT-2016004446	F	0	1.6129	3	1860	241	4	
PILOT-2016004446__F__haiku4.5__rep1.json	PILOT-2016004446	F	1	1.5536	3	1931	249	4	
PILOT-2016004446__F__haiku4.5__rep2.json	PILOT-2016004446	F	2	1.5957	3	1880	243	4	
PILOT-2016004446__F__sonnet4__rep0.json	PILOT-2016004446	F	0	5.6568	9	1591	207	4	
PILOT-2016004446__F__sonnet4__rep1.json	PILOT-2016004446	F	1	5.9682	9	1508	201	4	
PILOT-2016004446__F__sonnet4__rep2.json	PILOT-2016004446	F	2	5.7252	9	1572	208	4	
PILOT-2016004446__G__gpt4o-mini__rep0.json	PILOT-2016004446	G	0	4.4883	5	1114	150	3	
PILOT-2016004446__G__gpt4o-mini__rep1.json	PILOT-2016004446	G	1	1.6667	2	1200	161	3	
PILOT-2016004446__G__gpt4o-mini__rep2.json	PILOT-2016004446	G	2	4.085	5	1224	164	3	
PILOT-2016004446__G__gpt5.4__rep0.json	PILOT-2016004446	G	0	6.0501	7	1157	150	4	
PILOT-2016004446__G__gpt5.4__rep1.json	PILOT-2016004446	G	1	4.9929	7	1402	183	4	
PILOT-2016004446__G__gpt5.4__rep2.json	PILOT-2016004446	G	2	6.2893	7	1113	145	4	
PILOT-2016004446__G__haiku4.5__rep0.json	PILOT-2016004446	G	0	0.7716	1	1296	168	4	
PILOT-2016004446__G__haiku4.5__rep1.json	PILOT-2016004446	G	1	0.7924	1	1262	162	4	
PILOT-2016004446__G__haiku4.5__rep2.json	PILOT-2016004446	G	2	0.8425	1	1187	156	4	
PILOT-2016004446__G__sonnet4__rep0.json	PILOT-2016004446	G	0	4.9331	7	1419	185	4	
PILOT-2016004446__G__sonnet4__rep1.json	PILOT-2016004446	G	1	4.94	7	1417	185	4	
PILOT-2016004446__G__sonnet4__rep2.json	PILOT-2016004446	G	2	4.3332	9	2077	269	4	
PILOT-2016005844__F__gpt4o-mini__rep0.json	PILOT-2016005844	F	0	4.6048	6	1303	179	4	
PILOT-2016005844__F__gpt4o-mini__rep1.json	PILOT-2016005844	F	1	5.0167	6	1196	167	4	
PILOT-2016005844__F__gpt4o-mini__rep2.json	PILOT-2016005844	F	2	4.3353	6	1384	193	4	
PILOT-2016005844__F__gpt5.4__rep0.json	PILOT-2016005844	F	0	6.7068	39	5815	851	18	
PILOT-2016005844__F__gpt5.4__rep1.json	PILOT-2016005844	F	1	4.2827	8	1868	271	4	
PILOT-2016005844__F__gpt5.4__rep2.json	PILOT-2016005844	F	2	6.4147	37	5768	861	18	
PILOT-2016005844__F__haiku4.5__rep0.json	PILOT-2016005844	F	0	7.2698	27	3714	550	10	
PILOT-2016005844__F__haiku4.5__rep1.json	PILOT-2016005844	F	1	6.25	39	6240	921	18	
PILOT-2016005844__F__haiku4.5__rep2.json	PILOT-2016005844	F	2	7.0887	43	6066	901	18	
PILOT-2016005844__F__sonnet4__rep0.json	PILOT-2016005844	F	0	6.4279	35	5445	801	18	
PILOT-2016005844__F__sonnet4__rep1.json	PILOT-2016005844	F	1	6.3463	35	5515	815	18	
PILOT-2016005844__F__sonnet4__rep2.json	PILOT-2016005844	F	2	6.4851	35	5397	791	18	
PILOT-2016005844__G__gpt4o-mini__rep0.json	PILOT-2016005844	G	0	4.9383	6	1215	167	4	
PILOT-2016005844__G__gpt4o-mini__rep1.json	PILOT-2016005844	G	1	4.9464	6	1213	165	4	
PILOT-2016005844__G__gpt4o-mini__rep2.json	PILOT-2016005844	G	2	4.0921	8	1955	269	4	
PILOT-2016005844__G__gpt5.4__rep0.json	PILOT-2016005844	G	0	6.1177	37	6048	893	18	
PILOT-2016005844__G__gpt5.4__rep1.json	PILOT-2016005844	G	1	6.1111	33	5400	795	18	
PILOT-2016005844__G__gpt5.4__rep2.json	PILOT-2016005844	G	2	7.5931	43	5663	837	18	
PILOT-2016005844__G__haiku4.5__rep0.json	PILOT-2016005844	G	0	6.3804	37	5799	853	18	
PILOT-2016005844__G__haiku4.5__rep1.json	PILOT-2016005844	G	1	6.3046	39	6186	909	18	
PILOT-2016005844__G__haiku4.5__rep2.json	PILOT-2016005844	G	2	6.4176	39	6077	901	18	
PILOT-2016005844__G__sonnet4__rep0.json	PILOT-2016005844	G	0	6.6807	35	5239	773	18	
PILOT-2016005844__G__sonnet4__rep1.json	PILOT-2016005844	G	1	6.3165	35	5541	811	18	
PILOT-2016005844__G__sonnet4__rep2.json	PILOT-2016005844	G	2	6.278	35	5575	813	18	
PILOT-2016006702__F__gpt4o-mini__rep0.json	PILOT-2016006702	F	0	3.1746	6	1890	258	5	
PILOT-2016006702__F__gpt4o-mini__rep1.json	PILOT-2016006702	F	1	2.4205	7	2892	394	5	
PILOT-2016006702__F__gpt4o-mini__rep2.json	PILOT-2016006702	F	2	None	0	0		0	no_parsed_body
PILOT-2016006702__F__gpt5.4__rep0.json	PILOT-2016006702	F	0	5.173	48	9279	1299	30	
PILOT-2016006702__F__gpt5.4__rep1.json	PILOT-2016006702	F	1	5.3787	49	9110	1268	30	
PILOT-2016006702__F__gpt5.4__rep2.json	PILOT-2016006702	F	2	5.1982	48	9234	1300	30	
PILOT-2016006702__F__haiku4.5__rep0.json	PILOT-2016006702	F	0	5.38	48	8922	1241	30	
PILOT-2016006702__F__haiku4.5__rep1.json	PILOT-2016006702	F	1	3.1757	18	5668	769	30	
PILOT-2016006702__F__haiku4.5__rep2.json	PILOT-2016006702	F	2	5.3806	48	8921	1241	30	
PILOT-2016006702__F__sonnet4__rep0.json	PILOT-2016006702	F	0	4.9718	44	8850	1234	30	
PILOT-2016006702__F__sonnet4__rep1.json	PILOT-2016006702	F	1	5.1771	44	8499	1180	30	
PILOT-2016006702__F__sonnet4__rep2.json	PILOT-2016006702	F	2	5.1771	44	8499	1180	30	
PILOT-2016006702__G__gpt4o-mini__rep0.json	PILOT-2016006702	G	0	5.6259	48	8532	1187	30	
PILOT-2016006702__G__gpt4o-mini__rep1.json	PILOT-2016006702	G	1	2.2883	7	3059	418	5	
PILOT-2016006702__G__gpt4o-mini__rep2.json	PILOT-2016006702	G	2	2.5006	10	3999	550	8	
PILOT-2016006702__G__gpt5.4__rep0.json	PILOT-2016006702	G	0	5.2718	48	9105	1274	30	
PILOT-2016006702__G__gpt5.4__rep1.json	PILOT-2016006702	G	1	5.4243	48	8849	1231	30	
PILOT-2016006702__G__gpt5.4__rep2.json	PILOT-2016006702	G	2	5.2168	48	9201	1290	30	
PILOT-2016006702__G__haiku4.5__rep0.json	PILOT-2016006702	G	0	4.3684	48	10988	1523	30	
PILOT-2016006702__G__haiku4.5__rep1.json	PILOT-2016006702	G	1	5.2655	48	9116	1263	30	
PILOT-2016006702__G__haiku4.5__rep2.json	PILOT-2016006702	G	2	5.0719	48	9464	1306	30	
PILOT-2016006702__G__sonnet4__rep0.json	PILOT-2016006702	G	0	5.1771	44	8499	1180	30	
PILOT-2016006702__G__sonnet4__rep1.json	PILOT-2016006702	G	1	5.1771	44	8499	1180	30	
PILOT-2016006702__G__sonnet4__rep2.json	PILOT-2016006702	G	2	5.1771	44	8499	1180	30	
PILOT-2016007603__F__gpt4o-mini__rep0.json	PILOT-2016007603	F	0	5.3063	11	2073	315	12	
PILOT-2016007603__F__gpt4o-mini__rep1.json	PILOT-2016007603	F	1	2.3678	3	1267	191	4	
PILOT-2016007603__F__gpt4o-mini__rep2.json	PILOT-2016007603	F	2	4.3157	7	1622	245	8	
PILOT-2016007603__F__gpt5.4__rep0.json	PILOT-2016007603	F	0	4.7271	11	2327	353	12	
PILOT-2016007603__F__gpt5.4__rep1.json	PILOT-2016007603	F	1	4.9349	11	2229	340	12	
PILOT-2016007603__F__gpt5.4__rep2.json	PILOT-2016007603	F	2	4.7373	11	2322	353	12	
PILOT-2016007603__F__haiku4.5__rep0.json	PILOT-2016007603	F	0	3.1746	6	1890	277	12	
PILOT-2016007603__F__haiku4.5__rep1.json	PILOT-2016007603	F	1	2.7716	5	1804	268	12	
PILOT-2016007603__F__haiku4.5__rep2.json	PILOT-2016007603	F	2	2.9354	6	2044	303	12	
PILOT-2016007603__F__sonnet4__rep0.json	PILOT-2016007603	F	0	None	0	0		0	no_parsed_body
PILOT-2016007603__F__sonnet4__rep1.json	PILOT-2016007603	F	1	None	0	0		0	no_parsed_body
PILOT-2016007603__F__sonnet4__rep2.json	PILOT-2016007603	F	2	None	0	0		0	no_parsed_body
PILOT-2016007603__G__gpt4o-mini__rep0.json	PILOT-2016007603	G	0	5.3398	11	2060	317	11	
PILOT-2016007603__G__gpt4o-mini__rep1.json	PILOT-2016007603	G	1	4.3915	7	1594	240	8	
PILOT-2016007603__G__gpt4o-mini__rep2.json	PILOT-2016007603	G	2	5.4429	11	2021	308	12	
PILOT-2016007603__G__gpt5.4__rep0.json	PILOT-2016007603	G	0	4.9796	11	2209	336	12	
PILOT-2016007603__G__gpt5.4__rep1.json	PILOT-2016007603	G	1	4.9327	11	2230	340	12	
PILOT-2016007603__G__gpt5.4__rep2.json	PILOT-2016007603	G	2	4.4703	10	2237	341	12	
PILOT-2016007603__G__haiku4.5__rep0.json	PILOT-2016007603	G	0	4.6888	11	2346	357	12	
PILOT-2016007603__G__haiku4.5__rep1.json	PILOT-2016007603	G	1	3.8932	7	1798	272	12	
PILOT-2016007603__G__haiku4.5__rep2.json	PILOT-2016007603	G	2	1.5106	2	1324	191	12	
PILOT-2016007603__G__sonnet4__rep0.json	PILOT-2016007603	G	0	4.9639	11	2216	336	12	
PILOT-2016007603__G__sonnet4__rep1.json	PILOT-2016007603	G	1	5.1068	11	2154	328	12	
PILOT-2016007603__G__sonnet4__rep2.json	PILOT-2016007603	G	2	5.1068	11	2154	328	12	
PILOT-2016007888__F__gpt4o-mini__rep0.json	PILOT-2016007888	F	0	7.705	14	1817	265	6	
PILOT-2016007888__F__gpt4o-mini__rep1.json	PILOT-2016007888	F	1	6.7278	11	1635	249	5	
PILOT-2016007888__F__gpt4o-mini__rep2.json	PILOT-2016007888	F	2	8.5938	11	1280	192	5	
PILOT-2016007888__F__gpt5.4__rep0.json	PILOT-2016007888	F	0	8.2305	14	1701	255	6	
PILOT-2016007888__F__gpt5.4__rep1.json	PILOT-2016007888	F	1	8.2305	14	1701	255	6	
PILOT-2016007888__F__gpt5.4__rep2.json	PILOT-2016007888	F	2	8.2305	14	1701	255	6	
PILOT-2016007888__F__haiku4.5__rep0.json	PILOT-2016007888	F	0	4.8625	26	5347	779	13	
PILOT-2016007888__F__haiku4.5__rep1.json	PILOT-2016007888	F	1	5.2749	26	4929	726	13	
PILOT-2016007888__F__haiku4.5__rep2.json	PILOT-2016007888	F	2	4.3904	26	5922	862	13	
PILOT-2016007888__F__sonnet4__rep0.json	PILOT-2016007888	F	0	6.9652	14	2010	303	6	
PILOT-2016007888__F__sonnet4__rep1.json	PILOT-2016007888	F	1	7.6294	14	1835	276	6	
PILOT-2016007888__F__sonnet4__rep2.json	PILOT-2016007888	F	2	8.0599	14	1737	260	6	
PILOT-2016007888__G__gpt4o-mini__rep0.json	PILOT-2016007888	G	0	6.3985	14	2188	329	6	
PILOT-2016007888__G__gpt4o-mini__rep1.json	PILOT-2016007888	G	1	6.883	14	2034	308	6	
PILOT-2016007888__G__gpt4o-mini__rep2.json	PILOT-2016007888	G	2	9.3732	16	1707	258	6	
PILOT-2016007888__G__gpt5.4__rep0.json	PILOT-2016007888	G	0	8.7227	14	1605	244	6	
PILOT-2016007888__G__gpt5.4__rep1.json	PILOT-2016007888	G	1	7.5553	14	1853	283	6	
PILOT-2016007888__G__gpt5.4__rep2.json	PILOT-2016007888	G	2	8.2305	14	1701	255	6	
PILOT-2016007888__G__haiku4.5__rep0.json	PILOT-2016007888	G	0	6.7802	45	6637	965	20	
PILOT-2016007888__G__haiku4.5__rep1.json	PILOT-2016007888	G	1	6.0393	12	1987	291	7	
PILOT-2016007888__G__haiku4.5__rep2.json	PILOT-2016007888	G	2	5.1039	28	5486	802	13	
PILOT-2016007888__G__sonnet4__rep0.json	PILOT-2016007888	G	0	7.2373	46	6356	934	20	
PILOT-2016007888__G__sonnet4__rep1.json	PILOT-2016007888	G	1	6.9284	45	6495	954	20	
PILOT-2016007888__G__sonnet4__rep2.json	PILOT-2016007888	G	2	7.0544	45	6379	943	20	
PILOT-2017000071__F__gpt4o-mini__rep0.json	PILOT-2017000071	F	0	0.3052	1	3277	499	4	
PILOT-2017000071__F__gpt4o-mini__rep1.json	PILOT-2017000071	F	1	0.2467	1	4053	615	7	
PILOT-2017000071__F__gpt4o-mini__rep2.json	PILOT-2017000071	F	2	0.2467	1	4053	614	7	
PILOT-2017000071__F__gpt5.4__rep0.json	PILOT-2017000071	F	0	0.2447	1	4087	617	7	
PILOT-2017000071__F__gpt5.4__rep1.json	PILOT-2017000071	F	1	0.2271	1	4404	664	7	
PILOT-2017000071__F__gpt5.4__rep2.json	PILOT-2017000071	F	2	0.2279	1	4387	660	7	
PILOT-2017000071__F__haiku4.5__rep0.json	PILOT-2017000071	F	0	0.2471	1	4047	612	7	
PILOT-2017000071__F__haiku4.5__rep1.json	PILOT-2017000071	F	1	0.2466	1	4055	613	7	
PILOT-2017000071__F__haiku4.5__rep2.json	PILOT-2017000071	F	2	0.2489	1	4017	606	7	
PILOT-2017000071__F__sonnet4__rep0.json	PILOT-2017000071	F	0	0.235	1	4255	640	7	
PILOT-2017000071__F__sonnet4__rep1.json	PILOT-2017000071	F	1	0.2614	1	3826	576	7	
PILOT-2017000071__F__sonnet4__rep2.json	PILOT-2017000071	F	2	0.2347	1	4260	641	7	
PILOT-2017000071__G__gpt4o-mini__rep0.json	PILOT-2017000071	G	0	0.2462	1	4062	617	7	
PILOT-2017000071__G__gpt4o-mini__rep1.json	PILOT-2017000071	G	1	0.2467	1	4054	615	7	
PILOT-2017000071__G__gpt4o-mini__rep2.json	PILOT-2017000071	G	2	0.2462	1	4062	617	7	
PILOT-2017000071__G__gpt5.4__rep0.json	PILOT-2017000071	G	0	0.2294	1	4360	657	7	
PILOT-2017000071__G__gpt5.4__rep1.json	PILOT-2017000071	G	1	0.2311	1	4328	652	7	
PILOT-2017000071__G__gpt5.4__rep2.json	PILOT-2017000071	G	2	0.2283	1	4381	660	7	
PILOT-2017000071__G__haiku4.5__rep0.json	PILOT-2017000071	G	0	0.2333	1	4286	645	7	
PILOT-2017000071__G__haiku4.5__rep1.json	PILOT-2017000071	G	1	0.2476	1	4039	610	7	
PILOT-2017000071__G__haiku4.5__rep2.json	PILOT-2017000071	G	2	0.2476	1	4039	610	7	
PILOT-2017000071__G__sonnet4__rep0.json	PILOT-2017000071	G	0	0.2346	1	4262	640	7	
PILOT-2017000071__G__sonnet4__rep1.json	PILOT-2017000071	G	1	0.2346	1	4262	640	7	
PILOT-2017000071__G__sonnet4__rep2.json	PILOT-2017000071	G	2	0.2389	1	4186	632	7	
PILOT-2017000093__F__gpt4o-mini__rep0.json	PILOT-2017000093	F	0	2.3781	12	5046	700	8	
PILOT-2017000093__F__gpt4o-mini__rep1.json	PILOT-2017000093	F	1	3.4433	12	3485	490	6	
PILOT-2017000093__F__gpt4o-mini__rep2.json	PILOT-2017000093	F	2	3.169	9	2840	400	5	
PILOT-2017000093__F__gpt5.4__rep0.json	PILOT-2017000093	F	0	3.6413	35	9612	1392	21	
PILOT-2017000093__F__gpt5.4__rep1.json	PILOT-2017000093	F	1	3.7756	35	9270	1344	21	
PILOT-2017000093__F__gpt5.4__rep2.json	PILOT-2017000093	F	2	3.6458	35	9600	1388	21	
PILOT-2017000093__F__haiku4.5__rep0.json	PILOT-2017000093	F	0	3.6496	39	10686	1517	21	
PILOT-2017000093__F__haiku4.5__rep1.json	PILOT-2017000093	F	1	3.5108	37	10539	1502	21	
PILOT-2017000093__F__haiku4.5__rep2.json	PILOT-2017000093	F	2	3.5942	36	10016	1424	21	
PILOT-2017000093__F__sonnet4__rep0.json	PILOT-2017000093	F	0	3.0183	29	9608	1388	21	
PILOT-2017000093__F__sonnet4__rep1.json	PILOT-2017000093	F	1	3.5945	35	9737	1401	21	
PILOT-2017000093__F__sonnet4__rep2.json	PILOT-2017000093	F	2	3.7092	35	9436	1358	21	
PILOT-2017000093__G__gpt4o-mini__rep0.json	PILOT-2017000093	G	0	2.7045	8	2958	424	5	
PILOT-2017000093__G__gpt4o-mini__rep1.json	PILOT-2017000093	G	1	2.0787	13	6254	878	21	
PILOT-2017000093__G__gpt4o-mini__rep2.json	PILOT-2017000093	G	2	3.5645	33	9258	1328	21	
PILOT-2017000093__G__gpt5.4__rep0.json	PILOT-2017000093	G	0	3.5014	35	9996	1441	21	
PILOT-2017000093__G__gpt5.4__rep1.json	PILOT-2017000093	G	1	2.7241	33	12114	1779	21	
PILOT-2017000093__G__gpt5.4__rep2.json	PILOT-2017000093	G	2	3.4304	35	10203	1482	21	
PILOT-2017000093__G__haiku4.5__rep0.json	PILOT-2017000093	G	0	3.9924	44	11021	1580	21	
PILOT-2017000093__G__haiku4.5__rep1.json	PILOT-2017000093	G	1	3.5874	37	10314	1466	21	
PILOT-2017000093__G__haiku4.5__rep2.json	PILOT-2017000093	G	2	3.7461	38	10144	1447	21	
PILOT-2017000093__G__sonnet4__rep0.json	PILOT-2017000093	G	0	3.5946	36	10015	1456	21	
PILOT-2017000093__G__sonnet4__rep1.json	PILOT-2017000093	G	1	3.603	35	9714	1420	21	
PILOT-2017000093__G__sonnet4__rep2.json	PILOT-2017000093	G	2	3.4833	35	10048	1432	21	
PILOT-2017001422__F__gpt4o-mini__rep0.json	PILOT-2017001422	F	0	3.1368	5	1594	202	6	
PILOT-2017001422__F__gpt4o-mini__rep1.json	PILOT-2017001422	F	1	3.4819	5	1436	188	6	
PILOT-2017001422__F__gpt4o-mini__rep2.json	PILOT-2017001422	F	2	2.1739	3	1380	181	5	
PILOT-2017001422__F__gpt5.4__rep0.json	PILOT-2017001422	F	0	5.7013	10	1754	215	8	
PILOT-2017001422__F__gpt5.4__rep1.json	PILOT-2017001422	F	1	5.7013	10	1754	218	8	
PILOT-2017001422__F__gpt5.4__rep2.json	PILOT-2017001422	F	2	5.7013	10	1754	215	8	
PILOT-2017001422__F__haiku4.5__rep0.json	PILOT-2017001422	F	0	5.2758	11	2085	264	8	
PILOT-2017001422__F__haiku4.5__rep1.json	PILOT-2017001422	F	1	5.2034	11	2114	265	8	
PILOT-2017001422__F__haiku4.5__rep2.json	PILOT-2017001422	F	2	4.8257	9	1865	233	8	
PILOT-2017001422__F__sonnet4__rep0.json	PILOT-2017001422	F	0	5.0633	10	1975	248	8	
PILOT-2017001422__F__sonnet4__rep1.json	PILOT-2017001422	F	1	5.0942	10	1963	245	8	
PILOT-2017001422__F__sonnet4__rep2.json	PILOT-2017001422	F	2	5.3533	10	1868	235	8	
PILOT-2017001422__G__gpt4o-mini__rep0.json	PILOT-2017001422	G	0	3.1075	5	1609	214	6	
PILOT-2017001422__G__gpt4o-mini__rep1.json	PILOT-2017001422	G	1	6.8768	12	1745	233	6	
PILOT-2017001422__G__gpt4o-mini__rep2.json	PILOT-2017001422	G	2	3.1506	5	1587	217	6	
PILOT-2017001422__G__gpt5.4__rep0.json	PILOT-2017001422	G	0	5.3763	10	1860	232	8	
PILOT-2017001422__G__gpt5.4__rep1.json	PILOT-2017001422	G	1	5.8343	10	1714	214	8	
PILOT-2017001422__G__gpt5.4__rep2.json	PILOT-2017001422	G	2	6.2182	11	1769	224	8	
PILOT-2017001422__G__haiku4.5__rep0.json	PILOT-2017001422	G	0	7.716	15	1944	244	7	
PILOT-2017001422__G__haiku4.5__rep1.json	PILOT-2017001422	G	1	3.9277	5	1273	165	7	
PILOT-2017001422__G__haiku4.5__rep2.json	PILOT-2017001422	G	2	4.9116	10	2036	258	7	
PILOT-2017001422__G__sonnet4__rep0.json	PILOT-2017001422	G	0	4.8828	10	2048	257	8	
PILOT-2017001422__G__sonnet4__rep1.json	PILOT-2017001422	G	1	4.8	9	1875	234	8	
PILOT-2017001422__G__sonnet4__rep2.json	PILOT-2017001422	G	2	4.2959	9	2095	264	8	
PILOT-2017002001__F__gpt4o-mini__rep0.json	PILOT-2017002001	F	0	0.0	0	1965	282	5	
PILOT-2017002001__F__gpt4o-mini__rep1.json	PILOT-2017002001	F	1	0.0	0	236	35	2	
PILOT-2017002001__F__gpt4o-mini__rep2.json	PILOT-2017002001	F	2	None	0	0		0	no_parsed_body
PILOT-2017002001__F__gpt5.4__rep0.json	PILOT-2017002001	F	0	0.0	0	4178	613	19	
PILOT-2017002001__F__gpt5.4__rep1.json	PILOT-2017002001	F	1	0.0	0	3878	567	19	
PILOT-2017002001__F__gpt5.4__rep2.json	PILOT-2017002001	F	2	0.0	0	3772	551	19	
PILOT-2017002001__F__haiku4.5__rep0.json	PILOT-2017002001	F	0	0.0	0	2899	425	19	
PILOT-2017002001__F__haiku4.5__rep1.json	PILOT-2017002001	F	1	0.0	0	3115	452	15	
PILOT-2017002001__F__haiku4.5__rep2.json	PILOT-2017002001	F	2	0.0	0	3730	546	19	
PILOT-2017002001__F__sonnet4__rep0.json	PILOT-2017002001	F	0	0.0	0	4200	615	19	
PILOT-2017002001__F__sonnet4__rep1.json	PILOT-2017002001	F	1	0.4939	2	4049	595	19	
PILOT-2017002001__F__sonnet4__rep2.json	PILOT-2017002001	F	2	0.0	0	4110	597	19	
PILOT-2017002001__G__gpt4o-mini__rep0.json	PILOT-2017002001	G	0	0.0	0	340	47	2	
PILOT-2017002001__G__gpt4o-mini__rep1.json	PILOT-2017002001	G	1	0.0	0	242	35	2	
PILOT-2017002001__G__gpt4o-mini__rep2.json	PILOT-2017002001	G	2	0.0	0	259	36	2	
PILOT-2017002001__G__gpt5.4__rep0.json	PILOT-2017002001	G	0	0.0	0	3708	543	19	
PILOT-2017002001__G__gpt5.4__rep1.json	PILOT-2017002001	G	1	0.0	0	3833	561	19	
PILOT-2017002001__G__gpt5.4__rep2.json	PILOT-2017002001	G	2	0.0	0	4155	608	19	
PILOT-2017002001__G__haiku4.5__rep0.json	PILOT-2017002001	G	0	0.0	0	2991	436	15	
PILOT-2017002001__G__haiku4.5__rep1.json	PILOT-2017002001	G	1	0.0	0	3928	578	19	
PILOT-2017002001__G__haiku4.5__rep2.json	PILOT-2017002001	G	2	0.0	0	3004	437	15	
PILOT-2017002001__G__sonnet4__rep0.json	PILOT-2017002001	G	0	0.0	0	3641	532	19	
PILOT-2017002001__G__sonnet4__rep1.json	PILOT-2017002001	G	1	0.0	0	3641	532	19	
PILOT-2017002001__G__sonnet4__rep2.json	PILOT-2017002001	G	2	0.0	0	2011	292	19	
PILOT-2017002029__F__gpt4o-mini__rep0.json	PILOT-2017002029	F	0	7.581	11	1451	189	4	
PILOT-2017002029__F__gpt4o-mini__rep1.json	PILOT-2017002029	F	1	3.9809	5	1256	160	4	
PILOT-2017002029__F__gpt4o-mini__rep2.json	PILOT-2017002029	F	2	8.0229	14	1745	228	7	
PILOT-2017002029__F__gpt5.4__rep0.json	PILOT-2017002029	F	0	16.3545	62	3791	516	28	
PILOT-2017002029__F__gpt5.4__rep1.json	PILOT-2017002029	F	1	16.5466	62	3747	509	28	
PILOT-2017002029__F__gpt5.4__rep2.json	PILOT-2017002029	F	2	17.8435	70	3923	535	28	
PILOT-2017002029__F__haiku4.5__rep0.json	PILOT-2017002029	F	0	13.563	63	4645	641	28	
PILOT-2017002029__F__haiku4.5__rep1.json	PILOT-2017002029	F	1	15.8523	73	4605	652	28	
PILOT-2017002029__F__haiku4.5__rep2.json	PILOT-2017002029	F	2	13.4365	66	4912	683	28	
PILOT-2017002029__F__sonnet4__rep0.json	PILOT-2017002029	F	0	13.4328	63	4690	656	28	
PILOT-2017002029__F__sonnet4__rep1.json	PILOT-2017002029	F	1	16.323	57	3492	476	28	
PILOT-2017002029__F__sonnet4__rep2.json	PILOT-2017002029	F	2	16.872	63	3734	505	28	
PILOT-2017002029__G__gpt4o-mini__rep0.json	PILOT-2017002029	G	0	6.5161	15	2302	301	10	
PILOT-2017002029__G__gpt4o-mini__rep1.json	PILOT-2017002029	G	1	11.6822	15	1284	172	9	
PILOT-2017002029__G__gpt4o-mini__rep2.json	PILOT-2017002029	G	2	9.1743	16	1744	240	5	
PILOT-2017002029__G__gpt5.4__rep0.json	PILOT-2017002029	G	0	15.6499	59	3770	513	28	
PILOT-2017002029__G__gpt5.4__rep1.json	PILOT-2017002029	G	1	15.6495	60	3834	525	28	
PILOT-2017002029__G__gpt5.4__rep2.json	PILOT-2017002029	G	2	16.0303	55	3431	466	28	
PILOT-2017002029__G__haiku4.5__rep0.json	PILOT-2017002029	G	0	13.8023	62	4492	627	28	
PILOT-2017002029__G__haiku4.5__rep1.json	PILOT-2017002029	G	1	14.2289	68	4779	687	28	
PILOT-2017002029__G__haiku4.5__rep2.json	PILOT-2017002029	G	2	15.4468	65	4208	586	28	
PILOT-2017002029__G__sonnet4__rep0.json	PILOT-2017002029	G	0	17.2367	63	3655	498	28	
PILOT-2017002029__G__sonnet4__rep1.json	PILOT-2017002029	G	1	17.341	63	3633	496	28	
PILOT-2017002029__G__sonnet4__rep2.json	PILOT-2017002029	G	2	17.1943	63	3664	500	28	
PILOT-2017003676__F__gpt4o-mini__rep0.json	PILOT-2017003676	F	0	15.2167	46	3023	448	19	
PILOT-2017003676__F__gpt4o-mini__rep1.json	PILOT-2017003676	F	1	15.0685	11	730	111	4	
PILOT-2017003676__F__gpt4o-mini__rep2.json	PILOT-2017003676	F	2	15.0376	16	1064	161	7	
PILOT-2017003676__F__gpt5.4__rep0.json	PILOT-2017003676	F	0	16.221	37	2281	340	19	
PILOT-2017003676__F__gpt5.4__rep1.json	PILOT-2017003676	F	1	14.0562	35	2490	370	19	
PILOT-2017003676__F__gpt5.4__rep2.json	PILOT-2017003676	F	2	17.5193	50	2854	428	19	
PILOT-2017003676__F__haiku4.5__rep0.json	PILOT-2017003676	F	0	12.9401	43	3323	492	19	
PILOT-2017003676__F__haiku4.5__rep1.json	PILOT-2017003676	F	1	12.3822	46	3715	553	19	
PILOT-2017003676__F__haiku4.5__rep2.json	PILOT-2017003676	F	2	13.0739	43	3289	485	19	
PILOT-2017003676__F__sonnet4__rep0.json	PILOT-2017003676	F	0	16.918	46	2719	401	19	
PILOT-2017003676__F__sonnet4__rep1.json	PILOT-2017003676	F	1	16.1533	43	2662	400	19	
PILOT-2017003676__F__sonnet4__rep2.json	PILOT-2017003676	F	2	15.9024	43	2704	411	19	
PILOT-2017003676__G__gpt4o-mini__rep0.json	PILOT-2017003676	G	0	14.5914	15	1028	157	6	
PILOT-2017003676__G__gpt4o-mini__rep1.json	PILOT-2017003676	G	1	11.3269	14	1236	180	7	
PILOT-2017003676__G__gpt4o-mini__rep2.json	PILOT-2017003676	G	2	15.885	21	1322	201	9	
PILOT-2017003676__G__gpt5.4__rep0.json	PILOT-2017003676	G	0	13.3474	38	2847	421	19	
PILOT-2017003676__G__gpt5.4__rep1.json	PILOT-2017003676	G	1	14.0168	35	2497	373	19	
PILOT-2017003676__G__gpt5.4__rep2.json	PILOT-2017003676	G	2	15.2646	45	2948	446	19	
PILOT-2017003676__G__haiku4.5__rep0.json	PILOT-2017003676	G	0	12.3563	43	3480	518	19	
PILOT-2017003676__G__haiku4.5__rep1.json	PILOT-2017003676	G	1	12.7069	43	3384	498	19	
PILOT-2017003676__G__haiku4.5__rep2.json	PILOT-2017003676	G	2	12.7181	43	3381	495	19	
PILOT-2017003676__G__sonnet4__rep0.json	PILOT-2017003676	G	0	16.7055	43	2574	387	19	
PILOT-2017003676__G__sonnet4__rep1.json	PILOT-2017003676	G	1	16.7576	43	2566	385	19	
PILOT-2017003676__G__sonnet4__rep2.json	PILOT-2017003676	G	2	16.7055	43	2574	384	19	
PILOT-2017004144__F__gpt4o-mini__rep0.json	PILOT-2017004144	F	0	0.0	0	2585	391	7	
PILOT-2017004144__F__gpt4o-mini__rep1.json	PILOT-2017004144	F	1	0.0	0	2676	404	7	
PILOT-2017004144__F__gpt4o-mini__rep2.json	PILOT-2017004144	F	2	0.0	0	2428	367	7	
PILOT-2017004144__F__gpt5.4__rep0.json	PILOT-2017004144	F	0	0.0	0	3225	479	7	
PILOT-2017004144__F__gpt5.4__rep1.json	PILOT-2017004144	F	1	0.0	0	4276	602	7	
PILOT-2017004144__F__gpt5.4__rep2.json	PILOT-2017004144	F	2	0.0	0	3708	562	7	
PILOT-2017004144__F__haiku4.5__rep0.json	PILOT-2017004144	F	0	0.0	0	7697	1123	30	
PILOT-2017004144__F__haiku4.5__rep1.json	PILOT-2017004144	F	1	0.0	0	3231	474	30	
PILOT-2017004144__F__haiku4.5__rep2.json	PILOT-2017004144	F	2	0.0	0	3296	479	30	
PILOT-2017004144__F__sonnet4__rep0.json	PILOT-2017004144	F	0	0.0	0	2512	374	7	
PILOT-2017004144__F__sonnet4__rep1.json	PILOT-2017004144	F	1	0.0	0	3000	444	7	
PILOT-2017004144__F__sonnet4__rep2.json	PILOT-2017004144	F	2	0.0	0	2512	374	7	
PILOT-2017004144__G__gpt4o-mini__rep0.json	PILOT-2017004144	G	0	0.0	0	1248	191	3	
PILOT-2017004144__G__gpt4o-mini__rep1.json	PILOT-2017004144	G	1	0.0	0	1970	297	6	
PILOT-2017004144__G__gpt4o-mini__rep2.json	PILOT-2017004144	G	2	0.0	0	2645	400	7	
PILOT-2017004144__G__gpt5.4__rep0.json	PILOT-2017004144	G	0	0.0	0	2695	410	7	
PILOT-2017004144__G__gpt5.4__rep1.json	PILOT-2017004144	G	1	0.0	0	3384	509	7	
PILOT-2017004144__G__gpt5.4__rep2.json	PILOT-2017004144	G	2	0.0	0	3384	509	7	
PILOT-2017004144__G__haiku4.5__rep0.json	PILOT-2017004144	G	0	0.0	0	6392	932	30	
PILOT-2017004144__G__haiku4.5__rep1.json	PILOT-2017004144	G	1	0.0	0	6392	932	30	
PILOT-2017004144__G__haiku4.5__rep2.json	PILOT-2017004144	G	2	0.0	0	7696	1123	30	
PILOT-2017004144__G__sonnet4__rep0.json	PILOT-2017004144	G	0	0.0	0	2913	428	7	
PILOT-2017004144__G__sonnet4__rep1.json	PILOT-2017004144	G	1	0.0	0	6865	1018	30	
PILOT-2017004144__G__sonnet4__rep2.json	PILOT-2017004144	G	2	0.0	0	2834	419	7	
PILOT-2017004286__F__gpt4o-mini__rep0.json	PILOT-2017004286	F	0	0.5163	1	1937	273	4	
PILOT-2017004286__F__gpt4o-mini__rep1.json	PILOT-2017004286	F	1	0.5459	1	1832	256	4	
PILOT-2017004286__F__gpt4o-mini__rep2.json	PILOT-2017004286	F	2	0.5255	1	1903	265	4	
PILOT-2017004286__F__gpt5.4__rep0.json	PILOT-2017004286	F	0	2.0133	16	7947	1145	26	
PILOT-2017004286__F__gpt5.4__rep1.json	PILOT-2017004286	F	1	0.8816	4	4537	644	14	
PILOT-2017004286__F__gpt5.4__rep2.json	PILOT-2017004286	F	2	1.1815	8	6771	979	21	
PILOT-2017004286__F__haiku4.5__rep0.json	PILOT-2017004286	F	0	0.7938	6	7559	1091	26	
PILOT-2017004286__F__haiku4.5__rep1.json	PILOT-2017004286	F	1	0.7569	6	7927	1136	26	
PILOT-2017004286__F__haiku4.5__rep2.json	PILOT-2017004286	F	2	0.7285	6	8236	1184	26	
PILOT-2017004286__F__sonnet4__rep0.json	PILOT-2017004286	F	0	0.8226	6	7294	1043	26	
PILOT-2017004286__F__sonnet4__rep1.json	PILOT-2017004286	F	1	0.8294	6	7234	1030	26	
PILOT-2017004286__F__sonnet4__rep2.json	PILOT-2017004286	F	2	0.8425	6	7122	1015	26	
PILOT-2017004286__G__gpt4o-mini__rep0.json	PILOT-2017004286	G	0	0.5734	1	1744	247	4	
PILOT-2017004286__G__gpt4o-mini__rep1.json	PILOT-2017004286	G	1	0.0	0	2168	306	4	
PILOT-2017004286__G__gpt4o-mini__rep2.json	PILOT-2017004286	G	2	0.0	0	2027	287	5	
PILOT-2017004286__G__gpt5.4__rep0.json	PILOT-2017004286	G	0	0.8387	6	7154	1023	26	
PILOT-2017004286__G__gpt5.4__rep1.json	PILOT-2017004286	G	1	1.0737	8	7451	1063	26	
PILOT-2017004286__G__gpt5.4__rep2.json	PILOT-2017004286	G	2	0.8207	6	7311	1041	26	
PILOT-2017004286__G__haiku4.5__rep0.json	PILOT-2017004286	G	0	0.8062	7	8683	1253	26	
PILOT-2017004286__G__haiku4.5__rep1.json	PILOT-2017004286	G	1	1.5755	11	6982	1006	26	
PILOT-2017004286__G__haiku4.5__rep2.json	PILOT-2017004286	G	2	0.7187	6	8348	1197	26	
PILOT-2017004286__G__sonnet4__rep0.json	PILOT-2017004286	G	0	0.825	6	7273	1035	26	
PILOT-2017004286__G__sonnet4__rep1.json	PILOT-2017004286	G	1	0.8262	6	7262	1034	26	
PILOT-2017004286__G__sonnet4__rep2.json	PILOT-2017004286	G	2	0.8328	6	7205	1025	26	
PILOT-2017005259__F__gpt4o-mini__rep0.json	PILOT-2017005259	F	0	0.0	0	1581	220	8	
PILOT-2017005259__F__gpt4o-mini__rep1.json	PILOT-2017005259	F	1	0.0	0	730	98	3	
PILOT-2017005259__F__gpt4o-mini__rep2.json	PILOT-2017005259	F	2	0.8	1	1250	167	4	
PILOT-2017005259__F__gpt5.4__rep0.json	PILOT-2017005259	F	0	0.0	0	2406	325	14	
PILOT-2017005259__F__gpt5.4__rep1.json	PILOT-2017005259	F	1	0.0	0	2094	288	14	
PILOT-2017005259__F__gpt5.4__rep2.json	PILOT-2017005259	F	2	0.0	0	2339	317	14	
PILOT-2017005259__F__haiku4.5__rep0.json	PILOT-2017005259	F	0	0.0	0	2762	381	14	
PILOT-2017005259__F__haiku4.5__rep1.json	PILOT-2017005259	F	1	0.0	0	2735	380	14	
PILOT-2017005259__F__haiku4.5__rep2.json	PILOT-2017005259	F	2	0.0	0	2760	382	14	
PILOT-2017005259__F__sonnet4__rep0.json	PILOT-2017005259	F	0	0.0	0	2445	333	14	
PILOT-2017005259__F__sonnet4__rep1.json	PILOT-2017005259	F	1	0.0	0	2425	333	14	
PILOT-2017005259__F__sonnet4__rep2.json	PILOT-2017005259	F	2	0.0	0	2447	335	14	
PILOT-2017005259__G__gpt4o-mini__rep0.json	PILOT-2017005259	G	0	0.0	0	1769	248	8	
PILOT-2017005259__G__gpt4o-mini__rep1.json	PILOT-2017005259	G	1	0.0	0	639	87	2	
PILOT-2017005259__G__gpt4o-mini__rep2.json	PILOT-2017005259	G	2	0.0	0	725	97	3	
PILOT-2017005259__G__gpt5.4__rep0.json	PILOT-2017005259	G	0	0.0	0	2324	317	14	
PILOT-2017005259__G__gpt5.4__rep1.json	PILOT-2017005259	G	1	0.0	0	2334	321	14	
PILOT-2017005259__G__gpt5.4__rep2.json	PILOT-2017005259	G	2	0.0	0	2324	317	14	
PILOT-2017005259__G__haiku4.5__rep0.json	PILOT-2017005259	G	0	0.0	0	2955	407	14	
PILOT-2017005259__G__haiku4.5__rep1.json	PILOT-2017005259	G	1	0.0	0	2956	408	14	
PILOT-2017005259__G__haiku4.5__rep2.json	PILOT-2017005259	G	2	0.0	0	3019	414	14	
PILOT-2017005259__G__sonnet4__rep0.json	PILOT-2017005259	G	0	0.0	0	2818	389	14	
PILOT-2017005259__G__sonnet4__rep1.json	PILOT-2017005259	G	1	0.0	0	2528	354	14	
PILOT-2017005259__G__sonnet4__rep2.json	PILOT-2017005259	G	2	0.0	0	2827	390	14	
PILOT-2017005493__F__gpt4o-mini__rep0.json	PILOT-2017005493	F	0	1.6452	6	3647	539	20	
PILOT-2017005493__F__gpt4o-mini__rep1.json	PILOT-2017005493	F	1	0.6566	1	1523	231	5	
PILOT-2017005493__F__gpt4o-mini__rep2.json	PILOT-2017005493	F	2	0.5405	1	1850	285	8	
PILOT-2017005493__F__gpt5.4__rep0.json	PILOT-2017005493	F	0	1.3477	6	4452	669	20	
PILOT-2017005493__F__gpt5.4__rep1.json	PILOT-2017005493	F	1	1.5129	6	3966	595	20	
PILOT-2017005493__F__gpt5.4__rep2.json	PILOT-2017005493	F	2	1.5271	6	3929	583	20	
PILOT-2017005493__F__haiku4.5__rep0.json	PILOT-2017005493	F	0	1.6543	6	3627	538	20	
PILOT-2017005493__F__haiku4.5__rep1.json	PILOT-2017005493	F	1	1.7912	7	3908	579	20	
PILOT-2017005493__F__haiku4.5__rep2.json	PILOT-2017005493	F	2	1.4385	6	4171	615	20	
PILOT-2017005493__F__sonnet4__rep0.json	PILOT-2017005493	F	0	1.8528	7	3778	552	20	
PILOT-2017005493__F__sonnet4__rep1.json	PILOT-2017005493	F	1	1.7114	6	3506	525	20	
PILOT-2017005493__F__sonnet4__rep2.json	PILOT-2017005493	F	2	1.6244	5	3078	447	20	
PILOT-2017005493__G__gpt4o-mini__rep0.json	PILOT-2017005493	G	0	0.6402	1	1562	237	6	
PILOT-2017005493__G__gpt4o-mini__rep1.json	PILOT-2017005493	G	1	3.4657	13	3751	564	20	
PILOT-2017005493__G__gpt4o-mini__rep2.json	PILOT-2017005493	G	2	3.1368	5	1594	234	8	
PILOT-2017005493__G__gpt5.4__rep0.json	PILOT-2017005493	G	0	1.5682	6	3826	565	20	
PILOT-2017005493__G__gpt5.4__rep1.json	PILOT-2017005493	G	1	1.5198	6	3948	591	20	
PILOT-2017005493__G__gpt5.4__rep2.json	PILOT-2017005493	G	2	1.4205	6	4224	633	20	
PILOT-2017005493__G__haiku4.5__rep0.json	PILOT-2017005493	G	0	2.0148	9	4467	660	20	
PILOT-2017005493__G__haiku4.5__rep1.json	PILOT-2017005493	G	1	1.5008	6	3998	588	20	
PILOT-2017005493__G__haiku4.5__rep2.json	PILOT-2017005493	G	2	1.9372	9	4646	699	20	
PILOT-2017005493__G__sonnet4__rep0.json	PILOT-2017005493	G	0	1.7595	6	3410	501	20	
PILOT-2017005493__G__sonnet4__rep1.json	PILOT-2017005493	G	1	1.7595	6	3410	501	20	
PILOT-2017005493__G__sonnet4__rep2.json	PILOT-2017005493	G	2	1.7406	6	3447	507	20	
PILOT-2017006188__F__gpt4o-mini__rep0.json	PILOT-2017006188	F	0	None	0	0		0	no_parsed_body
PILOT-2017006188__F__gpt4o-mini__rep1.json	PILOT-2017006188	F	1	None	0	0		0	no_parsed_body
PILOT-2017006188__F__gpt4o-mini__rep2.json	PILOT-2017006188	F	2	None	0	0		0	no_parsed_body
PILOT-2017006188__F__gpt5.4__rep0.json	PILOT-2017006188	F	0	1.9531	6	3072	381	17	
PILOT-2017006188__F__gpt5.4__rep1.json	PILOT-2017006188	F	1	1.7746	6	3381	431	17	
PILOT-2017006188__F__gpt5.4__rep2.json	PILOT-2017006188	F	2	1.5091	9	5964	744	23	
PILOT-2017006188__F__haiku4.5__rep0.json	PILOT-2017006188	F	0	None	0	0		0	no_parsed_body
PILOT-2017006188__F__haiku4.5__rep1.json	PILOT-2017006188	F	1	None	0	0		0	no_parsed_body
PILOT-2017006188__F__haiku4.5__rep2.json	PILOT-2017006188	F	2	None	0	0		0	no_parsed_body
PILOT-2017006188__F__sonnet4__rep0.json	PILOT-2017006188	F	0	None	0	0		0	no_parsed_body
PILOT-2017006188__F__sonnet4__rep1.json	PILOT-2017006188	F	1	None	0	0		0	no_parsed_body
PILOT-2017006188__F__sonnet4__rep2.json	PILOT-2017006188	F	2	None	0	0		0	no_parsed_body
PILOT-2017006188__G__gpt4o-mini__rep0.json	PILOT-2017006188	G	0	None	0	0		0	no_parsed_body
PILOT-2017006188__G__gpt4o-mini__rep1.json	PILOT-2017006188	G	1	None	0	0		0	no_parsed_body
PILOT-2017006188__G__gpt4o-mini__rep2.json	PILOT-2017006188	G	2	None	0	0		0	no_parsed_body
PILOT-2017006188__G__gpt5.4__rep0.json	PILOT-2017006188	G	0	1.9646	6	3054	384	17	
PILOT-2017006188__G__gpt5.4__rep1.json	PILOT-2017006188	G	1	2.0633	6	2908	363	17	
PILOT-2017006188__G__gpt5.4__rep2.json	PILOT-2017006188	G	2	2.4725	9	3640	452	17	
PILOT-2017006188__G__haiku4.5__rep0.json	PILOT-2017006188	G	0	None	0	0		0	no_parsed_body
PILOT-2017006188__G__haiku4.5__rep1.json	PILOT-2017006188	G	1	None	0	0		0	no_parsed_body
PILOT-2017006188__G__haiku4.5__rep2.json	PILOT-2017006188	G	2	None	0	0		0	no_parsed_body
PILOT-2017006188__G__sonnet4__rep0.json	PILOT-2017006188	G	0	1.7972	12	6677	844	28	
PILOT-2017006188__G__sonnet4__rep1.json	PILOT-2017006188	G	1	1.8445	12	6506	835	28	
PILOT-2017006188__G__sonnet4__rep2.json	PILOT-2017006188	G	2	2.0986	6	2859	345	16	
PILOT-2017007272__F__gpt4o-mini__rep0.json	PILOT-2017007272	F	0	3.9093	5	1279	193	8	
PILOT-2017007272__F__gpt4o-mini__rep1.json	PILOT-2017007272	F	1	3.9093	5	1279	198	6	
PILOT-2017007272__F__gpt4o-mini__rep2.json	PILOT-2017007272	F	2	3.7688	6	1592	241	9	
PILOT-2017007272__F__gpt5.4__rep0.json	PILOT-2017007272	F	0	5.2576	10	1902	287	14	
PILOT-2017007272__F__gpt5.4__rep1.json	PILOT-2017007272	F	1	4.9116	10	2036	305	14	
PILOT-2017007272__F__gpt5.4__rep2.json	PILOT-2017007272	F	2	5.0865	10	1966	298	14	
PILOT-2017007272__F__haiku4.5__rep0.json	PILOT-2017007272	F	0	2.9915	7	2340	351	20	
PILOT-2017007272__F__haiku4.5__rep1.json	PILOT-2017007272	F	1	2.6362	6	2276	336	20	
PILOT-2017007272__F__haiku4.5__rep2.json	PILOT-2017007272	F	2	4.3963	13	2957	440	20	
PILOT-2017007272__F__sonnet4__rep0.json	PILOT-2017007272	F	0	4.2608	10	2347	356	20	
PILOT-2017007272__F__sonnet4__rep1.json	PILOT-2017007272	F	1	4.1152	10	2430	374	20	
PILOT-2017007272__F__sonnet4__rep2.json	PILOT-2017007272	F	2	4.2626	10	2346	361	20	
PILOT-2017007272__G__gpt4o-mini__rep0.json	PILOT-2017007272	G	0	4.0377	6	1486	217	9	
PILOT-2017007272__G__gpt4o-mini__rep1.json	PILOT-2017007272	G	1	4.4346	6	1353	199	9	
PILOT-2017007272__G__gpt4o-mini__rep2.json	PILOT-2017007272	G	2	3.4106	5	1466	218	8	
PILOT-2017007272__G__gpt5.4__rep0.json	PILOT-2017007272	G	0	5.1606	9	1744	266	13	
PILOT-2017007272__G__gpt5.4__rep1.json	PILOT-2017007272	G	1	4.8283	9	1864	280	13	
PILOT-2017007272__G__gpt5.4__rep2.json	PILOT-2017007272	G	2	5.1221	13	2538	388	20	
PILOT-2017007272__G__haiku4.5__rep0.json	PILOT-2017007272	G	0	4.7483	5	1053	159	20	
PILOT-2017007272__G__haiku4.5__rep1.json	PILOT-2017007272	G	1	2.451	5	2040	313	12	
PILOT-2017007272__G__haiku4.5__rep2.json	PILOT-2017007272	G	2	3.4223	10	2922	441	20	
PILOT-2017007272__G__sonnet4__rep0.json	PILOT-2017007272	G	0	4.5455	13	2860	434	20	
PILOT-2017007272__G__sonnet4__rep1.json	PILOT-2017007272	G	1	3.9334	13	3305	507	20	
PILOT-2017007272__G__sonnet4__rep2.json	PILOT-2017007272	G	2	4.5775	13	2840	431	20	
PILOT-2017007595__F__gpt4o-mini__rep0.json	PILOT-2017007595	F	0	1.1355	3	2642	337	6	
PILOT-2017007595__F__gpt4o-mini__rep1.json	PILOT-2017007595	F	1	0.8621	2	2320	283	5	
PILOT-2017007595__F__gpt4o-mini__rep2.json	PILOT-2017007595	F	2	1.0201	3	2941	380	6	
PILOT-2017007595__F__gpt5.4__rep0.json	PILOT-2017007595	F	0	3.7771	45	11914	1654	42	
PILOT-2017007595__F__gpt5.4__rep1.json	PILOT-2017007595	F	1	3.6211	43	11875	1641	42	
PILOT-2017007595__F__gpt5.4__rep2.json	PILOT-2017007595	F	2	4.2127	50	11869	1648	42	
PILOT-2017007595__F__haiku4.5__rep0.json	PILOT-2017007595	F	0	0.8571	3	3500	450	42	
PILOT-2017007595__F__haiku4.5__rep1.json	PILOT-2017007595	F	1	0.9702	3	3092	390	42	
PILOT-2017007595__F__haiku4.5__rep2.json	PILOT-2017007595	F	2	0.9993	4	4003	514	42	
PILOT-2017007595__F__sonnet4__rep0.json	PILOT-2017007595	F	0	3.3104	39	11781	1638	42	
PILOT-2017007595__F__sonnet4__rep1.json	PILOT-2017007595	F	1	3.3121	39	11775	1636	42	
PILOT-2017007595__F__sonnet4__rep2.json	PILOT-2017007595	F	2	3.268	40	12240	1697	42	
PILOT-2017007595__G__gpt4o-mini__rep0.json	PILOT-2017007595	G	0	1.114	3	2693	341	6	
PILOT-2017007595__G__gpt4o-mini__rep1.json	PILOT-2017007595	G	1	1.1338	3	2646	336	6	
PILOT-2017007595__G__gpt4o-mini__rep2.json	PILOT-2017007595	G	2	1.1062	3	2712	343	6	
PILOT-2017007595__G__gpt5.4__rep0.json	PILOT-2017007595	G	0	3.1946	38	11895	1667	42	
PILOT-2017007595__G__gpt5.4__rep1.json	PILOT-2017007595	G	1	3.051	38	12455	1753	42	
PILOT-2017007595__G__gpt5.4__rep2.json	PILOT-2017007595	G	2	3.2084	38	11844	1653	42	
PILOT-2017007595__G__haiku4.5__rep0.json	PILOT-2017007595	G	0	1.1053	4	3619	464	42	
PILOT-2017007595__G__haiku4.5__rep1.json	PILOT-2017007595	G	1	0.9977	3	3007	384	42	
PILOT-2017007595__G__haiku4.5__rep2.json	PILOT-2017007595	G	2	0.9894	3	3032	388	42	
PILOT-2017007595__G__sonnet4__rep0.json	PILOT-2017007595	G	0	3.2998	39	11819	1645	42	
PILOT-2017007595__G__sonnet4__rep1.json	PILOT-2017007595	G	1	3.2964	39	11831	1643	42	
PILOT-2017007595__G__sonnet4__rep2.json	PILOT-2017007595	G	2	3.2964	39	11831	1643	42	
PILOT-2017009415__F__gpt4o-mini__rep0.json	PILOT-2017009415	F	0	4.2105	16	3800	536	13	
PILOT-2017009415__F__gpt4o-mini__rep1.json	PILOT-2017009415	F	1	1.7442	3	1720	235	5	
PILOT-2017009415__F__gpt4o-mini__rep2.json	PILOT-2017009415	F	2	4.1569	16	3849	539	13	
PILOT-2017009415__F__gpt5.4__rep0.json	PILOT-2017009415	F	0	4.0248	13	3230	456	13	
PILOT-2017009415__F__gpt5.4__rep1.json	PILOT-2017009415	F	1	3.6161	13	3595	509	13	
PILOT-2017009415__F__gpt5.4__rep2.json	PILOT-2017009415	F	2	4.3788	16	3654	517	13	
PILOT-2017009415__F__haiku4.5__rep0.json	PILOT-2017009415	F	0	1.1933	2	1676	233	13	
PILOT-2017009415__F__haiku4.5__rep1.json	PILOT-2017009415	F	1	4.5201	17	3761	528	13	
PILOT-2017009415__F__haiku4.5__rep2.json	PILOT-2017009415	F	2	1.1574	2	1728	237	13	
PILOT-2017009415__F__sonnet4__rep0.json	PILOT-2017009415	F	0	4.5977	18	3915	551	13	
PILOT-2017009415__F__sonnet4__rep1.json	PILOT-2017009415	F	1	4.2485	16	3766	527	13	
PILOT-2017009415__F__sonnet4__rep2.json	PILOT-2017009415	F	2	4.6184	19	4114	576	13	
PILOT-2017009415__G__gpt4o-mini__rep0.json	PILOT-2017009415	G	0	3.1966	6	1877	257	6	
PILOT-2017009415__G__gpt4o-mini__rep1.json	PILOT-2017009415	G	1	2.0964	4	1908	267	6	
PILOT-2017009415__G__gpt4o-mini__rep2.json	PILOT-2017009415	G	2	2.9806	6	2013	280	6	
PILOT-2017009415__G__gpt5.4__rep0.json	PILOT-2017009415	G	0	3.6554	14	3830	546	13	
PILOT-2017009415__G__gpt5.4__rep1.json	PILOT-2017009415	G	1	3.7016	13	3512	497	13	
PILOT-2017009415__G__gpt5.4__rep2.json	PILOT-2017009415	G	2	4.451	18	4044	577	13	
PILOT-2017009415__G__haiku4.5__rep0.json	PILOT-2017009415	G	0	3.3515	16	4774	666	13	
PILOT-2017009415__G__haiku4.5__rep1.json	PILOT-2017009415	G	1	3.482	16	4595	647	13	
PILOT-2017009415__G__haiku4.5__rep2.json	PILOT-2017009415	G	2	4.8729	23	4720	660	13	
PILOT-2017009415__G__sonnet4__rep0.json	PILOT-2017009415	G	0	4.2485	16	3766	527	13	
PILOT-2017009415__G__sonnet4__rep1.json	PILOT-2017009415	G	1	4.3634	17	3896	552	13	
PILOT-2017009415__G__sonnet4__rep2.json	PILOT-2017009415	G	2	4.2485	16	3766	527	13	
PILOT-2017010497__F__gpt4o-mini__rep0.json	PILOT-2017010497	F	0	None	0	0		0	no_parsed_body
PILOT-2017010497__F__gpt4o-mini__rep1.json	PILOT-2017010497	F	1	4.2686	15	3514	531	13	
PILOT-2017010497__F__gpt4o-mini__rep2.json	PILOT-2017010497	F	2	3.0644	12	3916	582	13	
PILOT-2017010497__F__gpt5.4__rep0.json	PILOT-2017010497	F	0	5.7375	24	4183	640	16	
PILOT-2017010497__F__gpt5.4__rep1.json	PILOT-2017010497	F	1	6.5589	28	4269	663	17	
PILOT-2017010497__F__gpt5.4__rep2.json	PILOT-2017010497	F	2	6.6874	28	4187	637	16	
PILOT-2017010497__F__haiku4.5__rep0.json	PILOT-2017010497	F	0	3.9096	18	4604	688	13	
PILOT-2017010497__F__haiku4.5__rep1.json	PILOT-2017010497	F	1	3.5008	17	4856	721	13	
PILOT-2017010497__F__haiku4.5__rep2.json	PILOT-2017010497	F	2	3.4829	17	4881	722	13	
PILOT-2017010497__F__sonnet4__rep0.json	PILOT-2017010497	F	0	3.8911	16	4112	616	13	
PILOT-2017010497__F__sonnet4__rep1.json	PILOT-2017010497	F	1	3.1024	12	3868	582	13	
PILOT-2017010497__F__sonnet4__rep2.json	PILOT-2017010497	F	2	3.6538	16	4379	651	13	
PILOT-2017010497__G__gpt4o-mini__rep0.json	PILOT-2017010497	G	0	3.2429	11	3392	512	13	
PILOT-2017010497__G__gpt4o-mini__rep1.json	PILOT-2017010497	G	1	3.4062	12	3523	531	13	
PILOT-2017010497__G__gpt4o-mini__rep2.json	PILOT-2017010497	G	2	3.4532	12	3475	526	13	
PILOT-2017010497__G__gpt5.4__rep0.json	PILOT-2017010497	G	0	2.5974	10	3850	585	13	
PILOT-2017010497__G__gpt5.4__rep1.json	PILOT-2017010497	G	1	5.8528	28	4784	730	16	
PILOT-2017010497__G__gpt5.4__rep2.json	PILOT-2017010497	G	2	2.5342	10	3946	596	13	
PILOT-2017010497__G__haiku4.5__rep0.json	PILOT-2017010497	G	0	4.1481	14	3375	511	47	
PILOT-2017010497__G__haiku4.5__rep1.json	PILOT-2017010497	G	1	5.2571	23	4375	661	43	
PILOT-2017010497__G__haiku4.5__rep2.json	PILOT-2017010497	G	2	4.104	15	3655	549	47	
PILOT-2017010497__G__sonnet4__rep0.json	PILOT-2017010497	G	0	2.8249	12	4248	627	13	
PILOT-2017010497__G__sonnet4__rep1.json	PILOT-2017010497	G	1	2.6613	12	4509	682	13	
PILOT-2017010497__G__sonnet4__rep2.json	PILOT-2017010497	G	2	2.7946	12	4294	635	13	
PILOT-2017010632__F__gpt4o-mini__rep0.json	PILOT-2017010632	F	0	3.8223	8	2093	318	2	
PILOT-2017010632__F__gpt4o-mini__rep1.json	PILOT-2017010632	F	1	2.7871	5	1794	276	2	
PILOT-2017010632__F__gpt4o-mini__rep2.json	PILOT-2017010632	F	2	2.3485	5	2129	322	2	
PILOT-2017010632__F__gpt5.4__rep0.json	PILOT-2017010632	F	0	6.8153	70	10271	1533	20	
PILOT-2017010632__F__gpt5.4__rep1.json	PILOT-2017010632	F	1	6.8113	70	10277	1533	20	
PILOT-2017010632__F__gpt5.4__rep2.json	PILOT-2017010632	F	2	7.186	69	9602	1429	20	
PILOT-2017010632__F__haiku4.5__rep0.json	PILOT-2017010632	F	0	7.0836	70	9882	1465	20	
PILOT-2017010632__F__haiku4.5__rep1.json	PILOT-2017010632	F	1	7.2132	71	9843	1464	20	
PILOT-2017010632__F__haiku4.5__rep2.json	PILOT-2017010632	F	2	7.3999	73	9865	1466	20	
PILOT-2017010632__F__sonnet4__rep0.json	PILOT-2017010632	F	0	7.9706	78	9786	1464	20	
PILOT-2017010632__F__sonnet4__rep1.json	PILOT-2017010632	F	1	7.1269	70	9822	1459	20	
PILOT-2017010632__F__sonnet4__rep2.json	PILOT-2017010632	F	2	9.0592	26	2870	449	20	
PILOT-2017010632__G__gpt4o-mini__rep0.json	PILOT-2017010632	G	0	4.0359	9	2230	340	2	
PILOT-2017010632__G__gpt4o-mini__rep1.json	PILOT-2017010632	G	1	2.7842	6	2155	325	2	
PILOT-2017010632__G__gpt4o-mini__rep2.json	PILOT-2017010632	G	2	4.1783	9	2154	324	2	
PILOT-2017010632__G__gpt5.4__rep0.json	PILOT-2017010632	G	0	6.9334	70	10096	1496	20	
PILOT-2017010632__G__gpt5.4__rep1.json	PILOT-2017010632	G	1	2.3798	5	2101	316	2	
PILOT-2017010632__G__gpt5.4__rep2.json	PILOT-2017010632	G	2	7.0714	70	9899	1475	20	
PILOT-2017010632__G__haiku4.5__rep0.json	PILOT-2017010632	G	0	7.1016	70	9857	1467	20	
PILOT-2017010632__G__haiku4.5__rep1.json	PILOT-2017010632	G	1	6.8641	70	10198	1517	20	
PILOT-2017010632__G__haiku4.5__rep2.json	PILOT-2017010632	G	2	7.6939	76	9878	1464	20	
PILOT-2017010632__G__sonnet4__rep0.json	PILOT-2017010632	G	0	7.1283	70	9820	1459	20	
PILOT-2017010632__G__sonnet4__rep1.json	PILOT-2017010632	G	1	7.1269	70	9822	1459	20	
PILOT-2017010632__G__sonnet4__rep2.json	PILOT-2017010632	G	2	7.1283	70	9820	1459	20	
PILOT-2018000427__F__gpt4o-mini__rep0.json	PILOT-2018000427	F	0	None	0	0		0	no_parsed_body
PILOT-2018000427__F__gpt4o-mini__rep1.json	PILOT-2018000427	F	1	None	0	0		0	no_parsed_body
PILOT-2018000427__F__gpt4o-mini__rep2.json	PILOT-2018000427	F	2	2.7875	4	1435	215	2	
PILOT-2018000427__F__gpt5.4__rep0.json	PILOT-2018000427	F	0	3.2077	4	1247	189	2	
PILOT-2018000427__F__gpt5.4__rep1.json	PILOT-2018000427	F	1	3.1299	4	1278	195	2	
PILOT-2018000427__F__gpt5.4__rep2.json	PILOT-2018000427	F	2	2.8612	4	1398	215	2	
PILOT-2018000427__F__haiku4.5__rep0.json	PILOT-2018000427	F	0	2.5991	4	1539	235	2	
PILOT-2018000427__F__haiku4.5__rep1.json	PILOT-2018000427	F	1	2.9918	4	1337	201	2	
PILOT-2018000427__F__haiku4.5__rep2.json	PILOT-2018000427	F	2	2.584	4	1548	236	2	
PILOT-2018000427__F__sonnet4__rep0.json	PILOT-2018000427	F	0	2.8798	4	1389	209	2	
PILOT-2018000427__F__sonnet4__rep1.json	PILOT-2018000427	F	1	2.7816	4	1438	219	2	
PILOT-2018000427__F__sonnet4__rep2.json	PILOT-2018000427	F	2	2.7816	4	1438	219	2	
PILOT-2018000427__G__gpt4o-mini__rep0.json	PILOT-2018000427	G	0	3.1348	4	1276	191	2	
PILOT-2018000427__G__gpt4o-mini__rep1.json	PILOT-2018000427	G	1	3.1771	4	1259	186	2	
PILOT-2018000427__G__gpt4o-mini__rep2.json	PILOT-2018000427	G	2	None	0	0		0	no_parsed_body
PILOT-2018000427__G__gpt5.4__rep0.json	PILOT-2018000427	G	0	3.0888	4	1295	197	2	
PILOT-2018000427__G__gpt5.4__rep1.json	PILOT-2018000427	G	1	2.6596	4	1504	232	2	
PILOT-2018000427__G__gpt5.4__rep2.json	PILOT-2018000427	G	2	2.9326	4	1364	210	2	
PILOT-2018000427__G__haiku4.5__rep0.json	PILOT-2018000427	G	0	1.1331	4	3530	528	12	
PILOT-2018000427__G__haiku4.5__rep1.json	PILOT-2018000427	G	1	1.129	4	3543	529	12	
PILOT-2018000427__G__haiku4.5__rep2.json	PILOT-2018000427	G	2	1.1406	4	3507	523	12	
PILOT-2018000427__G__sonnet4__rep0.json	PILOT-2018000427	G	0	2.7155	4	1473	227	2	
PILOT-2018000427__G__sonnet4__rep1.json	PILOT-2018000427	G	1	2.7816	4	1438	219	2	
PILOT-2018000427__G__sonnet4__rep2.json	PILOT-2018000427	G	2	2.7816	4	1438	219	2	
PILOT-2018001232__F__gpt4o-mini__rep0.json	PILOT-2018001232	F	0	0.0	0	772	112	2	
PILOT-2018001232__F__gpt4o-mini__rep1.json	PILOT-2018001232	F	1	0.0	0	843	121	2	
PILOT-2018001232__F__gpt4o-mini__rep2.json	PILOT-2018001232	F	2	0.0	0	673	94	2	
PILOT-2018001232__F__gpt5.4__rep0.json	PILOT-2018001232	F	0	0.0	0	3895	611	20	
PILOT-2018001232__F__gpt5.4__rep1.json	PILOT-2018001232	F	1	0.0	0	1766	269	20	
PILOT-2018001232__F__gpt5.4__rep2.json	PILOT-2018001232	F	2	0.0	0	3935	621	20	
PILOT-2018001232__F__haiku4.5__rep0.json	PILOT-2018001232	F	0	0.0	0	3390	531	20	
PILOT-2018001232__F__haiku4.5__rep1.json	PILOT-2018001232	F	1	0.0	0	3403	533	20	
PILOT-2018001232__F__haiku4.5__rep2.json	PILOT-2018001232	F	2	0.0	0	3390	531	20	
PILOT-2018001232__F__sonnet4__rep0.json	PILOT-2018001232	F	0	0.0	0	3935	621	20	
PILOT-2018001232__F__sonnet4__rep1.json	PILOT-2018001232	F	1	0.0	0	3935	621	20	
PILOT-2018001232__F__sonnet4__rep2.json	PILOT-2018001232	F	2	0.0	0	3935	621	20	
PILOT-2018001232__G__gpt4o-mini__rep0.json	PILOT-2018001232	G	0	0.8097	1	1235	192	6	
PILOT-2018001232__G__gpt4o-mini__rep1.json	PILOT-2018001232	G	1	4.0323	3	744	116	4	
PILOT-2018001232__G__gpt4o-mini__rep2.json	PILOT-2018001232	G	2	0.0	0	1277	196	6	
PILOT-2018001232__G__gpt5.4__rep0.json	PILOT-2018001232	G	0	0.0	0	4040	643	20	
PILOT-2018001232__G__gpt5.4__rep1.json	PILOT-2018001232	G	1	0.0	0	3966	631	20	
PILOT-2018001232__G__gpt5.4__rep2.json	PILOT-2018001232	G	2	0.0	0	2624	410	20	
PILOT-2018001232__G__haiku4.5__rep0.json	PILOT-2018001232	G	0	0.0	0	3989	631	20	
PILOT-2018001232__G__haiku4.5__rep1.json	PILOT-2018001232	G	1	0.0	0	4850	748	20	
PILOT-2018001232__G__haiku4.5__rep2.json	PILOT-2018001232	G	2	0.4195	2	4768	749	20	
PILOT-2018001232__G__sonnet4__rep0.json	PILOT-2018001232	G	0	0.0	0	3935	621	20	
PILOT-2018001232__G__sonnet4__rep1.json	PILOT-2018001232	G	1	0.0	0	3935	621	20	
PILOT-2018001232__G__sonnet4__rep2.json	PILOT-2018001232	G	2	0.0	0	3935	621	20	
PILOT-2018003513__F__gpt4o-mini__rep0.json	PILOT-2018003513	F	0	16.3969	77	4696	681	28	
PILOT-2018003513__F__gpt4o-mini__rep1.json	PILOT-2018003513	F	1	13.1783	17	1290	176	5	
PILOT-2018003513__F__gpt4o-mini__rep2.json	PILOT-2018003513	F	2	11.2423	20	1779	223	6	
PILOT-2018003513__F__gpt5.4__rep0.json	PILOT-2018003513	F	0	10.9557	65	5933	758	25	
PILOT-2018003513__F__gpt5.4__rep1.json	PILOT-2018003513	F	1	15.2259	62	4072	573	26	
PILOT-2018003513__F__gpt5.4__rep2.json	PILOT-2018003513	F	2	10.3954	56	5387	701	25	
PILOT-2018003513__F__haiku4.5__rep0.json	PILOT-2018003513	F	0	14.1218	48	3399	477	26	
PILOT-2018003513__F__haiku4.5__rep1.json	PILOT-2018003513	F	1	7.5432	65	8617	1038	26	
PILOT-2018003513__F__haiku4.5__rep2.json	PILOT-2018003513	F	2	14.1844	48	3384	475	26	
PILOT-2018003513__F__sonnet4__rep0.json	PILOT-2018003513	F	0	14.2653	50	3505	492	25	
PILOT-2018003513__F__sonnet4__rep1.json	PILOT-2018003513	F	1	10.4086	54	5188	668	25	
PILOT-2018003513__F__sonnet4__rep2.json	PILOT-2018003513	F	2	13.1195	45	3430	476	26	
PILOT-2018003513__G__gpt4o-mini__rep0.json	PILOT-2018003513	G	0	13.8211	17	1230	167	5	
PILOT-2018003513__G__gpt4o-mini__rep1.json	PILOT-2018003513	G	1	13.0826	16	1223	164	4	
PILOT-2018003513__G__gpt4o-mini__rep2.json	PILOT-2018003513	G	2	7.2993	7	959	131	4	
PILOT-2018003513__G__gpt5.4__rep0.json	PILOT-2018003513	G	0	7.4012	62	8377	1016	25	
PILOT-2018003513__G__gpt5.4__rep1.json	PILOT-2018003513	G	1	11.8182	65	5500	722	25	
PILOT-2018003513__G__gpt5.4__rep2.json	PILOT-2018003513	G	2	16.1804	66	4079	565	25	
PILOT-2018003513__G__haiku4.5__rep0.json	PILOT-2018003513	G	0	10.3113	53	5140	666	26	
PILOT-2018003513__G__haiku4.5__rep1.json	PILOT-2018003513	G	1	14.0401	49	3490	489	26	
PILOT-2018003513__G__haiku4.5__rep2.json	PILOT-2018003513	G	2	8.6172	85	9864	1252	33	
PILOT-2018003513__G__sonnet4__rep0.json	PILOT-2018003513	G	0	13.4992	51	3778	522	25	
PILOT-2018003513__G__sonnet4__rep1.json	PILOT-2018003513	G	1	14.3336	47	3279	461	25	
PILOT-2018003513__G__sonnet4__rep2.json	PILOT-2018003513	G	2	13.5211	48	3550	493	25	
PILOT-2018005420__F__gpt4o-mini__rep0.json	PILOT-2018005420	F	0	14.3177	115	8032	1277	25	
PILOT-2018005420__F__gpt4o-mini__rep1.json	PILOT-2018005420	F	1	12.9286	92	7116	1124	25	
PILOT-2018005420__F__gpt4o-mini__rep2.json	PILOT-2018005420	F	2	12.3167	42	3410	546	6	
PILOT-2018005420__F__gpt5.4__rep0.json	PILOT-2018005420	F	0	13.4764	113	8385	1332	25	
PILOT-2018005420__F__gpt5.4__rep1.json	PILOT-2018005420	F	1	13.6159	115	8446	1319	25	
PILOT-2018005420__F__gpt5.4__rep2.json	PILOT-2018005420	F	2	13.1948	113	8564	1345	25	
PILOT-2018005420__F__haiku4.5__rep0.json	PILOT-2018005420	F	0	13.1647	102	7748	1232	25	
PILOT-2018005420__F__haiku4.5__rep1.json	PILOT-2018005420	F	1	12.9327	102	7887	1240	25	
PILOT-2018005420__F__haiku4.5__rep2.json	PILOT-2018005420	F	2	12.9327	102	7887	1240	25	
PILOT-2018005420__F__sonnet4__rep0.json	PILOT-2018005420	F	0	13.47	113	8389	1315	25	
PILOT-2018005420__F__sonnet4__rep1.json	PILOT-2018005420	F	1	13.8413	113	8164	1285	25	
PILOT-2018005420__F__sonnet4__rep2.json	PILOT-2018005420	F	2	13.8413	113	8164	1285	25	
PILOT-2018005420__G__gpt4o-mini__rep0.json	PILOT-2018005420	G	0	14.039	113	8049	1270	25	
PILOT-2018005420__G__gpt4o-mini__rep1.json	PILOT-2018005420	G	1	12.9607	32	2469	384	6	
PILOT-2018005420__G__gpt4o-mini__rep2.json	PILOT-2018005420	G	2	12.6422	20	1582	247	4	
PILOT-2018005420__G__gpt5.4__rep0.json	PILOT-2018005420	G	0	13.2411	111	8383	1298	25	
PILOT-2018005420__G__gpt5.4__rep1.json	PILOT-2018005420	G	1	12.4189	113	9099	1409	25	
PILOT-2018005420__G__gpt5.4__rep2.json	PILOT-2018005420	G	2	13.973	113	8087	1280	25	
PILOT-2018005420__G__haiku4.5__rep0.json	PILOT-2018005420	G	0	13.8718	113	8146	1295	25	
PILOT-2018005420__G__haiku4.5__rep1.json	PILOT-2018005420	G	1	14.2805	118	8263	1316	25	
PILOT-2018005420__G__haiku4.5__rep2.json	PILOT-2018005420	G	2	14.1268	113	7999	1270	25	
PILOT-2018005420__G__sonnet4__rep0.json	PILOT-2018005420	G	0	13.466	115	8540	1349	25	
PILOT-2018005420__G__sonnet4__rep1.json	PILOT-2018005420	G	1	13.5453	115	8490	1335	25	
PILOT-2018005420__G__sonnet4__rep2.json	PILOT-2018005420	G	2	13.658	115	8420	1323	25	
PILOT-2018005863__F__gpt4o-mini__rep0.json	PILOT-2018005863	F	0	2.3866	10	4190	650	10	
PILOT-2018005863__F__gpt4o-mini__rep1.json	PILOT-2018005863	F	1	2.0655	7	3389	529	8	
PILOT-2018005863__F__gpt4o-mini__rep2.json	PILOT-2018005863	F	2	1.2469	3	2406	362	5	
PILOT-2018005863__F__gpt5.4__rep0.json	PILOT-2018005863	F	0	2.9123	24	8241	1288	25	
PILOT-2018005863__F__gpt5.4__rep1.json	PILOT-2018005863	F	1	2.8312	24	8477	1325	25	
PILOT-2018005863__F__gpt5.4__rep2.json	PILOT-2018005863	F	2	2.8024	24	8564	1353	25	
PILOT-2018005863__F__haiku4.5__rep0.json	PILOT-2018005863	F	0	2.6324	24	9117	1421	25	
PILOT-2018005863__F__haiku4.5__rep1.json	PILOT-2018005863	F	1	2.9557	24	8120	1273	25	
PILOT-2018005863__F__haiku4.5__rep2.json	PILOT-2018005863	F	2	3.133	28	8937	1406	25	
PILOT-2018005863__F__sonnet4__rep0.json	PILOT-2018005863	F	0	2.718	24	8830	1387	25	
PILOT-2018005863__F__sonnet4__rep1.json	PILOT-2018005863	F	1	2.9484	24	8140	1276	25	
PILOT-2018005863__F__sonnet4__rep2.json	PILOT-2018005863	F	2	2.7159	24	8837	1388	25	
PILOT-2018005863__G__gpt4o-mini__rep0.json	PILOT-2018005863	G	0	3.5567	19	5342	836	16	
PILOT-2018005863__G__gpt4o-mini__rep1.json	PILOT-2018005863	G	1	3.1541	23	7292	1158	19	
PILOT-2018005863__G__gpt4o-mini__rep2.json	PILOT-2018005863	G	2	2.0753	7	3373	524	8	
PILOT-2018005863__G__gpt5.4__rep0.json	PILOT-2018005863	G	0	3.0411	24	7892	1236	25	
PILOT-2018005863__G__gpt5.4__rep1.json	PILOT-2018005863	G	1	2.9045	24	8263	1296	25	
PILOT-2018005863__G__gpt5.4__rep2.json	PILOT-2018005863	G	2	2.8667	24	8372	1311	25	
PILOT-2018005863__G__haiku4.5__rep0.json	PILOT-2018005863	G	0	2.6557	24	9037	1404	25	
PILOT-2018005863__G__haiku4.5__rep1.json	PILOT-2018005863	G	1	2.4935	24	9625	1482	25	
PILOT-2018005863__G__haiku4.5__rep2.json	PILOT-2018005863	G	2	2.8259	24	8493	1315	25	
PILOT-2018005863__G__sonnet4__rep0.json	PILOT-2018005863	G	0	2.8905	24	8303	1293	25	
PILOT-2018005863__G__sonnet4__rep1.json	PILOT-2018005863	G	1	3.0303	24	7920	1232	25	
PILOT-2018005863__G__sonnet4__rep2.json	PILOT-2018005863	G	2	2.9762	24	8064	1256	25	
PILOT-2018007886__F__gpt4o-mini__rep0.json	PILOT-2018007886	F	0	7.8166	15	1919	295	5	
PILOT-2018007886__F__gpt4o-mini__rep1.json	PILOT-2018007886	F	1	6.9742	13	1864	287	5	
PILOT-2018007886__F__gpt4o-mini__rep2.json	PILOT-2018007886	F	2	5.765	13	2255	337	5	
PILOT-2018007886__F__gpt5.4__rep0.json	PILOT-2018007886	F	0	7.7	23	2987	466	8	
PILOT-2018007886__F__gpt5.4__rep1.json	PILOT-2018007886	F	1	8.445	46	5447	859	16	
PILOT-2018007886__F__gpt5.4__rep2.json	PILOT-2018007886	F	2	8.2144	42	5113	804	16	
PILOT-2018007886__F__haiku4.5__rep0.json	PILOT-2018007886	F	0	9.5789	48	5011	781	16	
PILOT-2018007886__F__haiku4.5__rep1.json	PILOT-2018007886	F	1	9.0613	25	2759	431	6	
PILOT-2018007886__F__haiku4.5__rep2.json	PILOT-2018007886	F	2	9.1463	24	2624	407	6	
PILOT-2018007886__F__sonnet4__rep0.json	PILOT-2018007886	F	0	8.6286	47	5447	845	16	
PILOT-2018007886__F__sonnet4__rep1.json	PILOT-2018007886	F	1	8.6941	48	5521	860	16	
PILOT-2018007886__F__sonnet4__rep2.json	PILOT-2018007886	F	2	8.5269	47	5512	856	16	
PILOT-2018007886__G__gpt4o-mini__rep0.json	PILOT-2018007886	G	0	8.1574	17	2084	325	6	
PILOT-2018007886__G__gpt4o-mini__rep1.json	PILOT-2018007886	G	1	7.113	17	2390	369	6	
PILOT-2018007886__G__gpt4o-mini__rep2.json	PILOT-2018007886	G	2	7.6304	18	2359	367	7	
PILOT-2018007886__G__gpt5.4__rep0.json	PILOT-2018007886	G	0	7.9917	23	2878	451	7	
PILOT-2018007886__G__gpt5.4__rep1.json	PILOT-2018007886	G	1	7.5361	36	4777	746	16	
PILOT-2018007886__G__gpt5.4__rep2.json	PILOT-2018007886	G	2	7.5361	36	4777	746	16	
PILOT-2018007886__G__haiku4.5__rep0.json	PILOT-2018007886	G	0	8.9413	25	2796	442	6	
PILOT-2018007886__G__haiku4.5__rep1.json	PILOT-2018007886	G	1	8.3243	23	2763	437	6	
PILOT-2018007886__G__haiku4.5__rep2.json	PILOT-2018007886	G	2	9.5835	26	2713	423	6	
PILOT-2018007886__G__sonnet4__rep0.json	PILOT-2018007886	G	0	7.9453	43	5412	841	16	
PILOT-2018007886__G__sonnet4__rep1.json	PILOT-2018007886	G	1	8.0284	43	5356	835	16	
PILOT-2018007886__G__sonnet4__rep2.json	PILOT-2018007886	G	2	7.0142	37	5275	820	16	
PILOT-2018007979__F__gpt4o-mini__rep0.json	PILOT-2018007979	F	0	0.0	0	4319	584	3	
PILOT-2018007979__F__gpt4o-mini__rep1.json	PILOT-2018007979	F	1	0.7426	3	4040	553	3	
PILOT-2018007979__F__gpt4o-mini__rep2.json	PILOT-2018007979	F	2	0.0	0	4100	562	3	
PILOT-2018007979__F__gpt5.4__rep0.json	PILOT-2018007979	F	0	2.6792	12	4479	616	3	
PILOT-2018007979__F__gpt5.4__rep1.json	PILOT-2018007979	F	1	1.2503	5	3999	542	3	
PILOT-2018007979__F__gpt5.4__rep2.json	PILOT-2018007979	F	2	0.0	0	4504	610	3	
PILOT-2018007979__F__haiku4.5__rep0.json	PILOT-2018007979	F	0	0.0	0	4105	565	3	
PILOT-2018007979__F__haiku4.5__rep1.json	PILOT-2018007979	F	1	0.0	0	4217	574	3	
PILOT-2018007979__F__haiku4.5__rep2.json	PILOT-2018007979	F	2	0.0	0	4144	570	3	
PILOT-2018007979__F__sonnet4__rep0.json	PILOT-2018007979	F	0	0.0	0	4888	661	3	
PILOT-2018007979__F__sonnet4__rep1.json	PILOT-2018007979	F	1	0.0	0	4412	598	3	
PILOT-2018007979__F__sonnet4__rep2.json	PILOT-2018007979	F	2	0.0	0	5085	695	3	
PILOT-2018007979__G__gpt4o-mini__rep0.json	PILOT-2018007979	G	0	None	0	0		0	no_parsed_body
PILOT-2018007979__G__gpt4o-mini__rep1.json	PILOT-2018007979	G	1	0.0	0	4122	563	3	
PILOT-2018007979__G__gpt4o-mini__rep2.json	PILOT-2018007979	G	2	None	0	0		0	no_parsed_body
PILOT-2018007979__G__gpt5.4__rep0.json	PILOT-2018007979	G	0	0.0	0	4715	648	3	
PILOT-2018007979__G__gpt5.4__rep1.json	PILOT-2018007979	G	1	0.7014	3	4277	592	3	
PILOT-2018007979__G__gpt5.4__rep2.json	PILOT-2018007979	G	2	0.0	0	4802	655	3	
PILOT-2018007979__G__haiku4.5__rep0.json	PILOT-2018007979	G	0	0.0	0	4397	598	3	
PILOT-2018007979__G__haiku4.5__rep1.json	PILOT-2018007979	G	1	0.0	0	4016	553	3	
PILOT-2018007979__G__haiku4.5__rep2.json	PILOT-2018007979	G	2	0.0	0	4437	603	3	
PILOT-2018007979__G__sonnet4__rep0.json	PILOT-2018007979	G	0	0.0	0	4454	610	3	
PILOT-2018007979__G__sonnet4__rep1.json	PILOT-2018007979	G	1	0.0	0	4454	610	3	
PILOT-2018007979__G__sonnet4__rep2.json	PILOT-2018007979	G	2	0.0	0	4454	610	3	
PILOT-2019001867__F__gpt4o-mini__rep0.json	PILOT-2019001867	F	0	None	0	0		0	no_parsed_body
PILOT-2019001867__F__gpt4o-mini__rep1.json	PILOT-2019001867	F	1	None	0	0		0	no_parsed_body
PILOT-2019001867__F__gpt4o-mini__rep2.json	PILOT-2019001867	F	2	1.2164	13	10687	1692	23	
PILOT-2019001867__F__gpt5.4__rep0.json	PILOT-2019001867	F	0	1.214	13	10708	1698	23	
PILOT-2019001867__F__gpt5.4__rep1.json	PILOT-2019001867	F	1	1.1245	12	10671	1690	23	
PILOT-2019001867__F__gpt5.4__rep2.json	PILOT-2019001867	F	2	1.2167	13	10685	1694	23	
PILOT-2019001867__F__haiku4.5__rep0.json	PILOT-2019001867	F	0	1.2325	13	10548	1673	23	
PILOT-2019001867__F__haiku4.5__rep1.json	PILOT-2019001867	F	1	1.2325	13	10548	1673	23	
PILOT-2019001867__F__haiku4.5__rep2.json	PILOT-2019001867	F	2	1.2137	13	10711	1700	23	
PILOT-2019001867__F__sonnet4__rep0.json	PILOT-2019001867	F	0	1.2298	13	10571	1675	23	
PILOT-2019001867__F__sonnet4__rep1.json	PILOT-2019001867	F	1	1.1912	13	10913	1727	23	
PILOT-2019001867__F__sonnet4__rep2.json	PILOT-2019001867	F	2	1.1912	13	10913	1727	23	
PILOT-2019001867__G__gpt4o-mini__rep0.json	PILOT-2019001867	G	0	1.2187	13	10667	1689	23	
PILOT-2019001867__G__gpt4o-mini__rep1.json	PILOT-2019001867	G	1	1.2164	13	10687	1692	23	
PILOT-2019001867__G__gpt4o-mini__rep2.json	PILOT-2019001867	G	2	1.2164	13	10687	1692	23	
PILOT-2019001867__G__gpt5.4__rep0.json	PILOT-2019001867	G	0	1.1462	13	11342	1799	23	
PILOT-2019001867__G__gpt5.4__rep1.json	PILOT-2019001867	G	1	1.2164	13	10687	1693	23	
PILOT-2019001867__G__gpt5.4__rep2.json	PILOT-2019001867	G	2	1.2169	13	10683	1692	23	
PILOT-2019001867__G__haiku4.5__rep0.json	PILOT-2019001867	G	0	1.3289	14	10535	1672	23	
PILOT-2019001867__G__haiku4.5__rep1.json	PILOT-2019001867	G	1	1.2231	13	10629	1688	23	
PILOT-2019001867__G__haiku4.5__rep2.json	PILOT-2019001867	G	2	1.2066	13	10774	1713	23	
PILOT-2019001867__G__sonnet4__rep0.json	PILOT-2019001867	G	0	1.2055	13	10784	1708	23	
PILOT-2019001867__G__sonnet4__rep1.json	PILOT-2019001867	G	1	1.2055	13	10784	1708	23	
PILOT-2019001867__G__sonnet4__rep2.json	PILOT-2019001867	G	2	1.2055	13	10784	1708	23	
PILOT-2019002001__F__gpt4o-mini__rep0.json	PILOT-2019002001	F	0	3.7135	7	1885	281	6	
PILOT-2019002001__F__gpt4o-mini__rep1.json	PILOT-2019002001	F	1	3.7116	7	1886	281	6	
PILOT-2019002001__F__gpt4o-mini__rep2.json	PILOT-2019002001	F	2	3.7116	7	1886	281	6	
PILOT-2019002001__F__gpt5.4__rep0.json	PILOT-2019002001	F	0	4.4743	28	6258	915	20	
PILOT-2019002001__F__gpt5.4__rep1.json	PILOT-2019002001	F	1	1.2472	9	7216	1035	20	
PILOT-2019002001__F__gpt5.4__rep2.json	PILOT-2019002001	F	2	4.9962	33	6605	959	20	
PILOT-2019002001__F__haiku4.5__rep0.json	PILOT-2019002001	F	0	3.3156	30	9048	1318	20	
PILOT-2019002001__F__haiku4.5__rep1.json	PILOT-2019002001	F	1	4.0601	30	7389	1066	20	
PILOT-2019002001__F__haiku4.5__rep2.json	PILOT-2019002001	F	2	3.3864	30	8859	1270	20	
PILOT-2019002001__F__sonnet4__rep0.json	PILOT-2019002001	F	0	4.572	36	7874	1134	20	
PILOT-2019002001__F__sonnet4__rep1.json	PILOT-2019002001	F	1	4.4863	30	6687	958	20	
PILOT-2019002001__F__sonnet4__rep2.json	PILOT-2019002001	F	2	5.0129	33	6583	951	20	
PILOT-2019002001__G__gpt4o-mini__rep0.json	PILOT-2019002001	G	0	3.7294	7	1877	279	6	
PILOT-2019002001__G__gpt4o-mini__rep1.json	PILOT-2019002001	G	1	3.4617	8	2311	339	7	
PILOT-2019002001__G__gpt4o-mini__rep2.json	PILOT-2019002001	G	2	3.7214	7	1881	279	6	
PILOT-2019002001__G__gpt5.4__rep0.json	PILOT-2019002001	G	0	1.1011	7	6357	914	20	
PILOT-2019002001__G__gpt5.4__rep1.json	PILOT-2019002001	G	1	4.6296	30	6480	950	20	
PILOT-2019002001__G__gpt5.4__rep2.json	PILOT-2019002001	G	2	4.4757	28	6256	908	20	
PILOT-2019002001__G__haiku4.5__rep0.json	PILOT-2019002001	G	0	3.7042	30	8099	1159	20	
PILOT-2019002001__G__haiku4.5__rep1.json	PILOT-2019002001	G	1	4.0816	30	7350	1045	20	
PILOT-2019002001__G__haiku4.5__rep2.json	PILOT-2019002001	G	2	3.7449	30	8011	1141	20	
PILOT-2019002001__G__sonnet4__rep0.json	PILOT-2019002001	G	0	4.7877	30	6266	902	20	
PILOT-2019002001__G__sonnet4__rep1.json	PILOT-2019002001	G	1	4.4196	30	6788	967	20	
PILOT-2019002001__G__sonnet4__rep2.json	PILOT-2019002001	G	2	4.404	30	6812	971	20	
PILOT-2019002439__F__gpt4o-mini__rep0.json	PILOT-2019002439	F	0	0.5335	3	5623	779	17	
PILOT-2019002439__F__gpt4o-mini__rep1.json	PILOT-2019002439	F	1	0.7019	3	4274	596	16	
PILOT-2019002439__F__gpt4o-mini__rep2.json	PILOT-2019002439	F	2	0.6649	3	4512	628	28	
PILOT-2019002439__F__gpt5.4__rep0.json	PILOT-2019002439	F	0	0.9585	11	11476	1622	26	
PILOT-2019002439__F__gpt5.4__rep1.json	PILOT-2019002439	F	1	1.3574	17	12524	1771	26	
PILOT-2019002439__F__gpt5.4__rep2.json	PILOT-2019002439	F	2	1.1347	13	11457	1628	25	
PILOT-2019002439__F__haiku4.5__rep0.json	PILOT-2019002439	F	0	0.8997	11	12226	1720	29	
PILOT-2019002439__F__haiku4.5__rep1.json	PILOT-2019002439	F	1	0.8521	11	12910	1810	29	
PILOT-2019002439__F__haiku4.5__rep2.json	PILOT-2019002439	F	2	0.8546	11	12872	1843	26	
PILOT-2019002439__F__sonnet4__rep0.json	PILOT-2019002439	F	0	0.9219	9	9762	1379	28	
PILOT-2019002439__F__sonnet4__rep1.json	PILOT-2019002439	F	1	0.9318	9	9659	1359	28	
PILOT-2019002439__F__sonnet4__rep2.json	PILOT-2019002439	F	2	0.9398	9	9577	1359	28	
PILOT-2019002439__G__gpt4o-mini__rep0.json	PILOT-2019002439	G	0	0.8213	5	6088	855	19	
PILOT-2019002439__G__gpt4o-mini__rep1.json	PILOT-2019002439	G	1	None	0	0		0	no_parsed_body
PILOT-2019002439__G__gpt4o-mini__rep2.json	PILOT-2019002439	G	2	None	0	0		0	no_parsed_body
PILOT-2019002439__G__gpt5.4__rep0.json	PILOT-2019002439	G	0	0.8425	10	11870	1677	25	
PILOT-2019002439__G__gpt5.4__rep1.json	PILOT-2019002439	G	1	1.1062	13	11752	1666	25	
PILOT-2019002439__G__gpt5.4__rep2.json	PILOT-2019002439	G	2	0.908	11	12115	1714	26	
PILOT-2019002439__G__haiku4.5__rep0.json	PILOT-2019002439	G	0	0.8301	11	13252	1870	29	
PILOT-2019002439__G__haiku4.5__rep1.json	PILOT-2019002439	G	1	0.8637	11	12736	1785	29	
PILOT-2019002439__G__haiku4.5__rep2.json	PILOT-2019002439	G	2	0.8554	9	10522	1479	29	
PILOT-2019002439__G__sonnet4__rep0.json	PILOT-2019002439	G	0	0.9276	9	9702	1376	28	
PILOT-2019002439__G__sonnet4__rep1.json	PILOT-2019002439	G	1	0.937	9	9605	1359	28	
PILOT-2019002439__G__sonnet4__rep2.json	PILOT-2019002439	G	2	0.9183	9	9801	1395	28	
PILOT-2019003829__F__gpt4o-mini__rep0.json	PILOT-2019003829	F	0	6.9832	5	716	117	6	
PILOT-2019003829__F__gpt4o-mini__rep1.json	PILOT-2019003829	F	1	7.1685	6	837	141	8	
PILOT-2019003829__F__gpt4o-mini__rep2.json	PILOT-2019003829	F	2	8.0	5	625	106	6	
PILOT-2019003829__F__gpt5.4__rep0.json	PILOT-2019003829	F	0	8.1596	18	2206	352	17	
PILOT-2019003829__F__gpt5.4__rep1.json	PILOT-2019003829	F	1	5.848	7	1197	189	17	
PILOT-2019003829__F__gpt5.4__rep2.json	PILOT-2019003829	F	2	6.2668	14	2234	361	17	
PILOT-2019003829__F__haiku4.5__rep0.json	PILOT-2019003829	F	0	7.2874	18	2470	396	17	
PILOT-2019003829__F__haiku4.5__rep1.json	PILOT-2019003829	F	1	6.6642	18	2701	433	17	
PILOT-2019003829__F__haiku4.5__rep2.json	PILOT-2019003829	F	2	6.8285	18	2636	426	17	
PILOT-2019003829__F__sonnet4__rep0.json	PILOT-2019003829	F	0	6.8966	16	2320	369	17	
PILOT-2019003829__F__sonnet4__rep1.json	PILOT-2019003829	F	1	6.5847	15	2278	360	17	
PILOT-2019003829__F__sonnet4__rep2.json	PILOT-2019003829	F	2	6.4991	15	2308	366	17	
PILOT-2019003829__G__gpt4o-mini__rep0.json	PILOT-2019003829	G	0	6.9606	3	431	71	4	
PILOT-2019003829__G__gpt4o-mini__rep1.json	PILOT-2019003829	G	1	6.8415	6	877	142	7	
PILOT-2019003829__G__gpt4o-mini__rep2.json	PILOT-2019003829	G	2	6.9606	6	862	146	7	
PILOT-2019003829__G__gpt5.4__rep0.json	PILOT-2019003829	G	0	7.0922	15	2115	339	17	
PILOT-2019003829__G__gpt5.4__rep1.json	PILOT-2019003829	G	1	7.0859	16	2258	353	17	
PILOT-2019003829__G__gpt5.4__rep2.json	PILOT-2019003829	G	2	7.0108	11	1569	244	17	
PILOT-2019003829__G__haiku4.5__rep0.json	PILOT-2019003829	G	0	6.8695	14	2038	327	17	
PILOT-2019003829__G__haiku4.5__rep1.json	PILOT-2019003829	G	1	4.2172	8	1897	300	13	
PILOT-2019003829__G__haiku4.5__rep2.json	PILOT-2019003829	G	2	5.6962	18	3160	501	17	
PILOT-2019003829__G__sonnet4__rep0.json	PILOT-2019003829	G	0	6.6667	15	2250	355	17	
PILOT-2019003829__G__sonnet4__rep1.json	PILOT-2019003829	G	1	6.9509	15	2158	345	17	
PILOT-2019003829__G__sonnet4__rep2.json	PILOT-2019003829	G	2	7.0922	11	1551	249	13	
PILOT-2019005007__F__gpt4o-mini__rep0.json	PILOT-2019005007	F	0	None	0	0		0	no_parsed_body
PILOT-2019005007__F__gpt4o-mini__rep1.json	PILOT-2019005007	F	1	1.3184	2	1517	234	4	
PILOT-2019005007__F__gpt4o-mini__rep2.json	PILOT-2019005007	F	2	None	0	0		0	no_parsed_body
PILOT-2019005007__F__gpt5.4__rep0.json	PILOT-2019005007	F	0	6.1696	35	5673	878	25	
PILOT-2019005007__F__gpt5.4__rep1.json	PILOT-2019005007	F	1	5.7505	39	6782	1043	30	
PILOT-2019005007__F__gpt5.4__rep2.json	PILOT-2019005007	F	2	6.9066	38	5502	853	25	
PILOT-2019005007__F__haiku4.5__rep0.json	PILOT-2019005007	F	0	5.0562	27	5340	824	30	
PILOT-2019005007__F__haiku4.5__rep1.json	PILOT-2019005007	F	1	5.1055	38	7443	1129	30	
PILOT-2019005007__F__haiku4.5__rep2.json	PILOT-2019005007	F	2	5.0934	39	7657	1176	30	
PILOT-2019005007__F__sonnet4__rep0.json	PILOT-2019005007	F	0	6.3302	38	6003	927	27	
PILOT-2019005007__F__sonnet4__rep1.json	PILOT-2019005007	F	1	6.2112	38	6118	937	25	
PILOT-2019005007__F__sonnet4__rep2.json	PILOT-2019005007	F	2	6.1801	37	5987	922	27	
PILOT-2019005007__G__gpt4o-mini__rep0.json	PILOT-2019005007	G	0	3.1309	5	1597	248	4	
PILOT-2019005007__G__gpt4o-mini__rep1.json	PILOT-2019005007	G	1	0.8482	1	1179	180	4	
PILOT-2019005007__G__gpt4o-mini__rep2.json	PILOT-2019005007	G	2	1.7575	3	1707	258	4	
PILOT-2019005007__G__gpt5.4__rep0.json	PILOT-2019005007	G	0	6.4676	47	7267	1117	30	
PILOT-2019005007__G__gpt5.4__rep1.json	PILOT-2019005007	G	1	7.1441	42	5879	906	30	
PILOT-2019005007__G__gpt5.4__rep2.json	PILOT-2019005007	G	2	6.7496	38	5630	869	25	
PILOT-2019005007__G__haiku4.5__rep0.json	PILOT-2019005007	G	0	6.3531	57	8972	1378	30	
PILOT-2019005007__G__haiku4.5__rep1.json	PILOT-2019005007	G	1	4.7478	32	6740	1051	30	
PILOT-2019005007__G__haiku4.5__rep2.json	PILOT-2019005007	G	2	6.3233	55	8698	1336	30	
PILOT-2019005007__G__sonnet4__rep0.json	PILOT-2019005007	G	0	6.1317	34	5545	853	30	
PILOT-2019005007__G__sonnet4__rep1.json	PILOT-2019005007	G	1	6.5281	38	5821	898	30	
PILOT-2019005007__G__sonnet4__rep2.json	PILOT-2019005007	G	2	6.1863	34	5496	847	30	
PILOT-2019005292__F__gpt4o-mini__rep0.json	PILOT-2019005292	F	0	9.2089	83	9013	1376	20	
PILOT-2019005292__F__gpt4o-mini__rep1.json	PILOT-2019005292	F	1	9.7943	30	3063	470	2	
PILOT-2019005292__F__gpt4o-mini__rep2.json	PILOT-2019005292	F	2	10.1416	101	9959	1532	20	
PILOT-2019005292__F__gpt5.4__rep0.json	PILOT-2019005292	F	0	9.9029	101	10199	1571	20	
PILOT-2019005292__F__gpt5.4__rep1.json	PILOT-2019005292	F	1	9.9798	99	9920	1529	20	
PILOT-2019005292__F__gpt5.4__rep2.json	PILOT-2019005292	F	2	9.8011	101	10305	1589	20	
PILOT-2019005292__F__haiku4.5__rep0.json	PILOT-2019005292	F	0	9.6166	78	8111	1256	20	
PILOT-2019005292__F__haiku4.5__rep1.json	PILOT-2019005292	F	1	10.9837	68	6191	960	20	
PILOT-2019005292__F__haiku4.5__rep2.json	PILOT-2019005292	F	2	10.943	68	6214	958	20	
PILOT-2019005292__F__sonnet4__rep0.json	PILOT-2019005292	F	0	10.1416	101	9959	1531	20	
PILOT-2019005292__F__sonnet4__rep1.json	PILOT-2019005292	F	1	8.7212	83	9517	1448	20	
PILOT-2019005292__F__sonnet4__rep2.json	PILOT-2019005292	F	2	10.1416	101	9959	1531	20	
PILOT-2019005292__G__gpt4o-mini__rep0.json	PILOT-2019005292	G	0	9.4166	87	9239	1408	20	
PILOT-2019005292__G__gpt4o-mini__rep1.json	PILOT-2019005292	G	1	9.1946	83	9027	1378	20	
PILOT-2019005292__G__gpt4o-mini__rep2.json	PILOT-2019005292	G	2	8.7986	81	9206	1403	20	
PILOT-2019005292__G__gpt5.4__rep0.json	PILOT-2019005292	G	0	9.7162	101	10395	1600	20	
PILOT-2019005292__G__gpt5.4__rep1.json	PILOT-2019005292	G	1	10.0388	106	10559	1629	20	
PILOT-2019005292__G__gpt5.4__rep2.json	PILOT-2019005292	G	2	9.5014	105	11051	1704	20	
PILOT-2019005292__G__haiku4.5__rep0.json	PILOT-2019005292	G	0	10.6851	85	7955	1223	20	
PILOT-2019005292__G__haiku4.5__rep1.json	PILOT-2019005292	G	1	10.1349	121	11939	1845	20	
PILOT-2019005292__G__haiku4.5__rep2.json	PILOT-2019005292	G	2	10.2848	91	8848	1361	20	
PILOT-2019005292__G__sonnet4__rep0.json	PILOT-2019005292	G	0	9.9478	101	10153	1562	20	
PILOT-2019005292__G__sonnet4__rep1.json	PILOT-2019005292	G	1	9.8836	101	10219	1570	20	
PILOT-2019005292__G__sonnet4__rep2.json	PILOT-2019005292	G	2	10.1416	101	9959	1531	20	
PILOT-2019005776__F__gpt4o-mini__rep0.json	PILOT-2019005776	F	0	1.4265	2	1402	209	3	
PILOT-2019005776__F__gpt4o-mini__rep1.json	PILOT-2019005776	F	1	0.0	0	672	94	1	
PILOT-2019005776__F__gpt4o-mini__rep2.json	PILOT-2019005776	F	2	2.7787	8	2879	423	10	
PILOT-2019005776__F__gpt5.4__rep0.json	PILOT-2019005776	F	0	2.8373	20	7049	968	20	
PILOT-2019005776__F__gpt5.4__rep1.json	PILOT-2019005776	F	1	2.0619	14	6790	922	20	
PILOT-2019005776__F__gpt5.4__rep2.json	PILOT-2019005776	F	2	2.6327	18	6837	932	20	
PILOT-2019005776__F__haiku4.5__rep0.json	PILOT-2019005776	F	0	1.9986	14	7005	945	20	
PILOT-2019005776__F__haiku4.5__rep1.json	PILOT-2019005776	F	1	1.9991	14	7003	945	20	
PILOT-2019005776__F__haiku4.5__rep2.json	PILOT-2019005776	F	2	2.0023	14	6992	945	20	
PILOT-2019005776__F__sonnet4__rep0.json	PILOT-2019005776	F	0	2.0805	14	6729	918	20	
PILOT-2019005776__F__sonnet4__rep1.json	PILOT-2019005776	F	1	2.057	14	6806	923	20	
PILOT-2019005776__F__sonnet4__rep2.json	PILOT-2019005776	F	2	2.1364	15	7021	946	20	
PILOT-2019005776__G__gpt4o-mini__rep0.json	PILOT-2019005776	G	0	2.0756	14	6745	921	20	
PILOT-2019005776__G__gpt4o-mini__rep1.json	PILOT-2019005776	G	1	2.1567	15	6955	941	20	
PILOT-2019005776__G__gpt4o-mini__rep2.json	PILOT-2019005776	G	2	2.5844	18	6965	947	20	
PILOT-2019005776__G__gpt5.4__rep0.json	PILOT-2019005776	G	0	2.6235	18	6861	935	20	
PILOT-2019005776__G__gpt5.4__rep1.json	PILOT-2019005776	G	1	2.6224	18	6864	936	20	
PILOT-2019005776__G__gpt5.4__rep2.json	PILOT-2019005776	G	2	2.8645	20	6982	955	20	
PILOT-2019005776__G__haiku4.5__rep0.json	PILOT-2019005776	G	0	2.0054	14	6981	943	20	
PILOT-2019005776__G__haiku4.5__rep1.json	PILOT-2019005776	G	1	2.0069	14	6976	943	20	
PILOT-2019005776__G__haiku4.5__rep2.json	PILOT-2019005776	G	2	2.0057	14	6980	943	20	
PILOT-2019005776__G__sonnet4__rep0.json	PILOT-2019005776	G	0	1.9884	14	7041	952	20	
PILOT-2019005776__G__sonnet4__rep1.json	PILOT-2019005776	G	1	1.9989	14	7004	949	20	
PILOT-2019005776__G__sonnet4__rep2.json	PILOT-2019005776	G	2	2.0426	14	6854	927	20	
PILOT-2019006119__F__gpt4o-mini__rep0.json	PILOT-2019006119	F	0	None	0	0		0	no_parsed_body
PILOT-2019006119__F__gpt4o-mini__rep1.json	PILOT-2019006119	F	1	None	0	0		0	no_parsed_body
PILOT-2019006119__F__gpt4o-mini__rep2.json	PILOT-2019006119	F	2	None	0	0		0	no_parsed_body
PILOT-2019006119__F__gpt5.4__rep0.json	PILOT-2019006119	F	0	0.0	0	307	44	1	
PILOT-2019006119__F__gpt5.4__rep1.json	PILOT-2019006119	F	1	0.0	0	442	62	1	
PILOT-2019006119__F__gpt5.4__rep2.json	PILOT-2019006119	F	2	0.0	0	251	35	1	
PILOT-2019006119__F__haiku4.5__rep0.json	PILOT-2019006119	F	0	0.0	0	2102	279	8	
PILOT-2019006119__F__haiku4.5__rep1.json	PILOT-2019006119	F	1	0.0	0	2378	319	8	
PILOT-2019006119__F__haiku4.5__rep2.json	PILOT-2019006119	F	2	0.0	0	2487	335	8	
PILOT-2019006119__F__sonnet4__rep0.json	PILOT-2019006119	F	0	0.0	0	2593	347	8	
PILOT-2019006119__F__sonnet4__rep1.json	PILOT-2019006119	F	1	0.0	0	2385	321	8	
PILOT-2019006119__F__sonnet4__rep2.json	PILOT-2019006119	F	2	0.0	0	2433	323	8	
PILOT-2019006119__G__gpt4o-mini__rep0.json	PILOT-2019006119	G	0	0.0	0	2405	323	8	
PILOT-2019006119__G__gpt4o-mini__rep1.json	PILOT-2019006119	G	1	0.0	0	2231	302	8	
PILOT-2019006119__G__gpt4o-mini__rep2.json	PILOT-2019006119	G	2	0.0	0	326	44	1	
PILOT-2019006119__G__gpt5.4__rep0.json	PILOT-2019006119	G	0	0.0	0	251	35	1	
PILOT-2019006119__G__gpt5.4__rep1.json	PILOT-2019006119	G	1	0.0	0	241	34	1	
PILOT-2019006119__G__gpt5.4__rep2.json	PILOT-2019006119	G	2	0.0	0	327	43	1	
PILOT-2019006119__G__haiku4.5__rep0.json	PILOT-2019006119	G	0	0.0	0	2618	346	8	
PILOT-2019006119__G__haiku4.5__rep1.json	PILOT-2019006119	G	1	0.0	0	2469	323	8	
PILOT-2019006119__G__haiku4.5__rep2.json	PILOT-2019006119	G	2	0.0	0	2559	336	8	
PILOT-2019006119__G__sonnet4__rep0.json	PILOT-2019006119	G	0	0.0	0	2380	318	8	
PILOT-2019006119__G__sonnet4__rep1.json	PILOT-2019006119	G	1	0.0	0	2380	318	8	
PILOT-2019006119__G__sonnet4__rep2.json	PILOT-2019006119	G	2	0.0	0	2318	309	8	
PILOT-2020000122__F__gpt4o-mini__rep0.json	PILOT-2020000122	F	0	6.7234	15	2231	309	3	
PILOT-2020000122__F__gpt4o-mini__rep1.json	PILOT-2020000122	F	1	3.3445	10	2990	423	9	
PILOT-2020000122__F__gpt4o-mini__rep2.json	PILOT-2020000122	F	2	8.5884	55	6404	897	20	
PILOT-2020000122__F__gpt5.4__rep0.json	PILOT-2020000122	F	0	8.7149	59	6770	949	20	
PILOT-2020000122__F__gpt5.4__rep1.json	PILOT-2020000122	F	1	8.2575	59	7145	998	20	
PILOT-2020000122__F__gpt5.4__rep2.json	PILOT-2020000122	F	2	8.5113	57	6697	939	20	
PILOT-2020000122__F__haiku4.5__rep0.json	PILOT-2020000122	F	0	6.42	55	8567	1179	20	
PILOT-2020000122__F__haiku4.5__rep1.json	PILOT-2020000122	F	1	7.9388	55	6928	960	20	
PILOT-2020000122__F__haiku4.5__rep2.json	PILOT-2020000122	F	2	6.1501	55	8943	1243	20	
PILOT-2020000122__F__sonnet4__rep0.json	PILOT-2020000122	F	0	7.9457	55	6922	969	20	
PILOT-2020000122__F__sonnet4__rep1.json	PILOT-2020000122	F	1	7.837	55	7018	980	20	
PILOT-2020000122__F__sonnet4__rep2.json	PILOT-2020000122	F	2	7.9388	55	6928	968	20	
PILOT-2020000122__G__gpt4o-mini__rep0.json	PILOT-2020000122	G	0	4.4697	11	2461	356	5	
PILOT-2020000122__G__gpt4o-mini__rep1.json	PILOT-2020000122	G	1	6.8149	19	2788	384	4	
PILOT-2020000122__G__gpt4o-mini__rep2.json	PILOT-2020000122	G	2	8.7464	30	3430	479	6	
PILOT-2020000122__G__gpt5.4__rep0.json	PILOT-2020000122	G	0	8.37	57	6810	950	20	
PILOT-2020000122__G__gpt5.4__rep1.json	PILOT-2020000122	G	1	8.8973	61	6856	963	20	
PILOT-2020000122__G__gpt5.4__rep2.json	PILOT-2020000122	G	2	8.7106	61	7003	981	20	
PILOT-2020000122__G__haiku4.5__rep0.json	PILOT-2020000122	G	0	5.6151	54	9617	1317	20	
PILOT-2020000122__G__haiku4.5__rep1.json	PILOT-2020000122	G	1	8.1614	55	6739	935	20	
PILOT-2020000122__G__haiku4.5__rep2.json	PILOT-2020000122	G	2	6.7122	56	8343	1149	20	
PILOT-2020000122__G__sonnet4__rep0.json	PILOT-2020000122	G	0	8.1061	55	6785	952	20	
PILOT-2020000122__G__sonnet4__rep1.json	PILOT-2020000122	G	1	8.0292	55	6850	954	20	
PILOT-2020000122__G__sonnet4__rep2.json	PILOT-2020000122	G	2	7.978	55	6894	965	20	
PILOT-2020000158__F__gpt4o-mini__rep0.json	PILOT-2020000158	F	0	4.7138	14	2970	446	10	
PILOT-2020000158__F__gpt4o-mini__rep1.json	PILOT-2020000158	F	1	7.3373	31	4225	642	20	
PILOT-2020000158__F__gpt4o-mini__rep2.json	PILOT-2020000158	F	2	7.3862	31	4197	640	20	
PILOT-2020000158__F__gpt5.4__rep0.json	PILOT-2020000158	F	0	6.7143	31	4617	718	20	
PILOT-2020000158__F__gpt5.4__rep1.json	PILOT-2020000158	F	1	7.1238	32	4492	691	20	
PILOT-2020000158__F__gpt5.4__rep2.json	PILOT-2020000158	F	2	5.8929	23	3903	592	20	
PILOT-2020000158__F__haiku4.5__rep0.json	PILOT-2020000158	F	0	6.475	34	5251	798	20	
PILOT-2020000158__F__haiku4.5__rep1.json	PILOT-2020000158	F	1	6.6148	34	5140	768	20	
PILOT-2020000158__F__haiku4.5__rep2.json	PILOT-2020000158	F	2	6.6667	33	4950	752	20	
PILOT-2020000158__F__sonnet4__rep0.json	PILOT-2020000158	F	0	7.0906	31	4372	665	20	
PILOT-2020000158__F__sonnet4__rep1.json	PILOT-2020000158	F	1	7.2702	31	4264	651	20	
PILOT-2020000158__F__sonnet4__rep2.json	PILOT-2020000158	F	2	7.2702	31	4264	651	20	
PILOT-2020000158__G__gpt4o-mini__rep0.json	PILOT-2020000158	G	0	7.301	31	4246	644	20	
PILOT-2020000158__G__gpt4o-mini__rep1.json	PILOT-2020000158	G	1	7.3096	31	4241	646	20	
PILOT-2020000158__G__gpt4o-mini__rep2.json	PILOT-2020000158	G	2	7.3408	31	4223	639	20	
PILOT-2020000158__G__gpt5.4__rep0.json	PILOT-2020000158	G	0	6.4935	31	4774	747	20	
PILOT-2020000158__G__gpt5.4__rep1.json	PILOT-2020000158	G	1	7.0199	31	4416	683	20	
PILOT-2020000158__G__gpt5.4__rep2.json	PILOT-2020000158	G	2	6.5236	31	4752	717	20	
PILOT-2020000158__G__haiku4.5__rep0.json	PILOT-2020000158	G	0	6.3551	31	4878	718	20	
PILOT-2020000158__G__haiku4.5__rep1.json	PILOT-2020000158	G	1	5.3396	32	5993	866	20	
PILOT-2020000158__G__haiku4.5__rep2.json	PILOT-2020000158	G	2	7.0233	34	4841	737	20	
PILOT-2020000158__G__sonnet4__rep0.json	PILOT-2020000158	G	0	6.3369	31	4892	729	20	
PILOT-2020000158__G__sonnet4__rep1.json	PILOT-2020000158	G	1	6.2563	31	4955	741	20	
PILOT-2020000158__G__sonnet4__rep2.json	PILOT-2020000158	G	2	7.1199	31	4354	665	20	
PILOT-2020000362__F__gpt4o-mini__rep0.json	PILOT-2020000362	F	0	None	0	0		0	no_parsed_body
PILOT-2020000362__F__gpt4o-mini__rep1.json	PILOT-2020000362	F	1	3.6934	4	1083	138	2	
PILOT-2020000362__F__gpt4o-mini__rep2.json	PILOT-2020000362	F	2	3.6934	4	1083	138	2	
PILOT-2020000362__F__gpt5.4__rep0.json	PILOT-2020000362	F	0	4.8132	25	5194	690	15	
PILOT-2020000362__F__gpt5.4__rep1.json	PILOT-2020000362	F	1	4.7325	23	4860	646	15	
PILOT-2020000362__F__gpt5.4__rep2.json	PILOT-2020000362	F	2	4.0238	23	5716	755	15	
PILOT-2020000362__F__haiku4.5__rep0.json	PILOT-2020000362	F	0	3.85	23	5974	783	15	
PILOT-2020000362__F__haiku4.5__rep1.json	PILOT-2020000362	F	1	3.5406	23	6496	851	15	
PILOT-2020000362__F__haiku4.5__rep2.json	PILOT-2020000362	F	2	3.7817	23	6082	800	15	
PILOT-2020000362__F__sonnet4__rep0.json	PILOT-2020000362	F	0	5.0821	26	5116	686	15	
PILOT-2020000362__F__sonnet4__rep1.json	PILOT-2020000362	F	1	5.8227	31	5324	715	15	
PILOT-2020000362__F__sonnet4__rep2.json	PILOT-2020000362	F	2	4.7375	24	5066	674	15	
PILOT-2020000362__G__gpt4o-mini__rep0.json	PILOT-2020000362	G	0	4.6315	23	4966	658	15	
PILOT-2020000362__G__gpt4o-mini__rep1.json	PILOT-2020000362	G	1	3.6934	4	1083	138	2	
PILOT-2020000362__G__gpt4o-mini__rep2.json	PILOT-2020000362	G	2	3.6934	4	1083	138	2	
PILOT-2020000362__G__gpt5.4__rep0.json	PILOT-2020000362	G	0	4.4053	23	5221	690	15	
PILOT-2020000362__G__gpt5.4__rep1.json	PILOT-2020000362	G	1	6.6762	28	4194	577	15	
PILOT-2020000362__G__gpt5.4__rep2.json	PILOT-2020000362	G	2	4.6891	23	4905	653	15	
PILOT-2020000362__G__haiku4.5__rep0.json	PILOT-2020000362	G	0	3.3705	23	6824	896	15	
PILOT-2020000362__G__haiku4.5__rep1.json	PILOT-2020000362	G	1	3.6683	23	6270	820	15	
PILOT-2020000362__G__haiku4.5__rep2.json	PILOT-2020000362	G	2	3.2523	23	7072	932	15	
PILOT-2020000362__G__sonnet4__rep0.json	PILOT-2020000362	G	0	5.1327	29	5650	758	15	
PILOT-2020000362__G__sonnet4__rep1.json	PILOT-2020000362	G	1	4.4626	23	5154	682	15	
PILOT-2020000362__G__sonnet4__rep2.json	PILOT-2020000362	G	2	4.4643	23	5152	680	15	
PILOT-2020000402__F__gpt4o-mini__rep0.json	PILOT-2020000402	F	0	0.0	0	3198	491	9	
PILOT-2020000402__F__gpt4o-mini__rep1.json	PILOT-2020000402	F	1	None	0	0		0	no_parsed_body
PILOT-2020000402__F__gpt4o-mini__rep2.json	PILOT-2020000402	F	2	None	0	0		0	no_parsed_body
PILOT-2020000402__F__gpt5.4__rep0.json	PILOT-2020000402	F	0	0.0	0	3203	492	9	
PILOT-2020000402__F__gpt5.4__rep1.json	PILOT-2020000402	F	1	0.0	0	3463	536	9	
PILOT-2020000402__F__gpt5.4__rep2.json	PILOT-2020000402	F	2	0.0	0	3375	524	9	
PILOT-2020000402__F__haiku4.5__rep0.json	PILOT-2020000402	F	0	0.0	0	3200	495	9	
PILOT-2020000402__F__haiku4.5__rep1.json	PILOT-2020000402	F	1	0.0	0	3142	483	9	
PILOT-2020000402__F__haiku4.5__rep2.json	PILOT-2020000402	F	2	0.0	0	3142	483	9	
PILOT-2020000402__F__sonnet4__rep0.json	PILOT-2020000402	F	0	0.0	0	3584	552	9	
PILOT-2020000402__F__sonnet4__rep1.json	PILOT-2020000402	F	1	0.0	0	3514	550	9	
PILOT-2020000402__F__sonnet4__rep2.json	PILOT-2020000402	F	2	0.0	0	3581	551	9	
PILOT-2020000402__G__gpt4o-mini__rep0.json	PILOT-2020000402	G	0	0.0	0	3313	517	9	
PILOT-2020000402__G__gpt4o-mini__rep1.json	PILOT-2020000402	G	1	0.0	0	3321	512	9	
PILOT-2020000402__G__gpt4o-mini__rep2.json	PILOT-2020000402	G	2	0.0	0	3312	514	9	
PILOT-2020000402__G__gpt5.4__rep0.json	PILOT-2020000402	G	0	0.0	0	3409	529	9	
PILOT-2020000402__G__gpt5.4__rep1.json	PILOT-2020000402	G	1	0.0	0	3664	568	9	
PILOT-2020000402__G__gpt5.4__rep2.json	PILOT-2020000402	G	2	0.0	0	3573	555	9	
PILOT-2020000402__G__haiku4.5__rep0.json	PILOT-2020000402	G	0	0.0	0	2982	454	9	
PILOT-2020000402__G__haiku4.5__rep1.json	PILOT-2020000402	G	1	0.0	0	2860	436	9	
PILOT-2020000402__G__haiku4.5__rep2.json	PILOT-2020000402	G	2	0.0	0	3214	495	9	
PILOT-2020000402__G__sonnet4__rep0.json	PILOT-2020000402	G	0	0.0	0	3581	551	9	
PILOT-2020000402__G__sonnet4__rep1.json	PILOT-2020000402	G	1	0.0	0	3515	543	9	
PILOT-2020000402__G__sonnet4__rep2.json	PILOT-2020000402	G	2	0.0	0	3562	548	9	
PILOT-2020000676__F__gpt4o-mini__rep0.json	PILOT-2020000676	F	0	4.7542	53	11148	1650	20	
PILOT-2020000676__F__gpt4o-mini__rep1.json	PILOT-2020000676	F	1	4.8476	14	2888	419	2	
PILOT-2020000676__F__gpt4o-mini__rep2.json	PILOT-2020000676	F	2	4.7662	53	11120	1650	20	
PILOT-2020000676__F__gpt5.4__rep0.json	PILOT-2020000676	F	0	4.9364	59	11952	1791	20	
PILOT-2020000676__F__gpt5.4__rep1.json	PILOT-2020000676	F	1	4.9282	59	11972	1794	20	
PILOT-2020000676__F__gpt5.4__rep2.json	PILOT-2020000676	F	2	4.9364	59	11952	1791	20	
PILOT-2020000676__F__haiku4.5__rep0.json	PILOT-2020000676	F	0	4.6156	55	11916	1754	20	
PILOT-2020000676__F__haiku4.5__rep1.json	PILOT-2020000676	F	1	4.6802	57	12179	1796	20	
PILOT-2020000676__F__haiku4.5__rep2.json	PILOT-2020000676	F	2	4.5684	57	12477	1838	20	
PILOT-2020000676__F__sonnet4__rep0.json	PILOT-2020000676	F	0	4.6199	53	11472	1692	20	
PILOT-2020000676__F__sonnet4__rep1.json	PILOT-2020000676	F	1	4.8221	53	10991	1631	20	
PILOT-2020000676__F__sonnet4__rep2.json	PILOT-2020000676	F	2	4.8221	53	10991	1631	20	
PILOT-2020000676__G__gpt4o-mini__rep0.json	PILOT-2020000676	G	0	4.5509	53	11646	1722	20	
PILOT-2020000676__G__gpt4o-mini__rep1.json	PILOT-2020000676	G	1	4.7002	53	11276	1665	20	
PILOT-2020000676__G__gpt4o-mini__rep2.json	PILOT-2020000676	G	2	4.3263	14	3236	475	3	
PILOT-2020000676__G__gpt5.4__rep0.json	PILOT-2020000676	G	0	4.9443	59	11933	1774	20	
PILOT-2020000676__G__gpt5.4__rep1.json	PILOT-2020000676	G	1	4.9364	59	11952	1791	20	
PILOT-2020000676__G__gpt5.4__rep2.json	PILOT-2020000676	G	2	4.9364	59	11952	1791	20	
PILOT-2020000676__G__haiku4.5__rep0.json	PILOT-2020000676	G	0	4.5462	57	12538	1830	20	
PILOT-2020000676__G__haiku4.5__rep1.json	PILOT-2020000676	G	1	4.2958	61	14200	2050	20	
PILOT-2020000676__G__haiku4.5__rep2.json	PILOT-2020000676	G	2	3.7214	53	14242	2092	20	
PILOT-2020000676__G__sonnet4__rep0.json	PILOT-2020000676	G	0	4.3269	53	12249	1821	20	
PILOT-2020000676__G__sonnet4__rep1.json	PILOT-2020000676	G	1	4.5253	53	11712	1722	20	
PILOT-2020000676__G__sonnet4__rep2.json	PILOT-2020000676	G	2	4.8212	53	10993	1630	20	
PILOT-2020001769__F__gpt4o-mini__rep0.json	PILOT-2020001769	F	0	1.9468	3	1541	196	4	
PILOT-2020001769__F__gpt4o-mini__rep1.json	PILOT-2020001769	F	1	2.4661	4	1622	206	5	
PILOT-2020001769__F__gpt4o-mini__rep2.json	PILOT-2020001769	F	2	2.7605	4	1449	183	4	
PILOT-2020001769__F__gpt5.4__rep0.json	PILOT-2020001769	F	0	4.5192	18	3983	506	21	
PILOT-2020001769__F__gpt5.4__rep1.json	PILOT-2020001769	F	1	4.6125	20	4336	555	21	
PILOT-2020001769__F__gpt5.4__rep2.json	PILOT-2020001769	F	2	6.1409	32	5211	675	21	
PILOT-2020001769__F__haiku4.5__rep0.json	PILOT-2020001769	F	0	4.561	20	4385	572	21	
PILOT-2020001769__F__haiku4.5__rep1.json	PILOT-2020001769	F	1	4.4773	20	4467	578	21	
PILOT-2020001769__F__haiku4.5__rep2.json	PILOT-2020001769	F	2	7.0175	26	3705	484	21	
PILOT-2020001769__F__sonnet4__rep0.json	PILOT-2020001769	F	0	4.7495	20	4211	542	21	
PILOT-2020001769__F__sonnet4__rep1.json	PILOT-2020001769	F	1	4.6051	20	4343	557	21	
PILOT-2020001769__F__sonnet4__rep2.json	PILOT-2020001769	F	2	4.6328	20	4317	552	21	
PILOT-2020001769__G__gpt4o-mini__rep0.json	PILOT-2020001769	G	0	2.772	4	1443	186	4	
PILOT-2020001769__G__gpt4o-mini__rep1.json	PILOT-2020001769	G	1	2.8209	4	1418	183	4	
PILOT-2020001769__G__gpt4o-mini__rep2.json	PILOT-2020001769	G	2	2.805	4	1426	182	4	
PILOT-2020001769__G__gpt5.4__rep0.json	PILOT-2020001769	G	0	4.6211	20	4328	555	21	
PILOT-2020001769__G__gpt5.4__rep1.json	PILOT-2020001769	G	1	4.6221	20	4327	554	21	
PILOT-2020001769__G__gpt5.4__rep2.json	PILOT-2020001769	G	2	4.674	20	4279	544	21	
PILOT-2020001769__G__haiku4.5__rep0.json	PILOT-2020001769	G	0	1.5504	4	2580	335	21	
PILOT-2020001769__G__haiku4.5__rep1.json	PILOT-2020001769	G	1	6.7692	22	3250	405	21	
PILOT-2020001769__G__haiku4.5__rep2.json	PILOT-2020001769	G	2	3.0783	7	2274	290	21	
PILOT-2020001769__G__sonnet4__rep0.json	PILOT-2020001769	G	0	4.6339	20	4316	552	21	
PILOT-2020001769__G__sonnet4__rep1.json	PILOT-2020001769	G	1	4.5527	20	4393	565	21	
PILOT-2020001769__G__sonnet4__rep2.json	PILOT-2020001769	G	2	4.6501	20	4301	550	21	
PILOT-2020002332__F__gpt4o-mini__rep0.json	PILOT-2020002332	F	0	6.9335	44	6346	866	25	
PILOT-2020002332__F__gpt4o-mini__rep1.json	PILOT-2020002332	F	1	6.7371	44	6531	886	25	
PILOT-2020002332__F__gpt4o-mini__rep2.json	PILOT-2020002332	F	2	3.8921	14	3597	475	9	
PILOT-2020002332__F__gpt5.4__rep0.json	PILOT-2020002332	F	0	4.0128	15	3738	521	13	
PILOT-2020002332__F__gpt5.4__rep1.json	PILOT-2020002332	F	1	6.0459	45	7443	1014	25	
PILOT-2020002332__F__gpt5.4__rep2.json	PILOT-2020002332	F	2	2.9203	7	2397	319	13	
PILOT-2020002332__F__haiku4.5__rep0.json	PILOT-2020002332	F	0	6.462	44	6809	927	25	
PILOT-2020002332__F__haiku4.5__rep1.json	PILOT-2020002332	F	1	6.4442	45	6983	949	25	
PILOT-2020002332__F__haiku4.5__rep2.json	PILOT-2020002332	F	2	4.4796	17	3795	516	25	
PILOT-2020002332__F__sonnet4__rep0.json	PILOT-2020002332	F	0	6.3833	44	6893	937	25	
PILOT-2020002332__F__sonnet4__rep1.json	PILOT-2020002332	F	1	6.3898	44	6886	935	25	
PILOT-2020002332__F__sonnet4__rep2.json	PILOT-2020002332	F	2	6.3529	44	6926	941	25	
PILOT-2020002332__G__gpt4o-mini__rep0.json	PILOT-2020002332	G	0	None	0	0		0	no_parsed_body
PILOT-2020002332__G__gpt4o-mini__rep1.json	PILOT-2020002332	G	1	0.0	0	823	101	1	
PILOT-2020002332__G__gpt4o-mini__rep2.json	PILOT-2020002332	G	2	0.0	0	806	98	1	
PILOT-2020002332__G__gpt5.4__rep0.json	PILOT-2020002332	G	0	3.5178	15	4264	583	13	
PILOT-2020002332__G__gpt5.4__rep1.json	PILOT-2020002332	G	1	3.5842	16	4464	610	13	
PILOT-2020002332__G__gpt5.4__rep2.json	PILOT-2020002332	G	2	3.8151	17	4456	611	13	
PILOT-2020002332__G__haiku4.5__rep0.json	PILOT-2020002332	G	0	6.1513	44	7153	973	25	
PILOT-2020002332__G__haiku4.5__rep1.json	PILOT-2020002332	G	1	6.4168	44	6857	930	25	
PILOT-2020002332__G__haiku4.5__rep2.json	PILOT-2020002332	G	2	6.3182	44	6964	947	25	
PILOT-2020002332__G__sonnet4__rep0.json	PILOT-2020002332	G	0	6.3926	44	6883	935	25	
PILOT-2020002332__G__sonnet4__rep1.json	PILOT-2020002332	G	1	6.3926	44	6883	935	25	
PILOT-2020002332__G__sonnet4__rep2.json	PILOT-2020002332	G	2	6.3926	44	6883	935	25	
PILOT-2020002369__F__gpt4o-mini__rep0.json	PILOT-2020002369	F	0	9.6661	11	1138	173	2	
PILOT-2020002369__F__gpt4o-mini__rep1.json	PILOT-2020002369	F	1	10.1103	11	1088	163	2	
PILOT-2020002369__F__gpt4o-mini__rep2.json	PILOT-2020002369	F	2	8.9928	35	3892	593	20	
PILOT-2020002369__F__gpt5.4__rep0.json	PILOT-2020002369	F	0	8.5616	35	4088	625	20	
PILOT-2020002369__F__gpt5.4__rep1.json	PILOT-2020002369	F	1	8.5616	35	4088	628	20	
PILOT-2020002369__F__gpt5.4__rep2.json	PILOT-2020002369	F	2	10.4993	45	4286	664	20	
PILOT-2020002369__F__haiku4.5__rep0.json	PILOT-2020002369	F	0	8.8165	33	3743	571	20	
PILOT-2020002369__F__haiku4.5__rep1.json	PILOT-2020002369	F	1	8.9723	11	1226	183	20	
PILOT-2020002369__F__haiku4.5__rep2.json	PILOT-2020002369	F	2	8.4227	11	1306	195	20	
PILOT-2020002369__F__sonnet4__rep0.json	PILOT-2020002369	F	0	8.7741	35	3989	609	20	
PILOT-2020002369__F__sonnet4__rep1.json	PILOT-2020002369	F	1	7.6771	35	4559	693	20	
PILOT-2020002369__F__sonnet4__rep2.json	PILOT-2020002369	F	2	8.825	35	3966	606	20	
PILOT-2020002369__G__gpt4o-mini__rep0.json	PILOT-2020002369	G	0	10.223	11	1076	159	2	
PILOT-2020002369__G__gpt4o-mini__rep1.json	PILOT-2020002369	G	1	9.7002	11	1134	173	2	
PILOT-2020002369__G__gpt4o-mini__rep2.json	PILOT-2020002369	G	2	9.8039	11	1122	169	2	
PILOT-2020002369__G__gpt5.4__rep0.json	PILOT-2020002369	G	0	8.5953	35	4072	623	20	
PILOT-2020002369__G__gpt5.4__rep1.json	PILOT-2020002369	G	1	8.5995	35	4070	622	20	
PILOT-2020002369__G__gpt5.4__rep2.json	PILOT-2020002369	G	2	9.4535	41	4337	666	20	
PILOT-2020002369__G__haiku4.5__rep0.json	PILOT-2020002369	G	0	9.0815	35	3854	589	20	
PILOT-2020002369__G__haiku4.5__rep1.json	PILOT-2020002369	G	1	9.0815	35	3854	589	20	
PILOT-2020002369__G__haiku4.5__rep2.json	PILOT-2020002369	G	2	8.7347	35	4007	611	20	
PILOT-2020002369__G__sonnet4__rep0.json	PILOT-2020002369	G	0	8.8968	35	3934	602	20	
PILOT-2020002369__G__sonnet4__rep1.json	PILOT-2020002369	G	1	9.1004	35	3846	585	20	
PILOT-2020002369__G__sonnet4__rep2.json	PILOT-2020002369	G	2	9.1004	35	3846	585	20	
PILOT-2020002555__F__gpt4o-mini__rep0.json	PILOT-2020002555	F	0	2.9615	6	2026	283	2	
PILOT-2020002555__F__gpt4o-mini__rep1.json	PILOT-2020002555	F	1	None	0	0		0	no_parsed_body
PILOT-2020002555__F__gpt4o-mini__rep2.json	PILOT-2020002555	F	2	1.766	4	2265	327	8	
PILOT-2020002555__F__gpt5.4__rep0.json	PILOT-2020002555	F	0	1.1945	7	5860	857	20	
PILOT-2020002555__F__gpt5.4__rep1.json	PILOT-2020002555	F	1	1.1334	7	6176	903	20	
PILOT-2020002555__F__gpt5.4__rep2.json	PILOT-2020002555	F	2	1.1765	7	5950	867	20	
PILOT-2020002555__F__haiku4.5__rep0.json	PILOT-2020002555	F	0	1.8742	9	4802	714	20	
PILOT-2020002555__F__haiku4.5__rep1.json	PILOT-2020002555	F	1	1.4701	9	6122	899	20	
PILOT-2020002555__F__haiku4.5__rep2.json	PILOT-2020002555	F	2	1.0013	7	6991	1028	20	
PILOT-2020002555__F__sonnet4__rep0.json	PILOT-2020002555	F	0	1.2894	7	5429	794	20	
PILOT-2020002555__F__sonnet4__rep1.json	PILOT-2020002555	F	1	1.162	7	6024	884	20	
PILOT-2020002555__F__sonnet4__rep2.json	PILOT-2020002555	F	2	1.1822	7	5921	866	20	
PILOT-2020002555__G__gpt4o-mini__rep0.json	PILOT-2020002555	G	0	1.2525	7	5589	814	20	
PILOT-2020002555__G__gpt4o-mini__rep1.json	PILOT-2020002555	G	1	1.2489	7	5605	816	20	
PILOT-2020002555__G__gpt4o-mini__rep2.json	PILOT-2020002555	G	2	3.0102	5	1661	239	4	
PILOT-2020002555__G__gpt5.4__rep0.json	PILOT-2020002555	G	0	1.204	7	5814	837	20	
PILOT-2020002555__G__gpt5.4__rep1.json	PILOT-2020002555	G	1	1.2225	7	5726	842	20	
PILOT-2020002555__G__gpt5.4__rep2.json	PILOT-2020002555	G	2	1.1334	7	6176	903	20	
PILOT-2020002555__G__haiku4.5__rep0.json	PILOT-2020002555	G	0	2.0971	13	6199	900	20	
PILOT-2020002555__G__haiku4.5__rep1.json	PILOT-2020002555	G	1	1.1933	7	5866	842	20	
PILOT-2020002555__G__haiku4.5__rep2.json	PILOT-2020002555	G	2	1.1737	7	5964	855	20	
PILOT-2020002555__G__sonnet4__rep0.json	PILOT-2020002555	G	0	1.2363	7	5662	829	20	
PILOT-2020002555__G__sonnet4__rep1.json	PILOT-2020002555	G	1	1.2363	7	5662	829	20	
PILOT-2020002555__G__sonnet4__rep2.json	PILOT-2020002555	G	2	1.2363	7	5662	829	20	
PILOT-2020002688__F__gpt4o-mini__rep0.json	PILOT-2020002688	F	0	0.2541	1	3935	559	8	
PILOT-2020002688__F__gpt4o-mini__rep1.json	PILOT-2020002688	F	1	0.4613	2	4336	620	8	
PILOT-2020002688__F__gpt4o-mini__rep2.json	PILOT-2020002688	F	2	0.2148	1	4656	667	8	
PILOT-2020002688__F__gpt5.4__rep0.json	PILOT-2020002688	F	0	0.4256	2	4699	663	9	
PILOT-2020002688__F__gpt5.4__rep1.json	PILOT-2020002688	F	1	0.413	2	4843	686	9	
PILOT-2020002688__F__gpt5.4__rep2.json	PILOT-2020002688	F	2	0.4236	2	4721	667	9	
PILOT-2020002688__F__haiku4.5__rep0.json	PILOT-2020002688	F	0	0.336	2	5952	867	8	
PILOT-2020002688__F__haiku4.5__rep1.json	PILOT-2020002688	F	1	0.4011	2	4986	714	8	
PILOT-2020002688__F__haiku4.5__rep2.json	PILOT-2020002688	F	2	0.7866	4	5085	724	8	
PILOT-2020002688__F__sonnet4__rep0.json	PILOT-2020002688	F	0	0.3851	2	5193	748	9	
PILOT-2020002688__F__sonnet4__rep1.json	PILOT-2020002688	F	1	0.405	2	4938	691	9	
PILOT-2020002688__F__sonnet4__rep2.json	PILOT-2020002688	F	2	0.8529	4	4690	677	9	
PILOT-2020002688__G__gpt4o-mini__rep0.json	PILOT-2020002688	G	0	0.4912	2	4072	578	8	
PILOT-2020002688__G__gpt4o-mini__rep1.json	PILOT-2020002688	G	1	0.4706	2	4250	603	8	
PILOT-2020002688__G__gpt4o-mini__rep2.json	PILOT-2020002688	G	2	0.4444	2	4500	641	8	
PILOT-2020002688__G__gpt5.4__rep0.json	PILOT-2020002688	G	0	0.4179	2	4786	680	9	
PILOT-2020002688__G__gpt5.4__rep1.json	PILOT-2020002688	G	1	0.448	2	4464	628	9	
PILOT-2020002688__G__gpt5.4__rep2.json	PILOT-2020002688	G	2	0.4277	2	4676	662	9	
PILOT-2020002688__G__haiku4.5__rep0.json	PILOT-2020002688	G	0	0.3892	2	5139	732	8	
PILOT-2020002688__G__haiku4.5__rep1.json	PILOT-2020002688	G	1	0.3832	2	5219	749	8	
PILOT-2020002688__G__haiku4.5__rep2.json	PILOT-2020002688	G	2	0.7854	4	5093	742	8	
PILOT-2020002688__G__sonnet4__rep0.json	PILOT-2020002688	G	0	0.7832	4	5107	742	9	
PILOT-2020002688__G__sonnet4__rep1.json	PILOT-2020002688	G	1	0.3902	2	5125	722	9	
PILOT-2020002688__G__sonnet4__rep2.json	PILOT-2020002688	G	2	0.4081	2	4901	707	9	
PILOT-2020002729__F__gpt4o-mini__rep0.json	PILOT-2020002729	F	0	2.8416	11	3871	594	10	
PILOT-2020002729__F__gpt4o-mini__rep1.json	PILOT-2020002729	F	1	3.0465	12	3939	607	11	
PILOT-2020002729__F__gpt4o-mini__rep2.json	PILOT-2020002729	F	2	3.104	12	3866	589	11	
PILOT-2020002729__F__gpt5.4__rep0.json	PILOT-2020002729	F	0	2.7689	13	4695	721	11	
PILOT-2020002729__F__gpt5.4__rep1.json	PILOT-2020002729	F	1	2.5636	12	4681	714	11	
PILOT-2020002729__F__gpt5.4__rep2.json	PILOT-2020002729	F	2	2.5712	13	5056	777	11	
PILOT-2020002729__F__haiku4.5__rep0.json	PILOT-2020002729	F	0	2.1655	14	6465	968	27	
PILOT-2020002729__F__haiku4.5__rep1.json	PILOT-2020002729	F	1	2.2599	14	6195	932	27	
PILOT-2020002729__F__haiku4.5__rep2.json	PILOT-2020002729	F	2	2.5099	14	5578	837	27	
PILOT-2020002729__F__sonnet4__rep0.json	PILOT-2020002729	F	0	1.8384	21	11423	1732	27	
PILOT-2020002729__F__sonnet4__rep1.json	PILOT-2020002729	F	1	2.2829	25	10951	1666	27	
PILOT-2020002729__F__sonnet4__rep2.json	PILOT-2020002729	F	2	2.4311	27	11106	1695	27	
PILOT-2020002729__G__gpt4o-mini__rep0.json	PILOT-2020002729	G	0	3.2886	12	3649	553	10	
PILOT-2020002729__G__gpt4o-mini__rep1.json	PILOT-2020002729	G	1	None	0	0		0	no_parsed_body
PILOT-2020002729__G__gpt4o-mini__rep2.json	PILOT-2020002729	G	2	3.1906	12	3761	578	11	
PILOT-2020002729__G__gpt5.4__rep0.json	PILOT-2020002729	G	0	2.7888	14	5020	770	11	
PILOT-2020002729__G__gpt5.4__rep1.json	PILOT-2020002729	G	1	2.3077	12	5200	812	11	
PILOT-2020002729__G__gpt5.4__rep2.json	PILOT-2020002729	G	2	2.5674	12	4674	706	11	
PILOT-2020002729__G__haiku4.5__rep0.json	PILOT-2020002729	G	0	2.2662	15	6619	993	27	
PILOT-2020002729__G__haiku4.5__rep1.json	PILOT-2020002729	G	1	2.9007	16	5516	829	27	
PILOT-2020002729__G__haiku4.5__rep2.json	PILOT-2020002729	G	2	1.94	21	10825	1670	27	
PILOT-2020002729__G__sonnet4__rep0.json	PILOT-2020002729	G	0	2.3232	25	10761	1655	27	
PILOT-2020002729__G__sonnet4__rep1.json	PILOT-2020002729	G	1	2.3232	25	10761	1655	27	
PILOT-2020002729__G__sonnet4__rep2.json	PILOT-2020002729	G	2	2.3336	25	10713	1638	27	
PILOT-2020003998__F__gpt4o-mini__rep0.json	PILOT-2020003998	F	0	6.8493	9	1314	210	13	
PILOT-2020003998__F__gpt4o-mini__rep1.json	PILOT-2020003998	F	1	3.8685	2	517	80	3	
PILOT-2020003998__F__gpt4o-mini__rep2.json	PILOT-2020003998	F	2	5.2493	4	762	119	5	
PILOT-2020003998__F__gpt5.4__rep0.json	PILOT-2020003998	F	0	4.8232	12	2488	410	14	
PILOT-2020003998__F__gpt5.4__rep1.json	PILOT-2020003998	F	1	5.6301	13	2309	377	14	
PILOT-2020003998__F__gpt5.4__rep2.json	PILOT-2020003998	F	2	6.7002	16	2388	395	14	
PILOT-2020003998__F__haiku4.5__rep0.json	PILOT-2020003998	F	0	4.6346	13	2805	432	12	
PILOT-2020003998__F__haiku4.5__rep1.json	PILOT-2020003998	F	1	5.3702	14	2607	417	14	
PILOT-2020003998__F__haiku4.5__rep2.json	PILOT-2020003998	F	2	5.1628	13	2518	381	12	
PILOT-2020003998__F__sonnet4__rep0.json	PILOT-2020003998	F	0	6.1983	15	2420	394	15	
PILOT-2020003998__F__sonnet4__rep1.json	PILOT-2020003998	F	1	5.6473	13	2302	372	15	
PILOT-2020003998__F__sonnet4__rep2.json	PILOT-2020003998	F	2	5.6934	14	2459	397	15	
PILOT-2020003998__G__gpt4o-mini__rep0.json	PILOT-2020003998	G	0	6.6568	9	1352	214	10	
PILOT-2020003998__G__gpt4o-mini__rep1.json	PILOT-2020003998	G	1	3.3975	3	883	134	5	
PILOT-2020003998__G__gpt4o-mini__rep2.json	PILOT-2020003998	G	2	5.7887	8	1382	217	10	
PILOT-2020003998__G__gpt5.4__rep0.json	PILOT-2020003998	G	0	3.992	8	2004	328	14	
PILOT-2020003998__G__gpt5.4__rep1.json	PILOT-2020003998	G	1	4.1237	12	2910	470	14	
PILOT-2020003998__G__gpt5.4__rep2.json	PILOT-2020003998	G	2	5.3619	14	2611	405	14	
PILOT-2020003998__G__haiku4.5__rep0.json	PILOT-2020003998	G	0	7.197	19	2640	392	12	
PILOT-2020003998__G__haiku4.5__rep1.json	PILOT-2020003998	G	1	4.6277	11	2377	360	12	
PILOT-2020003998__G__haiku4.5__rep2.json	PILOT-2020003998	G	2	5.4299	12	2210	331	12	
PILOT-2020003998__G__sonnet4__rep0.json	PILOT-2020003998	G	0	5.9855	14	2339	378	15	
PILOT-2020003998__G__sonnet4__rep1.json	PILOT-2020003998	G	1	6.1242	14	2286	371	15	
PILOT-2020003998__G__sonnet4__rep2.json	PILOT-2020003998	G	2	6.0293	14	2322	380	15	
PILOT-2020004768__F__gpt4o-mini__rep0.json	PILOT-2020004768	F	0	12.5	12	960	145	5	
PILOT-2020004768__F__gpt4o-mini__rep1.json	PILOT-2020004768	F	1	None	0	0		0	no_parsed_body
PILOT-2020004768__F__gpt4o-mini__rep2.json	PILOT-2020004768	F	2	12.973	12	925	138	5	
PILOT-2020004768__F__gpt5.4__rep0.json	PILOT-2020004768	F	0	19.0978	58	3037	430	20	
PILOT-2020004768__F__gpt5.4__rep1.json	PILOT-2020004768	F	1	20.6773	69	3337	469	20	
PILOT-2020004768__F__gpt5.4__rep2.json	PILOT-2020004768	F	2	22.3229	69	3091	449	20	
PILOT-2020004768__F__haiku4.5__rep0.json	PILOT-2020004768	F	0	16.9248	59	3486	489	20	
PILOT-2020004768__F__haiku4.5__rep1.json	PILOT-2020004768	F	1	19.6667	59	3000	428	20	
PILOT-2020004768__F__haiku4.5__rep2.json	PILOT-2020004768	F	2	16.534	27	1633	241	28	
PILOT-2020004768__F__sonnet4__rep0.json	PILOT-2020004768	F	0	22.0403	70	3176	456	20	
PILOT-2020004768__F__sonnet4__rep1.json	PILOT-2020004768	F	1	20.1471	63	3127	453	20	
PILOT-2020004768__F__sonnet4__rep2.json	PILOT-2020004768	F	2	20.0318	63	3145	454	20	
PILOT-2020004768__G__gpt4o-mini__rep0.json	PILOT-2020004768	G	0	9.8793	9	911	137	5	
PILOT-2020004768__G__gpt4o-mini__rep1.json	PILOT-2020004768	G	1	12.4164	13	1047	157	5	
PILOT-2020004768__G__gpt4o-mini__rep2.json	PILOT-2020004768	G	2	11.6732	12	1028	152	5	
PILOT-2020004768__G__gpt5.4__rep0.json	PILOT-2020004768	G	0	20.3692	64	3142	446	20	
PILOT-2020004768__G__gpt5.4__rep1.json	PILOT-2020004768	G	1	21.7941	69	3166	457	20	
PILOT-2020004768__G__gpt5.4__rep2.json	PILOT-2020004768	G	2	21.9203	71	3239	470	20	
PILOT-2020004768__G__haiku4.5__rep0.json	PILOT-2020004768	G	0	19.8814	57	2867	412	20	
PILOT-2020004768__G__haiku4.5__rep1.json	PILOT-2020004768	G	1	15.1607	25	1649	241	20	
PILOT-2020004768__G__haiku4.5__rep2.json	PILOT-2020004768	G	2	19.0127	57	2998	433	20	
PILOT-2020004768__G__sonnet4__rep0.json	PILOT-2020004768	G	0	21.346	72	3373	490	20	
PILOT-2020004768__G__sonnet4__rep1.json	PILOT-2020004768	G	1	21.874	67	3063	442	20	
PILOT-2020004768__G__sonnet4__rep2.json	PILOT-2020004768	G	2	18.6916	62	3317	482	20	
PILOT-2020006264__F__gpt4o-mini__rep0.json	PILOT-2020006264	F	0	11.0935	49	4417	649	20	
PILOT-2020006264__F__gpt4o-mini__rep1.json	PILOT-2020006264	F	1	1.6844	3	1781	260	2	
PILOT-2020006264__F__gpt4o-mini__rep2.json	PILOT-2020006264	F	2	11.0885	49	4419	645	20	
PILOT-2020006264__F__gpt5.4__rep0.json	PILOT-2020006264	F	0	10.4209	51	4894	715	20	
PILOT-2020006264__F__gpt5.4__rep1.json	PILOT-2020006264	F	1	10.3381	48	4643	679	20	
PILOT-2020006264__F__gpt5.4__rep2.json	PILOT-2020006264	F	2	10.7456	49	4560	670	20	
PILOT-2020006264__F__haiku4.5__rep0.json	PILOT-2020006264	F	0	9.3494	49	5241	759	20	
PILOT-2020006264__F__haiku4.5__rep1.json	PILOT-2020006264	F	1	10.3419	49	4738	692	20	
PILOT-2020006264__F__haiku4.5__rep2.json	PILOT-2020006264	F	2	11.3216	49	4328	633	20	
PILOT-2020006264__F__sonnet4__rep0.json	PILOT-2020006264	F	0	None	0	0		0	no_parsed_body
PILOT-2020006264__F__sonnet4__rep1.json	PILOT-2020006264	F	1	None	0	0		0	no_parsed_body
PILOT-2020006264__F__sonnet4__rep2.json	PILOT-2020006264	F	2	None	0	0		0	no_parsed_body
PILOT-2020006264__G__gpt4o-mini__rep0.json	PILOT-2020006264	G	0	11.2411	49	4359	643	20	
PILOT-2020006264__G__gpt4o-mini__rep1.json	PILOT-2020006264	G	1	10.9473	49	4476	659	20	
PILOT-2020006264__G__gpt4o-mini__rep2.json	PILOT-2020006264	G	2	1.6844	3	1781	260	2	
PILOT-2020006264__G__gpt5.4__rep0.json	PILOT-2020006264	G	0	11.7413	59	5025	735	20	
PILOT-2020006264__G__gpt5.4__rep1.json	PILOT-2020006264	G	1	9.3648	46	4912	712	20	
PILOT-2020006264__G__gpt5.4__rep2.json	PILOT-2020006264	G	2	10.7456	49	4560	670	20	
PILOT-2020006264__G__haiku4.5__rep0.json	PILOT-2020006264	G	0	7.2027	49	6803	949	20	
PILOT-2020006264__G__haiku4.5__rep1.json	PILOT-2020006264	G	1	8.1287	49	6028	847	20	
PILOT-2020006264__G__haiku4.5__rep2.json	PILOT-2020006264	G	2	6.8936	49	7108	978	20	
PILOT-2020006264__G__sonnet4__rep0.json	PILOT-2020006264	G	0	11.4139	49	4293	628	20	
PILOT-2020006264__G__sonnet4__rep1.json	PILOT-2020006264	G	1	11.3742	49	4308	629	20	
PILOT-2020006264__G__sonnet4__rep2.json	PILOT-2020006264	G	2	11.3715	49	4309	630	20	
PILOT-2020006435__F__gpt4o-mini__rep0.json	PILOT-2020006435	F	0	5.8928	10	1697	239	7	
PILOT-2020006435__F__gpt4o-mini__rep1.json	PILOT-2020006435	F	1	11.2641	63	5593	828	33	
PILOT-2020006435__F__gpt4o-mini__rep2.json	PILOT-2020006435	F	2	7.3607	14	1902	285	10	
PILOT-2020006435__F__gpt5.4__rep0.json	PILOT-2020006435	F	0	10.8621	63	5800	858	33	
PILOT-2020006435__F__gpt5.4__rep1.json	PILOT-2020006435	F	1	11.3718	63	5540	820	33	
PILOT-2020006435__F__gpt5.4__rep2.json	PILOT-2020006435	F	2	10.1286	63	6220	907	33	
PILOT-2020006435__F__haiku4.5__rep0.json	PILOT-2020006435	F	0	10.0382	63	6276	929	33	
PILOT-2020006435__F__haiku4.5__rep1.json	PILOT-2020006435	F	1	9.4965	63	6634	987	33	
PILOT-2020006435__F__haiku4.5__rep2.json	PILOT-2020006435	F	2	10.2723	63	6133	912	33	
PILOT-2020006435__F__sonnet4__rep0.json	PILOT-2020006435	F	0	10.7252	63	5874	883	33	
PILOT-2020006435__F__sonnet4__rep1.json	PILOT-2020006435	F	1	10.6527	63	5914	893	33	
PILOT-2020006435__F__sonnet4__rep2.json	PILOT-2020006435	F	2	11.3208	63	5565	833	33	
PILOT-2020006435__G__gpt4o-mini__rep0.json	PILOT-2020006435	G	0	11.3636	63	5544	824	33	
PILOT-2020006435__G__gpt4o-mini__rep1.json	PILOT-2020006435	G	1	3.1397	2	637	87	3	
PILOT-2020006435__G__gpt4o-mini__rep2.json	PILOT-2020006435	G	2	10.479	63	6012	882	33	
PILOT-2020006435__G__gpt5.4__rep0.json	PILOT-2020006435	G	0	10.2689	63	6135	912	33	
PILOT-2020006435__G__gpt5.4__rep1.json	PILOT-2020006435	G	1	9.6849	63	6505	955	33	
PILOT-2020006435__G__gpt5.4__rep2.json	PILOT-2020006435	G	2	9.478	63	6647	970	33	
PILOT-2020006435__G__haiku4.5__rep0.json	PILOT-2020006435	G	0	10.808	63	5829	865	33	
PILOT-2020006435__G__haiku4.5__rep1.json	PILOT-2020006435	G	1	10.043	63	6273	930	33	
PILOT-2020006435__G__haiku4.5__rep2.json	PILOT-2020006435	G	2	10.2356	63	6155	917	33	
PILOT-2020006435__G__sonnet4__rep0.json	PILOT-2020006435	G	0	10.6707	63	5904	893	33	
PILOT-2020006435__G__sonnet4__rep1.json	PILOT-2020006435	G	1	11.3616	63	5545	833	33	
PILOT-2020006435__G__sonnet4__rep2.json	PILOT-2020006435	G	2	11.3493	63	5551	834	33	
PILOT-2021000834__F__gpt4o-mini__rep0.json	PILOT-2021000834	F	0	5.6543	7	1238	173	6	
PILOT-2021000834__F__gpt4o-mini__rep1.json	PILOT-2021000834	F	1	3.5211	4	1136	158	6	
PILOT-2021000834__F__gpt4o-mini__rep2.json	PILOT-2021000834	F	2	2.6385	4	1516	214	6	
PILOT-2021000834__F__gpt5.4__rep0.json	PILOT-2021000834	F	0	3.8139	5	1311	187	7	
PILOT-2021000834__F__gpt5.4__rep1.json	PILOT-2021000834	F	1	2.8876	13	4502	641	20	
PILOT-2021000834__F__gpt5.4__rep2.json	PILOT-2021000834	F	2	3.0556	11	3600	514	16	
PILOT-2021000834__F__haiku4.5__rep0.json	PILOT-2021000834	F	0	3.0065	13	4324	614	20	
PILOT-2021000834__F__haiku4.5__rep1.json	PILOT-2021000834	F	1	2.1097	6	2844	403	20	
PILOT-2021000834__F__haiku4.5__rep2.json	PILOT-2021000834	F	2	2.1239	6	2825	397	20	
PILOT-2021000834__F__sonnet4__rep0.json	PILOT-2021000834	F	0	3.2125	14	4358	620	20	
PILOT-2021000834__F__sonnet4__rep1.json	PILOT-2021000834	F	1	3.5647	17	4769	674	20	
PILOT-2021000834__F__sonnet4__rep2.json	PILOT-2021000834	F	2	2.71	13	4797	675	20	
PILOT-2021000834__G__gpt4o-mini__rep0.json	PILOT-2021000834	G	0	3.5398	4	1130	159	6	
PILOT-2021000834__G__gpt4o-mini__rep1.json	PILOT-2021000834	G	1	2.5957	4	1541	214	6	
PILOT-2021000834__G__gpt4o-mini__rep2.json	PILOT-2021000834	G	2	3.5821	6	1675	237	6	
PILOT-2021000834__G__gpt5.4__rep0.json	PILOT-2021000834	G	0	3.0675	11	3586	516	16	
PILOT-2021000834__G__gpt5.4__rep1.json	PILOT-2021000834	G	1	2.7873	13	4664	661	20	
PILOT-2021000834__G__gpt5.4__rep2.json	PILOT-2021000834	G	2	3.0387	11	3620	516	16	
PILOT-2021000834__G__haiku4.5__rep0.json	PILOT-2021000834	G	0	3.9054	17	4353	621	20	
PILOT-2021000834__G__haiku4.5__rep1.json	PILOT-2021000834	G	1	2.9899	13	4348	615	20	
PILOT-2021000834__G__haiku4.5__rep2.json	PILOT-2021000834	G	2	3.9189	17	4338	616	20	
PILOT-2021000834__G__sonnet4__rep0.json	PILOT-2021000834	G	0	2.9472	13	4411	626	20	
PILOT-2021000834__G__sonnet4__rep1.json	PILOT-2021000834	G	1	2.8921	13	4495	633	20	
PILOT-2021000834__G__sonnet4__rep2.json	PILOT-2021000834	G	2	2.9227	13	4448	634	20	
PILOT-2021001124__F__gpt4o-mini__rep0.json	PILOT-2021001124	F	0	None	0	0		0	no_parsed_body
PILOT-2021001124__F__gpt4o-mini__rep1.json	PILOT-2021001124	F	1	None	0	0		0	no_parsed_body
PILOT-2021001124__F__gpt4o-mini__rep2.json	PILOT-2021001124	F	2	3.0371	19	6256	897	9	
PILOT-2021001124__F__gpt5.4__rep0.json	PILOT-2021001124	F	0	3.3007	30	9089	1341	15	
PILOT-2021001124__F__gpt5.4__rep1.json	PILOT-2021001124	F	1	4.0343	32	7932	1158	15	
PILOT-2021001124__F__gpt5.4__rep2.json	PILOT-2021001124	F	2	4.0156	35	8716	1266	15	
PILOT-2021001124__F__haiku4.5__rep0.json	PILOT-2021001124	F	0	2.516	20	7949	1107	11	
PILOT-2021001124__F__haiku4.5__rep1.json	PILOT-2021001124	F	1	2.4543	20	8149	1128	11	
PILOT-2021001124__F__haiku4.5__rep2.json	PILOT-2021001124	F	2	3.2151	27	8398	1200	11	
PILOT-2021001124__F__sonnet4__rep0.json	PILOT-2021001124	F	0	3.0066	20	6652	934	11	
PILOT-2021001124__F__sonnet4__rep1.json	PILOT-2021001124	F	1	2.9873	20	6695	942	11	
PILOT-2021001124__F__sonnet4__rep2.json	PILOT-2021001124	F	2	3.0912	20	6470	913	11	
PILOT-2021001124__G__gpt4o-mini__rep0.json	PILOT-2021001124	G	0	2.1664	10	4616	663	6	
PILOT-2021001124__G__gpt4o-mini__rep1.json	PILOT-2021001124	G	1	2.6603	10	3759	557	5	
PILOT-2021001124__G__gpt4o-mini__rep2.json	PILOT-2021001124	G	2	None	0	0		0	no_parsed_body
PILOT-2021001124__G__gpt5.4__rep0.json	PILOT-2021001124	G	0	4.0869	35	8564	1231	15	
PILOT-2021001124__G__gpt5.4__rep1.json	PILOT-2021001124	G	1	3.886	33	8492	1220	15	
PILOT-2021001124__G__gpt5.4__rep2.json	PILOT-2021001124	G	2	3.7576	32	8516	1228	15	
PILOT-2021001124__G__haiku4.5__rep0.json	PILOT-2021001124	G	0	2.7104	22	8117	1157	11	
PILOT-2021001124__G__haiku4.5__rep1.json	PILOT-2021001124	G	1	3.4153	30	8784	1248	15	
PILOT-2021001124__G__haiku4.5__rep2.json	PILOT-2021001124	G	2	3.4546	30	8684	1220	15	
PILOT-2021001124__G__sonnet4__rep0.json	PILOT-2021001124	G	0	2.7367	20	7308	1015	11	
PILOT-2021001124__G__sonnet4__rep1.json	PILOT-2021001124	G	1	3.0921	20	6468	916	11	
PILOT-2021001124__G__sonnet4__rep2.json	PILOT-2021001124	G	2	3.0303	20	6600	927	11	
PILOT-2021002328__F__gpt4o-mini__rep0.json	PILOT-2021002328	F	0	None	0	0		0	no_parsed_body
PILOT-2021002328__F__gpt4o-mini__rep1.json	PILOT-2021002328	F	1	None	0	0		0	no_parsed_body
PILOT-2021002328__F__gpt4o-mini__rep2.json	PILOT-2021002328	F	2	5.5818	26	4658	626	11	
PILOT-2021002328__F__gpt5.4__rep0.json	PILOT-2021002328	F	0	6.7269	35	5203	695	14	
PILOT-2021002328__F__gpt5.4__rep1.json	PILOT-2021002328	F	1	6.9641	37	5313	718	14	
PILOT-2021002328__F__gpt5.4__rep2.json	PILOT-2021002328	F	2	6.6025	35	5301	716	14	
PILOT-2021002328__F__haiku4.5__rep0.json	PILOT-2021002328	F	0	5.6974	25	4388	570	11	
PILOT-2021002328__F__haiku4.5__rep1.json	PILOT-2021002328	F	1	4.6229	19	4110	534	9	
PILOT-2021002328__F__haiku4.5__rep2.json	PILOT-2021002328	F	2	6.2242	95	15263	2082	40	
PILOT-2021002328__F__sonnet4__rep0.json	PILOT-2021002328	F	0	6.668	33	4949	659	14	
PILOT-2021002328__F__sonnet4__rep1.json	PILOT-2021002328	F	1	6.668	33	4949	659	14	
PILOT-2021002328__F__sonnet4__rep2.json	PILOT-2021002328	F	2	6.668	33	4949	659	14	
PILOT-2021002328__G__gpt4o-mini__rep0.json	PILOT-2021002328	G	0	None	0	0		0	no_parsed_body
PILOT-2021002328__G__gpt4o-mini__rep1.json	PILOT-2021002328	G	1	None	0	0		0	no_parsed_body
PILOT-2021002328__G__gpt4o-mini__rep2.json	PILOT-2021002328	G	2	None	0	0		0	no_parsed_body
PILOT-2021002328__G__gpt5.4__rep0.json	PILOT-2021002328	G	0	6.4554	33	5112	681	14	
PILOT-2021002328__G__gpt5.4__rep1.json	PILOT-2021002328	G	1	6.3352	33	5209	695	14	
PILOT-2021002328__G__gpt5.4__rep2.json	PILOT-2021002328	G	2	6.8303	37	5417	727	14	
PILOT-2021002328__G__haiku4.5__rep0.json	PILOT-2021002328	G	0	6.1917	95	15343	2092	40	
PILOT-2021002328__G__haiku4.5__rep1.json	PILOT-2021002328	G	1	6.1298	95	15498	2113	40	
PILOT-2021002328__G__haiku4.5__rep2.json	PILOT-2021002328	G	2	5.6403	27	4787	643	40	
PILOT-2021002328__G__sonnet4__rep0.json	PILOT-2021002328	G	0	6.1659	33	5352	727	14	
PILOT-2021002328__G__sonnet4__rep1.json	PILOT-2021002328	G	1	6.5476	33	5040	672	14	
PILOT-2021002328__G__sonnet4__rep2.json	PILOT-2021002328	G	2	6.4365	33	5127	684	14	
PILOT-2021003980__F__gpt4o-mini__rep0.json	PILOT-2021003980	F	0	4.4743	14	3129	430	7	
PILOT-2021003980__F__gpt4o-mini__rep1.json	PILOT-2021003980	F	1	2.994	5	1670	230	5	
PILOT-2021003980__F__gpt4o-mini__rep2.json	PILOT-2021003980	F	2	4.764	11	2309	315	4	
PILOT-2021003980__F__gpt5.4__rep0.json	PILOT-2021003980	F	0	5.0612	36	7113	990	20	
PILOT-2021003980__F__gpt5.4__rep1.json	PILOT-2021003980	F	1	4.7682	36	7550	1060	20	
PILOT-2021003980__F__gpt5.4__rep2.json	PILOT-2021003980	F	2	4.9221	36	7314	1020	20	
PILOT-2021003980__F__haiku4.5__rep0.json	PILOT-2021003980	F	0	2.7663	10	3615	493	20	
PILOT-2021003980__F__haiku4.5__rep1.json	PILOT-2021003980	F	1	3.278	15	4576	615	16	
PILOT-2021003980__F__haiku4.5__rep2.json	PILOT-2021003980	F	2	4.1648	19	4562	610	16	
PILOT-2021003980__F__sonnet4__rep0.json	PILOT-2021003980	F	0	5.0132	36	7181	1004	20	
PILOT-2021003980__F__sonnet4__rep1.json	PILOT-2021003980	F	1	5.3207	36	6766	937	20	
PILOT-2021003980__F__sonnet4__rep2.json	PILOT-2021003980	F	2	5.0077	36	7189	1005	20	
PILOT-2021003980__G__gpt4o-mini__rep0.json	PILOT-2021003980	G	0	5.819	27	4640	633	16	
PILOT-2021003980__G__gpt4o-mini__rep1.json	PILOT-2021003980	G	1	5.2244	22	4211	583	11	
PILOT-2021003980__G__gpt4o-mini__rep2.json	PILOT-2021003980	G	2	1.5625	2	1280	181	2	
PILOT-2021003980__G__gpt5.4__rep0.json	PILOT-2021003980	G	0	5.1546	36	6984	978	20	
PILOT-2021003980__G__gpt5.4__rep1.json	PILOT-2021003980	G	1	4.9451	36	7280	1020	20	
PILOT-2021003980__G__gpt5.4__rep2.json	PILOT-2021003980	G	2	4.7847	34	7106	984	20	
PILOT-2021003980__G__haiku4.5__rep0.json	PILOT-2021003980	G	0	4.9194	36	7318	1014	20	
PILOT-2021003980__G__haiku4.5__rep1.json	PILOT-2021003980	G	1	4.4553	31	6958	949	16	
PILOT-2021003980__G__haiku4.5__rep2.json	PILOT-2021003980	G	2	4.6921	32	6820	922	16	
PILOT-2021003980__G__sonnet4__rep0.json	PILOT-2021003980	G	0	4.8688	36	7394	1032	20	
PILOT-2021003980__G__sonnet4__rep1.json	PILOT-2021003980	G	1	4.9167	36	7322	1018	20	
PILOT-2021003980__G__sonnet4__rep2.json	PILOT-2021003980	G	2	4.7707	36	7546	1051	20	
PILOT-2022000316__F__gpt4o-mini__rep0.json	PILOT-2022000316	F	0	2.0471	2	977	136	4	
PILOT-2022000316__F__gpt4o-mini__rep1.json	PILOT-2022000316	F	1	2.0513	2	975	133	4	
PILOT-2022000316__F__gpt4o-mini__rep2.json	PILOT-2022000316	F	2	1.7212	2	1162	163	4	
PILOT-2022000316__F__gpt5.4__rep0.json	PILOT-2022000316	F	0	3.418	44	12873	1908	25	
PILOT-2022000316__F__gpt5.4__rep1.json	PILOT-2022000316	F	1	3.5182	43	12222	1817	25	
PILOT-2022000316__F__gpt5.4__rep2.json	PILOT-2022000316	F	2	3.4006	44	12939	1909	25	
PILOT-2022000316__F__haiku4.5__rep0.json	PILOT-2022000316	F	0	3.8651	44	11384	1701	25	
PILOT-2022000316__F__haiku4.5__rep1.json	PILOT-2022000316	F	1	3.6618	44	12016	1786	25	
PILOT-2022000316__F__haiku4.5__rep2.json	PILOT-2022000316	F	2	3.6807	45	12226	1815	25	
PILOT-2022000316__F__sonnet4__rep0.json	PILOT-2022000316	F	0	3.1975	43	13448	1993	25	
PILOT-2022000316__F__sonnet4__rep1.json	PILOT-2022000316	F	1	3.4984	45	12863	1899	25	
PILOT-2022000316__F__sonnet4__rep2.json	PILOT-2022000316	F	2	3.2328	43	13301	1963	25	
PILOT-2022000316__G__gpt4o-mini__rep0.json	PILOT-2022000316	G	0	2.8944	4	1382	191	3	
PILOT-2022000316__G__gpt4o-mini__rep1.json	PILOT-2022000316	G	1	1.8868	2	1060	144	4	
PILOT-2022000316__G__gpt4o-mini__rep2.json	PILOT-2022000316	G	2	1.218	1	821	113	4	
PILOT-2022000316__G__gpt5.4__rep0.json	PILOT-2022000316	G	0	3.2892	43	13073	1939	25	
PILOT-2022000316__G__gpt5.4__rep1.json	PILOT-2022000316	G	1	3.8377	47	12247	1827	25	
PILOT-2022000316__G__gpt5.4__rep2.json	PILOT-2022000316	G	2	3.6491	47	12880	1911	25	
PILOT-2022000316__G__haiku4.5__rep0.json	PILOT-2022000316	G	0	3.7076	42	11328	1693	25	
PILOT-2022000316__G__haiku4.5__rep1.json	PILOT-2022000316	G	1	3.5834	46	12837	1898	25	
PILOT-2022000316__G__haiku4.5__rep2.json	PILOT-2022000316	G	2	3.5823	46	12841	1899	25	
PILOT-2022000316__G__sonnet4__rep0.json	PILOT-2022000316	G	0	3.3159	43	12968	1918	25	
PILOT-2022000316__G__sonnet4__rep1.json	PILOT-2022000316	G	1	3.3277	43	12922	1914	25	
PILOT-2022000316__G__sonnet4__rep2.json	PILOT-2022000316	G	2	3.3189	43	12956	1918	25	
PILOT-2022001087__F__gpt4o-mini__rep0.json	PILOT-2022001087	F	0	14.3734	103	7166	1100	24	
PILOT-2022001087__F__gpt4o-mini__rep1.json	PILOT-2022001087	F	1	7.0872	30	4233	613	12	
PILOT-2022001087__F__gpt4o-mini__rep2.json	PILOT-2022001087	F	2	9.1273	73	7998	1199	22	
PILOT-2022001087__F__gpt5.4__rep0.json	PILOT-2022001087	F	0	8.7909	73	8304	1249	24	
PILOT-2022001087__F__gpt5.4__rep1.json	PILOT-2022001087	F	1	8.2789	71	8576	1278	24	
PILOT-2022001087__F__gpt5.4__rep2.json	PILOT-2022001087	F	2	7.9652	75	9416	1407	24	
PILOT-2022001087__F__haiku4.5__rep0.json	PILOT-2022001087	F	0	8.1794	62	7580	1129	24	
PILOT-2022001087__F__haiku4.5__rep1.json	PILOT-2022001087	F	1	9.43	68	7211	1082	24	
PILOT-2022001087__F__haiku4.5__rep2.json	PILOT-2022001087	F	2	10.3213	53	5135	758	24	
PILOT-2022001087__F__sonnet4__rep0.json	PILOT-2022001087	F	0	8.3523	44	5268	765	24	
PILOT-2022001087__F__sonnet4__rep1.json	PILOT-2022001087	F	1	8.3968	54	6431	936	24	
PILOT-2022001087__F__sonnet4__rep2.json	PILOT-2022001087	F	2	8.28	44	5314	764	24	
PILOT-2022001087__G__gpt4o-mini__rep0.json	PILOT-2022001087	G	0	7.9132	54	6824	1008	24	
PILOT-2022001087__G__gpt4o-mini__rep1.json	PILOT-2022001087	G	1	8.3735	40	4777	696	14	
PILOT-2022001087__G__gpt4o-mini__rep2.json	PILOT-2022001087	G	2	8.6005	33	3837	572	11	
PILOT-2022001087__G__gpt5.4__rep0.json	PILOT-2022001087	G	0	8.0687	62	7684	1133	24	
PILOT-2022001087__G__gpt5.4__rep1.json	PILOT-2022001087	G	1	8.1699	65	7956	1188	24	
PILOT-2022001087__G__gpt5.4__rep2.json	PILOT-2022001087	G	2	7.5633	55	7272	1067	24	
PILOT-2022001087__G__haiku4.5__rep0.json	PILOT-2022001087	G	0	7.7748	58	7460	1107	24	
PILOT-2022001087__G__haiku4.5__rep1.json	PILOT-2022001087	G	1	8.4887	66	7775	1159	24	
PILOT-2022001087__G__haiku4.5__rep2.json	PILOT-2022001087	G	2	8.5685	51	5952	862	24	
PILOT-2022001087__G__sonnet4__rep0.json	PILOT-2022001087	G	0	8.8968	75	8430	1270	24	
PILOT-2022001087__G__sonnet4__rep1.json	PILOT-2022001087	G	1	8.4707	75	8854	1316	24	
PILOT-2022001087__G__sonnet4__rep2.json	PILOT-2022001087	G	2	8.6977	75	8623	1295	24	
